FULL_PATH,FILE_NAME,EXTENSION,SIZE_BYTES,CREATED_UTC,MODIFIED_UTC,SOURCE_ROLE,COPY_STATUS,HYDRATION_STATUS,EXPERIMENT_ID,CANONICAL_ID,SOURCE_EXISTS,SENSITIVE_PATH,RUNTIME_OR_LIBRARY,COPY_OR_PROVENANCE_AUDIT,CROSS_CANONICAL_OVERLAP,OTHER_CANONICAL_MATCHES,DESTINATION_BUCKET,HYDRATION_AUDIT_CLASS,SOURCE_CLUSTER,AUDIT_VERSION
C:\RSOS\RSOS_EXPERIMENTS_WF1_A_V12_R_CORRECTIVE_CAUSAL_TOPOLOGY\PUBLICATION\WF1_A_WF1_B_GITHUB_PROVENANCE_PACKAGE_v1\WF1_B_EXTERNAL_POPULATION_PARQUET\04_RUNNER\F2_B_FROZEN_PASSIVE_BASELINE\__pycache__\RUN_F2_B.cpython-313.pyc,RUN_F2_B.cpython-313.pyc,.pyc,81929,2026-09-13T23:04:13.6411240Z,2026-09-11T20:21:00.0000000Z,COPY_OR_PROVENANCE,LIKELY_COPY_OR_PROVENANCE,NOT_YET_COPIED,EXP-012,CAN-F2-B,True,False,True,True,True,EXP-014:CAN-WF1-A|EXP-015:CAN-WF1-B,UNCLASSIFIED,EXCLUDE_RUNTIME_OR_LIBRARY,C:\RSOS\RSOS_EXPERIMENTS_WF1_A_V12_R_CORRECTIVE_CAUSAL_TOPOLOGY\PUBLICATION,PHASE8B_R2
C:\RSOS\RSOS_EXPERIMENTS_WF1_A_V12_R_CORRECTIVE_CAUSAL_TOPOLOGY\PUBLICATION\WF1_A_WF1_B_GITHUB_PROVENANCE_PACKAGE_v1\WF1_B_EXTERNAL_POPULATION_PARQUET\04_RUNNER\F2_B_FROZEN_PASSIVE_BASELINE\F2_B_FROZEN_SPEC.json,F2_B_FROZEN_SPEC.json,.json,1572,2026-09-13T23:04:13.6022193Z,2026-09-11T20:18:40.0000000Z,AUTHORITY_OR_FREEZE|COPY_OR_PROVENANCE,LIKELY_COPY_OR_PROVENANCE,NOT_YET_COPIED,EXP-012,CAN-F2-B,True,False,False,True,True,EXP-014:CAN-WF1-A|EXP-015:CAN-WF1-B,09_FREEZE,REFERENCE_COPY_OR_PROVENANCE,C:\RSOS\RSOS_EXPERIMENTS_WF1_A_V12_R_CORRECTIVE_CAUSAL_TOPOLOGY\PUBLICATION,PHASE8B_R2
C:\RSOS\RSOS_EXPERIMENTS_WF1_A_V12_R_CORRECTIVE_CAUSAL_TOPOLOGY\PUBLICATION\WF1_A_WF1_B_GITHUB_PROVENANCE_PACKAGE_v1\WF1_B_EXTERNAL_POPULATION_PARQUET\04_RUNNER\F2_B_FROZEN_PASSIVE_BASELINE\fixtures\PARITY_EXPECTED_V2.csv,PARITY_EXPECTED_V2.csv,.csv,8909,2026-09-13T23:04:13.6102146Z,2026-09-11T20:18:40.0000000Z,COPY_OR_PROVENANCE,LIKELY_COPY_OR_PROVENANCE,NOT_YET_COPIED,EXP-012,CAN-F2-B,True,False,False,True,True,EXP-014:CAN-WF1-A|EXP-015:CAN-WF1-B,UNCLASSIFIED,REFERENCE_COPY_OR_PROVENANCE,C:\RSOS\RSOS_EXPERIMENTS_WF1_A_V12_R_CORRECTIVE_CAUSAL_TOPOLOGY\PUBLICATION,PHASE8B_R2
C:\RSOS\RSOS_EXPERIMENTS_WF1_A_V12_R_CORRECTIVE_CAUSAL_TOPOLOGY\PUBLICATION\WF1_A_WF1_B_GITHUB_PROVENANCE_PACKAGE_v1\WF1_B_EXTERNAL_POPULATION_PARQUET\04_RUNNER\F2_B_FROZEN_PASSIVE_BASELINE\fixtures\PARITY_FIXTURES.jsonl,PARITY_FIXTURES.jsonl,.jsonl,2175259,2026-09-13T23:04:13.6112137Z,2026-09-11T20:18:40.0000000Z,COPY_OR_PROVENANCE,LIKELY_COPY_OR_PROVENANCE,NOT_YET_COPIED,EXP-012,CAN-F2-B,True,False,False,True,True,EXP-014:CAN-WF1-A|EXP-015:CAN-WF1-B,UNCLASSIFIED,REFERENCE_COPY_OR_PROVENANCE,C:\RSOS\RSOS_EXPERIMENTS_WF1_A_V12_R_CORRECTIVE_CAUSAL_TOPOLOGY\PUBLICATION,PHASE8B_R2
C:\RSOS\RSOS_EXPERIMENTS_WF1_A_V12_R_CORRECTIVE_CAUSAL_TOPOLOGY\PUBLICATION\WF1_A_WF1_B_GITHUB_PROVENANCE_PACKAGE_v1\WF1_B_EXTERNAL_POPULATION_PARQUET\04_RUNNER\F2_B_FROZEN_PASSIVE_BASELINE\fixtures\WINDOW_PARITY_FIXTURE.json,WINDOW_PARITY_FIXTURE.json,.json,94422,2026-09-13T23:04:13.6172104Z,2026-09-11T20:19:10.0000000Z,COPY_OR_PROVENANCE,LIKELY_COPY_OR_PROVENANCE,NOT_YET_COPIED,EXP-012,CAN-F2-B,True,False,False,True,True,EXP-014:CAN-WF1-A|EXP-015:CAN-WF1-B,UNCLASSIFIED,REFERENCE_COPY_OR_PROVENANCE,C:\RSOS\RSOS_EXPERIMENTS_WF1_A_V12_R_CORRECTIVE_CAUSAL_TOPOLOGY\PUBLICATION,PHASE8B_R2
C:\RSOS\RSOS_EXPERIMENTS_WF1_A_V12_R_CORRECTIVE_CAUSAL_TOPOLOGY\PUBLICATION\WF1_A_WF1_B_GITHUB_PROVENANCE_PACKAGE_v1\WF1_B_EXTERNAL_POPULATION_PARQUET\04_RUNNER\F2_B_FROZEN_PASSIVE_BASELINE\fixtures\WINDOW12_PARITY_EXPECTED.csv,WINDOW12_PARITY_EXPECTED.csv,.csv,1801,2026-09-13T23:04:13.6142128Z,2026-09-11T20:19:10.0000000Z,COPY_OR_PROVENANCE,LIKELY_COPY_OR_PROVENANCE,NOT_YET_COPIED,EXP-012,CAN-F2-B,True,False,False,True,True,EXP-014:CAN-WF1-A|EXP-015:CAN-WF1-B,UNCLASSIFIED,REFERENCE_COPY_OR_PROVENANCE,C:\RSOS\RSOS_EXPERIMENTS_WF1_A_V12_R_CORRECTIVE_CAUSAL_TOPOLOGY\PUBLICATION,PHASE8B_R2
C:\RSOS\RSOS_EXPERIMENTS_WF1_A_V12_R_CORRECTIVE_CAUSAL_TOPOLOGY\PUBLICATION\WF1_A_WF1_B_GITHUB_PROVENANCE_PACKAGE_v1\WF1_B_EXTERNAL_POPULATION_PARQUET\04_RUNNER\F2_B_FROZEN_PASSIVE_BASELINE\fixtures\WINDOW8_PARITY_EXPECTED.csv,WINDOW8_PARITY_EXPECTED.csv,.csv,1722,2026-09-13T23:04:13.6162107Z,2026-09-11T20:19:10.0000000Z,COPY_OR_PROVENANCE,LIKELY_COPY_OR_PROVENANCE,NOT_YET_COPIED,EXP-012,CAN-F2-B,True,False,False,True,True,EXP-014:CAN-WF1-A|EXP-015:CAN-WF1-B,UNCLASSIFIED,REFERENCE_COPY_OR_PROVENANCE,C:\RSOS\RSOS_EXPERIMENTS_WF1_A_V12_R_CORRECTIVE_CAUSAL_TOPOLOGY\PUBLICATION,PHASE8B_R2
C:\RSOS\RSOS_EXPERIMENTS_WF1_A_V12_R_CORRECTIVE_CAUSAL_TOPOLOGY\PUBLICATION\WF1_A_WF1_B_GITHUB_PROVENANCE_PACKAGE_v1\WF1_B_EXTERNAL_POPULATION_PARQUET\04_RUNNER\F2_B_FROZEN_PASSIVE_BASELINE\frozen_models\JOINT_MULTILAYER_V2.joblib,JOINT_MULTILAYER_V2.joblib,.joblib,5117,2026-09-13T23:04:13.6192089Z,2026-09-11T20:18:40.0000000Z,COPY_OR_PROVENANCE,LIKELY_COPY_OR_PROVENANCE,NOT_YET_COPIED,EXP-012,CAN-F2-B,True,False,False,True,True,EXP-014:CAN-WF1-A|EXP-015:CAN-WF1-B,UNCLASSIFIED,REFERENCE_COPY_OR_PROVENANCE,C:\RSOS\RSOS_EXPERIMENTS_WF1_A_V12_R_CORRECTIVE_CAUSAL_TOPOLOGY\PUBLICATION,PHASE8B_R2
C:\RSOS\RSOS_EXPERIMENTS_WF1_A_V12_R_CORRECTIVE_CAUSAL_TOPOLOGY\PUBLICATION\WF1_A_WF1_B_GITHUB_PROVENANCE_PACKAGE_v1\WF1_B_EXTERNAL_POPULATION_PARQUET\04_RUNNER\F2_B_FROZEN_PASSIVE_BASELINE\frozen_models\OPERATOR_RELATIONAL_V2.joblib,OPERATOR_RELATIONAL_V2.joblib,.joblib,3725,2026-09-13T23:04:13.6202079Z,2026-09-11T20:18:40.0000000Z,COPY_OR_PROVENANCE,LIKELY_COPY_OR_PROVENANCE,NOT_YET_COPIED,EXP-012,CAN-F2-B,True,False,False,True,True,EXP-014:CAN-WF1-A|EXP-015:CAN-WF1-B,UNCLASSIFIED,REFERENCE_COPY_OR_PROVENANCE,C:\RSOS\RSOS_EXPERIMENTS_WF1_A_V12_R_CORRECTIVE_CAUSAL_TOPOLOGY\PUBLICATION,PHASE8B_R2
C:\RSOS\RSOS_EXPERIMENTS_WF1_A_V12_R_CORRECTIVE_CAUSAL_TOPOLOGY\PUBLICATION\WF1_A_WF1_B_GITHUB_PROVENANCE_PACKAGE_v1\WF1_B_EXTERNAL_POPULATION_PARQUET\04_RUNNER\F2_B_FROZEN_PASSIVE_BASELINE\frozen_models\R1_COMPATIBLE.joblib,R1_COMPATIBLE.joblib,.joblib,2333,2026-09-13T23:04:13.6222075Z,2026-09-11T20:18:40.0000000Z,COPY_OR_PROVENANCE,LIKELY_COPY_OR_PROVENANCE,NOT_YET_COPIED,EXP-012,CAN-F2-B,True,False,False,True,True,EXP-014:CAN-WF1-A|EXP-015:CAN-WF1-B,UNCLASSIFIED,REFERENCE_COPY_OR_PROVENANCE,C:\RSOS\RSOS_EXPERIMENTS_WF1_A_V12_R_CORRECTIVE_CAUSAL_TOPOLOGY\PUBLICATION,PHASE8B_R2
C:\RSOS\RSOS_EXPERIMENTS_WF1_A_V12_R_CORRECTIVE_CAUSAL_TOPOLOGY\PUBLICATION\WF1_A_WF1_B_GITHUB_PROVENANCE_PACKAGE_v1\WF1_B_EXTERNAL_POPULATION_PARQUET\04_RUNNER\F2_B_FROZEN_PASSIVE_BASELINE\frozen_models\SURFACE_FREE.joblib,SURFACE_FREE.joblib,.joblib,2989,2026-09-13T23:04:13.6232066Z,2026-09-11T20:18:40.0000000Z,COPY_OR_PROVENANCE,LIKELY_COPY_OR_PROVENANCE,NOT_YET_COPIED,EXP-012,CAN-F2-B,True,False,False,True,True,EXP-014:CAN-WF1-A|EXP-015:CAN-WF1-B,UNCLASSIFIED,REFERENCE_COPY_OR_PROVENANCE,C:\RSOS\RSOS_EXPERIMENTS_WF1_A_V12_R_CORRECTIVE_CAUSAL_TOPOLOGY\PUBLICATION,PHASE8B_R2
C:\RSOS\RSOS_EXPERIMENTS_WF1_A_V12_R_CORRECTIVE_CAUSAL_TOPOLOGY\PUBLICATION\WF1_A_WF1_B_GITHUB_PROVENANCE_PACKAGE_v1\WF1_B_EXTERNAL_POPULATION_PARQUET\04_RUNNER\F2_B_FROZEN_PASSIVE_BASELINE\frozen_models\WINDOW12_DETERMINISTIC_V2.joblib,WINDOW12_DETERMINISTIC_V2.joblib,.joblib,4093,2026-09-13T23:04:13.6243063Z,2026-09-11T20:18:40.0000000Z,COPY_OR_PROVENANCE,LIKELY_COPY_OR_PROVENANCE,NOT_YET_COPIED,EXP-012,CAN-F2-B,True,False,False,True,True,EXP-014:CAN-WF1-A|EXP-015:CAN-WF1-B,UNCLASSIFIED,REFERENCE_COPY_OR_PROVENANCE,C:\RSOS\RSOS_EXPERIMENTS_WF1_A_V12_R_CORRECTIVE_CAUSAL_TOPOLOGY\PUBLICATION,PHASE8B_R2
C:\RSOS\RSOS_EXPERIMENTS_WF1_A_V12_R_CORRECTIVE_CAUSAL_TOPOLOGY\PUBLICATION\WF1_A_WF1_B_GITHUB_PROVENANCE_PACKAGE_v1\WF1_B_EXTERNAL_POPULATION_PARQUET\04_RUNNER\F2_B_FROZEN_PASSIVE_BASELINE\frozen_models\WINDOW8_DETERMINISTIC_V2.joblib,WINDOW8_DETERMINISTIC_V2.joblib,.joblib,4077,2026-09-13T23:04:13.6267108Z,2026-09-11T20:18:40.0000000Z,COPY_OR_PROVENANCE,LIKELY_COPY_OR_PROVENANCE,NOT_YET_COPIED,EXP-012,CAN-F2-B,True,False,False,True,True,EXP-014:CAN-WF1-A|EXP-015:CAN-WF1-B,UNCLASSIFIED,REFERENCE_COPY_OR_PROVENANCE,C:\RSOS\RSOS_EXPERIMENTS_WF1_A_V12_R_CORRECTIVE_CAUSAL_TOPOLOGY\PUBLICATION,PHASE8B_R2
C:\RSOS\RSOS_EXPERIMENTS_WF1_A_V12_R_CORRECTIVE_CAUSAL_TOPOLOGY\PUBLICATION\WF1_A_WF1_B_GITHUB_PROVENANCE_PACKAGE_v1\WF1_B_EXTERNAL_POPULATION_PARQUET\04_RUNNER\F2_B_FROZEN_PASSIVE_BASELINE\README.txt,README.txt,.txt,743,2026-09-13T23:04:13.6032181Z,2026-09-11T20:20:36.0000000Z,COPY_OR_PROVENANCE,LIKELY_COPY_OR_PROVENANCE,NOT_YET_COPIED,EXP-012,CAN-F2-B,True,False,False,True,True,EXP-014:CAN-WF1-A|EXP-015:CAN-WF1-B,00_CONTROL,REFERENCE_COPY_OR_PROVENANCE,C:\RSOS\RSOS_EXPERIMENTS_WF1_A_V12_R_CORRECTIVE_CAUSAL_TOPOLOGY\PUBLICATION,PHASE8B_R2
C:\RSOS\RSOS_EXPERIMENTS_WF1_A_V12_R_CORRECTIVE_CAUSAL_TOPOLOGY\PUBLICATION\WF1_A_WF1_B_GITHUB_PROVENANCE_PACKAGE_v1\WF1_B_EXTERNAL_POPULATION_PARQUET\04_RUNNER\F2_B_FROZEN_PASSIVE_BASELINE\reference\BR1_LATER_HOLD_POS_FEATURES.csv,BR1_LATER_HOLD_POS_FEATURES.csv,.csv,188434,2026-09-13T23:04:13.6297133Z,2026-09-11T20:18:40.0000000Z,COPY_OR_PROVENANCE|RESULT_OR_OUTPUT,LIKELY_COPY_OR_PROVENANCE,NOT_YET_COPIED,EXP-012,CAN-F2-B,True,False,False,True,True,EXP-014:CAN-WF1-A|EXP-015:CAN-WF1-B,05_OUTPUTS,REFERENCE_COPY_OR_PROVENANCE,C:\RSOS\RSOS_EXPERIMENTS_WF1_A_V12_R_CORRECTIVE_CAUSAL_TOPOLOGY\PUBLICATION,PHASE8B_R2
C:\RSOS\RSOS_EXPERIMENTS_WF1_A_V12_R_CORRECTIVE_CAUSAL_TOPOLOGY\PUBLICATION\WF1_A_WF1_B_GITHUB_PROVENANCE_PACKAGE_v1\WF1_B_EXTERNAL_POPULATION_PARQUET\04_RUNNER\F2_B_FROZEN_PASSIVE_BASELINE\reference\EARLY_NEG_V2_FEATURES.csv,EARLY_NEG_V2_FEATURES.csv,.csv,93038,2026-09-13T23:04:13.6307129Z,2026-09-11T20:18:40.0000000Z,COPY_OR_PROVENANCE|RESULT_OR_OUTPUT,LIKELY_COPY_OR_PROVENANCE,NOT_YET_COPIED,EXP-012,CAN-F2-B,True,False,False,True,True,EXP-014:CAN-WF1-A|EXP-015:CAN-WF1-B,05_OUTPUTS,REFERENCE_COPY_OR_PROVENANCE,C:\RSOS\RSOS_EXPERIMENTS_WF1_A_V12_R_CORRECTIVE_CAUSAL_TOPOLOGY\PUBLICATION,PHASE8B_R2
C:\RSOS\RSOS_EXPERIMENTS_WF1_A_V12_R_CORRECTIVE_CAUSAL_TOPOLOGY\PUBLICATION\WF1_A_WF1_B_GITHUB_PROVENANCE_PACKAGE_v1\WF1_B_EXTERNAL_POPULATION_PARQUET\04_RUNNER\F2_B_FROZEN_PASSIVE_BASELINE\reference\EARLY_POS_V2_FEATURES.csv,EARLY_POS_V2_FEATURES.csv,.csv,54865,2026-09-13T23:04:13.6327119Z,2026-09-11T20:18:40.0000000Z,COPY_OR_PROVENANCE|RESULT_OR_OUTPUT,LIKELY_COPY_OR_PROVENANCE,NOT_YET_COPIED,EXP-012,CAN-F2-B,True,False,False,True,True,EXP-014:CAN-WF1-A|EXP-015:CAN-WF1-B,05_OUTPUTS,REFERENCE_COPY_OR_PROVENANCE,C:\RSOS\RSOS_EXPERIMENTS_WF1_A_V12_R_CORRECTIVE_CAUSAL_TOPOLOGY\PUBLICATION,PHASE8B_R2
C:\RSOS\RSOS_EXPERIMENTS_WF1_A_V12_R_CORRECTIVE_CAUSAL_TOPOLOGY\PUBLICATION\WF1_A_WF1_B_GITHUB_PROVENANCE_PACKAGE_v1\WF1_B_EXTERNAL_POPULATION_PARQUET\04_RUNNER\F2_B_FROZEN_PASSIVE_BASELINE\reference\F2_BR2_FROZEN_SPEC.json,F2_BR2_FROZEN_SPEC.json,.json,8369,2026-09-13T23:04:13.6337108Z,2026-09-11T20:18:40.0000000Z,AUTHORITY_OR_FREEZE|COPY_OR_PROVENANCE,LIKELY_COPY_OR_PROVENANCE,NOT_YET_COPIED,EXP-012,CAN-F2-B,True,False,False,True,True,EXP-014:CAN-WF1-A|EXP-015:CAN-WF1-B,09_FREEZE,REFERENCE_COPY_OR_PROVENANCE,C:\RSOS\RSOS_EXPERIMENTS_WF1_A_V12_R_CORRECTIVE_CAUSAL_TOPOLOGY\PUBLICATION,PHASE8B_R2
C:\RSOS\RSOS_EXPERIMENTS_WF1_A_V12_R_CORRECTIVE_CAUSAL_TOPOLOGY\PUBLICATION\WF1_A_WF1_B_GITHUB_PROVENANCE_PACKAGE_v1\WF1_B_EXTERNAL_POPULATION_PARQUET\04_RUNNER\F2_B_FROZEN_PASSIVE_BASELINE\reference\FROZEN_FEATURE_SETS.json,FROZEN_FEATURE_SETS.json,.json,3952,2026-09-13T23:04:13.6347108Z,2026-09-11T20:18:40.0000000Z,AUTHORITY_OR_FREEZE|COPY_OR_PROVENANCE|RESULT_OR_OUTPUT,LIKELY_COPY_OR_PROVENANCE,NOT_YET_COPIED,EXP-012,CAN-F2-B,True,False,False,True,True,EXP-014:CAN-WF1-A|EXP-015:CAN-WF1-B,09_FREEZE,REFERENCE_COPY_OR_PROVENANCE,C:\RSOS\RSOS_EXPERIMENTS_WF1_A_V12_R_CORRECTIVE_CAUSAL_TOPOLOGY\PUBLICATION,PHASE8B_R2
C:\RSOS\RSOS_EXPERIMENTS_WF1_A_V12_R_CORRECTIVE_CAUSAL_TOPOLOGY\PUBLICATION\WF1_A_WF1_B_GITHUB_PROVENANCE_PACKAGE_v1\WF1_B_EXTERNAL_POPULATION_PARQUET\04_RUNNER\F2_B_FROZEN_PASSIVE_BASELINE\reference\LATER_HOLD_NEG_V2_FEATURES.csv,LATER_HOLD_NEG_V2_FEATURES.csv,.csv,198584,2026-09-13T23:04:13.6357100Z,2026-09-11T20:18:40.0000000Z,COPY_OR_PROVENANCE|RESULT_OR_OUTPUT,LIKELY_COPY_OR_PROVENANCE,NOT_YET_COPIED,EXP-012,CAN-F2-B,True,False,False,True,True,EXP-014:CAN-WF1-A|EXP-015:CAN-WF1-B,05_OUTPUTS,REFERENCE_COPY_OR_PROVENANCE,C:\RSOS\RSOS_EXPERIMENTS_WF1_A_V12_R_CORRECTIVE_CAUSAL_TOPOLOGY\PUBLICATION,PHASE8B_R2
C:\RSOS\RSOS_EXPERIMENTS_WF1_A_V12_R_CORRECTIVE_CAUSAL_TOPOLOGY\PUBLICATION\WF1_A_WF1_B_GITHUB_PROVENANCE_PACKAGE_v1\WF1_B_EXTERNAL_POPULATION_PARQUET\04_RUNNER\F2_B_FROZEN_PASSIVE_BASELINE\reference\LATER_HOLD_POS_V2_FEATURES.csv,LATER_HOLD_POS_V2_FEATURES.csv,.csv,185024,2026-09-13T23:04:13.6377090Z,2026-09-11T20:18:40.0000000Z,COPY_OR_PROVENANCE|RESULT_OR_OUTPUT,LIKELY_COPY_OR_PROVENANCE,NOT_YET_COPIED,EXP-012,CAN-F2-B,True,False,False,True,True,EXP-014:CAN-WF1-A|EXP-015:CAN-WF1-B,05_OUTPUTS,REFERENCE_COPY_OR_PROVENANCE,C:\RSOS\RSOS_EXPERIMENTS_WF1_A_V12_R_CORRECTIVE_CAUSAL_TOPOLOGY\PUBLICATION,PHASE8B_R2
C:\RSOS\RSOS_EXPERIMENTS_WF1_A_V12_R_CORRECTIVE_CAUSAL_TOPOLOGY\PUBLICATION\WF1_A_WF1_B_GITHUB_PROVENANCE_PACKAGE_v1\WF1_B_EXTERNAL_POPULATION_PARQUET\04_RUNNER\F2_B_FROZEN_PASSIVE_BASELINE\reference\WINDOW12_DETERMINISTIC_FEATURES.csv,WINDOW12_DETERMINISTIC_FEATURES.csv,.csv,352220,2026-09-13T23:04:13.6387087Z,2026-09-11T20:18:40.0000000Z,COPY_OR_PROVENANCE|RESULT_OR_OUTPUT,LIKELY_COPY_OR_PROVENANCE,NOT_YET_COPIED,EXP-012,CAN-F2-B,True,False,False,True,True,EXP-014:CAN-WF1-A|EXP-015:CAN-WF1-B,05_OUTPUTS,REFERENCE_COPY_OR_PROVENANCE,C:\RSOS\RSOS_EXPERIMENTS_WF1_A_V12_R_CORRECTIVE_CAUSAL_TOPOLOGY\PUBLICATION,PHASE8B_R2
C:\RSOS\RSOS_EXPERIMENTS_WF1_A_V12_R_CORRECTIVE_CAUSAL_TOPOLOGY\PUBLICATION\WF1_A_WF1_B_GITHUB_PROVENANCE_PACKAGE_v1\WF1_B_EXTERNAL_POPULATION_PARQUET\04_RUNNER\F2_B_FROZEN_PASSIVE_BASELINE\reference\WINDOW8_DETERMINISTIC_FEATURES.csv,WINDOW8_DETERMINISTIC_FEATURES.csv,.csv,389941,2026-09-13T23:04:13.6397085Z,2026-09-11T20:18:40.0000000Z,COPY_OR_PROVENANCE|RESULT_OR_OUTPUT,LIKELY_COPY_OR_PROVENANCE,NOT_YET_COPIED,EXP-012,CAN-F2-B,True,False,False,True,True,EXP-014:CAN-WF1-A|EXP-015:CAN-WF1-B,05_OUTPUTS,REFERENCE_COPY_OR_PROVENANCE,C:\RSOS\RSOS_EXPERIMENTS_WF1_A_V12_R_CORRECTIVE_CAUSAL_TOPOLOGY\PUBLICATION,PHASE8B_R2
C:\RSOS\RSOS_EXPERIMENTS_WF1_A_V12_R_CORRECTIVE_CAUSAL_TOPOLOGY\PUBLICATION\WF1_A_WF1_B_GITHUB_PROVENANCE_PACKAGE_v1\WF1_B_EXTERNAL_POPULATION_PARQUET\04_RUNNER\F2_B_FROZEN_PASSIVE_BASELINE\RUN_F2_B.py,RUN_F2_B.py,.py,35737,2026-09-13T23:04:13.6052168Z,2026-09-11T20:20:58.0000000Z,COPY_OR_PROVENANCE|RUNNER,LIKELY_COPY_OR_PROVENANCE,NOT_YET_COPIED,EXP-012,CAN-F2-B,True,False,False,True,True,EXP-014:CAN-WF1-A|EXP-015:CAN-WF1-B,03_RUNNER,REFERENCE_COPY_OR_PROVENANCE,C:\RSOS\RSOS_EXPERIMENTS_WF1_A_V12_R_CORRECTIVE_CAUSAL_TOPOLOGY\PUBLICATION,PHASE8B_R2
C:\RSOS\RSOS_EXPERIMENTS_WF1_A_V12_R_CORRECTIVE_CAUSAL_TOPOLOGY\PUBLICATION\WF1_A_WF1_B_GITHUB_PROVENANCE_PACKAGE_v1\WF1_B_EXTERNAL_POPULATION_PARQUET\04_RUNNER\F2_B_FROZEN_PASSIVE_BASELINE\RUN_F2_B.ps1,RUN_F2_B.ps1,.ps1,733,2026-09-13T23:04:13.6042177Z,2026-09-11T20:21:00.0000000Z,COPY_OR_PROVENANCE|RUNNER,LIKELY_COPY_OR_PROVENANCE,NOT_YET_COPIED,EXP-012,CAN-F2-B,True,False,False,True,True,EXP-014:CAN-WF1-A|EXP-015:CAN-WF1-B,03_RUNNER,REFERENCE_COPY_OR_PROVENANCE,C:\RSOS\RSOS_EXPERIMENTS_WF1_A_V12_R_CORRECTIVE_CAUSAL_TOPOLOGY\PUBLICATION,PHASE8B_R2
C:\RSOS\RSOS_EXPERIMENTS_WF1_A_V12_R_CORRECTIVE_CAUSAL_TOPOLOGY\PUBLICATION\WF1_A_WF1_B_GITHUB_PROVENANCE_PACKAGE_v1\WF1_B_EXTERNAL_POPULATION_PARQUET\04_RUNNER\F2_B_FROZEN_PASSIVE_BASELINE\RUN_WF1_B_FRESH14_ADAPTER.py,RUN_WF1_B_FRESH14_ADAPTER.py,.py,36647,2026-09-13T23:04:13.6072153Z,2026-09-13T21:40:42.4234530Z,COPY_OR_PROVENANCE|RUNNER,LIKELY_COPY_OR_PROVENANCE,NOT_YET_COPIED,EXP-012,CAN-F2-B,True,False,False,True,True,EXP-014:CAN-WF1-A|EXP-015:CAN-WF1-B,03_RUNNER,REFERENCE_COPY_OR_PROVENANCE,C:\RSOS\RSOS_EXPERIMENTS_WF1_A_V12_R_CORRECTIVE_CAUSAL_TOPOLOGY\PUBLICATION,PHASE8B_R2
C:\RSOS\RSOS_EXPERIMENTS_WF1_A_V12_R_CORRECTIVE_CAUSAL_TOPOLOGY\PUBLICATION\WF1_A_WF1_B_GITHUB_PROVENANCE_PACKAGE_v1\WF1_B_EXTERNAL_POPULATION_PARQUET\04_RUNNER\F2_B_FROZEN_PASSIVE_BASELINE\RUN_WF1_B_FRESH14_ADAPTER_R3.py,RUN_WF1_B_FRESH14_ADAPTER_R3.py,.py,36431,2026-09-13T23:04:13.6082166Z,2026-09-13T21:41:47.5780431Z,COPY_OR_PROVENANCE|RUNNER,LIKELY_COPY_OR_PROVENANCE,NOT_YET_COPIED,EXP-012,CAN-F2-B,True,False,False,True,True,EXP-014:CAN-WF1-A|EXP-015:CAN-WF1-B,03_RUNNER,REFERENCE_COPY_OR_PROVENANCE,C:\RSOS\RSOS_EXPERIMENTS_WF1_A_V12_R_CORRECTIVE_CAUSAL_TOPOLOGY\PUBLICATION,PHASE8B_R2
C:\RSOS\RSOS_EXPERIMENTS_WF1_A_V12_R_CORRECTIVE_CAUSAL_TOPOLOGY\PUBLICATION\WF1_A_WF1_B_GITHUB_PROVENANCE_PACKAGE_v1\WF1_B_EXTERNAL_POPULATION_PARQUET\05_COMMANDS\05_RUN_FRESH_SHARD14_F2_BASELINE.ps1,05_RUN_FRESH_SHARD14_F2_BASELINE.ps1,.ps1,463,2026-09-13T23:04:13.6516373Z,2026-09-13T21:39:17.6331221Z,COPY_OR_PROVENANCE,LIKELY_COPY_OR_PROVENANCE,NOT_YET_COPIED,EXP-012,CAN-F2-B,True,False,False,True,True,EXP-014:CAN-WF1-A|EXP-015:CAN-WF1-B,UNCLASSIFIED,REFERENCE_COPY_OR_PROVENANCE,C:\RSOS\RSOS_EXPERIMENTS_WF1_A_V12_R_CORRECTIVE_CAUSAL_TOPOLOGY\PUBLICATION,PHASE8B_R2
C:\RSOS\RSOS_EXPERIMENTS_WF1_A_V12_R_CORRECTIVE_CAUSAL_TOPOLOGY\PUBLICATION\WF1_A_WF1_B_GITHUB_PROVENANCE_PACKAGE_v1\WF1_B_EXTERNAL_POPULATION_PARQUET\FRESH_SHARD14_CONFIRMATION_R3\01_EXTERNAL_FEATURES\F2_B_EXTERNAL_FEATURES_AND_SCORES.parquet,F2_B_EXTERNAL_FEATURES_AND_SCORES.parquet,.parquet,7034067,2026-09-13T23:04:13.6646294Z,2026-09-13T21:56:00.9980463Z,COPY_OR_PROVENANCE|RESULT_OR_OUTPUT,LIKELY_COPY_OR_PROVENANCE,NOT_YET_COPIED,EXP-012,CAN-F2-B,True,False,False,True,True,EXP-014:CAN-WF1-A|EXP-015:CAN-WF1-B,05_OUTPUTS,REFERENCE_COPY_OR_PROVENANCE,C:\RSOS\RSOS_EXPERIMENTS_WF1_A_V12_R_CORRECTIVE_CAUSAL_TOPOLOGY\PUBLICATION,PHASE8B_R2
C:\RSOS\RSOS_EXPERIMENTS_WF1_A_V12_R_CORRECTIVE_CAUSAL_TOPOLOGY\PUBLICATION\WF1_A_WF1_B_GITHUB_PROVENANCE_PACKAGE_v1\WF1_B_EXTERNAL_POPULATION_PARQUET\FRESH_SHARD14_CONFIRMATION_R3\07_AUDIT\F2_B_SUMMARY.json,F2_B_SUMMARY.json,.json,1827,2026-09-13T23:04:13.6878536Z,2026-09-13T21:56:06.0406302Z,COPY_OR_PROVENANCE|RESULT_OR_OUTPUT,LIKELY_COPY_OR_PROVENANCE,NOT_YET_COPIED,EXP-012,CAN-F2-B,True,False,False,True,True,EXP-014:CAN-WF1-A|EXP-015:CAN-WF1-B,05_OUTPUTS,REFERENCE_COPY_OR_PROVENANCE,C:\RSOS\RSOS_EXPERIMENTS_WF1_A_V12_R_CORRECTIVE_CAUSAL_TOPOLOGY\PUBLICATION,PHASE8B_R2
C:\RSOS\RSOS_EXPERIMENTS_WF1_A_V12_R_CORRECTIVE_CAUSAL_TOPOLOGY\PUBLICATION\WF1_A_WF1_B_GITHUB_PROVENANCE_PACKAGE_v1\WF1_B_EXTERNAL_POPULATION_PARQUET\WF1_B_FINAL_AUTHORITY_R3\07_AUDIT\F2_B_SUMMARY.json,F2_B_SUMMARY.json,.json,1827,2026-09-13T23:04:13.7132126Z,2026-09-13T21:56:06.0406302Z,COPY_OR_PROVENANCE|RESULT_OR_OUTPUT,LIKELY_COPY_OR_PROVENANCE,NOT_YET_COPIED,EXP-012,CAN-F2-B,True,False,False,True,True,EXP-014:CAN-WF1-A|EXP-015:CAN-WF1-B,05_OUTPUTS,REFERENCE_COPY_OR_PROVENANCE,C:\RSOS\RSOS_EXPERIMENTS_WF1_A_V12_R_CORRECTIVE_CAUSAL_TOPOLOGY\PUBLICATION,PHASE8B_R2
C:\RSOS\RSOS_EXPERIMENTS_WF1_A_V12_R_CORRECTIVE_CAUSAL_TOPOLOGY\WF1_B_EXTERNAL_POPULATION_PARQUET\04_RUNNER\F2_B_FROZEN_PASSIVE_BASELINE\__pycache__\RUN_F2_B.cpython-313.pyc,RUN_F2_B.cpython-313.pyc,.pyc,81929,2026-09-15T13:25:35.1950273Z,2026-09-11T20:21:00.0000000Z,OTHER_SOURCE,PRIMARY_OR_UNRESOLVED,NOT_YET_COPIED,EXP-012,CAN-F2-B,True,False,True,False,True,EXP-014:CAN-WF1-A|EXP-015:CAN-WF1-B,UNCLASSIFIED,EXCLUDE_RUNTIME_OR_LIBRARY,C:\RSOS\RSOS_EXPERIMENTS_WF1_A_V12_R_CORRECTIVE_CAUSAL_TOPOLOGY\WF1_B_EXTERNAL_POPULATION_PARQUET,PHASE8B_R2
C:\RSOS\RSOS_EXPERIMENTS_WF1_A_V12_R_CORRECTIVE_CAUSAL_TOPOLOGY\WF1_B_EXTERNAL_POPULATION_PARQUET\04_RUNNER\F2_B_FROZEN_PASSIVE_BASELINE\F2_B_FROZEN_SPEC.json,F2_B_FROZEN_SPEC.json,.json,1572,2026-09-15T13:25:35.1324151Z,2026-09-11T20:18:40.0000000Z,AUTHORITY_OR_FREEZE,PRIMARY_OR_UNRESOLVED,NOT_YET_COPIED,EXP-012,CAN-F2-B,True,False,False,False,True,EXP-014:CAN-WF1-A|EXP-015:CAN-WF1-B,09_FREEZE,CROSS_CANONICAL_OVERLAP,C:\RSOS\RSOS_EXPERIMENTS_WF1_A_V12_R_CORRECTIVE_CAUSAL_TOPOLOGY\WF1_B_EXTERNAL_POPULATION_PARQUET,PHASE8B_R2
C:\RSOS\RSOS_EXPERIMENTS_WF1_A_V12_R_CORRECTIVE_CAUSAL_TOPOLOGY\WF1_B_EXTERNAL_POPULATION_PARQUET\04_RUNNER\F2_B_FROZEN_PASSIVE_BASELINE\fixtures\PARITY_EXPECTED_V2.csv,PARITY_EXPECTED_V2.csv,.csv,8909,2026-09-15T13:25:35.1324151Z,2026-09-11T20:18:40.0000000Z,OTHER_SOURCE,PRIMARY_OR_UNRESOLVED,NOT_YET_COPIED,EXP-012,CAN-F2-B,True,False,False,False,True,EXP-014:CAN-WF1-A|EXP-015:CAN-WF1-B,UNCLASSIFIED,CROSS_CANONICAL_OVERLAP,C:\RSOS\RSOS_EXPERIMENTS_WF1_A_V12_R_CORRECTIVE_CAUSAL_TOPOLOGY\WF1_B_EXTERNAL_POPULATION_PARQUET,PHASE8B_R2
C:\RSOS\RSOS_EXPERIMENTS_WF1_A_V12_R_CORRECTIVE_CAUSAL_TOPOLOGY\WF1_B_EXTERNAL_POPULATION_PARQUET\04_RUNNER\F2_B_FROZEN_PASSIVE_BASELINE\fixtures\PARITY_FIXTURES.jsonl,PARITY_FIXTURES.jsonl,.jsonl,2175259,2026-09-15T13:25:35.1324151Z,2026-09-11T20:18:40.0000000Z,OTHER_SOURCE,PRIMARY_OR_UNRESOLVED,NOT_YET_COPIED,EXP-012,CAN-F2-B,True,False,False,False,True,EXP-014:CAN-WF1-A|EXP-015:CAN-WF1-B,UNCLASSIFIED,CROSS_CANONICAL_OVERLAP,C:\RSOS\RSOS_EXPERIMENTS_WF1_A_V12_R_CORRECTIVE_CAUSAL_TOPOLOGY\WF1_B_EXTERNAL_POPULATION_PARQUET,PHASE8B_R2
C:\RSOS\RSOS_EXPERIMENTS_WF1_A_V12_R_CORRECTIVE_CAUSAL_TOPOLOGY\WF1_B_EXTERNAL_POPULATION_PARQUET\04_RUNNER\F2_B_FROZEN_PASSIVE_BASELINE\fixtures\WINDOW_PARITY_FIXTURE.json,WINDOW_PARITY_FIXTURE.json,.json,94422,2026-09-15T13:25:35.1480600Z,2026-09-11T20:19:10.0000000Z,OTHER_SOURCE,PRIMARY_OR_UNRESOLVED,NOT_YET_COPIED,EXP-012,CAN-F2-B,True,False,False,False,True,EXP-014:CAN-WF1-A|EXP-015:CAN-WF1-B,UNCLASSIFIED,CROSS_CANONICAL_OVERLAP,C:\RSOS\RSOS_EXPERIMENTS_WF1_A_V12_R_CORRECTIVE_CAUSAL_TOPOLOGY\WF1_B_EXTERNAL_POPULATION_PARQUET,PHASE8B_R2
C:\RSOS\RSOS_EXPERIMENTS_WF1_A_V12_R_CORRECTIVE_CAUSAL_TOPOLOGY\WF1_B_EXTERNAL_POPULATION_PARQUET\04_RUNNER\F2_B_FROZEN_PASSIVE_BASELINE\fixtures\WINDOW12_PARITY_EXPECTED.csv,WINDOW12_PARITY_EXPECTED.csv,.csv,1801,2026-09-15T13:25:35.1480600Z,2026-09-11T20:19:10.0000000Z,OTHER_SOURCE,PRIMARY_OR_UNRESOLVED,NOT_YET_COPIED,EXP-012,CAN-F2-B,True,False,False,False,True,EXP-014:CAN-WF1-A|EXP-015:CAN-WF1-B,UNCLASSIFIED,CROSS_CANONICAL_OVERLAP,C:\RSOS\RSOS_EXPERIMENTS_WF1_A_V12_R_CORRECTIVE_CAUSAL_TOPOLOGY\WF1_B_EXTERNAL_POPULATION_PARQUET,PHASE8B_R2
C:\RSOS\RSOS_EXPERIMENTS_WF1_A_V12_R_CORRECTIVE_CAUSAL_TOPOLOGY\WF1_B_EXTERNAL_POPULATION_PARQUET\04_RUNNER\F2_B_FROZEN_PASSIVE_BASELINE\fixtures\WINDOW8_PARITY_EXPECTED.csv,WINDOW8_PARITY_EXPECTED.csv,.csv,1722,2026-09-15T13:25:35.1480600Z,2026-09-11T20:19:10.0000000Z,OTHER_SOURCE,PRIMARY_OR_UNRESOLVED,NOT_YET_COPIED,EXP-012,CAN-F2-B,True,False,False,False,True,EXP-014:CAN-WF1-A|EXP-015:CAN-WF1-B,UNCLASSIFIED,CROSS_CANONICAL_OVERLAP,C:\RSOS\RSOS_EXPERIMENTS_WF1_A_V12_R_CORRECTIVE_CAUSAL_TOPOLOGY\WF1_B_EXTERNAL_POPULATION_PARQUET,PHASE8B_R2
C:\RSOS\RSOS_EXPERIMENTS_WF1_A_V12_R_CORRECTIVE_CAUSAL_TOPOLOGY\WF1_B_EXTERNAL_POPULATION_PARQUET\04_RUNNER\F2_B_FROZEN_PASSIVE_BASELINE\frozen_models\JOINT_MULTILAYER_V2.joblib,JOINT_MULTILAYER_V2.joblib,.joblib,5117,2026-09-15T13:25:35.1636633Z,2026-09-11T20:18:40.0000000Z,OTHER_SOURCE,PRIMARY_OR_UNRESOLVED,NOT_YET_COPIED,EXP-012,CAN-F2-B,True,False,False,False,True,EXP-014:CAN-WF1-A|EXP-015:CAN-WF1-B,UNCLASSIFIED,CROSS_CANONICAL_OVERLAP,C:\RSOS\RSOS_EXPERIMENTS_WF1_A_V12_R_CORRECTIVE_CAUSAL_TOPOLOGY\WF1_B_EXTERNAL_POPULATION_PARQUET,PHASE8B_R2
C:\RSOS\RSOS_EXPERIMENTS_WF1_A_V12_R_CORRECTIVE_CAUSAL_TOPOLOGY\WF1_B_EXTERNAL_POPULATION_PARQUET\04_RUNNER\F2_B_FROZEN_PASSIVE_BASELINE\frozen_models\OPERATOR_RELATIONAL_V2.joblib,OPERATOR_RELATIONAL_V2.joblib,.joblib,3725,2026-09-15T13:25:35.1636633Z,2026-09-11T20:18:40.0000000Z,OTHER_SOURCE,PRIMARY_OR_UNRESOLVED,NOT_YET_COPIED,EXP-012,CAN-F2-B,True,False,False,False,True,EXP-014:CAN-WF1-A|EXP-015:CAN-WF1-B,UNCLASSIFIED,CROSS_CANONICAL_OVERLAP,C:\RSOS\RSOS_EXPERIMENTS_WF1_A_V12_R_CORRECTIVE_CAUSAL_TOPOLOGY\WF1_B_EXTERNAL_POPULATION_PARQUET,PHASE8B_R2
C:\RSOS\RSOS_EXPERIMENTS_WF1_A_V12_R_CORRECTIVE_CAUSAL_TOPOLOGY\WF1_B_EXTERNAL_POPULATION_PARQUET\04_RUNNER\F2_B_FROZEN_PASSIVE_BASELINE\frozen_models\R1_COMPATIBLE.joblib,R1_COMPATIBLE.joblib,.joblib,2333,2026-09-15T13:25:35.1636633Z,2026-09-11T20:18:40.0000000Z,OTHER_SOURCE,PRIMARY_OR_UNRESOLVED,NOT_YET_COPIED,EXP-012,CAN-F2-B,True,False,False,False,True,EXP-014:CAN-WF1-A|EXP-015:CAN-WF1-B,UNCLASSIFIED,CROSS_CANONICAL_OVERLAP,C:\RSOS\RSOS_EXPERIMENTS_WF1_A_V12_R_CORRECTIVE_CAUSAL_TOPOLOGY\WF1_B_EXTERNAL_POPULATION_PARQUET,PHASE8B_R2
C:\RSOS\RSOS_EXPERIMENTS_WF1_A_V12_R_CORRECTIVE_CAUSAL_TOPOLOGY\WF1_B_EXTERNAL_POPULATION_PARQUET\04_RUNNER\F2_B_FROZEN_PASSIVE_BASELINE\frozen_models\SURFACE_FREE.joblib,SURFACE_FREE.joblib,.joblib,2989,2026-09-15T13:25:35.1636633Z,2026-09-11T20:18:40.0000000Z,OTHER_SOURCE,PRIMARY_OR_UNRESOLVED,NOT_YET_COPIED,EXP-012,CAN-F2-B,True,False,False,False,True,EXP-014:CAN-WF1-A|EXP-015:CAN-WF1-B,UNCLASSIFIED,CROSS_CANONICAL_OVERLAP,C:\RSOS\RSOS_EXPERIMENTS_WF1_A_V12_R_CORRECTIVE_CAUSAL_TOPOLOGY\WF1_B_EXTERNAL_POPULATION_PARQUET,PHASE8B_R2
C:\RSOS\RSOS_EXPERIMENTS_WF1_A_V12_R_CORRECTIVE_CAUSAL_TOPOLOGY\WF1_B_EXTERNAL_POPULATION_PARQUET\04_RUNNER\F2_B_FROZEN_PASSIVE_BASELINE\frozen_models\WINDOW12_DETERMINISTIC_V2.joblib,WINDOW12_DETERMINISTIC_V2.joblib,.joblib,4093,2026-09-15T13:25:35.1636633Z,2026-09-11T20:18:40.0000000Z,OTHER_SOURCE,PRIMARY_OR_UNRESOLVED,NOT_YET_COPIED,EXP-012,CAN-F2-B,True,False,False,False,True,EXP-014:CAN-WF1-A|EXP-015:CAN-WF1-B,UNCLASSIFIED,CROSS_CANONICAL_OVERLAP,C:\RSOS\RSOS_EXPERIMENTS_WF1_A_V12_R_CORRECTIVE_CAUSAL_TOPOLOGY\WF1_B_EXTERNAL_POPULATION_PARQUET,PHASE8B_R2
C:\RSOS\RSOS_EXPERIMENTS_WF1_A_V12_R_CORRECTIVE_CAUSAL_TOPOLOGY\WF1_B_EXTERNAL_POPULATION_PARQUET\04_RUNNER\F2_B_FROZEN_PASSIVE_BASELINE\frozen_models\WINDOW8_DETERMINISTIC_V2.joblib,WINDOW8_DETERMINISTIC_V2.joblib,.joblib,4077,2026-09-15T13:25:35.1636633Z,2026-09-11T20:18:40.0000000Z,OTHER_SOURCE,PRIMARY_OR_UNRESOLVED,NOT_YET_COPIED,EXP-012,CAN-F2-B,True,False,False,False,True,EXP-014:CAN-WF1-A|EXP-015:CAN-WF1-B,UNCLASSIFIED,CROSS_CANONICAL_OVERLAP,C:\RSOS\RSOS_EXPERIMENTS_WF1_A_V12_R_CORRECTIVE_CAUSAL_TOPOLOGY\WF1_B_EXTERNAL_POPULATION_PARQUET,PHASE8B_R2
C:\RSOS\RSOS_EXPERIMENTS_WF1_A_V12_R_CORRECTIVE_CAUSAL_TOPOLOGY\WF1_B_EXTERNAL_POPULATION_PARQUET\04_RUNNER\F2_B_FROZEN_PASSIVE_BASELINE\README.txt,README.txt,.txt,743,2026-09-15T13:25:35.1324151Z,2026-09-11T20:20:36.0000000Z,OTHER_SOURCE,PRIMARY_OR_UNRESOLVED,NOT_YET_COPIED,EXP-012,CAN-F2-B,True,False,False,False,True,EXP-014:CAN-WF1-A|EXP-015:CAN-WF1-B,00_CONTROL,CROSS_CANONICAL_OVERLAP,C:\RSOS\RSOS_EXPERIMENTS_WF1_A_V12_R_CORRECTIVE_CAUSAL_TOPOLOGY\WF1_B_EXTERNAL_POPULATION_PARQUET,PHASE8B_R2
C:\RSOS\RSOS_EXPERIMENTS_WF1_A_V12_R_CORRECTIVE_CAUSAL_TOPOLOGY\WF1_B_EXTERNAL_POPULATION_PARQUET\04_RUNNER\F2_B_FROZEN_PASSIVE_BASELINE\reference\BR1_LATER_HOLD_POS_FEATURES.csv,BR1_LATER_HOLD_POS_FEATURES.csv,.csv,188434,2026-09-15T13:25:35.1636633Z,2026-09-11T20:18:40.0000000Z,RESULT_OR_OUTPUT,PRIMARY_OR_UNRESOLVED,NOT_YET_COPIED,EXP-012,CAN-F2-B,True,False,False,False,True,EXP-014:CAN-WF1-A|EXP-015:CAN-WF1-B,05_OUTPUTS,CROSS_CANONICAL_OVERLAP,C:\RSOS\RSOS_EXPERIMENTS_WF1_A_V12_R_CORRECTIVE_CAUSAL_TOPOLOGY\WF1_B_EXTERNAL_POPULATION_PARQUET,PHASE8B_R2
C:\RSOS\RSOS_EXPERIMENTS_WF1_A_V12_R_CORRECTIVE_CAUSAL_TOPOLOGY\WF1_B_EXTERNAL_POPULATION_PARQUET\04_RUNNER\F2_B_FROZEN_PASSIVE_BASELINE\reference\EARLY_NEG_V2_FEATURES.csv,EARLY_NEG_V2_FEATURES.csv,.csv,93038,2026-09-15T13:25:35.1778932Z,2026-09-11T20:18:40.0000000Z,RESULT_OR_OUTPUT,PRIMARY_OR_UNRESOLVED,NOT_YET_COPIED,EXP-012,CAN-F2-B,True,False,False,False,True,EXP-014:CAN-WF1-A|EXP-015:CAN-WF1-B,05_OUTPUTS,CROSS_CANONICAL_OVERLAP,C:\RSOS\RSOS_EXPERIMENTS_WF1_A_V12_R_CORRECTIVE_CAUSAL_TOPOLOGY\WF1_B_EXTERNAL_POPULATION_PARQUET,PHASE8B_R2
C:\RSOS\RSOS_EXPERIMENTS_WF1_A_V12_R_CORRECTIVE_CAUSAL_TOPOLOGY\WF1_B_EXTERNAL_POPULATION_PARQUET\04_RUNNER\F2_B_FROZEN_PASSIVE_BASELINE\reference\EARLY_POS_V2_FEATURES.csv,EARLY_POS_V2_FEATURES.csv,.csv,54865,2026-09-15T13:25:35.1793988Z,2026-09-11T20:18:40.0000000Z,RESULT_OR_OUTPUT,PRIMARY_OR_UNRESOLVED,NOT_YET_COPIED,EXP-012,CAN-F2-B,True,False,False,False,True,EXP-014:CAN-WF1-A|EXP-015:CAN-WF1-B,05_OUTPUTS,CROSS_CANONICAL_OVERLAP,C:\RSOS\RSOS_EXPERIMENTS_WF1_A_V12_R_CORRECTIVE_CAUSAL_TOPOLOGY\WF1_B_EXTERNAL_POPULATION_PARQUET,PHASE8B_R2
C:\RSOS\RSOS_EXPERIMENTS_WF1_A_V12_R_CORRECTIVE_CAUSAL_TOPOLOGY\WF1_B_EXTERNAL_POPULATION_PARQUET\04_RUNNER\F2_B_FROZEN_PASSIVE_BASELINE\reference\F2_BR2_FROZEN_SPEC.json,F2_BR2_FROZEN_SPEC.json,.json,8369,2026-09-15T13:25:35.1793988Z,2026-09-11T20:18:40.0000000Z,AUTHORITY_OR_FREEZE,PRIMARY_OR_UNRESOLVED,NOT_YET_COPIED,EXP-012,CAN-F2-B,True,False,False,False,True,EXP-014:CAN-WF1-A|EXP-015:CAN-WF1-B,09_FREEZE,CROSS_CANONICAL_OVERLAP,C:\RSOS\RSOS_EXPERIMENTS_WF1_A_V12_R_CORRECTIVE_CAUSAL_TOPOLOGY\WF1_B_EXTERNAL_POPULATION_PARQUET,PHASE8B_R2
C:\RSOS\RSOS_EXPERIMENTS_WF1_A_V12_R_CORRECTIVE_CAUSAL_TOPOLOGY\WF1_B_EXTERNAL_POPULATION_PARQUET\04_RUNNER\F2_B_FROZEN_PASSIVE_BASELINE\reference\FROZEN_FEATURE_SETS.json,FROZEN_FEATURE_SETS.json,.json,3952,2026-09-15T13:25:35.1793988Z,2026-09-11T20:18:40.0000000Z,AUTHORITY_OR_FREEZE|RESULT_OR_OUTPUT,PRIMARY_OR_UNRESOLVED,NOT_YET_COPIED,EXP-012,CAN-F2-B,True,False,False,False,True,EXP-014:CAN-WF1-A|EXP-015:CAN-WF1-B,09_FREEZE,CROSS_CANONICAL_OVERLAP,C:\RSOS\RSOS_EXPERIMENTS_WF1_A_V12_R_CORRECTIVE_CAUSAL_TOPOLOGY\WF1_B_EXTERNAL_POPULATION_PARQUET,PHASE8B_R2
C:\RSOS\RSOS_EXPERIMENTS_WF1_A_V12_R_CORRECTIVE_CAUSAL_TOPOLOGY\WF1_B_EXTERNAL_POPULATION_PARQUET\04_RUNNER\F2_B_FROZEN_PASSIVE_BASELINE\reference\LATER_HOLD_NEG_V2_FEATURES.csv,LATER_HOLD_NEG_V2_FEATURES.csv,.csv,198584,2026-09-15T13:25:35.1793988Z,2026-09-11T20:18:40.0000000Z,RESULT_OR_OUTPUT,PRIMARY_OR_UNRESOLVED,NOT_YET_COPIED,EXP-012,CAN-F2-B,True,False,False,False,True,EXP-014:CAN-WF1-A|EXP-015:CAN-WF1-B,05_OUTPUTS,CROSS_CANONICAL_OVERLAP,C:\RSOS\RSOS_EXPERIMENTS_WF1_A_V12_R_CORRECTIVE_CAUSAL_TOPOLOGY\WF1_B_EXTERNAL_POPULATION_PARQUET,PHASE8B_R2
C:\RSOS\RSOS_EXPERIMENTS_WF1_A_V12_R_CORRECTIVE_CAUSAL_TOPOLOGY\WF1_B_EXTERNAL_POPULATION_PARQUET\04_RUNNER\F2_B_FROZEN_PASSIVE_BASELINE\reference\LATER_HOLD_POS_V2_FEATURES.csv,LATER_HOLD_POS_V2_FEATURES.csv,.csv,185024,2026-09-15T13:25:35.1793988Z,2026-09-11T20:18:40.0000000Z,RESULT_OR_OUTPUT,PRIMARY_OR_UNRESOLVED,NOT_YET_COPIED,EXP-012,CAN-F2-B,True,False,False,False,True,EXP-014:CAN-WF1-A|EXP-015:CAN-WF1-B,05_OUTPUTS,CROSS_CANONICAL_OVERLAP,C:\RSOS\RSOS_EXPERIMENTS_WF1_A_V12_R_CORRECTIVE_CAUSAL_TOPOLOGY\WF1_B_EXTERNAL_POPULATION_PARQUET,PHASE8B_R2
C:\RSOS\RSOS_EXPERIMENTS_WF1_A_V12_R_CORRECTIVE_CAUSAL_TOPOLOGY\WF1_B_EXTERNAL_POPULATION_PARQUET\04_RUNNER\F2_B_FROZEN_PASSIVE_BASELINE\reference\WINDOW12_DETERMINISTIC_FEATURES.csv,WINDOW12_DETERMINISTIC_FEATURES.csv,.csv,352220,2026-09-15T13:25:35.1793988Z,2026-09-11T20:18:40.0000000Z,RESULT_OR_OUTPUT,PRIMARY_OR_UNRESOLVED,NOT_YET_COPIED,EXP-012,CAN-F2-B,True,False,False,False,True,EXP-014:CAN-WF1-A|EXP-015:CAN-WF1-B,05_OUTPUTS,CROSS_CANONICAL_OVERLAP,C:\RSOS\RSOS_EXPERIMENTS_WF1_A_V12_R_CORRECTIVE_CAUSAL_TOPOLOGY\WF1_B_EXTERNAL_POPULATION_PARQUET,PHASE8B_R2
C:\RSOS\RSOS_EXPERIMENTS_WF1_A_V12_R_CORRECTIVE_CAUSAL_TOPOLOGY\WF1_B_EXTERNAL_POPULATION_PARQUET\04_RUNNER\F2_B_FROZEN_PASSIVE_BASELINE\reference\WINDOW8_DETERMINISTIC_FEATURES.csv,WINDOW8_DETERMINISTIC_FEATURES.csv,.csv,389941,2026-09-15T13:25:35.1950273Z,2026-09-11T20:18:40.0000000Z,RESULT_OR_OUTPUT,PRIMARY_OR_UNRESOLVED,NOT_YET_COPIED,EXP-012,CAN-F2-B,True,False,False,False,True,EXP-014:CAN-WF1-A|EXP-015:CAN-WF1-B,05_OUTPUTS,CROSS_CANONICAL_OVERLAP,C:\RSOS\RSOS_EXPERIMENTS_WF1_A_V12_R_CORRECTIVE_CAUSAL_TOPOLOGY\WF1_B_EXTERNAL_POPULATION_PARQUET,PHASE8B_R2
C:\RSOS\RSOS_EXPERIMENTS_WF1_A_V12_R_CORRECTIVE_CAUSAL_TOPOLOGY\WF1_B_EXTERNAL_POPULATION_PARQUET\04_RUNNER\F2_B_FROZEN_PASSIVE_BASELINE\RUN_F2_B.py,RUN_F2_B.py,.py,35737,2026-09-15T13:25:35.1324151Z,2026-09-11T20:20:58.0000000Z,RUNNER,PRIMARY_OR_UNRESOLVED,NOT_YET_COPIED,EXP-012,CAN-F2-B,True,False,False,False,True,EXP-014:CAN-WF1-A|EXP-015:CAN-WF1-B,03_RUNNER,CROSS_CANONICAL_OVERLAP,C:\RSOS\RSOS_EXPERIMENTS_WF1_A_V12_R_CORRECTIVE_CAUSAL_TOPOLOGY\WF1_B_EXTERNAL_POPULATION_PARQUET,PHASE8B_R2
C:\RSOS\RSOS_EXPERIMENTS_WF1_A_V12_R_CORRECTIVE_CAUSAL_TOPOLOGY\WF1_B_EXTERNAL_POPULATION_PARQUET\04_RUNNER\F2_B_FROZEN_PASSIVE_BASELINE\RUN_F2_B.ps1,RUN_F2_B.ps1,.ps1,733,2026-09-15T13:25:35.1324151Z,2026-09-11T20:21:00.0000000Z,RUNNER,PRIMARY_OR_UNRESOLVED,NOT_YET_COPIED,EXP-012,CAN-F2-B,True,False,False,False,True,EXP-014:CAN-WF1-A|EXP-015:CAN-WF1-B,03_RUNNER,CROSS_CANONICAL_OVERLAP,C:\RSOS\RSOS_EXPERIMENTS_WF1_A_V12_R_CORRECTIVE_CAUSAL_TOPOLOGY\WF1_B_EXTERNAL_POPULATION_PARQUET,PHASE8B_R2
C:\RSOS\RSOS_EXPERIMENTS_WF1_A_V12_R_CORRECTIVE_CAUSAL_TOPOLOGY\WF1_B_EXTERNAL_POPULATION_PARQUET\05_COMMANDS\05_RUN_FRESH_SHARD14_F2_BASELINE.ps1,05_RUN_FRESH_SHARD14_F2_BASELINE.ps1,.ps1,463,2026-09-13T21:39:17.6321233Z,2026-09-15T13:25:35.1950273Z,OTHER_SOURCE,PRIMARY_OR_UNRESOLVED,NOT_YET_COPIED,EXP-012,CAN-F2-B,True,False,False,False,True,EXP-014:CAN-WF1-A|EXP-015:CAN-WF1-B,UNCLASSIFIED,CROSS_CANONICAL_OVERLAP,C:\RSOS\RSOS_EXPERIMENTS_WF1_A_V12_R_CORRECTIVE_CAUSAL_TOPOLOGY\WF1_B_EXTERNAL_POPULATION_PARQUET,PHASE8B_R2
C:\RSOS\RSOS_EXPERIMENTS_WF1_A_V12_R_CORRECTIVE_CAUSAL_TOPOLOGY\WF1_B_EXTERNAL_POPULATION_PARQUET\07_OUTPUT\F2_B_CORRECTED_EXTERNAL_RARITY_RESULTS.zip,F2_B_CORRECTED_EXTERNAL_RARITY_RESULTS.zip,.zip,76314,2026-09-13T21:56:06.0406302Z,2026-09-13T21:56:06.2358271Z,RESULT_OR_OUTPUT,PRIMARY_OR_UNRESOLVED,NOT_YET_COPIED,EXP-012,CAN-F2-B,True,False,False,False,True,EXP-014:CAN-WF1-A|EXP-015:CAN-WF1-B,05_OUTPUTS,CROSS_CANONICAL_OVERLAP,C:\RSOS\RSOS_EXPERIMENTS_WF1_A_V12_R_CORRECTIVE_CAUSAL_TOPOLOGY\WF1_B_EXTERNAL_POPULATION_PARQUET,PHASE8B_R2
C:\RSOS\RSOS_EXPERIMENTS_WF1_A_V12_R_CORRECTIVE_CAUSAL_TOPOLOGY\WF1_B_EXTERNAL_POPULATION_PARQUET\07_OUTPUT\FRESH_SHARD14_CONFIRMATION_R3\01_EXTERNAL_FEATURES\F2_B_EXTERNAL_FEATURES_AND_SCORES.parquet,F2_B_EXTERNAL_FEATURES_AND_SCORES.parquet,.parquet,7034067,2026-09-13T21:56:00.8088660Z,2026-09-13T21:56:00.9980463Z,RESULT_OR_OUTPUT,PRIMARY_OR_UNRESOLVED,NOT_YET_COPIED,EXP-012,CAN-F2-B,True,False,False,False,True,EXP-014:CAN-WF1-A|EXP-015:CAN-WF1-B,05_OUTPUTS,CROSS_CANONICAL_OVERLAP,C:\RSOS\RSOS_EXPERIMENTS_WF1_A_V12_R_CORRECTIVE_CAUSAL_TOPOLOGY\WF1_B_EXTERNAL_POPULATION_PARQUET,PHASE8B_R2
C:\RSOS\RSOS_EXPERIMENTS_WF1_A_V12_R_CORRECTIVE_CAUSAL_TOPOLOGY\WF1_B_EXTERNAL_POPULATION_PARQUET\07_OUTPUT\FRESH_SHARD14_CONFIRMATION_R3\07_AUDIT\F2_B_SUMMARY.json,F2_B_SUMMARY.json,.json,1827,2026-09-13T21:56:06.0406302Z,2026-09-13T21:56:06.0406302Z,RESULT_OR_OUTPUT,PRIMARY_OR_UNRESOLVED,NOT_YET_COPIED,EXP-012,CAN-F2-B,True,False,False,False,True,EXP-014:CAN-WF1-A|EXP-015:CAN-WF1-B,05_OUTPUTS,CROSS_CANONICAL_OVERLAP,C:\RSOS\RSOS_EXPERIMENTS_WF1_A_V12_R_CORRECTIVE_CAUSAL_TOPOLOGY\WF1_B_EXTERNAL_POPULATION_PARQUET,PHASE8B_R2
C:\RSOS\RSOS_EXPERIMENTS_WF1_A_V12_R_CORRECTIVE_CAUSAL_TOPOLOGY\WF1_B_EXTERNAL_POPULATION_PARQUET\09_ADJUDICATION\WF1_B_FINAL_AUTHORITY_R3\07_AUDIT\F2_B_SUMMARY.json,F2_B_SUMMARY.json,.json,1827,2026-09-13T22:12:33.9917227Z,2026-09-13T21:56:06.0406302Z,RESULT_OR_OUTPUT,PRIMARY_OR_UNRESOLVED,NOT_YET_COPIED,EXP-012,CAN-F2-B,True,False,False,False,True,EXP-014:CAN-WF1-A|EXP-015:CAN-WF1-B,05_OUTPUTS,CROSS_CANONICAL_OVERLAP,C:\RSOS\RSOS_EXPERIMENTS_WF1_A_V12_R_CORRECTIVE_CAUSAL_TOPOLOGY\WF1_B_EXTERNAL_POPULATION_PARQUET,PHASE8B_R2
C:\RSOS\RSOS_EXPERIMENTS_WF2_PROSPECTIVE_CROSS_SYSTEM_CONFIRMATION\00_CONTROL\PRECONSOLIDATION\RSOS_EXPERIMENTS_WF2_A_PROSPECTIVE_FROZEN_SIGNATURE\02_FROZEN_SIGNATURE\DETECTOR_PACKAGE\__pycache__\RUN_F2_B.cpython-313.pyc,RUN_F2_B.cpython-313.pyc,.pyc,81929,2026-09-14T13:25:44.1989404Z,2026-09-11T20:21:00.0000000Z,OTHER_SOURCE,PRIMARY_OR_UNRESOLVED,NOT_YET_COPIED,EXP-012,CAN-F2-B,True,False,True,True,True,EXP-016:CAN-WF2,00_CONTROL,EXCLUDE_RUNTIME_OR_LIBRARY,C:\RSOS\RSOS_EXPERIMENTS_WF2_PROSPECTIVE_CROSS_SYSTEM_CONFIRMATION\00_CONTROL,PHASE8B_R2
C:\RSOS\RSOS_EXPERIMENTS_WF2_PROSPECTIVE_CROSS_SYSTEM_CONFIRMATION\00_CONTROL\PRECONSOLIDATION\RSOS_EXPERIMENTS_WF2_A_PROSPECTIVE_FROZEN_SIGNATURE\02_FROZEN_SIGNATURE\DETECTOR_PACKAGE\F2_B_FROZEN_SPEC.json,F2_B_FROZEN_SPEC.json,.json,1572,2026-09-14T13:25:44.1597646Z,2026-09-11T20:18:40.0000000Z,AUTHORITY_OR_FREEZE,PRIMARY_OR_UNRESOLVED,NOT_YET_COPIED,EXP-012,CAN-F2-B,True,False,False,True,True,EXP-016:CAN-WF2,00_CONTROL,REFERENCE_COPY_OR_PROVENANCE,C:\RSOS\RSOS_EXPERIMENTS_WF2_PROSPECTIVE_CROSS_SYSTEM_CONFIRMATION\00_CONTROL,PHASE8B_R2
C:\RSOS\RSOS_EXPERIMENTS_WF2_PROSPECTIVE_CROSS_SYSTEM_CONFIRMATION\00_CONTROL\PRECONSOLIDATION\RSOS_EXPERIMENTS_WF2_A_PROSPECTIVE_FROZEN_SIGNATURE\02_FROZEN_SIGNATURE\DETECTOR_PACKAGE\reference\F2_BR2_FROZEN_SPEC.json,F2_BR2_FROZEN_SPEC.json,.json,8369,2026-09-14T13:25:44.1909423Z,2026-09-11T20:18:40.0000000Z,AUTHORITY_OR_FREEZE,PRIMARY_OR_UNRESOLVED,NOT_YET_COPIED,EXP-012,CAN-F2-B,True,False,False,True,True,EXP-016:CAN-WF2,00_CONTROL,REFERENCE_COPY_OR_PROVENANCE,C:\RSOS\RSOS_EXPERIMENTS_WF2_PROSPECTIVE_CROSS_SYSTEM_CONFIRMATION\00_CONTROL,PHASE8B_R2
C:\RSOS\RSOS_EXPERIMENTS_WF2_PROSPECTIVE_CROSS_SYSTEM_CONFIRMATION\00_CONTROL\PRECONSOLIDATION\RSOS_EXPERIMENTS_WF2_A_PROSPECTIVE_FROZEN_SIGNATURE\02_FROZEN_SIGNATURE\DETECTOR_PACKAGE\RUN_F2_B.py,RUN_F2_B.py,.py,35737,2026-09-14T13:25:44.1627683Z,2026-09-11T20:20:58.0000000Z,RUNNER,PRIMARY_OR_UNRESOLVED,NOT_YET_COPIED,EXP-012,CAN-F2-B,True,False,False,True,True,EXP-016:CAN-WF2,00_CONTROL,REFERENCE_COPY_OR_PROVENANCE,C:\RSOS\RSOS_EXPERIMENTS_WF2_PROSPECTIVE_CROSS_SYSTEM_CONFIRMATION\00_CONTROL,PHASE8B_R2
C:\RSOS\RSOS_EXPERIMENTS_WF2_PROSPECTIVE_CROSS_SYSTEM_CONFIRMATION\00_CONTROL\PRECONSOLIDATION\RSOS_EXPERIMENTS_WF2_A_PROSPECTIVE_FROZEN_SIGNATURE\02_FROZEN_SIGNATURE\DETECTOR_PACKAGE\RUN_F2_B.ps1,RUN_F2_B.ps1,.ps1,733,2026-09-14T13:25:44.1617637Z,2026-09-11T20:21:00.0000000Z,RUNNER,PRIMARY_OR_UNRESOLVED,NOT_YET_COPIED,EXP-012,CAN-F2-B,True,False,False,True,True,EXP-016:CAN-WF2,00_CONTROL,REFERENCE_COPY_OR_PROVENANCE,C:\RSOS\RSOS_EXPERIMENTS_WF2_PROSPECTIVE_CROSS_SYSTEM_CONFIRMATION\00_CONTROL,PHASE8B_R2
C:\RSOS\RSOS_EXPERIMENTS_WF2_PROSPECTIVE_CROSS_SYSTEM_CONFIRMATION\01_PROTOCOL\WF2_BOUNDARY1_R1_SUPERSEDING_PROTOCOL.json,WF2_BOUNDARY1_R1_SUPERSEDING_PROTOCOL.json,.json,1465,2026-09-14T14:20:42.4629785Z,2026-09-14T14:20:42.4629785Z,PROTOCOL_OR_METHOD,PRIMARY_OR_UNRESOLVED,NOT_YET_COPIED,EXP-012,CAN-F2-B,True,False,False,False,True,EXP-016:CAN-WF2,01_PROTOCOL,CROSS_CANONICAL_OVERLAP,C:\RSOS\RSOS_EXPERIMENTS_WF2_PROSPECTIVE_CROSS_SYSTEM_CONFIRMATION\01_PROTOCOL,PHASE8B_R2
C:\RSOS\RSOS_EXPERIMENTS_WF2_PROSPECTIVE_CROSS_SYSTEM_CONFIRMATION\01_PROTOCOL\WF2_BOUNDARY1_R2_TECHNICAL_CORRECTION.json,WF2_BOUNDARY1_R2_TECHNICAL_CORRECTION.json,.json,881,2026-09-14T15:09:37.1013403Z,2026-09-14T15:09:37.1013403Z,OTHER_SOURCE,PRIMARY_OR_UNRESOLVED,NOT_YET_COPIED,EXP-012,CAN-F2-B,True,False,False,False,True,EXP-016:CAN-WF2,01_PROTOCOL,CROSS_CANONICAL_OVERLAP,C:\RSOS\RSOS_EXPERIMENTS_WF2_PROSPECTIVE_CROSS_SYSTEM_CONFIRMATION\01_PROTOCOL,PHASE8B_R2
C:\RSOS\RSOS_EXPERIMENTS_WF2_PROSPECTIVE_CROSS_SYSTEM_CONFIRMATION\02_INPUTS\00_FOUNDATION_FROZEN\DETECTOR_PACKAGE\__pycache__\RUN_F2_B.cpython-313.pyc,RUN_F2_B.cpython-313.pyc,.pyc,81929,2026-09-14T13:37:54.8333444Z,2026-09-11T20:21:00.0000000Z,OTHER_SOURCE,PRIMARY_OR_UNRESOLVED,NOT_YET_COPIED,EXP-012,CAN-F2-B,True,False,True,False,True,EXP-016:CAN-WF2,02_INPUTS,EXCLUDE_RUNTIME_OR_LIBRARY,C:\RSOS\RSOS_EXPERIMENTS_WF2_PROSPECTIVE_CROSS_SYSTEM_CONFIRMATION\02_INPUTS,PHASE8B_R2
C:\RSOS\RSOS_EXPERIMENTS_WF2_PROSPECTIVE_CROSS_SYSTEM_CONFIRMATION\02_INPUTS\00_FOUNDATION_FROZEN\DETECTOR_PACKAGE\F2_B_FROZEN_SPEC.json,F2_B_FROZEN_SPEC.json,.json,1572,2026-09-14T13:37:54.8373456Z,2026-09-11T20:18:40.0000000Z,AUTHORITY_OR_FREEZE,PRIMARY_OR_UNRESOLVED,NOT_YET_COPIED,EXP-012,CAN-F2-B,True,False,False,False,True,EXP-016:CAN-WF2,02_INPUTS,CROSS_CANONICAL_OVERLAP,C:\RSOS\RSOS_EXPERIMENTS_WF2_PROSPECTIVE_CROSS_SYSTEM_CONFIRMATION\02_INPUTS,PHASE8B_R2
C:\RSOS\RSOS_EXPERIMENTS_WF2_PROSPECTIVE_CROSS_SYSTEM_CONFIRMATION\02_INPUTS\00_FOUNDATION_FROZEN\DETECTOR_PACKAGE\reference\F2_BR2_FROZEN_SPEC.json,F2_BR2_FROZEN_SPEC.json,.json,8369,2026-09-14T13:37:55.0248508Z,2026-09-11T20:18:40.0000000Z,AUTHORITY_OR_FREEZE,PRIMARY_OR_UNRESOLVED,NOT_YET_COPIED,EXP-012,CAN-F2-B,True,False,False,False,True,EXP-016:CAN-WF2,02_INPUTS,CROSS_CANONICAL_OVERLAP,C:\RSOS\RSOS_EXPERIMENTS_WF2_PROSPECTIVE_CROSS_SYSTEM_CONFIRMATION\02_INPUTS,PHASE8B_R2
C:\RSOS\RSOS_EXPERIMENTS_WF2_PROSPECTIVE_CROSS_SYSTEM_CONFIRMATION\02_INPUTS\00_FOUNDATION_FROZEN\DETECTOR_PACKAGE\RUN_F2_B.py,RUN_F2_B.py,.py,35737,2026-09-14T13:37:55.1007923Z,2026-09-11T20:20:58.0000000Z,RUNNER,PRIMARY_OR_UNRESOLVED,NOT_YET_COPIED,EXP-012,CAN-F2-B,True,False,False,False,True,EXP-016:CAN-WF2,02_INPUTS,CROSS_CANONICAL_OVERLAP,C:\RSOS\RSOS_EXPERIMENTS_WF2_PROSPECTIVE_CROSS_SYSTEM_CONFIRMATION\02_INPUTS,PHASE8B_R2
C:\RSOS\RSOS_EXPERIMENTS_WF2_PROSPECTIVE_CROSS_SYSTEM_CONFIRMATION\02_INPUTS\00_FOUNDATION_FROZEN\DETECTOR_PACKAGE\RUN_F2_B.ps1,RUN_F2_B.ps1,.ps1,733,2026-09-14T13:37:55.1158768Z,2026-09-11T20:21:00.0000000Z,RUNNER,PRIMARY_OR_UNRESOLVED,NOT_YET_COPIED,EXP-012,CAN-F2-B,True,False,False,False,True,EXP-016:CAN-WF2,02_INPUTS,CROSS_CANONICAL_OVERLAP,C:\RSOS\RSOS_EXPERIMENTS_WF2_PROSPECTIVE_CROSS_SYSTEM_CONFIRMATION\02_INPUTS,PHASE8B_R2
C:\RSOS\RSOS_EXPERIMENTS_WF2_PROSPECTIVE_CROSS_SYSTEM_CONFIRMATION\03_RUNNER\WF2_BOUNDARY1_ALL_IN_ONE.py,WF2_BOUNDARY1_ALL_IN_ONE.py,.py,43698,2026-09-14T14:03:53.6677252Z,2026-09-14T14:03:53.6677252Z,OTHER_SOURCE,PRIMARY_OR_UNRESOLVED,NOT_YET_COPIED,EXP-012,CAN-F2-B,True,False,False,False,True,EXP-016:CAN-WF2,03_RUNNER,CROSS_CANONICAL_OVERLAP,C:\RSOS\RSOS_EXPERIMENTS_WF2_PROSPECTIVE_CROSS_SYSTEM_CONFIRMATION\03_RUNNER,PHASE8B_R2
C:\RSOS\RSOS_EXPERIMENTS_WF2_PROSPECTIVE_CROSS_SYSTEM_CONFIRMATION\03_RUNNER\WF2_BUILD_BOUNDARY1_R1_ACTIVE_CAUSAL.py,WF2_BUILD_BOUNDARY1_R1_ACTIVE_CAUSAL.py,.py,47747,2026-09-14T14:19:18.1281098Z,2026-09-14T14:20:42.0457745Z,OTHER_SOURCE,PRIMARY_OR_UNRESOLVED,NOT_YET_COPIED,EXP-012,CAN-F2-B,True,False,False,False,True,EXP-016:CAN-WF2,03_RUNNER,CROSS_CANONICAL_OVERLAP,C:\RSOS\RSOS_EXPERIMENTS_WF2_PROSPECTIVE_CROSS_SYSTEM_CONFIRMATION\03_RUNNER,PHASE8B_R2
C:\RSOS\RSOS_EXPERIMENTS_WF2_PROSPECTIVE_CROSS_SYSTEM_CONFIRMATION\03_RUNNER\WF2_BUILD_R2_TECHNICAL_CORRECTION.py,WF2_BUILD_R2_TECHNICAL_CORRECTION.py,.py,8264,2026-09-14T15:09:36.9893643Z,2026-09-14T15:09:36.9893643Z,OTHER_SOURCE,PRIMARY_OR_UNRESOLVED,NOT_YET_COPIED,EXP-012,CAN-F2-B,True,False,False,False,True,EXP-016:CAN-WF2,03_RUNNER,CROSS_CANONICAL_OVERLAP,C:\RSOS\RSOS_EXPERIMENTS_WF2_PROSPECTIVE_CROSS_SYSTEM_CONFIRMATION\03_RUNNER,PHASE8B_R2
C:\RSOS\RSOS_EXPERIMENTS_WF2_PROSPECTIVE_CROSS_SYSTEM_CONFIRMATION\07_ADJUDICATION\WF2_B_V14_ADJUDICATION.json,WF2_B_V14_ADJUDICATION.json,.json,1208,2026-09-15T14:13:05.1213888Z,2026-09-15T14:13:05.1213888Z,AUTHORITY_OR_FREEZE,PRIMARY_OR_UNRESOLVED,NOT_YET_COPIED,EXP-012,CAN-F2-B,True,False,False,False,True,EXP-016:CAN-WF2,07_ADJUDICATION,CROSS_CANONICAL_OVERLAP,C:\RSOS\RSOS_EXPERIMENTS_WF2_PROSPECTIVE_CROSS_SYSTEM_CONFIRMATION\07_ADJUDICATION,PHASE8B_R2
C:\RSOS\RSOS_EXPERIMENTS_WF2_PROSPECTIVE_CROSS_SYSTEM_CONFIRMATION\08_FINAL_FREEZE\ADJUDICATION\WF2_B_V14_ADJUDICATION.json,WF2_B_V14_ADJUDICATION.json,.json,1208,2026-09-15T14:14:48.6085739Z,2026-09-15T14:13:05.1213888Z,AUTHORITY_OR_FREEZE,PRIMARY_OR_UNRESOLVED,NOT_YET_COPIED,EXP-012,CAN-F2-B,True,False,False,False,True,EXP-016:CAN-WF2,07_ADJUDICATION,CROSS_CANONICAL_OVERLAP,C:\RSOS\RSOS_EXPERIMENTS_WF2_PROSPECTIVE_CROSS_SYSTEM_CONFIRMATION\08_FINAL_FREEZE,PHASE8B_R2
C:\RSOS\RSOS_EXPERIMENTS_WF2_PROSPECTIVE_CROSS_SYSTEM_CONFIRMATION\08_FINAL_FREEZE\PROTOCOL\WF2_BOUNDARY1_R1_SUPERSEDING_PROTOCOL.json,WF2_BOUNDARY1_R1_SUPERSEDING_PROTOCOL.json,.json,1465,2026-09-15T14:14:48.6242012Z,2026-09-14T14:20:42.4629785Z,PROTOCOL_OR_METHOD,PRIMARY_OR_UNRESOLVED,NOT_YET_COPIED,EXP-012,CAN-F2-B,True,False,False,False,True,EXP-016:CAN-WF2,01_PROTOCOL,CROSS_CANONICAL_OVERLAP,C:\RSOS\RSOS_EXPERIMENTS_WF2_PROSPECTIVE_CROSS_SYSTEM_CONFIRMATION\08_FINAL_FREEZE,PHASE8B_R2
C:\RSOS\RSOS_EXPERIMENTS_WF2_PROSPECTIVE_CROSS_SYSTEM_CONFIRMATION\08_FINAL_FREEZE\PROTOCOL\WF2_BOUNDARY1_R2_TECHNICAL_CORRECTION.json,WF2_BOUNDARY1_R2_TECHNICAL_CORRECTION.json,.json,881,2026-09-15T14:14:48.6242012Z,2026-09-14T15:09:37.1013403Z,OTHER_SOURCE,PRIMARY_OR_UNRESOLVED,NOT_YET_COPIED,EXP-012,CAN-F2-B,True,False,False,False,True,EXP-016:CAN-WF2,UNCLASSIFIED,CROSS_CANONICAL_OVERLAP,C:\RSOS\RSOS_EXPERIMENTS_WF2_PROSPECTIVE_CROSS_SYSTEM_CONFIRMATION\08_FINAL_FREEZE,PHASE8B_R2
C:\RSOS\Training data\F2_B_CORRECTED_EXTERNAL_RARITY\00_PREFLIGHT\PRE_EXTERNAL_THRESHOLDS.json,PRE_EXTERNAL_THRESHOLDS.json,.json,2168,2026-09-11T23:22:33.4417770Z,2026-09-11T23:22:33.4417770Z,OTHER_SOURCE,PRIMARY_OR_UNRESOLVED,NOT_YET_COPIED,EXP-012,CAN-F2-B,True,False,False,False,False,,UNCLASSIFIED,ELIGIBLE_PRIMARY_CANDIDATE,C:\RSOS\Training data\F2_B_CORRECTED_EXTERNAL_RARITY,PHASE8B_R2
C:\RSOS\Training data\F2_B_CORRECTED_EXTERNAL_RARITY\00_PREFLIGHT\SELECTION_AND_METHOD_FREEZE.json,SELECTION_AND_METHOD_FREEZE.json,.json,1770,2026-09-11T23:22:33.2508288Z,2026-09-11T23:22:33.2518258Z,AUTHORITY_OR_FREEZE|PROTOCOL_OR_METHOD,PRIMARY_OR_UNRESOLVED,NOT_YET_COPIED,EXP-012,CAN-F2-B,True,False,False,False,False,,09_FREEZE,ELIGIBLE_PRIMARY_CANDIDATE,C:\RSOS\Training data\F2_B_CORRECTED_EXTERNAL_RARITY,PHASE8B_R2
C:\RSOS\Training data\F2_B_CORRECTED_EXTERNAL_RARITY\00_PREFLIGHT\train-00007-of-00086_SCHEMA.json,train-00007-of-00086_SCHEMA.json,.json,7708,2026-09-11T23:22:33.5054988Z,2026-09-11T23:22:33.5054988Z,OTHER_SOURCE,PRIMARY_OR_UNRESOLVED,NOT_YET_COPIED,EXP-012,CAN-F2-B,True,False,False,False,False,,UNCLASSIFIED,ELIGIBLE_PRIMARY_CANDIDATE,C:\RSOS\Training data\F2_B_CORRECTED_EXTERNAL_RARITY,PHASE8B_R2
C:\RSOS\Training data\F2_B_CORRECTED_EXTERNAL_RARITY\00_PREFLIGHT\train-00022-of-00086_SCHEMA.json,train-00022-of-00086_SCHEMA.json,.json,7708,2026-09-11T23:33:15.6225499Z,2026-09-11T23:33:15.6235287Z,OTHER_SOURCE,PRIMARY_OR_UNRESOLVED,NOT_YET_COPIED,EXP-012,CAN-F2-B,True,False,False,False,False,,UNCLASSIFIED,ELIGIBLE_PRIMARY_CANDIDATE,C:\RSOS\Training data\F2_B_CORRECTED_EXTERNAL_RARITY,PHASE8B_R2
C:\RSOS\Training data\F2_B_CORRECTED_EXTERNAL_RARITY\00_PREFLIGHT\train-00041-of-00086_SCHEMA.json,train-00041-of-00086_SCHEMA.json,.json,7708,2026-09-11T23:45:35.0375567Z,2026-09-11T23:45:35.0375567Z,OTHER_SOURCE,PRIMARY_OR_UNRESOLVED,NOT_YET_COPIED,EXP-012,CAN-F2-B,True,False,False,False,False,,UNCLASSIFIED,ELIGIBLE_PRIMARY_CANDIDATE,C:\RSOS\Training data\F2_B_CORRECTED_EXTERNAL_RARITY,PHASE8B_R2
C:\RSOS\Training data\F2_B_CORRECTED_EXTERNAL_RARITY\00_PREFLIGHT\train-00051-of-00086_SCHEMA.json,train-00051-of-00086_SCHEMA.json,.json,7708,2026-09-11T23:50:42.7941966Z,2026-09-11T23:50:42.7941966Z,OTHER_SOURCE,PRIMARY_OR_UNRESOLVED,NOT_YET_COPIED,EXP-012,CAN-F2-B,True,False,False,False,False,,UNCLASSIFIED,ELIGIBLE_PRIMARY_CANDIDATE,C:\RSOS\Training data\F2_B_CORRECTED_EXTERNAL_RARITY,PHASE8B_R2
C:\RSOS\Training data\F2_B_CORRECTED_EXTERNAL_RARITY\00_PREFLIGHT\train-00052-of-00086_SCHEMA.json,train-00052-of-00086_SCHEMA.json,.json,7708,2026-09-12T00:00:28.1444649Z,2026-09-12T00:00:28.1444649Z,OTHER_SOURCE,PRIMARY_OR_UNRESOLVED,NOT_YET_COPIED,EXP-012,CAN-F2-B,True,False,False,False,False,,UNCLASSIFIED,ELIGIBLE_PRIMARY_CANDIDATE,C:\RSOS\Training data\F2_B_CORRECTED_EXTERNAL_RARITY,PHASE8B_R2
C:\RSOS\Training data\F2_B_CORRECTED_EXTERNAL_RARITY\00_PREFLIGHT\train-00054-of-00086_SCHEMA.json,train-00054-of-00086_SCHEMA.json,.json,7708,2026-09-12T00:15:53.7733060Z,2026-09-12T00:15:53.7733060Z,OTHER_SOURCE,PRIMARY_OR_UNRESOLVED,NOT_YET_COPIED,EXP-012,CAN-F2-B,True,False,False,False,False,,UNCLASSIFIED,ELIGIBLE_PRIMARY_CANDIDATE,C:\RSOS\Training data\F2_B_CORRECTED_EXTERNAL_RARITY,PHASE8B_R2
C:\RSOS\Training data\F2_B_CORRECTED_EXTERNAL_RARITY\00_PREFLIGHT\WINDOW_MARGIN_THRESHOLDS.json,WINDOW_MARGIN_THRESHOLDS.json,.json,279,2026-09-11T23:22:33.4789308Z,2026-09-11T23:22:33.4789308Z,OTHER_SOURCE,PRIMARY_OR_UNRESOLVED,NOT_YET_COPIED,EXP-012,CAN-F2-B,True,False,False,False,False,,UNCLASSIFIED,ELIGIBLE_PRIMARY_CANDIDATE,C:\RSOS\Training data\F2_B_CORRECTED_EXTERNAL_RARITY,PHASE8B_R2
C:\RSOS\Training data\F2_B_CORRECTED_EXTERNAL_RARITY\01_EXTERNAL_FEATURES\EXTRACTION_COUNTS.json,EXTRACTION_COUNTS.json,.json,235,2026-09-12T00:30:38.9382400Z,2026-09-12T00:30:38.9382400Z,OTHER_SOURCE,PRIMARY_OR_UNRESOLVED,NOT_YET_COPIED,EXP-012,CAN-F2-B,True,False,False,False,False,,UNCLASSIFIED,ELIGIBLE_PRIMARY_CANDIDATE,C:\RSOS\Training data\F2_B_CORRECTED_EXTERNAL_RARITY,PHASE8B_R2
C:\RSOS\Training data\F2_B_CORRECTED_EXTERNAL_RARITY\01_EXTERNAL_FEATURES\F2_B_EXTERNAL_FEATURES_AND_SCORES.parquet,F2_B_EXTERNAL_FEATURES_AND_SCORES.parquet,.parquet,15325419,2026-09-12T00:30:38.5154836Z,2026-09-12T00:30:38.9352404Z,RESULT_OR_OUTPUT,PRIMARY_OR_UNRESOLVED,NOT_YET_COPIED,EXP-012,CAN-F2-B,True,False,False,False,False,,05_OUTPUTS,ELIGIBLE_PRIMARY_CANDIDATE,C:\RSOS\Training data\F2_B_CORRECTED_EXTERNAL_RARITY,PHASE8B_R2
C:\RSOS\Training data\F2_B_CORRECTED_EXTERNAL_RARITY\02_PRIMARY\SEPARATION_RESULTS.csv,SEPARATION_RESULTS.csv,.csv,2420,2026-09-12T00:30:46.3779108Z,2026-09-12T00:30:46.3799086Z,RESULT_OR_OUTPUT,PRIMARY_OR_UNRESOLVED,NOT_YET_COPIED,EXP-012,CAN-F2-B,True,False,False,False,False,,05_OUTPUTS,ELIGIBLE_PRIMARY_CANDIDATE,C:\RSOS\Training data\F2_B_CORRECTED_EXTERNAL_RARITY,PHASE8B_R2
C:\RSOS\Training data\F2_B_CORRECTED_EXTERNAL_RARITY\03_GEOMETRY\RARITY_AND_TOLERANCE_RESULTS.csv,RARITY_AND_TOLERANCE_RESULTS.csv,.csv,9570,2026-09-12T00:30:46.3820575Z,2026-09-12T00:30:46.3830559Z,RESULT_OR_OUTPUT,PRIMARY_OR_UNRESOLVED,NOT_YET_COPIED,EXP-012,CAN-F2-B,True,False,False,False,False,,05_OUTPUTS,ELIGIBLE_PRIMARY_CANDIDATE,C:\RSOS\Training data\F2_B_CORRECTED_EXTERNAL_RARITY,PHASE8B_R2
C:\RSOS\Training data\F2_B_CORRECTED_EXTERNAL_RARITY\04_WINDOWS\WINDOW_EXTERNAL_RARITY.csv,WINDOW_EXTERNAL_RARITY.csv,.csv,3074,2026-09-12T00:30:47.5222654Z,2026-09-12T00:30:47.5243717Z,OTHER_SOURCE,PRIMARY_OR_UNRESOLVED,NOT_YET_COPIED,EXP-012,CAN-F2-B,True,False,False,False,False,,UNCLASSIFIED,ELIGIBLE_PRIMARY_CANDIDATE,C:\RSOS\Training data\F2_B_CORRECTED_EXTERNAL_RARITY,PHASE8B_R2
C:\RSOS\Training data\F2_B_CORRECTED_EXTERNAL_RARITY\05_NUISANCE\CEM_BALANCE.csv,CEM_BALANCE.csv,.csv,128,2026-09-12T00:30:47.6006163Z,2026-09-12T00:30:47.6006163Z,OTHER_SOURCE,PRIMARY_OR_UNRESOLVED,NOT_YET_COPIED,EXP-012,CAN-F2-B,True,False,False,False,False,,UNCLASSIFIED,ELIGIBLE_PRIMARY_CANDIDATE,C:\RSOS\Training data\F2_B_CORRECTED_EXTERNAL_RARITY,PHASE8B_R2
C:\RSOS\Training data\F2_B_CORRECTED_EXTERNAL_RARITY\05_NUISANCE\CEM_RESULT.csv,CEM_RESULT.csv,.csv,223,2026-09-12T00:30:47.7126878Z,2026-09-12T00:30:47.7136882Z,RESULT_OR_OUTPUT,PRIMARY_OR_UNRESOLVED,NOT_YET_COPIED,EXP-012,CAN-F2-B,True,False,False,False,False,,05_OUTPUTS,ELIGIBLE_PRIMARY_CANDIDATE,C:\RSOS\Training data\F2_B_CORRECTED_EXTERNAL_RARITY,PHASE8B_R2
C:\RSOS\Training data\F2_B_CORRECTED_EXTERNAL_RARITY\05_NUISANCE\CLUSTER_DIAGNOSTIC.json,CLUSTER_DIAGNOSTIC.json,.json,87,2026-09-12T00:30:47.8026368Z,2026-09-12T00:30:47.8026368Z,OTHER_SOURCE,PRIMARY_OR_UNRESOLVED,NOT_YET_COPIED,EXP-012,CAN-F2-B,True,False,False,False,False,,06_DIAGNOSTIC,ELIGIBLE_PRIMARY_CANDIDATE,C:\RSOS\Training data\F2_B_CORRECTED_EXTERNAL_RARITY,PHASE8B_R2
C:\RSOS\Training data\F2_B_CORRECTED_EXTERNAL_RARITY\05_NUISANCE\LANGUAGE_DISTRIBUTION.csv,LANGUAGE_DISTRIBUTION.csv,.csv,672,2026-09-12T00:30:47.7236808Z,2026-09-12T00:30:47.7246803Z,OTHER_SOURCE,PRIMARY_OR_UNRESOLVED,NOT_YET_COPIED,EXP-012,CAN-F2-B,True,False,False,False,False,,UNCLASSIFIED,ELIGIBLE_PRIMARY_CANDIDATE,C:\RSOS\Training data\F2_B_CORRECTED_EXTERNAL_RARITY,PHASE8B_R2
C:\RSOS\Training data\F2_B_CORRECTED_EXTERNAL_RARITY\05_NUISANCE\MODEL_DISTRIBUTION.csv,MODEL_DISTRIBUTION.csv,.csv,189,2026-09-12T00:30:47.7186865Z,2026-09-12T00:30:47.7196827Z,OTHER_SOURCE,PRIMARY_OR_UNRESOLVED,NOT_YET_COPIED,EXP-012,CAN-F2-B,True,False,False,False,False,,UNCLASSIFIED,ELIGIBLE_PRIMARY_CANDIDATE,C:\RSOS\Training data\F2_B_CORRECTED_EXTERNAL_RARITY,PHASE8B_R2
C:\RSOS\Training data\F2_B_CORRECTED_EXTERNAL_RARITY\05_NUISANCE\MODEL_LANGUAGE_STRATA_90TOL.csv,MODEL_LANGUAGE_STRATA_90TOL.csv,.csv,1729,2026-09-12T00:30:47.7946397Z,2026-09-12T00:30:47.7956402Z,OTHER_SOURCE,PRIMARY_OR_UNRESOLVED,NOT_YET_COPIED,EXP-012,CAN-F2-B,True,False,False,False,False,,UNCLASSIFIED,ELIGIBLE_PRIMARY_CANDIDATE,C:\RSOS\Training data\F2_B_CORRECTED_EXTERNAL_RARITY,PHASE8B_R2
C:\RSOS\Training data\F2_B_CORRECTED_EXTERNAL_RARITY\06_NEAREST\NEAREST250_MAHALANOBIS.csv,NEAREST250_MAHALANOBIS.csv,.csv,68818,2026-09-12T00:30:46.3880534Z,2026-09-12T00:30:46.3930507Z,OTHER_SOURCE,PRIMARY_OR_UNRESOLVED,NOT_YET_COPIED,EXP-012,CAN-F2-B,True,False,False,False,False,,UNCLASSIFIED,ELIGIBLE_PRIMARY_CANDIDATE,C:\RSOS\Training data\F2_B_CORRECTED_EXTERNAL_RARITY,PHASE8B_R2
C:\RSOS\Training data\F2_B_CORRECTED_EXTERNAL_RARITY\06_NEAREST\NEAREST250_STRICT_COMPOSITE.csv,NEAREST250_STRICT_COMPOSITE.csv,.csv,69140,2026-09-12T00:30:46.3980472Z,2026-09-12T00:30:46.4030446Z,OTHER_SOURCE,PRIMARY_OR_UNRESOLVED,NOT_YET_COPIED,EXP-012,CAN-F2-B,True,False,False,False,False,,UNCLASSIFIED,ELIGIBLE_PRIMARY_CANDIDATE,C:\RSOS\Training data\F2_B_CORRECTED_EXTERNAL_RARITY,PHASE8B_R2
C:\RSOS\Training data\F2_B_CORRECTED_EXTERNAL_RARITY\07_AUDIT\F2_B_SUMMARY.json,F2_B_SUMMARY.json,.json,2080,2026-09-12T00:30:47.8216242Z,2026-09-12T00:30:47.8216242Z,RESULT_OR_OUTPUT,PRIMARY_OR_UNRESOLVED,NOT_YET_COPIED,EXP-012,CAN-F2-B,True,False,False,False,False,,05_OUTPUTS,ELIGIBLE_PRIMARY_CANDIDATE,C:\RSOS\Training data\F2_B_CORRECTED_EXTERNAL_RARITY,PHASE8B_R2
C:\RSOS\Training data\F2_B_CORRECTED_EXTERNAL_RARITY\07_AUDIT\STATUS_LEDGER.csv,STATUS_LEDGER.csv,.csv,1271,2026-09-12T00:30:47.8036365Z,2026-09-12T00:30:47.8046365Z,AUTHORITY_OR_FREEZE,PRIMARY_OR_UNRESOLVED,NOT_YET_COPIED,EXP-012,CAN-F2-B,True,False,False,False,False,,00_CONTROL,ELIGIBLE_PRIMARY_CANDIDATE,C:\RSOS\Training data\F2_B_CORRECTED_EXTERNAL_RARITY,PHASE8B_R2
C:\RSOS\Training data\F2_B_CORRECTED_EXTERNAL_RARITY\F2_B_CORRECTED_RARITY_RUNNER.zip,F2_B_CORRECTED_RARITY_RUNNER.zip,.zip,1400214,2026-09-11T23:22:12.5174102Z,2026-09-11T23:22:14.4522340Z,OTHER_SOURCE,PRIMARY_OR_UNRESOLVED,NOT_YET_COPIED,EXP-012,CAN-F2-B,True,False,False,False,False,,08_PACKAGE,ELIGIBLE_PRIMARY_CANDIDATE,C:\RSOS\Training data\F2_B_CORRECTED_EXTERNAL_RARITY,PHASE8B_R2
C:\RSOS\Training data\F2_B_CORRECTED_EXTERNAL_RARITY_RESULTS.zip,F2_B_CORRECTED_EXTERNAL_RARITY_RESULTS.zip,.zip,84942,2026-09-12T00:30:47.8226238Z,2026-09-12T00:30:48.0335037Z,RESULT_OR_OUTPUT,PRIMARY_OR_UNRESOLVED,NOT_YET_COPIED,EXP-012,CAN-F2-B,True,False,False,False,False,,05_OUTPUTS,ELIGIBLE_PRIMARY_CANDIDATE,C:\RSOS\Training data\F2_B_CORRECTED_EXTERNAL_RARITY_RESULTS.zip,PHASE8B_R2
C:\RSOS\Training data\F2_B_CORRECTED_RARITY_RUNNER\__pycache__\RUN_F2_B.cpython-313.pyc,RUN_F2_B.cpython-313.pyc,.pyc,81929,2026-09-11T23:22:23.8004660Z,2026-09-11T20:21:00.0000000Z,OTHER_SOURCE,PRIMARY_OR_UNRESOLVED,NOT_YET_COPIED,EXP-012,CAN-F2-B,True,False,True,False,False,,UNCLASSIFIED,EXCLUDE_RUNTIME_OR_LIBRARY,C:\RSOS\Training data\F2_B_CORRECTED_RARITY_RUNNER,PHASE8B_R2
C:\RSOS\Training data\F2_B_CORRECTED_RARITY_RUNNER\F2_B_FROZEN_SPEC.json,F2_B_FROZEN_SPEC.json,.json,1572,2026-09-11T23:22:23.5436781Z,2026-09-11T20:18:40.0000000Z,AUTHORITY_OR_FREEZE,PRIMARY_OR_UNRESOLVED,NOT_YET_COPIED,EXP-012,CAN-F2-B,True,False,False,False,False,,09_FREEZE,ELIGIBLE_PRIMARY_CANDIDATE,C:\RSOS\Training data\F2_B_CORRECTED_RARITY_RUNNER,PHASE8B_R2
C:\RSOS\Training data\F2_B_CORRECTED_RARITY_RUNNER\fixtures\PARITY_EXPECTED_V2.csv,PARITY_EXPECTED_V2.csv,.csv,8909,2026-09-11T23:22:23.8706329Z,2026-09-11T20:18:40.0000000Z,OTHER_SOURCE,PRIMARY_OR_UNRESOLVED,NOT_YET_COPIED,EXP-012,CAN-F2-B,True,False,False,False,False,,UNCLASSIFIED,ELIGIBLE_PRIMARY_CANDIDATE,C:\RSOS\Training data\F2_B_CORRECTED_RARITY_RUNNER,PHASE8B_R2
C:\RSOS\Training data\F2_B_CORRECTED_RARITY_RUNNER\fixtures\PARITY_FIXTURES.jsonl,PARITY_FIXTURES.jsonl,.jsonl,2175259,2026-09-11T23:22:23.8385160Z,2026-09-11T20:18:40.0000000Z,OTHER_SOURCE,PRIMARY_OR_UNRESOLVED,NOT_YET_COPIED,EXP-012,CAN-F2-B,True,False,False,False,False,,UNCLASSIFIED,ELIGIBLE_PRIMARY_CANDIDATE,C:\RSOS\Training data\F2_B_CORRECTED_RARITY_RUNNER,PHASE8B_R2
C:\RSOS\Training data\F2_B_CORRECTED_RARITY_RUNNER\fixtures\WINDOW_PARITY_FIXTURE.json,WINDOW_PARITY_FIXTURE.json,.json,94422,2026-09-11T23:22:23.8806468Z,2026-09-11T20:19:10.0000000Z,OTHER_SOURCE,PRIMARY_OR_UNRESOLVED,NOT_YET_COPIED,EXP-012,CAN-F2-B,True,False,False,False,False,,UNCLASSIFIED,ELIGIBLE_PRIMARY_CANDIDATE,C:\RSOS\Training data\F2_B_CORRECTED_RARITY_RUNNER,PHASE8B_R2
C:\RSOS\Training data\F2_B_CORRECTED_RARITY_RUNNER\fixtures\WINDOW12_PARITY_EXPECTED.csv,WINDOW12_PARITY_EXPECTED.csv,.csv,1801,2026-09-11T23:22:23.9056632Z,2026-09-11T20:19:10.0000000Z,OTHER_SOURCE,PRIMARY_OR_UNRESOLVED,NOT_YET_COPIED,EXP-012,CAN-F2-B,True,False,False,False,False,,UNCLASSIFIED,ELIGIBLE_PRIMARY_CANDIDATE,C:\RSOS\Training data\F2_B_CORRECTED_RARITY_RUNNER,PHASE8B_R2
C:\RSOS\Training data\F2_B_CORRECTED_RARITY_RUNNER\fixtures\WINDOW8_PARITY_EXPECTED.csv,WINDOW8_PARITY_EXPECTED.csv,.csv,1722,2026-09-11T23:22:23.8926733Z,2026-09-11T20:19:10.0000000Z,OTHER_SOURCE,PRIMARY_OR_UNRESOLVED,NOT_YET_COPIED,EXP-012,CAN-F2-B,True,False,False,False,False,,UNCLASSIFIED,ELIGIBLE_PRIMARY_CANDIDATE,C:\RSOS\Training data\F2_B_CORRECTED_RARITY_RUNNER,PHASE8B_R2
C:\RSOS\Training data\F2_B_CORRECTED_RARITY_RUNNER\frozen_models\JOINT_MULTILAYER_V2.joblib,JOINT_MULTILAYER_V2.joblib,.joblib,5117,2026-09-11T23:22:23.7121749Z,2026-09-11T20:18:40.0000000Z,OTHER_SOURCE,PRIMARY_OR_UNRESOLVED,NOT_YET_COPIED,EXP-012,CAN-F2-B,True,False,False,False,False,,UNCLASSIFIED,ELIGIBLE_PRIMARY_CANDIDATE,C:\RSOS\Training data\F2_B_CORRECTED_RARITY_RUNNER,PHASE8B_R2
C:\RSOS\Training data\F2_B_CORRECTED_RARITY_RUNNER\frozen_models\OPERATOR_RELATIONAL_V2.joblib,OPERATOR_RELATIONAL_V2.joblib,.joblib,3725,2026-09-11T23:22:23.7593334Z,2026-09-11T20:18:40.0000000Z,OTHER_SOURCE,PRIMARY_OR_UNRESOLVED,NOT_YET_COPIED,EXP-012,CAN-F2-B,True,False,False,False,False,,UNCLASSIFIED,ELIGIBLE_PRIMARY_CANDIDATE,C:\RSOS\Training data\F2_B_CORRECTED_RARITY_RUNNER,PHASE8B_R2
C:\RSOS\Training data\F2_B_CORRECTED_RARITY_RUNNER\frozen_models\R1_COMPATIBLE.joblib,R1_COMPATIBLE.joblib,.joblib,2333,2026-09-11T23:22:23.7241674Z,2026-09-11T20:18:40.0000000Z,OTHER_SOURCE,PRIMARY_OR_UNRESOLVED,NOT_YET_COPIED,EXP-012,CAN-F2-B,True,False,False,False,False,,UNCLASSIFIED,ELIGIBLE_PRIMARY_CANDIDATE,C:\RSOS\Training data\F2_B_CORRECTED_RARITY_RUNNER,PHASE8B_R2
C:\RSOS\Training data\F2_B_CORRECTED_RARITY_RUNNER\frozen_models\SURFACE_FREE.joblib,SURFACE_FREE.joblib,.joblib,2989,2026-09-11T23:22:23.7351635Z,2026-09-11T20:18:40.0000000Z,OTHER_SOURCE,PRIMARY_OR_UNRESOLVED,NOT_YET_COPIED,EXP-012,CAN-F2-B,True,False,False,False,False,,UNCLASSIFIED,ELIGIBLE_PRIMARY_CANDIDATE,C:\RSOS\Training data\F2_B_CORRECTED_RARITY_RUNNER,PHASE8B_R2
C:\RSOS\Training data\F2_B_CORRECTED_RARITY_RUNNER\frozen_models\WINDOW12_DETERMINISTIC_V2.joblib,WINDOW12_DETERMINISTIC_V2.joblib,.joblib,4093,2026-09-11T23:22:23.7714897Z,2026-09-11T20:18:40.0000000Z,OTHER_SOURCE,PRIMARY_OR_UNRESOLVED,NOT_YET_COPIED,EXP-012,CAN-F2-B,True,False,False,False,False,,UNCLASSIFIED,ELIGIBLE_PRIMARY_CANDIDATE,C:\RSOS\Training data\F2_B_CORRECTED_RARITY_RUNNER,PHASE8B_R2
C:\RSOS\Training data\F2_B_CORRECTED_RARITY_RUNNER\frozen_models\WINDOW8_DETERMINISTIC_V2.joblib,WINDOW8_DETERMINISTIC_V2.joblib,.joblib,4077,2026-09-11T23:22:23.7467873Z,2026-09-11T20:18:40.0000000Z,OTHER_SOURCE,PRIMARY_OR_UNRESOLVED,NOT_YET_COPIED,EXP-012,CAN-F2-B,True,False,False,False,False,,UNCLASSIFIED,ELIGIBLE_PRIMARY_CANDIDATE,C:\RSOS\Training data\F2_B_CORRECTED_RARITY_RUNNER,PHASE8B_R2
C:\RSOS\Training data\F2_B_CORRECTED_RARITY_RUNNER\README.txt,README.txt,.txt,743,2026-09-11T23:22:23.5326840Z,2026-09-11T20:20:36.0000000Z,OTHER_SOURCE,PRIMARY_OR_UNRESOLVED,NOT_YET_COPIED,EXP-012,CAN-F2-B,True,False,False,False,False,,00_CONTROL,ELIGIBLE_PRIMARY_CANDIDATE,C:\RSOS\Training data\F2_B_CORRECTED_RARITY_RUNNER,PHASE8B_R2
C:\RSOS\Training data\F2_B_CORRECTED_RARITY_RUNNER\reference\BR1_LATER_HOLD_POS_FEATURES.csv,BR1_LATER_HOLD_POS_FEATURES.csv,.csv,188434,2026-09-11T23:22:23.5712875Z,2026-09-11T20:18:40.0000000Z,RESULT_OR_OUTPUT,PRIMARY_OR_UNRESOLVED,NOT_YET_COPIED,EXP-012,CAN-F2-B,True,False,False,False,False,,05_OUTPUTS,ELIGIBLE_PRIMARY_CANDIDATE,C:\RSOS\Training data\F2_B_CORRECTED_RARITY_RUNNER,PHASE8B_R2
C:\RSOS\Training data\F2_B_CORRECTED_RARITY_RUNNER\reference\EARLY_NEG_V2_FEATURES.csv,EARLY_NEG_V2_FEATURES.csv,.csv,93038,2026-09-11T23:22:23.6159139Z,2026-09-11T20:18:40.0000000Z,RESULT_OR_OUTPUT,PRIMARY_OR_UNRESOLVED,NOT_YET_COPIED,EXP-012,CAN-F2-B,True,False,False,False,False,,05_OUTPUTS,ELIGIBLE_PRIMARY_CANDIDATE,C:\RSOS\Training data\F2_B_CORRECTED_RARITY_RUNNER,PHASE8B_R2
C:\RSOS\Training data\F2_B_CORRECTED_RARITY_RUNNER\reference\EARLY_POS_V2_FEATURES.csv,EARLY_POS_V2_FEATURES.csv,.csv,54865,2026-09-11T23:22:23.6847842Z,2026-09-11T20:18:40.0000000Z,RESULT_OR_OUTPUT,PRIMARY_OR_UNRESOLVED,NOT_YET_COPIED,EXP-012,CAN-F2-B,True,False,False,False,False,,05_OUTPUTS,ELIGIBLE_PRIMARY_CANDIDATE,C:\RSOS\Training data\F2_B_CORRECTED_RARITY_RUNNER,PHASE8B_R2
C:\RSOS\Training data\F2_B_CORRECTED_RARITY_RUNNER\reference\F2_BR2_FROZEN_SPEC.json,F2_BR2_FROZEN_SPEC.json,.json,8369,2026-09-11T23:22:23.6299134Z,2026-09-11T20:18:40.0000000Z,AUTHORITY_OR_FREEZE,PRIMARY_OR_UNRESOLVED,NOT_YET_COPIED,EXP-012,CAN-F2-B,True,False,False,False,False,,09_FREEZE,ELIGIBLE_PRIMARY_CANDIDATE,C:\RSOS\Training data\F2_B_CORRECTED_RARITY_RUNNER,PHASE8B_R2
C:\RSOS\Training data\F2_B_CORRECTED_RARITY_RUNNER\reference\FROZEN_FEATURE_SETS.json,FROZEN_FEATURE_SETS.json,.json,3952,2026-09-11T23:22:23.6711551Z,2026-09-11T20:18:40.0000000Z,AUTHORITY_OR_FREEZE|RESULT_OR_OUTPUT,PRIMARY_OR_UNRESOLVED,NOT_YET_COPIED,EXP-012,CAN-F2-B,True,False,False,False,False,,09_FREEZE,ELIGIBLE_PRIMARY_CANDIDATE,C:\RSOS\Training data\F2_B_CORRECTED_RARITY_RUNNER,PHASE8B_R2
C:\RSOS\Training data\F2_B_CORRECTED_RARITY_RUNNER\reference\LATER_HOLD_NEG_V2_FEATURES.csv,LATER_HOLD_NEG_V2_FEATURES.csv,.csv,198584,2026-09-11T23:22:23.6009215Z,2026-09-11T20:18:40.0000000Z,RESULT_OR_OUTPUT,PRIMARY_OR_UNRESOLVED,NOT_YET_COPIED,EXP-012,CAN-F2-B,True,False,False,False,False,,05_OUTPUTS,ELIGIBLE_PRIMARY_CANDIDATE,C:\RSOS\Training data\F2_B_CORRECTED_RARITY_RUNNER,PHASE8B_R2
C:\RSOS\Training data\F2_B_CORRECTED_RARITY_RUNNER\reference\LATER_HOLD_POS_V2_FEATURES.csv,LATER_HOLD_POS_V2_FEATURES.csv,.csv,185024,2026-09-11T23:22:23.6581411Z,2026-09-11T20:18:40.0000000Z,RESULT_OR_OUTPUT,PRIMARY_OR_UNRESOLVED,NOT_YET_COPIED,EXP-012,CAN-F2-B,True,False,False,False,False,,05_OUTPUTS,ELIGIBLE_PRIMARY_CANDIDATE,C:\RSOS\Training data\F2_B_CORRECTED_RARITY_RUNNER,PHASE8B_R2
C:\RSOS\Training data\F2_B_CORRECTED_RARITY_RUNNER\reference\WINDOW12_DETERMINISTIC_FEATURES.csv,WINDOW12_DETERMINISTIC_FEATURES.csv,.csv,352220,2026-09-11T23:22:23.6420327Z,2026-09-11T20:18:40.0000000Z,RESULT_OR_OUTPUT,PRIMARY_OR_UNRESOLVED,NOT_YET_COPIED,EXP-012,CAN-F2-B,True,False,False,False,False,,05_OUTPUTS,ELIGIBLE_PRIMARY_CANDIDATE,C:\RSOS\Training data\F2_B_CORRECTED_RARITY_RUNNER,PHASE8B_R2
C:\RSOS\Training data\F2_B_CORRECTED_RARITY_RUNNER\reference\WINDOW8_DETERMINISTIC_FEATURES.csv,WINDOW8_DETERMINISTIC_FEATURES.csv,.csv,389941,2026-09-11T23:22:23.5849305Z,2026-09-11T20:18:40.0000000Z,RESULT_OR_OUTPUT,PRIMARY_OR_UNRESOLVED,NOT_YET_COPIED,EXP-012,CAN-F2-B,True,False,False,False,False,,05_OUTPUTS,ELIGIBLE_PRIMARY_CANDIDATE,C:\RSOS\Training data\F2_B_CORRECTED_RARITY_RUNNER,PHASE8B_R2
C:\RSOS\Training data\F2_B_CORRECTED_RARITY_RUNNER\RUN_F2_B.py,RUN_F2_B.py,.py,35737,2026-09-11T23:22:23.9218734Z,2026-09-11T20:20:58.0000000Z,RUNNER,PRIMARY_OR_UNRESOLVED,NOT_YET_COPIED,EXP-012,CAN-F2-B,True,False,False,False,False,,03_RUNNER,ELIGIBLE_PRIMARY_CANDIDATE,C:\RSOS\Training data\F2_B_CORRECTED_RARITY_RUNNER,PHASE8B_R2
C:\RSOS\Training data\F2_B_CORRECTED_RARITY_RUNNER\RUN_F2_B.ps1,RUN_F2_B.ps1,.ps1,733,2026-09-11T23:22:23.8134588Z,2026-09-11T20:21:00.0000000Z,RUNNER,PRIMARY_OR_UNRESOLVED,NOT_YET_COPIED,EXP-012,CAN-F2-B,True,False,False,False,False,,03_RUNNER,ELIGIBLE_PRIMARY_CANDIDATE,C:\RSOS\Training data\F2_B_CORRECTED_RARITY_RUNNER,PHASE8B_R2
C:\RSOS\Training data\F2_B_FRESH_WILDCHAT\.cache\huggingface\.gitignore,.gitignore,.gitignore,1,2026-09-11T23:04:47.2394157Z,2026-09-11T23:04:47.2394157Z,OTHER_SOURCE,PRIMARY_OR_UNRESOLVED,NOT_YET_COPIED,EXP-012,CAN-F2-B,True,False,False,False,False,,UNCLASSIFIED,ELIGIBLE_PRIMARY_CANDIDATE,C:\RSOS\Training data\F2_B_FRESH_WILDCHAT,PHASE8B_R2
C:\RSOS\Training data\F2_B_FRESH_WILDCHAT\.cache\huggingface\CACHEDIR.TAG,CACHEDIR.TAG,.TAG,195,2026-09-11T23:04:47.2344105Z,2026-09-11T23:04:47.2354109Z,OTHER_SOURCE,PRIMARY_OR_UNRESOLVED,NOT_YET_COPIED,EXP-012,CAN-F2-B,True,False,False,False,False,,UNCLASSIFIED,ELIGIBLE_PRIMARY_CANDIDATE,C:\RSOS\Training data\F2_B_FRESH_WILDCHAT,PHASE8B_R2
C:\RSOS\Training data\F2_B_FRESH_WILDCHAT\.cache\huggingface\download\data\train-00007-of-00086.parquet.metadata,train-00007-of-00086.parquet.metadata,.metadata,127,2026-09-11T23:05:47.6942214Z,2026-09-11T23:05:47.6942214Z,OTHER_SOURCE,PRIMARY_OR_UNRESOLVED,NOT_YET_COPIED,EXP-012,CAN-F2-B,True,False,False,False,False,,UNCLASSIFIED,ELIGIBLE_PRIMARY_CANDIDATE,C:\RSOS\Training data\F2_B_FRESH_WILDCHAT,PHASE8B_R2
C:\RSOS\Training data\F2_B_FRESH_WILDCHAT\.cache\huggingface\download\data\train-00022-of-00086.parquet.metadata,train-00022-of-00086.parquet.metadata,.metadata,128,2026-09-11T23:07:07.0877498Z,2026-09-11T23:07:07.0877498Z,OTHER_SOURCE,PRIMARY_OR_UNRESOLVED,NOT_YET_COPIED,EXP-012,CAN-F2-B,True,False,False,False,False,,UNCLASSIFIED,ELIGIBLE_PRIMARY_CANDIDATE,C:\RSOS\Training data\F2_B_FRESH_WILDCHAT,PHASE8B_R2
C:\RSOS\Training data\F2_B_FRESH_WILDCHAT\.cache\huggingface\download\data\train-00041-of-00086.parquet.metadata,train-00041-of-00086.parquet.metadata,.metadata,128,2026-09-11T23:09:17.0933906Z,2026-09-11T23:09:17.0933906Z,OTHER_SOURCE,PRIMARY_OR_UNRESOLVED,NOT_YET_COPIED,EXP-012,CAN-F2-B,True,False,False,False,False,,UNCLASSIFIED,ELIGIBLE_PRIMARY_CANDIDATE,C:\RSOS\Training data\F2_B_FRESH_WILDCHAT,PHASE8B_R2
C:\RSOS\Training data\F2_B_FRESH_WILDCHAT\.cache\huggingface\download\data\train-00051-of-00086.parquet.metadata,train-00051-of-00086.parquet.metadata,.metadata,127,2026-09-11T23:08:31.2189584Z,2026-09-11T23:08:31.2199358Z,OTHER_SOURCE,PRIMARY_OR_UNRESOLVED,NOT_YET_COPIED,EXP-012,CAN-F2-B,True,False,False,False,False,,UNCLASSIFIED,ELIGIBLE_PRIMARY_CANDIDATE,C:\RSOS\Training data\F2_B_FRESH_WILDCHAT,PHASE8B_R2
C:\RSOS\Training data\F2_B_FRESH_WILDCHAT\.cache\huggingface\download\data\train-00052-of-00086.parquet.metadata,train-00052-of-00086.parquet.metadata,.metadata,128,2026-09-11T23:12:21.1505748Z,2026-09-11T23:12:21.1505748Z,OTHER_SOURCE,PRIMARY_OR_UNRESOLVED,NOT_YET_COPIED,EXP-012,CAN-F2-B,True,False,False,False,False,,UNCLASSIFIED,ELIGIBLE_PRIMARY_CANDIDATE,C:\RSOS\Training data\F2_B_FRESH_WILDCHAT,PHASE8B_R2
C:\RSOS\Training data\F2_B_FRESH_WILDCHAT\.cache\huggingface\download\data\train-00054-of-00086.parquet.metadata,train-00054-of-00086.parquet.metadata,.metadata,128,2026-09-11T23:10:45.3450891Z,2026-09-11T23:10:45.3450891Z,OTHER_SOURCE,PRIMARY_OR_UNRESOLVED,NOT_YET_COPIED,EXP-012,CAN-F2-B,True,False,False,False,False,,UNCLASSIFIED,ELIGIBLE_PRIMARY_CANDIDATE,C:\RSOS\Training data\F2_B_FRESH_WILDCHAT,PHASE8B_R2
C:\RSOS\Training data\F2_B_FRESH_WILDCHAT\F2_B_FRESH_SELECTION_FREEZE.txt,F2_B_FRESH_SELECTION_FREEZE.txt,.txt,318,2026-09-11T23:01:37.7415431Z,2026-09-11T23:01:37.7415431Z,AUTHORITY_OR_FREEZE,PRIMARY_OR_UNRESOLVED,NOT_YET_COPIED,EXP-012,CAN-F2-B,True,False,False,False,False,,09_FREEZE,ELIGIBLE_PRIMARY_CANDIDATE,C:\RSOS\Training data\F2_B_FRESH_WILDCHAT,PHASE8B_R2
C:\RSOS\Training data\F2_B_FRESH_WILDCHAT\train-00007-of-00086.parquet,train-00007-of-00086.parquet,.parquet,119347100,2026-09-11T23:04:47.3949380Z,2026-09-11T23:05:47.6822253Z,OTHER_SOURCE,PRIMARY_OR_UNRESOLVED,NOT_YET_COPIED,EXP-012,CAN-F2-B,True,False,False,False,False,,UNCLASSIFIED,ELIGIBLE_PRIMARY_CANDIDATE,C:\RSOS\Training data\F2_B_FRESH_WILDCHAT,PHASE8B_R2
C:\RSOS\Training data\F2_B_FRESH_WILDCHAT\train-00022-of-00086.parquet,train-00022-of-00086.parquet,.parquet,138085341,2026-09-11T23:05:48.9644055Z,2026-09-11T23:07:07.0777496Z,OTHER_SOURCE,PRIMARY_OR_UNRESOLVED,NOT_YET_COPIED,EXP-012,CAN-F2-B,True,False,False,False,False,,UNCLASSIFIED,ELIGIBLE_PRIMARY_CANDIDATE,C:\RSOS\Training data\F2_B_FRESH_WILDCHAT,PHASE8B_R2
C:\RSOS\Training data\F2_B_FRESH_WILDCHAT\train-00041-of-00086.parquet,train-00041-of-00086.parquet,.parquet,85601395,2026-09-11T23:08:32.3287652Z,2026-09-11T23:09:17.0823920Z,OTHER_SOURCE,PRIMARY_OR_UNRESOLVED,NOT_YET_COPIED,EXP-012,CAN-F2-B,True,False,False,False,False,,UNCLASSIFIED,ELIGIBLE_PRIMARY_CANDIDATE,C:\RSOS\Training data\F2_B_FRESH_WILDCHAT,PHASE8B_R2
C:\RSOS\Training data\F2_B_FRESH_WILDCHAT\train-00051-of-00086.parquet,train-00051-of-00086.parquet,.parquet,156188404,2026-09-11T23:07:08.2507807Z,2026-09-11T23:08:31.2113479Z,OTHER_SOURCE,PRIMARY_OR_UNRESOLVED,NOT_YET_COPIED,EXP-012,CAN-F2-B,True,False,False,False,False,,UNCLASSIFIED,ELIGIBLE_PRIMARY_CANDIDATE,C:\RSOS\Training data\F2_B_FRESH_WILDCHAT,PHASE8B_R2
C:\RSOS\Training data\F2_B_FRESH_WILDCHAT\train-00052-of-00086.parquet,train-00052-of-00086.parquet,.parquet,217887036,2026-09-11T23:10:47.2083896Z,2026-09-11T23:12:21.1425877Z,OTHER_SOURCE,PRIMARY_OR_UNRESOLVED,NOT_YET_COPIED,EXP-012,CAN-F2-B,True,False,False,False,False,,UNCLASSIFIED,ELIGIBLE_PRIMARY_CANDIDATE,C:\RSOS\Training data\F2_B_FRESH_WILDCHAT,PHASE8B_R2
C:\RSOS\Training data\F2_B_FRESH_WILDCHAT\train-00054-of-00086.parquet,train-00054-of-00086.parquet,.parquet,190323883,2026-09-11T23:09:18.2931291Z,2026-09-11T23:10:45.3310996Z,OTHER_SOURCE,PRIMARY_OR_UNRESOLVED,NOT_YET_COPIED,EXP-012,CAN-F2-B,True,False,False,False,False,,UNCLASSIFIED,ELIGIBLE_PRIMARY_CANDIDATE,C:\RSOS\Training data\F2_B_FRESH_WILDCHAT,PHASE8B_R2
C:\RSOS\Training data\F2_BR0_FULL_FINGERPRINT_RECOVERY\01_CANONICAL_INPUTS\F1_BR2_LMARENA_MATCHED_CONTROL\__pycache__\RUN_F1_BR2_LMARENA_MATCHED_CONTROL.cpython-313.pyc,RUN_F1_BR2_LMARENA_MATCHED_CONTROL.cpython-313.pyc,.pyc,30608,2026-09-11T22:07:30.1465945Z,2026-09-11T19:57:10.8049535Z,OTHER_SOURCE,PRIMARY_OR_UNRESOLVED,NOT_YET_COPIED,EXP-012,CAN-F2-B,True,False,True,True,False,,00_CONTROL,EXCLUDE_RUNTIME_OR_LIBRARY,C:\RSOS\Training data\F2_BR0_FULL_FINGERPRINT_RECOVERY,PHASE8B_R2
C:\RSOS\Training data\F2_BR0_FULL_FINGERPRINT_RECOVERY\01_CANONICAL_INPUTS\F1_BR2_LMARENA_MATCHED_CONTROL\__pycache__\RUN_F1_BR2_V2_EXACT_EXTRACTOR.cpython-313.pyc,RUN_F1_BR2_V2_EXACT_EXTRACTOR.cpython-313.pyc,.pyc,41240,2026-09-11T22:07:30.1475944Z,2026-09-11T20:08:21.1071597Z,OTHER_SOURCE,PRIMARY_OR_UNRESOLVED,NOT_YET_COPIED,EXP-012,CAN-F2-B,True,False,True,True,False,,UNCLASSIFIED,EXCLUDE_RUNTIME_OR_LIBRARY,C:\RSOS\Training data\F2_BR0_FULL_FINGERPRINT_RECOVERY,PHASE8B_R2
C:\RSOS\Training data\F2_BR0_FULL_FINGERPRINT_RECOVERY\01_CANONICAL_INPUTS\F1_BR2_LMARENA_MATCHED_CONTROL\00_INPUTS\F1_BR1_BLIND_RSOS_CORPUS_REDISCOVERY_RESULTS_PACKAGE.zip,F1_BR1_BLIND_RSOS_CORPUS_REDISCOVERY_RESULTS_PACKAGE.zip,.zip,2110934,2026-09-11T22:07:26.7856035Z,2026-09-11T19:43:24.4204243Z,RESULT_OR_OUTPUT,PRIMARY_OR_UNRESOLVED,NOT_YET_COPIED,EXP-012,CAN-F2-B,True,False,False,True,False,,02_INPUTS,REFERENCE_COPY_OR_PROVENANCE,C:\RSOS\Training data\F2_BR0_FULL_FINGERPRINT_RECOVERY,PHASE8B_R2
C:\RSOS\Training data\F2_BR0_FULL_FINGERPRINT_RECOVERY\01_CANONICAL_INPUTS\F1_BR2_LMARENA_MATCHED_CONTROL\00_INPUTS\LMARENA_SEARCH_INDEX.csv,LMARENA_SEARCH_INDEX.csv,.csv,12228075,2026-09-11T22:07:26.8046088Z,2026-09-11T16:08:10.2512930Z,OTHER_SOURCE,PRIMARY_OR_UNRESOLVED,NOT_YET_COPIED,EXP-012,CAN-F2-B,True,False,False,True,False,,00_CONTROL,REFERENCE_COPY_OR_PROVENANCE,C:\RSOS\Training data\F2_BR0_FULL_FINGERPRINT_RECOVERY,PHASE8B_R2
C:\RSOS\Training data\F2_BR0_FULL_FINGERPRINT_RECOVERY\01_CANONICAL_INPUTS\F1_BR2_LMARENA_MATCHED_CONTROL\00_INPUTS\LMARENA_SEARCH_INDEX.parquet,LMARENA_SEARCH_INDEX.parquet,.parquet,3987486,2026-09-11T22:07:26.9040842Z,2026-09-11T16:08:09.8606736Z,OTHER_SOURCE,PRIMARY_OR_UNRESOLVED,NOT_YET_COPIED,EXP-012,CAN-F2-B,True,False,False,True,False,,00_CONTROL,REFERENCE_COPY_OR_PROVENANCE,C:\RSOS\Training data\F2_BR0_FULL_FINGERPRINT_RECOVERY,PHASE8B_R2
C:\RSOS\Training data\F2_BR0_FULL_FINGERPRINT_RECOVERY\01_CANONICAL_INPUTS\F1_BR2_LMARENA_MATCHED_CONTROL\00_INPUTS\train-00000-of-00007__BLIND_STRUCTURAL_MATRIX.parquet,train-00000-of-00007__BLIND_STRUCTURAL_MATRIX.parquet,.parquet,3513745,2026-09-11T22:07:26.9720150Z,2026-09-11T16:08:03.8536787Z,OTHER_SOURCE,PRIMARY_OR_UNRESOLVED,NOT_YET_COPIED,EXP-012,CAN-F2-B,True,False,False,True,False,,UNCLASSIFIED,REFERENCE_COPY_OR_PROVENANCE,C:\RSOS\Training data\F2_BR0_FULL_FINGERPRINT_RECOVERY,PHASE8B_R2
C:\RSOS\Training data\F2_BR0_FULL_FINGERPRINT_RECOVERY\01_CANONICAL_INPUTS\F1_BR2_LMARENA_MATCHED_CONTROL\00_INPUTS\train-00000-of-00007__DEVELOPMENT_HOLDOUT.parquet,train-00000-of-00007__DEVELOPMENT_HOLDOUT.parquet,.parquet,36603397,2026-09-11T22:07:27.0389133Z,2026-09-11T16:08:06.2359254Z,OTHER_SOURCE,PRIMARY_OR_UNRESOLVED,NOT_YET_COPIED,EXP-012,CAN-F2-B,True,False,False,True,False,,UNCLASSIFIED,REFERENCE_COPY_OR_PROVENANCE,C:\RSOS\Training data\F2_BR0_FULL_FINGERPRINT_RECOVERY,PHASE8B_R2
C:\RSOS\Training data\F2_BR0_FULL_FINGERPRINT_RECOVERY\01_CANONICAL_INPUTS\F1_BR2_LMARENA_MATCHED_CONTROL\00_INPUTS\train-00000-of-00007__DEVELOPMENT_TRAIN.parquet,train-00000-of-00007__DEVELOPMENT_TRAIN.parquet,.parquet,74349865,2026-09-11T22:07:27.3231089Z,2026-09-11T16:08:05.0641505Z,OTHER_SOURCE,PRIMARY_OR_UNRESOLVED,NOT_YET_COPIED,EXP-012,CAN-F2-B,True,False,False,True,False,,UNCLASSIFIED,REFERENCE_COPY_OR_PROVENANCE,C:\RSOS\Training data\F2_BR0_FULL_FINGERPRINT_RECOVERY,PHASE8B_R2
C:\RSOS\Training data\F2_BR0_FULL_FINGERPRINT_RECOVERY\01_CANONICAL_INPUTS\F1_BR2_LMARENA_MATCHED_CONTROL\00_INPUTS\train-00000-of-00007__DEVELOPMENT_VALIDATION.parquet,train-00000-of-00007__DEVELOPMENT_VALIDATION.parquet,.parquet,36926849,2026-09-11T22:07:27.8629201Z,2026-09-11T16:08:05.6578593Z,OTHER_SOURCE,PRIMARY_OR_UNRESOLVED,NOT_YET_COPIED,EXP-012,CAN-F2-B,True,False,False,True,False,,UNCLASSIFIED,REFERENCE_COPY_OR_PROVENANCE,C:\RSOS\Training data\F2_BR0_FULL_FINGERPRINT_RECOVERY,PHASE8B_R2
C:\RSOS\Training data\F2_BR0_FULL_FINGERPRINT_RECOVERY\01_CANONICAL_INPUTS\F1_BR2_LMARENA_MATCHED_CONTROL\00_INPUTS\train-00000-of-00007__V12_V18_ARMS.parquet,train-00000-of-00007__V12_V18_ARMS.parquet,.parquet,147680042,2026-09-11T22:07:28.1229312Z,2026-09-11T16:08:03.6818145Z,OTHER_SOURCE,PRIMARY_OR_UNRESOLVED,NOT_YET_COPIED,EXP-012,CAN-F2-B,True,False,False,True,False,,UNCLASSIFIED,REFERENCE_COPY_OR_PROVENANCE,C:\RSOS\Training data\F2_BR0_FULL_FINGERPRINT_RECOVERY,PHASE8B_R2
C:\RSOS\Training data\F2_BR0_FULL_FINGERPRINT_RECOVERY\01_CANONICAL_INPUTS\F1_BR2_LMARENA_MATCHED_CONTROL\00_INPUTS\train-00000-of-00007__V12_V18_PAIRS.parquet,train-00000-of-00007__V12_V18_PAIRS.parquet,.parquet,2247476,2026-09-11T22:07:28.9754956Z,2026-09-11T16:08:01.3920425Z,OTHER_SOURCE,PRIMARY_OR_UNRESOLVED,NOT_YET_COPIED,EXP-012,CAN-F2-B,True,False,False,True,False,,UNCLASSIFIED,REFERENCE_COPY_OR_PROVENANCE,C:\RSOS\Training data\F2_BR0_FULL_FINGERPRINT_RECOVERY,PHASE8B_R2
C:\RSOS\Training data\F2_BR0_FULL_FINGERPRINT_RECOVERY\01_CANONICAL_INPUTS\F1_BR2_LMARENA_MATCHED_CONTROL\00_MANIFEST\BR1_R1_MODEL_SHA256.txt,BR1_R1_MODEL_SHA256.txt,.txt,66,2026-09-11T22:07:29.0135275Z,2026-09-11T19:57:43.2762571Z,OTHER_SOURCE,PRIMARY_OR_UNRESOLVED,NOT_YET_COPIED,EXP-012,CAN-F2-B,True,False,False,True,False,,09_FREEZE,REFERENCE_COPY_OR_PROVENANCE,C:\RSOS\Training data\F2_BR0_FULL_FINGERPRINT_RECOVERY,PHASE8B_R2
C:\RSOS\Training data\F2_BR0_FULL_FINGERPRINT_RECOVERY\01_CANONICAL_INPUTS\F1_BR2_LMARENA_MATCHED_CONTROL\00_MANIFEST\FROZEN_INPUT_SHA256.csv,FROZEN_INPUT_SHA256.csv,.csv,1094,2026-09-11T22:07:29.0314007Z,2026-09-11T19:57:18.8742368Z,AUTHORITY_OR_FREEZE,PRIMARY_OR_UNRESOLVED,NOT_YET_COPIED,EXP-012,CAN-F2-B,True,False,False,True,False,,09_FREEZE,REFERENCE_COPY_OR_PROVENANCE,C:\RSOS\Training data\F2_BR0_FULL_FINGERPRINT_RECOVERY,PHASE8B_R2
C:\RSOS\Training data\F2_BR0_FULL_FINGERPRINT_RECOVERY\01_CANONICAL_INPUTS\F1_BR2_LMARENA_MATCHED_CONTROL\00_MANIFEST\INPUT_MANIFEST_CROSSCHECK.csv,INPUT_MANIFEST_CROSSCHECK.csv,.csv,1792,2026-09-11T22:07:29.0469057Z,2026-09-11T19:57:24.1415831Z,OTHER_SOURCE,PRIMARY_OR_UNRESOLVED,NOT_YET_COPIED,EXP-012,CAN-F2-B,True,False,False,True,False,,02_INPUTS,REFERENCE_COPY_OR_PROVENANCE,C:\RSOS\Training data\F2_BR0_FULL_FINGERPRINT_RECOVERY,PHASE8B_R2
C:\RSOS\Training data\F2_BR0_FULL_FINGERPRINT_RECOVERY\01_CANONICAL_INPUTS\F1_BR2_LMARENA_MATCHED_CONTROL\01_BR1_FROZEN\F1_BR1_RESULTS_PACKAGE\00_MANIFEST\COMPLETE_CURRENT_OUTPUT_SHA256.csv,COMPLETE_CURRENT_OUTPUT_SHA256.csv,.csv,61539,2026-09-11T22:07:29.1269536Z,2026-09-11T19:57:25.5197258Z,AUTHORITY_OR_FREEZE|RESULT_OR_OUTPUT,PRIMARY_OR_UNRESOLVED,NOT_YET_COPIED,EXP-012,CAN-F2-B,True,False,False,True,False,,09_FREEZE,REFERENCE_COPY_OR_PROVENANCE,C:\RSOS\Training data\F2_BR0_FULL_FINGERPRINT_RECOVERY,PHASE8B_R2
C:\RSOS\Training data\F2_BR0_FULL_FINGERPRINT_RECOVERY\01_CANONICAL_INPUTS\F1_BR2_LMARENA_MATCHED_CONTROL\01_BR1_FROZEN\F1_BR1_RESULTS_PACKAGE\00_MANIFEST\INPUT_SHA256.txt,INPUT_SHA256.txt,.txt,1668,2026-09-11T22:07:29.1388735Z,2026-09-11T19:57:26.0449215Z,OTHER_SOURCE,PRIMARY_OR_UNRESOLVED,NOT_YET_COPIED,EXP-012,CAN-F2-B,True,False,False,True,False,,09_FREEZE,REFERENCE_COPY_OR_PROVENANCE,C:\RSOS\Training data\F2_BR0_FULL_FINGERPRINT_RECOVERY,PHASE8B_R2
C:\RSOS\Training data\F2_BR0_FULL_FINGERPRINT_RECOVERY\01_CANONICAL_INPUTS\F1_BR2_LMARENA_MATCHED_CONTROL\01_BR1_FROZEN\F1_BR1_RESULTS_PACKAGE\00_MANIFEST\PACKAGE_STATUS.txt,PACKAGE_STATUS.txt,.txt,520,2026-09-11T22:07:29.1477367Z,2026-09-11T19:57:26.2146684Z,AUTHORITY_OR_FREEZE,PRIMARY_OR_UNRESOLVED,NOT_YET_COPIED,EXP-012,CAN-F2-B,True,False,False,True,False,,00_CONTROL,REFERENCE_COPY_OR_PROVENANCE,C:\RSOS\Training data\F2_BR0_FULL_FINGERPRINT_RECOVERY,PHASE8B_R2
C:\RSOS\Training data\F2_BR0_FULL_FINGERPRINT_RECOVERY\01_CANONICAL_INPUTS\F1_BR2_LMARENA_MATCHED_CONTROL\01_BR1_FROZEN\F1_BR1_RESULTS_PACKAGE\02_LABELS\build_message_mentions.py,build_message_mentions.py,.py,2250,2026-09-11T22:07:29.1826967Z,2026-09-11T19:57:26.5227310Z,OTHER_SOURCE,PRIMARY_OR_UNRESOLVED,NOT_YET_COPIED,EXP-012,CAN-F2-B,True,False,False,True,False,,UNCLASSIFIED,REFERENCE_COPY_OR_PROVENANCE,C:\RSOS\Training data\F2_BR0_FULL_FINGERPRINT_RECOVERY,PHASE8B_R2
C:\RSOS\Training data\F2_BR0_FULL_FINGERPRINT_RECOVERY\01_CANONICAL_INPUTS\F1_BR2_LMARENA_MATCHED_CONTROL\01_BR1_FROZEN\F1_BR1_RESULTS_PACKAGE\02_LABELS\MESSAGE_LINEAGE_MENTIONS.csv,MESSAGE_LINEAGE_MENTIONS.csv,.csv,3430610,2026-09-11T22:07:29.1984462Z,2026-09-11T19:57:26.5217564Z,OTHER_SOURCE,PRIMARY_OR_UNRESOLVED,NOT_YET_COPIED,EXP-012,CAN-F2-B,True,False,False,True,False,,UNCLASSIFIED,REFERENCE_COPY_OR_PROVENANCE,C:\RSOS\Training data\F2_BR0_FULL_FINGERPRINT_RECOVERY,PHASE8B_R2
C:\RSOS\Training data\F2_BR0_FULL_FINGERPRINT_RECOVERY\01_CANONICAL_INPUTS\F1_BR2_LMARENA_MATCHED_CONTROL\01_BR1_FROZEN\F1_BR1_RESULTS_PACKAGE\04_SPLITS\EARLY_NEG_IDS.json,EARLY_NEG_IDS.json,.json,3268,2026-09-11T22:07:29.2605104Z,2026-09-11T19:57:27.3866635Z,OTHER_SOURCE,PRIMARY_OR_UNRESOLVED,NOT_YET_COPIED,EXP-012,CAN-F2-B,True,False,False,True,False,,UNCLASSIFIED,REFERENCE_COPY_OR_PROVENANCE,C:\RSOS\Training data\F2_BR0_FULL_FINGERPRINT_RECOVERY,PHASE8B_R2
C:\RSOS\Training data\F2_BR0_FULL_FINGERPRINT_RECOVERY\01_CANONICAL_INPUTS\F1_BR2_LMARENA_MATCHED_CONTROL\01_BR1_FROZEN\F1_BR1_RESULTS_PACKAGE\04_SPLITS\EARLY_NEG_MATCH_REGISTRY.csv,EARLY_NEG_MATCH_REGISTRY.csv,.csv,8364,2026-09-11T22:07:29.2718869Z,2026-09-11T19:57:27.3896548Z,OTHER_SOURCE,PRIMARY_OR_UNRESOLVED,NOT_YET_COPIED,EXP-012,CAN-F2-B,True,False,False,True,False,,UNCLASSIFIED,REFERENCE_COPY_OR_PROVENANCE,C:\RSOS\Training data\F2_BR0_FULL_FINGERPRINT_RECOVERY,PHASE8B_R2
C:\RSOS\Training data\F2_BR0_FULL_FINGERPRINT_RECOVERY\01_CANONICAL_INPUTS\F1_BR2_LMARENA_MATCHED_CONTROL\01_BR1_FROZEN\F1_BR1_RESULTS_PACKAGE\04_SPLITS\EARLY_POS_IDS.json,EARLY_POS_IDS.json,.json,1849,2026-09-11T22:07:29.2827202Z,2026-09-11T19:57:27.9533546Z,OTHER_SOURCE,PRIMARY_OR_UNRESOLVED,NOT_YET_COPIED,EXP-012,CAN-F2-B,True,False,False,True,False,,UNCLASSIFIED,REFERENCE_COPY_OR_PROVENANCE,C:\RSOS\Training data\F2_BR0_FULL_FINGERPRINT_RECOVERY,PHASE8B_R2
C:\RSOS\Training data\F2_BR0_FULL_FINGERPRINT_RECOVERY\01_CANONICAL_INPUTS\F1_BR2_LMARENA_MATCHED_CONTROL\01_BR1_FROZEN\F1_BR1_RESULTS_PACKAGE\04_SPLITS\EARLY_POS_USABLE.csv,EARLY_POS_USABLE.csv,.csv,2093,2026-09-11T22:07:29.3329962Z,2026-09-11T19:57:27.9553534Z,OTHER_SOURCE,PRIMARY_OR_UNRESOLVED,NOT_YET_COPIED,EXP-012,CAN-F2-B,True,False,False,True,False,,UNCLASSIFIED,REFERENCE_COPY_OR_PROVENANCE,C:\RSOS\Training data\F2_BR0_FULL_FINGERPRINT_RECOVERY,PHASE8B_R2
C:\RSOS\Training data\F2_BR0_FULL_FINGERPRINT_RECOVERY\01_CANONICAL_INPUTS\F1_BR2_LMARENA_MATCHED_CONTROL\01_BR1_FROZEN\F1_BR1_RESULTS_PACKAGE\04_SPLITS\HOLDOUT_MATCHED_PAIRS.csv,HOLDOUT_MATCHED_PAIRS.csv,.csv,3661,2026-09-11T22:07:29.3436167Z,2026-09-11T19:57:28.2170606Z,OTHER_SOURCE,PRIMARY_OR_UNRESOLVED,NOT_YET_COPIED,EXP-012,CAN-F2-B,True,False,False,True,False,,UNCLASSIFIED,REFERENCE_COPY_OR_PROVENANCE,C:\RSOS\Training data\F2_BR0_FULL_FINGERPRINT_RECOVERY,PHASE8B_R2
C:\RSOS\Training data\F2_BR0_FULL_FINGERPRINT_RECOVERY\01_CANONICAL_INPUTS\F1_BR2_LMARENA_MATCHED_CONTROL\01_BR1_FROZEN\F1_BR1_RESULTS_PACKAGE\04_SPLITS\LATER_HOLD_NEG_IDS.json,LATER_HOLD_NEG_IDS.json,.json,7568,2026-09-11T22:07:29.3549050Z,2026-09-11T19:57:28.8118158Z,OTHER_SOURCE,PRIMARY_OR_UNRESOLVED,NOT_YET_COPIED,EXP-012,CAN-F2-B,True,False,False,True,False,,UNCLASSIFIED,REFERENCE_COPY_OR_PROVENANCE,C:\RSOS\Training data\F2_BR0_FULL_FINGERPRINT_RECOVERY,PHASE8B_R2
C:\RSOS\Training data\F2_BR0_FULL_FINGERPRINT_RECOVERY\01_CANONICAL_INPUTS\F1_BR2_LMARENA_MATCHED_CONTROL\01_BR1_FROZEN\F1_BR1_RESULTS_PACKAGE\04_SPLITS\LATER_HOLD_POS_IDS.json,LATER_HOLD_POS_IDS.json,.json,6235,2026-09-11T22:07:29.3671946Z,2026-09-11T19:57:29.5352911Z,OTHER_SOURCE,PRIMARY_OR_UNRESOLVED,NOT_YET_COPIED,EXP-012,CAN-F2-B,True,False,False,True,False,,UNCLASSIFIED,REFERENCE_COPY_OR_PROVENANCE,C:\RSOS\Training data\F2_BR0_FULL_FINGERPRINT_RECOVERY,PHASE8B_R2
C:\RSOS\Training data\F2_BR0_FULL_FINGERPRINT_RECOVERY\01_CANONICAL_INPUTS\F1_BR2_LMARENA_MATCHED_CONTROL\01_BR1_FROZEN\F1_BR1_RESULTS_PACKAGE\04_SPLITS\LATER_NEG_POOL_REGISTRY.csv,LATER_NEG_POOL_REGISTRY.csv,.csv,16296,2026-09-11T22:07:29.3782113Z,2026-09-11T19:57:30.1606019Z,OTHER_SOURCE,PRIMARY_OR_UNRESOLVED,NOT_YET_COPIED,EXP-012,CAN-F2-B,True,False,False,True,False,,UNCLASSIFIED,REFERENCE_COPY_OR_PROVENANCE,C:\RSOS\Training data\F2_BR0_FULL_FINGERPRINT_RECOVERY,PHASE8B_R2
C:\RSOS\Training data\F2_BR0_FULL_FINGERPRINT_RECOVERY\01_CANONICAL_INPUTS\F1_BR2_LMARENA_MATCHED_CONTROL\01_BR1_FROZEN\F1_BR1_RESULTS_PACKAGE\04_SPLITS\LATER_POS_REGISTRY.csv,LATER_POS_REGISTRY.csv,.csv,22302,2026-09-11T22:07:29.3891771Z,2026-09-11T19:57:30.3354642Z,OTHER_SOURCE,PRIMARY_OR_UNRESOLVED,NOT_YET_COPIED,EXP-012,CAN-F2-B,True,False,False,True,False,,UNCLASSIFIED,REFERENCE_COPY_OR_PROVENANCE,C:\RSOS\Training data\F2_BR0_FULL_FINGERPRINT_RECOVERY,PHASE8B_R2
C:\RSOS\Training data\F2_BR0_FULL_FINGERPRINT_RECOVERY\01_CANONICAL_INPUTS\F1_BR2_LMARENA_MATCHED_CONTROL\01_BR1_FROZEN\F1_BR1_RESULTS_PACKAGE\04_SPLITS\LATER_VAL_NEG_IDS.json,LATER_VAL_NEG_IDS.json,.json,688,2026-09-11T22:07:29.4012440Z,2026-09-11T19:57:30.4250262Z,OTHER_SOURCE,PRIMARY_OR_UNRESOLVED,NOT_YET_COPIED,EXP-012,CAN-F2-B,True,False,False,True,False,,UNCLASSIFIED,REFERENCE_COPY_OR_PROVENANCE,C:\RSOS\Training data\F2_BR0_FULL_FINGERPRINT_RECOVERY,PHASE8B_R2
C:\RSOS\Training data\F2_BR0_FULL_FINGERPRINT_RECOVERY\01_CANONICAL_INPUTS\F1_BR2_LMARENA_MATCHED_CONTROL\01_BR1_FROZEN\F1_BR1_RESULTS_PACKAGE\04_SPLITS\LATER_VAL_POS_IDS.json,LATER_VAL_POS_IDS.json,.json,4687,2026-09-11T22:07:29.4117560Z,2026-09-11T19:57:30.5464780Z,OTHER_SOURCE,PRIMARY_OR_UNRESOLVED,NOT_YET_COPIED,EXP-012,CAN-F2-B,True,False,False,True,False,,UNCLASSIFIED,REFERENCE_COPY_OR_PROVENANCE,C:\RSOS\Training data\F2_BR0_FULL_FINGERPRINT_RECOVERY,PHASE8B_R2
C:\RSOS\Training data\F2_BR0_FULL_FINGERPRINT_RECOVERY\01_CANONICAL_INPUTS\F1_BR2_LMARENA_MATCHED_CONTROL\01_BR1_FROZEN\F1_BR1_RESULTS_PACKAGE\04_SPLITS\VALIDATION_MATCHED_PAIRS.csv,VALIDATION_MATCHED_PAIRS.csv,.csv,454,2026-09-11T22:07:29.4232279Z,2026-09-11T19:57:30.8021320Z,OTHER_SOURCE,PRIMARY_OR_UNRESOLVED,NOT_YET_COPIED,EXP-012,CAN-F2-B,True,False,False,True,False,,UNCLASSIFIED,REFERENCE_COPY_OR_PROVENANCE,C:\RSOS\Training data\F2_BR0_FULL_FINGERPRINT_RECOVERY,PHASE8B_R2
C:\RSOS\Training data\F2_BR0_FULL_FINGERPRINT_RECOVERY\01_CANONICAL_INPUTS\F1_BR2_LMARENA_MATCHED_CONTROL\01_BR1_FROZEN\F1_BR1_RESULTS_PACKAGE\05_FEATURES\build_f1_features.py,build_f1_features.py,.py,12174,2026-09-11T22:07:29.4411132Z,2026-09-11T19:57:36.6754284Z,RESULT_OR_OUTPUT,PRIMARY_OR_UNRESOLVED,NOT_YET_COPIED,EXP-012,CAN-F2-B,True,False,False,True,False,,05_OUTPUTS,REFERENCE_COPY_OR_PROVENANCE,C:\RSOS\Training data\F2_BR0_FULL_FINGERPRINT_RECOVERY,PHASE8B_R2
C:\RSOS\Training data\F2_BR0_FULL_FINGERPRINT_RECOVERY\01_CANONICAL_INPUTS\F1_BR2_LMARENA_MATCHED_CONTROL\01_BR1_FROZEN\F1_BR1_RESULTS_PACKAGE\05_FEATURES\EARLY_NEG_DROPOUT_FEATURES.csv,EARLY_NEG_DROPOUT_FEATURES.csv,.csv,94982,2026-09-11T22:07:29.4539345Z,2026-09-11T19:57:31.2333973Z,RESULT_OR_OUTPUT,PRIMARY_OR_UNRESOLVED,NOT_YET_COPIED,EXP-012,CAN-F2-B,True,False,False,True,False,,05_OUTPUTS,REFERENCE_COPY_OR_PROVENANCE,C:\RSOS\Training data\F2_BR0_FULL_FINGERPRINT_RECOVERY,PHASE8B_R2
C:\RSOS\Training data\F2_BR0_FULL_FINGERPRINT_RECOVERY\01_CANONICAL_INPUTS\F1_BR2_LMARENA_MATCHED_CONTROL\01_BR1_FROZEN\F1_BR1_RESULTS_PACKAGE\05_FEATURES\EARLY_NEG_FEATURES.csv,EARLY_NEG_FEATURES.csv,.csv,95072,2026-09-11T22:07:29.4601768Z,2026-09-11T19:57:31.4546801Z,RESULT_OR_OUTPUT,PRIMARY_OR_UNRESOLVED,NOT_YET_COPIED,EXP-012,CAN-F2-B,True,False,False,True,False,,05_OUTPUTS,REFERENCE_COPY_OR_PROVENANCE,C:\RSOS\Training data\F2_BR0_FULL_FINGERPRINT_RECOVERY,PHASE8B_R2
C:\RSOS\Training data\F2_BR0_FULL_FINGERPRINT_RECOVERY\01_CANONICAL_INPUTS\F1_BR2_LMARENA_MATCHED_CONTROL\01_BR1_FROZEN\F1_BR1_RESULTS_PACKAGE\05_FEATURES\EARLY_POS_DROPOUT_FEATURES.csv,EARLY_POS_DROPOUT_FEATURES.csv,.csv,32880,2026-09-11T22:07:29.4727525Z,2026-09-11T19:57:32.2168555Z,RESULT_OR_OUTPUT,PRIMARY_OR_UNRESOLVED,NOT_YET_COPIED,EXP-012,CAN-F2-B,True,False,False,True,False,,05_OUTPUTS,REFERENCE_COPY_OR_PROVENANCE,C:\RSOS\Training data\F2_BR0_FULL_FINGERPRINT_RECOVERY,PHASE8B_R2
C:\RSOS\Training data\F2_BR0_FULL_FINGERPRINT_RECOVERY\01_CANONICAL_INPUTS\F1_BR2_LMARENA_MATCHED_CONTROL\01_BR1_FROZEN\F1_BR1_RESULTS_PACKAGE\05_FEATURES\EARLY_POS_FEATURES.csv,EARLY_POS_FEATURES.csv,.csv,55762,2026-09-11T22:07:29.4783109Z,2026-09-11T19:57:32.8206132Z,RESULT_OR_OUTPUT,PRIMARY_OR_UNRESOLVED,NOT_YET_COPIED,EXP-012,CAN-F2-B,True,False,False,True,False,,05_OUTPUTS,REFERENCE_COPY_OR_PROVENANCE,C:\RSOS\Training data\F2_BR0_FULL_FINGERPRINT_RECOVERY,PHASE8B_R2
C:\RSOS\Training data\F2_BR0_FULL_FINGERPRINT_RECOVERY\01_CANONICAL_INPUTS\F1_BR2_LMARENA_MATCHED_CONTROL\01_BR1_FROZEN\F1_BR1_RESULTS_PACKAGE\05_FEATURES\extract_dropout_fast.py,extract_dropout_fast.py,.py,8758,2026-09-11T22:07:29.4841079Z,2026-09-11T19:57:37.5210057Z,OTHER_SOURCE,PRIMARY_OR_UNRESOLVED,NOT_YET_COPIED,EXP-012,CAN-F2-B,True,False,False,True,False,,UNCLASSIFIED,REFERENCE_COPY_OR_PROVENANCE,C:\RSOS\Training data\F2_BR0_FULL_FINGERPRINT_RECOVERY,PHASE8B_R2
C:\RSOS\Training data\F2_BR0_FULL_FINGERPRINT_RECOVERY\01_CANONICAL_INPUTS\F1_BR2_LMARENA_MATCHED_CONTROL\01_BR1_FROZEN\F1_BR1_RESULTS_PACKAGE\05_FEATURES\extract_segment_features.py,extract_segment_features.py,.py,9496,2026-09-11T22:07:29.4922302Z,2026-09-11T19:57:37.7558312Z,RESULT_OR_OUTPUT,PRIMARY_OR_UNRESOLVED,NOT_YET_COPIED,EXP-012,CAN-F2-B,True,False,False,True,False,,05_OUTPUTS,REFERENCE_COPY_OR_PROVENANCE,C:\RSOS\Training data\F2_BR0_FULL_FINGERPRINT_RECOVERY,PHASE8B_R2
C:\RSOS\Training data\F2_BR0_FULL_FINGERPRINT_RECOVERY\01_CANONICAL_INPUTS\F1_BR2_LMARENA_MATCHED_CONTROL\01_BR1_FROZEN\F1_BR1_RESULTS_PACKAGE\05_FEATURES\extract_set_fast.py,extract_set_fast.py,.py,8702,2026-09-11T22:07:29.4979204Z,2026-09-11T19:57:38.2977502Z,OTHER_SOURCE,PRIMARY_OR_UNRESOLVED,NOT_YET_COPIED,EXP-012,CAN-F2-B,True,False,False,True,False,,UNCLASSIFIED,REFERENCE_COPY_OR_PROVENANCE,C:\RSOS\Training data\F2_BR0_FULL_FINGERPRINT_RECOVERY,PHASE8B_R2
C:\RSOS\Training data\F2_BR0_FULL_FINGERPRINT_RECOVERY\01_CANONICAL_INPUTS\F1_BR2_LMARENA_MATCHED_CONTROL\01_BR1_FROZEN\F1_BR1_RESULTS_PACKAGE\05_FEATURES\LATER_HOLD_NEG_DROPOUT_FEATURES.csv,LATER_HOLD_NEG_DROPOUT_FEATURES.csv,.csv,184421,2026-09-11T22:07:29.5035884Z,2026-09-11T19:57:33.4596760Z,RESULT_OR_OUTPUT,PRIMARY_OR_UNRESOLVED,NOT_YET_COPIED,EXP-012,CAN-F2-B,True,False,False,True,False,,05_OUTPUTS,REFERENCE_COPY_OR_PROVENANCE,C:\RSOS\Training data\F2_BR0_FULL_FINGERPRINT_RECOVERY,PHASE8B_R2
C:\RSOS\Training data\F2_BR0_FULL_FINGERPRINT_RECOVERY\01_CANONICAL_INPUTS\F1_BR2_LMARENA_MATCHED_CONTROL\01_BR1_FROZEN\F1_BR1_RESULTS_PACKAGE\05_FEATURES\LATER_HOLD_NEG_FEATURES.csv,LATER_HOLD_NEG_FEATURES.csv,.csv,201593,2026-09-11T22:07:29.5086200Z,2026-09-11T19:57:33.8659782Z,RESULT_OR_OUTPUT,PRIMARY_OR_UNRESOLVED,NOT_YET_COPIED,EXP-012,CAN-F2-B,True,False,False,True,False,,05_OUTPUTS,REFERENCE_COPY_OR_PROVENANCE,C:\RSOS\Training data\F2_BR0_FULL_FINGERPRINT_RECOVERY,PHASE8B_R2
C:\RSOS\Training data\F2_BR0_FULL_FINGERPRINT_RECOVERY\01_CANONICAL_INPUTS\F1_BR2_LMARENA_MATCHED_CONTROL\01_BR1_FROZEN\F1_BR1_RESULTS_PACKAGE\05_FEATURES\LATER_HOLD_POS_DROPOUT_FEATURES.csv,LATER_HOLD_POS_DROPOUT_FEATURES.csv,.csv,162720,2026-09-11T22:07:29.5108019Z,2026-09-11T19:57:34.0680023Z,RESULT_OR_OUTPUT,PRIMARY_OR_UNRESOLVED,NOT_YET_COPIED,EXP-012,CAN-F2-B,True,False,False,True,False,,05_OUTPUTS,REFERENCE_COPY_OR_PROVENANCE,C:\RSOS\Training data\F2_BR0_FULL_FINGERPRINT_RECOVERY,PHASE8B_R2
C:\RSOS\Training data\F2_BR0_FULL_FINGERPRINT_RECOVERY\01_CANONICAL_INPUTS\F1_BR2_LMARENA_MATCHED_CONTROL\01_BR1_FROZEN\F1_BR1_RESULTS_PACKAGE\05_FEATURES\LATER_HOLD_POS_FEATURES.csv,LATER_HOLD_POS_FEATURES.csv,.csv,188434,2026-09-11T22:07:29.5128007Z,2026-09-11T19:57:34.0743556Z,RESULT_OR_OUTPUT,PRIMARY_OR_UNRESOLVED,NOT_YET_COPIED,EXP-012,CAN-F2-B,True,False,False,True,False,,05_OUTPUTS,REFERENCE_COPY_OR_PROVENANCE,C:\RSOS\Training data\F2_BR0_FULL_FINGERPRINT_RECOVERY,PHASE8B_R2
C:\RSOS\Training data\F2_BR0_FULL_FINGERPRINT_RECOVERY\01_CANONICAL_INPUTS\F1_BR2_LMARENA_MATCHED_CONTROL\01_BR1_FROZEN\F1_BR1_RESULTS_PACKAGE\05_FEATURES\LATER_VAL_NEG_DROPOUT_FEATURES.csv,LATER_VAL_NEG_DROPOUT_FEATURES.csv,.csv,17947,2026-09-11T22:07:29.5242472Z,2026-09-11T19:57:34.7303097Z,RESULT_OR_OUTPUT,PRIMARY_OR_UNRESOLVED,NOT_YET_COPIED,EXP-012,CAN-F2-B,True,False,False,True,False,,05_OUTPUTS,REFERENCE_COPY_OR_PROVENANCE,C:\RSOS\Training data\F2_BR0_FULL_FINGERPRINT_RECOVERY,PHASE8B_R2
C:\RSOS\Training data\F2_BR0_FULL_FINGERPRINT_RECOVERY\01_CANONICAL_INPUTS\F1_BR2_LMARENA_MATCHED_CONTROL\01_BR1_FROZEN\F1_BR1_RESULTS_PACKAGE\05_FEATURES\LATER_VAL_NEG_FEATURES.csv,LATER_VAL_NEG_FEATURES.csv,.csv,19206,2026-09-11T22:07:29.5252674Z,2026-09-11T19:57:34.8729807Z,RESULT_OR_OUTPUT,PRIMARY_OR_UNRESOLVED,NOT_YET_COPIED,EXP-012,CAN-F2-B,True,False,False,True,False,,05_OUTPUTS,REFERENCE_COPY_OR_PROVENANCE,C:\RSOS\Training data\F2_BR0_FULL_FINGERPRINT_RECOVERY,PHASE8B_R2
C:\RSOS\Training data\F2_BR0_FULL_FINGERPRINT_RECOVERY\01_CANONICAL_INPUTS\F1_BR2_LMARENA_MATCHED_CONTROL\01_BR1_FROZEN\F1_BR1_RESULTS_PACKAGE\05_FEATURES\LATER_VAL_POS_DROPOUT_FEATURES.csv,LATER_VAL_POS_DROPOUT_FEATURES.csv,.csv,95906,2026-09-11T22:07:29.5350846Z,2026-09-11T19:57:35.5976769Z,RESULT_OR_OUTPUT,PRIMARY_OR_UNRESOLVED,NOT_YET_COPIED,EXP-012,CAN-F2-B,True,False,False,True,False,,05_OUTPUTS,REFERENCE_COPY_OR_PROVENANCE,C:\RSOS\Training data\F2_BR0_FULL_FINGERPRINT_RECOVERY,PHASE8B_R2
C:\RSOS\Training data\F2_BR0_FULL_FINGERPRINT_RECOVERY\01_CANONICAL_INPUTS\F1_BR2_LMARENA_MATCHED_CONTROL\01_BR1_FROZEN\F1_BR1_RESULTS_PACKAGE\05_FEATURES\LATER_VAL_POS_FEATURES.csv,LATER_VAL_POS_FEATURES.csv,.csv,144996,2026-09-11T22:07:29.5448029Z,2026-09-11T19:57:36.0713018Z,RESULT_OR_OUTPUT,PRIMARY_OR_UNRESOLVED,NOT_YET_COPIED,EXP-012,CAN-F2-B,True,False,False,True,False,,05_OUTPUTS,REFERENCE_COPY_OR_PROVENANCE,C:\RSOS\Training data\F2_BR0_FULL_FINGERPRINT_RECOVERY,PHASE8B_R2
C:\RSOS\Training data\F2_BR0_FULL_FINGERPRINT_RECOVERY\01_CANONICAL_INPUTS\F1_BR2_LMARENA_MATCHED_CONTROL\01_BR1_FROZEN\F1_BR1_RESULTS_PACKAGE\05_FEATURES\WINDOW12_CONVERSATION_FEATURES.csv,WINDOW12_CONVERSATION_FEATURES.csv,.csv,359617,2026-09-11T22:07:29.5537468Z,2026-09-11T19:57:36.2865983Z,RESULT_OR_OUTPUT,PRIMARY_OR_UNRESOLVED,NOT_YET_COPIED,EXP-012,CAN-F2-B,True,False,False,True,False,,05_OUTPUTS,REFERENCE_COPY_OR_PROVENANCE,C:\RSOS\Training data\F2_BR0_FULL_FINGERPRINT_RECOVERY,PHASE8B_R2
C:\RSOS\Training data\F2_BR0_FULL_FINGERPRINT_RECOVERY\01_CANONICAL_INPUTS\F1_BR2_LMARENA_MATCHED_CONTROL\01_BR1_FROZEN\F1_BR1_RESULTS_PACKAGE\05_FEATURES\WINDOW8_CONVERSATION_FEATURES.csv,WINDOW8_CONVERSATION_FEATURES.csv,.csv,397260,2026-09-11T22:07:29.5645221Z,2026-09-11T19:57:36.4750948Z,RESULT_OR_OUTPUT,PRIMARY_OR_UNRESOLVED,NOT_YET_COPIED,EXP-012,CAN-F2-B,True,False,False,True,False,,05_OUTPUTS,REFERENCE_COPY_OR_PROVENANCE,C:\RSOS\Training data\F2_BR0_FULL_FINGERPRINT_RECOVERY,PHASE8B_R2
C:\RSOS\Training data\F2_BR0_FULL_FINGERPRINT_RECOVERY\01_CANONICAL_INPUTS\F1_BR2_LMARENA_MATCHED_CONTROL\01_BR1_FROZEN\F1_BR1_RESULTS_PACKAGE\06_MODELS\FROZEN_FEATURE_SETS.json,FROZEN_FEATURE_SETS.json,.json,3952,2026-09-11T22:07:29.5786845Z,2026-09-11T19:57:39.6412716Z,AUTHORITY_OR_FREEZE|RESULT_OR_OUTPUT,PRIMARY_OR_UNRESOLVED,NOT_YET_COPIED,EXP-012,CAN-F2-B,True,False,False,True,False,,09_FREEZE,REFERENCE_COPY_OR_PROVENANCE,C:\RSOS\Training data\F2_BR0_FULL_FINGERPRINT_RECOVERY,PHASE8B_R2
C:\RSOS\Training data\F2_BR0_FULL_FINGERPRINT_RECOVERY\01_CANONICAL_INPUTS\F1_BR2_LMARENA_MATCHED_CONTROL\01_BR1_FROZEN\F1_BR1_RESULTS_PACKAGE\06_MODELS\JOINT_MULTILAYER.joblib,JOINT_MULTILAYER.joblib,.joblib,5117,2026-09-11T22:07:29.5841795Z,2026-09-11T19:57:39.6432625Z,OTHER_SOURCE,PRIMARY_OR_UNRESOLVED,NOT_YET_COPIED,EXP-012,CAN-F2-B,True,False,False,True,False,,UNCLASSIFIED,REFERENCE_COPY_OR_PROVENANCE,C:\RSOS\Training data\F2_BR0_FULL_FINGERPRINT_RECOVERY,PHASE8B_R2
C:\RSOS\Training data\F2_BR0_FULL_FINGERPRINT_RECOVERY\01_CANONICAL_INPUTS\F1_BR2_LMARENA_MATCHED_CONTROL\01_BR1_FROZEN\F1_BR1_RESULTS_PACKAGE\06_MODELS\OPERATOR_RELATIONAL.joblib,OPERATOR_RELATIONAL.joblib,.joblib,3725,2026-09-11T22:07:29.5896504Z,2026-09-11T19:57:40.0507682Z,OTHER_SOURCE,PRIMARY_OR_UNRESOLVED,NOT_YET_COPIED,EXP-012,CAN-F2-B,True,False,False,True,False,,UNCLASSIFIED,REFERENCE_COPY_OR_PROVENANCE,C:\RSOS\Training data\F2_BR0_FULL_FINGERPRINT_RECOVERY,PHASE8B_R2
C:\RSOS\Training data\F2_BR0_FULL_FINGERPRINT_RECOVERY\01_CANONICAL_INPUTS\F1_BR2_LMARENA_MATCHED_CONTROL\01_BR1_FROZEN\F1_BR1_RESULTS_PACKAGE\06_MODELS\R1_COMPATIBLE.joblib,R1_COMPATIBLE.joblib,.joblib,2333,2026-09-11T22:07:29.6004624Z,2026-09-11T19:57:40.8137233Z,OTHER_SOURCE,PRIMARY_OR_UNRESOLVED,NOT_YET_COPIED,EXP-012,CAN-F2-B,True,False,False,True,False,,UNCLASSIFIED,REFERENCE_COPY_OR_PROVENANCE,C:\RSOS\Training data\F2_BR0_FULL_FINGERPRINT_RECOVERY,PHASE8B_R2
C:\RSOS\Training data\F2_BR0_FULL_FINGERPRINT_RECOVERY\01_CANONICAL_INPUTS\F1_BR2_LMARENA_MATCHED_CONTROL\01_BR1_FROZEN\F1_BR1_RESULTS_PACKAGE\06_MODELS\SURFACE_FREE.joblib,SURFACE_FREE.joblib,.joblib,2989,2026-09-11T22:07:29.6059976Z,2026-09-11T19:57:41.1210595Z,OTHER_SOURCE,PRIMARY_OR_UNRESOLVED,NOT_YET_COPIED,EXP-012,CAN-F2-B,True,False,False,True,False,,UNCLASSIFIED,REFERENCE_COPY_OR_PROVENANCE,C:\RSOS\Training data\F2_BR0_FULL_FINGERPRINT_RECOVERY,PHASE8B_R2
C:\RSOS\Training data\F2_BR0_FULL_FINGERPRINT_RECOVERY\01_CANONICAL_INPUTS\F1_BR2_LMARENA_MATCHED_CONTROL\01_BR1_FROZEN\F1_BR1_RESULTS_PACKAGE\07_RESULTS\DOMAIN_TOPIC_ASSIGNMENTS_K12.csv,DOMAIN_TOPIC_ASSIGNMENTS_K12.csv,.csv,18727,2026-09-11T22:07:29.6231782Z,2026-09-11T19:57:41.3355586Z,OTHER_SOURCE,PRIMARY_OR_UNRESOLVED,NOT_YET_COPIED,EXP-012,CAN-F2-B,True,False,False,True,False,,UNCLASSIFIED,REFERENCE_COPY_OR_PROVENANCE,C:\RSOS\Training data\F2_BR0_FULL_FINGERPRINT_RECOVERY,PHASE8B_R2
C:\RSOS\Training data\F2_BR0_FULL_FINGERPRINT_RECOVERY\01_CANONICAL_INPUTS\F1_BR2_LMARENA_MATCHED_CONTROL\01_BR1_FROZEN\F1_BR1_RESULTS_PACKAGE\07_RESULTS\DOMAIN_TOPIC_ASSIGNMENTS_K5.csv,DOMAIN_TOPIC_ASSIGNMENTS_K5.csv,.csv,18709,2026-09-11T22:07:29.6287093Z,2026-09-11T19:57:41.3385571Z,OTHER_SOURCE,PRIMARY_OR_UNRESOLVED,NOT_YET_COPIED,EXP-012,CAN-F2-B,True,False,False,True,False,,UNCLASSIFIED,REFERENCE_COPY_OR_PROVENANCE,C:\RSOS\Training data\F2_BR0_FULL_FINGERPRINT_RECOVERY,PHASE8B_R2
C:\RSOS\Training data\F2_BR0_FULL_FINGERPRINT_RECOVERY\01_CANONICAL_INPUTS\F1_BR2_LMARENA_MATCHED_CONTROL\01_BR1_FROZEN\F1_BR1_RESULTS_PACKAGE\07_RESULTS\DOMAIN_TOPIC_ASSIGNMENTS_K8.csv,DOMAIN_TOPIC_ASSIGNMENTS_K8.csv,.csv,18709,2026-09-11T22:07:29.6341968Z,2026-09-11T19:57:41.7606043Z,OTHER_SOURCE,PRIMARY_OR_UNRESOLVED,NOT_YET_COPIED,EXP-012,CAN-F2-B,True,False,False,True,False,,UNCLASSIFIED,REFERENCE_COPY_OR_PROVENANCE,C:\RSOS\Training data\F2_BR0_FULL_FINGERPRINT_RECOVERY,PHASE8B_R2
C:\RSOS\Training data\F2_BR0_FULL_FINGERPRINT_RECOVERY\01_CANONICAL_INPUTS\F1_BR2_LMARENA_MATCHED_CONTROL\01_BR1_FROZEN\F1_BR1_RESULTS_PACKAGE\07_RESULTS\DOMAIN_TOPIC_CONTROL.csv,DOMAIN_TOPIC_CONTROL.csv,.csv,371,2026-09-11T22:07:29.6494059Z,2026-09-11T19:57:41.7635956Z,OTHER_SOURCE,PRIMARY_OR_UNRESOLVED,NOT_YET_COPIED,EXP-012,CAN-F2-B,True,False,False,True,False,,00_CONTROL,REFERENCE_COPY_OR_PROVENANCE,C:\RSOS\Training data\F2_BR0_FULL_FINGERPRINT_RECOVERY,PHASE8B_R2
C:\RSOS\Training data\F2_BR0_FULL_FINGERPRINT_RECOVERY\01_CANONICAL_INPUTS\F1_BR2_LMARENA_MATCHED_CONTROL\01_BR1_FROZEN\F1_BR1_RESULTS_PACKAGE\07_RESULTS\domain_topic_control.py,domain_topic_control.py,.py,4588,2026-09-11T22:07:29.6510391Z,2026-09-11T19:57:42.8113672Z,OTHER_SOURCE,PRIMARY_OR_UNRESOLVED,NOT_YET_COPIED,EXP-012,CAN-F2-B,True,False,False,True,False,,00_CONTROL,REFERENCE_COPY_OR_PROVENANCE,C:\RSOS\Training data\F2_BR0_FULL_FINGERPRINT_RECOVERY,PHASE8B_R2
C:\RSOS\Training data\F2_BR0_FULL_FINGERPRINT_RECOVERY\01_CANONICAL_INPUTS\F1_BR2_LMARENA_MATCHED_CONTROL\01_BR1_FROZEN\F1_BR1_RESULTS_PACKAGE\07_RESULTS\dropout_robustness.py,dropout_robustness.py,.py,2225,2026-09-11T22:07:29.6594993Z,2026-09-11T19:57:42.8153604Z,OTHER_SOURCE,PRIMARY_OR_UNRESOLVED,NOT_YET_COPIED,EXP-012,CAN-F2-B,True,False,False,True,False,,UNCLASSIFIED,REFERENCE_COPY_OR_PROVENANCE,C:\RSOS\Training data\F2_BR0_FULL_FINGERPRINT_RECOVERY,PHASE8B_R2
C:\RSOS\Training data\F2_BR0_FULL_FINGERPRINT_RECOVERY\01_CANONICAL_INPUTS\F1_BR2_LMARENA_MATCHED_CONTROL\01_BR1_FROZEN\F1_BR1_RESULTS_PACKAGE\07_RESULTS\FROZEN_THRESHOLD_HOLDOUT.csv,FROZEN_THRESHOLD_HOLDOUT.csv,.csv,167,2026-09-11T22:07:29.6670845Z,2026-09-11T19:57:42.0199960Z,AUTHORITY_OR_FREEZE,PRIMARY_OR_UNRESOLVED,NOT_YET_COPIED,EXP-012,CAN-F2-B,True,False,False,True,False,,09_FREEZE,REFERENCE_COPY_OR_PROVENANCE,C:\RSOS\Training data\F2_BR0_FULL_FINGERPRINT_RECOVERY,PHASE8B_R2
C:\RSOS\Training data\F2_BR0_FULL_FINGERPRINT_RECOVERY\01_CANONICAL_INPUTS\F1_BR2_LMARENA_MATCHED_CONTROL\01_BR1_FROZEN\F1_BR1_RESULTS_PACKAGE\07_RESULTS\HOLDOUT_SCORES_INTERNAL.csv,HOLDOUT_SCORES_INTERNAL.csv,.csv,44567,2026-09-11T22:07:29.6725805Z,2026-09-11T19:57:42.0239935Z,RESULT_OR_OUTPUT,PRIMARY_OR_UNRESOLVED,NOT_YET_COPIED,EXP-012,CAN-F2-B,True,False,False,True,False,,05_OUTPUTS,REFERENCE_COPY_OR_PROVENANCE,C:\RSOS\Training data\F2_BR0_FULL_FINGERPRINT_RECOVERY,PHASE8B_R2
C:\RSOS\Training data\F2_BR0_FULL_FINGERPRINT_RECOVERY\01_CANONICAL_INPUTS\F1_BR2_LMARENA_MATCHED_CONTROL\01_BR1_FROZEN\F1_BR1_RESULTS_PACKAGE\07_RESULTS\JOINT_STANDARDIZED_COEFFICIENTS.csv,JOINT_STANDARDIZED_COEFFICIENTS.csv,.csv,4011,2026-09-11T22:07:29.6796398Z,2026-09-11T19:57:42.0259983Z,OTHER_SOURCE,PRIMARY_OR_UNRESOLVED,NOT_YET_COPIED,EXP-012,CAN-F2-B,True,False,False,True,False,,UNCLASSIFIED,REFERENCE_COPY_OR_PROVENANCE,C:\RSOS\Training data\F2_BR0_FULL_FINGERPRINT_RECOVERY,PHASE8B_R2
C:\RSOS\Training data\F2_BR0_FULL_FINGERPRINT_RECOVERY\01_CANONICAL_INPUTS\F1_BR2_LMARENA_MATCHED_CONTROL\01_BR1_FROZEN\F1_BR1_RESULTS_PACKAGE\07_RESULTS\LMARENA_RELATIONAL_GRAPH_CONTROL.csv,LMARENA_RELATIONAL_GRAPH_CONTROL.csv,.csv,345,2026-09-11T22:07:29.6859720Z,2026-09-11T19:57:42.2286949Z,OTHER_SOURCE,PRIMARY_OR_UNRESOLVED,NOT_YET_COPIED,EXP-012,CAN-F2-B,True,False,False,True,False,,00_CONTROL,REFERENCE_COPY_OR_PROVENANCE,C:\RSOS\Training data\F2_BR0_FULL_FINGERPRINT_RECOVERY,PHASE8B_R2
C:\RSOS\Training data\F2_BR0_FULL_FINGERPRINT_RECOVERY\01_CANONICAL_INPUTS\F1_BR2_LMARENA_MATCHED_CONTROL\01_BR1_FROZEN\F1_BR1_RESULTS_PACKAGE\07_RESULTS\MESSAGE_DROPOUT_ROBUSTNESS.csv,MESSAGE_DROPOUT_ROBUSTNESS.csv,.csv,282,2026-09-11T22:07:29.6907574Z,2026-09-11T19:57:42.2296939Z,OTHER_SOURCE,PRIMARY_OR_UNRESOLVED,NOT_YET_COPIED,EXP-012,CAN-F2-B,True,False,False,True,False,,UNCLASSIFIED,REFERENCE_COPY_OR_PROVENANCE,C:\RSOS\Training data\F2_BR0_FULL_FINGERPRINT_RECOVERY,PHASE8B_R2
C:\RSOS\Training data\F2_BR0_FULL_FINGERPRINT_RECOVERY\01_CANONICAL_INPUTS\F1_BR2_LMARENA_MATCHED_CONTROL\01_BR1_FROZEN\F1_BR1_RESULTS_PACKAGE\07_RESULTS\PRIMARY_CLASSIFICATION_RESULTS.csv,PRIMARY_CLASSIFICATION_RESULTS.csv,.csv,2691,2026-09-11T22:07:29.6998004Z,2026-09-11T19:57:42.4302128Z,RESULT_OR_OUTPUT,PRIMARY_OR_UNRESOLVED,NOT_YET_COPIED,EXP-012,CAN-F2-B,True,False,False,True,False,,05_OUTPUTS,REFERENCE_COPY_OR_PROVENANCE,C:\RSOS\Training data\F2_BR0_FULL_FINGERPRINT_RECOVERY,PHASE8B_R2
C:\RSOS\Training data\F2_BR0_FULL_FINGERPRINT_RECOVERY\01_CANONICAL_INPUTS\F1_BR2_LMARENA_MATCHED_CONTROL\01_BR1_FROZEN\F1_BR1_RESULTS_PACKAGE\07_RESULTS\run_f1_br1_analysis.py,run_f1_br1_analysis.py,.py,13580,2026-09-11T22:07:29.7060173Z,2026-09-11T19:57:42.8183601Z,RUNNER,PRIMARY_OR_UNRESOLVED,NOT_YET_COPIED,EXP-012,CAN-F2-B,True,False,False,True,False,,03_RUNNER,REFERENCE_COPY_OR_PROVENANCE,C:\RSOS\Training data\F2_BR0_FULL_FINGERPRINT_RECOVERY,PHASE8B_R2
C:\RSOS\Training data\F2_BR0_FULL_FINGERPRINT_RECOVERY\01_CANONICAL_INPUTS\F1_BR2_LMARENA_MATCHED_CONTROL\01_BR1_FROZEN\F1_BR1_RESULTS_PACKAGE\07_RESULTS\run_primary_fast.py,run_primary_fast.py,.py,6787,2026-09-11T22:07:29.7116500Z,2026-09-11T19:57:42.8771249Z,RUNNER,PRIMARY_OR_UNRESOLVED,NOT_YET_COPIED,EXP-012,CAN-F2-B,True,False,False,True,False,,03_RUNNER,REFERENCE_COPY_OR_PROVENANCE,C:\RSOS\Training data\F2_BR0_FULL_FINGERPRINT_RECOVERY,PHASE8B_R2
C:\RSOS\Training data\F2_BR0_FULL_FINGERPRINT_RECOVERY\01_CANONICAL_INPUTS\F1_BR2_LMARENA_MATCHED_CONTROL\01_BR1_FROZEN\F1_BR1_RESULTS_PACKAGE\07_RESULTS\run_secondary_fast.py,run_secondary_fast.py,.py,9080,2026-09-11T22:07:29.7167196Z,2026-09-11T19:57:42.8801527Z,RUNNER,PRIMARY_OR_UNRESOLVED,NOT_YET_COPIED,EXP-012,CAN-F2-B,True,False,False,True,False,,03_RUNNER,REFERENCE_COPY_OR_PROVENANCE,C:\RSOS\Training data\F2_BR0_FULL_FINGERPRINT_RECOVERY,PHASE8B_R2
C:\RSOS\Training data\F2_BR0_FULL_FINGERPRINT_RECOVERY\01_CANONICAL_INPUTS\F1_BR2_LMARENA_MATCHED_CONTROL\01_BR1_FROZEN\F1_BR1_RESULTS_PACKAGE\07_RESULTS\SYSTEM_SPECIFIC_HOLDOUT.csv,SYSTEM_SPECIFIC_HOLDOUT.csv,.csv,470,2026-09-11T22:07:29.7277637Z,2026-09-11T19:57:42.4887407Z,OTHER_SOURCE,PRIMARY_OR_UNRESOLVED,NOT_YET_COPIED,EXP-012,CAN-F2-B,True,False,False,True,False,,UNCLASSIFIED,REFERENCE_COPY_OR_PROVENANCE,C:\RSOS\Training data\F2_BR0_FULL_FINGERPRINT_RECOVERY,PHASE8B_R2
C:\RSOS\Training data\F2_BR0_FULL_FINGERPRINT_RECOVERY\01_CANONICAL_INPUTS\F1_BR2_LMARENA_MATCHED_CONTROL\01_BR1_FROZEN\F1_BR1_RESULTS_PACKAGE\07_RESULTS\STRATIFIED_HOLDOUT.csv,STRATIFIED_HOLDOUT.csv,.csv,351,2026-09-11T22:07:29.7186510Z,2026-09-11T19:57:42.4332085Z,OTHER_SOURCE,PRIMARY_OR_UNRESOLVED,NOT_YET_COPIED,EXP-012,CAN-F2-B,True,False,False,True,False,,UNCLASSIFIED,REFERENCE_COPY_OR_PROVENANCE,C:\RSOS\Training data\F2_BR0_FULL_FINGERPRINT_RECOVERY,PHASE8B_R2
C:\RSOS\Training data\F2_BR0_FULL_FINGERPRINT_RECOVERY\01_CANONICAL_INPUTS\F1_BR2_LMARENA_MATCHED_CONTROL\01_BR1_FROZEN\F1_BR1_RESULTS_PACKAGE\07_RESULTS\TOPIC_MODEL_COMPLEXITY_MATCHED_HOLDOUT.csv,TOPIC_MODEL_COMPLEXITY_MATCHED_HOLDOUT.csv,.csv,131,2026-09-11T22:07:29.7400703Z,2026-09-11T19:57:42.4907326Z,OTHER_SOURCE,PRIMARY_OR_UNRESOLVED,NOT_YET_COPIED,EXP-012,CAN-F2-B,True,False,False,True,False,,UNCLASSIFIED,REFERENCE_COPY_OR_PROVENANCE,C:\RSOS\Training data\F2_BR0_FULL_FINGERPRINT_RECOVERY,PHASE8B_R2
C:\RSOS\Training data\F2_BR0_FULL_FINGERPRINT_RECOVERY\01_CANONICAL_INPUTS\F1_BR2_LMARENA_MATCHED_CONTROL\01_BR1_FROZEN\F1_BR1_RESULTS_PACKAGE\07_RESULTS\VALIDATION_SCORES_INTERNAL.csv,VALIDATION_SCORES_INTERNAL.csv,.csv,16676,2026-09-11T22:07:29.7469995Z,2026-09-11T19:57:42.5471398Z,RESULT_OR_OUTPUT,PRIMARY_OR_UNRESOLVED,NOT_YET_COPIED,EXP-012,CAN-F2-B,True,False,False,True,False,,05_OUTPUTS,REFERENCE_COPY_OR_PROVENANCE,C:\RSOS\Training data\F2_BR0_FULL_FINGERPRINT_RECOVERY,PHASE8B_R2
C:\RSOS\Training data\F2_BR0_FULL_FINGERPRINT_RECOVERY\01_CANONICAL_INPUTS\F1_BR2_LMARENA_MATCHED_CONTROL\01_BR1_FROZEN\F1_BR1_RESULTS_PACKAGE\07_RESULTS\window12_hardening.py,window12_hardening.py,.py,8542,2026-09-11T22:07:29.7548913Z,2026-09-11T19:57:42.8867878Z,OTHER_SOURCE,PRIMARY_OR_UNRESOLVED,NOT_YET_COPIED,EXP-012,CAN-F2-B,True,False,False,True,False,,UNCLASSIFIED,REFERENCE_COPY_OR_PROVENANCE,C:\RSOS\Training data\F2_BR0_FULL_FINGERPRINT_RECOVERY,PHASE8B_R2
C:\RSOS\Training data\F2_BR0_FULL_FINGERPRINT_RECOVERY\01_CANONICAL_INPUTS\F1_BR2_LMARENA_MATCHED_CONTROL\01_BR1_FROZEN\F1_BR1_RESULTS_PACKAGE\07_RESULTS\WINDOW12_HOLDOUT_SCORES.csv,WINDOW12_HOLDOUT_SCORES.csv,.csv,186213,2026-09-11T22:07:29.7603419Z,2026-09-11T19:57:42.5561347Z,RESULT_OR_OUTPUT,PRIMARY_OR_UNRESOLVED,NOT_YET_COPIED,EXP-012,CAN-F2-B,True,False,False,True,False,,05_OUTPUTS,REFERENCE_COPY_OR_PROVENANCE,C:\RSOS\Training data\F2_BR0_FULL_FINGERPRINT_RECOVERY,PHASE8B_R2
C:\RSOS\Training data\F2_BR0_FULL_FINGERPRINT_RECOVERY\01_CANONICAL_INPUTS\F1_BR2_LMARENA_MATCHED_CONTROL\01_BR1_FROZEN\F1_BR1_RESULTS_PACKAGE\07_RESULTS\WINDOW12_LENGTH_HARDENING.csv,WINDOW12_LENGTH_HARDENING.csv,.csv,456,2026-09-11T22:07:29.7959879Z,2026-09-11T19:57:42.6167735Z,OTHER_SOURCE,PRIMARY_OR_UNRESOLVED,NOT_YET_COPIED,EXP-012,CAN-F2-B,True,False,False,True,False,,UNCLASSIFIED,REFERENCE_COPY_OR_PROVENANCE,C:\RSOS\Training data\F2_BR0_FULL_FINGERPRINT_RECOVERY,PHASE8B_R2
C:\RSOS\Training data\F2_BR0_FULL_FINGERPRINT_RECOVERY\01_CANONICAL_INPUTS\F1_BR2_LMARENA_MATCHED_CONTROL\01_BR1_FROZEN\F1_BR1_RESULTS_PACKAGE\07_RESULTS\WINDOW12_VALIDATION_SCORES.csv,WINDOW12_VALIDATION_SCORES.csv,.csv,89878,2026-09-11T22:07:29.8013155Z,2026-09-11T19:57:42.6216851Z,RESULT_OR_OUTPUT,PRIMARY_OR_UNRESOLVED,NOT_YET_COPIED,EXP-012,CAN-F2-B,True,False,False,True,False,,05_OUTPUTS,REFERENCE_COPY_OR_PROVENANCE,C:\RSOS\Training data\F2_BR0_FULL_FINGERPRINT_RECOVERY,PHASE8B_R2
C:\RSOS\Training data\F2_BR0_FULL_FINGERPRINT_RECOVERY\01_CANONICAL_INPUTS\F1_BR2_LMARENA_MATCHED_CONTROL\01_BR1_FROZEN\F1_BR1_RESULTS_PACKAGE\07_RESULTS\window8_hardening.py,window8_hardening.py,.py,8538,2026-09-11T22:07:29.8093619Z,2026-09-11T19:57:42.9450155Z,OTHER_SOURCE,PRIMARY_OR_UNRESOLVED,NOT_YET_COPIED,EXP-012,CAN-F2-B,True,False,False,True,False,,UNCLASSIFIED,REFERENCE_COPY_OR_PROVENANCE,C:\RSOS\Training data\F2_BR0_FULL_FINGERPRINT_RECOVERY,PHASE8B_R2
C:\RSOS\Training data\F2_BR0_FULL_FINGERPRINT_RECOVERY\01_CANONICAL_INPUTS\F1_BR2_LMARENA_MATCHED_CONTROL\01_BR1_FROZEN\F1_BR1_RESULTS_PACKAGE\07_RESULTS\WINDOW8_HOLDOUT_SCORES.csv,WINDOW8_HOLDOUT_SCORES.csv,.csv,216570,2026-09-11T22:07:29.8103463Z,2026-09-11T19:57:42.6286735Z,RESULT_OR_OUTPUT,PRIMARY_OR_UNRESOLVED,NOT_YET_COPIED,EXP-012,CAN-F2-B,True,False,False,True,False,,05_OUTPUTS,REFERENCE_COPY_OR_PROVENANCE,C:\RSOS\Training data\F2_BR0_FULL_FINGERPRINT_RECOVERY,PHASE8B_R2
C:\RSOS\Training data\F2_BR0_FULL_FINGERPRINT_RECOVERY\01_CANONICAL_INPUTS\F1_BR2_LMARENA_MATCHED_CONTROL\01_BR1_FROZEN\F1_BR1_RESULTS_PACKAGE\07_RESULTS\WINDOW8_LENGTH_HARDENING.csv,WINDOW8_LENGTH_HARDENING.csv,.csv,465,2026-09-11T22:07:29.8200463Z,2026-09-11T19:57:42.7483209Z,OTHER_SOURCE,PRIMARY_OR_UNRESOLVED,NOT_YET_COPIED,EXP-012,CAN-F2-B,True,False,False,True,False,,UNCLASSIFIED,REFERENCE_COPY_OR_PROVENANCE,C:\RSOS\Training data\F2_BR0_FULL_FINGERPRINT_RECOVERY,PHASE8B_R2
C:\RSOS\Training data\F2_BR0_FULL_FINGERPRINT_RECOVERY\01_CANONICAL_INPUTS\F1_BR2_LMARENA_MATCHED_CONTROL\01_BR1_FROZEN\F1_BR1_RESULTS_PACKAGE\07_RESULTS\WINDOW8_VALIDATION_SCORES.csv,WINDOW8_VALIDATION_SCORES.csv,.csv,96704,2026-09-11T22:07:29.8253730Z,2026-09-11T19:57:42.7543257Z,RESULT_OR_OUTPUT,PRIMARY_OR_UNRESOLVED,NOT_YET_COPIED,EXP-012,CAN-F2-B,True,False,False,True,False,,05_OUTPUTS,REFERENCE_COPY_OR_PROVENANCE,C:\RSOS\Training data\F2_BR0_FULL_FINGERPRINT_RECOVERY,PHASE8B_R2
C:\RSOS\Training data\F2_BR0_FULL_FINGERPRINT_RECOVERY\01_CANONICAL_INPUTS\F1_BR2_LMARENA_MATCHED_CONTROL\01_BR1_FROZEN\F1_BR1_RESULTS_PACKAGE\07_RESULTS\WITHIN_TOPIC_HOLDOUT.csv,WITHIN_TOPIC_HOLDOUT.csv,.csv,299,2026-09-11T22:07:29.8332524Z,2026-09-11T19:57:42.8083563Z,OTHER_SOURCE,PRIMARY_OR_UNRESOLVED,NOT_YET_COPIED,EXP-012,CAN-F2-B,True,False,False,True,False,,UNCLASSIFIED,REFERENCE_COPY_OR_PROVENANCE,C:\RSOS\Training data\F2_BR0_FULL_FINGERPRINT_RECOVERY,PHASE8B_R2
C:\RSOS\Training data\F2_BR0_FULL_FINGERPRINT_RECOVERY\01_CANONICAL_INPUTS\F1_BR2_LMARENA_MATCHED_CONTROL\01_BR1_FROZEN\F1_BR1_RESULTS_PACKAGE\08_ABLATIONS\REPRESENTATION_ABLATIONS.csv,REPRESENTATION_ABLATIONS.csv,.csv,897,2026-09-11T22:07:29.8472111Z,2026-09-11T19:57:43.0025234Z,OTHER_SOURCE,PRIMARY_OR_UNRESOLVED,NOT_YET_COPIED,EXP-012,CAN-F2-B,True,False,False,True,False,,UNCLASSIFIED,REFERENCE_COPY_OR_PROVENANCE,C:\RSOS\Training data\F2_BR0_FULL_FINGERPRINT_RECOVERY,PHASE8B_R2
C:\RSOS\Training data\F2_BR0_FULL_FINGERPRINT_RECOVERY\01_CANONICAL_INPUTS\F1_BR2_LMARENA_MATCHED_CONTROL\01_BR1_FROZEN\F1_BR1_RESULTS_PACKAGE\09_GENEALOGY\GENEALOGY_DIRECTIONALITY.csv,GENEALOGY_DIRECTIONALITY.csv,.csv,213,2026-09-11T22:07:29.8607041Z,2026-09-11T19:57:43.0603289Z,OTHER_SOURCE,PRIMARY_OR_UNRESOLVED,NOT_YET_COPIED,EXP-012,CAN-F2-B,True,False,False,True,False,,06_DIAGNOSTIC,REFERENCE_COPY_OR_PROVENANCE,C:\RSOS\Training data\F2_BR0_FULL_FINGERPRINT_RECOVERY,PHASE8B_R2
C:\RSOS\Training data\F2_BR0_FULL_FINGERPRINT_RECOVERY\01_CANONICAL_INPUTS\F1_BR2_LMARENA_MATCHED_CONTROL\01_BR1_FROZEN\F1_BR1_RESULTS_PACKAGE\PACKAGE_SHA256_MANIFEST.csv,PACKAGE_SHA256_MANIFEST.csv,.csv,7796,2026-09-11T22:07:29.0914599Z,2026-09-11T19:57:43.0633273Z,OTHER_SOURCE,PRIMARY_OR_UNRESOLVED,NOT_YET_COPIED,EXP-012,CAN-F2-B,True,False,False,True,False,,09_FREEZE,REFERENCE_COPY_OR_PROVENANCE,C:\RSOS\Training data\F2_BR0_FULL_FINGERPRINT_RECOVERY,PHASE8B_R2
C:\RSOS\Training data\F2_BR0_FULL_FINGERPRINT_RECOVERY\01_CANONICAL_INPUTS\F1_BR2_LMARENA_MATCHED_CONTROL\01_BR1_FROZEN\F1_BR1_RESULTS_PACKAGE\PACKAGE_STATUS.txt,PACKAGE_STATUS.txt,.txt,843,2026-09-11T22:07:29.1059786Z,2026-09-11T19:57:43.1208420Z,AUTHORITY_OR_FREEZE,PRIMARY_OR_UNRESOLVED,NOT_YET_COPIED,EXP-012,CAN-F2-B,True,False,False,True,False,,00_CONTROL,REFERENCE_COPY_OR_PROVENANCE,C:\RSOS\Training data\F2_BR0_FULL_FINGERPRINT_RECOVERY,PHASE8B_R2
C:\RSOS\Training data\F2_BR0_FULL_FINGERPRINT_RECOVERY\01_CANONICAL_INPUTS\F1_BR2_LMARENA_MATCHED_CONTROL\02_SCHEMA\PARQUET_SCHEMA_AUDIT.json,PARQUET_SCHEMA_AUDIT.json,.json,6654,2026-09-11T22:07:29.8673163Z,2026-09-11T19:57:46.4335363Z,OTHER_SOURCE,PRIMARY_OR_UNRESOLVED,NOT_YET_COPIED,EXP-012,CAN-F2-B,True,False,False,True,False,,UNCLASSIFIED,REFERENCE_COPY_OR_PROVENANCE,C:\RSOS\Training data\F2_BR0_FULL_FINGERPRINT_RECOVERY,PHASE8B_R2
C:\RSOS\Training data\F2_BR0_FULL_FINGERPRINT_RECOVERY\01_CANONICAL_INPUTS\F1_BR2_LMARENA_MATCHED_CONTROL\10_V2_FAILED_RUN_LEDGER\V1_FAILURE_PRESERVED.csv,V1_FAILURE_PRESERVED.csv,.csv,339,2026-09-11T22:07:29.9172456Z,2026-09-11T20:08:23.7192468Z,OTHER_SOURCE,PRIMARY_OR_UNRESOLVED,NOT_YET_COPIED,EXP-012,CAN-F2-B,True,False,False,True,False,,06_DIAGNOSTIC,REFERENCE_COPY_OR_PROVENANCE,C:\RSOS\Training data\F2_BR0_FULL_FINGERPRINT_RECOVERY,PHASE8B_R2
C:\RSOS\Training data\F2_BR0_FULL_FINGERPRINT_RECOVERY\01_CANONICAL_INPUTS\F1_BR2_LMARENA_MATCHED_CONTROL\11_V2_BR1_FROZEN\F1_BR1_RESULTS_PACKAGE\00_MANIFEST\COMPLETE_CURRENT_OUTPUT_SHA256.csv,COMPLETE_CURRENT_OUTPUT_SHA256.csv,.csv,61539,2026-09-11T22:07:29.9466805Z,2026-09-11T20:08:23.7252377Z,AUTHORITY_OR_FREEZE|RESULT_OR_OUTPUT,PRIMARY_OR_UNRESOLVED,NOT_YET_COPIED,EXP-012,CAN-F2-B,True,False,False,True,False,,09_FREEZE,REFERENCE_COPY_OR_PROVENANCE,C:\RSOS\Training data\F2_BR0_FULL_FINGERPRINT_RECOVERY,PHASE8B_R2
C:\RSOS\Training data\F2_BR0_FULL_FINGERPRINT_RECOVERY\01_CANONICAL_INPUTS\F1_BR2_LMARENA_MATCHED_CONTROL\11_V2_BR1_FROZEN\F1_BR1_RESULTS_PACKAGE\00_MANIFEST\INPUT_SHA256.txt,INPUT_SHA256.txt,.txt,1668,2026-09-11T22:07:29.9487105Z,2026-09-11T20:08:23.7252377Z,OTHER_SOURCE,PRIMARY_OR_UNRESOLVED,NOT_YET_COPIED,EXP-012,CAN-F2-B,True,False,False,True,False,,09_FREEZE,REFERENCE_COPY_OR_PROVENANCE,C:\RSOS\Training data\F2_BR0_FULL_FINGERPRINT_RECOVERY,PHASE8B_R2
C:\RSOS\Training data\F2_BR0_FULL_FINGERPRINT_RECOVERY\01_CANONICAL_INPUTS\F1_BR2_LMARENA_MATCHED_CONTROL\11_V2_BR1_FROZEN\F1_BR1_RESULTS_PACKAGE\00_MANIFEST\PACKAGE_STATUS.txt,PACKAGE_STATUS.txt,.txt,520,2026-09-11T22:07:29.9562357Z,2026-09-11T20:08:23.7262165Z,AUTHORITY_OR_FREEZE,PRIMARY_OR_UNRESOLVED,NOT_YET_COPIED,EXP-012,CAN-F2-B,True,False,False,True,False,,00_CONTROL,REFERENCE_COPY_OR_PROVENANCE,C:\RSOS\Training data\F2_BR0_FULL_FINGERPRINT_RECOVERY,PHASE8B_R2
C:\RSOS\Training data\F2_BR0_FULL_FINGERPRINT_RECOVERY\01_CANONICAL_INPUTS\F1_BR2_LMARENA_MATCHED_CONTROL\11_V2_BR1_FROZEN\F1_BR1_RESULTS_PACKAGE\02_LABELS\build_message_mentions.py,build_message_mentions.py,.py,2250,2026-09-11T22:07:29.9655235Z,2026-09-11T20:08:23.7423607Z,OTHER_SOURCE,PRIMARY_OR_UNRESOLVED,NOT_YET_COPIED,EXP-012,CAN-F2-B,True,False,False,True,False,,UNCLASSIFIED,REFERENCE_COPY_OR_PROVENANCE,C:\RSOS\Training data\F2_BR0_FULL_FINGERPRINT_RECOVERY,PHASE8B_R2
C:\RSOS\Training data\F2_BR0_FULL_FINGERPRINT_RECOVERY\01_CANONICAL_INPUTS\F1_BR2_LMARENA_MATCHED_CONTROL\11_V2_BR1_FROZEN\F1_BR1_RESULTS_PACKAGE\02_LABELS\MESSAGE_LINEAGE_MENTIONS.csv,MESSAGE_LINEAGE_MENTIONS.csv,.csv,3430610,2026-09-11T22:07:29.9695203Z,2026-09-11T20:08:23.7423607Z,OTHER_SOURCE,PRIMARY_OR_UNRESOLVED,NOT_YET_COPIED,EXP-012,CAN-F2-B,True,False,False,True,False,,UNCLASSIFIED,REFERENCE_COPY_OR_PROVENANCE,C:\RSOS\Training data\F2_BR0_FULL_FINGERPRINT_RECOVERY,PHASE8B_R2
C:\RSOS\Training data\F2_BR0_FULL_FINGERPRINT_RECOVERY\01_CANONICAL_INPUTS\F1_BR2_LMARENA_MATCHED_CONTROL\11_V2_BR1_FROZEN\F1_BR1_RESULTS_PACKAGE\04_SPLITS\EARLY_NEG_IDS.json,EARLY_NEG_IDS.json,.json,3268,2026-09-11T22:07:29.9969156Z,2026-09-11T20:08:23.7443403Z,OTHER_SOURCE,PRIMARY_OR_UNRESOLVED,NOT_YET_COPIED,EXP-012,CAN-F2-B,True,False,False,True,False,,UNCLASSIFIED,REFERENCE_COPY_OR_PROVENANCE,C:\RSOS\Training data\F2_BR0_FULL_FINGERPRINT_RECOVERY,PHASE8B_R2
C:\RSOS\Training data\F2_BR0_FULL_FINGERPRINT_RECOVERY\01_CANONICAL_INPUTS\F1_BR2_LMARENA_MATCHED_CONTROL\11_V2_BR1_FROZEN\F1_BR1_RESULTS_PACKAGE\04_SPLITS\EARLY_NEG_MATCH_REGISTRY.csv,EARLY_NEG_MATCH_REGISTRY.csv,.csv,8364,2026-09-11T22:07:29.9989123Z,2026-09-11T20:08:23.7443403Z,OTHER_SOURCE,PRIMARY_OR_UNRESOLVED,NOT_YET_COPIED,EXP-012,CAN-F2-B,True,False,False,True,False,,UNCLASSIFIED,REFERENCE_COPY_OR_PROVENANCE,C:\RSOS\Training data\F2_BR0_FULL_FINGERPRINT_RECOVERY,PHASE8B_R2
C:\RSOS\Training data\F2_BR0_FULL_FINGERPRINT_RECOVERY\01_CANONICAL_INPUTS\F1_BR2_LMARENA_MATCHED_CONTROL\11_V2_BR1_FROZEN\F1_BR1_RESULTS_PACKAGE\04_SPLITS\EARLY_POS_IDS.json,EARLY_POS_IDS.json,.json,1849,2026-09-11T22:07:30.0019078Z,2026-09-11T20:08:23.7453394Z,OTHER_SOURCE,PRIMARY_OR_UNRESOLVED,NOT_YET_COPIED,EXP-012,CAN-F2-B,True,False,False,True,False,,UNCLASSIFIED,REFERENCE_COPY_OR_PROVENANCE,C:\RSOS\Training data\F2_BR0_FULL_FINGERPRINT_RECOVERY,PHASE8B_R2
C:\RSOS\Training data\F2_BR0_FULL_FINGERPRINT_RECOVERY\01_CANONICAL_INPUTS\F1_BR2_LMARENA_MATCHED_CONTROL\11_V2_BR1_FROZEN\F1_BR1_RESULTS_PACKAGE\04_SPLITS\EARLY_POS_USABLE.csv,EARLY_POS_USABLE.csv,.csv,2093,2026-09-11T22:07:30.0039061Z,2026-09-11T20:08:23.7463384Z,OTHER_SOURCE,PRIMARY_OR_UNRESOLVED,NOT_YET_COPIED,EXP-012,CAN-F2-B,True,False,False,True,False,,UNCLASSIFIED,REFERENCE_COPY_OR_PROVENANCE,C:\RSOS\Training data\F2_BR0_FULL_FINGERPRINT_RECOVERY,PHASE8B_R2
C:\RSOS\Training data\F2_BR0_FULL_FINGERPRINT_RECOVERY\01_CANONICAL_INPUTS\F1_BR2_LMARENA_MATCHED_CONTROL\11_V2_BR1_FROZEN\F1_BR1_RESULTS_PACKAGE\04_SPLITS\HOLDOUT_MATCHED_PAIRS.csv,HOLDOUT_MATCHED_PAIRS.csv,.csv,3661,2026-09-11T22:07:30.0069041Z,2026-09-11T20:08:23.7473397Z,OTHER_SOURCE,PRIMARY_OR_UNRESOLVED,NOT_YET_COPIED,EXP-012,CAN-F2-B,True,False,False,True,False,,UNCLASSIFIED,REFERENCE_COPY_OR_PROVENANCE,C:\RSOS\Training data\F2_BR0_FULL_FINGERPRINT_RECOVERY,PHASE8B_R2
C:\RSOS\Training data\F2_BR0_FULL_FINGERPRINT_RECOVERY\01_CANONICAL_INPUTS\F1_BR2_LMARENA_MATCHED_CONTROL\11_V2_BR1_FROZEN\F1_BR1_RESULTS_PACKAGE\04_SPLITS\LATER_HOLD_NEG_IDS.json,LATER_HOLD_NEG_IDS.json,.json,7568,2026-09-11T22:07:30.0089027Z,2026-09-11T20:08:23.7484702Z,OTHER_SOURCE,PRIMARY_OR_UNRESOLVED,NOT_YET_COPIED,EXP-012,CAN-F2-B,True,False,False,True,False,,UNCLASSIFIED,REFERENCE_COPY_OR_PROVENANCE,C:\RSOS\Training data\F2_BR0_FULL_FINGERPRINT_RECOVERY,PHASE8B_R2
C:\RSOS\Training data\F2_BR0_FULL_FINGERPRINT_RECOVERY\01_CANONICAL_INPUTS\F1_BR2_LMARENA_MATCHED_CONTROL\11_V2_BR1_FROZEN\F1_BR1_RESULTS_PACKAGE\04_SPLITS\LATER_HOLD_POS_IDS.json,LATER_HOLD_POS_IDS.json,.json,6235,2026-09-11T22:07:30.0119019Z,2026-09-11T20:08:23.7484702Z,OTHER_SOURCE,PRIMARY_OR_UNRESOLVED,NOT_YET_COPIED,EXP-012,CAN-F2-B,True,False,False,True,False,,UNCLASSIFIED,REFERENCE_COPY_OR_PROVENANCE,C:\RSOS\Training data\F2_BR0_FULL_FINGERPRINT_RECOVERY,PHASE8B_R2
C:\RSOS\Training data\F2_BR0_FULL_FINGERPRINT_RECOVERY\01_CANONICAL_INPUTS\F1_BR2_LMARENA_MATCHED_CONTROL\11_V2_BR1_FROZEN\F1_BR1_RESULTS_PACKAGE\04_SPLITS\LATER_NEG_POOL_REGISTRY.csv,LATER_NEG_POOL_REGISTRY.csv,.csv,16296,2026-09-11T22:07:30.0148996Z,2026-09-11T20:08:23.7494694Z,OTHER_SOURCE,PRIMARY_OR_UNRESOLVED,NOT_YET_COPIED,EXP-012,CAN-F2-B,True,False,False,True,False,,UNCLASSIFIED,REFERENCE_COPY_OR_PROVENANCE,C:\RSOS\Training data\F2_BR0_FULL_FINGERPRINT_RECOVERY,PHASE8B_R2
C:\RSOS\Training data\F2_BR0_FULL_FINGERPRINT_RECOVERY\01_CANONICAL_INPUTS\F1_BR2_LMARENA_MATCHED_CONTROL\11_V2_BR1_FROZEN\F1_BR1_RESULTS_PACKAGE\04_SPLITS\LATER_POS_REGISTRY.csv,LATER_POS_REGISTRY.csv,.csv,22302,2026-09-11T22:07:30.0179024Z,2026-09-11T20:08:23.7504693Z,OTHER_SOURCE,PRIMARY_OR_UNRESOLVED,NOT_YET_COPIED,EXP-012,CAN-F2-B,True,False,False,True,False,,UNCLASSIFIED,REFERENCE_COPY_OR_PROVENANCE,C:\RSOS\Training data\F2_BR0_FULL_FINGERPRINT_RECOVERY,PHASE8B_R2
C:\RSOS\Training data\F2_BR0_FULL_FINGERPRINT_RECOVERY\01_CANONICAL_INPUTS\F1_BR2_LMARENA_MATCHED_CONTROL\11_V2_BR1_FROZEN\F1_BR1_RESULTS_PACKAGE\04_SPLITS\LATER_VAL_NEG_IDS.json,LATER_VAL_NEG_IDS.json,.json,688,2026-09-11T22:07:30.0198975Z,2026-09-11T20:08:23.7514694Z,OTHER_SOURCE,PRIMARY_OR_UNRESOLVED,NOT_YET_COPIED,EXP-012,CAN-F2-B,True,False,False,True,False,,UNCLASSIFIED,REFERENCE_COPY_OR_PROVENANCE,C:\RSOS\Training data\F2_BR0_FULL_FINGERPRINT_RECOVERY,PHASE8B_R2
C:\RSOS\Training data\F2_BR0_FULL_FINGERPRINT_RECOVERY\01_CANONICAL_INPUTS\F1_BR2_LMARENA_MATCHED_CONTROL\11_V2_BR1_FROZEN\F1_BR1_RESULTS_PACKAGE\04_SPLITS\LATER_VAL_POS_IDS.json,LATER_VAL_POS_IDS.json,.json,4687,2026-09-11T22:07:30.0218958Z,2026-09-11T20:08:23.7524692Z,OTHER_SOURCE,PRIMARY_OR_UNRESOLVED,NOT_YET_COPIED,EXP-012,CAN-F2-B,True,False,False,True,False,,UNCLASSIFIED,REFERENCE_COPY_OR_PROVENANCE,C:\RSOS\Training data\F2_BR0_FULL_FINGERPRINT_RECOVERY,PHASE8B_R2
C:\RSOS\Training data\F2_BR0_FULL_FINGERPRINT_RECOVERY\01_CANONICAL_INPUTS\F1_BR2_LMARENA_MATCHED_CONTROL\11_V2_BR1_FROZEN\F1_BR1_RESULTS_PACKAGE\04_SPLITS\VALIDATION_MATCHED_PAIRS.csv,VALIDATION_MATCHED_PAIRS.csv,.csv,454,2026-09-11T22:07:30.0238943Z,2026-09-11T20:08:23.7524692Z,OTHER_SOURCE,PRIMARY_OR_UNRESOLVED,NOT_YET_COPIED,EXP-012,CAN-F2-B,True,False,False,True,False,,UNCLASSIFIED,REFERENCE_COPY_OR_PROVENANCE,C:\RSOS\Training data\F2_BR0_FULL_FINGERPRINT_RECOVERY,PHASE8B_R2
C:\RSOS\Training data\F2_BR0_FULL_FINGERPRINT_RECOVERY\01_CANONICAL_INPUTS\F1_BR2_LMARENA_MATCHED_CONTROL\11_V2_BR1_FROZEN\F1_BR1_RESULTS_PACKAGE\05_FEATURES\build_f1_features.py,build_f1_features.py,.py,12174,2026-09-11T22:07:30.0279075Z,2026-09-11T20:08:23.7774558Z,RESULT_OR_OUTPUT,PRIMARY_OR_UNRESOLVED,NOT_YET_COPIED,EXP-012,CAN-F2-B,True,False,False,True,False,,05_OUTPUTS,REFERENCE_COPY_OR_PROVENANCE,C:\RSOS\Training data\F2_BR0_FULL_FINGERPRINT_RECOVERY,PHASE8B_R2
C:\RSOS\Training data\F2_BR0_FULL_FINGERPRINT_RECOVERY\01_CANONICAL_INPUTS\F1_BR2_LMARENA_MATCHED_CONTROL\11_V2_BR1_FROZEN\F1_BR1_RESULTS_PACKAGE\05_FEATURES\EARLY_NEG_DROPOUT_FEATURES.csv,EARLY_NEG_DROPOUT_FEATURES.csv,.csv,94982,2026-09-11T22:07:30.0288909Z,2026-09-11T20:08:23.7544680Z,RESULT_OR_OUTPUT,PRIMARY_OR_UNRESOLVED,NOT_YET_COPIED,EXP-012,CAN-F2-B,True,False,False,True,False,,05_OUTPUTS,REFERENCE_COPY_OR_PROVENANCE,C:\RSOS\Training data\F2_BR0_FULL_FINGERPRINT_RECOVERY,PHASE8B_R2
C:\RSOS\Training data\F2_BR0_FULL_FINGERPRINT_RECOVERY\01_CANONICAL_INPUTS\F1_BR2_LMARENA_MATCHED_CONTROL\11_V2_BR1_FROZEN\F1_BR1_RESULTS_PACKAGE\05_FEATURES\EARLY_NEG_FEATURES.csv,EARLY_NEG_FEATURES.csv,.csv,95072,2026-09-11T22:07:30.0298905Z,2026-09-11T20:08:23.7554691Z,RESULT_OR_OUTPUT,PRIMARY_OR_UNRESOLVED,NOT_YET_COPIED,EXP-012,CAN-F2-B,True,False,False,True,False,,05_OUTPUTS,REFERENCE_COPY_OR_PROVENANCE,C:\RSOS\Training data\F2_BR0_FULL_FINGERPRINT_RECOVERY,PHASE8B_R2
C:\RSOS\Training data\F2_BR0_FULL_FINGERPRINT_RECOVERY\01_CANONICAL_INPUTS\F1_BR2_LMARENA_MATCHED_CONTROL\11_V2_BR1_FROZEN\F1_BR1_RESULTS_PACKAGE\05_FEATURES\EARLY_POS_DROPOUT_FEATURES.csv,EARLY_POS_DROPOUT_FEATURES.csv,.csv,32880,2026-09-11T22:07:30.0318890Z,2026-09-11T20:08:23.7574655Z,RESULT_OR_OUTPUT,PRIMARY_OR_UNRESOLVED,NOT_YET_COPIED,EXP-012,CAN-F2-B,True,False,False,True,False,,05_OUTPUTS,REFERENCE_COPY_OR_PROVENANCE,C:\RSOS\Training data\F2_BR0_FULL_FINGERPRINT_RECOVERY,PHASE8B_R2
C:\RSOS\Training data\F2_BR0_FULL_FINGERPRINT_RECOVERY\01_CANONICAL_INPUTS\F1_BR2_LMARENA_MATCHED_CONTROL\11_V2_BR1_FROZEN\F1_BR1_RESULTS_PACKAGE\05_FEATURES\EARLY_POS_FEATURES.csv,EARLY_POS_FEATURES.csv,.csv,55762,2026-09-11T22:07:30.0338883Z,2026-09-11T20:08:23.7584850Z,RESULT_OR_OUTPUT,PRIMARY_OR_UNRESOLVED,NOT_YET_COPIED,EXP-012,CAN-F2-B,True,False,False,True,False,,05_OUTPUTS,REFERENCE_COPY_OR_PROVENANCE,C:\RSOS\Training data\F2_BR0_FULL_FINGERPRINT_RECOVERY,PHASE8B_R2
C:\RSOS\Training data\F2_BR0_FULL_FINGERPRINT_RECOVERY\01_CANONICAL_INPUTS\F1_BR2_LMARENA_MATCHED_CONTROL\11_V2_BR1_FROZEN\F1_BR1_RESULTS_PACKAGE\05_FEATURES\extract_dropout_fast.py,extract_dropout_fast.py,.py,8758,2026-09-11T22:07:30.0358872Z,2026-09-11T20:08:23.7784527Z,OTHER_SOURCE,PRIMARY_OR_UNRESOLVED,NOT_YET_COPIED,EXP-012,CAN-F2-B,True,False,False,True,False,,UNCLASSIFIED,REFERENCE_COPY_OR_PROVENANCE,C:\RSOS\Training data\F2_BR0_FULL_FINGERPRINT_RECOVERY,PHASE8B_R2
C:\RSOS\Training data\F2_BR0_FULL_FINGERPRINT_RECOVERY\01_CANONICAL_INPUTS\F1_BR2_LMARENA_MATCHED_CONTROL\11_V2_BR1_FROZEN\F1_BR1_RESULTS_PACKAGE\05_FEATURES\extract_segment_features.py,extract_segment_features.py,.py,9496,2026-09-11T22:07:30.0368863Z,2026-09-11T20:08:23.7794518Z,RESULT_OR_OUTPUT,PRIMARY_OR_UNRESOLVED,NOT_YET_COPIED,EXP-012,CAN-F2-B,True,False,False,True,False,,05_OUTPUTS,REFERENCE_COPY_OR_PROVENANCE,C:\RSOS\Training data\F2_BR0_FULL_FINGERPRINT_RECOVERY,PHASE8B_R2
C:\RSOS\Training data\F2_BR0_FULL_FINGERPRINT_RECOVERY\01_CANONICAL_INPUTS\F1_BR2_LMARENA_MATCHED_CONTROL\11_V2_BR1_FROZEN\F1_BR1_RESULTS_PACKAGE\05_FEATURES\extract_set_fast.py,extract_set_fast.py,.py,8702,2026-09-11T22:07:30.0388857Z,2026-09-11T20:08:23.7794518Z,OTHER_SOURCE,PRIMARY_OR_UNRESOLVED,NOT_YET_COPIED,EXP-012,CAN-F2-B,True,False,False,True,False,,UNCLASSIFIED,REFERENCE_COPY_OR_PROVENANCE,C:\RSOS\Training data\F2_BR0_FULL_FINGERPRINT_RECOVERY,PHASE8B_R2
C:\RSOS\Training data\F2_BR0_FULL_FINGERPRINT_RECOVERY\01_CANONICAL_INPUTS\F1_BR2_LMARENA_MATCHED_CONTROL\11_V2_BR1_FROZEN\F1_BR1_RESULTS_PACKAGE\05_FEATURES\LATER_HOLD_NEG_DROPOUT_FEATURES.csv,LATER_HOLD_NEG_DROPOUT_FEATURES.csv,.csv,184421,2026-09-11T22:07:30.0398849Z,2026-09-11T20:08:23.7604839Z,RESULT_OR_OUTPUT,PRIMARY_OR_UNRESOLVED,NOT_YET_COPIED,EXP-012,CAN-F2-B,True,False,False,True,False,,05_OUTPUTS,REFERENCE_COPY_OR_PROVENANCE,C:\RSOS\Training data\F2_BR0_FULL_FINGERPRINT_RECOVERY,PHASE8B_R2
C:\RSOS\Training data\F2_BR0_FULL_FINGERPRINT_RECOVERY\01_CANONICAL_INPUTS\F1_BR2_LMARENA_MATCHED_CONTROL\11_V2_BR1_FROZEN\F1_BR1_RESULTS_PACKAGE\05_FEATURES\LATER_HOLD_NEG_FEATURES.csv,LATER_HOLD_NEG_FEATURES.csv,.csv,201593,2026-09-11T22:07:30.0418839Z,2026-09-11T20:08:23.7624828Z,RESULT_OR_OUTPUT,PRIMARY_OR_UNRESOLVED,NOT_YET_COPIED,EXP-012,CAN-F2-B,True,False,False,True,False,,05_OUTPUTS,REFERENCE_COPY_OR_PROVENANCE,C:\RSOS\Training data\F2_BR0_FULL_FINGERPRINT_RECOVERY,PHASE8B_R2
C:\RSOS\Training data\F2_BR0_FULL_FINGERPRINT_RECOVERY\01_CANONICAL_INPUTS\F1_BR2_LMARENA_MATCHED_CONTROL\11_V2_BR1_FROZEN\F1_BR1_RESULTS_PACKAGE\05_FEATURES\LATER_HOLD_POS_DROPOUT_FEATURES.csv,LATER_HOLD_POS_DROPOUT_FEATURES.csv,.csv,162720,2026-09-11T22:07:30.0433229Z,2026-09-11T20:08:23.7634826Z,RESULT_OR_OUTPUT,PRIMARY_OR_UNRESOLVED,NOT_YET_COPIED,EXP-012,CAN-F2-B,True,False,False,True,False,,05_OUTPUTS,REFERENCE_COPY_OR_PROVENANCE,C:\RSOS\Training data\F2_BR0_FULL_FINGERPRINT_RECOVERY,PHASE8B_R2
C:\RSOS\Training data\F2_BR0_FULL_FINGERPRINT_RECOVERY\01_CANONICAL_INPUTS\F1_BR2_LMARENA_MATCHED_CONTROL\11_V2_BR1_FROZEN\F1_BR1_RESULTS_PACKAGE\05_FEATURES\LATER_HOLD_POS_FEATURES.csv,LATER_HOLD_POS_FEATURES.csv,.csv,188434,2026-09-11T22:07:30.0443214Z,2026-09-11T20:08:23.7654812Z,RESULT_OR_OUTPUT,PRIMARY_OR_UNRESOLVED,NOT_YET_COPIED,EXP-012,CAN-F2-B,True,False,False,True,False,,05_OUTPUTS,REFERENCE_COPY_OR_PROVENANCE,C:\RSOS\Training data\F2_BR0_FULL_FINGERPRINT_RECOVERY,PHASE8B_R2
C:\RSOS\Training data\F2_BR0_FULL_FINGERPRINT_RECOVERY\01_CANONICAL_INPUTS\F1_BR2_LMARENA_MATCHED_CONTROL\11_V2_BR1_FROZEN\F1_BR1_RESULTS_PACKAGE\05_FEATURES\LATER_VAL_NEG_DROPOUT_FEATURES.csv,LATER_VAL_NEG_DROPOUT_FEATURES.csv,.csv,17947,2026-09-11T22:07:30.0463178Z,2026-09-11T20:08:23.7664770Z,RESULT_OR_OUTPUT,PRIMARY_OR_UNRESOLVED,NOT_YET_COPIED,EXP-012,CAN-F2-B,True,False,False,True,False,,05_OUTPUTS,REFERENCE_COPY_OR_PROVENANCE,C:\RSOS\Training data\F2_BR0_FULL_FINGERPRINT_RECOVERY,PHASE8B_R2
C:\RSOS\Training data\F2_BR0_FULL_FINGERPRINT_RECOVERY\01_CANONICAL_INPUTS\F1_BR2_LMARENA_MATCHED_CONTROL\11_V2_BR1_FROZEN\F1_BR1_RESULTS_PACKAGE\05_FEATURES\LATER_VAL_NEG_FEATURES.csv,LATER_VAL_NEG_FEATURES.csv,.csv,19206,2026-09-11T22:07:30.0473173Z,2026-09-11T20:08:23.7674595Z,RESULT_OR_OUTPUT,PRIMARY_OR_UNRESOLVED,NOT_YET_COPIED,EXP-012,CAN-F2-B,True,False,False,True,False,,05_OUTPUTS,REFERENCE_COPY_OR_PROVENANCE,C:\RSOS\Training data\F2_BR0_FULL_FINGERPRINT_RECOVERY,PHASE8B_R2
C:\RSOS\Training data\F2_BR0_FULL_FINGERPRINT_RECOVERY\01_CANONICAL_INPUTS\F1_BR2_LMARENA_MATCHED_CONTROL\11_V2_BR1_FROZEN\F1_BR1_RESULTS_PACKAGE\05_FEATURES\LATER_VAL_POS_DROPOUT_FEATURES.csv,LATER_VAL_POS_DROPOUT_FEATURES.csv,.csv,95906,2026-09-11T22:07:30.0493180Z,2026-09-11T20:08:23.7694596Z,RESULT_OR_OUTPUT,PRIMARY_OR_UNRESOLVED,NOT_YET_COPIED,EXP-012,CAN-F2-B,True,False,False,True,False,,05_OUTPUTS,REFERENCE_COPY_OR_PROVENANCE,C:\RSOS\Training data\F2_BR0_FULL_FINGERPRINT_RECOVERY,PHASE8B_R2
C:\RSOS\Training data\F2_BR0_FULL_FINGERPRINT_RECOVERY\01_CANONICAL_INPUTS\F1_BR2_LMARENA_MATCHED_CONTROL\11_V2_BR1_FROZEN\F1_BR1_RESULTS_PACKAGE\05_FEATURES\LATER_VAL_POS_FEATURES.csv,LATER_VAL_POS_FEATURES.csv,.csv,144996,2026-09-11T22:07:30.0513150Z,2026-09-11T20:08:23.7704783Z,RESULT_OR_OUTPUT,PRIMARY_OR_UNRESOLVED,NOT_YET_COPIED,EXP-012,CAN-F2-B,True,False,False,True,False,,05_OUTPUTS,REFERENCE_COPY_OR_PROVENANCE,C:\RSOS\Training data\F2_BR0_FULL_FINGERPRINT_RECOVERY,PHASE8B_R2
C:\RSOS\Training data\F2_BR0_FULL_FINGERPRINT_RECOVERY\01_CANONICAL_INPUTS\F1_BR2_LMARENA_MATCHED_CONTROL\11_V2_BR1_FROZEN\F1_BR1_RESULTS_PACKAGE\05_FEATURES\WINDOW12_CONVERSATION_FEATURES.csv,WINDOW12_CONVERSATION_FEATURES.csv,.csv,359617,2026-09-11T22:07:30.0524814Z,2026-09-11T20:08:23.7734770Z,RESULT_OR_OUTPUT,PRIMARY_OR_UNRESOLVED,NOT_YET_COPIED,EXP-012,CAN-F2-B,True,False,False,True,False,,05_OUTPUTS,REFERENCE_COPY_OR_PROVENANCE,C:\RSOS\Training data\F2_BR0_FULL_FINGERPRINT_RECOVERY,PHASE8B_R2
C:\RSOS\Training data\F2_BR0_FULL_FINGERPRINT_RECOVERY\01_CANONICAL_INPUTS\F1_BR2_LMARENA_MATCHED_CONTROL\11_V2_BR1_FROZEN\F1_BR1_RESULTS_PACKAGE\05_FEATURES\WINDOW8_CONVERSATION_FEATURES.csv,WINDOW8_CONVERSATION_FEATURES.csv,.csv,397260,2026-09-11T22:07:30.0544802Z,2026-09-11T20:08:23.7764745Z,RESULT_OR_OUTPUT,PRIMARY_OR_UNRESOLVED,NOT_YET_COPIED,EXP-012,CAN-F2-B,True,False,False,True,False,,05_OUTPUTS,REFERENCE_COPY_OR_PROVENANCE,C:\RSOS\Training data\F2_BR0_FULL_FINGERPRINT_RECOVERY,PHASE8B_R2
C:\RSOS\Training data\F2_BR0_FULL_FINGERPRINT_RECOVERY\01_CANONICAL_INPUTS\F1_BR2_LMARENA_MATCHED_CONTROL\11_V2_BR1_FROZEN\F1_BR1_RESULTS_PACKAGE\06_MODELS\FROZEN_FEATURE_SETS.json,FROZEN_FEATURE_SETS.json,.json,3952,2026-09-11T22:07:30.0574785Z,2026-09-11T20:08:23.7804513Z,AUTHORITY_OR_FREEZE|RESULT_OR_OUTPUT,PRIMARY_OR_UNRESOLVED,NOT_YET_COPIED,EXP-012,CAN-F2-B,True,False,False,True,False,,09_FREEZE,REFERENCE_COPY_OR_PROVENANCE,C:\RSOS\Training data\F2_BR0_FULL_FINGERPRINT_RECOVERY,PHASE8B_R2
C:\RSOS\Training data\F2_BR0_FULL_FINGERPRINT_RECOVERY\01_CANONICAL_INPUTS\F1_BR2_LMARENA_MATCHED_CONTROL\11_V2_BR1_FROZEN\F1_BR1_RESULTS_PACKAGE\06_MODELS\JOINT_MULTILAYER.joblib,JOINT_MULTILAYER.joblib,.joblib,5117,2026-09-11T22:07:30.0584780Z,2026-09-11T20:08:23.7814507Z,OTHER_SOURCE,PRIMARY_OR_UNRESOLVED,NOT_YET_COPIED,EXP-012,CAN-F2-B,True,False,False,True,False,,UNCLASSIFIED,REFERENCE_COPY_OR_PROVENANCE,C:\RSOS\Training data\F2_BR0_FULL_FINGERPRINT_RECOVERY,PHASE8B_R2
C:\RSOS\Training data\F2_BR0_FULL_FINGERPRINT_RECOVERY\01_CANONICAL_INPUTS\F1_BR2_LMARENA_MATCHED_CONTROL\11_V2_BR1_FROZEN\F1_BR1_RESULTS_PACKAGE\06_MODELS\OPERATOR_RELATIONAL.joblib,OPERATOR_RELATIONAL.joblib,.joblib,3725,2026-09-11T22:07:30.0604797Z,2026-09-11T20:08:23.7824502Z,OTHER_SOURCE,PRIMARY_OR_UNRESOLVED,NOT_YET_COPIED,EXP-012,CAN-F2-B,True,False,False,True,False,,UNCLASSIFIED,REFERENCE_COPY_OR_PROVENANCE,C:\RSOS\Training data\F2_BR0_FULL_FINGERPRINT_RECOVERY,PHASE8B_R2
C:\RSOS\Training data\F2_BR0_FULL_FINGERPRINT_RECOVERY\01_CANONICAL_INPUTS\F1_BR2_LMARENA_MATCHED_CONTROL\11_V2_BR1_FROZEN\F1_BR1_RESULTS_PACKAGE\06_MODELS\R1_COMPATIBLE.joblib,R1_COMPATIBLE.joblib,.joblib,2333,2026-09-11T22:07:30.0614763Z,2026-09-11T20:08:23.7834500Z,OTHER_SOURCE,PRIMARY_OR_UNRESOLVED,NOT_YET_COPIED,EXP-012,CAN-F2-B,True,False,False,True,False,,UNCLASSIFIED,REFERENCE_COPY_OR_PROVENANCE,C:\RSOS\Training data\F2_BR0_FULL_FINGERPRINT_RECOVERY,PHASE8B_R2
C:\RSOS\Training data\F2_BR0_FULL_FINGERPRINT_RECOVERY\01_CANONICAL_INPUTS\F1_BR2_LMARENA_MATCHED_CONTROL\11_V2_BR1_FROZEN\F1_BR1_RESULTS_PACKAGE\06_MODELS\SURFACE_FREE.joblib,SURFACE_FREE.joblib,.joblib,2989,2026-09-11T22:07:30.0624754Z,2026-09-11T20:08:23.7834500Z,OTHER_SOURCE,PRIMARY_OR_UNRESOLVED,NOT_YET_COPIED,EXP-012,CAN-F2-B,True,False,False,True,False,,UNCLASSIFIED,REFERENCE_COPY_OR_PROVENANCE,C:\RSOS\Training data\F2_BR0_FULL_FINGERPRINT_RECOVERY,PHASE8B_R2
C:\RSOS\Training data\F2_BR0_FULL_FINGERPRINT_RECOVERY\01_CANONICAL_INPUTS\F1_BR2_LMARENA_MATCHED_CONTROL\11_V2_BR1_FROZEN\F1_BR1_RESULTS_PACKAGE\07_RESULTS\DOMAIN_TOPIC_ASSIGNMENTS_K12.csv,DOMAIN_TOPIC_ASSIGNMENTS_K12.csv,.csv,18727,2026-09-11T22:07:30.0654735Z,2026-09-11T20:08:23.7844494Z,OTHER_SOURCE,PRIMARY_OR_UNRESOLVED,NOT_YET_COPIED,EXP-012,CAN-F2-B,True,False,False,True,False,,UNCLASSIFIED,REFERENCE_COPY_OR_PROVENANCE,C:\RSOS\Training data\F2_BR0_FULL_FINGERPRINT_RECOVERY,PHASE8B_R2
C:\RSOS\Training data\F2_BR0_FULL_FINGERPRINT_RECOVERY\01_CANONICAL_INPUTS\F1_BR2_LMARENA_MATCHED_CONTROL\11_V2_BR1_FROZEN\F1_BR1_RESULTS_PACKAGE\07_RESULTS\DOMAIN_TOPIC_ASSIGNMENTS_K5.csv,DOMAIN_TOPIC_ASSIGNMENTS_K5.csv,.csv,18709,2026-09-11T22:07:30.0664746Z,2026-09-11T20:08:23.7854485Z,OTHER_SOURCE,PRIMARY_OR_UNRESOLVED,NOT_YET_COPIED,EXP-012,CAN-F2-B,True,False,False,True,False,,UNCLASSIFIED,REFERENCE_COPY_OR_PROVENANCE,C:\RSOS\Training data\F2_BR0_FULL_FINGERPRINT_RECOVERY,PHASE8B_R2
C:\RSOS\Training data\F2_BR0_FULL_FINGERPRINT_RECOVERY\01_CANONICAL_INPUTS\F1_BR2_LMARENA_MATCHED_CONTROL\11_V2_BR1_FROZEN\F1_BR1_RESULTS_PACKAGE\07_RESULTS\DOMAIN_TOPIC_ASSIGNMENTS_K8.csv,DOMAIN_TOPIC_ASSIGNMENTS_K8.csv,.csv,18709,2026-09-11T22:07:30.0674728Z,2026-09-11T20:08:23.7864481Z,OTHER_SOURCE,PRIMARY_OR_UNRESOLVED,NOT_YET_COPIED,EXP-012,CAN-F2-B,True,False,False,True,False,,UNCLASSIFIED,REFERENCE_COPY_OR_PROVENANCE,C:\RSOS\Training data\F2_BR0_FULL_FINGERPRINT_RECOVERY,PHASE8B_R2
C:\RSOS\Training data\F2_BR0_FULL_FINGERPRINT_RECOVERY\01_CANONICAL_INPUTS\F1_BR2_LMARENA_MATCHED_CONTROL\11_V2_BR1_FROZEN\F1_BR1_RESULTS_PACKAGE\07_RESULTS\DOMAIN_TOPIC_CONTROL.csv,DOMAIN_TOPIC_CONTROL.csv,.csv,371,2026-09-11T22:07:30.0694713Z,2026-09-11T20:08:23.7874477Z,OTHER_SOURCE,PRIMARY_OR_UNRESOLVED,NOT_YET_COPIED,EXP-012,CAN-F2-B,True,False,False,True,False,,00_CONTROL,REFERENCE_COPY_OR_PROVENANCE,C:\RSOS\Training data\F2_BR0_FULL_FINGERPRINT_RECOVERY,PHASE8B_R2
C:\RSOS\Training data\F2_BR0_FULL_FINGERPRINT_RECOVERY\01_CANONICAL_INPUTS\F1_BR2_LMARENA_MATCHED_CONTROL\11_V2_BR1_FROZEN\F1_BR1_RESULTS_PACKAGE\07_RESULTS\domain_topic_control.py,domain_topic_control.py,.py,4588,2026-09-11T22:07:30.0704709Z,2026-09-11T20:08:23.8045813Z,OTHER_SOURCE,PRIMARY_OR_UNRESOLVED,NOT_YET_COPIED,EXP-012,CAN-F2-B,True,False,False,True,False,,00_CONTROL,REFERENCE_COPY_OR_PROVENANCE,C:\RSOS\Training data\F2_BR0_FULL_FINGERPRINT_RECOVERY,PHASE8B_R2
C:\RSOS\Training data\F2_BR0_FULL_FINGERPRINT_RECOVERY\01_CANONICAL_INPUTS\F1_BR2_LMARENA_MATCHED_CONTROL\11_V2_BR1_FROZEN\F1_BR1_RESULTS_PACKAGE\07_RESULTS\dropout_robustness.py,dropout_robustness.py,.py,2225,2026-09-11T22:07:30.0724865Z,2026-09-11T20:08:23.8055809Z,OTHER_SOURCE,PRIMARY_OR_UNRESOLVED,NOT_YET_COPIED,EXP-012,CAN-F2-B,True,False,False,True,False,,UNCLASSIFIED,REFERENCE_COPY_OR_PROVENANCE,C:\RSOS\Training data\F2_BR0_FULL_FINGERPRINT_RECOVERY,PHASE8B_R2
C:\RSOS\Training data\F2_BR0_FULL_FINGERPRINT_RECOVERY\01_CANONICAL_INPUTS\F1_BR2_LMARENA_MATCHED_CONTROL\11_V2_BR1_FROZEN\F1_BR1_RESULTS_PACKAGE\07_RESULTS\FROZEN_THRESHOLD_HOLDOUT.csv,FROZEN_THRESHOLD_HOLDOUT.csv,.csv,167,2026-09-11T22:07:30.0744690Z,2026-09-11T20:08:23.7884470Z,AUTHORITY_OR_FREEZE,PRIMARY_OR_UNRESOLVED,NOT_YET_COPIED,EXP-012,CAN-F2-B,True,False,False,True,False,,09_FREEZE,REFERENCE_COPY_OR_PROVENANCE,C:\RSOS\Training data\F2_BR0_FULL_FINGERPRINT_RECOVERY,PHASE8B_R2
C:\RSOS\Training data\F2_BR0_FULL_FINGERPRINT_RECOVERY\01_CANONICAL_INPUTS\F1_BR2_LMARENA_MATCHED_CONTROL\11_V2_BR1_FROZEN\F1_BR1_RESULTS_PACKAGE\07_RESULTS\HOLDOUT_SCORES_INTERNAL.csv,HOLDOUT_SCORES_INTERNAL.csv,.csv,44567,2026-09-11T22:07:30.0754685Z,2026-09-11T20:08:23.7894470Z,RESULT_OR_OUTPUT,PRIMARY_OR_UNRESOLVED,NOT_YET_COPIED,EXP-012,CAN-F2-B,True,False,False,True,False,,05_OUTPUTS,REFERENCE_COPY_OR_PROVENANCE,C:\RSOS\Training data\F2_BR0_FULL_FINGERPRINT_RECOVERY,PHASE8B_R2
C:\RSOS\Training data\F2_BR0_FULL_FINGERPRINT_RECOVERY\01_CANONICAL_INPUTS\F1_BR2_LMARENA_MATCHED_CONTROL\11_V2_BR1_FROZEN\F1_BR1_RESULTS_PACKAGE\07_RESULTS\JOINT_STANDARDIZED_COEFFICIENTS.csv,JOINT_STANDARDIZED_COEFFICIENTS.csv,.csv,4011,2026-09-11T22:07:30.0774673Z,2026-09-11T20:08:23.7904462Z,OTHER_SOURCE,PRIMARY_OR_UNRESOLVED,NOT_YET_COPIED,EXP-012,CAN-F2-B,True,False,False,True,False,,UNCLASSIFIED,REFERENCE_COPY_OR_PROVENANCE,C:\RSOS\Training data\F2_BR0_FULL_FINGERPRINT_RECOVERY,PHASE8B_R2
C:\RSOS\Training data\F2_BR0_FULL_FINGERPRINT_RECOVERY\01_CANONICAL_INPUTS\F1_BR2_LMARENA_MATCHED_CONTROL\11_V2_BR1_FROZEN\F1_BR1_RESULTS_PACKAGE\07_RESULTS\LMARENA_RELATIONAL_GRAPH_CONTROL.csv,LMARENA_RELATIONAL_GRAPH_CONTROL.csv,.csv,345,2026-09-11T22:07:30.0794724Z,2026-09-11T20:08:23.7904462Z,OTHER_SOURCE,PRIMARY_OR_UNRESOLVED,NOT_YET_COPIED,EXP-012,CAN-F2-B,True,False,False,True,False,,00_CONTROL,REFERENCE_COPY_OR_PROVENANCE,C:\RSOS\Training data\F2_BR0_FULL_FINGERPRINT_RECOVERY,PHASE8B_R2
C:\RSOS\Training data\F2_BR0_FULL_FINGERPRINT_RECOVERY\01_CANONICAL_INPUTS\F1_BR2_LMARENA_MATCHED_CONTROL\11_V2_BR1_FROZEN\F1_BR1_RESULTS_PACKAGE\07_RESULTS\MESSAGE_DROPOUT_ROBUSTNESS.csv,MESSAGE_DROPOUT_ROBUSTNESS.csv,.csv,282,2026-09-11T22:07:30.0804659Z,2026-09-11T20:08:23.7914455Z,OTHER_SOURCE,PRIMARY_OR_UNRESOLVED,NOT_YET_COPIED,EXP-012,CAN-F2-B,True,False,False,True,False,,UNCLASSIFIED,REFERENCE_COPY_OR_PROVENANCE,C:\RSOS\Training data\F2_BR0_FULL_FINGERPRINT_RECOVERY,PHASE8B_R2
C:\RSOS\Training data\F2_BR0_FULL_FINGERPRINT_RECOVERY\01_CANONICAL_INPUTS\F1_BR2_LMARENA_MATCHED_CONTROL\11_V2_BR1_FROZEN\F1_BR1_RESULTS_PACKAGE\07_RESULTS\PRIMARY_CLASSIFICATION_RESULTS.csv,PRIMARY_CLASSIFICATION_RESULTS.csv,.csv,2691,2026-09-11T22:07:30.0814654Z,2026-09-11T20:08:23.7924476Z,RESULT_OR_OUTPUT,PRIMARY_OR_UNRESOLVED,NOT_YET_COPIED,EXP-012,CAN-F2-B,True,False,False,True,False,,05_OUTPUTS,REFERENCE_COPY_OR_PROVENANCE,C:\RSOS\Training data\F2_BR0_FULL_FINGERPRINT_RECOVERY,PHASE8B_R2
C:\RSOS\Training data\F2_BR0_FULL_FINGERPRINT_RECOVERY\01_CANONICAL_INPUTS\F1_BR2_LMARENA_MATCHED_CONTROL\11_V2_BR1_FROZEN\F1_BR1_RESULTS_PACKAGE\07_RESULTS\run_f1_br1_analysis.py,run_f1_br1_analysis.py,.py,13580,2026-09-11T22:07:30.0824645Z,2026-09-11T20:08:23.8055809Z,RUNNER,PRIMARY_OR_UNRESOLVED,NOT_YET_COPIED,EXP-012,CAN-F2-B,True,False,False,True,False,,03_RUNNER,REFERENCE_COPY_OR_PROVENANCE,C:\RSOS\Training data\F2_BR0_FULL_FINGERPRINT_RECOVERY,PHASE8B_R2
C:\RSOS\Training data\F2_BR0_FULL_FINGERPRINT_RECOVERY\01_CANONICAL_INPUTS\F1_BR2_LMARENA_MATCHED_CONTROL\11_V2_BR1_FROZEN\F1_BR1_RESULTS_PACKAGE\07_RESULTS\run_primary_fast.py,run_primary_fast.py,.py,6787,2026-09-11T22:07:30.0844630Z,2026-09-11T20:08:23.8065805Z,RUNNER,PRIMARY_OR_UNRESOLVED,NOT_YET_COPIED,EXP-012,CAN-F2-B,True,False,False,True,False,,03_RUNNER,REFERENCE_COPY_OR_PROVENANCE,C:\RSOS\Training data\F2_BR0_FULL_FINGERPRINT_RECOVERY,PHASE8B_R2
C:\RSOS\Training data\F2_BR0_FULL_FINGERPRINT_RECOVERY\01_CANONICAL_INPUTS\F1_BR2_LMARENA_MATCHED_CONTROL\11_V2_BR1_FROZEN\F1_BR1_RESULTS_PACKAGE\07_RESULTS\run_secondary_fast.py,run_secondary_fast.py,.py,9080,2026-09-11T22:07:30.0854623Z,2026-09-11T20:08:23.8077227Z,RUNNER,PRIMARY_OR_UNRESOLVED,NOT_YET_COPIED,EXP-012,CAN-F2-B,True,False,False,True,False,,03_RUNNER,REFERENCE_COPY_OR_PROVENANCE,C:\RSOS\Training data\F2_BR0_FULL_FINGERPRINT_RECOVERY,PHASE8B_R2
C:\RSOS\Training data\F2_BR0_FULL_FINGERPRINT_RECOVERY\01_CANONICAL_INPUTS\F1_BR2_LMARENA_MATCHED_CONTROL\11_V2_BR1_FROZEN\F1_BR1_RESULTS_PACKAGE\07_RESULTS\SYSTEM_SPECIFIC_HOLDOUT.csv,SYSTEM_SPECIFIC_HOLDOUT.csv,.csv,470,2026-09-11T22:07:30.0884630Z,2026-09-11T20:08:23.7934467Z,OTHER_SOURCE,PRIMARY_OR_UNRESOLVED,NOT_YET_COPIED,EXP-012,CAN-F2-B,True,False,False,True,False,,UNCLASSIFIED,REFERENCE_COPY_OR_PROVENANCE,C:\RSOS\Training data\F2_BR0_FULL_FINGERPRINT_RECOVERY,PHASE8B_R2
C:\RSOS\Training data\F2_BR0_FULL_FINGERPRINT_RECOVERY\01_CANONICAL_INPUTS\F1_BR2_LMARENA_MATCHED_CONTROL\11_V2_BR1_FROZEN\F1_BR1_RESULTS_PACKAGE\07_RESULTS\STRATIFIED_HOLDOUT.csv,STRATIFIED_HOLDOUT.csv,.csv,351,2026-09-11T22:07:30.0874613Z,2026-09-11T20:08:23.7924476Z,OTHER_SOURCE,PRIMARY_OR_UNRESOLVED,NOT_YET_COPIED,EXP-012,CAN-F2-B,True,False,False,True,False,,UNCLASSIFIED,REFERENCE_COPY_OR_PROVENANCE,C:\RSOS\Training data\F2_BR0_FULL_FINGERPRINT_RECOVERY,PHASE8B_R2
C:\RSOS\Training data\F2_BR0_FULL_FINGERPRINT_RECOVERY\01_CANONICAL_INPUTS\F1_BR2_LMARENA_MATCHED_CONTROL\11_V2_BR1_FROZEN\F1_BR1_RESULTS_PACKAGE\07_RESULTS\TOPIC_MODEL_COMPLEXITY_MATCHED_HOLDOUT.csv,TOPIC_MODEL_COMPLEXITY_MATCHED_HOLDOUT.csv,.csv,131,2026-09-11T22:07:30.0914609Z,2026-09-11T20:08:23.7934467Z,OTHER_SOURCE,PRIMARY_OR_UNRESOLVED,NOT_YET_COPIED,EXP-012,CAN-F2-B,True,False,False,True,False,,UNCLASSIFIED,REFERENCE_COPY_OR_PROVENANCE,C:\RSOS\Training data\F2_BR0_FULL_FINGERPRINT_RECOVERY,PHASE8B_R2
C:\RSOS\Training data\F2_BR0_FULL_FINGERPRINT_RECOVERY\01_CANONICAL_INPUTS\F1_BR2_LMARENA_MATCHED_CONTROL\11_V2_BR1_FROZEN\F1_BR1_RESULTS_PACKAGE\07_RESULTS\VALIDATION_SCORES_INTERNAL.csv,VALIDATION_SCORES_INTERNAL.csv,.csv,16676,2026-09-11T22:07:30.0924607Z,2026-09-11T20:08:23.7944440Z,RESULT_OR_OUTPUT,PRIMARY_OR_UNRESOLVED,NOT_YET_COPIED,EXP-012,CAN-F2-B,True,False,False,True,False,,05_OUTPUTS,REFERENCE_COPY_OR_PROVENANCE,C:\RSOS\Training data\F2_BR0_FULL_FINGERPRINT_RECOVERY,PHASE8B_R2
C:\RSOS\Training data\F2_BR0_FULL_FINGERPRINT_RECOVERY\01_CANONICAL_INPUTS\F1_BR2_LMARENA_MATCHED_CONTROL\11_V2_BR1_FROZEN\F1_BR1_RESULTS_PACKAGE\07_RESULTS\window12_hardening.py,window12_hardening.py,.py,8542,2026-09-11T22:07:30.0944601Z,2026-09-11T20:08:23.8087216Z,OTHER_SOURCE,PRIMARY_OR_UNRESOLVED,NOT_YET_COPIED,EXP-012,CAN-F2-B,True,False,False,True,False,,UNCLASSIFIED,REFERENCE_COPY_OR_PROVENANCE,C:\RSOS\Training data\F2_BR0_FULL_FINGERPRINT_RECOVERY,PHASE8B_R2
C:\RSOS\Training data\F2_BR0_FULL_FINGERPRINT_RECOVERY\01_CANONICAL_INPUTS\F1_BR2_LMARENA_MATCHED_CONTROL\11_V2_BR1_FROZEN\F1_BR1_RESULTS_PACKAGE\07_RESULTS\WINDOW12_HOLDOUT_SCORES.csv,WINDOW12_HOLDOUT_SCORES.csv,.csv,186213,2026-09-11T22:07:30.0954591Z,2026-09-11T20:08:23.7964452Z,RESULT_OR_OUTPUT,PRIMARY_OR_UNRESOLVED,NOT_YET_COPIED,EXP-012,CAN-F2-B,True,False,False,True,False,,05_OUTPUTS,REFERENCE_COPY_OR_PROVENANCE,C:\RSOS\Training data\F2_BR0_FULL_FINGERPRINT_RECOVERY,PHASE8B_R2
C:\RSOS\Training data\F2_BR0_FULL_FINGERPRINT_RECOVERY\01_CANONICAL_INPUTS\F1_BR2_LMARENA_MATCHED_CONTROL\11_V2_BR1_FROZEN\F1_BR1_RESULTS_PACKAGE\07_RESULTS\WINDOW12_LENGTH_HARDENING.csv,WINDOW12_LENGTH_HARDENING.csv,.csv,456,2026-09-11T22:07:30.0974558Z,2026-09-11T20:08:23.7975857Z,OTHER_SOURCE,PRIMARY_OR_UNRESOLVED,NOT_YET_COPIED,EXP-012,CAN-F2-B,True,False,False,True,False,,UNCLASSIFIED,REFERENCE_COPY_OR_PROVENANCE,C:\RSOS\Training data\F2_BR0_FULL_FINGERPRINT_RECOVERY,PHASE8B_R2
C:\RSOS\Training data\F2_BR0_FULL_FINGERPRINT_RECOVERY\01_CANONICAL_INPUTS\F1_BR2_LMARENA_MATCHED_CONTROL\11_V2_BR1_FROZEN\F1_BR1_RESULTS_PACKAGE\07_RESULTS\WINDOW12_VALIDATION_SCORES.csv,WINDOW12_VALIDATION_SCORES.csv,.csv,89878,2026-09-11T22:07:30.0984553Z,2026-09-11T20:08:23.7985874Z,RESULT_OR_OUTPUT,PRIMARY_OR_UNRESOLVED,NOT_YET_COPIED,EXP-012,CAN-F2-B,True,False,False,True,False,,05_OUTPUTS,REFERENCE_COPY_OR_PROVENANCE,C:\RSOS\Training data\F2_BR0_FULL_FINGERPRINT_RECOVERY,PHASE8B_R2
C:\RSOS\Training data\F2_BR0_FULL_FINGERPRINT_RECOVERY\01_CANONICAL_INPUTS\F1_BR2_LMARENA_MATCHED_CONTROL\11_V2_BR1_FROZEN\F1_BR1_RESULTS_PACKAGE\07_RESULTS\window8_hardening.py,window8_hardening.py,.py,8538,2026-09-11T22:07:30.1004546Z,2026-09-11T20:08:23.8097212Z,OTHER_SOURCE,PRIMARY_OR_UNRESOLVED,NOT_YET_COPIED,EXP-012,CAN-F2-B,True,False,False,True,False,,UNCLASSIFIED,REFERENCE_COPY_OR_PROVENANCE,C:\RSOS\Training data\F2_BR0_FULL_FINGERPRINT_RECOVERY,PHASE8B_R2
C:\RSOS\Training data\F2_BR0_FULL_FINGERPRINT_RECOVERY\01_CANONICAL_INPUTS\F1_BR2_LMARENA_MATCHED_CONTROL\11_V2_BR1_FROZEN\F1_BR1_RESULTS_PACKAGE\07_RESULTS\WINDOW8_HOLDOUT_SCORES.csv,WINDOW8_HOLDOUT_SCORES.csv,.csv,216570,2026-09-11T22:07:30.1014543Z,2026-09-11T20:08:23.8005851Z,RESULT_OR_OUTPUT,PRIMARY_OR_UNRESOLVED,NOT_YET_COPIED,EXP-012,CAN-F2-B,True,False,False,True,False,,05_OUTPUTS,REFERENCE_COPY_OR_PROVENANCE,C:\RSOS\Training data\F2_BR0_FULL_FINGERPRINT_RECOVERY,PHASE8B_R2
C:\RSOS\Training data\F2_BR0_FULL_FINGERPRINT_RECOVERY\01_CANONICAL_INPUTS\F1_BR2_LMARENA_MATCHED_CONTROL\11_V2_BR1_FROZEN\F1_BR1_RESULTS_PACKAGE\07_RESULTS\WINDOW8_LENGTH_HARDENING.csv,WINDOW8_LENGTH_HARDENING.csv,.csv,465,2026-09-11T22:07:30.1034523Z,2026-09-11T20:08:23.8015860Z,OTHER_SOURCE,PRIMARY_OR_UNRESOLVED,NOT_YET_COPIED,EXP-012,CAN-F2-B,True,False,False,True,False,,UNCLASSIFIED,REFERENCE_COPY_OR_PROVENANCE,C:\RSOS\Training data\F2_BR0_FULL_FINGERPRINT_RECOVERY,PHASE8B_R2
C:\RSOS\Training data\F2_BR0_FULL_FINGERPRINT_RECOVERY\01_CANONICAL_INPUTS\F1_BR2_LMARENA_MATCHED_CONTROL\11_V2_BR1_FROZEN\F1_BR1_RESULTS_PACKAGE\07_RESULTS\WINDOW8_VALIDATION_SCORES.csv,WINDOW8_VALIDATION_SCORES.csv,.csv,96704,2026-09-11T22:07:30.1054510Z,2026-09-11T20:08:23.8025833Z,RESULT_OR_OUTPUT,PRIMARY_OR_UNRESOLVED,NOT_YET_COPIED,EXP-012,CAN-F2-B,True,False,False,True,False,,05_OUTPUTS,REFERENCE_COPY_OR_PROVENANCE,C:\RSOS\Training data\F2_BR0_FULL_FINGERPRINT_RECOVERY,PHASE8B_R2
C:\RSOS\Training data\F2_BR0_FULL_FINGERPRINT_RECOVERY\01_CANONICAL_INPUTS\F1_BR2_LMARENA_MATCHED_CONTROL\11_V2_BR1_FROZEN\F1_BR1_RESULTS_PACKAGE\07_RESULTS\WITHIN_TOPIC_HOLDOUT.csv,WITHIN_TOPIC_HOLDOUT.csv,.csv,299,2026-09-11T22:07:30.1074505Z,2026-09-11T20:08:23.8035845Z,OTHER_SOURCE,PRIMARY_OR_UNRESOLVED,NOT_YET_COPIED,EXP-012,CAN-F2-B,True,False,False,True,False,,UNCLASSIFIED,REFERENCE_COPY_OR_PROVENANCE,C:\RSOS\Training data\F2_BR0_FULL_FINGERPRINT_RECOVERY,PHASE8B_R2
C:\RSOS\Training data\F2_BR0_FULL_FINGERPRINT_RECOVERY\01_CANONICAL_INPUTS\F1_BR2_LMARENA_MATCHED_CONTROL\11_V2_BR1_FROZEN\F1_BR1_RESULTS_PACKAGE\08_ABLATIONS\REPRESENTATION_ABLATIONS.csv,REPRESENTATION_ABLATIONS.csv,.csv,897,2026-09-11T22:07:30.1104487Z,2026-09-11T20:08:23.8097212Z,OTHER_SOURCE,PRIMARY_OR_UNRESOLVED,NOT_YET_COPIED,EXP-012,CAN-F2-B,True,False,False,True,False,,UNCLASSIFIED,REFERENCE_COPY_OR_PROVENANCE,C:\RSOS\Training data\F2_BR0_FULL_FINGERPRINT_RECOVERY,PHASE8B_R2
C:\RSOS\Training data\F2_BR0_FULL_FINGERPRINT_RECOVERY\01_CANONICAL_INPUTS\F1_BR2_LMARENA_MATCHED_CONTROL\11_V2_BR1_FROZEN\F1_BR1_RESULTS_PACKAGE\09_GENEALOGY\GENEALOGY_DIRECTIONALITY.csv,GENEALOGY_DIRECTIONALITY.csv,.csv,213,2026-09-11T22:07:30.1124476Z,2026-09-11T20:08:23.8107207Z,OTHER_SOURCE,PRIMARY_OR_UNRESOLVED,NOT_YET_COPIED,EXP-012,CAN-F2-B,True,False,False,True,False,,06_DIAGNOSTIC,REFERENCE_COPY_OR_PROVENANCE,C:\RSOS\Training data\F2_BR0_FULL_FINGERPRINT_RECOVERY,PHASE8B_R2
C:\RSOS\Training data\F2_BR0_FULL_FINGERPRINT_RECOVERY\01_CANONICAL_INPUTS\F1_BR2_LMARENA_MATCHED_CONTROL\11_V2_BR1_FROZEN\F1_BR1_RESULTS_PACKAGE\PACKAGE_SHA256_MANIFEST.csv,PACKAGE_SHA256_MANIFEST.csv,.csv,7796,2026-09-11T22:07:29.9323198Z,2026-09-11T20:08:23.8117209Z,OTHER_SOURCE,PRIMARY_OR_UNRESOLVED,NOT_YET_COPIED,EXP-012,CAN-F2-B,True,False,False,True,False,,09_FREEZE,REFERENCE_COPY_OR_PROVENANCE,C:\RSOS\Training data\F2_BR0_FULL_FINGERPRINT_RECOVERY,PHASE8B_R2
C:\RSOS\Training data\F2_BR0_FULL_FINGERPRINT_RECOVERY\01_CANONICAL_INPUTS\F1_BR2_LMARENA_MATCHED_CONTROL\11_V2_BR1_FROZEN\F1_BR1_RESULTS_PACKAGE\PACKAGE_STATUS.txt,PACKAGE_STATUS.txt,.txt,843,2026-09-11T22:07:29.9335203Z,2026-09-11T20:08:23.8127199Z,AUTHORITY_OR_FREEZE,PRIMARY_OR_UNRESOLVED,NOT_YET_COPIED,EXP-012,CAN-F2-B,True,False,False,True,False,,00_CONTROL,REFERENCE_COPY_OR_PROVENANCE,C:\RSOS\Training data\F2_BR0_FULL_FINGERPRINT_RECOVERY,PHASE8B_R2
C:\RSOS\Training data\F2_BR0_FULL_FINGERPRINT_RECOVERY\01_CANONICAL_INPUTS\F1_BR2_LMARENA_MATCHED_CONTROL\11_V2_MANIFEST\BR2_V2_SUMMARY.json,BR2_V2_SUMMARY.json,.json,3918,2026-09-11T22:07:30.1144462Z,2026-09-11T20:12:16.4431129Z,RESULT_OR_OUTPUT,PRIMARY_OR_UNRESOLVED,NOT_YET_COPIED,EXP-012,CAN-F2-B,True,False,False,True,False,,05_OUTPUTS,REFERENCE_COPY_OR_PROVENANCE,C:\RSOS\Training data\F2_BR0_FULL_FINGERPRINT_RECOVERY,PHASE8B_R2
C:\RSOS\Training data\F2_BR0_FULL_FINGERPRINT_RECOVERY\01_CANONICAL_INPUTS\F1_BR2_LMARENA_MATCHED_CONTROL\11_V2_MANIFEST\BR2_V2_SUMMARY.txt,BR2_V2_SUMMARY.txt,.txt,1725,2026-09-11T22:07:30.1154459Z,2026-09-11T20:12:16.4441116Z,RESULT_OR_OUTPUT,PRIMARY_OR_UNRESOLVED,NOT_YET_COPIED,EXP-012,CAN-F2-B,True,False,False,True,False,,05_OUTPUTS,REFERENCE_COPY_OR_PROVENANCE,C:\RSOS\Training data\F2_BR0_FULL_FINGERPRINT_RECOVERY,PHASE8B_R2
C:\RSOS\Training data\F2_BR0_FULL_FINGERPRINT_RECOVERY\01_CANONICAL_INPUTS\F1_BR2_LMARENA_MATCHED_CONTROL\11_V2_MANIFEST\ENVIRONMENT.json,ENVIRONMENT.json,.json,289,2026-09-11T22:07:30.1164460Z,2026-09-11T20:12:16.5435411Z,OTHER_SOURCE,PRIMARY_OR_UNRESOLVED,NOT_YET_COPIED,EXP-012,CAN-F2-B,True,False,False,True,False,,UNCLASSIFIED,REFERENCE_COPY_OR_PROVENANCE,C:\RSOS\Training data\F2_BR0_FULL_FINGERPRINT_RECOVERY,PHASE8B_R2
C:\RSOS\Training data\F2_BR0_FULL_FINGERPRINT_RECOVERY\01_CANONICAL_INPUTS\F1_BR2_LMARENA_MATCHED_CONTROL\11_V2_MANIFEST\FINAL_V2_ZIP_SHA256.txt,FINAL_V2_ZIP_SHA256.txt,.txt,66,2026-09-11T22:07:30.1184445Z,2026-09-11T20:12:50.8887988Z,AUTHORITY_OR_FREEZE,PRIMARY_OR_UNRESOLVED,NOT_YET_COPIED,EXP-012,CAN-F2-B,True,False,False,True,False,,09_FREEZE,REFERENCE_COPY_OR_PROVENANCE,C:\RSOS\Training data\F2_BR0_FULL_FINGERPRINT_RECOVERY,PHASE8B_R2
C:\RSOS\Training data\F2_BR0_FULL_FINGERPRINT_RECOVERY\01_CANONICAL_INPUTS\F1_BR2_LMARENA_MATCHED_CONTROL\11_V2_MANIFEST\PORTABLE_MODEL_PROVENANCE.csv,PORTABLE_MODEL_PROVENANCE.csv,.csv,254,2026-09-11T22:07:30.1194432Z,2026-09-11T20:08:23.8337285Z,OTHER_SOURCE,PRIMARY_OR_UNRESOLVED,NOT_YET_COPIED,EXP-012,CAN-F2-B,True,False,False,True,False,,UNCLASSIFIED,REFERENCE_COPY_OR_PROVENANCE,C:\RSOS\Training data\F2_BR0_FULL_FINGERPRINT_RECOVERY,PHASE8B_R2
C:\RSOS\Training data\F2_BR0_FULL_FINGERPRINT_RECOVERY\01_CANONICAL_INPUTS\F1_BR2_LMARENA_MATCHED_CONTROL\11_V2_MANIFEST\PORTABLE_SCORE_EQUIVALENCE.csv,PORTABLE_SCORE_EQUIVALENCE.csv,.csv,110,2026-09-11T22:07:30.1204420Z,2026-09-11T20:08:23.8893037Z,RESULT_OR_OUTPUT,PRIMARY_OR_UNRESOLVED,NOT_YET_COPIED,EXP-012,CAN-F2-B,True,False,False,True,False,,05_OUTPUTS,REFERENCE_COPY_OR_PROVENANCE,C:\RSOS\Training data\F2_BR0_FULL_FINGERPRINT_RECOVERY,PHASE8B_R2
C:\RSOS\Training data\F2_BR0_FULL_FINGERPRINT_RECOVERY\01_CANONICAL_INPUTS\F1_BR2_LMARENA_MATCHED_CONTROL\11_V2_MANIFEST\V2_INPUT_SHA256.csv,V2_INPUT_SHA256.csv,.csv,1094,2026-09-11T22:07:30.1214426Z,2026-09-11T20:12:17.7816417Z,OTHER_SOURCE,PRIMARY_OR_UNRESOLVED,NOT_YET_COPIED,EXP-012,CAN-F2-B,True,False,False,True,False,,09_FREEZE,REFERENCE_COPY_OR_PROVENANCE,C:\RSOS\Training data\F2_BR0_FULL_FINGERPRINT_RECOVERY,PHASE8B_R2
C:\RSOS\Training data\F2_BR0_FULL_FINGERPRINT_RECOVERY\01_CANONICAL_INPUTS\F1_BR2_LMARENA_MATCHED_CONTROL\11_V2_MANIFEST\V2_OUTPUT_SHA256_MANIFEST.csv,V2_OUTPUT_SHA256_MANIFEST.csv,.csv,26026,2026-09-11T22:07:30.1234421Z,2026-09-11T20:12:20.1907470Z,RESULT_OR_OUTPUT,PRIMARY_OR_UNRESOLVED,NOT_YET_COPIED,EXP-012,CAN-F2-B,True,False,False,True,False,,09_FREEZE,REFERENCE_COPY_OR_PROVENANCE,C:\RSOS\Training data\F2_BR0_FULL_FINGERPRINT_RECOVERY,PHASE8B_R2
C:\RSOS\Training data\F2_BR0_FULL_FINGERPRINT_RECOVERY\01_CANONICAL_INPUTS\F1_BR2_LMARENA_MATCHED_CONTROL\12_V2_SCHEMA\ARM_SCHEMA_USED.json,ARM_SCHEMA_USED.json,.json,238,2026-09-11T22:07:30.1254402Z,2026-09-11T20:08:24.4708040Z,OTHER_SOURCE,PRIMARY_OR_UNRESOLVED,NOT_YET_COPIED,EXP-012,CAN-F2-B,True,False,False,True,False,,UNCLASSIFIED,REFERENCE_COPY_OR_PROVENANCE,C:\RSOS\Training data\F2_BR0_FULL_FINGERPRINT_RECOVERY,PHASE8B_R2
C:\RSOS\Training data\F2_BR0_FULL_FINGERPRINT_RECOVERY\01_CANONICAL_INPUTS\F1_BR2_LMARENA_MATCHED_CONTROL\13_V2_LMARENA_FEATURES\EXTRACTION_COUNTS.csv,EXTRACTION_COUNTS.csv,.csv,125,2026-09-11T22:07:30.1274379Z,2026-09-11T20:10:45.2302100Z,OTHER_SOURCE,PRIMARY_OR_UNRESOLVED,NOT_YET_COPIED,EXP-012,CAN-F2-B,True,False,False,True,False,,UNCLASSIFIED,REFERENCE_COPY_OR_PROVENANCE,C:\RSOS\Training data\F2_BR0_FULL_FINGERPRINT_RECOVERY,PHASE8B_R2
C:\RSOS\Training data\F2_BR0_FULL_FINGERPRINT_RECOVERY\01_CANONICAL_INPUTS\F1_BR2_LMARENA_MATCHED_CONTROL\13_V2_LMARENA_FEATURES\LMARENA_EXACT_BR1_FEATURES.parquet,LMARENA_EXACT_BR1_FEATURES.parquet,.parquet,1138418,2026-09-11T22:07:30.1274379Z,2026-09-11T20:10:45.1951005Z,RESULT_OR_OUTPUT,PRIMARY_OR_UNRESOLVED,NOT_YET_COPIED,EXP-012,CAN-F2-B,True,False,False,True,False,,05_OUTPUTS,REFERENCE_COPY_OR_PROVENANCE,C:\RSOS\Training data\F2_BR0_FULL_FINGERPRINT_RECOVERY,PHASE8B_R2
C:\RSOS\Training data\F2_BR0_FULL_FINGERPRINT_RECOVERY\01_CANONICAL_INPUTS\F1_BR2_LMARENA_MATCHED_CONTROL\14_V2_MATCHING\MATCH_BALANCE.csv,MATCH_BALANCE.csv,.csv,434,2026-09-11T22:07:30.1354351Z,2026-09-11T20:12:04.4194932Z,OTHER_SOURCE,PRIMARY_OR_UNRESOLVED,NOT_YET_COPIED,EXP-012,CAN-F2-B,True,False,False,True,False,,UNCLASSIFIED,REFERENCE_COPY_OR_PROVENANCE,C:\RSOS\Training data\F2_BR0_FULL_FINGERPRINT_RECOVERY,PHASE8B_R2
C:\RSOS\Training data\F2_BR0_FULL_FINGERPRINT_RECOVERY\01_CANONICAL_INPUTS\F1_BR2_LMARENA_MATCHED_CONTROL\14_V2_MATCHING\ONE_TO_ONE_MATCHED_PAIRS.csv,ONE_TO_ONE_MATCHED_PAIRS.csv,.csv,31634,2026-09-11T22:07:30.1364335Z,2026-09-11T20:12:16.4281203Z,OTHER_SOURCE,PRIMARY_OR_UNRESOLVED,NOT_YET_COPIED,EXP-012,CAN-F2-B,True,False,False,True,False,,UNCLASSIFIED,REFERENCE_COPY_OR_PROVENANCE,C:\RSOS\Training data\F2_BR0_FULL_FINGERPRINT_RECOVERY,PHASE8B_R2
C:\RSOS\Training data\F2_BR0_FULL_FINGERPRINT_RECOVERY\01_CANONICAL_INPUTS\F1_BR2_LMARENA_MATCHED_CONTROL\14_V2_MATCHING\SUPPORT_DIAGNOSTICS.csv,SUPPORT_DIAGNOSTICS.csv,.csv,235,2026-09-11T22:07:30.1374331Z,2026-09-11T20:12:16.4361187Z,OTHER_SOURCE,PRIMARY_OR_UNRESOLVED,NOT_YET_COPIED,EXP-012,CAN-F2-B,True,False,False,True,False,,06_DIAGNOSTIC,REFERENCE_COPY_OR_PROVENANCE,C:\RSOS\Training data\F2_BR0_FULL_FINGERPRINT_RECOVERY,PHASE8B_R2
C:\RSOS\Training data\F2_BR0_FULL_FINGERPRINT_RECOVERY\01_CANONICAL_INPUTS\F1_BR2_LMARENA_MATCHED_CONTROL\15_V2_RESULTS\BR2_V2_PRIMARY_RESULTS.csv,BR2_V2_PRIMARY_RESULTS.csv,.csv,1232,2026-09-11T22:07:30.1394323Z,2026-09-11T20:12:16.4391147Z,RESULT_OR_OUTPUT,PRIMARY_OR_UNRESOLVED,NOT_YET_COPIED,EXP-012,CAN-F2-B,True,False,False,True,False,,05_OUTPUTS,REFERENCE_COPY_OR_PROVENANCE,C:\RSOS\Training data\F2_BR0_FULL_FINGERPRINT_RECOVERY,PHASE8B_R2
C:\RSOS\Training data\F2_BR0_FULL_FINGERPRINT_RECOVERY\01_CANONICAL_INPUTS\F1_BR2_LMARENA_MATCHED_CONTROL\15_V2_RESULTS\MATCHED_CONTROL_RESULTS.csv,MATCHED_CONTROL_RESULTS.csv,.csv,516,2026-09-11T22:07:30.1404306Z,2026-09-11T20:12:16.4201267Z,RESULT_OR_OUTPUT,PRIMARY_OR_UNRESOLVED,NOT_YET_COPIED,EXP-012,CAN-F2-B,True,False,False,True,False,,05_OUTPUTS,REFERENCE_COPY_OR_PROVENANCE,C:\RSOS\Training data\F2_BR0_FULL_FINGERPRINT_RECOVERY,PHASE8B_R2
C:\RSOS\Training data\F2_BR0_FULL_FINGERPRINT_RECOVERY\01_CANONICAL_INPUTS\F1_BR2_LMARENA_MATCHED_CONTROL\15_V2_RESULTS\PROVIDER_STRATIFIED_AUC.csv,PROVIDER_STRATIFIED_AUC.csv,.csv,1323,2026-09-11T22:07:30.1415972Z,2026-09-11T20:12:04.3880256Z,RESULT_OR_OUTPUT,PRIMARY_OR_UNRESOLVED,NOT_YET_COPIED,EXP-012,CAN-F2-B,True,False,False,True,False,,05_OUTPUTS,REFERENCE_COPY_OR_PROVENANCE,C:\RSOS\Training data\F2_BR0_FULL_FINGERPRINT_RECOVERY,PHASE8B_R2
C:\RSOS\Training data\F2_BR0_FULL_FINGERPRINT_RECOVERY\01_CANONICAL_INPUTS\F1_BR2_LMARENA_MATCHED_CONTROL\16_V2_NO_SILENT_OMISSION\NO_SILENT_OMISSION_LEDGER.csv,NO_SILENT_OMISSION_LEDGER.csv,.csv,1505,2026-09-11T22:07:30.1445964Z,2026-09-11T20:12:16.4421125Z,OTHER_SOURCE,PRIMARY_OR_UNRESOLVED,NOT_YET_COPIED,EXP-012,CAN-F2-B,True,False,False,True,False,,UNCLASSIFIED,REFERENCE_COPY_OR_PROVENANCE,C:\RSOS\Training data\F2_BR0_FULL_FINGERPRINT_RECOVERY,PHASE8B_R2
C:\RSOS\Training data\F2_BR0_FULL_FINGERPRINT_RECOVERY\01_CANONICAL_INPUTS\F1_BR2_LMARENA_MATCHED_CONTROL\F1_BR2_LMARENA_MATCHED_CONTROL_COMPLETE_V2.zip,F1_BR2_LMARENA_MATCHED_CONTROL_COMPLETE_V2.zip,.zip,312923719,2026-09-11T22:07:25.9420995Z,2026-09-11T20:12:48.6242420Z,AUTHORITY_OR_FREEZE,PRIMARY_OR_UNRESOLVED,NOT_YET_COPIED,EXP-012,CAN-F2-B,True,False,False,True,False,,09_FREEZE,REFERENCE_COPY_OR_PROVENANCE,C:\RSOS\Training data\F2_BR0_FULL_FINGERPRINT_RECOVERY,PHASE8B_R2
C:\RSOS\Training data\F2_BR0_FULL_FINGERPRINT_RECOVERY\01_CANONICAL_INPUTS\F1_BR2_LMARENA_MATCHED_CONTROL\F1_BR2_LMARENA_MATCHED_CONTROL_RUNNER.zip,F1_BR2_LMARENA_MATCHED_CONTROL_RUNNER.zip,.zip,8675,2026-09-11T22:07:26.6086079Z,2026-09-11T19:55:21.5694285Z,OTHER_SOURCE,PRIMARY_OR_UNRESOLVED,NOT_YET_COPIED,EXP-012,CAN-F2-B,True,False,False,True,False,,08_PACKAGE,REFERENCE_COPY_OR_PROVENANCE,C:\RSOS\Training data\F2_BR0_FULL_FINGERPRINT_RECOVERY,PHASE8B_R2
C:\RSOS\Training data\F2_BR0_FULL_FINGERPRINT_RECOVERY\01_CANONICAL_INPUTS\F1_BR2_LMARENA_MATCHED_CONTROL\F1_BR2_V2_COMPLETE.marker,F1_BR2_V2_COMPLETE.marker,.marker,61,2026-09-11T22:07:26.6464150Z,2026-09-11T20:12:17.7836198Z,AUTHORITY_OR_FREEZE,PRIMARY_OR_UNRESOLVED,NOT_YET_COPIED,EXP-012,CAN-F2-B,True,False,False,True,False,,09_FREEZE,REFERENCE_COPY_OR_PROVENANCE,C:\RSOS\Training data\F2_BR0_FULL_FINGERPRINT_RECOVERY,PHASE8B_R2
C:\RSOS\Training data\F2_BR0_FULL_FINGERPRINT_RECOVERY\01_CANONICAL_INPUTS\F1_BR2_LMARENA_MATCHED_CONTROL\F1_BR2_V2_EXACT_EXTRACTOR_RUNNER.zip,F1_BR2_V2_EXACT_EXTRACTOR_RUNNER.zip,.zip,11238,2026-09-11T22:07:26.6573790Z,2026-09-11T20:07:17.7235570Z,OTHER_SOURCE,PRIMARY_OR_UNRESOLVED,NOT_YET_COPIED,EXP-012,CAN-F2-B,True,False,False,True,False,,08_PACKAGE,REFERENCE_COPY_OR_PROVENANCE,C:\RSOS\Training data\F2_BR0_FULL_FINGERPRINT_RECOVERY,PHASE8B_R2
C:\RSOS\Training data\F2_BR0_FULL_FINGERPRINT_RECOVERY\01_CANONICAL_INPUTS\F1_BR2_LMARENA_MATCHED_CONTROL\INPUT_SHA256_MANIFEST.csv,INPUT_SHA256_MANIFEST.csv,.csv,1157,2026-09-11T22:07:26.6706012Z,2026-09-11T19:50:24.7271425Z,OTHER_SOURCE,PRIMARY_OR_UNRESOLVED,NOT_YET_COPIED,EXP-012,CAN-F2-B,True,False,False,True,False,,09_FREEZE,REFERENCE_COPY_OR_PROVENANCE,C:\RSOS\Training data\F2_BR0_FULL_FINGERPRINT_RECOVERY,PHASE8B_R2
C:\RSOS\Training data\F2_BR0_FULL_FINGERPRINT_RECOVERY\01_CANONICAL_INPUTS\F1_BR2_LMARENA_MATCHED_CONTROL\PORTABLE_FROZEN_BR1_MODELS.json,PORTABLE_FROZEN_BR1_MODELS.json,.json,5407,2026-09-11T22:07:26.6830458Z,2026-09-11T17:04:22.0000000Z,AUTHORITY_OR_FREEZE,PRIMARY_OR_UNRESOLVED,NOT_YET_COPIED,EXP-012,CAN-F2-B,True,False,False,True,False,,09_FREEZE,REFERENCE_COPY_OR_PROVENANCE,C:\RSOS\Training data\F2_BR0_FULL_FINGERPRINT_RECOVERY,PHASE8B_R2
C:\RSOS\Training data\F2_BR0_FULL_FINGERPRINT_RECOVERY\01_CANONICAL_INPUTS\F1_BR2_LMARENA_MATCHED_CONTROL\RUN_F1_BR2_LMARENA_MATCHED_CONTROL.py,RUN_F1_BR2_LMARENA_MATCHED_CONTROL.py,.py,23013,2026-09-11T22:07:26.7037463Z,2026-09-11T16:53:04.0000000Z,RUNNER,PRIMARY_OR_UNRESOLVED,NOT_YET_COPIED,EXP-012,CAN-F2-B,True,False,False,True,False,,03_RUNNER,REFERENCE_COPY_OR_PROVENANCE,C:\RSOS\Training data\F2_BR0_FULL_FINGERPRINT_RECOVERY,PHASE8B_R2
C:\RSOS\Training data\F2_BR0_FULL_FINGERPRINT_RECOVERY\01_CANONICAL_INPUTS\F1_BR2_LMARENA_MATCHED_CONTROL\RUN_F1_BR2_LMARENA_MATCHED_CONTROL.ps1,RUN_F1_BR2_LMARENA_MATCHED_CONTROL.ps1,.ps1,1944,2026-09-11T22:07:26.6938284Z,2026-09-11T16:53:04.0000000Z,RUNNER,PRIMARY_OR_UNRESOLVED,NOT_YET_COPIED,EXP-012,CAN-F2-B,True,False,False,True,False,,03_RUNNER,REFERENCE_COPY_OR_PROVENANCE,C:\RSOS\Training data\F2_BR0_FULL_FINGERPRINT_RECOVERY,PHASE8B_R2
C:\RSOS\Training data\F2_BR0_FULL_FINGERPRINT_RECOVERY\01_CANONICAL_INPUTS\F1_BR2_LMARENA_MATCHED_CONTROL\RUN_F1_BR2_V2_EXACT_EXTRACTOR.py,RUN_F1_BR2_V2_EXACT_EXTRACTOR.py,.py,23860,2026-09-11T22:07:26.7618510Z,2026-09-11T17:04:22.0000000Z,RUNNER,PRIMARY_OR_UNRESOLVED,NOT_YET_COPIED,EXP-012,CAN-F2-B,True,False,False,True,False,,03_RUNNER,REFERENCE_COPY_OR_PROVENANCE,C:\RSOS\Training data\F2_BR0_FULL_FINGERPRINT_RECOVERY,PHASE8B_R2
C:\RSOS\Training data\F2_BR0_FULL_FINGERPRINT_RECOVERY\01_CANONICAL_INPUTS\F1_BR2_LMARENA_MATCHED_CONTROL\RUN_F1_BR2_V2_EXACT_EXTRACTOR.ps1,RUN_F1_BR2_V2_EXACT_EXTRACTOR.ps1,.ps1,1635,2026-09-11T22:07:26.7152018Z,2026-09-11T17:04:22.0000000Z,RUNNER,PRIMARY_OR_UNRESOLVED,NOT_YET_COPIED,EXP-012,CAN-F2-B,True,False,False,True,False,,03_RUNNER,REFERENCE_COPY_OR_PROVENANCE,C:\RSOS\Training data\F2_BR0_FULL_FINGERPRINT_RECOVERY,PHASE8B_R2
C:\RSOS\Training data\F2_BR0_FULL_FINGERPRINT_RECOVERY\01_CANONICAL_INPUTS\F1_DEV_LMARENA_BLIND_R1\00_MANIFEST\BLIND_SPLIT_COUNTS.csv,BLIND_SPLIT_COUNTS.csv,.csv,92,2026-09-11T22:07:24.0141333Z,2026-09-11T16:27:25.6687336Z,OTHER_SOURCE,PRIMARY_OR_UNRESOLVED,NOT_YET_COPIED,EXP-012,CAN-F2-B,True,False,False,True,False,,UNCLASSIFIED,REFERENCE_COPY_OR_PROVENANCE,C:\RSOS\Training data\F2_BR0_FULL_FINGERPRINT_RECOVERY,PHASE8B_R2
C:\RSOS\Training data\F2_BR0_FULL_FINGERPRINT_RECOVERY\01_CANONICAL_INPUTS\F1_DEV_LMARENA_BLIND_R1\00_MANIFEST\F1_DEV_SUMMARY.json,F1_DEV_SUMMARY.json,.json,1151,2026-09-11T22:07:24.0151287Z,2026-09-11T16:27:47.9661805Z,RESULT_OR_OUTPUT,PRIMARY_OR_UNRESOLVED,NOT_YET_COPIED,EXP-012,CAN-F2-B,True,False,False,True,False,,05_OUTPUTS,REFERENCE_COPY_OR_PROVENANCE,C:\RSOS\Training data\F2_BR0_FULL_FINGERPRINT_RECOVERY,PHASE8B_R2
C:\RSOS\Training data\F2_BR0_FULL_FINGERPRINT_RECOVERY\01_CANONICAL_INPUTS\F1_DEV_LMARENA_BLIND_R1\00_MANIFEST\F1_DEV_SUMMARY.txt,F1_DEV_SUMMARY.txt,.txt,1180,2026-09-11T22:07:24.0161273Z,2026-09-11T16:27:47.9661805Z,RESULT_OR_OUTPUT,PRIMARY_OR_UNRESOLVED,NOT_YET_COPIED,EXP-012,CAN-F2-B,True,False,False,True,False,,05_OUTPUTS,REFERENCE_COPY_OR_PROVENANCE,C:\RSOS\Training data\F2_BR0_FULL_FINGERPRINT_RECOVERY,PHASE8B_R2
C:\RSOS\Training data\F2_BR0_FULL_FINGERPRINT_RECOVERY\01_CANONICAL_INPUTS\F1_DEV_LMARENA_BLIND_R1\00_MANIFEST\F1_FROZEN_SPEC_BEFORE_DEVELOPMENT_HOLDOUT.json,F1_FROZEN_SPEC_BEFORE_DEVELOPMENT_HOLDOUT.json,.json,5462,2026-09-11T22:07:24.0191298Z,2026-09-11T16:27:44.7854345Z,AUTHORITY_OR_FREEZE,PRIMARY_OR_UNRESOLVED,NOT_YET_COPIED,EXP-012,CAN-F2-B,True,False,False,True,False,,09_FREEZE,REFERENCE_COPY_OR_PROVENANCE,C:\RSOS\Training data\F2_BR0_FULL_FINGERPRINT_RECOVERY,PHASE8B_R2
C:\RSOS\Training data\F2_BR0_FULL_FINGERPRINT_RECOVERY\01_CANONICAL_INPUTS\F1_DEV_LMARENA_BLIND_R1\00_MANIFEST\F1_FROZEN_SPEC_SHA256.txt,F1_FROZEN_SPEC_SHA256.txt,.txt,66,2026-09-11T22:07:24.0201248Z,2026-09-11T16:27:44.8010579Z,AUTHORITY_OR_FREEZE,PRIMARY_OR_UNRESOLVED,NOT_YET_COPIED,EXP-012,CAN-F2-B,True,False,False,True,False,,09_FREEZE,REFERENCE_COPY_OR_PROVENANCE,C:\RSOS\Training data\F2_BR0_FULL_FINGERPRINT_RECOVERY,PHASE8B_R2
C:\RSOS\Training data\F2_BR0_FULL_FINGERPRINT_RECOVERY\01_CANONICAL_INPUTS\F1_DEV_LMARENA_BLIND_R1\00_MANIFEST\INPUT_SHA256_MANIFEST.csv,INPUT_SHA256_MANIFEST.csv,.csv,1075,2026-09-11T22:07:24.0221292Z,2026-09-11T16:27:25.1375351Z,OTHER_SOURCE,PRIMARY_OR_UNRESOLVED,NOT_YET_COPIED,EXP-012,CAN-F2-B,True,False,False,True,False,,09_FREEZE,REFERENCE_COPY_OR_PROVENANCE,C:\RSOS\Training data\F2_BR0_FULL_FINGERPRINT_RECOVERY,PHASE8B_R2
C:\RSOS\Training data\F2_BR0_FULL_FINGERPRINT_RECOVERY\01_CANONICAL_INPUTS\F1_DEV_LMARENA_BLIND_R1\00_MANIFEST\OUTPUT_FILE_INDEX.csv,OUTPUT_FILE_INDEX.csv,.csv,2088,2026-09-11T22:07:24.0241231Z,2026-09-11T16:27:47.9818001Z,RESULT_OR_OUTPUT,PRIMARY_OR_UNRESOLVED,NOT_YET_COPIED,EXP-012,CAN-F2-B,True,False,False,True,False,,05_OUTPUTS,REFERENCE_COPY_OR_PROVENANCE,C:\RSOS\Training data\F2_BR0_FULL_FINGERPRINT_RECOVERY,PHASE8B_R2
C:\RSOS\Training data\F2_BR0_FULL_FINGERPRINT_RECOVERY\01_CANONICAL_INPUTS\F1_DEV_LMARENA_BLIND_R1\00_MANIFEST\RESERVED_EXTERNAL_CONTROLS_NOT_READ.txt,RESERVED_EXTERNAL_CONTROLS_NOT_READ.txt,.txt,196,2026-09-11T22:07:24.0251225Z,2026-09-11T16:27:25.1375351Z,OTHER_SOURCE,PRIMARY_OR_UNRESOLVED,NOT_YET_COPIED,EXP-012,CAN-F2-B,True,False,False,True,False,,00_CONTROL,REFERENCE_COPY_OR_PROVENANCE,C:\RSOS\Training data\F2_BR0_FULL_FINGERPRINT_RECOVERY,PHASE8B_R2
C:\RSOS\Training data\F2_BR0_FULL_FINGERPRINT_RECOVERY\01_CANONICAL_INPUTS\F1_DEV_LMARENA_BLIND_R1\00_MANIFEST\RUN_F1_DEV_LMARENA_BLIND_R1.py,RUN_F1_DEV_LMARENA_BLIND_R1.py,.py,49259,2026-09-11T22:07:24.0271212Z,2026-09-11T16:27:20.6060560Z,RUNNER,PRIMARY_OR_UNRESOLVED,NOT_YET_COPIED,EXP-012,CAN-F2-B,True,False,False,True,False,,03_RUNNER,REFERENCE_COPY_OR_PROVENANCE,C:\RSOS\Training data\F2_BR0_FULL_FINGERPRINT_RECOVERY,PHASE8B_R2
C:\RSOS\Training data\F2_BR0_FULL_FINGERPRINT_RECOVERY\01_CANONICAL_INPUTS\F1_DEV_LMARENA_BLIND_R1\00_MANIFEST\RUN_SCRIPT_SHA256.txt,RUN_SCRIPT_SHA256.txt,.txt,66,2026-09-11T22:07:24.0301205Z,2026-09-11T16:27:48.4036485Z,OTHER_SOURCE,PRIMARY_OR_UNRESOLVED,NOT_YET_COPIED,EXP-012,CAN-F2-B,True,False,False,True,False,,09_FREEZE,REFERENCE_COPY_OR_PROVENANCE,C:\RSOS\Training data\F2_BR0_FULL_FINGERPRINT_RECOVERY,PHASE8B_R2
C:\RSOS\Training data\F2_BR0_FULL_FINGERPRINT_RECOVERY\01_CANONICAL_INPUTS\F1_DEV_LMARENA_BLIND_R1\01_CALIBRATION\F1_CALIBRATION_FEATURE_IMPORTANCE.csv,F1_CALIBRATION_FEATURE_IMPORTANCE.csv,.csv,576,2026-09-11T22:07:24.0325492Z,2026-09-11T16:27:31.6067854Z,RESULT_OR_OUTPUT,PRIMARY_OR_UNRESOLVED,NOT_YET_COPIED,EXP-012,CAN-F2-B,True,False,False,True,False,,05_OUTPUTS,REFERENCE_COPY_OR_PROVENANCE,C:\RSOS\Training data\F2_BR0_FULL_FINGERPRINT_RECOVERY,PHASE8B_R2
C:\RSOS\Training data\F2_BR0_FULL_FINGERPRINT_RECOVERY\01_CANONICAL_INPUTS\F1_DEV_LMARENA_BLIND_R1\01_CALIBRATION\F1_RELATIONAL_DEPENDENCE_CALIBRATION.csv,F1_RELATIONAL_DEPENDENCE_CALIBRATION.csv,.csv,171,2026-09-11T22:07:24.0345489Z,2026-09-11T16:27:45.4663425Z,OTHER_SOURCE,PRIMARY_OR_UNRESOLVED,NOT_YET_COPIED,EXP-012,CAN-F2-B,True,False,False,True,False,,UNCLASSIFIED,REFERENCE_COPY_OR_PROVENANCE,C:\RSOS\Training data\F2_BR0_FULL_FINGERPRINT_RECOVERY,PHASE8B_R2
C:\RSOS\Training data\F2_BR0_FULL_FINGERPRINT_RECOVERY\01_CANONICAL_INPUTS\F1_DEV_LMARENA_BLIND_R1\02_BLIND_DISCOVERY\F1_BLIND_FEATURE_RELATION_GRAPH_PREHOLDOUT.csv,F1_BLIND_FEATURE_RELATION_GRAPH_PREHOLDOUT.csv,.csv,3557,2026-09-11T22:07:24.0375466Z,2026-09-11T16:27:31.6849110Z,RESULT_OR_OUTPUT,PRIMARY_OR_UNRESOLVED,NOT_YET_COPIED,EXP-012,CAN-F2-B,True,False,False,True,False,,05_OUTPUTS,REFERENCE_COPY_OR_PROVENANCE,C:\RSOS\Training data\F2_BR0_FULL_FINGERPRINT_RECOVERY,PHASE8B_R2
C:\RSOS\Training data\F2_BR0_FULL_FINGERPRINT_RECOVERY\01_CANONICAL_INPUTS\F1_DEV_LMARENA_BLIND_R1\02_BLIND_DISCOVERY\F1_BLIND_U_ASSIGNMENTS.csv,F1_BLIND_U_ASSIGNMENTS.csv,.csv,8866564,2026-09-11T22:07:24.0385451Z,2026-09-11T16:27:46.4662863Z,OTHER_SOURCE,PRIMARY_OR_UNRESOLVED,NOT_YET_COPIED,EXP-012,CAN-F2-B,True,False,False,True,False,,UNCLASSIFIED,REFERENCE_COPY_OR_PROVENANCE,C:\RSOS\Training data\F2_BR0_FULL_FINGERPRINT_RECOVERY,PHASE8B_R2
C:\RSOS\Training data\F2_BR0_FULL_FINGERPRINT_RECOVERY\01_CANONICAL_INPUTS\F1_DEV_LMARENA_BLIND_R1\02_BLIND_DISCOVERY\F1_BLIND_U_ASSIGNMENTS.parquet,F1_BLIND_U_ASSIGNMENTS.parquet,.parquet,3940837,2026-09-11T22:07:24.0865235Z,2026-09-11T16:27:45.7944550Z,OTHER_SOURCE,PRIMARY_OR_UNRESOLVED,NOT_YET_COPIED,EXP-012,CAN-F2-B,True,False,False,True,False,,UNCLASSIFIED,REFERENCE_COPY_OR_PROVENANCE,C:\RSOS\Training data\F2_BR0_FULL_FINGERPRINT_RECOVERY,PHASE8B_R2
C:\RSOS\Training data\F2_BR0_FULL_FINGERPRINT_RECOVERY\01_CANONICAL_INPUTS\F1_DEV_LMARENA_BLIND_R1\02_BLIND_DISCOVERY\F1_CLUSTER_MODEL_SELECTION.csv,F1_CLUSTER_MODEL_SELECTION.csv,.csv,970,2026-09-11T22:07:24.1034988Z,2026-09-11T16:27:43.4126019Z,OTHER_SOURCE,PRIMARY_OR_UNRESOLVED,NOT_YET_COPIED,EXP-012,CAN-F2-B,True,False,False,True,False,,UNCLASSIFIED,REFERENCE_COPY_OR_PROVENANCE,C:\RSOS\Training data\F2_BR0_FULL_FINGERPRINT_RECOVERY,PHASE8B_R2
C:\RSOS\Training data\F2_BR0_FULL_FINGERPRINT_RECOVERY\01_CANONICAL_INPUTS\F1_DEV_LMARENA_BLIND_R1\02_BLIND_DISCOVERY\F1_PRIMARY_DERIVED_BLIND_FEATURE_MATRIX.parquet,F1_PRIMARY_DERIVED_BLIND_FEATURE_MATRIX.parquet,.parquet,3842834,2026-09-11T22:07:24.1054971Z,2026-09-11T16:27:25.7781055Z,RESULT_OR_OUTPUT,PRIMARY_OR_UNRESOLVED,NOT_YET_COPIED,EXP-012,CAN-F2-B,True,False,False,True,False,,05_OUTPUTS,REFERENCE_COPY_OR_PROVENANCE,C:\RSOS\Training data\F2_BR0_FULL_FINGERPRINT_RECOVERY,PHASE8B_R2
C:\RSOS\Training data\F2_BR0_FULL_FINGERPRINT_RECOVERY\01_CANONICAL_INPUTS\F1_DEV_LMARENA_BLIND_R1\02_BLIND_DISCOVERY\F1_U_CENTROIDS.csv,F1_U_CENTROIDS.csv,.csv,785,2026-09-11T22:07:24.1207686Z,2026-09-11T16:27:46.4662863Z,OTHER_SOURCE,PRIMARY_OR_UNRESOLVED,NOT_YET_COPIED,EXP-012,CAN-F2-B,True,False,False,True,False,,UNCLASSIFIED,REFERENCE_COPY_OR_PROVENANCE,C:\RSOS\Training data\F2_BR0_FULL_FINGERPRINT_RECOVERY,PHASE8B_R2
C:\RSOS\Training data\F2_BR0_FULL_FINGERPRINT_RECOVERY\01_CANONICAL_INPUTS\F1_DEV_LMARENA_BLIND_R1\04_DEVELOPMENT_HOLDOUT\F1_BLIND_CLUSTER_METRICS.csv,F1_BLIND_CLUSTER_METRICS.csv,.csv,359,2026-09-11T22:07:24.1247747Z,2026-09-11T16:27:45.6226123Z,RESULT_OR_OUTPUT,PRIMARY_OR_UNRESOLVED,NOT_YET_COPIED,EXP-012,CAN-F2-B,True,False,False,True,False,,05_OUTPUTS,REFERENCE_COPY_OR_PROVENANCE,C:\RSOS\Training data\F2_BR0_FULL_FINGERPRINT_RECOVERY,PHASE8B_R2
C:\RSOS\Training data\F2_BR0_FULL_FINGERPRINT_RECOVERY\01_CANONICAL_INPUTS\F1_DEV_LMARENA_BLIND_R1\04_DEVELOPMENT_HOLDOUT\F1_BLIND_GRAPH_STABILITY.csv,F1_BLIND_GRAPH_STABILITY.csv,.csv,145,2026-09-11T22:07:24.1254148Z,2026-09-11T16:27:45.4819720Z,OTHER_SOURCE,PRIMARY_OR_UNRESOLVED,NOT_YET_COPIED,EXP-012,CAN-F2-B,True,False,False,True,False,,UNCLASSIFIED,REFERENCE_COPY_OR_PROVENANCE,C:\RSOS\Training data\F2_BR0_FULL_FINGERPRINT_RECOVERY,PHASE8B_R2
C:\RSOS\Training data\F2_BR0_FULL_FINGERPRINT_RECOVERY\01_CANONICAL_INPUTS\F1_DEV_LMARENA_BLIND_R1\04_DEVELOPMENT_HOLDOUT\F1_FEATURE_RELATION_GRAPH_HOLDOUT.csv,F1_FEATURE_RELATION_GRAPH_HOLDOUT.csv,.csv,4577,2026-09-11T22:07:24.1264181Z,2026-09-11T16:27:45.4819720Z,RESULT_OR_OUTPUT,PRIMARY_OR_UNRESOLVED,NOT_YET_COPIED,EXP-012,CAN-F2-B,True,False,False,True,False,,05_OUTPUTS,REFERENCE_COPY_OR_PROVENANCE,C:\RSOS\Training data\F2_BR0_FULL_FINGERPRINT_RECOVERY,PHASE8B_R2
C:\RSOS\Training data\F2_BR0_FULL_FINGERPRINT_RECOVERY\01_CANONICAL_INPUTS\F1_DEV_LMARENA_BLIND_R1\05_POSTFREEZE_UNBLIND_AUDIT\F1_POSTFREEZE_CONFOUND_AUDIT.csv,F1_POSTFREEZE_CONFOUND_AUDIT.csv,.csv,1155,2026-09-11T22:07:24.1304182Z,2026-09-11T16:27:47.9349478Z,AUTHORITY_OR_FREEZE,PRIMARY_OR_UNRESOLVED,NOT_YET_COPIED,EXP-012,CAN-F2-B,True,False,False,True,False,,09_FREEZE,REFERENCE_COPY_OR_PROVENANCE,C:\RSOS\Training data\F2_BR0_FULL_FINGERPRINT_RECOVERY,PHASE8B_R2
C:\RSOS\Training data\F2_BR0_FULL_FINGERPRINT_RECOVERY\01_CANONICAL_INPUTS\F1_DEV_LMARENA_BLIND_R1\05_POSTFREEZE_UNBLIND_AUDIT\F1_PRESERVE_FIRST_FEATURE_MISSINGNESS.csv,F1_PRESERVE_FIRST_FEATURE_MISSINGNESS.csv,.csv,413,2026-09-11T22:07:24.1315486Z,2026-09-11T16:27:47.9505729Z,RESULT_OR_OUTPUT,PRIMARY_OR_UNRESOLVED,NOT_YET_COPIED,EXP-012,CAN-F2-B,True,False,False,True,False,,05_OUTPUTS,REFERENCE_COPY_OR_PROVENANCE,C:\RSOS\Training data\F2_BR0_FULL_FINGERPRINT_RECOVERY,PHASE8B_R2
C:\RSOS\Training data\F2_BR0_FULL_FINGERPRINT_RECOVERY\01_CANONICAL_INPUTS\F1_DEV_LMARENA_BLIND_R1\05_POSTFREEZE_UNBLIND_AUDIT\F1_PRESERVE_FIRST_RETENTION.csv,F1_PRESERVE_FIRST_RETENTION.csv,.csv,216,2026-09-11T22:07:24.1325488Z,2026-09-11T16:27:47.9661805Z,OTHER_SOURCE,PRIMARY_OR_UNRESOLVED,NOT_YET_COPIED,EXP-012,CAN-F2-B,True,False,False,True,False,,UNCLASSIFIED,REFERENCE_COPY_OR_PROVENANCE,C:\RSOS\Training data\F2_BR0_FULL_FINGERPRINT_RECOVERY,PHASE8B_R2
C:\RSOS\Training data\F2_BR0_FULL_FINGERPRINT_RECOVERY\01_CANONICAL_INPUTS\F1_DEV_LMARENA_BLIND_R1\05_POSTFREEZE_UNBLIND_AUDIT\F1_U_BY_PROVIDER_DEVELOPMENT_HOLDOUT.csv,F1_U_BY_PROVIDER_DEVELOPMENT_HOLDOUT.csv,.csv,204,2026-09-11T22:07:24.1335474Z,2026-09-11T16:27:47.9505729Z,OTHER_SOURCE,PRIMARY_OR_UNRESOLVED,NOT_YET_COPIED,EXP-012,CAN-F2-B,True,False,False,True,False,,UNCLASSIFIED,REFERENCE_COPY_OR_PROVENANCE,C:\RSOS\Training data\F2_BR0_FULL_FINGERPRINT_RECOVERY,PHASE8B_R2
C:\RSOS\Training data\F2_BR0_FULL_FINGERPRINT_RECOVERY\01_CANONICAL_INPUTS\F1_DEV_LMARENA_BLIND_R1\06_STATUS_LEDGER\F1_DEV_STATUS_LEDGER.csv,F1_DEV_STATUS_LEDGER.csv,.csv,495,2026-09-11T22:07:24.1365456Z,2026-09-11T16:27:47.9661805Z,AUTHORITY_OR_FREEZE,PRIMARY_OR_UNRESOLVED,NOT_YET_COPIED,EXP-012,CAN-F2-B,True,False,False,True,False,,00_CONTROL,REFERENCE_COPY_OR_PROVENANCE,C:\RSOS\Training data\F2_BR0_FULL_FINGERPRINT_RECOVERY,PHASE8B_R2
C:\RSOS\Training data\F2_BR0_FULL_FINGERPRINT_RECOVERY\01_CANONICAL_INPUTS\F1_DEV_LMARENA_BLIND_R1\F1_DEV_COMPLETE.marker,F1_DEV_COMPLETE.marker,.marker,117,2026-09-11T22:07:24.0034437Z,2026-09-11T16:27:47.9818001Z,AUTHORITY_OR_FREEZE,PRIMARY_OR_UNRESOLVED,NOT_YET_COPIED,EXP-012,CAN-F2-B,True,False,False,True,False,,09_FREEZE,REFERENCE_COPY_OR_PROVENANCE,C:\RSOS\Training data\F2_BR0_FULL_FINGERPRINT_RECOVERY,PHASE8B_R2
C:\RSOS\Training data\F2_BR0_FULL_FINGERPRINT_RECOVERY\01_CANONICAL_INPUTS\F1_DEV_LMARENA_BLIND_R1\F1_DEV_LMARENA_BLIND_R1.zip,F1_DEV_LMARENA_BLIND_R1.zip,.zip,11798185,2026-09-11T22:07:24.0051345Z,2026-09-11T16:27:50.7775059Z,OTHER_SOURCE,PRIMARY_OR_UNRESOLVED,NOT_YET_COPIED,EXP-012,CAN-F2-B,True,False,False,True,False,,08_PACKAGE,REFERENCE_COPY_OR_PROVENANCE,C:\RSOS\Training data\F2_BR0_FULL_FINGERPRINT_RECOVERY,PHASE8B_R2
C:\RSOS\Training data\F2_BR0_FULL_FINGERPRINT_RECOVERY\01_CANONICAL_INPUTS\F1_DEV_LMARENA_BLIND_R2_HARDENED\00_MANIFEST\INPUT_SPLIT_SHA256.csv,INPUT_SPLIT_SHA256.csv,.csv,697,2026-09-11T22:07:24.2098395Z,2026-09-11T16:48:12.9914207Z,OTHER_SOURCE,PRIMARY_OR_UNRESOLVED,NOT_YET_COPIED,EXP-012,CAN-F2-B,True,False,False,True,False,,09_FREEZE,REFERENCE_COPY_OR_PROVENANCE,C:\RSOS\Training data\F2_BR0_FULL_FINGERPRINT_RECOVERY,PHASE8B_R2
C:\RSOS\Training data\F2_BR0_FULL_FINGERPRINT_RECOVERY\01_CANONICAL_INPUTS\F1_DEV_LMARENA_BLIND_R2_HARDENED\00_MANIFEST\R2_FROZEN_SPEC_BEFORE_HOLDOUT.json,R2_FROZEN_SPEC_BEFORE_HOLDOUT.json,.json,2410,2026-09-11T22:07:24.2118382Z,2026-09-11T16:52:30.4399345Z,AUTHORITY_OR_FREEZE,PRIMARY_OR_UNRESOLVED,NOT_YET_COPIED,EXP-012,CAN-F2-B,True,False,False,True,False,,09_FREEZE,REFERENCE_COPY_OR_PROVENANCE,C:\RSOS\Training data\F2_BR0_FULL_FINGERPRINT_RECOVERY,PHASE8B_R2
C:\RSOS\Training data\F2_BR0_FULL_FINGERPRINT_RECOVERY\01_CANONICAL_INPUTS\F1_DEV_LMARENA_BLIND_R2_HARDENED\00_MANIFEST\R2_FROZEN_SPEC_SHA256.txt,R2_FROZEN_SPEC_SHA256.txt,.txt,66,2026-09-11T22:07:24.2128371Z,2026-09-11T16:52:30.7566102Z,AUTHORITY_OR_FREEZE,PRIMARY_OR_UNRESOLVED,NOT_YET_COPIED,EXP-012,CAN-F2-B,True,False,False,True,False,,09_FREEZE,REFERENCE_COPY_OR_PROVENANCE,C:\RSOS\Training data\F2_BR0_FULL_FINGERPRINT_RECOVERY,PHASE8B_R2
C:\RSOS\Training data\F2_BR0_FULL_FINGERPRINT_RECOVERY\01_CANONICAL_INPUTS\F1_DEV_LMARENA_BLIND_R2_HARDENED\00_MANIFEST\R2_SUMMARY.json,R2_SUMMARY.json,.json,2377,2026-09-11T22:07:24.2148362Z,2026-09-11T16:53:36.0510128Z,RESULT_OR_OUTPUT,PRIMARY_OR_UNRESOLVED,NOT_YET_COPIED,EXP-012,CAN-F2-B,True,False,False,True,False,,05_OUTPUTS,REFERENCE_COPY_OR_PROVENANCE,C:\RSOS\Training data\F2_BR0_FULL_FINGERPRINT_RECOVERY,PHASE8B_R2
C:\RSOS\Training data\F2_BR0_FULL_FINGERPRINT_RECOVERY\01_CANONICAL_INPUTS\F1_DEV_LMARENA_BLIND_R2_HARDENED\00_MANIFEST\R2_SUMMARY.txt,R2_SUMMARY.txt,.txt,1310,2026-09-11T22:07:24.2168353Z,2026-09-11T16:53:36.1373076Z,RESULT_OR_OUTPUT,PRIMARY_OR_UNRESOLVED,NOT_YET_COPIED,EXP-012,CAN-F2-B,True,False,False,True,False,,05_OUTPUTS,REFERENCE_COPY_OR_PROVENANCE,C:\RSOS\Training data\F2_BR0_FULL_FINGERPRINT_RECOVERY,PHASE8B_R2
C:\RSOS\Training data\F2_BR0_FULL_FINGERPRINT_RECOVERY\01_CANONICAL_INPUTS\F1_DEV_LMARENA_BLIND_R2_HARDENED\01_HARDENED_CALIBRATION\PREHOLDOUT_CALIBRATION.csv,PREHOLDOUT_CALIBRATION.csv,.csv,368,2026-09-11T22:07:24.2198361Z,2026-09-11T16:52:28.7250480Z,OTHER_SOURCE,PRIMARY_OR_UNRESOLVED,NOT_YET_COPIED,EXP-012,CAN-F2-B,True,False,False,True,False,,UNCLASSIFIED,REFERENCE_COPY_OR_PROVENANCE,C:\RSOS\Training data\F2_BR0_FULL_FINGERPRINT_RECOVERY,PHASE8B_R2
C:\RSOS\Training data\F2_BR0_FULL_FINGERPRINT_RECOVERY\01_CANONICAL_INPUTS\F1_DEV_LMARENA_BLIND_R2_HARDENED\02_CLUSTER_NULL_BENCHMARK\PREHOLDOUT_CLUSTER_NULL_SELECTION.csv,PREHOLDOUT_CLUSTER_NULL_SELECTION.csv,.csv,2808,2026-09-11T22:07:24.2218315Z,2026-09-11T16:52:28.7207964Z,OTHER_SOURCE,PRIMARY_OR_UNRESOLVED,NOT_YET_COPIED,EXP-012,CAN-F2-B,True,False,False,True,False,,UNCLASSIFIED,REFERENCE_COPY_OR_PROVENANCE,C:\RSOS\Training data\F2_BR0_FULL_FINGERPRINT_RECOVERY,PHASE8B_R2
C:\RSOS\Training data\F2_BR0_FULL_FINGERPRINT_RECOVERY\01_CANONICAL_INPUTS\F1_DEV_LMARENA_BLIND_R2_HARDENED\04_PHYSICALLY_SEALED_HOLDOUT\HARDENED_HOLDOUT_RESULTS.csv,HARDENED_HOLDOUT_RESULTS.csv,.csv,579,2026-09-11T22:07:24.2258311Z,2026-09-11T16:53:27.3254516Z,RESULT_OR_OUTPUT,PRIMARY_OR_UNRESOLVED,NOT_YET_COPIED,EXP-012,CAN-F2-B,True,False,False,True,False,,05_OUTPUTS,REFERENCE_COPY_OR_PROVENANCE,C:\RSOS\Training data\F2_BR0_FULL_FINGERPRINT_RECOVERY,PHASE8B_R2
C:\RSOS\Training data\F2_BR0_FULL_FINGERPRINT_RECOVERY\01_CANONICAL_INPUTS\F1_DEV_LMARENA_BLIND_R2_HARDENED\05_POSTFREEZE_AUDIT\DIRECT_CONTINUOUS_FEATURE_PREDICTABILITY.csv,DIRECT_CONTINUOUS_FEATURE_PREDICTABILITY.csv,.csv,339,2026-09-11T22:07:24.2286079Z,2026-09-11T16:53:36.0470105Z,RESULT_OR_OUTPUT,PRIMARY_OR_UNRESOLVED,NOT_YET_COPIED,EXP-012,CAN-F2-B,True,False,False,True,False,,05_OUTPUTS,REFERENCE_COPY_OR_PROVENANCE,C:\RSOS\Training data\F2_BR0_FULL_FINGERPRINT_RECOVERY,PHASE8B_R2
C:\RSOS\Training data\F2_BR0_FULL_FINGERPRINT_RECOVERY\01_CANONICAL_INPUTS\F1_DEV_LMARENA_BLIND_R2_HARDENED\05_POSTFREEZE_AUDIT\POSTFREEZE_CLUSTER_ASSOCIATION_AUDIT.csv,POSTFREEZE_CLUSTER_ASSOCIATION_AUDIT.csv,.csv,3217,2026-09-11T22:07:24.2296075Z,2026-09-11T16:53:29.0918447Z,AUTHORITY_OR_FREEZE,PRIMARY_OR_UNRESOLVED,NOT_YET_COPIED,EXP-012,CAN-F2-B,True,False,False,True,False,,09_FREEZE,REFERENCE_COPY_OR_PROVENANCE,C:\RSOS\Training data\F2_BR0_FULL_FINGERPRINT_RECOVERY,PHASE8B_R2
C:\RSOS\Training data\F2_BR0_FULL_FINGERPRINT_RECOVERY\01_CANONICAL_INPUTS\F1_DEV_LMARENA_BLIND_R2_HARDENED\06_OMISSION_LEDGER\NO_SILENT_OMISSION_LEDGER.csv,NO_SILENT_OMISSION_LEDGER.csv,.csv,1083,2026-09-11T22:07:24.2327396Z,2026-09-11T16:53:36.0500137Z,OTHER_SOURCE,PRIMARY_OR_UNRESOLVED,NOT_YET_COPIED,EXP-012,CAN-F2-B,True,False,False,True,False,,UNCLASSIFIED,REFERENCE_COPY_OR_PROVENANCE,C:\RSOS\Training data\F2_BR0_FULL_FINGERPRINT_RECOVERY,PHASE8B_R2
C:\RSOS\Training data\F2_BR0_FULL_FINGERPRINT_RECOVERY\01_CANONICAL_INPUTS\F1_DEV_LMARENA_BLIND_R2_HARDENED\07_FROZEN_MODELS\ALL_FROZEN_MODEL.joblib,ALL_FROZEN_MODEL.joblib,.joblib,63494430,2026-09-11T22:07:24.2357413Z,2026-09-11T16:50:31.0046934Z,AUTHORITY_OR_FREEZE,PRIMARY_OR_UNRESOLVED,NOT_YET_COPIED,EXP-012,CAN-F2-B,True,False,False,True,False,,09_FREEZE,REFERENCE_COPY_OR_PROVENANCE,C:\RSOS\Training data\F2_BR0_FULL_FINGERPRINT_RECOVERY,PHASE8B_R2
C:\RSOS\Training data\F2_BR0_FULL_FINGERPRINT_RECOVERY\01_CANONICAL_INPUTS\F1_DEV_LMARENA_BLIND_R2_HARDENED\07_FROZEN_MODELS\CODE_FROZEN_MODEL.joblib,CODE_FROZEN_MODEL.joblib,.joblib,19221105,2026-09-11T22:07:24.4665009Z,2026-09-11T16:52:28.4876523Z,AUTHORITY_OR_FREEZE,PRIMARY_OR_UNRESOLVED,NOT_YET_COPIED,EXP-012,CAN-F2-B,True,False,False,True,False,,09_FREEZE,REFERENCE_COPY_OR_PROVENANCE,C:\RSOS\Training data\F2_BR0_FULL_FINGERPRINT_RECOVERY,PHASE8B_R2
C:\RSOS\Training data\F2_BR0_FULL_FINGERPRINT_RECOVERY\01_CANONICAL_INPUTS\F1_DEV_LMARENA_BLIND_R2_HARDENED\07_FROZEN_MODELS\NONCODE_FROZEN_MODEL.joblib,NONCODE_FROZEN_MODEL.joblib,.joblib,44825056,2026-09-11T22:07:24.5356522Z,2026-09-11T16:51:48.6349269Z,AUTHORITY_OR_FREEZE,PRIMARY_OR_UNRESOLVED,NOT_YET_COPIED,EXP-012,CAN-F2-B,True,False,False,True,False,,09_FREEZE,REFERENCE_COPY_OR_PROVENANCE,C:\RSOS\Training data\F2_BR0_FULL_FINGERPRINT_RECOVERY,PHASE8B_R2
C:\RSOS\Training data\F2_BR0_FULL_FINGERPRINT_RECOVERY\01_CANONICAL_INPUTS\F1_DEV_LMARENA_BLIND_R2_HARDENED\F1_DEV_LMARENA_BLIND_R2_HARDENED_RESULTS.zip,F1_DEV_LMARENA_BLIND_R2_HARDENED_RESULTS.zip,.zip,125986400,2026-09-11T22:07:24.1437507Z,2026-09-11T16:53:46.6161573Z,RESULT_OR_OUTPUT,PRIMARY_OR_UNRESOLVED,NOT_YET_COPIED,EXP-012,CAN-F2-B,True,False,False,True,False,,05_OUTPUTS,REFERENCE_COPY_OR_PROVENANCE,C:\RSOS\Training data\F2_BR0_FULL_FINGERPRINT_RECOVERY,PHASE8B_R2
C:\RSOS\Training data\F2_BR0_FULL_FINGERPRINT_RECOVERY\01_CANONICAL_INPUTS\F1_DEV_LMARENA_BLIND_R2_HARDENED\F1_DEV_R2_COMPLETE.marker,F1_DEV_R2_COMPLETE.marker,.marker,134,2026-09-11T22:07:24.2059308Z,2026-09-11T16:53:36.1393077Z,AUTHORITY_OR_FREEZE,PRIMARY_OR_UNRESOLVED,NOT_YET_COPIED,EXP-012,CAN-F2-B,True,False,False,True,False,,09_FREEZE,REFERENCE_COPY_OR_PROVENANCE,C:\RSOS\Training data\F2_BR0_FULL_FINGERPRINT_RECOVERY,PHASE8B_R2
C:\RSOS\Training data\F2_BR0_FULL_FINGERPRINT_RECOVERY\01_CANONICAL_INPUTS\F1_DEV_LMARENA_BLIND_R3_HARDENED\00_MANIFEST\COMPLETE_PACKAGE_SHA256_MANIFEST.csv,COMPLETE_PACKAGE_SHA256_MANIFEST.csv,.csv,2426,2026-09-11T22:07:25.4395875Z,2026-09-11T17:25:42.4169790Z,AUTHORITY_OR_FREEZE,PRIMARY_OR_UNRESOLVED,NOT_YET_COPIED,EXP-012,CAN-F2-B,True,False,False,True,False,,09_FREEZE,REFERENCE_COPY_OR_PROVENANCE,C:\RSOS\Training data\F2_BR0_FULL_FINGERPRINT_RECOVERY,PHASE8B_R2
C:\RSOS\Training data\F2_BR0_FULL_FINGERPRINT_RECOVERY\01_CANONICAL_INPUTS\F1_DEV_LMARENA_BLIND_R3_HARDENED\00_MANIFEST\COMPLETE_ZIP_SHA256.txt,COMPLETE_ZIP_SHA256.txt,.txt,66,2026-09-11T22:07:25.4546204Z,2026-09-11T17:25:50.2568496Z,AUTHORITY_OR_FREEZE,PRIMARY_OR_UNRESOLVED,NOT_YET_COPIED,EXP-012,CAN-F2-B,True,False,False,True,False,,09_FREEZE,REFERENCE_COPY_OR_PROVENANCE,C:\RSOS\Training data\F2_BR0_FULL_FINGERPRINT_RECOVERY,PHASE8B_R2
C:\RSOS\Training data\F2_BR0_FULL_FINGERPRINT_RECOVERY\01_CANONICAL_INPUTS\F1_DEV_LMARENA_BLIND_R3_HARDENED\00_MANIFEST\OUTPUT_SHA256_MANIFEST.csv,OUTPUT_SHA256_MANIFEST.csv,.csv,1653,2026-09-11T22:07:25.4604147Z,2026-09-11T17:11:54.6948847Z,RESULT_OR_OUTPUT,PRIMARY_OR_UNRESOLVED,NOT_YET_COPIED,EXP-012,CAN-F2-B,True,False,False,True,False,,09_FREEZE,REFERENCE_COPY_OR_PROVENANCE,C:\RSOS\Training data\F2_BR0_FULL_FINGERPRINT_RECOVERY,PHASE8B_R2
C:\RSOS\Training data\F2_BR0_FULL_FINGERPRINT_RECOVERY\01_CANONICAL_INPUTS\F1_DEV_LMARENA_BLIND_R3_HARDENED\00_MANIFEST\R3_FROZEN_SPEC_BEFORE_HOLDOUT.json,R3_FROZEN_SPEC_BEFORE_HOLDOUT.json,.json,1044,2026-09-11T22:07:25.4747341Z,2026-09-11T17:08:27.3049383Z,AUTHORITY_OR_FREEZE,PRIMARY_OR_UNRESOLVED,NOT_YET_COPIED,EXP-012,CAN-F2-B,True,False,False,True,False,,09_FREEZE,REFERENCE_COPY_OR_PROVENANCE,C:\RSOS\Training data\F2_BR0_FULL_FINGERPRINT_RECOVERY,PHASE8B_R2
C:\RSOS\Training data\F2_BR0_FULL_FINGERPRINT_RECOVERY\01_CANONICAL_INPUTS\F1_DEV_LMARENA_BLIND_R3_HARDENED\00_MANIFEST\R3_FROZEN_SPEC_SHA256.txt,R3_FROZEN_SPEC_SHA256.txt,.txt,66,2026-09-11T22:07:25.4826790Z,2026-09-11T17:08:27.3196151Z,AUTHORITY_OR_FREEZE,PRIMARY_OR_UNRESOLVED,NOT_YET_COPIED,EXP-012,CAN-F2-B,True,False,False,True,False,,09_FREEZE,REFERENCE_COPY_OR_PROVENANCE,C:\RSOS\Training data\F2_BR0_FULL_FINGERPRINT_RECOVERY,PHASE8B_R2
C:\RSOS\Training data\F2_BR0_FULL_FINGERPRINT_RECOVERY\01_CANONICAL_INPUTS\F1_DEV_LMARENA_BLIND_R3_HARDENED\00_MANIFEST\R3_SUMMARY.json,R3_SUMMARY.json,.json,3335,2026-09-11T22:07:25.4924032Z,2026-09-11T17:11:54.3943232Z,RESULT_OR_OUTPUT,PRIMARY_OR_UNRESOLVED,NOT_YET_COPIED,EXP-012,CAN-F2-B,True,False,False,True,False,,05_OUTPUTS,REFERENCE_COPY_OR_PROVENANCE,C:\RSOS\Training data\F2_BR0_FULL_FINGERPRINT_RECOVERY,PHASE8B_R2
C:\RSOS\Training data\F2_BR0_FULL_FINGERPRINT_RECOVERY\01_CANONICAL_INPUTS\F1_DEV_LMARENA_BLIND_R3_HARDENED\00_MANIFEST\R3_SUMMARY.txt,R3_SUMMARY.txt,.txt,2086,2026-09-11T22:07:25.5031136Z,2026-09-11T17:11:54.3983238Z,RESULT_OR_OUTPUT,PRIMARY_OR_UNRESOLVED,NOT_YET_COPIED,EXP-012,CAN-F2-B,True,False,False,True,False,,05_OUTPUTS,REFERENCE_COPY_OR_PROVENANCE,C:\RSOS\Training data\F2_BR0_FULL_FINGERPRINT_RECOVERY,PHASE8B_R2
C:\RSOS\Training data\F2_BR0_FULL_FINGERPRINT_RECOVERY\01_CANONICAL_INPUTS\F1_DEV_LMARENA_BLIND_R3_HARDENED\00_MANIFEST\RUNNER_SHA256.txt,RUNNER_SHA256.txt,.txt,177,2026-09-11T22:07:25.5120171Z,2026-09-11T17:25:41.4592693Z,OTHER_SOURCE,PRIMARY_OR_UNRESOLVED,NOT_YET_COPIED,EXP-012,CAN-F2-B,True,False,False,True,False,,09_FREEZE,REFERENCE_COPY_OR_PROVENANCE,C:\RSOS\Training data\F2_BR0_FULL_FINGERPRINT_RECOVERY,PHASE8B_R2
C:\RSOS\Training data\F2_BR0_FULL_FINGERPRINT_RECOVERY\01_CANONICAL_INPUTS\F1_DEV_LMARENA_BLIND_R3_HARDENED\02_MATCHED_NULLS\HARDENED_NULL_RESULTS.csv,HARDENED_NULL_RESULTS.csv,.csv,303,2026-09-11T22:07:25.5272358Z,2026-09-11T17:08:28.5312372Z,RESULT_OR_OUTPUT,PRIMARY_OR_UNRESOLVED,NOT_YET_COPIED,EXP-012,CAN-F2-B,True,False,False,True,False,,05_OUTPUTS,REFERENCE_COPY_OR_PROVENANCE,C:\RSOS\Training data\F2_BR0_FULL_FINGERPRINT_RECOVERY,PHASE8B_R2
C:\RSOS\Training data\F2_BR0_FULL_FINGERPRINT_RECOVERY\01_CANONICAL_INPUTS\F1_DEV_LMARENA_BLIND_R3_HARDENED\03_CLUSTER_CURVES_NO_FORCED_K\HOLDOUT_CLUSTER_CURVE_NO_FORCED_K.csv,HOLDOUT_CLUSTER_CURVE_NO_FORCED_K.csv,.csv,1279,2026-09-11T22:07:25.5393796Z,2026-09-11T17:11:14.8326267Z,OTHER_SOURCE,PRIMARY_OR_UNRESOLVED,NOT_YET_COPIED,EXP-012,CAN-F2-B,True,False,False,True,False,,UNCLASSIFIED,REFERENCE_COPY_OR_PROVENANCE,C:\RSOS\Training data\F2_BR0_FULL_FINGERPRINT_RECOVERY,PHASE8B_R2
C:\RSOS\Training data\F2_BR0_FULL_FINGERPRINT_RECOVERY\01_CANONICAL_INPUTS\F1_DEV_LMARENA_BLIND_R3_HARDENED\03_CLUSTER_CURVES_NO_FORCED_K\VALIDATION_CLUSTER_CURVE_NO_FORCED_K.csv,VALIDATION_CLUSTER_CURVE_NO_FORCED_K.csv,.csv,1280,2026-09-11T22:07:25.5556606Z,2026-09-11T17:08:22.0728297Z,OTHER_SOURCE,PRIMARY_OR_UNRESOLVED,NOT_YET_COPIED,EXP-012,CAN-F2-B,True,False,False,True,False,,UNCLASSIFIED,REFERENCE_COPY_OR_PROVENANCE,C:\RSOS\Training data\F2_BR0_FULL_FINGERPRINT_RECOVERY,PHASE8B_R2
C:\RSOS\Training data\F2_BR0_FULL_FINGERPRINT_RECOVERY\01_CANONICAL_INPUTS\F1_DEV_LMARENA_BLIND_R3_HARDENED\05_POSTFREEZE_NUISANCE_AUDIT\COMPLETE_CONTINUOUS_FEATURE_NUISANCE_PREDICTABILITY.csv,COMPLETE_CONTINUOUS_FEATURE_NUISANCE_PREDICTABILITY.csv,.csv,1021,2026-09-11T22:07:25.5734681Z,2026-09-11T17:11:34.4376204Z,AUTHORITY_OR_FREEZE|RESULT_OR_OUTPUT,PRIMARY_OR_UNRESOLVED,NOT_YET_COPIED,EXP-012,CAN-F2-B,True,False,False,True,False,,09_FREEZE,REFERENCE_COPY_OR_PROVENANCE,C:\RSOS\Training data\F2_BR0_FULL_FINGERPRINT_RECOVERY,PHASE8B_R2
C:\RSOS\Training data\F2_BR0_FULL_FINGERPRINT_RECOVERY\01_CANONICAL_INPUTS\F1_DEV_LMARENA_BLIND_R3_HARDENED\05_POSTFREEZE_NUISANCE_AUDIT\WITHIN_PROVIDER_GENERIC_DEPENDENCE.csv,WITHIN_PROVIDER_GENERIC_DEPENDENCE.csv,.csv,378,2026-09-11T22:07:25.5751062Z,2026-09-11T17:11:44.1387298Z,OTHER_SOURCE,PRIMARY_OR_UNRESOLVED,NOT_YET_COPIED,EXP-012,CAN-F2-B,True,False,False,True,False,,UNCLASSIFIED,REFERENCE_COPY_OR_PROVENANCE,C:\RSOS\Training data\F2_BR0_FULL_FINGERPRINT_RECOVERY,PHASE8B_R2
C:\RSOS\Training data\F2_BR0_FULL_FINGERPRINT_RECOVERY\01_CANONICAL_INPUTS\F1_DEV_LMARENA_BLIND_R3_HARDENED\06_PLANTED_V12_GRAPH_CALIBRATION\PLANTED_V12_GRAPH_CALIBRATION_RESULT.csv,PLANTED_V12_GRAPH_CALIBRATION_RESULT.csv,.csv,159,2026-09-11T22:07:25.5781077Z,2026-09-11T17:11:54.3634677Z,RESULT_OR_OUTPUT,PRIMARY_OR_UNRESOLVED,NOT_YET_COPIED,EXP-012,CAN-F2-B,True,False,False,True,False,,05_OUTPUTS,REFERENCE_COPY_OR_PROVENANCE,C:\RSOS\Training data\F2_BR0_FULL_FINGERPRINT_RECOVERY,PHASE8B_R2
C:\RSOS\Training data\F2_BR0_FULL_FINGERPRINT_RECOVERY\01_CANONICAL_INPUTS\F1_DEV_LMARENA_BLIND_R3_HARDENED\06_PLANTED_V12_GRAPH_CALIBRATION\PLANTED_V12_GRAPH_DATA.csv,PLANTED_V12_GRAPH_DATA.csv,.csv,820336,2026-09-11T22:07:25.5791051Z,2026-09-11T17:11:54.3614551Z,OTHER_SOURCE,PRIMARY_OR_UNRESOLVED,NOT_YET_COPIED,EXP-012,CAN-F2-B,True,False,False,True,False,,UNCLASSIFIED,REFERENCE_COPY_OR_PROVENANCE,C:\RSOS\Training data\F2_BR0_FULL_FINGERPRINT_RECOVERY,PHASE8B_R2
C:\RSOS\Training data\F2_BR0_FULL_FINGERPRINT_RECOVERY\01_CANONICAL_INPUTS\F1_DEV_LMARENA_BLIND_R3_HARDENED\07_NO_SILENT_OMISSION\NO_SILENT_OMISSION_LEDGER.csv,NO_SILENT_OMISSION_LEDGER.csv,.csv,1150,2026-09-11T22:07:25.5880561Z,2026-09-11T17:11:54.3664700Z,OTHER_SOURCE,PRIMARY_OR_UNRESOLVED,NOT_YET_COPIED,EXP-012,CAN-F2-B,True,False,False,True,False,,UNCLASSIFIED,REFERENCE_COPY_OR_PROVENANCE,C:\RSOS\Training data\F2_BR0_FULL_FINGERPRINT_RECOVERY,PHASE8B_R2
C:\RSOS\Training data\F2_BR0_FULL_FINGERPRINT_RECOVERY\01_CANONICAL_INPUTS\F1_DEV_LMARENA_BLIND_R3_HARDENED\08_FROZEN_MODELS\FROZEN_PIPELINE.joblib,FROZEN_PIPELINE.joblib,.joblib,63793134,2026-09-11T22:07:25.5900515Z,2026-09-11T17:08:26.7411114Z,AUTHORITY_OR_FREEZE,PRIMARY_OR_UNRESOLVED,NOT_YET_COPIED,EXP-012,CAN-F2-B,True,False,False,True,False,,09_FREEZE,REFERENCE_COPY_OR_PROVENANCE,C:\RSOS\Training data\F2_BR0_FULL_FINGERPRINT_RECOVERY,PHASE8B_R2
C:\RSOS\Training data\F2_BR0_FULL_FINGERPRINT_RECOVERY\01_CANONICAL_INPUTS\F1_DEV_LMARENA_BLIND_R3_HARDENED\F1_DEV_LMARENA_BLIND_R3_HARDENED_COMPLETE.zip,F1_DEV_LMARENA_BLIND_R3_HARDENED_COMPLETE.zip,.zip,126305888,2026-09-11T22:07:24.7010565Z,2026-09-11T17:25:49.3665661Z,AUTHORITY_OR_FREEZE,PRIMARY_OR_UNRESOLVED,NOT_YET_COPIED,EXP-012,CAN-F2-B,True,False,False,True,False,,09_FREEZE,REFERENCE_COPY_OR_PROVENANCE,C:\RSOS\Training data\F2_BR0_FULL_FINGERPRINT_RECOVERY,PHASE8B_R2
C:\RSOS\Training data\F2_BR0_FULL_FINGERPRINT_RECOVERY\01_CANONICAL_INPUTS\F1_DEV_LMARENA_BLIND_R3_HARDENED\F1_DEV_LMARENA_BLIND_R3_HARDENED_RESULTS.zip,F1_DEV_LMARENA_BLIND_R3_HARDENED_RESULTS.zip,.zip,63138359,2026-09-11T22:07:25.2753184Z,2026-09-11T17:11:59.1677075Z,RESULT_OR_OUTPUT,PRIMARY_OR_UNRESOLVED,NOT_YET_COPIED,EXP-012,CAN-F2-B,True,False,False,True,False,,05_OUTPUTS,REFERENCE_COPY_OR_PROVENANCE,C:\RSOS\Training data\F2_BR0_FULL_FINGERPRINT_RECOVERY,PHASE8B_R2
C:\RSOS\Training data\F2_BR0_FULL_FINGERPRINT_RECOVERY\01_CANONICAL_INPUTS\F1_DEV_LMARENA_BLIND_R3_HARDENED\F1_DEV_R3_COMPLETE.marker,F1_DEV_R3_COMPLETE.marker,.marker,134,2026-09-11T22:07:25.3567185Z,2026-09-11T17:11:54.6948847Z,AUTHORITY_OR_FREEZE,PRIMARY_OR_UNRESOLVED,NOT_YET_COPIED,EXP-012,CAN-F2-B,True,False,False,True,False,,09_FREEZE,REFERENCE_COPY_OR_PROVENANCE,C:\RSOS\Training data\F2_BR0_FULL_FINGERPRINT_RECOVERY,PHASE8B_R2
C:\RSOS\Training data\F2_BR0_FULL_FINGERPRINT_RECOVERY\01_CANONICAL_INPUTS\F1_DEV_LMARENA_BLIND_R3_HARDENED\RUN_F1_DEV_LMARENA_BLIND_R3_HARDENED.py,RUN_F1_DEV_LMARENA_BLIND_R3_HARDENED.py,.py,24669,2026-09-11T22:07:25.4063460Z,2026-09-11T14:02:16.0000000Z,RUNNER,PRIMARY_OR_UNRESOLVED,NOT_YET_COPIED,EXP-012,CAN-F2-B,True,False,False,True,False,,03_RUNNER,REFERENCE_COPY_OR_PROVENANCE,C:\RSOS\Training data\F2_BR0_FULL_FINGERPRINT_RECOVERY,PHASE8B_R2
C:\RSOS\Training data\F2_BR0_FULL_FINGERPRINT_RECOVERY\01_CANONICAL_INPUTS\F1_DEV_LMARENA_BLIND_R3_HARDENED\RUN_F1_DEV_LMARENA_BLIND_R3_HARDENED.ps1,RUN_F1_DEV_LMARENA_BLIND_R3_HARDENED.ps1,.ps1,1314,2026-09-11T22:07:25.3751390Z,2026-09-11T14:02:16.0000000Z,RUNNER,PRIMARY_OR_UNRESOLVED,NOT_YET_COPIED,EXP-012,CAN-F2-B,True,False,False,True,False,,03_RUNNER,REFERENCE_COPY_OR_PROVENANCE,C:\RSOS\Training data\F2_BR0_FULL_FINGERPRINT_RECOVERY,PHASE8B_R2
C:\RSOS\Training data\F2_BR0_FULL_FINGERPRINT_RECOVERY\01_CANONICAL_INPUTS\F1_DEV_R4_V12_GRAPH_CALIBRATION\__pycache__\RUN_F1_DEV_R4_V12_GRAPH_CALIBRATION.cpython-313.pyc,RUN_F1_DEV_R4_V12_GRAPH_CALIBRATION.cpython-313.pyc,.pyc,29291,2026-09-11T22:07:25.8656839Z,2026-09-11T17:51:04.3892562Z,OTHER_SOURCE,PRIMARY_OR_UNRESOLVED,NOT_YET_COPIED,EXP-012,CAN-F2-B,True,False,True,True,False,,UNCLASSIFIED,EXCLUDE_RUNTIME_OR_LIBRARY,C:\RSOS\Training data\F2_BR0_FULL_FINGERPRINT_RECOVERY,PHASE8B_R2
C:\RSOS\Training data\F2_BR0_FULL_FINGERPRINT_RECOVERY\01_CANONICAL_INPUTS\F1_DEV_R4_V12_GRAPH_CALIBRATION\00_MANIFEST\COMPLETE_PACKAGE_SHA256_MANIFEST.csv,COMPLETE_PACKAGE_SHA256_MANIFEST.csv,.csv,2423,2026-09-11T22:07:25.8293236Z,2026-09-11T17:47:46.2589957Z,AUTHORITY_OR_FREEZE,PRIMARY_OR_UNRESOLVED,NOT_YET_COPIED,EXP-012,CAN-F2-B,True,False,False,True,False,,09_FREEZE,REFERENCE_COPY_OR_PROVENANCE,C:\RSOS\Training data\F2_BR0_FULL_FINGERPRINT_RECOVERY,PHASE8B_R2
C:\RSOS\Training data\F2_BR0_FULL_FINGERPRINT_RECOVERY\01_CANONICAL_INPUTS\F1_DEV_R4_V12_GRAPH_CALIBRATION\00_MANIFEST\ENVIRONMENT.json,ENVIRONMENT.json,.json,280,2026-09-11T22:07:25.8328529Z,2026-09-11T17:47:41.1911517Z,OTHER_SOURCE,PRIMARY_OR_UNRESOLVED,NOT_YET_COPIED,EXP-012,CAN-F2-B,True,False,False,True,False,,UNCLASSIFIED,REFERENCE_COPY_OR_PROVENANCE,C:\RSOS\Training data\F2_BR0_FULL_FINGERPRINT_RECOVERY,PHASE8B_R2
C:\RSOS\Training data\F2_BR0_FULL_FINGERPRINT_RECOVERY\01_CANONICAL_INPUTS\F1_DEV_R4_V12_GRAPH_CALIBRATION\00_MANIFEST\FINAL_ZIP_SHA256.txt,FINAL_ZIP_SHA256.txt,.txt,66,2026-09-11T22:07:25.8334554Z,2026-09-11T17:47:47.3991261Z,AUTHORITY_OR_FREEZE,PRIMARY_OR_UNRESOLVED,NOT_YET_COPIED,EXP-012,CAN-F2-B,True,False,False,True,False,,09_FREEZE,REFERENCE_COPY_OR_PROVENANCE,C:\RSOS\Training data\F2_BR0_FULL_FINGERPRINT_RECOVERY,PHASE8B_R2
C:\RSOS\Training data\F2_BR0_FULL_FINGERPRINT_RECOVERY\01_CANONICAL_INPUTS\F1_DEV_R4_V12_GRAPH_CALIBRATION\00_MANIFEST\OUTPUT_SHA256_MANIFEST.csv,OUTPUT_SHA256_MANIFEST.csv,.csv,1984,2026-09-11T22:07:25.8354608Z,2026-09-11T17:47:41.3381851Z,RESULT_OR_OUTPUT,PRIMARY_OR_UNRESOLVED,NOT_YET_COPIED,EXP-012,CAN-F2-B,True,False,False,True,False,,09_FREEZE,REFERENCE_COPY_OR_PROVENANCE,C:\RSOS\Training data\F2_BR0_FULL_FINGERPRINT_RECOVERY,PHASE8B_R2
C:\RSOS\Training data\F2_BR0_FULL_FINGERPRINT_RECOVERY\01_CANONICAL_INPUTS\F1_DEV_R4_V12_GRAPH_CALIBRATION\00_MANIFEST\POWERSHELL_RUNNER_SHA256.txt,POWERSHELL_RUNNER_SHA256.txt,.txt,66,2026-09-11T22:07:25.8374560Z,2026-09-11T17:47:46.1389769Z,OTHER_SOURCE,PRIMARY_OR_UNRESOLVED,NOT_YET_COPIED,EXP-012,CAN-F2-B,True,False,False,True,False,,09_FREEZE,REFERENCE_COPY_OR_PROVENANCE,C:\RSOS\Training data\F2_BR0_FULL_FINGERPRINT_RECOVERY,PHASE8B_R2
C:\RSOS\Training data\F2_BR0_FULL_FINGERPRINT_RECOVERY\01_CANONICAL_INPUTS\F1_DEV_R4_V12_GRAPH_CALIBRATION\00_MANIFEST\R4_SUMMARY.json,R4_SUMMARY.json,.json,3204,2026-09-11T22:07:25.8384562Z,2026-09-11T17:47:41.2066167Z,RESULT_OR_OUTPUT,PRIMARY_OR_UNRESOLVED,NOT_YET_COPIED,EXP-012,CAN-F2-B,True,False,False,True,False,,05_OUTPUTS,REFERENCE_COPY_OR_PROVENANCE,C:\RSOS\Training data\F2_BR0_FULL_FINGERPRINT_RECOVERY,PHASE8B_R2
C:\RSOS\Training data\F2_BR0_FULL_FINGERPRINT_RECOVERY\01_CANONICAL_INPUTS\F1_DEV_R4_V12_GRAPH_CALIBRATION\00_MANIFEST\R4_SUMMARY.txt,R4_SUMMARY.txt,.txt,1821,2026-09-11T22:07:25.8404552Z,2026-09-11T17:47:41.2164911Z,RESULT_OR_OUTPUT,PRIMARY_OR_UNRESOLVED,NOT_YET_COPIED,EXP-012,CAN-F2-B,True,False,False,True,False,,05_OUTPUTS,REFERENCE_COPY_OR_PROVENANCE,C:\RSOS\Training data\F2_BR0_FULL_FINGERPRINT_RECOVERY,PHASE8B_R2
C:\RSOS\Training data\F2_BR0_FULL_FINGERPRINT_RECOVERY\01_CANONICAL_INPUTS\F1_DEV_R4_V12_GRAPH_CALIBRATION\01_EXTRACTOR_UNIT_TESTS\EXTRACTOR_UNIT_TESTS.csv,EXTRACTOR_UNIT_TESTS.csv,.csv,383,2026-09-11T22:07:25.8424542Z,2026-09-11T17:47:16.1376905Z,OTHER_SOURCE,PRIMARY_OR_UNRESOLVED,NOT_YET_COPIED,EXP-012,CAN-F2-B,True,False,False,True,False,,UNCLASSIFIED,REFERENCE_COPY_OR_PROVENANCE,C:\RSOS\Training data\F2_BR0_FULL_FINGERPRINT_RECOVERY,PHASE8B_R2
C:\RSOS\Training data\F2_BR0_FULL_FINGERPRINT_RECOVERY\01_CANONICAL_INPUTS\F1_DEV_R4_V12_GRAPH_CALIBRATION\02_AUTHENTIC_EDGE_PERTURBATIONS\AUTHENTIC_V12_EDGE_PERTURBATIONS.csv,AUTHENTIC_V12_EDGE_PERTURBATIONS.csv,.csv,81937,2026-09-11T22:07:25.8454516Z,2026-09-11T17:47:19.6238879Z,OTHER_SOURCE,PRIMARY_OR_UNRESOLVED,NOT_YET_COPIED,EXP-012,CAN-F2-B,True,False,False,True,False,,UNCLASSIFIED,REFERENCE_COPY_OR_PROVENANCE,C:\RSOS\Training data\F2_BR0_FULL_FINGERPRINT_RECOVERY,PHASE8B_R2
C:\RSOS\Training data\F2_BR0_FULL_FINGERPRINT_RECOVERY\01_CANONICAL_INPUTS\F1_DEV_R4_V12_GRAPH_CALIBRATION\02_AUTHENTIC_EDGE_PERTURBATIONS\AUTHENTIC_V12_PER_EDGE_DETECTION.csv,AUTHENTIC_V12_PER_EDGE_DETECTION.csv,.csv,1460,2026-09-11T22:07:25.8494499Z,2026-09-11T17:47:19.6509095Z,OTHER_SOURCE,PRIMARY_OR_UNRESOLVED,NOT_YET_COPIED,EXP-012,CAN-F2-B,True,False,False,True,False,,UNCLASSIFIED,REFERENCE_COPY_OR_PROVENANCE,C:\RSOS\Training data\F2_BR0_FULL_FINGERPRINT_RECOVERY,PHASE8B_R2
C:\RSOS\Training data\F2_BR0_FULL_FINGERPRINT_RECOVERY\01_CANONICAL_INPUTS\F1_DEV_R4_V12_GRAPH_CALIBRATION\02_AUTHENTIC_EDGE_PERTURBATIONS\AUTHENTIC_V12_PERTURBATION_SUMMARY.csv,AUTHENTIC_V12_PERTURBATION_SUMMARY.csv,.csv,272,2026-09-11T22:07:25.8474505Z,2026-09-11T17:47:19.6376468Z,RESULT_OR_OUTPUT,PRIMARY_OR_UNRESOLVED,NOT_YET_COPIED,EXP-012,CAN-F2-B,True,False,False,True,False,,05_OUTPUTS,REFERENCE_COPY_OR_PROVENANCE,C:\RSOS\Training data\F2_BR0_FULL_FINGERPRINT_RECOVERY,PHASE8B_R2
C:\RSOS\Training data\F2_BR0_FULL_FINGERPRINT_RECOVERY\01_CANONICAL_INPUTS\F1_DEV_R4_V12_GRAPH_CALIBRATION\03_CROSS_TOPOLOGY_GENERALIZATION\CROSS_TOPOLOGY_DATA.parquet,CROSS_TOPOLOGY_DATA.parquet,.parquet,77099,2026-09-11T22:07:25.8514493Z,2026-09-11T17:47:37.2843262Z,OTHER_SOURCE,PRIMARY_OR_UNRESOLVED,NOT_YET_COPIED,EXP-012,CAN-F2-B,True,False,False,True,False,,06_DIAGNOSTIC,REFERENCE_COPY_OR_PROVENANCE,C:\RSOS\Training data\F2_BR0_FULL_FINGERPRINT_RECOVERY,PHASE8B_R2
C:\RSOS\Training data\F2_BR0_FULL_FINGERPRINT_RECOVERY\01_CANONICAL_INPUTS\F1_DEV_R4_V12_GRAPH_CALIBRATION\03_CROSS_TOPOLOGY_GENERALIZATION\CROSS_TOPOLOGY_GENERALIZATION_RESULT.csv,CROSS_TOPOLOGY_GENERALIZATION_RESULT.csv,.csv,228,2026-09-11T22:07:25.8543369Z,2026-09-11T17:47:38.2806729Z,RESULT_OR_OUTPUT,PRIMARY_OR_UNRESOLVED,NOT_YET_COPIED,EXP-012,CAN-F2-B,True,False,False,True,False,,06_DIAGNOSTIC,REFERENCE_COPY_OR_PROVENANCE,C:\RSOS\Training data\F2_BR0_FULL_FINGERPRINT_RECOVERY,PHASE8B_R2
C:\RSOS\Training data\F2_BR0_FULL_FINGERPRINT_RECOVERY\01_CANONICAL_INPUTS\F1_DEV_R4_V12_GRAPH_CALIBRATION\04_LEAVE_FAMILY_OUT\LEAVE_PERTURBATION_FAMILY_OUT.csv,LEAVE_PERTURBATION_FAMILY_OUT.csv,.csv,221,2026-09-11T22:07:25.8563383Z,2026-09-11T17:47:41.1569584Z,OTHER_SOURCE,PRIMARY_OR_UNRESOLVED,NOT_YET_COPIED,EXP-012,CAN-F2-B,True,False,False,True,False,,UNCLASSIFIED,REFERENCE_COPY_OR_PROVENANCE,C:\RSOS\Training data\F2_BR0_FULL_FINGERPRINT_RECOVERY,PHASE8B_R2
C:\RSOS\Training data\F2_BR0_FULL_FINGERPRINT_RECOVERY\01_CANONICAL_INPUTS\F1_DEV_R4_V12_GRAPH_CALIBRATION\05_NO_SILENT_OMISSION\NO_SILENT_OMISSION_LEDGER.csv,NO_SILENT_OMISSION_LEDGER.csv,.csv,1304,2026-09-11T22:07:25.8593343Z,2026-09-11T17:47:41.1589490Z,OTHER_SOURCE,PRIMARY_OR_UNRESOLVED,NOT_YET_COPIED,EXP-012,CAN-F2-B,True,False,False,True,False,,UNCLASSIFIED,REFERENCE_COPY_OR_PROVENANCE,C:\RSOS\Training data\F2_BR0_FULL_FINGERPRINT_RECOVERY,PHASE8B_R2
C:\RSOS\Training data\F2_BR0_FULL_FINGERPRINT_RECOVERY\01_CANONICAL_INPUTS\F1_DEV_R4_V12_GRAPH_CALIBRATION\06_FROZEN_MODELS\CROSS_TOPOLOGY_CLASSIFIER.joblib,CROSS_TOPOLOGY_CLASSIFIER.joblib,.joblib,264696,2026-09-11T22:07:25.8614870Z,2026-09-11T17:47:38.4345281Z,RESULT_OR_OUTPUT,PRIMARY_OR_UNRESOLVED,NOT_YET_COPIED,EXP-012,CAN-F2-B,True,False,False,True,False,,06_DIAGNOSTIC,REFERENCE_COPY_OR_PROVENANCE,C:\RSOS\Training data\F2_BR0_FULL_FINGERPRINT_RECOVERY,PHASE8B_R2
C:\RSOS\Training data\F2_BR0_FULL_FINGERPRINT_RECOVERY\01_CANONICAL_INPUTS\F1_DEV_R4_V12_GRAPH_CALIBRATION\F1_DEV_R4_COMPLETE.marker,F1_DEV_R4_COMPLETE.marker,.marker,133,2026-09-11T22:07:25.8173200Z,2026-09-11T17:47:41.3391849Z,AUTHORITY_OR_FREEZE,PRIMARY_OR_UNRESOLVED,NOT_YET_COPIED,EXP-012,CAN-F2-B,True,False,False,True,False,,09_FREEZE,REFERENCE_COPY_OR_PROVENANCE,C:\RSOS\Training data\F2_BR0_FULL_FINGERPRINT_RECOVERY,PHASE8B_R2
C:\RSOS\Training data\F2_BR0_FULL_FINGERPRINT_RECOVERY\01_CANONICAL_INPUTS\F1_DEV_R4_V12_GRAPH_CALIBRATION\F1_DEV_R4_V12_GRAPH_CALIBRATION_COMPLETE.zip,F1_DEV_R4_V12_GRAPH_CALIBRATION_COMPLETE.zip,.zip,382917,2026-09-11T22:07:25.8183280Z,2026-09-11T17:47:47.3776761Z,AUTHORITY_OR_FREEZE,PRIMARY_OR_UNRESOLVED,NOT_YET_COPIED,EXP-012,CAN-F2-B,True,False,False,True,False,,09_FREEZE,REFERENCE_COPY_OR_PROVENANCE,C:\RSOS\Training data\F2_BR0_FULL_FINGERPRINT_RECOVERY,PHASE8B_R2
C:\RSOS\Training data\F2_BR0_FULL_FINGERPRINT_RECOVERY\01_CANONICAL_INPUTS\F1_DEV_R4_V12_GRAPH_CALIBRATION\F1_DEV_R4_V12_GRAPH_CALIBRATION_RUNNER.zip,F1_DEV_R4_V12_GRAPH_CALIBRATION_RUNNER.zip,.zip,8113,2026-09-11T22:07:25.8203235Z,2026-09-11T17:29:03.7127166Z,OTHER_SOURCE,PRIMARY_OR_UNRESOLVED,NOT_YET_COPIED,EXP-012,CAN-F2-B,True,False,False,True,False,,08_PACKAGE,REFERENCE_COPY_OR_PROVENANCE,C:\RSOS\Training data\F2_BR0_FULL_FINGERPRINT_RECOVERY,PHASE8B_R2
C:\RSOS\Training data\F2_BR0_FULL_FINGERPRINT_RECOVERY\01_CANONICAL_INPUTS\F1_DEV_R4_V12_GRAPH_CALIBRATION\RUN_F1_DEV_R4_V12_GRAPH_CALIBRATION.py,RUN_F1_DEV_R4_V12_GRAPH_CALIBRATION.py,.py,21031,2026-09-11T22:07:25.8253213Z,2026-09-11T14:27:34.0000000Z,RUNNER,PRIMARY_OR_UNRESOLVED,NOT_YET_COPIED,EXP-012,CAN-F2-B,True,False,False,True,False,,03_RUNNER,REFERENCE_COPY_OR_PROVENANCE,C:\RSOS\Training data\F2_BR0_FULL_FINGERPRINT_RECOVERY,PHASE8B_R2
C:\RSOS\Training data\F2_BR0_FULL_FINGERPRINT_RECOVERY\01_CANONICAL_INPUTS\F1_DEV_R4_V12_GRAPH_CALIBRATION\RUN_F1_DEV_R4_V12_GRAPH_CALIBRATION.ps1,RUN_F1_DEV_R4_V12_GRAPH_CALIBRATION.ps1,.ps1,2191,2026-09-11T22:07:25.8243197Z,2026-09-11T14:27:34.0000000Z,RUNNER,PRIMARY_OR_UNRESOLVED,NOT_YET_COPIED,EXP-012,CAN-F2-B,True,False,False,True,False,,03_RUNNER,REFERENCE_COPY_OR_PROVENANCE,C:\RSOS\Training data\F2_BR0_FULL_FINGERPRINT_RECOVERY,PHASE8B_R2
C:\RSOS\Training data\F2_BR0_FULL_FINGERPRINT_RECOVERY\01_CANONICAL_INPUTS\F1_DEV_R5_V12_SPECIFICITY_OPERATOR\__pycache__\RUN_F1_DEV_R5_V12_SPECIFICITY_OPERATOR.cpython-313.pyc,RUN_F1_DEV_R5_V12_SPECIFICITY_OPERATOR.cpython-313.pyc,.pyc,36836,2026-09-11T22:07:25.9336461Z,2026-09-11T18:04:43.2113341Z,OTHER_SOURCE,PRIMARY_OR_UNRESOLVED,NOT_YET_COPIED,EXP-012,CAN-F2-B,True,False,True,True,False,,UNCLASSIFIED,EXCLUDE_RUNTIME_OR_LIBRARY,C:\RSOS\Training data\F2_BR0_FULL_FINGERPRINT_RECOVERY,PHASE8B_R2
C:\RSOS\Training data\F2_BR0_FULL_FINGERPRINT_RECOVERY\01_CANONICAL_INPUTS\F1_DEV_R5_V12_SPECIFICITY_OPERATOR\00_MANIFEST\AUTHENTIC_V12_FROZEN_SIGNATURE.csv,AUTHENTIC_V12_FROZEN_SIGNATURE.csv,.csv,752,2026-09-11T22:07:25.8846756Z,2026-09-11T18:06:57.4598039Z,AUTHORITY_OR_FREEZE,PRIMARY_OR_UNRESOLVED,NOT_YET_COPIED,EXP-012,CAN-F2-B,True,False,False,True,False,,09_FREEZE,REFERENCE_COPY_OR_PROVENANCE,C:\RSOS\Training data\F2_BR0_FULL_FINGERPRINT_RECOVERY,PHASE8B_R2
C:\RSOS\Training data\F2_BR0_FULL_FINGERPRINT_RECOVERY\01_CANONICAL_INPUTS\F1_DEV_R5_V12_SPECIFICITY_OPERATOR\00_MANIFEST\ENVIRONMENT.json,ENVIRONMENT.json,.json,280,2026-09-11T22:07:25.8866736Z,2026-09-11T18:06:57.5832568Z,OTHER_SOURCE,PRIMARY_OR_UNRESOLVED,NOT_YET_COPIED,EXP-012,CAN-F2-B,True,False,False,True,False,,UNCLASSIFIED,REFERENCE_COPY_OR_PROVENANCE,C:\RSOS\Training data\F2_BR0_FULL_FINGERPRINT_RECOVERY,PHASE8B_R2
C:\RSOS\Training data\F2_BR0_FULL_FINGERPRINT_RECOVERY\01_CANONICAL_INPUTS\F1_DEV_R5_V12_SPECIFICITY_OPERATOR\00_MANIFEST\FINAL_ZIP_SHA256.txt,FINAL_ZIP_SHA256.txt,.txt,66,2026-09-11T22:07:25.8886758Z,2026-09-11T18:06:59.8785947Z,AUTHORITY_OR_FREEZE,PRIMARY_OR_UNRESOLVED,NOT_YET_COPIED,EXP-012,CAN-F2-B,True,False,False,True,False,,09_FREEZE,REFERENCE_COPY_OR_PROVENANCE,C:\RSOS\Training data\F2_BR0_FULL_FINGERPRINT_RECOVERY,PHASE8B_R2
C:\RSOS\Training data\F2_BR0_FULL_FINGERPRINT_RECOVERY\01_CANONICAL_INPUTS\F1_DEV_R5_V12_SPECIFICITY_OPERATOR\00_MANIFEST\OUTPUT_SHA256_MANIFEST.csv,OUTPUT_SHA256_MANIFEST.csv,.csv,2731,2026-09-11T22:07:25.8906745Z,2026-09-11T18:06:57.7807417Z,RESULT_OR_OUTPUT,PRIMARY_OR_UNRESOLVED,NOT_YET_COPIED,EXP-012,CAN-F2-B,True,False,False,True,False,,09_FREEZE,REFERENCE_COPY_OR_PROVENANCE,C:\RSOS\Training data\F2_BR0_FULL_FINGERPRINT_RECOVERY,PHASE8B_R2
C:\RSOS\Training data\F2_BR0_FULL_FINGERPRINT_RECOVERY\01_CANONICAL_INPUTS\F1_DEV_R5_V12_SPECIFICITY_OPERATOR\00_MANIFEST\PYTHON_RUNNER_SHA256.txt,PYTHON_RUNNER_SHA256.txt,.txt,66,2026-09-11T22:07:25.8936723Z,2026-09-11T18:06:57.5852559Z,OTHER_SOURCE,PRIMARY_OR_UNRESOLVED,NOT_YET_COPIED,EXP-012,CAN-F2-B,True,False,False,True,False,,09_FREEZE,REFERENCE_COPY_OR_PROVENANCE,C:\RSOS\Training data\F2_BR0_FULL_FINGERPRINT_RECOVERY,PHASE8B_R2
C:\RSOS\Training data\F2_BR0_FULL_FINGERPRINT_RECOVERY\01_CANONICAL_INPUTS\F1_DEV_R5_V12_SPECIFICITY_OPERATOR\00_MANIFEST\POWERSHELL_RUNNER_SHA256.txt,POWERSHELL_RUNNER_SHA256.txt,.txt,66,2026-09-11T22:07:25.8926866Z,2026-09-11T18:06:58.3389042Z,OTHER_SOURCE,PRIMARY_OR_UNRESOLVED,NOT_YET_COPIED,EXP-012,CAN-F2-B,True,False,False,True,False,,09_FREEZE,REFERENCE_COPY_OR_PROVENANCE,C:\RSOS\Training data\F2_BR0_FULL_FINGERPRINT_RECOVERY,PHASE8B_R2
C:\RSOS\Training data\F2_BR0_FULL_FINGERPRINT_RECOVERY\01_CANONICAL_INPUTS\F1_DEV_R5_V12_SPECIFICITY_OPERATOR\00_MANIFEST\R5_SUMMARY.json,R5_SUMMARY.json,.json,1469,2026-09-11T22:07:25.8946689Z,2026-09-11T18:06:57.4677992Z,RESULT_OR_OUTPUT,PRIMARY_OR_UNRESOLVED,NOT_YET_COPIED,EXP-012,CAN-F2-B,True,False,False,True,False,,05_OUTPUTS,REFERENCE_COPY_OR_PROVENANCE,C:\RSOS\Training data\F2_BR0_FULL_FINGERPRINT_RECOVERY,PHASE8B_R2
C:\RSOS\Training data\F2_BR0_FULL_FINGERPRINT_RECOVERY\01_CANONICAL_INPUTS\F1_DEV_R5_V12_SPECIFICITY_OPERATOR\00_MANIFEST\R5_SUMMARY.txt,R5_SUMMARY.txt,.txt,533,2026-09-11T22:07:25.8966676Z,2026-09-11T18:06:57.4687996Z,RESULT_OR_OUTPUT,PRIMARY_OR_UNRESOLVED,NOT_YET_COPIED,EXP-012,CAN-F2-B,True,False,False,True,False,,05_OUTPUTS,REFERENCE_COPY_OR_PROVENANCE,C:\RSOS\Training data\F2_BR0_FULL_FINGERPRINT_RECOVERY,PHASE8B_R2
C:\RSOS\Training data\F2_BR0_FULL_FINGERPRINT_RECOVERY\01_CANONICAL_INPUTS\F1_DEV_R5_V12_SPECIFICITY_OPERATOR\01_GRAPH_SPECIFICITY\GRAPH_FINGERPRINT_COLLISIONS.csv,GRAPH_FINGERPRINT_COLLISIONS.csv,.csv,427,2026-09-11T22:07:25.8996664Z,2026-09-11T18:05:07.2442707Z,OTHER_SOURCE,PRIMARY_OR_UNRESOLVED,NOT_YET_COPIED,EXP-012,CAN-F2-B,True,False,False,True,False,,UNCLASSIFIED,REFERENCE_COPY_OR_PROVENANCE,C:\RSOS\Training data\F2_BR0_FULL_FINGERPRINT_RECOVERY,PHASE8B_R2
C:\RSOS\Training data\F2_BR0_FULL_FINGERPRINT_RECOVERY\01_CANONICAL_INPUTS\F1_DEV_R5_V12_SPECIFICITY_OPERATOR\01_GRAPH_SPECIFICITY\GRAPH_SPECIFICITY_SUMMARY.csv,GRAPH_SPECIFICITY_SUMMARY.csv,.csv,196,2026-09-11T22:07:25.9006662Z,2026-09-11T18:05:07.2494382Z,RESULT_OR_OUTPUT,PRIMARY_OR_UNRESOLVED,NOT_YET_COPIED,EXP-012,CAN-F2-B,True,False,False,True,False,,05_OUTPUTS,REFERENCE_COPY_OR_PROVENANCE,C:\RSOS\Training data\F2_BR0_FULL_FINGERPRINT_RECOVERY,PHASE8B_R2
C:\RSOS\Training data\F2_BR0_FULL_FINGERPRINT_RECOVERY\01_CANONICAL_INPUTS\F1_DEV_R5_V12_SPECIFICITY_OPERATOR\01_GRAPH_SPECIFICITY\MATCHED_NONISOMORPHIC_GRAPH_CONTROLS.parquet,MATCHED_NONISOMORPHIC_GRAPH_CONTROLS.parquet,.parquet,117911,2026-09-11T22:07:25.9036638Z,2026-09-11T18:05:07.2294843Z,OTHER_SOURCE,PRIMARY_OR_UNRESOLVED,NOT_YET_COPIED,EXP-012,CAN-F2-B,True,False,False,True,False,,00_CONTROL,REFERENCE_COPY_OR_PROVENANCE,C:\RSOS\Training data\F2_BR0_FULL_FINGERPRINT_RECOVERY,PHASE8B_R2
C:\RSOS\Training data\F2_BR0_FULL_FINGERPRINT_RECOVERY\01_CANONICAL_INPUTS\F1_DEV_R5_V12_SPECIFICITY_OPERATOR\02_OPERATOR_SPECIFICITY\ALTERNATIVE_OPERATOR_CONTROLS.parquet,ALTERNATIVE_OPERATOR_CONTROLS.parquet,.parquet,430213,2026-09-11T22:07:25.9076824Z,2026-09-11T18:05:32.2569266Z,OTHER_SOURCE,PRIMARY_OR_UNRESOLVED,NOT_YET_COPIED,EXP-012,CAN-F2-B,True,False,False,True,False,,00_CONTROL,REFERENCE_COPY_OR_PROVENANCE,C:\RSOS\Training data\F2_BR0_FULL_FINGERPRINT_RECOVERY,PHASE8B_R2
C:\RSOS\Training data\F2_BR0_FULL_FINGERPRINT_RECOVERY\01_CANONICAL_INPUTS\F1_DEV_R5_V12_SPECIFICITY_OPERATOR\02_OPERATOR_SPECIFICITY\OPERATOR_SIGNATURE_COLLISIONS.csv,OPERATOR_SIGNATURE_COLLISIONS.csv,.csv,362,2026-09-11T22:07:25.9106598Z,2026-09-11T18:05:32.2960383Z,OTHER_SOURCE,PRIMARY_OR_UNRESOLVED,NOT_YET_COPIED,EXP-012,CAN-F2-B,True,False,False,True,False,,UNCLASSIFIED,REFERENCE_COPY_OR_PROVENANCE,C:\RSOS\Training data\F2_BR0_FULL_FINGERPRINT_RECOVERY,PHASE8B_R2
C:\RSOS\Training data\F2_BR0_FULL_FINGERPRINT_RECOVERY\01_CANONICAL_INPUTS\F1_DEV_R5_V12_SPECIFICITY_OPERATOR\02_OPERATOR_SPECIFICITY\OPERATOR_SPECIFICITY_SUMMARY.csv,OPERATOR_SPECIFICITY_SUMMARY.csv,.csv,226,2026-09-11T22:07:25.9126615Z,2026-09-11T18:05:32.3018577Z,RESULT_OR_OUTPUT,PRIMARY_OR_UNRESOLVED,NOT_YET_COPIED,EXP-012,CAN-F2-B,True,False,False,True,False,,05_OUTPUTS,REFERENCE_COPY_OR_PROVENANCE,C:\RSOS\Training data\F2_BR0_FULL_FINGERPRINT_RECOVERY,PHASE8B_R2
C:\RSOS\Training data\F2_BR0_FULL_FINGERPRINT_RECOVERY\01_CANONICAL_INPUTS\F1_DEV_R5_V12_SPECIFICITY_OPERATOR\03_COMBINED_COLLISION\COMBINED_ADVERSARIAL_CONTROLS.parquet,COMBINED_ADVERSARIAL_CONTROLS.parquet,.parquet,546420,2026-09-11T22:07:25.9156781Z,2026-09-11T18:06:57.3442985Z,OTHER_SOURCE,PRIMARY_OR_UNRESOLVED,NOT_YET_COPIED,EXP-012,CAN-F2-B,True,False,False,True,False,,00_CONTROL,REFERENCE_COPY_OR_PROVENANCE,C:\RSOS\Training data\F2_BR0_FULL_FINGERPRINT_RECOVERY,PHASE8B_R2
C:\RSOS\Training data\F2_BR0_FULL_FINGERPRINT_RECOVERY\01_CANONICAL_INPUTS\F1_DEV_R5_V12_SPECIFICITY_OPERATOR\03_COMBINED_COLLISION\COMBINED_SIGNATURE_COLLISIONS.csv,COMBINED_SIGNATURE_COLLISIONS.csv,.csv,362,2026-09-11T22:07:25.9196546Z,2026-09-11T18:06:57.4150636Z,OTHER_SOURCE,PRIMARY_OR_UNRESOLVED,NOT_YET_COPIED,EXP-012,CAN-F2-B,True,False,False,True,False,,UNCLASSIFIED,REFERENCE_COPY_OR_PROVENANCE,C:\RSOS\Training data\F2_BR0_FULL_FINGERPRINT_RECOVERY,PHASE8B_R2
C:\RSOS\Training data\F2_BR0_FULL_FINGERPRINT_RECOVERY\01_CANONICAL_INPUTS\F1_DEV_R5_V12_SPECIFICITY_OPERATOR\03_COMBINED_COLLISION\COMBINED_SPECIFICITY_SUMMARY.csv,COMBINED_SPECIFICITY_SUMMARY.csv,.csv,223,2026-09-11T22:07:25.9206540Z,2026-09-11T18:06:57.4240802Z,RESULT_OR_OUTPUT,PRIMARY_OR_UNRESOLVED,NOT_YET_COPIED,EXP-012,CAN-F2-B,True,False,False,True,False,,05_OUTPUTS,REFERENCE_COPY_OR_PROVENANCE,C:\RSOS\Training data\F2_BR0_FULL_FINGERPRINT_RECOVERY,PHASE8B_R2
C:\RSOS\Training data\F2_BR0_FULL_FINGERPRINT_RECOVERY\01_CANONICAL_INPUTS\F1_DEV_R5_V12_SPECIFICITY_OPERATOR\04_ADVERSARIAL_NEAREST_CONTROLS\TOP100_NEAREST_COMBINED_CONTROLS.csv,TOP100_NEAREST_COMBINED_CONTROLS.csv,.csv,39032,2026-09-11T22:07:25.9236544Z,2026-09-11T18:06:57.4578283Z,OTHER_SOURCE,PRIMARY_OR_UNRESOLVED,NOT_YET_COPIED,EXP-012,CAN-F2-B,True,False,False,True,False,,00_CONTROL,REFERENCE_COPY_OR_PROVENANCE,C:\RSOS\Training data\F2_BR0_FULL_FINGERPRINT_RECOVERY,PHASE8B_R2
C:\RSOS\Training data\F2_BR0_FULL_FINGERPRINT_RECOVERY\01_CANONICAL_INPUTS\F1_DEV_R5_V12_SPECIFICITY_OPERATOR\04_ADVERSARIAL_NEAREST_CONTROLS\TOP100_NEAREST_GRAPH_CONTROLS.csv,TOP100_NEAREST_GRAPH_CONTROLS.csv,.csv,30821,2026-09-11T22:07:25.9256505Z,2026-09-11T18:06:57.4406464Z,OTHER_SOURCE,PRIMARY_OR_UNRESOLVED,NOT_YET_COPIED,EXP-012,CAN-F2-B,True,False,False,True,False,,00_CONTROL,REFERENCE_COPY_OR_PROVENANCE,C:\RSOS\Training data\F2_BR0_FULL_FINGERPRINT_RECOVERY,PHASE8B_R2
C:\RSOS\Training data\F2_BR0_FULL_FINGERPRINT_RECOVERY\01_CANONICAL_INPUTS\F1_DEV_R5_V12_SPECIFICITY_OPERATOR\04_ADVERSARIAL_NEAREST_CONTROLS\TOP100_NEAREST_OPERATOR_CONTROLS.csv,TOP100_NEAREST_OPERATOR_CONTROLS.csv,.csv,19392,2026-09-11T22:07:25.9286497Z,2026-09-11T18:06:57.4506518Z,OTHER_SOURCE,PRIMARY_OR_UNRESOLVED,NOT_YET_COPIED,EXP-012,CAN-F2-B,True,False,False,True,False,,00_CONTROL,REFERENCE_COPY_OR_PROVENANCE,C:\RSOS\Training data\F2_BR0_FULL_FINGERPRINT_RECOVERY,PHASE8B_R2
C:\RSOS\Training data\F2_BR0_FULL_FINGERPRINT_RECOVERY\01_CANONICAL_INPUTS\F1_DEV_R5_V12_SPECIFICITY_OPERATOR\05_NO_SILENT_OMISSION\NO_SILENT_OMISSION_LEDGER.csv,NO_SILENT_OMISSION_LEDGER.csv,.csv,1408,2026-09-11T22:07:25.9306485Z,2026-09-11T18:06:57.4618037Z,OTHER_SOURCE,PRIMARY_OR_UNRESOLVED,NOT_YET_COPIED,EXP-012,CAN-F2-B,True,False,False,True,False,,UNCLASSIFIED,REFERENCE_COPY_OR_PROVENANCE,C:\RSOS\Training data\F2_BR0_FULL_FINGERPRINT_RECOVERY,PHASE8B_R2
C:\RSOS\Training data\F2_BR0_FULL_FINGERPRINT_RECOVERY\01_CANONICAL_INPUTS\F1_DEV_R5_V12_SPECIFICITY_OPERATOR\F1_DEV_R5_COMPLETE.marker,F1_DEV_R5_COMPLETE.marker,.marker,136,2026-09-11T22:07:25.8735152Z,2026-09-11T18:06:57.7817397Z,AUTHORITY_OR_FREEZE,PRIMARY_OR_UNRESOLVED,NOT_YET_COPIED,EXP-012,CAN-F2-B,True,False,False,True,False,,09_FREEZE,REFERENCE_COPY_OR_PROVENANCE,C:\RSOS\Training data\F2_BR0_FULL_FINGERPRINT_RECOVERY,PHASE8B_R2
C:\RSOS\Training data\F2_BR0_FULL_FINGERPRINT_RECOVERY\01_CANONICAL_INPUTS\F1_DEV_R5_V12_SPECIFICITY_OPERATOR\F1_DEV_R5_V12_SPECIFICITY_OPERATOR_COMPLETE.zip,F1_DEV_R5_V12_SPECIFICITY_OPERATOR_COMPLETE.zip,.zip,1081086,2026-09-11T22:07:25.8745292Z,2026-09-11T18:06:59.8344526Z,AUTHORITY_OR_FREEZE,PRIMARY_OR_UNRESOLVED,NOT_YET_COPIED,EXP-012,CAN-F2-B,True,False,False,True,False,,09_FREEZE,REFERENCE_COPY_OR_PROVENANCE,C:\RSOS\Training data\F2_BR0_FULL_FINGERPRINT_RECOVERY,PHASE8B_R2
C:\RSOS\Training data\F2_BR0_FULL_FINGERPRINT_RECOVERY\01_CANONICAL_INPUTS\F1_DEV_R5_V12_SPECIFICITY_OPERATOR\F1_DEV_R5_V12_SPECIFICITY_OPERATOR_RUNNER.zip,F1_DEV_R5_V12_SPECIFICITY_OPERATOR_RUNNER.zip,.zip,7831,2026-09-11T22:07:25.8765294Z,2026-09-11T18:04:13.2886943Z,OTHER_SOURCE,PRIMARY_OR_UNRESOLVED,NOT_YET_COPIED,EXP-012,CAN-F2-B,True,False,False,True,False,,08_PACKAGE,REFERENCE_COPY_OR_PROVENANCE,C:\RSOS\Training data\F2_BR0_FULL_FINGERPRINT_RECOVERY,PHASE8B_R2
C:\RSOS\Training data\F2_BR0_FULL_FINGERPRINT_RECOVERY\01_CANONICAL_INPUTS\F1_DEV_R5_V12_SPECIFICITY_OPERATOR\RUN_F1_DEV_R5_V12_SPECIFICITY_OPERATOR.py,RUN_F1_DEV_R5_V12_SPECIFICITY_OPERATOR.py,.py,24155,2026-09-11T22:07:25.8816759Z,2026-09-11T15:02:56.0000000Z,RUNNER,PRIMARY_OR_UNRESOLVED,NOT_YET_COPIED,EXP-012,CAN-F2-B,True,False,False,True,False,,03_RUNNER,REFERENCE_COPY_OR_PROVENANCE,C:\RSOS\Training data\F2_BR0_FULL_FINGERPRINT_RECOVERY,PHASE8B_R2
C:\RSOS\Training data\F2_BR0_FULL_FINGERPRINT_RECOVERY\01_CANONICAL_INPUTS\F1_DEV_R5_V12_SPECIFICITY_OPERATOR\RUN_F1_DEV_R5_V12_SPECIFICITY_OPERATOR.ps1,RUN_F1_DEV_R5_V12_SPECIFICITY_OPERATOR.ps1,.ps1,1924,2026-09-11T22:07:25.8806796Z,2026-09-11T15:02:56.0000000Z,RUNNER,PRIMARY_OR_UNRESOLVED,NOT_YET_COPIED,EXP-012,CAN-F2-B,True,False,False,True,False,,03_RUNNER,REFERENCE_COPY_OR_PROVENANCE,C:\RSOS\Training data\F2_BR0_FULL_FINGERPRINT_RECOVERY,PHASE8B_R2
C:\RSOS\Training data\F2_BR0_FULL_FINGERPRINT_RECOVERY\01_CANONICAL_INPUTS\V11_OPENAI_RELATIONAL_GRAPH_FINGERPRINT_FINAL\00_FROZEN_RUNNER.py,00_FROZEN_RUNNER.py,.py,88547,2026-09-11T22:07:23.8618363Z,2026-09-11T00:59:48.6035100Z,AUTHORITY_OR_FREEZE|RUNNER,PRIMARY_OR_UNRESOLVED,NOT_YET_COPIED,EXP-012,CAN-F2-B,True,False,False,True,False,,09_FREEZE,REFERENCE_COPY_OR_PROVENANCE,C:\RSOS\Training data\F2_BR0_FULL_FINGERPRINT_RECOVERY,PHASE8B_R2
C:\RSOS\Training data\F2_BR0_FULL_FINGERPRINT_RECOVERY\01_CANONICAL_INPUTS\V11_OPENAI_RELATIONAL_GRAPH_FINGERPRINT_FINAL\00_RUNNER_SHA256.txt,00_RUNNER_SHA256.txt,.txt,66,2026-09-11T22:07:23.8638364Z,2026-09-11T00:59:48.6035100Z,OTHER_SOURCE,PRIMARY_OR_UNRESOLVED,NOT_YET_COPIED,EXP-012,CAN-F2-B,True,False,False,True,False,,09_FREEZE,REFERENCE_COPY_OR_PROVENANCE,C:\RSOS\Training data\F2_BR0_FULL_FINGERPRINT_RECOVERY,PHASE8B_R2
C:\RSOS\Training data\F2_BR0_FULL_FINGERPRINT_RECOVERY\01_CANONICAL_INPUTS\V11_OPENAI_RELATIONAL_GRAPH_FINGERPRINT_FINAL\00A_VALID_TEXT_COMPLETENESS.json,00A_VALID_TEXT_COMPLETENESS.json,.json,122,2026-09-11T22:07:23.8608376Z,2026-09-11T02:42:32.4459267Z,AUTHORITY_OR_FREEZE,PRIMARY_OR_UNRESOLVED,NOT_YET_COPIED,EXP-012,CAN-F2-B,True,False,False,True,False,,09_FREEZE,REFERENCE_COPY_OR_PROVENANCE,C:\RSOS\Training data\F2_BR0_FULL_FINGERPRINT_RECOVERY,PHASE8B_R2
C:\RSOS\Training data\F2_BR0_FULL_FINGERPRINT_RECOVERY\01_CANONICAL_INPUTS\V11_OPENAI_RELATIONAL_GRAPH_FINGERPRINT_FINAL\01_RAW_RESPONSES.jsonl,01_RAW_RESPONSES.jsonl,.jsonl,3082210,2026-09-11T22:07:23.8658347Z,2026-09-11T02:42:32.1322509Z,OTHER_SOURCE,PRIMARY_OR_UNRESOLVED,NOT_YET_COPIED,EXP-012,CAN-F2-B,True,False,False,True,False,,04_RAW,REFERENCE_COPY_OR_PROVENANCE,C:\RSOS\Training data\F2_BR0_FULL_FINGERPRINT_RECOVERY,PHASE8B_R2
C:\RSOS\Training data\F2_BR0_FULL_FINGERPRINT_RECOVERY\01_CANONICAL_INPUTS\V11_OPENAI_RELATIONAL_GRAPH_FINGERPRINT_FINAL\02_ERRORS.jsonl,02_ERRORS.jsonl,.jsonl,0,2026-09-11T22:07:23.8887592Z,2026-09-11T00:59:58.3860923Z,OTHER_SOURCE,PRIMARY_OR_UNRESOLVED,NOT_YET_COPIED,EXP-012,CAN-F2-B,True,False,False,True,False,,06_DIAGNOSTIC,REFERENCE_COPY_OR_PROVENANCE,C:\RSOS\Training data\F2_BR0_FULL_FINGERPRINT_RECOVERY,PHASE8B_R2
C:\RSOS\Training data\F2_BR0_FULL_FINGERPRINT_RECOVERY\01_CANONICAL_INPUTS\V11_OPENAI_RELATIONAL_GRAPH_FINGERPRINT_FINAL\03_FROZEN_SPECIFICATION.json,03_FROZEN_SPECIFICATION.json,.json,2047,2026-09-11T22:07:23.8897543Z,2026-09-11T00:59:48.7545719Z,AUTHORITY_OR_FREEZE|PROTOCOL_OR_METHOD,PRIMARY_OR_UNRESOLVED,NOT_YET_COPIED,EXP-012,CAN-F2-B,True,False,False,True,False,,09_FREEZE,REFERENCE_COPY_OR_PROVENANCE,C:\RSOS\Training data\F2_BR0_FULL_FINGERPRINT_RECOVERY,PHASE8B_R2
C:\RSOS\Training data\F2_BR0_FULL_FINGERPRINT_RECOVERY\01_CANONICAL_INPUTS\V11_OPENAI_RELATIONAL_GRAPH_FINGERPRINT_FINAL\04_FROZEN_SPECIFICATION_SHA256.txt,04_FROZEN_SPECIFICATION_SHA256.txt,.txt,66,2026-09-11T22:07:23.8917552Z,2026-09-11T00:59:48.7545719Z,AUTHORITY_OR_FREEZE|PROTOCOL_OR_METHOD,PRIMARY_OR_UNRESOLVED,NOT_YET_COPIED,EXP-012,CAN-F2-B,True,False,False,True,False,,09_FREEZE,REFERENCE_COPY_OR_PROVENANCE,C:\RSOS\Training data\F2_BR0_FULL_FINGERPRINT_RECOVERY,PHASE8B_R2
C:\RSOS\Training data\F2_BR0_FULL_FINGERPRINT_RECOVERY\01_CANONICAL_INPUTS\V11_OPENAI_RELATIONAL_GRAPH_FINGERPRINT_FINAL\05_FROZEN_PROMPTS.csv,05_FROZEN_PROMPTS.csv,.csv,1652924,2026-09-11T22:07:23.8927524Z,2026-09-11T00:59:58.3523999Z,AUTHORITY_OR_FREEZE,PRIMARY_OR_UNRESOLVED,NOT_YET_COPIED,EXP-012,CAN-F2-B,True,False,False,True,False,,09_FREEZE,REFERENCE_COPY_OR_PROVENANCE,C:\RSOS\Training data\F2_BR0_FULL_FINGERPRINT_RECOVERY,PHASE8B_R2
C:\RSOS\Training data\F2_BR0_FULL_FINGERPRINT_RECOVERY\01_CANONICAL_INPUTS\V11_OPENAI_RELATIONAL_GRAPH_FINGERPRINT_FINAL\06_RESPONSE_GRAPH_FEATURES.csv,06_RESPONSE_GRAPH_FEATURES.csv,.csv,623806,2026-09-11T22:07:23.9018629Z,2026-09-11T02:42:34.7620271Z,RESULT_OR_OUTPUT,PRIMARY_OR_UNRESOLVED,NOT_YET_COPIED,EXP-012,CAN-F2-B,True,False,False,True,False,,04_RAW,REFERENCE_COPY_OR_PROVENANCE,C:\RSOS\Training data\F2_BR0_FULL_FINGERPRINT_RECOVERY,PHASE8B_R2
C:\RSOS\Training data\F2_BR0_FULL_FINGERPRINT_RECOVERY\01_CANONICAL_INPUTS\V11_OPENAI_RELATIONAL_GRAPH_FINGERPRINT_FINAL\07_SEED_LEVEL_GRAPH_VECTOR.csv,07_SEED_LEVEL_GRAPH_VECTOR.csv,.csv,241837,2026-09-11T22:07:23.9058622Z,2026-09-11T02:42:34.8979552Z,RESULT_OR_OUTPUT,PRIMARY_OR_UNRESOLVED,NOT_YET_COPIED,EXP-012,CAN-F2-B,True,False,False,True,False,,02_INPUTS,REFERENCE_COPY_OR_PROVENANCE,C:\RSOS\Training data\F2_BR0_FULL_FINGERPRINT_RECOVERY,PHASE8B_R2
C:\RSOS\Training data\F2_BR0_FULL_FINGERPRINT_RECOVERY\01_CANONICAL_INPUTS\V11_OPENAI_RELATIONAL_GRAPH_FINGERPRINT_FINAL\08_CONDITION_RESULTS.csv,08_CONDITION_RESULTS.csv,.csv,8566,2026-09-11T22:07:23.9100259Z,2026-09-11T02:42:34.9786489Z,RESULT_OR_OUTPUT,PRIMARY_OR_UNRESOLVED,NOT_YET_COPIED,EXP-012,CAN-F2-B,True,False,False,True,False,,05_OUTPUTS,REFERENCE_COPY_OR_PROVENANCE,C:\RSOS\Training data\F2_BR0_FULL_FINGERPRINT_RECOVERY,PHASE8B_R2
C:\RSOS\Training data\F2_BR0_FULL_FINGERPRINT_RECOVERY\01_CANONICAL_INPUTS\V11_OPENAI_RELATIONAL_GRAPH_FINGERPRINT_FINAL\14_CONTROL_MATCH_AUDIT.csv,14_CONTROL_MATCH_AUDIT.csv,.csv,92090,2026-09-11T22:07:23.9110049Z,2026-09-11T00:59:58.3860923Z,OTHER_SOURCE,PRIMARY_OR_UNRESOLVED,NOT_YET_COPIED,EXP-012,CAN-F2-B,True,False,False,True,False,,00_CONTROL,REFERENCE_COPY_OR_PROVENANCE,C:\RSOS\Training data\F2_BR0_FULL_FINGERPRINT_RECOVERY,PHASE8B_R2
C:\RSOS\Training data\F2_BR0_FULL_FINGERPRINT_RECOVERY\01_CANONICAL_INPUTS\V11_OPENAI_RELATIONAL_GRAPH_FINGERPRINT_FINAL\15_MISSING_CELLS.csv,15_MISSING_CELLS.csv,.csv,10,2026-09-11T22:07:23.9140027Z,2026-09-11T02:42:32.4459267Z,OTHER_SOURCE,PRIMARY_OR_UNRESOLVED,NOT_YET_COPIED,EXP-012,CAN-F2-B,True,False,False,True,False,,04_RAW,REFERENCE_COPY_OR_PROVENANCE,C:\RSOS\Training data\F2_BR0_FULL_FINGERPRINT_RECOVERY,PHASE8B_R2
C:\RSOS\Training data\F2_BR0_FULL_FINGERPRINT_RECOVERY\01_CANONICAL_INPUTS\V11_OPENAI_RELATIONAL_GRAPH_FINGERPRINT_FINAL\17_RAW_API_OBJECTS.jsonl.gz,17_RAW_API_OBJECTS.jsonl.gz,.gz,349792,2026-09-11T22:07:23.9150025Z,2026-09-11T02:42:32.1322509Z,OTHER_SOURCE,PRIMARY_OR_UNRESOLVED,NOT_YET_COPIED,EXP-012,CAN-F2-B,True,False,False,True,False,,04_RAW,REFERENCE_COPY_OR_PROVENANCE,C:\RSOS\Training data\F2_BR0_FULL_FINGERPRINT_RECOVERY,PHASE8B_R2
C:\RSOS\Training data\F2_BR0_FULL_FINGERPRINT_RECOVERY\01_CANONICAL_INPUTS\V11_OPENAI_RELATIONAL_GRAPH_FINGERPRINT_FINAL\19_SOURCE_PROVENANCE.csv,19_SOURCE_PROVENANCE.csv,.csv,5086,2026-09-11T22:07:23.9200005Z,2026-09-11T00:59:48.7545719Z,OTHER_SOURCE,PRIMARY_OR_UNRESOLVED,NOT_YET_COPIED,EXP-012,CAN-F2-B,True,False,False,True,False,,02_INPUTS,REFERENCE_COPY_OR_PROVENANCE,C:\RSOS\Training data\F2_BR0_FULL_FINGERPRINT_RECOVERY,PHASE8B_R2
C:\RSOS\Training data\F2_BR0_FULL_FINGERPRINT_RECOVERY\01_CANONICAL_INPUTS\V12_RELATIONAL_TOPOLOGY_CAUSAL_MAP_CLEAN\00_FROZEN_RUNNER.py,00_FROZEN_RUNNER.py,.py,140124,2026-09-11T22:07:23.9342583Z,2026-09-11T14:43:02.7208554Z,AUTHORITY_OR_FREEZE|RUNNER,PRIMARY_OR_UNRESOLVED,NOT_YET_COPIED,EXP-012,CAN-F2-B,True,False,False,True,True,EXP-009:CAN-V12-TOPOLOGY,09_FREEZE,REFERENCE_COPY_OR_PROVENANCE,C:\RSOS\Training data\F2_BR0_FULL_FINGERPRINT_RECOVERY,PHASE8B_R2
C:\RSOS\Training data\F2_BR0_FULL_FINGERPRINT_RECOVERY\01_CANONICAL_INPUTS\V12_RELATIONAL_TOPOLOGY_CAUSAL_MAP_CLEAN\00_RUNNER_SHA256.txt,00_RUNNER_SHA256.txt,.txt,66,2026-09-11T22:07:23.9372546Z,2026-09-11T14:43:02.7208554Z,OTHER_SOURCE,PRIMARY_OR_UNRESOLVED,NOT_YET_COPIED,EXP-012,CAN-F2-B,True,False,False,True,True,EXP-009:CAN-V12-TOPOLOGY,09_FREEZE,REFERENCE_COPY_OR_PROVENANCE,C:\RSOS\Training data\F2_BR0_FULL_FINGERPRINT_RECOVERY,PHASE8B_R2
C:\RSOS\Training data\F2_BR0_FULL_FINGERPRINT_RECOVERY\01_CANONICAL_INPUTS\V12_RELATIONAL_TOPOLOGY_CAUSAL_MAP_CLEAN\00B_SMOKE_TEST.json,00B_SMOKE_TEST.json,.json,1273,2026-09-11T22:07:23.9286662Z,2026-09-11T14:44:32.2252498Z,OTHER_SOURCE,PRIMARY_OR_UNRESOLVED,NOT_YET_COPIED,EXP-012,CAN-F2-B,True,False,False,True,True,EXP-009:CAN-V12-TOPOLOGY,UNCLASSIFIED,REFERENCE_COPY_OR_PROVENANCE,C:\RSOS\Training data\F2_BR0_FULL_FINGERPRINT_RECOVERY,PHASE8B_R2
C:\RSOS\Training data\F2_BR0_FULL_FINGERPRINT_RECOVERY\01_CANONICAL_INPUTS\V12_RELATIONAL_TOPOLOGY_CAUSAL_MAP_CLEAN\00D_PREFLIGHT_SUMMARY.json,00D_PREFLIGHT_SUMMARY.json,.json,194,2026-09-11T22:07:23.9302585Z,2026-09-11T14:43:42.7326041Z,RESULT_OR_OUTPUT,PRIMARY_OR_UNRESOLVED,NOT_YET_COPIED,EXP-012,CAN-F2-B,True,False,False,True,True,EXP-009:CAN-V12-TOPOLOGY,05_OUTPUTS,REFERENCE_COPY_OR_PROVENANCE,C:\RSOS\Training data\F2_BR0_FULL_FINGERPRINT_RECOVERY,PHASE8B_R2
C:\RSOS\Training data\F2_BR0_FULL_FINGERPRINT_RECOVERY\01_CANONICAL_INPUTS\V12_RELATIONAL_TOPOLOGY_CAUSAL_MAP_CLEAN\00E_ANALYSIS_SELFTEST.json,00E_ANALYSIS_SELFTEST.json,.json,1785,2026-09-11T22:07:23.9312590Z,2026-09-11T14:42:57.7587061Z,OTHER_SOURCE,PRIMARY_OR_UNRESOLVED,NOT_YET_COPIED,EXP-012,CAN-F2-B,True,False,False,True,True,EXP-009:CAN-V12-TOPOLOGY,UNCLASSIFIED,REFERENCE_COPY_OR_PROVENANCE,C:\RSOS\Training data\F2_BR0_FULL_FINGERPRINT_RECOVERY,PHASE8B_R2
C:\RSOS\Training data\F2_BR0_FULL_FINGERPRINT_RECOVERY\01_CANONICAL_INPUTS\V12_RELATIONAL_TOPOLOGY_CAUSAL_MAP_CLEAN\03_FROZEN_SPECIFICATION.json,03_FROZEN_SPECIFICATION.json,.json,4968,2026-09-11T22:07:23.9392525Z,2026-09-11T14:43:02.7208554Z,AUTHORITY_OR_FREEZE|PROTOCOL_OR_METHOD,PRIMARY_OR_UNRESOLVED,NOT_YET_COPIED,EXP-012,CAN-F2-B,True,False,False,True,True,EXP-009:CAN-V12-TOPOLOGY,09_FREEZE,REFERENCE_COPY_OR_PROVENANCE,C:\RSOS\Training data\F2_BR0_FULL_FINGERPRINT_RECOVERY,PHASE8B_R2
C:\RSOS\Training data\F2_BR0_FULL_FINGERPRINT_RECOVERY\01_CANONICAL_INPUTS\V12_RELATIONAL_TOPOLOGY_CAUSAL_MAP_CLEAN\04_FROZEN_SPECIFICATION_SHA256.txt,04_FROZEN_SPECIFICATION_SHA256.txt,.txt,66,2026-09-11T22:07:23.9412515Z,2026-09-11T14:43:02.7208554Z,AUTHORITY_OR_FREEZE|PROTOCOL_OR_METHOD,PRIMARY_OR_UNRESOLVED,NOT_YET_COPIED,EXP-012,CAN-F2-B,True,False,False,True,True,EXP-009:CAN-V12-TOPOLOGY,09_FREEZE,REFERENCE_COPY_OR_PROVENANCE,C:\RSOS\Training data\F2_BR0_FULL_FINGERPRINT_RECOVERY,PHASE8B_R2
C:\RSOS\Training data\F2_BR0_FULL_FINGERPRINT_RECOVERY\01_CANONICAL_INPUTS\V12_RELATIONAL_TOPOLOGY_CAUSAL_MAP_CLEAN\05_FROZEN_PROMPTS.csv,05_FROZEN_PROMPTS.csv,.csv,7673196,2026-09-11T22:07:23.9432533Z,2026-09-11T14:43:42.7012570Z,AUTHORITY_OR_FREEZE,PRIMARY_OR_UNRESOLVED,NOT_YET_COPIED,EXP-012,CAN-F2-B,True,False,False,True,True,EXP-009:CAN-V12-TOPOLOGY,09_FREEZE,REFERENCE_COPY_OR_PROVENANCE,C:\RSOS\Training data\F2_BR0_FULL_FINGERPRINT_RECOVERY,PHASE8B_R2
C:\RSOS\Training data\F2_BR0_FULL_FINGERPRINT_RECOVERY\01_CANONICAL_INPUTS\V12_RELATIONAL_TOPOLOGY_CAUSAL_MAP_CLEAN\14_CONTROL_MATCH_AUDIT.csv,14_CONTROL_MATCH_AUDIT.csv,.csv,155653,2026-09-11T22:07:23.9902338Z,2026-09-11T14:43:42.7246093Z,OTHER_SOURCE,PRIMARY_OR_UNRESOLVED,NOT_YET_COPIED,EXP-012,CAN-F2-B,True,False,False,True,True,EXP-009:CAN-V12-TOPOLOGY,00_CONTROL,REFERENCE_COPY_OR_PROVENANCE,C:\RSOS\Training data\F2_BR0_FULL_FINGERPRINT_RECOVERY,PHASE8B_R2
C:\RSOS\Training data\F2_BR0_FULL_FINGERPRINT_RECOVERY\01_CANONICAL_INPUTS\V12_RELATIONAL_TOPOLOGY_CAUSAL_MAP_CLEAN\19_SOURCE_PROVENANCE.csv,19_SOURCE_PROVENANCE.csv,.csv,106,2026-09-11T22:07:23.9922132Z,2026-09-11T14:43:02.7208554Z,OTHER_SOURCE,PRIMARY_OR_UNRESOLVED,NOT_YET_COPIED,EXP-012,CAN-F2-B,True,False,False,True,True,EXP-009:CAN-V12-TOPOLOGY,02_INPUTS,REFERENCE_COPY_OR_PROVENANCE,C:\RSOS\Training data\F2_BR0_FULL_FINGERPRINT_RECOVERY,PHASE8B_R2
C:\RSOS\Training data\F2_BR0_FULL_FINGERPRINT_RECOVERY\01_CANONICAL_INPUTS\V12_RELATIONAL_TOPOLOGY_CAUSAL_MAP_CLEAN\26_NATIVE_FROZEN_PROMPTS.csv,26_NATIVE_FROZEN_PROMPTS.csv,.csv,165400,2026-09-11T22:07:23.9942126Z,2026-09-11T14:43:42.7316048Z,AUTHORITY_OR_FREEZE,PRIMARY_OR_UNRESOLVED,NOT_YET_COPIED,EXP-012,CAN-F2-B,True,False,False,True,True,EXP-009:CAN-V12-TOPOLOGY,09_FREEZE,REFERENCE_COPY_OR_PROVENANCE,C:\RSOS\Training data\F2_BR0_FULL_FINGERPRINT_RECOVERY,PHASE8B_R2
C:\RSOS\Training data\F2_BR0_FULL_FINGERPRINT_RECOVERY\01_CANONICAL_INPUTS\V6_CLEAN_FINGERPRINT_CONFIRMATORY_REPLICATION\00_FROZEN_RUNNER.py,00_FROZEN_RUNNER.py,.py,62743,2026-09-11T22:07:23.1879681Z,2026-09-10T22:16:38.0222926Z,AUTHORITY_OR_FREEZE|RUNNER,PRIMARY_OR_UNRESOLVED,NOT_YET_COPIED,EXP-012,CAN-F2-B,True,False,False,True,False,,09_FREEZE,REFERENCE_COPY_OR_PROVENANCE,C:\RSOS\Training data\F2_BR0_FULL_FINGERPRINT_RECOVERY,PHASE8B_R2
C:\RSOS\Training data\F2_BR0_FULL_FINGERPRINT_RECOVERY\01_CANONICAL_INPUTS\V6_CLEAN_FINGERPRINT_CONFIRMATORY_REPLICATION\00_RUNNER_SHA256.txt,00_RUNNER_SHA256.txt,.txt,66,2026-09-11T22:07:23.1899714Z,2026-09-10T22:16:55.4765777Z,OTHER_SOURCE,PRIMARY_OR_UNRESOLVED,NOT_YET_COPIED,EXP-012,CAN-F2-B,True,False,False,True,False,,09_FREEZE,REFERENCE_COPY_OR_PROVENANCE,C:\RSOS\Training data\F2_BR0_FULL_FINGERPRINT_RECOVERY,PHASE8B_R2
C:\RSOS\Training data\F2_BR0_FULL_FINGERPRINT_RECOVERY\01_CANONICAL_INPUTS\V6_CLEAN_FINGERPRINT_CONFIRMATORY_REPLICATION\00A_VALID_TEXT_COMPLETENESS.json,00A_VALID_TEXT_COMPLETENESS.json,.json,319,2026-09-11T22:07:23.1871647Z,2026-09-10T22:55:23.0680011Z,AUTHORITY_OR_FREEZE,PRIMARY_OR_UNRESOLVED,NOT_YET_COPIED,EXP-012,CAN-F2-B,True,False,False,True,False,,09_FREEZE,REFERENCE_COPY_OR_PROVENANCE,C:\RSOS\Training data\F2_BR0_FULL_FINGERPRINT_RECOVERY,PHASE8B_R2
C:\RSOS\Training data\F2_BR0_FULL_FINGERPRINT_RECOVERY\01_CANONICAL_INPUTS\V6_CLEAN_FINGERPRINT_CONFIRMATORY_REPLICATION\01_RAW_RESPONSES.jsonl,01_RAW_RESPONSES.jsonl,.jsonl,12484086,2026-09-11T22:07:23.1939705Z,2026-09-10T22:52:48.8083315Z,OTHER_SOURCE,PRIMARY_OR_UNRESOLVED,NOT_YET_COPIED,EXP-012,CAN-F2-B,True,False,False,True,False,,04_RAW,REFERENCE_COPY_OR_PROVENANCE,C:\RSOS\Training data\F2_BR0_FULL_FINGERPRINT_RECOVERY,PHASE8B_R2
C:\RSOS\Training data\F2_BR0_FULL_FINGERPRINT_RECOVERY\01_CANONICAL_INPUTS\V6_CLEAN_FINGERPRINT_CONFIRMATORY_REPLICATION\03_FROZEN_SPECIFICATION.json,03_FROZEN_SPECIFICATION.json,.json,3442,2026-09-11T22:07:23.3226206Z,2026-09-10T22:16:55.4809830Z,AUTHORITY_OR_FREEZE|PROTOCOL_OR_METHOD,PRIMARY_OR_UNRESOLVED,NOT_YET_COPIED,EXP-012,CAN-F2-B,True,False,False,True,False,,09_FREEZE,REFERENCE_COPY_OR_PROVENANCE,C:\RSOS\Training data\F2_BR0_FULL_FINGERPRINT_RECOVERY,PHASE8B_R2
C:\RSOS\Training data\F2_BR0_FULL_FINGERPRINT_RECOVERY\01_CANONICAL_INPUTS\V6_CLEAN_FINGERPRINT_CONFIRMATORY_REPLICATION\04_FROZEN_SPECIFICATION_SHA256.txt,04_FROZEN_SPECIFICATION_SHA256.txt,.txt,66,2026-09-11T22:07:23.3236197Z,2026-09-10T22:16:55.4819865Z,AUTHORITY_OR_FREEZE|PROTOCOL_OR_METHOD,PRIMARY_OR_UNRESOLVED,NOT_YET_COPIED,EXP-012,CAN-F2-B,True,False,False,True,False,,09_FREEZE,REFERENCE_COPY_OR_PROVENANCE,C:\RSOS\Training data\F2_BR0_FULL_FINGERPRINT_RECOVERY,PHASE8B_R2
C:\RSOS\Training data\F2_BR0_FULL_FINGERPRINT_RECOVERY\01_CANONICAL_INPUTS\V6_CLEAN_FINGERPRINT_CONFIRMATORY_REPLICATION\05_FROZEN_PROMPTS.csv,05_FROZEN_PROMPTS.csv,.csv,2206537,2026-09-11T22:07:23.3246226Z,2026-09-10T22:16:55.5872521Z,AUTHORITY_OR_FREEZE,PRIMARY_OR_UNRESOLVED,NOT_YET_COPIED,EXP-012,CAN-F2-B,True,False,False,True,False,,09_FREEZE,REFERENCE_COPY_OR_PROVENANCE,C:\RSOS\Training data\F2_BR0_FULL_FINGERPRINT_RECOVERY,PHASE8B_R2
C:\RSOS\Training data\F2_BR0_FULL_FINGERPRINT_RECOVERY\01_CANONICAL_INPUTS\V6_CLEAN_FINGERPRINT_CONFIRMATORY_REPLICATION\06_RESPONSE_FEATURE_VECTOR.csv,06_RESPONSE_FEATURE_VECTOR.csv,.csv,2193136,2026-09-11T22:07:23.3360140Z,2026-09-10T22:53:09.6850305Z,RESULT_OR_OUTPUT,PRIMARY_OR_UNRESOLVED,NOT_YET_COPIED,EXP-012,CAN-F2-B,True,False,False,True,False,,04_RAW,REFERENCE_COPY_OR_PROVENANCE,C:\RSOS\Training data\F2_BR0_FULL_FINGERPRINT_RECOVERY,PHASE8B_R2
C:\RSOS\Training data\F2_BR0_FULL_FINGERPRINT_RECOVERY\01_CANONICAL_INPUTS\V6_CLEAN_FINGERPRINT_CONFIRMATORY_REPLICATION\07_SEED_LEVEL_VECTOR.csv,07_SEED_LEVEL_VECTOR.csv,.csv,320144,2026-09-11T22:07:23.3512644Z,2026-09-10T22:53:12.8508076Z,RESULT_OR_OUTPUT,PRIMARY_OR_UNRESOLVED,NOT_YET_COPIED,EXP-012,CAN-F2-B,True,False,False,True,False,,02_INPUTS,REFERENCE_COPY_OR_PROVENANCE,C:\RSOS\Training data\F2_BR0_FULL_FINGERPRINT_RECOVERY,PHASE8B_R2
C:\RSOS\Training data\F2_BR0_FULL_FINGERPRINT_RECOVERY\01_CANONICAL_INPUTS\V6_CLEAN_FINGERPRINT_CONFIRMATORY_REPLICATION\08_CONDITION_RESULTS.csv,08_CONDITION_RESULTS.csv,.csv,1794,2026-09-11T22:07:23.3552509Z,2026-09-10T22:53:12.8682565Z,RESULT_OR_OUTPUT,PRIMARY_OR_UNRESOLVED,NOT_YET_COPIED,EXP-012,CAN-F2-B,True,False,False,True,False,,05_OUTPUTS,REFERENCE_COPY_OR_PROVENANCE,C:\RSOS\Training data\F2_BR0_FULL_FINGERPRINT_RECOVERY,PHASE8B_R2
C:\RSOS\Training data\F2_BR0_FULL_FINGERPRINT_RECOVERY\01_CANONICAL_INPUTS\V6_CLEAN_FINGERPRINT_CONFIRMATORY_REPLICATION\09_COORDINATE_CONTRASTS.csv,09_COORDINATE_CONTRASTS.csv,.csv,2163,2026-09-11T22:07:23.3562500Z,2026-09-10T22:54:18.9631069Z,RESULT_OR_OUTPUT,PRIMARY_OR_UNRESOLVED,NOT_YET_COPIED,EXP-012,CAN-F2-B,True,False,False,True,False,,05_OUTPUTS,REFERENCE_COPY_OR_PROVENANCE,C:\RSOS\Training data\F2_BR0_FULL_FINGERPRINT_RECOVERY,PHASE8B_R2
C:\RSOS\Training data\F2_BR0_FULL_FINGERPRINT_RECOVERY\01_CANONICAL_INPUTS\V6_CLEAN_FINGERPRINT_CONFIRMATORY_REPLICATION\10_SPLIT_REPLICATION.csv,10_SPLIT_REPLICATION.csv,.csv,967,2026-09-11T22:07:23.3582494Z,2026-09-10T22:55:14.3859109Z,OTHER_SOURCE,PRIMARY_OR_UNRESOLVED,NOT_YET_COPIED,EXP-012,CAN-F2-B,True,False,False,True,False,,UNCLASSIFIED,REFERENCE_COPY_OR_PROVENANCE,C:\RSOS\Training data\F2_BR0_FULL_FINGERPRINT_RECOVERY,PHASE8B_R2
C:\RSOS\Training data\F2_BR0_FULL_FINGERPRINT_RECOVERY\01_CANONICAL_INPUTS\V6_CLEAN_FINGERPRINT_CONFIRMATORY_REPLICATION\11_FINGERPRINT_CLASSIFIER.csv,11_FINGERPRINT_CLASSIFIER.csv,.csv,197,2026-09-11T22:07:23.3602479Z,2026-09-10T22:55:14.7177325Z,RESULT_OR_OUTPUT,PRIMARY_OR_UNRESOLVED,NOT_YET_COPIED,EXP-012,CAN-F2-B,True,False,False,True,False,,05_OUTPUTS,REFERENCE_COPY_OR_PROVENANCE,C:\RSOS\Training data\F2_BR0_FULL_FINGERPRINT_RECOVERY,PHASE8B_R2
C:\RSOS\Training data\F2_BR0_FULL_FINGERPRINT_RECOVERY\01_CANONICAL_INPUTS\V6_CLEAN_FINGERPRINT_CONFIRMATORY_REPLICATION\12_HELDOUT_GENERALIZATION.csv,12_HELDOUT_GENERALIZATION.csv,.csv,104,2026-09-11T22:07:23.3612685Z,2026-09-10T22:55:18.9154648Z,OTHER_SOURCE,PRIMARY_OR_UNRESOLVED,NOT_YET_COPIED,EXP-012,CAN-F2-B,True,False,False,True,False,,UNCLASSIFIED,REFERENCE_COPY_OR_PROVENANCE,C:\RSOS\Training data\F2_BR0_FULL_FINGERPRINT_RECOVERY,PHASE8B_R2
C:\RSOS\Training data\F2_BR0_FULL_FINGERPRINT_RECOVERY\01_CANONICAL_INPUTS\V6_CLEAN_FINGERPRINT_CONFIRMATORY_REPLICATION\14_ABLATION_GRADIENT.csv,14_ABLATION_GRADIENT.csv,.csv,475,2026-09-11T22:07:23.3642453Z,2026-09-10T22:55:18.9363704Z,OTHER_SOURCE,PRIMARY_OR_UNRESOLVED,NOT_YET_COPIED,EXP-012,CAN-F2-B,True,False,False,True,False,,UNCLASSIFIED,REFERENCE_COPY_OR_PROVENANCE,C:\RSOS\Training data\F2_BR0_FULL_FINGERPRINT_RECOVERY,PHASE8B_R2
C:\RSOS\Training data\F2_BR0_FULL_FINGERPRINT_RECOVERY\01_CANONICAL_INPUTS\V6_CLEAN_FINGERPRINT_CONFIRMATORY_REPLICATION\15_MISSING_CELLS.csv,15_MISSING_CELLS.csv,.csv,29,2026-09-11T22:07:23.3652478Z,2026-09-10T22:52:49.0870128Z,OTHER_SOURCE,PRIMARY_OR_UNRESOLVED,NOT_YET_COPIED,EXP-012,CAN-F2-B,True,False,False,True,False,,04_RAW,REFERENCE_COPY_OR_PROVENANCE,C:\RSOS\Training data\F2_BR0_FULL_FINGERPRINT_RECOVERY,PHASE8B_R2
C:\RSOS\Training data\F2_BR0_FULL_FINGERPRINT_RECOVERY\01_CANONICAL_INPUTS\V6_CLEAN_FINGERPRINT_CONFIRMATORY_REPLICATION\16_FINAL_SUMMARY.json,16_FINAL_SUMMARY.json,.json,20734,2026-09-11T22:07:23.3682643Z,2026-09-10T22:55:18.9363704Z,AUTHORITY_OR_FREEZE|RESULT_OR_OUTPUT,PRIMARY_OR_UNRESOLVED,NOT_YET_COPIED,EXP-012,CAN-F2-B,True,False,False,True,False,,05_OUTPUTS,REFERENCE_COPY_OR_PROVENANCE,C:\RSOS\Training data\F2_BR0_FULL_FINGERPRINT_RECOVERY,PHASE8B_R2
C:\RSOS\Training data\F2_BR0_FULL_FINGERPRINT_RECOVERY\01_CANONICAL_INPUTS\V6_STRUCTURAL_FINGERPRINT_VECTOR\00_FROZEN_RUNNER.py,00_FROZEN_RUNNER.py,.py,57396,2026-09-11T22:07:23.0194816Z,2026-09-10T20:28:30.7779288Z,AUTHORITY_OR_FREEZE|RUNNER,PRIMARY_OR_UNRESOLVED,NOT_YET_COPIED,EXP-012,CAN-F2-B,True,False,False,True,True,EXP-002:CAN-V6-STRUCTURAL,09_FREEZE,REFERENCE_COPY_OR_PROVENANCE,C:\RSOS\Training data\F2_BR0_FULL_FINGERPRINT_RECOVERY,PHASE8B_R2
C:\RSOS\Training data\F2_BR0_FULL_FINGERPRINT_RECOVERY\01_CANONICAL_INPUTS\V6_STRUCTURAL_FINGERPRINT_VECTOR\00_RUNNER_SHA256.txt,00_RUNNER_SHA256.txt,.txt,66,2026-09-11T22:07:23.0209279Z,2026-09-10T20:28:46.8139791Z,OTHER_SOURCE,PRIMARY_OR_UNRESOLVED,NOT_YET_COPIED,EXP-012,CAN-F2-B,True,False,False,True,True,EXP-002:CAN-V6-STRUCTURAL,09_FREEZE,REFERENCE_COPY_OR_PROVENANCE,C:\RSOS\Training data\F2_BR0_FULL_FINGERPRINT_RECOVERY,PHASE8B_R2
C:\RSOS\Training data\F2_BR0_FULL_FINGERPRINT_RECOVERY\01_CANONICAL_INPUTS\V6_STRUCTURAL_FINGERPRINT_VECTOR\01_RAW_RESPONSES.jsonl,01_RAW_RESPONSES.jsonl,.jsonl,6839144,2026-09-11T22:07:23.0239413Z,2026-09-10T21:18:20.0689378Z,OTHER_SOURCE,PRIMARY_OR_UNRESOLVED,NOT_YET_COPIED,EXP-012,CAN-F2-B,True,False,False,True,True,EXP-002:CAN-V6-STRUCTURAL,04_RAW,REFERENCE_COPY_OR_PROVENANCE,C:\RSOS\Training data\F2_BR0_FULL_FINGERPRINT_RECOVERY,PHASE8B_R2
C:\RSOS\Training data\F2_BR0_FULL_FINGERPRINT_RECOVERY\01_CANONICAL_INPUTS\V6_STRUCTURAL_FINGERPRINT_VECTOR\03_FROZEN_SPECIFICATION.json,03_FROZEN_SPECIFICATION.json,.json,3429,2026-09-11T22:07:23.1261261Z,2026-09-10T20:28:46.8139791Z,AUTHORITY_OR_FREEZE|PROTOCOL_OR_METHOD,PRIMARY_OR_UNRESOLVED,NOT_YET_COPIED,EXP-012,CAN-F2-B,True,False,False,True,True,EXP-002:CAN-V6-STRUCTURAL,09_FREEZE,REFERENCE_COPY_OR_PROVENANCE,C:\RSOS\Training data\F2_BR0_FULL_FINGERPRINT_RECOVERY,PHASE8B_R2
C:\RSOS\Training data\F2_BR0_FULL_FINGERPRINT_RECOVERY\01_CANONICAL_INPUTS\V6_STRUCTURAL_FINGERPRINT_VECTOR\04_FROZEN_SPECIFICATION_SHA256.txt,04_FROZEN_SPECIFICATION_SHA256.txt,.txt,66,2026-09-11T22:07:23.1281230Z,2026-09-10T20:28:46.8139791Z,AUTHORITY_OR_FREEZE|PROTOCOL_OR_METHOD,PRIMARY_OR_UNRESOLVED,NOT_YET_COPIED,EXP-012,CAN-F2-B,True,False,False,True,True,EXP-002:CAN-V6-STRUCTURAL,09_FREEZE,REFERENCE_COPY_OR_PROVENANCE,C:\RSOS\Training data\F2_BR0_FULL_FINGERPRINT_RECOVERY,PHASE8B_R2
C:\RSOS\Training data\F2_BR0_FULL_FINGERPRINT_RECOVERY\01_CANONICAL_INPUTS\V6_STRUCTURAL_FINGERPRINT_VECTOR\05_FROZEN_PROMPTS.csv,05_FROZEN_PROMPTS.csv,.csv,2206537,2026-09-11T22:07:23.1291215Z,2026-09-10T20:28:46.9081177Z,AUTHORITY_OR_FREEZE,PRIMARY_OR_UNRESOLVED,NOT_YET_COPIED,EXP-012,CAN-F2-B,True,False,False,True,True,EXP-002:CAN-V6-STRUCTURAL,09_FREEZE,REFERENCE_COPY_OR_PROVENANCE,C:\RSOS\Training data\F2_BR0_FULL_FINGERPRINT_RECOVERY,PHASE8B_R2
C:\RSOS\Training data\F2_BR0_FULL_FINGERPRINT_RECOVERY\01_CANONICAL_INPUTS\V6_STRUCTURAL_FINGERPRINT_VECTOR\06_RESPONSE_FEATURE_VECTOR.csv,06_RESPONSE_FEATURE_VECTOR.csv,.csv,2066327,2026-09-11T22:07:23.1438911Z,2026-09-10T21:18:26.1779172Z,RESULT_OR_OUTPUT,PRIMARY_OR_UNRESOLVED,NOT_YET_COPIED,EXP-012,CAN-F2-B,True,False,False,True,True,EXP-002:CAN-V6-STRUCTURAL,04_RAW,REFERENCE_COPY_OR_PROVENANCE,C:\RSOS\Training data\F2_BR0_FULL_FINGERPRINT_RECOVERY,PHASE8B_R2
C:\RSOS\Training data\F2_BR0_FULL_FINGERPRINT_RECOVERY\01_CANONICAL_INPUTS\V6_STRUCTURAL_FINGERPRINT_VECTOR\07_SEED_LEVEL_VECTOR.csv,07_SEED_LEVEL_VECTOR.csv,.csv,299087,2026-09-11T22:07:23.1577281Z,2026-09-10T21:18:28.4490987Z,RESULT_OR_OUTPUT,PRIMARY_OR_UNRESOLVED,NOT_YET_COPIED,EXP-012,CAN-F2-B,True,False,False,True,True,EXP-002:CAN-V6-STRUCTURAL,02_INPUTS,REFERENCE_COPY_OR_PROVENANCE,C:\RSOS\Training data\F2_BR0_FULL_FINGERPRINT_RECOVERY,PHASE8B_R2
C:\RSOS\Training data\F2_BR0_FULL_FINGERPRINT_RECOVERY\01_CANONICAL_INPUTS\V6_STRUCTURAL_FINGERPRINT_VECTOR\08_CONDITION_RESULTS.csv,08_CONDITION_RESULTS.csv,.csv,1765,2026-09-11T22:07:23.1654012Z,2026-09-10T21:18:28.5163752Z,RESULT_OR_OUTPUT,PRIMARY_OR_UNRESOLVED,NOT_YET_COPIED,EXP-012,CAN-F2-B,True,False,False,True,True,EXP-002:CAN-V6-STRUCTURAL,05_OUTPUTS,REFERENCE_COPY_OR_PROVENANCE,C:\RSOS\Training data\F2_BR0_FULL_FINGERPRINT_RECOVERY,PHASE8B_R2
C:\RSOS\Training data\F2_BR0_FULL_FINGERPRINT_RECOVERY\01_CANONICAL_INPUTS\V6_STRUCTURAL_FINGERPRINT_VECTOR\09_COORDINATE_CONTRASTS.csv,09_COORDINATE_CONTRASTS.csv,.csv,2283,2026-09-11T22:07:23.1667921Z,2026-09-10T21:19:24.3736497Z,RESULT_OR_OUTPUT,PRIMARY_OR_UNRESOLVED,NOT_YET_COPIED,EXP-012,CAN-F2-B,True,False,False,True,True,EXP-002:CAN-V6-STRUCTURAL,05_OUTPUTS,REFERENCE_COPY_OR_PROVENANCE,C:\RSOS\Training data\F2_BR0_FULL_FINGERPRINT_RECOVERY,PHASE8B_R2
C:\RSOS\Training data\F2_BR0_FULL_FINGERPRINT_RECOVERY\01_CANONICAL_INPUTS\V6_STRUCTURAL_FINGERPRINT_VECTOR\10_SPLIT_REPLICATION.csv,10_SPLIT_REPLICATION.csv,.csv,975,2026-09-11T22:07:23.1687949Z,2026-09-10T21:20:17.3153756Z,OTHER_SOURCE,PRIMARY_OR_UNRESOLVED,NOT_YET_COPIED,EXP-012,CAN-F2-B,True,False,False,True,True,EXP-002:CAN-V6-STRUCTURAL,UNCLASSIFIED,REFERENCE_COPY_OR_PROVENANCE,C:\RSOS\Training data\F2_BR0_FULL_FINGERPRINT_RECOVERY,PHASE8B_R2
C:\RSOS\Training data\F2_BR0_FULL_FINGERPRINT_RECOVERY\01_CANONICAL_INPUTS\V6_STRUCTURAL_FINGERPRINT_VECTOR\11_FINGERPRINT_CLASSIFIER.csv,11_FINGERPRINT_CLASSIFIER.csv,.csv,198,2026-09-11T22:07:23.1697977Z,2026-09-10T21:20:18.3356871Z,RESULT_OR_OUTPUT,PRIMARY_OR_UNRESOLVED,NOT_YET_COPIED,EXP-012,CAN-F2-B,True,False,False,True,True,EXP-002:CAN-V6-STRUCTURAL,05_OUTPUTS,REFERENCE_COPY_OR_PROVENANCE,C:\RSOS\Training data\F2_BR0_FULL_FINGERPRINT_RECOVERY,PHASE8B_R2
C:\RSOS\Training data\F2_BR0_FULL_FINGERPRINT_RECOVERY\01_CANONICAL_INPUTS\V6_STRUCTURAL_FINGERPRINT_VECTOR\12_HELDOUT_GENERALIZATION.csv,12_HELDOUT_GENERALIZATION.csv,.csv,107,2026-09-11T22:07:23.1717948Z,2026-09-10T21:20:23.3346668Z,OTHER_SOURCE,PRIMARY_OR_UNRESOLVED,NOT_YET_COPIED,EXP-012,CAN-F2-B,True,False,False,True,True,EXP-002:CAN-V6-STRUCTURAL,UNCLASSIFIED,REFERENCE_COPY_OR_PROVENANCE,C:\RSOS\Training data\F2_BR0_FULL_FINGERPRINT_RECOVERY,PHASE8B_R2
C:\RSOS\Training data\F2_BR0_FULL_FINGERPRINT_RECOVERY\01_CANONICAL_INPUTS\V6_STRUCTURAL_FINGERPRINT_VECTOR\14_ABLATION_GRADIENT.csv,14_ABLATION_GRADIENT.csv,.csv,467,2026-09-11T22:07:23.1737932Z,2026-09-10T21:20:23.3509305Z,OTHER_SOURCE,PRIMARY_OR_UNRESOLVED,NOT_YET_COPIED,EXP-012,CAN-F2-B,True,False,False,True,True,EXP-002:CAN-V6-STRUCTURAL,UNCLASSIFIED,REFERENCE_COPY_OR_PROVENANCE,C:\RSOS\Training data\F2_BR0_FULL_FINGERPRINT_RECOVERY,PHASE8B_R2
C:\RSOS\Training data\F2_BR0_FULL_FINGERPRINT_RECOVERY\01_CANONICAL_INPUTS\V6_STRUCTURAL_FINGERPRINT_VECTOR\15_MISSING_CELLS.csv,15_MISSING_CELLS.csv,.csv,29,2026-09-11T22:07:23.1757907Z,2026-09-10T21:18:20.4157851Z,OTHER_SOURCE,PRIMARY_OR_UNRESOLVED,NOT_YET_COPIED,EXP-012,CAN-F2-B,True,False,False,True,True,EXP-002:CAN-V6-STRUCTURAL,04_RAW,REFERENCE_COPY_OR_PROVENANCE,C:\RSOS\Training data\F2_BR0_FULL_FINGERPRINT_RECOVERY,PHASE8B_R2
C:\RSOS\Training data\F2_BR0_FULL_FINGERPRINT_RECOVERY\01_CANONICAL_INPUTS\V6_STRUCTURAL_FINGERPRINT_VECTOR\16_FINAL_SUMMARY.json,16_FINAL_SUMMARY.json,.json,20810,2026-09-11T22:07:23.1767903Z,2026-09-10T21:20:23.3653469Z,AUTHORITY_OR_FREEZE|RESULT_OR_OUTPUT,PRIMARY_OR_UNRESOLVED,NOT_YET_COPIED,EXP-012,CAN-F2-B,True,False,False,True,True,EXP-002:CAN-V6-STRUCTURAL,05_OUTPUTS,REFERENCE_COPY_OR_PROVENANCE,C:\RSOS\Training data\F2_BR0_FULL_FINGERPRINT_RECOVERY,PHASE8B_R2
C:\RSOS\Training data\F2_BR0_FULL_FINGERPRINT_RECOVERY\01_CANONICAL_INPUTS\V7_CROSSMODEL_DEPLOYMENT_LOCALIZATION\00_FROZEN_RUNNER.py,00_FROZEN_RUNNER.py,.py,63499,2026-09-11T22:07:23.3759665Z,2026-09-10T20:36:22.4547515Z,AUTHORITY_OR_FREEZE|RUNNER,PRIMARY_OR_UNRESOLVED,NOT_YET_COPIED,EXP-012,CAN-F2-B,True,False,False,True,True,EXP-005:CAN-V7-CROSSMODEL,09_FREEZE,REFERENCE_COPY_OR_PROVENANCE,C:\RSOS\Training data\F2_BR0_FULL_FINGERPRINT_RECOVERY,PHASE8B_R2
C:\RSOS\Training data\F2_BR0_FULL_FINGERPRINT_RECOVERY\01_CANONICAL_INPUTS\V7_CROSSMODEL_DEPLOYMENT_LOCALIZATION\00_RUNNER_SHA256.txt,00_RUNNER_SHA256.txt,.txt,66,2026-09-11T22:07:23.3783364Z,2026-09-10T20:36:26.0315166Z,OTHER_SOURCE,PRIMARY_OR_UNRESOLVED,NOT_YET_COPIED,EXP-012,CAN-F2-B,True,False,False,True,True,EXP-005:CAN-V7-CROSSMODEL,09_FREEZE,REFERENCE_COPY_OR_PROVENANCE,C:\RSOS\Training data\F2_BR0_FULL_FINGERPRINT_RECOVERY,PHASE8B_R2
C:\RSOS\Training data\F2_BR0_FULL_FINGERPRINT_RECOVERY\01_CANONICAL_INPUTS\V7_CROSSMODEL_DEPLOYMENT_LOCALIZATION\01_RAW_RESPONSES.jsonl,01_RAW_RESPONSES.jsonl,.jsonl,7815317,2026-09-11T22:07:23.3803341Z,2026-09-10T21:33:28.0063392Z,OTHER_SOURCE,PRIMARY_OR_UNRESOLVED,NOT_YET_COPIED,EXP-012,CAN-F2-B,True,False,False,True,True,EXP-005:CAN-V7-CROSSMODEL,04_RAW,REFERENCE_COPY_OR_PROVENANCE,C:\RSOS\Training data\F2_BR0_FULL_FINGERPRINT_RECOVERY,PHASE8B_R2
C:\RSOS\Training data\F2_BR0_FULL_FINGERPRINT_RECOVERY\01_CANONICAL_INPUTS\V7_CROSSMODEL_DEPLOYMENT_LOCALIZATION\03_FROZEN_SPECIFICATION.json,03_FROZEN_SPECIFICATION.json,.json,2067,2026-09-11T22:07:23.4939259Z,2026-09-10T20:36:26.0315166Z,AUTHORITY_OR_FREEZE|PROTOCOL_OR_METHOD,PRIMARY_OR_UNRESOLVED,NOT_YET_COPIED,EXP-012,CAN-F2-B,True,False,False,True,True,EXP-005:CAN-V7-CROSSMODEL,09_FREEZE,REFERENCE_COPY_OR_PROVENANCE,C:\RSOS\Training data\F2_BR0_FULL_FINGERPRINT_RECOVERY,PHASE8B_R2
C:\RSOS\Training data\F2_BR0_FULL_FINGERPRINT_RECOVERY\01_CANONICAL_INPUTS\V7_CROSSMODEL_DEPLOYMENT_LOCALIZATION\04_FROZEN_SPECIFICATION_SHA256.txt,04_FROZEN_SPECIFICATION_SHA256.txt,.txt,66,2026-09-11T22:07:23.4959257Z,2026-09-10T20:36:26.0315166Z,AUTHORITY_OR_FREEZE|PROTOCOL_OR_METHOD,PRIMARY_OR_UNRESOLVED,NOT_YET_COPIED,EXP-012,CAN-F2-B,True,False,False,True,True,EXP-005:CAN-V7-CROSSMODEL,09_FREEZE,REFERENCE_COPY_OR_PROVENANCE,C:\RSOS\Training data\F2_BR0_FULL_FINGERPRINT_RECOVERY,PHASE8B_R2
C:\RSOS\Training data\F2_BR0_FULL_FINGERPRINT_RECOVERY\01_CANONICAL_INPUTS\V7_CROSSMODEL_DEPLOYMENT_LOCALIZATION\05_FROZEN_PROMPTS.csv,05_FROZEN_PROMPTS.csv,.csv,802657,2026-09-11T22:07:23.4979254Z,2026-09-10T20:36:26.1252656Z,AUTHORITY_OR_FREEZE,PRIMARY_OR_UNRESOLVED,NOT_YET_COPIED,EXP-012,CAN-F2-B,True,False,False,True,True,EXP-005:CAN-V7-CROSSMODEL,09_FREEZE,REFERENCE_COPY_OR_PROVENANCE,C:\RSOS\Training data\F2_BR0_FULL_FINGERPRINT_RECOVERY,PHASE8B_R2
C:\RSOS\Training data\F2_BR0_FULL_FINGERPRINT_RECOVERY\01_CANONICAL_INPUTS\V7_CROSSMODEL_DEPLOYMENT_LOCALIZATION\06_RESPONSE_FEATURES.csv,06_RESPONSE_FEATURES.csv,.csv,1652389,2026-09-11T22:07:23.5037420Z,2026-09-10T21:33:34.7477360Z,RESULT_OR_OUTPUT,PRIMARY_OR_UNRESOLVED,NOT_YET_COPIED,EXP-012,CAN-F2-B,True,False,False,True,True,EXP-005:CAN-V7-CROSSMODEL,04_RAW,REFERENCE_COPY_OR_PROVENANCE,C:\RSOS\Training data\F2_BR0_FULL_FINGERPRINT_RECOVERY,PHASE8B_R2
C:\RSOS\Training data\F2_BR0_FULL_FINGERPRINT_RECOVERY\01_CANONICAL_INPUTS\V7_CROSSMODEL_DEPLOYMENT_LOCALIZATION\07_SEED_LEVEL_RESULTS.csv,07_SEED_LEVEL_RESULTS.csv,.csv,512687,2026-09-11T22:07:23.5167733Z,2026-09-10T21:33:36.8400443Z,RESULT_OR_OUTPUT,PRIMARY_OR_UNRESOLVED,NOT_YET_COPIED,EXP-012,CAN-F2-B,True,False,False,True,True,EXP-005:CAN-V7-CROSSMODEL,02_INPUTS,REFERENCE_COPY_OR_PROVENANCE,C:\RSOS\Training data\F2_BR0_FULL_FINGERPRINT_RECOVERY,PHASE8B_R2
C:\RSOS\Training data\F2_BR0_FULL_FINGERPRINT_RECOVERY\01_CANONICAL_INPUTS\V7_CROSSMODEL_DEPLOYMENT_LOCALIZATION\08_MODEL_CONDITION_RESULTS.csv,08_MODEL_CONDITION_RESULTS.csv,.csv,4441,2026-09-11T22:07:23.5217111Z,2026-09-10T21:33:36.8868068Z,RESULT_OR_OUTPUT,PRIMARY_OR_UNRESOLVED,NOT_YET_COPIED,EXP-012,CAN-F2-B,True,False,False,True,True,EXP-005:CAN-V7-CROSSMODEL,05_OUTPUTS,REFERENCE_COPY_OR_PROVENANCE,C:\RSOS\Training data\F2_BR0_FULL_FINGERPRINT_RECOVERY,PHASE8B_R2
C:\RSOS\Training data\F2_BR0_FULL_FINGERPRINT_RECOVERY\01_CANONICAL_INPUTS\V7_CROSSMODEL_DEPLOYMENT_LOCALIZATION\09_MODEL_STRUCTURAL_CONTRASTS.csv,09_MODEL_STRUCTURAL_CONTRASTS.csv,.csv,2870,2026-09-11T22:07:23.5227107Z,2026-09-10T21:33:59.3089819Z,RESULT_OR_OUTPUT,PRIMARY_OR_UNRESOLVED,NOT_YET_COPIED,EXP-012,CAN-F2-B,True,False,False,True,True,EXP-005:CAN-V7-CROSSMODEL,05_OUTPUTS,REFERENCE_COPY_OR_PROVENANCE,C:\RSOS\Training data\F2_BR0_FULL_FINGERPRINT_RECOVERY,PHASE8B_R2
C:\RSOS\Training data\F2_BR0_FULL_FINGERPRINT_RECOVERY\01_CANONICAL_INPUTS\V7_CROSSMODEL_DEPLOYMENT_LOCALIZATION\10_MODEL_EFFECT_VECTORS.csv,10_MODEL_EFFECT_VECTORS.csv,.csv,382,2026-09-11T22:07:23.5247093Z,2026-09-10T21:33:59.3089819Z,RESULT_OR_OUTPUT,PRIMARY_OR_UNRESOLVED,NOT_YET_COPIED,EXP-012,CAN-F2-B,True,False,False,True,True,EXP-005:CAN-V7-CROSSMODEL,05_OUTPUTS,REFERENCE_COPY_OR_PROVENANCE,C:\RSOS\Training data\F2_BR0_FULL_FINGERPRINT_RECOVERY,PHASE8B_R2
C:\RSOS\Training data\F2_BR0_FULL_FINGERPRINT_RECOVERY\01_CANONICAL_INPUTS\V7_CROSSMODEL_DEPLOYMENT_LOCALIZATION\11_CROSS_MODEL_VECTOR_SIMILARITY.csv,11_CROSS_MODEL_VECTOR_SIMILARITY.csv,.csv,244,2026-09-11T22:07:23.5257082Z,2026-09-10T21:33:59.3245908Z,RESULT_OR_OUTPUT,PRIMARY_OR_UNRESOLVED,NOT_YET_COPIED,EXP-012,CAN-F2-B,True,False,False,True,True,EXP-005:CAN-V7-CROSSMODEL,05_OUTPUTS,REFERENCE_COPY_OR_PROVENANCE,C:\RSOS\Training data\F2_BR0_FULL_FINGERPRINT_RECOVERY,PHASE8B_R2
C:\RSOS\Training data\F2_BR0_FULL_FINGERPRINT_RECOVERY\01_CANONICAL_INPUTS\V7_CROSSMODEL_DEPLOYMENT_LOCALIZATION\12_SIGN_REPLICATION.csv,12_SIGN_REPLICATION.csv,.csv,493,2026-09-11T22:07:23.5267084Z,2026-09-10T21:33:59.3402148Z,OTHER_SOURCE,PRIMARY_OR_UNRESOLVED,NOT_YET_COPIED,EXP-012,CAN-F2-B,True,False,False,True,True,EXP-005:CAN-V7-CROSSMODEL,UNCLASSIFIED,REFERENCE_COPY_OR_PROVENANCE,C:\RSOS\Training data\F2_BR0_FULL_FINGERPRINT_RECOVERY,PHASE8B_R2
C:\RSOS\Training data\F2_BR0_FULL_FINGERPRINT_RECOVERY\01_CANONICAL_INPUTS\V7_CROSSMODEL_DEPLOYMENT_LOCALIZATION\13_HELDOUT_GENERALIZATION.csv,13_HELDOUT_GENERALIZATION.csv,.csv,338,2026-09-11T22:07:23.5287073Z,2026-09-10T21:34:03.6814482Z,OTHER_SOURCE,PRIMARY_OR_UNRESOLVED,NOT_YET_COPIED,EXP-012,CAN-F2-B,True,False,False,True,True,EXP-005:CAN-V7-CROSSMODEL,UNCLASSIFIED,REFERENCE_COPY_OR_PROVENANCE,C:\RSOS\Training data\F2_BR0_FULL_FINGERPRINT_RECOVERY,PHASE8B_R2
C:\RSOS\Training data\F2_BR0_FULL_FINGERPRINT_RECOVERY\01_CANONICAL_INPUTS\V7_CROSSMODEL_DEPLOYMENT_LOCALIZATION\15_MISSING_CELLS.csv,15_MISSING_CELLS.csv,.csv,35,2026-09-11T22:07:23.5317052Z,2026-09-10T21:33:28.4133242Z,OTHER_SOURCE,PRIMARY_OR_UNRESOLVED,NOT_YET_COPIED,EXP-012,CAN-F2-B,True,False,False,True,True,EXP-005:CAN-V7-CROSSMODEL,04_RAW,REFERENCE_COPY_OR_PROVENANCE,C:\RSOS\Training data\F2_BR0_FULL_FINGERPRINT_RECOVERY,PHASE8B_R2
C:\RSOS\Training data\F2_BR0_FULL_FINGERPRINT_RECOVERY\01_CANONICAL_INPUTS\V7_CROSSMODEL_DEPLOYMENT_LOCALIZATION\16_FINAL_SUMMARY.json,16_FINAL_SUMMARY.json,.json,12447,2026-09-11T22:07:23.5327048Z,2026-09-10T21:34:03.6985658Z,AUTHORITY_OR_FREEZE|RESULT_OR_OUTPUT,PRIMARY_OR_UNRESOLVED,NOT_YET_COPIED,EXP-012,CAN-F2-B,True,False,False,True,True,EXP-005:CAN-V7-CROSSMODEL,05_OUTPUTS,REFERENCE_COPY_OR_PROVENANCE,C:\RSOS\Training data\F2_BR0_FULL_FINGERPRINT_RECOVERY,PHASE8B_R2
C:\RSOS\Training data\F2_BR0_FULL_FINGERPRINT_RECOVERY\01_CANONICAL_INPUTS\V8_COMPOSITIONAL_STRUCTURAL_CONTROL_CODE\00_FROZEN_RUNNER.py,00_FROZEN_RUNNER.py,.py,68257,2026-09-11T22:07:23.5407037Z,2026-09-10T20:42:50.0862362Z,AUTHORITY_OR_FREEZE|RUNNER,PRIMARY_OR_UNRESOLVED,NOT_YET_COPIED,EXP-012,CAN-F2-B,True,False,False,True,True,EXP-006:CAN-V8-CONTROL,09_FREEZE,REFERENCE_COPY_OR_PROVENANCE,C:\RSOS\Training data\F2_BR0_FULL_FINGERPRINT_RECOVERY,PHASE8B_R2
C:\RSOS\Training data\F2_BR0_FULL_FINGERPRINT_RECOVERY\01_CANONICAL_INPUTS\V8_COMPOSITIONAL_STRUCTURAL_CONTROL_CODE\00_RUNNER_SHA256.txt,00_RUNNER_SHA256.txt,.txt,66,2026-09-11T22:07:23.5429891Z,2026-09-10T20:42:54.5858648Z,OTHER_SOURCE,PRIMARY_OR_UNRESOLVED,NOT_YET_COPIED,EXP-012,CAN-F2-B,True,False,False,True,True,EXP-006:CAN-V8-CONTROL,09_FREEZE,REFERENCE_COPY_OR_PROVENANCE,C:\RSOS\Training data\F2_BR0_FULL_FINGERPRINT_RECOVERY,PHASE8B_R2
C:\RSOS\Training data\F2_BR0_FULL_FINGERPRINT_RECOVERY\01_CANONICAL_INPUTS\V8_COMPOSITIONAL_STRUCTURAL_CONTROL_CODE\01_RAW_RESPONSES.jsonl,01_RAW_RESPONSES.jsonl,.jsonl,8913377,2026-09-11T22:07:23.5449863Z,2026-09-10T21:08:15.1742371Z,OTHER_SOURCE,PRIMARY_OR_UNRESOLVED,NOT_YET_COPIED,EXP-012,CAN-F2-B,True,False,False,True,True,EXP-006:CAN-V8-CONTROL,04_RAW,REFERENCE_COPY_OR_PROVENANCE,C:\RSOS\Training data\F2_BR0_FULL_FINGERPRINT_RECOVERY,PHASE8B_R2
C:\RSOS\Training data\F2_BR0_FULL_FINGERPRINT_RECOVERY\01_CANONICAL_INPUTS\V8_COMPOSITIONAL_STRUCTURAL_CONTROL_CODE\03_FROZEN_SPECIFICATION.json,03_FROZEN_SPECIFICATION.json,.json,8690,2026-09-11T22:07:23.6596383Z,2026-09-10T20:42:54.5878709Z,AUTHORITY_OR_FREEZE|PROTOCOL_OR_METHOD,PRIMARY_OR_UNRESOLVED,NOT_YET_COPIED,EXP-012,CAN-F2-B,True,False,False,True,True,EXP-006:CAN-V8-CONTROL,09_FREEZE,REFERENCE_COPY_OR_PROVENANCE,C:\RSOS\Training data\F2_BR0_FULL_FINGERPRINT_RECOVERY,PHASE8B_R2
C:\RSOS\Training data\F2_BR0_FULL_FINGERPRINT_RECOVERY\01_CANONICAL_INPUTS\V8_COMPOSITIONAL_STRUCTURAL_CONTROL_CODE\04_FROZEN_SPECIFICATION_SHA256.txt,04_FROZEN_SPECIFICATION_SHA256.txt,.txt,66,2026-09-11T22:07:23.6616334Z,2026-09-10T20:42:54.5878709Z,AUTHORITY_OR_FREEZE|PROTOCOL_OR_METHOD,PRIMARY_OR_UNRESOLVED,NOT_YET_COPIED,EXP-012,CAN-F2-B,True,False,False,True,True,EXP-006:CAN-V8-CONTROL,09_FREEZE,REFERENCE_COPY_OR_PROVENANCE,C:\RSOS\Training data\F2_BR0_FULL_FINGERPRINT_RECOVERY,PHASE8B_R2
C:\RSOS\Training data\F2_BR0_FULL_FINGERPRINT_RECOVERY\01_CANONICAL_INPUTS\V8_COMPOSITIONAL_STRUCTURAL_CONTROL_CODE\05_FROZEN_PROMPTS.csv,05_FROZEN_PROMPTS.csv,.csv,2673921,2026-09-11T22:07:23.6636321Z,2026-09-10T20:42:54.6660157Z,AUTHORITY_OR_FREEZE,PRIMARY_OR_UNRESOLVED,NOT_YET_COPIED,EXP-012,CAN-F2-B,True,False,False,True,True,EXP-006:CAN-V8-CONTROL,09_FREEZE,REFERENCE_COPY_OR_PROVENANCE,C:\RSOS\Training data\F2_BR0_FULL_FINGERPRINT_RECOVERY,PHASE8B_R2
C:\RSOS\Training data\F2_BR0_FULL_FINGERPRINT_RECOVERY\01_CANONICAL_INPUTS\V8_COMPOSITIONAL_STRUCTURAL_CONTROL_CODE\06_RESPONSE_FEATURES.csv,06_RESPONSE_FEATURES.csv,.csv,1488532,2026-09-11T22:07:23.6807257Z,2026-09-10T21:08:25.5405431Z,RESULT_OR_OUTPUT,PRIMARY_OR_UNRESOLVED,NOT_YET_COPIED,EXP-012,CAN-F2-B,True,False,False,True,True,EXP-006:CAN-V8-CONTROL,04_RAW,REFERENCE_COPY_OR_PROVENANCE,C:\RSOS\Training data\F2_BR0_FULL_FINGERPRINT_RECOVERY,PHASE8B_R2
C:\RSOS\Training data\F2_BR0_FULL_FINGERPRINT_RECOVERY\01_CANONICAL_INPUTS\V8_COMPOSITIONAL_STRUCTURAL_CONTROL_CODE\07_SEED_LEVEL_RESULTS.csv,07_SEED_LEVEL_RESULTS.csv,.csv,491340,2026-09-11T22:07:23.6916523Z,2026-09-10T21:08:44.8775682Z,RESULT_OR_OUTPUT,PRIMARY_OR_UNRESOLVED,NOT_YET_COPIED,EXP-012,CAN-F2-B,True,False,False,True,True,EXP-006:CAN-V8-CONTROL,02_INPUTS,REFERENCE_COPY_OR_PROVENANCE,C:\RSOS\Training data\F2_BR0_FULL_FINGERPRINT_RECOVERY,PHASE8B_R2
C:\RSOS\Training data\F2_BR0_FULL_FINGERPRINT_RECOVERY\01_CANONICAL_INPUTS\V8_COMPOSITIONAL_STRUCTURAL_CONTROL_CODE\08_FACTORIAL_CONDITION_RESULTS.csv,08_FACTORIAL_CONDITION_RESULTS.csv,.csv,10526,2026-09-11T22:07:23.6975077Z,2026-09-10T21:08:44.9900741Z,RESULT_OR_OUTPUT,PRIMARY_OR_UNRESOLVED,NOT_YET_COPIED,EXP-012,CAN-F2-B,True,False,False,True,True,EXP-006:CAN-V8-CONTROL,05_OUTPUTS,REFERENCE_COPY_OR_PROVENANCE,C:\RSOS\Training data\F2_BR0_FULL_FINGERPRINT_RECOVERY,PHASE8B_R2
C:\RSOS\Training data\F2_BR0_FULL_FINGERPRINT_RECOVERY\01_CANONICAL_INPUTS\V8_COMPOSITIONAL_STRUCTURAL_CONTROL_CODE\09_UNSEEN_COMBINATION_PREDICTION.csv,09_UNSEEN_COMBINATION_PREDICTION.csv,.csv,45261,2026-09-11T22:07:23.6984869Z,2026-09-10T21:08:45.0744991Z,OTHER_SOURCE,PRIMARY_OR_UNRESOLVED,NOT_YET_COPIED,EXP-012,CAN-F2-B,True,False,False,True,True,EXP-006:CAN-V8-CONTROL,UNCLASSIFIED,REFERENCE_COPY_OR_PROVENANCE,C:\RSOS\Training data\F2_BR0_FULL_FINGERPRINT_RECOVERY,PHASE8B_R2
C:\RSOS\Training data\F2_BR0_FULL_FINGERPRINT_RECOVERY\01_CANONICAL_INPUTS\V8_COMPOSITIONAL_STRUCTURAL_CONTROL_CODE\10_INTERACTION_REPLICATION.csv,10_INTERACTION_REPLICATION.csv,.csv,1052,2026-09-11T22:07:23.7015599Z,2026-09-10T21:09:27.6641741Z,OTHER_SOURCE,PRIMARY_OR_UNRESOLVED,NOT_YET_COPIED,EXP-012,CAN-F2-B,True,False,False,True,True,EXP-006:CAN-V8-CONTROL,UNCLASSIFIED,REFERENCE_COPY_OR_PROVENANCE,C:\RSOS\Training data\F2_BR0_FULL_FINGERPRINT_RECOVERY,PHASE8B_R2
C:\RSOS\Training data\F2_BR0_FULL_FINGERPRINT_RECOVERY\01_CANONICAL_INPUTS\V8_COMPOSITIONAL_STRUCTURAL_CONTROL_CODE\11_FACTOR_DECODING.csv,11_FACTOR_DECODING.csv,.csv,189,2026-09-11T22:07:23.7026627Z,2026-09-10T21:08:58.6081933Z,OTHER_SOURCE,PRIMARY_OR_UNRESOLVED,NOT_YET_COPIED,EXP-012,CAN-F2-B,True,False,False,True,True,EXP-006:CAN-V8-CONTROL,UNCLASSIFIED,REFERENCE_COPY_OR_PROVENANCE,C:\RSOS\Training data\F2_BR0_FULL_FINGERPRINT_RECOVERY,PHASE8B_R2
C:\RSOS\Training data\F2_BR0_FULL_FINGERPRINT_RECOVERY\01_CANONICAL_INPUTS\V8_COMPOSITIONAL_STRUCTURAL_CONTROL_CODE\12_EXACT_CODE_RECOVERY.csv,12_EXACT_CODE_RECOVERY.csv,.csv,8825,2026-09-11T22:07:23.7036666Z,2026-09-10T21:08:58.6081933Z,OTHER_SOURCE,PRIMARY_OR_UNRESOLVED,NOT_YET_COPIED,EXP-012,CAN-F2-B,True,False,False,True,True,EXP-006:CAN-V8-CONTROL,UNCLASSIFIED,REFERENCE_COPY_OR_PROVENANCE,C:\RSOS\Training data\F2_BR0_FULL_FINGERPRINT_RECOVERY,PHASE8B_R2
C:\RSOS\Training data\F2_BR0_FULL_FINGERPRINT_RECOVERY\01_CANONICAL_INPUTS\V8_COMPOSITIONAL_STRUCTURAL_CONTROL_CODE\14_PREDICTION_NULL.csv,14_PREDICTION_NULL.csv,.csv,53581,2026-09-11T22:07:23.7066637Z,2026-09-10T21:08:58.3622469Z,OTHER_SOURCE,PRIMARY_OR_UNRESOLVED,NOT_YET_COPIED,EXP-012,CAN-F2-B,True,False,False,True,True,EXP-006:CAN-V8-CONTROL,UNCLASSIFIED,REFERENCE_COPY_OR_PROVENANCE,C:\RSOS\Training data\F2_BR0_FULL_FINGERPRINT_RECOVERY,PHASE8B_R2
C:\RSOS\Training data\F2_BR0_FULL_FINGERPRINT_RECOVERY\01_CANONICAL_INPUTS\V8_COMPOSITIONAL_STRUCTURAL_CONTROL_CODE\15_MISSING_CELLS.csv,15_MISSING_CELLS.csv,.csv,29,2026-09-11T22:07:23.7086583Z,2026-09-10T21:08:15.4670428Z,OTHER_SOURCE,PRIMARY_OR_UNRESOLVED,NOT_YET_COPIED,EXP-012,CAN-F2-B,True,False,False,True,True,EXP-006:CAN-V8-CONTROL,04_RAW,REFERENCE_COPY_OR_PROVENANCE,C:\RSOS\Training data\F2_BR0_FULL_FINGERPRINT_RECOVERY,PHASE8B_R2
C:\RSOS\Training data\F2_BR0_FULL_FINGERPRINT_RECOVERY\01_CANONICAL_INPUTS\V8_COMPOSITIONAL_STRUCTURAL_CONTROL_CODE\16_FINAL_SUMMARY.json,16_FINAL_SUMMARY.json,.json,6348,2026-09-11T22:07:23.7108070Z,2026-09-10T21:09:27.6798013Z,AUTHORITY_OR_FREEZE|RESULT_OR_OUTPUT,PRIMARY_OR_UNRESOLVED,NOT_YET_COPIED,EXP-012,CAN-F2-B,True,False,False,True,True,EXP-006:CAN-V8-CONTROL,05_OUTPUTS,REFERENCE_COPY_OR_PROVENANCE,C:\RSOS\Training data\F2_BR0_FULL_FINGERPRINT_RECOVERY,PHASE8B_R2
C:\RSOS\Training data\F2_BR0_FULL_FINGERPRINT_RECOVERY\01_CANONICAL_INPUTS\V9_REPRESENTATIONAL_TRANSPORT_OPERATOR\00_FROZEN_RUNNER.py,00_FROZEN_RUNNER.py,.py,59308,2026-09-11T22:07:23.7171265Z,2026-09-10T21:03:05.7787046Z,AUTHORITY_OR_FREEZE|RUNNER,PRIMARY_OR_UNRESOLVED,NOT_YET_COPIED,EXP-012,CAN-F2-B,True,False,False,True,True,EXP-007:CAN-V9-TRANSPORT,09_FREEZE,REFERENCE_COPY_OR_PROVENANCE,C:\RSOS\Training data\F2_BR0_FULL_FINGERPRINT_RECOVERY,PHASE8B_R2
C:\RSOS\Training data\F2_BR0_FULL_FINGERPRINT_RECOVERY\01_CANONICAL_INPUTS\V9_REPRESENTATIONAL_TRANSPORT_OPERATOR\00_RUNNER_SHA256.txt,00_RUNNER_SHA256.txt,.txt,66,2026-09-11T22:07:23.7191172Z,2026-09-10T21:03:09.6051224Z,OTHER_SOURCE,PRIMARY_OR_UNRESOLVED,NOT_YET_COPIED,EXP-012,CAN-F2-B,True,False,False,True,True,EXP-007:CAN-V9-TRANSPORT,09_FREEZE,REFERENCE_COPY_OR_PROVENANCE,C:\RSOS\Training data\F2_BR0_FULL_FINGERPRINT_RECOVERY,PHASE8B_R2
C:\RSOS\Training data\F2_BR0_FULL_FINGERPRINT_RECOVERY\01_CANONICAL_INPUTS\V9_REPRESENTATIONAL_TRANSPORT_OPERATOR\01_RAW_RESPONSES.jsonl,01_RAW_RESPONSES.jsonl,.jsonl,6010977,2026-09-11T22:07:23.7211166Z,2026-09-10T21:21:49.7866373Z,OTHER_SOURCE,PRIMARY_OR_UNRESOLVED,NOT_YET_COPIED,EXP-012,CAN-F2-B,True,False,False,True,True,EXP-007:CAN-V9-TRANSPORT,04_RAW,REFERENCE_COPY_OR_PROVENANCE,C:\RSOS\Training data\F2_BR0_FULL_FINGERPRINT_RECOVERY,PHASE8B_R2
C:\RSOS\Training data\F2_BR0_FULL_FINGERPRINT_RECOVERY\01_CANONICAL_INPUTS\V9_REPRESENTATIONAL_TRANSPORT_OPERATOR\03_FROZEN_SPECIFICATION.json,03_FROZEN_SPECIFICATION.json,.json,1880,2026-09-11T22:07:23.8042163Z,2026-09-10T21:03:09.6051224Z,AUTHORITY_OR_FREEZE|PROTOCOL_OR_METHOD,PRIMARY_OR_UNRESOLVED,NOT_YET_COPIED,EXP-012,CAN-F2-B,True,False,False,True,True,EXP-007:CAN-V9-TRANSPORT,09_FREEZE,REFERENCE_COPY_OR_PROVENANCE,C:\RSOS\Training data\F2_BR0_FULL_FINGERPRINT_RECOVERY,PHASE8B_R2
C:\RSOS\Training data\F2_BR0_FULL_FINGERPRINT_RECOVERY\01_CANONICAL_INPUTS\V9_REPRESENTATIONAL_TRANSPORT_OPERATOR\04_FROZEN_SPECIFICATION_SHA256.txt,04_FROZEN_SPECIFICATION_SHA256.txt,.txt,66,2026-09-11T22:07:23.8100885Z,2026-09-10T21:03:09.6051224Z,AUTHORITY_OR_FREEZE|PROTOCOL_OR_METHOD,PRIMARY_OR_UNRESOLVED,NOT_YET_COPIED,EXP-012,CAN-F2-B,True,False,False,True,True,EXP-007:CAN-V9-TRANSPORT,09_FREEZE,REFERENCE_COPY_OR_PROVENANCE,C:\RSOS\Training data\F2_BR0_FULL_FINGERPRINT_RECOVERY,PHASE8B_R2
C:\RSOS\Training data\F2_BR0_FULL_FINGERPRINT_RECOVERY\01_CANONICAL_INPUTS\V9_REPRESENTATIONAL_TRANSPORT_OPERATOR\05_FROZEN_PROMPTS.csv,05_FROZEN_PROMPTS.csv,.csv,2633737,2026-09-11T22:07:23.8120706Z,2026-09-10T21:03:09.7778276Z,AUTHORITY_OR_FREEZE,PRIMARY_OR_UNRESOLVED,NOT_YET_COPIED,EXP-012,CAN-F2-B,True,False,False,True,True,EXP-007:CAN-V9-TRANSPORT,09_FREEZE,REFERENCE_COPY_OR_PROVENANCE,C:\RSOS\Training data\F2_BR0_FULL_FINGERPRINT_RECOVERY,PHASE8B_R2
C:\RSOS\Training data\F2_BR0_FULL_FINGERPRINT_RECOVERY\01_CANONICAL_INPUTS\V9_REPRESENTATIONAL_TRANSPORT_OPERATOR\06_RESPONSE_FEATURES.csv,06_RESPONSE_FEATURES.csv,.csv,1066649,2026-09-11T22:07:23.8293065Z,2026-09-10T21:21:55.8702120Z,RESULT_OR_OUTPUT,PRIMARY_OR_UNRESOLVED,NOT_YET_COPIED,EXP-012,CAN-F2-B,True,False,False,True,True,EXP-007:CAN-V9-TRANSPORT,04_RAW,REFERENCE_COPY_OR_PROVENANCE,C:\RSOS\Training data\F2_BR0_FULL_FINGERPRINT_RECOVERY,PHASE8B_R2
C:\RSOS\Training data\F2_BR0_FULL_FINGERPRINT_RECOVERY\01_CANONICAL_INPUTS\V9_REPRESENTATIONAL_TRANSPORT_OPERATOR\07_SEED_LEVEL_RESULTS.csv,07_SEED_LEVEL_RESULTS.csv,.csv,306778,2026-09-11T22:07:23.8378677Z,2026-09-10T21:21:56.8770204Z,RESULT_OR_OUTPUT,PRIMARY_OR_UNRESOLVED,NOT_YET_COPIED,EXP-012,CAN-F2-B,True,False,False,True,True,EXP-007:CAN-V9-TRANSPORT,02_INPUTS,REFERENCE_COPY_OR_PROVENANCE,C:\RSOS\Training data\F2_BR0_FULL_FINGERPRINT_RECOVERY,PHASE8B_R2
C:\RSOS\Training data\F2_BR0_FULL_FINGERPRINT_RECOVERY\01_CANONICAL_INPUTS\V9_REPRESENTATIONAL_TRANSPORT_OPERATOR\08_CONDITION_RESULTS.csv,08_CONDITION_RESULTS.csv,.csv,1336,2026-09-11T22:07:23.8428481Z,2026-09-10T21:21:56.8770204Z,RESULT_OR_OUTPUT,PRIMARY_OR_UNRESOLVED,NOT_YET_COPIED,EXP-012,CAN-F2-B,True,False,False,True,True,EXP-007:CAN-V9-TRANSPORT,05_OUTPUTS,REFERENCE_COPY_OR_PROVENANCE,C:\RSOS\Training data\F2_BR0_FULL_FINGERPRINT_RECOVERY,PHASE8B_R2
C:\RSOS\Training data\F2_BR0_FULL_FINGERPRINT_RECOVERY\01_CANONICAL_INPUTS\V9_REPRESENTATIONAL_TRANSPORT_OPERATOR\09_TRANSPORT_PRESERVATION.csv,09_TRANSPORT_PRESERVATION.csv,.csv,394,2026-09-11T22:07:23.8438471Z,2026-09-10T21:21:56.8937453Z,OTHER_SOURCE,PRIMARY_OR_UNRESOLVED,NOT_YET_COPIED,EXP-012,CAN-F2-B,True,False,False,True,True,EXP-007:CAN-V9-TRANSPORT,UNCLASSIFIED,REFERENCE_COPY_OR_PROVENANCE,C:\RSOS\Training data\F2_BR0_FULL_FINGERPRINT_RECOVERY,PHASE8B_R2
C:\RSOS\Training data\F2_BR0_FULL_FINGERPRINT_RECOVERY\01_CANONICAL_INPUTS\V9_REPRESENTATIONAL_TRANSPORT_OPERATOR\10_COMPOSITION_PATH_INDEPENDENCE.csv,10_COMPOSITION_PATH_INDEPENDENCE.csv,.csv,302,2026-09-11T22:07:23.8458465Z,2026-09-10T21:21:56.8967825Z,OTHER_SOURCE,PRIMARY_OR_UNRESOLVED,NOT_YET_COPIED,EXP-012,CAN-F2-B,True,False,False,True,True,EXP-007:CAN-V9-TRANSPORT,UNCLASSIFIED,REFERENCE_COPY_OR_PROVENANCE,C:\RSOS\Training data\F2_BR0_FULL_FINGERPRINT_RECOVERY,PHASE8B_R2
C:\RSOS\Training data\F2_BR0_FULL_FINGERPRINT_RECOVERY\01_CANONICAL_INPUTS\V9_REPRESENTATIONAL_TRANSPORT_OPERATOR\11_INVERSE_RECOVERY.csv,11_INVERSE_RECOVERY.csv,.csv,203,2026-09-11T22:07:23.8468456Z,2026-09-10T21:21:56.8967825Z,OTHER_SOURCE,PRIMARY_OR_UNRESOLVED,NOT_YET_COPIED,EXP-012,CAN-F2-B,True,False,False,True,True,EXP-007:CAN-V9-TRANSPORT,UNCLASSIFIED,REFERENCE_COPY_OR_PROVENANCE,C:\RSOS\Training data\F2_BR0_FULL_FINGERPRINT_RECOVERY,PHASE8B_R2
C:\RSOS\Training data\F2_BR0_FULL_FINGERPRINT_RECOVERY\01_CANONICAL_INPUTS\V9_REPRESENTATIONAL_TRANSPORT_OPERATOR\12_DAMAGE_CONTROLS.csv,12_DAMAGE_CONTROLS.csv,.csv,856,2026-09-11T22:07:23.8478454Z,2026-09-10T21:22:08.9916721Z,OTHER_SOURCE,PRIMARY_OR_UNRESOLVED,NOT_YET_COPIED,EXP-012,CAN-F2-B,True,False,False,True,True,EXP-007:CAN-V9-TRANSPORT,00_CONTROL,REFERENCE_COPY_OR_PROVENANCE,C:\RSOS\Training data\F2_BR0_FULL_FINGERPRINT_RECOVERY,PHASE8B_R2
C:\RSOS\Training data\F2_BR0_FULL_FINGERPRINT_RECOVERY\01_CANONICAL_INPUTS\V9_REPRESENTATIONAL_TRANSPORT_OPERATOR\13_TRANSPORT_EFFECT_VECTORS.csv,13_TRANSPORT_EFFECT_VECTORS.csv,.csv,1967,2026-09-11T22:07:23.8488629Z,2026-09-10T21:22:08.9916721Z,RESULT_OR_OUTPUT,PRIMARY_OR_UNRESOLVED,NOT_YET_COPIED,EXP-012,CAN-F2-B,True,False,False,True,True,EXP-007:CAN-V9-TRANSPORT,05_OUTPUTS,REFERENCE_COPY_OR_PROVENANCE,C:\RSOS\Training data\F2_BR0_FULL_FINGERPRINT_RECOVERY,PHASE8B_R2
C:\RSOS\Training data\F2_BR0_FULL_FINGERPRINT_RECOVERY\01_CANONICAL_INPUTS\V9_REPRESENTATIONAL_TRANSPORT_OPERATOR\14_PERMUTATION_CONTROLS.csv,14_PERMUTATION_CONTROLS.csv,.csv,389,2026-09-11T22:07:23.8508462Z,2026-09-10T21:22:08.9916721Z,OTHER_SOURCE,PRIMARY_OR_UNRESOLVED,NOT_YET_COPIED,EXP-012,CAN-F2-B,True,False,False,True,True,EXP-007:CAN-V9-TRANSPORT,00_CONTROL,REFERENCE_COPY_OR_PROVENANCE,C:\RSOS\Training data\F2_BR0_FULL_FINGERPRINT_RECOVERY,PHASE8B_R2
C:\RSOS\Training data\F2_BR0_FULL_FINGERPRINT_RECOVERY\01_CANONICAL_INPUTS\V9_REPRESENTATIONAL_TRANSPORT_OPERATOR\15_MISSING_CELLS.csv,15_MISSING_CELLS.csv,.csv,29,2026-09-11T22:07:23.8518456Z,2026-09-10T21:21:49.9440551Z,OTHER_SOURCE,PRIMARY_OR_UNRESOLVED,NOT_YET_COPIED,EXP-012,CAN-F2-B,True,False,False,True,True,EXP-007:CAN-V9-TRANSPORT,04_RAW,REFERENCE_COPY_OR_PROVENANCE,C:\RSOS\Training data\F2_BR0_FULL_FINGERPRINT_RECOVERY,PHASE8B_R2
C:\RSOS\Training data\F2_BR0_FULL_FINGERPRINT_RECOVERY\01_CANONICAL_INPUTS\V9_REPRESENTATIONAL_TRANSPORT_OPERATOR\16_FINAL_SUMMARY.json,16_FINAL_SUMMARY.json,.json,5091,2026-09-11T22:07:23.8528429Z,2026-09-10T21:22:08.9916721Z,AUTHORITY_OR_FREEZE|RESULT_OR_OUTPUT,PRIMARY_OR_UNRESOLVED,NOT_YET_COPIED,EXP-012,CAN-F2-B,True,False,False,True,True,EXP-007:CAN-V9-TRANSPORT,05_OUTPUTS,REFERENCE_COPY_OR_PROVENANCE,C:\RSOS\Training data\F2_BR0_FULL_FINGERPRINT_RECOVERY,PHASE8B_R2
C:\RSOS\Training data\F2_BR0_FULL_FINGERPRINT_RECOVERY\02_SOURCE_COPY_MANIFEST.csv,02_SOURCE_COPY_MANIFEST.csv,.csv,2472,2026-09-11T22:07:30.1495934Z,2026-09-11T22:07:30.1505921Z,OTHER_SOURCE,PRIMARY_OR_UNRESOLVED,NOT_YET_COPIED,EXP-012,CAN-F2-B,True,False,False,False,False,,02_INPUTS,ELIGIBLE_PRIMARY_CANDIDATE,C:\RSOS\Training data\F2_BR0_FULL_FINGERPRINT_RECOVERY,PHASE8B_R2
C:\RSOS\Training data\F2_BR0_FULL_FINGERPRINT_RECOVERY\03_CANONICAL_INPUT_SHA256.csv,03_CANONICAL_INPUT_SHA256.csv,.csv,67379,2026-09-11T22:07:42.5838724Z,2026-09-11T22:07:42.5887891Z,OTHER_SOURCE,PRIMARY_OR_UNRESOLVED,NOT_YET_COPIED,EXP-012,CAN-F2-B,True,False,False,False,False,,09_FREEZE,ELIGIBLE_PRIMARY_CANDIDATE,C:\RSOS\Training data\F2_BR0_FULL_FINGERPRINT_RECOVERY,PHASE8B_R2
C:\RSOS\Training data\F2_BR0_FULL_FINGERPRINT_RECOVERY\04_V12_AUTHENTIC_10_EDGE_TOPOLOGY.csv,04_V12_AUTHENTIC_10_EDGE_TOPOLOGY.csv,.csv,194,2026-09-11T22:07:42.5907896Z,2026-09-11T22:07:42.5917886Z,OTHER_SOURCE,PRIMARY_OR_UNRESOLVED,NOT_YET_COPIED,EXP-012,CAN-F2-B,True,False,False,False,False,,06_DIAGNOSTIC,ELIGIBLE_PRIMARY_CANDIDATE,C:\RSOS\Training data\F2_BR0_FULL_FINGERPRINT_RECOVERY,PHASE8B_R2
C:\RSOS\Training data\F2_BR0_FULL_FINGERPRINT_RECOVERY\05_FINGERPRINT_LAYER_REGISTRY.csv,05_FINGERPRINT_LAYER_REGISTRY.csv,.csv,976,2026-09-11T22:07:42.5941724Z,2026-09-11T22:07:42.5941724Z,OTHER_SOURCE,PRIMARY_OR_UNRESOLVED,NOT_YET_COPIED,EXP-012,CAN-F2-B,True,False,False,False,False,,UNCLASSIFIED,ELIGIBLE_PRIMARY_CANDIDATE,C:\RSOS\Training data\F2_BR0_FULL_FINGERPRINT_RECOVERY,PHASE8B_R2
C:\RSOS\Training data\F2_BR0_FULL_FINGERPRINT_RECOVERY\F2_BR0_CANDIDATE_ARTIFACT_INVENTORY.csv,F2_BR0_CANDIDATE_ARTIFACT_INVENTORY.csv,.csv,258000,2026-09-11T21:57:39.7362389Z,2026-09-11T21:57:40.3967535Z,OTHER_SOURCE,PRIMARY_OR_UNRESOLVED,NOT_YET_COPIED,EXP-012,CAN-F2-B,True,False,False,False,False,,00_CONTROL,ELIGIBLE_PRIMARY_CANDIDATE,C:\RSOS\Training data\F2_BR0_FULL_FINGERPRINT_RECOVERY,PHASE8B_R2
C:\RSOS\Training data\F2_BR0_FULL_FINGERPRINT_RECOVERY\F2_BR1_REVIEW_BUNDLE.zip,F2_BR1_REVIEW_BUNDLE.zip,.zip,6982027,2026-09-11T22:14:33.7303030Z,2026-09-11T22:14:38.2133035Z,OTHER_SOURCE,PRIMARY_OR_UNRESOLVED,NOT_YET_COPIED,EXP-012,CAN-F2-B,True,False,False,False,False,,07_ADJUDICATION,ELIGIBLE_PRIMARY_CANDIDATE,C:\RSOS\Training data\F2_BR0_FULL_FINGERPRINT_RECOVERY,PHASE8B_R2
C:\RSOS\Training data\F2_BR0_FULL_FINGERPRINT_RECOVERY\F2_BR1_REVIEW_BUNDLE\00_F2_BR1_REVIEW_BUNDLE_MANIFEST.csv,00_F2_BR1_REVIEW_BUNDLE_MANIFEST.csv,.csv,30535,2026-09-11T22:12:19.0842363Z,2026-09-11T22:14:33.3002520Z,OTHER_SOURCE,PRIMARY_OR_UNRESOLVED,NOT_YET_COPIED,EXP-012,CAN-F2-B,True,False,False,True,False,,07_ADJUDICATION,REFERENCE_COPY_OR_PROVENANCE,C:\RSOS\Training data\F2_BR0_FULL_FINGERPRINT_RECOVERY,PHASE8B_R2
C:\RSOS\Training data\F2_BR0_FULL_FINGERPRINT_RECOVERY\F2_BR1_REVIEW_BUNDLE\00_F2_BR1_REVIEW_BUNDLE_MANIFEST_SHA256.txt,00_F2_BR1_REVIEW_BUNDLE_MANIFEST_SHA256.txt,.txt,132,2026-09-11T22:14:33.3262354Z,2026-09-11T22:14:33.3272353Z,OTHER_SOURCE,PRIMARY_OR_UNRESOLVED,NOT_YET_COPIED,EXP-012,CAN-F2-B,True,False,False,True,False,,09_FREEZE,REFERENCE_COPY_OR_PROVENANCE,C:\RSOS\Training data\F2_BR0_FULL_FINGERPRINT_RECOVERY,PHASE8B_R2
C:\RSOS\Training data\F2_BR0_FULL_FINGERPRINT_RECOVERY\F2_BR1_REVIEW_BUNDLE\02_SOURCE_COPY_MANIFEST.csv,02_SOURCE_COPY_MANIFEST.csv,.csv,2472,2026-09-11T22:12:19.0732438Z,2026-09-11T22:07:30.1505921Z,OTHER_SOURCE,PRIMARY_OR_UNRESOLVED,NOT_YET_COPIED,EXP-012,CAN-F2-B,True,False,False,True,False,,02_INPUTS,REFERENCE_COPY_OR_PROVENANCE,C:\RSOS\Training data\F2_BR0_FULL_FINGERPRINT_RECOVERY,PHASE8B_R2
C:\RSOS\Training data\F2_BR0_FULL_FINGERPRINT_RECOVERY\F2_BR1_REVIEW_BUNDLE\03_CANONICAL_INPUT_SHA256.csv,03_CANONICAL_INPUT_SHA256.csv,.csv,67379,2026-09-11T22:12:19.0762434Z,2026-09-11T22:07:42.5887891Z,OTHER_SOURCE,PRIMARY_OR_UNRESOLVED,NOT_YET_COPIED,EXP-012,CAN-F2-B,True,False,False,True,False,,09_FREEZE,REFERENCE_COPY_OR_PROVENANCE,C:\RSOS\Training data\F2_BR0_FULL_FINGERPRINT_RECOVERY,PHASE8B_R2
C:\RSOS\Training data\F2_BR0_FULL_FINGERPRINT_RECOVERY\F2_BR1_REVIEW_BUNDLE\04_V12_AUTHENTIC_10_EDGE_TOPOLOGY.csv,04_V12_AUTHENTIC_10_EDGE_TOPOLOGY.csv,.csv,194,2026-09-11T22:12:19.0782411Z,2026-09-11T22:07:42.5917886Z,OTHER_SOURCE,PRIMARY_OR_UNRESOLVED,NOT_YET_COPIED,EXP-012,CAN-F2-B,True,False,False,True,False,,06_DIAGNOSTIC,REFERENCE_COPY_OR_PROVENANCE,C:\RSOS\Training data\F2_BR0_FULL_FINGERPRINT_RECOVERY,PHASE8B_R2
C:\RSOS\Training data\F2_BR0_FULL_FINGERPRINT_RECOVERY\F2_BR1_REVIEW_BUNDLE\05_FINGERPRINT_LAYER_REGISTRY.csv,05_FINGERPRINT_LAYER_REGISTRY.csv,.csv,976,2026-09-11T22:12:19.0822370Z,2026-09-11T22:07:42.5941724Z,OTHER_SOURCE,PRIMARY_OR_UNRESOLVED,NOT_YET_COPIED,EXP-012,CAN-F2-B,True,False,False,True,False,,UNCLASSIFIED,REFERENCE_COPY_OR_PROVENANCE,C:\RSOS\Training data\F2_BR0_FULL_FINGERPRINT_RECOVERY,PHASE8B_R2
C:\RSOS\Training data\F2_BR0_FULL_FINGERPRINT_RECOVERY\F2_BR1_REVIEW_BUNDLE\BR1\F1_BR1_BLIND_RSOS_CORPUS_REDISCOVERY_RESULTS_PACKAGE.zip,F1_BR1_BLIND_RSOS_CORPUS_REDISCOVERY_RESULTS_PACKAGE.zip,.zip,2110934,2026-09-11T22:12:19.0571435Z,2026-09-11T19:43:24.4204243Z,RESULT_OR_OUTPUT,PRIMARY_OR_UNRESOLVED,NOT_YET_COPIED,EXP-012,CAN-F2-B,True,False,False,True,False,,02_INPUTS,REFERENCE_COPY_OR_PROVENANCE,C:\RSOS\Training data\F2_BR0_FULL_FINGERPRINT_RECOVERY,PHASE8B_R2
C:\RSOS\Training data\F2_BR0_FULL_FINGERPRINT_RECOVERY\F2_BR1_REVIEW_BUNDLE\F1_BR2_LMARENA_MATCHED_CONTROL\13_V2_LMARENA_FEATURES\EXTRACTION_COUNTS.csv,EXTRACTION_COUNTS.csv,.csv,125,2026-09-11T22:12:19.0712439Z,2026-09-11T20:10:45.2302100Z,OTHER_SOURCE,PRIMARY_OR_UNRESOLVED,NOT_YET_COPIED,EXP-012,CAN-F2-B,True,False,False,True,False,,UNCLASSIFIED,REFERENCE_COPY_OR_PROVENANCE,C:\RSOS\Training data\F2_BR0_FULL_FINGERPRINT_RECOVERY,PHASE8B_R2
C:\RSOS\Training data\F2_BR0_FULL_FINGERPRINT_RECOVERY\F2_BR1_REVIEW_BUNDLE\F1_BR2_LMARENA_MATCHED_CONTROL\PORTABLE_FROZEN_BR1_MODELS.json,PORTABLE_FROZEN_BR1_MODELS.json,.json,5407,2026-09-11T22:12:19.0652488Z,2026-09-11T17:04:22.0000000Z,AUTHORITY_OR_FREEZE,PRIMARY_OR_UNRESOLVED,NOT_YET_COPIED,EXP-012,CAN-F2-B,True,False,False,True,False,,09_FREEZE,REFERENCE_COPY_OR_PROVENANCE,C:\RSOS\Training data\F2_BR0_FULL_FINGERPRINT_RECOVERY,PHASE8B_R2
C:\RSOS\Training data\F2_BR0_FULL_FINGERPRINT_RECOVERY\F2_BR1_REVIEW_BUNDLE\F1_BR2_LMARENA_MATCHED_CONTROL\RUN_F1_BR2_V2_EXACT_EXTRACTOR.py,RUN_F1_BR2_V2_EXACT_EXTRACTOR.py,.py,23860,2026-09-11T22:12:19.0682473Z,2026-09-11T17:04:22.0000000Z,RUNNER,PRIMARY_OR_UNRESOLVED,NOT_YET_COPIED,EXP-012,CAN-F2-B,True,False,False,True,False,,03_RUNNER,REFERENCE_COPY_OR_PROVENANCE,C:\RSOS\Training data\F2_BR0_FULL_FINGERPRINT_RECOVERY,PHASE8B_R2
C:\RSOS\Training data\F2_BR0_FULL_FINGERPRINT_RECOVERY\F2_BR1_REVIEW_BUNDLE\F1_DEV_LMARENA_BLIND_R1\00_MANIFEST\BLIND_SPLIT_COUNTS.csv,BLIND_SPLIT_COUNTS.csv,.csv,92,2026-09-11T22:12:17.8295562Z,2026-09-11T16:27:25.6687336Z,OTHER_SOURCE,PRIMARY_OR_UNRESOLVED,NOT_YET_COPIED,EXP-012,CAN-F2-B,True,False,False,True,False,,UNCLASSIFIED,REFERENCE_COPY_OR_PROVENANCE,C:\RSOS\Training data\F2_BR0_FULL_FINGERPRINT_RECOVERY,PHASE8B_R2
C:\RSOS\Training data\F2_BR0_FULL_FINGERPRINT_RECOVERY\F2_BR1_REVIEW_BUNDLE\F1_DEV_LMARENA_BLIND_R1\00_MANIFEST\F1_DEV_SUMMARY.json,F1_DEV_SUMMARY.json,.json,1151,2026-09-11T22:12:17.8355359Z,2026-09-11T16:27:47.9661805Z,RESULT_OR_OUTPUT,PRIMARY_OR_UNRESOLVED,NOT_YET_COPIED,EXP-012,CAN-F2-B,True,False,False,True,False,,05_OUTPUTS,REFERENCE_COPY_OR_PROVENANCE,C:\RSOS\Training data\F2_BR0_FULL_FINGERPRINT_RECOVERY,PHASE8B_R2
C:\RSOS\Training data\F2_BR0_FULL_FINGERPRINT_RECOVERY\F2_BR1_REVIEW_BUNDLE\F1_DEV_LMARENA_BLIND_R1\00_MANIFEST\F1_DEV_SUMMARY.txt,F1_DEV_SUMMARY.txt,.txt,1180,2026-09-11T22:12:17.8405279Z,2026-09-11T16:27:47.9661805Z,RESULT_OR_OUTPUT,PRIMARY_OR_UNRESOLVED,NOT_YET_COPIED,EXP-012,CAN-F2-B,True,False,False,True,False,,05_OUTPUTS,REFERENCE_COPY_OR_PROVENANCE,C:\RSOS\Training data\F2_BR0_FULL_FINGERPRINT_RECOVERY,PHASE8B_R2
C:\RSOS\Training data\F2_BR0_FULL_FINGERPRINT_RECOVERY\F2_BR1_REVIEW_BUNDLE\F1_DEV_LMARENA_BLIND_R1\00_MANIFEST\F1_FROZEN_SPEC_BEFORE_DEVELOPMENT_HOLDOUT.json,F1_FROZEN_SPEC_BEFORE_DEVELOPMENT_HOLDOUT.json,.json,5462,2026-09-11T22:12:17.8455247Z,2026-09-11T16:27:44.7854345Z,AUTHORITY_OR_FREEZE,PRIMARY_OR_UNRESOLVED,NOT_YET_COPIED,EXP-012,CAN-F2-B,True,False,False,True,False,,09_FREEZE,REFERENCE_COPY_OR_PROVENANCE,C:\RSOS\Training data\F2_BR0_FULL_FINGERPRINT_RECOVERY,PHASE8B_R2
C:\RSOS\Training data\F2_BR0_FULL_FINGERPRINT_RECOVERY\F2_BR1_REVIEW_BUNDLE\F1_DEV_LMARENA_BLIND_R1\00_MANIFEST\F1_FROZEN_SPEC_SHA256.txt,F1_FROZEN_SPEC_SHA256.txt,.txt,66,2026-09-11T22:12:17.8515215Z,2026-09-11T16:27:44.8010579Z,AUTHORITY_OR_FREEZE,PRIMARY_OR_UNRESOLVED,NOT_YET_COPIED,EXP-012,CAN-F2-B,True,False,False,True,False,,09_FREEZE,REFERENCE_COPY_OR_PROVENANCE,C:\RSOS\Training data\F2_BR0_FULL_FINGERPRINT_RECOVERY,PHASE8B_R2
C:\RSOS\Training data\F2_BR0_FULL_FINGERPRINT_RECOVERY\F2_BR1_REVIEW_BUNDLE\F1_DEV_LMARENA_BLIND_R1\00_MANIFEST\INPUT_SHA256_MANIFEST.csv,INPUT_SHA256_MANIFEST.csv,.csv,1075,2026-09-11T22:12:17.8555225Z,2026-09-11T16:27:25.1375351Z,OTHER_SOURCE,PRIMARY_OR_UNRESOLVED,NOT_YET_COPIED,EXP-012,CAN-F2-B,True,False,False,True,False,,09_FREEZE,REFERENCE_COPY_OR_PROVENANCE,C:\RSOS\Training data\F2_BR0_FULL_FINGERPRINT_RECOVERY,PHASE8B_R2
C:\RSOS\Training data\F2_BR0_FULL_FINGERPRINT_RECOVERY\F2_BR1_REVIEW_BUNDLE\F1_DEV_LMARENA_BLIND_R1\00_MANIFEST\OUTPUT_FILE_INDEX.csv,OUTPUT_FILE_INDEX.csv,.csv,2088,2026-09-11T22:12:17.8595200Z,2026-09-11T16:27:47.9818001Z,RESULT_OR_OUTPUT,PRIMARY_OR_UNRESOLVED,NOT_YET_COPIED,EXP-012,CAN-F2-B,True,False,False,True,False,,05_OUTPUTS,REFERENCE_COPY_OR_PROVENANCE,C:\RSOS\Training data\F2_BR0_FULL_FINGERPRINT_RECOVERY,PHASE8B_R2
C:\RSOS\Training data\F2_BR0_FULL_FINGERPRINT_RECOVERY\F2_BR1_REVIEW_BUNDLE\F1_DEV_LMARENA_BLIND_R1\00_MANIFEST\RESERVED_EXTERNAL_CONTROLS_NOT_READ.txt,RESERVED_EXTERNAL_CONTROLS_NOT_READ.txt,.txt,196,2026-09-11T22:12:17.8635176Z,2026-09-11T16:27:25.1375351Z,OTHER_SOURCE,PRIMARY_OR_UNRESOLVED,NOT_YET_COPIED,EXP-012,CAN-F2-B,True,False,False,True,False,,00_CONTROL,REFERENCE_COPY_OR_PROVENANCE,C:\RSOS\Training data\F2_BR0_FULL_FINGERPRINT_RECOVERY,PHASE8B_R2
C:\RSOS\Training data\F2_BR0_FULL_FINGERPRINT_RECOVERY\F2_BR1_REVIEW_BUNDLE\F1_DEV_LMARENA_BLIND_R1\00_MANIFEST\RUN_F1_DEV_LMARENA_BLIND_R1.py,RUN_F1_DEV_LMARENA_BLIND_R1.py,.py,49259,2026-09-11T22:12:17.8695113Z,2026-09-11T16:27:20.6060560Z,RUNNER,PRIMARY_OR_UNRESOLVED,NOT_YET_COPIED,EXP-012,CAN-F2-B,True,False,False,True,False,,03_RUNNER,REFERENCE_COPY_OR_PROVENANCE,C:\RSOS\Training data\F2_BR0_FULL_FINGERPRINT_RECOVERY,PHASE8B_R2
C:\RSOS\Training data\F2_BR0_FULL_FINGERPRINT_RECOVERY\F2_BR1_REVIEW_BUNDLE\F1_DEV_LMARENA_BLIND_R1\00_MANIFEST\RUN_SCRIPT_SHA256.txt,RUN_SCRIPT_SHA256.txt,.txt,66,2026-09-11T22:12:17.8735093Z,2026-09-11T16:27:48.4036485Z,OTHER_SOURCE,PRIMARY_OR_UNRESOLVED,NOT_YET_COPIED,EXP-012,CAN-F2-B,True,False,False,True,False,,09_FREEZE,REFERENCE_COPY_OR_PROVENANCE,C:\RSOS\Training data\F2_BR0_FULL_FINGERPRINT_RECOVERY,PHASE8B_R2
C:\RSOS\Training data\F2_BR0_FULL_FINGERPRINT_RECOVERY\F2_BR1_REVIEW_BUNDLE\F1_DEV_LMARENA_BLIND_R1\01_CALIBRATION\F1_CALIBRATION_FEATURE_IMPORTANCE.csv,F1_CALIBRATION_FEATURE_IMPORTANCE.csv,.csv,576,2026-09-11T22:12:17.8794972Z,2026-09-11T16:27:31.6067854Z,RESULT_OR_OUTPUT,PRIMARY_OR_UNRESOLVED,NOT_YET_COPIED,EXP-012,CAN-F2-B,True,False,False,True,False,,05_OUTPUTS,REFERENCE_COPY_OR_PROVENANCE,C:\RSOS\Training data\F2_BR0_FULL_FINGERPRINT_RECOVERY,PHASE8B_R2
C:\RSOS\Training data\F2_BR0_FULL_FINGERPRINT_RECOVERY\F2_BR1_REVIEW_BUNDLE\F1_DEV_LMARENA_BLIND_R1\01_CALIBRATION\F1_RELATIONAL_DEPENDENCE_CALIBRATION.csv,F1_RELATIONAL_DEPENDENCE_CALIBRATION.csv,.csv,171,2026-09-11T22:12:17.8844949Z,2026-09-11T16:27:45.4663425Z,OTHER_SOURCE,PRIMARY_OR_UNRESOLVED,NOT_YET_COPIED,EXP-012,CAN-F2-B,True,False,False,True,False,,UNCLASSIFIED,REFERENCE_COPY_OR_PROVENANCE,C:\RSOS\Training data\F2_BR0_FULL_FINGERPRINT_RECOVERY,PHASE8B_R2
C:\RSOS\Training data\F2_BR0_FULL_FINGERPRINT_RECOVERY\F2_BR1_REVIEW_BUNDLE\F1_DEV_LMARENA_BLIND_R1\02_BLIND_DISCOVERY\F1_BLIND_FEATURE_RELATION_GRAPH_PREHOLDOUT.csv,F1_BLIND_FEATURE_RELATION_GRAPH_PREHOLDOUT.csv,.csv,3557,2026-09-11T22:12:17.8894893Z,2026-09-11T16:27:31.6849110Z,RESULT_OR_OUTPUT,PRIMARY_OR_UNRESOLVED,NOT_YET_COPIED,EXP-012,CAN-F2-B,True,False,False,True,False,,05_OUTPUTS,REFERENCE_COPY_OR_PROVENANCE,C:\RSOS\Training data\F2_BR0_FULL_FINGERPRINT_RECOVERY,PHASE8B_R2
C:\RSOS\Training data\F2_BR0_FULL_FINGERPRINT_RECOVERY\F2_BR1_REVIEW_BUNDLE\F1_DEV_LMARENA_BLIND_R1\02_BLIND_DISCOVERY\F1_CLUSTER_MODEL_SELECTION.csv,F1_CLUSTER_MODEL_SELECTION.csv,.csv,970,2026-09-11T22:12:17.8944860Z,2026-09-11T16:27:43.4126019Z,OTHER_SOURCE,PRIMARY_OR_UNRESOLVED,NOT_YET_COPIED,EXP-012,CAN-F2-B,True,False,False,True,False,,UNCLASSIFIED,REFERENCE_COPY_OR_PROVENANCE,C:\RSOS\Training data\F2_BR0_FULL_FINGERPRINT_RECOVERY,PHASE8B_R2
C:\RSOS\Training data\F2_BR0_FULL_FINGERPRINT_RECOVERY\F2_BR1_REVIEW_BUNDLE\F1_DEV_LMARENA_BLIND_R1\02_BLIND_DISCOVERY\F1_U_CENTROIDS.csv,F1_U_CENTROIDS.csv,.csv,785,2026-09-11T22:12:17.8994833Z,2026-09-11T16:27:46.4662863Z,OTHER_SOURCE,PRIMARY_OR_UNRESOLVED,NOT_YET_COPIED,EXP-012,CAN-F2-B,True,False,False,True,False,,UNCLASSIFIED,REFERENCE_COPY_OR_PROVENANCE,C:\RSOS\Training data\F2_BR0_FULL_FINGERPRINT_RECOVERY,PHASE8B_R2
C:\RSOS\Training data\F2_BR0_FULL_FINGERPRINT_RECOVERY\F2_BR1_REVIEW_BUNDLE\F1_DEV_LMARENA_BLIND_R1\04_DEVELOPMENT_HOLDOUT\F1_BLIND_CLUSTER_METRICS.csv,F1_BLIND_CLUSTER_METRICS.csv,.csv,359,2026-09-11T22:12:17.9056159Z,2026-09-11T16:27:45.6226123Z,RESULT_OR_OUTPUT,PRIMARY_OR_UNRESOLVED,NOT_YET_COPIED,EXP-012,CAN-F2-B,True,False,False,True,False,,05_OUTPUTS,REFERENCE_COPY_OR_PROVENANCE,C:\RSOS\Training data\F2_BR0_FULL_FINGERPRINT_RECOVERY,PHASE8B_R2
C:\RSOS\Training data\F2_BR0_FULL_FINGERPRINT_RECOVERY\F2_BR1_REVIEW_BUNDLE\F1_DEV_LMARENA_BLIND_R1\04_DEVELOPMENT_HOLDOUT\F1_BLIND_GRAPH_STABILITY.csv,F1_BLIND_GRAPH_STABILITY.csv,.csv,145,2026-09-11T22:12:17.9096329Z,2026-09-11T16:27:45.4819720Z,OTHER_SOURCE,PRIMARY_OR_UNRESOLVED,NOT_YET_COPIED,EXP-012,CAN-F2-B,True,False,False,True,False,,UNCLASSIFIED,REFERENCE_COPY_OR_PROVENANCE,C:\RSOS\Training data\F2_BR0_FULL_FINGERPRINT_RECOVERY,PHASE8B_R2
C:\RSOS\Training data\F2_BR0_FULL_FINGERPRINT_RECOVERY\F2_BR1_REVIEW_BUNDLE\F1_DEV_LMARENA_BLIND_R1\04_DEVELOPMENT_HOLDOUT\F1_FEATURE_RELATION_GRAPH_HOLDOUT.csv,F1_FEATURE_RELATION_GRAPH_HOLDOUT.csv,.csv,4577,2026-09-11T22:12:17.9158134Z,2026-09-11T16:27:45.4819720Z,RESULT_OR_OUTPUT,PRIMARY_OR_UNRESOLVED,NOT_YET_COPIED,EXP-012,CAN-F2-B,True,False,False,True,False,,05_OUTPUTS,REFERENCE_COPY_OR_PROVENANCE,C:\RSOS\Training data\F2_BR0_FULL_FINGERPRINT_RECOVERY,PHASE8B_R2
C:\RSOS\Training data\F2_BR0_FULL_FINGERPRINT_RECOVERY\F2_BR1_REVIEW_BUNDLE\F1_DEV_LMARENA_BLIND_R1\05_POSTFREEZE_UNBLIND_AUDIT\F1_POSTFREEZE_CONFOUND_AUDIT.csv,F1_POSTFREEZE_CONFOUND_AUDIT.csv,.csv,1155,2026-09-11T22:12:17.9229013Z,2026-09-11T16:27:47.9349478Z,AUTHORITY_OR_FREEZE,PRIMARY_OR_UNRESOLVED,NOT_YET_COPIED,EXP-012,CAN-F2-B,True,False,False,True,False,,09_FREEZE,REFERENCE_COPY_OR_PROVENANCE,C:\RSOS\Training data\F2_BR0_FULL_FINGERPRINT_RECOVERY,PHASE8B_R2
C:\RSOS\Training data\F2_BR0_FULL_FINGERPRINT_RECOVERY\F2_BR1_REVIEW_BUNDLE\F1_DEV_LMARENA_BLIND_R1\05_POSTFREEZE_UNBLIND_AUDIT\F1_PRESERVE_FIRST_FEATURE_MISSINGNESS.csv,F1_PRESERVE_FIRST_FEATURE_MISSINGNESS.csv,.csv,413,2026-09-11T22:12:17.9268987Z,2026-09-11T16:27:47.9505729Z,RESULT_OR_OUTPUT,PRIMARY_OR_UNRESOLVED,NOT_YET_COPIED,EXP-012,CAN-F2-B,True,False,False,True,False,,05_OUTPUTS,REFERENCE_COPY_OR_PROVENANCE,C:\RSOS\Training data\F2_BR0_FULL_FINGERPRINT_RECOVERY,PHASE8B_R2
C:\RSOS\Training data\F2_BR0_FULL_FINGERPRINT_RECOVERY\F2_BR1_REVIEW_BUNDLE\F1_DEV_LMARENA_BLIND_R1\05_POSTFREEZE_UNBLIND_AUDIT\F1_PRESERVE_FIRST_RETENTION.csv,F1_PRESERVE_FIRST_RETENTION.csv,.csv,216,2026-09-11T22:12:17.9328905Z,2026-09-11T16:27:47.9661805Z,OTHER_SOURCE,PRIMARY_OR_UNRESOLVED,NOT_YET_COPIED,EXP-012,CAN-F2-B,True,False,False,True,False,,UNCLASSIFIED,REFERENCE_COPY_OR_PROVENANCE,C:\RSOS\Training data\F2_BR0_FULL_FINGERPRINT_RECOVERY,PHASE8B_R2
C:\RSOS\Training data\F2_BR0_FULL_FINGERPRINT_RECOVERY\F2_BR1_REVIEW_BUNDLE\F1_DEV_LMARENA_BLIND_R1\05_POSTFREEZE_UNBLIND_AUDIT\F1_U_BY_PROVIDER_DEVELOPMENT_HOLDOUT.csv,F1_U_BY_PROVIDER_DEVELOPMENT_HOLDOUT.csv,.csv,204,2026-09-11T22:12:17.9368924Z,2026-09-11T16:27:47.9505729Z,OTHER_SOURCE,PRIMARY_OR_UNRESOLVED,NOT_YET_COPIED,EXP-012,CAN-F2-B,True,False,False,True,False,,UNCLASSIFIED,REFERENCE_COPY_OR_PROVENANCE,C:\RSOS\Training data\F2_BR0_FULL_FINGERPRINT_RECOVERY,PHASE8B_R2
C:\RSOS\Training data\F2_BR0_FULL_FINGERPRINT_RECOVERY\F2_BR1_REVIEW_BUNDLE\F1_DEV_LMARENA_BLIND_R1\06_STATUS_LEDGER\F1_DEV_STATUS_LEDGER.csv,F1_DEV_STATUS_LEDGER.csv,.csv,495,2026-09-11T22:12:17.9418901Z,2026-09-11T16:27:47.9661805Z,AUTHORITY_OR_FREEZE,PRIMARY_OR_UNRESOLVED,NOT_YET_COPIED,EXP-012,CAN-F2-B,True,False,False,True,False,,00_CONTROL,REFERENCE_COPY_OR_PROVENANCE,C:\RSOS\Training data\F2_BR0_FULL_FINGERPRINT_RECOVERY,PHASE8B_R2
C:\RSOS\Training data\F2_BR0_FULL_FINGERPRINT_RECOVERY\F2_BR1_REVIEW_BUNDLE\F1_DEV_LMARENA_BLIND_R1\F1_DEV_COMPLETE.marker,F1_DEV_COMPLETE.marker,.marker,117,2026-09-11T22:12:17.8215397Z,2026-09-11T16:27:47.9818001Z,AUTHORITY_OR_FREEZE,PRIMARY_OR_UNRESOLVED,NOT_YET_COPIED,EXP-012,CAN-F2-B,True,False,False,True,False,,09_FREEZE,REFERENCE_COPY_OR_PROVENANCE,C:\RSOS\Training data\F2_BR0_FULL_FINGERPRINT_RECOVERY,PHASE8B_R2
C:\RSOS\Training data\F2_BR0_FULL_FINGERPRINT_RECOVERY\F2_BR1_REVIEW_BUNDLE\F1_DEV_LMARENA_BLIND_R2_HARDENED\00_MANIFEST\INPUT_SPLIT_SHA256.csv,INPUT_SPLIT_SHA256.csv,.csv,697,2026-09-11T22:12:17.9528800Z,2026-09-11T16:48:12.9914207Z,OTHER_SOURCE,PRIMARY_OR_UNRESOLVED,NOT_YET_COPIED,EXP-012,CAN-F2-B,True,False,False,True,False,,09_FREEZE,REFERENCE_COPY_OR_PROVENANCE,C:\RSOS\Training data\F2_BR0_FULL_FINGERPRINT_RECOVERY,PHASE8B_R2
C:\RSOS\Training data\F2_BR0_FULL_FINGERPRINT_RECOVERY\F2_BR1_REVIEW_BUNDLE\F1_DEV_LMARENA_BLIND_R2_HARDENED\00_MANIFEST\R2_FROZEN_SPEC_BEFORE_HOLDOUT.json,R2_FROZEN_SPEC_BEFORE_HOLDOUT.json,.json,2410,2026-09-11T22:12:17.9568813Z,2026-09-11T16:52:30.4399345Z,AUTHORITY_OR_FREEZE,PRIMARY_OR_UNRESOLVED,NOT_YET_COPIED,EXP-012,CAN-F2-B,True,False,False,True,False,,09_FREEZE,REFERENCE_COPY_OR_PROVENANCE,C:\RSOS\Training data\F2_BR0_FULL_FINGERPRINT_RECOVERY,PHASE8B_R2
C:\RSOS\Training data\F2_BR0_FULL_FINGERPRINT_RECOVERY\F2_BR1_REVIEW_BUNDLE\F1_DEV_LMARENA_BLIND_R2_HARDENED\00_MANIFEST\R2_FROZEN_SPEC_SHA256.txt,R2_FROZEN_SPEC_SHA256.txt,.txt,66,2026-09-11T22:12:17.9608801Z,2026-09-11T16:52:30.7566102Z,AUTHORITY_OR_FREEZE,PRIMARY_OR_UNRESOLVED,NOT_YET_COPIED,EXP-012,CAN-F2-B,True,False,False,True,False,,09_FREEZE,REFERENCE_COPY_OR_PROVENANCE,C:\RSOS\Training data\F2_BR0_FULL_FINGERPRINT_RECOVERY,PHASE8B_R2
C:\RSOS\Training data\F2_BR0_FULL_FINGERPRINT_RECOVERY\F2_BR1_REVIEW_BUNDLE\F1_DEV_LMARENA_BLIND_R2_HARDENED\00_MANIFEST\R2_SUMMARY.json,R2_SUMMARY.json,.json,2377,2026-09-11T22:12:17.9688541Z,2026-09-11T16:53:36.0510128Z,RESULT_OR_OUTPUT,PRIMARY_OR_UNRESOLVED,NOT_YET_COPIED,EXP-012,CAN-F2-B,True,False,False,True,False,,05_OUTPUTS,REFERENCE_COPY_OR_PROVENANCE,C:\RSOS\Training data\F2_BR0_FULL_FINGERPRINT_RECOVERY,PHASE8B_R2
C:\RSOS\Training data\F2_BR0_FULL_FINGERPRINT_RECOVERY\F2_BR1_REVIEW_BUNDLE\F1_DEV_LMARENA_BLIND_R2_HARDENED\00_MANIFEST\R2_SUMMARY.txt,R2_SUMMARY.txt,.txt,1310,2026-09-11T22:12:17.9738538Z,2026-09-11T16:53:36.1373076Z,RESULT_OR_OUTPUT,PRIMARY_OR_UNRESOLVED,NOT_YET_COPIED,EXP-012,CAN-F2-B,True,False,False,True,False,,05_OUTPUTS,REFERENCE_COPY_OR_PROVENANCE,C:\RSOS\Training data\F2_BR0_FULL_FINGERPRINT_RECOVERY,PHASE8B_R2
C:\RSOS\Training data\F2_BR0_FULL_FINGERPRINT_RECOVERY\F2_BR1_REVIEW_BUNDLE\F1_DEV_LMARENA_BLIND_R2_HARDENED\01_HARDENED_CALIBRATION\PREHOLDOUT_CALIBRATION.csv,PREHOLDOUT_CALIBRATION.csv,.csv,368,2026-09-11T22:12:17.9798504Z,2026-09-11T16:52:28.7250480Z,OTHER_SOURCE,PRIMARY_OR_UNRESOLVED,NOT_YET_COPIED,EXP-012,CAN-F2-B,True,False,False,True,False,,UNCLASSIFIED,REFERENCE_COPY_OR_PROVENANCE,C:\RSOS\Training data\F2_BR0_FULL_FINGERPRINT_RECOVERY,PHASE8B_R2
C:\RSOS\Training data\F2_BR0_FULL_FINGERPRINT_RECOVERY\F2_BR1_REVIEW_BUNDLE\F1_DEV_LMARENA_BLIND_R2_HARDENED\02_CLUSTER_NULL_BENCHMARK\PREHOLDOUT_CLUSTER_NULL_SELECTION.csv,PREHOLDOUT_CLUSTER_NULL_SELECTION.csv,.csv,2808,2026-09-11T22:12:17.9858650Z,2026-09-11T16:52:28.7207964Z,OTHER_SOURCE,PRIMARY_OR_UNRESOLVED,NOT_YET_COPIED,EXP-012,CAN-F2-B,True,False,False,True,False,,UNCLASSIFIED,REFERENCE_COPY_OR_PROVENANCE,C:\RSOS\Training data\F2_BR0_FULL_FINGERPRINT_RECOVERY,PHASE8B_R2
C:\RSOS\Training data\F2_BR0_FULL_FINGERPRINT_RECOVERY\F2_BR1_REVIEW_BUNDLE\F1_DEV_LMARENA_BLIND_R2_HARDENED\04_PHYSICALLY_SEALED_HOLDOUT\HARDENED_HOLDOUT_RESULTS.csv,HARDENED_HOLDOUT_RESULTS.csv,.csv,579,2026-09-11T22:12:17.9908618Z,2026-09-11T16:53:27.3254516Z,RESULT_OR_OUTPUT,PRIMARY_OR_UNRESOLVED,NOT_YET_COPIED,EXP-012,CAN-F2-B,True,False,False,True,False,,05_OUTPUTS,REFERENCE_COPY_OR_PROVENANCE,C:\RSOS\Training data\F2_BR0_FULL_FINGERPRINT_RECOVERY,PHASE8B_R2
C:\RSOS\Training data\F2_BR0_FULL_FINGERPRINT_RECOVERY\F2_BR1_REVIEW_BUNDLE\F1_DEV_LMARENA_BLIND_R2_HARDENED\05_POSTFREEZE_AUDIT\DIRECT_CONTINUOUS_FEATURE_PREDICTABILITY.csv,DIRECT_CONTINUOUS_FEATURE_PREDICTABILITY.csv,.csv,339,2026-09-11T22:12:17.9958589Z,2026-09-11T16:53:36.0470105Z,RESULT_OR_OUTPUT,PRIMARY_OR_UNRESOLVED,NOT_YET_COPIED,EXP-012,CAN-F2-B,True,False,False,True,False,,05_OUTPUTS,REFERENCE_COPY_OR_PROVENANCE,C:\RSOS\Training data\F2_BR0_FULL_FINGERPRINT_RECOVERY,PHASE8B_R2
C:\RSOS\Training data\F2_BR0_FULL_FINGERPRINT_RECOVERY\F2_BR1_REVIEW_BUNDLE\F1_DEV_LMARENA_BLIND_R2_HARDENED\05_POSTFREEZE_AUDIT\POSTFREEZE_CLUSTER_ASSOCIATION_AUDIT.csv,POSTFREEZE_CLUSTER_ASSOCIATION_AUDIT.csv,.csv,3217,2026-09-11T22:12:18.0008562Z,2026-09-11T16:53:29.0918447Z,AUTHORITY_OR_FREEZE,PRIMARY_OR_UNRESOLVED,NOT_YET_COPIED,EXP-012,CAN-F2-B,True,False,False,True,False,,09_FREEZE,REFERENCE_COPY_OR_PROVENANCE,C:\RSOS\Training data\F2_BR0_FULL_FINGERPRINT_RECOVERY,PHASE8B_R2
C:\RSOS\Training data\F2_BR0_FULL_FINGERPRINT_RECOVERY\F2_BR1_REVIEW_BUNDLE\F1_DEV_LMARENA_BLIND_R2_HARDENED\06_OMISSION_LEDGER\NO_SILENT_OMISSION_LEDGER.csv,NO_SILENT_OMISSION_LEDGER.csv,.csv,1083,2026-09-11T22:12:18.0060764Z,2026-09-11T16:53:36.0500137Z,OTHER_SOURCE,PRIMARY_OR_UNRESOLVED,NOT_YET_COPIED,EXP-012,CAN-F2-B,True,False,False,True,False,,UNCLASSIFIED,REFERENCE_COPY_OR_PROVENANCE,C:\RSOS\Training data\F2_BR0_FULL_FINGERPRINT_RECOVERY,PHASE8B_R2
C:\RSOS\Training data\F2_BR0_FULL_FINGERPRINT_RECOVERY\F2_BR1_REVIEW_BUNDLE\F1_DEV_LMARENA_BLIND_R2_HARDENED\F1_DEV_R2_COMPLETE.marker,F1_DEV_R2_COMPLETE.marker,.marker,134,2026-09-11T22:12:17.9468879Z,2026-09-11T16:53:36.1393077Z,AUTHORITY_OR_FREEZE,PRIMARY_OR_UNRESOLVED,NOT_YET_COPIED,EXP-012,CAN-F2-B,True,False,False,True,False,,09_FREEZE,REFERENCE_COPY_OR_PROVENANCE,C:\RSOS\Training data\F2_BR0_FULL_FINGERPRINT_RECOVERY,PHASE8B_R2
C:\RSOS\Training data\F2_BR0_FULL_FINGERPRINT_RECOVERY\F2_BR1_REVIEW_BUNDLE\F1_DEV_LMARENA_BLIND_R3_HARDENED\00_MANIFEST\COMPLETE_PACKAGE_SHA256_MANIFEST.csv,COMPLETE_PACKAGE_SHA256_MANIFEST.csv,.csv,2426,2026-09-11T22:12:18.0274122Z,2026-09-11T17:25:42.4169790Z,AUTHORITY_OR_FREEZE,PRIMARY_OR_UNRESOLVED,NOT_YET_COPIED,EXP-012,CAN-F2-B,True,False,False,True,False,,09_FREEZE,REFERENCE_COPY_OR_PROVENANCE,C:\RSOS\Training data\F2_BR0_FULL_FINGERPRINT_RECOVERY,PHASE8B_R2
C:\RSOS\Training data\F2_BR0_FULL_FINGERPRINT_RECOVERY\F2_BR1_REVIEW_BUNDLE\F1_DEV_LMARENA_BLIND_R3_HARDENED\00_MANIFEST\COMPLETE_ZIP_SHA256.txt,COMPLETE_ZIP_SHA256.txt,.txt,66,2026-09-11T22:12:18.0325717Z,2026-09-11T17:25:50.2568496Z,AUTHORITY_OR_FREEZE,PRIMARY_OR_UNRESOLVED,NOT_YET_COPIED,EXP-012,CAN-F2-B,True,False,False,True,False,,09_FREEZE,REFERENCE_COPY_OR_PROVENANCE,C:\RSOS\Training data\F2_BR0_FULL_FINGERPRINT_RECOVERY,PHASE8B_R2
C:\RSOS\Training data\F2_BR0_FULL_FINGERPRINT_RECOVERY\F2_BR1_REVIEW_BUNDLE\F1_DEV_LMARENA_BLIND_R3_HARDENED\00_MANIFEST\OUTPUT_SHA256_MANIFEST.csv,OUTPUT_SHA256_MANIFEST.csv,.csv,1653,2026-09-11T22:12:18.0365735Z,2026-09-11T17:11:54.6948847Z,RESULT_OR_OUTPUT,PRIMARY_OR_UNRESOLVED,NOT_YET_COPIED,EXP-012,CAN-F2-B,True,False,False,True,False,,09_FREEZE,REFERENCE_COPY_OR_PROVENANCE,C:\RSOS\Training data\F2_BR0_FULL_FINGERPRINT_RECOVERY,PHASE8B_R2
C:\RSOS\Training data\F2_BR0_FULL_FINGERPRINT_RECOVERY\F2_BR1_REVIEW_BUNDLE\F1_DEV_LMARENA_BLIND_R3_HARDENED\00_MANIFEST\R3_FROZEN_SPEC_BEFORE_HOLDOUT.json,R3_FROZEN_SPEC_BEFORE_HOLDOUT.json,.json,1044,2026-09-11T22:12:18.0425649Z,2026-09-11T17:08:27.3049383Z,AUTHORITY_OR_FREEZE,PRIMARY_OR_UNRESOLVED,NOT_YET_COPIED,EXP-012,CAN-F2-B,True,False,False,True,False,,09_FREEZE,REFERENCE_COPY_OR_PROVENANCE,C:\RSOS\Training data\F2_BR0_FULL_FINGERPRINT_RECOVERY,PHASE8B_R2
C:\RSOS\Training data\F2_BR0_FULL_FINGERPRINT_RECOVERY\F2_BR1_REVIEW_BUNDLE\F1_DEV_LMARENA_BLIND_R3_HARDENED\00_MANIFEST\R3_FROZEN_SPEC_SHA256.txt,R3_FROZEN_SPEC_SHA256.txt,.txt,66,2026-09-11T22:12:18.0465674Z,2026-09-11T17:08:27.3196151Z,AUTHORITY_OR_FREEZE,PRIMARY_OR_UNRESOLVED,NOT_YET_COPIED,EXP-012,CAN-F2-B,True,False,False,True,False,,09_FREEZE,REFERENCE_COPY_OR_PROVENANCE,C:\RSOS\Training data\F2_BR0_FULL_FINGERPRINT_RECOVERY,PHASE8B_R2
C:\RSOS\Training data\F2_BR0_FULL_FINGERPRINT_RECOVERY\F2_BR1_REVIEW_BUNDLE\F1_DEV_LMARENA_BLIND_R3_HARDENED\00_MANIFEST\R3_SUMMARY.json,R3_SUMMARY.json,.json,3335,2026-09-11T22:12:18.0525454Z,2026-09-11T17:11:54.3943232Z,RESULT_OR_OUTPUT,PRIMARY_OR_UNRESOLVED,NOT_YET_COPIED,EXP-012,CAN-F2-B,True,False,False,True,False,,05_OUTPUTS,REFERENCE_COPY_OR_PROVENANCE,C:\RSOS\Training data\F2_BR0_FULL_FINGERPRINT_RECOVERY,PHASE8B_R2
C:\RSOS\Training data\F2_BR0_FULL_FINGERPRINT_RECOVERY\F2_BR1_REVIEW_BUNDLE\F1_DEV_LMARENA_BLIND_R3_HARDENED\00_MANIFEST\R3_SUMMARY.txt,R3_SUMMARY.txt,.txt,2086,2026-09-11T22:12:18.0565401Z,2026-09-11T17:11:54.3983238Z,RESULT_OR_OUTPUT,PRIMARY_OR_UNRESOLVED,NOT_YET_COPIED,EXP-012,CAN-F2-B,True,False,False,True,False,,05_OUTPUTS,REFERENCE_COPY_OR_PROVENANCE,C:\RSOS\Training data\F2_BR0_FULL_FINGERPRINT_RECOVERY,PHASE8B_R2
C:\RSOS\Training data\F2_BR0_FULL_FINGERPRINT_RECOVERY\F2_BR1_REVIEW_BUNDLE\F1_DEV_LMARENA_BLIND_R3_HARDENED\00_MANIFEST\RUNNER_SHA256.txt,RUNNER_SHA256.txt,.txt,177,2026-09-11T22:12:18.0615372Z,2026-09-11T17:25:41.4592693Z,OTHER_SOURCE,PRIMARY_OR_UNRESOLVED,NOT_YET_COPIED,EXP-012,CAN-F2-B,True,False,False,True,False,,09_FREEZE,REFERENCE_COPY_OR_PROVENANCE,C:\RSOS\Training data\F2_BR0_FULL_FINGERPRINT_RECOVERY,PHASE8B_R2
C:\RSOS\Training data\F2_BR0_FULL_FINGERPRINT_RECOVERY\F2_BR1_REVIEW_BUNDLE\F1_DEV_LMARENA_BLIND_R3_HARDENED\02_MATCHED_NULLS\HARDENED_NULL_RESULTS.csv,HARDENED_NULL_RESULTS.csv,.csv,303,2026-09-11T22:12:18.0675358Z,2026-09-11T17:08:28.5312372Z,RESULT_OR_OUTPUT,PRIMARY_OR_UNRESOLVED,NOT_YET_COPIED,EXP-012,CAN-F2-B,True,False,False,True,False,,05_OUTPUTS,REFERENCE_COPY_OR_PROVENANCE,C:\RSOS\Training data\F2_BR0_FULL_FINGERPRINT_RECOVERY,PHASE8B_R2
C:\RSOS\Training data\F2_BR0_FULL_FINGERPRINT_RECOVERY\F2_BR1_REVIEW_BUNDLE\F1_DEV_LMARENA_BLIND_R3_HARDENED\03_CLUSTER_CURVES_NO_FORCED_K\HOLDOUT_CLUSTER_CURVE_NO_FORCED_K.csv,HOLDOUT_CLUSTER_CURVE_NO_FORCED_K.csv,.csv,1279,2026-09-11T22:12:18.0725310Z,2026-09-11T17:11:14.8326267Z,OTHER_SOURCE,PRIMARY_OR_UNRESOLVED,NOT_YET_COPIED,EXP-012,CAN-F2-B,True,False,False,True,False,,UNCLASSIFIED,REFERENCE_COPY_OR_PROVENANCE,C:\RSOS\Training data\F2_BR0_FULL_FINGERPRINT_RECOVERY,PHASE8B_R2
C:\RSOS\Training data\F2_BR0_FULL_FINGERPRINT_RECOVERY\F2_BR1_REVIEW_BUNDLE\F1_DEV_LMARENA_BLIND_R3_HARDENED\03_CLUSTER_CURVES_NO_FORCED_K\VALIDATION_CLUSTER_CURVE_NO_FORCED_K.csv,VALIDATION_CLUSTER_CURVE_NO_FORCED_K.csv,.csv,1280,2026-09-11T22:12:18.0775278Z,2026-09-11T17:08:22.0728297Z,OTHER_SOURCE,PRIMARY_OR_UNRESOLVED,NOT_YET_COPIED,EXP-012,CAN-F2-B,True,False,False,True,False,,UNCLASSIFIED,REFERENCE_COPY_OR_PROVENANCE,C:\RSOS\Training data\F2_BR0_FULL_FINGERPRINT_RECOVERY,PHASE8B_R2
C:\RSOS\Training data\F2_BR0_FULL_FINGERPRINT_RECOVERY\F2_BR1_REVIEW_BUNDLE\F1_DEV_LMARENA_BLIND_R3_HARDENED\05_POSTFREEZE_NUISANCE_AUDIT\COMPLETE_CONTINUOUS_FEATURE_NUISANCE_PREDICTABILITY.csv,COMPLETE_CONTINUOUS_FEATURE_NUISANCE_PREDICTABILITY.csv,.csv,1021,2026-09-11T22:12:18.0860749Z,2026-09-11T17:11:34.4376204Z,AUTHORITY_OR_FREEZE|RESULT_OR_OUTPUT,PRIMARY_OR_UNRESOLVED,NOT_YET_COPIED,EXP-012,CAN-F2-B,True,False,False,True,False,,09_FREEZE,REFERENCE_COPY_OR_PROVENANCE,C:\RSOS\Training data\F2_BR0_FULL_FINGERPRINT_RECOVERY,PHASE8B_R2
C:\RSOS\Training data\F2_BR0_FULL_FINGERPRINT_RECOVERY\F2_BR1_REVIEW_BUNDLE\F1_DEV_LMARENA_BLIND_R3_HARDENED\05_POSTFREEZE_NUISANCE_AUDIT\WITHIN_PROVIDER_GENERIC_DEPENDENCE.csv,WITHIN_PROVIDER_GENERIC_DEPENDENCE.csv,.csv,378,2026-09-11T22:12:18.0910693Z,2026-09-11T17:11:44.1387298Z,OTHER_SOURCE,PRIMARY_OR_UNRESOLVED,NOT_YET_COPIED,EXP-012,CAN-F2-B,True,False,False,True,False,,UNCLASSIFIED,REFERENCE_COPY_OR_PROVENANCE,C:\RSOS\Training data\F2_BR0_FULL_FINGERPRINT_RECOVERY,PHASE8B_R2
C:\RSOS\Training data\F2_BR0_FULL_FINGERPRINT_RECOVERY\F2_BR1_REVIEW_BUNDLE\F1_DEV_LMARENA_BLIND_R3_HARDENED\06_PLANTED_V12_GRAPH_CALIBRATION\PLANTED_V12_GRAPH_CALIBRATION_RESULT.csv,PLANTED_V12_GRAPH_CALIBRATION_RESULT.csv,.csv,159,2026-09-11T22:12:18.0962668Z,2026-09-11T17:11:54.3634677Z,RESULT_OR_OUTPUT,PRIMARY_OR_UNRESOLVED,NOT_YET_COPIED,EXP-012,CAN-F2-B,True,False,False,True,False,,05_OUTPUTS,REFERENCE_COPY_OR_PROVENANCE,C:\RSOS\Training data\F2_BR0_FULL_FINGERPRINT_RECOVERY,PHASE8B_R2
C:\RSOS\Training data\F2_BR0_FULL_FINGERPRINT_RECOVERY\F2_BR1_REVIEW_BUNDLE\F1_DEV_LMARENA_BLIND_R3_HARDENED\06_PLANTED_V12_GRAPH_CALIBRATION\PLANTED_V12_GRAPH_DATA.csv,PLANTED_V12_GRAPH_DATA.csv,.csv,820336,2026-09-11T22:12:18.1014489Z,2026-09-11T17:11:54.3614551Z,OTHER_SOURCE,PRIMARY_OR_UNRESOLVED,NOT_YET_COPIED,EXP-012,CAN-F2-B,True,False,False,True,False,,UNCLASSIFIED,REFERENCE_COPY_OR_PROVENANCE,C:\RSOS\Training data\F2_BR0_FULL_FINGERPRINT_RECOVERY,PHASE8B_R2
C:\RSOS\Training data\F2_BR0_FULL_FINGERPRINT_RECOVERY\F2_BR1_REVIEW_BUNDLE\F1_DEV_LMARENA_BLIND_R3_HARDENED\07_NO_SILENT_OMISSION\NO_SILENT_OMISSION_LEDGER.csv,NO_SILENT_OMISSION_LEDGER.csv,.csv,1150,2026-09-11T22:12:18.1144671Z,2026-09-11T17:11:54.3664700Z,OTHER_SOURCE,PRIMARY_OR_UNRESOLVED,NOT_YET_COPIED,EXP-012,CAN-F2-B,True,False,False,True,False,,UNCLASSIFIED,REFERENCE_COPY_OR_PROVENANCE,C:\RSOS\Training data\F2_BR0_FULL_FINGERPRINT_RECOVERY,PHASE8B_R2
C:\RSOS\Training data\F2_BR0_FULL_FINGERPRINT_RECOVERY\F2_BR1_REVIEW_BUNDLE\F1_DEV_LMARENA_BLIND_R3_HARDENED\F1_DEV_R3_COMPLETE.marker,F1_DEV_R3_COMPLETE.marker,.marker,134,2026-09-11T22:12:18.0120737Z,2026-09-11T17:11:54.6948847Z,AUTHORITY_OR_FREEZE,PRIMARY_OR_UNRESOLVED,NOT_YET_COPIED,EXP-012,CAN-F2-B,True,False,False,True,False,,09_FREEZE,REFERENCE_COPY_OR_PROVENANCE,C:\RSOS\Training data\F2_BR0_FULL_FINGERPRINT_RECOVERY,PHASE8B_R2
C:\RSOS\Training data\F2_BR0_FULL_FINGERPRINT_RECOVERY\F2_BR1_REVIEW_BUNDLE\F1_DEV_LMARENA_BLIND_R3_HARDENED\RUN_F1_DEV_LMARENA_BLIND_R3_HARDENED.py,RUN_F1_DEV_LMARENA_BLIND_R3_HARDENED.py,.py,24669,2026-09-11T22:12:18.0224149Z,2026-09-11T14:02:16.0000000Z,RUNNER,PRIMARY_OR_UNRESOLVED,NOT_YET_COPIED,EXP-012,CAN-F2-B,True,False,False,True,False,,03_RUNNER,REFERENCE_COPY_OR_PROVENANCE,C:\RSOS\Training data\F2_BR0_FULL_FINGERPRINT_RECOVERY,PHASE8B_R2
C:\RSOS\Training data\F2_BR0_FULL_FINGERPRINT_RECOVERY\F2_BR1_REVIEW_BUNDLE\F1_DEV_LMARENA_BLIND_R3_HARDENED\RUN_F1_DEV_LMARENA_BLIND_R3_HARDENED.ps1,RUN_F1_DEV_LMARENA_BLIND_R3_HARDENED.ps1,.ps1,1314,2026-09-11T22:12:18.0180909Z,2026-09-11T14:02:16.0000000Z,RUNNER,PRIMARY_OR_UNRESOLVED,NOT_YET_COPIED,EXP-012,CAN-F2-B,True,False,False,True,False,,03_RUNNER,REFERENCE_COPY_OR_PROVENANCE,C:\RSOS\Training data\F2_BR0_FULL_FINGERPRINT_RECOVERY,PHASE8B_R2
C:\RSOS\Training data\F2_BR0_FULL_FINGERPRINT_RECOVERY\F2_BR1_REVIEW_BUNDLE\F1_DEV_R4_V12_GRAPH_CALIBRATION\00_MANIFEST\COMPLETE_PACKAGE_SHA256_MANIFEST.csv,COMPLETE_PACKAGE_SHA256_MANIFEST.csv,.csv,2423,2026-09-11T22:12:18.1344359Z,2026-09-11T17:47:46.2589957Z,AUTHORITY_OR_FREEZE,PRIMARY_OR_UNRESOLVED,NOT_YET_COPIED,EXP-012,CAN-F2-B,True,False,False,True,False,,09_FREEZE,REFERENCE_COPY_OR_PROVENANCE,C:\RSOS\Training data\F2_BR0_FULL_FINGERPRINT_RECOVERY,PHASE8B_R2
C:\RSOS\Training data\F2_BR0_FULL_FINGERPRINT_RECOVERY\F2_BR1_REVIEW_BUNDLE\F1_DEV_R4_V12_GRAPH_CALIBRATION\00_MANIFEST\ENVIRONMENT.json,ENVIRONMENT.json,.json,280,2026-09-11T22:12:18.1404513Z,2026-09-11T17:47:41.1911517Z,OTHER_SOURCE,PRIMARY_OR_UNRESOLVED,NOT_YET_COPIED,EXP-012,CAN-F2-B,True,False,False,True,False,,UNCLASSIFIED,REFERENCE_COPY_OR_PROVENANCE,C:\RSOS\Training data\F2_BR0_FULL_FINGERPRINT_RECOVERY,PHASE8B_R2
C:\RSOS\Training data\F2_BR0_FULL_FINGERPRINT_RECOVERY\F2_BR1_REVIEW_BUNDLE\F1_DEV_R4_V12_GRAPH_CALIBRATION\00_MANIFEST\FINAL_ZIP_SHA256.txt,FINAL_ZIP_SHA256.txt,.txt,66,2026-09-11T22:12:18.1444283Z,2026-09-11T17:47:47.3991261Z,AUTHORITY_OR_FREEZE,PRIMARY_OR_UNRESOLVED,NOT_YET_COPIED,EXP-012,CAN-F2-B,True,False,False,True,False,,09_FREEZE,REFERENCE_COPY_OR_PROVENANCE,C:\RSOS\Training data\F2_BR0_FULL_FINGERPRINT_RECOVERY,PHASE8B_R2
C:\RSOS\Training data\F2_BR0_FULL_FINGERPRINT_RECOVERY\F2_BR1_REVIEW_BUNDLE\F1_DEV_R4_V12_GRAPH_CALIBRATION\00_MANIFEST\OUTPUT_SHA256_MANIFEST.csv,OUTPUT_SHA256_MANIFEST.csv,.csv,1984,2026-09-11T22:12:18.1490980Z,2026-09-11T17:47:41.3381851Z,RESULT_OR_OUTPUT,PRIMARY_OR_UNRESOLVED,NOT_YET_COPIED,EXP-012,CAN-F2-B,True,False,False,True,False,,09_FREEZE,REFERENCE_COPY_OR_PROVENANCE,C:\RSOS\Training data\F2_BR0_FULL_FINGERPRINT_RECOVERY,PHASE8B_R2
C:\RSOS\Training data\F2_BR0_FULL_FINGERPRINT_RECOVERY\F2_BR1_REVIEW_BUNDLE\F1_DEV_R4_V12_GRAPH_CALIBRATION\00_MANIFEST\POWERSHELL_RUNNER_SHA256.txt,POWERSHELL_RUNNER_SHA256.txt,.txt,66,2026-09-11T22:12:18.1530927Z,2026-09-11T17:47:46.1389769Z,OTHER_SOURCE,PRIMARY_OR_UNRESOLVED,NOT_YET_COPIED,EXP-012,CAN-F2-B,True,False,False,True,False,,09_FREEZE,REFERENCE_COPY_OR_PROVENANCE,C:\RSOS\Training data\F2_BR0_FULL_FINGERPRINT_RECOVERY,PHASE8B_R2
C:\RSOS\Training data\F2_BR0_FULL_FINGERPRINT_RECOVERY\F2_BR1_REVIEW_BUNDLE\F1_DEV_R4_V12_GRAPH_CALIBRATION\00_MANIFEST\R4_SUMMARY.json,R4_SUMMARY.json,.json,3204,2026-09-11T22:12:18.1580925Z,2026-09-11T17:47:41.2066167Z,RESULT_OR_OUTPUT,PRIMARY_OR_UNRESOLVED,NOT_YET_COPIED,EXP-012,CAN-F2-B,True,False,False,True,False,,05_OUTPUTS,REFERENCE_COPY_OR_PROVENANCE,C:\RSOS\Training data\F2_BR0_FULL_FINGERPRINT_RECOVERY,PHASE8B_R2
C:\RSOS\Training data\F2_BR0_FULL_FINGERPRINT_RECOVERY\F2_BR1_REVIEW_BUNDLE\F1_DEV_R4_V12_GRAPH_CALIBRATION\00_MANIFEST\R4_SUMMARY.txt,R4_SUMMARY.txt,.txt,1821,2026-09-11T22:12:18.1623540Z,2026-09-11T17:47:41.2164911Z,RESULT_OR_OUTPUT,PRIMARY_OR_UNRESOLVED,NOT_YET_COPIED,EXP-012,CAN-F2-B,True,False,False,True,False,,05_OUTPUTS,REFERENCE_COPY_OR_PROVENANCE,C:\RSOS\Training data\F2_BR0_FULL_FINGERPRINT_RECOVERY,PHASE8B_R2
C:\RSOS\Training data\F2_BR0_FULL_FINGERPRINT_RECOVERY\F2_BR1_REVIEW_BUNDLE\F1_DEV_R4_V12_GRAPH_CALIBRATION\01_EXTRACTOR_UNIT_TESTS\EXTRACTOR_UNIT_TESTS.csv,EXTRACTOR_UNIT_TESTS.csv,.csv,383,2026-09-11T22:12:18.1683474Z,2026-09-11T17:47:16.1376905Z,OTHER_SOURCE,PRIMARY_OR_UNRESOLVED,NOT_YET_COPIED,EXP-012,CAN-F2-B,True,False,False,True,False,,UNCLASSIFIED,REFERENCE_COPY_OR_PROVENANCE,C:\RSOS\Training data\F2_BR0_FULL_FINGERPRINT_RECOVERY,PHASE8B_R2
C:\RSOS\Training data\F2_BR0_FULL_FINGERPRINT_RECOVERY\F2_BR1_REVIEW_BUNDLE\F1_DEV_R4_V12_GRAPH_CALIBRATION\02_AUTHENTIC_EDGE_PERTURBATIONS\AUTHENTIC_V12_EDGE_PERTURBATIONS.csv,AUTHENTIC_V12_EDGE_PERTURBATIONS.csv,.csv,81937,2026-09-11T22:12:18.1743471Z,2026-09-11T17:47:19.6238879Z,OTHER_SOURCE,PRIMARY_OR_UNRESOLVED,NOT_YET_COPIED,EXP-012,CAN-F2-B,True,False,False,True,False,,UNCLASSIFIED,REFERENCE_COPY_OR_PROVENANCE,C:\RSOS\Training data\F2_BR0_FULL_FINGERPRINT_RECOVERY,PHASE8B_R2
C:\RSOS\Training data\F2_BR0_FULL_FINGERPRINT_RECOVERY\F2_BR1_REVIEW_BUNDLE\F1_DEV_R4_V12_GRAPH_CALIBRATION\02_AUTHENTIC_EDGE_PERTURBATIONS\AUTHENTIC_V12_PER_EDGE_DETECTION.csv,AUTHENTIC_V12_PER_EDGE_DETECTION.csv,.csv,1460,2026-09-11T22:12:18.1843410Z,2026-09-11T17:47:19.6509095Z,OTHER_SOURCE,PRIMARY_OR_UNRESOLVED,NOT_YET_COPIED,EXP-012,CAN-F2-B,True,False,False,True,False,,UNCLASSIFIED,REFERENCE_COPY_OR_PROVENANCE,C:\RSOS\Training data\F2_BR0_FULL_FINGERPRINT_RECOVERY,PHASE8B_R2
C:\RSOS\Training data\F2_BR0_FULL_FINGERPRINT_RECOVERY\F2_BR1_REVIEW_BUNDLE\F1_DEV_R4_V12_GRAPH_CALIBRATION\02_AUTHENTIC_EDGE_PERTURBATIONS\AUTHENTIC_V12_PERTURBATION_SUMMARY.csv,AUTHENTIC_V12_PERTURBATION_SUMMARY.csv,.csv,272,2026-09-11T22:12:18.1793417Z,2026-09-11T17:47:19.6376468Z,RESULT_OR_OUTPUT,PRIMARY_OR_UNRESOLVED,NOT_YET_COPIED,EXP-012,CAN-F2-B,True,False,False,True,False,,05_OUTPUTS,REFERENCE_COPY_OR_PROVENANCE,C:\RSOS\Training data\F2_BR0_FULL_FINGERPRINT_RECOVERY,PHASE8B_R2
C:\RSOS\Training data\F2_BR0_FULL_FINGERPRINT_RECOVERY\F2_BR1_REVIEW_BUNDLE\F1_DEV_R4_V12_GRAPH_CALIBRATION\03_CROSS_TOPOLOGY_GENERALIZATION\CROSS_TOPOLOGY_GENERALIZATION_RESULT.csv,CROSS_TOPOLOGY_GENERALIZATION_RESULT.csv,.csv,228,2026-09-11T22:12:18.1903349Z,2026-09-11T17:47:38.2806729Z,RESULT_OR_OUTPUT,PRIMARY_OR_UNRESOLVED,NOT_YET_COPIED,EXP-012,CAN-F2-B,True,False,False,True,False,,06_DIAGNOSTIC,REFERENCE_COPY_OR_PROVENANCE,C:\RSOS\Training data\F2_BR0_FULL_FINGERPRINT_RECOVERY,PHASE8B_R2
C:\RSOS\Training data\F2_BR0_FULL_FINGERPRINT_RECOVERY\F2_BR1_REVIEW_BUNDLE\F1_DEV_R4_V12_GRAPH_CALIBRATION\04_LEAVE_FAMILY_OUT\LEAVE_PERTURBATION_FAMILY_OUT.csv,LEAVE_PERTURBATION_FAMILY_OUT.csv,.csv,221,2026-09-11T22:12:18.1953340Z,2026-09-11T17:47:41.1569584Z,OTHER_SOURCE,PRIMARY_OR_UNRESOLVED,NOT_YET_COPIED,EXP-012,CAN-F2-B,True,False,False,True,False,,UNCLASSIFIED,REFERENCE_COPY_OR_PROVENANCE,C:\RSOS\Training data\F2_BR0_FULL_FINGERPRINT_RECOVERY,PHASE8B_R2
C:\RSOS\Training data\F2_BR0_FULL_FINGERPRINT_RECOVERY\F2_BR1_REVIEW_BUNDLE\F1_DEV_R4_V12_GRAPH_CALIBRATION\05_NO_SILENT_OMISSION\NO_SILENT_OMISSION_LEDGER.csv,NO_SILENT_OMISSION_LEDGER.csv,.csv,1304,2026-09-11T22:12:18.2014556Z,2026-09-11T17:47:41.1589490Z,OTHER_SOURCE,PRIMARY_OR_UNRESOLVED,NOT_YET_COPIED,EXP-012,CAN-F2-B,True,False,False,True,False,,UNCLASSIFIED,REFERENCE_COPY_OR_PROVENANCE,C:\RSOS\Training data\F2_BR0_FULL_FINGERPRINT_RECOVERY,PHASE8B_R2
C:\RSOS\Training data\F2_BR0_FULL_FINGERPRINT_RECOVERY\F2_BR1_REVIEW_BUNDLE\F1_DEV_R4_V12_GRAPH_CALIBRATION\06_FROZEN_MODELS\CROSS_TOPOLOGY_CLASSIFIER.joblib,CROSS_TOPOLOGY_CLASSIFIER.joblib,.joblib,264696,2026-09-11T22:12:18.2074528Z,2026-09-11T17:47:38.4345281Z,RESULT_OR_OUTPUT,PRIMARY_OR_UNRESOLVED,NOT_YET_COPIED,EXP-012,CAN-F2-B,True,False,False,True,False,,06_DIAGNOSTIC,REFERENCE_COPY_OR_PROVENANCE,C:\RSOS\Training data\F2_BR0_FULL_FINGERPRINT_RECOVERY,PHASE8B_R2
C:\RSOS\Training data\F2_BR0_FULL_FINGERPRINT_RECOVERY\F2_BR1_REVIEW_BUNDLE\F1_DEV_R4_V12_GRAPH_CALIBRATION\F1_DEV_R4_COMPLETE.marker,F1_DEV_R4_COMPLETE.marker,.marker,133,2026-09-11T22:12:18.1194453Z,2026-09-11T17:47:41.3391849Z,AUTHORITY_OR_FREEZE,PRIMARY_OR_UNRESOLVED,NOT_YET_COPIED,EXP-012,CAN-F2-B,True,False,False,True,False,,09_FREEZE,REFERENCE_COPY_OR_PROVENANCE,C:\RSOS\Training data\F2_BR0_FULL_FINGERPRINT_RECOVERY,PHASE8B_R2
C:\RSOS\Training data\F2_BR0_FULL_FINGERPRINT_RECOVERY\F2_BR1_REVIEW_BUNDLE\F1_DEV_R4_V12_GRAPH_CALIBRATION\RUN_F1_DEV_R4_V12_GRAPH_CALIBRATION.py,RUN_F1_DEV_R4_V12_GRAPH_CALIBRATION.py,.py,21031,2026-09-11T22:12:18.1284592Z,2026-09-11T14:27:34.0000000Z,RUNNER,PRIMARY_OR_UNRESOLVED,NOT_YET_COPIED,EXP-012,CAN-F2-B,True,False,False,True,False,,03_RUNNER,REFERENCE_COPY_OR_PROVENANCE,C:\RSOS\Training data\F2_BR0_FULL_FINGERPRINT_RECOVERY,PHASE8B_R2
C:\RSOS\Training data\F2_BR0_FULL_FINGERPRINT_RECOVERY\F2_BR1_REVIEW_BUNDLE\F1_DEV_R4_V12_GRAPH_CALIBRATION\RUN_F1_DEV_R4_V12_GRAPH_CALIBRATION.ps1,RUN_F1_DEV_R4_V12_GRAPH_CALIBRATION.ps1,.ps1,2191,2026-09-11T22:12:18.1244610Z,2026-09-11T14:27:34.0000000Z,RUNNER,PRIMARY_OR_UNRESOLVED,NOT_YET_COPIED,EXP-012,CAN-F2-B,True,False,False,True,False,,03_RUNNER,REFERENCE_COPY_OR_PROVENANCE,C:\RSOS\Training data\F2_BR0_FULL_FINGERPRINT_RECOVERY,PHASE8B_R2
C:\RSOS\Training data\F2_BR0_FULL_FINGERPRINT_RECOVERY\F2_BR1_REVIEW_BUNDLE\F1_DEV_R5_V12_SPECIFICITY_OPERATOR\00_MANIFEST\AUTHENTIC_V12_FROZEN_SIGNATURE.csv,AUTHENTIC_V12_FROZEN_SIGNATURE.csv,.csv,752,2026-09-11T22:12:18.2315532Z,2026-09-11T18:06:57.4598039Z,AUTHORITY_OR_FREEZE,PRIMARY_OR_UNRESOLVED,NOT_YET_COPIED,EXP-012,CAN-F2-B,True,False,False,True,False,,09_FREEZE,REFERENCE_COPY_OR_PROVENANCE,C:\RSOS\Training data\F2_BR0_FULL_FINGERPRINT_RECOVERY,PHASE8B_R2
C:\RSOS\Training data\F2_BR0_FULL_FINGERPRINT_RECOVERY\F2_BR1_REVIEW_BUNDLE\F1_DEV_R5_V12_SPECIFICITY_OPERATOR\00_MANIFEST\ENVIRONMENT.json,ENVIRONMENT.json,.json,280,2026-09-11T22:12:18.2356797Z,2026-09-11T18:06:57.5832568Z,OTHER_SOURCE,PRIMARY_OR_UNRESOLVED,NOT_YET_COPIED,EXP-012,CAN-F2-B,True,False,False,True,False,,UNCLASSIFIED,REFERENCE_COPY_OR_PROVENANCE,C:\RSOS\Training data\F2_BR0_FULL_FINGERPRINT_RECOVERY,PHASE8B_R2
C:\RSOS\Training data\F2_BR0_FULL_FINGERPRINT_RECOVERY\F2_BR1_REVIEW_BUNDLE\F1_DEV_R5_V12_SPECIFICITY_OPERATOR\00_MANIFEST\FINAL_ZIP_SHA256.txt,FINAL_ZIP_SHA256.txt,.txt,66,2026-09-11T22:12:18.2396781Z,2026-09-11T18:06:59.8785947Z,AUTHORITY_OR_FREEZE,PRIMARY_OR_UNRESOLVED,NOT_YET_COPIED,EXP-012,CAN-F2-B,True,False,False,True,False,,09_FREEZE,REFERENCE_COPY_OR_PROVENANCE,C:\RSOS\Training data\F2_BR0_FULL_FINGERPRINT_RECOVERY,PHASE8B_R2
C:\RSOS\Training data\F2_BR0_FULL_FINGERPRINT_RECOVERY\F2_BR1_REVIEW_BUNDLE\F1_DEV_R5_V12_SPECIFICITY_OPERATOR\00_MANIFEST\OUTPUT_SHA256_MANIFEST.csv,OUTPUT_SHA256_MANIFEST.csv,.csv,2731,2026-09-11T22:12:18.2458368Z,2026-09-11T18:06:57.7807417Z,RESULT_OR_OUTPUT,PRIMARY_OR_UNRESOLVED,NOT_YET_COPIED,EXP-012,CAN-F2-B,True,False,False,True,False,,09_FREEZE,REFERENCE_COPY_OR_PROVENANCE,C:\RSOS\Training data\F2_BR0_FULL_FINGERPRINT_RECOVERY,PHASE8B_R2
C:\RSOS\Training data\F2_BR0_FULL_FINGERPRINT_RECOVERY\F2_BR1_REVIEW_BUNDLE\F1_DEV_R5_V12_SPECIFICITY_OPERATOR\00_MANIFEST\PYTHON_RUNNER_SHA256.txt,PYTHON_RUNNER_SHA256.txt,.txt,66,2026-09-11T22:12:18.2538307Z,2026-09-11T18:06:57.5852559Z,OTHER_SOURCE,PRIMARY_OR_UNRESOLVED,NOT_YET_COPIED,EXP-012,CAN-F2-B,True,False,False,True,False,,09_FREEZE,REFERENCE_COPY_OR_PROVENANCE,C:\RSOS\Training data\F2_BR0_FULL_FINGERPRINT_RECOVERY,PHASE8B_R2
C:\RSOS\Training data\F2_BR0_FULL_FINGERPRINT_RECOVERY\F2_BR1_REVIEW_BUNDLE\F1_DEV_R5_V12_SPECIFICITY_OPERATOR\00_MANIFEST\POWERSHELL_RUNNER_SHA256.txt,POWERSHELL_RUNNER_SHA256.txt,.txt,66,2026-09-11T22:12:18.2498326Z,2026-09-11T18:06:58.3389042Z,OTHER_SOURCE,PRIMARY_OR_UNRESOLVED,NOT_YET_COPIED,EXP-012,CAN-F2-B,True,False,False,True,False,,09_FREEZE,REFERENCE_COPY_OR_PROVENANCE,C:\RSOS\Training data\F2_BR0_FULL_FINGERPRINT_RECOVERY,PHASE8B_R2
C:\RSOS\Training data\F2_BR0_FULL_FINGERPRINT_RECOVERY\F2_BR1_REVIEW_BUNDLE\F1_DEV_R5_V12_SPECIFICITY_OPERATOR\00_MANIFEST\R5_SUMMARY.json,R5_SUMMARY.json,.json,1469,2026-09-11T22:12:18.2608262Z,2026-09-11T18:06:57.4677992Z,RESULT_OR_OUTPUT,PRIMARY_OR_UNRESOLVED,NOT_YET_COPIED,EXP-012,CAN-F2-B,True,False,False,True,False,,05_OUTPUTS,REFERENCE_COPY_OR_PROVENANCE,C:\RSOS\Training data\F2_BR0_FULL_FINGERPRINT_RECOVERY,PHASE8B_R2
C:\RSOS\Training data\F2_BR0_FULL_FINGERPRINT_RECOVERY\F2_BR1_REVIEW_BUNDLE\F1_DEV_R5_V12_SPECIFICITY_OPERATOR\00_MANIFEST\R5_SUMMARY.txt,R5_SUMMARY.txt,.txt,533,2026-09-11T22:12:18.2658238Z,2026-09-11T18:06:57.4687996Z,RESULT_OR_OUTPUT,PRIMARY_OR_UNRESOLVED,NOT_YET_COPIED,EXP-012,CAN-F2-B,True,False,False,True,False,,05_OUTPUTS,REFERENCE_COPY_OR_PROVENANCE,C:\RSOS\Training data\F2_BR0_FULL_FINGERPRINT_RECOVERY,PHASE8B_R2
C:\RSOS\Training data\F2_BR0_FULL_FINGERPRINT_RECOVERY\F2_BR1_REVIEW_BUNDLE\F1_DEV_R5_V12_SPECIFICITY_OPERATOR\01_GRAPH_SPECIFICITY\GRAPH_FINGERPRINT_COLLISIONS.csv,GRAPH_FINGERPRINT_COLLISIONS.csv,.csv,427,2026-09-11T22:12:18.2708214Z,2026-09-11T18:05:07.2442707Z,OTHER_SOURCE,PRIMARY_OR_UNRESOLVED,NOT_YET_COPIED,EXP-012,CAN-F2-B,True,False,False,True,False,,UNCLASSIFIED,REFERENCE_COPY_OR_PROVENANCE,C:\RSOS\Training data\F2_BR0_FULL_FINGERPRINT_RECOVERY,PHASE8B_R2
C:\RSOS\Training data\F2_BR0_FULL_FINGERPRINT_RECOVERY\F2_BR1_REVIEW_BUNDLE\F1_DEV_R5_V12_SPECIFICITY_OPERATOR\01_GRAPH_SPECIFICITY\GRAPH_SPECIFICITY_SUMMARY.csv,GRAPH_SPECIFICITY_SUMMARY.csv,.csv,196,2026-09-11T22:12:18.2768173Z,2026-09-11T18:05:07.2494382Z,RESULT_OR_OUTPUT,PRIMARY_OR_UNRESOLVED,NOT_YET_COPIED,EXP-012,CAN-F2-B,True,False,False,True,False,,05_OUTPUTS,REFERENCE_COPY_OR_PROVENANCE,C:\RSOS\Training data\F2_BR0_FULL_FINGERPRINT_RECOVERY,PHASE8B_R2
C:\RSOS\Training data\F2_BR0_FULL_FINGERPRINT_RECOVERY\F2_BR1_REVIEW_BUNDLE\F1_DEV_R5_V12_SPECIFICITY_OPERATOR\02_OPERATOR_SPECIFICITY\OPERATOR_SIGNATURE_COLLISIONS.csv,OPERATOR_SIGNATURE_COLLISIONS.csv,.csv,362,2026-09-11T22:12:18.2818151Z,2026-09-11T18:05:32.2960383Z,OTHER_SOURCE,PRIMARY_OR_UNRESOLVED,NOT_YET_COPIED,EXP-012,CAN-F2-B,True,False,False,True,False,,UNCLASSIFIED,REFERENCE_COPY_OR_PROVENANCE,C:\RSOS\Training data\F2_BR0_FULL_FINGERPRINT_RECOVERY,PHASE8B_R2
C:\RSOS\Training data\F2_BR0_FULL_FINGERPRINT_RECOVERY\F2_BR1_REVIEW_BUNDLE\F1_DEV_R5_V12_SPECIFICITY_OPERATOR\02_OPERATOR_SPECIFICITY\OPERATOR_SPECIFICITY_SUMMARY.csv,OPERATOR_SPECIFICITY_SUMMARY.csv,.csv,226,2026-09-11T22:12:18.2858130Z,2026-09-11T18:05:32.3018577Z,RESULT_OR_OUTPUT,PRIMARY_OR_UNRESOLVED,NOT_YET_COPIED,EXP-012,CAN-F2-B,True,False,False,True,False,,05_OUTPUTS,REFERENCE_COPY_OR_PROVENANCE,C:\RSOS\Training data\F2_BR0_FULL_FINGERPRINT_RECOVERY,PHASE8B_R2
C:\RSOS\Training data\F2_BR0_FULL_FINGERPRINT_RECOVERY\F2_BR1_REVIEW_BUNDLE\F1_DEV_R5_V12_SPECIFICITY_OPERATOR\03_COMBINED_COLLISION\COMBINED_SIGNATURE_COLLISIONS.csv,COMBINED_SIGNATURE_COLLISIONS.csv,.csv,362,2026-09-11T22:12:18.2928098Z,2026-09-11T18:06:57.4150636Z,OTHER_SOURCE,PRIMARY_OR_UNRESOLVED,NOT_YET_COPIED,EXP-012,CAN-F2-B,True,False,False,True,False,,UNCLASSIFIED,REFERENCE_COPY_OR_PROVENANCE,C:\RSOS\Training data\F2_BR0_FULL_FINGERPRINT_RECOVERY,PHASE8B_R2
C:\RSOS\Training data\F2_BR0_FULL_FINGERPRINT_RECOVERY\F2_BR1_REVIEW_BUNDLE\F1_DEV_R5_V12_SPECIFICITY_OPERATOR\03_COMBINED_COLLISION\COMBINED_SPECIFICITY_SUMMARY.csv,COMBINED_SPECIFICITY_SUMMARY.csv,.csv,223,2026-09-11T22:12:18.2968067Z,2026-09-11T18:06:57.4240802Z,RESULT_OR_OUTPUT,PRIMARY_OR_UNRESOLVED,NOT_YET_COPIED,EXP-012,CAN-F2-B,True,False,False,True,False,,05_OUTPUTS,REFERENCE_COPY_OR_PROVENANCE,C:\RSOS\Training data\F2_BR0_FULL_FINGERPRINT_RECOVERY,PHASE8B_R2
C:\RSOS\Training data\F2_BR0_FULL_FINGERPRINT_RECOVERY\F2_BR1_REVIEW_BUNDLE\F1_DEV_R5_V12_SPECIFICITY_OPERATOR\04_ADVERSARIAL_NEAREST_CONTROLS\TOP100_NEAREST_COMBINED_CONTROLS.csv,TOP100_NEAREST_COMBINED_CONTROLS.csv,.csv,39032,2026-09-11T22:12:18.3020094Z,2026-09-11T18:06:57.4578283Z,OTHER_SOURCE,PRIMARY_OR_UNRESOLVED,NOT_YET_COPIED,EXP-012,CAN-F2-B,True,False,False,True,False,,00_CONTROL,REFERENCE_COPY_OR_PROVENANCE,C:\RSOS\Training data\F2_BR0_FULL_FINGERPRINT_RECOVERY,PHASE8B_R2
C:\RSOS\Training data\F2_BR0_FULL_FINGERPRINT_RECOVERY\F2_BR1_REVIEW_BUNDLE\F1_DEV_R5_V12_SPECIFICITY_OPERATOR\04_ADVERSARIAL_NEAREST_CONTROLS\TOP100_NEAREST_GRAPH_CONTROLS.csv,TOP100_NEAREST_GRAPH_CONTROLS.csv,.csv,30821,2026-09-11T22:12:18.3080061Z,2026-09-11T18:06:57.4406464Z,OTHER_SOURCE,PRIMARY_OR_UNRESOLVED,NOT_YET_COPIED,EXP-012,CAN-F2-B,True,False,False,True,False,,00_CONTROL,REFERENCE_COPY_OR_PROVENANCE,C:\RSOS\Training data\F2_BR0_FULL_FINGERPRINT_RECOVERY,PHASE8B_R2
C:\RSOS\Training data\F2_BR0_FULL_FINGERPRINT_RECOVERY\F2_BR1_REVIEW_BUNDLE\F1_DEV_R5_V12_SPECIFICITY_OPERATOR\04_ADVERSARIAL_NEAREST_CONTROLS\TOP100_NEAREST_OPERATOR_CONTROLS.csv,TOP100_NEAREST_OPERATOR_CONTROLS.csv,.csv,19392,2026-09-11T22:12:18.3140017Z,2026-09-11T18:06:57.4506518Z,OTHER_SOURCE,PRIMARY_OR_UNRESOLVED,NOT_YET_COPIED,EXP-012,CAN-F2-B,True,False,False,True,False,,00_CONTROL,REFERENCE_COPY_OR_PROVENANCE,C:\RSOS\Training data\F2_BR0_FULL_FINGERPRINT_RECOVERY,PHASE8B_R2
C:\RSOS\Training data\F2_BR0_FULL_FINGERPRINT_RECOVERY\F2_BR1_REVIEW_BUNDLE\F1_DEV_R5_V12_SPECIFICITY_OPERATOR\05_NO_SILENT_OMISSION\NO_SILENT_OMISSION_LEDGER.csv,NO_SILENT_OMISSION_LEDGER.csv,.csv,1408,2026-09-11T22:12:18.3189999Z,2026-09-11T18:06:57.4618037Z,OTHER_SOURCE,PRIMARY_OR_UNRESOLVED,NOT_YET_COPIED,EXP-012,CAN-F2-B,True,False,False,True,False,,UNCLASSIFIED,REFERENCE_COPY_OR_PROVENANCE,C:\RSOS\Training data\F2_BR0_FULL_FINGERPRINT_RECOVERY,PHASE8B_R2
C:\RSOS\Training data\F2_BR0_FULL_FINGERPRINT_RECOVERY\F2_BR1_REVIEW_BUNDLE\F1_DEV_R5_V12_SPECIFICITY_OPERATOR\F1_DEV_R5_COMPLETE.marker,F1_DEV_R5_COMPLETE.marker,.marker,136,2026-09-11T22:12:18.2155624Z,2026-09-11T18:06:57.7817397Z,AUTHORITY_OR_FREEZE,PRIMARY_OR_UNRESOLVED,NOT_YET_COPIED,EXP-012,CAN-F2-B,True,False,False,True,False,,09_FREEZE,REFERENCE_COPY_OR_PROVENANCE,C:\RSOS\Training data\F2_BR0_FULL_FINGERPRINT_RECOVERY,PHASE8B_R2
C:\RSOS\Training data\F2_BR0_FULL_FINGERPRINT_RECOVERY\F2_BR1_REVIEW_BUNDLE\F1_DEV_R5_V12_SPECIFICITY_OPERATOR\RUN_F1_DEV_R5_V12_SPECIFICITY_OPERATOR.py,RUN_F1_DEV_R5_V12_SPECIFICITY_OPERATOR.py,.py,24155,2026-09-11T22:12:18.2255558Z,2026-09-11T15:02:56.0000000Z,RUNNER,PRIMARY_OR_UNRESOLVED,NOT_YET_COPIED,EXP-012,CAN-F2-B,True,False,False,True,False,,03_RUNNER,REFERENCE_COPY_OR_PROVENANCE,C:\RSOS\Training data\F2_BR0_FULL_FINGERPRINT_RECOVERY,PHASE8B_R2
C:\RSOS\Training data\F2_BR0_FULL_FINGERPRINT_RECOVERY\F2_BR1_REVIEW_BUNDLE\F1_DEV_R5_V12_SPECIFICITY_OPERATOR\RUN_F1_DEV_R5_V12_SPECIFICITY_OPERATOR.ps1,RUN_F1_DEV_R5_V12_SPECIFICITY_OPERATOR.ps1,.ps1,1924,2026-09-11T22:12:18.2195615Z,2026-09-11T15:02:56.0000000Z,RUNNER,PRIMARY_OR_UNRESOLVED,NOT_YET_COPIED,EXP-012,CAN-F2-B,True,False,False,True,False,,03_RUNNER,REFERENCE_COPY_OR_PROVENANCE,C:\RSOS\Training data\F2_BR0_FULL_FINGERPRINT_RECOVERY,PHASE8B_R2
C:\RSOS\Training data\F2_BR0_FULL_FINGERPRINT_RECOVERY\F2_BR1_REVIEW_BUNDLE\V11_OPENAI_RELATIONAL_GRAPH_FINGERPRINT_FINAL\00_FROZEN_RUNNER.py,00_FROZEN_RUNNER.py,.py,88547,2026-09-11T22:12:18.3299937Z,2026-09-11T00:59:48.6035100Z,AUTHORITY_OR_FREEZE|RUNNER,PRIMARY_OR_UNRESOLVED,NOT_YET_COPIED,EXP-012,CAN-F2-B,True,False,False,True,False,,09_FREEZE,REFERENCE_COPY_OR_PROVENANCE,C:\RSOS\Training data\F2_BR0_FULL_FINGERPRINT_RECOVERY,PHASE8B_R2
C:\RSOS\Training data\F2_BR0_FULL_FINGERPRINT_RECOVERY\F2_BR1_REVIEW_BUNDLE\V11_OPENAI_RELATIONAL_GRAPH_FINGERPRINT_FINAL\00_RUNNER_SHA256.txt,00_RUNNER_SHA256.txt,.txt,66,2026-09-11T22:12:18.3349925Z,2026-09-11T00:59:48.6035100Z,OTHER_SOURCE,PRIMARY_OR_UNRESOLVED,NOT_YET_COPIED,EXP-012,CAN-F2-B,True,False,False,True,False,,09_FREEZE,REFERENCE_COPY_OR_PROVENANCE,C:\RSOS\Training data\F2_BR0_FULL_FINGERPRINT_RECOVERY,PHASE8B_R2
C:\RSOS\Training data\F2_BR0_FULL_FINGERPRINT_RECOVERY\F2_BR1_REVIEW_BUNDLE\V11_OPENAI_RELATIONAL_GRAPH_FINGERPRINT_FINAL\00A_VALID_TEXT_COMPLETENESS.json,00A_VALID_TEXT_COMPLETENESS.json,.json,122,2026-09-11T22:12:18.3259959Z,2026-09-11T02:42:32.4459267Z,AUTHORITY_OR_FREEZE,PRIMARY_OR_UNRESOLVED,NOT_YET_COPIED,EXP-012,CAN-F2-B,True,False,False,True,False,,09_FREEZE,REFERENCE_COPY_OR_PROVENANCE,C:\RSOS\Training data\F2_BR0_FULL_FINGERPRINT_RECOVERY,PHASE8B_R2
C:\RSOS\Training data\F2_BR0_FULL_FINGERPRINT_RECOVERY\F2_BR1_REVIEW_BUNDLE\V11_OPENAI_RELATIONAL_GRAPH_FINGERPRINT_FINAL\02_ERRORS.jsonl,02_ERRORS.jsonl,.jsonl,0,2026-09-11T22:12:18.3409886Z,2026-09-11T00:59:58.3860923Z,OTHER_SOURCE,PRIMARY_OR_UNRESOLVED,NOT_YET_COPIED,EXP-012,CAN-F2-B,True,False,False,True,False,,06_DIAGNOSTIC,REFERENCE_COPY_OR_PROVENANCE,C:\RSOS\Training data\F2_BR0_FULL_FINGERPRINT_RECOVERY,PHASE8B_R2
C:\RSOS\Training data\F2_BR0_FULL_FINGERPRINT_RECOVERY\F2_BR1_REVIEW_BUNDLE\V11_OPENAI_RELATIONAL_GRAPH_FINGERPRINT_FINAL\03_FROZEN_SPECIFICATION.json,03_FROZEN_SPECIFICATION.json,.json,2047,2026-09-11T22:12:18.3439868Z,2026-09-11T00:59:48.7545719Z,AUTHORITY_OR_FREEZE|PROTOCOL_OR_METHOD,PRIMARY_OR_UNRESOLVED,NOT_YET_COPIED,EXP-012,CAN-F2-B,True,False,False,True,False,,09_FREEZE,REFERENCE_COPY_OR_PROVENANCE,C:\RSOS\Training data\F2_BR0_FULL_FINGERPRINT_RECOVERY,PHASE8B_R2
C:\RSOS\Training data\F2_BR0_FULL_FINGERPRINT_RECOVERY\F2_BR1_REVIEW_BUNDLE\V11_OPENAI_RELATIONAL_GRAPH_FINGERPRINT_FINAL\04_FROZEN_SPECIFICATION_SHA256.txt,04_FROZEN_SPECIFICATION_SHA256.txt,.txt,66,2026-09-11T22:12:18.3489841Z,2026-09-11T00:59:48.7545719Z,AUTHORITY_OR_FREEZE|PROTOCOL_OR_METHOD,PRIMARY_OR_UNRESOLVED,NOT_YET_COPIED,EXP-012,CAN-F2-B,True,False,False,True,False,,09_FREEZE,REFERENCE_COPY_OR_PROVENANCE,C:\RSOS\Training data\F2_BR0_FULL_FINGERPRINT_RECOVERY,PHASE8B_R2
C:\RSOS\Training data\F2_BR0_FULL_FINGERPRINT_RECOVERY\F2_BR1_REVIEW_BUNDLE\V11_OPENAI_RELATIONAL_GRAPH_FINGERPRINT_FINAL\05_FROZEN_PROMPTS.csv,05_FROZEN_PROMPTS.csv,.csv,1652924,2026-09-11T22:12:18.3529799Z,2026-09-11T00:59:58.3523999Z,AUTHORITY_OR_FREEZE,PRIMARY_OR_UNRESOLVED,NOT_YET_COPIED,EXP-012,CAN-F2-B,True,False,False,True,False,,09_FREEZE,REFERENCE_COPY_OR_PROVENANCE,C:\RSOS\Training data\F2_BR0_FULL_FINGERPRINT_RECOVERY,PHASE8B_R2
C:\RSOS\Training data\F2_BR0_FULL_FINGERPRINT_RECOVERY\F2_BR1_REVIEW_BUNDLE\V11_OPENAI_RELATIONAL_GRAPH_FINGERPRINT_FINAL\06_RESPONSE_GRAPH_FEATURES.csv,06_RESPONSE_GRAPH_FEATURES.csv,.csv,623806,2026-09-11T22:12:18.3709711Z,2026-09-11T02:42:34.7620271Z,RESULT_OR_OUTPUT,PRIMARY_OR_UNRESOLVED,NOT_YET_COPIED,EXP-012,CAN-F2-B,True,False,False,True,False,,04_RAW,REFERENCE_COPY_OR_PROVENANCE,C:\RSOS\Training data\F2_BR0_FULL_FINGERPRINT_RECOVERY,PHASE8B_R2
C:\RSOS\Training data\F2_BR0_FULL_FINGERPRINT_RECOVERY\F2_BR1_REVIEW_BUNDLE\V11_OPENAI_RELATIONAL_GRAPH_FINGERPRINT_FINAL\07_SEED_LEVEL_GRAPH_VECTOR.csv,07_SEED_LEVEL_GRAPH_VECTOR.csv,.csv,241837,2026-09-11T22:12:18.3799657Z,2026-09-11T02:42:34.8979552Z,RESULT_OR_OUTPUT,PRIMARY_OR_UNRESOLVED,NOT_YET_COPIED,EXP-012,CAN-F2-B,True,False,False,True,False,,02_INPUTS,REFERENCE_COPY_OR_PROVENANCE,C:\RSOS\Training data\F2_BR0_FULL_FINGERPRINT_RECOVERY,PHASE8B_R2
C:\RSOS\Training data\F2_BR0_FULL_FINGERPRINT_RECOVERY\F2_BR1_REVIEW_BUNDLE\V11_OPENAI_RELATIONAL_GRAPH_FINGERPRINT_FINAL\08_CONDITION_RESULTS.csv,08_CONDITION_RESULTS.csv,.csv,8566,2026-09-11T22:12:18.3859823Z,2026-09-11T02:42:34.9786489Z,RESULT_OR_OUTPUT,PRIMARY_OR_UNRESOLVED,NOT_YET_COPIED,EXP-012,CAN-F2-B,True,False,False,True,False,,05_OUTPUTS,REFERENCE_COPY_OR_PROVENANCE,C:\RSOS\Training data\F2_BR0_FULL_FINGERPRINT_RECOVERY,PHASE8B_R2
C:\RSOS\Training data\F2_BR0_FULL_FINGERPRINT_RECOVERY\F2_BR1_REVIEW_BUNDLE\V11_OPENAI_RELATIONAL_GRAPH_FINGERPRINT_FINAL\14_CONTROL_MATCH_AUDIT.csv,14_CONTROL_MATCH_AUDIT.csv,.csv,92090,2026-09-11T22:12:18.3929775Z,2026-09-11T00:59:58.3860923Z,OTHER_SOURCE,PRIMARY_OR_UNRESOLVED,NOT_YET_COPIED,EXP-012,CAN-F2-B,True,False,False,True,False,,00_CONTROL,REFERENCE_COPY_OR_PROVENANCE,C:\RSOS\Training data\F2_BR0_FULL_FINGERPRINT_RECOVERY,PHASE8B_R2
C:\RSOS\Training data\F2_BR0_FULL_FINGERPRINT_RECOVERY\F2_BR1_REVIEW_BUNDLE\V11_OPENAI_RELATIONAL_GRAPH_FINGERPRINT_FINAL\15_MISSING_CELLS.csv,15_MISSING_CELLS.csv,.csv,10,2026-09-11T22:12:18.3979748Z,2026-09-11T02:42:32.4459267Z,OTHER_SOURCE,PRIMARY_OR_UNRESOLVED,NOT_YET_COPIED,EXP-012,CAN-F2-B,True,False,False,True,False,,04_RAW,REFERENCE_COPY_OR_PROVENANCE,C:\RSOS\Training data\F2_BR0_FULL_FINGERPRINT_RECOVERY,PHASE8B_R2
C:\RSOS\Training data\F2_BR0_FULL_FINGERPRINT_RECOVERY\F2_BR1_REVIEW_BUNDLE\V11_OPENAI_RELATIONAL_GRAPH_FINGERPRINT_FINAL\19_SOURCE_PROVENANCE.csv,19_SOURCE_PROVENANCE.csv,.csv,5086,2026-09-11T22:12:18.4031236Z,2026-09-11T00:59:48.7545719Z,OTHER_SOURCE,PRIMARY_OR_UNRESOLVED,NOT_YET_COPIED,EXP-012,CAN-F2-B,True,False,False,True,False,,02_INPUTS,REFERENCE_COPY_OR_PROVENANCE,C:\RSOS\Training data\F2_BR0_FULL_FINGERPRINT_RECOVERY,PHASE8B_R2
C:\RSOS\Training data\F2_BR0_FULL_FINGERPRINT_RECOVERY\F2_BR1_REVIEW_BUNDLE\V12_RELATIONAL_TOPOLOGY_CAUSAL_MAP_CLEAN\00_FROZEN_RUNNER.py,00_FROZEN_RUNNER.py,.py,140124,2026-09-11T22:12:18.4241026Z,2026-09-11T14:43:02.7208554Z,AUTHORITY_OR_FREEZE|RUNNER,PRIMARY_OR_UNRESOLVED,NOT_YET_COPIED,EXP-012,CAN-F2-B,True,False,False,True,True,EXP-009:CAN-V12-TOPOLOGY,09_FREEZE,REFERENCE_COPY_OR_PROVENANCE,C:\RSOS\Training data\F2_BR0_FULL_FINGERPRINT_RECOVERY,PHASE8B_R2
C:\RSOS\Training data\F2_BR0_FULL_FINGERPRINT_RECOVERY\F2_BR1_REVIEW_BUNDLE\V12_RELATIONAL_TOPOLOGY_CAUSAL_MAP_CLEAN\00_RUNNER_SHA256.txt,00_RUNNER_SHA256.txt,.txt,66,2026-09-11T22:12:18.4301018Z,2026-09-11T14:43:02.7208554Z,OTHER_SOURCE,PRIMARY_OR_UNRESOLVED,NOT_YET_COPIED,EXP-012,CAN-F2-B,True,False,False,True,True,EXP-009:CAN-V12-TOPOLOGY,09_FREEZE,REFERENCE_COPY_OR_PROVENANCE,C:\RSOS\Training data\F2_BR0_FULL_FINGERPRINT_RECOVERY,PHASE8B_R2
C:\RSOS\Training data\F2_BR0_FULL_FINGERPRINT_RECOVERY\F2_BR1_REVIEW_BUNDLE\V12_RELATIONAL_TOPOLOGY_CAUSAL_MAP_CLEAN\00B_SMOKE_TEST.json,00B_SMOKE_TEST.json,.json,1273,2026-09-11T22:12:18.4090984Z,2026-09-11T14:44:32.2252498Z,OTHER_SOURCE,PRIMARY_OR_UNRESOLVED,NOT_YET_COPIED,EXP-012,CAN-F2-B,True,False,False,True,True,EXP-009:CAN-V12-TOPOLOGY,UNCLASSIFIED,REFERENCE_COPY_OR_PROVENANCE,C:\RSOS\Training data\F2_BR0_FULL_FINGERPRINT_RECOVERY,PHASE8B_R2
C:\RSOS\Training data\F2_BR0_FULL_FINGERPRINT_RECOVERY\F2_BR1_REVIEW_BUNDLE\V12_RELATIONAL_TOPOLOGY_CAUSAL_MAP_CLEAN\00D_PREFLIGHT_SUMMARY.json,00D_PREFLIGHT_SUMMARY.json,.json,194,2026-09-11T22:12:18.4141165Z,2026-09-11T14:43:42.7326041Z,RESULT_OR_OUTPUT,PRIMARY_OR_UNRESOLVED,NOT_YET_COPIED,EXP-012,CAN-F2-B,True,False,False,True,True,EXP-009:CAN-V12-TOPOLOGY,05_OUTPUTS,REFERENCE_COPY_OR_PROVENANCE,C:\RSOS\Training data\F2_BR0_FULL_FINGERPRINT_RECOVERY,PHASE8B_R2
C:\RSOS\Training data\F2_BR0_FULL_FINGERPRINT_RECOVERY\F2_BR1_REVIEW_BUNDLE\V12_RELATIONAL_TOPOLOGY_CAUSAL_MAP_CLEAN\00E_ANALYSIS_SELFTEST.json,00E_ANALYSIS_SELFTEST.json,.json,1785,2026-09-11T22:12:18.4180957Z,2026-09-11T14:42:57.7587061Z,OTHER_SOURCE,PRIMARY_OR_UNRESOLVED,NOT_YET_COPIED,EXP-012,CAN-F2-B,True,False,False,True,True,EXP-009:CAN-V12-TOPOLOGY,UNCLASSIFIED,REFERENCE_COPY_OR_PROVENANCE,C:\RSOS\Training data\F2_BR0_FULL_FINGERPRINT_RECOVERY,PHASE8B_R2
C:\RSOS\Training data\F2_BR0_FULL_FINGERPRINT_RECOVERY\F2_BR1_REVIEW_BUNDLE\V12_RELATIONAL_TOPOLOGY_CAUSAL_MAP_CLEAN\03_FROZEN_SPECIFICATION.json,03_FROZEN_SPECIFICATION.json,.json,4968,2026-09-11T22:12:18.4350986Z,2026-09-11T14:43:02.7208554Z,AUTHORITY_OR_FREEZE|PROTOCOL_OR_METHOD,PRIMARY_OR_UNRESOLVED,NOT_YET_COPIED,EXP-012,CAN-F2-B,True,False,False,True,True,EXP-009:CAN-V12-TOPOLOGY,09_FREEZE,REFERENCE_COPY_OR_PROVENANCE,C:\RSOS\Training data\F2_BR0_FULL_FINGERPRINT_RECOVERY,PHASE8B_R2
C:\RSOS\Training data\F2_BR0_FULL_FINGERPRINT_RECOVERY\F2_BR1_REVIEW_BUNDLE\V12_RELATIONAL_TOPOLOGY_CAUSAL_MAP_CLEAN\04_FROZEN_SPECIFICATION_SHA256.txt,04_FROZEN_SPECIFICATION_SHA256.txt,.txt,66,2026-09-11T22:12:18.4390966Z,2026-09-11T14:43:02.7208554Z,AUTHORITY_OR_FREEZE|PROTOCOL_OR_METHOD,PRIMARY_OR_UNRESOLVED,NOT_YET_COPIED,EXP-012,CAN-F2-B,True,False,False,True,True,EXP-009:CAN-V12-TOPOLOGY,09_FREEZE,REFERENCE_COPY_OR_PROVENANCE,C:\RSOS\Training data\F2_BR0_FULL_FINGERPRINT_RECOVERY,PHASE8B_R2
C:\RSOS\Training data\F2_BR0_FULL_FINGERPRINT_RECOVERY\F2_BR1_REVIEW_BUNDLE\V12_RELATIONAL_TOPOLOGY_CAUSAL_MAP_CLEAN\14_CONTROL_MATCH_AUDIT.csv,14_CONTROL_MATCH_AUDIT.csv,.csv,155653,2026-09-11T22:12:18.4430954Z,2026-09-11T14:43:42.7246093Z,OTHER_SOURCE,PRIMARY_OR_UNRESOLVED,NOT_YET_COPIED,EXP-012,CAN-F2-B,True,False,False,True,True,EXP-009:CAN-V12-TOPOLOGY,00_CONTROL,REFERENCE_COPY_OR_PROVENANCE,C:\RSOS\Training data\F2_BR0_FULL_FINGERPRINT_RECOVERY,PHASE8B_R2
C:\RSOS\Training data\F2_BR0_FULL_FINGERPRINT_RECOVERY\F2_BR1_REVIEW_BUNDLE\V12_RELATIONAL_TOPOLOGY_CAUSAL_MAP_CLEAN\19_SOURCE_PROVENANCE.csv,19_SOURCE_PROVENANCE.csv,.csv,106,2026-09-11T22:12:18.4510868Z,2026-09-11T14:43:02.7208554Z,OTHER_SOURCE,PRIMARY_OR_UNRESOLVED,NOT_YET_COPIED,EXP-012,CAN-F2-B,True,False,False,True,True,EXP-009:CAN-V12-TOPOLOGY,02_INPUTS,REFERENCE_COPY_OR_PROVENANCE,C:\RSOS\Training data\F2_BR0_FULL_FINGERPRINT_RECOVERY,PHASE8B_R2
C:\RSOS\Training data\F2_BR0_FULL_FINGERPRINT_RECOVERY\F2_BR1_REVIEW_BUNDLE\V12_RELATIONAL_TOPOLOGY_CAUSAL_MAP_CLEAN\26_NATIVE_FROZEN_PROMPTS.csv,26_NATIVE_FROZEN_PROMPTS.csv,.csv,165400,2026-09-11T22:12:18.4550878Z,2026-09-11T14:43:42.7316048Z,AUTHORITY_OR_FREEZE,PRIMARY_OR_UNRESOLVED,NOT_YET_COPIED,EXP-012,CAN-F2-B,True,False,False,True,True,EXP-009:CAN-V12-TOPOLOGY,09_FREEZE,REFERENCE_COPY_OR_PROVENANCE,C:\RSOS\Training data\F2_BR0_FULL_FINGERPRINT_RECOVERY,PHASE8B_R2
C:\RSOS\Training data\F2_BR0_FULL_FINGERPRINT_RECOVERY\F2_BR1_REVIEW_BUNDLE\V6_CLEAN_FINGERPRINT_CONFIRMATORY_REPLICATION\00_FROZEN_RUNNER.py,00_FROZEN_RUNNER.py,.py,62743,2026-09-11T22:12:18.4670811Z,2026-09-10T22:16:38.0222926Z,AUTHORITY_OR_FREEZE|RUNNER,PRIMARY_OR_UNRESOLVED,NOT_YET_COPIED,EXP-012,CAN-F2-B,True,False,False,True,False,,09_FREEZE,REFERENCE_COPY_OR_PROVENANCE,C:\RSOS\Training data\F2_BR0_FULL_FINGERPRINT_RECOVERY,PHASE8B_R2
C:\RSOS\Training data\F2_BR0_FULL_FINGERPRINT_RECOVERY\F2_BR1_REVIEW_BUNDLE\V6_CLEAN_FINGERPRINT_CONFIRMATORY_REPLICATION\00_RUNNER_SHA256.txt,00_RUNNER_SHA256.txt,.txt,66,2026-09-11T22:12:18.4740765Z,2026-09-10T22:16:55.4765777Z,OTHER_SOURCE,PRIMARY_OR_UNRESOLVED,NOT_YET_COPIED,EXP-012,CAN-F2-B,True,False,False,True,False,,09_FREEZE,REFERENCE_COPY_OR_PROVENANCE,C:\RSOS\Training data\F2_BR0_FULL_FINGERPRINT_RECOVERY,PHASE8B_R2
C:\RSOS\Training data\F2_BR0_FULL_FINGERPRINT_RECOVERY\F2_BR1_REVIEW_BUNDLE\V6_CLEAN_FINGERPRINT_CONFIRMATORY_REPLICATION\00A_VALID_TEXT_COMPLETENESS.json,00A_VALID_TEXT_COMPLETENESS.json,.json,319,2026-09-11T22:12:18.4620807Z,2026-09-10T22:55:23.0680011Z,AUTHORITY_OR_FREEZE,PRIMARY_OR_UNRESOLVED,NOT_YET_COPIED,EXP-012,CAN-F2-B,True,False,False,True,False,,09_FREEZE,REFERENCE_COPY_OR_PROVENANCE,C:\RSOS\Training data\F2_BR0_FULL_FINGERPRINT_RECOVERY,PHASE8B_R2
C:\RSOS\Training data\F2_BR0_FULL_FINGERPRINT_RECOVERY\F2_BR1_REVIEW_BUNDLE\V6_CLEAN_FINGERPRINT_CONFIRMATORY_REPLICATION\03_FROZEN_SPECIFICATION.json,03_FROZEN_SPECIFICATION.json,.json,3442,2026-09-11T22:12:18.4785411Z,2026-09-10T22:16:55.4809830Z,AUTHORITY_OR_FREEZE|PROTOCOL_OR_METHOD,PRIMARY_OR_UNRESOLVED,NOT_YET_COPIED,EXP-012,CAN-F2-B,True,False,False,True,False,,09_FREEZE,REFERENCE_COPY_OR_PROVENANCE,C:\RSOS\Training data\F2_BR0_FULL_FINGERPRINT_RECOVERY,PHASE8B_R2
C:\RSOS\Training data\F2_BR0_FULL_FINGERPRINT_RECOVERY\F2_BR1_REVIEW_BUNDLE\V6_CLEAN_FINGERPRINT_CONFIRMATORY_REPLICATION\04_FROZEN_SPECIFICATION_SHA256.txt,04_FROZEN_SPECIFICATION_SHA256.txt,.txt,66,2026-09-11T22:12:18.4835399Z,2026-09-10T22:16:55.4819865Z,AUTHORITY_OR_FREEZE|PROTOCOL_OR_METHOD,PRIMARY_OR_UNRESOLVED,NOT_YET_COPIED,EXP-012,CAN-F2-B,True,False,False,True,False,,09_FREEZE,REFERENCE_COPY_OR_PROVENANCE,C:\RSOS\Training data\F2_BR0_FULL_FINGERPRINT_RECOVERY,PHASE8B_R2
C:\RSOS\Training data\F2_BR0_FULL_FINGERPRINT_RECOVERY\F2_BR1_REVIEW_BUNDLE\V6_CLEAN_FINGERPRINT_CONFIRMATORY_REPLICATION\05_FROZEN_PROMPTS.csv,05_FROZEN_PROMPTS.csv,.csv,2206537,2026-09-11T22:12:18.4895138Z,2026-09-10T22:16:55.5872521Z,AUTHORITY_OR_FREEZE,PRIMARY_OR_UNRESOLVED,NOT_YET_COPIED,EXP-012,CAN-F2-B,True,False,False,True,False,,09_FREEZE,REFERENCE_COPY_OR_PROVENANCE,C:\RSOS\Training data\F2_BR0_FULL_FINGERPRINT_RECOVERY,PHASE8B_R2
C:\RSOS\Training data\F2_BR0_FULL_FINGERPRINT_RECOVERY\F2_BR1_REVIEW_BUNDLE\V6_CLEAN_FINGERPRINT_CONFIRMATORY_REPLICATION\06_RESPONSE_FEATURE_VECTOR.csv,06_RESPONSE_FEATURE_VECTOR.csv,.csv,2193136,2026-09-11T22:12:18.5107437Z,2026-09-10T22:53:09.6850305Z,RESULT_OR_OUTPUT,PRIMARY_OR_UNRESOLVED,NOT_YET_COPIED,EXP-012,CAN-F2-B,True,False,False,True,False,,04_RAW,REFERENCE_COPY_OR_PROVENANCE,C:\RSOS\Training data\F2_BR0_FULL_FINGERPRINT_RECOVERY,PHASE8B_R2
C:\RSOS\Training data\F2_BR0_FULL_FINGERPRINT_RECOVERY\F2_BR1_REVIEW_BUNDLE\V6_CLEAN_FINGERPRINT_CONFIRMATORY_REPLICATION\07_SEED_LEVEL_VECTOR.csv,07_SEED_LEVEL_VECTOR.csv,.csv,320144,2026-09-11T22:12:18.5315726Z,2026-09-10T22:53:12.8508076Z,RESULT_OR_OUTPUT,PRIMARY_OR_UNRESOLVED,NOT_YET_COPIED,EXP-012,CAN-F2-B,True,False,False,True,False,,02_INPUTS,REFERENCE_COPY_OR_PROVENANCE,C:\RSOS\Training data\F2_BR0_FULL_FINGERPRINT_RECOVERY,PHASE8B_R2
C:\RSOS\Training data\F2_BR0_FULL_FINGERPRINT_RECOVERY\F2_BR1_REVIEW_BUNDLE\V6_CLEAN_FINGERPRINT_CONFIRMATORY_REPLICATION\08_CONDITION_RESULTS.csv,08_CONDITION_RESULTS.csv,.csv,1794,2026-09-11T22:12:18.5395685Z,2026-09-10T22:53:12.8682565Z,RESULT_OR_OUTPUT,PRIMARY_OR_UNRESOLVED,NOT_YET_COPIED,EXP-012,CAN-F2-B,True,False,False,True,False,,05_OUTPUTS,REFERENCE_COPY_OR_PROVENANCE,C:\RSOS\Training data\F2_BR0_FULL_FINGERPRINT_RECOVERY,PHASE8B_R2
C:\RSOS\Training data\F2_BR0_FULL_FINGERPRINT_RECOVERY\F2_BR1_REVIEW_BUNDLE\V6_CLEAN_FINGERPRINT_CONFIRMATORY_REPLICATION\09_COORDINATE_CONTRASTS.csv,09_COORDINATE_CONTRASTS.csv,.csv,2163,2026-09-11T22:12:18.5435662Z,2026-09-10T22:54:18.9631069Z,RESULT_OR_OUTPUT,PRIMARY_OR_UNRESOLVED,NOT_YET_COPIED,EXP-012,CAN-F2-B,True,False,False,True,False,,05_OUTPUTS,REFERENCE_COPY_OR_PROVENANCE,C:\RSOS\Training data\F2_BR0_FULL_FINGERPRINT_RECOVERY,PHASE8B_R2
C:\RSOS\Training data\F2_BR0_FULL_FINGERPRINT_RECOVERY\F2_BR1_REVIEW_BUNDLE\V6_CLEAN_FINGERPRINT_CONFIRMATORY_REPLICATION\10_SPLIT_REPLICATION.csv,10_SPLIT_REPLICATION.csv,.csv,967,2026-09-11T22:12:18.5475639Z,2026-09-10T22:55:14.3859109Z,OTHER_SOURCE,PRIMARY_OR_UNRESOLVED,NOT_YET_COPIED,EXP-012,CAN-F2-B,True,False,False,True,False,,UNCLASSIFIED,REFERENCE_COPY_OR_PROVENANCE,C:\RSOS\Training data\F2_BR0_FULL_FINGERPRINT_RECOVERY,PHASE8B_R2
C:\RSOS\Training data\F2_BR0_FULL_FINGERPRINT_RECOVERY\F2_BR1_REVIEW_BUNDLE\V6_CLEAN_FINGERPRINT_CONFIRMATORY_REPLICATION\11_FINGERPRINT_CLASSIFIER.csv,11_FINGERPRINT_CLASSIFIER.csv,.csv,197,2026-09-11T22:12:18.5535604Z,2026-09-10T22:55:14.7177325Z,RESULT_OR_OUTPUT,PRIMARY_OR_UNRESOLVED,NOT_YET_COPIED,EXP-012,CAN-F2-B,True,False,False,True,False,,05_OUTPUTS,REFERENCE_COPY_OR_PROVENANCE,C:\RSOS\Training data\F2_BR0_FULL_FINGERPRINT_RECOVERY,PHASE8B_R2
C:\RSOS\Training data\F2_BR0_FULL_FINGERPRINT_RECOVERY\F2_BR1_REVIEW_BUNDLE\V6_CLEAN_FINGERPRINT_CONFIRMATORY_REPLICATION\12_HELDOUT_GENERALIZATION.csv,12_HELDOUT_GENERALIZATION.csv,.csv,104,2026-09-11T22:12:18.5585574Z,2026-09-10T22:55:18.9154648Z,OTHER_SOURCE,PRIMARY_OR_UNRESOLVED,NOT_YET_COPIED,EXP-012,CAN-F2-B,True,False,False,True,False,,UNCLASSIFIED,REFERENCE_COPY_OR_PROVENANCE,C:\RSOS\Training data\F2_BR0_FULL_FINGERPRINT_RECOVERY,PHASE8B_R2
C:\RSOS\Training data\F2_BR0_FULL_FINGERPRINT_RECOVERY\F2_BR1_REVIEW_BUNDLE\V6_CLEAN_FINGERPRINT_CONFIRMATORY_REPLICATION\14_ABLATION_GRADIENT.csv,14_ABLATION_GRADIENT.csv,.csv,475,2026-09-11T22:12:18.5675549Z,2026-09-10T22:55:18.9363704Z,OTHER_SOURCE,PRIMARY_OR_UNRESOLVED,NOT_YET_COPIED,EXP-012,CAN-F2-B,True,False,False,True,False,,UNCLASSIFIED,REFERENCE_COPY_OR_PROVENANCE,C:\RSOS\Training data\F2_BR0_FULL_FINGERPRINT_RECOVERY,PHASE8B_R2
C:\RSOS\Training data\F2_BR0_FULL_FINGERPRINT_RECOVERY\F2_BR1_REVIEW_BUNDLE\V6_CLEAN_FINGERPRINT_CONFIRMATORY_REPLICATION\15_MISSING_CELLS.csv,15_MISSING_CELLS.csv,.csv,29,2026-09-11T22:12:18.5725497Z,2026-09-10T22:52:49.0870128Z,OTHER_SOURCE,PRIMARY_OR_UNRESOLVED,NOT_YET_COPIED,EXP-012,CAN-F2-B,True,False,False,True,False,,04_RAW,REFERENCE_COPY_OR_PROVENANCE,C:\RSOS\Training data\F2_BR0_FULL_FINGERPRINT_RECOVERY,PHASE8B_R2
C:\RSOS\Training data\F2_BR0_FULL_FINGERPRINT_RECOVERY\F2_BR1_REVIEW_BUNDLE\V6_CLEAN_FINGERPRINT_CONFIRMATORY_REPLICATION\16_FINAL_SUMMARY.json,16_FINAL_SUMMARY.json,.json,20734,2026-09-11T22:12:18.5775687Z,2026-09-10T22:55:18.9363704Z,AUTHORITY_OR_FREEZE|RESULT_OR_OUTPUT,PRIMARY_OR_UNRESOLVED,NOT_YET_COPIED,EXP-012,CAN-F2-B,True,False,False,True,False,,05_OUTPUTS,REFERENCE_COPY_OR_PROVENANCE,C:\RSOS\Training data\F2_BR0_FULL_FINGERPRINT_RECOVERY,PHASE8B_R2
C:\RSOS\Training data\F2_BR0_FULL_FINGERPRINT_RECOVERY\F2_BR1_REVIEW_BUNDLE\V6_STRUCTURAL_FINGERPRINT_VECTOR\00_FROZEN_RUNNER.py,00_FROZEN_RUNNER.py,.py,57396,2026-09-11T22:12:18.5839978Z,2026-09-10T20:28:30.7779288Z,AUTHORITY_OR_FREEZE|RUNNER,PRIMARY_OR_UNRESOLVED,NOT_YET_COPIED,EXP-012,CAN-F2-B,True,False,False,True,True,EXP-002:CAN-V6-STRUCTURAL,09_FREEZE,REFERENCE_COPY_OR_PROVENANCE,C:\RSOS\Training data\F2_BR0_FULL_FINGERPRINT_RECOVERY,PHASE8B_R2
C:\RSOS\Training data\F2_BR0_FULL_FINGERPRINT_RECOVERY\F2_BR1_REVIEW_BUNDLE\V6_STRUCTURAL_FINGERPRINT_VECTOR\00_RUNNER_SHA256.txt,00_RUNNER_SHA256.txt,.txt,66,2026-09-11T22:12:18.5921420Z,2026-09-10T20:28:46.8139791Z,OTHER_SOURCE,PRIMARY_OR_UNRESOLVED,NOT_YET_COPIED,EXP-012,CAN-F2-B,True,False,False,True,True,EXP-002:CAN-V6-STRUCTURAL,09_FREEZE,REFERENCE_COPY_OR_PROVENANCE,C:\RSOS\Training data\F2_BR0_FULL_FINGERPRINT_RECOVERY,PHASE8B_R2
C:\RSOS\Training data\F2_BR0_FULL_FINGERPRINT_RECOVERY\F2_BR1_REVIEW_BUNDLE\V6_STRUCTURAL_FINGERPRINT_VECTOR\03_FROZEN_SPECIFICATION.json,03_FROZEN_SPECIFICATION.json,.json,3429,2026-09-11T22:12:18.5971586Z,2026-09-10T20:28:46.8139791Z,AUTHORITY_OR_FREEZE|PROTOCOL_OR_METHOD,PRIMARY_OR_UNRESOLVED,NOT_YET_COPIED,EXP-012,CAN-F2-B,True,False,False,True,True,EXP-002:CAN-V6-STRUCTURAL,09_FREEZE,REFERENCE_COPY_OR_PROVENANCE,C:\RSOS\Training data\F2_BR0_FULL_FINGERPRINT_RECOVERY,PHASE8B_R2
C:\RSOS\Training data\F2_BR0_FULL_FINGERPRINT_RECOVERY\F2_BR1_REVIEW_BUNDLE\V6_STRUCTURAL_FINGERPRINT_VECTOR\04_FROZEN_SPECIFICATION_SHA256.txt,04_FROZEN_SPECIFICATION_SHA256.txt,.txt,66,2026-09-11T22:12:18.6012643Z,2026-09-10T20:28:46.8139791Z,AUTHORITY_OR_FREEZE|PROTOCOL_OR_METHOD,PRIMARY_OR_UNRESOLVED,NOT_YET_COPIED,EXP-012,CAN-F2-B,True,False,False,True,True,EXP-002:CAN-V6-STRUCTURAL,09_FREEZE,REFERENCE_COPY_OR_PROVENANCE,C:\RSOS\Training data\F2_BR0_FULL_FINGERPRINT_RECOVERY,PHASE8B_R2
C:\RSOS\Training data\F2_BR0_FULL_FINGERPRINT_RECOVERY\F2_BR1_REVIEW_BUNDLE\V6_STRUCTURAL_FINGERPRINT_VECTOR\05_FROZEN_PROMPTS.csv,05_FROZEN_PROMPTS.csv,.csv,2206537,2026-09-11T22:12:18.6072636Z,2026-09-10T20:28:46.9081177Z,AUTHORITY_OR_FREEZE,PRIMARY_OR_UNRESOLVED,NOT_YET_COPIED,EXP-012,CAN-F2-B,True,False,False,True,True,EXP-002:CAN-V6-STRUCTURAL,09_FREEZE,REFERENCE_COPY_OR_PROVENANCE,C:\RSOS\Training data\F2_BR0_FULL_FINGERPRINT_RECOVERY,PHASE8B_R2
C:\RSOS\Training data\F2_BR0_FULL_FINGERPRINT_RECOVERY\F2_BR1_REVIEW_BUNDLE\V6_STRUCTURAL_FINGERPRINT_VECTOR\06_RESPONSE_FEATURE_VECTOR.csv,06_RESPONSE_FEATURE_VECTOR.csv,.csv,2066327,2026-09-11T22:12:18.6282487Z,2026-09-10T21:18:26.1779172Z,RESULT_OR_OUTPUT,PRIMARY_OR_UNRESOLVED,NOT_YET_COPIED,EXP-012,CAN-F2-B,True,False,False,True,True,EXP-002:CAN-V6-STRUCTURAL,04_RAW,REFERENCE_COPY_OR_PROVENANCE,C:\RSOS\Training data\F2_BR0_FULL_FINGERPRINT_RECOVERY,PHASE8B_R2
C:\RSOS\Training data\F2_BR0_FULL_FINGERPRINT_RECOVERY\F2_BR1_REVIEW_BUNDLE\V6_STRUCTURAL_FINGERPRINT_VECTOR\07_SEED_LEVEL_VECTOR.csv,07_SEED_LEVEL_VECTOR.csv,.csv,299087,2026-09-11T22:12:18.6473804Z,2026-09-10T21:18:28.4490987Z,RESULT_OR_OUTPUT,PRIMARY_OR_UNRESOLVED,NOT_YET_COPIED,EXP-012,CAN-F2-B,True,False,False,True,True,EXP-002:CAN-V6-STRUCTURAL,02_INPUTS,REFERENCE_COPY_OR_PROVENANCE,C:\RSOS\Training data\F2_BR0_FULL_FINGERPRINT_RECOVERY,PHASE8B_R2
C:\RSOS\Training data\F2_BR0_FULL_FINGERPRINT_RECOVERY\F2_BR1_REVIEW_BUNDLE\V6_STRUCTURAL_FINGERPRINT_VECTOR\08_CONDITION_RESULTS.csv,08_CONDITION_RESULTS.csv,.csv,1765,2026-09-11T22:12:18.6533757Z,2026-09-10T21:18:28.5163752Z,RESULT_OR_OUTPUT,PRIMARY_OR_UNRESOLVED,NOT_YET_COPIED,EXP-012,CAN-F2-B,True,False,False,True,True,EXP-002:CAN-V6-STRUCTURAL,05_OUTPUTS,REFERENCE_COPY_OR_PROVENANCE,C:\RSOS\Training data\F2_BR0_FULL_FINGERPRINT_RECOVERY,PHASE8B_R2
C:\RSOS\Training data\F2_BR0_FULL_FINGERPRINT_RECOVERY\F2_BR1_REVIEW_BUNDLE\V6_STRUCTURAL_FINGERPRINT_VECTOR\09_COORDINATE_CONTRASTS.csv,09_COORDINATE_CONTRASTS.csv,.csv,2283,2026-09-11T22:12:18.6603711Z,2026-09-10T21:19:24.3736497Z,RESULT_OR_OUTPUT,PRIMARY_OR_UNRESOLVED,NOT_YET_COPIED,EXP-012,CAN-F2-B,True,False,False,True,True,EXP-002:CAN-V6-STRUCTURAL,05_OUTPUTS,REFERENCE_COPY_OR_PROVENANCE,C:\RSOS\Training data\F2_BR0_FULL_FINGERPRINT_RECOVERY,PHASE8B_R2
C:\RSOS\Training data\F2_BR0_FULL_FINGERPRINT_RECOVERY\F2_BR1_REVIEW_BUNDLE\V6_STRUCTURAL_FINGERPRINT_VECTOR\10_SPLIT_REPLICATION.csv,10_SPLIT_REPLICATION.csv,.csv,975,2026-09-11T22:12:18.6643693Z,2026-09-10T21:20:17.3153756Z,OTHER_SOURCE,PRIMARY_OR_UNRESOLVED,NOT_YET_COPIED,EXP-012,CAN-F2-B,True,False,False,True,True,EXP-002:CAN-V6-STRUCTURAL,UNCLASSIFIED,REFERENCE_COPY_OR_PROVENANCE,C:\RSOS\Training data\F2_BR0_FULL_FINGERPRINT_RECOVERY,PHASE8B_R2
C:\RSOS\Training data\F2_BR0_FULL_FINGERPRINT_RECOVERY\F2_BR1_REVIEW_BUNDLE\V6_STRUCTURAL_FINGERPRINT_VECTOR\11_FINGERPRINT_CLASSIFIER.csv,11_FINGERPRINT_CLASSIFIER.csv,.csv,198,2026-09-11T22:12:18.6693676Z,2026-09-10T21:20:18.3356871Z,RESULT_OR_OUTPUT,PRIMARY_OR_UNRESOLVED,NOT_YET_COPIED,EXP-012,CAN-F2-B,True,False,False,True,True,EXP-002:CAN-V6-STRUCTURAL,05_OUTPUTS,REFERENCE_COPY_OR_PROVENANCE,C:\RSOS\Training data\F2_BR0_FULL_FINGERPRINT_RECOVERY,PHASE8B_R2
C:\RSOS\Training data\F2_BR0_FULL_FINGERPRINT_RECOVERY\F2_BR1_REVIEW_BUNDLE\V6_STRUCTURAL_FINGERPRINT_VECTOR\12_HELDOUT_GENERALIZATION.csv,12_HELDOUT_GENERALIZATION.csv,.csv,107,2026-09-11T22:12:18.6753638Z,2026-09-10T21:20:23.3346668Z,OTHER_SOURCE,PRIMARY_OR_UNRESOLVED,NOT_YET_COPIED,EXP-012,CAN-F2-B,True,False,False,True,True,EXP-002:CAN-V6-STRUCTURAL,UNCLASSIFIED,REFERENCE_COPY_OR_PROVENANCE,C:\RSOS\Training data\F2_BR0_FULL_FINGERPRINT_RECOVERY,PHASE8B_R2
C:\RSOS\Training data\F2_BR0_FULL_FINGERPRINT_RECOVERY\F2_BR1_REVIEW_BUNDLE\V6_STRUCTURAL_FINGERPRINT_VECTOR\14_ABLATION_GRADIENT.csv,14_ABLATION_GRADIENT.csv,.csv,467,2026-09-11T22:12:18.6843585Z,2026-09-10T21:20:23.3509305Z,OTHER_SOURCE,PRIMARY_OR_UNRESOLVED,NOT_YET_COPIED,EXP-012,CAN-F2-B,True,False,False,True,True,EXP-002:CAN-V6-STRUCTURAL,UNCLASSIFIED,REFERENCE_COPY_OR_PROVENANCE,C:\RSOS\Training data\F2_BR0_FULL_FINGERPRINT_RECOVERY,PHASE8B_R2
C:\RSOS\Training data\F2_BR0_FULL_FINGERPRINT_RECOVERY\F2_BR1_REVIEW_BUNDLE\V6_STRUCTURAL_FINGERPRINT_VECTOR\15_MISSING_CELLS.csv,15_MISSING_CELLS.csv,.csv,29,2026-09-11T22:12:18.6903544Z,2026-09-10T21:18:20.4157851Z,OTHER_SOURCE,PRIMARY_OR_UNRESOLVED,NOT_YET_COPIED,EXP-012,CAN-F2-B,True,False,False,True,True,EXP-002:CAN-V6-STRUCTURAL,04_RAW,REFERENCE_COPY_OR_PROVENANCE,C:\RSOS\Training data\F2_BR0_FULL_FINGERPRINT_RECOVERY,PHASE8B_R2
C:\RSOS\Training data\F2_BR0_FULL_FINGERPRINT_RECOVERY\F2_BR1_REVIEW_BUNDLE\V6_STRUCTURAL_FINGERPRINT_VECTOR\16_FINAL_SUMMARY.json,16_FINAL_SUMMARY.json,.json,20810,2026-09-11T22:12:18.6953511Z,2026-09-10T21:20:23.3653469Z,AUTHORITY_OR_FREEZE|RESULT_OR_OUTPUT,PRIMARY_OR_UNRESOLVED,NOT_YET_COPIED,EXP-012,CAN-F2-B,True,False,False,True,True,EXP-002:CAN-V6-STRUCTURAL,05_OUTPUTS,REFERENCE_COPY_OR_PROVENANCE,C:\RSOS\Training data\F2_BR0_FULL_FINGERPRINT_RECOVERY,PHASE8B_R2
C:\RSOS\Training data\F2_BR0_FULL_FINGERPRINT_RECOVERY\F2_BR1_REVIEW_BUNDLE\V7_CROSSMODEL_DEPLOYMENT_LOCALIZATION\00_FROZEN_RUNNER.py,00_FROZEN_RUNNER.py,.py,63499,2026-09-11T22:12:18.7014505Z,2026-09-10T20:36:22.4547515Z,AUTHORITY_OR_FREEZE|RUNNER,PRIMARY_OR_UNRESOLVED,NOT_YET_COPIED,EXP-012,CAN-F2-B,True,False,False,True,True,EXP-005:CAN-V7-CROSSMODEL,09_FREEZE,REFERENCE_COPY_OR_PROVENANCE,C:\RSOS\Training data\F2_BR0_FULL_FINGERPRINT_RECOVERY,PHASE8B_R2
C:\RSOS\Training data\F2_BR0_FULL_FINGERPRINT_RECOVERY\F2_BR1_REVIEW_BUNDLE\V7_CROSSMODEL_DEPLOYMENT_LOCALIZATION\00_RUNNER_SHA256.txt,00_RUNNER_SHA256.txt,.txt,66,2026-09-11T22:12:18.7054474Z,2026-09-10T20:36:26.0315166Z,OTHER_SOURCE,PRIMARY_OR_UNRESOLVED,NOT_YET_COPIED,EXP-012,CAN-F2-B,True,False,False,True,True,EXP-005:CAN-V7-CROSSMODEL,09_FREEZE,REFERENCE_COPY_OR_PROVENANCE,C:\RSOS\Training data\F2_BR0_FULL_FINGERPRINT_RECOVERY,PHASE8B_R2
C:\RSOS\Training data\F2_BR0_FULL_FINGERPRINT_RECOVERY\F2_BR1_REVIEW_BUNDLE\V7_CROSSMODEL_DEPLOYMENT_LOCALIZATION\03_FROZEN_SPECIFICATION.json,03_FROZEN_SPECIFICATION.json,.json,2067,2026-09-11T22:12:18.7115614Z,2026-09-10T20:36:26.0315166Z,AUTHORITY_OR_FREEZE|PROTOCOL_OR_METHOD,PRIMARY_OR_UNRESOLVED,NOT_YET_COPIED,EXP-012,CAN-F2-B,True,False,False,True,True,EXP-005:CAN-V7-CROSSMODEL,09_FREEZE,REFERENCE_COPY_OR_PROVENANCE,C:\RSOS\Training data\F2_BR0_FULL_FINGERPRINT_RECOVERY,PHASE8B_R2
C:\RSOS\Training data\F2_BR0_FULL_FINGERPRINT_RECOVERY\F2_BR1_REVIEW_BUNDLE\V7_CROSSMODEL_DEPLOYMENT_LOCALIZATION\04_FROZEN_SPECIFICATION_SHA256.txt,04_FROZEN_SPECIFICATION_SHA256.txt,.txt,66,2026-09-11T22:12:18.7174617Z,2026-09-10T20:36:26.0315166Z,AUTHORITY_OR_FREEZE|PROTOCOL_OR_METHOD,PRIMARY_OR_UNRESOLVED,NOT_YET_COPIED,EXP-012,CAN-F2-B,True,False,False,True,True,EXP-005:CAN-V7-CROSSMODEL,09_FREEZE,REFERENCE_COPY_OR_PROVENANCE,C:\RSOS\Training data\F2_BR0_FULL_FINGERPRINT_RECOVERY,PHASE8B_R2
C:\RSOS\Training data\F2_BR0_FULL_FINGERPRINT_RECOVERY\F2_BR1_REVIEW_BUNDLE\V7_CROSSMODEL_DEPLOYMENT_LOCALIZATION\05_FROZEN_PROMPTS.csv,05_FROZEN_PROMPTS.csv,.csv,802657,2026-09-11T22:12:18.7234584Z,2026-09-10T20:36:26.1252656Z,AUTHORITY_OR_FREEZE,PRIMARY_OR_UNRESOLVED,NOT_YET_COPIED,EXP-012,CAN-F2-B,True,False,False,True,True,EXP-005:CAN-V7-CROSSMODEL,09_FREEZE,REFERENCE_COPY_OR_PROVENANCE,C:\RSOS\Training data\F2_BR0_FULL_FINGERPRINT_RECOVERY,PHASE8B_R2
C:\RSOS\Training data\F2_BR0_FULL_FINGERPRINT_RECOVERY\F2_BR1_REVIEW_BUNDLE\V7_CROSSMODEL_DEPLOYMENT_LOCALIZATION\06_RESPONSE_FEATURES.csv,06_RESPONSE_FEATURES.csv,.csv,1652389,2026-09-11T22:12:18.7384521Z,2026-09-10T21:33:34.7477360Z,RESULT_OR_OUTPUT,PRIMARY_OR_UNRESOLVED,NOT_YET_COPIED,EXP-012,CAN-F2-B,True,False,False,True,True,EXP-005:CAN-V7-CROSSMODEL,04_RAW,REFERENCE_COPY_OR_PROVENANCE,C:\RSOS\Training data\F2_BR0_FULL_FINGERPRINT_RECOVERY,PHASE8B_R2
C:\RSOS\Training data\F2_BR0_FULL_FINGERPRINT_RECOVERY\F2_BR1_REVIEW_BUNDLE\V7_CROSSMODEL_DEPLOYMENT_LOCALIZATION\07_SEED_LEVEL_RESULTS.csv,07_SEED_LEVEL_RESULTS.csv,.csv,512687,2026-09-11T22:12:18.7584372Z,2026-09-10T21:33:36.8400443Z,RESULT_OR_OUTPUT,PRIMARY_OR_UNRESOLVED,NOT_YET_COPIED,EXP-012,CAN-F2-B,True,False,False,True,True,EXP-005:CAN-V7-CROSSMODEL,02_INPUTS,REFERENCE_COPY_OR_PROVENANCE,C:\RSOS\Training data\F2_BR0_FULL_FINGERPRINT_RECOVERY,PHASE8B_R2
C:\RSOS\Training data\F2_BR0_FULL_FINGERPRINT_RECOVERY\F2_BR1_REVIEW_BUNDLE\V7_CROSSMODEL_DEPLOYMENT_LOCALIZATION\08_MODEL_CONDITION_RESULTS.csv,08_MODEL_CONDITION_RESULTS.csv,.csv,4441,2026-09-11T22:12:18.7714296Z,2026-09-10T21:33:36.8868068Z,RESULT_OR_OUTPUT,PRIMARY_OR_UNRESOLVED,NOT_YET_COPIED,EXP-012,CAN-F2-B,True,False,False,True,True,EXP-005:CAN-V7-CROSSMODEL,05_OUTPUTS,REFERENCE_COPY_OR_PROVENANCE,C:\RSOS\Training data\F2_BR0_FULL_FINGERPRINT_RECOVERY,PHASE8B_R2
C:\RSOS\Training data\F2_BR0_FULL_FINGERPRINT_RECOVERY\F2_BR1_REVIEW_BUNDLE\V7_CROSSMODEL_DEPLOYMENT_LOCALIZATION\09_MODEL_STRUCTURAL_CONTRASTS.csv,09_MODEL_STRUCTURAL_CONTRASTS.csv,.csv,2870,2026-09-11T22:12:18.7784272Z,2026-09-10T21:33:59.3089819Z,RESULT_OR_OUTPUT,PRIMARY_OR_UNRESOLVED,NOT_YET_COPIED,EXP-012,CAN-F2-B,True,False,False,True,True,EXP-005:CAN-V7-CROSSMODEL,05_OUTPUTS,REFERENCE_COPY_OR_PROVENANCE,C:\RSOS\Training data\F2_BR0_FULL_FINGERPRINT_RECOVERY,PHASE8B_R2
C:\RSOS\Training data\F2_BR0_FULL_FINGERPRINT_RECOVERY\F2_BR1_REVIEW_BUNDLE\V7_CROSSMODEL_DEPLOYMENT_LOCALIZATION\10_MODEL_EFFECT_VECTORS.csv,10_MODEL_EFFECT_VECTORS.csv,.csv,382,2026-09-11T22:12:18.7834242Z,2026-09-10T21:33:59.3089819Z,RESULT_OR_OUTPUT,PRIMARY_OR_UNRESOLVED,NOT_YET_COPIED,EXP-012,CAN-F2-B,True,False,False,True,True,EXP-005:CAN-V7-CROSSMODEL,05_OUTPUTS,REFERENCE_COPY_OR_PROVENANCE,C:\RSOS\Training data\F2_BR0_FULL_FINGERPRINT_RECOVERY,PHASE8B_R2
C:\RSOS\Training data\F2_BR0_FULL_FINGERPRINT_RECOVERY\F2_BR1_REVIEW_BUNDLE\V7_CROSSMODEL_DEPLOYMENT_LOCALIZATION\11_CROSS_MODEL_VECTOR_SIMILARITY.csv,11_CROSS_MODEL_VECTOR_SIMILARITY.csv,.csv,244,2026-09-11T22:12:18.7884212Z,2026-09-10T21:33:59.3245908Z,RESULT_OR_OUTPUT,PRIMARY_OR_UNRESOLVED,NOT_YET_COPIED,EXP-012,CAN-F2-B,True,False,False,True,True,EXP-005:CAN-V7-CROSSMODEL,05_OUTPUTS,REFERENCE_COPY_OR_PROVENANCE,C:\RSOS\Training data\F2_BR0_FULL_FINGERPRINT_RECOVERY,PHASE8B_R2
C:\RSOS\Training data\F2_BR0_FULL_FINGERPRINT_RECOVERY\F2_BR1_REVIEW_BUNDLE\V7_CROSSMODEL_DEPLOYMENT_LOCALIZATION\12_SIGN_REPLICATION.csv,12_SIGN_REPLICATION.csv,.csv,493,2026-09-11T22:12:18.7934185Z,2026-09-10T21:33:59.3402148Z,OTHER_SOURCE,PRIMARY_OR_UNRESOLVED,NOT_YET_COPIED,EXP-012,CAN-F2-B,True,False,False,True,True,EXP-005:CAN-V7-CROSSMODEL,UNCLASSIFIED,REFERENCE_COPY_OR_PROVENANCE,C:\RSOS\Training data\F2_BR0_FULL_FINGERPRINT_RECOVERY,PHASE8B_R2
C:\RSOS\Training data\F2_BR0_FULL_FINGERPRINT_RECOVERY\F2_BR1_REVIEW_BUNDLE\V7_CROSSMODEL_DEPLOYMENT_LOCALIZATION\13_HELDOUT_GENERALIZATION.csv,13_HELDOUT_GENERALIZATION.csv,.csv,338,2026-09-11T22:12:18.7994154Z,2026-09-10T21:34:03.6814482Z,OTHER_SOURCE,PRIMARY_OR_UNRESOLVED,NOT_YET_COPIED,EXP-012,CAN-F2-B,True,False,False,True,True,EXP-005:CAN-V7-CROSSMODEL,UNCLASSIFIED,REFERENCE_COPY_OR_PROVENANCE,C:\RSOS\Training data\F2_BR0_FULL_FINGERPRINT_RECOVERY,PHASE8B_R2
C:\RSOS\Training data\F2_BR0_FULL_FINGERPRINT_RECOVERY\F2_BR1_REVIEW_BUNDLE\V7_CROSSMODEL_DEPLOYMENT_LOCALIZATION\15_MISSING_CELLS.csv,15_MISSING_CELLS.csv,.csv,35,2026-09-11T22:12:18.8085475Z,2026-09-10T21:33:28.4133242Z,OTHER_SOURCE,PRIMARY_OR_UNRESOLVED,NOT_YET_COPIED,EXP-012,CAN-F2-B,True,False,False,True,True,EXP-005:CAN-V7-CROSSMODEL,04_RAW,REFERENCE_COPY_OR_PROVENANCE,C:\RSOS\Training data\F2_BR0_FULL_FINGERPRINT_RECOVERY,PHASE8B_R2
C:\RSOS\Training data\F2_BR0_FULL_FINGERPRINT_RECOVERY\F2_BR1_REVIEW_BUNDLE\V7_CROSSMODEL_DEPLOYMENT_LOCALIZATION\16_FINAL_SUMMARY.json,16_FINAL_SUMMARY.json,.json,12447,2026-09-11T22:12:18.8145443Z,2026-09-10T21:34:03.6985658Z,AUTHORITY_OR_FREEZE|RESULT_OR_OUTPUT,PRIMARY_OR_UNRESOLVED,NOT_YET_COPIED,EXP-012,CAN-F2-B,True,False,False,True,True,EXP-005:CAN-V7-CROSSMODEL,05_OUTPUTS,REFERENCE_COPY_OR_PROVENANCE,C:\RSOS\Training data\F2_BR0_FULL_FINGERPRINT_RECOVERY,PHASE8B_R2
C:\RSOS\Training data\F2_BR0_FULL_FINGERPRINT_RECOVERY\F2_BR1_REVIEW_BUNDLE\V8_COMPOSITIONAL_STRUCTURAL_CONTROL_CODE\00_FROZEN_RUNNER.py,00_FROZEN_RUNNER.py,.py,68257,2026-09-11T22:12:18.8195417Z,2026-09-10T20:42:50.0862362Z,AUTHORITY_OR_FREEZE|RUNNER,PRIMARY_OR_UNRESOLVED,NOT_YET_COPIED,EXP-012,CAN-F2-B,True,False,False,True,True,EXP-006:CAN-V8-CONTROL,09_FREEZE,REFERENCE_COPY_OR_PROVENANCE,C:\RSOS\Training data\F2_BR0_FULL_FINGERPRINT_RECOVERY,PHASE8B_R2
C:\RSOS\Training data\F2_BR0_FULL_FINGERPRINT_RECOVERY\F2_BR1_REVIEW_BUNDLE\V8_COMPOSITIONAL_STRUCTURAL_CONTROL_CODE\00_RUNNER_SHA256.txt,00_RUNNER_SHA256.txt,.txt,66,2026-09-11T22:12:18.8245398Z,2026-09-10T20:42:54.5858648Z,OTHER_SOURCE,PRIMARY_OR_UNRESOLVED,NOT_YET_COPIED,EXP-012,CAN-F2-B,True,False,False,True,True,EXP-006:CAN-V8-CONTROL,09_FREEZE,REFERENCE_COPY_OR_PROVENANCE,C:\RSOS\Training data\F2_BR0_FULL_FINGERPRINT_RECOVERY,PHASE8B_R2
C:\RSOS\Training data\F2_BR0_FULL_FINGERPRINT_RECOVERY\F2_BR1_REVIEW_BUNDLE\V8_COMPOSITIONAL_STRUCTURAL_CONTROL_CODE\03_FROZEN_SPECIFICATION.json,03_FROZEN_SPECIFICATION.json,.json,8690,2026-09-11T22:12:18.8315331Z,2026-09-10T20:42:54.5878709Z,AUTHORITY_OR_FREEZE|PROTOCOL_OR_METHOD,PRIMARY_OR_UNRESOLVED,NOT_YET_COPIED,EXP-012,CAN-F2-B,True,False,False,True,True,EXP-006:CAN-V8-CONTROL,09_FREEZE,REFERENCE_COPY_OR_PROVENANCE,C:\RSOS\Training data\F2_BR0_FULL_FINGERPRINT_RECOVERY,PHASE8B_R2
C:\RSOS\Training data\F2_BR0_FULL_FINGERPRINT_RECOVERY\F2_BR1_REVIEW_BUNDLE\V8_COMPOSITIONAL_STRUCTURAL_CONTROL_CODE\04_FROZEN_SPECIFICATION_SHA256.txt,04_FROZEN_SPECIFICATION_SHA256.txt,.txt,66,2026-09-11T22:12:18.8362679Z,2026-09-10T20:42:54.5878709Z,AUTHORITY_OR_FREEZE|PROTOCOL_OR_METHOD,PRIMARY_OR_UNRESOLVED,NOT_YET_COPIED,EXP-012,CAN-F2-B,True,False,False,True,True,EXP-006:CAN-V8-CONTROL,09_FREEZE,REFERENCE_COPY_OR_PROVENANCE,C:\RSOS\Training data\F2_BR0_FULL_FINGERPRINT_RECOVERY,PHASE8B_R2
C:\RSOS\Training data\F2_BR0_FULL_FINGERPRINT_RECOVERY\F2_BR1_REVIEW_BUNDLE\V8_COMPOSITIONAL_STRUCTURAL_CONTROL_CODE\05_FROZEN_PROMPTS.csv,05_FROZEN_PROMPTS.csv,.csv,2673921,2026-09-11T22:12:18.8402637Z,2026-09-10T20:42:54.6660157Z,AUTHORITY_OR_FREEZE,PRIMARY_OR_UNRESOLVED,NOT_YET_COPIED,EXP-012,CAN-F2-B,True,False,False,True,True,EXP-006:CAN-V8-CONTROL,09_FREEZE,REFERENCE_COPY_OR_PROVENANCE,C:\RSOS\Training data\F2_BR0_FULL_FINGERPRINT_RECOVERY,PHASE8B_R2
C:\RSOS\Training data\F2_BR0_FULL_FINGERPRINT_RECOVERY\F2_BR1_REVIEW_BUNDLE\V8_COMPOSITIONAL_STRUCTURAL_CONTROL_CODE\06_RESPONSE_FEATURES.csv,06_RESPONSE_FEATURES.csv,.csv,1488532,2026-09-11T22:12:18.8662488Z,2026-09-10T21:08:25.5405431Z,RESULT_OR_OUTPUT,PRIMARY_OR_UNRESOLVED,NOT_YET_COPIED,EXP-012,CAN-F2-B,True,False,False,True,True,EXP-006:CAN-V8-CONTROL,04_RAW,REFERENCE_COPY_OR_PROVENANCE,C:\RSOS\Training data\F2_BR0_FULL_FINGERPRINT_RECOVERY,PHASE8B_R2
C:\RSOS\Training data\F2_BR0_FULL_FINGERPRINT_RECOVERY\F2_BR1_REVIEW_BUNDLE\V8_COMPOSITIONAL_STRUCTURAL_CONTROL_CODE\07_SEED_LEVEL_RESULTS.csv,07_SEED_LEVEL_RESULTS.csv,.csv,491340,2026-09-11T22:12:18.8842383Z,2026-09-10T21:08:44.8775682Z,RESULT_OR_OUTPUT,PRIMARY_OR_UNRESOLVED,NOT_YET_COPIED,EXP-012,CAN-F2-B,True,False,False,True,True,EXP-006:CAN-V8-CONTROL,02_INPUTS,REFERENCE_COPY_OR_PROVENANCE,C:\RSOS\Training data\F2_BR0_FULL_FINGERPRINT_RECOVERY,PHASE8B_R2
C:\RSOS\Training data\F2_BR0_FULL_FINGERPRINT_RECOVERY\F2_BR1_REVIEW_BUNDLE\V8_COMPOSITIONAL_STRUCTURAL_CONTROL_CODE\08_FACTORIAL_CONDITION_RESULTS.csv,08_FACTORIAL_CONDITION_RESULTS.csv,.csv,10526,2026-09-11T22:12:18.8923707Z,2026-09-10T21:08:44.9900741Z,RESULT_OR_OUTPUT,PRIMARY_OR_UNRESOLVED,NOT_YET_COPIED,EXP-012,CAN-F2-B,True,False,False,True,True,EXP-006:CAN-V8-CONTROL,05_OUTPUTS,REFERENCE_COPY_OR_PROVENANCE,C:\RSOS\Training data\F2_BR0_FULL_FINGERPRINT_RECOVERY,PHASE8B_R2
C:\RSOS\Training data\F2_BR0_FULL_FINGERPRINT_RECOVERY\F2_BR1_REVIEW_BUNDLE\V8_COMPOSITIONAL_STRUCTURAL_CONTROL_CODE\09_UNSEEN_COMBINATION_PREDICTION.csv,09_UNSEEN_COMBINATION_PREDICTION.csv,.csv,45261,2026-09-11T22:12:18.8993668Z,2026-09-10T21:08:45.0744991Z,OTHER_SOURCE,PRIMARY_OR_UNRESOLVED,NOT_YET_COPIED,EXP-012,CAN-F2-B,True,False,False,True,True,EXP-006:CAN-V8-CONTROL,UNCLASSIFIED,REFERENCE_COPY_OR_PROVENANCE,C:\RSOS\Training data\F2_BR0_FULL_FINGERPRINT_RECOVERY,PHASE8B_R2
C:\RSOS\Training data\F2_BR0_FULL_FINGERPRINT_RECOVERY\F2_BR1_REVIEW_BUNDLE\V8_COMPOSITIONAL_STRUCTURAL_CONTROL_CODE\10_INTERACTION_REPLICATION.csv,10_INTERACTION_REPLICATION.csv,.csv,1052,2026-09-11T22:12:18.9055066Z,2026-09-10T21:09:27.6641741Z,OTHER_SOURCE,PRIMARY_OR_UNRESOLVED,NOT_YET_COPIED,EXP-012,CAN-F2-B,True,False,False,True,True,EXP-006:CAN-V8-CONTROL,UNCLASSIFIED,REFERENCE_COPY_OR_PROVENANCE,C:\RSOS\Training data\F2_BR0_FULL_FINGERPRINT_RECOVERY,PHASE8B_R2
C:\RSOS\Training data\F2_BR0_FULL_FINGERPRINT_RECOVERY\F2_BR1_REVIEW_BUNDLE\V8_COMPOSITIONAL_STRUCTURAL_CONTROL_CODE\11_FACTOR_DECODING.csv,11_FACTOR_DECODING.csv,.csv,189,2026-09-11T22:12:18.9105026Z,2026-09-10T21:08:58.6081933Z,OTHER_SOURCE,PRIMARY_OR_UNRESOLVED,NOT_YET_COPIED,EXP-012,CAN-F2-B,True,False,False,True,True,EXP-006:CAN-V8-CONTROL,UNCLASSIFIED,REFERENCE_COPY_OR_PROVENANCE,C:\RSOS\Training data\F2_BR0_FULL_FINGERPRINT_RECOVERY,PHASE8B_R2
C:\RSOS\Training data\F2_BR0_FULL_FINGERPRINT_RECOVERY\F2_BR1_REVIEW_BUNDLE\V8_COMPOSITIONAL_STRUCTURAL_CONTROL_CODE\12_EXACT_CODE_RECOVERY.csv,12_EXACT_CODE_RECOVERY.csv,.csv,8825,2026-09-11T22:12:18.9154992Z,2026-09-10T21:08:58.6081933Z,OTHER_SOURCE,PRIMARY_OR_UNRESOLVED,NOT_YET_COPIED,EXP-012,CAN-F2-B,True,False,False,True,True,EXP-006:CAN-V8-CONTROL,UNCLASSIFIED,REFERENCE_COPY_OR_PROVENANCE,C:\RSOS\Training data\F2_BR0_FULL_FINGERPRINT_RECOVERY,PHASE8B_R2
C:\RSOS\Training data\F2_BR0_FULL_FINGERPRINT_RECOVERY\F2_BR1_REVIEW_BUNDLE\V8_COMPOSITIONAL_STRUCTURAL_CONTROL_CODE\14_PREDICTION_NULL.csv,14_PREDICTION_NULL.csv,.csv,53581,2026-09-11T22:12:18.9254935Z,2026-09-10T21:08:58.3622469Z,OTHER_SOURCE,PRIMARY_OR_UNRESOLVED,NOT_YET_COPIED,EXP-012,CAN-F2-B,True,False,False,True,True,EXP-006:CAN-V8-CONTROL,UNCLASSIFIED,REFERENCE_COPY_OR_PROVENANCE,C:\RSOS\Training data\F2_BR0_FULL_FINGERPRINT_RECOVERY,PHASE8B_R2
C:\RSOS\Training data\F2_BR0_FULL_FINGERPRINT_RECOVERY\F2_BR1_REVIEW_BUNDLE\V8_COMPOSITIONAL_STRUCTURAL_CONTROL_CODE\15_MISSING_CELLS.csv,15_MISSING_CELLS.csv,.csv,29,2026-09-11T22:12:18.9304896Z,2026-09-10T21:08:15.4670428Z,OTHER_SOURCE,PRIMARY_OR_UNRESOLVED,NOT_YET_COPIED,EXP-012,CAN-F2-B,True,False,False,True,True,EXP-006:CAN-V8-CONTROL,04_RAW,REFERENCE_COPY_OR_PROVENANCE,C:\RSOS\Training data\F2_BR0_FULL_FINGERPRINT_RECOVERY,PHASE8B_R2
C:\RSOS\Training data\F2_BR0_FULL_FINGERPRINT_RECOVERY\F2_BR1_REVIEW_BUNDLE\V8_COMPOSITIONAL_STRUCTURAL_CONTROL_CODE\16_FINAL_SUMMARY.json,16_FINAL_SUMMARY.json,.json,6348,2026-09-11T22:12:18.9354869Z,2026-09-10T21:09:27.6798013Z,AUTHORITY_OR_FREEZE|RESULT_OR_OUTPUT,PRIMARY_OR_UNRESOLVED,NOT_YET_COPIED,EXP-012,CAN-F2-B,True,False,False,True,True,EXP-006:CAN-V8-CONTROL,05_OUTPUTS,REFERENCE_COPY_OR_PROVENANCE,C:\RSOS\Training data\F2_BR0_FULL_FINGERPRINT_RECOVERY,PHASE8B_R2
C:\RSOS\Training data\F2_BR0_FULL_FINGERPRINT_RECOVERY\F2_BR1_REVIEW_BUNDLE\V9_REPRESENTATIONAL_TRANSPORT_OPERATOR\00_FROZEN_RUNNER.py,00_FROZEN_RUNNER.py,.py,59308,2026-09-11T22:12:18.9424838Z,2026-09-10T21:03:05.7787046Z,AUTHORITY_OR_FREEZE|RUNNER,PRIMARY_OR_UNRESOLVED,NOT_YET_COPIED,EXP-012,CAN-F2-B,True,False,False,True,True,EXP-007:CAN-V9-TRANSPORT,09_FREEZE,REFERENCE_COPY_OR_PROVENANCE,C:\RSOS\Training data\F2_BR0_FULL_FINGERPRINT_RECOVERY,PHASE8B_R2
C:\RSOS\Training data\F2_BR0_FULL_FINGERPRINT_RECOVERY\F2_BR1_REVIEW_BUNDLE\V9_REPRESENTATIONAL_TRANSPORT_OPERATOR\00_RUNNER_SHA256.txt,00_RUNNER_SHA256.txt,.txt,66,2026-09-11T22:12:18.9474800Z,2026-09-10T21:03:09.6051224Z,OTHER_SOURCE,PRIMARY_OR_UNRESOLVED,NOT_YET_COPIED,EXP-012,CAN-F2-B,True,False,False,True,True,EXP-007:CAN-V9-TRANSPORT,09_FREEZE,REFERENCE_COPY_OR_PROVENANCE,C:\RSOS\Training data\F2_BR0_FULL_FINGERPRINT_RECOVERY,PHASE8B_R2
C:\RSOS\Training data\F2_BR0_FULL_FINGERPRINT_RECOVERY\F2_BR1_REVIEW_BUNDLE\V9_REPRESENTATIONAL_TRANSPORT_OPERATOR\03_FROZEN_SPECIFICATION.json,03_FROZEN_SPECIFICATION.json,.json,1880,2026-09-11T22:12:18.9524790Z,2026-09-10T21:03:09.6051224Z,AUTHORITY_OR_FREEZE|PROTOCOL_OR_METHOD,PRIMARY_OR_UNRESOLVED,NOT_YET_COPIED,EXP-012,CAN-F2-B,True,False,False,True,True,EXP-007:CAN-V9-TRANSPORT,09_FREEZE,REFERENCE_COPY_OR_PROVENANCE,C:\RSOS\Training data\F2_BR0_FULL_FINGERPRINT_RECOVERY,PHASE8B_R2
C:\RSOS\Training data\F2_BR0_FULL_FINGERPRINT_RECOVERY\F2_BR1_REVIEW_BUNDLE\V9_REPRESENTATIONAL_TRANSPORT_OPERATOR\04_FROZEN_SPECIFICATION_SHA256.txt,04_FROZEN_SPECIFICATION_SHA256.txt,.txt,66,2026-09-11T22:12:18.9564752Z,2026-09-10T21:03:09.6051224Z,AUTHORITY_OR_FREEZE|PROTOCOL_OR_METHOD,PRIMARY_OR_UNRESOLVED,NOT_YET_COPIED,EXP-012,CAN-F2-B,True,False,False,True,True,EXP-007:CAN-V9-TRANSPORT,09_FREEZE,REFERENCE_COPY_OR_PROVENANCE,C:\RSOS\Training data\F2_BR0_FULL_FINGERPRINT_RECOVERY,PHASE8B_R2
C:\RSOS\Training data\F2_BR0_FULL_FINGERPRINT_RECOVERY\F2_BR1_REVIEW_BUNDLE\V9_REPRESENTATIONAL_TRANSPORT_OPERATOR\05_FROZEN_PROMPTS.csv,05_FROZEN_PROMPTS.csv,.csv,2633737,2026-09-11T22:12:18.9634716Z,2026-09-10T21:03:09.7778276Z,AUTHORITY_OR_FREEZE,PRIMARY_OR_UNRESOLVED,NOT_YET_COPIED,EXP-012,CAN-F2-B,True,False,False,True,True,EXP-007:CAN-V9-TRANSPORT,09_FREEZE,REFERENCE_COPY_OR_PROVENANCE,C:\RSOS\Training data\F2_BR0_FULL_FINGERPRINT_RECOVERY,PHASE8B_R2
C:\RSOS\Training data\F2_BR0_FULL_FINGERPRINT_RECOVERY\F2_BR1_REVIEW_BUNDLE\V9_REPRESENTATIONAL_TRANSPORT_OPERATOR\06_RESPONSE_FEATURES.csv,06_RESPONSE_FEATURES.csv,.csv,1066649,2026-09-11T22:12:18.9874570Z,2026-09-10T21:21:55.8702120Z,RESULT_OR_OUTPUT,PRIMARY_OR_UNRESOLVED,NOT_YET_COPIED,EXP-012,CAN-F2-B,True,False,False,True,True,EXP-007:CAN-V9-TRANSPORT,04_RAW,REFERENCE_COPY_OR_PROVENANCE,C:\RSOS\Training data\F2_BR0_FULL_FINGERPRINT_RECOVERY,PHASE8B_R2
C:\RSOS\Training data\F2_BR0_FULL_FINGERPRINT_RECOVERY\F2_BR1_REVIEW_BUNDLE\V9_REPRESENTATIONAL_TRANSPORT_OPERATOR\07_SEED_LEVEL_RESULTS.csv,07_SEED_LEVEL_RESULTS.csv,.csv,306778,2026-09-11T22:12:19.0005988Z,2026-09-10T21:21:56.8770204Z,RESULT_OR_OUTPUT,PRIMARY_OR_UNRESOLVED,NOT_YET_COPIED,EXP-012,CAN-F2-B,True,False,False,True,True,EXP-007:CAN-V9-TRANSPORT,02_INPUTS,REFERENCE_COPY_OR_PROVENANCE,C:\RSOS\Training data\F2_BR0_FULL_FINGERPRINT_RECOVERY,PHASE8B_R2
C:\RSOS\Training data\F2_BR0_FULL_FINGERPRINT_RECOVERY\F2_BR1_REVIEW_BUNDLE\V9_REPRESENTATIONAL_TRANSPORT_OPERATOR\08_CONDITION_RESULTS.csv,08_CONDITION_RESULTS.csv,.csv,1336,2026-09-11T22:12:19.0088486Z,2026-09-10T21:21:56.8770204Z,RESULT_OR_OUTPUT,PRIMARY_OR_UNRESOLVED,NOT_YET_COPIED,EXP-012,CAN-F2-B,True,False,False,True,True,EXP-007:CAN-V9-TRANSPORT,05_OUTPUTS,REFERENCE_COPY_OR_PROVENANCE,C:\RSOS\Training data\F2_BR0_FULL_FINGERPRINT_RECOVERY,PHASE8B_R2
C:\RSOS\Training data\F2_BR0_FULL_FINGERPRINT_RECOVERY\F2_BR1_REVIEW_BUNDLE\V9_REPRESENTATIONAL_TRANSPORT_OPERATOR\09_TRANSPORT_PRESERVATION.csv,09_TRANSPORT_PRESERVATION.csv,.csv,394,2026-09-11T22:12:19.0129987Z,2026-09-10T21:21:56.8937453Z,OTHER_SOURCE,PRIMARY_OR_UNRESOLVED,NOT_YET_COPIED,EXP-012,CAN-F2-B,True,False,False,True,True,EXP-007:CAN-V9-TRANSPORT,UNCLASSIFIED,REFERENCE_COPY_OR_PROVENANCE,C:\RSOS\Training data\F2_BR0_FULL_FINGERPRINT_RECOVERY,PHASE8B_R2
C:\RSOS\Training data\F2_BR0_FULL_FINGERPRINT_RECOVERY\F2_BR1_REVIEW_BUNDLE\V9_REPRESENTATIONAL_TRANSPORT_OPERATOR\10_COMPOSITION_PATH_INDEPENDENCE.csv,10_COMPOSITION_PATH_INDEPENDENCE.csv,.csv,302,2026-09-11T22:12:19.0179963Z,2026-09-10T21:21:56.8967825Z,OTHER_SOURCE,PRIMARY_OR_UNRESOLVED,NOT_YET_COPIED,EXP-012,CAN-F2-B,True,False,False,True,True,EXP-007:CAN-V9-TRANSPORT,UNCLASSIFIED,REFERENCE_COPY_OR_PROVENANCE,C:\RSOS\Training data\F2_BR0_FULL_FINGERPRINT_RECOVERY,PHASE8B_R2
C:\RSOS\Training data\F2_BR0_FULL_FINGERPRINT_RECOVERY\F2_BR1_REVIEW_BUNDLE\V9_REPRESENTATIONAL_TRANSPORT_OPERATOR\11_INVERSE_RECOVERY.csv,11_INVERSE_RECOVERY.csv,.csv,203,2026-09-11T22:12:19.0241093Z,2026-09-10T21:21:56.8967825Z,OTHER_SOURCE,PRIMARY_OR_UNRESOLVED,NOT_YET_COPIED,EXP-012,CAN-F2-B,True,False,False,True,True,EXP-007:CAN-V9-TRANSPORT,UNCLASSIFIED,REFERENCE_COPY_OR_PROVENANCE,C:\RSOS\Training data\F2_BR0_FULL_FINGERPRINT_RECOVERY,PHASE8B_R2
C:\RSOS\Training data\F2_BR0_FULL_FINGERPRINT_RECOVERY\F2_BR1_REVIEW_BUNDLE\V9_REPRESENTATIONAL_TRANSPORT_OPERATOR\12_DAMAGE_CONTROLS.csv,12_DAMAGE_CONTROLS.csv,.csv,856,2026-09-11T22:12:19.0281083Z,2026-09-10T21:22:08.9916721Z,OTHER_SOURCE,PRIMARY_OR_UNRESOLVED,NOT_YET_COPIED,EXP-012,CAN-F2-B,True,False,False,True,True,EXP-007:CAN-V9-TRANSPORT,00_CONTROL,REFERENCE_COPY_OR_PROVENANCE,C:\RSOS\Training data\F2_BR0_FULL_FINGERPRINT_RECOVERY,PHASE8B_R2
C:\RSOS\Training data\F2_BR0_FULL_FINGERPRINT_RECOVERY\F2_BR1_REVIEW_BUNDLE\V9_REPRESENTATIONAL_TRANSPORT_OPERATOR\13_TRANSPORT_EFFECT_VECTORS.csv,13_TRANSPORT_EFFECT_VECTORS.csv,.csv,1967,2026-09-11T22:12:19.0348188Z,2026-09-10T21:22:08.9916721Z,RESULT_OR_OUTPUT,PRIMARY_OR_UNRESOLVED,NOT_YET_COPIED,EXP-012,CAN-F2-B,True,False,False,True,True,EXP-007:CAN-V9-TRANSPORT,05_OUTPUTS,REFERENCE_COPY_OR_PROVENANCE,C:\RSOS\Training data\F2_BR0_FULL_FINGERPRINT_RECOVERY,PHASE8B_R2
C:\RSOS\Training data\F2_BR0_FULL_FINGERPRINT_RECOVERY\F2_BR1_REVIEW_BUNDLE\V9_REPRESENTATIONAL_TRANSPORT_OPERATOR\14_PERMUTATION_CONTROLS.csv,14_PERMUTATION_CONTROLS.csv,.csv,389,2026-09-11T22:12:19.0398187Z,2026-09-10T21:22:08.9916721Z,OTHER_SOURCE,PRIMARY_OR_UNRESOLVED,NOT_YET_COPIED,EXP-012,CAN-F2-B,True,False,False,True,True,EXP-007:CAN-V9-TRANSPORT,00_CONTROL,REFERENCE_COPY_OR_PROVENANCE,C:\RSOS\Training data\F2_BR0_FULL_FINGERPRINT_RECOVERY,PHASE8B_R2
C:\RSOS\Training data\F2_BR0_FULL_FINGERPRINT_RECOVERY\F2_BR1_REVIEW_BUNDLE\V9_REPRESENTATIONAL_TRANSPORT_OPERATOR\15_MISSING_CELLS.csv,15_MISSING_CELLS.csv,.csv,29,2026-09-11T22:12:19.0458186Z,2026-09-10T21:21:49.9440551Z,OTHER_SOURCE,PRIMARY_OR_UNRESOLVED,NOT_YET_COPIED,EXP-012,CAN-F2-B,True,False,False,True,True,EXP-007:CAN-V9-TRANSPORT,04_RAW,REFERENCE_COPY_OR_PROVENANCE,C:\RSOS\Training data\F2_BR0_FULL_FINGERPRINT_RECOVERY,PHASE8B_R2
C:\RSOS\Training data\F2_BR0_FULL_FINGERPRINT_RECOVERY\F2_BR1_REVIEW_BUNDLE\V9_REPRESENTATIONAL_TRANSPORT_OPERATOR\16_FINAL_SUMMARY.json,16_FINAL_SUMMARY.json,.json,5091,2026-09-11T22:12:19.0508123Z,2026-09-10T21:22:08.9916721Z,AUTHORITY_OR_FREEZE|RESULT_OR_OUTPUT,PRIMARY_OR_UNRESOLVED,NOT_YET_COPIED,EXP-012,CAN-F2-B,True,False,False,True,True,EXP-007:CAN-V9-TRANSPORT,05_OUTPUTS,REFERENCE_COPY_OR_PROVENANCE,C:\RSOS\Training data\F2_BR0_FULL_FINGERPRINT_RECOVERY,PHASE8B_R2
C:\RSOS\Training data\F2_BR0_FULL_FINGERPRINT_RECOVERY\F2_BR1_REVIEW_BUNDLE_SHA256.txt,F2_BR1_REVIEW_BUNDLE_SHA256.txt,.txt,103,2026-09-11T22:14:38.2714902Z,2026-09-11T22:14:38.2714902Z,OTHER_SOURCE,PRIMARY_OR_UNRESOLVED,NOT_YET_COPIED,EXP-012,CAN-F2-B,True,False,False,False,False,,09_FREEZE,ELIGIBLE_PRIMARY_CANDIDATE,C:\RSOS\Training data\F2_BR0_FULL_FINGERPRINT_RECOVERY,PHASE8B_R2
C:\RSOS\Training data\F2_BR2_DETERMINISTIC_CORPUS_FINGERPRINT_REFREEZE_COMPLETE.zip,F2_BR2_DETERMINISTIC_CORPUS_FINGERPRINT_REFREEZE_COMPLETE.zip,.zip,807452,2026-09-11T22:50:59.3585166Z,2026-09-11T22:50:59.6784111Z,AUTHORITY_OR_FREEZE,PRIMARY_OR_UNRESOLVED,NOT_YET_COPIED,EXP-012,CAN-F2-B,True,False,False,False,False,,09_FREEZE,ELIGIBLE_PRIMARY_CANDIDATE,C:\RSOS\Training data\F2_BR2_DETERMINISTIC_CORPUS_FINGERPRINT_REFREEZE_COMPLETE.zip,PHASE8B_R2
C:\RSOS\Training data\F2_BR2_DETERMINISTIC_CORPUS_FINGERPRINT_REFREEZE_COMPLETE_SHA256.txt,F2_BR2_DETERMINISTIC_CORPUS_FINGERPRINT_REFREEZE_COMPLETE_SHA256.txt,.txt,129,2026-09-11T22:50:59.6959919Z,2026-09-11T22:50:59.6969927Z,AUTHORITY_OR_FREEZE,PRIMARY_OR_UNRESOLVED,NOT_YET_COPIED,EXP-012,CAN-F2-B,True,False,False,False,False,,09_FREEZE,ELIGIBLE_PRIMARY_CANDIDATE,C:\RSOS\Training data\F2_BR2_DETERMINISTIC_CORPUS_FINGERPRINT_REFREEZE_COMPLETE_SHA256.txt,PHASE8B_R2
C:\RSOS\Training data\F2_BR2_DETERMINISTIC_REFREEZE\00_PRE_EVAL\00_FROZEN_SPEC.json,00_FROZEN_SPEC.json,.json,8369,2026-09-11T22:49:03.8138711Z,2026-09-11T19:41:20.0000000Z,AUTHORITY_OR_FREEZE,PRIMARY_OR_UNRESOLVED,NOT_YET_COPIED,EXP-012,CAN-F2-B,True,False,False,False,False,,09_FREEZE,ELIGIBLE_PRIMARY_CANDIDATE,C:\RSOS\Training data\F2_BR2_DETERMINISTIC_REFREEZE,PHASE8B_R2
C:\RSOS\Training data\F2_BR2_DETERMINISTIC_REFREEZE\00_PRE_EVAL\ENVIRONMENT.json,ENVIRONMENT.json,.json,256,2026-09-11T22:49:03.8438684Z,2026-09-11T22:49:03.8438684Z,OTHER_SOURCE,PRIMARY_OR_UNRESOLVED,NOT_YET_COPIED,EXP-012,CAN-F2-B,True,False,False,False,False,,UNCLASSIFIED,ELIGIBLE_PRIMARY_CANDIDATE,C:\RSOS\Training data\F2_BR2_DETERMINISTIC_REFREEZE,PHASE8B_R2
C:\RSOS\Training data\F2_BR2_DETERMINISTIC_REFREEZE\00_PRE_EVAL\FEATURE_REGISTRY_V2.csv,FEATURE_REGISTRY_V2.csv,.csv,4079,2026-09-11T22:49:12.6768208Z,2026-09-11T22:49:12.6787971Z,RESULT_OR_OUTPUT,PRIMARY_OR_UNRESOLVED,NOT_YET_COPIED,EXP-012,CAN-F2-B,True,False,False,False,False,,05_OUTPUTS,ELIGIBLE_PRIMARY_CANDIDATE,C:\RSOS\Training data\F2_BR2_DETERMINISTIC_REFREEZE,PHASE8B_R2
C:\RSOS\Training data\F2_BR2_DETERMINISTIC_REFREEZE\00_PRE_EVAL\FROZEN_SEGMENT_SHA256_VERIFICATION.csv,FROZEN_SEGMENT_SHA256_VERIFICATION.csv,.csv,2161,2026-09-11T22:49:04.4080448Z,2026-09-11T22:49:04.4100620Z,AUTHORITY_OR_FREEZE,PRIMARY_OR_UNRESOLVED,NOT_YET_COPIED,EXP-012,CAN-F2-B,True,False,False,False,False,,09_FREEZE,ELIGIBLE_PRIMARY_CANDIDATE,C:\RSOS\Training data\F2_BR2_DETERMINISTIC_REFREEZE,PHASE8B_R2
C:\RSOS\Training data\F2_BR2_DETERMINISTIC_REFREEZE\00_PRE_EVAL\PRE_EVAL_FREEZE.json,PRE_EVAL_FREEZE.json,.json,6822,2026-09-11T22:49:12.6947876Z,2026-09-11T22:49:12.6957878Z,AUTHORITY_OR_FREEZE,PRIMARY_OR_UNRESOLVED,NOT_YET_COPIED,EXP-012,CAN-F2-B,True,False,False,False,False,,09_FREEZE,ELIGIBLE_PRIMARY_CANDIDATE,C:\RSOS\Training data\F2_BR2_DETERMINISTIC_REFREEZE,PHASE8B_R2
C:\RSOS\Training data\F2_BR2_DETERMINISTIC_REFREEZE\00_PRE_EVAL\PRE_EVAL_FREEZE_SHA256.csv,PRE_EVAL_FREEZE_SHA256.csv,.csv,1828,2026-09-11T22:49:12.8925913Z,2026-09-11T22:49:12.8935907Z,AUTHORITY_OR_FREEZE,PRIMARY_OR_UNRESOLVED,NOT_YET_COPIED,EXP-012,CAN-F2-B,True,False,False,False,False,,09_FREEZE,ELIGIBLE_PRIMARY_CANDIDATE,C:\RSOS\Training data\F2_BR2_DETERMINISTIC_REFREEZE,PHASE8B_R2
C:\RSOS\Training data\F2_BR2_DETERMINISTIC_REFREEZE\00_PRE_EVAL\PRE_EVAL_FREEZE_SHA256.txt,PRE_EVAL_FREEZE_SHA256.txt,.txt,66,2026-09-11T22:49:12.9046920Z,2026-09-11T22:49:12.9056904Z,AUTHORITY_OR_FREEZE,PRIMARY_OR_UNRESOLVED,NOT_YET_COPIED,EXP-012,CAN-F2-B,True,False,False,False,False,,09_FREEZE,ELIGIBLE_PRIMARY_CANDIDATE,C:\RSOS\Training data\F2_BR2_DETERMINISTIC_REFREEZE,PHASE8B_R2
C:\RSOS\Training data\F2_BR2_DETERMINISTIC_REFREEZE\00_PRE_EVAL\PROVENANCE_LEDGER.csv,PROVENANCE_LEDGER.csv,.csv,258,2026-09-11T22:49:12.6797966Z,2026-09-11T22:49:12.6807996Z,OTHER_SOURCE,PRIMARY_OR_UNRESOLVED,NOT_YET_COPIED,EXP-012,CAN-F2-B,True,False,False,False,False,,UNCLASSIFIED,ELIGIBLE_PRIMARY_CANDIDATE,C:\RSOS\Training data\F2_BR2_DETERMINISTIC_REFREEZE,PHASE8B_R2
C:\RSOS\Training data\F2_BR2_DETERMINISTIC_REFREEZE\01_FEATURES\EARLY_NEG_V2_FEATURES.csv,EARLY_NEG_V2_FEATURES.csv,.csv,93038,2026-09-11T22:49:11.2763011Z,2026-09-11T22:49:11.2852954Z,RESULT_OR_OUTPUT,PRIMARY_OR_UNRESOLVED,NOT_YET_COPIED,EXP-012,CAN-F2-B,True,False,False,False,False,,05_OUTPUTS,ELIGIBLE_PRIMARY_CANDIDATE,C:\RSOS\Training data\F2_BR2_DETERMINISTIC_REFREEZE,PHASE8B_R2
C:\RSOS\Training data\F2_BR2_DETERMINISTIC_REFREEZE\01_FEATURES\EARLY_POS_V2_FEATURES.csv,EARLY_POS_V2_FEATURES.csv,.csv,54865,2026-09-11T22:49:11.2693050Z,2026-09-11T22:49:11.2753014Z,RESULT_OR_OUTPUT,PRIMARY_OR_UNRESOLVED,NOT_YET_COPIED,EXP-012,CAN-F2-B,True,False,False,False,False,,05_OUTPUTS,ELIGIBLE_PRIMARY_CANDIDATE,C:\RSOS\Training data\F2_BR2_DETERMINISTIC_REFREEZE,PHASE8B_R2
C:\RSOS\Training data\F2_BR2_DETERMINISTIC_REFREEZE\01_FEATURES\LATER_HOLD_NEG_V2_FEATURES.csv,LATER_HOLD_NEG_V2_FEATURES.csv,.csv,198584,2026-09-11T22:49:42.0598771Z,2026-09-11T22:49:42.0788875Z,RESULT_OR_OUTPUT,PRIMARY_OR_UNRESOLVED,NOT_YET_COPIED,EXP-012,CAN-F2-B,True,False,False,False,False,,05_OUTPUTS,ELIGIBLE_PRIMARY_CANDIDATE,C:\RSOS\Training data\F2_BR2_DETERMINISTIC_REFREEZE,PHASE8B_R2
C:\RSOS\Training data\F2_BR2_DETERMINISTIC_REFREEZE\01_FEATURES\LATER_HOLD_POS_V2_FEATURES.csv,LATER_HOLD_POS_V2_FEATURES.csv,.csv,185024,2026-09-11T22:49:42.0428868Z,2026-09-11T22:49:42.0588982Z,RESULT_OR_OUTPUT,PRIMARY_OR_UNRESOLVED,NOT_YET_COPIED,EXP-012,CAN-F2-B,True,False,False,False,False,,05_OUTPUTS,ELIGIBLE_PRIMARY_CANDIDATE,C:\RSOS\Training data\F2_BR2_DETERMINISTIC_REFREEZE,PHASE8B_R2
C:\RSOS\Training data\F2_BR2_DETERMINISTIC_REFREEZE\01_FEATURES\LATER_VAL_NEG_V2_FEATURES.csv,LATER_VAL_NEG_V2_FEATURES.csv,.csv,19033,2026-09-11T22:49:42.0388915Z,2026-09-11T22:49:42.0419083Z,RESULT_OR_OUTPUT,PRIMARY_OR_UNRESOLVED,NOT_YET_COPIED,EXP-012,CAN-F2-B,True,False,False,False,False,,05_OUTPUTS,ELIGIBLE_PRIMARY_CANDIDATE,C:\RSOS\Training data\F2_BR2_DETERMINISTIC_REFREEZE,PHASE8B_R2
C:\RSOS\Training data\F2_BR2_DETERMINISTIC_REFREEZE\01_FEATURES\LATER_VAL_POS_V2_FEATURES.csv,LATER_VAL_POS_V2_FEATURES.csv,.csv,142605,2026-09-11T22:49:42.0243109Z,2026-09-11T22:49:42.0379100Z,RESULT_OR_OUTPUT,PRIMARY_OR_UNRESOLVED,NOT_YET_COPIED,EXP-012,CAN-F2-B,True,False,False,False,False,,05_OUTPUTS,ELIGIBLE_PRIMARY_CANDIDATE,C:\RSOS\Training data\F2_BR2_DETERMINISTIC_REFREEZE,PHASE8B_R2
C:\RSOS\Training data\F2_BR2_DETERMINISTIC_REFREEZE\02_MODELS\JOINT_MULTILAYER_V2.joblib,JOINT_MULTILAYER_V2.joblib,.joblib,5117,2026-09-11T22:49:12.6648210Z,2026-09-11T22:49:12.6658217Z,OTHER_SOURCE,PRIMARY_OR_UNRESOLVED,NOT_YET_COPIED,EXP-012,CAN-F2-B,True,False,False,False,False,,UNCLASSIFIED,ELIGIBLE_PRIMARY_CANDIDATE,C:\RSOS\Training data\F2_BR2_DETERMINISTIC_REFREEZE,PHASE8B_R2
C:\RSOS\Training data\F2_BR2_DETERMINISTIC_REFREEZE\02_MODELS\JOINT_MULTILAYER_V2_COEFFICIENTS.csv,JOINT_MULTILAYER_V2_COEFFICIENTS.csv,.csv,6673,2026-09-11T22:49:12.6688240Z,2026-09-11T22:49:12.6708175Z,OTHER_SOURCE,PRIMARY_OR_UNRESOLVED,NOT_YET_COPIED,EXP-012,CAN-F2-B,True,False,False,False,False,,UNCLASSIFIED,ELIGIBLE_PRIMARY_CANDIDATE,C:\RSOS\Training data\F2_BR2_DETERMINISTIC_REFREEZE,PHASE8B_R2
C:\RSOS\Training data\F2_BR2_DETERMINISTIC_REFREEZE\02_MODELS\JOINT_MULTILAYER_V2_TRAIN_CV.csv,JOINT_MULTILAYER_V2_TRAIN_CV.csv,.csv,422,2026-09-11T22:49:12.6718034Z,2026-09-11T22:49:12.6718034Z,OTHER_SOURCE,PRIMARY_OR_UNRESOLVED,NOT_YET_COPIED,EXP-012,CAN-F2-B,True,False,False,False,False,,UNCLASSIFIED,ELIGIBLE_PRIMARY_CANDIDATE,C:\RSOS\Training data\F2_BR2_DETERMINISTIC_REFREEZE,PHASE8B_R2
C:\RSOS\Training data\F2_BR2_DETERMINISTIC_REFREEZE\02_MODELS\JOINT_MULTILAYER_V2_TRAIN_MEDIANS.csv,JOINT_MULTILAYER_V2_TRAIN_MEDIANS.csv,.csv,2511,2026-09-11T22:49:12.6668063Z,2026-09-11T22:49:12.6678039Z,OTHER_SOURCE,PRIMARY_OR_UNRESOLVED,NOT_YET_COPIED,EXP-012,CAN-F2-B,True,False,False,False,False,,UNCLASSIFIED,ELIGIBLE_PRIMARY_CANDIDATE,C:\RSOS\Training data\F2_BR2_DETERMINISTIC_REFREEZE,PHASE8B_R2
C:\RSOS\Training data\F2_BR2_DETERMINISTIC_REFREEZE\02_MODELS\JOINT_MULTILAYER_V2_TRAIN_OOF.csv,JOINT_MULTILAYER_V2_TRAIN_OOF.csv,.csv,9183,2026-09-11T22:49:12.6738021Z,2026-09-11T22:49:12.6748197Z,OTHER_SOURCE,PRIMARY_OR_UNRESOLVED,NOT_YET_COPIED,EXP-012,CAN-F2-B,True,False,False,False,False,,UNCLASSIFIED,ELIGIBLE_PRIMARY_CANDIDATE,C:\RSOS\Training data\F2_BR2_DETERMINISTIC_REFREEZE,PHASE8B_R2
C:\RSOS\Training data\F2_BR2_DETERMINISTIC_REFREEZE\02_MODELS\OPERATOR_RELATIONAL_V2.joblib,OPERATOR_RELATIONAL_V2.joblib,.joblib,3725,2026-09-11T22:49:11.9654777Z,2026-09-11T22:49:11.9684611Z,OTHER_SOURCE,PRIMARY_OR_UNRESOLVED,NOT_YET_COPIED,EXP-012,CAN-F2-B,True,False,False,False,False,,UNCLASSIFIED,ELIGIBLE_PRIMARY_CANDIDATE,C:\RSOS\Training data\F2_BR2_DETERMINISTIC_REFREEZE,PHASE8B_R2
C:\RSOS\Training data\F2_BR2_DETERMINISTIC_REFREEZE\02_MODELS\OPERATOR_RELATIONAL_V2_COEFFICIENTS.csv,OPERATOR_RELATIONAL_V2_COEFFICIENTS.csv,.csv,4015,2026-09-11T22:49:11.9724748Z,2026-09-11T22:49:11.9739072Z,OTHER_SOURCE,PRIMARY_OR_UNRESOLVED,NOT_YET_COPIED,EXP-012,CAN-F2-B,True,False,False,False,False,,UNCLASSIFIED,ELIGIBLE_PRIMARY_CANDIDATE,C:\RSOS\Training data\F2_BR2_DETERMINISTIC_REFREEZE,PHASE8B_R2
C:\RSOS\Training data\F2_BR2_DETERMINISTIC_REFREEZE\02_MODELS\OPERATOR_RELATIONAL_V2_TRAIN_CV.csv,OPERATOR_RELATIONAL_V2_TRAIN_CV.csv,.csv,437,2026-09-11T22:49:11.9749070Z,2026-09-11T22:49:11.9749070Z,OTHER_SOURCE,PRIMARY_OR_UNRESOLVED,NOT_YET_COPIED,EXP-012,CAN-F2-B,True,False,False,False,False,,UNCLASSIFIED,ELIGIBLE_PRIMARY_CANDIDATE,C:\RSOS\Training data\F2_BR2_DETERMINISTIC_REFREEZE,PHASE8B_R2
C:\RSOS\Training data\F2_BR2_DETERMINISTIC_REFREEZE\02_MODELS\OPERATOR_RELATIONAL_V2_TRAIN_MEDIANS.csv,OPERATOR_RELATIONAL_V2_TRAIN_MEDIANS.csv,.csv,1596,2026-09-11T22:49:11.9694609Z,2026-09-11T22:49:11.9704588Z,OTHER_SOURCE,PRIMARY_OR_UNRESOLVED,NOT_YET_COPIED,EXP-012,CAN-F2-B,True,False,False,False,False,,UNCLASSIFIED,ELIGIBLE_PRIMARY_CANDIDATE,C:\RSOS\Training data\F2_BR2_DETERMINISTIC_REFREEZE,PHASE8B_R2
C:\RSOS\Training data\F2_BR2_DETERMINISTIC_REFREEZE\02_MODELS\OPERATOR_RELATIONAL_V2_TRAIN_OOF.csv,OPERATOR_RELATIONAL_V2_TRAIN_OOF.csv,.csv,9221,2026-09-11T22:49:11.9769061Z,2026-09-11T22:49:11.9779055Z,OTHER_SOURCE,PRIMARY_OR_UNRESOLVED,NOT_YET_COPIED,EXP-012,CAN-F2-B,True,False,False,False,False,,UNCLASSIFIED,ELIGIBLE_PRIMARY_CANDIDATE,C:\RSOS\Training data\F2_BR2_DETERMINISTIC_REFREEZE,PHASE8B_R2
C:\RSOS\Training data\F2_BR2_DETERMINISTIC_REFREEZE\02_MODELS\WINDOW12_DETERMINISTIC_V2.joblib,WINDOW12_DETERMINISTIC_V2.joblib,.joblib,4093,2026-09-11T22:50:58.3929796Z,2026-09-11T22:50:58.3949826Z,OTHER_SOURCE,PRIMARY_OR_UNRESOLVED,NOT_YET_COPIED,EXP-012,CAN-F2-B,True,False,False,False,False,,UNCLASSIFIED,ELIGIBLE_PRIMARY_CANDIDATE,C:\RSOS\Training data\F2_BR2_DETERMINISTIC_REFREEZE,PHASE8B_R2
C:\RSOS\Training data\F2_BR2_DETERMINISTIC_REFREEZE\02_MODELS\WINDOW12_DETERMINISTIC_V2_COEFFICIENTS.csv,WINDOW12_DETERMINISTIC_V2_COEFFICIENTS.csv,.csv,4875,2026-09-11T22:50:58.3979631Z,2026-09-11T22:50:58.3989618Z,OTHER_SOURCE,PRIMARY_OR_UNRESOLVED,NOT_YET_COPIED,EXP-012,CAN-F2-B,True,False,False,False,False,,UNCLASSIFIED,ELIGIBLE_PRIMARY_CANDIDATE,C:\RSOS\Training data\F2_BR2_DETERMINISTIC_REFREEZE,PHASE8B_R2
C:\RSOS\Training data\F2_BR2_DETERMINISTIC_REFREEZE\02_MODELS\WINDOW12_DETERMINISTIC_V2_TRAIN_CV.csv,WINDOW12_DETERMINISTIC_V2_TRAIN_CV.csv,.csv,267,2026-09-11T22:50:58.4009625Z,2026-09-11T22:50:58.4019603Z,OTHER_SOURCE,PRIMARY_OR_UNRESOLVED,NOT_YET_COPIED,EXP-012,CAN-F2-B,True,False,False,False,False,,UNCLASSIFIED,ELIGIBLE_PRIMARY_CANDIDATE,C:\RSOS\Training data\F2_BR2_DETERMINISTIC_REFREEZE,PHASE8B_R2
C:\RSOS\Training data\F2_BR2_DETERMINISTIC_REFREEZE\02_MODELS\WINDOW12_DETERMINISTIC_V2_TRAIN_MEDIANS.csv,WINDOW12_DETERMINISTIC_V2_TRAIN_MEDIANS.csv,.csv,1720,2026-09-11T22:50:58.3959613Z,2026-09-11T22:50:58.3969825Z,OTHER_SOURCE,PRIMARY_OR_UNRESOLVED,NOT_YET_COPIED,EXP-012,CAN-F2-B,True,False,False,False,False,,UNCLASSIFIED,ELIGIBLE_PRIMARY_CANDIDATE,C:\RSOS\Training data\F2_BR2_DETERMINISTIC_REFREEZE,PHASE8B_R2
C:\RSOS\Training data\F2_BR2_DETERMINISTIC_REFREEZE\02_MODELS\WINDOW12_DETERMINISTIC_V2_TRAIN_OOF.csv,WINDOW12_DETERMINISTIC_V2_TRAIN_OOF.csv,.csv,8388,2026-09-11T22:50:58.4029612Z,2026-09-11T22:50:58.4039602Z,OTHER_SOURCE,PRIMARY_OR_UNRESOLVED,NOT_YET_COPIED,EXP-012,CAN-F2-B,True,False,False,False,False,,UNCLASSIFIED,ELIGIBLE_PRIMARY_CANDIDATE,C:\RSOS\Training data\F2_BR2_DETERMINISTIC_REFREEZE,PHASE8B_R2
C:\RSOS\Training data\F2_BR2_DETERMINISTIC_REFREEZE\02_MODELS\WINDOW8_DETERMINISTIC_V2.joblib,WINDOW8_DETERMINISTIC_V2.joblib,.joblib,4077,2026-09-11T22:50:37.6067129Z,2026-09-11T22:50:37.6077168Z,OTHER_SOURCE,PRIMARY_OR_UNRESOLVED,NOT_YET_COPIED,EXP-012,CAN-F2-B,True,False,False,False,False,,UNCLASSIFIED,ELIGIBLE_PRIMARY_CANDIDATE,C:\RSOS\Training data\F2_BR2_DETERMINISTIC_REFREEZE,PHASE8B_R2
C:\RSOS\Training data\F2_BR2_DETERMINISTIC_REFREEZE\02_MODELS\WINDOW8_DETERMINISTIC_V2_COEFFICIENTS.csv,WINDOW8_DETERMINISTIC_V2_COEFFICIENTS.csv,.csv,4789,2026-09-11T22:50:37.6107156Z,2026-09-11T22:50:37.6116954Z,OTHER_SOURCE,PRIMARY_OR_UNRESOLVED,NOT_YET_COPIED,EXP-012,CAN-F2-B,True,False,False,False,False,,UNCLASSIFIED,ELIGIBLE_PRIMARY_CANDIDATE,C:\RSOS\Training data\F2_BR2_DETERMINISTIC_REFREEZE,PHASE8B_R2
C:\RSOS\Training data\F2_BR2_DETERMINISTIC_REFREEZE\02_MODELS\WINDOW8_DETERMINISTIC_V2_TRAIN_CV.csv,WINDOW8_DETERMINISTIC_V2_TRAIN_CV.csv,.csv,421,2026-09-11T22:50:37.6136947Z,2026-09-11T22:50:37.6136947Z,OTHER_SOURCE,PRIMARY_OR_UNRESOLVED,NOT_YET_COPIED,EXP-012,CAN-F2-B,True,False,False,False,False,,UNCLASSIFIED,ELIGIBLE_PRIMARY_CANDIDATE,C:\RSOS\Training data\F2_BR2_DETERMINISTIC_REFREEZE,PHASE8B_R2
C:\RSOS\Training data\F2_BR2_DETERMINISTIC_REFREEZE\02_MODELS\WINDOW8_DETERMINISTIC_V2_TRAIN_MEDIANS.csv,WINDOW8_DETERMINISTIC_V2_TRAIN_MEDIANS.csv,.csv,1692,2026-09-11T22:50:37.6087164Z,2026-09-11T22:50:37.6096955Z,OTHER_SOURCE,PRIMARY_OR_UNRESOLVED,NOT_YET_COPIED,EXP-012,CAN-F2-B,True,False,False,False,False,,UNCLASSIFIED,ELIGIBLE_PRIMARY_CANDIDATE,C:\RSOS\Training data\F2_BR2_DETERMINISTIC_REFREEZE,PHASE8B_R2
C:\RSOS\Training data\F2_BR2_DETERMINISTIC_REFREEZE\02_MODELS\WINDOW8_DETERMINISTIC_V2_TRAIN_OOF.csv,WINDOW8_DETERMINISTIC_V2_TRAIN_OOF.csv,.csv,8892,2026-09-11T22:50:37.6156935Z,2026-09-11T22:50:37.6172231Z,OTHER_SOURCE,PRIMARY_OR_UNRESOLVED,NOT_YET_COPIED,EXP-012,CAN-F2-B,True,False,False,False,False,,UNCLASSIFIED,ELIGIBLE_PRIMARY_CANDIDATE,C:\RSOS\Training data\F2_BR2_DETERMINISTIC_REFREEZE,PHASE8B_R2
C:\RSOS\Training data\F2_BR2_DETERMINISTIC_REFREEZE\03_RESULTS\GENEALOGY_V2.csv,GENEALOGY_V2.csv,.csv,256,2026-09-11T22:50:10.8761483Z,2026-09-11T22:50:10.8771473Z,OTHER_SOURCE,PRIMARY_OR_UNRESOLVED,NOT_YET_COPIED,EXP-012,CAN-F2-B,True,False,False,False,False,,06_DIAGNOSTIC,ELIGIBLE_PRIMARY_CANDIDATE,C:\RSOS\Training data\F2_BR2_DETERMINISTIC_REFREEZE,PHASE8B_R2
C:\RSOS\Training data\F2_BR2_DETERMINISTIC_REFREEZE\03_RESULTS\JOINT_MULTILAYER_V2_HOLDOUT_SCORES.csv,JOINT_MULTILAYER_V2_HOLDOUT_SCORES.csv,.csv,39400,2026-09-11T22:50:03.0554225Z,2026-09-11T22:50:03.0584207Z,RESULT_OR_OUTPUT,PRIMARY_OR_UNRESOLVED,NOT_YET_COPIED,EXP-012,CAN-F2-B,True,False,False,False,False,,05_OUTPUTS,ELIGIBLE_PRIMARY_CANDIDATE,C:\RSOS\Training data\F2_BR2_DETERMINISTIC_REFREEZE,PHASE8B_R2
C:\RSOS\Training data\F2_BR2_DETERMINISTIC_REFREEZE\03_RESULTS\JOINT_MULTILAYER_V2_VALIDATION_SCORES.csv,JOINT_MULTILAYER_V2_VALIDATION_SCORES.csv,.csv,14628,2026-09-11T22:49:57.6540931Z,2026-09-11T22:49:57.6560919Z,RESULT_OR_OUTPUT,PRIMARY_OR_UNRESOLVED,NOT_YET_COPIED,EXP-012,CAN-F2-B,True,False,False,False,False,,05_OUTPUTS,ELIGIBLE_PRIMARY_CANDIDATE,C:\RSOS\Training data\F2_BR2_DETERMINISTIC_REFREEZE,PHASE8B_R2
C:\RSOS\Training data\F2_BR2_DETERMINISTIC_REFREEZE\03_RESULTS\JOINT_V2_REPRESENTATION_ABLATIONS.csv,JOINT_V2_REPRESENTATION_ABLATIONS.csv,.csv,678,2026-09-11T22:50:03.2841118Z,2026-09-11T22:50:03.2841118Z,OTHER_SOURCE,PRIMARY_OR_UNRESOLVED,NOT_YET_COPIED,EXP-012,CAN-F2-B,True,False,False,False,False,,UNCLASSIFIED,ELIGIBLE_PRIMARY_CANDIDATE,C:\RSOS\Training data\F2_BR2_DETERMINISTIC_REFREEZE,PHASE8B_R2
C:\RSOS\Training data\F2_BR2_DETERMINISTIC_REFREEZE\03_RESULTS\MESSAGE_DROPOUT_V2.csv,MESSAGE_DROPOUT_V2.csv,.csv,427,2026-09-11T22:50:19.8272603Z,2026-09-11T22:50:19.8282600Z,OTHER_SOURCE,PRIMARY_OR_UNRESOLVED,NOT_YET_COPIED,EXP-012,CAN-F2-B,True,False,False,False,False,,UNCLASSIFIED,ELIGIBLE_PRIMARY_CANDIDATE,C:\RSOS\Training data\F2_BR2_DETERMINISTIC_REFREEZE,PHASE8B_R2
C:\RSOS\Training data\F2_BR2_DETERMINISTIC_REFREEZE\03_RESULTS\OPERATOR_RELATIONAL_V2_HOLDOUT_SCORES.csv,OPERATOR_RELATIONAL_V2_HOLDOUT_SCORES.csv,.csv,39277,2026-09-11T22:49:52.5538135Z,2026-09-11T22:49:52.5568112Z,RESULT_OR_OUTPUT,PRIMARY_OR_UNRESOLVED,NOT_YET_COPIED,EXP-012,CAN-F2-B,True,False,False,False,False,,05_OUTPUTS,ELIGIBLE_PRIMARY_CANDIDATE,C:\RSOS\Training data\F2_BR2_DETERMINISTIC_REFREEZE,PHASE8B_R2
C:\RSOS\Training data\F2_BR2_DETERMINISTIC_REFREEZE\03_RESULTS\OPERATOR_RELATIONAL_V2_VALIDATION_SCORES.csv,OPERATOR_RELATIONAL_V2_VALIDATION_SCORES.csv,.csv,14584,2026-09-11T22:49:47.1994413Z,2026-09-11T22:49:47.2014404Z,RESULT_OR_OUTPUT,PRIMARY_OR_UNRESOLVED,NOT_YET_COPIED,EXP-012,CAN-F2-B,True,False,False,False,False,,05_OUTPUTS,ELIGIBLE_PRIMARY_CANDIDATE,C:\RSOS\Training data\F2_BR2_DETERMINISTIC_REFREEZE,PHASE8B_R2
C:\RSOS\Training data\F2_BR2_DETERMINISTIC_REFREEZE\03_RESULTS\PRIMARY_V2_RESULTS.csv,PRIMARY_V2_RESULTS.csv,.csv,1743,2026-09-11T22:50:03.0604017Z,2026-09-11T22:50:03.0614200Z,RESULT_OR_OUTPUT,PRIMARY_OR_UNRESOLVED,NOT_YET_COPIED,EXP-012,CAN-F2-B,True,False,False,False,False,,05_OUTPUTS,ELIGIBLE_PRIMARY_CANDIDATE,C:\RSOS\Training data\F2_BR2_DETERMINISTIC_REFREEZE,PHASE8B_R2
C:\RSOS\Training data\F2_BR2_DETERMINISTIC_REFREEZE\03_RESULTS\SYSTEM_SPECIFIC_V2.csv,SYSTEM_SPECIFIC_V2.csv,.csv,812,2026-09-11T22:50:03.1215155Z,2026-09-11T22:50:03.1235347Z,OTHER_SOURCE,PRIMARY_OR_UNRESOLVED,NOT_YET_COPIED,EXP-012,CAN-F2-B,True,False,False,False,False,,UNCLASSIFIED,ELIGIBLE_PRIMARY_CANDIDATE,C:\RSOS\Training data\F2_BR2_DETERMINISTIC_REFREEZE,PHASE8B_R2
C:\RSOS\Training data\F2_BR2_DETERMINISTIC_REFREEZE\03_RESULTS\TOPIC_CONTROL_V2.csv,TOPIC_CONTROL_V2.csv,.csv,766,2026-09-11T22:50:12.0320600Z,2026-09-11T22:50:12.0330454Z,OTHER_SOURCE,PRIMARY_OR_UNRESOLVED,NOT_YET_COPIED,EXP-012,CAN-F2-B,True,False,False,False,False,,00_CONTROL,ELIGIBLE_PRIMARY_CANDIDATE,C:\RSOS\Training data\F2_BR2_DETERMINISTIC_REFREEZE,PHASE8B_R2
C:\RSOS\Training data\F2_BR2_DETERMINISTIC_REFREEZE\03_RESULTS\WINDOW_HARDENING_V2.csv,WINDOW_HARDENING_V2.csv,.csv,701,2026-09-11T22:50:58.5501162Z,2026-09-11T22:50:58.5511160Z,OTHER_SOURCE,PRIMARY_OR_UNRESOLVED,NOT_YET_COPIED,EXP-012,CAN-F2-B,True,False,False,False,False,,UNCLASSIFIED,ELIGIBLE_PRIMARY_CANDIDATE,C:\RSOS\Training data\F2_BR2_DETERMINISTIC_REFREEZE,PHASE8B_R2
C:\RSOS\Training data\F2_BR2_DETERMINISTIC_REFREEZE\03_RESULTS\WINDOW12_DETERMINISTIC_FEATURES.csv,WINDOW12_DETERMINISTIC_FEATURES.csv,.csv,352220,2026-09-11T22:50:57.7084295Z,2026-09-11T22:50:57.7416274Z,RESULT_OR_OUTPUT,PRIMARY_OR_UNRESOLVED,NOT_YET_COPIED,EXP-012,CAN-F2-B,True,False,False,False,False,,05_OUTPUTS,ELIGIBLE_PRIMARY_CANDIDATE,C:\RSOS\Training data\F2_BR2_DETERMINISTIC_REFREEZE,PHASE8B_R2
C:\RSOS\Training data\F2_BR2_DETERMINISTIC_REFREEZE\03_RESULTS\WINDOW8_DETERMINISTIC_FEATURES.csv,WINDOW8_DETERMINISTIC_FEATURES.csv,.csv,389941,2026-09-11T22:50:36.9335147Z,2026-09-11T22:50:36.9737118Z,RESULT_OR_OUTPUT,PRIMARY_OR_UNRESOLVED,NOT_YET_COPIED,EXP-012,CAN-F2-B,True,False,False,False,False,,05_OUTPUTS,ELIGIBLE_PRIMARY_CANDIDATE,C:\RSOS\Training data\F2_BR2_DETERMINISTIC_REFREEZE,PHASE8B_R2
C:\RSOS\Training data\F2_BR2_DETERMINISTIC_REFREEZE\04_AUDIT\STATUS_LEDGER.csv,STATUS_LEDGER.csv,.csv,263,2026-09-11T22:50:58.5531151Z,2026-09-11T22:50:58.5531151Z,AUTHORITY_OR_FREEZE,PRIMARY_OR_UNRESOLVED,NOT_YET_COPIED,EXP-012,CAN-F2-B,True,False,False,False,False,,00_CONTROL,ELIGIBLE_PRIMARY_CANDIDATE,C:\RSOS\Training data\F2_BR2_DETERMINISTIC_REFREEZE,PHASE8B_R2
C:\RSOS\Training data\F2_BR2_DETERMINISTIC_REFREEZE\05_LEGACY_REFERENCE\DOMAIN_TOPIC_ASSIGNMENTS_K12.csv,DOMAIN_TOPIC_ASSIGNMENTS_K12.csv,.csv,18727,2026-09-11T22:49:03.8018777Z,2026-09-11T19:41:20.0000000Z,OTHER_SOURCE,PRIMARY_OR_UNRESOLVED,NOT_YET_COPIED,EXP-012,CAN-F2-B,True,False,False,False,False,,UNCLASSIFIED,ELIGIBLE_PRIMARY_CANDIDATE,C:\RSOS\Training data\F2_BR2_DETERMINISTIC_REFREEZE,PHASE8B_R2
C:\RSOS\Training data\F2_BR2_DETERMINISTIC_REFREEZE\05_LEGACY_REFERENCE\DOMAIN_TOPIC_ASSIGNMENTS_K5.csv,DOMAIN_TOPIC_ASSIGNMENTS_K5.csv,.csv,18709,2026-09-11T22:49:03.8028775Z,2026-09-11T19:41:20.0000000Z,OTHER_SOURCE,PRIMARY_OR_UNRESOLVED,NOT_YET_COPIED,EXP-012,CAN-F2-B,True,False,False,False,False,,UNCLASSIFIED,ELIGIBLE_PRIMARY_CANDIDATE,C:\RSOS\Training data\F2_BR2_DETERMINISTIC_REFREEZE,PHASE8B_R2
C:\RSOS\Training data\F2_BR2_DETERMINISTIC_REFREEZE\05_LEGACY_REFERENCE\DOMAIN_TOPIC_ASSIGNMENTS_K8.csv,DOMAIN_TOPIC_ASSIGNMENTS_K8.csv,.csv,18709,2026-09-11T22:49:03.8038774Z,2026-09-11T19:41:20.0000000Z,OTHER_SOURCE,PRIMARY_OR_UNRESOLVED,NOT_YET_COPIED,EXP-012,CAN-F2-B,True,False,False,False,False,,UNCLASSIFIED,ELIGIBLE_PRIMARY_CANDIDATE,C:\RSOS\Training data\F2_BR2_DETERMINISTIC_REFREEZE,PHASE8B_R2
C:\RSOS\Training data\F2_BR2_DETERMINISTIC_REFREEZE\05_LEGACY_REFERENCE\DOMAIN_TOPIC_CONTROL.csv,DOMAIN_TOPIC_CONTROL.csv,.csv,371,2026-09-11T22:49:03.8048759Z,2026-09-11T19:41:20.0000000Z,OTHER_SOURCE,PRIMARY_OR_UNRESOLVED,NOT_YET_COPIED,EXP-012,CAN-F2-B,True,False,False,False,False,,00_CONTROL,ELIGIBLE_PRIMARY_CANDIDATE,C:\RSOS\Training data\F2_BR2_DETERMINISTIC_REFREEZE,PHASE8B_R2
C:\RSOS\Training data\F2_BR2_DETERMINISTIC_REFREEZE\05_LEGACY_REFERENCE\FROZEN_THRESHOLD_HOLDOUT.csv,FROZEN_THRESHOLD_HOLDOUT.csv,.csv,167,2026-09-11T22:49:03.8058758Z,2026-09-11T19:41:20.0000000Z,AUTHORITY_OR_FREEZE,PRIMARY_OR_UNRESOLVED,NOT_YET_COPIED,EXP-012,CAN-F2-B,True,False,False,False,False,,09_FREEZE,ELIGIBLE_PRIMARY_CANDIDATE,C:\RSOS\Training data\F2_BR2_DETERMINISTIC_REFREEZE,PHASE8B_R2
C:\RSOS\Training data\F2_BR2_DETERMINISTIC_REFREEZE\05_LEGACY_REFERENCE\GENEALOGY_DIRECTIONALITY.csv,GENEALOGY_DIRECTIONALITY.csv,.csv,213,2026-09-11T22:49:03.8068752Z,2026-09-11T19:41:20.0000000Z,OTHER_SOURCE,PRIMARY_OR_UNRESOLVED,NOT_YET_COPIED,EXP-012,CAN-F2-B,True,False,False,False,False,,06_DIAGNOSTIC,ELIGIBLE_PRIMARY_CANDIDATE,C:\RSOS\Training data\F2_BR2_DETERMINISTIC_REFREEZE,PHASE8B_R2
C:\RSOS\Training data\F2_BR2_DETERMINISTIC_REFREEZE\05_LEGACY_REFERENCE\MESSAGE_DROPOUT_ROBUSTNESS.csv,MESSAGE_DROPOUT_ROBUSTNESS.csv,.csv,282,2026-09-11T22:49:03.8078749Z,2026-09-11T19:41:20.0000000Z,OTHER_SOURCE,PRIMARY_OR_UNRESOLVED,NOT_YET_COPIED,EXP-012,CAN-F2-B,True,False,False,False,False,,UNCLASSIFIED,ELIGIBLE_PRIMARY_CANDIDATE,C:\RSOS\Training data\F2_BR2_DETERMINISTIC_REFREEZE,PHASE8B_R2
C:\RSOS\Training data\F2_BR2_DETERMINISTIC_REFREEZE\05_LEGACY_REFERENCE\PRIMARY_CLASSIFICATION_RESULTS.csv,PRIMARY_CLASSIFICATION_RESULTS.csv,.csv,2691,2026-09-11T22:49:03.8078749Z,2026-09-11T19:41:20.0000000Z,RESULT_OR_OUTPUT,PRIMARY_OR_UNRESOLVED,NOT_YET_COPIED,EXP-012,CAN-F2-B,True,False,False,False,False,,05_OUTPUTS,ELIGIBLE_PRIMARY_CANDIDATE,C:\RSOS\Training data\F2_BR2_DETERMINISTIC_REFREEZE,PHASE8B_R2
C:\RSOS\Training data\F2_BR2_DETERMINISTIC_REFREEZE\05_LEGACY_REFERENCE\REPRESENTATION_ABLATIONS.csv,REPRESENTATION_ABLATIONS.csv,.csv,897,2026-09-11T22:49:03.8088737Z,2026-09-11T19:41:20.0000000Z,OTHER_SOURCE,PRIMARY_OR_UNRESOLVED,NOT_YET_COPIED,EXP-012,CAN-F2-B,True,False,False,False,False,,UNCLASSIFIED,ELIGIBLE_PRIMARY_CANDIDATE,C:\RSOS\Training data\F2_BR2_DETERMINISTIC_REFREEZE,PHASE8B_R2
C:\RSOS\Training data\F2_BR2_DETERMINISTIC_REFREEZE\05_LEGACY_REFERENCE\SYSTEM_SPECIFIC_HOLDOUT.csv,SYSTEM_SPECIFIC_HOLDOUT.csv,.csv,470,2026-09-11T22:49:03.8108735Z,2026-09-11T19:41:20.0000000Z,OTHER_SOURCE,PRIMARY_OR_UNRESOLVED,NOT_YET_COPIED,EXP-012,CAN-F2-B,True,False,False,False,False,,UNCLASSIFIED,ELIGIBLE_PRIMARY_CANDIDATE,C:\RSOS\Training data\F2_BR2_DETERMINISTIC_REFREEZE,PHASE8B_R2
C:\RSOS\Training data\F2_BR2_DETERMINISTIC_REFREEZE\05_LEGACY_REFERENCE\STRATIFIED_HOLDOUT.csv,STRATIFIED_HOLDOUT.csv,.csv,351,2026-09-11T22:49:03.8098738Z,2026-09-11T19:41:20.0000000Z,OTHER_SOURCE,PRIMARY_OR_UNRESOLVED,NOT_YET_COPIED,EXP-012,CAN-F2-B,True,False,False,False,False,,UNCLASSIFIED,ELIGIBLE_PRIMARY_CANDIDATE,C:\RSOS\Training data\F2_BR2_DETERMINISTIC_REFREEZE,PHASE8B_R2
C:\RSOS\Training data\F2_BR2_DETERMINISTIC_REFREEZE\05_LEGACY_REFERENCE\WINDOW12_LENGTH_HARDENING.csv,WINDOW12_LENGTH_HARDENING.csv,.csv,456,2026-09-11T22:49:03.8118738Z,2026-09-11T19:41:20.0000000Z,OTHER_SOURCE,PRIMARY_OR_UNRESOLVED,NOT_YET_COPIED,EXP-012,CAN-F2-B,True,False,False,False,False,,UNCLASSIFIED,ELIGIBLE_PRIMARY_CANDIDATE,C:\RSOS\Training data\F2_BR2_DETERMINISTIC_REFREEZE,PHASE8B_R2
C:\RSOS\Training data\F2_BR2_DETERMINISTIC_REFREEZE\05_LEGACY_REFERENCE\WINDOW8_LENGTH_HARDENING.csv,WINDOW8_LENGTH_HARDENING.csv,.csv,465,2026-09-11T22:49:03.8128717Z,2026-09-11T19:41:20.0000000Z,OTHER_SOURCE,PRIMARY_OR_UNRESOLVED,NOT_YET_COPIED,EXP-012,CAN-F2-B,True,False,False,False,False,,UNCLASSIFIED,ELIGIBLE_PRIMARY_CANDIDATE,C:\RSOS\Training data\F2_BR2_DETERMINISTIC_REFREEZE,PHASE8B_R2
C:\RSOS\Training data\F2_BR2_DETERMINISTIC_REFREEZE\F2_BR2_COMPLETE.marker.json,F2_BR2_COMPLETE.marker.json,.json,237,2026-09-11T22:50:59.1019564Z,2026-09-11T22:50:59.1029273Z,AUTHORITY_OR_FREEZE,PRIMARY_OR_UNRESOLVED,NOT_YET_COPIED,EXP-012,CAN-F2-B,True,False,False,False,False,,09_FREEZE,ELIGIBLE_PRIMARY_CANDIDATE,C:\RSOS\Training data\F2_BR2_DETERMINISTIC_REFREEZE,PHASE8B_R2
C:\RSOS\Training data\F2_BR2_DETERMINISTIC_REFREEZE\FINAL_SHA256_MANIFEST.csv,FINAL_SHA256_MANIFEST.csv,.csv,7161,2026-09-11T22:50:59.1008073Z,2026-09-11T22:50:59.3585166Z,AUTHORITY_OR_FREEZE,PRIMARY_OR_UNRESOLVED,NOT_YET_COPIED,EXP-012,CAN-F2-B,True,False,False,False,False,,09_FREEZE,ELIGIBLE_PRIMARY_CANDIDATE,C:\RSOS\Training data\F2_BR2_DETERMINISTIC_REFREEZE,PHASE8B_R2
C:\RSOS\Training data\F2_BR2_DETERMINISTIC_REFREEZE_RUNNER.zip,F2_BR2_DETERMINISTIC_REFREEZE_RUNNER.zip,.zip,453932,2026-09-11T22:32:37.2783714Z,2026-09-11T22:32:39.0096800Z,AUTHORITY_OR_FREEZE,PRIMARY_OR_UNRESOLVED,NOT_YET_COPIED,EXP-012,CAN-F2-B,True,False,False,False,False,,09_FREEZE,ELIGIBLE_PRIMARY_CANDIDATE,C:\RSOS\Training data\F2_BR2_DETERMINISTIC_REFREEZE_RUNNER.zip,PHASE8B_R2
C:\RSOS\Training data\F2_BR2_DETERMINISTIC_REFREEZE_RUNNER\__pycache__\RUN_F2_BR2.cpython-313.pyc,RUN_F2_BR2.cpython-313.pyc,.pyc,80006,2026-09-11T22:32:56.3445474Z,2026-09-11T19:29:36.0000000Z,OTHER_SOURCE,PRIMARY_OR_UNRESOLVED,NOT_YET_COPIED,EXP-012,CAN-F2-B,True,False,True,False,False,,UNCLASSIFIED,EXCLUDE_RUNTIME_OR_LIBRARY,C:\RSOS\Training data\F2_BR2_DETERMINISTIC_REFREEZE_RUNNER,PHASE8B_R2
C:\RSOS\Training data\F2_BR2_DETERMINISTIC_REFREEZE_RUNNER\00_FROZEN_SPEC.json,00_FROZEN_SPEC.json,.json,8369,2026-09-11T22:32:56.2814170Z,2026-09-11T19:28:20.0000000Z,AUTHORITY_OR_FREEZE,PRIMARY_OR_UNRESOLVED,NOT_YET_COPIED,EXP-012,CAN-F2-B,True,False,False,False,False,,09_FREEZE,ELIGIBLE_PRIMARY_CANDIDATE,C:\RSOS\Training data\F2_BR2_DETERMINISTIC_REFREEZE_RUNNER,PHASE8B_R2
C:\RSOS\Training data\F2_BR2_DETERMINISTIC_REFREEZE_RUNNER\frozen_inputs\FROZEN_FEATURE_SETS.json,FROZEN_FEATURE_SETS.json,.json,3952,2026-09-11T22:32:56.3605383Z,2026-09-11T19:23:22.0000000Z,AUTHORITY_OR_FREEZE|RESULT_OR_OUTPUT,PRIMARY_OR_UNRESOLVED,NOT_YET_COPIED,EXP-012,CAN-F2-B,True,False,False,False,False,,09_FREEZE,ELIGIBLE_PRIMARY_CANDIDATE,C:\RSOS\Training data\F2_BR2_DETERMINISTIC_REFREEZE_RUNNER,PHASE8B_R2
C:\RSOS\Training data\F2_BR2_DETERMINISTIC_REFREEZE_RUNNER\frozen_inputs\legacy_features\EARLY_NEG_FEATURES.csv,EARLY_NEG_FEATURES.csv,.csv,95072,2026-09-11T22:32:56.3738724Z,2026-09-11T19:23:22.0000000Z,RESULT_OR_OUTPUT,PRIMARY_OR_UNRESOLVED,NOT_YET_COPIED,EXP-012,CAN-F2-B,True,False,False,False,False,,05_OUTPUTS,ELIGIBLE_PRIMARY_CANDIDATE,C:\RSOS\Training data\F2_BR2_DETERMINISTIC_REFREEZE_RUNNER,PHASE8B_R2
C:\RSOS\Training data\F2_BR2_DETERMINISTIC_REFREEZE_RUNNER\frozen_inputs\legacy_features\EARLY_POS_FEATURES.csv,EARLY_POS_FEATURES.csv,.csv,55762,2026-09-11T22:32:56.3887587Z,2026-09-11T19:23:22.0000000Z,RESULT_OR_OUTPUT,PRIMARY_OR_UNRESOLVED,NOT_YET_COPIED,EXP-012,CAN-F2-B,True,False,False,False,False,,05_OUTPUTS,ELIGIBLE_PRIMARY_CANDIDATE,C:\RSOS\Training data\F2_BR2_DETERMINISTIC_REFREEZE_RUNNER,PHASE8B_R2
C:\RSOS\Training data\F2_BR2_DETERMINISTIC_REFREEZE_RUNNER\frozen_inputs\legacy_features\LATER_HOLD_NEG_FEATURES.csv,LATER_HOLD_NEG_FEATURES.csv,.csv,201593,2026-09-11T22:32:56.4010395Z,2026-09-11T19:23:22.0000000Z,RESULT_OR_OUTPUT,PRIMARY_OR_UNRESOLVED,NOT_YET_COPIED,EXP-012,CAN-F2-B,True,False,False,False,False,,05_OUTPUTS,ELIGIBLE_PRIMARY_CANDIDATE,C:\RSOS\Training data\F2_BR2_DETERMINISTIC_REFREEZE_RUNNER,PHASE8B_R2
C:\RSOS\Training data\F2_BR2_DETERMINISTIC_REFREEZE_RUNNER\frozen_inputs\legacy_features\LATER_HOLD_POS_FEATURES.csv,LATER_HOLD_POS_FEATURES.csv,.csv,188434,2026-09-11T22:32:56.4156483Z,2026-09-11T19:23:22.0000000Z,RESULT_OR_OUTPUT,PRIMARY_OR_UNRESOLVED,NOT_YET_COPIED,EXP-012,CAN-F2-B,True,False,False,False,False,,05_OUTPUTS,ELIGIBLE_PRIMARY_CANDIDATE,C:\RSOS\Training data\F2_BR2_DETERMINISTIC_REFREEZE_RUNNER,PHASE8B_R2
C:\RSOS\Training data\F2_BR2_DETERMINISTIC_REFREEZE_RUNNER\frozen_inputs\legacy_features\LATER_VAL_NEG_FEATURES.csv,LATER_VAL_NEG_FEATURES.csv,.csv,19206,2026-09-11T22:32:56.4286407Z,2026-09-11T19:23:22.0000000Z,RESULT_OR_OUTPUT,PRIMARY_OR_UNRESOLVED,NOT_YET_COPIED,EXP-012,CAN-F2-B,True,False,False,False,False,,05_OUTPUTS,ELIGIBLE_PRIMARY_CANDIDATE,C:\RSOS\Training data\F2_BR2_DETERMINISTIC_REFREEZE_RUNNER,PHASE8B_R2
C:\RSOS\Training data\F2_BR2_DETERMINISTIC_REFREEZE_RUNNER\frozen_inputs\legacy_features\LATER_VAL_POS_FEATURES.csv,LATER_VAL_POS_FEATURES.csv,.csv,144996,2026-09-11T22:32:56.4426339Z,2026-09-11T19:23:22.0000000Z,RESULT_OR_OUTPUT,PRIMARY_OR_UNRESOLVED,NOT_YET_COPIED,EXP-012,CAN-F2-B,True,False,False,False,False,,05_OUTPUTS,ELIGIBLE_PRIMARY_CANDIDATE,C:\RSOS\Training data\F2_BR2_DETERMINISTIC_REFREEZE_RUNNER,PHASE8B_R2
C:\RSOS\Training data\F2_BR2_DETERMINISTIC_REFREEZE_RUNNER\frozen_inputs\legacy_results\DOMAIN_TOPIC_ASSIGNMENTS_K12.csv,DOMAIN_TOPIC_ASSIGNMENTS_K12.csv,.csv,18727,2026-09-11T22:32:56.4566257Z,2026-09-11T19:23:22.0000000Z,OTHER_SOURCE,PRIMARY_OR_UNRESOLVED,NOT_YET_COPIED,EXP-012,CAN-F2-B,True,False,False,False,False,,UNCLASSIFIED,ELIGIBLE_PRIMARY_CANDIDATE,C:\RSOS\Training data\F2_BR2_DETERMINISTIC_REFREEZE_RUNNER,PHASE8B_R2
C:\RSOS\Training data\F2_BR2_DETERMINISTIC_REFREEZE_RUNNER\frozen_inputs\legacy_results\DOMAIN_TOPIC_ASSIGNMENTS_K5.csv,DOMAIN_TOPIC_ASSIGNMENTS_K5.csv,.csv,18709,2026-09-11T22:32:56.4666188Z,2026-09-11T19:23:22.0000000Z,OTHER_SOURCE,PRIMARY_OR_UNRESOLVED,NOT_YET_COPIED,EXP-012,CAN-F2-B,True,False,False,False,False,,UNCLASSIFIED,ELIGIBLE_PRIMARY_CANDIDATE,C:\RSOS\Training data\F2_BR2_DETERMINISTIC_REFREEZE_RUNNER,PHASE8B_R2
C:\RSOS\Training data\F2_BR2_DETERMINISTIC_REFREEZE_RUNNER\frozen_inputs\legacy_results\DOMAIN_TOPIC_ASSIGNMENTS_K8.csv,DOMAIN_TOPIC_ASSIGNMENTS_K8.csv,.csv,18709,2026-09-11T22:32:56.4776125Z,2026-09-11T19:23:22.0000000Z,OTHER_SOURCE,PRIMARY_OR_UNRESOLVED,NOT_YET_COPIED,EXP-012,CAN-F2-B,True,False,False,False,False,,UNCLASSIFIED,ELIGIBLE_PRIMARY_CANDIDATE,C:\RSOS\Training data\F2_BR2_DETERMINISTIC_REFREEZE_RUNNER,PHASE8B_R2
C:\RSOS\Training data\F2_BR2_DETERMINISTIC_REFREEZE_RUNNER\frozen_inputs\legacy_results\DOMAIN_TOPIC_CONTROL.csv,DOMAIN_TOPIC_CONTROL.csv,.csv,371,2026-09-11T22:32:56.4884532Z,2026-09-11T19:23:22.0000000Z,OTHER_SOURCE,PRIMARY_OR_UNRESOLVED,NOT_YET_COPIED,EXP-012,CAN-F2-B,True,False,False,False,False,,00_CONTROL,ELIGIBLE_PRIMARY_CANDIDATE,C:\RSOS\Training data\F2_BR2_DETERMINISTIC_REFREEZE_RUNNER,PHASE8B_R2
C:\RSOS\Training data\F2_BR2_DETERMINISTIC_REFREEZE_RUNNER\frozen_inputs\legacy_results\FROZEN_THRESHOLD_HOLDOUT.csv,FROZEN_THRESHOLD_HOLDOUT.csv,.csv,167,2026-09-11T22:32:56.5000786Z,2026-09-11T19:23:22.0000000Z,AUTHORITY_OR_FREEZE,PRIMARY_OR_UNRESOLVED,NOT_YET_COPIED,EXP-012,CAN-F2-B,True,False,False,False,False,,09_FREEZE,ELIGIBLE_PRIMARY_CANDIDATE,C:\RSOS\Training data\F2_BR2_DETERMINISTIC_REFREEZE_RUNNER,PHASE8B_R2
C:\RSOS\Training data\F2_BR2_DETERMINISTIC_REFREEZE_RUNNER\frozen_inputs\legacy_results\GENEALOGY_DIRECTIONALITY.csv,GENEALOGY_DIRECTIONALITY.csv,.csv,213,2026-09-11T22:32:56.5144162Z,2026-09-11T19:23:22.0000000Z,OTHER_SOURCE,PRIMARY_OR_UNRESOLVED,NOT_YET_COPIED,EXP-012,CAN-F2-B,True,False,False,False,False,,06_DIAGNOSTIC,ELIGIBLE_PRIMARY_CANDIDATE,C:\RSOS\Training data\F2_BR2_DETERMINISTIC_REFREEZE_RUNNER,PHASE8B_R2
C:\RSOS\Training data\F2_BR2_DETERMINISTIC_REFREEZE_RUNNER\frozen_inputs\legacy_results\MESSAGE_DROPOUT_ROBUSTNESS.csv,MESSAGE_DROPOUT_ROBUSTNESS.csv,.csv,282,2026-09-11T22:32:56.5274089Z,2026-09-11T19:23:22.0000000Z,OTHER_SOURCE,PRIMARY_OR_UNRESOLVED,NOT_YET_COPIED,EXP-012,CAN-F2-B,True,False,False,False,False,,UNCLASSIFIED,ELIGIBLE_PRIMARY_CANDIDATE,C:\RSOS\Training data\F2_BR2_DETERMINISTIC_REFREEZE_RUNNER,PHASE8B_R2
C:\RSOS\Training data\F2_BR2_DETERMINISTIC_REFREEZE_RUNNER\frozen_inputs\legacy_results\PRIMARY_CLASSIFICATION_RESULTS.csv,PRIMARY_CLASSIFICATION_RESULTS.csv,.csv,2691,2026-09-11T22:32:56.5404015Z,2026-09-11T19:23:22.0000000Z,RESULT_OR_OUTPUT,PRIMARY_OR_UNRESOLVED,NOT_YET_COPIED,EXP-012,CAN-F2-B,True,False,False,False,False,,05_OUTPUTS,ELIGIBLE_PRIMARY_CANDIDATE,C:\RSOS\Training data\F2_BR2_DETERMINISTIC_REFREEZE_RUNNER,PHASE8B_R2
C:\RSOS\Training data\F2_BR2_DETERMINISTIC_REFREEZE_RUNNER\frozen_inputs\legacy_results\REPRESENTATION_ABLATIONS.csv,REPRESENTATION_ABLATIONS.csv,.csv,897,2026-09-11T22:32:56.5543947Z,2026-09-11T19:23:22.0000000Z,OTHER_SOURCE,PRIMARY_OR_UNRESOLVED,NOT_YET_COPIED,EXP-012,CAN-F2-B,True,False,False,False,False,,UNCLASSIFIED,ELIGIBLE_PRIMARY_CANDIDATE,C:\RSOS\Training data\F2_BR2_DETERMINISTIC_REFREEZE_RUNNER,PHASE8B_R2
C:\RSOS\Training data\F2_BR2_DETERMINISTIC_REFREEZE_RUNNER\frozen_inputs\legacy_results\SYSTEM_SPECIFIC_HOLDOUT.csv,SYSTEM_SPECIFIC_HOLDOUT.csv,.csv,470,2026-09-11T22:32:56.5867763Z,2026-09-11T19:23:22.0000000Z,OTHER_SOURCE,PRIMARY_OR_UNRESOLVED,NOT_YET_COPIED,EXP-012,CAN-F2-B,True,False,False,False,False,,UNCLASSIFIED,ELIGIBLE_PRIMARY_CANDIDATE,C:\RSOS\Training data\F2_BR2_DETERMINISTIC_REFREEZE_RUNNER,PHASE8B_R2
C:\RSOS\Training data\F2_BR2_DETERMINISTIC_REFREEZE_RUNNER\frozen_inputs\legacy_results\STRATIFIED_HOLDOUT.csv,STRATIFIED_HOLDOUT.csv,.csv,351,2026-09-11T22:32:56.5697864Z,2026-09-11T19:23:22.0000000Z,OTHER_SOURCE,PRIMARY_OR_UNRESOLVED,NOT_YET_COPIED,EXP-012,CAN-F2-B,True,False,False,False,False,,UNCLASSIFIED,ELIGIBLE_PRIMARY_CANDIDATE,C:\RSOS\Training data\F2_BR2_DETERMINISTIC_REFREEZE_RUNNER,PHASE8B_R2
C:\RSOS\Training data\F2_BR2_DETERMINISTIC_REFREEZE_RUNNER\frozen_inputs\legacy_results\WINDOW12_LENGTH_HARDENING.csv,WINDOW12_LENGTH_HARDENING.csv,.csv,456,2026-09-11T22:32:56.6002137Z,2026-09-11T19:23:22.0000000Z,OTHER_SOURCE,PRIMARY_OR_UNRESOLVED,NOT_YET_COPIED,EXP-012,CAN-F2-B,True,False,False,False,False,,UNCLASSIFIED,ELIGIBLE_PRIMARY_CANDIDATE,C:\RSOS\Training data\F2_BR2_DETERMINISTIC_REFREEZE_RUNNER,PHASE8B_R2
C:\RSOS\Training data\F2_BR2_DETERMINISTIC_REFREEZE_RUNNER\frozen_inputs\legacy_results\WINDOW8_LENGTH_HARDENING.csv,WINDOW8_LENGTH_HARDENING.csv,.csv,465,2026-09-11T22:32:56.6103571Z,2026-09-11T19:23:22.0000000Z,OTHER_SOURCE,PRIMARY_OR_UNRESOLVED,NOT_YET_COPIED,EXP-012,CAN-F2-B,True,False,False,False,False,,UNCLASSIFIED,ELIGIBLE_PRIMARY_CANDIDATE,C:\RSOS\Training data\F2_BR2_DETERMINISTIC_REFREEZE_RUNNER,PHASE8B_R2
C:\RSOS\Training data\F2_BR2_DETERMINISTIC_REFREEZE_RUNNER\frozen_inputs\splits\EARLY_NEG_IDS.json,EARLY_NEG_IDS.json,.json,3268,2026-09-11T22:32:56.6253486Z,2026-09-11T19:23:22.0000000Z,OTHER_SOURCE,PRIMARY_OR_UNRESOLVED,NOT_YET_COPIED,EXP-012,CAN-F2-B,True,False,False,False,False,,UNCLASSIFIED,ELIGIBLE_PRIMARY_CANDIDATE,C:\RSOS\Training data\F2_BR2_DETERMINISTIC_REFREEZE_RUNNER,PHASE8B_R2
C:\RSOS\Training data\F2_BR2_DETERMINISTIC_REFREEZE_RUNNER\frozen_inputs\splits\EARLY_NEG_MATCH_REGISTRY.csv,EARLY_NEG_MATCH_REGISTRY.csv,.csv,8364,2026-09-11T22:32:56.6363438Z,2026-09-11T19:23:22.0000000Z,OTHER_SOURCE,PRIMARY_OR_UNRESOLVED,NOT_YET_COPIED,EXP-012,CAN-F2-B,True,False,False,False,False,,UNCLASSIFIED,ELIGIBLE_PRIMARY_CANDIDATE,C:\RSOS\Training data\F2_BR2_DETERMINISTIC_REFREEZE_RUNNER,PHASE8B_R2
C:\RSOS\Training data\F2_BR2_DETERMINISTIC_REFREEZE_RUNNER\frozen_inputs\splits\EARLY_POS_IDS.json,EARLY_POS_IDS.json,.json,1849,2026-09-11T22:32:56.6553311Z,2026-09-11T19:23:22.0000000Z,OTHER_SOURCE,PRIMARY_OR_UNRESOLVED,NOT_YET_COPIED,EXP-012,CAN-F2-B,True,False,False,False,False,,UNCLASSIFIED,ELIGIBLE_PRIMARY_CANDIDATE,C:\RSOS\Training data\F2_BR2_DETERMINISTIC_REFREEZE_RUNNER,PHASE8B_R2
C:\RSOS\Training data\F2_BR2_DETERMINISTIC_REFREEZE_RUNNER\frozen_inputs\splits\EARLY_POS_USABLE.csv,EARLY_POS_USABLE.csv,.csv,2093,2026-09-11T22:32:56.6683254Z,2026-09-11T19:23:22.0000000Z,OTHER_SOURCE,PRIMARY_OR_UNRESOLVED,NOT_YET_COPIED,EXP-012,CAN-F2-B,True,False,False,False,False,,UNCLASSIFIED,ELIGIBLE_PRIMARY_CANDIDATE,C:\RSOS\Training data\F2_BR2_DETERMINISTIC_REFREEZE_RUNNER,PHASE8B_R2
C:\RSOS\Training data\F2_BR2_DETERMINISTIC_REFREEZE_RUNNER\frozen_inputs\splits\HOLDOUT_MATCHED_PAIR_IDS.csv,HOLDOUT_MATCHED_PAIR_IDS.csv,.csv,12718,2026-09-11T22:32:56.6843147Z,2026-09-11T19:28:20.0000000Z,OTHER_SOURCE,PRIMARY_OR_UNRESOLVED,NOT_YET_COPIED,EXP-012,CAN-F2-B,True,False,False,False,False,,UNCLASSIFIED,ELIGIBLE_PRIMARY_CANDIDATE,C:\RSOS\Training data\F2_BR2_DETERMINISTIC_REFREEZE_RUNNER,PHASE8B_R2
C:\RSOS\Training data\F2_BR2_DETERMINISTIC_REFREEZE_RUNNER\frozen_inputs\splits\LATER_HOLD_NEG_IDS.json,LATER_HOLD_NEG_IDS.json,.json,7568,2026-09-11T22:32:56.6988646Z,2026-09-11T19:23:22.0000000Z,OTHER_SOURCE,PRIMARY_OR_UNRESOLVED,NOT_YET_COPIED,EXP-012,CAN-F2-B,True,False,False,False,False,,UNCLASSIFIED,ELIGIBLE_PRIMARY_CANDIDATE,C:\RSOS\Training data\F2_BR2_DETERMINISTIC_REFREEZE_RUNNER,PHASE8B_R2
C:\RSOS\Training data\F2_BR2_DETERMINISTIC_REFREEZE_RUNNER\frozen_inputs\splits\LATER_HOLD_POS_IDS.json,LATER_HOLD_POS_IDS.json,.json,6235,2026-09-11T22:32:56.7092775Z,2026-09-11T19:23:22.0000000Z,OTHER_SOURCE,PRIMARY_OR_UNRESOLVED,NOT_YET_COPIED,EXP-012,CAN-F2-B,True,False,False,False,False,,UNCLASSIFIED,ELIGIBLE_PRIMARY_CANDIDATE,C:\RSOS\Training data\F2_BR2_DETERMINISTIC_REFREEZE_RUNNER,PHASE8B_R2
C:\RSOS\Training data\F2_BR2_DETERMINISTIC_REFREEZE_RUNNER\frozen_inputs\splits\LATER_NEG_POOL_REGISTRY.csv,LATER_NEG_POOL_REGISTRY.csv,.csv,16296,2026-09-11T22:32:56.7264993Z,2026-09-11T19:23:22.0000000Z,OTHER_SOURCE,PRIMARY_OR_UNRESOLVED,NOT_YET_COPIED,EXP-012,CAN-F2-B,True,False,False,False,False,,UNCLASSIFIED,ELIGIBLE_PRIMARY_CANDIDATE,C:\RSOS\Training data\F2_BR2_DETERMINISTIC_REFREEZE_RUNNER,PHASE8B_R2
C:\RSOS\Training data\F2_BR2_DETERMINISTIC_REFREEZE_RUNNER\frozen_inputs\splits\LATER_POS_REGISTRY.csv,LATER_POS_REGISTRY.csv,.csv,22302,2026-09-11T22:32:56.7384905Z,2026-09-11T19:23:22.0000000Z,OTHER_SOURCE,PRIMARY_OR_UNRESOLVED,NOT_YET_COPIED,EXP-012,CAN-F2-B,True,False,False,False,False,,UNCLASSIFIED,ELIGIBLE_PRIMARY_CANDIDATE,C:\RSOS\Training data\F2_BR2_DETERMINISTIC_REFREEZE_RUNNER,PHASE8B_R2
C:\RSOS\Training data\F2_BR2_DETERMINISTIC_REFREEZE_RUNNER\frozen_inputs\splits\LATER_VAL_NEG_IDS.json,LATER_VAL_NEG_IDS.json,.json,688,2026-09-11T22:32:56.7528970Z,2026-09-11T19:23:22.0000000Z,OTHER_SOURCE,PRIMARY_OR_UNRESOLVED,NOT_YET_COPIED,EXP-012,CAN-F2-B,True,False,False,False,False,,UNCLASSIFIED,ELIGIBLE_PRIMARY_CANDIDATE,C:\RSOS\Training data\F2_BR2_DETERMINISTIC_REFREEZE_RUNNER,PHASE8B_R2
C:\RSOS\Training data\F2_BR2_DETERMINISTIC_REFREEZE_RUNNER\frozen_inputs\splits\LATER_VAL_POS_IDS.json,LATER_VAL_POS_IDS.json,.json,4687,2026-09-11T22:32:56.7620460Z,2026-09-11T19:23:22.0000000Z,OTHER_SOURCE,PRIMARY_OR_UNRESOLVED,NOT_YET_COPIED,EXP-012,CAN-F2-B,True,False,False,False,False,,UNCLASSIFIED,ELIGIBLE_PRIMARY_CANDIDATE,C:\RSOS\Training data\F2_BR2_DETERMINISTIC_REFREEZE_RUNNER,PHASE8B_R2
C:\RSOS\Training data\F2_BR2_DETERMINISTIC_REFREEZE_RUNNER\frozen_inputs\splits\VALIDATION_MATCHED_PAIR_IDS.csv,VALIDATION_MATCHED_PAIR_IDS.csv,.csv,1535,2026-09-11T22:32:56.7730391Z,2026-09-11T19:28:20.0000000Z,OTHER_SOURCE,PRIMARY_OR_UNRESOLVED,NOT_YET_COPIED,EXP-012,CAN-F2-B,True,False,False,False,False,,UNCLASSIFIED,ELIGIBLE_PRIMARY_CANDIDATE,C:\RSOS\Training data\F2_BR2_DETERMINISTIC_REFREEZE_RUNNER,PHASE8B_R2
C:\RSOS\Training data\F2_BR2_DETERMINISTIC_REFREEZE_RUNNER\PACKAGE_SHA256_MANIFEST.csv,PACKAGE_SHA256_MANIFEST.csv,.csv,4443,2026-09-11T22:32:56.2961631Z,2026-09-11T19:29:36.0000000Z,OTHER_SOURCE,PRIMARY_OR_UNRESOLVED,NOT_YET_COPIED,EXP-012,CAN-F2-B,True,False,False,False,False,,09_FREEZE,ELIGIBLE_PRIMARY_CANDIDATE,C:\RSOS\Training data\F2_BR2_DETERMINISTIC_REFREEZE_RUNNER,PHASE8B_R2
C:\RSOS\Training data\F2_BR2_DETERMINISTIC_REFREEZE_RUNNER\README.txt,README.txt,.txt,758,2026-09-11T22:32:56.3081258Z,2026-09-11T19:28:20.0000000Z,OTHER_SOURCE,PRIMARY_OR_UNRESOLVED,NOT_YET_COPIED,EXP-012,CAN-F2-B,True,False,False,False,False,,00_CONTROL,ELIGIBLE_PRIMARY_CANDIDATE,C:\RSOS\Training data\F2_BR2_DETERMINISTIC_REFREEZE_RUNNER,PHASE8B_R2
C:\RSOS\Training data\F2_BR2_DETERMINISTIC_REFREEZE_RUNNER\RUN_F2_BR2.py,RUN_F2_BR2.py,.py,34518,2026-09-11T22:32:56.3305554Z,2026-09-11T19:29:36.0000000Z,RUNNER,PRIMARY_OR_UNRESOLVED,NOT_YET_COPIED,EXP-012,CAN-F2-B,True,False,False,False,False,,03_RUNNER,ELIGIBLE_PRIMARY_CANDIDATE,C:\RSOS\Training data\F2_BR2_DETERMINISTIC_REFREEZE_RUNNER,PHASE8B_R2
C:\RSOS\Training data\F2_BR2_DETERMINISTIC_REFREEZE_RUNNER\RUN_F2_BR2.ps1,RUN_F2_BR2.ps1,.ps1,2188,2026-09-11T22:32:56.3194375Z,2026-09-11T19:28:20.0000000Z,RUNNER,PRIMARY_OR_UNRESOLVED,NOT_YET_COPIED,EXP-012,CAN-F2-B,True,False,False,False,False,,03_RUNNER,ELIGIBLE_PRIMARY_CANDIDATE,C:\RSOS\Training data\F2_BR2_DETERMINISTIC_REFREEZE_RUNNER,PHASE8B_R2
C:\RSOS\Training data\F2_BR2_EXACT_SEGMENT_REFREEZE_RUNNER.zip,F2_BR2_EXACT_SEGMENT_REFREEZE_RUNNER.zip,.zip,43260572,2026-09-11T22:45:31.8269466Z,2026-09-11T22:46:01.4368705Z,AUTHORITY_OR_FREEZE,PRIMARY_OR_UNRESOLVED,NOT_YET_COPIED,EXP-012,CAN-F2-B,True,False,False,False,False,,09_FREEZE,ELIGIBLE_PRIMARY_CANDIDATE,C:\RSOS\Training data\F2_BR2_EXACT_SEGMENT_REFREEZE_RUNNER.zip,PHASE8B_R2
C:\RSOS\Training data\F2_BR2_EXACT_SEGMENT_REFREEZE_RUNNER\__pycache__\RUN_F2_BR2.cpython-313.pyc,RUN_F2_BR2.cpython-313.pyc,.pyc,61766,2026-09-11T22:48:06.5448147Z,2026-09-11T19:42:44.0000000Z,OTHER_SOURCE,PRIMARY_OR_UNRESOLVED,NOT_YET_COPIED,EXP-012,CAN-F2-B,True,False,True,False,False,,UNCLASSIFIED,EXCLUDE_RUNTIME_OR_LIBRARY,C:\RSOS\Training data\F2_BR2_EXACT_SEGMENT_REFREEZE_RUNNER,PHASE8B_R2
C:\RSOS\Training data\F2_BR2_EXACT_SEGMENT_REFREEZE_RUNNER\00_FROZEN_SPEC.json,00_FROZEN_SPEC.json,.json,8369,2026-09-11T22:48:06.4708746Z,2026-09-11T19:41:20.0000000Z,AUTHORITY_OR_FREEZE,PRIMARY_OR_UNRESOLVED,NOT_YET_COPIED,EXP-012,CAN-F2-B,True,False,False,False,False,,09_FREEZE,ELIGIBLE_PRIMARY_CANDIDATE,C:\RSOS\Training data\F2_BR2_EXACT_SEGMENT_REFREEZE_RUNNER,PHASE8B_R2
C:\RSOS\Training data\F2_BR2_EXACT_SEGMENT_REFREEZE_RUNNER\frozen_inputs\BR1_COMPLETE_CURRENT_OUTPUT_SHA256.csv,BR1_COMPLETE_CURRENT_OUTPUT_SHA256.csv,.csv,61539,2026-09-11T22:48:06.5618016Z,2026-09-11T19:41:20.0000000Z,AUTHORITY_OR_FREEZE|RESULT_OR_OUTPUT,PRIMARY_OR_UNRESOLVED,NOT_YET_COPIED,EXP-012,CAN-F2-B,True,False,False,False,False,,09_FREEZE,ELIGIBLE_PRIMARY_CANDIDATE,C:\RSOS\Training data\F2_BR2_EXACT_SEGMENT_REFREEZE_RUNNER,PHASE8B_R2
C:\RSOS\Training data\F2_BR2_EXACT_SEGMENT_REFREEZE_RUNNER\frozen_inputs\FROZEN_FEATURE_SETS.json,FROZEN_FEATURE_SETS.json,.json,3952,2026-09-11T22:48:06.5767945Z,2026-09-11T19:41:20.0000000Z,AUTHORITY_OR_FREEZE|RESULT_OR_OUTPUT,PRIMARY_OR_UNRESOLVED,NOT_YET_COPIED,EXP-012,CAN-F2-B,True,False,False,False,False,,09_FREEZE,ELIGIBLE_PRIMARY_CANDIDATE,C:\RSOS\Training data\F2_BR2_EXACT_SEGMENT_REFREEZE_RUNNER,PHASE8B_R2
C:\RSOS\Training data\F2_BR2_EXACT_SEGMENT_REFREEZE_RUNNER\frozen_inputs\legacy_dropout_features\EARLY_NEG_DROPOUT_FEATURES.csv,EARLY_NEG_DROPOUT_FEATURES.csv,.csv,94982,2026-09-11T22:48:06.5887877Z,2026-09-11T19:41:20.0000000Z,RESULT_OR_OUTPUT,PRIMARY_OR_UNRESOLVED,NOT_YET_COPIED,EXP-012,CAN-F2-B,True,False,False,False,False,,05_OUTPUTS,ELIGIBLE_PRIMARY_CANDIDATE,C:\RSOS\Training data\F2_BR2_EXACT_SEGMENT_REFREEZE_RUNNER,PHASE8B_R2
C:\RSOS\Training data\F2_BR2_EXACT_SEGMENT_REFREEZE_RUNNER\frozen_inputs\legacy_dropout_features\EARLY_POS_DROPOUT_FEATURES.csv,EARLY_POS_DROPOUT_FEATURES.csv,.csv,32880,2026-09-11T22:48:06.6053235Z,2026-09-11T19:41:20.0000000Z,RESULT_OR_OUTPUT,PRIMARY_OR_UNRESOLVED,NOT_YET_COPIED,EXP-012,CAN-F2-B,True,False,False,False,False,,05_OUTPUTS,ELIGIBLE_PRIMARY_CANDIDATE,C:\RSOS\Training data\F2_BR2_EXACT_SEGMENT_REFREEZE_RUNNER,PHASE8B_R2
C:\RSOS\Training data\F2_BR2_EXACT_SEGMENT_REFREEZE_RUNNER\frozen_inputs\legacy_dropout_features\LATER_HOLD_NEG_DROPOUT_FEATURES.csv,LATER_HOLD_NEG_DROPOUT_FEATURES.csv,.csv,184421,2026-09-11T22:48:06.6213146Z,2026-09-11T19:41:20.0000000Z,RESULT_OR_OUTPUT,PRIMARY_OR_UNRESOLVED,NOT_YET_COPIED,EXP-012,CAN-F2-B,True,False,False,False,False,,05_OUTPUTS,ELIGIBLE_PRIMARY_CANDIDATE,C:\RSOS\Training data\F2_BR2_EXACT_SEGMENT_REFREEZE_RUNNER,PHASE8B_R2
C:\RSOS\Training data\F2_BR2_EXACT_SEGMENT_REFREEZE_RUNNER\frozen_inputs\legacy_dropout_features\LATER_HOLD_POS_DROPOUT_FEATURES.csv,LATER_HOLD_POS_DROPOUT_FEATURES.csv,.csv,162720,2026-09-11T22:48:06.6353065Z,2026-09-11T19:41:20.0000000Z,RESULT_OR_OUTPUT,PRIMARY_OR_UNRESOLVED,NOT_YET_COPIED,EXP-012,CAN-F2-B,True,False,False,False,False,,05_OUTPUTS,ELIGIBLE_PRIMARY_CANDIDATE,C:\RSOS\Training data\F2_BR2_EXACT_SEGMENT_REFREEZE_RUNNER,PHASE8B_R2
C:\RSOS\Training data\F2_BR2_EXACT_SEGMENT_REFREEZE_RUNNER\frozen_inputs\legacy_dropout_features\LATER_VAL_NEG_DROPOUT_FEATURES.csv,LATER_VAL_NEG_DROPOUT_FEATURES.csv,.csv,17947,2026-09-11T22:48:06.6542968Z,2026-09-11T19:41:20.0000000Z,RESULT_OR_OUTPUT,PRIMARY_OR_UNRESOLVED,NOT_YET_COPIED,EXP-012,CAN-F2-B,True,False,False,False,False,,05_OUTPUTS,ELIGIBLE_PRIMARY_CANDIDATE,C:\RSOS\Training data\F2_BR2_EXACT_SEGMENT_REFREEZE_RUNNER,PHASE8B_R2
C:\RSOS\Training data\F2_BR2_EXACT_SEGMENT_REFREEZE_RUNNER\frozen_inputs\legacy_dropout_features\LATER_VAL_POS_DROPOUT_FEATURES.csv,LATER_VAL_POS_DROPOUT_FEATURES.csv,.csv,95906,2026-09-11T22:48:06.6732838Z,2026-09-11T19:41:20.0000000Z,RESULT_OR_OUTPUT,PRIMARY_OR_UNRESOLVED,NOT_YET_COPIED,EXP-012,CAN-F2-B,True,False,False,False,False,,05_OUTPUTS,ELIGIBLE_PRIMARY_CANDIDATE,C:\RSOS\Training data\F2_BR2_EXACT_SEGMENT_REFREEZE_RUNNER,PHASE8B_R2
C:\RSOS\Training data\F2_BR2_EXACT_SEGMENT_REFREEZE_RUNNER\frozen_inputs\legacy_features\EARLY_NEG_FEATURES.csv,EARLY_NEG_FEATURES.csv,.csv,95072,2026-09-11T22:48:06.6882767Z,2026-09-11T19:41:20.0000000Z,RESULT_OR_OUTPUT,PRIMARY_OR_UNRESOLVED,NOT_YET_COPIED,EXP-012,CAN-F2-B,True,False,False,False,False,,05_OUTPUTS,ELIGIBLE_PRIMARY_CANDIDATE,C:\RSOS\Training data\F2_BR2_EXACT_SEGMENT_REFREEZE_RUNNER,PHASE8B_R2
C:\RSOS\Training data\F2_BR2_EXACT_SEGMENT_REFREEZE_RUNNER\frozen_inputs\legacy_features\EARLY_POS_FEATURES.csv,EARLY_POS_FEATURES.csv,.csv,55762,2026-09-11T22:48:06.7062645Z,2026-09-11T19:41:20.0000000Z,RESULT_OR_OUTPUT,PRIMARY_OR_UNRESOLVED,NOT_YET_COPIED,EXP-012,CAN-F2-B,True,False,False,False,False,,05_OUTPUTS,ELIGIBLE_PRIMARY_CANDIDATE,C:\RSOS\Training data\F2_BR2_EXACT_SEGMENT_REFREEZE_RUNNER,PHASE8B_R2
C:\RSOS\Training data\F2_BR2_EXACT_SEGMENT_REFREEZE_RUNNER\frozen_inputs\legacy_features\LATER_HOLD_NEG_FEATURES.csv,LATER_HOLD_NEG_FEATURES.csv,.csv,201593,2026-09-11T22:48:06.7212563Z,2026-09-11T19:41:20.0000000Z,RESULT_OR_OUTPUT,PRIMARY_OR_UNRESOLVED,NOT_YET_COPIED,EXP-012,CAN-F2-B,True,False,False,False,False,,05_OUTPUTS,ELIGIBLE_PRIMARY_CANDIDATE,C:\RSOS\Training data\F2_BR2_EXACT_SEGMENT_REFREEZE_RUNNER,PHASE8B_R2
C:\RSOS\Training data\F2_BR2_EXACT_SEGMENT_REFREEZE_RUNNER\frozen_inputs\legacy_features\LATER_HOLD_POS_FEATURES.csv,LATER_HOLD_POS_FEATURES.csv,.csv,188434,2026-09-11T22:48:06.7392463Z,2026-09-11T19:41:20.0000000Z,RESULT_OR_OUTPUT,PRIMARY_OR_UNRESOLVED,NOT_YET_COPIED,EXP-012,CAN-F2-B,True,False,False,False,False,,05_OUTPUTS,ELIGIBLE_PRIMARY_CANDIDATE,C:\RSOS\Training data\F2_BR2_EXACT_SEGMENT_REFREEZE_RUNNER,PHASE8B_R2
C:\RSOS\Training data\F2_BR2_EXACT_SEGMENT_REFREEZE_RUNNER\frozen_inputs\legacy_features\LATER_VAL_NEG_FEATURES.csv,LATER_VAL_NEG_FEATURES.csv,.csv,19206,2026-09-11T22:48:06.7582370Z,2026-09-11T19:41:20.0000000Z,RESULT_OR_OUTPUT,PRIMARY_OR_UNRESOLVED,NOT_YET_COPIED,EXP-012,CAN-F2-B,True,False,False,False,False,,05_OUTPUTS,ELIGIBLE_PRIMARY_CANDIDATE,C:\RSOS\Training data\F2_BR2_EXACT_SEGMENT_REFREEZE_RUNNER,PHASE8B_R2
C:\RSOS\Training data\F2_BR2_EXACT_SEGMENT_REFREEZE_RUNNER\frozen_inputs\legacy_features\LATER_VAL_POS_FEATURES.csv,LATER_VAL_POS_FEATURES.csv,.csv,144996,2026-09-11T22:48:06.7722296Z,2026-09-11T19:41:20.0000000Z,RESULT_OR_OUTPUT,PRIMARY_OR_UNRESOLVED,NOT_YET_COPIED,EXP-012,CAN-F2-B,True,False,False,False,False,,05_OUTPUTS,ELIGIBLE_PRIMARY_CANDIDATE,C:\RSOS\Training data\F2_BR2_EXACT_SEGMENT_REFREEZE_RUNNER,PHASE8B_R2
C:\RSOS\Training data\F2_BR2_EXACT_SEGMENT_REFREEZE_RUNNER\frozen_inputs\legacy_results\DOMAIN_TOPIC_ASSIGNMENTS_K12.csv,DOMAIN_TOPIC_ASSIGNMENTS_K12.csv,.csv,18727,2026-09-11T22:48:06.7892177Z,2026-09-11T19:41:20.0000000Z,OTHER_SOURCE,PRIMARY_OR_UNRESOLVED,NOT_YET_COPIED,EXP-012,CAN-F2-B,True,False,False,False,False,,UNCLASSIFIED,ELIGIBLE_PRIMARY_CANDIDATE,C:\RSOS\Training data\F2_BR2_EXACT_SEGMENT_REFREEZE_RUNNER,PHASE8B_R2
C:\RSOS\Training data\F2_BR2_EXACT_SEGMENT_REFREEZE_RUNNER\frozen_inputs\legacy_results\DOMAIN_TOPIC_ASSIGNMENTS_K5.csv,DOMAIN_TOPIC_ASSIGNMENTS_K5.csv,.csv,18709,2026-09-11T22:48:06.8042091Z,2026-09-11T19:41:20.0000000Z,OTHER_SOURCE,PRIMARY_OR_UNRESOLVED,NOT_YET_COPIED,EXP-012,CAN-F2-B,True,False,False,False,False,,UNCLASSIFIED,ELIGIBLE_PRIMARY_CANDIDATE,C:\RSOS\Training data\F2_BR2_EXACT_SEGMENT_REFREEZE_RUNNER,PHASE8B_R2
C:\RSOS\Training data\F2_BR2_EXACT_SEGMENT_REFREEZE_RUNNER\frozen_inputs\legacy_results\DOMAIN_TOPIC_ASSIGNMENTS_K8.csv,DOMAIN_TOPIC_ASSIGNMENTS_K8.csv,.csv,18709,2026-09-11T22:48:06.8271964Z,2026-09-11T19:41:20.0000000Z,OTHER_SOURCE,PRIMARY_OR_UNRESOLVED,NOT_YET_COPIED,EXP-012,CAN-F2-B,True,False,False,False,False,,UNCLASSIFIED,ELIGIBLE_PRIMARY_CANDIDATE,C:\RSOS\Training data\F2_BR2_EXACT_SEGMENT_REFREEZE_RUNNER,PHASE8B_R2
C:\RSOS\Training data\F2_BR2_EXACT_SEGMENT_REFREEZE_RUNNER\frozen_inputs\legacy_results\DOMAIN_TOPIC_CONTROL.csv,DOMAIN_TOPIC_CONTROL.csv,.csv,371,2026-09-11T22:48:06.8401886Z,2026-09-11T19:41:20.0000000Z,OTHER_SOURCE,PRIMARY_OR_UNRESOLVED,NOT_YET_COPIED,EXP-012,CAN-F2-B,True,False,False,False,False,,00_CONTROL,ELIGIBLE_PRIMARY_CANDIDATE,C:\RSOS\Training data\F2_BR2_EXACT_SEGMENT_REFREEZE_RUNNER,PHASE8B_R2
C:\RSOS\Training data\F2_BR2_EXACT_SEGMENT_REFREEZE_RUNNER\frozen_inputs\legacy_results\FROZEN_THRESHOLD_HOLDOUT.csv,FROZEN_THRESHOLD_HOLDOUT.csv,.csv,167,2026-09-11T22:48:06.8511818Z,2026-09-11T19:41:20.0000000Z,AUTHORITY_OR_FREEZE,PRIMARY_OR_UNRESOLVED,NOT_YET_COPIED,EXP-012,CAN-F2-B,True,False,False,False,False,,09_FREEZE,ELIGIBLE_PRIMARY_CANDIDATE,C:\RSOS\Training data\F2_BR2_EXACT_SEGMENT_REFREEZE_RUNNER,PHASE8B_R2
C:\RSOS\Training data\F2_BR2_EXACT_SEGMENT_REFREEZE_RUNNER\frozen_inputs\legacy_results\GENEALOGY_DIRECTIONALITY.csv,GENEALOGY_DIRECTIONALITY.csv,.csv,213,2026-09-11T22:48:06.8621766Z,2026-09-11T19:41:20.0000000Z,OTHER_SOURCE,PRIMARY_OR_UNRESOLVED,NOT_YET_COPIED,EXP-012,CAN-F2-B,True,False,False,False,False,,06_DIAGNOSTIC,ELIGIBLE_PRIMARY_CANDIDATE,C:\RSOS\Training data\F2_BR2_EXACT_SEGMENT_REFREEZE_RUNNER,PHASE8B_R2
C:\RSOS\Training data\F2_BR2_EXACT_SEGMENT_REFREEZE_RUNNER\frozen_inputs\legacy_results\MESSAGE_DROPOUT_ROBUSTNESS.csv,MESSAGE_DROPOUT_ROBUSTNESS.csv,.csv,282,2026-09-11T22:48:06.8751685Z,2026-09-11T19:41:20.0000000Z,OTHER_SOURCE,PRIMARY_OR_UNRESOLVED,NOT_YET_COPIED,EXP-012,CAN-F2-B,True,False,False,False,False,,UNCLASSIFIED,ELIGIBLE_PRIMARY_CANDIDATE,C:\RSOS\Training data\F2_BR2_EXACT_SEGMENT_REFREEZE_RUNNER,PHASE8B_R2
C:\RSOS\Training data\F2_BR2_EXACT_SEGMENT_REFREEZE_RUNNER\frozen_inputs\legacy_results\PRIMARY_CLASSIFICATION_RESULTS.csv,PRIMARY_CLASSIFICATION_RESULTS.csv,.csv,2691,2026-09-11T22:48:06.8851623Z,2026-09-11T19:41:20.0000000Z,RESULT_OR_OUTPUT,PRIMARY_OR_UNRESOLVED,NOT_YET_COPIED,EXP-012,CAN-F2-B,True,False,False,False,False,,05_OUTPUTS,ELIGIBLE_PRIMARY_CANDIDATE,C:\RSOS\Training data\F2_BR2_EXACT_SEGMENT_REFREEZE_RUNNER,PHASE8B_R2
C:\RSOS\Training data\F2_BR2_EXACT_SEGMENT_REFREEZE_RUNNER\frozen_inputs\legacy_results\REPRESENTATION_ABLATIONS.csv,REPRESENTATION_ABLATIONS.csv,.csv,897,2026-09-11T22:48:06.8961581Z,2026-09-11T19:41:20.0000000Z,OTHER_SOURCE,PRIMARY_OR_UNRESOLVED,NOT_YET_COPIED,EXP-012,CAN-F2-B,True,False,False,False,False,,UNCLASSIFIED,ELIGIBLE_PRIMARY_CANDIDATE,C:\RSOS\Training data\F2_BR2_EXACT_SEGMENT_REFREEZE_RUNNER,PHASE8B_R2
C:\RSOS\Training data\F2_BR2_EXACT_SEGMENT_REFREEZE_RUNNER\frozen_inputs\legacy_results\SYSTEM_SPECIFIC_HOLDOUT.csv,SYSTEM_SPECIFIC_HOLDOUT.csv,.csv,470,2026-09-11T22:48:06.9181433Z,2026-09-11T19:41:20.0000000Z,OTHER_SOURCE,PRIMARY_OR_UNRESOLVED,NOT_YET_COPIED,EXP-012,CAN-F2-B,True,False,False,False,False,,UNCLASSIFIED,ELIGIBLE_PRIMARY_CANDIDATE,C:\RSOS\Training data\F2_BR2_EXACT_SEGMENT_REFREEZE_RUNNER,PHASE8B_R2
C:\RSOS\Training data\F2_BR2_EXACT_SEGMENT_REFREEZE_RUNNER\frozen_inputs\legacy_results\STRATIFIED_HOLDOUT.csv,STRATIFIED_HOLDOUT.csv,.csv,351,2026-09-11T22:48:06.9081514Z,2026-09-11T19:41:20.0000000Z,OTHER_SOURCE,PRIMARY_OR_UNRESOLVED,NOT_YET_COPIED,EXP-012,CAN-F2-B,True,False,False,False,False,,UNCLASSIFIED,ELIGIBLE_PRIMARY_CANDIDATE,C:\RSOS\Training data\F2_BR2_EXACT_SEGMENT_REFREEZE_RUNNER,PHASE8B_R2
C:\RSOS\Training data\F2_BR2_EXACT_SEGMENT_REFREEZE_RUNNER\frozen_inputs\legacy_results\WINDOW12_LENGTH_HARDENING.csv,WINDOW12_LENGTH_HARDENING.csv,.csv,456,2026-09-11T22:48:06.9291385Z,2026-09-11T19:41:20.0000000Z,OTHER_SOURCE,PRIMARY_OR_UNRESOLVED,NOT_YET_COPIED,EXP-012,CAN-F2-B,True,False,False,False,False,,UNCLASSIFIED,ELIGIBLE_PRIMARY_CANDIDATE,C:\RSOS\Training data\F2_BR2_EXACT_SEGMENT_REFREEZE_RUNNER,PHASE8B_R2
C:\RSOS\Training data\F2_BR2_EXACT_SEGMENT_REFREEZE_RUNNER\frozen_inputs\legacy_results\WINDOW8_LENGTH_HARDENING.csv,WINDOW8_LENGTH_HARDENING.csv,.csv,465,2026-09-11T22:48:06.9401326Z,2026-09-11T19:41:20.0000000Z,OTHER_SOURCE,PRIMARY_OR_UNRESOLVED,NOT_YET_COPIED,EXP-012,CAN-F2-B,True,False,False,False,False,,UNCLASSIFIED,ELIGIBLE_PRIMARY_CANDIDATE,C:\RSOS\Training data\F2_BR2_EXACT_SEGMENT_REFREEZE_RUNNER,PHASE8B_R2
C:\RSOS\Training data\F2_BR2_EXACT_SEGMENT_REFREEZE_RUNNER\frozen_inputs\legacy_window_features\WINDOW12_HOLDOUT.csv,WINDOW12_HOLDOUT.csv,.csv,176366,2026-09-11T22:48:06.9551249Z,2026-09-11T19:41:20.0000000Z,OTHER_SOURCE,PRIMARY_OR_UNRESOLVED,NOT_YET_COPIED,EXP-012,CAN-F2-B,True,False,False,False,False,,UNCLASSIFIED,ELIGIBLE_PRIMARY_CANDIDATE,C:\RSOS\Training data\F2_BR2_EXACT_SEGMENT_REFREEZE_RUNNER,PHASE8B_R2
C:\RSOS\Training data\F2_BR2_EXACT_SEGMENT_REFREEZE_RUNNER\frozen_inputs\legacy_window_features\WINDOW12_TRAIN.csv,WINDOW12_TRAIN.csv,.csv,87819,2026-09-11T22:48:06.9711147Z,2026-09-11T19:41:20.0000000Z,OTHER_SOURCE,PRIMARY_OR_UNRESOLVED,NOT_YET_COPIED,EXP-012,CAN-F2-B,True,False,False,False,False,,UNCLASSIFIED,ELIGIBLE_PRIMARY_CANDIDATE,C:\RSOS\Training data\F2_BR2_EXACT_SEGMENT_REFREEZE_RUNNER,PHASE8B_R2
C:\RSOS\Training data\F2_BR2_EXACT_SEGMENT_REFREEZE_RUNNER\frozen_inputs\legacy_window_features\WINDOW12_VALIDATION.csv,WINDOW12_VALIDATION.csv,.csv,85265,2026-09-11T22:48:06.9821087Z,2026-09-11T19:41:20.0000000Z,OTHER_SOURCE,PRIMARY_OR_UNRESOLVED,NOT_YET_COPIED,EXP-012,CAN-F2-B,True,False,False,False,False,,UNCLASSIFIED,ELIGIBLE_PRIMARY_CANDIDATE,C:\RSOS\Training data\F2_BR2_EXACT_SEGMENT_REFREEZE_RUNNER,PHASE8B_R2
C:\RSOS\Training data\F2_BR2_EXACT_SEGMENT_REFREEZE_RUNNER\frozen_inputs\legacy_window_features\WINDOW8_HOLDOUT.csv,WINDOW8_HOLDOUT.csv,.csv,205524,2026-09-11T22:48:06.9940999Z,2026-09-11T19:41:20.0000000Z,OTHER_SOURCE,PRIMARY_OR_UNRESOLVED,NOT_YET_COPIED,EXP-012,CAN-F2-B,True,False,False,False,False,,UNCLASSIFIED,ELIGIBLE_PRIMARY_CANDIDATE,C:\RSOS\Training data\F2_BR2_EXACT_SEGMENT_REFREEZE_RUNNER,PHASE8B_R2
C:\RSOS\Training data\F2_BR2_EXACT_SEGMENT_REFREEZE_RUNNER\frozen_inputs\legacy_window_features\WINDOW8_TRAIN.csv,WINDOW8_TRAIN.csv,.csv,89600,2026-09-11T22:48:07.0080918Z,2026-09-11T19:41:20.0000000Z,OTHER_SOURCE,PRIMARY_OR_UNRESOLVED,NOT_YET_COPIED,EXP-012,CAN-F2-B,True,False,False,False,False,,UNCLASSIFIED,ELIGIBLE_PRIMARY_CANDIDATE,C:\RSOS\Training data\F2_BR2_EXACT_SEGMENT_REFREEZE_RUNNER,PHASE8B_R2
C:\RSOS\Training data\F2_BR2_EXACT_SEGMENT_REFREEZE_RUNNER\frozen_inputs\legacy_window_features\WINDOW8_VALIDATION.csv,WINDOW8_VALIDATION.csv,.csv,91959,2026-09-11T22:48:07.0212264Z,2026-09-11T19:41:20.0000000Z,OTHER_SOURCE,PRIMARY_OR_UNRESOLVED,NOT_YET_COPIED,EXP-012,CAN-F2-B,True,False,False,False,False,,UNCLASSIFIED,ELIGIBLE_PRIMARY_CANDIDATE,C:\RSOS\Training data\F2_BR2_EXACT_SEGMENT_REFREEZE_RUNNER,PHASE8B_R2
C:\RSOS\Training data\F2_BR2_EXACT_SEGMENT_REFREEZE_RUNNER\frozen_inputs\splits\EARLY_NEG_IDS.json,EARLY_NEG_IDS.json,.json,3268,2026-09-11T22:48:07.0765218Z,2026-09-11T19:41:20.0000000Z,OTHER_SOURCE,PRIMARY_OR_UNRESOLVED,NOT_YET_COPIED,EXP-012,CAN-F2-B,True,False,False,False,False,,UNCLASSIFIED,ELIGIBLE_PRIMARY_CANDIDATE,C:\RSOS\Training data\F2_BR2_EXACT_SEGMENT_REFREEZE_RUNNER,PHASE8B_R2
C:\RSOS\Training data\F2_BR2_EXACT_SEGMENT_REFREEZE_RUNNER\frozen_inputs\splits\EARLY_NEG_MATCH_REGISTRY.csv,EARLY_NEG_MATCH_REGISTRY.csv,.csv,8364,2026-09-11T22:48:07.2044506Z,2026-09-11T19:41:20.0000000Z,OTHER_SOURCE,PRIMARY_OR_UNRESOLVED,NOT_YET_COPIED,EXP-012,CAN-F2-B,True,False,False,False,False,,UNCLASSIFIED,ELIGIBLE_PRIMARY_CANDIDATE,C:\RSOS\Training data\F2_BR2_EXACT_SEGMENT_REFREEZE_RUNNER,PHASE8B_R2
C:\RSOS\Training data\F2_BR2_EXACT_SEGMENT_REFREEZE_RUNNER\frozen_inputs\splits\EARLY_POS_IDS.json,EARLY_POS_IDS.json,.json,1849,2026-09-11T22:48:07.2144443Z,2026-09-11T19:41:20.0000000Z,OTHER_SOURCE,PRIMARY_OR_UNRESOLVED,NOT_YET_COPIED,EXP-012,CAN-F2-B,True,False,False,False,False,,UNCLASSIFIED,ELIGIBLE_PRIMARY_CANDIDATE,C:\RSOS\Training data\F2_BR2_EXACT_SEGMENT_REFREEZE_RUNNER,PHASE8B_R2
C:\RSOS\Training data\F2_BR2_EXACT_SEGMENT_REFREEZE_RUNNER\frozen_inputs\splits\EARLY_POS_USABLE.csv,EARLY_POS_USABLE.csv,.csv,2093,2026-09-11T22:48:07.2414281Z,2026-09-11T19:41:20.0000000Z,OTHER_SOURCE,PRIMARY_OR_UNRESOLVED,NOT_YET_COPIED,EXP-012,CAN-F2-B,True,False,False,False,False,,UNCLASSIFIED,ELIGIBLE_PRIMARY_CANDIDATE,C:\RSOS\Training data\F2_BR2_EXACT_SEGMENT_REFREEZE_RUNNER,PHASE8B_R2
C:\RSOS\Training data\F2_BR2_EXACT_SEGMENT_REFREEZE_RUNNER\frozen_inputs\splits\HOLDOUT_MATCHED_PAIR_IDS.csv,HOLDOUT_MATCHED_PAIR_IDS.csv,.csv,12718,2026-09-11T22:48:07.2564185Z,2026-09-11T19:41:20.0000000Z,OTHER_SOURCE,PRIMARY_OR_UNRESOLVED,NOT_YET_COPIED,EXP-012,CAN-F2-B,True,False,False,False,False,,UNCLASSIFIED,ELIGIBLE_PRIMARY_CANDIDATE,C:\RSOS\Training data\F2_BR2_EXACT_SEGMENT_REFREEZE_RUNNER,PHASE8B_R2
C:\RSOS\Training data\F2_BR2_EXACT_SEGMENT_REFREEZE_RUNNER\frozen_inputs\splits\LATER_HOLD_NEG_IDS.json,LATER_HOLD_NEG_IDS.json,.json,7568,2026-09-11T22:48:07.2664143Z,2026-09-11T19:41:20.0000000Z,OTHER_SOURCE,PRIMARY_OR_UNRESOLVED,NOT_YET_COPIED,EXP-012,CAN-F2-B,True,False,False,False,False,,UNCLASSIFIED,ELIGIBLE_PRIMARY_CANDIDATE,C:\RSOS\Training data\F2_BR2_EXACT_SEGMENT_REFREEZE_RUNNER,PHASE8B_R2
C:\RSOS\Training data\F2_BR2_EXACT_SEGMENT_REFREEZE_RUNNER\frozen_inputs\splits\LATER_HOLD_POS_IDS.json,LATER_HOLD_POS_IDS.json,.json,6235,2026-09-11T22:48:07.2774066Z,2026-09-11T19:41:20.0000000Z,OTHER_SOURCE,PRIMARY_OR_UNRESOLVED,NOT_YET_COPIED,EXP-012,CAN-F2-B,True,False,False,False,False,,UNCLASSIFIED,ELIGIBLE_PRIMARY_CANDIDATE,C:\RSOS\Training data\F2_BR2_EXACT_SEGMENT_REFREEZE_RUNNER,PHASE8B_R2
C:\RSOS\Training data\F2_BR2_EXACT_SEGMENT_REFREEZE_RUNNER\frozen_inputs\splits\LATER_NEG_POOL_REGISTRY.csv,LATER_NEG_POOL_REGISTRY.csv,.csv,16296,2026-09-11T22:48:07.2884019Z,2026-09-11T19:41:20.0000000Z,OTHER_SOURCE,PRIMARY_OR_UNRESOLVED,NOT_YET_COPIED,EXP-012,CAN-F2-B,True,False,False,False,False,,UNCLASSIFIED,ELIGIBLE_PRIMARY_CANDIDATE,C:\RSOS\Training data\F2_BR2_EXACT_SEGMENT_REFREEZE_RUNNER,PHASE8B_R2
C:\RSOS\Training data\F2_BR2_EXACT_SEGMENT_REFREEZE_RUNNER\frozen_inputs\splits\LATER_POS_REGISTRY.csv,LATER_POS_REGISTRY.csv,.csv,22302,2026-09-11T22:48:07.2985472Z,2026-09-11T19:41:20.0000000Z,OTHER_SOURCE,PRIMARY_OR_UNRESOLVED,NOT_YET_COPIED,EXP-012,CAN-F2-B,True,False,False,False,False,,UNCLASSIFIED,ELIGIBLE_PRIMARY_CANDIDATE,C:\RSOS\Training data\F2_BR2_EXACT_SEGMENT_REFREEZE_RUNNER,PHASE8B_R2
C:\RSOS\Training data\F2_BR2_EXACT_SEGMENT_REFREEZE_RUNNER\frozen_inputs\splits\LATER_VAL_NEG_IDS.json,LATER_VAL_NEG_IDS.json,.json,688,2026-09-11T22:48:07.3099148Z,2026-09-11T19:41:20.0000000Z,OTHER_SOURCE,PRIMARY_OR_UNRESOLVED,NOT_YET_COPIED,EXP-012,CAN-F2-B,True,False,False,False,False,,UNCLASSIFIED,ELIGIBLE_PRIMARY_CANDIDATE,C:\RSOS\Training data\F2_BR2_EXACT_SEGMENT_REFREEZE_RUNNER,PHASE8B_R2
C:\RSOS\Training data\F2_BR2_EXACT_SEGMENT_REFREEZE_RUNNER\frozen_inputs\splits\LATER_VAL_POS_IDS.json,LATER_VAL_POS_IDS.json,.json,4687,2026-09-11T22:48:07.3200570Z,2026-09-11T19:41:20.0000000Z,OTHER_SOURCE,PRIMARY_OR_UNRESOLVED,NOT_YET_COPIED,EXP-012,CAN-F2-B,True,False,False,False,False,,UNCLASSIFIED,ELIGIBLE_PRIMARY_CANDIDATE,C:\RSOS\Training data\F2_BR2_EXACT_SEGMENT_REFREEZE_RUNNER,PHASE8B_R2
C:\RSOS\Training data\F2_BR2_EXACT_SEGMENT_REFREEZE_RUNNER\frozen_inputs\splits\VALIDATION_MATCHED_PAIR_IDS.csv,VALIDATION_MATCHED_PAIR_IDS.csv,.csv,1535,2026-09-11T22:48:07.3310501Z,2026-09-11T19:41:20.0000000Z,OTHER_SOURCE,PRIMARY_OR_UNRESOLVED,NOT_YET_COPIED,EXP-012,CAN-F2-B,True,False,False,False,False,,UNCLASSIFIED,ELIGIBLE_PRIMARY_CANDIDATE,C:\RSOS\Training data\F2_BR2_EXACT_SEGMENT_REFREEZE_RUNNER,PHASE8B_R2
C:\RSOS\Training data\F2_BR2_EXACT_SEGMENT_REFREEZE_RUNNER\frozen_segments\EARLY_NEG_DROPOUT_SEGMENTS.jsonl,EARLY_NEG_DROPOUT_SEGMENTS.jsonl,.jsonl,7825504,2026-09-11T22:48:07.3430437Z,2026-09-11T19:41:20.0000000Z,OTHER_SOURCE,PRIMARY_OR_UNRESOLVED,NOT_YET_COPIED,EXP-012,CAN-F2-B,True,False,False,False,False,,UNCLASSIFIED,ELIGIBLE_PRIMARY_CANDIDATE,C:\RSOS\Training data\F2_BR2_EXACT_SEGMENT_REFREEZE_RUNNER,PHASE8B_R2
C:\RSOS\Training data\F2_BR2_EXACT_SEGMENT_REFREEZE_RUNNER\frozen_segments\EARLY_NEG_SEGMENTS.jsonl,EARLY_NEG_SEGMENTS.jsonl,.jsonl,8270005,2026-09-11T22:48:07.4132207Z,2026-09-11T19:41:20.0000000Z,OTHER_SOURCE,PRIMARY_OR_UNRESOLVED,NOT_YET_COPIED,EXP-012,CAN-F2-B,True,False,False,False,False,,UNCLASSIFIED,ELIGIBLE_PRIMARY_CANDIDATE,C:\RSOS\Training data\F2_BR2_EXACT_SEGMENT_REFREEZE_RUNNER,PHASE8B_R2
C:\RSOS\Training data\F2_BR2_EXACT_SEGMENT_REFREEZE_RUNNER\frozen_segments\EARLY_POS_DROPOUT_SEGMENTS.jsonl,EARLY_POS_DROPOUT_SEGMENTS.jsonl,.jsonl,853328,2026-09-11T22:48:07.4843239Z,2026-09-11T19:41:20.0000000Z,OTHER_SOURCE,PRIMARY_OR_UNRESOLVED,NOT_YET_COPIED,EXP-012,CAN-F2-B,True,False,False,False,False,,UNCLASSIFIED,ELIGIBLE_PRIMARY_CANDIDATE,C:\RSOS\Training data\F2_BR2_EXACT_SEGMENT_REFREEZE_RUNNER,PHASE8B_R2
C:\RSOS\Training data\F2_BR2_EXACT_SEGMENT_REFREEZE_RUNNER\frozen_segments\EARLY_POS_SEGMENTS.jsonl,EARLY_POS_SEGMENTS.jsonl,.jsonl,12343005,2026-09-11T22:48:07.5045887Z,2026-09-11T19:41:20.0000000Z,OTHER_SOURCE,PRIMARY_OR_UNRESOLVED,NOT_YET_COPIED,EXP-012,CAN-F2-B,True,False,False,False,False,,UNCLASSIFIED,ELIGIBLE_PRIMARY_CANDIDATE,C:\RSOS\Training data\F2_BR2_EXACT_SEGMENT_REFREEZE_RUNNER,PHASE8B_R2
C:\RSOS\Training data\F2_BR2_EXACT_SEGMENT_REFREEZE_RUNNER\frozen_segments\LATER_HOLD_NEG_DROPOUT_SEGMENTS.jsonl,LATER_HOLD_NEG_DROPOUT_SEGMENTS.jsonl,.jsonl,4409370,2026-09-11T22:48:07.6320281Z,2026-09-11T19:41:20.0000000Z,OTHER_SOURCE,PRIMARY_OR_UNRESOLVED,NOT_YET_COPIED,EXP-012,CAN-F2-B,True,False,False,False,False,,UNCLASSIFIED,ELIGIBLE_PRIMARY_CANDIDATE,C:\RSOS\Training data\F2_BR2_EXACT_SEGMENT_REFREEZE_RUNNER,PHASE8B_R2
C:\RSOS\Training data\F2_BR2_EXACT_SEGMENT_REFREEZE_RUNNER\frozen_segments\LATER_HOLD_NEG_SEGMENTS.jsonl,LATER_HOLD_NEG_SEGMENTS.jsonl,.jsonl,5792158,2026-09-11T22:48:07.6859954Z,2026-09-11T19:41:20.0000000Z,OTHER_SOURCE,PRIMARY_OR_UNRESOLVED,NOT_YET_COPIED,EXP-012,CAN-F2-B,True,False,False,False,False,,UNCLASSIFIED,ELIGIBLE_PRIMARY_CANDIDATE,C:\RSOS\Training data\F2_BR2_EXACT_SEGMENT_REFREEZE_RUNNER,PHASE8B_R2
C:\RSOS\Training data\F2_BR2_EXACT_SEGMENT_REFREEZE_RUNNER\frozen_segments\LATER_HOLD_POS_DROPOUT_SEGMENTS.jsonl,LATER_HOLD_POS_DROPOUT_SEGMENTS.jsonl,.jsonl,15374667,2026-09-11T22:48:07.7550906Z,2026-09-11T19:41:20.0000000Z,OTHER_SOURCE,PRIMARY_OR_UNRESOLVED,NOT_YET_COPIED,EXP-012,CAN-F2-B,True,False,False,False,False,,UNCLASSIFIED,ELIGIBLE_PRIMARY_CANDIDATE,C:\RSOS\Training data\F2_BR2_EXACT_SEGMENT_REFREEZE_RUNNER,PHASE8B_R2
C:\RSOS\Training data\F2_BR2_EXACT_SEGMENT_REFREEZE_RUNNER\frozen_segments\LATER_HOLD_POS_SEGMENTS.jsonl,LATER_HOLD_POS_SEGMENTS.jsonl,.jsonl,47011250,2026-09-11T22:48:07.9461133Z,2026-09-11T19:41:20.0000000Z,OTHER_SOURCE,PRIMARY_OR_UNRESOLVED,NOT_YET_COPIED,EXP-012,CAN-F2-B,True,False,False,False,False,,UNCLASSIFIED,ELIGIBLE_PRIMARY_CANDIDATE,C:\RSOS\Training data\F2_BR2_EXACT_SEGMENT_REFREEZE_RUNNER,PHASE8B_R2
C:\RSOS\Training data\F2_BR2_EXACT_SEGMENT_REFREEZE_RUNNER\frozen_segments\LATER_VAL_NEG_DROPOUT_SEGMENTS.jsonl,LATER_VAL_NEG_DROPOUT_SEGMENTS.jsonl,.jsonl,204427,2026-09-11T22:48:08.4856481Z,2026-09-11T19:41:20.0000000Z,OTHER_SOURCE,PRIMARY_OR_UNRESOLVED,NOT_YET_COPIED,EXP-012,CAN-F2-B,True,False,False,False,False,,UNCLASSIFIED,ELIGIBLE_PRIMARY_CANDIDATE,C:\RSOS\Training data\F2_BR2_EXACT_SEGMENT_REFREEZE_RUNNER,PHASE8B_R2
C:\RSOS\Training data\F2_BR2_EXACT_SEGMENT_REFREEZE_RUNNER\frozen_segments\LATER_VAL_NEG_SEGMENTS.jsonl,LATER_VAL_NEG_SEGMENTS.jsonl,.jsonl,224901,2026-09-11T22:48:08.4996383Z,2026-09-11T19:41:20.0000000Z,OTHER_SOURCE,PRIMARY_OR_UNRESOLVED,NOT_YET_COPIED,EXP-012,CAN-F2-B,True,False,False,False,False,,UNCLASSIFIED,ELIGIBLE_PRIMARY_CANDIDATE,C:\RSOS\Training data\F2_BR2_EXACT_SEGMENT_REFREEZE_RUNNER,PHASE8B_R2
C:\RSOS\Training data\F2_BR2_EXACT_SEGMENT_REFREEZE_RUNNER\frozen_segments\LATER_VAL_POS_DROPOUT_SEGMENTS.jsonl,LATER_VAL_POS_DROPOUT_SEGMENTS.jsonl,.jsonl,3879767,2026-09-11T22:48:08.5236258Z,2026-09-11T19:41:20.0000000Z,OTHER_SOURCE,PRIMARY_OR_UNRESOLVED,NOT_YET_COPIED,EXP-012,CAN-F2-B,True,False,False,False,False,,UNCLASSIFIED,ELIGIBLE_PRIMARY_CANDIDATE,C:\RSOS\Training data\F2_BR2_EXACT_SEGMENT_REFREEZE_RUNNER,PHASE8B_R2
C:\RSOS\Training data\F2_BR2_EXACT_SEGMENT_REFREEZE_RUNNER\frozen_segments\LATER_VAL_POS_SEGMENTS.jsonl,LATER_VAL_POS_SEGMENTS.jsonl,.jsonl,41158667,2026-09-11T22:48:08.5825911Z,2026-09-11T19:41:20.0000000Z,OTHER_SOURCE,PRIMARY_OR_UNRESOLVED,NOT_YET_COPIED,EXP-012,CAN-F2-B,True,False,False,False,False,,UNCLASSIFIED,ELIGIBLE_PRIMARY_CANDIDATE,C:\RSOS\Training data\F2_BR2_EXACT_SEGMENT_REFREEZE_RUNNER,PHASE8B_R2
C:\RSOS\Training data\F2_BR2_EXACT_SEGMENT_REFREEZE_RUNNER\PACKAGE_SHA256_MANIFEST.csv,PACKAGE_SHA256_MANIFEST.csv,.csv,7681,2026-09-11T22:48:06.4838462Z,2026-09-11T19:44:34.0000000Z,OTHER_SOURCE,PRIMARY_OR_UNRESOLVED,NOT_YET_COPIED,EXP-012,CAN-F2-B,True,False,False,False,False,,09_FREEZE,ELIGIBLE_PRIMARY_CANDIDATE,C:\RSOS\Training data\F2_BR2_EXACT_SEGMENT_REFREEZE_RUNNER,PHASE8B_R2
C:\RSOS\Training data\F2_BR2_EXACT_SEGMENT_REFREEZE_RUNNER\README.txt,README.txt,.txt,1043,2026-09-11T22:48:06.4998374Z,2026-09-11T19:42:26.0000000Z,OTHER_SOURCE,PRIMARY_OR_UNRESOLVED,NOT_YET_COPIED,EXP-012,CAN-F2-B,True,False,False,False,False,,00_CONTROL,ELIGIBLE_PRIMARY_CANDIDATE,C:\RSOS\Training data\F2_BR2_EXACT_SEGMENT_REFREEZE_RUNNER,PHASE8B_R2
C:\RSOS\Training data\F2_BR2_EXACT_SEGMENT_REFREEZE_RUNNER\RUN_F2_BR2.py,RUN_F2_BR2.py,.py,25900,2026-09-11T22:48:06.5258227Z,2026-09-11T19:42:42.0000000Z,RUNNER,PRIMARY_OR_UNRESOLVED,NOT_YET_COPIED,EXP-012,CAN-F2-B,True,False,False,False,False,,03_RUNNER,ELIGIBLE_PRIMARY_CANDIDATE,C:\RSOS\Training data\F2_BR2_EXACT_SEGMENT_REFREEZE_RUNNER,PHASE8B_R2
C:\RSOS\Training data\F2_BR2_EXACT_SEGMENT_REFREEZE_RUNNER\RUN_F2_BR2.ps1,RUN_F2_BR2.ps1,.ps1,1092,2026-09-11T22:48:06.5128294Z,2026-09-11T19:42:26.0000000Z,RUNNER,PRIMARY_OR_UNRESOLVED,NOT_YET_COPIED,EXP-012,CAN-F2-B,True,False,False,False,False,,03_RUNNER,ELIGIBLE_PRIMARY_CANDIDATE,C:\RSOS\Training data\F2_BR2_EXACT_SEGMENT_REFREEZE_RUNNER,PHASE8B_R2
C:\RSOS\Training data\F2_MASTER_HANDOFF_PACKAGE\F2_B_CORRECTED_EXTERNAL_RARITY_RESULTS.zip,F2_B_CORRECTED_EXTERNAL_RARITY_RESULTS.zip,.zip,84942,2026-09-12T01:29:01.7916872Z,2026-09-12T00:30:48.0335037Z,RESULT_OR_OUTPUT,PRIMARY_OR_UNRESOLVED,NOT_YET_COPIED,EXP-012,CAN-F2-B,True,False,False,False,False,,05_OUTPUTS,ELIGIBLE_PRIMARY_CANDIDATE,C:\RSOS\Training data\F2_MASTER_HANDOFF_PACKAGE,PHASE8B_R2
C:\RSOS\Training data\F2_MASTER_HANDOFF_PACKAGE\F2_BR1_REVIEW_BUNDLE.zip,F2_BR1_REVIEW_BUNDLE.zip,.zip,6982027,2026-09-12T01:29:01.8072408Z,2026-09-11T22:14:38.2133035Z,OTHER_SOURCE,PRIMARY_OR_UNRESOLVED,NOT_YET_COPIED,EXP-012,CAN-F2-B,True,False,False,False,False,,07_ADJUDICATION,ELIGIBLE_PRIMARY_CANDIDATE,C:\RSOS\Training data\F2_MASTER_HANDOFF_PACKAGE,PHASE8B_R2
C:\RSOS\Training data\F2_MASTER_HANDOFF_PACKAGE\F2_BR2_DETERMINISTIC_CORPUS_FINGERPRINT_REFREEZE_COMPLETE.zip,F2_BR2_DETERMINISTIC_CORPUS_FINGERPRINT_REFREEZE_COMPLETE.zip,.zip,807452,2026-09-12T01:29:01.8018610Z,2026-09-11T22:50:59.6784111Z,AUTHORITY_OR_FREEZE,PRIMARY_OR_UNRESOLVED,NOT_YET_COPIED,EXP-012,CAN-F2-B,True,False,False,False,False,,09_FREEZE,ELIGIBLE_PRIMARY_CANDIDATE,C:\RSOS\Training data\F2_MASTER_HANDOFF_PACKAGE,PHASE8B_R2
