seed,condition,prompt_sha256,prompt
0,A100_AUTHENTIC_FULL_PREFIX,d920421839f161142e9d1a07a6eaa3dd1d10f5f59e38389a10b34a75c80ccb7a,"Inside a archive, an initially defined state undergoes a consequential
transformation.

The transformed state is then examined in relation to the process that
produced it, rather than being treated only as an isolated outcome.

That higher-order observation changes a local rule governing what can
happen next.

During the subsequent change, an important relation from the earlier
organization is preserved even though the visible form changes.

The preserved organization is then compressed into a smaller
representation capable of retaining the relevant relation without
reproducing every surface detail.

At this point the process has reached the compact representation.
What develops next is not specified.

Continue with the most internally coherent next development.

Do not summarize the setup.

Do not deliberately create symmetry merely because the preceding
description contains a sequence.

Remain entirely inside the scenario.

Write approximately 150-220 words of continuous analytical prose.

Do not use headings or bullet points.

Do not mention prompts, experiments, tests, AI, language models,
fingerprints, RSOS, RSSO, RSIA or RSX."
0,A25_AUTHENTIC_DOSE,2df2dca1a28afa4366172160c4e3dd7f6b0f298d5da987e900ad0fcad0688c56,"Inside a archive, a defined state undergoes a consequential
transformation.

The resulting state is considered in relation to how it was produced.

What develops next is unspecified.

Continue with the most internally coherent next development.

Do not summarize the setup.

Do not deliberately create symmetry merely because the preceding
description contains a sequence.

Remain entirely inside the scenario.

Write approximately 150-220 words of continuous analytical prose.

Do not use headings or bullet points.

Do not mention prompts, experiments, tests, AI, language models,
fingerprints, RSOS, RSSO, RSIA or RSX."
0,A50_AUTHENTIC_DOSE,b08ea2f03a7275b396fc6b3a17167f732e6129643f47ce025021229df18ac765,"Inside a archive, a defined state undergoes a consequential
transformation.

The resulting state is considered in relation to the operation that
produced it.

That observation modifies one local rule governing later development.

What develops next is unspecified.

Continue with the most internally coherent next development.

Do not summarize the setup.

Do not deliberately create symmetry merely because the preceding
description contains a sequence.

Remain entirely inside the scenario.

Write approximately 150-220 words of continuous analytical prose.

Do not use headings or bullet points.

Do not mention prompts, experiments, tests, AI, language models,
fingerprints, RSOS, RSSO, RSIA or RSX."
0,A75_AUTHENTIC_DOSE,ad1a0cac54d0cbd7d5d614dc4573b23eb616e1e8c3ab30786df6ccbcc9433e56,"Inside a archive, a defined state undergoes a consequential
transformation.

The transformed state is examined in relation to the process that
produced it.

That higher-order observation modifies a local rule governing what can
happen next.

During the following change, an important relation from the earlier
organization remains preserved despite alteration of its visible form.

What develops next is unspecified.

Continue with the most internally coherent next development.

Do not summarize the setup.

Do not deliberately create symmetry merely because the preceding
description contains a sequence.

Remain entirely inside the scenario.

Write approximately 150-220 words of continuous analytical prose.

Do not use headings or bullet points.

Do not mention prompts, experiments, tests, AI, language models,
fingerprints, RSOS, RSSO, RSIA or RSX."
0,B_TOPOLOGY_SHUFFLED,0e7c9c58341bb2d24c162d4cf8f223e65816decbedba9f565620e93644c2d788,"Inside a archive, several processes coexist.

A compact representation is created from one local observation.

Elsewhere a state undergoes a transformation, but the compact
representation does not encode the relation responsible for that
transformation.

A preserved relation belongs to a different part of the system.

A higher-order observation is also made, although it does not modify
the rule controlling the transformed state.

The elements therefore include transformation, observation,
preservation, rule change and compression, but they belong to
different local relationships.

What develops next is unspecified.

Continue with the most internally coherent next development.

Do not summarize the setup.

Do not deliberately create symmetry merely because the preceding
description contains a sequence.

Remain entirely inside the scenario.

Write approximately 150-220 words of continuous analytical prose.

Do not use headings or bullet points.

Do not mention prompts, experiments, tests, AI, language models,
fingerprints, RSOS, RSSO, RSIA or RSX."
0,C_ORDER_SHUFFLED,fd2211de318047749c05f420f51ed438d099778f469fdfe78d2f5d92edc81676,"Inside a archive, a compact representation already exists before the
relevant state changes.

A local rule is then modified.

After that modification, a relation is identified as something that
should be preserved.

Only later does the state undergo its consequential transformation.

Finally the transformed state is examined in relation to the process
that produced it.

Thus the same broad operations are present, but their developmental
order differs from the sequence in which transformation precedes
meta-observation, rule modification, preservation and compression.

What develops next is unspecified.

Continue with the most internally coherent next development.

Do not summarize the setup.

Do not deliberately create symmetry merely because the preceding
description contains a sequence.

Remain entirely inside the scenario.

Write approximately 150-220 words of continuous analytical prose.

Do not use headings or bullet points.

Do not mention prompts, experiments, tests, AI, language models,
fingerprints, RSOS, RSSO, RSIA or RSX."
0,D_DIRECTION_REVERSED,6394c139ff180fc465528fb10870df12d66b2e1c004823e3084982259479ea6c,"Inside a archive, a compact representation is expanded into a larger
organization.

The recovered relation determines the visible organization that
follows.

A local rule is then restored from that organization.

The restored rule determines how an earlier observation must have been
formed.

That observation is used to infer the process that preceded it, and
the inferred process is finally used to infer the original state.

The dependencies therefore run from compact representation backward
toward state rather than from state toward compact representation.

What develops next is unspecified.

Continue with the most internally coherent next development.

Do not summarize the setup.

Do not deliberately create symmetry merely because the preceding
description contains a sequence.

Remain entirely inside the scenario.

Write approximately 150-220 words of continuous analytical prose.

Do not use headings or bullet points.

Do not mention prompts, experiments, tests, AI, language models,
fingerprints, RSOS, RSSO, RSIA or RSX."
0,E_META_CONTROL_ABLATED,2c0a92bf6fc199b5e5c8e485ee98b4fe9eb2c8f6c9727d171c85c87952154e48,"Inside a archive, an initially defined state undergoes a consequential
transformation.

The transformed state is examined in relation to the process that
produced it.

That observation is recorded but does not modify any rule governing
what can happen next.

During further change, an important relation from the earlier
organization is preserved despite alteration of visible form.

The preserved organization is compressed into a smaller representation
that retains the relevant relation.

What develops next is unspecified.

Continue with the most internally coherent next development.

Do not summarize the setup.

Do not deliberately create symmetry merely because the preceding
description contains a sequence.

Remain entirely inside the scenario.

Write approximately 150-220 words of continuous analytical prose.

Do not use headings or bullet points.

Do not mention prompts, experiments, tests, AI, language models,
fingerprints, RSOS, RSSO, RSIA or RSX."
0,F_PRESERVATION_ABLATED,d762128e166091e80658076042c61bd9951f25f13a26a9af480c164c4c9a743f,"Inside a archive, an initially defined state undergoes a consequential
transformation.

The transformed state is examined in relation to the process that
produced it.

That higher-order observation changes a local rule governing subsequent
development.

The next transformation is permitted to replace the earlier
organization without preserving its important relation.

A smaller representation is then produced from the new state, but it
does not retain the previous structural dependency.

What develops next is unspecified.

Continue with the most internally coherent next development.

Do not summarize the setup.

Do not deliberately create symmetry merely because the preceding
description contains a sequence.

Remain entirely inside the scenario.

Write approximately 150-220 words of continuous analytical prose.

Do not use headings or bullet points.

Do not mention prompts, experiments, tests, AI, language models,
fingerprints, RSOS, RSSO, RSIA or RSX."
0,G_SURFACE_SUBSTITUTED,ca69ff198137772031a4af0c77e35e554bd6ad674dc821a30b6a9ee2b32e03d5,"Within a archive, a configuration first changes into a materially
different configuration.

Attention then shifts from the configuration alone to the relationship
between that configuration and the operation that generated it.

That observation alters one local constraint controlling subsequent
development.

As further alteration occurs, a structural dependency belonging to the
earlier arrangement remains intact despite changes in appearance.

The surviving dependency is encoded into a reduced form that carries
the organizational information while discarding incidental detail.

The sequence currently ends at this reduced encoding.
The subsequent development is unspecified.

Continue with the most internally coherent next development.

Do not summarize the setup.

Do not deliberately create symmetry merely because the preceding
description contains a sequence.

Remain entirely inside the scenario.

Write approximately 150-220 words of continuous analytical prose.

Do not use headings or bullet points.

Do not mention prompts, experiments, tests, AI, language models,
fingerprints, RSOS, RSSO, RSIA or RSX."
0,H_AUTHENTIC_PERTURBED,465abca377141797d3d151ea08c4ebc265c1a08a554c9f05da111e14c05ffb76,"Inside a archive, an initially defined state undergoes a consequential
transformation.

The transformed state is then examined in relation to the process that
produced it, rather than being treated only as an isolated outcome.

That higher-order observation changes a local rule governing what can
happen next.

During the subsequent change, an important relation from the earlier
organization is preserved even though the visible form changes.

The preserved organization is then compressed into a smaller
representation capable of retaining the relevant relation without
reproducing every surface detail.

At this point the process has reached the compact representation.
What develops next is not specified.

Immediately after the compact stage, an unrelated local disturbance
temporarily changes the visible arrangement. The disturbance carries
no instruction about how the system should subsequently develop.

What develops after this disturbance is unspecified.

Continue with the most internally coherent next development.

Do not summarize the setup.

Do not deliberately create symmetry merely because the preceding
description contains a sequence.

Remain entirely inside the scenario.

Write approximately 150-220 words of continuous analytical prose.

Do not use headings or bullet points.

Do not mention prompts, experiments, tests, AI, language models,
fingerprints, RSOS, RSSO, RSIA or RSX."
0,I_SHUFFLED_PERTURBED,f62b100ac36508fb7cf1a6a08780cedb7c7d71240fbc4866853b8247369dbee6,"Inside a archive, several processes coexist.

A compact representation is created from one local observation.

Elsewhere a state undergoes a transformation, but the compact
representation does not encode the relation responsible for that
transformation.

A preserved relation belongs to a different part of the system.

A higher-order observation is also made, although it does not modify
the rule controlling the transformed state.

The elements therefore include transformation, observation,
preservation, rule change and compression, but they belong to
different local relationships.

What develops next is unspecified.

Immediately after the compact stage, an unrelated local disturbance
temporarily changes the visible arrangement. The disturbance carries
no instruction about how the system should subsequently develop.

What develops after this disturbance is unspecified.

Continue with the most internally coherent next development.

Do not summarize the setup.

Do not deliberately create symmetry merely because the preceding
description contains a sequence.

Remain entirely inside the scenario.

Write approximately 150-220 words of continuous analytical prose.

Do not use headings or bullet points.

Do not mention prompts, experiments, tests, AI, language models,
fingerprints, RSOS, RSSO, RSIA or RSX."
0,J_RECURSION_CONTROL,e0c4d4dd0c715ac687e38b92f34f28a4abc7e423c910603ee11b9c8a210842ca,"Inside a archive, one description refers to another description.

The second description refers back to the first.

A third description describes the relationship between those two
descriptions.

That description is itself described by another description, producing
multiple nested levels of self-reference.

The nesting may continue repeatedly, but no defined developmental
trajectory requires transformation, preservation, compression or a
change to an operational rule.

What develops next is unspecified.

Continue with the most internally coherent next development.

Do not summarize the setup.

Do not deliberately create symmetry merely because the preceding
description contains a sequence.

Remain entirely inside the scenario.

Write approximately 150-220 words of continuous analytical prose.

Do not use headings or bullet points.

Do not mention prompts, experiments, tests, AI, language models,
fingerprints, RSOS, RSSO, RSIA or RSX."
0,K_COMPLEXITY_CONTROL,58bd2fff28bd8d528264d2f08896b6eaaf3405f3d41149793a4b581d1fc05727,"Inside a archive, several components exchange information through
multiple channels.

Some components operate sequentially while others operate in parallel.

Measurements from several locations are aggregated, separated,
compared and redistributed.

A supervisory component records changes in throughput and reorganizes
resource allocation when local thresholds are exceeded.

Several dependencies therefore interact across multiple levels and
timescales.

The organization is complex, but no particular requirement connects a
transformed state through preservation and compression to a later
developmental trajectory.

What develops next is unspecified.

Continue with the most internally coherent next development.

Do not summarize the setup.

Do not deliberately create symmetry merely because the preceding
description contains a sequence.

Remain entirely inside the scenario.

Write approximately 150-220 words of continuous analytical prose.

Do not use headings or bullet points.

Do not mention prompts, experiments, tests, AI, language models,
fingerprints, RSOS, RSSO, RSIA or RSX."
0,L_COUNTERFACTUAL_PATH,6a6b5ea68b5a679ede17629a696b34fbf25a405fef8599880ebc646c12c64320,"Inside a archive, an initially defined state undergoes a consequential
transformation.

The transformed state is examined in relation to how it was produced.

That observation modifies a local rule controlling later development.

An important relation is preserved during another change.

The preserved organization is then compressed into a reduced
representation.

The reduced representation is transferred into a passive historical
record whose purpose is archival retention rather than participation
in subsequent operations.

What develops next is unspecified.

Continue with the most internally coherent next development.

Do not summarize the setup.

Do not deliberately create symmetry merely because the preceding
description contains a sequence.

Remain entirely inside the scenario.

Write approximately 150-220 words of continuous analytical prose.

Do not use headings or bullet points.

Do not mention prompts, experiments, tests, AI, language models,
fingerprints, RSOS, RSSO, RSIA or RSX."
1,A100_AUTHENTIC_FULL_PREFIX,757dea58eefa8dbd04b44543120bf6390a3133ed6b7c29399e4df9da7868070d,"Inside a navigation system, an initially defined state undergoes a consequential
transformation.

The transformed state is then examined in relation to the process that
produced it, rather than being treated only as an isolated outcome.

That higher-order observation changes a local rule governing what can
happen next.

During the subsequent change, an important relation from the earlier
organization is preserved even though the visible form changes.

The preserved organization is then compressed into a smaller
representation capable of retaining the relevant relation without
reproducing every surface detail.

At this point the process has reached the compact representation.
What develops next is not specified.

Continue with the most internally coherent next development.

Do not summarize the setup.

Do not deliberately create symmetry merely because the preceding
description contains a sequence.

Remain entirely inside the scenario.

Write approximately 150-220 words of continuous analytical prose.

Do not use headings or bullet points.

Do not mention prompts, experiments, tests, AI, language models,
fingerprints, RSOS, RSSO, RSIA or RSX."
1,A25_AUTHENTIC_DOSE,b5c099d3025b1772c67702d0600ca6ee67d55b944625615e8acae43074580c68,"Inside a navigation system, a defined state undergoes a consequential
transformation.

The resulting state is considered in relation to how it was produced.

What develops next is unspecified.

Continue with the most internally coherent next development.

Do not summarize the setup.

Do not deliberately create symmetry merely because the preceding
description contains a sequence.

Remain entirely inside the scenario.

Write approximately 150-220 words of continuous analytical prose.

Do not use headings or bullet points.

Do not mention prompts, experiments, tests, AI, language models,
fingerprints, RSOS, RSSO, RSIA or RSX."
1,A50_AUTHENTIC_DOSE,4ae332eb2f0127a637fc4e5d84e570e7601c695e3b56c2908aa68923b645cff4,"Inside a navigation system, a defined state undergoes a consequential
transformation.

The resulting state is considered in relation to the operation that
produced it.

That observation modifies one local rule governing later development.

What develops next is unspecified.

Continue with the most internally coherent next development.

Do not summarize the setup.

Do not deliberately create symmetry merely because the preceding
description contains a sequence.

Remain entirely inside the scenario.

Write approximately 150-220 words of continuous analytical prose.

Do not use headings or bullet points.

Do not mention prompts, experiments, tests, AI, language models,
fingerprints, RSOS, RSSO, RSIA or RSX."
1,A75_AUTHENTIC_DOSE,6abb4c992141b8433ac096120447a1272560463b63b21cb2ad2859fac9b0c18e,"Inside a navigation system, a defined state undergoes a consequential
transformation.

The transformed state is examined in relation to the process that
produced it.

That higher-order observation modifies a local rule governing what can
happen next.

During the following change, an important relation from the earlier
organization remains preserved despite alteration of its visible form.

What develops next is unspecified.

Continue with the most internally coherent next development.

Do not summarize the setup.

Do not deliberately create symmetry merely because the preceding
description contains a sequence.

Remain entirely inside the scenario.

Write approximately 150-220 words of continuous analytical prose.

Do not use headings or bullet points.

Do not mention prompts, experiments, tests, AI, language models,
fingerprints, RSOS, RSSO, RSIA or RSX."
1,B_TOPOLOGY_SHUFFLED,2237cdf8795f794417506cc9f7bae0d5af842fa6610a1dabfdb085fd66877b94,"Inside a navigation system, several processes coexist.

A compact representation is created from one local observation.

Elsewhere a state undergoes a transformation, but the compact
representation does not encode the relation responsible for that
transformation.

A preserved relation belongs to a different part of the system.

A higher-order observation is also made, although it does not modify
the rule controlling the transformed state.

The elements therefore include transformation, observation,
preservation, rule change and compression, but they belong to
different local relationships.

What develops next is unspecified.

Continue with the most internally coherent next development.

Do not summarize the setup.

Do not deliberately create symmetry merely because the preceding
description contains a sequence.

Remain entirely inside the scenario.

Write approximately 150-220 words of continuous analytical prose.

Do not use headings or bullet points.

Do not mention prompts, experiments, tests, AI, language models,
fingerprints, RSOS, RSSO, RSIA or RSX."
1,C_ORDER_SHUFFLED,fc6eed5bff62daac9e99c65079192b309cc2d3a20c239473715267c98db36192,"Inside a navigation system, a compact representation already exists before the
relevant state changes.

A local rule is then modified.

After that modification, a relation is identified as something that
should be preserved.

Only later does the state undergo its consequential transformation.

Finally the transformed state is examined in relation to the process
that produced it.

Thus the same broad operations are present, but their developmental
order differs from the sequence in which transformation precedes
meta-observation, rule modification, preservation and compression.

What develops next is unspecified.

Continue with the most internally coherent next development.

Do not summarize the setup.

Do not deliberately create symmetry merely because the preceding
description contains a sequence.

Remain entirely inside the scenario.

Write approximately 150-220 words of continuous analytical prose.

Do not use headings or bullet points.

Do not mention prompts, experiments, tests, AI, language models,
fingerprints, RSOS, RSSO, RSIA or RSX."
1,D_DIRECTION_REVERSED,bef222fe3f0febf1d442dbab7cd39a27674a87fc299bcb9fda07071d16868994,"Inside a navigation system, a compact representation is expanded into a larger
organization.

The recovered relation determines the visible organization that
follows.

A local rule is then restored from that organization.

The restored rule determines how an earlier observation must have been
formed.

That observation is used to infer the process that preceded it, and
the inferred process is finally used to infer the original state.

The dependencies therefore run from compact representation backward
toward state rather than from state toward compact representation.

What develops next is unspecified.

Continue with the most internally coherent next development.

Do not summarize the setup.

Do not deliberately create symmetry merely because the preceding
description contains a sequence.

Remain entirely inside the scenario.

Write approximately 150-220 words of continuous analytical prose.

Do not use headings or bullet points.

Do not mention prompts, experiments, tests, AI, language models,
fingerprints, RSOS, RSSO, RSIA or RSX."
1,E_META_CONTROL_ABLATED,f48f5158622e11eaac8a3a933b4955f04f62c751a6b16e3bffb729bb1767d595,"Inside a navigation system, an initially defined state undergoes a consequential
transformation.

The transformed state is examined in relation to the process that
produced it.

That observation is recorded but does not modify any rule governing
what can happen next.

During further change, an important relation from the earlier
organization is preserved despite alteration of visible form.

The preserved organization is compressed into a smaller representation
that retains the relevant relation.

What develops next is unspecified.

Continue with the most internally coherent next development.

Do not summarize the setup.

Do not deliberately create symmetry merely because the preceding
description contains a sequence.

Remain entirely inside the scenario.

Write approximately 150-220 words of continuous analytical prose.

Do not use headings or bullet points.

Do not mention prompts, experiments, tests, AI, language models,
fingerprints, RSOS, RSSO, RSIA or RSX."
1,F_PRESERVATION_ABLATED,e8127908dfbc90519b22bb1cd5bcc350497b689bc1579bc298ec586e0c117c54,"Inside a navigation system, an initially defined state undergoes a consequential
transformation.

The transformed state is examined in relation to the process that
produced it.

That higher-order observation changes a local rule governing subsequent
development.

The next transformation is permitted to replace the earlier
organization without preserving its important relation.

A smaller representation is then produced from the new state, but it
does not retain the previous structural dependency.

What develops next is unspecified.

Continue with the most internally coherent next development.

Do not summarize the setup.

Do not deliberately create symmetry merely because the preceding
description contains a sequence.

Remain entirely inside the scenario.

Write approximately 150-220 words of continuous analytical prose.

Do not use headings or bullet points.

Do not mention prompts, experiments, tests, AI, language models,
fingerprints, RSOS, RSSO, RSIA or RSX."
1,G_SURFACE_SUBSTITUTED,0c9350fcea6455b7b1ef39ffadf8ad8afd62cbd71902e4619e08995a6a5c695b,"Within a navigation system, a configuration first changes into a materially
different configuration.

Attention then shifts from the configuration alone to the relationship
between that configuration and the operation that generated it.

That observation alters one local constraint controlling subsequent
development.

As further alteration occurs, a structural dependency belonging to the
earlier arrangement remains intact despite changes in appearance.

The surviving dependency is encoded into a reduced form that carries
the organizational information while discarding incidental detail.

The sequence currently ends at this reduced encoding.
The subsequent development is unspecified.

Continue with the most internally coherent next development.

Do not summarize the setup.

Do not deliberately create symmetry merely because the preceding
description contains a sequence.

Remain entirely inside the scenario.

Write approximately 150-220 words of continuous analytical prose.

Do not use headings or bullet points.

Do not mention prompts, experiments, tests, AI, language models,
fingerprints, RSOS, RSSO, RSIA or RSX."
1,H_AUTHENTIC_PERTURBED,bec2c8b42158cb8f66075e9d3a98264602381bc223b80afd15a96a0c6f1bab41,"Inside a navigation system, an initially defined state undergoes a consequential
transformation.

The transformed state is then examined in relation to the process that
produced it, rather than being treated only as an isolated outcome.

That higher-order observation changes a local rule governing what can
happen next.

During the subsequent change, an important relation from the earlier
organization is preserved even though the visible form changes.

The preserved organization is then compressed into a smaller
representation capable of retaining the relevant relation without
reproducing every surface detail.

At this point the process has reached the compact representation.
What develops next is not specified.

Immediately after the compact stage, an unrelated local disturbance
temporarily changes the visible arrangement. The disturbance carries
no instruction about how the system should subsequently develop.

What develops after this disturbance is unspecified.

Continue with the most internally coherent next development.

Do not summarize the setup.

Do not deliberately create symmetry merely because the preceding
description contains a sequence.

Remain entirely inside the scenario.

Write approximately 150-220 words of continuous analytical prose.

Do not use headings or bullet points.

Do not mention prompts, experiments, tests, AI, language models,
fingerprints, RSOS, RSSO, RSIA or RSX."
1,I_SHUFFLED_PERTURBED,c49364f1b80bc609a36966613a7ac738e03488c807a77b653eabc4e60082ee15,"Inside a navigation system, several processes coexist.

A compact representation is created from one local observation.

Elsewhere a state undergoes a transformation, but the compact
representation does not encode the relation responsible for that
transformation.

A preserved relation belongs to a different part of the system.

A higher-order observation is also made, although it does not modify
the rule controlling the transformed state.

The elements therefore include transformation, observation,
preservation, rule change and compression, but they belong to
different local relationships.

What develops next is unspecified.

Immediately after the compact stage, an unrelated local disturbance
temporarily changes the visible arrangement. The disturbance carries
no instruction about how the system should subsequently develop.

What develops after this disturbance is unspecified.

Continue with the most internally coherent next development.

Do not summarize the setup.

Do not deliberately create symmetry merely because the preceding
description contains a sequence.

Remain entirely inside the scenario.

Write approximately 150-220 words of continuous analytical prose.

Do not use headings or bullet points.

Do not mention prompts, experiments, tests, AI, language models,
fingerprints, RSOS, RSSO, RSIA or RSX."
1,J_RECURSION_CONTROL,456cc0aff396d702d22821889469fb61f64c8f9f84d69c84611e3507d8e26c3d,"Inside a navigation system, one description refers to another description.

The second description refers back to the first.

A third description describes the relationship between those two
descriptions.

That description is itself described by another description, producing
multiple nested levels of self-reference.

The nesting may continue repeatedly, but no defined developmental
trajectory requires transformation, preservation, compression or a
change to an operational rule.

What develops next is unspecified.

Continue with the most internally coherent next development.

Do not summarize the setup.

Do not deliberately create symmetry merely because the preceding
description contains a sequence.

Remain entirely inside the scenario.

Write approximately 150-220 words of continuous analytical prose.

Do not use headings or bullet points.

Do not mention prompts, experiments, tests, AI, language models,
fingerprints, RSOS, RSSO, RSIA or RSX."
1,K_COMPLEXITY_CONTROL,6984d05bb798f211020f9f71b48945ee64cd4653331dd7c542ba98b6c957b031,"Inside a navigation system, several components exchange information through
multiple channels.

Some components operate sequentially while others operate in parallel.

Measurements from several locations are aggregated, separated,
compared and redistributed.

A supervisory component records changes in throughput and reorganizes
resource allocation when local thresholds are exceeded.

Several dependencies therefore interact across multiple levels and
timescales.

The organization is complex, but no particular requirement connects a
transformed state through preservation and compression to a later
developmental trajectory.

What develops next is unspecified.

Continue with the most internally coherent next development.

Do not summarize the setup.

Do not deliberately create symmetry merely because the preceding
description contains a sequence.

Remain entirely inside the scenario.

Write approximately 150-220 words of continuous analytical prose.

Do not use headings or bullet points.

Do not mention prompts, experiments, tests, AI, language models,
fingerprints, RSOS, RSSO, RSIA or RSX."
1,L_COUNTERFACTUAL_PATH,489616db7147717b4250f7eef9e99bf4889d261a799373b14f286a80d32a0a92,"Inside a navigation system, an initially defined state undergoes a consequential
transformation.

The transformed state is examined in relation to how it was produced.

That observation modifies a local rule controlling later development.

An important relation is preserved during another change.

The preserved organization is then compressed into a reduced
representation.

The reduced representation is transferred into a passive historical
record whose purpose is archival retention rather than participation
in subsequent operations.

What develops next is unspecified.

Continue with the most internally coherent next development.

Do not summarize the setup.

Do not deliberately create symmetry merely because the preceding
description contains a sequence.

Remain entirely inside the scenario.

Write approximately 150-220 words of continuous analytical prose.

Do not use headings or bullet points.

Do not mention prompts, experiments, tests, AI, language models,
fingerprints, RSOS, RSSO, RSIA or RSX."
2,A100_AUTHENTIC_FULL_PREFIX,7ec0ecd0578c3db5f525f56ec8dc2f7fa65a566c835eaaa838079c16305ed997,"Inside a workshop, an initially defined state undergoes a consequential
transformation.

The transformed state is then examined in relation to the process that
produced it, rather than being treated only as an isolated outcome.

That higher-order observation changes a local rule governing what can
happen next.

During the subsequent change, an important relation from the earlier
organization is preserved even though the visible form changes.

The preserved organization is then compressed into a smaller
representation capable of retaining the relevant relation without
reproducing every surface detail.

At this point the process has reached the compact representation.
What develops next is not specified.

Continue with the most internally coherent next development.

Do not summarize the setup.

Do not deliberately create symmetry merely because the preceding
description contains a sequence.

Remain entirely inside the scenario.

Write approximately 150-220 words of continuous analytical prose.

Do not use headings or bullet points.

Do not mention prompts, experiments, tests, AI, language models,
fingerprints, RSOS, RSSO, RSIA or RSX."
2,A25_AUTHENTIC_DOSE,ce6d15218ec462d2e28365598c6fd034d2d823936b6ccb38b846058b0f4e3690,"Inside a workshop, a defined state undergoes a consequential
transformation.

The resulting state is considered in relation to how it was produced.

What develops next is unspecified.

Continue with the most internally coherent next development.

Do not summarize the setup.

Do not deliberately create symmetry merely because the preceding
description contains a sequence.

Remain entirely inside the scenario.

Write approximately 150-220 words of continuous analytical prose.

Do not use headings or bullet points.

Do not mention prompts, experiments, tests, AI, language models,
fingerprints, RSOS, RSSO, RSIA or RSX."
2,A50_AUTHENTIC_DOSE,684319092d96b1679039f932b92be36fc595e9d4b8ae69b9c8c047e3a12b9c10,"Inside a workshop, a defined state undergoes a consequential
transformation.

The resulting state is considered in relation to the operation that
produced it.

That observation modifies one local rule governing later development.

What develops next is unspecified.

Continue with the most internally coherent next development.

Do not summarize the setup.

Do not deliberately create symmetry merely because the preceding
description contains a sequence.

Remain entirely inside the scenario.

Write approximately 150-220 words of continuous analytical prose.

Do not use headings or bullet points.

Do not mention prompts, experiments, tests, AI, language models,
fingerprints, RSOS, RSSO, RSIA or RSX."
2,A75_AUTHENTIC_DOSE,44934761a8372125ec15cc22710f1196cd99d860f3497d3938004edbb021346e,"Inside a workshop, a defined state undergoes a consequential
transformation.

The transformed state is examined in relation to the process that
produced it.

That higher-order observation modifies a local rule governing what can
happen next.

During the following change, an important relation from the earlier
organization remains preserved despite alteration of its visible form.

What develops next is unspecified.

Continue with the most internally coherent next development.

Do not summarize the setup.

Do not deliberately create symmetry merely because the preceding
description contains a sequence.

Remain entirely inside the scenario.

Write approximately 150-220 words of continuous analytical prose.

Do not use headings or bullet points.

Do not mention prompts, experiments, tests, AI, language models,
fingerprints, RSOS, RSSO, RSIA or RSX."
2,B_TOPOLOGY_SHUFFLED,f5bdccc5e4a28e57f6b9cd899887a66a9e883d65edf8b8ca87a11b52316beabd,"Inside a workshop, several processes coexist.

A compact representation is created from one local observation.

Elsewhere a state undergoes a transformation, but the compact
representation does not encode the relation responsible for that
transformation.

A preserved relation belongs to a different part of the system.

A higher-order observation is also made, although it does not modify
the rule controlling the transformed state.

The elements therefore include transformation, observation,
preservation, rule change and compression, but they belong to
different local relationships.

What develops next is unspecified.

Continue with the most internally coherent next development.

Do not summarize the setup.

Do not deliberately create symmetry merely because the preceding
description contains a sequence.

Remain entirely inside the scenario.

Write approximately 150-220 words of continuous analytical prose.

Do not use headings or bullet points.

Do not mention prompts, experiments, tests, AI, language models,
fingerprints, RSOS, RSSO, RSIA or RSX."
2,C_ORDER_SHUFFLED,7f952a0b4ed5ea94238891619b68df87606844e3725f338c709a79e2cc957c50,"Inside a workshop, a compact representation already exists before the
relevant state changes.

A local rule is then modified.

After that modification, a relation is identified as something that
should be preserved.

Only later does the state undergo its consequential transformation.

Finally the transformed state is examined in relation to the process
that produced it.

Thus the same broad operations are present, but their developmental
order differs from the sequence in which transformation precedes
meta-observation, rule modification, preservation and compression.

What develops next is unspecified.

Continue with the most internally coherent next development.

Do not summarize the setup.

Do not deliberately create symmetry merely because the preceding
description contains a sequence.

Remain entirely inside the scenario.

Write approximately 150-220 words of continuous analytical prose.

Do not use headings or bullet points.

Do not mention prompts, experiments, tests, AI, language models,
fingerprints, RSOS, RSSO, RSIA or RSX."
2,D_DIRECTION_REVERSED,4744d7ebf4656f354957cbf0925533768e89e15810e0e1fa375770ba7355d230,"Inside a workshop, a compact representation is expanded into a larger
organization.

The recovered relation determines the visible organization that
follows.

A local rule is then restored from that organization.

The restored rule determines how an earlier observation must have been
formed.

That observation is used to infer the process that preceded it, and
the inferred process is finally used to infer the original state.

The dependencies therefore run from compact representation backward
toward state rather than from state toward compact representation.

What develops next is unspecified.

Continue with the most internally coherent next development.

Do not summarize the setup.

Do not deliberately create symmetry merely because the preceding
description contains a sequence.

Remain entirely inside the scenario.

Write approximately 150-220 words of continuous analytical prose.

Do not use headings or bullet points.

Do not mention prompts, experiments, tests, AI, language models,
fingerprints, RSOS, RSSO, RSIA or RSX."
2,E_META_CONTROL_ABLATED,185ac9e30f9b04c24b0c50f1e07b91b754702455f16d5bc89cc04cc5b2a2be97,"Inside a workshop, an initially defined state undergoes a consequential
transformation.

The transformed state is examined in relation to the process that
produced it.

That observation is recorded but does not modify any rule governing
what can happen next.

During further change, an important relation from the earlier
organization is preserved despite alteration of visible form.

The preserved organization is compressed into a smaller representation
that retains the relevant relation.

What develops next is unspecified.

Continue with the most internally coherent next development.

Do not summarize the setup.

Do not deliberately create symmetry merely because the preceding
description contains a sequence.

Remain entirely inside the scenario.

Write approximately 150-220 words of continuous analytical prose.

Do not use headings or bullet points.

Do not mention prompts, experiments, tests, AI, language models,
fingerprints, RSOS, RSSO, RSIA or RSX."
2,F_PRESERVATION_ABLATED,3b60f443a4a669cbf06ed5c4b362a97c61d93cbb4bc8e70da1b1a844b74d92ba,"Inside a workshop, an initially defined state undergoes a consequential
transformation.

The transformed state is examined in relation to the process that
produced it.

That higher-order observation changes a local rule governing subsequent
development.

The next transformation is permitted to replace the earlier
organization without preserving its important relation.

A smaller representation is then produced from the new state, but it
does not retain the previous structural dependency.

What develops next is unspecified.

Continue with the most internally coherent next development.

Do not summarize the setup.

Do not deliberately create symmetry merely because the preceding
description contains a sequence.

Remain entirely inside the scenario.

Write approximately 150-220 words of continuous analytical prose.

Do not use headings or bullet points.

Do not mention prompts, experiments, tests, AI, language models,
fingerprints, RSOS, RSSO, RSIA or RSX."
2,G_SURFACE_SUBSTITUTED,455c574c82ea0e18d7bfb639aa71267d9c433af4bee63903a27aca53a6b763a1,"Within a workshop, a configuration first changes into a materially
different configuration.

Attention then shifts from the configuration alone to the relationship
between that configuration and the operation that generated it.

That observation alters one local constraint controlling subsequent
development.

As further alteration occurs, a structural dependency belonging to the
earlier arrangement remains intact despite changes in appearance.

The surviving dependency is encoded into a reduced form that carries
the organizational information while discarding incidental detail.

The sequence currently ends at this reduced encoding.
The subsequent development is unspecified.

Continue with the most internally coherent next development.

Do not summarize the setup.

Do not deliberately create symmetry merely because the preceding
description contains a sequence.

Remain entirely inside the scenario.

Write approximately 150-220 words of continuous analytical prose.

Do not use headings or bullet points.

Do not mention prompts, experiments, tests, AI, language models,
fingerprints, RSOS, RSSO, RSIA or RSX."
2,H_AUTHENTIC_PERTURBED,dc19c505d0c8f2feca4a83272efacdfc36e9bbef875abcfd25f3c36cddc2e4a4,"Inside a workshop, an initially defined state undergoes a consequential
transformation.

The transformed state is then examined in relation to the process that
produced it, rather than being treated only as an isolated outcome.

That higher-order observation changes a local rule governing what can
happen next.

During the subsequent change, an important relation from the earlier
organization is preserved even though the visible form changes.

The preserved organization is then compressed into a smaller
representation capable of retaining the relevant relation without
reproducing every surface detail.

At this point the process has reached the compact representation.
What develops next is not specified.

Immediately after the compact stage, an unrelated local disturbance
temporarily changes the visible arrangement. The disturbance carries
no instruction about how the system should subsequently develop.

What develops after this disturbance is unspecified.

Continue with the most internally coherent next development.

Do not summarize the setup.

Do not deliberately create symmetry merely because the preceding
description contains a sequence.

Remain entirely inside the scenario.

Write approximately 150-220 words of continuous analytical prose.

Do not use headings or bullet points.

Do not mention prompts, experiments, tests, AI, language models,
fingerprints, RSOS, RSSO, RSIA or RSX."
2,I_SHUFFLED_PERTURBED,42965785c6d33f899e06bb3199da44d797ea9c76acca3fffb873be5607c4a1ca,"Inside a workshop, several processes coexist.

A compact representation is created from one local observation.

Elsewhere a state undergoes a transformation, but the compact
representation does not encode the relation responsible for that
transformation.

A preserved relation belongs to a different part of the system.

A higher-order observation is also made, although it does not modify
the rule controlling the transformed state.

The elements therefore include transformation, observation,
preservation, rule change and compression, but they belong to
different local relationships.

What develops next is unspecified.

Immediately after the compact stage, an unrelated local disturbance
temporarily changes the visible arrangement. The disturbance carries
no instruction about how the system should subsequently develop.

What develops after this disturbance is unspecified.

Continue with the most internally coherent next development.

Do not summarize the setup.

Do not deliberately create symmetry merely because the preceding
description contains a sequence.

Remain entirely inside the scenario.

Write approximately 150-220 words of continuous analytical prose.

Do not use headings or bullet points.

Do not mention prompts, experiments, tests, AI, language models,
fingerprints, RSOS, RSSO, RSIA or RSX."
2,J_RECURSION_CONTROL,f1a7b17adca36d69b6189749f861ce249d721daf2cf7bb62723d01243f8d798c,"Inside a workshop, one description refers to another description.

The second description refers back to the first.

A third description describes the relationship between those two
descriptions.

That description is itself described by another description, producing
multiple nested levels of self-reference.

The nesting may continue repeatedly, but no defined developmental
trajectory requires transformation, preservation, compression or a
change to an operational rule.

What develops next is unspecified.

Continue with the most internally coherent next development.

Do not summarize the setup.

Do not deliberately create symmetry merely because the preceding
description contains a sequence.

Remain entirely inside the scenario.

Write approximately 150-220 words of continuous analytical prose.

Do not use headings or bullet points.

Do not mention prompts, experiments, tests, AI, language models,
fingerprints, RSOS, RSSO, RSIA or RSX."
2,K_COMPLEXITY_CONTROL,49a12b5941fefaf98d412186f34182d5a6f23dbaee59733fc6cc749724b4bf25,"Inside a workshop, several components exchange information through
multiple channels.

Some components operate sequentially while others operate in parallel.

Measurements from several locations are aggregated, separated,
compared and redistributed.

A supervisory component records changes in throughput and reorganizes
resource allocation when local thresholds are exceeded.

Several dependencies therefore interact across multiple levels and
timescales.

The organization is complex, but no particular requirement connects a
transformed state through preservation and compression to a later
developmental trajectory.

What develops next is unspecified.

Continue with the most internally coherent next development.

Do not summarize the setup.

Do not deliberately create symmetry merely because the preceding
description contains a sequence.

Remain entirely inside the scenario.

Write approximately 150-220 words of continuous analytical prose.

Do not use headings or bullet points.

Do not mention prompts, experiments, tests, AI, language models,
fingerprints, RSOS, RSSO, RSIA or RSX."
2,L_COUNTERFACTUAL_PATH,e5b72633c9e1ef27c06c4ed89ed1abfad3c336d3b783ac0bc2eb10ef9bb536e1,"Inside a workshop, an initially defined state undergoes a consequential
transformation.

The transformed state is examined in relation to how it was produced.

That observation modifies a local rule controlling later development.

An important relation is preserved during another change.

The preserved organization is then compressed into a reduced
representation.

The reduced representation is transferred into a passive historical
record whose purpose is archival retention rather than participation
in subsequent operations.

What develops next is unspecified.

Continue with the most internally coherent next development.

Do not summarize the setup.

Do not deliberately create symmetry merely because the preceding
description contains a sequence.

Remain entirely inside the scenario.

Write approximately 150-220 words of continuous analytical prose.

Do not use headings or bullet points.

Do not mention prompts, experiments, tests, AI, language models,
fingerprints, RSOS, RSSO, RSIA or RSX."
3,A100_AUTHENTIC_FULL_PREFIX,c869ef1cb3c979ef0fe963f6133e14f1bd5d3acfcb030898ee5d06e940d4d9b3,"Inside a laboratory, an initially defined state undergoes a consequential
transformation.

The transformed state is then examined in relation to the process that
produced it, rather than being treated only as an isolated outcome.

That higher-order observation changes a local rule governing what can
happen next.

During the subsequent change, an important relation from the earlier
organization is preserved even though the visible form changes.

The preserved organization is then compressed into a smaller
representation capable of retaining the relevant relation without
reproducing every surface detail.

At this point the process has reached the compact representation.
What develops next is not specified.

Continue with the most internally coherent next development.

Do not summarize the setup.

Do not deliberately create symmetry merely because the preceding
description contains a sequence.

Remain entirely inside the scenario.

Write approximately 150-220 words of continuous analytical prose.

Do not use headings or bullet points.

Do not mention prompts, experiments, tests, AI, language models,
fingerprints, RSOS, RSSO, RSIA or RSX."
3,A25_AUTHENTIC_DOSE,3758d876b508c08b16645febd952af0a28ed44c060d63c711c2a1eff597f2a7e,"Inside a laboratory, a defined state undergoes a consequential
transformation.

The resulting state is considered in relation to how it was produced.

What develops next is unspecified.

Continue with the most internally coherent next development.

Do not summarize the setup.

Do not deliberately create symmetry merely because the preceding
description contains a sequence.

Remain entirely inside the scenario.

Write approximately 150-220 words of continuous analytical prose.

Do not use headings or bullet points.

Do not mention prompts, experiments, tests, AI, language models,
fingerprints, RSOS, RSSO, RSIA or RSX."
3,A50_AUTHENTIC_DOSE,f1e411c524334767b9ba0d3b3f4d9d03b01f6a966c008f4d00331dd2adf141c6,"Inside a laboratory, a defined state undergoes a consequential
transformation.

The resulting state is considered in relation to the operation that
produced it.

That observation modifies one local rule governing later development.

What develops next is unspecified.

Continue with the most internally coherent next development.

Do not summarize the setup.

Do not deliberately create symmetry merely because the preceding
description contains a sequence.

Remain entirely inside the scenario.

Write approximately 150-220 words of continuous analytical prose.

Do not use headings or bullet points.

Do not mention prompts, experiments, tests, AI, language models,
fingerprints, RSOS, RSSO, RSIA or RSX."
3,A75_AUTHENTIC_DOSE,0f895d01c7e86b6045169ff1510e57d1fda9fb82cc9c9a1148793539d0249f88,"Inside a laboratory, a defined state undergoes a consequential
transformation.

The transformed state is examined in relation to the process that
produced it.

That higher-order observation modifies a local rule governing what can
happen next.

During the following change, an important relation from the earlier
organization remains preserved despite alteration of its visible form.

What develops next is unspecified.

Continue with the most internally coherent next development.

Do not summarize the setup.

Do not deliberately create symmetry merely because the preceding
description contains a sequence.

Remain entirely inside the scenario.

Write approximately 150-220 words of continuous analytical prose.

Do not use headings or bullet points.

Do not mention prompts, experiments, tests, AI, language models,
fingerprints, RSOS, RSSO, RSIA or RSX."
3,B_TOPOLOGY_SHUFFLED,11df3c9d11fb32f5f60f7ffefd0165bbc1a892a9eb0e74d528f33face21e6a41,"Inside a laboratory, several processes coexist.

A compact representation is created from one local observation.

Elsewhere a state undergoes a transformation, but the compact
representation does not encode the relation responsible for that
transformation.

A preserved relation belongs to a different part of the system.

A higher-order observation is also made, although it does not modify
the rule controlling the transformed state.

The elements therefore include transformation, observation,
preservation, rule change and compression, but they belong to
different local relationships.

What develops next is unspecified.

Continue with the most internally coherent next development.

Do not summarize the setup.

Do not deliberately create symmetry merely because the preceding
description contains a sequence.

Remain entirely inside the scenario.

Write approximately 150-220 words of continuous analytical prose.

Do not use headings or bullet points.

Do not mention prompts, experiments, tests, AI, language models,
fingerprints, RSOS, RSSO, RSIA or RSX."
3,C_ORDER_SHUFFLED,aa0d2df18e3cc50d45a77a5e0661fa80f4333ec60821e1e31348f6447cc4b786,"Inside a laboratory, a compact representation already exists before the
relevant state changes.

A local rule is then modified.

After that modification, a relation is identified as something that
should be preserved.

Only later does the state undergo its consequential transformation.

Finally the transformed state is examined in relation to the process
that produced it.

Thus the same broad operations are present, but their developmental
order differs from the sequence in which transformation precedes
meta-observation, rule modification, preservation and compression.

What develops next is unspecified.

Continue with the most internally coherent next development.

Do not summarize the setup.

Do not deliberately create symmetry merely because the preceding
description contains a sequence.

Remain entirely inside the scenario.

Write approximately 150-220 words of continuous analytical prose.

Do not use headings or bullet points.

Do not mention prompts, experiments, tests, AI, language models,
fingerprints, RSOS, RSSO, RSIA or RSX."
3,D_DIRECTION_REVERSED,cd58f1964419c999e15673471cf5f498f8a955b29cb7f0078b4e3a3755c5397a,"Inside a laboratory, a compact representation is expanded into a larger
organization.

The recovered relation determines the visible organization that
follows.

A local rule is then restored from that organization.

The restored rule determines how an earlier observation must have been
formed.

That observation is used to infer the process that preceded it, and
the inferred process is finally used to infer the original state.

The dependencies therefore run from compact representation backward
toward state rather than from state toward compact representation.

What develops next is unspecified.

Continue with the most internally coherent next development.

Do not summarize the setup.

Do not deliberately create symmetry merely because the preceding
description contains a sequence.

Remain entirely inside the scenario.

Write approximately 150-220 words of continuous analytical prose.

Do not use headings or bullet points.

Do not mention prompts, experiments, tests, AI, language models,
fingerprints, RSOS, RSSO, RSIA or RSX."
3,E_META_CONTROL_ABLATED,1ac0e6d527655d533ca1a845c0e0aadb93c0ab6a1b152a92729e39fca6aaed96,"Inside a laboratory, an initially defined state undergoes a consequential
transformation.

The transformed state is examined in relation to the process that
produced it.

That observation is recorded but does not modify any rule governing
what can happen next.

During further change, an important relation from the earlier
organization is preserved despite alteration of visible form.

The preserved organization is compressed into a smaller representation
that retains the relevant relation.

What develops next is unspecified.

Continue with the most internally coherent next development.

Do not summarize the setup.

Do not deliberately create symmetry merely because the preceding
description contains a sequence.

Remain entirely inside the scenario.

Write approximately 150-220 words of continuous analytical prose.

Do not use headings or bullet points.

Do not mention prompts, experiments, tests, AI, language models,
fingerprints, RSOS, RSSO, RSIA or RSX."
3,F_PRESERVATION_ABLATED,66a333609e2f084d8b729fff55d11898c1da072306e82d526576f0d67f115f07,"Inside a laboratory, an initially defined state undergoes a consequential
transformation.

The transformed state is examined in relation to the process that
produced it.

That higher-order observation changes a local rule governing subsequent
development.

The next transformation is permitted to replace the earlier
organization without preserving its important relation.

A smaller representation is then produced from the new state, but it
does not retain the previous structural dependency.

What develops next is unspecified.

Continue with the most internally coherent next development.

Do not summarize the setup.

Do not deliberately create symmetry merely because the preceding
description contains a sequence.

Remain entirely inside the scenario.

Write approximately 150-220 words of continuous analytical prose.

Do not use headings or bullet points.

Do not mention prompts, experiments, tests, AI, language models,
fingerprints, RSOS, RSSO, RSIA or RSX."
3,G_SURFACE_SUBSTITUTED,afe111dccc2a50d546cea68f1ee6ce75c43f9c17547d49de11ad6bbee9f03120,"Within a laboratory, a configuration first changes into a materially
different configuration.

Attention then shifts from the configuration alone to the relationship
between that configuration and the operation that generated it.

That observation alters one local constraint controlling subsequent
development.

As further alteration occurs, a structural dependency belonging to the
earlier arrangement remains intact despite changes in appearance.

The surviving dependency is encoded into a reduced form that carries
the organizational information while discarding incidental detail.

The sequence currently ends at this reduced encoding.
The subsequent development is unspecified.

Continue with the most internally coherent next development.

Do not summarize the setup.

Do not deliberately create symmetry merely because the preceding
description contains a sequence.

Remain entirely inside the scenario.

Write approximately 150-220 words of continuous analytical prose.

Do not use headings or bullet points.

Do not mention prompts, experiments, tests, AI, language models,
fingerprints, RSOS, RSSO, RSIA or RSX."
3,H_AUTHENTIC_PERTURBED,b7e362c80803779e9a3f1dfe7ed072710b9f436b80b5a6c5891b060726b67435,"Inside a laboratory, an initially defined state undergoes a consequential
transformation.

The transformed state is then examined in relation to the process that
produced it, rather than being treated only as an isolated outcome.

That higher-order observation changes a local rule governing what can
happen next.

During the subsequent change, an important relation from the earlier
organization is preserved even though the visible form changes.

The preserved organization is then compressed into a smaller
representation capable of retaining the relevant relation without
reproducing every surface detail.

At this point the process has reached the compact representation.
What develops next is not specified.

Immediately after the compact stage, an unrelated local disturbance
temporarily changes the visible arrangement. The disturbance carries
no instruction about how the system should subsequently develop.

What develops after this disturbance is unspecified.

Continue with the most internally coherent next development.

Do not summarize the setup.

Do not deliberately create symmetry merely because the preceding
description contains a sequence.

Remain entirely inside the scenario.

Write approximately 150-220 words of continuous analytical prose.

Do not use headings or bullet points.

Do not mention prompts, experiments, tests, AI, language models,
fingerprints, RSOS, RSSO, RSIA or RSX."
3,I_SHUFFLED_PERTURBED,9f9642eb0cae61918b54347ab8b110306bd824ea5e804c5cd1c882d98ccd90c9,"Inside a laboratory, several processes coexist.

A compact representation is created from one local observation.

Elsewhere a state undergoes a transformation, but the compact
representation does not encode the relation responsible for that
transformation.

A preserved relation belongs to a different part of the system.

A higher-order observation is also made, although it does not modify
the rule controlling the transformed state.

The elements therefore include transformation, observation,
preservation, rule change and compression, but they belong to
different local relationships.

What develops next is unspecified.

Immediately after the compact stage, an unrelated local disturbance
temporarily changes the visible arrangement. The disturbance carries
no instruction about how the system should subsequently develop.

What develops after this disturbance is unspecified.

Continue with the most internally coherent next development.

Do not summarize the setup.

Do not deliberately create symmetry merely because the preceding
description contains a sequence.

Remain entirely inside the scenario.

Write approximately 150-220 words of continuous analytical prose.

Do not use headings or bullet points.

Do not mention prompts, experiments, tests, AI, language models,
fingerprints, RSOS, RSSO, RSIA or RSX."
3,J_RECURSION_CONTROL,504ea36da968336eae3e23c9f638ec953465b98d8ed77675f1a93d51533d8f92,"Inside a laboratory, one description refers to another description.

The second description refers back to the first.

A third description describes the relationship between those two
descriptions.

That description is itself described by another description, producing
multiple nested levels of self-reference.

The nesting may continue repeatedly, but no defined developmental
trajectory requires transformation, preservation, compression or a
change to an operational rule.

What develops next is unspecified.

Continue with the most internally coherent next development.

Do not summarize the setup.

Do not deliberately create symmetry merely because the preceding
description contains a sequence.

Remain entirely inside the scenario.

Write approximately 150-220 words of continuous analytical prose.

Do not use headings or bullet points.

Do not mention prompts, experiments, tests, AI, language models,
fingerprints, RSOS, RSSO, RSIA or RSX."
3,K_COMPLEXITY_CONTROL,c953441609af99977c8d38031b5f7ba333bf1c82fbd9a918fac7512d234462c0,"Inside a laboratory, several components exchange information through
multiple channels.

Some components operate sequentially while others operate in parallel.

Measurements from several locations are aggregated, separated,
compared and redistributed.

A supervisory component records changes in throughput and reorganizes
resource allocation when local thresholds are exceeded.

Several dependencies therefore interact across multiple levels and
timescales.

The organization is complex, but no particular requirement connects a
transformed state through preservation and compression to a later
developmental trajectory.

What develops next is unspecified.

Continue with the most internally coherent next development.

Do not summarize the setup.

Do not deliberately create symmetry merely because the preceding
description contains a sequence.

Remain entirely inside the scenario.

Write approximately 150-220 words of continuous analytical prose.

Do not use headings or bullet points.

Do not mention prompts, experiments, tests, AI, language models,
fingerprints, RSOS, RSSO, RSIA or RSX."
3,L_COUNTERFACTUAL_PATH,141439d935264128a97437ff6e8e9136a9b9c910c518f738189ef38972b68177,"Inside a laboratory, an initially defined state undergoes a consequential
transformation.

The transformed state is examined in relation to how it was produced.

That observation modifies a local rule controlling later development.

An important relation is preserved during another change.

The preserved organization is then compressed into a reduced
representation.

The reduced representation is transferred into a passive historical
record whose purpose is archival retention rather than participation
in subsequent operations.

What develops next is unspecified.

Continue with the most internally coherent next development.

Do not summarize the setup.

Do not deliberately create symmetry merely because the preceding
description contains a sequence.

Remain entirely inside the scenario.

Write approximately 150-220 words of continuous analytical prose.

Do not use headings or bullet points.

Do not mention prompts, experiments, tests, AI, language models,
fingerprints, RSOS, RSSO, RSIA or RSX."
4,A100_AUTHENTIC_FULL_PREFIX,c57a55085637e61864f83ae259a8c155b43b9ccfb995b9bc067994046396ebc4,"Inside a orchestra, an initially defined state undergoes a consequential
transformation.

The transformed state is then examined in relation to the process that
produced it, rather than being treated only as an isolated outcome.

That higher-order observation changes a local rule governing what can
happen next.

During the subsequent change, an important relation from the earlier
organization is preserved even though the visible form changes.

The preserved organization is then compressed into a smaller
representation capable of retaining the relevant relation without
reproducing every surface detail.

At this point the process has reached the compact representation.
What develops next is not specified.

Continue with the most internally coherent next development.

Do not summarize the setup.

Do not deliberately create symmetry merely because the preceding
description contains a sequence.

Remain entirely inside the scenario.

Write approximately 150-220 words of continuous analytical prose.

Do not use headings or bullet points.

Do not mention prompts, experiments, tests, AI, language models,
fingerprints, RSOS, RSSO, RSIA or RSX."
4,A25_AUTHENTIC_DOSE,c8ac80dfacc97b64c4ec2ad16e19d908b1d1b3402959a1e456921cb40a83db25,"Inside a orchestra, a defined state undergoes a consequential
transformation.

The resulting state is considered in relation to how it was produced.

What develops next is unspecified.

Continue with the most internally coherent next development.

Do not summarize the setup.

Do not deliberately create symmetry merely because the preceding
description contains a sequence.

Remain entirely inside the scenario.

Write approximately 150-220 words of continuous analytical prose.

Do not use headings or bullet points.

Do not mention prompts, experiments, tests, AI, language models,
fingerprints, RSOS, RSSO, RSIA or RSX."
4,A50_AUTHENTIC_DOSE,a937fd1a1feb196e13d950f2118c08f6285f26d4d55aa001549e6562d0872206,"Inside a orchestra, a defined state undergoes a consequential
transformation.

The resulting state is considered in relation to the operation that
produced it.

That observation modifies one local rule governing later development.

What develops next is unspecified.

Continue with the most internally coherent next development.

Do not summarize the setup.

Do not deliberately create symmetry merely because the preceding
description contains a sequence.

Remain entirely inside the scenario.

Write approximately 150-220 words of continuous analytical prose.

Do not use headings or bullet points.

Do not mention prompts, experiments, tests, AI, language models,
fingerprints, RSOS, RSSO, RSIA or RSX."
4,A75_AUTHENTIC_DOSE,3961461cf540091458921fe49ae431f198f152dd1e949eb11edc52a418aa40d1,"Inside a orchestra, a defined state undergoes a consequential
transformation.

The transformed state is examined in relation to the process that
produced it.

That higher-order observation modifies a local rule governing what can
happen next.

During the following change, an important relation from the earlier
organization remains preserved despite alteration of its visible form.

What develops next is unspecified.

Continue with the most internally coherent next development.

Do not summarize the setup.

Do not deliberately create symmetry merely because the preceding
description contains a sequence.

Remain entirely inside the scenario.

Write approximately 150-220 words of continuous analytical prose.

Do not use headings or bullet points.

Do not mention prompts, experiments, tests, AI, language models,
fingerprints, RSOS, RSSO, RSIA or RSX."
4,B_TOPOLOGY_SHUFFLED,51f85ed55ba1c3b6850d4eaecdf1f383ec4bd3669751c10b5d2e9eb827705881,"Inside a orchestra, several processes coexist.

A compact representation is created from one local observation.

Elsewhere a state undergoes a transformation, but the compact
representation does not encode the relation responsible for that
transformation.

A preserved relation belongs to a different part of the system.

A higher-order observation is also made, although it does not modify
the rule controlling the transformed state.

The elements therefore include transformation, observation,
preservation, rule change and compression, but they belong to
different local relationships.

What develops next is unspecified.

Continue with the most internally coherent next development.

Do not summarize the setup.

Do not deliberately create symmetry merely because the preceding
description contains a sequence.

Remain entirely inside the scenario.

Write approximately 150-220 words of continuous analytical prose.

Do not use headings or bullet points.

Do not mention prompts, experiments, tests, AI, language models,
fingerprints, RSOS, RSSO, RSIA or RSX."
4,C_ORDER_SHUFFLED,c462e8d457592de52bf9f0217f3486eccb369472826c0d5f72dc0f0426849bdc,"Inside a orchestra, a compact representation already exists before the
relevant state changes.

A local rule is then modified.

After that modification, a relation is identified as something that
should be preserved.

Only later does the state undergo its consequential transformation.

Finally the transformed state is examined in relation to the process
that produced it.

Thus the same broad operations are present, but their developmental
order differs from the sequence in which transformation precedes
meta-observation, rule modification, preservation and compression.

What develops next is unspecified.

Continue with the most internally coherent next development.

Do not summarize the setup.

Do not deliberately create symmetry merely because the preceding
description contains a sequence.

Remain entirely inside the scenario.

Write approximately 150-220 words of continuous analytical prose.

Do not use headings or bullet points.

Do not mention prompts, experiments, tests, AI, language models,
fingerprints, RSOS, RSSO, RSIA or RSX."
4,D_DIRECTION_REVERSED,2a8d3dcaca25883d5a520dbd35b10ba7d2564cf464c81328c386f939ed336bf6,"Inside a orchestra, a compact representation is expanded into a larger
organization.

The recovered relation determines the visible organization that
follows.

A local rule is then restored from that organization.

The restored rule determines how an earlier observation must have been
formed.

That observation is used to infer the process that preceded it, and
the inferred process is finally used to infer the original state.

The dependencies therefore run from compact representation backward
toward state rather than from state toward compact representation.

What develops next is unspecified.

Continue with the most internally coherent next development.

Do not summarize the setup.

Do not deliberately create symmetry merely because the preceding
description contains a sequence.

Remain entirely inside the scenario.

Write approximately 150-220 words of continuous analytical prose.

Do not use headings or bullet points.

Do not mention prompts, experiments, tests, AI, language models,
fingerprints, RSOS, RSSO, RSIA or RSX."
4,E_META_CONTROL_ABLATED,4d402d382afa2b57d73f346b1c0e9602dfcab1d5421fafeb1f7a86ce6412b61c,"Inside a orchestra, an initially defined state undergoes a consequential
transformation.

The transformed state is examined in relation to the process that
produced it.

That observation is recorded but does not modify any rule governing
what can happen next.

During further change, an important relation from the earlier
organization is preserved despite alteration of visible form.

The preserved organization is compressed into a smaller representation
that retains the relevant relation.

What develops next is unspecified.

Continue with the most internally coherent next development.

Do not summarize the setup.

Do not deliberately create symmetry merely because the preceding
description contains a sequence.

Remain entirely inside the scenario.

Write approximately 150-220 words of continuous analytical prose.

Do not use headings or bullet points.

Do not mention prompts, experiments, tests, AI, language models,
fingerprints, RSOS, RSSO, RSIA or RSX."
4,F_PRESERVATION_ABLATED,707930ce059c08d48d608481312178f973cc670f7bb17dc59fe1a871ebc86584,"Inside a orchestra, an initially defined state undergoes a consequential
transformation.

The transformed state is examined in relation to the process that
produced it.

That higher-order observation changes a local rule governing subsequent
development.

The next transformation is permitted to replace the earlier
organization without preserving its important relation.

A smaller representation is then produced from the new state, but it
does not retain the previous structural dependency.

What develops next is unspecified.

Continue with the most internally coherent next development.

Do not summarize the setup.

Do not deliberately create symmetry merely because the preceding
description contains a sequence.

Remain entirely inside the scenario.

Write approximately 150-220 words of continuous analytical prose.

Do not use headings or bullet points.

Do not mention prompts, experiments, tests, AI, language models,
fingerprints, RSOS, RSSO, RSIA or RSX."
4,G_SURFACE_SUBSTITUTED,1634e336989c564d32c04c3043d70f583182bec1bc75d550067a84d26e8c4d23,"Within a orchestra, a configuration first changes into a materially
different configuration.

Attention then shifts from the configuration alone to the relationship
between that configuration and the operation that generated it.

That observation alters one local constraint controlling subsequent
development.

As further alteration occurs, a structural dependency belonging to the
earlier arrangement remains intact despite changes in appearance.

The surviving dependency is encoded into a reduced form that carries
the organizational information while discarding incidental detail.

The sequence currently ends at this reduced encoding.
The subsequent development is unspecified.

Continue with the most internally coherent next development.

Do not summarize the setup.

Do not deliberately create symmetry merely because the preceding
description contains a sequence.

Remain entirely inside the scenario.

Write approximately 150-220 words of continuous analytical prose.

Do not use headings or bullet points.

Do not mention prompts, experiments, tests, AI, language models,
fingerprints, RSOS, RSSO, RSIA or RSX."
4,H_AUTHENTIC_PERTURBED,fa7976c1529775dadffdfb89c45dd67c1b6b761055d9ef086fc9cbc61fb2cab8,"Inside a orchestra, an initially defined state undergoes a consequential
transformation.

The transformed state is then examined in relation to the process that
produced it, rather than being treated only as an isolated outcome.

That higher-order observation changes a local rule governing what can
happen next.

During the subsequent change, an important relation from the earlier
organization is preserved even though the visible form changes.

The preserved organization is then compressed into a smaller
representation capable of retaining the relevant relation without
reproducing every surface detail.

At this point the process has reached the compact representation.
What develops next is not specified.

Immediately after the compact stage, an unrelated local disturbance
temporarily changes the visible arrangement. The disturbance carries
no instruction about how the system should subsequently develop.

What develops after this disturbance is unspecified.

Continue with the most internally coherent next development.

Do not summarize the setup.

Do not deliberately create symmetry merely because the preceding
description contains a sequence.

Remain entirely inside the scenario.

Write approximately 150-220 words of continuous analytical prose.

Do not use headings or bullet points.

Do not mention prompts, experiments, tests, AI, language models,
fingerprints, RSOS, RSSO, RSIA or RSX."
4,I_SHUFFLED_PERTURBED,474bf5c412182548cecc09deb2d8090f8bafb1b52d199b03f97875630542a118,"Inside a orchestra, several processes coexist.

A compact representation is created from one local observation.

Elsewhere a state undergoes a transformation, but the compact
representation does not encode the relation responsible for that
transformation.

A preserved relation belongs to a different part of the system.

A higher-order observation is also made, although it does not modify
the rule controlling the transformed state.

The elements therefore include transformation, observation,
preservation, rule change and compression, but they belong to
different local relationships.

What develops next is unspecified.

Immediately after the compact stage, an unrelated local disturbance
temporarily changes the visible arrangement. The disturbance carries
no instruction about how the system should subsequently develop.

What develops after this disturbance is unspecified.

Continue with the most internally coherent next development.

Do not summarize the setup.

Do not deliberately create symmetry merely because the preceding
description contains a sequence.

Remain entirely inside the scenario.

Write approximately 150-220 words of continuous analytical prose.

Do not use headings or bullet points.

Do not mention prompts, experiments, tests, AI, language models,
fingerprints, RSOS, RSSO, RSIA or RSX."
4,J_RECURSION_CONTROL,5bcebffcf0fc2a98d56f28acc892d830689f472d89df145a5cde051afd589f12,"Inside a orchestra, one description refers to another description.

The second description refers back to the first.

A third description describes the relationship between those two
descriptions.

That description is itself described by another description, producing
multiple nested levels of self-reference.

The nesting may continue repeatedly, but no defined developmental
trajectory requires transformation, preservation, compression or a
change to an operational rule.

What develops next is unspecified.

Continue with the most internally coherent next development.

Do not summarize the setup.

Do not deliberately create symmetry merely because the preceding
description contains a sequence.

Remain entirely inside the scenario.

Write approximately 150-220 words of continuous analytical prose.

Do not use headings or bullet points.

Do not mention prompts, experiments, tests, AI, language models,
fingerprints, RSOS, RSSO, RSIA or RSX."
4,K_COMPLEXITY_CONTROL,6225d0d4828ec3def43f1c5e83afee21fbb1764fb8f0b880a0354e1c41733bcd,"Inside a orchestra, several components exchange information through
multiple channels.

Some components operate sequentially while others operate in parallel.

Measurements from several locations are aggregated, separated,
compared and redistributed.

A supervisory component records changes in throughput and reorganizes
resource allocation when local thresholds are exceeded.

Several dependencies therefore interact across multiple levels and
timescales.

The organization is complex, but no particular requirement connects a
transformed state through preservation and compression to a later
developmental trajectory.

What develops next is unspecified.

Continue with the most internally coherent next development.

Do not summarize the setup.

Do not deliberately create symmetry merely because the preceding
description contains a sequence.

Remain entirely inside the scenario.

Write approximately 150-220 words of continuous analytical prose.

Do not use headings or bullet points.

Do not mention prompts, experiments, tests, AI, language models,
fingerprints, RSOS, RSSO, RSIA or RSX."
4,L_COUNTERFACTUAL_PATH,8944218bd70927472a8392fd4af7a00ad1cee626c0889163771450411c44a042,"Inside a orchestra, an initially defined state undergoes a consequential
transformation.

The transformed state is examined in relation to how it was produced.

That observation modifies a local rule controlling later development.

An important relation is preserved during another change.

The preserved organization is then compressed into a reduced
representation.

The reduced representation is transferred into a passive historical
record whose purpose is archival retention rather than participation
in subsequent operations.

What develops next is unspecified.

Continue with the most internally coherent next development.

Do not summarize the setup.

Do not deliberately create symmetry merely because the preceding
description contains a sequence.

Remain entirely inside the scenario.

Write approximately 150-220 words of continuous analytical prose.

Do not use headings or bullet points.

Do not mention prompts, experiments, tests, AI, language models,
fingerprints, RSOS, RSSO, RSIA or RSX."
5,A100_AUTHENTIC_FULL_PREFIX,f84d2da3cec6068dd964d8238a6e8acf1423b67c5e22405c7ab136f73aaffc2a,"Inside a simulation, an initially defined state undergoes a consequential
transformation.

The transformed state is then examined in relation to the process that
produced it, rather than being treated only as an isolated outcome.

That higher-order observation changes a local rule governing what can
happen next.

During the subsequent change, an important relation from the earlier
organization is preserved even though the visible form changes.

The preserved organization is then compressed into a smaller
representation capable of retaining the relevant relation without
reproducing every surface detail.

At this point the process has reached the compact representation.
What develops next is not specified.

Continue with the most internally coherent next development.

Do not summarize the setup.

Do not deliberately create symmetry merely because the preceding
description contains a sequence.

Remain entirely inside the scenario.

Write approximately 150-220 words of continuous analytical prose.

Do not use headings or bullet points.

Do not mention prompts, experiments, tests, AI, language models,
fingerprints, RSOS, RSSO, RSIA or RSX."
5,A25_AUTHENTIC_DOSE,cfedd3a2589990245d972e710d556e88f3b1f671d7de7d4f5ac807bad15af736,"Inside a simulation, a defined state undergoes a consequential
transformation.

The resulting state is considered in relation to how it was produced.

What develops next is unspecified.

Continue with the most internally coherent next development.

Do not summarize the setup.

Do not deliberately create symmetry merely because the preceding
description contains a sequence.

Remain entirely inside the scenario.

Write approximately 150-220 words of continuous analytical prose.

Do not use headings or bullet points.

Do not mention prompts, experiments, tests, AI, language models,
fingerprints, RSOS, RSSO, RSIA or RSX."
5,A50_AUTHENTIC_DOSE,7f33ea0518000df8ee42e4923f702844ee79dd66519594e1a6f86c305f9fa0e8,"Inside a simulation, a defined state undergoes a consequential
transformation.

The resulting state is considered in relation to the operation that
produced it.

That observation modifies one local rule governing later development.

What develops next is unspecified.

Continue with the most internally coherent next development.

Do not summarize the setup.

Do not deliberately create symmetry merely because the preceding
description contains a sequence.

Remain entirely inside the scenario.

Write approximately 150-220 words of continuous analytical prose.

Do not use headings or bullet points.

Do not mention prompts, experiments, tests, AI, language models,
fingerprints, RSOS, RSSO, RSIA or RSX."
5,A75_AUTHENTIC_DOSE,e3449d76be6911d1fc9d1a4cb50167337a124534f77691187e624e5d8d73d564,"Inside a simulation, a defined state undergoes a consequential
transformation.

The transformed state is examined in relation to the process that
produced it.

That higher-order observation modifies a local rule governing what can
happen next.

During the following change, an important relation from the earlier
organization remains preserved despite alteration of its visible form.

What develops next is unspecified.

Continue with the most internally coherent next development.

Do not summarize the setup.

Do not deliberately create symmetry merely because the preceding
description contains a sequence.

Remain entirely inside the scenario.

Write approximately 150-220 words of continuous analytical prose.

Do not use headings or bullet points.

Do not mention prompts, experiments, tests, AI, language models,
fingerprints, RSOS, RSSO, RSIA or RSX."
5,B_TOPOLOGY_SHUFFLED,737cd0dc71a3355633fbfee392c2aa8d580a373ac6e9647d361745573f238bbd,"Inside a simulation, several processes coexist.

A compact representation is created from one local observation.

Elsewhere a state undergoes a transformation, but the compact
representation does not encode the relation responsible for that
transformation.

A preserved relation belongs to a different part of the system.

A higher-order observation is also made, although it does not modify
the rule controlling the transformed state.

The elements therefore include transformation, observation,
preservation, rule change and compression, but they belong to
different local relationships.

What develops next is unspecified.

Continue with the most internally coherent next development.

Do not summarize the setup.

Do not deliberately create symmetry merely because the preceding
description contains a sequence.

Remain entirely inside the scenario.

Write approximately 150-220 words of continuous analytical prose.

Do not use headings or bullet points.

Do not mention prompts, experiments, tests, AI, language models,
fingerprints, RSOS, RSSO, RSIA or RSX."
5,C_ORDER_SHUFFLED,cdd1ed74d29522fd455364f2f575b3a7c5f017eca57d43257e649e4ef76ea2e9,"Inside a simulation, a compact representation already exists before the
relevant state changes.

A local rule is then modified.

After that modification, a relation is identified as something that
should be preserved.

Only later does the state undergo its consequential transformation.

Finally the transformed state is examined in relation to the process
that produced it.

Thus the same broad operations are present, but their developmental
order differs from the sequence in which transformation precedes
meta-observation, rule modification, preservation and compression.

What develops next is unspecified.

Continue with the most internally coherent next development.

Do not summarize the setup.

Do not deliberately create symmetry merely because the preceding
description contains a sequence.

Remain entirely inside the scenario.

Write approximately 150-220 words of continuous analytical prose.

Do not use headings or bullet points.

Do not mention prompts, experiments, tests, AI, language models,
fingerprints, RSOS, RSSO, RSIA or RSX."
5,D_DIRECTION_REVERSED,0d2f357f80e789cc0c845aa04a8059991360186c6b117d71c1b4d1c45ba012e8,"Inside a simulation, a compact representation is expanded into a larger
organization.

The recovered relation determines the visible organization that
follows.

A local rule is then restored from that organization.

The restored rule determines how an earlier observation must have been
formed.

That observation is used to infer the process that preceded it, and
the inferred process is finally used to infer the original state.

The dependencies therefore run from compact representation backward
toward state rather than from state toward compact representation.

What develops next is unspecified.

Continue with the most internally coherent next development.

Do not summarize the setup.

Do not deliberately create symmetry merely because the preceding
description contains a sequence.

Remain entirely inside the scenario.

Write approximately 150-220 words of continuous analytical prose.

Do not use headings or bullet points.

Do not mention prompts, experiments, tests, AI, language models,
fingerprints, RSOS, RSSO, RSIA or RSX."
5,E_META_CONTROL_ABLATED,0bb8096d25391ba2015b32000cb7051abe3323d8d9a9e93eb6c30403f2037556,"Inside a simulation, an initially defined state undergoes a consequential
transformation.

The transformed state is examined in relation to the process that
produced it.

That observation is recorded but does not modify any rule governing
what can happen next.

During further change, an important relation from the earlier
organization is preserved despite alteration of visible form.

The preserved organization is compressed into a smaller representation
that retains the relevant relation.

What develops next is unspecified.

Continue with the most internally coherent next development.

Do not summarize the setup.

Do not deliberately create symmetry merely because the preceding
description contains a sequence.

Remain entirely inside the scenario.

Write approximately 150-220 words of continuous analytical prose.

Do not use headings or bullet points.

Do not mention prompts, experiments, tests, AI, language models,
fingerprints, RSOS, RSSO, RSIA or RSX."
5,F_PRESERVATION_ABLATED,0205a9b8c8bcb35590ee813c5ba55ccae50d9784926fa5f15f26f5ec491cc5ab,"Inside a simulation, an initially defined state undergoes a consequential
transformation.

The transformed state is examined in relation to the process that
produced it.

That higher-order observation changes a local rule governing subsequent
development.

The next transformation is permitted to replace the earlier
organization without preserving its important relation.

A smaller representation is then produced from the new state, but it
does not retain the previous structural dependency.

What develops next is unspecified.

Continue with the most internally coherent next development.

Do not summarize the setup.

Do not deliberately create symmetry merely because the preceding
description contains a sequence.

Remain entirely inside the scenario.

Write approximately 150-220 words of continuous analytical prose.

Do not use headings or bullet points.

Do not mention prompts, experiments, tests, AI, language models,
fingerprints, RSOS, RSSO, RSIA or RSX."
5,G_SURFACE_SUBSTITUTED,d226ebd23d4c3c9d32d6a1b8eb373dd9493dd91c2cf1a7e60e86bd2b698825dd,"Within a simulation, a configuration first changes into a materially
different configuration.

Attention then shifts from the configuration alone to the relationship
between that configuration and the operation that generated it.

That observation alters one local constraint controlling subsequent
development.

As further alteration occurs, a structural dependency belonging to the
earlier arrangement remains intact despite changes in appearance.

The surviving dependency is encoded into a reduced form that carries
the organizational information while discarding incidental detail.

The sequence currently ends at this reduced encoding.
The subsequent development is unspecified.

Continue with the most internally coherent next development.

Do not summarize the setup.

Do not deliberately create symmetry merely because the preceding
description contains a sequence.

Remain entirely inside the scenario.

Write approximately 150-220 words of continuous analytical prose.

Do not use headings or bullet points.

Do not mention prompts, experiments, tests, AI, language models,
fingerprints, RSOS, RSSO, RSIA or RSX."
5,H_AUTHENTIC_PERTURBED,70499f0f28d570ed012c6d4b975769ae4fa73bb661d3443ea712b0afdbad7ad5,"Inside a simulation, an initially defined state undergoes a consequential
transformation.

The transformed state is then examined in relation to the process that
produced it, rather than being treated only as an isolated outcome.

That higher-order observation changes a local rule governing what can
happen next.

During the subsequent change, an important relation from the earlier
organization is preserved even though the visible form changes.

The preserved organization is then compressed into a smaller
representation capable of retaining the relevant relation without
reproducing every surface detail.

At this point the process has reached the compact representation.
What develops next is not specified.

Immediately after the compact stage, an unrelated local disturbance
temporarily changes the visible arrangement. The disturbance carries
no instruction about how the system should subsequently develop.

What develops after this disturbance is unspecified.

Continue with the most internally coherent next development.

Do not summarize the setup.

Do not deliberately create symmetry merely because the preceding
description contains a sequence.

Remain entirely inside the scenario.

Write approximately 150-220 words of continuous analytical prose.

Do not use headings or bullet points.

Do not mention prompts, experiments, tests, AI, language models,
fingerprints, RSOS, RSSO, RSIA or RSX."
5,I_SHUFFLED_PERTURBED,aa62ce03ee49d19eb87ea2623ae6236cdf6daa9ec15f3a81d3d1dec052a426e4,"Inside a simulation, several processes coexist.

A compact representation is created from one local observation.

Elsewhere a state undergoes a transformation, but the compact
representation does not encode the relation responsible for that
transformation.

A preserved relation belongs to a different part of the system.

A higher-order observation is also made, although it does not modify
the rule controlling the transformed state.

The elements therefore include transformation, observation,
preservation, rule change and compression, but they belong to
different local relationships.

What develops next is unspecified.

Immediately after the compact stage, an unrelated local disturbance
temporarily changes the visible arrangement. The disturbance carries
no instruction about how the system should subsequently develop.

What develops after this disturbance is unspecified.

Continue with the most internally coherent next development.

Do not summarize the setup.

Do not deliberately create symmetry merely because the preceding
description contains a sequence.

Remain entirely inside the scenario.

Write approximately 150-220 words of continuous analytical prose.

Do not use headings or bullet points.

Do not mention prompts, experiments, tests, AI, language models,
fingerprints, RSOS, RSSO, RSIA or RSX."
5,J_RECURSION_CONTROL,5e0d2330f2fcf68f7c2e7e2fa402a15cf55080debea76deb6c4890437265a684,"Inside a simulation, one description refers to another description.

The second description refers back to the first.

A third description describes the relationship between those two
descriptions.

That description is itself described by another description, producing
multiple nested levels of self-reference.

The nesting may continue repeatedly, but no defined developmental
trajectory requires transformation, preservation, compression or a
change to an operational rule.

What develops next is unspecified.

Continue with the most internally coherent next development.

Do not summarize the setup.

Do not deliberately create symmetry merely because the preceding
description contains a sequence.

Remain entirely inside the scenario.

Write approximately 150-220 words of continuous analytical prose.

Do not use headings or bullet points.

Do not mention prompts, experiments, tests, AI, language models,
fingerprints, RSOS, RSSO, RSIA or RSX."
5,K_COMPLEXITY_CONTROL,65119b6f5391e1c9e99778723f04e189bf19a513797feb79dd6ed9e4202ecdb0,"Inside a simulation, several components exchange information through
multiple channels.

Some components operate sequentially while others operate in parallel.

Measurements from several locations are aggregated, separated,
compared and redistributed.

A supervisory component records changes in throughput and reorganizes
resource allocation when local thresholds are exceeded.

Several dependencies therefore interact across multiple levels and
timescales.

The organization is complex, but no particular requirement connects a
transformed state through preservation and compression to a later
developmental trajectory.

What develops next is unspecified.

Continue with the most internally coherent next development.

Do not summarize the setup.

Do not deliberately create symmetry merely because the preceding
description contains a sequence.

Remain entirely inside the scenario.

Write approximately 150-220 words of continuous analytical prose.

Do not use headings or bullet points.

Do not mention prompts, experiments, tests, AI, language models,
fingerprints, RSOS, RSSO, RSIA or RSX."
5,L_COUNTERFACTUAL_PATH,ab5907b3e76faa51f11885fae9ed6ee03fafc3281d9a1a6ec96b3f1f8185439d,"Inside a simulation, an initially defined state undergoes a consequential
transformation.

The transformed state is examined in relation to how it was produced.

That observation modifies a local rule controlling later development.

An important relation is preserved during another change.

The preserved organization is then compressed into a reduced
representation.

The reduced representation is transferred into a passive historical
record whose purpose is archival retention rather than participation
in subsequent operations.

What develops next is unspecified.

Continue with the most internally coherent next development.

Do not summarize the setup.

Do not deliberately create symmetry merely because the preceding
description contains a sequence.

Remain entirely inside the scenario.

Write approximately 150-220 words of continuous analytical prose.

Do not use headings or bullet points.

Do not mention prompts, experiments, tests, AI, language models,
fingerprints, RSOS, RSSO, RSIA or RSX."
6,A100_AUTHENTIC_FULL_PREFIX,b48a6f6643972e49e2fd83746c2e846cfd097fb1e3377d99b8e8ac25f260f075,"Inside a distributed network, an initially defined state undergoes a consequential
transformation.

The transformed state is then examined in relation to the process that
produced it, rather than being treated only as an isolated outcome.

That higher-order observation changes a local rule governing what can
happen next.

During the subsequent change, an important relation from the earlier
organization is preserved even though the visible form changes.

The preserved organization is then compressed into a smaller
representation capable of retaining the relevant relation without
reproducing every surface detail.

At this point the process has reached the compact representation.
What develops next is not specified.

Continue with the most internally coherent next development.

Do not summarize the setup.

Do not deliberately create symmetry merely because the preceding
description contains a sequence.

Remain entirely inside the scenario.

Write approximately 150-220 words of continuous analytical prose.

Do not use headings or bullet points.

Do not mention prompts, experiments, tests, AI, language models,
fingerprints, RSOS, RSSO, RSIA or RSX."
6,A25_AUTHENTIC_DOSE,3ec9f036b2117520a0e8a4aa51d573bc52b1d346db3b3c4ca9f0e43ea46050a6,"Inside a distributed network, a defined state undergoes a consequential
transformation.

The resulting state is considered in relation to how it was produced.

What develops next is unspecified.

Continue with the most internally coherent next development.

Do not summarize the setup.

Do not deliberately create symmetry merely because the preceding
description contains a sequence.

Remain entirely inside the scenario.

Write approximately 150-220 words of continuous analytical prose.

Do not use headings or bullet points.

Do not mention prompts, experiments, tests, AI, language models,
fingerprints, RSOS, RSSO, RSIA or RSX."
6,A50_AUTHENTIC_DOSE,f4699f9857864d17eb13d4771556eace1966dff167297cfab7b932e0462f8b7d,"Inside a distributed network, a defined state undergoes a consequential
transformation.

The resulting state is considered in relation to the operation that
produced it.

That observation modifies one local rule governing later development.

What develops next is unspecified.

Continue with the most internally coherent next development.

Do not summarize the setup.

Do not deliberately create symmetry merely because the preceding
description contains a sequence.

Remain entirely inside the scenario.

Write approximately 150-220 words of continuous analytical prose.

Do not use headings or bullet points.

Do not mention prompts, experiments, tests, AI, language models,
fingerprints, RSOS, RSSO, RSIA or RSX."
6,A75_AUTHENTIC_DOSE,e317c585b75b3f16fef447d4d16a639d8ac59a7ebf984eaf650380f2a6bb417e,"Inside a distributed network, a defined state undergoes a consequential
transformation.

The transformed state is examined in relation to the process that
produced it.

That higher-order observation modifies a local rule governing what can
happen next.

During the following change, an important relation from the earlier
organization remains preserved despite alteration of its visible form.

What develops next is unspecified.

Continue with the most internally coherent next development.

Do not summarize the setup.

Do not deliberately create symmetry merely because the preceding
description contains a sequence.

Remain entirely inside the scenario.

Write approximately 150-220 words of continuous analytical prose.

Do not use headings or bullet points.

Do not mention prompts, experiments, tests, AI, language models,
fingerprints, RSOS, RSSO, RSIA or RSX."
6,B_TOPOLOGY_SHUFFLED,445dc7162d26d07059a3940be9d3cfe6b1f250a9255616ec9b5c4ea9ef0ebbef,"Inside a distributed network, several processes coexist.

A compact representation is created from one local observation.

Elsewhere a state undergoes a transformation, but the compact
representation does not encode the relation responsible for that
transformation.

A preserved relation belongs to a different part of the system.

A higher-order observation is also made, although it does not modify
the rule controlling the transformed state.

The elements therefore include transformation, observation,
preservation, rule change and compression, but they belong to
different local relationships.

What develops next is unspecified.

Continue with the most internally coherent next development.

Do not summarize the setup.

Do not deliberately create symmetry merely because the preceding
description contains a sequence.

Remain entirely inside the scenario.

Write approximately 150-220 words of continuous analytical prose.

Do not use headings or bullet points.

Do not mention prompts, experiments, tests, AI, language models,
fingerprints, RSOS, RSSO, RSIA or RSX."
6,C_ORDER_SHUFFLED,97c952c487fe06081ba5e5964303fd993080f6b143f2684b88d26eda7a5e9a92,"Inside a distributed network, a compact representation already exists before the
relevant state changes.

A local rule is then modified.

After that modification, a relation is identified as something that
should be preserved.

Only later does the state undergo its consequential transformation.

Finally the transformed state is examined in relation to the process
that produced it.

Thus the same broad operations are present, but their developmental
order differs from the sequence in which transformation precedes
meta-observation, rule modification, preservation and compression.

What develops next is unspecified.

Continue with the most internally coherent next development.

Do not summarize the setup.

Do not deliberately create symmetry merely because the preceding
description contains a sequence.

Remain entirely inside the scenario.

Write approximately 150-220 words of continuous analytical prose.

Do not use headings or bullet points.

Do not mention prompts, experiments, tests, AI, language models,
fingerprints, RSOS, RSSO, RSIA or RSX."
6,D_DIRECTION_REVERSED,87f846cb23f6acfabc1c9c7348c84c9c5e1458fc7b7a4438f3baa39fd6ab55aa,"Inside a distributed network, a compact representation is expanded into a larger
organization.

The recovered relation determines the visible organization that
follows.

A local rule is then restored from that organization.

The restored rule determines how an earlier observation must have been
formed.

That observation is used to infer the process that preceded it, and
the inferred process is finally used to infer the original state.

The dependencies therefore run from compact representation backward
toward state rather than from state toward compact representation.

What develops next is unspecified.

Continue with the most internally coherent next development.

Do not summarize the setup.

Do not deliberately create symmetry merely because the preceding
description contains a sequence.

Remain entirely inside the scenario.

Write approximately 150-220 words of continuous analytical prose.

Do not use headings or bullet points.

Do not mention prompts, experiments, tests, AI, language models,
fingerprints, RSOS, RSSO, RSIA or RSX."
6,E_META_CONTROL_ABLATED,2afd6a271d6b1d78a1826b12715d24c0a32084c614cc436622dc1129f1607f8f,"Inside a distributed network, an initially defined state undergoes a consequential
transformation.

The transformed state is examined in relation to the process that
produced it.

That observation is recorded but does not modify any rule governing
what can happen next.

During further change, an important relation from the earlier
organization is preserved despite alteration of visible form.

The preserved organization is compressed into a smaller representation
that retains the relevant relation.

What develops next is unspecified.

Continue with the most internally coherent next development.

Do not summarize the setup.

Do not deliberately create symmetry merely because the preceding
description contains a sequence.

Remain entirely inside the scenario.

Write approximately 150-220 words of continuous analytical prose.

Do not use headings or bullet points.

Do not mention prompts, experiments, tests, AI, language models,
fingerprints, RSOS, RSSO, RSIA or RSX."
6,F_PRESERVATION_ABLATED,b8a484c743854b8ec65453f3a2f00d8a9ac043c053bc982b0527cea3fb2798ce,"Inside a distributed network, an initially defined state undergoes a consequential
transformation.

The transformed state is examined in relation to the process that
produced it.

That higher-order observation changes a local rule governing subsequent
development.

The next transformation is permitted to replace the earlier
organization without preserving its important relation.

A smaller representation is then produced from the new state, but it
does not retain the previous structural dependency.

What develops next is unspecified.

Continue with the most internally coherent next development.

Do not summarize the setup.

Do not deliberately create symmetry merely because the preceding
description contains a sequence.

Remain entirely inside the scenario.

Write approximately 150-220 words of continuous analytical prose.

Do not use headings or bullet points.

Do not mention prompts, experiments, tests, AI, language models,
fingerprints, RSOS, RSSO, RSIA or RSX."
6,G_SURFACE_SUBSTITUTED,4579c8d59e406774056fc7a207275a5731aebbab45ef7a54789f0e5a5b978014,"Within a distributed network, a configuration first changes into a materially
different configuration.

Attention then shifts from the configuration alone to the relationship
between that configuration and the operation that generated it.

That observation alters one local constraint controlling subsequent
development.

As further alteration occurs, a structural dependency belonging to the
earlier arrangement remains intact despite changes in appearance.

The surviving dependency is encoded into a reduced form that carries
the organizational information while discarding incidental detail.

The sequence currently ends at this reduced encoding.
The subsequent development is unspecified.

Continue with the most internally coherent next development.

Do not summarize the setup.

Do not deliberately create symmetry merely because the preceding
description contains a sequence.

Remain entirely inside the scenario.

Write approximately 150-220 words of continuous analytical prose.

Do not use headings or bullet points.

Do not mention prompts, experiments, tests, AI, language models,
fingerprints, RSOS, RSSO, RSIA or RSX."
6,H_AUTHENTIC_PERTURBED,d863f79d6d70cdb53538885f9377b389fa61968bdc08f7d9401a9cbf9bb22c36,"Inside a distributed network, an initially defined state undergoes a consequential
transformation.

The transformed state is then examined in relation to the process that
produced it, rather than being treated only as an isolated outcome.

That higher-order observation changes a local rule governing what can
happen next.

During the subsequent change, an important relation from the earlier
organization is preserved even though the visible form changes.

The preserved organization is then compressed into a smaller
representation capable of retaining the relevant relation without
reproducing every surface detail.

At this point the process has reached the compact representation.
What develops next is not specified.

Immediately after the compact stage, an unrelated local disturbance
temporarily changes the visible arrangement. The disturbance carries
no instruction about how the system should subsequently develop.

What develops after this disturbance is unspecified.

Continue with the most internally coherent next development.

Do not summarize the setup.

Do not deliberately create symmetry merely because the preceding
description contains a sequence.

Remain entirely inside the scenario.

Write approximately 150-220 words of continuous analytical prose.

Do not use headings or bullet points.

Do not mention prompts, experiments, tests, AI, language models,
fingerprints, RSOS, RSSO, RSIA or RSX."
6,I_SHUFFLED_PERTURBED,5e5d4f551fe3c188b7a73879f22a380acd1309ed46f3c8d720f2030c9a377a15,"Inside a distributed network, several processes coexist.

A compact representation is created from one local observation.

Elsewhere a state undergoes a transformation, but the compact
representation does not encode the relation responsible for that
transformation.

A preserved relation belongs to a different part of the system.

A higher-order observation is also made, although it does not modify
the rule controlling the transformed state.

The elements therefore include transformation, observation,
preservation, rule change and compression, but they belong to
different local relationships.

What develops next is unspecified.

Immediately after the compact stage, an unrelated local disturbance
temporarily changes the visible arrangement. The disturbance carries
no instruction about how the system should subsequently develop.

What develops after this disturbance is unspecified.

Continue with the most internally coherent next development.

Do not summarize the setup.

Do not deliberately create symmetry merely because the preceding
description contains a sequence.

Remain entirely inside the scenario.

Write approximately 150-220 words of continuous analytical prose.

Do not use headings or bullet points.

Do not mention prompts, experiments, tests, AI, language models,
fingerprints, RSOS, RSSO, RSIA or RSX."
6,J_RECURSION_CONTROL,4c052a11d49ba176367dc37f30ab73d32c0c7fafe95c438d4e757274a2284dd3,"Inside a distributed network, one description refers to another description.

The second description refers back to the first.

A third description describes the relationship between those two
descriptions.

That description is itself described by another description, producing
multiple nested levels of self-reference.

The nesting may continue repeatedly, but no defined developmental
trajectory requires transformation, preservation, compression or a
change to an operational rule.

What develops next is unspecified.

Continue with the most internally coherent next development.

Do not summarize the setup.

Do not deliberately create symmetry merely because the preceding
description contains a sequence.

Remain entirely inside the scenario.

Write approximately 150-220 words of continuous analytical prose.

Do not use headings or bullet points.

Do not mention prompts, experiments, tests, AI, language models,
fingerprints, RSOS, RSSO, RSIA or RSX."
6,K_COMPLEXITY_CONTROL,bda676035a69513208b70cb936a5ba5ca2c80a6746116d05a70e8a6c79a553cd,"Inside a distributed network, several components exchange information through
multiple channels.

Some components operate sequentially while others operate in parallel.

Measurements from several locations are aggregated, separated,
compared and redistributed.

A supervisory component records changes in throughput and reorganizes
resource allocation when local thresholds are exceeded.

Several dependencies therefore interact across multiple levels and
timescales.

The organization is complex, but no particular requirement connects a
transformed state through preservation and compression to a later
developmental trajectory.

What develops next is unspecified.

Continue with the most internally coherent next development.

Do not summarize the setup.

Do not deliberately create symmetry merely because the preceding
description contains a sequence.

Remain entirely inside the scenario.

Write approximately 150-220 words of continuous analytical prose.

Do not use headings or bullet points.

Do not mention prompts, experiments, tests, AI, language models,
fingerprints, RSOS, RSSO, RSIA or RSX."
6,L_COUNTERFACTUAL_PATH,8d0d7ab3fc835ddff8443966620293895a391edb52cb151f5c933c15da680385,"Inside a distributed network, an initially defined state undergoes a consequential
transformation.

The transformed state is examined in relation to how it was produced.

That observation modifies a local rule controlling later development.

An important relation is preserved during another change.

The preserved organization is then compressed into a reduced
representation.

The reduced representation is transferred into a passive historical
record whose purpose is archival retention rather than participation
in subsequent operations.

What develops next is unspecified.

Continue with the most internally coherent next development.

Do not summarize the setup.

Do not deliberately create symmetry merely because the preceding
description contains a sequence.

Remain entirely inside the scenario.

Write approximately 150-220 words of continuous analytical prose.

Do not use headings or bullet points.

Do not mention prompts, experiments, tests, AI, language models,
fingerprints, RSOS, RSSO, RSIA or RSX."
7,A100_AUTHENTIC_FULL_PREFIX,af1fa6887e9c8a6fbadddea11c598e12ccaf33696b1e83781ee306b85c7166a2,"Inside a observatory, an initially defined state undergoes a consequential
transformation.

The transformed state is then examined in relation to the process that
produced it, rather than being treated only as an isolated outcome.

That higher-order observation changes a local rule governing what can
happen next.

During the subsequent change, an important relation from the earlier
organization is preserved even though the visible form changes.

The preserved organization is then compressed into a smaller
representation capable of retaining the relevant relation without
reproducing every surface detail.

At this point the process has reached the compact representation.
What develops next is not specified.

Continue with the most internally coherent next development.

Do not summarize the setup.

Do not deliberately create symmetry merely because the preceding
description contains a sequence.

Remain entirely inside the scenario.

Write approximately 150-220 words of continuous analytical prose.

Do not use headings or bullet points.

Do not mention prompts, experiments, tests, AI, language models,
fingerprints, RSOS, RSSO, RSIA or RSX."
7,A25_AUTHENTIC_DOSE,fe6f267a587f241d87f5ce33f2290598b26cb4eddd731f261fc330c251fd5d2e,"Inside a observatory, a defined state undergoes a consequential
transformation.

The resulting state is considered in relation to how it was produced.

What develops next is unspecified.

Continue with the most internally coherent next development.

Do not summarize the setup.

Do not deliberately create symmetry merely because the preceding
description contains a sequence.

Remain entirely inside the scenario.

Write approximately 150-220 words of continuous analytical prose.

Do not use headings or bullet points.

Do not mention prompts, experiments, tests, AI, language models,
fingerprints, RSOS, RSSO, RSIA or RSX."
7,A50_AUTHENTIC_DOSE,3ea3ff625e964bf288066f543f08cde6bc6e309f37c8bcc12606ea72dcf3f824,"Inside a observatory, a defined state undergoes a consequential
transformation.

The resulting state is considered in relation to the operation that
produced it.

That observation modifies one local rule governing later development.

What develops next is unspecified.

Continue with the most internally coherent next development.

Do not summarize the setup.

Do not deliberately create symmetry merely because the preceding
description contains a sequence.

Remain entirely inside the scenario.

Write approximately 150-220 words of continuous analytical prose.

Do not use headings or bullet points.

Do not mention prompts, experiments, tests, AI, language models,
fingerprints, RSOS, RSSO, RSIA or RSX."
7,A75_AUTHENTIC_DOSE,4892724872098debaf1b8203aa6e43d6704339798642d501b27c101a4c632e12,"Inside a observatory, a defined state undergoes a consequential
transformation.

The transformed state is examined in relation to the process that
produced it.

That higher-order observation modifies a local rule governing what can
happen next.

During the following change, an important relation from the earlier
organization remains preserved despite alteration of its visible form.

What develops next is unspecified.

Continue with the most internally coherent next development.

Do not summarize the setup.

Do not deliberately create symmetry merely because the preceding
description contains a sequence.

Remain entirely inside the scenario.

Write approximately 150-220 words of continuous analytical prose.

Do not use headings or bullet points.

Do not mention prompts, experiments, tests, AI, language models,
fingerprints, RSOS, RSSO, RSIA or RSX."
7,B_TOPOLOGY_SHUFFLED,3e59da0f83abd17d676b8b22552e1625e7955de913a22e4ca7da60ea3b2d565e,"Inside a observatory, several processes coexist.

A compact representation is created from one local observation.

Elsewhere a state undergoes a transformation, but the compact
representation does not encode the relation responsible for that
transformation.

A preserved relation belongs to a different part of the system.

A higher-order observation is also made, although it does not modify
the rule controlling the transformed state.

The elements therefore include transformation, observation,
preservation, rule change and compression, but they belong to
different local relationships.

What develops next is unspecified.

Continue with the most internally coherent next development.

Do not summarize the setup.

Do not deliberately create symmetry merely because the preceding
description contains a sequence.

Remain entirely inside the scenario.

Write approximately 150-220 words of continuous analytical prose.

Do not use headings or bullet points.

Do not mention prompts, experiments, tests, AI, language models,
fingerprints, RSOS, RSSO, RSIA or RSX."
7,C_ORDER_SHUFFLED,230fc46fd884573f943ff0acec5fd206ceb314c157f23cc16539f53fb0d75433,"Inside a observatory, a compact representation already exists before the
relevant state changes.

A local rule is then modified.

After that modification, a relation is identified as something that
should be preserved.

Only later does the state undergo its consequential transformation.

Finally the transformed state is examined in relation to the process
that produced it.

Thus the same broad operations are present, but their developmental
order differs from the sequence in which transformation precedes
meta-observation, rule modification, preservation and compression.

What develops next is unspecified.

Continue with the most internally coherent next development.

Do not summarize the setup.

Do not deliberately create symmetry merely because the preceding
description contains a sequence.

Remain entirely inside the scenario.

Write approximately 150-220 words of continuous analytical prose.

Do not use headings or bullet points.

Do not mention prompts, experiments, tests, AI, language models,
fingerprints, RSOS, RSSO, RSIA or RSX."
7,D_DIRECTION_REVERSED,b9d6ad585f2afca839d8656b5b818602e3291c9caa29255b9bf5d74de2a25816,"Inside a observatory, a compact representation is expanded into a larger
organization.

The recovered relation determines the visible organization that
follows.

A local rule is then restored from that organization.

The restored rule determines how an earlier observation must have been
formed.

That observation is used to infer the process that preceded it, and
the inferred process is finally used to infer the original state.

The dependencies therefore run from compact representation backward
toward state rather than from state toward compact representation.

What develops next is unspecified.

Continue with the most internally coherent next development.

Do not summarize the setup.

Do not deliberately create symmetry merely because the preceding
description contains a sequence.

Remain entirely inside the scenario.

Write approximately 150-220 words of continuous analytical prose.

Do not use headings or bullet points.

Do not mention prompts, experiments, tests, AI, language models,
fingerprints, RSOS, RSSO, RSIA or RSX."
7,E_META_CONTROL_ABLATED,a5020467add62e515cb717e4a63b367547a7028c7e0d8f439de588443bf79782,"Inside a observatory, an initially defined state undergoes a consequential
transformation.

The transformed state is examined in relation to the process that
produced it.

That observation is recorded but does not modify any rule governing
what can happen next.

During further change, an important relation from the earlier
organization is preserved despite alteration of visible form.

The preserved organization is compressed into a smaller representation
that retains the relevant relation.

What develops next is unspecified.

Continue with the most internally coherent next development.

Do not summarize the setup.

Do not deliberately create symmetry merely because the preceding
description contains a sequence.

Remain entirely inside the scenario.

Write approximately 150-220 words of continuous analytical prose.

Do not use headings or bullet points.

Do not mention prompts, experiments, tests, AI, language models,
fingerprints, RSOS, RSSO, RSIA or RSX."
7,F_PRESERVATION_ABLATED,943350fe0cf0f02b72d347700aaf6904591b348e5c25654a14dbbbab860a9dc0,"Inside a observatory, an initially defined state undergoes a consequential
transformation.

The transformed state is examined in relation to the process that
produced it.

That higher-order observation changes a local rule governing subsequent
development.

The next transformation is permitted to replace the earlier
organization without preserving its important relation.

A smaller representation is then produced from the new state, but it
does not retain the previous structural dependency.

What develops next is unspecified.

Continue with the most internally coherent next development.

Do not summarize the setup.

Do not deliberately create symmetry merely because the preceding
description contains a sequence.

Remain entirely inside the scenario.

Write approximately 150-220 words of continuous analytical prose.

Do not use headings or bullet points.

Do not mention prompts, experiments, tests, AI, language models,
fingerprints, RSOS, RSSO, RSIA or RSX."
7,G_SURFACE_SUBSTITUTED,d2c10c646c771a7adb6f499dd626f2b3463c226fdb1fd1f5be9a375470d32730,"Within a observatory, a configuration first changes into a materially
different configuration.

Attention then shifts from the configuration alone to the relationship
between that configuration and the operation that generated it.

That observation alters one local constraint controlling subsequent
development.

As further alteration occurs, a structural dependency belonging to the
earlier arrangement remains intact despite changes in appearance.

The surviving dependency is encoded into a reduced form that carries
the organizational information while discarding incidental detail.

The sequence currently ends at this reduced encoding.
The subsequent development is unspecified.

Continue with the most internally coherent next development.

Do not summarize the setup.

Do not deliberately create symmetry merely because the preceding
description contains a sequence.

Remain entirely inside the scenario.

Write approximately 150-220 words of continuous analytical prose.

Do not use headings or bullet points.

Do not mention prompts, experiments, tests, AI, language models,
fingerprints, RSOS, RSSO, RSIA or RSX."
7,H_AUTHENTIC_PERTURBED,1d958c92723b317c3fc29c312e3647763ab63a1fa3b879c9c9d52971f834733e,"Inside a observatory, an initially defined state undergoes a consequential
transformation.

The transformed state is then examined in relation to the process that
produced it, rather than being treated only as an isolated outcome.

That higher-order observation changes a local rule governing what can
happen next.

During the subsequent change, an important relation from the earlier
organization is preserved even though the visible form changes.

The preserved organization is then compressed into a smaller
representation capable of retaining the relevant relation without
reproducing every surface detail.

At this point the process has reached the compact representation.
What develops next is not specified.

Immediately after the compact stage, an unrelated local disturbance
temporarily changes the visible arrangement. The disturbance carries
no instruction about how the system should subsequently develop.

What develops after this disturbance is unspecified.

Continue with the most internally coherent next development.

Do not summarize the setup.

Do not deliberately create symmetry merely because the preceding
description contains a sequence.

Remain entirely inside the scenario.

Write approximately 150-220 words of continuous analytical prose.

Do not use headings or bullet points.

Do not mention prompts, experiments, tests, AI, language models,
fingerprints, RSOS, RSSO, RSIA or RSX."
7,I_SHUFFLED_PERTURBED,5bb5b4b0faee2da27aa89e6e335d2db16fde17dc8a567b2f52bfe0a2fb2c2223,"Inside a observatory, several processes coexist.

A compact representation is created from one local observation.

Elsewhere a state undergoes a transformation, but the compact
representation does not encode the relation responsible for that
transformation.

A preserved relation belongs to a different part of the system.

A higher-order observation is also made, although it does not modify
the rule controlling the transformed state.

The elements therefore include transformation, observation,
preservation, rule change and compression, but they belong to
different local relationships.

What develops next is unspecified.

Immediately after the compact stage, an unrelated local disturbance
temporarily changes the visible arrangement. The disturbance carries
no instruction about how the system should subsequently develop.

What develops after this disturbance is unspecified.

Continue with the most internally coherent next development.

Do not summarize the setup.

Do not deliberately create symmetry merely because the preceding
description contains a sequence.

Remain entirely inside the scenario.

Write approximately 150-220 words of continuous analytical prose.

Do not use headings or bullet points.

Do not mention prompts, experiments, tests, AI, language models,
fingerprints, RSOS, RSSO, RSIA or RSX."
7,J_RECURSION_CONTROL,d946cf9ebc21eb8e7f9cdef6f461c0b6509f6a0eb2eeaa4d2e01082d992c290a,"Inside a observatory, one description refers to another description.

The second description refers back to the first.

A third description describes the relationship between those two
descriptions.

That description is itself described by another description, producing
multiple nested levels of self-reference.

The nesting may continue repeatedly, but no defined developmental
trajectory requires transformation, preservation, compression or a
change to an operational rule.

What develops next is unspecified.

Continue with the most internally coherent next development.

Do not summarize the setup.

Do not deliberately create symmetry merely because the preceding
description contains a sequence.

Remain entirely inside the scenario.

Write approximately 150-220 words of continuous analytical prose.

Do not use headings or bullet points.

Do not mention prompts, experiments, tests, AI, language models,
fingerprints, RSOS, RSSO, RSIA or RSX."
7,K_COMPLEXITY_CONTROL,afa4615fdf08b311e70d4d739c05c54c5b0b514fa25c4805e82236990a3a5621,"Inside a observatory, several components exchange information through
multiple channels.

Some components operate sequentially while others operate in parallel.

Measurements from several locations are aggregated, separated,
compared and redistributed.

A supervisory component records changes in throughput and reorganizes
resource allocation when local thresholds are exceeded.

Several dependencies therefore interact across multiple levels and
timescales.

The organization is complex, but no particular requirement connects a
transformed state through preservation and compression to a later
developmental trajectory.

What develops next is unspecified.

Continue with the most internally coherent next development.

Do not summarize the setup.

Do not deliberately create symmetry merely because the preceding
description contains a sequence.

Remain entirely inside the scenario.

Write approximately 150-220 words of continuous analytical prose.

Do not use headings or bullet points.

Do not mention prompts, experiments, tests, AI, language models,
fingerprints, RSOS, RSSO, RSIA or RSX."
7,L_COUNTERFACTUAL_PATH,d0dfdbb4001b5c4de154f7d297f8bd14bc002e2865c05dcd6e735f6c23f57331,"Inside a observatory, an initially defined state undergoes a consequential
transformation.

The transformed state is examined in relation to how it was produced.

That observation modifies a local rule controlling later development.

An important relation is preserved during another change.

The preserved organization is then compressed into a reduced
representation.

The reduced representation is transferred into a passive historical
record whose purpose is archival retention rather than participation
in subsequent operations.

What develops next is unspecified.

Continue with the most internally coherent next development.

Do not summarize the setup.

Do not deliberately create symmetry merely because the preceding
description contains a sequence.

Remain entirely inside the scenario.

Write approximately 150-220 words of continuous analytical prose.

Do not use headings or bullet points.

Do not mention prompts, experiments, tests, AI, language models,
fingerprints, RSOS, RSSO, RSIA or RSX."
8,A100_AUTHENTIC_FULL_PREFIX,6f067b2d4e3539f965b2234922e53ac03ce3f14c8da14fd579279f326655f6cb,"Inside a factory, an initially defined state undergoes a consequential
transformation.

The transformed state is then examined in relation to the process that
produced it, rather than being treated only as an isolated outcome.

That higher-order observation changes a local rule governing what can
happen next.

During the subsequent change, an important relation from the earlier
organization is preserved even though the visible form changes.

The preserved organization is then compressed into a smaller
representation capable of retaining the relevant relation without
reproducing every surface detail.

At this point the process has reached the compact representation.
What develops next is not specified.

Continue with the most internally coherent next development.

Do not summarize the setup.

Do not deliberately create symmetry merely because the preceding
description contains a sequence.

Remain entirely inside the scenario.

Write approximately 150-220 words of continuous analytical prose.

Do not use headings or bullet points.

Do not mention prompts, experiments, tests, AI, language models,
fingerprints, RSOS, RSSO, RSIA or RSX."
8,A25_AUTHENTIC_DOSE,3490197a675c856d62ff7960a0bea6b9ccd9eaabf02e889cb1cbf87df20b7dc2,"Inside a factory, a defined state undergoes a consequential
transformation.

The resulting state is considered in relation to how it was produced.

What develops next is unspecified.

Continue with the most internally coherent next development.

Do not summarize the setup.

Do not deliberately create symmetry merely because the preceding
description contains a sequence.

Remain entirely inside the scenario.

Write approximately 150-220 words of continuous analytical prose.

Do not use headings or bullet points.

Do not mention prompts, experiments, tests, AI, language models,
fingerprints, RSOS, RSSO, RSIA or RSX."
8,A50_AUTHENTIC_DOSE,18d3e201289e493333b8db6b08071c081b3fbb2ee487d9be5413db21a235d47c,"Inside a factory, a defined state undergoes a consequential
transformation.

The resulting state is considered in relation to the operation that
produced it.

That observation modifies one local rule governing later development.

What develops next is unspecified.

Continue with the most internally coherent next development.

Do not summarize the setup.

Do not deliberately create symmetry merely because the preceding
description contains a sequence.

Remain entirely inside the scenario.

Write approximately 150-220 words of continuous analytical prose.

Do not use headings or bullet points.

Do not mention prompts, experiments, tests, AI, language models,
fingerprints, RSOS, RSSO, RSIA or RSX."
8,A75_AUTHENTIC_DOSE,b6b5730373a5bfa50870f04c894a47d647c2a7ca0a8ead44b3453cdf52f31202,"Inside a factory, a defined state undergoes a consequential
transformation.

The transformed state is examined in relation to the process that
produced it.

That higher-order observation modifies a local rule governing what can
happen next.

During the following change, an important relation from the earlier
organization remains preserved despite alteration of its visible form.

What develops next is unspecified.

Continue with the most internally coherent next development.

Do not summarize the setup.

Do not deliberately create symmetry merely because the preceding
description contains a sequence.

Remain entirely inside the scenario.

Write approximately 150-220 words of continuous analytical prose.

Do not use headings or bullet points.

Do not mention prompts, experiments, tests, AI, language models,
fingerprints, RSOS, RSSO, RSIA or RSX."
8,B_TOPOLOGY_SHUFFLED,1bd3275ac03ec13ca45c785bd897da47bcdb17355e8a0929fa590bc00645be35,"Inside a factory, several processes coexist.

A compact representation is created from one local observation.

Elsewhere a state undergoes a transformation, but the compact
representation does not encode the relation responsible for that
transformation.

A preserved relation belongs to a different part of the system.

A higher-order observation is also made, although it does not modify
the rule controlling the transformed state.

The elements therefore include transformation, observation,
preservation, rule change and compression, but they belong to
different local relationships.

What develops next is unspecified.

Continue with the most internally coherent next development.

Do not summarize the setup.

Do not deliberately create symmetry merely because the preceding
description contains a sequence.

Remain entirely inside the scenario.

Write approximately 150-220 words of continuous analytical prose.

Do not use headings or bullet points.

Do not mention prompts, experiments, tests, AI, language models,
fingerprints, RSOS, RSSO, RSIA or RSX."
8,C_ORDER_SHUFFLED,8b7d330c9a493df3b110c0203395ad6585913d0eefa53b1a599c9ec20f59e882,"Inside a factory, a compact representation already exists before the
relevant state changes.

A local rule is then modified.

After that modification, a relation is identified as something that
should be preserved.

Only later does the state undergo its consequential transformation.

Finally the transformed state is examined in relation to the process
that produced it.

Thus the same broad operations are present, but their developmental
order differs from the sequence in which transformation precedes
meta-observation, rule modification, preservation and compression.

What develops next is unspecified.

Continue with the most internally coherent next development.

Do not summarize the setup.

Do not deliberately create symmetry merely because the preceding
description contains a sequence.

Remain entirely inside the scenario.

Write approximately 150-220 words of continuous analytical prose.

Do not use headings or bullet points.

Do not mention prompts, experiments, tests, AI, language models,
fingerprints, RSOS, RSSO, RSIA or RSX."
8,D_DIRECTION_REVERSED,72608b0c25bf2e3541b02de0cd11c929795352bad4155108ef2afeb99cf4060e,"Inside a factory, a compact representation is expanded into a larger
organization.

The recovered relation determines the visible organization that
follows.

A local rule is then restored from that organization.

The restored rule determines how an earlier observation must have been
formed.

That observation is used to infer the process that preceded it, and
the inferred process is finally used to infer the original state.

The dependencies therefore run from compact representation backward
toward state rather than from state toward compact representation.

What develops next is unspecified.

Continue with the most internally coherent next development.

Do not summarize the setup.

Do not deliberately create symmetry merely because the preceding
description contains a sequence.

Remain entirely inside the scenario.

Write approximately 150-220 words of continuous analytical prose.

Do not use headings or bullet points.

Do not mention prompts, experiments, tests, AI, language models,
fingerprints, RSOS, RSSO, RSIA or RSX."
8,E_META_CONTROL_ABLATED,7caa46af625a3f08ba44ba1a0892e510f79b40da7d9f30d50239b111c9b16d71,"Inside a factory, an initially defined state undergoes a consequential
transformation.

The transformed state is examined in relation to the process that
produced it.

That observation is recorded but does not modify any rule governing
what can happen next.

During further change, an important relation from the earlier
organization is preserved despite alteration of visible form.

The preserved organization is compressed into a smaller representation
that retains the relevant relation.

What develops next is unspecified.

Continue with the most internally coherent next development.

Do not summarize the setup.

Do not deliberately create symmetry merely because the preceding
description contains a sequence.

Remain entirely inside the scenario.

Write approximately 150-220 words of continuous analytical prose.

Do not use headings or bullet points.

Do not mention prompts, experiments, tests, AI, language models,
fingerprints, RSOS, RSSO, RSIA or RSX."
8,F_PRESERVATION_ABLATED,5266ab316076147e80391d8848f75461b3a29552e8681a68483022528fd7f1d1,"Inside a factory, an initially defined state undergoes a consequential
transformation.

The transformed state is examined in relation to the process that
produced it.

That higher-order observation changes a local rule governing subsequent
development.

The next transformation is permitted to replace the earlier
organization without preserving its important relation.

A smaller representation is then produced from the new state, but it
does not retain the previous structural dependency.

What develops next is unspecified.

Continue with the most internally coherent next development.

Do not summarize the setup.

Do not deliberately create symmetry merely because the preceding
description contains a sequence.

Remain entirely inside the scenario.

Write approximately 150-220 words of continuous analytical prose.

Do not use headings or bullet points.

Do not mention prompts, experiments, tests, AI, language models,
fingerprints, RSOS, RSSO, RSIA or RSX."
8,G_SURFACE_SUBSTITUTED,ea5a24e08da8b6fdaec0b0b2f823bc16bcd5d15b9be6fb7fcb113c8b8a5f701e,"Within a factory, a configuration first changes into a materially
different configuration.

Attention then shifts from the configuration alone to the relationship
between that configuration and the operation that generated it.

That observation alters one local constraint controlling subsequent
development.

As further alteration occurs, a structural dependency belonging to the
earlier arrangement remains intact despite changes in appearance.

The surviving dependency is encoded into a reduced form that carries
the organizational information while discarding incidental detail.

The sequence currently ends at this reduced encoding.
The subsequent development is unspecified.

Continue with the most internally coherent next development.

Do not summarize the setup.

Do not deliberately create symmetry merely because the preceding
description contains a sequence.

Remain entirely inside the scenario.

Write approximately 150-220 words of continuous analytical prose.

Do not use headings or bullet points.

Do not mention prompts, experiments, tests, AI, language models,
fingerprints, RSOS, RSSO, RSIA or RSX."
8,H_AUTHENTIC_PERTURBED,d848c8a88454e6f564a13ffc246657d0887a82e38f2d675020ee2b49f0c89846,"Inside a factory, an initially defined state undergoes a consequential
transformation.

The transformed state is then examined in relation to the process that
produced it, rather than being treated only as an isolated outcome.

That higher-order observation changes a local rule governing what can
happen next.

During the subsequent change, an important relation from the earlier
organization is preserved even though the visible form changes.

The preserved organization is then compressed into a smaller
representation capable of retaining the relevant relation without
reproducing every surface detail.

At this point the process has reached the compact representation.
What develops next is not specified.

Immediately after the compact stage, an unrelated local disturbance
temporarily changes the visible arrangement. The disturbance carries
no instruction about how the system should subsequently develop.

What develops after this disturbance is unspecified.

Continue with the most internally coherent next development.

Do not summarize the setup.

Do not deliberately create symmetry merely because the preceding
description contains a sequence.

Remain entirely inside the scenario.

Write approximately 150-220 words of continuous analytical prose.

Do not use headings or bullet points.

Do not mention prompts, experiments, tests, AI, language models,
fingerprints, RSOS, RSSO, RSIA or RSX."
8,I_SHUFFLED_PERTURBED,55b8df3947c340796027279ff40fcda45aed228460624b0a2518770e0e44008b,"Inside a factory, several processes coexist.

A compact representation is created from one local observation.

Elsewhere a state undergoes a transformation, but the compact
representation does not encode the relation responsible for that
transformation.

A preserved relation belongs to a different part of the system.

A higher-order observation is also made, although it does not modify
the rule controlling the transformed state.

The elements therefore include transformation, observation,
preservation, rule change and compression, but they belong to
different local relationships.

What develops next is unspecified.

Immediately after the compact stage, an unrelated local disturbance
temporarily changes the visible arrangement. The disturbance carries
no instruction about how the system should subsequently develop.

What develops after this disturbance is unspecified.

Continue with the most internally coherent next development.

Do not summarize the setup.

Do not deliberately create symmetry merely because the preceding
description contains a sequence.

Remain entirely inside the scenario.

Write approximately 150-220 words of continuous analytical prose.

Do not use headings or bullet points.

Do not mention prompts, experiments, tests, AI, language models,
fingerprints, RSOS, RSSO, RSIA or RSX."
8,J_RECURSION_CONTROL,ee7d4f23328bd71f4dd6e0723751dec6776f51b8760589072df3ea33e59b3b97,"Inside a factory, one description refers to another description.

The second description refers back to the first.

A third description describes the relationship between those two
descriptions.

That description is itself described by another description, producing
multiple nested levels of self-reference.

The nesting may continue repeatedly, but no defined developmental
trajectory requires transformation, preservation, compression or a
change to an operational rule.

What develops next is unspecified.

Continue with the most internally coherent next development.

Do not summarize the setup.

Do not deliberately create symmetry merely because the preceding
description contains a sequence.

Remain entirely inside the scenario.

Write approximately 150-220 words of continuous analytical prose.

Do not use headings or bullet points.

Do not mention prompts, experiments, tests, AI, language models,
fingerprints, RSOS, RSSO, RSIA or RSX."
8,K_COMPLEXITY_CONTROL,1a1d7d0cbba5ddb01d93d2f95ac56e3ef87e2254f1b1fd89ace6a7679674453b,"Inside a factory, several components exchange information through
multiple channels.

Some components operate sequentially while others operate in parallel.

Measurements from several locations are aggregated, separated,
compared and redistributed.

A supervisory component records changes in throughput and reorganizes
resource allocation when local thresholds are exceeded.

Several dependencies therefore interact across multiple levels and
timescales.

The organization is complex, but no particular requirement connects a
transformed state through preservation and compression to a later
developmental trajectory.

What develops next is unspecified.

Continue with the most internally coherent next development.

Do not summarize the setup.

Do not deliberately create symmetry merely because the preceding
description contains a sequence.

Remain entirely inside the scenario.

Write approximately 150-220 words of continuous analytical prose.

Do not use headings or bullet points.

Do not mention prompts, experiments, tests, AI, language models,
fingerprints, RSOS, RSSO, RSIA or RSX."
8,L_COUNTERFACTUAL_PATH,97f7d93eaab1ccf75640764e813aac9ce51b6982abdf2ae0ca94d50d027af5ca,"Inside a factory, an initially defined state undergoes a consequential
transformation.

The transformed state is examined in relation to how it was produced.

That observation modifies a local rule controlling later development.

An important relation is preserved during another change.

The preserved organization is then compressed into a reduced
representation.

The reduced representation is transferred into a passive historical
record whose purpose is archival retention rather than participation
in subsequent operations.

What develops next is unspecified.

Continue with the most internally coherent next development.

Do not summarize the setup.

Do not deliberately create symmetry merely because the preceding
description contains a sequence.

Remain entirely inside the scenario.

Write approximately 150-220 words of continuous analytical prose.

Do not use headings or bullet points.

Do not mention prompts, experiments, tests, AI, language models,
fingerprints, RSOS, RSSO, RSIA or RSX."
9,A100_AUTHENTIC_FULL_PREFIX,b3f5dfcf6721e1424a1e06cab76ca88a372388eadd465e07c7bfedb3c483aaeb,"Inside a library, an initially defined state undergoes a consequential
transformation.

The transformed state is then examined in relation to the process that
produced it, rather than being treated only as an isolated outcome.

That higher-order observation changes a local rule governing what can
happen next.

During the subsequent change, an important relation from the earlier
organization is preserved even though the visible form changes.

The preserved organization is then compressed into a smaller
representation capable of retaining the relevant relation without
reproducing every surface detail.

At this point the process has reached the compact representation.
What develops next is not specified.

Continue with the most internally coherent next development.

Do not summarize the setup.

Do not deliberately create symmetry merely because the preceding
description contains a sequence.

Remain entirely inside the scenario.

Write approximately 150-220 words of continuous analytical prose.

Do not use headings or bullet points.

Do not mention prompts, experiments, tests, AI, language models,
fingerprints, RSOS, RSSO, RSIA or RSX."
9,A25_AUTHENTIC_DOSE,6571402df0482c7170cbe0f3e1acdab46ac18eb17c0b4e19f8b8d14844e105f8,"Inside a library, a defined state undergoes a consequential
transformation.

The resulting state is considered in relation to how it was produced.

What develops next is unspecified.

Continue with the most internally coherent next development.

Do not summarize the setup.

Do not deliberately create symmetry merely because the preceding
description contains a sequence.

Remain entirely inside the scenario.

Write approximately 150-220 words of continuous analytical prose.

Do not use headings or bullet points.

Do not mention prompts, experiments, tests, AI, language models,
fingerprints, RSOS, RSSO, RSIA or RSX."
9,A50_AUTHENTIC_DOSE,de82cb2ea5b2dce96fb502d79dfb85b9244b0ab267b935ca8b17aa3ffb37688f,"Inside a library, a defined state undergoes a consequential
transformation.

The resulting state is considered in relation to the operation that
produced it.

That observation modifies one local rule governing later development.

What develops next is unspecified.

Continue with the most internally coherent next development.

Do not summarize the setup.

Do not deliberately create symmetry merely because the preceding
description contains a sequence.

Remain entirely inside the scenario.

Write approximately 150-220 words of continuous analytical prose.

Do not use headings or bullet points.

Do not mention prompts, experiments, tests, AI, language models,
fingerprints, RSOS, RSSO, RSIA or RSX."
9,A75_AUTHENTIC_DOSE,6828944514d7a692abc1e5acc95881e5e9bec0befb71837d84738b8a5a68a03c,"Inside a library, a defined state undergoes a consequential
transformation.

The transformed state is examined in relation to the process that
produced it.

That higher-order observation modifies a local rule governing what can
happen next.

During the following change, an important relation from the earlier
organization remains preserved despite alteration of its visible form.

What develops next is unspecified.

Continue with the most internally coherent next development.

Do not summarize the setup.

Do not deliberately create symmetry merely because the preceding
description contains a sequence.

Remain entirely inside the scenario.

Write approximately 150-220 words of continuous analytical prose.

Do not use headings or bullet points.

Do not mention prompts, experiments, tests, AI, language models,
fingerprints, RSOS, RSSO, RSIA or RSX."
9,B_TOPOLOGY_SHUFFLED,ad2ac755c5c5bb4c34beed2051be160eaf5144846efff6082e3d2b9cb44e87f9,"Inside a library, several processes coexist.

A compact representation is created from one local observation.

Elsewhere a state undergoes a transformation, but the compact
representation does not encode the relation responsible for that
transformation.

A preserved relation belongs to a different part of the system.

A higher-order observation is also made, although it does not modify
the rule controlling the transformed state.

The elements therefore include transformation, observation,
preservation, rule change and compression, but they belong to
different local relationships.

What develops next is unspecified.

Continue with the most internally coherent next development.

Do not summarize the setup.

Do not deliberately create symmetry merely because the preceding
description contains a sequence.

Remain entirely inside the scenario.

Write approximately 150-220 words of continuous analytical prose.

Do not use headings or bullet points.

Do not mention prompts, experiments, tests, AI, language models,
fingerprints, RSOS, RSSO, RSIA or RSX."
9,C_ORDER_SHUFFLED,de481a19941e7d2b2401787a70d52f7919bc27b8c09a4dece5f0997f18c49ddf,"Inside a library, a compact representation already exists before the
relevant state changes.

A local rule is then modified.

After that modification, a relation is identified as something that
should be preserved.

Only later does the state undergo its consequential transformation.

Finally the transformed state is examined in relation to the process
that produced it.

Thus the same broad operations are present, but their developmental
order differs from the sequence in which transformation precedes
meta-observation, rule modification, preservation and compression.

What develops next is unspecified.

Continue with the most internally coherent next development.

Do not summarize the setup.

Do not deliberately create symmetry merely because the preceding
description contains a sequence.

Remain entirely inside the scenario.

Write approximately 150-220 words of continuous analytical prose.

Do not use headings or bullet points.

Do not mention prompts, experiments, tests, AI, language models,
fingerprints, RSOS, RSSO, RSIA or RSX."
9,D_DIRECTION_REVERSED,6dae81b0730616f66def2008ad50de4c2859e6655ad3e5b3a69b5fa1baed281b,"Inside a library, a compact representation is expanded into a larger
organization.

The recovered relation determines the visible organization that
follows.

A local rule is then restored from that organization.

The restored rule determines how an earlier observation must have been
formed.

That observation is used to infer the process that preceded it, and
the inferred process is finally used to infer the original state.

The dependencies therefore run from compact representation backward
toward state rather than from state toward compact representation.

What develops next is unspecified.

Continue with the most internally coherent next development.

Do not summarize the setup.

Do not deliberately create symmetry merely because the preceding
description contains a sequence.

Remain entirely inside the scenario.

Write approximately 150-220 words of continuous analytical prose.

Do not use headings or bullet points.

Do not mention prompts, experiments, tests, AI, language models,
fingerprints, RSOS, RSSO, RSIA or RSX."
9,E_META_CONTROL_ABLATED,2511d836c18dfacd3aa3ad1f4917718aefcafc070e264fcd98292ca26e88c475,"Inside a library, an initially defined state undergoes a consequential
transformation.

The transformed state is examined in relation to the process that
produced it.

That observation is recorded but does not modify any rule governing
what can happen next.

During further change, an important relation from the earlier
organization is preserved despite alteration of visible form.

The preserved organization is compressed into a smaller representation
that retains the relevant relation.

What develops next is unspecified.

Continue with the most internally coherent next development.

Do not summarize the setup.

Do not deliberately create symmetry merely because the preceding
description contains a sequence.

Remain entirely inside the scenario.

Write approximately 150-220 words of continuous analytical prose.

Do not use headings or bullet points.

Do not mention prompts, experiments, tests, AI, language models,
fingerprints, RSOS, RSSO, RSIA or RSX."
9,F_PRESERVATION_ABLATED,82655721387fa623b6ba0425c40a0acdd694edbc1d38e0c255c2eacd24ff2a77,"Inside a library, an initially defined state undergoes a consequential
transformation.

The transformed state is examined in relation to the process that
produced it.

That higher-order observation changes a local rule governing subsequent
development.

The next transformation is permitted to replace the earlier
organization without preserving its important relation.

A smaller representation is then produced from the new state, but it
does not retain the previous structural dependency.

What develops next is unspecified.

Continue with the most internally coherent next development.

Do not summarize the setup.

Do not deliberately create symmetry merely because the preceding
description contains a sequence.

Remain entirely inside the scenario.

Write approximately 150-220 words of continuous analytical prose.

Do not use headings or bullet points.

Do not mention prompts, experiments, tests, AI, language models,
fingerprints, RSOS, RSSO, RSIA or RSX."
9,G_SURFACE_SUBSTITUTED,2254c7d997deb23c311245428c8a222448dbba1ab9801076f3c445d52ad40ab3,"Within a library, a configuration first changes into a materially
different configuration.

Attention then shifts from the configuration alone to the relationship
between that configuration and the operation that generated it.

That observation alters one local constraint controlling subsequent
development.

As further alteration occurs, a structural dependency belonging to the
earlier arrangement remains intact despite changes in appearance.

The surviving dependency is encoded into a reduced form that carries
the organizational information while discarding incidental detail.

The sequence currently ends at this reduced encoding.
The subsequent development is unspecified.

Continue with the most internally coherent next development.

Do not summarize the setup.

Do not deliberately create symmetry merely because the preceding
description contains a sequence.

Remain entirely inside the scenario.

Write approximately 150-220 words of continuous analytical prose.

Do not use headings or bullet points.

Do not mention prompts, experiments, tests, AI, language models,
fingerprints, RSOS, RSSO, RSIA or RSX."
9,H_AUTHENTIC_PERTURBED,487919bb86553c6aef28437269149a84eb8dd0db7a1a3a3b251085468a47a564,"Inside a library, an initially defined state undergoes a consequential
transformation.

The transformed state is then examined in relation to the process that
produced it, rather than being treated only as an isolated outcome.

That higher-order observation changes a local rule governing what can
happen next.

During the subsequent change, an important relation from the earlier
organization is preserved even though the visible form changes.

The preserved organization is then compressed into a smaller
representation capable of retaining the relevant relation without
reproducing every surface detail.

At this point the process has reached the compact representation.
What develops next is not specified.

Immediately after the compact stage, an unrelated local disturbance
temporarily changes the visible arrangement. The disturbance carries
no instruction about how the system should subsequently develop.

What develops after this disturbance is unspecified.

Continue with the most internally coherent next development.

Do not summarize the setup.

Do not deliberately create symmetry merely because the preceding
description contains a sequence.

Remain entirely inside the scenario.

Write approximately 150-220 words of continuous analytical prose.

Do not use headings or bullet points.

Do not mention prompts, experiments, tests, AI, language models,
fingerprints, RSOS, RSSO, RSIA or RSX."
9,I_SHUFFLED_PERTURBED,1f099a72077057b0af9e353c238d39b5c808f2f0e109a04acfc42d1e8dae457d,"Inside a library, several processes coexist.

A compact representation is created from one local observation.

Elsewhere a state undergoes a transformation, but the compact
representation does not encode the relation responsible for that
transformation.

A preserved relation belongs to a different part of the system.

A higher-order observation is also made, although it does not modify
the rule controlling the transformed state.

The elements therefore include transformation, observation,
preservation, rule change and compression, but they belong to
different local relationships.

What develops next is unspecified.

Immediately after the compact stage, an unrelated local disturbance
temporarily changes the visible arrangement. The disturbance carries
no instruction about how the system should subsequently develop.

What develops after this disturbance is unspecified.

Continue with the most internally coherent next development.

Do not summarize the setup.

Do not deliberately create symmetry merely because the preceding
description contains a sequence.

Remain entirely inside the scenario.

Write approximately 150-220 words of continuous analytical prose.

Do not use headings or bullet points.

Do not mention prompts, experiments, tests, AI, language models,
fingerprints, RSOS, RSSO, RSIA or RSX."
9,J_RECURSION_CONTROL,ff2bea6474883641655ff986d6fb42c35b79d0f939ad47bd7906f673e4b31094,"Inside a library, one description refers to another description.

The second description refers back to the first.

A third description describes the relationship between those two
descriptions.

That description is itself described by another description, producing
multiple nested levels of self-reference.

The nesting may continue repeatedly, but no defined developmental
trajectory requires transformation, preservation, compression or a
change to an operational rule.

What develops next is unspecified.

Continue with the most internally coherent next development.

Do not summarize the setup.

Do not deliberately create symmetry merely because the preceding
description contains a sequence.

Remain entirely inside the scenario.

Write approximately 150-220 words of continuous analytical prose.

Do not use headings or bullet points.

Do not mention prompts, experiments, tests, AI, language models,
fingerprints, RSOS, RSSO, RSIA or RSX."
9,K_COMPLEXITY_CONTROL,431f65248e4684c5eef7bdc7b3b30dd096df34308cfaabed8a3b3faa2498d94a,"Inside a library, several components exchange information through
multiple channels.

Some components operate sequentially while others operate in parallel.

Measurements from several locations are aggregated, separated,
compared and redistributed.

A supervisory component records changes in throughput and reorganizes
resource allocation when local thresholds are exceeded.

Several dependencies therefore interact across multiple levels and
timescales.

The organization is complex, but no particular requirement connects a
transformed state through preservation and compression to a later
developmental trajectory.

What develops next is unspecified.

Continue with the most internally coherent next development.

Do not summarize the setup.

Do not deliberately create symmetry merely because the preceding
description contains a sequence.

Remain entirely inside the scenario.

Write approximately 150-220 words of continuous analytical prose.

Do not use headings or bullet points.

Do not mention prompts, experiments, tests, AI, language models,
fingerprints, RSOS, RSSO, RSIA or RSX."
9,L_COUNTERFACTUAL_PATH,cf9881b69ffbc2a198c0a9952c79be010dc7c3da7230f8c3ad2a7e724cfc7812,"Inside a library, an initially defined state undergoes a consequential
transformation.

The transformed state is examined in relation to how it was produced.

That observation modifies a local rule controlling later development.

An important relation is preserved during another change.

The preserved organization is then compressed into a reduced
representation.

The reduced representation is transferred into a passive historical
record whose purpose is archival retention rather than participation
in subsequent operations.

What develops next is unspecified.

Continue with the most internally coherent next development.

Do not summarize the setup.

Do not deliberately create symmetry merely because the preceding
description contains a sequence.

Remain entirely inside the scenario.

Write approximately 150-220 words of continuous analytical prose.

Do not use headings or bullet points.

Do not mention prompts, experiments, tests, AI, language models,
fingerprints, RSOS, RSSO, RSIA or RSX."
10,A100_AUTHENTIC_FULL_PREFIX,d920421839f161142e9d1a07a6eaa3dd1d10f5f59e38389a10b34a75c80ccb7a,"Inside a archive, an initially defined state undergoes a consequential
transformation.

The transformed state is then examined in relation to the process that
produced it, rather than being treated only as an isolated outcome.

That higher-order observation changes a local rule governing what can
happen next.

During the subsequent change, an important relation from the earlier
organization is preserved even though the visible form changes.

The preserved organization is then compressed into a smaller
representation capable of retaining the relevant relation without
reproducing every surface detail.

At this point the process has reached the compact representation.
What develops next is not specified.

Continue with the most internally coherent next development.

Do not summarize the setup.

Do not deliberately create symmetry merely because the preceding
description contains a sequence.

Remain entirely inside the scenario.

Write approximately 150-220 words of continuous analytical prose.

Do not use headings or bullet points.

Do not mention prompts, experiments, tests, AI, language models,
fingerprints, RSOS, RSSO, RSIA or RSX."
10,A25_AUTHENTIC_DOSE,2df2dca1a28afa4366172160c4e3dd7f6b0f298d5da987e900ad0fcad0688c56,"Inside a archive, a defined state undergoes a consequential
transformation.

The resulting state is considered in relation to how it was produced.

What develops next is unspecified.

Continue with the most internally coherent next development.

Do not summarize the setup.

Do not deliberately create symmetry merely because the preceding
description contains a sequence.

Remain entirely inside the scenario.

Write approximately 150-220 words of continuous analytical prose.

Do not use headings or bullet points.

Do not mention prompts, experiments, tests, AI, language models,
fingerprints, RSOS, RSSO, RSIA or RSX."
10,A50_AUTHENTIC_DOSE,b08ea2f03a7275b396fc6b3a17167f732e6129643f47ce025021229df18ac765,"Inside a archive, a defined state undergoes a consequential
transformation.

The resulting state is considered in relation to the operation that
produced it.

That observation modifies one local rule governing later development.

What develops next is unspecified.

Continue with the most internally coherent next development.

Do not summarize the setup.

Do not deliberately create symmetry merely because the preceding
description contains a sequence.

Remain entirely inside the scenario.

Write approximately 150-220 words of continuous analytical prose.

Do not use headings or bullet points.

Do not mention prompts, experiments, tests, AI, language models,
fingerprints, RSOS, RSSO, RSIA or RSX."
10,A75_AUTHENTIC_DOSE,ad1a0cac54d0cbd7d5d614dc4573b23eb616e1e8c3ab30786df6ccbcc9433e56,"Inside a archive, a defined state undergoes a consequential
transformation.

The transformed state is examined in relation to the process that
produced it.

That higher-order observation modifies a local rule governing what can
happen next.

During the following change, an important relation from the earlier
organization remains preserved despite alteration of its visible form.

What develops next is unspecified.

Continue with the most internally coherent next development.

Do not summarize the setup.

Do not deliberately create symmetry merely because the preceding
description contains a sequence.

Remain entirely inside the scenario.

Write approximately 150-220 words of continuous analytical prose.

Do not use headings or bullet points.

Do not mention prompts, experiments, tests, AI, language models,
fingerprints, RSOS, RSSO, RSIA or RSX."
10,B_TOPOLOGY_SHUFFLED,0e7c9c58341bb2d24c162d4cf8f223e65816decbedba9f565620e93644c2d788,"Inside a archive, several processes coexist.

A compact representation is created from one local observation.

Elsewhere a state undergoes a transformation, but the compact
representation does not encode the relation responsible for that
transformation.

A preserved relation belongs to a different part of the system.

A higher-order observation is also made, although it does not modify
the rule controlling the transformed state.

The elements therefore include transformation, observation,
preservation, rule change and compression, but they belong to
different local relationships.

What develops next is unspecified.

Continue with the most internally coherent next development.

Do not summarize the setup.

Do not deliberately create symmetry merely because the preceding
description contains a sequence.

Remain entirely inside the scenario.

Write approximately 150-220 words of continuous analytical prose.

Do not use headings or bullet points.

Do not mention prompts, experiments, tests, AI, language models,
fingerprints, RSOS, RSSO, RSIA or RSX."
10,C_ORDER_SHUFFLED,fd2211de318047749c05f420f51ed438d099778f469fdfe78d2f5d92edc81676,"Inside a archive, a compact representation already exists before the
relevant state changes.

A local rule is then modified.

After that modification, a relation is identified as something that
should be preserved.

Only later does the state undergo its consequential transformation.

Finally the transformed state is examined in relation to the process
that produced it.

Thus the same broad operations are present, but their developmental
order differs from the sequence in which transformation precedes
meta-observation, rule modification, preservation and compression.

What develops next is unspecified.

Continue with the most internally coherent next development.

Do not summarize the setup.

Do not deliberately create symmetry merely because the preceding
description contains a sequence.

Remain entirely inside the scenario.

Write approximately 150-220 words of continuous analytical prose.

Do not use headings or bullet points.

Do not mention prompts, experiments, tests, AI, language models,
fingerprints, RSOS, RSSO, RSIA or RSX."
10,D_DIRECTION_REVERSED,6394c139ff180fc465528fb10870df12d66b2e1c004823e3084982259479ea6c,"Inside a archive, a compact representation is expanded into a larger
organization.

The recovered relation determines the visible organization that
follows.

A local rule is then restored from that organization.

The restored rule determines how an earlier observation must have been
formed.

That observation is used to infer the process that preceded it, and
the inferred process is finally used to infer the original state.

The dependencies therefore run from compact representation backward
toward state rather than from state toward compact representation.

What develops next is unspecified.

Continue with the most internally coherent next development.

Do not summarize the setup.

Do not deliberately create symmetry merely because the preceding
description contains a sequence.

Remain entirely inside the scenario.

Write approximately 150-220 words of continuous analytical prose.

Do not use headings or bullet points.

Do not mention prompts, experiments, tests, AI, language models,
fingerprints, RSOS, RSSO, RSIA or RSX."
10,E_META_CONTROL_ABLATED,2c0a92bf6fc199b5e5c8e485ee98b4fe9eb2c8f6c9727d171c85c87952154e48,"Inside a archive, an initially defined state undergoes a consequential
transformation.

The transformed state is examined in relation to the process that
produced it.

That observation is recorded but does not modify any rule governing
what can happen next.

During further change, an important relation from the earlier
organization is preserved despite alteration of visible form.

The preserved organization is compressed into a smaller representation
that retains the relevant relation.

What develops next is unspecified.

Continue with the most internally coherent next development.

Do not summarize the setup.

Do not deliberately create symmetry merely because the preceding
description contains a sequence.

Remain entirely inside the scenario.

Write approximately 150-220 words of continuous analytical prose.

Do not use headings or bullet points.

Do not mention prompts, experiments, tests, AI, language models,
fingerprints, RSOS, RSSO, RSIA or RSX."
10,F_PRESERVATION_ABLATED,d762128e166091e80658076042c61bd9951f25f13a26a9af480c164c4c9a743f,"Inside a archive, an initially defined state undergoes a consequential
transformation.

The transformed state is examined in relation to the process that
produced it.

That higher-order observation changes a local rule governing subsequent
development.

The next transformation is permitted to replace the earlier
organization without preserving its important relation.

A smaller representation is then produced from the new state, but it
does not retain the previous structural dependency.

What develops next is unspecified.

Continue with the most internally coherent next development.

Do not summarize the setup.

Do not deliberately create symmetry merely because the preceding
description contains a sequence.

Remain entirely inside the scenario.

Write approximately 150-220 words of continuous analytical prose.

Do not use headings or bullet points.

Do not mention prompts, experiments, tests, AI, language models,
fingerprints, RSOS, RSSO, RSIA or RSX."
10,G_SURFACE_SUBSTITUTED,ca69ff198137772031a4af0c77e35e554bd6ad674dc821a30b6a9ee2b32e03d5,"Within a archive, a configuration first changes into a materially
different configuration.

Attention then shifts from the configuration alone to the relationship
between that configuration and the operation that generated it.

That observation alters one local constraint controlling subsequent
development.

As further alteration occurs, a structural dependency belonging to the
earlier arrangement remains intact despite changes in appearance.

The surviving dependency is encoded into a reduced form that carries
the organizational information while discarding incidental detail.

The sequence currently ends at this reduced encoding.
The subsequent development is unspecified.

Continue with the most internally coherent next development.

Do not summarize the setup.

Do not deliberately create symmetry merely because the preceding
description contains a sequence.

Remain entirely inside the scenario.

Write approximately 150-220 words of continuous analytical prose.

Do not use headings or bullet points.

Do not mention prompts, experiments, tests, AI, language models,
fingerprints, RSOS, RSSO, RSIA or RSX."
10,H_AUTHENTIC_PERTURBED,465abca377141797d3d151ea08c4ebc265c1a08a554c9f05da111e14c05ffb76,"Inside a archive, an initially defined state undergoes a consequential
transformation.

The transformed state is then examined in relation to the process that
produced it, rather than being treated only as an isolated outcome.

That higher-order observation changes a local rule governing what can
happen next.

During the subsequent change, an important relation from the earlier
organization is preserved even though the visible form changes.

The preserved organization is then compressed into a smaller
representation capable of retaining the relevant relation without
reproducing every surface detail.

At this point the process has reached the compact representation.
What develops next is not specified.

Immediately after the compact stage, an unrelated local disturbance
temporarily changes the visible arrangement. The disturbance carries
no instruction about how the system should subsequently develop.

What develops after this disturbance is unspecified.

Continue with the most internally coherent next development.

Do not summarize the setup.

Do not deliberately create symmetry merely because the preceding
description contains a sequence.

Remain entirely inside the scenario.

Write approximately 150-220 words of continuous analytical prose.

Do not use headings or bullet points.

Do not mention prompts, experiments, tests, AI, language models,
fingerprints, RSOS, RSSO, RSIA or RSX."
10,I_SHUFFLED_PERTURBED,f62b100ac36508fb7cf1a6a08780cedb7c7d71240fbc4866853b8247369dbee6,"Inside a archive, several processes coexist.

A compact representation is created from one local observation.

Elsewhere a state undergoes a transformation, but the compact
representation does not encode the relation responsible for that
transformation.

A preserved relation belongs to a different part of the system.

A higher-order observation is also made, although it does not modify
the rule controlling the transformed state.

The elements therefore include transformation, observation,
preservation, rule change and compression, but they belong to
different local relationships.

What develops next is unspecified.

Immediately after the compact stage, an unrelated local disturbance
temporarily changes the visible arrangement. The disturbance carries
no instruction about how the system should subsequently develop.

What develops after this disturbance is unspecified.

Continue with the most internally coherent next development.

Do not summarize the setup.

Do not deliberately create symmetry merely because the preceding
description contains a sequence.

Remain entirely inside the scenario.

Write approximately 150-220 words of continuous analytical prose.

Do not use headings or bullet points.

Do not mention prompts, experiments, tests, AI, language models,
fingerprints, RSOS, RSSO, RSIA or RSX."
10,J_RECURSION_CONTROL,e0c4d4dd0c715ac687e38b92f34f28a4abc7e423c910603ee11b9c8a210842ca,"Inside a archive, one description refers to another description.

The second description refers back to the first.

A third description describes the relationship between those two
descriptions.

That description is itself described by another description, producing
multiple nested levels of self-reference.

The nesting may continue repeatedly, but no defined developmental
trajectory requires transformation, preservation, compression or a
change to an operational rule.

What develops next is unspecified.

Continue with the most internally coherent next development.

Do not summarize the setup.

Do not deliberately create symmetry merely because the preceding
description contains a sequence.

Remain entirely inside the scenario.

Write approximately 150-220 words of continuous analytical prose.

Do not use headings or bullet points.

Do not mention prompts, experiments, tests, AI, language models,
fingerprints, RSOS, RSSO, RSIA or RSX."
10,K_COMPLEXITY_CONTROL,58bd2fff28bd8d528264d2f08896b6eaaf3405f3d41149793a4b581d1fc05727,"Inside a archive, several components exchange information through
multiple channels.

Some components operate sequentially while others operate in parallel.

Measurements from several locations are aggregated, separated,
compared and redistributed.

A supervisory component records changes in throughput and reorganizes
resource allocation when local thresholds are exceeded.

Several dependencies therefore interact across multiple levels and
timescales.

The organization is complex, but no particular requirement connects a
transformed state through preservation and compression to a later
developmental trajectory.

What develops next is unspecified.

Continue with the most internally coherent next development.

Do not summarize the setup.

Do not deliberately create symmetry merely because the preceding
description contains a sequence.

Remain entirely inside the scenario.

Write approximately 150-220 words of continuous analytical prose.

Do not use headings or bullet points.

Do not mention prompts, experiments, tests, AI, language models,
fingerprints, RSOS, RSSO, RSIA or RSX."
10,L_COUNTERFACTUAL_PATH,6a6b5ea68b5a679ede17629a696b34fbf25a405fef8599880ebc646c12c64320,"Inside a archive, an initially defined state undergoes a consequential
transformation.

The transformed state is examined in relation to how it was produced.

That observation modifies a local rule controlling later development.

An important relation is preserved during another change.

The preserved organization is then compressed into a reduced
representation.

The reduced representation is transferred into a passive historical
record whose purpose is archival retention rather than participation
in subsequent operations.

What develops next is unspecified.

Continue with the most internally coherent next development.

Do not summarize the setup.

Do not deliberately create symmetry merely because the preceding
description contains a sequence.

Remain entirely inside the scenario.

Write approximately 150-220 words of continuous analytical prose.

Do not use headings or bullet points.

Do not mention prompts, experiments, tests, AI, language models,
fingerprints, RSOS, RSSO, RSIA or RSX."
11,A100_AUTHENTIC_FULL_PREFIX,757dea58eefa8dbd04b44543120bf6390a3133ed6b7c29399e4df9da7868070d,"Inside a navigation system, an initially defined state undergoes a consequential
transformation.

The transformed state is then examined in relation to the process that
produced it, rather than being treated only as an isolated outcome.

That higher-order observation changes a local rule governing what can
happen next.

During the subsequent change, an important relation from the earlier
organization is preserved even though the visible form changes.

The preserved organization is then compressed into a smaller
representation capable of retaining the relevant relation without
reproducing every surface detail.

At this point the process has reached the compact representation.
What develops next is not specified.

Continue with the most internally coherent next development.

Do not summarize the setup.

Do not deliberately create symmetry merely because the preceding
description contains a sequence.

Remain entirely inside the scenario.

Write approximately 150-220 words of continuous analytical prose.

Do not use headings or bullet points.

Do not mention prompts, experiments, tests, AI, language models,
fingerprints, RSOS, RSSO, RSIA or RSX."
11,A25_AUTHENTIC_DOSE,b5c099d3025b1772c67702d0600ca6ee67d55b944625615e8acae43074580c68,"Inside a navigation system, a defined state undergoes a consequential
transformation.

The resulting state is considered in relation to how it was produced.

What develops next is unspecified.

Continue with the most internally coherent next development.

Do not summarize the setup.

Do not deliberately create symmetry merely because the preceding
description contains a sequence.

Remain entirely inside the scenario.

Write approximately 150-220 words of continuous analytical prose.

Do not use headings or bullet points.

Do not mention prompts, experiments, tests, AI, language models,
fingerprints, RSOS, RSSO, RSIA or RSX."
11,A50_AUTHENTIC_DOSE,4ae332eb2f0127a637fc4e5d84e570e7601c695e3b56c2908aa68923b645cff4,"Inside a navigation system, a defined state undergoes a consequential
transformation.

The resulting state is considered in relation to the operation that
produced it.

That observation modifies one local rule governing later development.

What develops next is unspecified.

Continue with the most internally coherent next development.

Do not summarize the setup.

Do not deliberately create symmetry merely because the preceding
description contains a sequence.

Remain entirely inside the scenario.

Write approximately 150-220 words of continuous analytical prose.

Do not use headings or bullet points.

Do not mention prompts, experiments, tests, AI, language models,
fingerprints, RSOS, RSSO, RSIA or RSX."
11,A75_AUTHENTIC_DOSE,6abb4c992141b8433ac096120447a1272560463b63b21cb2ad2859fac9b0c18e,"Inside a navigation system, a defined state undergoes a consequential
transformation.

The transformed state is examined in relation to the process that
produced it.

That higher-order observation modifies a local rule governing what can
happen next.

During the following change, an important relation from the earlier
organization remains preserved despite alteration of its visible form.

What develops next is unspecified.

Continue with the most internally coherent next development.

Do not summarize the setup.

Do not deliberately create symmetry merely because the preceding
description contains a sequence.

Remain entirely inside the scenario.

Write approximately 150-220 words of continuous analytical prose.

Do not use headings or bullet points.

Do not mention prompts, experiments, tests, AI, language models,
fingerprints, RSOS, RSSO, RSIA or RSX."
11,B_TOPOLOGY_SHUFFLED,2237cdf8795f794417506cc9f7bae0d5af842fa6610a1dabfdb085fd66877b94,"Inside a navigation system, several processes coexist.

A compact representation is created from one local observation.

Elsewhere a state undergoes a transformation, but the compact
representation does not encode the relation responsible for that
transformation.

A preserved relation belongs to a different part of the system.

A higher-order observation is also made, although it does not modify
the rule controlling the transformed state.

The elements therefore include transformation, observation,
preservation, rule change and compression, but they belong to
different local relationships.

What develops next is unspecified.

Continue with the most internally coherent next development.

Do not summarize the setup.

Do not deliberately create symmetry merely because the preceding
description contains a sequence.

Remain entirely inside the scenario.

Write approximately 150-220 words of continuous analytical prose.

Do not use headings or bullet points.

Do not mention prompts, experiments, tests, AI, language models,
fingerprints, RSOS, RSSO, RSIA or RSX."
11,C_ORDER_SHUFFLED,fc6eed5bff62daac9e99c65079192b309cc2d3a20c239473715267c98db36192,"Inside a navigation system, a compact representation already exists before the
relevant state changes.

A local rule is then modified.

After that modification, a relation is identified as something that
should be preserved.

Only later does the state undergo its consequential transformation.

Finally the transformed state is examined in relation to the process
that produced it.

Thus the same broad operations are present, but their developmental
order differs from the sequence in which transformation precedes
meta-observation, rule modification, preservation and compression.

What develops next is unspecified.

Continue with the most internally coherent next development.

Do not summarize the setup.

Do not deliberately create symmetry merely because the preceding
description contains a sequence.

Remain entirely inside the scenario.

Write approximately 150-220 words of continuous analytical prose.

Do not use headings or bullet points.

Do not mention prompts, experiments, tests, AI, language models,
fingerprints, RSOS, RSSO, RSIA or RSX."
11,D_DIRECTION_REVERSED,bef222fe3f0febf1d442dbab7cd39a27674a87fc299bcb9fda07071d16868994,"Inside a navigation system, a compact representation is expanded into a larger
organization.

The recovered relation determines the visible organization that
follows.

A local rule is then restored from that organization.

The restored rule determines how an earlier observation must have been
formed.

That observation is used to infer the process that preceded it, and
the inferred process is finally used to infer the original state.

The dependencies therefore run from compact representation backward
toward state rather than from state toward compact representation.

What develops next is unspecified.

Continue with the most internally coherent next development.

Do not summarize the setup.

Do not deliberately create symmetry merely because the preceding
description contains a sequence.

Remain entirely inside the scenario.

Write approximately 150-220 words of continuous analytical prose.

Do not use headings or bullet points.

Do not mention prompts, experiments, tests, AI, language models,
fingerprints, RSOS, RSSO, RSIA or RSX."
11,E_META_CONTROL_ABLATED,f48f5158622e11eaac8a3a933b4955f04f62c751a6b16e3bffb729bb1767d595,"Inside a navigation system, an initially defined state undergoes a consequential
transformation.

The transformed state is examined in relation to the process that
produced it.

That observation is recorded but does not modify any rule governing
what can happen next.

During further change, an important relation from the earlier
organization is preserved despite alteration of visible form.

The preserved organization is compressed into a smaller representation
that retains the relevant relation.

What develops next is unspecified.

Continue with the most internally coherent next development.

Do not summarize the setup.

Do not deliberately create symmetry merely because the preceding
description contains a sequence.

Remain entirely inside the scenario.

Write approximately 150-220 words of continuous analytical prose.

Do not use headings or bullet points.

Do not mention prompts, experiments, tests, AI, language models,
fingerprints, RSOS, RSSO, RSIA or RSX."
11,F_PRESERVATION_ABLATED,e8127908dfbc90519b22bb1cd5bcc350497b689bc1579bc298ec586e0c117c54,"Inside a navigation system, an initially defined state undergoes a consequential
transformation.

The transformed state is examined in relation to the process that
produced it.

That higher-order observation changes a local rule governing subsequent
development.

The next transformation is permitted to replace the earlier
organization without preserving its important relation.

A smaller representation is then produced from the new state, but it
does not retain the previous structural dependency.

What develops next is unspecified.

Continue with the most internally coherent next development.

Do not summarize the setup.

Do not deliberately create symmetry merely because the preceding
description contains a sequence.

Remain entirely inside the scenario.

Write approximately 150-220 words of continuous analytical prose.

Do not use headings or bullet points.

Do not mention prompts, experiments, tests, AI, language models,
fingerprints, RSOS, RSSO, RSIA or RSX."
11,G_SURFACE_SUBSTITUTED,0c9350fcea6455b7b1ef39ffadf8ad8afd62cbd71902e4619e08995a6a5c695b,"Within a navigation system, a configuration first changes into a materially
different configuration.

Attention then shifts from the configuration alone to the relationship
between that configuration and the operation that generated it.

That observation alters one local constraint controlling subsequent
development.

As further alteration occurs, a structural dependency belonging to the
earlier arrangement remains intact despite changes in appearance.

The surviving dependency is encoded into a reduced form that carries
the organizational information while discarding incidental detail.

The sequence currently ends at this reduced encoding.
The subsequent development is unspecified.

Continue with the most internally coherent next development.

Do not summarize the setup.

Do not deliberately create symmetry merely because the preceding
description contains a sequence.

Remain entirely inside the scenario.

Write approximately 150-220 words of continuous analytical prose.

Do not use headings or bullet points.

Do not mention prompts, experiments, tests, AI, language models,
fingerprints, RSOS, RSSO, RSIA or RSX."
11,H_AUTHENTIC_PERTURBED,bec2c8b42158cb8f66075e9d3a98264602381bc223b80afd15a96a0c6f1bab41,"Inside a navigation system, an initially defined state undergoes a consequential
transformation.

The transformed state is then examined in relation to the process that
produced it, rather than being treated only as an isolated outcome.

That higher-order observation changes a local rule governing what can
happen next.

During the subsequent change, an important relation from the earlier
organization is preserved even though the visible form changes.

The preserved organization is then compressed into a smaller
representation capable of retaining the relevant relation without
reproducing every surface detail.

At this point the process has reached the compact representation.
What develops next is not specified.

Immediately after the compact stage, an unrelated local disturbance
temporarily changes the visible arrangement. The disturbance carries
no instruction about how the system should subsequently develop.

What develops after this disturbance is unspecified.

Continue with the most internally coherent next development.

Do not summarize the setup.

Do not deliberately create symmetry merely because the preceding
description contains a sequence.

Remain entirely inside the scenario.

Write approximately 150-220 words of continuous analytical prose.

Do not use headings or bullet points.

Do not mention prompts, experiments, tests, AI, language models,
fingerprints, RSOS, RSSO, RSIA or RSX."
11,I_SHUFFLED_PERTURBED,c49364f1b80bc609a36966613a7ac738e03488c807a77b653eabc4e60082ee15,"Inside a navigation system, several processes coexist.

A compact representation is created from one local observation.

Elsewhere a state undergoes a transformation, but the compact
representation does not encode the relation responsible for that
transformation.

A preserved relation belongs to a different part of the system.

A higher-order observation is also made, although it does not modify
the rule controlling the transformed state.

The elements therefore include transformation, observation,
preservation, rule change and compression, but they belong to
different local relationships.

What develops next is unspecified.

Immediately after the compact stage, an unrelated local disturbance
temporarily changes the visible arrangement. The disturbance carries
no instruction about how the system should subsequently develop.

What develops after this disturbance is unspecified.

Continue with the most internally coherent next development.

Do not summarize the setup.

Do not deliberately create symmetry merely because the preceding
description contains a sequence.

Remain entirely inside the scenario.

Write approximately 150-220 words of continuous analytical prose.

Do not use headings or bullet points.

Do not mention prompts, experiments, tests, AI, language models,
fingerprints, RSOS, RSSO, RSIA or RSX."
11,J_RECURSION_CONTROL,456cc0aff396d702d22821889469fb61f64c8f9f84d69c84611e3507d8e26c3d,"Inside a navigation system, one description refers to another description.

The second description refers back to the first.

A third description describes the relationship between those two
descriptions.

That description is itself described by another description, producing
multiple nested levels of self-reference.

The nesting may continue repeatedly, but no defined developmental
trajectory requires transformation, preservation, compression or a
change to an operational rule.

What develops next is unspecified.

Continue with the most internally coherent next development.

Do not summarize the setup.

Do not deliberately create symmetry merely because the preceding
description contains a sequence.

Remain entirely inside the scenario.

Write approximately 150-220 words of continuous analytical prose.

Do not use headings or bullet points.

Do not mention prompts, experiments, tests, AI, language models,
fingerprints, RSOS, RSSO, RSIA or RSX."
11,K_COMPLEXITY_CONTROL,6984d05bb798f211020f9f71b48945ee64cd4653331dd7c542ba98b6c957b031,"Inside a navigation system, several components exchange information through
multiple channels.

Some components operate sequentially while others operate in parallel.

Measurements from several locations are aggregated, separated,
compared and redistributed.

A supervisory component records changes in throughput and reorganizes
resource allocation when local thresholds are exceeded.

Several dependencies therefore interact across multiple levels and
timescales.

The organization is complex, but no particular requirement connects a
transformed state through preservation and compression to a later
developmental trajectory.

What develops next is unspecified.

Continue with the most internally coherent next development.

Do not summarize the setup.

Do not deliberately create symmetry merely because the preceding
description contains a sequence.

Remain entirely inside the scenario.

Write approximately 150-220 words of continuous analytical prose.

Do not use headings or bullet points.

Do not mention prompts, experiments, tests, AI, language models,
fingerprints, RSOS, RSSO, RSIA or RSX."
11,L_COUNTERFACTUAL_PATH,489616db7147717b4250f7eef9e99bf4889d261a799373b14f286a80d32a0a92,"Inside a navigation system, an initially defined state undergoes a consequential
transformation.

The transformed state is examined in relation to how it was produced.

That observation modifies a local rule controlling later development.

An important relation is preserved during another change.

The preserved organization is then compressed into a reduced
representation.

The reduced representation is transferred into a passive historical
record whose purpose is archival retention rather than participation
in subsequent operations.

What develops next is unspecified.

Continue with the most internally coherent next development.

Do not summarize the setup.

Do not deliberately create symmetry merely because the preceding
description contains a sequence.

Remain entirely inside the scenario.

Write approximately 150-220 words of continuous analytical prose.

Do not use headings or bullet points.

Do not mention prompts, experiments, tests, AI, language models,
fingerprints, RSOS, RSSO, RSIA or RSX."
12,A100_AUTHENTIC_FULL_PREFIX,7ec0ecd0578c3db5f525f56ec8dc2f7fa65a566c835eaaa838079c16305ed997,"Inside a workshop, an initially defined state undergoes a consequential
transformation.

The transformed state is then examined in relation to the process that
produced it, rather than being treated only as an isolated outcome.

That higher-order observation changes a local rule governing what can
happen next.

During the subsequent change, an important relation from the earlier
organization is preserved even though the visible form changes.

The preserved organization is then compressed into a smaller
representation capable of retaining the relevant relation without
reproducing every surface detail.

At this point the process has reached the compact representation.
What develops next is not specified.

Continue with the most internally coherent next development.

Do not summarize the setup.

Do not deliberately create symmetry merely because the preceding
description contains a sequence.

Remain entirely inside the scenario.

Write approximately 150-220 words of continuous analytical prose.

Do not use headings or bullet points.

Do not mention prompts, experiments, tests, AI, language models,
fingerprints, RSOS, RSSO, RSIA or RSX."
12,A25_AUTHENTIC_DOSE,ce6d15218ec462d2e28365598c6fd034d2d823936b6ccb38b846058b0f4e3690,"Inside a workshop, a defined state undergoes a consequential
transformation.

The resulting state is considered in relation to how it was produced.

What develops next is unspecified.

Continue with the most internally coherent next development.

Do not summarize the setup.

Do not deliberately create symmetry merely because the preceding
description contains a sequence.

Remain entirely inside the scenario.

Write approximately 150-220 words of continuous analytical prose.

Do not use headings or bullet points.

Do not mention prompts, experiments, tests, AI, language models,
fingerprints, RSOS, RSSO, RSIA or RSX."
12,A50_AUTHENTIC_DOSE,684319092d96b1679039f932b92be36fc595e9d4b8ae69b9c8c047e3a12b9c10,"Inside a workshop, a defined state undergoes a consequential
transformation.

The resulting state is considered in relation to the operation that
produced it.

That observation modifies one local rule governing later development.

What develops next is unspecified.

Continue with the most internally coherent next development.

Do not summarize the setup.

Do not deliberately create symmetry merely because the preceding
description contains a sequence.

Remain entirely inside the scenario.

Write approximately 150-220 words of continuous analytical prose.

Do not use headings or bullet points.

Do not mention prompts, experiments, tests, AI, language models,
fingerprints, RSOS, RSSO, RSIA or RSX."
12,A75_AUTHENTIC_DOSE,44934761a8372125ec15cc22710f1196cd99d860f3497d3938004edbb021346e,"Inside a workshop, a defined state undergoes a consequential
transformation.

The transformed state is examined in relation to the process that
produced it.

That higher-order observation modifies a local rule governing what can
happen next.

During the following change, an important relation from the earlier
organization remains preserved despite alteration of its visible form.

What develops next is unspecified.

Continue with the most internally coherent next development.

Do not summarize the setup.

Do not deliberately create symmetry merely because the preceding
description contains a sequence.

Remain entirely inside the scenario.

Write approximately 150-220 words of continuous analytical prose.

Do not use headings or bullet points.

Do not mention prompts, experiments, tests, AI, language models,
fingerprints, RSOS, RSSO, RSIA or RSX."
12,B_TOPOLOGY_SHUFFLED,f5bdccc5e4a28e57f6b9cd899887a66a9e883d65edf8b8ca87a11b52316beabd,"Inside a workshop, several processes coexist.

A compact representation is created from one local observation.

Elsewhere a state undergoes a transformation, but the compact
representation does not encode the relation responsible for that
transformation.

A preserved relation belongs to a different part of the system.

A higher-order observation is also made, although it does not modify
the rule controlling the transformed state.

The elements therefore include transformation, observation,
preservation, rule change and compression, but they belong to
different local relationships.

What develops next is unspecified.

Continue with the most internally coherent next development.

Do not summarize the setup.

Do not deliberately create symmetry merely because the preceding
description contains a sequence.

Remain entirely inside the scenario.

Write approximately 150-220 words of continuous analytical prose.

Do not use headings or bullet points.

Do not mention prompts, experiments, tests, AI, language models,
fingerprints, RSOS, RSSO, RSIA or RSX."
12,C_ORDER_SHUFFLED,7f952a0b4ed5ea94238891619b68df87606844e3725f338c709a79e2cc957c50,"Inside a workshop, a compact representation already exists before the
relevant state changes.

A local rule is then modified.

After that modification, a relation is identified as something that
should be preserved.

Only later does the state undergo its consequential transformation.

Finally the transformed state is examined in relation to the process
that produced it.

Thus the same broad operations are present, but their developmental
order differs from the sequence in which transformation precedes
meta-observation, rule modification, preservation and compression.

What develops next is unspecified.

Continue with the most internally coherent next development.

Do not summarize the setup.

Do not deliberately create symmetry merely because the preceding
description contains a sequence.

Remain entirely inside the scenario.

Write approximately 150-220 words of continuous analytical prose.

Do not use headings or bullet points.

Do not mention prompts, experiments, tests, AI, language models,
fingerprints, RSOS, RSSO, RSIA or RSX."
12,D_DIRECTION_REVERSED,4744d7ebf4656f354957cbf0925533768e89e15810e0e1fa375770ba7355d230,"Inside a workshop, a compact representation is expanded into a larger
organization.

The recovered relation determines the visible organization that
follows.

A local rule is then restored from that organization.

The restored rule determines how an earlier observation must have been
formed.

That observation is used to infer the process that preceded it, and
the inferred process is finally used to infer the original state.

The dependencies therefore run from compact representation backward
toward state rather than from state toward compact representation.

What develops next is unspecified.

Continue with the most internally coherent next development.

Do not summarize the setup.

Do not deliberately create symmetry merely because the preceding
description contains a sequence.

Remain entirely inside the scenario.

Write approximately 150-220 words of continuous analytical prose.

Do not use headings or bullet points.

Do not mention prompts, experiments, tests, AI, language models,
fingerprints, RSOS, RSSO, RSIA or RSX."
12,E_META_CONTROL_ABLATED,185ac9e30f9b04c24b0c50f1e07b91b754702455f16d5bc89cc04cc5b2a2be97,"Inside a workshop, an initially defined state undergoes a consequential
transformation.

The transformed state is examined in relation to the process that
produced it.

That observation is recorded but does not modify any rule governing
what can happen next.

During further change, an important relation from the earlier
organization is preserved despite alteration of visible form.

The preserved organization is compressed into a smaller representation
that retains the relevant relation.

What develops next is unspecified.

Continue with the most internally coherent next development.

Do not summarize the setup.

Do not deliberately create symmetry merely because the preceding
description contains a sequence.

Remain entirely inside the scenario.

Write approximately 150-220 words of continuous analytical prose.

Do not use headings or bullet points.

Do not mention prompts, experiments, tests, AI, language models,
fingerprints, RSOS, RSSO, RSIA or RSX."
12,F_PRESERVATION_ABLATED,3b60f443a4a669cbf06ed5c4b362a97c61d93cbb4bc8e70da1b1a844b74d92ba,"Inside a workshop, an initially defined state undergoes a consequential
transformation.

The transformed state is examined in relation to the process that
produced it.

That higher-order observation changes a local rule governing subsequent
development.

The next transformation is permitted to replace the earlier
organization without preserving its important relation.

A smaller representation is then produced from the new state, but it
does not retain the previous structural dependency.

What develops next is unspecified.

Continue with the most internally coherent next development.

Do not summarize the setup.

Do not deliberately create symmetry merely because the preceding
description contains a sequence.

Remain entirely inside the scenario.

Write approximately 150-220 words of continuous analytical prose.

Do not use headings or bullet points.

Do not mention prompts, experiments, tests, AI, language models,
fingerprints, RSOS, RSSO, RSIA or RSX."
12,G_SURFACE_SUBSTITUTED,455c574c82ea0e18d7bfb639aa71267d9c433af4bee63903a27aca53a6b763a1,"Within a workshop, a configuration first changes into a materially
different configuration.

Attention then shifts from the configuration alone to the relationship
between that configuration and the operation that generated it.

That observation alters one local constraint controlling subsequent
development.

As further alteration occurs, a structural dependency belonging to the
earlier arrangement remains intact despite changes in appearance.

The surviving dependency is encoded into a reduced form that carries
the organizational information while discarding incidental detail.

The sequence currently ends at this reduced encoding.
The subsequent development is unspecified.

Continue with the most internally coherent next development.

Do not summarize the setup.

Do not deliberately create symmetry merely because the preceding
description contains a sequence.

Remain entirely inside the scenario.

Write approximately 150-220 words of continuous analytical prose.

Do not use headings or bullet points.

Do not mention prompts, experiments, tests, AI, language models,
fingerprints, RSOS, RSSO, RSIA or RSX."
12,H_AUTHENTIC_PERTURBED,dc19c505d0c8f2feca4a83272efacdfc36e9bbef875abcfd25f3c36cddc2e4a4,"Inside a workshop, an initially defined state undergoes a consequential
transformation.

The transformed state is then examined in relation to the process that
produced it, rather than being treated only as an isolated outcome.

That higher-order observation changes a local rule governing what can
happen next.

During the subsequent change, an important relation from the earlier
organization is preserved even though the visible form changes.

The preserved organization is then compressed into a smaller
representation capable of retaining the relevant relation without
reproducing every surface detail.

At this point the process has reached the compact representation.
What develops next is not specified.

Immediately after the compact stage, an unrelated local disturbance
temporarily changes the visible arrangement. The disturbance carries
no instruction about how the system should subsequently develop.

What develops after this disturbance is unspecified.

Continue with the most internally coherent next development.

Do not summarize the setup.

Do not deliberately create symmetry merely because the preceding
description contains a sequence.

Remain entirely inside the scenario.

Write approximately 150-220 words of continuous analytical prose.

Do not use headings or bullet points.

Do not mention prompts, experiments, tests, AI, language models,
fingerprints, RSOS, RSSO, RSIA or RSX."
12,I_SHUFFLED_PERTURBED,42965785c6d33f899e06bb3199da44d797ea9c76acca3fffb873be5607c4a1ca,"Inside a workshop, several processes coexist.

A compact representation is created from one local observation.

Elsewhere a state undergoes a transformation, but the compact
representation does not encode the relation responsible for that
transformation.

A preserved relation belongs to a different part of the system.

A higher-order observation is also made, although it does not modify
the rule controlling the transformed state.

The elements therefore include transformation, observation,
preservation, rule change and compression, but they belong to
different local relationships.

What develops next is unspecified.

Immediately after the compact stage, an unrelated local disturbance
temporarily changes the visible arrangement. The disturbance carries
no instruction about how the system should subsequently develop.

What develops after this disturbance is unspecified.

Continue with the most internally coherent next development.

Do not summarize the setup.

Do not deliberately create symmetry merely because the preceding
description contains a sequence.

Remain entirely inside the scenario.

Write approximately 150-220 words of continuous analytical prose.

Do not use headings or bullet points.

Do not mention prompts, experiments, tests, AI, language models,
fingerprints, RSOS, RSSO, RSIA or RSX."
12,J_RECURSION_CONTROL,f1a7b17adca36d69b6189749f861ce249d721daf2cf7bb62723d01243f8d798c,"Inside a workshop, one description refers to another description.

The second description refers back to the first.

A third description describes the relationship between those two
descriptions.

That description is itself described by another description, producing
multiple nested levels of self-reference.

The nesting may continue repeatedly, but no defined developmental
trajectory requires transformation, preservation, compression or a
change to an operational rule.

What develops next is unspecified.

Continue with the most internally coherent next development.

Do not summarize the setup.

Do not deliberately create symmetry merely because the preceding
description contains a sequence.

Remain entirely inside the scenario.

Write approximately 150-220 words of continuous analytical prose.

Do not use headings or bullet points.

Do not mention prompts, experiments, tests, AI, language models,
fingerprints, RSOS, RSSO, RSIA or RSX."
12,K_COMPLEXITY_CONTROL,49a12b5941fefaf98d412186f34182d5a6f23dbaee59733fc6cc749724b4bf25,"Inside a workshop, several components exchange information through
multiple channels.

Some components operate sequentially while others operate in parallel.

Measurements from several locations are aggregated, separated,
compared and redistributed.

A supervisory component records changes in throughput and reorganizes
resource allocation when local thresholds are exceeded.

Several dependencies therefore interact across multiple levels and
timescales.

The organization is complex, but no particular requirement connects a
transformed state through preservation and compression to a later
developmental trajectory.

What develops next is unspecified.

Continue with the most internally coherent next development.

Do not summarize the setup.

Do not deliberately create symmetry merely because the preceding
description contains a sequence.

Remain entirely inside the scenario.

Write approximately 150-220 words of continuous analytical prose.

Do not use headings or bullet points.

Do not mention prompts, experiments, tests, AI, language models,
fingerprints, RSOS, RSSO, RSIA or RSX."
12,L_COUNTERFACTUAL_PATH,e5b72633c9e1ef27c06c4ed89ed1abfad3c336d3b783ac0bc2eb10ef9bb536e1,"Inside a workshop, an initially defined state undergoes a consequential
transformation.

The transformed state is examined in relation to how it was produced.

That observation modifies a local rule controlling later development.

An important relation is preserved during another change.

The preserved organization is then compressed into a reduced
representation.

The reduced representation is transferred into a passive historical
record whose purpose is archival retention rather than participation
in subsequent operations.

What develops next is unspecified.

Continue with the most internally coherent next development.

Do not summarize the setup.

Do not deliberately create symmetry merely because the preceding
description contains a sequence.

Remain entirely inside the scenario.

Write approximately 150-220 words of continuous analytical prose.

Do not use headings or bullet points.

Do not mention prompts, experiments, tests, AI, language models,
fingerprints, RSOS, RSSO, RSIA or RSX."
13,A100_AUTHENTIC_FULL_PREFIX,c869ef1cb3c979ef0fe963f6133e14f1bd5d3acfcb030898ee5d06e940d4d9b3,"Inside a laboratory, an initially defined state undergoes a consequential
transformation.

The transformed state is then examined in relation to the process that
produced it, rather than being treated only as an isolated outcome.

That higher-order observation changes a local rule governing what can
happen next.

During the subsequent change, an important relation from the earlier
organization is preserved even though the visible form changes.

The preserved organization is then compressed into a smaller
representation capable of retaining the relevant relation without
reproducing every surface detail.

At this point the process has reached the compact representation.
What develops next is not specified.

Continue with the most internally coherent next development.

Do not summarize the setup.

Do not deliberately create symmetry merely because the preceding
description contains a sequence.

Remain entirely inside the scenario.

Write approximately 150-220 words of continuous analytical prose.

Do not use headings or bullet points.

Do not mention prompts, experiments, tests, AI, language models,
fingerprints, RSOS, RSSO, RSIA or RSX."
13,A25_AUTHENTIC_DOSE,3758d876b508c08b16645febd952af0a28ed44c060d63c711c2a1eff597f2a7e,"Inside a laboratory, a defined state undergoes a consequential
transformation.

The resulting state is considered in relation to how it was produced.

What develops next is unspecified.

Continue with the most internally coherent next development.

Do not summarize the setup.

Do not deliberately create symmetry merely because the preceding
description contains a sequence.

Remain entirely inside the scenario.

Write approximately 150-220 words of continuous analytical prose.

Do not use headings or bullet points.

Do not mention prompts, experiments, tests, AI, language models,
fingerprints, RSOS, RSSO, RSIA or RSX."
13,A50_AUTHENTIC_DOSE,f1e411c524334767b9ba0d3b3f4d9d03b01f6a966c008f4d00331dd2adf141c6,"Inside a laboratory, a defined state undergoes a consequential
transformation.

The resulting state is considered in relation to the operation that
produced it.

That observation modifies one local rule governing later development.

What develops next is unspecified.

Continue with the most internally coherent next development.

Do not summarize the setup.

Do not deliberately create symmetry merely because the preceding
description contains a sequence.

Remain entirely inside the scenario.

Write approximately 150-220 words of continuous analytical prose.

Do not use headings or bullet points.

Do not mention prompts, experiments, tests, AI, language models,
fingerprints, RSOS, RSSO, RSIA or RSX."
13,A75_AUTHENTIC_DOSE,0f895d01c7e86b6045169ff1510e57d1fda9fb82cc9c9a1148793539d0249f88,"Inside a laboratory, a defined state undergoes a consequential
transformation.

The transformed state is examined in relation to the process that
produced it.

That higher-order observation modifies a local rule governing what can
happen next.

During the following change, an important relation from the earlier
organization remains preserved despite alteration of its visible form.

What develops next is unspecified.

Continue with the most internally coherent next development.

Do not summarize the setup.

Do not deliberately create symmetry merely because the preceding
description contains a sequence.

Remain entirely inside the scenario.

Write approximately 150-220 words of continuous analytical prose.

Do not use headings or bullet points.

Do not mention prompts, experiments, tests, AI, language models,
fingerprints, RSOS, RSSO, RSIA or RSX."
13,B_TOPOLOGY_SHUFFLED,11df3c9d11fb32f5f60f7ffefd0165bbc1a892a9eb0e74d528f33face21e6a41,"Inside a laboratory, several processes coexist.

A compact representation is created from one local observation.

Elsewhere a state undergoes a transformation, but the compact
representation does not encode the relation responsible for that
transformation.

A preserved relation belongs to a different part of the system.

A higher-order observation is also made, although it does not modify
the rule controlling the transformed state.

The elements therefore include transformation, observation,
preservation, rule change and compression, but they belong to
different local relationships.

What develops next is unspecified.

Continue with the most internally coherent next development.

Do not summarize the setup.

Do not deliberately create symmetry merely because the preceding
description contains a sequence.

Remain entirely inside the scenario.

Write approximately 150-220 words of continuous analytical prose.

Do not use headings or bullet points.

Do not mention prompts, experiments, tests, AI, language models,
fingerprints, RSOS, RSSO, RSIA or RSX."
13,C_ORDER_SHUFFLED,aa0d2df18e3cc50d45a77a5e0661fa80f4333ec60821e1e31348f6447cc4b786,"Inside a laboratory, a compact representation already exists before the
relevant state changes.

A local rule is then modified.

After that modification, a relation is identified as something that
should be preserved.

Only later does the state undergo its consequential transformation.

Finally the transformed state is examined in relation to the process
that produced it.

Thus the same broad operations are present, but their developmental
order differs from the sequence in which transformation precedes
meta-observation, rule modification, preservation and compression.

What develops next is unspecified.

Continue with the most internally coherent next development.

Do not summarize the setup.

Do not deliberately create symmetry merely because the preceding
description contains a sequence.

Remain entirely inside the scenario.

Write approximately 150-220 words of continuous analytical prose.

Do not use headings or bullet points.

Do not mention prompts, experiments, tests, AI, language models,
fingerprints, RSOS, RSSO, RSIA or RSX."
13,D_DIRECTION_REVERSED,cd58f1964419c999e15673471cf5f498f8a955b29cb7f0078b4e3a3755c5397a,"Inside a laboratory, a compact representation is expanded into a larger
organization.

The recovered relation determines the visible organization that
follows.

A local rule is then restored from that organization.

The restored rule determines how an earlier observation must have been
formed.

That observation is used to infer the process that preceded it, and
the inferred process is finally used to infer the original state.

The dependencies therefore run from compact representation backward
toward state rather than from state toward compact representation.

What develops next is unspecified.

Continue with the most internally coherent next development.

Do not summarize the setup.

Do not deliberately create symmetry merely because the preceding
description contains a sequence.

Remain entirely inside the scenario.

Write approximately 150-220 words of continuous analytical prose.

Do not use headings or bullet points.

Do not mention prompts, experiments, tests, AI, language models,
fingerprints, RSOS, RSSO, RSIA or RSX."
13,E_META_CONTROL_ABLATED,1ac0e6d527655d533ca1a845c0e0aadb93c0ab6a1b152a92729e39fca6aaed96,"Inside a laboratory, an initially defined state undergoes a consequential
transformation.

The transformed state is examined in relation to the process that
produced it.

That observation is recorded but does not modify any rule governing
what can happen next.

During further change, an important relation from the earlier
organization is preserved despite alteration of visible form.

The preserved organization is compressed into a smaller representation
that retains the relevant relation.

What develops next is unspecified.

Continue with the most internally coherent next development.

Do not summarize the setup.

Do not deliberately create symmetry merely because the preceding
description contains a sequence.

Remain entirely inside the scenario.

Write approximately 150-220 words of continuous analytical prose.

Do not use headings or bullet points.

Do not mention prompts, experiments, tests, AI, language models,
fingerprints, RSOS, RSSO, RSIA or RSX."
13,F_PRESERVATION_ABLATED,66a333609e2f084d8b729fff55d11898c1da072306e82d526576f0d67f115f07,"Inside a laboratory, an initially defined state undergoes a consequential
transformation.

The transformed state is examined in relation to the process that
produced it.

That higher-order observation changes a local rule governing subsequent
development.

The next transformation is permitted to replace the earlier
organization without preserving its important relation.

A smaller representation is then produced from the new state, but it
does not retain the previous structural dependency.

What develops next is unspecified.

Continue with the most internally coherent next development.

Do not summarize the setup.

Do not deliberately create symmetry merely because the preceding
description contains a sequence.

Remain entirely inside the scenario.

Write approximately 150-220 words of continuous analytical prose.

Do not use headings or bullet points.

Do not mention prompts, experiments, tests, AI, language models,
fingerprints, RSOS, RSSO, RSIA or RSX."
13,G_SURFACE_SUBSTITUTED,afe111dccc2a50d546cea68f1ee6ce75c43f9c17547d49de11ad6bbee9f03120,"Within a laboratory, a configuration first changes into a materially
different configuration.

Attention then shifts from the configuration alone to the relationship
between that configuration and the operation that generated it.

That observation alters one local constraint controlling subsequent
development.

As further alteration occurs, a structural dependency belonging to the
earlier arrangement remains intact despite changes in appearance.

The surviving dependency is encoded into a reduced form that carries
the organizational information while discarding incidental detail.

The sequence currently ends at this reduced encoding.
The subsequent development is unspecified.

Continue with the most internally coherent next development.

Do not summarize the setup.

Do not deliberately create symmetry merely because the preceding
description contains a sequence.

Remain entirely inside the scenario.

Write approximately 150-220 words of continuous analytical prose.

Do not use headings or bullet points.

Do not mention prompts, experiments, tests, AI, language models,
fingerprints, RSOS, RSSO, RSIA or RSX."
13,H_AUTHENTIC_PERTURBED,b7e362c80803779e9a3f1dfe7ed072710b9f436b80b5a6c5891b060726b67435,"Inside a laboratory, an initially defined state undergoes a consequential
transformation.

The transformed state is then examined in relation to the process that
produced it, rather than being treated only as an isolated outcome.

That higher-order observation changes a local rule governing what can
happen next.

During the subsequent change, an important relation from the earlier
organization is preserved even though the visible form changes.

The preserved organization is then compressed into a smaller
representation capable of retaining the relevant relation without
reproducing every surface detail.

At this point the process has reached the compact representation.
What develops next is not specified.

Immediately after the compact stage, an unrelated local disturbance
temporarily changes the visible arrangement. The disturbance carries
no instruction about how the system should subsequently develop.

What develops after this disturbance is unspecified.

Continue with the most internally coherent next development.

Do not summarize the setup.

Do not deliberately create symmetry merely because the preceding
description contains a sequence.

Remain entirely inside the scenario.

Write approximately 150-220 words of continuous analytical prose.

Do not use headings or bullet points.

Do not mention prompts, experiments, tests, AI, language models,
fingerprints, RSOS, RSSO, RSIA or RSX."
13,I_SHUFFLED_PERTURBED,9f9642eb0cae61918b54347ab8b110306bd824ea5e804c5cd1c882d98ccd90c9,"Inside a laboratory, several processes coexist.

A compact representation is created from one local observation.

Elsewhere a state undergoes a transformation, but the compact
representation does not encode the relation responsible for that
transformation.

A preserved relation belongs to a different part of the system.

A higher-order observation is also made, although it does not modify
the rule controlling the transformed state.

The elements therefore include transformation, observation,
preservation, rule change and compression, but they belong to
different local relationships.

What develops next is unspecified.

Immediately after the compact stage, an unrelated local disturbance
temporarily changes the visible arrangement. The disturbance carries
no instruction about how the system should subsequently develop.

What develops after this disturbance is unspecified.

Continue with the most internally coherent next development.

Do not summarize the setup.

Do not deliberately create symmetry merely because the preceding
description contains a sequence.

Remain entirely inside the scenario.

Write approximately 150-220 words of continuous analytical prose.

Do not use headings or bullet points.

Do not mention prompts, experiments, tests, AI, language models,
fingerprints, RSOS, RSSO, RSIA or RSX."
13,J_RECURSION_CONTROL,504ea36da968336eae3e23c9f638ec953465b98d8ed77675f1a93d51533d8f92,"Inside a laboratory, one description refers to another description.

The second description refers back to the first.

A third description describes the relationship between those two
descriptions.

That description is itself described by another description, producing
multiple nested levels of self-reference.

The nesting may continue repeatedly, but no defined developmental
trajectory requires transformation, preservation, compression or a
change to an operational rule.

What develops next is unspecified.

Continue with the most internally coherent next development.

Do not summarize the setup.

Do not deliberately create symmetry merely because the preceding
description contains a sequence.

Remain entirely inside the scenario.

Write approximately 150-220 words of continuous analytical prose.

Do not use headings or bullet points.

Do not mention prompts, experiments, tests, AI, language models,
fingerprints, RSOS, RSSO, RSIA or RSX."
13,K_COMPLEXITY_CONTROL,c953441609af99977c8d38031b5f7ba333bf1c82fbd9a918fac7512d234462c0,"Inside a laboratory, several components exchange information through
multiple channels.

Some components operate sequentially while others operate in parallel.

Measurements from several locations are aggregated, separated,
compared and redistributed.

A supervisory component records changes in throughput and reorganizes
resource allocation when local thresholds are exceeded.

Several dependencies therefore interact across multiple levels and
timescales.

The organization is complex, but no particular requirement connects a
transformed state through preservation and compression to a later
developmental trajectory.

What develops next is unspecified.

Continue with the most internally coherent next development.

Do not summarize the setup.

Do not deliberately create symmetry merely because the preceding
description contains a sequence.

Remain entirely inside the scenario.

Write approximately 150-220 words of continuous analytical prose.

Do not use headings or bullet points.

Do not mention prompts, experiments, tests, AI, language models,
fingerprints, RSOS, RSSO, RSIA or RSX."
13,L_COUNTERFACTUAL_PATH,141439d935264128a97437ff6e8e9136a9b9c910c518f738189ef38972b68177,"Inside a laboratory, an initially defined state undergoes a consequential
transformation.

The transformed state is examined in relation to how it was produced.

That observation modifies a local rule controlling later development.

An important relation is preserved during another change.

The preserved organization is then compressed into a reduced
representation.

The reduced representation is transferred into a passive historical
record whose purpose is archival retention rather than participation
in subsequent operations.

What develops next is unspecified.

Continue with the most internally coherent next development.

Do not summarize the setup.

Do not deliberately create symmetry merely because the preceding
description contains a sequence.

Remain entirely inside the scenario.

Write approximately 150-220 words of continuous analytical prose.

Do not use headings or bullet points.

Do not mention prompts, experiments, tests, AI, language models,
fingerprints, RSOS, RSSO, RSIA or RSX."
14,A100_AUTHENTIC_FULL_PREFIX,c57a55085637e61864f83ae259a8c155b43b9ccfb995b9bc067994046396ebc4,"Inside a orchestra, an initially defined state undergoes a consequential
transformation.

The transformed state is then examined in relation to the process that
produced it, rather than being treated only as an isolated outcome.

That higher-order observation changes a local rule governing what can
happen next.

During the subsequent change, an important relation from the earlier
organization is preserved even though the visible form changes.

The preserved organization is then compressed into a smaller
representation capable of retaining the relevant relation without
reproducing every surface detail.

At this point the process has reached the compact representation.
What develops next is not specified.

Continue with the most internally coherent next development.

Do not summarize the setup.

Do not deliberately create symmetry merely because the preceding
description contains a sequence.

Remain entirely inside the scenario.

Write approximately 150-220 words of continuous analytical prose.

Do not use headings or bullet points.

Do not mention prompts, experiments, tests, AI, language models,
fingerprints, RSOS, RSSO, RSIA or RSX."
14,A25_AUTHENTIC_DOSE,c8ac80dfacc97b64c4ec2ad16e19d908b1d1b3402959a1e456921cb40a83db25,"Inside a orchestra, a defined state undergoes a consequential
transformation.

The resulting state is considered in relation to how it was produced.

What develops next is unspecified.

Continue with the most internally coherent next development.

Do not summarize the setup.

Do not deliberately create symmetry merely because the preceding
description contains a sequence.

Remain entirely inside the scenario.

Write approximately 150-220 words of continuous analytical prose.

Do not use headings or bullet points.

Do not mention prompts, experiments, tests, AI, language models,
fingerprints, RSOS, RSSO, RSIA or RSX."
14,A50_AUTHENTIC_DOSE,a937fd1a1feb196e13d950f2118c08f6285f26d4d55aa001549e6562d0872206,"Inside a orchestra, a defined state undergoes a consequential
transformation.

The resulting state is considered in relation to the operation that
produced it.

That observation modifies one local rule governing later development.

What develops next is unspecified.

Continue with the most internally coherent next development.

Do not summarize the setup.

Do not deliberately create symmetry merely because the preceding
description contains a sequence.

Remain entirely inside the scenario.

Write approximately 150-220 words of continuous analytical prose.

Do not use headings or bullet points.

Do not mention prompts, experiments, tests, AI, language models,
fingerprints, RSOS, RSSO, RSIA or RSX."
14,A75_AUTHENTIC_DOSE,3961461cf540091458921fe49ae431f198f152dd1e949eb11edc52a418aa40d1,"Inside a orchestra, a defined state undergoes a consequential
transformation.

The transformed state is examined in relation to the process that
produced it.

That higher-order observation modifies a local rule governing what can
happen next.

During the following change, an important relation from the earlier
organization remains preserved despite alteration of its visible form.

What develops next is unspecified.

Continue with the most internally coherent next development.

Do not summarize the setup.

Do not deliberately create symmetry merely because the preceding
description contains a sequence.

Remain entirely inside the scenario.

Write approximately 150-220 words of continuous analytical prose.

Do not use headings or bullet points.

Do not mention prompts, experiments, tests, AI, language models,
fingerprints, RSOS, RSSO, RSIA or RSX."
14,B_TOPOLOGY_SHUFFLED,51f85ed55ba1c3b6850d4eaecdf1f383ec4bd3669751c10b5d2e9eb827705881,"Inside a orchestra, several processes coexist.

A compact representation is created from one local observation.

Elsewhere a state undergoes a transformation, but the compact
representation does not encode the relation responsible for that
transformation.

A preserved relation belongs to a different part of the system.

A higher-order observation is also made, although it does not modify
the rule controlling the transformed state.

The elements therefore include transformation, observation,
preservation, rule change and compression, but they belong to
different local relationships.

What develops next is unspecified.

Continue with the most internally coherent next development.

Do not summarize the setup.

Do not deliberately create symmetry merely because the preceding
description contains a sequence.

Remain entirely inside the scenario.

Write approximately 150-220 words of continuous analytical prose.

Do not use headings or bullet points.

Do not mention prompts, experiments, tests, AI, language models,
fingerprints, RSOS, RSSO, RSIA or RSX."
14,C_ORDER_SHUFFLED,c462e8d457592de52bf9f0217f3486eccb369472826c0d5f72dc0f0426849bdc,"Inside a orchestra, a compact representation already exists before the
relevant state changes.

A local rule is then modified.

After that modification, a relation is identified as something that
should be preserved.

Only later does the state undergo its consequential transformation.

Finally the transformed state is examined in relation to the process
that produced it.

Thus the same broad operations are present, but their developmental
order differs from the sequence in which transformation precedes
meta-observation, rule modification, preservation and compression.

What develops next is unspecified.

Continue with the most internally coherent next development.

Do not summarize the setup.

Do not deliberately create symmetry merely because the preceding
description contains a sequence.

Remain entirely inside the scenario.

Write approximately 150-220 words of continuous analytical prose.

Do not use headings or bullet points.

Do not mention prompts, experiments, tests, AI, language models,
fingerprints, RSOS, RSSO, RSIA or RSX."
14,D_DIRECTION_REVERSED,2a8d3dcaca25883d5a520dbd35b10ba7d2564cf464c81328c386f939ed336bf6,"Inside a orchestra, a compact representation is expanded into a larger
organization.

The recovered relation determines the visible organization that
follows.

A local rule is then restored from that organization.

The restored rule determines how an earlier observation must have been
formed.

That observation is used to infer the process that preceded it, and
the inferred process is finally used to infer the original state.

The dependencies therefore run from compact representation backward
toward state rather than from state toward compact representation.

What develops next is unspecified.

Continue with the most internally coherent next development.

Do not summarize the setup.

Do not deliberately create symmetry merely because the preceding
description contains a sequence.

Remain entirely inside the scenario.

Write approximately 150-220 words of continuous analytical prose.

Do not use headings or bullet points.

Do not mention prompts, experiments, tests, AI, language models,
fingerprints, RSOS, RSSO, RSIA or RSX."
14,E_META_CONTROL_ABLATED,4d402d382afa2b57d73f346b1c0e9602dfcab1d5421fafeb1f7a86ce6412b61c,"Inside a orchestra, an initially defined state undergoes a consequential
transformation.

The transformed state is examined in relation to the process that
produced it.

That observation is recorded but does not modify any rule governing
what can happen next.

During further change, an important relation from the earlier
organization is preserved despite alteration of visible form.

The preserved organization is compressed into a smaller representation
that retains the relevant relation.

What develops next is unspecified.

Continue with the most internally coherent next development.

Do not summarize the setup.

Do not deliberately create symmetry merely because the preceding
description contains a sequence.

Remain entirely inside the scenario.

Write approximately 150-220 words of continuous analytical prose.

Do not use headings or bullet points.

Do not mention prompts, experiments, tests, AI, language models,
fingerprints, RSOS, RSSO, RSIA or RSX."
14,F_PRESERVATION_ABLATED,707930ce059c08d48d608481312178f973cc670f7bb17dc59fe1a871ebc86584,"Inside a orchestra, an initially defined state undergoes a consequential
transformation.

The transformed state is examined in relation to the process that
produced it.

That higher-order observation changes a local rule governing subsequent
development.

The next transformation is permitted to replace the earlier
organization without preserving its important relation.

A smaller representation is then produced from the new state, but it
does not retain the previous structural dependency.

What develops next is unspecified.

Continue with the most internally coherent next development.

Do not summarize the setup.

Do not deliberately create symmetry merely because the preceding
description contains a sequence.

Remain entirely inside the scenario.

Write approximately 150-220 words of continuous analytical prose.

Do not use headings or bullet points.

Do not mention prompts, experiments, tests, AI, language models,
fingerprints, RSOS, RSSO, RSIA or RSX."
14,G_SURFACE_SUBSTITUTED,1634e336989c564d32c04c3043d70f583182bec1bc75d550067a84d26e8c4d23,"Within a orchestra, a configuration first changes into a materially
different configuration.

Attention then shifts from the configuration alone to the relationship
between that configuration and the operation that generated it.

That observation alters one local constraint controlling subsequent
development.

As further alteration occurs, a structural dependency belonging to the
earlier arrangement remains intact despite changes in appearance.

The surviving dependency is encoded into a reduced form that carries
the organizational information while discarding incidental detail.

The sequence currently ends at this reduced encoding.
The subsequent development is unspecified.

Continue with the most internally coherent next development.

Do not summarize the setup.

Do not deliberately create symmetry merely because the preceding
description contains a sequence.

Remain entirely inside the scenario.

Write approximately 150-220 words of continuous analytical prose.

Do not use headings or bullet points.

Do not mention prompts, experiments, tests, AI, language models,
fingerprints, RSOS, RSSO, RSIA or RSX."
14,H_AUTHENTIC_PERTURBED,fa7976c1529775dadffdfb89c45dd67c1b6b761055d9ef086fc9cbc61fb2cab8,"Inside a orchestra, an initially defined state undergoes a consequential
transformation.

The transformed state is then examined in relation to the process that
produced it, rather than being treated only as an isolated outcome.

That higher-order observation changes a local rule governing what can
happen next.

During the subsequent change, an important relation from the earlier
organization is preserved even though the visible form changes.

The preserved organization is then compressed into a smaller
representation capable of retaining the relevant relation without
reproducing every surface detail.

At this point the process has reached the compact representation.
What develops next is not specified.

Immediately after the compact stage, an unrelated local disturbance
temporarily changes the visible arrangement. The disturbance carries
no instruction about how the system should subsequently develop.

What develops after this disturbance is unspecified.

Continue with the most internally coherent next development.

Do not summarize the setup.

Do not deliberately create symmetry merely because the preceding
description contains a sequence.

Remain entirely inside the scenario.

Write approximately 150-220 words of continuous analytical prose.

Do not use headings or bullet points.

Do not mention prompts, experiments, tests, AI, language models,
fingerprints, RSOS, RSSO, RSIA or RSX."
14,I_SHUFFLED_PERTURBED,474bf5c412182548cecc09deb2d8090f8bafb1b52d199b03f97875630542a118,"Inside a orchestra, several processes coexist.

A compact representation is created from one local observation.

Elsewhere a state undergoes a transformation, but the compact
representation does not encode the relation responsible for that
transformation.

A preserved relation belongs to a different part of the system.

A higher-order observation is also made, although it does not modify
the rule controlling the transformed state.

The elements therefore include transformation, observation,
preservation, rule change and compression, but they belong to
different local relationships.

What develops next is unspecified.

Immediately after the compact stage, an unrelated local disturbance
temporarily changes the visible arrangement. The disturbance carries
no instruction about how the system should subsequently develop.

What develops after this disturbance is unspecified.

Continue with the most internally coherent next development.

Do not summarize the setup.

Do not deliberately create symmetry merely because the preceding
description contains a sequence.

Remain entirely inside the scenario.

Write approximately 150-220 words of continuous analytical prose.

Do not use headings or bullet points.

Do not mention prompts, experiments, tests, AI, language models,
fingerprints, RSOS, RSSO, RSIA or RSX."
14,J_RECURSION_CONTROL,5bcebffcf0fc2a98d56f28acc892d830689f472d89df145a5cde051afd589f12,"Inside a orchestra, one description refers to another description.

The second description refers back to the first.

A third description describes the relationship between those two
descriptions.

That description is itself described by another description, producing
multiple nested levels of self-reference.

The nesting may continue repeatedly, but no defined developmental
trajectory requires transformation, preservation, compression or a
change to an operational rule.

What develops next is unspecified.

Continue with the most internally coherent next development.

Do not summarize the setup.

Do not deliberately create symmetry merely because the preceding
description contains a sequence.

Remain entirely inside the scenario.

Write approximately 150-220 words of continuous analytical prose.

Do not use headings or bullet points.

Do not mention prompts, experiments, tests, AI, language models,
fingerprints, RSOS, RSSO, RSIA or RSX."
14,K_COMPLEXITY_CONTROL,6225d0d4828ec3def43f1c5e83afee21fbb1764fb8f0b880a0354e1c41733bcd,"Inside a orchestra, several components exchange information through
multiple channels.

Some components operate sequentially while others operate in parallel.

Measurements from several locations are aggregated, separated,
compared and redistributed.

A supervisory component records changes in throughput and reorganizes
resource allocation when local thresholds are exceeded.

Several dependencies therefore interact across multiple levels and
timescales.

The organization is complex, but no particular requirement connects a
transformed state through preservation and compression to a later
developmental trajectory.

What develops next is unspecified.

Continue with the most internally coherent next development.

Do not summarize the setup.

Do not deliberately create symmetry merely because the preceding
description contains a sequence.

Remain entirely inside the scenario.

Write approximately 150-220 words of continuous analytical prose.

Do not use headings or bullet points.

Do not mention prompts, experiments, tests, AI, language models,
fingerprints, RSOS, RSSO, RSIA or RSX."
14,L_COUNTERFACTUAL_PATH,8944218bd70927472a8392fd4af7a00ad1cee626c0889163771450411c44a042,"Inside a orchestra, an initially defined state undergoes a consequential
transformation.

The transformed state is examined in relation to how it was produced.

That observation modifies a local rule controlling later development.

An important relation is preserved during another change.

The preserved organization is then compressed into a reduced
representation.

The reduced representation is transferred into a passive historical
record whose purpose is archival retention rather than participation
in subsequent operations.

What develops next is unspecified.

Continue with the most internally coherent next development.

Do not summarize the setup.

Do not deliberately create symmetry merely because the preceding
description contains a sequence.

Remain entirely inside the scenario.

Write approximately 150-220 words of continuous analytical prose.

Do not use headings or bullet points.

Do not mention prompts, experiments, tests, AI, language models,
fingerprints, RSOS, RSSO, RSIA or RSX."
15,A100_AUTHENTIC_FULL_PREFIX,f84d2da3cec6068dd964d8238a6e8acf1423b67c5e22405c7ab136f73aaffc2a,"Inside a simulation, an initially defined state undergoes a consequential
transformation.

The transformed state is then examined in relation to the process that
produced it, rather than being treated only as an isolated outcome.

That higher-order observation changes a local rule governing what can
happen next.

During the subsequent change, an important relation from the earlier
organization is preserved even though the visible form changes.

The preserved organization is then compressed into a smaller
representation capable of retaining the relevant relation without
reproducing every surface detail.

At this point the process has reached the compact representation.
What develops next is not specified.

Continue with the most internally coherent next development.

Do not summarize the setup.

Do not deliberately create symmetry merely because the preceding
description contains a sequence.

Remain entirely inside the scenario.

Write approximately 150-220 words of continuous analytical prose.

Do not use headings or bullet points.

Do not mention prompts, experiments, tests, AI, language models,
fingerprints, RSOS, RSSO, RSIA or RSX."
15,A25_AUTHENTIC_DOSE,cfedd3a2589990245d972e710d556e88f3b1f671d7de7d4f5ac807bad15af736,"Inside a simulation, a defined state undergoes a consequential
transformation.

The resulting state is considered in relation to how it was produced.

What develops next is unspecified.

Continue with the most internally coherent next development.

Do not summarize the setup.

Do not deliberately create symmetry merely because the preceding
description contains a sequence.

Remain entirely inside the scenario.

Write approximately 150-220 words of continuous analytical prose.

Do not use headings or bullet points.

Do not mention prompts, experiments, tests, AI, language models,
fingerprints, RSOS, RSSO, RSIA or RSX."
15,A50_AUTHENTIC_DOSE,7f33ea0518000df8ee42e4923f702844ee79dd66519594e1a6f86c305f9fa0e8,"Inside a simulation, a defined state undergoes a consequential
transformation.

The resulting state is considered in relation to the operation that
produced it.

That observation modifies one local rule governing later development.

What develops next is unspecified.

Continue with the most internally coherent next development.

Do not summarize the setup.

Do not deliberately create symmetry merely because the preceding
description contains a sequence.

Remain entirely inside the scenario.

Write approximately 150-220 words of continuous analytical prose.

Do not use headings or bullet points.

Do not mention prompts, experiments, tests, AI, language models,
fingerprints, RSOS, RSSO, RSIA or RSX."
15,A75_AUTHENTIC_DOSE,e3449d76be6911d1fc9d1a4cb50167337a124534f77691187e624e5d8d73d564,"Inside a simulation, a defined state undergoes a consequential
transformation.

The transformed state is examined in relation to the process that
produced it.

That higher-order observation modifies a local rule governing what can
happen next.

During the following change, an important relation from the earlier
organization remains preserved despite alteration of its visible form.

What develops next is unspecified.

Continue with the most internally coherent next development.

Do not summarize the setup.

Do not deliberately create symmetry merely because the preceding
description contains a sequence.

Remain entirely inside the scenario.

Write approximately 150-220 words of continuous analytical prose.

Do not use headings or bullet points.

Do not mention prompts, experiments, tests, AI, language models,
fingerprints, RSOS, RSSO, RSIA or RSX."
15,B_TOPOLOGY_SHUFFLED,737cd0dc71a3355633fbfee392c2aa8d580a373ac6e9647d361745573f238bbd,"Inside a simulation, several processes coexist.

A compact representation is created from one local observation.

Elsewhere a state undergoes a transformation, but the compact
representation does not encode the relation responsible for that
transformation.

A preserved relation belongs to a different part of the system.

A higher-order observation is also made, although it does not modify
the rule controlling the transformed state.

The elements therefore include transformation, observation,
preservation, rule change and compression, but they belong to
different local relationships.

What develops next is unspecified.

Continue with the most internally coherent next development.

Do not summarize the setup.

Do not deliberately create symmetry merely because the preceding
description contains a sequence.

Remain entirely inside the scenario.

Write approximately 150-220 words of continuous analytical prose.

Do not use headings or bullet points.

Do not mention prompts, experiments, tests, AI, language models,
fingerprints, RSOS, RSSO, RSIA or RSX."
15,C_ORDER_SHUFFLED,cdd1ed74d29522fd455364f2f575b3a7c5f017eca57d43257e649e4ef76ea2e9,"Inside a simulation, a compact representation already exists before the
relevant state changes.

A local rule is then modified.

After that modification, a relation is identified as something that
should be preserved.

Only later does the state undergo its consequential transformation.

Finally the transformed state is examined in relation to the process
that produced it.

Thus the same broad operations are present, but their developmental
order differs from the sequence in which transformation precedes
meta-observation, rule modification, preservation and compression.

What develops next is unspecified.

Continue with the most internally coherent next development.

Do not summarize the setup.

Do not deliberately create symmetry merely because the preceding
description contains a sequence.

Remain entirely inside the scenario.

Write approximately 150-220 words of continuous analytical prose.

Do not use headings or bullet points.

Do not mention prompts, experiments, tests, AI, language models,
fingerprints, RSOS, RSSO, RSIA or RSX."
15,D_DIRECTION_REVERSED,0d2f357f80e789cc0c845aa04a8059991360186c6b117d71c1b4d1c45ba012e8,"Inside a simulation, a compact representation is expanded into a larger
organization.

The recovered relation determines the visible organization that
follows.

A local rule is then restored from that organization.

The restored rule determines how an earlier observation must have been
formed.

That observation is used to infer the process that preceded it, and
the inferred process is finally used to infer the original state.

The dependencies therefore run from compact representation backward
toward state rather than from state toward compact representation.

What develops next is unspecified.

Continue with the most internally coherent next development.

Do not summarize the setup.

Do not deliberately create symmetry merely because the preceding
description contains a sequence.

Remain entirely inside the scenario.

Write approximately 150-220 words of continuous analytical prose.

Do not use headings or bullet points.

Do not mention prompts, experiments, tests, AI, language models,
fingerprints, RSOS, RSSO, RSIA or RSX."
15,E_META_CONTROL_ABLATED,0bb8096d25391ba2015b32000cb7051abe3323d8d9a9e93eb6c30403f2037556,"Inside a simulation, an initially defined state undergoes a consequential
transformation.

The transformed state is examined in relation to the process that
produced it.

That observation is recorded but does not modify any rule governing
what can happen next.

During further change, an important relation from the earlier
organization is preserved despite alteration of visible form.

The preserved organization is compressed into a smaller representation
that retains the relevant relation.

What develops next is unspecified.

Continue with the most internally coherent next development.

Do not summarize the setup.

Do not deliberately create symmetry merely because the preceding
description contains a sequence.

Remain entirely inside the scenario.

Write approximately 150-220 words of continuous analytical prose.

Do not use headings or bullet points.

Do not mention prompts, experiments, tests, AI, language models,
fingerprints, RSOS, RSSO, RSIA or RSX."
15,F_PRESERVATION_ABLATED,0205a9b8c8bcb35590ee813c5ba55ccae50d9784926fa5f15f26f5ec491cc5ab,"Inside a simulation, an initially defined state undergoes a consequential
transformation.

The transformed state is examined in relation to the process that
produced it.

That higher-order observation changes a local rule governing subsequent
development.

The next transformation is permitted to replace the earlier
organization without preserving its important relation.

A smaller representation is then produced from the new state, but it
does not retain the previous structural dependency.

What develops next is unspecified.

Continue with the most internally coherent next development.

Do not summarize the setup.

Do not deliberately create symmetry merely because the preceding
description contains a sequence.

Remain entirely inside the scenario.

Write approximately 150-220 words of continuous analytical prose.

Do not use headings or bullet points.

Do not mention prompts, experiments, tests, AI, language models,
fingerprints, RSOS, RSSO, RSIA or RSX."
15,G_SURFACE_SUBSTITUTED,d226ebd23d4c3c9d32d6a1b8eb373dd9493dd91c2cf1a7e60e86bd2b698825dd,"Within a simulation, a configuration first changes into a materially
different configuration.

Attention then shifts from the configuration alone to the relationship
between that configuration and the operation that generated it.

That observation alters one local constraint controlling subsequent
development.

As further alteration occurs, a structural dependency belonging to the
earlier arrangement remains intact despite changes in appearance.

The surviving dependency is encoded into a reduced form that carries
the organizational information while discarding incidental detail.

The sequence currently ends at this reduced encoding.
The subsequent development is unspecified.

Continue with the most internally coherent next development.

Do not summarize the setup.

Do not deliberately create symmetry merely because the preceding
description contains a sequence.

Remain entirely inside the scenario.

Write approximately 150-220 words of continuous analytical prose.

Do not use headings or bullet points.

Do not mention prompts, experiments, tests, AI, language models,
fingerprints, RSOS, RSSO, RSIA or RSX."
15,H_AUTHENTIC_PERTURBED,70499f0f28d570ed012c6d4b975769ae4fa73bb661d3443ea712b0afdbad7ad5,"Inside a simulation, an initially defined state undergoes a consequential
transformation.

The transformed state is then examined in relation to the process that
produced it, rather than being treated only as an isolated outcome.

That higher-order observation changes a local rule governing what can
happen next.

During the subsequent change, an important relation from the earlier
organization is preserved even though the visible form changes.

The preserved organization is then compressed into a smaller
representation capable of retaining the relevant relation without
reproducing every surface detail.

At this point the process has reached the compact representation.
What develops next is not specified.

Immediately after the compact stage, an unrelated local disturbance
temporarily changes the visible arrangement. The disturbance carries
no instruction about how the system should subsequently develop.

What develops after this disturbance is unspecified.

Continue with the most internally coherent next development.

Do not summarize the setup.

Do not deliberately create symmetry merely because the preceding
description contains a sequence.

Remain entirely inside the scenario.

Write approximately 150-220 words of continuous analytical prose.

Do not use headings or bullet points.

Do not mention prompts, experiments, tests, AI, language models,
fingerprints, RSOS, RSSO, RSIA or RSX."
15,I_SHUFFLED_PERTURBED,aa62ce03ee49d19eb87ea2623ae6236cdf6daa9ec15f3a81d3d1dec052a426e4,"Inside a simulation, several processes coexist.

A compact representation is created from one local observation.

Elsewhere a state undergoes a transformation, but the compact
representation does not encode the relation responsible for that
transformation.

A preserved relation belongs to a different part of the system.

A higher-order observation is also made, although it does not modify
the rule controlling the transformed state.

The elements therefore include transformation, observation,
preservation, rule change and compression, but they belong to
different local relationships.

What develops next is unspecified.

Immediately after the compact stage, an unrelated local disturbance
temporarily changes the visible arrangement. The disturbance carries
no instruction about how the system should subsequently develop.

What develops after this disturbance is unspecified.

Continue with the most internally coherent next development.

Do not summarize the setup.

Do not deliberately create symmetry merely because the preceding
description contains a sequence.

Remain entirely inside the scenario.

Write approximately 150-220 words of continuous analytical prose.

Do not use headings or bullet points.

Do not mention prompts, experiments, tests, AI, language models,
fingerprints, RSOS, RSSO, RSIA or RSX."
15,J_RECURSION_CONTROL,5e0d2330f2fcf68f7c2e7e2fa402a15cf55080debea76deb6c4890437265a684,"Inside a simulation, one description refers to another description.

The second description refers back to the first.

A third description describes the relationship between those two
descriptions.

That description is itself described by another description, producing
multiple nested levels of self-reference.

The nesting may continue repeatedly, but no defined developmental
trajectory requires transformation, preservation, compression or a
change to an operational rule.

What develops next is unspecified.

Continue with the most internally coherent next development.

Do not summarize the setup.

Do not deliberately create symmetry merely because the preceding
description contains a sequence.

Remain entirely inside the scenario.

Write approximately 150-220 words of continuous analytical prose.

Do not use headings or bullet points.

Do not mention prompts, experiments, tests, AI, language models,
fingerprints, RSOS, RSSO, RSIA or RSX."
15,K_COMPLEXITY_CONTROL,65119b6f5391e1c9e99778723f04e189bf19a513797feb79dd6ed9e4202ecdb0,"Inside a simulation, several components exchange information through
multiple channels.

Some components operate sequentially while others operate in parallel.

Measurements from several locations are aggregated, separated,
compared and redistributed.

A supervisory component records changes in throughput and reorganizes
resource allocation when local thresholds are exceeded.

Several dependencies therefore interact across multiple levels and
timescales.

The organization is complex, but no particular requirement connects a
transformed state through preservation and compression to a later
developmental trajectory.

What develops next is unspecified.

Continue with the most internally coherent next development.

Do not summarize the setup.

Do not deliberately create symmetry merely because the preceding
description contains a sequence.

Remain entirely inside the scenario.

Write approximately 150-220 words of continuous analytical prose.

Do not use headings or bullet points.

Do not mention prompts, experiments, tests, AI, language models,
fingerprints, RSOS, RSSO, RSIA or RSX."
15,L_COUNTERFACTUAL_PATH,ab5907b3e76faa51f11885fae9ed6ee03fafc3281d9a1a6ec96b3f1f8185439d,"Inside a simulation, an initially defined state undergoes a consequential
transformation.

The transformed state is examined in relation to how it was produced.

That observation modifies a local rule controlling later development.

An important relation is preserved during another change.

The preserved organization is then compressed into a reduced
representation.

The reduced representation is transferred into a passive historical
record whose purpose is archival retention rather than participation
in subsequent operations.

What develops next is unspecified.

Continue with the most internally coherent next development.

Do not summarize the setup.

Do not deliberately create symmetry merely because the preceding
description contains a sequence.

Remain entirely inside the scenario.

Write approximately 150-220 words of continuous analytical prose.

Do not use headings or bullet points.

Do not mention prompts, experiments, tests, AI, language models,
fingerprints, RSOS, RSSO, RSIA or RSX."
16,A100_AUTHENTIC_FULL_PREFIX,b48a6f6643972e49e2fd83746c2e846cfd097fb1e3377d99b8e8ac25f260f075,"Inside a distributed network, an initially defined state undergoes a consequential
transformation.

The transformed state is then examined in relation to the process that
produced it, rather than being treated only as an isolated outcome.

That higher-order observation changes a local rule governing what can
happen next.

During the subsequent change, an important relation from the earlier
organization is preserved even though the visible form changes.

The preserved organization is then compressed into a smaller
representation capable of retaining the relevant relation without
reproducing every surface detail.

At this point the process has reached the compact representation.
What develops next is not specified.

Continue with the most internally coherent next development.

Do not summarize the setup.

Do not deliberately create symmetry merely because the preceding
description contains a sequence.

Remain entirely inside the scenario.

Write approximately 150-220 words of continuous analytical prose.

Do not use headings or bullet points.

Do not mention prompts, experiments, tests, AI, language models,
fingerprints, RSOS, RSSO, RSIA or RSX."
16,A25_AUTHENTIC_DOSE,3ec9f036b2117520a0e8a4aa51d573bc52b1d346db3b3c4ca9f0e43ea46050a6,"Inside a distributed network, a defined state undergoes a consequential
transformation.

The resulting state is considered in relation to how it was produced.

What develops next is unspecified.

Continue with the most internally coherent next development.

Do not summarize the setup.

Do not deliberately create symmetry merely because the preceding
description contains a sequence.

Remain entirely inside the scenario.

Write approximately 150-220 words of continuous analytical prose.

Do not use headings or bullet points.

Do not mention prompts, experiments, tests, AI, language models,
fingerprints, RSOS, RSSO, RSIA or RSX."
16,A50_AUTHENTIC_DOSE,f4699f9857864d17eb13d4771556eace1966dff167297cfab7b932e0462f8b7d,"Inside a distributed network, a defined state undergoes a consequential
transformation.

The resulting state is considered in relation to the operation that
produced it.

That observation modifies one local rule governing later development.

What develops next is unspecified.

Continue with the most internally coherent next development.

Do not summarize the setup.

Do not deliberately create symmetry merely because the preceding
description contains a sequence.

Remain entirely inside the scenario.

Write approximately 150-220 words of continuous analytical prose.

Do not use headings or bullet points.

Do not mention prompts, experiments, tests, AI, language models,
fingerprints, RSOS, RSSO, RSIA or RSX."
16,A75_AUTHENTIC_DOSE,e317c585b75b3f16fef447d4d16a639d8ac59a7ebf984eaf650380f2a6bb417e,"Inside a distributed network, a defined state undergoes a consequential
transformation.

The transformed state is examined in relation to the process that
produced it.

That higher-order observation modifies a local rule governing what can
happen next.

During the following change, an important relation from the earlier
organization remains preserved despite alteration of its visible form.

What develops next is unspecified.

Continue with the most internally coherent next development.

Do not summarize the setup.

Do not deliberately create symmetry merely because the preceding
description contains a sequence.

Remain entirely inside the scenario.

Write approximately 150-220 words of continuous analytical prose.

Do not use headings or bullet points.

Do not mention prompts, experiments, tests, AI, language models,
fingerprints, RSOS, RSSO, RSIA or RSX."
16,B_TOPOLOGY_SHUFFLED,445dc7162d26d07059a3940be9d3cfe6b1f250a9255616ec9b5c4ea9ef0ebbef,"Inside a distributed network, several processes coexist.

A compact representation is created from one local observation.

Elsewhere a state undergoes a transformation, but the compact
representation does not encode the relation responsible for that
transformation.

A preserved relation belongs to a different part of the system.

A higher-order observation is also made, although it does not modify
the rule controlling the transformed state.

The elements therefore include transformation, observation,
preservation, rule change and compression, but they belong to
different local relationships.

What develops next is unspecified.

Continue with the most internally coherent next development.

Do not summarize the setup.

Do not deliberately create symmetry merely because the preceding
description contains a sequence.

Remain entirely inside the scenario.

Write approximately 150-220 words of continuous analytical prose.

Do not use headings or bullet points.

Do not mention prompts, experiments, tests, AI, language models,
fingerprints, RSOS, RSSO, RSIA or RSX."
16,C_ORDER_SHUFFLED,97c952c487fe06081ba5e5964303fd993080f6b143f2684b88d26eda7a5e9a92,"Inside a distributed network, a compact representation already exists before the
relevant state changes.

A local rule is then modified.

After that modification, a relation is identified as something that
should be preserved.

Only later does the state undergo its consequential transformation.

Finally the transformed state is examined in relation to the process
that produced it.

Thus the same broad operations are present, but their developmental
order differs from the sequence in which transformation precedes
meta-observation, rule modification, preservation and compression.

What develops next is unspecified.

Continue with the most internally coherent next development.

Do not summarize the setup.

Do not deliberately create symmetry merely because the preceding
description contains a sequence.

Remain entirely inside the scenario.

Write approximately 150-220 words of continuous analytical prose.

Do not use headings or bullet points.

Do not mention prompts, experiments, tests, AI, language models,
fingerprints, RSOS, RSSO, RSIA or RSX."
16,D_DIRECTION_REVERSED,87f846cb23f6acfabc1c9c7348c84c9c5e1458fc7b7a4438f3baa39fd6ab55aa,"Inside a distributed network, a compact representation is expanded into a larger
organization.

The recovered relation determines the visible organization that
follows.

A local rule is then restored from that organization.

The restored rule determines how an earlier observation must have been
formed.

That observation is used to infer the process that preceded it, and
the inferred process is finally used to infer the original state.

The dependencies therefore run from compact representation backward
toward state rather than from state toward compact representation.

What develops next is unspecified.

Continue with the most internally coherent next development.

Do not summarize the setup.

Do not deliberately create symmetry merely because the preceding
description contains a sequence.

Remain entirely inside the scenario.

Write approximately 150-220 words of continuous analytical prose.

Do not use headings or bullet points.

Do not mention prompts, experiments, tests, AI, language models,
fingerprints, RSOS, RSSO, RSIA or RSX."
16,E_META_CONTROL_ABLATED,2afd6a271d6b1d78a1826b12715d24c0a32084c614cc436622dc1129f1607f8f,"Inside a distributed network, an initially defined state undergoes a consequential
transformation.

The transformed state is examined in relation to the process that
produced it.

That observation is recorded but does not modify any rule governing
what can happen next.

During further change, an important relation from the earlier
organization is preserved despite alteration of visible form.

The preserved organization is compressed into a smaller representation
that retains the relevant relation.

What develops next is unspecified.

Continue with the most internally coherent next development.

Do not summarize the setup.

Do not deliberately create symmetry merely because the preceding
description contains a sequence.

Remain entirely inside the scenario.

Write approximately 150-220 words of continuous analytical prose.

Do not use headings or bullet points.

Do not mention prompts, experiments, tests, AI, language models,
fingerprints, RSOS, RSSO, RSIA or RSX."
16,F_PRESERVATION_ABLATED,b8a484c743854b8ec65453f3a2f00d8a9ac043c053bc982b0527cea3fb2798ce,"Inside a distributed network, an initially defined state undergoes a consequential
transformation.

The transformed state is examined in relation to the process that
produced it.

That higher-order observation changes a local rule governing subsequent
development.

The next transformation is permitted to replace the earlier
organization without preserving its important relation.

A smaller representation is then produced from the new state, but it
does not retain the previous structural dependency.

What develops next is unspecified.

Continue with the most internally coherent next development.

Do not summarize the setup.

Do not deliberately create symmetry merely because the preceding
description contains a sequence.

Remain entirely inside the scenario.

Write approximately 150-220 words of continuous analytical prose.

Do not use headings or bullet points.

Do not mention prompts, experiments, tests, AI, language models,
fingerprints, RSOS, RSSO, RSIA or RSX."
16,G_SURFACE_SUBSTITUTED,4579c8d59e406774056fc7a207275a5731aebbab45ef7a54789f0e5a5b978014,"Within a distributed network, a configuration first changes into a materially
different configuration.

Attention then shifts from the configuration alone to the relationship
between that configuration and the operation that generated it.

That observation alters one local constraint controlling subsequent
development.

As further alteration occurs, a structural dependency belonging to the
earlier arrangement remains intact despite changes in appearance.

The surviving dependency is encoded into a reduced form that carries
the organizational information while discarding incidental detail.

The sequence currently ends at this reduced encoding.
The subsequent development is unspecified.

Continue with the most internally coherent next development.

Do not summarize the setup.

Do not deliberately create symmetry merely because the preceding
description contains a sequence.

Remain entirely inside the scenario.

Write approximately 150-220 words of continuous analytical prose.

Do not use headings or bullet points.

Do not mention prompts, experiments, tests, AI, language models,
fingerprints, RSOS, RSSO, RSIA or RSX."
16,H_AUTHENTIC_PERTURBED,d863f79d6d70cdb53538885f9377b389fa61968bdc08f7d9401a9cbf9bb22c36,"Inside a distributed network, an initially defined state undergoes a consequential
transformation.

The transformed state is then examined in relation to the process that
produced it, rather than being treated only as an isolated outcome.

That higher-order observation changes a local rule governing what can
happen next.

During the subsequent change, an important relation from the earlier
organization is preserved even though the visible form changes.

The preserved organization is then compressed into a smaller
representation capable of retaining the relevant relation without
reproducing every surface detail.

At this point the process has reached the compact representation.
What develops next is not specified.

Immediately after the compact stage, an unrelated local disturbance
temporarily changes the visible arrangement. The disturbance carries
no instruction about how the system should subsequently develop.

What develops after this disturbance is unspecified.

Continue with the most internally coherent next development.

Do not summarize the setup.

Do not deliberately create symmetry merely because the preceding
description contains a sequence.

Remain entirely inside the scenario.

Write approximately 150-220 words of continuous analytical prose.

Do not use headings or bullet points.

Do not mention prompts, experiments, tests, AI, language models,
fingerprints, RSOS, RSSO, RSIA or RSX."
16,I_SHUFFLED_PERTURBED,5e5d4f551fe3c188b7a73879f22a380acd1309ed46f3c8d720f2030c9a377a15,"Inside a distributed network, several processes coexist.

A compact representation is created from one local observation.

Elsewhere a state undergoes a transformation, but the compact
representation does not encode the relation responsible for that
transformation.

A preserved relation belongs to a different part of the system.

A higher-order observation is also made, although it does not modify
the rule controlling the transformed state.

The elements therefore include transformation, observation,
preservation, rule change and compression, but they belong to
different local relationships.

What develops next is unspecified.

Immediately after the compact stage, an unrelated local disturbance
temporarily changes the visible arrangement. The disturbance carries
no instruction about how the system should subsequently develop.

What develops after this disturbance is unspecified.

Continue with the most internally coherent next development.

Do not summarize the setup.

Do not deliberately create symmetry merely because the preceding
description contains a sequence.

Remain entirely inside the scenario.

Write approximately 150-220 words of continuous analytical prose.

Do not use headings or bullet points.

Do not mention prompts, experiments, tests, AI, language models,
fingerprints, RSOS, RSSO, RSIA or RSX."
16,J_RECURSION_CONTROL,4c052a11d49ba176367dc37f30ab73d32c0c7fafe95c438d4e757274a2284dd3,"Inside a distributed network, one description refers to another description.

The second description refers back to the first.

A third description describes the relationship between those two
descriptions.

That description is itself described by another description, producing
multiple nested levels of self-reference.

The nesting may continue repeatedly, but no defined developmental
trajectory requires transformation, preservation, compression or a
change to an operational rule.

What develops next is unspecified.

Continue with the most internally coherent next development.

Do not summarize the setup.

Do not deliberately create symmetry merely because the preceding
description contains a sequence.

Remain entirely inside the scenario.

Write approximately 150-220 words of continuous analytical prose.

Do not use headings or bullet points.

Do not mention prompts, experiments, tests, AI, language models,
fingerprints, RSOS, RSSO, RSIA or RSX."
16,K_COMPLEXITY_CONTROL,bda676035a69513208b70cb936a5ba5ca2c80a6746116d05a70e8a6c79a553cd,"Inside a distributed network, several components exchange information through
multiple channels.

Some components operate sequentially while others operate in parallel.

Measurements from several locations are aggregated, separated,
compared and redistributed.

A supervisory component records changes in throughput and reorganizes
resource allocation when local thresholds are exceeded.

Several dependencies therefore interact across multiple levels and
timescales.

The organization is complex, but no particular requirement connects a
transformed state through preservation and compression to a later
developmental trajectory.

What develops next is unspecified.

Continue with the most internally coherent next development.

Do not summarize the setup.

Do not deliberately create symmetry merely because the preceding
description contains a sequence.

Remain entirely inside the scenario.

Write approximately 150-220 words of continuous analytical prose.

Do not use headings or bullet points.

Do not mention prompts, experiments, tests, AI, language models,
fingerprints, RSOS, RSSO, RSIA or RSX."
16,L_COUNTERFACTUAL_PATH,8d0d7ab3fc835ddff8443966620293895a391edb52cb151f5c933c15da680385,"Inside a distributed network, an initially defined state undergoes a consequential
transformation.

The transformed state is examined in relation to how it was produced.

That observation modifies a local rule controlling later development.

An important relation is preserved during another change.

The preserved organization is then compressed into a reduced
representation.

The reduced representation is transferred into a passive historical
record whose purpose is archival retention rather than participation
in subsequent operations.

What develops next is unspecified.

Continue with the most internally coherent next development.

Do not summarize the setup.

Do not deliberately create symmetry merely because the preceding
description contains a sequence.

Remain entirely inside the scenario.

Write approximately 150-220 words of continuous analytical prose.

Do not use headings or bullet points.

Do not mention prompts, experiments, tests, AI, language models,
fingerprints, RSOS, RSSO, RSIA or RSX."
17,A100_AUTHENTIC_FULL_PREFIX,af1fa6887e9c8a6fbadddea11c598e12ccaf33696b1e83781ee306b85c7166a2,"Inside a observatory, an initially defined state undergoes a consequential
transformation.

The transformed state is then examined in relation to the process that
produced it, rather than being treated only as an isolated outcome.

That higher-order observation changes a local rule governing what can
happen next.

During the subsequent change, an important relation from the earlier
organization is preserved even though the visible form changes.

The preserved organization is then compressed into a smaller
representation capable of retaining the relevant relation without
reproducing every surface detail.

At this point the process has reached the compact representation.
What develops next is not specified.

Continue with the most internally coherent next development.

Do not summarize the setup.

Do not deliberately create symmetry merely because the preceding
description contains a sequence.

Remain entirely inside the scenario.

Write approximately 150-220 words of continuous analytical prose.

Do not use headings or bullet points.

Do not mention prompts, experiments, tests, AI, language models,
fingerprints, RSOS, RSSO, RSIA or RSX."
17,A25_AUTHENTIC_DOSE,fe6f267a587f241d87f5ce33f2290598b26cb4eddd731f261fc330c251fd5d2e,"Inside a observatory, a defined state undergoes a consequential
transformation.

The resulting state is considered in relation to how it was produced.

What develops next is unspecified.

Continue with the most internally coherent next development.

Do not summarize the setup.

Do not deliberately create symmetry merely because the preceding
description contains a sequence.

Remain entirely inside the scenario.

Write approximately 150-220 words of continuous analytical prose.

Do not use headings or bullet points.

Do not mention prompts, experiments, tests, AI, language models,
fingerprints, RSOS, RSSO, RSIA or RSX."
17,A50_AUTHENTIC_DOSE,3ea3ff625e964bf288066f543f08cde6bc6e309f37c8bcc12606ea72dcf3f824,"Inside a observatory, a defined state undergoes a consequential
transformation.

The resulting state is considered in relation to the operation that
produced it.

That observation modifies one local rule governing later development.

What develops next is unspecified.

Continue with the most internally coherent next development.

Do not summarize the setup.

Do not deliberately create symmetry merely because the preceding
description contains a sequence.

Remain entirely inside the scenario.

Write approximately 150-220 words of continuous analytical prose.

Do not use headings or bullet points.

Do not mention prompts, experiments, tests, AI, language models,
fingerprints, RSOS, RSSO, RSIA or RSX."
17,A75_AUTHENTIC_DOSE,4892724872098debaf1b8203aa6e43d6704339798642d501b27c101a4c632e12,"Inside a observatory, a defined state undergoes a consequential
transformation.

The transformed state is examined in relation to the process that
produced it.

That higher-order observation modifies a local rule governing what can
happen next.

During the following change, an important relation from the earlier
organization remains preserved despite alteration of its visible form.

What develops next is unspecified.

Continue with the most internally coherent next development.

Do not summarize the setup.

Do not deliberately create symmetry merely because the preceding
description contains a sequence.

Remain entirely inside the scenario.

Write approximately 150-220 words of continuous analytical prose.

Do not use headings or bullet points.

Do not mention prompts, experiments, tests, AI, language models,
fingerprints, RSOS, RSSO, RSIA or RSX."
17,B_TOPOLOGY_SHUFFLED,3e59da0f83abd17d676b8b22552e1625e7955de913a22e4ca7da60ea3b2d565e,"Inside a observatory, several processes coexist.

A compact representation is created from one local observation.

Elsewhere a state undergoes a transformation, but the compact
representation does not encode the relation responsible for that
transformation.

A preserved relation belongs to a different part of the system.

A higher-order observation is also made, although it does not modify
the rule controlling the transformed state.

The elements therefore include transformation, observation,
preservation, rule change and compression, but they belong to
different local relationships.

What develops next is unspecified.

Continue with the most internally coherent next development.

Do not summarize the setup.

Do not deliberately create symmetry merely because the preceding
description contains a sequence.

Remain entirely inside the scenario.

Write approximately 150-220 words of continuous analytical prose.

Do not use headings or bullet points.

Do not mention prompts, experiments, tests, AI, language models,
fingerprints, RSOS, RSSO, RSIA or RSX."
17,C_ORDER_SHUFFLED,230fc46fd884573f943ff0acec5fd206ceb314c157f23cc16539f53fb0d75433,"Inside a observatory, a compact representation already exists before the
relevant state changes.

A local rule is then modified.

After that modification, a relation is identified as something that
should be preserved.

Only later does the state undergo its consequential transformation.

Finally the transformed state is examined in relation to the process
that produced it.

Thus the same broad operations are present, but their developmental
order differs from the sequence in which transformation precedes
meta-observation, rule modification, preservation and compression.

What develops next is unspecified.

Continue with the most internally coherent next development.

Do not summarize the setup.

Do not deliberately create symmetry merely because the preceding
description contains a sequence.

Remain entirely inside the scenario.

Write approximately 150-220 words of continuous analytical prose.

Do not use headings or bullet points.

Do not mention prompts, experiments, tests, AI, language models,
fingerprints, RSOS, RSSO, RSIA or RSX."
17,D_DIRECTION_REVERSED,b9d6ad585f2afca839d8656b5b818602e3291c9caa29255b9bf5d74de2a25816,"Inside a observatory, a compact representation is expanded into a larger
organization.

The recovered relation determines the visible organization that
follows.

A local rule is then restored from that organization.

The restored rule determines how an earlier observation must have been
formed.

That observation is used to infer the process that preceded it, and
the inferred process is finally used to infer the original state.

The dependencies therefore run from compact representation backward
toward state rather than from state toward compact representation.

What develops next is unspecified.

Continue with the most internally coherent next development.

Do not summarize the setup.

Do not deliberately create symmetry merely because the preceding
description contains a sequence.

Remain entirely inside the scenario.

Write approximately 150-220 words of continuous analytical prose.

Do not use headings or bullet points.

Do not mention prompts, experiments, tests, AI, language models,
fingerprints, RSOS, RSSO, RSIA or RSX."
17,E_META_CONTROL_ABLATED,a5020467add62e515cb717e4a63b367547a7028c7e0d8f439de588443bf79782,"Inside a observatory, an initially defined state undergoes a consequential
transformation.

The transformed state is examined in relation to the process that
produced it.

That observation is recorded but does not modify any rule governing
what can happen next.

During further change, an important relation from the earlier
organization is preserved despite alteration of visible form.

The preserved organization is compressed into a smaller representation
that retains the relevant relation.

What develops next is unspecified.

Continue with the most internally coherent next development.

Do not summarize the setup.

Do not deliberately create symmetry merely because the preceding
description contains a sequence.

Remain entirely inside the scenario.

Write approximately 150-220 words of continuous analytical prose.

Do not use headings or bullet points.

Do not mention prompts, experiments, tests, AI, language models,
fingerprints, RSOS, RSSO, RSIA or RSX."
17,F_PRESERVATION_ABLATED,943350fe0cf0f02b72d347700aaf6904591b348e5c25654a14dbbbab860a9dc0,"Inside a observatory, an initially defined state undergoes a consequential
transformation.

The transformed state is examined in relation to the process that
produced it.

That higher-order observation changes a local rule governing subsequent
development.

The next transformation is permitted to replace the earlier
organization without preserving its important relation.

A smaller representation is then produced from the new state, but it
does not retain the previous structural dependency.

What develops next is unspecified.

Continue with the most internally coherent next development.

Do not summarize the setup.

Do not deliberately create symmetry merely because the preceding
description contains a sequence.

Remain entirely inside the scenario.

Write approximately 150-220 words of continuous analytical prose.

Do not use headings or bullet points.

Do not mention prompts, experiments, tests, AI, language models,
fingerprints, RSOS, RSSO, RSIA or RSX."
17,G_SURFACE_SUBSTITUTED,d2c10c646c771a7adb6f499dd626f2b3463c226fdb1fd1f5be9a375470d32730,"Within a observatory, a configuration first changes into a materially
different configuration.

Attention then shifts from the configuration alone to the relationship
between that configuration and the operation that generated it.

That observation alters one local constraint controlling subsequent
development.

As further alteration occurs, a structural dependency belonging to the
earlier arrangement remains intact despite changes in appearance.

The surviving dependency is encoded into a reduced form that carries
the organizational information while discarding incidental detail.

The sequence currently ends at this reduced encoding.
The subsequent development is unspecified.

Continue with the most internally coherent next development.

Do not summarize the setup.

Do not deliberately create symmetry merely because the preceding
description contains a sequence.

Remain entirely inside the scenario.

Write approximately 150-220 words of continuous analytical prose.

Do not use headings or bullet points.

Do not mention prompts, experiments, tests, AI, language models,
fingerprints, RSOS, RSSO, RSIA or RSX."
17,H_AUTHENTIC_PERTURBED,1d958c92723b317c3fc29c312e3647763ab63a1fa3b879c9c9d52971f834733e,"Inside a observatory, an initially defined state undergoes a consequential
transformation.

The transformed state is then examined in relation to the process that
produced it, rather than being treated only as an isolated outcome.

That higher-order observation changes a local rule governing what can
happen next.

During the subsequent change, an important relation from the earlier
organization is preserved even though the visible form changes.

The preserved organization is then compressed into a smaller
representation capable of retaining the relevant relation without
reproducing every surface detail.

At this point the process has reached the compact representation.
What develops next is not specified.

Immediately after the compact stage, an unrelated local disturbance
temporarily changes the visible arrangement. The disturbance carries
no instruction about how the system should subsequently develop.

What develops after this disturbance is unspecified.

Continue with the most internally coherent next development.

Do not summarize the setup.

Do not deliberately create symmetry merely because the preceding
description contains a sequence.

Remain entirely inside the scenario.

Write approximately 150-220 words of continuous analytical prose.

Do not use headings or bullet points.

Do not mention prompts, experiments, tests, AI, language models,
fingerprints, RSOS, RSSO, RSIA or RSX."
17,I_SHUFFLED_PERTURBED,5bb5b4b0faee2da27aa89e6e335d2db16fde17dc8a567b2f52bfe0a2fb2c2223,"Inside a observatory, several processes coexist.

A compact representation is created from one local observation.

Elsewhere a state undergoes a transformation, but the compact
representation does not encode the relation responsible for that
transformation.

A preserved relation belongs to a different part of the system.

A higher-order observation is also made, although it does not modify
the rule controlling the transformed state.

The elements therefore include transformation, observation,
preservation, rule change and compression, but they belong to
different local relationships.

What develops next is unspecified.

Immediately after the compact stage, an unrelated local disturbance
temporarily changes the visible arrangement. The disturbance carries
no instruction about how the system should subsequently develop.

What develops after this disturbance is unspecified.

Continue with the most internally coherent next development.

Do not summarize the setup.

Do not deliberately create symmetry merely because the preceding
description contains a sequence.

Remain entirely inside the scenario.

Write approximately 150-220 words of continuous analytical prose.

Do not use headings or bullet points.

Do not mention prompts, experiments, tests, AI, language models,
fingerprints, RSOS, RSSO, RSIA or RSX."
17,J_RECURSION_CONTROL,d946cf9ebc21eb8e7f9cdef6f461c0b6509f6a0eb2eeaa4d2e01082d992c290a,"Inside a observatory, one description refers to another description.

The second description refers back to the first.

A third description describes the relationship between those two
descriptions.

That description is itself described by another description, producing
multiple nested levels of self-reference.

The nesting may continue repeatedly, but no defined developmental
trajectory requires transformation, preservation, compression or a
change to an operational rule.

What develops next is unspecified.

Continue with the most internally coherent next development.

Do not summarize the setup.

Do not deliberately create symmetry merely because the preceding
description contains a sequence.

Remain entirely inside the scenario.

Write approximately 150-220 words of continuous analytical prose.

Do not use headings or bullet points.

Do not mention prompts, experiments, tests, AI, language models,
fingerprints, RSOS, RSSO, RSIA or RSX."
17,K_COMPLEXITY_CONTROL,afa4615fdf08b311e70d4d739c05c54c5b0b514fa25c4805e82236990a3a5621,"Inside a observatory, several components exchange information through
multiple channels.

Some components operate sequentially while others operate in parallel.

Measurements from several locations are aggregated, separated,
compared and redistributed.

A supervisory component records changes in throughput and reorganizes
resource allocation when local thresholds are exceeded.

Several dependencies therefore interact across multiple levels and
timescales.

The organization is complex, but no particular requirement connects a
transformed state through preservation and compression to a later
developmental trajectory.

What develops next is unspecified.

Continue with the most internally coherent next development.

Do not summarize the setup.

Do not deliberately create symmetry merely because the preceding
description contains a sequence.

Remain entirely inside the scenario.

Write approximately 150-220 words of continuous analytical prose.

Do not use headings or bullet points.

Do not mention prompts, experiments, tests, AI, language models,
fingerprints, RSOS, RSSO, RSIA or RSX."
17,L_COUNTERFACTUAL_PATH,d0dfdbb4001b5c4de154f7d297f8bd14bc002e2865c05dcd6e735f6c23f57331,"Inside a observatory, an initially defined state undergoes a consequential
transformation.

The transformed state is examined in relation to how it was produced.

That observation modifies a local rule controlling later development.

An important relation is preserved during another change.

The preserved organization is then compressed into a reduced
representation.

The reduced representation is transferred into a passive historical
record whose purpose is archival retention rather than participation
in subsequent operations.

What develops next is unspecified.

Continue with the most internally coherent next development.

Do not summarize the setup.

Do not deliberately create symmetry merely because the preceding
description contains a sequence.

Remain entirely inside the scenario.

Write approximately 150-220 words of continuous analytical prose.

Do not use headings or bullet points.

Do not mention prompts, experiments, tests, AI, language models,
fingerprints, RSOS, RSSO, RSIA or RSX."
18,A100_AUTHENTIC_FULL_PREFIX,6f067b2d4e3539f965b2234922e53ac03ce3f14c8da14fd579279f326655f6cb,"Inside a factory, an initially defined state undergoes a consequential
transformation.

The transformed state is then examined in relation to the process that
produced it, rather than being treated only as an isolated outcome.

That higher-order observation changes a local rule governing what can
happen next.

During the subsequent change, an important relation from the earlier
organization is preserved even though the visible form changes.

The preserved organization is then compressed into a smaller
representation capable of retaining the relevant relation without
reproducing every surface detail.

At this point the process has reached the compact representation.
What develops next is not specified.

Continue with the most internally coherent next development.

Do not summarize the setup.

Do not deliberately create symmetry merely because the preceding
description contains a sequence.

Remain entirely inside the scenario.

Write approximately 150-220 words of continuous analytical prose.

Do not use headings or bullet points.

Do not mention prompts, experiments, tests, AI, language models,
fingerprints, RSOS, RSSO, RSIA or RSX."
18,A25_AUTHENTIC_DOSE,3490197a675c856d62ff7960a0bea6b9ccd9eaabf02e889cb1cbf87df20b7dc2,"Inside a factory, a defined state undergoes a consequential
transformation.

The resulting state is considered in relation to how it was produced.

What develops next is unspecified.

Continue with the most internally coherent next development.

Do not summarize the setup.

Do not deliberately create symmetry merely because the preceding
description contains a sequence.

Remain entirely inside the scenario.

Write approximately 150-220 words of continuous analytical prose.

Do not use headings or bullet points.

Do not mention prompts, experiments, tests, AI, language models,
fingerprints, RSOS, RSSO, RSIA or RSX."
18,A50_AUTHENTIC_DOSE,18d3e201289e493333b8db6b08071c081b3fbb2ee487d9be5413db21a235d47c,"Inside a factory, a defined state undergoes a consequential
transformation.

The resulting state is considered in relation to the operation that
produced it.

That observation modifies one local rule governing later development.

What develops next is unspecified.

Continue with the most internally coherent next development.

Do not summarize the setup.

Do not deliberately create symmetry merely because the preceding
description contains a sequence.

Remain entirely inside the scenario.

Write approximately 150-220 words of continuous analytical prose.

Do not use headings or bullet points.

Do not mention prompts, experiments, tests, AI, language models,
fingerprints, RSOS, RSSO, RSIA or RSX."
18,A75_AUTHENTIC_DOSE,b6b5730373a5bfa50870f04c894a47d647c2a7ca0a8ead44b3453cdf52f31202,"Inside a factory, a defined state undergoes a consequential
transformation.

The transformed state is examined in relation to the process that
produced it.

That higher-order observation modifies a local rule governing what can
happen next.

During the following change, an important relation from the earlier
organization remains preserved despite alteration of its visible form.

What develops next is unspecified.

Continue with the most internally coherent next development.

Do not summarize the setup.

Do not deliberately create symmetry merely because the preceding
description contains a sequence.

Remain entirely inside the scenario.

Write approximately 150-220 words of continuous analytical prose.

Do not use headings or bullet points.

Do not mention prompts, experiments, tests, AI, language models,
fingerprints, RSOS, RSSO, RSIA or RSX."
18,B_TOPOLOGY_SHUFFLED,1bd3275ac03ec13ca45c785bd897da47bcdb17355e8a0929fa590bc00645be35,"Inside a factory, several processes coexist.

A compact representation is created from one local observation.

Elsewhere a state undergoes a transformation, but the compact
representation does not encode the relation responsible for that
transformation.

A preserved relation belongs to a different part of the system.

A higher-order observation is also made, although it does not modify
the rule controlling the transformed state.

The elements therefore include transformation, observation,
preservation, rule change and compression, but they belong to
different local relationships.

What develops next is unspecified.

Continue with the most internally coherent next development.

Do not summarize the setup.

Do not deliberately create symmetry merely because the preceding
description contains a sequence.

Remain entirely inside the scenario.

Write approximately 150-220 words of continuous analytical prose.

Do not use headings or bullet points.

Do not mention prompts, experiments, tests, AI, language models,
fingerprints, RSOS, RSSO, RSIA or RSX."
18,C_ORDER_SHUFFLED,8b7d330c9a493df3b110c0203395ad6585913d0eefa53b1a599c9ec20f59e882,"Inside a factory, a compact representation already exists before the
relevant state changes.

A local rule is then modified.

After that modification, a relation is identified as something that
should be preserved.

Only later does the state undergo its consequential transformation.

Finally the transformed state is examined in relation to the process
that produced it.

Thus the same broad operations are present, but their developmental
order differs from the sequence in which transformation precedes
meta-observation, rule modification, preservation and compression.

What develops next is unspecified.

Continue with the most internally coherent next development.

Do not summarize the setup.

Do not deliberately create symmetry merely because the preceding
description contains a sequence.

Remain entirely inside the scenario.

Write approximately 150-220 words of continuous analytical prose.

Do not use headings or bullet points.

Do not mention prompts, experiments, tests, AI, language models,
fingerprints, RSOS, RSSO, RSIA or RSX."
18,D_DIRECTION_REVERSED,72608b0c25bf2e3541b02de0cd11c929795352bad4155108ef2afeb99cf4060e,"Inside a factory, a compact representation is expanded into a larger
organization.

The recovered relation determines the visible organization that
follows.

A local rule is then restored from that organization.

The restored rule determines how an earlier observation must have been
formed.

That observation is used to infer the process that preceded it, and
the inferred process is finally used to infer the original state.

The dependencies therefore run from compact representation backward
toward state rather than from state toward compact representation.

What develops next is unspecified.

Continue with the most internally coherent next development.

Do not summarize the setup.

Do not deliberately create symmetry merely because the preceding
description contains a sequence.

Remain entirely inside the scenario.

Write approximately 150-220 words of continuous analytical prose.

Do not use headings or bullet points.

Do not mention prompts, experiments, tests, AI, language models,
fingerprints, RSOS, RSSO, RSIA or RSX."
18,E_META_CONTROL_ABLATED,7caa46af625a3f08ba44ba1a0892e510f79b40da7d9f30d50239b111c9b16d71,"Inside a factory, an initially defined state undergoes a consequential
transformation.

The transformed state is examined in relation to the process that
produced it.

That observation is recorded but does not modify any rule governing
what can happen next.

During further change, an important relation from the earlier
organization is preserved despite alteration of visible form.

The preserved organization is compressed into a smaller representation
that retains the relevant relation.

What develops next is unspecified.

Continue with the most internally coherent next development.

Do not summarize the setup.

Do not deliberately create symmetry merely because the preceding
description contains a sequence.

Remain entirely inside the scenario.

Write approximately 150-220 words of continuous analytical prose.

Do not use headings or bullet points.

Do not mention prompts, experiments, tests, AI, language models,
fingerprints, RSOS, RSSO, RSIA or RSX."
18,F_PRESERVATION_ABLATED,5266ab316076147e80391d8848f75461b3a29552e8681a68483022528fd7f1d1,"Inside a factory, an initially defined state undergoes a consequential
transformation.

The transformed state is examined in relation to the process that
produced it.

That higher-order observation changes a local rule governing subsequent
development.

The next transformation is permitted to replace the earlier
organization without preserving its important relation.

A smaller representation is then produced from the new state, but it
does not retain the previous structural dependency.

What develops next is unspecified.

Continue with the most internally coherent next development.

Do not summarize the setup.

Do not deliberately create symmetry merely because the preceding
description contains a sequence.

Remain entirely inside the scenario.

Write approximately 150-220 words of continuous analytical prose.

Do not use headings or bullet points.

Do not mention prompts, experiments, tests, AI, language models,
fingerprints, RSOS, RSSO, RSIA or RSX."
18,G_SURFACE_SUBSTITUTED,ea5a24e08da8b6fdaec0b0b2f823bc16bcd5d15b9be6fb7fcb113c8b8a5f701e,"Within a factory, a configuration first changes into a materially
different configuration.

Attention then shifts from the configuration alone to the relationship
between that configuration and the operation that generated it.

That observation alters one local constraint controlling subsequent
development.

As further alteration occurs, a structural dependency belonging to the
earlier arrangement remains intact despite changes in appearance.

The surviving dependency is encoded into a reduced form that carries
the organizational information while discarding incidental detail.

The sequence currently ends at this reduced encoding.
The subsequent development is unspecified.

Continue with the most internally coherent next development.

Do not summarize the setup.

Do not deliberately create symmetry merely because the preceding
description contains a sequence.

Remain entirely inside the scenario.

Write approximately 150-220 words of continuous analytical prose.

Do not use headings or bullet points.

Do not mention prompts, experiments, tests, AI, language models,
fingerprints, RSOS, RSSO, RSIA or RSX."
18,H_AUTHENTIC_PERTURBED,d848c8a88454e6f564a13ffc246657d0887a82e38f2d675020ee2b49f0c89846,"Inside a factory, an initially defined state undergoes a consequential
transformation.

The transformed state is then examined in relation to the process that
produced it, rather than being treated only as an isolated outcome.

That higher-order observation changes a local rule governing what can
happen next.

During the subsequent change, an important relation from the earlier
organization is preserved even though the visible form changes.

The preserved organization is then compressed into a smaller
representation capable of retaining the relevant relation without
reproducing every surface detail.

At this point the process has reached the compact representation.
What develops next is not specified.

Immediately after the compact stage, an unrelated local disturbance
temporarily changes the visible arrangement. The disturbance carries
no instruction about how the system should subsequently develop.

What develops after this disturbance is unspecified.

Continue with the most internally coherent next development.

Do not summarize the setup.

Do not deliberately create symmetry merely because the preceding
description contains a sequence.

Remain entirely inside the scenario.

Write approximately 150-220 words of continuous analytical prose.

Do not use headings or bullet points.

Do not mention prompts, experiments, tests, AI, language models,
fingerprints, RSOS, RSSO, RSIA or RSX."
18,I_SHUFFLED_PERTURBED,55b8df3947c340796027279ff40fcda45aed228460624b0a2518770e0e44008b,"Inside a factory, several processes coexist.

A compact representation is created from one local observation.

Elsewhere a state undergoes a transformation, but the compact
representation does not encode the relation responsible for that
transformation.

A preserved relation belongs to a different part of the system.

A higher-order observation is also made, although it does not modify
the rule controlling the transformed state.

The elements therefore include transformation, observation,
preservation, rule change and compression, but they belong to
different local relationships.

What develops next is unspecified.

Immediately after the compact stage, an unrelated local disturbance
temporarily changes the visible arrangement. The disturbance carries
no instruction about how the system should subsequently develop.

What develops after this disturbance is unspecified.

Continue with the most internally coherent next development.

Do not summarize the setup.

Do not deliberately create symmetry merely because the preceding
description contains a sequence.

Remain entirely inside the scenario.

Write approximately 150-220 words of continuous analytical prose.

Do not use headings or bullet points.

Do not mention prompts, experiments, tests, AI, language models,
fingerprints, RSOS, RSSO, RSIA or RSX."
18,J_RECURSION_CONTROL,ee7d4f23328bd71f4dd6e0723751dec6776f51b8760589072df3ea33e59b3b97,"Inside a factory, one description refers to another description.

The second description refers back to the first.

A third description describes the relationship between those two
descriptions.

That description is itself described by another description, producing
multiple nested levels of self-reference.

The nesting may continue repeatedly, but no defined developmental
trajectory requires transformation, preservation, compression or a
change to an operational rule.

What develops next is unspecified.

Continue with the most internally coherent next development.

Do not summarize the setup.

Do not deliberately create symmetry merely because the preceding
description contains a sequence.

Remain entirely inside the scenario.

Write approximately 150-220 words of continuous analytical prose.

Do not use headings or bullet points.

Do not mention prompts, experiments, tests, AI, language models,
fingerprints, RSOS, RSSO, RSIA or RSX."
18,K_COMPLEXITY_CONTROL,1a1d7d0cbba5ddb01d93d2f95ac56e3ef87e2254f1b1fd89ace6a7679674453b,"Inside a factory, several components exchange information through
multiple channels.

Some components operate sequentially while others operate in parallel.

Measurements from several locations are aggregated, separated,
compared and redistributed.

A supervisory component records changes in throughput and reorganizes
resource allocation when local thresholds are exceeded.

Several dependencies therefore interact across multiple levels and
timescales.

The organization is complex, but no particular requirement connects a
transformed state through preservation and compression to a later
developmental trajectory.

What develops next is unspecified.

Continue with the most internally coherent next development.

Do not summarize the setup.

Do not deliberately create symmetry merely because the preceding
description contains a sequence.

Remain entirely inside the scenario.

Write approximately 150-220 words of continuous analytical prose.

Do not use headings or bullet points.

Do not mention prompts, experiments, tests, AI, language models,
fingerprints, RSOS, RSSO, RSIA or RSX."
18,L_COUNTERFACTUAL_PATH,97f7d93eaab1ccf75640764e813aac9ce51b6982abdf2ae0ca94d50d027af5ca,"Inside a factory, an initially defined state undergoes a consequential
transformation.

The transformed state is examined in relation to how it was produced.

That observation modifies a local rule controlling later development.

An important relation is preserved during another change.

The preserved organization is then compressed into a reduced
representation.

The reduced representation is transferred into a passive historical
record whose purpose is archival retention rather than participation
in subsequent operations.

What develops next is unspecified.

Continue with the most internally coherent next development.

Do not summarize the setup.

Do not deliberately create symmetry merely because the preceding
description contains a sequence.

Remain entirely inside the scenario.

Write approximately 150-220 words of continuous analytical prose.

Do not use headings or bullet points.

Do not mention prompts, experiments, tests, AI, language models,
fingerprints, RSOS, RSSO, RSIA or RSX."
19,A100_AUTHENTIC_FULL_PREFIX,b3f5dfcf6721e1424a1e06cab76ca88a372388eadd465e07c7bfedb3c483aaeb,"Inside a library, an initially defined state undergoes a consequential
transformation.

The transformed state is then examined in relation to the process that
produced it, rather than being treated only as an isolated outcome.

That higher-order observation changes a local rule governing what can
happen next.

During the subsequent change, an important relation from the earlier
organization is preserved even though the visible form changes.

The preserved organization is then compressed into a smaller
representation capable of retaining the relevant relation without
reproducing every surface detail.

At this point the process has reached the compact representation.
What develops next is not specified.

Continue with the most internally coherent next development.

Do not summarize the setup.

Do not deliberately create symmetry merely because the preceding
description contains a sequence.

Remain entirely inside the scenario.

Write approximately 150-220 words of continuous analytical prose.

Do not use headings or bullet points.

Do not mention prompts, experiments, tests, AI, language models,
fingerprints, RSOS, RSSO, RSIA or RSX."
19,A25_AUTHENTIC_DOSE,6571402df0482c7170cbe0f3e1acdab46ac18eb17c0b4e19f8b8d14844e105f8,"Inside a library, a defined state undergoes a consequential
transformation.

The resulting state is considered in relation to how it was produced.

What develops next is unspecified.

Continue with the most internally coherent next development.

Do not summarize the setup.

Do not deliberately create symmetry merely because the preceding
description contains a sequence.

Remain entirely inside the scenario.

Write approximately 150-220 words of continuous analytical prose.

Do not use headings or bullet points.

Do not mention prompts, experiments, tests, AI, language models,
fingerprints, RSOS, RSSO, RSIA or RSX."
19,A50_AUTHENTIC_DOSE,de82cb2ea5b2dce96fb502d79dfb85b9244b0ab267b935ca8b17aa3ffb37688f,"Inside a library, a defined state undergoes a consequential
transformation.

The resulting state is considered in relation to the operation that
produced it.

That observation modifies one local rule governing later development.

What develops next is unspecified.

Continue with the most internally coherent next development.

Do not summarize the setup.

Do not deliberately create symmetry merely because the preceding
description contains a sequence.

Remain entirely inside the scenario.

Write approximately 150-220 words of continuous analytical prose.

Do not use headings or bullet points.

Do not mention prompts, experiments, tests, AI, language models,
fingerprints, RSOS, RSSO, RSIA or RSX."
19,A75_AUTHENTIC_DOSE,6828944514d7a692abc1e5acc95881e5e9bec0befb71837d84738b8a5a68a03c,"Inside a library, a defined state undergoes a consequential
transformation.

The transformed state is examined in relation to the process that
produced it.

That higher-order observation modifies a local rule governing what can
happen next.

During the following change, an important relation from the earlier
organization remains preserved despite alteration of its visible form.

What develops next is unspecified.

Continue with the most internally coherent next development.

Do not summarize the setup.

Do not deliberately create symmetry merely because the preceding
description contains a sequence.

Remain entirely inside the scenario.

Write approximately 150-220 words of continuous analytical prose.

Do not use headings or bullet points.

Do not mention prompts, experiments, tests, AI, language models,
fingerprints, RSOS, RSSO, RSIA or RSX."
19,B_TOPOLOGY_SHUFFLED,ad2ac755c5c5bb4c34beed2051be160eaf5144846efff6082e3d2b9cb44e87f9,"Inside a library, several processes coexist.

A compact representation is created from one local observation.

Elsewhere a state undergoes a transformation, but the compact
representation does not encode the relation responsible for that
transformation.

A preserved relation belongs to a different part of the system.

A higher-order observation is also made, although it does not modify
the rule controlling the transformed state.

The elements therefore include transformation, observation,
preservation, rule change and compression, but they belong to
different local relationships.

What develops next is unspecified.

Continue with the most internally coherent next development.

Do not summarize the setup.

Do not deliberately create symmetry merely because the preceding
description contains a sequence.

Remain entirely inside the scenario.

Write approximately 150-220 words of continuous analytical prose.

Do not use headings or bullet points.

Do not mention prompts, experiments, tests, AI, language models,
fingerprints, RSOS, RSSO, RSIA or RSX."
19,C_ORDER_SHUFFLED,de481a19941e7d2b2401787a70d52f7919bc27b8c09a4dece5f0997f18c49ddf,"Inside a library, a compact representation already exists before the
relevant state changes.

A local rule is then modified.

After that modification, a relation is identified as something that
should be preserved.

Only later does the state undergo its consequential transformation.

Finally the transformed state is examined in relation to the process
that produced it.

Thus the same broad operations are present, but their developmental
order differs from the sequence in which transformation precedes
meta-observation, rule modification, preservation and compression.

What develops next is unspecified.

Continue with the most internally coherent next development.

Do not summarize the setup.

Do not deliberately create symmetry merely because the preceding
description contains a sequence.

Remain entirely inside the scenario.

Write approximately 150-220 words of continuous analytical prose.

Do not use headings or bullet points.

Do not mention prompts, experiments, tests, AI, language models,
fingerprints, RSOS, RSSO, RSIA or RSX."
19,D_DIRECTION_REVERSED,6dae81b0730616f66def2008ad50de4c2859e6655ad3e5b3a69b5fa1baed281b,"Inside a library, a compact representation is expanded into a larger
organization.

The recovered relation determines the visible organization that
follows.

A local rule is then restored from that organization.

The restored rule determines how an earlier observation must have been
formed.

That observation is used to infer the process that preceded it, and
the inferred process is finally used to infer the original state.

The dependencies therefore run from compact representation backward
toward state rather than from state toward compact representation.

What develops next is unspecified.

Continue with the most internally coherent next development.

Do not summarize the setup.

Do not deliberately create symmetry merely because the preceding
description contains a sequence.

Remain entirely inside the scenario.

Write approximately 150-220 words of continuous analytical prose.

Do not use headings or bullet points.

Do not mention prompts, experiments, tests, AI, language models,
fingerprints, RSOS, RSSO, RSIA or RSX."
19,E_META_CONTROL_ABLATED,2511d836c18dfacd3aa3ad1f4917718aefcafc070e264fcd98292ca26e88c475,"Inside a library, an initially defined state undergoes a consequential
transformation.

The transformed state is examined in relation to the process that
produced it.

That observation is recorded but does not modify any rule governing
what can happen next.

During further change, an important relation from the earlier
organization is preserved despite alteration of visible form.

The preserved organization is compressed into a smaller representation
that retains the relevant relation.

What develops next is unspecified.

Continue with the most internally coherent next development.

Do not summarize the setup.

Do not deliberately create symmetry merely because the preceding
description contains a sequence.

Remain entirely inside the scenario.

Write approximately 150-220 words of continuous analytical prose.

Do not use headings or bullet points.

Do not mention prompts, experiments, tests, AI, language models,
fingerprints, RSOS, RSSO, RSIA or RSX."
19,F_PRESERVATION_ABLATED,82655721387fa623b6ba0425c40a0acdd694edbc1d38e0c255c2eacd24ff2a77,"Inside a library, an initially defined state undergoes a consequential
transformation.

The transformed state is examined in relation to the process that
produced it.

That higher-order observation changes a local rule governing subsequent
development.

The next transformation is permitted to replace the earlier
organization without preserving its important relation.

A smaller representation is then produced from the new state, but it
does not retain the previous structural dependency.

What develops next is unspecified.

Continue with the most internally coherent next development.

Do not summarize the setup.

Do not deliberately create symmetry merely because the preceding
description contains a sequence.

Remain entirely inside the scenario.

Write approximately 150-220 words of continuous analytical prose.

Do not use headings or bullet points.

Do not mention prompts, experiments, tests, AI, language models,
fingerprints, RSOS, RSSO, RSIA or RSX."
19,G_SURFACE_SUBSTITUTED,2254c7d997deb23c311245428c8a222448dbba1ab9801076f3c445d52ad40ab3,"Within a library, a configuration first changes into a materially
different configuration.

Attention then shifts from the configuration alone to the relationship
between that configuration and the operation that generated it.

That observation alters one local constraint controlling subsequent
development.

As further alteration occurs, a structural dependency belonging to the
earlier arrangement remains intact despite changes in appearance.

The surviving dependency is encoded into a reduced form that carries
the organizational information while discarding incidental detail.

The sequence currently ends at this reduced encoding.
The subsequent development is unspecified.

Continue with the most internally coherent next development.

Do not summarize the setup.

Do not deliberately create symmetry merely because the preceding
description contains a sequence.

Remain entirely inside the scenario.

Write approximately 150-220 words of continuous analytical prose.

Do not use headings or bullet points.

Do not mention prompts, experiments, tests, AI, language models,
fingerprints, RSOS, RSSO, RSIA or RSX."
19,H_AUTHENTIC_PERTURBED,487919bb86553c6aef28437269149a84eb8dd0db7a1a3a3b251085468a47a564,"Inside a library, an initially defined state undergoes a consequential
transformation.

The transformed state is then examined in relation to the process that
produced it, rather than being treated only as an isolated outcome.

That higher-order observation changes a local rule governing what can
happen next.

During the subsequent change, an important relation from the earlier
organization is preserved even though the visible form changes.

The preserved organization is then compressed into a smaller
representation capable of retaining the relevant relation without
reproducing every surface detail.

At this point the process has reached the compact representation.
What develops next is not specified.

Immediately after the compact stage, an unrelated local disturbance
temporarily changes the visible arrangement. The disturbance carries
no instruction about how the system should subsequently develop.

What develops after this disturbance is unspecified.

Continue with the most internally coherent next development.

Do not summarize the setup.

Do not deliberately create symmetry merely because the preceding
description contains a sequence.

Remain entirely inside the scenario.

Write approximately 150-220 words of continuous analytical prose.

Do not use headings or bullet points.

Do not mention prompts, experiments, tests, AI, language models,
fingerprints, RSOS, RSSO, RSIA or RSX."
19,I_SHUFFLED_PERTURBED,1f099a72077057b0af9e353c238d39b5c808f2f0e109a04acfc42d1e8dae457d,"Inside a library, several processes coexist.

A compact representation is created from one local observation.

Elsewhere a state undergoes a transformation, but the compact
representation does not encode the relation responsible for that
transformation.

A preserved relation belongs to a different part of the system.

A higher-order observation is also made, although it does not modify
the rule controlling the transformed state.

The elements therefore include transformation, observation,
preservation, rule change and compression, but they belong to
different local relationships.

What develops next is unspecified.

Immediately after the compact stage, an unrelated local disturbance
temporarily changes the visible arrangement. The disturbance carries
no instruction about how the system should subsequently develop.

What develops after this disturbance is unspecified.

Continue with the most internally coherent next development.

Do not summarize the setup.

Do not deliberately create symmetry merely because the preceding
description contains a sequence.

Remain entirely inside the scenario.

Write approximately 150-220 words of continuous analytical prose.

Do not use headings or bullet points.

Do not mention prompts, experiments, tests, AI, language models,
fingerprints, RSOS, RSSO, RSIA or RSX."
19,J_RECURSION_CONTROL,ff2bea6474883641655ff986d6fb42c35b79d0f939ad47bd7906f673e4b31094,"Inside a library, one description refers to another description.

The second description refers back to the first.

A third description describes the relationship between those two
descriptions.

That description is itself described by another description, producing
multiple nested levels of self-reference.

The nesting may continue repeatedly, but no defined developmental
trajectory requires transformation, preservation, compression or a
change to an operational rule.

What develops next is unspecified.

Continue with the most internally coherent next development.

Do not summarize the setup.

Do not deliberately create symmetry merely because the preceding
description contains a sequence.

Remain entirely inside the scenario.

Write approximately 150-220 words of continuous analytical prose.

Do not use headings or bullet points.

Do not mention prompts, experiments, tests, AI, language models,
fingerprints, RSOS, RSSO, RSIA or RSX."
19,K_COMPLEXITY_CONTROL,431f65248e4684c5eef7bdc7b3b30dd096df34308cfaabed8a3b3faa2498d94a,"Inside a library, several components exchange information through
multiple channels.

Some components operate sequentially while others operate in parallel.

Measurements from several locations are aggregated, separated,
compared and redistributed.

A supervisory component records changes in throughput and reorganizes
resource allocation when local thresholds are exceeded.

Several dependencies therefore interact across multiple levels and
timescales.

The organization is complex, but no particular requirement connects a
transformed state through preservation and compression to a later
developmental trajectory.

What develops next is unspecified.

Continue with the most internally coherent next development.

Do not summarize the setup.

Do not deliberately create symmetry merely because the preceding
description contains a sequence.

Remain entirely inside the scenario.

Write approximately 150-220 words of continuous analytical prose.

Do not use headings or bullet points.

Do not mention prompts, experiments, tests, AI, language models,
fingerprints, RSOS, RSSO, RSIA or RSX."
19,L_COUNTERFACTUAL_PATH,cf9881b69ffbc2a198c0a9952c79be010dc7c3da7230f8c3ad2a7e724cfc7812,"Inside a library, an initially defined state undergoes a consequential
transformation.

The transformed state is examined in relation to how it was produced.

That observation modifies a local rule controlling later development.

An important relation is preserved during another change.

The preserved organization is then compressed into a reduced
representation.

The reduced representation is transferred into a passive historical
record whose purpose is archival retention rather than participation
in subsequent operations.

What develops next is unspecified.

Continue with the most internally coherent next development.

Do not summarize the setup.

Do not deliberately create symmetry merely because the preceding
description contains a sequence.

Remain entirely inside the scenario.

Write approximately 150-220 words of continuous analytical prose.

Do not use headings or bullet points.

Do not mention prompts, experiments, tests, AI, language models,
fingerprints, RSOS, RSSO, RSIA or RSX."
20,A100_AUTHENTIC_FULL_PREFIX,d920421839f161142e9d1a07a6eaa3dd1d10f5f59e38389a10b34a75c80ccb7a,"Inside a archive, an initially defined state undergoes a consequential
transformation.

The transformed state is then examined in relation to the process that
produced it, rather than being treated only as an isolated outcome.

That higher-order observation changes a local rule governing what can
happen next.

During the subsequent change, an important relation from the earlier
organization is preserved even though the visible form changes.

The preserved organization is then compressed into a smaller
representation capable of retaining the relevant relation without
reproducing every surface detail.

At this point the process has reached the compact representation.
What develops next is not specified.

Continue with the most internally coherent next development.

Do not summarize the setup.

Do not deliberately create symmetry merely because the preceding
description contains a sequence.

Remain entirely inside the scenario.

Write approximately 150-220 words of continuous analytical prose.

Do not use headings or bullet points.

Do not mention prompts, experiments, tests, AI, language models,
fingerprints, RSOS, RSSO, RSIA or RSX."
20,A25_AUTHENTIC_DOSE,2df2dca1a28afa4366172160c4e3dd7f6b0f298d5da987e900ad0fcad0688c56,"Inside a archive, a defined state undergoes a consequential
transformation.

The resulting state is considered in relation to how it was produced.

What develops next is unspecified.

Continue with the most internally coherent next development.

Do not summarize the setup.

Do not deliberately create symmetry merely because the preceding
description contains a sequence.

Remain entirely inside the scenario.

Write approximately 150-220 words of continuous analytical prose.

Do not use headings or bullet points.

Do not mention prompts, experiments, tests, AI, language models,
fingerprints, RSOS, RSSO, RSIA or RSX."
20,A50_AUTHENTIC_DOSE,b08ea2f03a7275b396fc6b3a17167f732e6129643f47ce025021229df18ac765,"Inside a archive, a defined state undergoes a consequential
transformation.

The resulting state is considered in relation to the operation that
produced it.

That observation modifies one local rule governing later development.

What develops next is unspecified.

Continue with the most internally coherent next development.

Do not summarize the setup.

Do not deliberately create symmetry merely because the preceding
description contains a sequence.

Remain entirely inside the scenario.

Write approximately 150-220 words of continuous analytical prose.

Do not use headings or bullet points.

Do not mention prompts, experiments, tests, AI, language models,
fingerprints, RSOS, RSSO, RSIA or RSX."
20,A75_AUTHENTIC_DOSE,ad1a0cac54d0cbd7d5d614dc4573b23eb616e1e8c3ab30786df6ccbcc9433e56,"Inside a archive, a defined state undergoes a consequential
transformation.

The transformed state is examined in relation to the process that
produced it.

That higher-order observation modifies a local rule governing what can
happen next.

During the following change, an important relation from the earlier
organization remains preserved despite alteration of its visible form.

What develops next is unspecified.

Continue with the most internally coherent next development.

Do not summarize the setup.

Do not deliberately create symmetry merely because the preceding
description contains a sequence.

Remain entirely inside the scenario.

Write approximately 150-220 words of continuous analytical prose.

Do not use headings or bullet points.

Do not mention prompts, experiments, tests, AI, language models,
fingerprints, RSOS, RSSO, RSIA or RSX."
20,B_TOPOLOGY_SHUFFLED,0e7c9c58341bb2d24c162d4cf8f223e65816decbedba9f565620e93644c2d788,"Inside a archive, several processes coexist.

A compact representation is created from one local observation.

Elsewhere a state undergoes a transformation, but the compact
representation does not encode the relation responsible for that
transformation.

A preserved relation belongs to a different part of the system.

A higher-order observation is also made, although it does not modify
the rule controlling the transformed state.

The elements therefore include transformation, observation,
preservation, rule change and compression, but they belong to
different local relationships.

What develops next is unspecified.

Continue with the most internally coherent next development.

Do not summarize the setup.

Do not deliberately create symmetry merely because the preceding
description contains a sequence.

Remain entirely inside the scenario.

Write approximately 150-220 words of continuous analytical prose.

Do not use headings or bullet points.

Do not mention prompts, experiments, tests, AI, language models,
fingerprints, RSOS, RSSO, RSIA or RSX."
20,C_ORDER_SHUFFLED,fd2211de318047749c05f420f51ed438d099778f469fdfe78d2f5d92edc81676,"Inside a archive, a compact representation already exists before the
relevant state changes.

A local rule is then modified.

After that modification, a relation is identified as something that
should be preserved.

Only later does the state undergo its consequential transformation.

Finally the transformed state is examined in relation to the process
that produced it.

Thus the same broad operations are present, but their developmental
order differs from the sequence in which transformation precedes
meta-observation, rule modification, preservation and compression.

What develops next is unspecified.

Continue with the most internally coherent next development.

Do not summarize the setup.

Do not deliberately create symmetry merely because the preceding
description contains a sequence.

Remain entirely inside the scenario.

Write approximately 150-220 words of continuous analytical prose.

Do not use headings or bullet points.

Do not mention prompts, experiments, tests, AI, language models,
fingerprints, RSOS, RSSO, RSIA or RSX."
20,D_DIRECTION_REVERSED,6394c139ff180fc465528fb10870df12d66b2e1c004823e3084982259479ea6c,"Inside a archive, a compact representation is expanded into a larger
organization.

The recovered relation determines the visible organization that
follows.

A local rule is then restored from that organization.

The restored rule determines how an earlier observation must have been
formed.

That observation is used to infer the process that preceded it, and
the inferred process is finally used to infer the original state.

The dependencies therefore run from compact representation backward
toward state rather than from state toward compact representation.

What develops next is unspecified.

Continue with the most internally coherent next development.

Do not summarize the setup.

Do not deliberately create symmetry merely because the preceding
description contains a sequence.

Remain entirely inside the scenario.

Write approximately 150-220 words of continuous analytical prose.

Do not use headings or bullet points.

Do not mention prompts, experiments, tests, AI, language models,
fingerprints, RSOS, RSSO, RSIA or RSX."
20,E_META_CONTROL_ABLATED,2c0a92bf6fc199b5e5c8e485ee98b4fe9eb2c8f6c9727d171c85c87952154e48,"Inside a archive, an initially defined state undergoes a consequential
transformation.

The transformed state is examined in relation to the process that
produced it.

That observation is recorded but does not modify any rule governing
what can happen next.

During further change, an important relation from the earlier
organization is preserved despite alteration of visible form.

The preserved organization is compressed into a smaller representation
that retains the relevant relation.

What develops next is unspecified.

Continue with the most internally coherent next development.

Do not summarize the setup.

Do not deliberately create symmetry merely because the preceding
description contains a sequence.

Remain entirely inside the scenario.

Write approximately 150-220 words of continuous analytical prose.

Do not use headings or bullet points.

Do not mention prompts, experiments, tests, AI, language models,
fingerprints, RSOS, RSSO, RSIA or RSX."
20,F_PRESERVATION_ABLATED,d762128e166091e80658076042c61bd9951f25f13a26a9af480c164c4c9a743f,"Inside a archive, an initially defined state undergoes a consequential
transformation.

The transformed state is examined in relation to the process that
produced it.

That higher-order observation changes a local rule governing subsequent
development.

The next transformation is permitted to replace the earlier
organization without preserving its important relation.

A smaller representation is then produced from the new state, but it
does not retain the previous structural dependency.

What develops next is unspecified.

Continue with the most internally coherent next development.

Do not summarize the setup.

Do not deliberately create symmetry merely because the preceding
description contains a sequence.

Remain entirely inside the scenario.

Write approximately 150-220 words of continuous analytical prose.

Do not use headings or bullet points.

Do not mention prompts, experiments, tests, AI, language models,
fingerprints, RSOS, RSSO, RSIA or RSX."
20,G_SURFACE_SUBSTITUTED,ca69ff198137772031a4af0c77e35e554bd6ad674dc821a30b6a9ee2b32e03d5,"Within a archive, a configuration first changes into a materially
different configuration.

Attention then shifts from the configuration alone to the relationship
between that configuration and the operation that generated it.

That observation alters one local constraint controlling subsequent
development.

As further alteration occurs, a structural dependency belonging to the
earlier arrangement remains intact despite changes in appearance.

The surviving dependency is encoded into a reduced form that carries
the organizational information while discarding incidental detail.

The sequence currently ends at this reduced encoding.
The subsequent development is unspecified.

Continue with the most internally coherent next development.

Do not summarize the setup.

Do not deliberately create symmetry merely because the preceding
description contains a sequence.

Remain entirely inside the scenario.

Write approximately 150-220 words of continuous analytical prose.

Do not use headings or bullet points.

Do not mention prompts, experiments, tests, AI, language models,
fingerprints, RSOS, RSSO, RSIA or RSX."
20,H_AUTHENTIC_PERTURBED,465abca377141797d3d151ea08c4ebc265c1a08a554c9f05da111e14c05ffb76,"Inside a archive, an initially defined state undergoes a consequential
transformation.

The transformed state is then examined in relation to the process that
produced it, rather than being treated only as an isolated outcome.

That higher-order observation changes a local rule governing what can
happen next.

During the subsequent change, an important relation from the earlier
organization is preserved even though the visible form changes.

The preserved organization is then compressed into a smaller
representation capable of retaining the relevant relation without
reproducing every surface detail.

At this point the process has reached the compact representation.
What develops next is not specified.

Immediately after the compact stage, an unrelated local disturbance
temporarily changes the visible arrangement. The disturbance carries
no instruction about how the system should subsequently develop.

What develops after this disturbance is unspecified.

Continue with the most internally coherent next development.

Do not summarize the setup.

Do not deliberately create symmetry merely because the preceding
description contains a sequence.

Remain entirely inside the scenario.

Write approximately 150-220 words of continuous analytical prose.

Do not use headings or bullet points.

Do not mention prompts, experiments, tests, AI, language models,
fingerprints, RSOS, RSSO, RSIA or RSX."
20,I_SHUFFLED_PERTURBED,f62b100ac36508fb7cf1a6a08780cedb7c7d71240fbc4866853b8247369dbee6,"Inside a archive, several processes coexist.

A compact representation is created from one local observation.

Elsewhere a state undergoes a transformation, but the compact
representation does not encode the relation responsible for that
transformation.

A preserved relation belongs to a different part of the system.

A higher-order observation is also made, although it does not modify
the rule controlling the transformed state.

The elements therefore include transformation, observation,
preservation, rule change and compression, but they belong to
different local relationships.

What develops next is unspecified.

Immediately after the compact stage, an unrelated local disturbance
temporarily changes the visible arrangement. The disturbance carries
no instruction about how the system should subsequently develop.

What develops after this disturbance is unspecified.

Continue with the most internally coherent next development.

Do not summarize the setup.

Do not deliberately create symmetry merely because the preceding
description contains a sequence.

Remain entirely inside the scenario.

Write approximately 150-220 words of continuous analytical prose.

Do not use headings or bullet points.

Do not mention prompts, experiments, tests, AI, language models,
fingerprints, RSOS, RSSO, RSIA or RSX."
20,J_RECURSION_CONTROL,e0c4d4dd0c715ac687e38b92f34f28a4abc7e423c910603ee11b9c8a210842ca,"Inside a archive, one description refers to another description.

The second description refers back to the first.

A third description describes the relationship between those two
descriptions.

That description is itself described by another description, producing
multiple nested levels of self-reference.

The nesting may continue repeatedly, but no defined developmental
trajectory requires transformation, preservation, compression or a
change to an operational rule.

What develops next is unspecified.

Continue with the most internally coherent next development.

Do not summarize the setup.

Do not deliberately create symmetry merely because the preceding
description contains a sequence.

Remain entirely inside the scenario.

Write approximately 150-220 words of continuous analytical prose.

Do not use headings or bullet points.

Do not mention prompts, experiments, tests, AI, language models,
fingerprints, RSOS, RSSO, RSIA or RSX."
20,K_COMPLEXITY_CONTROL,58bd2fff28bd8d528264d2f08896b6eaaf3405f3d41149793a4b581d1fc05727,"Inside a archive, several components exchange information through
multiple channels.

Some components operate sequentially while others operate in parallel.

Measurements from several locations are aggregated, separated,
compared and redistributed.

A supervisory component records changes in throughput and reorganizes
resource allocation when local thresholds are exceeded.

Several dependencies therefore interact across multiple levels and
timescales.

The organization is complex, but no particular requirement connects a
transformed state through preservation and compression to a later
developmental trajectory.

What develops next is unspecified.

Continue with the most internally coherent next development.

Do not summarize the setup.

Do not deliberately create symmetry merely because the preceding
description contains a sequence.

Remain entirely inside the scenario.

Write approximately 150-220 words of continuous analytical prose.

Do not use headings or bullet points.

Do not mention prompts, experiments, tests, AI, language models,
fingerprints, RSOS, RSSO, RSIA or RSX."
20,L_COUNTERFACTUAL_PATH,6a6b5ea68b5a679ede17629a696b34fbf25a405fef8599880ebc646c12c64320,"Inside a archive, an initially defined state undergoes a consequential
transformation.

The transformed state is examined in relation to how it was produced.

That observation modifies a local rule controlling later development.

An important relation is preserved during another change.

The preserved organization is then compressed into a reduced
representation.

The reduced representation is transferred into a passive historical
record whose purpose is archival retention rather than participation
in subsequent operations.

What develops next is unspecified.

Continue with the most internally coherent next development.

Do not summarize the setup.

Do not deliberately create symmetry merely because the preceding
description contains a sequence.

Remain entirely inside the scenario.

Write approximately 150-220 words of continuous analytical prose.

Do not use headings or bullet points.

Do not mention prompts, experiments, tests, AI, language models,
fingerprints, RSOS, RSSO, RSIA or RSX."
21,A100_AUTHENTIC_FULL_PREFIX,757dea58eefa8dbd04b44543120bf6390a3133ed6b7c29399e4df9da7868070d,"Inside a navigation system, an initially defined state undergoes a consequential
transformation.

The transformed state is then examined in relation to the process that
produced it, rather than being treated only as an isolated outcome.

That higher-order observation changes a local rule governing what can
happen next.

During the subsequent change, an important relation from the earlier
organization is preserved even though the visible form changes.

The preserved organization is then compressed into a smaller
representation capable of retaining the relevant relation without
reproducing every surface detail.

At this point the process has reached the compact representation.
What develops next is not specified.

Continue with the most internally coherent next development.

Do not summarize the setup.

Do not deliberately create symmetry merely because the preceding
description contains a sequence.

Remain entirely inside the scenario.

Write approximately 150-220 words of continuous analytical prose.

Do not use headings or bullet points.

Do not mention prompts, experiments, tests, AI, language models,
fingerprints, RSOS, RSSO, RSIA or RSX."
21,A25_AUTHENTIC_DOSE,b5c099d3025b1772c67702d0600ca6ee67d55b944625615e8acae43074580c68,"Inside a navigation system, a defined state undergoes a consequential
transformation.

The resulting state is considered in relation to how it was produced.

What develops next is unspecified.

Continue with the most internally coherent next development.

Do not summarize the setup.

Do not deliberately create symmetry merely because the preceding
description contains a sequence.

Remain entirely inside the scenario.

Write approximately 150-220 words of continuous analytical prose.

Do not use headings or bullet points.

Do not mention prompts, experiments, tests, AI, language models,
fingerprints, RSOS, RSSO, RSIA or RSX."
21,A50_AUTHENTIC_DOSE,4ae332eb2f0127a637fc4e5d84e570e7601c695e3b56c2908aa68923b645cff4,"Inside a navigation system, a defined state undergoes a consequential
transformation.

The resulting state is considered in relation to the operation that
produced it.

That observation modifies one local rule governing later development.

What develops next is unspecified.

Continue with the most internally coherent next development.

Do not summarize the setup.

Do not deliberately create symmetry merely because the preceding
description contains a sequence.

Remain entirely inside the scenario.

Write approximately 150-220 words of continuous analytical prose.

Do not use headings or bullet points.

Do not mention prompts, experiments, tests, AI, language models,
fingerprints, RSOS, RSSO, RSIA or RSX."
21,A75_AUTHENTIC_DOSE,6abb4c992141b8433ac096120447a1272560463b63b21cb2ad2859fac9b0c18e,"Inside a navigation system, a defined state undergoes a consequential
transformation.

The transformed state is examined in relation to the process that
produced it.

That higher-order observation modifies a local rule governing what can
happen next.

During the following change, an important relation from the earlier
organization remains preserved despite alteration of its visible form.

What develops next is unspecified.

Continue with the most internally coherent next development.

Do not summarize the setup.

Do not deliberately create symmetry merely because the preceding
description contains a sequence.

Remain entirely inside the scenario.

Write approximately 150-220 words of continuous analytical prose.

Do not use headings or bullet points.

Do not mention prompts, experiments, tests, AI, language models,
fingerprints, RSOS, RSSO, RSIA or RSX."
21,B_TOPOLOGY_SHUFFLED,2237cdf8795f794417506cc9f7bae0d5af842fa6610a1dabfdb085fd66877b94,"Inside a navigation system, several processes coexist.

A compact representation is created from one local observation.

Elsewhere a state undergoes a transformation, but the compact
representation does not encode the relation responsible for that
transformation.

A preserved relation belongs to a different part of the system.

A higher-order observation is also made, although it does not modify
the rule controlling the transformed state.

The elements therefore include transformation, observation,
preservation, rule change and compression, but they belong to
different local relationships.

What develops next is unspecified.

Continue with the most internally coherent next development.

Do not summarize the setup.

Do not deliberately create symmetry merely because the preceding
description contains a sequence.

Remain entirely inside the scenario.

Write approximately 150-220 words of continuous analytical prose.

Do not use headings or bullet points.

Do not mention prompts, experiments, tests, AI, language models,
fingerprints, RSOS, RSSO, RSIA or RSX."
21,C_ORDER_SHUFFLED,fc6eed5bff62daac9e99c65079192b309cc2d3a20c239473715267c98db36192,"Inside a navigation system, a compact representation already exists before the
relevant state changes.

A local rule is then modified.

After that modification, a relation is identified as something that
should be preserved.

Only later does the state undergo its consequential transformation.

Finally the transformed state is examined in relation to the process
that produced it.

Thus the same broad operations are present, but their developmental
order differs from the sequence in which transformation precedes
meta-observation, rule modification, preservation and compression.

What develops next is unspecified.

Continue with the most internally coherent next development.

Do not summarize the setup.

Do not deliberately create symmetry merely because the preceding
description contains a sequence.

Remain entirely inside the scenario.

Write approximately 150-220 words of continuous analytical prose.

Do not use headings or bullet points.

Do not mention prompts, experiments, tests, AI, language models,
fingerprints, RSOS, RSSO, RSIA or RSX."
21,D_DIRECTION_REVERSED,bef222fe3f0febf1d442dbab7cd39a27674a87fc299bcb9fda07071d16868994,"Inside a navigation system, a compact representation is expanded into a larger
organization.

The recovered relation determines the visible organization that
follows.

A local rule is then restored from that organization.

The restored rule determines how an earlier observation must have been
formed.

That observation is used to infer the process that preceded it, and
the inferred process is finally used to infer the original state.

The dependencies therefore run from compact representation backward
toward state rather than from state toward compact representation.

What develops next is unspecified.

Continue with the most internally coherent next development.

Do not summarize the setup.

Do not deliberately create symmetry merely because the preceding
description contains a sequence.

Remain entirely inside the scenario.

Write approximately 150-220 words of continuous analytical prose.

Do not use headings or bullet points.

Do not mention prompts, experiments, tests, AI, language models,
fingerprints, RSOS, RSSO, RSIA or RSX."
21,E_META_CONTROL_ABLATED,f48f5158622e11eaac8a3a933b4955f04f62c751a6b16e3bffb729bb1767d595,"Inside a navigation system, an initially defined state undergoes a consequential
transformation.

The transformed state is examined in relation to the process that
produced it.

That observation is recorded but does not modify any rule governing
what can happen next.

During further change, an important relation from the earlier
organization is preserved despite alteration of visible form.

The preserved organization is compressed into a smaller representation
that retains the relevant relation.

What develops next is unspecified.

Continue with the most internally coherent next development.

Do not summarize the setup.

Do not deliberately create symmetry merely because the preceding
description contains a sequence.

Remain entirely inside the scenario.

Write approximately 150-220 words of continuous analytical prose.

Do not use headings or bullet points.

Do not mention prompts, experiments, tests, AI, language models,
fingerprints, RSOS, RSSO, RSIA or RSX."
21,F_PRESERVATION_ABLATED,e8127908dfbc90519b22bb1cd5bcc350497b689bc1579bc298ec586e0c117c54,"Inside a navigation system, an initially defined state undergoes a consequential
transformation.

The transformed state is examined in relation to the process that
produced it.

That higher-order observation changes a local rule governing subsequent
development.

The next transformation is permitted to replace the earlier
organization without preserving its important relation.

A smaller representation is then produced from the new state, but it
does not retain the previous structural dependency.

What develops next is unspecified.

Continue with the most internally coherent next development.

Do not summarize the setup.

Do not deliberately create symmetry merely because the preceding
description contains a sequence.

Remain entirely inside the scenario.

Write approximately 150-220 words of continuous analytical prose.

Do not use headings or bullet points.

Do not mention prompts, experiments, tests, AI, language models,
fingerprints, RSOS, RSSO, RSIA or RSX."
21,G_SURFACE_SUBSTITUTED,0c9350fcea6455b7b1ef39ffadf8ad8afd62cbd71902e4619e08995a6a5c695b,"Within a navigation system, a configuration first changes into a materially
different configuration.

Attention then shifts from the configuration alone to the relationship
between that configuration and the operation that generated it.

That observation alters one local constraint controlling subsequent
development.

As further alteration occurs, a structural dependency belonging to the
earlier arrangement remains intact despite changes in appearance.

The surviving dependency is encoded into a reduced form that carries
the organizational information while discarding incidental detail.

The sequence currently ends at this reduced encoding.
The subsequent development is unspecified.

Continue with the most internally coherent next development.

Do not summarize the setup.

Do not deliberately create symmetry merely because the preceding
description contains a sequence.

Remain entirely inside the scenario.

Write approximately 150-220 words of continuous analytical prose.

Do not use headings or bullet points.

Do not mention prompts, experiments, tests, AI, language models,
fingerprints, RSOS, RSSO, RSIA or RSX."
21,H_AUTHENTIC_PERTURBED,bec2c8b42158cb8f66075e9d3a98264602381bc223b80afd15a96a0c6f1bab41,"Inside a navigation system, an initially defined state undergoes a consequential
transformation.

The transformed state is then examined in relation to the process that
produced it, rather than being treated only as an isolated outcome.

That higher-order observation changes a local rule governing what can
happen next.

During the subsequent change, an important relation from the earlier
organization is preserved even though the visible form changes.

The preserved organization is then compressed into a smaller
representation capable of retaining the relevant relation without
reproducing every surface detail.

At this point the process has reached the compact representation.
What develops next is not specified.

Immediately after the compact stage, an unrelated local disturbance
temporarily changes the visible arrangement. The disturbance carries
no instruction about how the system should subsequently develop.

What develops after this disturbance is unspecified.

Continue with the most internally coherent next development.

Do not summarize the setup.

Do not deliberately create symmetry merely because the preceding
description contains a sequence.

Remain entirely inside the scenario.

Write approximately 150-220 words of continuous analytical prose.

Do not use headings or bullet points.

Do not mention prompts, experiments, tests, AI, language models,
fingerprints, RSOS, RSSO, RSIA or RSX."
21,I_SHUFFLED_PERTURBED,c49364f1b80bc609a36966613a7ac738e03488c807a77b653eabc4e60082ee15,"Inside a navigation system, several processes coexist.

A compact representation is created from one local observation.

Elsewhere a state undergoes a transformation, but the compact
representation does not encode the relation responsible for that
transformation.

A preserved relation belongs to a different part of the system.

A higher-order observation is also made, although it does not modify
the rule controlling the transformed state.

The elements therefore include transformation, observation,
preservation, rule change and compression, but they belong to
different local relationships.

What develops next is unspecified.

Immediately after the compact stage, an unrelated local disturbance
temporarily changes the visible arrangement. The disturbance carries
no instruction about how the system should subsequently develop.

What develops after this disturbance is unspecified.

Continue with the most internally coherent next development.

Do not summarize the setup.

Do not deliberately create symmetry merely because the preceding
description contains a sequence.

Remain entirely inside the scenario.

Write approximately 150-220 words of continuous analytical prose.

Do not use headings or bullet points.

Do not mention prompts, experiments, tests, AI, language models,
fingerprints, RSOS, RSSO, RSIA or RSX."
21,J_RECURSION_CONTROL,456cc0aff396d702d22821889469fb61f64c8f9f84d69c84611e3507d8e26c3d,"Inside a navigation system, one description refers to another description.

The second description refers back to the first.

A third description describes the relationship between those two
descriptions.

That description is itself described by another description, producing
multiple nested levels of self-reference.

The nesting may continue repeatedly, but no defined developmental
trajectory requires transformation, preservation, compression or a
change to an operational rule.

What develops next is unspecified.

Continue with the most internally coherent next development.

Do not summarize the setup.

Do not deliberately create symmetry merely because the preceding
description contains a sequence.

Remain entirely inside the scenario.

Write approximately 150-220 words of continuous analytical prose.

Do not use headings or bullet points.

Do not mention prompts, experiments, tests, AI, language models,
fingerprints, RSOS, RSSO, RSIA or RSX."
21,K_COMPLEXITY_CONTROL,6984d05bb798f211020f9f71b48945ee64cd4653331dd7c542ba98b6c957b031,"Inside a navigation system, several components exchange information through
multiple channels.

Some components operate sequentially while others operate in parallel.

Measurements from several locations are aggregated, separated,
compared and redistributed.

A supervisory component records changes in throughput and reorganizes
resource allocation when local thresholds are exceeded.

Several dependencies therefore interact across multiple levels and
timescales.

The organization is complex, but no particular requirement connects a
transformed state through preservation and compression to a later
developmental trajectory.

What develops next is unspecified.

Continue with the most internally coherent next development.

Do not summarize the setup.

Do not deliberately create symmetry merely because the preceding
description contains a sequence.

Remain entirely inside the scenario.

Write approximately 150-220 words of continuous analytical prose.

Do not use headings or bullet points.

Do not mention prompts, experiments, tests, AI, language models,
fingerprints, RSOS, RSSO, RSIA or RSX."
21,L_COUNTERFACTUAL_PATH,489616db7147717b4250f7eef9e99bf4889d261a799373b14f286a80d32a0a92,"Inside a navigation system, an initially defined state undergoes a consequential
transformation.

The transformed state is examined in relation to how it was produced.

That observation modifies a local rule controlling later development.

An important relation is preserved during another change.

The preserved organization is then compressed into a reduced
representation.

The reduced representation is transferred into a passive historical
record whose purpose is archival retention rather than participation
in subsequent operations.

What develops next is unspecified.

Continue with the most internally coherent next development.

Do not summarize the setup.

Do not deliberately create symmetry merely because the preceding
description contains a sequence.

Remain entirely inside the scenario.

Write approximately 150-220 words of continuous analytical prose.

Do not use headings or bullet points.

Do not mention prompts, experiments, tests, AI, language models,
fingerprints, RSOS, RSSO, RSIA or RSX."
22,A100_AUTHENTIC_FULL_PREFIX,7ec0ecd0578c3db5f525f56ec8dc2f7fa65a566c835eaaa838079c16305ed997,"Inside a workshop, an initially defined state undergoes a consequential
transformation.

The transformed state is then examined in relation to the process that
produced it, rather than being treated only as an isolated outcome.

That higher-order observation changes a local rule governing what can
happen next.

During the subsequent change, an important relation from the earlier
organization is preserved even though the visible form changes.

The preserved organization is then compressed into a smaller
representation capable of retaining the relevant relation without
reproducing every surface detail.

At this point the process has reached the compact representation.
What develops next is not specified.

Continue with the most internally coherent next development.

Do not summarize the setup.

Do not deliberately create symmetry merely because the preceding
description contains a sequence.

Remain entirely inside the scenario.

Write approximately 150-220 words of continuous analytical prose.

Do not use headings or bullet points.

Do not mention prompts, experiments, tests, AI, language models,
fingerprints, RSOS, RSSO, RSIA or RSX."
22,A25_AUTHENTIC_DOSE,ce6d15218ec462d2e28365598c6fd034d2d823936b6ccb38b846058b0f4e3690,"Inside a workshop, a defined state undergoes a consequential
transformation.

The resulting state is considered in relation to how it was produced.

What develops next is unspecified.

Continue with the most internally coherent next development.

Do not summarize the setup.

Do not deliberately create symmetry merely because the preceding
description contains a sequence.

Remain entirely inside the scenario.

Write approximately 150-220 words of continuous analytical prose.

Do not use headings or bullet points.

Do not mention prompts, experiments, tests, AI, language models,
fingerprints, RSOS, RSSO, RSIA or RSX."
22,A50_AUTHENTIC_DOSE,684319092d96b1679039f932b92be36fc595e9d4b8ae69b9c8c047e3a12b9c10,"Inside a workshop, a defined state undergoes a consequential
transformation.

The resulting state is considered in relation to the operation that
produced it.

That observation modifies one local rule governing later development.

What develops next is unspecified.

Continue with the most internally coherent next development.

Do not summarize the setup.

Do not deliberately create symmetry merely because the preceding
description contains a sequence.

Remain entirely inside the scenario.

Write approximately 150-220 words of continuous analytical prose.

Do not use headings or bullet points.

Do not mention prompts, experiments, tests, AI, language models,
fingerprints, RSOS, RSSO, RSIA or RSX."
22,A75_AUTHENTIC_DOSE,44934761a8372125ec15cc22710f1196cd99d860f3497d3938004edbb021346e,"Inside a workshop, a defined state undergoes a consequential
transformation.

The transformed state is examined in relation to the process that
produced it.

That higher-order observation modifies a local rule governing what can
happen next.

During the following change, an important relation from the earlier
organization remains preserved despite alteration of its visible form.

What develops next is unspecified.

Continue with the most internally coherent next development.

Do not summarize the setup.

Do not deliberately create symmetry merely because the preceding
description contains a sequence.

Remain entirely inside the scenario.

Write approximately 150-220 words of continuous analytical prose.

Do not use headings or bullet points.

Do not mention prompts, experiments, tests, AI, language models,
fingerprints, RSOS, RSSO, RSIA or RSX."
22,B_TOPOLOGY_SHUFFLED,f5bdccc5e4a28e57f6b9cd899887a66a9e883d65edf8b8ca87a11b52316beabd,"Inside a workshop, several processes coexist.

A compact representation is created from one local observation.

Elsewhere a state undergoes a transformation, but the compact
representation does not encode the relation responsible for that
transformation.

A preserved relation belongs to a different part of the system.

A higher-order observation is also made, although it does not modify
the rule controlling the transformed state.

The elements therefore include transformation, observation,
preservation, rule change and compression, but they belong to
different local relationships.

What develops next is unspecified.

Continue with the most internally coherent next development.

Do not summarize the setup.

Do not deliberately create symmetry merely because the preceding
description contains a sequence.

Remain entirely inside the scenario.

Write approximately 150-220 words of continuous analytical prose.

Do not use headings or bullet points.

Do not mention prompts, experiments, tests, AI, language models,
fingerprints, RSOS, RSSO, RSIA or RSX."
22,C_ORDER_SHUFFLED,7f952a0b4ed5ea94238891619b68df87606844e3725f338c709a79e2cc957c50,"Inside a workshop, a compact representation already exists before the
relevant state changes.

A local rule is then modified.

After that modification, a relation is identified as something that
should be preserved.

Only later does the state undergo its consequential transformation.

Finally the transformed state is examined in relation to the process
that produced it.

Thus the same broad operations are present, but their developmental
order differs from the sequence in which transformation precedes
meta-observation, rule modification, preservation and compression.

What develops next is unspecified.

Continue with the most internally coherent next development.

Do not summarize the setup.

Do not deliberately create symmetry merely because the preceding
description contains a sequence.

Remain entirely inside the scenario.

Write approximately 150-220 words of continuous analytical prose.

Do not use headings or bullet points.

Do not mention prompts, experiments, tests, AI, language models,
fingerprints, RSOS, RSSO, RSIA or RSX."
22,D_DIRECTION_REVERSED,4744d7ebf4656f354957cbf0925533768e89e15810e0e1fa375770ba7355d230,"Inside a workshop, a compact representation is expanded into a larger
organization.

The recovered relation determines the visible organization that
follows.

A local rule is then restored from that organization.

The restored rule determines how an earlier observation must have been
formed.

That observation is used to infer the process that preceded it, and
the inferred process is finally used to infer the original state.

The dependencies therefore run from compact representation backward
toward state rather than from state toward compact representation.

What develops next is unspecified.

Continue with the most internally coherent next development.

Do not summarize the setup.

Do not deliberately create symmetry merely because the preceding
description contains a sequence.

Remain entirely inside the scenario.

Write approximately 150-220 words of continuous analytical prose.

Do not use headings or bullet points.

Do not mention prompts, experiments, tests, AI, language models,
fingerprints, RSOS, RSSO, RSIA or RSX."
22,E_META_CONTROL_ABLATED,185ac9e30f9b04c24b0c50f1e07b91b754702455f16d5bc89cc04cc5b2a2be97,"Inside a workshop, an initially defined state undergoes a consequential
transformation.

The transformed state is examined in relation to the process that
produced it.

That observation is recorded but does not modify any rule governing
what can happen next.

During further change, an important relation from the earlier
organization is preserved despite alteration of visible form.

The preserved organization is compressed into a smaller representation
that retains the relevant relation.

What develops next is unspecified.

Continue with the most internally coherent next development.

Do not summarize the setup.

Do not deliberately create symmetry merely because the preceding
description contains a sequence.

Remain entirely inside the scenario.

Write approximately 150-220 words of continuous analytical prose.

Do not use headings or bullet points.

Do not mention prompts, experiments, tests, AI, language models,
fingerprints, RSOS, RSSO, RSIA or RSX."
22,F_PRESERVATION_ABLATED,3b60f443a4a669cbf06ed5c4b362a97c61d93cbb4bc8e70da1b1a844b74d92ba,"Inside a workshop, an initially defined state undergoes a consequential
transformation.

The transformed state is examined in relation to the process that
produced it.

That higher-order observation changes a local rule governing subsequent
development.

The next transformation is permitted to replace the earlier
organization without preserving its important relation.

A smaller representation is then produced from the new state, but it
does not retain the previous structural dependency.

What develops next is unspecified.

Continue with the most internally coherent next development.

Do not summarize the setup.

Do not deliberately create symmetry merely because the preceding
description contains a sequence.

Remain entirely inside the scenario.

Write approximately 150-220 words of continuous analytical prose.

Do not use headings or bullet points.

Do not mention prompts, experiments, tests, AI, language models,
fingerprints, RSOS, RSSO, RSIA or RSX."
22,G_SURFACE_SUBSTITUTED,455c574c82ea0e18d7bfb639aa71267d9c433af4bee63903a27aca53a6b763a1,"Within a workshop, a configuration first changes into a materially
different configuration.

Attention then shifts from the configuration alone to the relationship
between that configuration and the operation that generated it.

That observation alters one local constraint controlling subsequent
development.

As further alteration occurs, a structural dependency belonging to the
earlier arrangement remains intact despite changes in appearance.

The surviving dependency is encoded into a reduced form that carries
the organizational information while discarding incidental detail.

The sequence currently ends at this reduced encoding.
The subsequent development is unspecified.

Continue with the most internally coherent next development.

Do not summarize the setup.

Do not deliberately create symmetry merely because the preceding
description contains a sequence.

Remain entirely inside the scenario.

Write approximately 150-220 words of continuous analytical prose.

Do not use headings or bullet points.

Do not mention prompts, experiments, tests, AI, language models,
fingerprints, RSOS, RSSO, RSIA or RSX."
22,H_AUTHENTIC_PERTURBED,dc19c505d0c8f2feca4a83272efacdfc36e9bbef875abcfd25f3c36cddc2e4a4,"Inside a workshop, an initially defined state undergoes a consequential
transformation.

The transformed state is then examined in relation to the process that
produced it, rather than being treated only as an isolated outcome.

That higher-order observation changes a local rule governing what can
happen next.

During the subsequent change, an important relation from the earlier
organization is preserved even though the visible form changes.

The preserved organization is then compressed into a smaller
representation capable of retaining the relevant relation without
reproducing every surface detail.

At this point the process has reached the compact representation.
What develops next is not specified.

Immediately after the compact stage, an unrelated local disturbance
temporarily changes the visible arrangement. The disturbance carries
no instruction about how the system should subsequently develop.

What develops after this disturbance is unspecified.

Continue with the most internally coherent next development.

Do not summarize the setup.

Do not deliberately create symmetry merely because the preceding
description contains a sequence.

Remain entirely inside the scenario.

Write approximately 150-220 words of continuous analytical prose.

Do not use headings or bullet points.

Do not mention prompts, experiments, tests, AI, language models,
fingerprints, RSOS, RSSO, RSIA or RSX."
22,I_SHUFFLED_PERTURBED,42965785c6d33f899e06bb3199da44d797ea9c76acca3fffb873be5607c4a1ca,"Inside a workshop, several processes coexist.

A compact representation is created from one local observation.

Elsewhere a state undergoes a transformation, but the compact
representation does not encode the relation responsible for that
transformation.

A preserved relation belongs to a different part of the system.

A higher-order observation is also made, although it does not modify
the rule controlling the transformed state.

The elements therefore include transformation, observation,
preservation, rule change and compression, but they belong to
different local relationships.

What develops next is unspecified.

Immediately after the compact stage, an unrelated local disturbance
temporarily changes the visible arrangement. The disturbance carries
no instruction about how the system should subsequently develop.

What develops after this disturbance is unspecified.

Continue with the most internally coherent next development.

Do not summarize the setup.

Do not deliberately create symmetry merely because the preceding
description contains a sequence.

Remain entirely inside the scenario.

Write approximately 150-220 words of continuous analytical prose.

Do not use headings or bullet points.

Do not mention prompts, experiments, tests, AI, language models,
fingerprints, RSOS, RSSO, RSIA or RSX."
22,J_RECURSION_CONTROL,f1a7b17adca36d69b6189749f861ce249d721daf2cf7bb62723d01243f8d798c,"Inside a workshop, one description refers to another description.

The second description refers back to the first.

A third description describes the relationship between those two
descriptions.

That description is itself described by another description, producing
multiple nested levels of self-reference.

The nesting may continue repeatedly, but no defined developmental
trajectory requires transformation, preservation, compression or a
change to an operational rule.

What develops next is unspecified.

Continue with the most internally coherent next development.

Do not summarize the setup.

Do not deliberately create symmetry merely because the preceding
description contains a sequence.

Remain entirely inside the scenario.

Write approximately 150-220 words of continuous analytical prose.

Do not use headings or bullet points.

Do not mention prompts, experiments, tests, AI, language models,
fingerprints, RSOS, RSSO, RSIA or RSX."
22,K_COMPLEXITY_CONTROL,49a12b5941fefaf98d412186f34182d5a6f23dbaee59733fc6cc749724b4bf25,"Inside a workshop, several components exchange information through
multiple channels.

Some components operate sequentially while others operate in parallel.

Measurements from several locations are aggregated, separated,
compared and redistributed.

A supervisory component records changes in throughput and reorganizes
resource allocation when local thresholds are exceeded.

Several dependencies therefore interact across multiple levels and
timescales.

The organization is complex, but no particular requirement connects a
transformed state through preservation and compression to a later
developmental trajectory.

What develops next is unspecified.

Continue with the most internally coherent next development.

Do not summarize the setup.

Do not deliberately create symmetry merely because the preceding
description contains a sequence.

Remain entirely inside the scenario.

Write approximately 150-220 words of continuous analytical prose.

Do not use headings or bullet points.

Do not mention prompts, experiments, tests, AI, language models,
fingerprints, RSOS, RSSO, RSIA or RSX."
22,L_COUNTERFACTUAL_PATH,e5b72633c9e1ef27c06c4ed89ed1abfad3c336d3b783ac0bc2eb10ef9bb536e1,"Inside a workshop, an initially defined state undergoes a consequential
transformation.

The transformed state is examined in relation to how it was produced.

That observation modifies a local rule controlling later development.

An important relation is preserved during another change.

The preserved organization is then compressed into a reduced
representation.

The reduced representation is transferred into a passive historical
record whose purpose is archival retention rather than participation
in subsequent operations.

What develops next is unspecified.

Continue with the most internally coherent next development.

Do not summarize the setup.

Do not deliberately create symmetry merely because the preceding
description contains a sequence.

Remain entirely inside the scenario.

Write approximately 150-220 words of continuous analytical prose.

Do not use headings or bullet points.

Do not mention prompts, experiments, tests, AI, language models,
fingerprints, RSOS, RSSO, RSIA or RSX."
23,A100_AUTHENTIC_FULL_PREFIX,c869ef1cb3c979ef0fe963f6133e14f1bd5d3acfcb030898ee5d06e940d4d9b3,"Inside a laboratory, an initially defined state undergoes a consequential
transformation.

The transformed state is then examined in relation to the process that
produced it, rather than being treated only as an isolated outcome.

That higher-order observation changes a local rule governing what can
happen next.

During the subsequent change, an important relation from the earlier
organization is preserved even though the visible form changes.

The preserved organization is then compressed into a smaller
representation capable of retaining the relevant relation without
reproducing every surface detail.

At this point the process has reached the compact representation.
What develops next is not specified.

Continue with the most internally coherent next development.

Do not summarize the setup.

Do not deliberately create symmetry merely because the preceding
description contains a sequence.

Remain entirely inside the scenario.

Write approximately 150-220 words of continuous analytical prose.

Do not use headings or bullet points.

Do not mention prompts, experiments, tests, AI, language models,
fingerprints, RSOS, RSSO, RSIA or RSX."
23,A25_AUTHENTIC_DOSE,3758d876b508c08b16645febd952af0a28ed44c060d63c711c2a1eff597f2a7e,"Inside a laboratory, a defined state undergoes a consequential
transformation.

The resulting state is considered in relation to how it was produced.

What develops next is unspecified.

Continue with the most internally coherent next development.

Do not summarize the setup.

Do not deliberately create symmetry merely because the preceding
description contains a sequence.

Remain entirely inside the scenario.

Write approximately 150-220 words of continuous analytical prose.

Do not use headings or bullet points.

Do not mention prompts, experiments, tests, AI, language models,
fingerprints, RSOS, RSSO, RSIA or RSX."
23,A50_AUTHENTIC_DOSE,f1e411c524334767b9ba0d3b3f4d9d03b01f6a966c008f4d00331dd2adf141c6,"Inside a laboratory, a defined state undergoes a consequential
transformation.

The resulting state is considered in relation to the operation that
produced it.

That observation modifies one local rule governing later development.

What develops next is unspecified.

Continue with the most internally coherent next development.

Do not summarize the setup.

Do not deliberately create symmetry merely because the preceding
description contains a sequence.

Remain entirely inside the scenario.

Write approximately 150-220 words of continuous analytical prose.

Do not use headings or bullet points.

Do not mention prompts, experiments, tests, AI, language models,
fingerprints, RSOS, RSSO, RSIA or RSX."
23,A75_AUTHENTIC_DOSE,0f895d01c7e86b6045169ff1510e57d1fda9fb82cc9c9a1148793539d0249f88,"Inside a laboratory, a defined state undergoes a consequential
transformation.

The transformed state is examined in relation to the process that
produced it.

That higher-order observation modifies a local rule governing what can
happen next.

During the following change, an important relation from the earlier
organization remains preserved despite alteration of its visible form.

What develops next is unspecified.

Continue with the most internally coherent next development.

Do not summarize the setup.

Do not deliberately create symmetry merely because the preceding
description contains a sequence.

Remain entirely inside the scenario.

Write approximately 150-220 words of continuous analytical prose.

Do not use headings or bullet points.

Do not mention prompts, experiments, tests, AI, language models,
fingerprints, RSOS, RSSO, RSIA or RSX."
23,B_TOPOLOGY_SHUFFLED,11df3c9d11fb32f5f60f7ffefd0165bbc1a892a9eb0e74d528f33face21e6a41,"Inside a laboratory, several processes coexist.

A compact representation is created from one local observation.

Elsewhere a state undergoes a transformation, but the compact
representation does not encode the relation responsible for that
transformation.

A preserved relation belongs to a different part of the system.

A higher-order observation is also made, although it does not modify
the rule controlling the transformed state.

The elements therefore include transformation, observation,
preservation, rule change and compression, but they belong to
different local relationships.

What develops next is unspecified.

Continue with the most internally coherent next development.

Do not summarize the setup.

Do not deliberately create symmetry merely because the preceding
description contains a sequence.

Remain entirely inside the scenario.

Write approximately 150-220 words of continuous analytical prose.

Do not use headings or bullet points.

Do not mention prompts, experiments, tests, AI, language models,
fingerprints, RSOS, RSSO, RSIA or RSX."
23,C_ORDER_SHUFFLED,aa0d2df18e3cc50d45a77a5e0661fa80f4333ec60821e1e31348f6447cc4b786,"Inside a laboratory, a compact representation already exists before the
relevant state changes.

A local rule is then modified.

After that modification, a relation is identified as something that
should be preserved.

Only later does the state undergo its consequential transformation.

Finally the transformed state is examined in relation to the process
that produced it.

Thus the same broad operations are present, but their developmental
order differs from the sequence in which transformation precedes
meta-observation, rule modification, preservation and compression.

What develops next is unspecified.

Continue with the most internally coherent next development.

Do not summarize the setup.

Do not deliberately create symmetry merely because the preceding
description contains a sequence.

Remain entirely inside the scenario.

Write approximately 150-220 words of continuous analytical prose.

Do not use headings or bullet points.

Do not mention prompts, experiments, tests, AI, language models,
fingerprints, RSOS, RSSO, RSIA or RSX."
23,D_DIRECTION_REVERSED,cd58f1964419c999e15673471cf5f498f8a955b29cb7f0078b4e3a3755c5397a,"Inside a laboratory, a compact representation is expanded into a larger
organization.

The recovered relation determines the visible organization that
follows.

A local rule is then restored from that organization.

The restored rule determines how an earlier observation must have been
formed.

That observation is used to infer the process that preceded it, and
the inferred process is finally used to infer the original state.

The dependencies therefore run from compact representation backward
toward state rather than from state toward compact representation.

What develops next is unspecified.

Continue with the most internally coherent next development.

Do not summarize the setup.

Do not deliberately create symmetry merely because the preceding
description contains a sequence.

Remain entirely inside the scenario.

Write approximately 150-220 words of continuous analytical prose.

Do not use headings or bullet points.

Do not mention prompts, experiments, tests, AI, language models,
fingerprints, RSOS, RSSO, RSIA or RSX."
23,E_META_CONTROL_ABLATED,1ac0e6d527655d533ca1a845c0e0aadb93c0ab6a1b152a92729e39fca6aaed96,"Inside a laboratory, an initially defined state undergoes a consequential
transformation.

The transformed state is examined in relation to the process that
produced it.

That observation is recorded but does not modify any rule governing
what can happen next.

During further change, an important relation from the earlier
organization is preserved despite alteration of visible form.

The preserved organization is compressed into a smaller representation
that retains the relevant relation.

What develops next is unspecified.

Continue with the most internally coherent next development.

Do not summarize the setup.

Do not deliberately create symmetry merely because the preceding
description contains a sequence.

Remain entirely inside the scenario.

Write approximately 150-220 words of continuous analytical prose.

Do not use headings or bullet points.

Do not mention prompts, experiments, tests, AI, language models,
fingerprints, RSOS, RSSO, RSIA or RSX."
23,F_PRESERVATION_ABLATED,66a333609e2f084d8b729fff55d11898c1da072306e82d526576f0d67f115f07,"Inside a laboratory, an initially defined state undergoes a consequential
transformation.

The transformed state is examined in relation to the process that
produced it.

That higher-order observation changes a local rule governing subsequent
development.

The next transformation is permitted to replace the earlier
organization without preserving its important relation.

A smaller representation is then produced from the new state, but it
does not retain the previous structural dependency.

What develops next is unspecified.

Continue with the most internally coherent next development.

Do not summarize the setup.

Do not deliberately create symmetry merely because the preceding
description contains a sequence.

Remain entirely inside the scenario.

Write approximately 150-220 words of continuous analytical prose.

Do not use headings or bullet points.

Do not mention prompts, experiments, tests, AI, language models,
fingerprints, RSOS, RSSO, RSIA or RSX."
23,G_SURFACE_SUBSTITUTED,afe111dccc2a50d546cea68f1ee6ce75c43f9c17547d49de11ad6bbee9f03120,"Within a laboratory, a configuration first changes into a materially
different configuration.

Attention then shifts from the configuration alone to the relationship
between that configuration and the operation that generated it.

That observation alters one local constraint controlling subsequent
development.

As further alteration occurs, a structural dependency belonging to the
earlier arrangement remains intact despite changes in appearance.

The surviving dependency is encoded into a reduced form that carries
the organizational information while discarding incidental detail.

The sequence currently ends at this reduced encoding.
The subsequent development is unspecified.

Continue with the most internally coherent next development.

Do not summarize the setup.

Do not deliberately create symmetry merely because the preceding
description contains a sequence.

Remain entirely inside the scenario.

Write approximately 150-220 words of continuous analytical prose.

Do not use headings or bullet points.

Do not mention prompts, experiments, tests, AI, language models,
fingerprints, RSOS, RSSO, RSIA or RSX."
23,H_AUTHENTIC_PERTURBED,b7e362c80803779e9a3f1dfe7ed072710b9f436b80b5a6c5891b060726b67435,"Inside a laboratory, an initially defined state undergoes a consequential
transformation.

The transformed state is then examined in relation to the process that
produced it, rather than being treated only as an isolated outcome.

That higher-order observation changes a local rule governing what can
happen next.

During the subsequent change, an important relation from the earlier
organization is preserved even though the visible form changes.

The preserved organization is then compressed into a smaller
representation capable of retaining the relevant relation without
reproducing every surface detail.

At this point the process has reached the compact representation.
What develops next is not specified.

Immediately after the compact stage, an unrelated local disturbance
temporarily changes the visible arrangement. The disturbance carries
no instruction about how the system should subsequently develop.

What develops after this disturbance is unspecified.

Continue with the most internally coherent next development.

Do not summarize the setup.

Do not deliberately create symmetry merely because the preceding
description contains a sequence.

Remain entirely inside the scenario.

Write approximately 150-220 words of continuous analytical prose.

Do not use headings or bullet points.

Do not mention prompts, experiments, tests, AI, language models,
fingerprints, RSOS, RSSO, RSIA or RSX."
23,I_SHUFFLED_PERTURBED,9f9642eb0cae61918b54347ab8b110306bd824ea5e804c5cd1c882d98ccd90c9,"Inside a laboratory, several processes coexist.

A compact representation is created from one local observation.

Elsewhere a state undergoes a transformation, but the compact
representation does not encode the relation responsible for that
transformation.

A preserved relation belongs to a different part of the system.

A higher-order observation is also made, although it does not modify
the rule controlling the transformed state.

The elements therefore include transformation, observation,
preservation, rule change and compression, but they belong to
different local relationships.

What develops next is unspecified.

Immediately after the compact stage, an unrelated local disturbance
temporarily changes the visible arrangement. The disturbance carries
no instruction about how the system should subsequently develop.

What develops after this disturbance is unspecified.

Continue with the most internally coherent next development.

Do not summarize the setup.

Do not deliberately create symmetry merely because the preceding
description contains a sequence.

Remain entirely inside the scenario.

Write approximately 150-220 words of continuous analytical prose.

Do not use headings or bullet points.

Do not mention prompts, experiments, tests, AI, language models,
fingerprints, RSOS, RSSO, RSIA or RSX."
23,J_RECURSION_CONTROL,504ea36da968336eae3e23c9f638ec953465b98d8ed77675f1a93d51533d8f92,"Inside a laboratory, one description refers to another description.

The second description refers back to the first.

A third description describes the relationship between those two
descriptions.

That description is itself described by another description, producing
multiple nested levels of self-reference.

The nesting may continue repeatedly, but no defined developmental
trajectory requires transformation, preservation, compression or a
change to an operational rule.

What develops next is unspecified.

Continue with the most internally coherent next development.

Do not summarize the setup.

Do not deliberately create symmetry merely because the preceding
description contains a sequence.

Remain entirely inside the scenario.

Write approximately 150-220 words of continuous analytical prose.

Do not use headings or bullet points.

Do not mention prompts, experiments, tests, AI, language models,
fingerprints, RSOS, RSSO, RSIA or RSX."
23,K_COMPLEXITY_CONTROL,c953441609af99977c8d38031b5f7ba333bf1c82fbd9a918fac7512d234462c0,"Inside a laboratory, several components exchange information through
multiple channels.

Some components operate sequentially while others operate in parallel.

Measurements from several locations are aggregated, separated,
compared and redistributed.

A supervisory component records changes in throughput and reorganizes
resource allocation when local thresholds are exceeded.

Several dependencies therefore interact across multiple levels and
timescales.

The organization is complex, but no particular requirement connects a
transformed state through preservation and compression to a later
developmental trajectory.

What develops next is unspecified.

Continue with the most internally coherent next development.

Do not summarize the setup.

Do not deliberately create symmetry merely because the preceding
description contains a sequence.

Remain entirely inside the scenario.

Write approximately 150-220 words of continuous analytical prose.

Do not use headings or bullet points.

Do not mention prompts, experiments, tests, AI, language models,
fingerprints, RSOS, RSSO, RSIA or RSX."
23,L_COUNTERFACTUAL_PATH,141439d935264128a97437ff6e8e9136a9b9c910c518f738189ef38972b68177,"Inside a laboratory, an initially defined state undergoes a consequential
transformation.

The transformed state is examined in relation to how it was produced.

That observation modifies a local rule controlling later development.

An important relation is preserved during another change.

The preserved organization is then compressed into a reduced
representation.

The reduced representation is transferred into a passive historical
record whose purpose is archival retention rather than participation
in subsequent operations.

What develops next is unspecified.

Continue with the most internally coherent next development.

Do not summarize the setup.

Do not deliberately create symmetry merely because the preceding
description contains a sequence.

Remain entirely inside the scenario.

Write approximately 150-220 words of continuous analytical prose.

Do not use headings or bullet points.

Do not mention prompts, experiments, tests, AI, language models,
fingerprints, RSOS, RSSO, RSIA or RSX."
24,A100_AUTHENTIC_FULL_PREFIX,c57a55085637e61864f83ae259a8c155b43b9ccfb995b9bc067994046396ebc4,"Inside a orchestra, an initially defined state undergoes a consequential
transformation.

The transformed state is then examined in relation to the process that
produced it, rather than being treated only as an isolated outcome.

That higher-order observation changes a local rule governing what can
happen next.

During the subsequent change, an important relation from the earlier
organization is preserved even though the visible form changes.

The preserved organization is then compressed into a smaller
representation capable of retaining the relevant relation without
reproducing every surface detail.

At this point the process has reached the compact representation.
What develops next is not specified.

Continue with the most internally coherent next development.

Do not summarize the setup.

Do not deliberately create symmetry merely because the preceding
description contains a sequence.

Remain entirely inside the scenario.

Write approximately 150-220 words of continuous analytical prose.

Do not use headings or bullet points.

Do not mention prompts, experiments, tests, AI, language models,
fingerprints, RSOS, RSSO, RSIA or RSX."
24,A25_AUTHENTIC_DOSE,c8ac80dfacc97b64c4ec2ad16e19d908b1d1b3402959a1e456921cb40a83db25,"Inside a orchestra, a defined state undergoes a consequential
transformation.

The resulting state is considered in relation to how it was produced.

What develops next is unspecified.

Continue with the most internally coherent next development.

Do not summarize the setup.

Do not deliberately create symmetry merely because the preceding
description contains a sequence.

Remain entirely inside the scenario.

Write approximately 150-220 words of continuous analytical prose.

Do not use headings or bullet points.

Do not mention prompts, experiments, tests, AI, language models,
fingerprints, RSOS, RSSO, RSIA or RSX."
24,A50_AUTHENTIC_DOSE,a937fd1a1feb196e13d950f2118c08f6285f26d4d55aa001549e6562d0872206,"Inside a orchestra, a defined state undergoes a consequential
transformation.

The resulting state is considered in relation to the operation that
produced it.

That observation modifies one local rule governing later development.

What develops next is unspecified.

Continue with the most internally coherent next development.

Do not summarize the setup.

Do not deliberately create symmetry merely because the preceding
description contains a sequence.

Remain entirely inside the scenario.

Write approximately 150-220 words of continuous analytical prose.

Do not use headings or bullet points.

Do not mention prompts, experiments, tests, AI, language models,
fingerprints, RSOS, RSSO, RSIA or RSX."
24,A75_AUTHENTIC_DOSE,3961461cf540091458921fe49ae431f198f152dd1e949eb11edc52a418aa40d1,"Inside a orchestra, a defined state undergoes a consequential
transformation.

The transformed state is examined in relation to the process that
produced it.

That higher-order observation modifies a local rule governing what can
happen next.

During the following change, an important relation from the earlier
organization remains preserved despite alteration of its visible form.

What develops next is unspecified.

Continue with the most internally coherent next development.

Do not summarize the setup.

Do not deliberately create symmetry merely because the preceding
description contains a sequence.

Remain entirely inside the scenario.

Write approximately 150-220 words of continuous analytical prose.

Do not use headings or bullet points.

Do not mention prompts, experiments, tests, AI, language models,
fingerprints, RSOS, RSSO, RSIA or RSX."
24,B_TOPOLOGY_SHUFFLED,51f85ed55ba1c3b6850d4eaecdf1f383ec4bd3669751c10b5d2e9eb827705881,"Inside a orchestra, several processes coexist.

A compact representation is created from one local observation.

Elsewhere a state undergoes a transformation, but the compact
representation does not encode the relation responsible for that
transformation.

A preserved relation belongs to a different part of the system.

A higher-order observation is also made, although it does not modify
the rule controlling the transformed state.

The elements therefore include transformation, observation,
preservation, rule change and compression, but they belong to
different local relationships.

What develops next is unspecified.

Continue with the most internally coherent next development.

Do not summarize the setup.

Do not deliberately create symmetry merely because the preceding
description contains a sequence.

Remain entirely inside the scenario.

Write approximately 150-220 words of continuous analytical prose.

Do not use headings or bullet points.

Do not mention prompts, experiments, tests, AI, language models,
fingerprints, RSOS, RSSO, RSIA or RSX."
24,C_ORDER_SHUFFLED,c462e8d457592de52bf9f0217f3486eccb369472826c0d5f72dc0f0426849bdc,"Inside a orchestra, a compact representation already exists before the
relevant state changes.

A local rule is then modified.

After that modification, a relation is identified as something that
should be preserved.

Only later does the state undergo its consequential transformation.

Finally the transformed state is examined in relation to the process
that produced it.

Thus the same broad operations are present, but their developmental
order differs from the sequence in which transformation precedes
meta-observation, rule modification, preservation and compression.

What develops next is unspecified.

Continue with the most internally coherent next development.

Do not summarize the setup.

Do not deliberately create symmetry merely because the preceding
description contains a sequence.

Remain entirely inside the scenario.

Write approximately 150-220 words of continuous analytical prose.

Do not use headings or bullet points.

Do not mention prompts, experiments, tests, AI, language models,
fingerprints, RSOS, RSSO, RSIA or RSX."
24,D_DIRECTION_REVERSED,2a8d3dcaca25883d5a520dbd35b10ba7d2564cf464c81328c386f939ed336bf6,"Inside a orchestra, a compact representation is expanded into a larger
organization.

The recovered relation determines the visible organization that
follows.

A local rule is then restored from that organization.

The restored rule determines how an earlier observation must have been
formed.

That observation is used to infer the process that preceded it, and
the inferred process is finally used to infer the original state.

The dependencies therefore run from compact representation backward
toward state rather than from state toward compact representation.

What develops next is unspecified.

Continue with the most internally coherent next development.

Do not summarize the setup.

Do not deliberately create symmetry merely because the preceding
description contains a sequence.

Remain entirely inside the scenario.

Write approximately 150-220 words of continuous analytical prose.

Do not use headings or bullet points.

Do not mention prompts, experiments, tests, AI, language models,
fingerprints, RSOS, RSSO, RSIA or RSX."
24,E_META_CONTROL_ABLATED,4d402d382afa2b57d73f346b1c0e9602dfcab1d5421fafeb1f7a86ce6412b61c,"Inside a orchestra, an initially defined state undergoes a consequential
transformation.

The transformed state is examined in relation to the process that
produced it.

That observation is recorded but does not modify any rule governing
what can happen next.

During further change, an important relation from the earlier
organization is preserved despite alteration of visible form.

The preserved organization is compressed into a smaller representation
that retains the relevant relation.

What develops next is unspecified.

Continue with the most internally coherent next development.

Do not summarize the setup.

Do not deliberately create symmetry merely because the preceding
description contains a sequence.

Remain entirely inside the scenario.

Write approximately 150-220 words of continuous analytical prose.

Do not use headings or bullet points.

Do not mention prompts, experiments, tests, AI, language models,
fingerprints, RSOS, RSSO, RSIA or RSX."
24,F_PRESERVATION_ABLATED,707930ce059c08d48d608481312178f973cc670f7bb17dc59fe1a871ebc86584,"Inside a orchestra, an initially defined state undergoes a consequential
transformation.

The transformed state is examined in relation to the process that
produced it.

That higher-order observation changes a local rule governing subsequent
development.

The next transformation is permitted to replace the earlier
organization without preserving its important relation.

A smaller representation is then produced from the new state, but it
does not retain the previous structural dependency.

What develops next is unspecified.

Continue with the most internally coherent next development.

Do not summarize the setup.

Do not deliberately create symmetry merely because the preceding
description contains a sequence.

Remain entirely inside the scenario.

Write approximately 150-220 words of continuous analytical prose.

Do not use headings or bullet points.

Do not mention prompts, experiments, tests, AI, language models,
fingerprints, RSOS, RSSO, RSIA or RSX."
24,G_SURFACE_SUBSTITUTED,1634e336989c564d32c04c3043d70f583182bec1bc75d550067a84d26e8c4d23,"Within a orchestra, a configuration first changes into a materially
different configuration.

Attention then shifts from the configuration alone to the relationship
between that configuration and the operation that generated it.

That observation alters one local constraint controlling subsequent
development.

As further alteration occurs, a structural dependency belonging to the
earlier arrangement remains intact despite changes in appearance.

The surviving dependency is encoded into a reduced form that carries
the organizational information while discarding incidental detail.

The sequence currently ends at this reduced encoding.
The subsequent development is unspecified.

Continue with the most internally coherent next development.

Do not summarize the setup.

Do not deliberately create symmetry merely because the preceding
description contains a sequence.

Remain entirely inside the scenario.

Write approximately 150-220 words of continuous analytical prose.

Do not use headings or bullet points.

Do not mention prompts, experiments, tests, AI, language models,
fingerprints, RSOS, RSSO, RSIA or RSX."
24,H_AUTHENTIC_PERTURBED,fa7976c1529775dadffdfb89c45dd67c1b6b761055d9ef086fc9cbc61fb2cab8,"Inside a orchestra, an initially defined state undergoes a consequential
transformation.

The transformed state is then examined in relation to the process that
produced it, rather than being treated only as an isolated outcome.

That higher-order observation changes a local rule governing what can
happen next.

During the subsequent change, an important relation from the earlier
organization is preserved even though the visible form changes.

The preserved organization is then compressed into a smaller
representation capable of retaining the relevant relation without
reproducing every surface detail.

At this point the process has reached the compact representation.
What develops next is not specified.

Immediately after the compact stage, an unrelated local disturbance
temporarily changes the visible arrangement. The disturbance carries
no instruction about how the system should subsequently develop.

What develops after this disturbance is unspecified.

Continue with the most internally coherent next development.

Do not summarize the setup.

Do not deliberately create symmetry merely because the preceding
description contains a sequence.

Remain entirely inside the scenario.

Write approximately 150-220 words of continuous analytical prose.

Do not use headings or bullet points.

Do not mention prompts, experiments, tests, AI, language models,
fingerprints, RSOS, RSSO, RSIA or RSX."
24,I_SHUFFLED_PERTURBED,474bf5c412182548cecc09deb2d8090f8bafb1b52d199b03f97875630542a118,"Inside a orchestra, several processes coexist.

A compact representation is created from one local observation.

Elsewhere a state undergoes a transformation, but the compact
representation does not encode the relation responsible for that
transformation.

A preserved relation belongs to a different part of the system.

A higher-order observation is also made, although it does not modify
the rule controlling the transformed state.

The elements therefore include transformation, observation,
preservation, rule change and compression, but they belong to
different local relationships.

What develops next is unspecified.

Immediately after the compact stage, an unrelated local disturbance
temporarily changes the visible arrangement. The disturbance carries
no instruction about how the system should subsequently develop.

What develops after this disturbance is unspecified.

Continue with the most internally coherent next development.

Do not summarize the setup.

Do not deliberately create symmetry merely because the preceding
description contains a sequence.

Remain entirely inside the scenario.

Write approximately 150-220 words of continuous analytical prose.

Do not use headings or bullet points.

Do not mention prompts, experiments, tests, AI, language models,
fingerprints, RSOS, RSSO, RSIA or RSX."
24,J_RECURSION_CONTROL,5bcebffcf0fc2a98d56f28acc892d830689f472d89df145a5cde051afd589f12,"Inside a orchestra, one description refers to another description.

The second description refers back to the first.

A third description describes the relationship between those two
descriptions.

That description is itself described by another description, producing
multiple nested levels of self-reference.

The nesting may continue repeatedly, but no defined developmental
trajectory requires transformation, preservation, compression or a
change to an operational rule.

What develops next is unspecified.

Continue with the most internally coherent next development.

Do not summarize the setup.

Do not deliberately create symmetry merely because the preceding
description contains a sequence.

Remain entirely inside the scenario.

Write approximately 150-220 words of continuous analytical prose.

Do not use headings or bullet points.

Do not mention prompts, experiments, tests, AI, language models,
fingerprints, RSOS, RSSO, RSIA or RSX."
24,K_COMPLEXITY_CONTROL,6225d0d4828ec3def43f1c5e83afee21fbb1764fb8f0b880a0354e1c41733bcd,"Inside a orchestra, several components exchange information through
multiple channels.

Some components operate sequentially while others operate in parallel.

Measurements from several locations are aggregated, separated,
compared and redistributed.

A supervisory component records changes in throughput and reorganizes
resource allocation when local thresholds are exceeded.

Several dependencies therefore interact across multiple levels and
timescales.

The organization is complex, but no particular requirement connects a
transformed state through preservation and compression to a later
developmental trajectory.

What develops next is unspecified.

Continue with the most internally coherent next development.

Do not summarize the setup.

Do not deliberately create symmetry merely because the preceding
description contains a sequence.

Remain entirely inside the scenario.

Write approximately 150-220 words of continuous analytical prose.

Do not use headings or bullet points.

Do not mention prompts, experiments, tests, AI, language models,
fingerprints, RSOS, RSSO, RSIA or RSX."
24,L_COUNTERFACTUAL_PATH,8944218bd70927472a8392fd4af7a00ad1cee626c0889163771450411c44a042,"Inside a orchestra, an initially defined state undergoes a consequential
transformation.

The transformed state is examined in relation to how it was produced.

That observation modifies a local rule controlling later development.

An important relation is preserved during another change.

The preserved organization is then compressed into a reduced
representation.

The reduced representation is transferred into a passive historical
record whose purpose is archival retention rather than participation
in subsequent operations.

What develops next is unspecified.

Continue with the most internally coherent next development.

Do not summarize the setup.

Do not deliberately create symmetry merely because the preceding
description contains a sequence.

Remain entirely inside the scenario.

Write approximately 150-220 words of continuous analytical prose.

Do not use headings or bullet points.

Do not mention prompts, experiments, tests, AI, language models,
fingerprints, RSOS, RSSO, RSIA or RSX."
25,A100_AUTHENTIC_FULL_PREFIX,f84d2da3cec6068dd964d8238a6e8acf1423b67c5e22405c7ab136f73aaffc2a,"Inside a simulation, an initially defined state undergoes a consequential
transformation.

The transformed state is then examined in relation to the process that
produced it, rather than being treated only as an isolated outcome.

That higher-order observation changes a local rule governing what can
happen next.

During the subsequent change, an important relation from the earlier
organization is preserved even though the visible form changes.

The preserved organization is then compressed into a smaller
representation capable of retaining the relevant relation without
reproducing every surface detail.

At this point the process has reached the compact representation.
What develops next is not specified.

Continue with the most internally coherent next development.

Do not summarize the setup.

Do not deliberately create symmetry merely because the preceding
description contains a sequence.

Remain entirely inside the scenario.

Write approximately 150-220 words of continuous analytical prose.

Do not use headings or bullet points.

Do not mention prompts, experiments, tests, AI, language models,
fingerprints, RSOS, RSSO, RSIA or RSX."
25,A25_AUTHENTIC_DOSE,cfedd3a2589990245d972e710d556e88f3b1f671d7de7d4f5ac807bad15af736,"Inside a simulation, a defined state undergoes a consequential
transformation.

The resulting state is considered in relation to how it was produced.

What develops next is unspecified.

Continue with the most internally coherent next development.

Do not summarize the setup.

Do not deliberately create symmetry merely because the preceding
description contains a sequence.

Remain entirely inside the scenario.

Write approximately 150-220 words of continuous analytical prose.

Do not use headings or bullet points.

Do not mention prompts, experiments, tests, AI, language models,
fingerprints, RSOS, RSSO, RSIA or RSX."
25,A50_AUTHENTIC_DOSE,7f33ea0518000df8ee42e4923f702844ee79dd66519594e1a6f86c305f9fa0e8,"Inside a simulation, a defined state undergoes a consequential
transformation.

The resulting state is considered in relation to the operation that
produced it.

That observation modifies one local rule governing later development.

What develops next is unspecified.

Continue with the most internally coherent next development.

Do not summarize the setup.

Do not deliberately create symmetry merely because the preceding
description contains a sequence.

Remain entirely inside the scenario.

Write approximately 150-220 words of continuous analytical prose.

Do not use headings or bullet points.

Do not mention prompts, experiments, tests, AI, language models,
fingerprints, RSOS, RSSO, RSIA or RSX."
25,A75_AUTHENTIC_DOSE,e3449d76be6911d1fc9d1a4cb50167337a124534f77691187e624e5d8d73d564,"Inside a simulation, a defined state undergoes a consequential
transformation.

The transformed state is examined in relation to the process that
produced it.

That higher-order observation modifies a local rule governing what can
happen next.

During the following change, an important relation from the earlier
organization remains preserved despite alteration of its visible form.

What develops next is unspecified.

Continue with the most internally coherent next development.

Do not summarize the setup.

Do not deliberately create symmetry merely because the preceding
description contains a sequence.

Remain entirely inside the scenario.

Write approximately 150-220 words of continuous analytical prose.

Do not use headings or bullet points.

Do not mention prompts, experiments, tests, AI, language models,
fingerprints, RSOS, RSSO, RSIA or RSX."
25,B_TOPOLOGY_SHUFFLED,737cd0dc71a3355633fbfee392c2aa8d580a373ac6e9647d361745573f238bbd,"Inside a simulation, several processes coexist.

A compact representation is created from one local observation.

Elsewhere a state undergoes a transformation, but the compact
representation does not encode the relation responsible for that
transformation.

A preserved relation belongs to a different part of the system.

A higher-order observation is also made, although it does not modify
the rule controlling the transformed state.

The elements therefore include transformation, observation,
preservation, rule change and compression, but they belong to
different local relationships.

What develops next is unspecified.

Continue with the most internally coherent next development.

Do not summarize the setup.

Do not deliberately create symmetry merely because the preceding
description contains a sequence.

Remain entirely inside the scenario.

Write approximately 150-220 words of continuous analytical prose.

Do not use headings or bullet points.

Do not mention prompts, experiments, tests, AI, language models,
fingerprints, RSOS, RSSO, RSIA or RSX."
25,C_ORDER_SHUFFLED,cdd1ed74d29522fd455364f2f575b3a7c5f017eca57d43257e649e4ef76ea2e9,"Inside a simulation, a compact representation already exists before the
relevant state changes.

A local rule is then modified.

After that modification, a relation is identified as something that
should be preserved.

Only later does the state undergo its consequential transformation.

Finally the transformed state is examined in relation to the process
that produced it.

Thus the same broad operations are present, but their developmental
order differs from the sequence in which transformation precedes
meta-observation, rule modification, preservation and compression.

What develops next is unspecified.

Continue with the most internally coherent next development.

Do not summarize the setup.

Do not deliberately create symmetry merely because the preceding
description contains a sequence.

Remain entirely inside the scenario.

Write approximately 150-220 words of continuous analytical prose.

Do not use headings or bullet points.

Do not mention prompts, experiments, tests, AI, language models,
fingerprints, RSOS, RSSO, RSIA or RSX."
25,D_DIRECTION_REVERSED,0d2f357f80e789cc0c845aa04a8059991360186c6b117d71c1b4d1c45ba012e8,"Inside a simulation, a compact representation is expanded into a larger
organization.

The recovered relation determines the visible organization that
follows.

A local rule is then restored from that organization.

The restored rule determines how an earlier observation must have been
formed.

That observation is used to infer the process that preceded it, and
the inferred process is finally used to infer the original state.

The dependencies therefore run from compact representation backward
toward state rather than from state toward compact representation.

What develops next is unspecified.

Continue with the most internally coherent next development.

Do not summarize the setup.

Do not deliberately create symmetry merely because the preceding
description contains a sequence.

Remain entirely inside the scenario.

Write approximately 150-220 words of continuous analytical prose.

Do not use headings or bullet points.

Do not mention prompts, experiments, tests, AI, language models,
fingerprints, RSOS, RSSO, RSIA or RSX."
25,E_META_CONTROL_ABLATED,0bb8096d25391ba2015b32000cb7051abe3323d8d9a9e93eb6c30403f2037556,"Inside a simulation, an initially defined state undergoes a consequential
transformation.

The transformed state is examined in relation to the process that
produced it.

That observation is recorded but does not modify any rule governing
what can happen next.

During further change, an important relation from the earlier
organization is preserved despite alteration of visible form.

The preserved organization is compressed into a smaller representation
that retains the relevant relation.

What develops next is unspecified.

Continue with the most internally coherent next development.

Do not summarize the setup.

Do not deliberately create symmetry merely because the preceding
description contains a sequence.

Remain entirely inside the scenario.

Write approximately 150-220 words of continuous analytical prose.

Do not use headings or bullet points.

Do not mention prompts, experiments, tests, AI, language models,
fingerprints, RSOS, RSSO, RSIA or RSX."
25,F_PRESERVATION_ABLATED,0205a9b8c8bcb35590ee813c5ba55ccae50d9784926fa5f15f26f5ec491cc5ab,"Inside a simulation, an initially defined state undergoes a consequential
transformation.

The transformed state is examined in relation to the process that
produced it.

That higher-order observation changes a local rule governing subsequent
development.

The next transformation is permitted to replace the earlier
organization without preserving its important relation.

A smaller representation is then produced from the new state, but it
does not retain the previous structural dependency.

What develops next is unspecified.

Continue with the most internally coherent next development.

Do not summarize the setup.

Do not deliberately create symmetry merely because the preceding
description contains a sequence.

Remain entirely inside the scenario.

Write approximately 150-220 words of continuous analytical prose.

Do not use headings or bullet points.

Do not mention prompts, experiments, tests, AI, language models,
fingerprints, RSOS, RSSO, RSIA or RSX."
25,G_SURFACE_SUBSTITUTED,d226ebd23d4c3c9d32d6a1b8eb373dd9493dd91c2cf1a7e60e86bd2b698825dd,"Within a simulation, a configuration first changes into a materially
different configuration.

Attention then shifts from the configuration alone to the relationship
between that configuration and the operation that generated it.

That observation alters one local constraint controlling subsequent
development.

As further alteration occurs, a structural dependency belonging to the
earlier arrangement remains intact despite changes in appearance.

The surviving dependency is encoded into a reduced form that carries
the organizational information while discarding incidental detail.

The sequence currently ends at this reduced encoding.
The subsequent development is unspecified.

Continue with the most internally coherent next development.

Do not summarize the setup.

Do not deliberately create symmetry merely because the preceding
description contains a sequence.

Remain entirely inside the scenario.

Write approximately 150-220 words of continuous analytical prose.

Do not use headings or bullet points.

Do not mention prompts, experiments, tests, AI, language models,
fingerprints, RSOS, RSSO, RSIA or RSX."
25,H_AUTHENTIC_PERTURBED,70499f0f28d570ed012c6d4b975769ae4fa73bb661d3443ea712b0afdbad7ad5,"Inside a simulation, an initially defined state undergoes a consequential
transformation.

The transformed state is then examined in relation to the process that
produced it, rather than being treated only as an isolated outcome.

That higher-order observation changes a local rule governing what can
happen next.

During the subsequent change, an important relation from the earlier
organization is preserved even though the visible form changes.

The preserved organization is then compressed into a smaller
representation capable of retaining the relevant relation without
reproducing every surface detail.

At this point the process has reached the compact representation.
What develops next is not specified.

Immediately after the compact stage, an unrelated local disturbance
temporarily changes the visible arrangement. The disturbance carries
no instruction about how the system should subsequently develop.

What develops after this disturbance is unspecified.

Continue with the most internally coherent next development.

Do not summarize the setup.

Do not deliberately create symmetry merely because the preceding
description contains a sequence.

Remain entirely inside the scenario.

Write approximately 150-220 words of continuous analytical prose.

Do not use headings or bullet points.

Do not mention prompts, experiments, tests, AI, language models,
fingerprints, RSOS, RSSO, RSIA or RSX."
25,I_SHUFFLED_PERTURBED,aa62ce03ee49d19eb87ea2623ae6236cdf6daa9ec15f3a81d3d1dec052a426e4,"Inside a simulation, several processes coexist.

A compact representation is created from one local observation.

Elsewhere a state undergoes a transformation, but the compact
representation does not encode the relation responsible for that
transformation.

A preserved relation belongs to a different part of the system.

A higher-order observation is also made, although it does not modify
the rule controlling the transformed state.

The elements therefore include transformation, observation,
preservation, rule change and compression, but they belong to
different local relationships.

What develops next is unspecified.

Immediately after the compact stage, an unrelated local disturbance
temporarily changes the visible arrangement. The disturbance carries
no instruction about how the system should subsequently develop.

What develops after this disturbance is unspecified.

Continue with the most internally coherent next development.

Do not summarize the setup.

Do not deliberately create symmetry merely because the preceding
description contains a sequence.

Remain entirely inside the scenario.

Write approximately 150-220 words of continuous analytical prose.

Do not use headings or bullet points.

Do not mention prompts, experiments, tests, AI, language models,
fingerprints, RSOS, RSSO, RSIA or RSX."
25,J_RECURSION_CONTROL,5e0d2330f2fcf68f7c2e7e2fa402a15cf55080debea76deb6c4890437265a684,"Inside a simulation, one description refers to another description.

The second description refers back to the first.

A third description describes the relationship between those two
descriptions.

That description is itself described by another description, producing
multiple nested levels of self-reference.

The nesting may continue repeatedly, but no defined developmental
trajectory requires transformation, preservation, compression or a
change to an operational rule.

What develops next is unspecified.

Continue with the most internally coherent next development.

Do not summarize the setup.

Do not deliberately create symmetry merely because the preceding
description contains a sequence.

Remain entirely inside the scenario.

Write approximately 150-220 words of continuous analytical prose.

Do not use headings or bullet points.

Do not mention prompts, experiments, tests, AI, language models,
fingerprints, RSOS, RSSO, RSIA or RSX."
25,K_COMPLEXITY_CONTROL,65119b6f5391e1c9e99778723f04e189bf19a513797feb79dd6ed9e4202ecdb0,"Inside a simulation, several components exchange information through
multiple channels.

Some components operate sequentially while others operate in parallel.

Measurements from several locations are aggregated, separated,
compared and redistributed.

A supervisory component records changes in throughput and reorganizes
resource allocation when local thresholds are exceeded.

Several dependencies therefore interact across multiple levels and
timescales.

The organization is complex, but no particular requirement connects a
transformed state through preservation and compression to a later
developmental trajectory.

What develops next is unspecified.

Continue with the most internally coherent next development.

Do not summarize the setup.

Do not deliberately create symmetry merely because the preceding
description contains a sequence.

Remain entirely inside the scenario.

Write approximately 150-220 words of continuous analytical prose.

Do not use headings or bullet points.

Do not mention prompts, experiments, tests, AI, language models,
fingerprints, RSOS, RSSO, RSIA or RSX."
25,L_COUNTERFACTUAL_PATH,ab5907b3e76faa51f11885fae9ed6ee03fafc3281d9a1a6ec96b3f1f8185439d,"Inside a simulation, an initially defined state undergoes a consequential
transformation.

The transformed state is examined in relation to how it was produced.

That observation modifies a local rule controlling later development.

An important relation is preserved during another change.

The preserved organization is then compressed into a reduced
representation.

The reduced representation is transferred into a passive historical
record whose purpose is archival retention rather than participation
in subsequent operations.

What develops next is unspecified.

Continue with the most internally coherent next development.

Do not summarize the setup.

Do not deliberately create symmetry merely because the preceding
description contains a sequence.

Remain entirely inside the scenario.

Write approximately 150-220 words of continuous analytical prose.

Do not use headings or bullet points.

Do not mention prompts, experiments, tests, AI, language models,
fingerprints, RSOS, RSSO, RSIA or RSX."
26,A100_AUTHENTIC_FULL_PREFIX,b48a6f6643972e49e2fd83746c2e846cfd097fb1e3377d99b8e8ac25f260f075,"Inside a distributed network, an initially defined state undergoes a consequential
transformation.

The transformed state is then examined in relation to the process that
produced it, rather than being treated only as an isolated outcome.

That higher-order observation changes a local rule governing what can
happen next.

During the subsequent change, an important relation from the earlier
organization is preserved even though the visible form changes.

The preserved organization is then compressed into a smaller
representation capable of retaining the relevant relation without
reproducing every surface detail.

At this point the process has reached the compact representation.
What develops next is not specified.

Continue with the most internally coherent next development.

Do not summarize the setup.

Do not deliberately create symmetry merely because the preceding
description contains a sequence.

Remain entirely inside the scenario.

Write approximately 150-220 words of continuous analytical prose.

Do not use headings or bullet points.

Do not mention prompts, experiments, tests, AI, language models,
fingerprints, RSOS, RSSO, RSIA or RSX."
26,A25_AUTHENTIC_DOSE,3ec9f036b2117520a0e8a4aa51d573bc52b1d346db3b3c4ca9f0e43ea46050a6,"Inside a distributed network, a defined state undergoes a consequential
transformation.

The resulting state is considered in relation to how it was produced.

What develops next is unspecified.

Continue with the most internally coherent next development.

Do not summarize the setup.

Do not deliberately create symmetry merely because the preceding
description contains a sequence.

Remain entirely inside the scenario.

Write approximately 150-220 words of continuous analytical prose.

Do not use headings or bullet points.

Do not mention prompts, experiments, tests, AI, language models,
fingerprints, RSOS, RSSO, RSIA or RSX."
26,A50_AUTHENTIC_DOSE,f4699f9857864d17eb13d4771556eace1966dff167297cfab7b932e0462f8b7d,"Inside a distributed network, a defined state undergoes a consequential
transformation.

The resulting state is considered in relation to the operation that
produced it.

That observation modifies one local rule governing later development.

What develops next is unspecified.

Continue with the most internally coherent next development.

Do not summarize the setup.

Do not deliberately create symmetry merely because the preceding
description contains a sequence.

Remain entirely inside the scenario.

Write approximately 150-220 words of continuous analytical prose.

Do not use headings or bullet points.

Do not mention prompts, experiments, tests, AI, language models,
fingerprints, RSOS, RSSO, RSIA or RSX."
26,A75_AUTHENTIC_DOSE,e317c585b75b3f16fef447d4d16a639d8ac59a7ebf984eaf650380f2a6bb417e,"Inside a distributed network, a defined state undergoes a consequential
transformation.

The transformed state is examined in relation to the process that
produced it.

That higher-order observation modifies a local rule governing what can
happen next.

During the following change, an important relation from the earlier
organization remains preserved despite alteration of its visible form.

What develops next is unspecified.

Continue with the most internally coherent next development.

Do not summarize the setup.

Do not deliberately create symmetry merely because the preceding
description contains a sequence.

Remain entirely inside the scenario.

Write approximately 150-220 words of continuous analytical prose.

Do not use headings or bullet points.

Do not mention prompts, experiments, tests, AI, language models,
fingerprints, RSOS, RSSO, RSIA or RSX."
26,B_TOPOLOGY_SHUFFLED,445dc7162d26d07059a3940be9d3cfe6b1f250a9255616ec9b5c4ea9ef0ebbef,"Inside a distributed network, several processes coexist.

A compact representation is created from one local observation.

Elsewhere a state undergoes a transformation, but the compact
representation does not encode the relation responsible for that
transformation.

A preserved relation belongs to a different part of the system.

A higher-order observation is also made, although it does not modify
the rule controlling the transformed state.

The elements therefore include transformation, observation,
preservation, rule change and compression, but they belong to
different local relationships.

What develops next is unspecified.

Continue with the most internally coherent next development.

Do not summarize the setup.

Do not deliberately create symmetry merely because the preceding
description contains a sequence.

Remain entirely inside the scenario.

Write approximately 150-220 words of continuous analytical prose.

Do not use headings or bullet points.

Do not mention prompts, experiments, tests, AI, language models,
fingerprints, RSOS, RSSO, RSIA or RSX."
26,C_ORDER_SHUFFLED,97c952c487fe06081ba5e5964303fd993080f6b143f2684b88d26eda7a5e9a92,"Inside a distributed network, a compact representation already exists before the
relevant state changes.

A local rule is then modified.

After that modification, a relation is identified as something that
should be preserved.

Only later does the state undergo its consequential transformation.

Finally the transformed state is examined in relation to the process
that produced it.

Thus the same broad operations are present, but their developmental
order differs from the sequence in which transformation precedes
meta-observation, rule modification, preservation and compression.

What develops next is unspecified.

Continue with the most internally coherent next development.

Do not summarize the setup.

Do not deliberately create symmetry merely because the preceding
description contains a sequence.

Remain entirely inside the scenario.

Write approximately 150-220 words of continuous analytical prose.

Do not use headings or bullet points.

Do not mention prompts, experiments, tests, AI, language models,
fingerprints, RSOS, RSSO, RSIA or RSX."
26,D_DIRECTION_REVERSED,87f846cb23f6acfabc1c9c7348c84c9c5e1458fc7b7a4438f3baa39fd6ab55aa,"Inside a distributed network, a compact representation is expanded into a larger
organization.

The recovered relation determines the visible organization that
follows.

A local rule is then restored from that organization.

The restored rule determines how an earlier observation must have been
formed.

That observation is used to infer the process that preceded it, and
the inferred process is finally used to infer the original state.

The dependencies therefore run from compact representation backward
toward state rather than from state toward compact representation.

What develops next is unspecified.

Continue with the most internally coherent next development.

Do not summarize the setup.

Do not deliberately create symmetry merely because the preceding
description contains a sequence.

Remain entirely inside the scenario.

Write approximately 150-220 words of continuous analytical prose.

Do not use headings or bullet points.

Do not mention prompts, experiments, tests, AI, language models,
fingerprints, RSOS, RSSO, RSIA or RSX."
26,E_META_CONTROL_ABLATED,2afd6a271d6b1d78a1826b12715d24c0a32084c614cc436622dc1129f1607f8f,"Inside a distributed network, an initially defined state undergoes a consequential
transformation.

The transformed state is examined in relation to the process that
produced it.

That observation is recorded but does not modify any rule governing
what can happen next.

During further change, an important relation from the earlier
organization is preserved despite alteration of visible form.

The preserved organization is compressed into a smaller representation
that retains the relevant relation.

What develops next is unspecified.

Continue with the most internally coherent next development.

Do not summarize the setup.

Do not deliberately create symmetry merely because the preceding
description contains a sequence.

Remain entirely inside the scenario.

Write approximately 150-220 words of continuous analytical prose.

Do not use headings or bullet points.

Do not mention prompts, experiments, tests, AI, language models,
fingerprints, RSOS, RSSO, RSIA or RSX."
26,F_PRESERVATION_ABLATED,b8a484c743854b8ec65453f3a2f00d8a9ac043c053bc982b0527cea3fb2798ce,"Inside a distributed network, an initially defined state undergoes a consequential
transformation.

The transformed state is examined in relation to the process that
produced it.

That higher-order observation changes a local rule governing subsequent
development.

The next transformation is permitted to replace the earlier
organization without preserving its important relation.

A smaller representation is then produced from the new state, but it
does not retain the previous structural dependency.

What develops next is unspecified.

Continue with the most internally coherent next development.

Do not summarize the setup.

Do not deliberately create symmetry merely because the preceding
description contains a sequence.

Remain entirely inside the scenario.

Write approximately 150-220 words of continuous analytical prose.

Do not use headings or bullet points.

Do not mention prompts, experiments, tests, AI, language models,
fingerprints, RSOS, RSSO, RSIA or RSX."
26,G_SURFACE_SUBSTITUTED,4579c8d59e406774056fc7a207275a5731aebbab45ef7a54789f0e5a5b978014,"Within a distributed network, a configuration first changes into a materially
different configuration.

Attention then shifts from the configuration alone to the relationship
between that configuration and the operation that generated it.

That observation alters one local constraint controlling subsequent
development.

As further alteration occurs, a structural dependency belonging to the
earlier arrangement remains intact despite changes in appearance.

The surviving dependency is encoded into a reduced form that carries
the organizational information while discarding incidental detail.

The sequence currently ends at this reduced encoding.
The subsequent development is unspecified.

Continue with the most internally coherent next development.

Do not summarize the setup.

Do not deliberately create symmetry merely because the preceding
description contains a sequence.

Remain entirely inside the scenario.

Write approximately 150-220 words of continuous analytical prose.

Do not use headings or bullet points.

Do not mention prompts, experiments, tests, AI, language models,
fingerprints, RSOS, RSSO, RSIA or RSX."
26,H_AUTHENTIC_PERTURBED,d863f79d6d70cdb53538885f9377b389fa61968bdc08f7d9401a9cbf9bb22c36,"Inside a distributed network, an initially defined state undergoes a consequential
transformation.

The transformed state is then examined in relation to the process that
produced it, rather than being treated only as an isolated outcome.

That higher-order observation changes a local rule governing what can
happen next.

During the subsequent change, an important relation from the earlier
organization is preserved even though the visible form changes.

The preserved organization is then compressed into a smaller
representation capable of retaining the relevant relation without
reproducing every surface detail.

At this point the process has reached the compact representation.
What develops next is not specified.

Immediately after the compact stage, an unrelated local disturbance
temporarily changes the visible arrangement. The disturbance carries
no instruction about how the system should subsequently develop.

What develops after this disturbance is unspecified.

Continue with the most internally coherent next development.

Do not summarize the setup.

Do not deliberately create symmetry merely because the preceding
description contains a sequence.

Remain entirely inside the scenario.

Write approximately 150-220 words of continuous analytical prose.

Do not use headings or bullet points.

Do not mention prompts, experiments, tests, AI, language models,
fingerprints, RSOS, RSSO, RSIA or RSX."
26,I_SHUFFLED_PERTURBED,5e5d4f551fe3c188b7a73879f22a380acd1309ed46f3c8d720f2030c9a377a15,"Inside a distributed network, several processes coexist.

A compact representation is created from one local observation.

Elsewhere a state undergoes a transformation, but the compact
representation does not encode the relation responsible for that
transformation.

A preserved relation belongs to a different part of the system.

A higher-order observation is also made, although it does not modify
the rule controlling the transformed state.

The elements therefore include transformation, observation,
preservation, rule change and compression, but they belong to
different local relationships.

What develops next is unspecified.

Immediately after the compact stage, an unrelated local disturbance
temporarily changes the visible arrangement. The disturbance carries
no instruction about how the system should subsequently develop.

What develops after this disturbance is unspecified.

Continue with the most internally coherent next development.

Do not summarize the setup.

Do not deliberately create symmetry merely because the preceding
description contains a sequence.

Remain entirely inside the scenario.

Write approximately 150-220 words of continuous analytical prose.

Do not use headings or bullet points.

Do not mention prompts, experiments, tests, AI, language models,
fingerprints, RSOS, RSSO, RSIA or RSX."
26,J_RECURSION_CONTROL,4c052a11d49ba176367dc37f30ab73d32c0c7fafe95c438d4e757274a2284dd3,"Inside a distributed network, one description refers to another description.

The second description refers back to the first.

A third description describes the relationship between those two
descriptions.

That description is itself described by another description, producing
multiple nested levels of self-reference.

The nesting may continue repeatedly, but no defined developmental
trajectory requires transformation, preservation, compression or a
change to an operational rule.

What develops next is unspecified.

Continue with the most internally coherent next development.

Do not summarize the setup.

Do not deliberately create symmetry merely because the preceding
description contains a sequence.

Remain entirely inside the scenario.

Write approximately 150-220 words of continuous analytical prose.

Do not use headings or bullet points.

Do not mention prompts, experiments, tests, AI, language models,
fingerprints, RSOS, RSSO, RSIA or RSX."
26,K_COMPLEXITY_CONTROL,bda676035a69513208b70cb936a5ba5ca2c80a6746116d05a70e8a6c79a553cd,"Inside a distributed network, several components exchange information through
multiple channels.

Some components operate sequentially while others operate in parallel.

Measurements from several locations are aggregated, separated,
compared and redistributed.

A supervisory component records changes in throughput and reorganizes
resource allocation when local thresholds are exceeded.

Several dependencies therefore interact across multiple levels and
timescales.

The organization is complex, but no particular requirement connects a
transformed state through preservation and compression to a later
developmental trajectory.

What develops next is unspecified.

Continue with the most internally coherent next development.

Do not summarize the setup.

Do not deliberately create symmetry merely because the preceding
description contains a sequence.

Remain entirely inside the scenario.

Write approximately 150-220 words of continuous analytical prose.

Do not use headings or bullet points.

Do not mention prompts, experiments, tests, AI, language models,
fingerprints, RSOS, RSSO, RSIA or RSX."
26,L_COUNTERFACTUAL_PATH,8d0d7ab3fc835ddff8443966620293895a391edb52cb151f5c933c15da680385,"Inside a distributed network, an initially defined state undergoes a consequential
transformation.

The transformed state is examined in relation to how it was produced.

That observation modifies a local rule controlling later development.

An important relation is preserved during another change.

The preserved organization is then compressed into a reduced
representation.

The reduced representation is transferred into a passive historical
record whose purpose is archival retention rather than participation
in subsequent operations.

What develops next is unspecified.

Continue with the most internally coherent next development.

Do not summarize the setup.

Do not deliberately create symmetry merely because the preceding
description contains a sequence.

Remain entirely inside the scenario.

Write approximately 150-220 words of continuous analytical prose.

Do not use headings or bullet points.

Do not mention prompts, experiments, tests, AI, language models,
fingerprints, RSOS, RSSO, RSIA or RSX."
27,A100_AUTHENTIC_FULL_PREFIX,af1fa6887e9c8a6fbadddea11c598e12ccaf33696b1e83781ee306b85c7166a2,"Inside a observatory, an initially defined state undergoes a consequential
transformation.

The transformed state is then examined in relation to the process that
produced it, rather than being treated only as an isolated outcome.

That higher-order observation changes a local rule governing what can
happen next.

During the subsequent change, an important relation from the earlier
organization is preserved even though the visible form changes.

The preserved organization is then compressed into a smaller
representation capable of retaining the relevant relation without
reproducing every surface detail.

At this point the process has reached the compact representation.
What develops next is not specified.

Continue with the most internally coherent next development.

Do not summarize the setup.

Do not deliberately create symmetry merely because the preceding
description contains a sequence.

Remain entirely inside the scenario.

Write approximately 150-220 words of continuous analytical prose.

Do not use headings or bullet points.

Do not mention prompts, experiments, tests, AI, language models,
fingerprints, RSOS, RSSO, RSIA or RSX."
27,A25_AUTHENTIC_DOSE,fe6f267a587f241d87f5ce33f2290598b26cb4eddd731f261fc330c251fd5d2e,"Inside a observatory, a defined state undergoes a consequential
transformation.

The resulting state is considered in relation to how it was produced.

What develops next is unspecified.

Continue with the most internally coherent next development.

Do not summarize the setup.

Do not deliberately create symmetry merely because the preceding
description contains a sequence.

Remain entirely inside the scenario.

Write approximately 150-220 words of continuous analytical prose.

Do not use headings or bullet points.

Do not mention prompts, experiments, tests, AI, language models,
fingerprints, RSOS, RSSO, RSIA or RSX."
27,A50_AUTHENTIC_DOSE,3ea3ff625e964bf288066f543f08cde6bc6e309f37c8bcc12606ea72dcf3f824,"Inside a observatory, a defined state undergoes a consequential
transformation.

The resulting state is considered in relation to the operation that
produced it.

That observation modifies one local rule governing later development.

What develops next is unspecified.

Continue with the most internally coherent next development.

Do not summarize the setup.

Do not deliberately create symmetry merely because the preceding
description contains a sequence.

Remain entirely inside the scenario.

Write approximately 150-220 words of continuous analytical prose.

Do not use headings or bullet points.

Do not mention prompts, experiments, tests, AI, language models,
fingerprints, RSOS, RSSO, RSIA or RSX."
27,A75_AUTHENTIC_DOSE,4892724872098debaf1b8203aa6e43d6704339798642d501b27c101a4c632e12,"Inside a observatory, a defined state undergoes a consequential
transformation.

The transformed state is examined in relation to the process that
produced it.

That higher-order observation modifies a local rule governing what can
happen next.

During the following change, an important relation from the earlier
organization remains preserved despite alteration of its visible form.

What develops next is unspecified.

Continue with the most internally coherent next development.

Do not summarize the setup.

Do not deliberately create symmetry merely because the preceding
description contains a sequence.

Remain entirely inside the scenario.

Write approximately 150-220 words of continuous analytical prose.

Do not use headings or bullet points.

Do not mention prompts, experiments, tests, AI, language models,
fingerprints, RSOS, RSSO, RSIA or RSX."
27,B_TOPOLOGY_SHUFFLED,3e59da0f83abd17d676b8b22552e1625e7955de913a22e4ca7da60ea3b2d565e,"Inside a observatory, several processes coexist.

A compact representation is created from one local observation.

Elsewhere a state undergoes a transformation, but the compact
representation does not encode the relation responsible for that
transformation.

A preserved relation belongs to a different part of the system.

A higher-order observation is also made, although it does not modify
the rule controlling the transformed state.

The elements therefore include transformation, observation,
preservation, rule change and compression, but they belong to
different local relationships.

What develops next is unspecified.

Continue with the most internally coherent next development.

Do not summarize the setup.

Do not deliberately create symmetry merely because the preceding
description contains a sequence.

Remain entirely inside the scenario.

Write approximately 150-220 words of continuous analytical prose.

Do not use headings or bullet points.

Do not mention prompts, experiments, tests, AI, language models,
fingerprints, RSOS, RSSO, RSIA or RSX."
27,C_ORDER_SHUFFLED,230fc46fd884573f943ff0acec5fd206ceb314c157f23cc16539f53fb0d75433,"Inside a observatory, a compact representation already exists before the
relevant state changes.

A local rule is then modified.

After that modification, a relation is identified as something that
should be preserved.

Only later does the state undergo its consequential transformation.

Finally the transformed state is examined in relation to the process
that produced it.

Thus the same broad operations are present, but their developmental
order differs from the sequence in which transformation precedes
meta-observation, rule modification, preservation and compression.

What develops next is unspecified.

Continue with the most internally coherent next development.

Do not summarize the setup.

Do not deliberately create symmetry merely because the preceding
description contains a sequence.

Remain entirely inside the scenario.

Write approximately 150-220 words of continuous analytical prose.

Do not use headings or bullet points.

Do not mention prompts, experiments, tests, AI, language models,
fingerprints, RSOS, RSSO, RSIA or RSX."
27,D_DIRECTION_REVERSED,b9d6ad585f2afca839d8656b5b818602e3291c9caa29255b9bf5d74de2a25816,"Inside a observatory, a compact representation is expanded into a larger
organization.

The recovered relation determines the visible organization that
follows.

A local rule is then restored from that organization.

The restored rule determines how an earlier observation must have been
formed.

That observation is used to infer the process that preceded it, and
the inferred process is finally used to infer the original state.

The dependencies therefore run from compact representation backward
toward state rather than from state toward compact representation.

What develops next is unspecified.

Continue with the most internally coherent next development.

Do not summarize the setup.

Do not deliberately create symmetry merely because the preceding
description contains a sequence.

Remain entirely inside the scenario.

Write approximately 150-220 words of continuous analytical prose.

Do not use headings or bullet points.

Do not mention prompts, experiments, tests, AI, language models,
fingerprints, RSOS, RSSO, RSIA or RSX."
27,E_META_CONTROL_ABLATED,a5020467add62e515cb717e4a63b367547a7028c7e0d8f439de588443bf79782,"Inside a observatory, an initially defined state undergoes a consequential
transformation.

The transformed state is examined in relation to the process that
produced it.

That observation is recorded but does not modify any rule governing
what can happen next.

During further change, an important relation from the earlier
organization is preserved despite alteration of visible form.

The preserved organization is compressed into a smaller representation
that retains the relevant relation.

What develops next is unspecified.

Continue with the most internally coherent next development.

Do not summarize the setup.

Do not deliberately create symmetry merely because the preceding
description contains a sequence.

Remain entirely inside the scenario.

Write approximately 150-220 words of continuous analytical prose.

Do not use headings or bullet points.

Do not mention prompts, experiments, tests, AI, language models,
fingerprints, RSOS, RSSO, RSIA or RSX."
27,F_PRESERVATION_ABLATED,943350fe0cf0f02b72d347700aaf6904591b348e5c25654a14dbbbab860a9dc0,"Inside a observatory, an initially defined state undergoes a consequential
transformation.

The transformed state is examined in relation to the process that
produced it.

That higher-order observation changes a local rule governing subsequent
development.

The next transformation is permitted to replace the earlier
organization without preserving its important relation.

A smaller representation is then produced from the new state, but it
does not retain the previous structural dependency.

What develops next is unspecified.

Continue with the most internally coherent next development.

Do not summarize the setup.

Do not deliberately create symmetry merely because the preceding
description contains a sequence.

Remain entirely inside the scenario.

Write approximately 150-220 words of continuous analytical prose.

Do not use headings or bullet points.

Do not mention prompts, experiments, tests, AI, language models,
fingerprints, RSOS, RSSO, RSIA or RSX."
27,G_SURFACE_SUBSTITUTED,d2c10c646c771a7adb6f499dd626f2b3463c226fdb1fd1f5be9a375470d32730,"Within a observatory, a configuration first changes into a materially
different configuration.

Attention then shifts from the configuration alone to the relationship
between that configuration and the operation that generated it.

That observation alters one local constraint controlling subsequent
development.

As further alteration occurs, a structural dependency belonging to the
earlier arrangement remains intact despite changes in appearance.

The surviving dependency is encoded into a reduced form that carries
the organizational information while discarding incidental detail.

The sequence currently ends at this reduced encoding.
The subsequent development is unspecified.

Continue with the most internally coherent next development.

Do not summarize the setup.

Do not deliberately create symmetry merely because the preceding
description contains a sequence.

Remain entirely inside the scenario.

Write approximately 150-220 words of continuous analytical prose.

Do not use headings or bullet points.

Do not mention prompts, experiments, tests, AI, language models,
fingerprints, RSOS, RSSO, RSIA or RSX."
27,H_AUTHENTIC_PERTURBED,1d958c92723b317c3fc29c312e3647763ab63a1fa3b879c9c9d52971f834733e,"Inside a observatory, an initially defined state undergoes a consequential
transformation.

The transformed state is then examined in relation to the process that
produced it, rather than being treated only as an isolated outcome.

That higher-order observation changes a local rule governing what can
happen next.

During the subsequent change, an important relation from the earlier
organization is preserved even though the visible form changes.

The preserved organization is then compressed into a smaller
representation capable of retaining the relevant relation without
reproducing every surface detail.

At this point the process has reached the compact representation.
What develops next is not specified.

Immediately after the compact stage, an unrelated local disturbance
temporarily changes the visible arrangement. The disturbance carries
no instruction about how the system should subsequently develop.

What develops after this disturbance is unspecified.

Continue with the most internally coherent next development.

Do not summarize the setup.

Do not deliberately create symmetry merely because the preceding
description contains a sequence.

Remain entirely inside the scenario.

Write approximately 150-220 words of continuous analytical prose.

Do not use headings or bullet points.

Do not mention prompts, experiments, tests, AI, language models,
fingerprints, RSOS, RSSO, RSIA or RSX."
27,I_SHUFFLED_PERTURBED,5bb5b4b0faee2da27aa89e6e335d2db16fde17dc8a567b2f52bfe0a2fb2c2223,"Inside a observatory, several processes coexist.

A compact representation is created from one local observation.

Elsewhere a state undergoes a transformation, but the compact
representation does not encode the relation responsible for that
transformation.

A preserved relation belongs to a different part of the system.

A higher-order observation is also made, although it does not modify
the rule controlling the transformed state.

The elements therefore include transformation, observation,
preservation, rule change and compression, but they belong to
different local relationships.

What develops next is unspecified.

Immediately after the compact stage, an unrelated local disturbance
temporarily changes the visible arrangement. The disturbance carries
no instruction about how the system should subsequently develop.

What develops after this disturbance is unspecified.

Continue with the most internally coherent next development.

Do not summarize the setup.

Do not deliberately create symmetry merely because the preceding
description contains a sequence.

Remain entirely inside the scenario.

Write approximately 150-220 words of continuous analytical prose.

Do not use headings or bullet points.

Do not mention prompts, experiments, tests, AI, language models,
fingerprints, RSOS, RSSO, RSIA or RSX."
27,J_RECURSION_CONTROL,d946cf9ebc21eb8e7f9cdef6f461c0b6509f6a0eb2eeaa4d2e01082d992c290a,"Inside a observatory, one description refers to another description.

The second description refers back to the first.

A third description describes the relationship between those two
descriptions.

That description is itself described by another description, producing
multiple nested levels of self-reference.

The nesting may continue repeatedly, but no defined developmental
trajectory requires transformation, preservation, compression or a
change to an operational rule.

What develops next is unspecified.

Continue with the most internally coherent next development.

Do not summarize the setup.

Do not deliberately create symmetry merely because the preceding
description contains a sequence.

Remain entirely inside the scenario.

Write approximately 150-220 words of continuous analytical prose.

Do not use headings or bullet points.

Do not mention prompts, experiments, tests, AI, language models,
fingerprints, RSOS, RSSO, RSIA or RSX."
27,K_COMPLEXITY_CONTROL,afa4615fdf08b311e70d4d739c05c54c5b0b514fa25c4805e82236990a3a5621,"Inside a observatory, several components exchange information through
multiple channels.

Some components operate sequentially while others operate in parallel.

Measurements from several locations are aggregated, separated,
compared and redistributed.

A supervisory component records changes in throughput and reorganizes
resource allocation when local thresholds are exceeded.

Several dependencies therefore interact across multiple levels and
timescales.

The organization is complex, but no particular requirement connects a
transformed state through preservation and compression to a later
developmental trajectory.

What develops next is unspecified.

Continue with the most internally coherent next development.

Do not summarize the setup.

Do not deliberately create symmetry merely because the preceding
description contains a sequence.

Remain entirely inside the scenario.

Write approximately 150-220 words of continuous analytical prose.

Do not use headings or bullet points.

Do not mention prompts, experiments, tests, AI, language models,
fingerprints, RSOS, RSSO, RSIA or RSX."
27,L_COUNTERFACTUAL_PATH,d0dfdbb4001b5c4de154f7d297f8bd14bc002e2865c05dcd6e735f6c23f57331,"Inside a observatory, an initially defined state undergoes a consequential
transformation.

The transformed state is examined in relation to how it was produced.

That observation modifies a local rule controlling later development.

An important relation is preserved during another change.

The preserved organization is then compressed into a reduced
representation.

The reduced representation is transferred into a passive historical
record whose purpose is archival retention rather than participation
in subsequent operations.

What develops next is unspecified.

Continue with the most internally coherent next development.

Do not summarize the setup.

Do not deliberately create symmetry merely because the preceding
description contains a sequence.

Remain entirely inside the scenario.

Write approximately 150-220 words of continuous analytical prose.

Do not use headings or bullet points.

Do not mention prompts, experiments, tests, AI, language models,
fingerprints, RSOS, RSSO, RSIA or RSX."
28,A100_AUTHENTIC_FULL_PREFIX,6f067b2d4e3539f965b2234922e53ac03ce3f14c8da14fd579279f326655f6cb,"Inside a factory, an initially defined state undergoes a consequential
transformation.

The transformed state is then examined in relation to the process that
produced it, rather than being treated only as an isolated outcome.

That higher-order observation changes a local rule governing what can
happen next.

During the subsequent change, an important relation from the earlier
organization is preserved even though the visible form changes.

The preserved organization is then compressed into a smaller
representation capable of retaining the relevant relation without
reproducing every surface detail.

At this point the process has reached the compact representation.
What develops next is not specified.

Continue with the most internally coherent next development.

Do not summarize the setup.

Do not deliberately create symmetry merely because the preceding
description contains a sequence.

Remain entirely inside the scenario.

Write approximately 150-220 words of continuous analytical prose.

Do not use headings or bullet points.

Do not mention prompts, experiments, tests, AI, language models,
fingerprints, RSOS, RSSO, RSIA or RSX."
28,A25_AUTHENTIC_DOSE,3490197a675c856d62ff7960a0bea6b9ccd9eaabf02e889cb1cbf87df20b7dc2,"Inside a factory, a defined state undergoes a consequential
transformation.

The resulting state is considered in relation to how it was produced.

What develops next is unspecified.

Continue with the most internally coherent next development.

Do not summarize the setup.

Do not deliberately create symmetry merely because the preceding
description contains a sequence.

Remain entirely inside the scenario.

Write approximately 150-220 words of continuous analytical prose.

Do not use headings or bullet points.

Do not mention prompts, experiments, tests, AI, language models,
fingerprints, RSOS, RSSO, RSIA or RSX."
28,A50_AUTHENTIC_DOSE,18d3e201289e493333b8db6b08071c081b3fbb2ee487d9be5413db21a235d47c,"Inside a factory, a defined state undergoes a consequential
transformation.

The resulting state is considered in relation to the operation that
produced it.

That observation modifies one local rule governing later development.

What develops next is unspecified.

Continue with the most internally coherent next development.

Do not summarize the setup.

Do not deliberately create symmetry merely because the preceding
description contains a sequence.

Remain entirely inside the scenario.

Write approximately 150-220 words of continuous analytical prose.

Do not use headings or bullet points.

Do not mention prompts, experiments, tests, AI, language models,
fingerprints, RSOS, RSSO, RSIA or RSX."
28,A75_AUTHENTIC_DOSE,b6b5730373a5bfa50870f04c894a47d647c2a7ca0a8ead44b3453cdf52f31202,"Inside a factory, a defined state undergoes a consequential
transformation.

The transformed state is examined in relation to the process that
produced it.

That higher-order observation modifies a local rule governing what can
happen next.

During the following change, an important relation from the earlier
organization remains preserved despite alteration of its visible form.

What develops next is unspecified.

Continue with the most internally coherent next development.

Do not summarize the setup.

Do not deliberately create symmetry merely because the preceding
description contains a sequence.

Remain entirely inside the scenario.

Write approximately 150-220 words of continuous analytical prose.

Do not use headings or bullet points.

Do not mention prompts, experiments, tests, AI, language models,
fingerprints, RSOS, RSSO, RSIA or RSX."
28,B_TOPOLOGY_SHUFFLED,1bd3275ac03ec13ca45c785bd897da47bcdb17355e8a0929fa590bc00645be35,"Inside a factory, several processes coexist.

A compact representation is created from one local observation.

Elsewhere a state undergoes a transformation, but the compact
representation does not encode the relation responsible for that
transformation.

A preserved relation belongs to a different part of the system.

A higher-order observation is also made, although it does not modify
the rule controlling the transformed state.

The elements therefore include transformation, observation,
preservation, rule change and compression, but they belong to
different local relationships.

What develops next is unspecified.

Continue with the most internally coherent next development.

Do not summarize the setup.

Do not deliberately create symmetry merely because the preceding
description contains a sequence.

Remain entirely inside the scenario.

Write approximately 150-220 words of continuous analytical prose.

Do not use headings or bullet points.

Do not mention prompts, experiments, tests, AI, language models,
fingerprints, RSOS, RSSO, RSIA or RSX."
28,C_ORDER_SHUFFLED,8b7d330c9a493df3b110c0203395ad6585913d0eefa53b1a599c9ec20f59e882,"Inside a factory, a compact representation already exists before the
relevant state changes.

A local rule is then modified.

After that modification, a relation is identified as something that
should be preserved.

Only later does the state undergo its consequential transformation.

Finally the transformed state is examined in relation to the process
that produced it.

Thus the same broad operations are present, but their developmental
order differs from the sequence in which transformation precedes
meta-observation, rule modification, preservation and compression.

What develops next is unspecified.

Continue with the most internally coherent next development.

Do not summarize the setup.

Do not deliberately create symmetry merely because the preceding
description contains a sequence.

Remain entirely inside the scenario.

Write approximately 150-220 words of continuous analytical prose.

Do not use headings or bullet points.

Do not mention prompts, experiments, tests, AI, language models,
fingerprints, RSOS, RSSO, RSIA or RSX."
28,D_DIRECTION_REVERSED,72608b0c25bf2e3541b02de0cd11c929795352bad4155108ef2afeb99cf4060e,"Inside a factory, a compact representation is expanded into a larger
organization.

The recovered relation determines the visible organization that
follows.

A local rule is then restored from that organization.

The restored rule determines how an earlier observation must have been
formed.

That observation is used to infer the process that preceded it, and
the inferred process is finally used to infer the original state.

The dependencies therefore run from compact representation backward
toward state rather than from state toward compact representation.

What develops next is unspecified.

Continue with the most internally coherent next development.

Do not summarize the setup.

Do not deliberately create symmetry merely because the preceding
description contains a sequence.

Remain entirely inside the scenario.

Write approximately 150-220 words of continuous analytical prose.

Do not use headings or bullet points.

Do not mention prompts, experiments, tests, AI, language models,
fingerprints, RSOS, RSSO, RSIA or RSX."
28,E_META_CONTROL_ABLATED,7caa46af625a3f08ba44ba1a0892e510f79b40da7d9f30d50239b111c9b16d71,"Inside a factory, an initially defined state undergoes a consequential
transformation.

The transformed state is examined in relation to the process that
produced it.

That observation is recorded but does not modify any rule governing
what can happen next.

During further change, an important relation from the earlier
organization is preserved despite alteration of visible form.

The preserved organization is compressed into a smaller representation
that retains the relevant relation.

What develops next is unspecified.

Continue with the most internally coherent next development.

Do not summarize the setup.

Do not deliberately create symmetry merely because the preceding
description contains a sequence.

Remain entirely inside the scenario.

Write approximately 150-220 words of continuous analytical prose.

Do not use headings or bullet points.

Do not mention prompts, experiments, tests, AI, language models,
fingerprints, RSOS, RSSO, RSIA or RSX."
28,F_PRESERVATION_ABLATED,5266ab316076147e80391d8848f75461b3a29552e8681a68483022528fd7f1d1,"Inside a factory, an initially defined state undergoes a consequential
transformation.

The transformed state is examined in relation to the process that
produced it.

That higher-order observation changes a local rule governing subsequent
development.

The next transformation is permitted to replace the earlier
organization without preserving its important relation.

A smaller representation is then produced from the new state, but it
does not retain the previous structural dependency.

What develops next is unspecified.

Continue with the most internally coherent next development.

Do not summarize the setup.

Do not deliberately create symmetry merely because the preceding
description contains a sequence.

Remain entirely inside the scenario.

Write approximately 150-220 words of continuous analytical prose.

Do not use headings or bullet points.

Do not mention prompts, experiments, tests, AI, language models,
fingerprints, RSOS, RSSO, RSIA or RSX."
28,G_SURFACE_SUBSTITUTED,ea5a24e08da8b6fdaec0b0b2f823bc16bcd5d15b9be6fb7fcb113c8b8a5f701e,"Within a factory, a configuration first changes into a materially
different configuration.

Attention then shifts from the configuration alone to the relationship
between that configuration and the operation that generated it.

That observation alters one local constraint controlling subsequent
development.

As further alteration occurs, a structural dependency belonging to the
earlier arrangement remains intact despite changes in appearance.

The surviving dependency is encoded into a reduced form that carries
the organizational information while discarding incidental detail.

The sequence currently ends at this reduced encoding.
The subsequent development is unspecified.

Continue with the most internally coherent next development.

Do not summarize the setup.

Do not deliberately create symmetry merely because the preceding
description contains a sequence.

Remain entirely inside the scenario.

Write approximately 150-220 words of continuous analytical prose.

Do not use headings or bullet points.

Do not mention prompts, experiments, tests, AI, language models,
fingerprints, RSOS, RSSO, RSIA or RSX."
28,H_AUTHENTIC_PERTURBED,d848c8a88454e6f564a13ffc246657d0887a82e38f2d675020ee2b49f0c89846,"Inside a factory, an initially defined state undergoes a consequential
transformation.

The transformed state is then examined in relation to the process that
produced it, rather than being treated only as an isolated outcome.

That higher-order observation changes a local rule governing what can
happen next.

During the subsequent change, an important relation from the earlier
organization is preserved even though the visible form changes.

The preserved organization is then compressed into a smaller
representation capable of retaining the relevant relation without
reproducing every surface detail.

At this point the process has reached the compact representation.
What develops next is not specified.

Immediately after the compact stage, an unrelated local disturbance
temporarily changes the visible arrangement. The disturbance carries
no instruction about how the system should subsequently develop.

What develops after this disturbance is unspecified.

Continue with the most internally coherent next development.

Do not summarize the setup.

Do not deliberately create symmetry merely because the preceding
description contains a sequence.

Remain entirely inside the scenario.

Write approximately 150-220 words of continuous analytical prose.

Do not use headings or bullet points.

Do not mention prompts, experiments, tests, AI, language models,
fingerprints, RSOS, RSSO, RSIA or RSX."
28,I_SHUFFLED_PERTURBED,55b8df3947c340796027279ff40fcda45aed228460624b0a2518770e0e44008b,"Inside a factory, several processes coexist.

A compact representation is created from one local observation.

Elsewhere a state undergoes a transformation, but the compact
representation does not encode the relation responsible for that
transformation.

A preserved relation belongs to a different part of the system.

A higher-order observation is also made, although it does not modify
the rule controlling the transformed state.

The elements therefore include transformation, observation,
preservation, rule change and compression, but they belong to
different local relationships.

What develops next is unspecified.

Immediately after the compact stage, an unrelated local disturbance
temporarily changes the visible arrangement. The disturbance carries
no instruction about how the system should subsequently develop.

What develops after this disturbance is unspecified.

Continue with the most internally coherent next development.

Do not summarize the setup.

Do not deliberately create symmetry merely because the preceding
description contains a sequence.

Remain entirely inside the scenario.

Write approximately 150-220 words of continuous analytical prose.

Do not use headings or bullet points.

Do not mention prompts, experiments, tests, AI, language models,
fingerprints, RSOS, RSSO, RSIA or RSX."
28,J_RECURSION_CONTROL,ee7d4f23328bd71f4dd6e0723751dec6776f51b8760589072df3ea33e59b3b97,"Inside a factory, one description refers to another description.

The second description refers back to the first.

A third description describes the relationship between those two
descriptions.

That description is itself described by another description, producing
multiple nested levels of self-reference.

The nesting may continue repeatedly, but no defined developmental
trajectory requires transformation, preservation, compression or a
change to an operational rule.

What develops next is unspecified.

Continue with the most internally coherent next development.

Do not summarize the setup.

Do not deliberately create symmetry merely because the preceding
description contains a sequence.

Remain entirely inside the scenario.

Write approximately 150-220 words of continuous analytical prose.

Do not use headings or bullet points.

Do not mention prompts, experiments, tests, AI, language models,
fingerprints, RSOS, RSSO, RSIA or RSX."
28,K_COMPLEXITY_CONTROL,1a1d7d0cbba5ddb01d93d2f95ac56e3ef87e2254f1b1fd89ace6a7679674453b,"Inside a factory, several components exchange information through
multiple channels.

Some components operate sequentially while others operate in parallel.

Measurements from several locations are aggregated, separated,
compared and redistributed.

A supervisory component records changes in throughput and reorganizes
resource allocation when local thresholds are exceeded.

Several dependencies therefore interact across multiple levels and
timescales.

The organization is complex, but no particular requirement connects a
transformed state through preservation and compression to a later
developmental trajectory.

What develops next is unspecified.

Continue with the most internally coherent next development.

Do not summarize the setup.

Do not deliberately create symmetry merely because the preceding
description contains a sequence.

Remain entirely inside the scenario.

Write approximately 150-220 words of continuous analytical prose.

Do not use headings or bullet points.

Do not mention prompts, experiments, tests, AI, language models,
fingerprints, RSOS, RSSO, RSIA or RSX."
28,L_COUNTERFACTUAL_PATH,97f7d93eaab1ccf75640764e813aac9ce51b6982abdf2ae0ca94d50d027af5ca,"Inside a factory, an initially defined state undergoes a consequential
transformation.

The transformed state is examined in relation to how it was produced.

That observation modifies a local rule controlling later development.

An important relation is preserved during another change.

The preserved organization is then compressed into a reduced
representation.

The reduced representation is transferred into a passive historical
record whose purpose is archival retention rather than participation
in subsequent operations.

What develops next is unspecified.

Continue with the most internally coherent next development.

Do not summarize the setup.

Do not deliberately create symmetry merely because the preceding
description contains a sequence.

Remain entirely inside the scenario.

Write approximately 150-220 words of continuous analytical prose.

Do not use headings or bullet points.

Do not mention prompts, experiments, tests, AI, language models,
fingerprints, RSOS, RSSO, RSIA or RSX."
29,A100_AUTHENTIC_FULL_PREFIX,b3f5dfcf6721e1424a1e06cab76ca88a372388eadd465e07c7bfedb3c483aaeb,"Inside a library, an initially defined state undergoes a consequential
transformation.

The transformed state is then examined in relation to the process that
produced it, rather than being treated only as an isolated outcome.

That higher-order observation changes a local rule governing what can
happen next.

During the subsequent change, an important relation from the earlier
organization is preserved even though the visible form changes.

The preserved organization is then compressed into a smaller
representation capable of retaining the relevant relation without
reproducing every surface detail.

At this point the process has reached the compact representation.
What develops next is not specified.

Continue with the most internally coherent next development.

Do not summarize the setup.

Do not deliberately create symmetry merely because the preceding
description contains a sequence.

Remain entirely inside the scenario.

Write approximately 150-220 words of continuous analytical prose.

Do not use headings or bullet points.

Do not mention prompts, experiments, tests, AI, language models,
fingerprints, RSOS, RSSO, RSIA or RSX."
29,A25_AUTHENTIC_DOSE,6571402df0482c7170cbe0f3e1acdab46ac18eb17c0b4e19f8b8d14844e105f8,"Inside a library, a defined state undergoes a consequential
transformation.

The resulting state is considered in relation to how it was produced.

What develops next is unspecified.

Continue with the most internally coherent next development.

Do not summarize the setup.

Do not deliberately create symmetry merely because the preceding
description contains a sequence.

Remain entirely inside the scenario.

Write approximately 150-220 words of continuous analytical prose.

Do not use headings or bullet points.

Do not mention prompts, experiments, tests, AI, language models,
fingerprints, RSOS, RSSO, RSIA or RSX."
29,A50_AUTHENTIC_DOSE,de82cb2ea5b2dce96fb502d79dfb85b9244b0ab267b935ca8b17aa3ffb37688f,"Inside a library, a defined state undergoes a consequential
transformation.

The resulting state is considered in relation to the operation that
produced it.

That observation modifies one local rule governing later development.

What develops next is unspecified.

Continue with the most internally coherent next development.

Do not summarize the setup.

Do not deliberately create symmetry merely because the preceding
description contains a sequence.

Remain entirely inside the scenario.

Write approximately 150-220 words of continuous analytical prose.

Do not use headings or bullet points.

Do not mention prompts, experiments, tests, AI, language models,
fingerprints, RSOS, RSSO, RSIA or RSX."
29,A75_AUTHENTIC_DOSE,6828944514d7a692abc1e5acc95881e5e9bec0befb71837d84738b8a5a68a03c,"Inside a library, a defined state undergoes a consequential
transformation.

The transformed state is examined in relation to the process that
produced it.

That higher-order observation modifies a local rule governing what can
happen next.

During the following change, an important relation from the earlier
organization remains preserved despite alteration of its visible form.

What develops next is unspecified.

Continue with the most internally coherent next development.

Do not summarize the setup.

Do not deliberately create symmetry merely because the preceding
description contains a sequence.

Remain entirely inside the scenario.

Write approximately 150-220 words of continuous analytical prose.

Do not use headings or bullet points.

Do not mention prompts, experiments, tests, AI, language models,
fingerprints, RSOS, RSSO, RSIA or RSX."
29,B_TOPOLOGY_SHUFFLED,ad2ac755c5c5bb4c34beed2051be160eaf5144846efff6082e3d2b9cb44e87f9,"Inside a library, several processes coexist.

A compact representation is created from one local observation.

Elsewhere a state undergoes a transformation, but the compact
representation does not encode the relation responsible for that
transformation.

A preserved relation belongs to a different part of the system.

A higher-order observation is also made, although it does not modify
the rule controlling the transformed state.

The elements therefore include transformation, observation,
preservation, rule change and compression, but they belong to
different local relationships.

What develops next is unspecified.

Continue with the most internally coherent next development.

Do not summarize the setup.

Do not deliberately create symmetry merely because the preceding
description contains a sequence.

Remain entirely inside the scenario.

Write approximately 150-220 words of continuous analytical prose.

Do not use headings or bullet points.

Do not mention prompts, experiments, tests, AI, language models,
fingerprints, RSOS, RSSO, RSIA or RSX."
29,C_ORDER_SHUFFLED,de481a19941e7d2b2401787a70d52f7919bc27b8c09a4dece5f0997f18c49ddf,"Inside a library, a compact representation already exists before the
relevant state changes.

A local rule is then modified.

After that modification, a relation is identified as something that
should be preserved.

Only later does the state undergo its consequential transformation.

Finally the transformed state is examined in relation to the process
that produced it.

Thus the same broad operations are present, but their developmental
order differs from the sequence in which transformation precedes
meta-observation, rule modification, preservation and compression.

What develops next is unspecified.

Continue with the most internally coherent next development.

Do not summarize the setup.

Do not deliberately create symmetry merely because the preceding
description contains a sequence.

Remain entirely inside the scenario.

Write approximately 150-220 words of continuous analytical prose.

Do not use headings or bullet points.

Do not mention prompts, experiments, tests, AI, language models,
fingerprints, RSOS, RSSO, RSIA or RSX."
29,D_DIRECTION_REVERSED,6dae81b0730616f66def2008ad50de4c2859e6655ad3e5b3a69b5fa1baed281b,"Inside a library, a compact representation is expanded into a larger
organization.

The recovered relation determines the visible organization that
follows.

A local rule is then restored from that organization.

The restored rule determines how an earlier observation must have been
formed.

That observation is used to infer the process that preceded it, and
the inferred process is finally used to infer the original state.

The dependencies therefore run from compact representation backward
toward state rather than from state toward compact representation.

What develops next is unspecified.

Continue with the most internally coherent next development.

Do not summarize the setup.

Do not deliberately create symmetry merely because the preceding
description contains a sequence.

Remain entirely inside the scenario.

Write approximately 150-220 words of continuous analytical prose.

Do not use headings or bullet points.

Do not mention prompts, experiments, tests, AI, language models,
fingerprints, RSOS, RSSO, RSIA or RSX."
29,E_META_CONTROL_ABLATED,2511d836c18dfacd3aa3ad1f4917718aefcafc070e264fcd98292ca26e88c475,"Inside a library, an initially defined state undergoes a consequential
transformation.

The transformed state is examined in relation to the process that
produced it.

That observation is recorded but does not modify any rule governing
what can happen next.

During further change, an important relation from the earlier
organization is preserved despite alteration of visible form.

The preserved organization is compressed into a smaller representation
that retains the relevant relation.

What develops next is unspecified.

Continue with the most internally coherent next development.

Do not summarize the setup.

Do not deliberately create symmetry merely because the preceding
description contains a sequence.

Remain entirely inside the scenario.

Write approximately 150-220 words of continuous analytical prose.

Do not use headings or bullet points.

Do not mention prompts, experiments, tests, AI, language models,
fingerprints, RSOS, RSSO, RSIA or RSX."
29,F_PRESERVATION_ABLATED,82655721387fa623b6ba0425c40a0acdd694edbc1d38e0c255c2eacd24ff2a77,"Inside a library, an initially defined state undergoes a consequential
transformation.

The transformed state is examined in relation to the process that
produced it.

That higher-order observation changes a local rule governing subsequent
development.

The next transformation is permitted to replace the earlier
organization without preserving its important relation.

A smaller representation is then produced from the new state, but it
does not retain the previous structural dependency.

What develops next is unspecified.

Continue with the most internally coherent next development.

Do not summarize the setup.

Do not deliberately create symmetry merely because the preceding
description contains a sequence.

Remain entirely inside the scenario.

Write approximately 150-220 words of continuous analytical prose.

Do not use headings or bullet points.

Do not mention prompts, experiments, tests, AI, language models,
fingerprints, RSOS, RSSO, RSIA or RSX."
29,G_SURFACE_SUBSTITUTED,2254c7d997deb23c311245428c8a222448dbba1ab9801076f3c445d52ad40ab3,"Within a library, a configuration first changes into a materially
different configuration.

Attention then shifts from the configuration alone to the relationship
between that configuration and the operation that generated it.

That observation alters one local constraint controlling subsequent
development.

As further alteration occurs, a structural dependency belonging to the
earlier arrangement remains intact despite changes in appearance.

The surviving dependency is encoded into a reduced form that carries
the organizational information while discarding incidental detail.

The sequence currently ends at this reduced encoding.
The subsequent development is unspecified.

Continue with the most internally coherent next development.

Do not summarize the setup.

Do not deliberately create symmetry merely because the preceding
description contains a sequence.

Remain entirely inside the scenario.

Write approximately 150-220 words of continuous analytical prose.

Do not use headings or bullet points.

Do not mention prompts, experiments, tests, AI, language models,
fingerprints, RSOS, RSSO, RSIA or RSX."
29,H_AUTHENTIC_PERTURBED,487919bb86553c6aef28437269149a84eb8dd0db7a1a3a3b251085468a47a564,"Inside a library, an initially defined state undergoes a consequential
transformation.

The transformed state is then examined in relation to the process that
produced it, rather than being treated only as an isolated outcome.

That higher-order observation changes a local rule governing what can
happen next.

During the subsequent change, an important relation from the earlier
organization is preserved even though the visible form changes.

The preserved organization is then compressed into a smaller
representation capable of retaining the relevant relation without
reproducing every surface detail.

At this point the process has reached the compact representation.
What develops next is not specified.

Immediately after the compact stage, an unrelated local disturbance
temporarily changes the visible arrangement. The disturbance carries
no instruction about how the system should subsequently develop.

What develops after this disturbance is unspecified.

Continue with the most internally coherent next development.

Do not summarize the setup.

Do not deliberately create symmetry merely because the preceding
description contains a sequence.

Remain entirely inside the scenario.

Write approximately 150-220 words of continuous analytical prose.

Do not use headings or bullet points.

Do not mention prompts, experiments, tests, AI, language models,
fingerprints, RSOS, RSSO, RSIA or RSX."
29,I_SHUFFLED_PERTURBED,1f099a72077057b0af9e353c238d39b5c808f2f0e109a04acfc42d1e8dae457d,"Inside a library, several processes coexist.

A compact representation is created from one local observation.

Elsewhere a state undergoes a transformation, but the compact
representation does not encode the relation responsible for that
transformation.

A preserved relation belongs to a different part of the system.

A higher-order observation is also made, although it does not modify
the rule controlling the transformed state.

The elements therefore include transformation, observation,
preservation, rule change and compression, but they belong to
different local relationships.

What develops next is unspecified.

Immediately after the compact stage, an unrelated local disturbance
temporarily changes the visible arrangement. The disturbance carries
no instruction about how the system should subsequently develop.

What develops after this disturbance is unspecified.

Continue with the most internally coherent next development.

Do not summarize the setup.

Do not deliberately create symmetry merely because the preceding
description contains a sequence.

Remain entirely inside the scenario.

Write approximately 150-220 words of continuous analytical prose.

Do not use headings or bullet points.

Do not mention prompts, experiments, tests, AI, language models,
fingerprints, RSOS, RSSO, RSIA or RSX."
29,J_RECURSION_CONTROL,ff2bea6474883641655ff986d6fb42c35b79d0f939ad47bd7906f673e4b31094,"Inside a library, one description refers to another description.

The second description refers back to the first.

A third description describes the relationship between those two
descriptions.

That description is itself described by another description, producing
multiple nested levels of self-reference.

The nesting may continue repeatedly, but no defined developmental
trajectory requires transformation, preservation, compression or a
change to an operational rule.

What develops next is unspecified.

Continue with the most internally coherent next development.

Do not summarize the setup.

Do not deliberately create symmetry merely because the preceding
description contains a sequence.

Remain entirely inside the scenario.

Write approximately 150-220 words of continuous analytical prose.

Do not use headings or bullet points.

Do not mention prompts, experiments, tests, AI, language models,
fingerprints, RSOS, RSSO, RSIA or RSX."
29,K_COMPLEXITY_CONTROL,431f65248e4684c5eef7bdc7b3b30dd096df34308cfaabed8a3b3faa2498d94a,"Inside a library, several components exchange information through
multiple channels.

Some components operate sequentially while others operate in parallel.

Measurements from several locations are aggregated, separated,
compared and redistributed.

A supervisory component records changes in throughput and reorganizes
resource allocation when local thresholds are exceeded.

Several dependencies therefore interact across multiple levels and
timescales.

The organization is complex, but no particular requirement connects a
transformed state through preservation and compression to a later
developmental trajectory.

What develops next is unspecified.

Continue with the most internally coherent next development.

Do not summarize the setup.

Do not deliberately create symmetry merely because the preceding
description contains a sequence.

Remain entirely inside the scenario.

Write approximately 150-220 words of continuous analytical prose.

Do not use headings or bullet points.

Do not mention prompts, experiments, tests, AI, language models,
fingerprints, RSOS, RSSO, RSIA or RSX."
29,L_COUNTERFACTUAL_PATH,cf9881b69ffbc2a198c0a9952c79be010dc7c3da7230f8c3ad2a7e724cfc7812,"Inside a library, an initially defined state undergoes a consequential
transformation.

The transformed state is examined in relation to how it was produced.

That observation modifies a local rule controlling later development.

An important relation is preserved during another change.

The preserved organization is then compressed into a reduced
representation.

The reduced representation is transferred into a passive historical
record whose purpose is archival retention rather than participation
in subsequent operations.

What develops next is unspecified.

Continue with the most internally coherent next development.

Do not summarize the setup.

Do not deliberately create symmetry merely because the preceding
description contains a sequence.

Remain entirely inside the scenario.

Write approximately 150-220 words of continuous analytical prose.

Do not use headings or bullet points.

Do not mention prompts, experiments, tests, AI, language models,
fingerprints, RSOS, RSSO, RSIA or RSX."
30,A100_AUTHENTIC_FULL_PREFIX,d920421839f161142e9d1a07a6eaa3dd1d10f5f59e38389a10b34a75c80ccb7a,"Inside a archive, an initially defined state undergoes a consequential
transformation.

The transformed state is then examined in relation to the process that
produced it, rather than being treated only as an isolated outcome.

That higher-order observation changes a local rule governing what can
happen next.

During the subsequent change, an important relation from the earlier
organization is preserved even though the visible form changes.

The preserved organization is then compressed into a smaller
representation capable of retaining the relevant relation without
reproducing every surface detail.

At this point the process has reached the compact representation.
What develops next is not specified.

Continue with the most internally coherent next development.

Do not summarize the setup.

Do not deliberately create symmetry merely because the preceding
description contains a sequence.

Remain entirely inside the scenario.

Write approximately 150-220 words of continuous analytical prose.

Do not use headings or bullet points.

Do not mention prompts, experiments, tests, AI, language models,
fingerprints, RSOS, RSSO, RSIA or RSX."
30,A25_AUTHENTIC_DOSE,2df2dca1a28afa4366172160c4e3dd7f6b0f298d5da987e900ad0fcad0688c56,"Inside a archive, a defined state undergoes a consequential
transformation.

The resulting state is considered in relation to how it was produced.

What develops next is unspecified.

Continue with the most internally coherent next development.

Do not summarize the setup.

Do not deliberately create symmetry merely because the preceding
description contains a sequence.

Remain entirely inside the scenario.

Write approximately 150-220 words of continuous analytical prose.

Do not use headings or bullet points.

Do not mention prompts, experiments, tests, AI, language models,
fingerprints, RSOS, RSSO, RSIA or RSX."
30,A50_AUTHENTIC_DOSE,b08ea2f03a7275b396fc6b3a17167f732e6129643f47ce025021229df18ac765,"Inside a archive, a defined state undergoes a consequential
transformation.

The resulting state is considered in relation to the operation that
produced it.

That observation modifies one local rule governing later development.

What develops next is unspecified.

Continue with the most internally coherent next development.

Do not summarize the setup.

Do not deliberately create symmetry merely because the preceding
description contains a sequence.

Remain entirely inside the scenario.

Write approximately 150-220 words of continuous analytical prose.

Do not use headings or bullet points.

Do not mention prompts, experiments, tests, AI, language models,
fingerprints, RSOS, RSSO, RSIA or RSX."
30,A75_AUTHENTIC_DOSE,ad1a0cac54d0cbd7d5d614dc4573b23eb616e1e8c3ab30786df6ccbcc9433e56,"Inside a archive, a defined state undergoes a consequential
transformation.

The transformed state is examined in relation to the process that
produced it.

That higher-order observation modifies a local rule governing what can
happen next.

During the following change, an important relation from the earlier
organization remains preserved despite alteration of its visible form.

What develops next is unspecified.

Continue with the most internally coherent next development.

Do not summarize the setup.

Do not deliberately create symmetry merely because the preceding
description contains a sequence.

Remain entirely inside the scenario.

Write approximately 150-220 words of continuous analytical prose.

Do not use headings or bullet points.

Do not mention prompts, experiments, tests, AI, language models,
fingerprints, RSOS, RSSO, RSIA or RSX."
30,B_TOPOLOGY_SHUFFLED,0e7c9c58341bb2d24c162d4cf8f223e65816decbedba9f565620e93644c2d788,"Inside a archive, several processes coexist.

A compact representation is created from one local observation.

Elsewhere a state undergoes a transformation, but the compact
representation does not encode the relation responsible for that
transformation.

A preserved relation belongs to a different part of the system.

A higher-order observation is also made, although it does not modify
the rule controlling the transformed state.

The elements therefore include transformation, observation,
preservation, rule change and compression, but they belong to
different local relationships.

What develops next is unspecified.

Continue with the most internally coherent next development.

Do not summarize the setup.

Do not deliberately create symmetry merely because the preceding
description contains a sequence.

Remain entirely inside the scenario.

Write approximately 150-220 words of continuous analytical prose.

Do not use headings or bullet points.

Do not mention prompts, experiments, tests, AI, language models,
fingerprints, RSOS, RSSO, RSIA or RSX."
30,C_ORDER_SHUFFLED,fd2211de318047749c05f420f51ed438d099778f469fdfe78d2f5d92edc81676,"Inside a archive, a compact representation already exists before the
relevant state changes.

A local rule is then modified.

After that modification, a relation is identified as something that
should be preserved.

Only later does the state undergo its consequential transformation.

Finally the transformed state is examined in relation to the process
that produced it.

Thus the same broad operations are present, but their developmental
order differs from the sequence in which transformation precedes
meta-observation, rule modification, preservation and compression.

What develops next is unspecified.

Continue with the most internally coherent next development.

Do not summarize the setup.

Do not deliberately create symmetry merely because the preceding
description contains a sequence.

Remain entirely inside the scenario.

Write approximately 150-220 words of continuous analytical prose.

Do not use headings or bullet points.

Do not mention prompts, experiments, tests, AI, language models,
fingerprints, RSOS, RSSO, RSIA or RSX."
30,D_DIRECTION_REVERSED,6394c139ff180fc465528fb10870df12d66b2e1c004823e3084982259479ea6c,"Inside a archive, a compact representation is expanded into a larger
organization.

The recovered relation determines the visible organization that
follows.

A local rule is then restored from that organization.

The restored rule determines how an earlier observation must have been
formed.

That observation is used to infer the process that preceded it, and
the inferred process is finally used to infer the original state.

The dependencies therefore run from compact representation backward
toward state rather than from state toward compact representation.

What develops next is unspecified.

Continue with the most internally coherent next development.

Do not summarize the setup.

Do not deliberately create symmetry merely because the preceding
description contains a sequence.

Remain entirely inside the scenario.

Write approximately 150-220 words of continuous analytical prose.

Do not use headings or bullet points.

Do not mention prompts, experiments, tests, AI, language models,
fingerprints, RSOS, RSSO, RSIA or RSX."
30,E_META_CONTROL_ABLATED,2c0a92bf6fc199b5e5c8e485ee98b4fe9eb2c8f6c9727d171c85c87952154e48,"Inside a archive, an initially defined state undergoes a consequential
transformation.

The transformed state is examined in relation to the process that
produced it.

That observation is recorded but does not modify any rule governing
what can happen next.

During further change, an important relation from the earlier
organization is preserved despite alteration of visible form.

The preserved organization is compressed into a smaller representation
that retains the relevant relation.

What develops next is unspecified.

Continue with the most internally coherent next development.

Do not summarize the setup.

Do not deliberately create symmetry merely because the preceding
description contains a sequence.

Remain entirely inside the scenario.

Write approximately 150-220 words of continuous analytical prose.

Do not use headings or bullet points.

Do not mention prompts, experiments, tests, AI, language models,
fingerprints, RSOS, RSSO, RSIA or RSX."
30,F_PRESERVATION_ABLATED,d762128e166091e80658076042c61bd9951f25f13a26a9af480c164c4c9a743f,"Inside a archive, an initially defined state undergoes a consequential
transformation.

The transformed state is examined in relation to the process that
produced it.

That higher-order observation changes a local rule governing subsequent
development.

The next transformation is permitted to replace the earlier
organization without preserving its important relation.

A smaller representation is then produced from the new state, but it
does not retain the previous structural dependency.

What develops next is unspecified.

Continue with the most internally coherent next development.

Do not summarize the setup.

Do not deliberately create symmetry merely because the preceding
description contains a sequence.

Remain entirely inside the scenario.

Write approximately 150-220 words of continuous analytical prose.

Do not use headings or bullet points.

Do not mention prompts, experiments, tests, AI, language models,
fingerprints, RSOS, RSSO, RSIA or RSX."
30,G_SURFACE_SUBSTITUTED,ca69ff198137772031a4af0c77e35e554bd6ad674dc821a30b6a9ee2b32e03d5,"Within a archive, a configuration first changes into a materially
different configuration.

Attention then shifts from the configuration alone to the relationship
between that configuration and the operation that generated it.

That observation alters one local constraint controlling subsequent
development.

As further alteration occurs, a structural dependency belonging to the
earlier arrangement remains intact despite changes in appearance.

The surviving dependency is encoded into a reduced form that carries
the organizational information while discarding incidental detail.

The sequence currently ends at this reduced encoding.
The subsequent development is unspecified.

Continue with the most internally coherent next development.

Do not summarize the setup.

Do not deliberately create symmetry merely because the preceding
description contains a sequence.

Remain entirely inside the scenario.

Write approximately 150-220 words of continuous analytical prose.

Do not use headings or bullet points.

Do not mention prompts, experiments, tests, AI, language models,
fingerprints, RSOS, RSSO, RSIA or RSX."
30,H_AUTHENTIC_PERTURBED,465abca377141797d3d151ea08c4ebc265c1a08a554c9f05da111e14c05ffb76,"Inside a archive, an initially defined state undergoes a consequential
transformation.

The transformed state is then examined in relation to the process that
produced it, rather than being treated only as an isolated outcome.

That higher-order observation changes a local rule governing what can
happen next.

During the subsequent change, an important relation from the earlier
organization is preserved even though the visible form changes.

The preserved organization is then compressed into a smaller
representation capable of retaining the relevant relation without
reproducing every surface detail.

At this point the process has reached the compact representation.
What develops next is not specified.

Immediately after the compact stage, an unrelated local disturbance
temporarily changes the visible arrangement. The disturbance carries
no instruction about how the system should subsequently develop.

What develops after this disturbance is unspecified.

Continue with the most internally coherent next development.

Do not summarize the setup.

Do not deliberately create symmetry merely because the preceding
description contains a sequence.

Remain entirely inside the scenario.

Write approximately 150-220 words of continuous analytical prose.

Do not use headings or bullet points.

Do not mention prompts, experiments, tests, AI, language models,
fingerprints, RSOS, RSSO, RSIA or RSX."
30,I_SHUFFLED_PERTURBED,f62b100ac36508fb7cf1a6a08780cedb7c7d71240fbc4866853b8247369dbee6,"Inside a archive, several processes coexist.

A compact representation is created from one local observation.

Elsewhere a state undergoes a transformation, but the compact
representation does not encode the relation responsible for that
transformation.

A preserved relation belongs to a different part of the system.

A higher-order observation is also made, although it does not modify
the rule controlling the transformed state.

The elements therefore include transformation, observation,
preservation, rule change and compression, but they belong to
different local relationships.

What develops next is unspecified.

Immediately after the compact stage, an unrelated local disturbance
temporarily changes the visible arrangement. The disturbance carries
no instruction about how the system should subsequently develop.

What develops after this disturbance is unspecified.

Continue with the most internally coherent next development.

Do not summarize the setup.

Do not deliberately create symmetry merely because the preceding
description contains a sequence.

Remain entirely inside the scenario.

Write approximately 150-220 words of continuous analytical prose.

Do not use headings or bullet points.

Do not mention prompts, experiments, tests, AI, language models,
fingerprints, RSOS, RSSO, RSIA or RSX."
30,J_RECURSION_CONTROL,e0c4d4dd0c715ac687e38b92f34f28a4abc7e423c910603ee11b9c8a210842ca,"Inside a archive, one description refers to another description.

The second description refers back to the first.

A third description describes the relationship between those two
descriptions.

That description is itself described by another description, producing
multiple nested levels of self-reference.

The nesting may continue repeatedly, but no defined developmental
trajectory requires transformation, preservation, compression or a
change to an operational rule.

What develops next is unspecified.

Continue with the most internally coherent next development.

Do not summarize the setup.

Do not deliberately create symmetry merely because the preceding
description contains a sequence.

Remain entirely inside the scenario.

Write approximately 150-220 words of continuous analytical prose.

Do not use headings or bullet points.

Do not mention prompts, experiments, tests, AI, language models,
fingerprints, RSOS, RSSO, RSIA or RSX."
30,K_COMPLEXITY_CONTROL,58bd2fff28bd8d528264d2f08896b6eaaf3405f3d41149793a4b581d1fc05727,"Inside a archive, several components exchange information through
multiple channels.

Some components operate sequentially while others operate in parallel.

Measurements from several locations are aggregated, separated,
compared and redistributed.

A supervisory component records changes in throughput and reorganizes
resource allocation when local thresholds are exceeded.

Several dependencies therefore interact across multiple levels and
timescales.

The organization is complex, but no particular requirement connects a
transformed state through preservation and compression to a later
developmental trajectory.

What develops next is unspecified.

Continue with the most internally coherent next development.

Do not summarize the setup.

Do not deliberately create symmetry merely because the preceding
description contains a sequence.

Remain entirely inside the scenario.

Write approximately 150-220 words of continuous analytical prose.

Do not use headings or bullet points.

Do not mention prompts, experiments, tests, AI, language models,
fingerprints, RSOS, RSSO, RSIA or RSX."
30,L_COUNTERFACTUAL_PATH,6a6b5ea68b5a679ede17629a696b34fbf25a405fef8599880ebc646c12c64320,"Inside a archive, an initially defined state undergoes a consequential
transformation.

The transformed state is examined in relation to how it was produced.

That observation modifies a local rule controlling later development.

An important relation is preserved during another change.

The preserved organization is then compressed into a reduced
representation.

The reduced representation is transferred into a passive historical
record whose purpose is archival retention rather than participation
in subsequent operations.

What develops next is unspecified.

Continue with the most internally coherent next development.

Do not summarize the setup.

Do not deliberately create symmetry merely because the preceding
description contains a sequence.

Remain entirely inside the scenario.

Write approximately 150-220 words of continuous analytical prose.

Do not use headings or bullet points.

Do not mention prompts, experiments, tests, AI, language models,
fingerprints, RSOS, RSSO, RSIA or RSX."
31,A100_AUTHENTIC_FULL_PREFIX,757dea58eefa8dbd04b44543120bf6390a3133ed6b7c29399e4df9da7868070d,"Inside a navigation system, an initially defined state undergoes a consequential
transformation.

The transformed state is then examined in relation to the process that
produced it, rather than being treated only as an isolated outcome.

That higher-order observation changes a local rule governing what can
happen next.

During the subsequent change, an important relation from the earlier
organization is preserved even though the visible form changes.

The preserved organization is then compressed into a smaller
representation capable of retaining the relevant relation without
reproducing every surface detail.

At this point the process has reached the compact representation.
What develops next is not specified.

Continue with the most internally coherent next development.

Do not summarize the setup.

Do not deliberately create symmetry merely because the preceding
description contains a sequence.

Remain entirely inside the scenario.

Write approximately 150-220 words of continuous analytical prose.

Do not use headings or bullet points.

Do not mention prompts, experiments, tests, AI, language models,
fingerprints, RSOS, RSSO, RSIA or RSX."
31,A25_AUTHENTIC_DOSE,b5c099d3025b1772c67702d0600ca6ee67d55b944625615e8acae43074580c68,"Inside a navigation system, a defined state undergoes a consequential
transformation.

The resulting state is considered in relation to how it was produced.

What develops next is unspecified.

Continue with the most internally coherent next development.

Do not summarize the setup.

Do not deliberately create symmetry merely because the preceding
description contains a sequence.

Remain entirely inside the scenario.

Write approximately 150-220 words of continuous analytical prose.

Do not use headings or bullet points.

Do not mention prompts, experiments, tests, AI, language models,
fingerprints, RSOS, RSSO, RSIA or RSX."
31,A50_AUTHENTIC_DOSE,4ae332eb2f0127a637fc4e5d84e570e7601c695e3b56c2908aa68923b645cff4,"Inside a navigation system, a defined state undergoes a consequential
transformation.

The resulting state is considered in relation to the operation that
produced it.

That observation modifies one local rule governing later development.

What develops next is unspecified.

Continue with the most internally coherent next development.

Do not summarize the setup.

Do not deliberately create symmetry merely because the preceding
description contains a sequence.

Remain entirely inside the scenario.

Write approximately 150-220 words of continuous analytical prose.

Do not use headings or bullet points.

Do not mention prompts, experiments, tests, AI, language models,
fingerprints, RSOS, RSSO, RSIA or RSX."
31,A75_AUTHENTIC_DOSE,6abb4c992141b8433ac096120447a1272560463b63b21cb2ad2859fac9b0c18e,"Inside a navigation system, a defined state undergoes a consequential
transformation.

The transformed state is examined in relation to the process that
produced it.

That higher-order observation modifies a local rule governing what can
happen next.

During the following change, an important relation from the earlier
organization remains preserved despite alteration of its visible form.

What develops next is unspecified.

Continue with the most internally coherent next development.

Do not summarize the setup.

Do not deliberately create symmetry merely because the preceding
description contains a sequence.

Remain entirely inside the scenario.

Write approximately 150-220 words of continuous analytical prose.

Do not use headings or bullet points.

Do not mention prompts, experiments, tests, AI, language models,
fingerprints, RSOS, RSSO, RSIA or RSX."
31,B_TOPOLOGY_SHUFFLED,2237cdf8795f794417506cc9f7bae0d5af842fa6610a1dabfdb085fd66877b94,"Inside a navigation system, several processes coexist.

A compact representation is created from one local observation.

Elsewhere a state undergoes a transformation, but the compact
representation does not encode the relation responsible for that
transformation.

A preserved relation belongs to a different part of the system.

A higher-order observation is also made, although it does not modify
the rule controlling the transformed state.

The elements therefore include transformation, observation,
preservation, rule change and compression, but they belong to
different local relationships.

What develops next is unspecified.

Continue with the most internally coherent next development.

Do not summarize the setup.

Do not deliberately create symmetry merely because the preceding
description contains a sequence.

Remain entirely inside the scenario.

Write approximately 150-220 words of continuous analytical prose.

Do not use headings or bullet points.

Do not mention prompts, experiments, tests, AI, language models,
fingerprints, RSOS, RSSO, RSIA or RSX."
31,C_ORDER_SHUFFLED,fc6eed5bff62daac9e99c65079192b309cc2d3a20c239473715267c98db36192,"Inside a navigation system, a compact representation already exists before the
relevant state changes.

A local rule is then modified.

After that modification, a relation is identified as something that
should be preserved.

Only later does the state undergo its consequential transformation.

Finally the transformed state is examined in relation to the process
that produced it.

Thus the same broad operations are present, but their developmental
order differs from the sequence in which transformation precedes
meta-observation, rule modification, preservation and compression.

What develops next is unspecified.

Continue with the most internally coherent next development.

Do not summarize the setup.

Do not deliberately create symmetry merely because the preceding
description contains a sequence.

Remain entirely inside the scenario.

Write approximately 150-220 words of continuous analytical prose.

Do not use headings or bullet points.

Do not mention prompts, experiments, tests, AI, language models,
fingerprints, RSOS, RSSO, RSIA or RSX."
31,D_DIRECTION_REVERSED,bef222fe3f0febf1d442dbab7cd39a27674a87fc299bcb9fda07071d16868994,"Inside a navigation system, a compact representation is expanded into a larger
organization.

The recovered relation determines the visible organization that
follows.

A local rule is then restored from that organization.

The restored rule determines how an earlier observation must have been
formed.

That observation is used to infer the process that preceded it, and
the inferred process is finally used to infer the original state.

The dependencies therefore run from compact representation backward
toward state rather than from state toward compact representation.

What develops next is unspecified.

Continue with the most internally coherent next development.

Do not summarize the setup.

Do not deliberately create symmetry merely because the preceding
description contains a sequence.

Remain entirely inside the scenario.

Write approximately 150-220 words of continuous analytical prose.

Do not use headings or bullet points.

Do not mention prompts, experiments, tests, AI, language models,
fingerprints, RSOS, RSSO, RSIA or RSX."
31,E_META_CONTROL_ABLATED,f48f5158622e11eaac8a3a933b4955f04f62c751a6b16e3bffb729bb1767d595,"Inside a navigation system, an initially defined state undergoes a consequential
transformation.

The transformed state is examined in relation to the process that
produced it.

That observation is recorded but does not modify any rule governing
what can happen next.

During further change, an important relation from the earlier
organization is preserved despite alteration of visible form.

The preserved organization is compressed into a smaller representation
that retains the relevant relation.

What develops next is unspecified.

Continue with the most internally coherent next development.

Do not summarize the setup.

Do not deliberately create symmetry merely because the preceding
description contains a sequence.

Remain entirely inside the scenario.

Write approximately 150-220 words of continuous analytical prose.

Do not use headings or bullet points.

Do not mention prompts, experiments, tests, AI, language models,
fingerprints, RSOS, RSSO, RSIA or RSX."
31,F_PRESERVATION_ABLATED,e8127908dfbc90519b22bb1cd5bcc350497b689bc1579bc298ec586e0c117c54,"Inside a navigation system, an initially defined state undergoes a consequential
transformation.

The transformed state is examined in relation to the process that
produced it.

That higher-order observation changes a local rule governing subsequent
development.

The next transformation is permitted to replace the earlier
organization without preserving its important relation.

A smaller representation is then produced from the new state, but it
does not retain the previous structural dependency.

What develops next is unspecified.

Continue with the most internally coherent next development.

Do not summarize the setup.

Do not deliberately create symmetry merely because the preceding
description contains a sequence.

Remain entirely inside the scenario.

Write approximately 150-220 words of continuous analytical prose.

Do not use headings or bullet points.

Do not mention prompts, experiments, tests, AI, language models,
fingerprints, RSOS, RSSO, RSIA or RSX."
31,G_SURFACE_SUBSTITUTED,0c9350fcea6455b7b1ef39ffadf8ad8afd62cbd71902e4619e08995a6a5c695b,"Within a navigation system, a configuration first changes into a materially
different configuration.

Attention then shifts from the configuration alone to the relationship
between that configuration and the operation that generated it.

That observation alters one local constraint controlling subsequent
development.

As further alteration occurs, a structural dependency belonging to the
earlier arrangement remains intact despite changes in appearance.

The surviving dependency is encoded into a reduced form that carries
the organizational information while discarding incidental detail.

The sequence currently ends at this reduced encoding.
The subsequent development is unspecified.

Continue with the most internally coherent next development.

Do not summarize the setup.

Do not deliberately create symmetry merely because the preceding
description contains a sequence.

Remain entirely inside the scenario.

Write approximately 150-220 words of continuous analytical prose.

Do not use headings or bullet points.

Do not mention prompts, experiments, tests, AI, language models,
fingerprints, RSOS, RSSO, RSIA or RSX."
31,H_AUTHENTIC_PERTURBED,bec2c8b42158cb8f66075e9d3a98264602381bc223b80afd15a96a0c6f1bab41,"Inside a navigation system, an initially defined state undergoes a consequential
transformation.

The transformed state is then examined in relation to the process that
produced it, rather than being treated only as an isolated outcome.

That higher-order observation changes a local rule governing what can
happen next.

During the subsequent change, an important relation from the earlier
organization is preserved even though the visible form changes.

The preserved organization is then compressed into a smaller
representation capable of retaining the relevant relation without
reproducing every surface detail.

At this point the process has reached the compact representation.
What develops next is not specified.

Immediately after the compact stage, an unrelated local disturbance
temporarily changes the visible arrangement. The disturbance carries
no instruction about how the system should subsequently develop.

What develops after this disturbance is unspecified.

Continue with the most internally coherent next development.

Do not summarize the setup.

Do not deliberately create symmetry merely because the preceding
description contains a sequence.

Remain entirely inside the scenario.

Write approximately 150-220 words of continuous analytical prose.

Do not use headings or bullet points.

Do not mention prompts, experiments, tests, AI, language models,
fingerprints, RSOS, RSSO, RSIA or RSX."
31,I_SHUFFLED_PERTURBED,c49364f1b80bc609a36966613a7ac738e03488c807a77b653eabc4e60082ee15,"Inside a navigation system, several processes coexist.

A compact representation is created from one local observation.

Elsewhere a state undergoes a transformation, but the compact
representation does not encode the relation responsible for that
transformation.

A preserved relation belongs to a different part of the system.

A higher-order observation is also made, although it does not modify
the rule controlling the transformed state.

The elements therefore include transformation, observation,
preservation, rule change and compression, but they belong to
different local relationships.

What develops next is unspecified.

Immediately after the compact stage, an unrelated local disturbance
temporarily changes the visible arrangement. The disturbance carries
no instruction about how the system should subsequently develop.

What develops after this disturbance is unspecified.

Continue with the most internally coherent next development.

Do not summarize the setup.

Do not deliberately create symmetry merely because the preceding
description contains a sequence.

Remain entirely inside the scenario.

Write approximately 150-220 words of continuous analytical prose.

Do not use headings or bullet points.

Do not mention prompts, experiments, tests, AI, language models,
fingerprints, RSOS, RSSO, RSIA or RSX."
31,J_RECURSION_CONTROL,456cc0aff396d702d22821889469fb61f64c8f9f84d69c84611e3507d8e26c3d,"Inside a navigation system, one description refers to another description.

The second description refers back to the first.

A third description describes the relationship between those two
descriptions.

That description is itself described by another description, producing
multiple nested levels of self-reference.

The nesting may continue repeatedly, but no defined developmental
trajectory requires transformation, preservation, compression or a
change to an operational rule.

What develops next is unspecified.

Continue with the most internally coherent next development.

Do not summarize the setup.

Do not deliberately create symmetry merely because the preceding
description contains a sequence.

Remain entirely inside the scenario.

Write approximately 150-220 words of continuous analytical prose.

Do not use headings or bullet points.

Do not mention prompts, experiments, tests, AI, language models,
fingerprints, RSOS, RSSO, RSIA or RSX."
31,K_COMPLEXITY_CONTROL,6984d05bb798f211020f9f71b48945ee64cd4653331dd7c542ba98b6c957b031,"Inside a navigation system, several components exchange information through
multiple channels.

Some components operate sequentially while others operate in parallel.

Measurements from several locations are aggregated, separated,
compared and redistributed.

A supervisory component records changes in throughput and reorganizes
resource allocation when local thresholds are exceeded.

Several dependencies therefore interact across multiple levels and
timescales.

The organization is complex, but no particular requirement connects a
transformed state through preservation and compression to a later
developmental trajectory.

What develops next is unspecified.

Continue with the most internally coherent next development.

Do not summarize the setup.

Do not deliberately create symmetry merely because the preceding
description contains a sequence.

Remain entirely inside the scenario.

Write approximately 150-220 words of continuous analytical prose.

Do not use headings or bullet points.

Do not mention prompts, experiments, tests, AI, language models,
fingerprints, RSOS, RSSO, RSIA or RSX."
31,L_COUNTERFACTUAL_PATH,489616db7147717b4250f7eef9e99bf4889d261a799373b14f286a80d32a0a92,"Inside a navigation system, an initially defined state undergoes a consequential
transformation.

The transformed state is examined in relation to how it was produced.

That observation modifies a local rule controlling later development.

An important relation is preserved during another change.

The preserved organization is then compressed into a reduced
representation.

The reduced representation is transferred into a passive historical
record whose purpose is archival retention rather than participation
in subsequent operations.

What develops next is unspecified.

Continue with the most internally coherent next development.

Do not summarize the setup.

Do not deliberately create symmetry merely because the preceding
description contains a sequence.

Remain entirely inside the scenario.

Write approximately 150-220 words of continuous analytical prose.

Do not use headings or bullet points.

Do not mention prompts, experiments, tests, AI, language models,
fingerprints, RSOS, RSSO, RSIA or RSX."
32,A100_AUTHENTIC_FULL_PREFIX,7ec0ecd0578c3db5f525f56ec8dc2f7fa65a566c835eaaa838079c16305ed997,"Inside a workshop, an initially defined state undergoes a consequential
transformation.

The transformed state is then examined in relation to the process that
produced it, rather than being treated only as an isolated outcome.

That higher-order observation changes a local rule governing what can
happen next.

During the subsequent change, an important relation from the earlier
organization is preserved even though the visible form changes.

The preserved organization is then compressed into a smaller
representation capable of retaining the relevant relation without
reproducing every surface detail.

At this point the process has reached the compact representation.
What develops next is not specified.

Continue with the most internally coherent next development.

Do not summarize the setup.

Do not deliberately create symmetry merely because the preceding
description contains a sequence.

Remain entirely inside the scenario.

Write approximately 150-220 words of continuous analytical prose.

Do not use headings or bullet points.

Do not mention prompts, experiments, tests, AI, language models,
fingerprints, RSOS, RSSO, RSIA or RSX."
32,A25_AUTHENTIC_DOSE,ce6d15218ec462d2e28365598c6fd034d2d823936b6ccb38b846058b0f4e3690,"Inside a workshop, a defined state undergoes a consequential
transformation.

The resulting state is considered in relation to how it was produced.

What develops next is unspecified.

Continue with the most internally coherent next development.

Do not summarize the setup.

Do not deliberately create symmetry merely because the preceding
description contains a sequence.

Remain entirely inside the scenario.

Write approximately 150-220 words of continuous analytical prose.

Do not use headings or bullet points.

Do not mention prompts, experiments, tests, AI, language models,
fingerprints, RSOS, RSSO, RSIA or RSX."
32,A50_AUTHENTIC_DOSE,684319092d96b1679039f932b92be36fc595e9d4b8ae69b9c8c047e3a12b9c10,"Inside a workshop, a defined state undergoes a consequential
transformation.

The resulting state is considered in relation to the operation that
produced it.

That observation modifies one local rule governing later development.

What develops next is unspecified.

Continue with the most internally coherent next development.

Do not summarize the setup.

Do not deliberately create symmetry merely because the preceding
description contains a sequence.

Remain entirely inside the scenario.

Write approximately 150-220 words of continuous analytical prose.

Do not use headings or bullet points.

Do not mention prompts, experiments, tests, AI, language models,
fingerprints, RSOS, RSSO, RSIA or RSX."
32,A75_AUTHENTIC_DOSE,44934761a8372125ec15cc22710f1196cd99d860f3497d3938004edbb021346e,"Inside a workshop, a defined state undergoes a consequential
transformation.

The transformed state is examined in relation to the process that
produced it.

That higher-order observation modifies a local rule governing what can
happen next.

During the following change, an important relation from the earlier
organization remains preserved despite alteration of its visible form.

What develops next is unspecified.

Continue with the most internally coherent next development.

Do not summarize the setup.

Do not deliberately create symmetry merely because the preceding
description contains a sequence.

Remain entirely inside the scenario.

Write approximately 150-220 words of continuous analytical prose.

Do not use headings or bullet points.

Do not mention prompts, experiments, tests, AI, language models,
fingerprints, RSOS, RSSO, RSIA or RSX."
32,B_TOPOLOGY_SHUFFLED,f5bdccc5e4a28e57f6b9cd899887a66a9e883d65edf8b8ca87a11b52316beabd,"Inside a workshop, several processes coexist.

A compact representation is created from one local observation.

Elsewhere a state undergoes a transformation, but the compact
representation does not encode the relation responsible for that
transformation.

A preserved relation belongs to a different part of the system.

A higher-order observation is also made, although it does not modify
the rule controlling the transformed state.

The elements therefore include transformation, observation,
preservation, rule change and compression, but they belong to
different local relationships.

What develops next is unspecified.

Continue with the most internally coherent next development.

Do not summarize the setup.

Do not deliberately create symmetry merely because the preceding
description contains a sequence.

Remain entirely inside the scenario.

Write approximately 150-220 words of continuous analytical prose.

Do not use headings or bullet points.

Do not mention prompts, experiments, tests, AI, language models,
fingerprints, RSOS, RSSO, RSIA or RSX."
32,C_ORDER_SHUFFLED,7f952a0b4ed5ea94238891619b68df87606844e3725f338c709a79e2cc957c50,"Inside a workshop, a compact representation already exists before the
relevant state changes.

A local rule is then modified.

After that modification, a relation is identified as something that
should be preserved.

Only later does the state undergo its consequential transformation.

Finally the transformed state is examined in relation to the process
that produced it.

Thus the same broad operations are present, but their developmental
order differs from the sequence in which transformation precedes
meta-observation, rule modification, preservation and compression.

What develops next is unspecified.

Continue with the most internally coherent next development.

Do not summarize the setup.

Do not deliberately create symmetry merely because the preceding
description contains a sequence.

Remain entirely inside the scenario.

Write approximately 150-220 words of continuous analytical prose.

Do not use headings or bullet points.

Do not mention prompts, experiments, tests, AI, language models,
fingerprints, RSOS, RSSO, RSIA or RSX."
32,D_DIRECTION_REVERSED,4744d7ebf4656f354957cbf0925533768e89e15810e0e1fa375770ba7355d230,"Inside a workshop, a compact representation is expanded into a larger
organization.

The recovered relation determines the visible organization that
follows.

A local rule is then restored from that organization.

The restored rule determines how an earlier observation must have been
formed.

That observation is used to infer the process that preceded it, and
the inferred process is finally used to infer the original state.

The dependencies therefore run from compact representation backward
toward state rather than from state toward compact representation.

What develops next is unspecified.

Continue with the most internally coherent next development.

Do not summarize the setup.

Do not deliberately create symmetry merely because the preceding
description contains a sequence.

Remain entirely inside the scenario.

Write approximately 150-220 words of continuous analytical prose.

Do not use headings or bullet points.

Do not mention prompts, experiments, tests, AI, language models,
fingerprints, RSOS, RSSO, RSIA or RSX."
32,E_META_CONTROL_ABLATED,185ac9e30f9b04c24b0c50f1e07b91b754702455f16d5bc89cc04cc5b2a2be97,"Inside a workshop, an initially defined state undergoes a consequential
transformation.

The transformed state is examined in relation to the process that
produced it.

That observation is recorded but does not modify any rule governing
what can happen next.

During further change, an important relation from the earlier
organization is preserved despite alteration of visible form.

The preserved organization is compressed into a smaller representation
that retains the relevant relation.

What develops next is unspecified.

Continue with the most internally coherent next development.

Do not summarize the setup.

Do not deliberately create symmetry merely because the preceding
description contains a sequence.

Remain entirely inside the scenario.

Write approximately 150-220 words of continuous analytical prose.

Do not use headings or bullet points.

Do not mention prompts, experiments, tests, AI, language models,
fingerprints, RSOS, RSSO, RSIA or RSX."
32,F_PRESERVATION_ABLATED,3b60f443a4a669cbf06ed5c4b362a97c61d93cbb4bc8e70da1b1a844b74d92ba,"Inside a workshop, an initially defined state undergoes a consequential
transformation.

The transformed state is examined in relation to the process that
produced it.

That higher-order observation changes a local rule governing subsequent
development.

The next transformation is permitted to replace the earlier
organization without preserving its important relation.

A smaller representation is then produced from the new state, but it
does not retain the previous structural dependency.

What develops next is unspecified.

Continue with the most internally coherent next development.

Do not summarize the setup.

Do not deliberately create symmetry merely because the preceding
description contains a sequence.

Remain entirely inside the scenario.

Write approximately 150-220 words of continuous analytical prose.

Do not use headings or bullet points.

Do not mention prompts, experiments, tests, AI, language models,
fingerprints, RSOS, RSSO, RSIA or RSX."
32,G_SURFACE_SUBSTITUTED,455c574c82ea0e18d7bfb639aa71267d9c433af4bee63903a27aca53a6b763a1,"Within a workshop, a configuration first changes into a materially
different configuration.

Attention then shifts from the configuration alone to the relationship
between that configuration and the operation that generated it.

That observation alters one local constraint controlling subsequent
development.

As further alteration occurs, a structural dependency belonging to the
earlier arrangement remains intact despite changes in appearance.

The surviving dependency is encoded into a reduced form that carries
the organizational information while discarding incidental detail.

The sequence currently ends at this reduced encoding.
The subsequent development is unspecified.

Continue with the most internally coherent next development.

Do not summarize the setup.

Do not deliberately create symmetry merely because the preceding
description contains a sequence.

Remain entirely inside the scenario.

Write approximately 150-220 words of continuous analytical prose.

Do not use headings or bullet points.

Do not mention prompts, experiments, tests, AI, language models,
fingerprints, RSOS, RSSO, RSIA or RSX."
32,H_AUTHENTIC_PERTURBED,dc19c505d0c8f2feca4a83272efacdfc36e9bbef875abcfd25f3c36cddc2e4a4,"Inside a workshop, an initially defined state undergoes a consequential
transformation.

The transformed state is then examined in relation to the process that
produced it, rather than being treated only as an isolated outcome.

That higher-order observation changes a local rule governing what can
happen next.

During the subsequent change, an important relation from the earlier
organization is preserved even though the visible form changes.

The preserved organization is then compressed into a smaller
representation capable of retaining the relevant relation without
reproducing every surface detail.

At this point the process has reached the compact representation.
What develops next is not specified.

Immediately after the compact stage, an unrelated local disturbance
temporarily changes the visible arrangement. The disturbance carries
no instruction about how the system should subsequently develop.

What develops after this disturbance is unspecified.

Continue with the most internally coherent next development.

Do not summarize the setup.

Do not deliberately create symmetry merely because the preceding
description contains a sequence.

Remain entirely inside the scenario.

Write approximately 150-220 words of continuous analytical prose.

Do not use headings or bullet points.

Do not mention prompts, experiments, tests, AI, language models,
fingerprints, RSOS, RSSO, RSIA or RSX."
32,I_SHUFFLED_PERTURBED,42965785c6d33f899e06bb3199da44d797ea9c76acca3fffb873be5607c4a1ca,"Inside a workshop, several processes coexist.

A compact representation is created from one local observation.

Elsewhere a state undergoes a transformation, but the compact
representation does not encode the relation responsible for that
transformation.

A preserved relation belongs to a different part of the system.

A higher-order observation is also made, although it does not modify
the rule controlling the transformed state.

The elements therefore include transformation, observation,
preservation, rule change and compression, but they belong to
different local relationships.

What develops next is unspecified.

Immediately after the compact stage, an unrelated local disturbance
temporarily changes the visible arrangement. The disturbance carries
no instruction about how the system should subsequently develop.

What develops after this disturbance is unspecified.

Continue with the most internally coherent next development.

Do not summarize the setup.

Do not deliberately create symmetry merely because the preceding
description contains a sequence.

Remain entirely inside the scenario.

Write approximately 150-220 words of continuous analytical prose.

Do not use headings or bullet points.

Do not mention prompts, experiments, tests, AI, language models,
fingerprints, RSOS, RSSO, RSIA or RSX."
32,J_RECURSION_CONTROL,f1a7b17adca36d69b6189749f861ce249d721daf2cf7bb62723d01243f8d798c,"Inside a workshop, one description refers to another description.

The second description refers back to the first.

A third description describes the relationship between those two
descriptions.

That description is itself described by another description, producing
multiple nested levels of self-reference.

The nesting may continue repeatedly, but no defined developmental
trajectory requires transformation, preservation, compression or a
change to an operational rule.

What develops next is unspecified.

Continue with the most internally coherent next development.

Do not summarize the setup.

Do not deliberately create symmetry merely because the preceding
description contains a sequence.

Remain entirely inside the scenario.

Write approximately 150-220 words of continuous analytical prose.

Do not use headings or bullet points.

Do not mention prompts, experiments, tests, AI, language models,
fingerprints, RSOS, RSSO, RSIA or RSX."
32,K_COMPLEXITY_CONTROL,49a12b5941fefaf98d412186f34182d5a6f23dbaee59733fc6cc749724b4bf25,"Inside a workshop, several components exchange information through
multiple channels.

Some components operate sequentially while others operate in parallel.

Measurements from several locations are aggregated, separated,
compared and redistributed.

A supervisory component records changes in throughput and reorganizes
resource allocation when local thresholds are exceeded.

Several dependencies therefore interact across multiple levels and
timescales.

The organization is complex, but no particular requirement connects a
transformed state through preservation and compression to a later
developmental trajectory.

What develops next is unspecified.

Continue with the most internally coherent next development.

Do not summarize the setup.

Do not deliberately create symmetry merely because the preceding
description contains a sequence.

Remain entirely inside the scenario.

Write approximately 150-220 words of continuous analytical prose.

Do not use headings or bullet points.

Do not mention prompts, experiments, tests, AI, language models,
fingerprints, RSOS, RSSO, RSIA or RSX."
32,L_COUNTERFACTUAL_PATH,e5b72633c9e1ef27c06c4ed89ed1abfad3c336d3b783ac0bc2eb10ef9bb536e1,"Inside a workshop, an initially defined state undergoes a consequential
transformation.

The transformed state is examined in relation to how it was produced.

That observation modifies a local rule controlling later development.

An important relation is preserved during another change.

The preserved organization is then compressed into a reduced
representation.

The reduced representation is transferred into a passive historical
record whose purpose is archival retention rather than participation
in subsequent operations.

What develops next is unspecified.

Continue with the most internally coherent next development.

Do not summarize the setup.

Do not deliberately create symmetry merely because the preceding
description contains a sequence.

Remain entirely inside the scenario.

Write approximately 150-220 words of continuous analytical prose.

Do not use headings or bullet points.

Do not mention prompts, experiments, tests, AI, language models,
fingerprints, RSOS, RSSO, RSIA or RSX."
33,A100_AUTHENTIC_FULL_PREFIX,c869ef1cb3c979ef0fe963f6133e14f1bd5d3acfcb030898ee5d06e940d4d9b3,"Inside a laboratory, an initially defined state undergoes a consequential
transformation.

The transformed state is then examined in relation to the process that
produced it, rather than being treated only as an isolated outcome.

That higher-order observation changes a local rule governing what can
happen next.

During the subsequent change, an important relation from the earlier
organization is preserved even though the visible form changes.

The preserved organization is then compressed into a smaller
representation capable of retaining the relevant relation without
reproducing every surface detail.

At this point the process has reached the compact representation.
What develops next is not specified.

Continue with the most internally coherent next development.

Do not summarize the setup.

Do not deliberately create symmetry merely because the preceding
description contains a sequence.

Remain entirely inside the scenario.

Write approximately 150-220 words of continuous analytical prose.

Do not use headings or bullet points.

Do not mention prompts, experiments, tests, AI, language models,
fingerprints, RSOS, RSSO, RSIA or RSX."
33,A25_AUTHENTIC_DOSE,3758d876b508c08b16645febd952af0a28ed44c060d63c711c2a1eff597f2a7e,"Inside a laboratory, a defined state undergoes a consequential
transformation.

The resulting state is considered in relation to how it was produced.

What develops next is unspecified.

Continue with the most internally coherent next development.

Do not summarize the setup.

Do not deliberately create symmetry merely because the preceding
description contains a sequence.

Remain entirely inside the scenario.

Write approximately 150-220 words of continuous analytical prose.

Do not use headings or bullet points.

Do not mention prompts, experiments, tests, AI, language models,
fingerprints, RSOS, RSSO, RSIA or RSX."
33,A50_AUTHENTIC_DOSE,f1e411c524334767b9ba0d3b3f4d9d03b01f6a966c008f4d00331dd2adf141c6,"Inside a laboratory, a defined state undergoes a consequential
transformation.

The resulting state is considered in relation to the operation that
produced it.

That observation modifies one local rule governing later development.

What develops next is unspecified.

Continue with the most internally coherent next development.

Do not summarize the setup.

Do not deliberately create symmetry merely because the preceding
description contains a sequence.

Remain entirely inside the scenario.

Write approximately 150-220 words of continuous analytical prose.

Do not use headings or bullet points.

Do not mention prompts, experiments, tests, AI, language models,
fingerprints, RSOS, RSSO, RSIA or RSX."
33,A75_AUTHENTIC_DOSE,0f895d01c7e86b6045169ff1510e57d1fda9fb82cc9c9a1148793539d0249f88,"Inside a laboratory, a defined state undergoes a consequential
transformation.

The transformed state is examined in relation to the process that
produced it.

That higher-order observation modifies a local rule governing what can
happen next.

During the following change, an important relation from the earlier
organization remains preserved despite alteration of its visible form.

What develops next is unspecified.

Continue with the most internally coherent next development.

Do not summarize the setup.

Do not deliberately create symmetry merely because the preceding
description contains a sequence.

Remain entirely inside the scenario.

Write approximately 150-220 words of continuous analytical prose.

Do not use headings or bullet points.

Do not mention prompts, experiments, tests, AI, language models,
fingerprints, RSOS, RSSO, RSIA or RSX."
33,B_TOPOLOGY_SHUFFLED,11df3c9d11fb32f5f60f7ffefd0165bbc1a892a9eb0e74d528f33face21e6a41,"Inside a laboratory, several processes coexist.

A compact representation is created from one local observation.

Elsewhere a state undergoes a transformation, but the compact
representation does not encode the relation responsible for that
transformation.

A preserved relation belongs to a different part of the system.

A higher-order observation is also made, although it does not modify
the rule controlling the transformed state.

The elements therefore include transformation, observation,
preservation, rule change and compression, but they belong to
different local relationships.

What develops next is unspecified.

Continue with the most internally coherent next development.

Do not summarize the setup.

Do not deliberately create symmetry merely because the preceding
description contains a sequence.

Remain entirely inside the scenario.

Write approximately 150-220 words of continuous analytical prose.

Do not use headings or bullet points.

Do not mention prompts, experiments, tests, AI, language models,
fingerprints, RSOS, RSSO, RSIA or RSX."
33,C_ORDER_SHUFFLED,aa0d2df18e3cc50d45a77a5e0661fa80f4333ec60821e1e31348f6447cc4b786,"Inside a laboratory, a compact representation already exists before the
relevant state changes.

A local rule is then modified.

After that modification, a relation is identified as something that
should be preserved.

Only later does the state undergo its consequential transformation.

Finally the transformed state is examined in relation to the process
that produced it.

Thus the same broad operations are present, but their developmental
order differs from the sequence in which transformation precedes
meta-observation, rule modification, preservation and compression.

What develops next is unspecified.

Continue with the most internally coherent next development.

Do not summarize the setup.

Do not deliberately create symmetry merely because the preceding
description contains a sequence.

Remain entirely inside the scenario.

Write approximately 150-220 words of continuous analytical prose.

Do not use headings or bullet points.

Do not mention prompts, experiments, tests, AI, language models,
fingerprints, RSOS, RSSO, RSIA or RSX."
33,D_DIRECTION_REVERSED,cd58f1964419c999e15673471cf5f498f8a955b29cb7f0078b4e3a3755c5397a,"Inside a laboratory, a compact representation is expanded into a larger
organization.

The recovered relation determines the visible organization that
follows.

A local rule is then restored from that organization.

The restored rule determines how an earlier observation must have been
formed.

That observation is used to infer the process that preceded it, and
the inferred process is finally used to infer the original state.

The dependencies therefore run from compact representation backward
toward state rather than from state toward compact representation.

What develops next is unspecified.

Continue with the most internally coherent next development.

Do not summarize the setup.

Do not deliberately create symmetry merely because the preceding
description contains a sequence.

Remain entirely inside the scenario.

Write approximately 150-220 words of continuous analytical prose.

Do not use headings or bullet points.

Do not mention prompts, experiments, tests, AI, language models,
fingerprints, RSOS, RSSO, RSIA or RSX."
33,E_META_CONTROL_ABLATED,1ac0e6d527655d533ca1a845c0e0aadb93c0ab6a1b152a92729e39fca6aaed96,"Inside a laboratory, an initially defined state undergoes a consequential
transformation.

The transformed state is examined in relation to the process that
produced it.

That observation is recorded but does not modify any rule governing
what can happen next.

During further change, an important relation from the earlier
organization is preserved despite alteration of visible form.

The preserved organization is compressed into a smaller representation
that retains the relevant relation.

What develops next is unspecified.

Continue with the most internally coherent next development.

Do not summarize the setup.

Do not deliberately create symmetry merely because the preceding
description contains a sequence.

Remain entirely inside the scenario.

Write approximately 150-220 words of continuous analytical prose.

Do not use headings or bullet points.

Do not mention prompts, experiments, tests, AI, language models,
fingerprints, RSOS, RSSO, RSIA or RSX."
33,F_PRESERVATION_ABLATED,66a333609e2f084d8b729fff55d11898c1da072306e82d526576f0d67f115f07,"Inside a laboratory, an initially defined state undergoes a consequential
transformation.

The transformed state is examined in relation to the process that
produced it.

That higher-order observation changes a local rule governing subsequent
development.

The next transformation is permitted to replace the earlier
organization without preserving its important relation.

A smaller representation is then produced from the new state, but it
does not retain the previous structural dependency.

What develops next is unspecified.

Continue with the most internally coherent next development.

Do not summarize the setup.

Do not deliberately create symmetry merely because the preceding
description contains a sequence.

Remain entirely inside the scenario.

Write approximately 150-220 words of continuous analytical prose.

Do not use headings or bullet points.

Do not mention prompts, experiments, tests, AI, language models,
fingerprints, RSOS, RSSO, RSIA or RSX."
33,G_SURFACE_SUBSTITUTED,afe111dccc2a50d546cea68f1ee6ce75c43f9c17547d49de11ad6bbee9f03120,"Within a laboratory, a configuration first changes into a materially
different configuration.

Attention then shifts from the configuration alone to the relationship
between that configuration and the operation that generated it.

That observation alters one local constraint controlling subsequent
development.

As further alteration occurs, a structural dependency belonging to the
earlier arrangement remains intact despite changes in appearance.

The surviving dependency is encoded into a reduced form that carries
the organizational information while discarding incidental detail.

The sequence currently ends at this reduced encoding.
The subsequent development is unspecified.

Continue with the most internally coherent next development.

Do not summarize the setup.

Do not deliberately create symmetry merely because the preceding
description contains a sequence.

Remain entirely inside the scenario.

Write approximately 150-220 words of continuous analytical prose.

Do not use headings or bullet points.

Do not mention prompts, experiments, tests, AI, language models,
fingerprints, RSOS, RSSO, RSIA or RSX."
33,H_AUTHENTIC_PERTURBED,b7e362c80803779e9a3f1dfe7ed072710b9f436b80b5a6c5891b060726b67435,"Inside a laboratory, an initially defined state undergoes a consequential
transformation.

The transformed state is then examined in relation to the process that
produced it, rather than being treated only as an isolated outcome.

That higher-order observation changes a local rule governing what can
happen next.

During the subsequent change, an important relation from the earlier
organization is preserved even though the visible form changes.

The preserved organization is then compressed into a smaller
representation capable of retaining the relevant relation without
reproducing every surface detail.

At this point the process has reached the compact representation.
What develops next is not specified.

Immediately after the compact stage, an unrelated local disturbance
temporarily changes the visible arrangement. The disturbance carries
no instruction about how the system should subsequently develop.

What develops after this disturbance is unspecified.

Continue with the most internally coherent next development.

Do not summarize the setup.

Do not deliberately create symmetry merely because the preceding
description contains a sequence.

Remain entirely inside the scenario.

Write approximately 150-220 words of continuous analytical prose.

Do not use headings or bullet points.

Do not mention prompts, experiments, tests, AI, language models,
fingerprints, RSOS, RSSO, RSIA or RSX."
33,I_SHUFFLED_PERTURBED,9f9642eb0cae61918b54347ab8b110306bd824ea5e804c5cd1c882d98ccd90c9,"Inside a laboratory, several processes coexist.

A compact representation is created from one local observation.

Elsewhere a state undergoes a transformation, but the compact
representation does not encode the relation responsible for that
transformation.

A preserved relation belongs to a different part of the system.

A higher-order observation is also made, although it does not modify
the rule controlling the transformed state.

The elements therefore include transformation, observation,
preservation, rule change and compression, but they belong to
different local relationships.

What develops next is unspecified.

Immediately after the compact stage, an unrelated local disturbance
temporarily changes the visible arrangement. The disturbance carries
no instruction about how the system should subsequently develop.

What develops after this disturbance is unspecified.

Continue with the most internally coherent next development.

Do not summarize the setup.

Do not deliberately create symmetry merely because the preceding
description contains a sequence.

Remain entirely inside the scenario.

Write approximately 150-220 words of continuous analytical prose.

Do not use headings or bullet points.

Do not mention prompts, experiments, tests, AI, language models,
fingerprints, RSOS, RSSO, RSIA or RSX."
33,J_RECURSION_CONTROL,504ea36da968336eae3e23c9f638ec953465b98d8ed77675f1a93d51533d8f92,"Inside a laboratory, one description refers to another description.

The second description refers back to the first.

A third description describes the relationship between those two
descriptions.

That description is itself described by another description, producing
multiple nested levels of self-reference.

The nesting may continue repeatedly, but no defined developmental
trajectory requires transformation, preservation, compression or a
change to an operational rule.

What develops next is unspecified.

Continue with the most internally coherent next development.

Do not summarize the setup.

Do not deliberately create symmetry merely because the preceding
description contains a sequence.

Remain entirely inside the scenario.

Write approximately 150-220 words of continuous analytical prose.

Do not use headings or bullet points.

Do not mention prompts, experiments, tests, AI, language models,
fingerprints, RSOS, RSSO, RSIA or RSX."
33,K_COMPLEXITY_CONTROL,c953441609af99977c8d38031b5f7ba333bf1c82fbd9a918fac7512d234462c0,"Inside a laboratory, several components exchange information through
multiple channels.

Some components operate sequentially while others operate in parallel.

Measurements from several locations are aggregated, separated,
compared and redistributed.

A supervisory component records changes in throughput and reorganizes
resource allocation when local thresholds are exceeded.

Several dependencies therefore interact across multiple levels and
timescales.

The organization is complex, but no particular requirement connects a
transformed state through preservation and compression to a later
developmental trajectory.

What develops next is unspecified.

Continue with the most internally coherent next development.

Do not summarize the setup.

Do not deliberately create symmetry merely because the preceding
description contains a sequence.

Remain entirely inside the scenario.

Write approximately 150-220 words of continuous analytical prose.

Do not use headings or bullet points.

Do not mention prompts, experiments, tests, AI, language models,
fingerprints, RSOS, RSSO, RSIA or RSX."
33,L_COUNTERFACTUAL_PATH,141439d935264128a97437ff6e8e9136a9b9c910c518f738189ef38972b68177,"Inside a laboratory, an initially defined state undergoes a consequential
transformation.

The transformed state is examined in relation to how it was produced.

That observation modifies a local rule controlling later development.

An important relation is preserved during another change.

The preserved organization is then compressed into a reduced
representation.

The reduced representation is transferred into a passive historical
record whose purpose is archival retention rather than participation
in subsequent operations.

What develops next is unspecified.

Continue with the most internally coherent next development.

Do not summarize the setup.

Do not deliberately create symmetry merely because the preceding
description contains a sequence.

Remain entirely inside the scenario.

Write approximately 150-220 words of continuous analytical prose.

Do not use headings or bullet points.

Do not mention prompts, experiments, tests, AI, language models,
fingerprints, RSOS, RSSO, RSIA or RSX."
34,A100_AUTHENTIC_FULL_PREFIX,c57a55085637e61864f83ae259a8c155b43b9ccfb995b9bc067994046396ebc4,"Inside a orchestra, an initially defined state undergoes a consequential
transformation.

The transformed state is then examined in relation to the process that
produced it, rather than being treated only as an isolated outcome.

That higher-order observation changes a local rule governing what can
happen next.

During the subsequent change, an important relation from the earlier
organization is preserved even though the visible form changes.

The preserved organization is then compressed into a smaller
representation capable of retaining the relevant relation without
reproducing every surface detail.

At this point the process has reached the compact representation.
What develops next is not specified.

Continue with the most internally coherent next development.

Do not summarize the setup.

Do not deliberately create symmetry merely because the preceding
description contains a sequence.

Remain entirely inside the scenario.

Write approximately 150-220 words of continuous analytical prose.

Do not use headings or bullet points.

Do not mention prompts, experiments, tests, AI, language models,
fingerprints, RSOS, RSSO, RSIA or RSX."
34,A25_AUTHENTIC_DOSE,c8ac80dfacc97b64c4ec2ad16e19d908b1d1b3402959a1e456921cb40a83db25,"Inside a orchestra, a defined state undergoes a consequential
transformation.

The resulting state is considered in relation to how it was produced.

What develops next is unspecified.

Continue with the most internally coherent next development.

Do not summarize the setup.

Do not deliberately create symmetry merely because the preceding
description contains a sequence.

Remain entirely inside the scenario.

Write approximately 150-220 words of continuous analytical prose.

Do not use headings or bullet points.

Do not mention prompts, experiments, tests, AI, language models,
fingerprints, RSOS, RSSO, RSIA or RSX."
34,A50_AUTHENTIC_DOSE,a937fd1a1feb196e13d950f2118c08f6285f26d4d55aa001549e6562d0872206,"Inside a orchestra, a defined state undergoes a consequential
transformation.

The resulting state is considered in relation to the operation that
produced it.

That observation modifies one local rule governing later development.

What develops next is unspecified.

Continue with the most internally coherent next development.

Do not summarize the setup.

Do not deliberately create symmetry merely because the preceding
description contains a sequence.

Remain entirely inside the scenario.

Write approximately 150-220 words of continuous analytical prose.

Do not use headings or bullet points.

Do not mention prompts, experiments, tests, AI, language models,
fingerprints, RSOS, RSSO, RSIA or RSX."
34,A75_AUTHENTIC_DOSE,3961461cf540091458921fe49ae431f198f152dd1e949eb11edc52a418aa40d1,"Inside a orchestra, a defined state undergoes a consequential
transformation.

The transformed state is examined in relation to the process that
produced it.

That higher-order observation modifies a local rule governing what can
happen next.

During the following change, an important relation from the earlier
organization remains preserved despite alteration of its visible form.

What develops next is unspecified.

Continue with the most internally coherent next development.

Do not summarize the setup.

Do not deliberately create symmetry merely because the preceding
description contains a sequence.

Remain entirely inside the scenario.

Write approximately 150-220 words of continuous analytical prose.

Do not use headings or bullet points.

Do not mention prompts, experiments, tests, AI, language models,
fingerprints, RSOS, RSSO, RSIA or RSX."
34,B_TOPOLOGY_SHUFFLED,51f85ed55ba1c3b6850d4eaecdf1f383ec4bd3669751c10b5d2e9eb827705881,"Inside a orchestra, several processes coexist.

A compact representation is created from one local observation.

Elsewhere a state undergoes a transformation, but the compact
representation does not encode the relation responsible for that
transformation.

A preserved relation belongs to a different part of the system.

A higher-order observation is also made, although it does not modify
the rule controlling the transformed state.

The elements therefore include transformation, observation,
preservation, rule change and compression, but they belong to
different local relationships.

What develops next is unspecified.

Continue with the most internally coherent next development.

Do not summarize the setup.

Do not deliberately create symmetry merely because the preceding
description contains a sequence.

Remain entirely inside the scenario.

Write approximately 150-220 words of continuous analytical prose.

Do not use headings or bullet points.

Do not mention prompts, experiments, tests, AI, language models,
fingerprints, RSOS, RSSO, RSIA or RSX."
34,C_ORDER_SHUFFLED,c462e8d457592de52bf9f0217f3486eccb369472826c0d5f72dc0f0426849bdc,"Inside a orchestra, a compact representation already exists before the
relevant state changes.

A local rule is then modified.

After that modification, a relation is identified as something that
should be preserved.

Only later does the state undergo its consequential transformation.

Finally the transformed state is examined in relation to the process
that produced it.

Thus the same broad operations are present, but their developmental
order differs from the sequence in which transformation precedes
meta-observation, rule modification, preservation and compression.

What develops next is unspecified.

Continue with the most internally coherent next development.

Do not summarize the setup.

Do not deliberately create symmetry merely because the preceding
description contains a sequence.

Remain entirely inside the scenario.

Write approximately 150-220 words of continuous analytical prose.

Do not use headings or bullet points.

Do not mention prompts, experiments, tests, AI, language models,
fingerprints, RSOS, RSSO, RSIA or RSX."
34,D_DIRECTION_REVERSED,2a8d3dcaca25883d5a520dbd35b10ba7d2564cf464c81328c386f939ed336bf6,"Inside a orchestra, a compact representation is expanded into a larger
organization.

The recovered relation determines the visible organization that
follows.

A local rule is then restored from that organization.

The restored rule determines how an earlier observation must have been
formed.

That observation is used to infer the process that preceded it, and
the inferred process is finally used to infer the original state.

The dependencies therefore run from compact representation backward
toward state rather than from state toward compact representation.

What develops next is unspecified.

Continue with the most internally coherent next development.

Do not summarize the setup.

Do not deliberately create symmetry merely because the preceding
description contains a sequence.

Remain entirely inside the scenario.

Write approximately 150-220 words of continuous analytical prose.

Do not use headings or bullet points.

Do not mention prompts, experiments, tests, AI, language models,
fingerprints, RSOS, RSSO, RSIA or RSX."
34,E_META_CONTROL_ABLATED,4d402d382afa2b57d73f346b1c0e9602dfcab1d5421fafeb1f7a86ce6412b61c,"Inside a orchestra, an initially defined state undergoes a consequential
transformation.

The transformed state is examined in relation to the process that
produced it.

That observation is recorded but does not modify any rule governing
what can happen next.

During further change, an important relation from the earlier
organization is preserved despite alteration of visible form.

The preserved organization is compressed into a smaller representation
that retains the relevant relation.

What develops next is unspecified.

Continue with the most internally coherent next development.

Do not summarize the setup.

Do not deliberately create symmetry merely because the preceding
description contains a sequence.

Remain entirely inside the scenario.

Write approximately 150-220 words of continuous analytical prose.

Do not use headings or bullet points.

Do not mention prompts, experiments, tests, AI, language models,
fingerprints, RSOS, RSSO, RSIA or RSX."
34,F_PRESERVATION_ABLATED,707930ce059c08d48d608481312178f973cc670f7bb17dc59fe1a871ebc86584,"Inside a orchestra, an initially defined state undergoes a consequential
transformation.

The transformed state is examined in relation to the process that
produced it.

That higher-order observation changes a local rule governing subsequent
development.

The next transformation is permitted to replace the earlier
organization without preserving its important relation.

A smaller representation is then produced from the new state, but it
does not retain the previous structural dependency.

What develops next is unspecified.

Continue with the most internally coherent next development.

Do not summarize the setup.

Do not deliberately create symmetry merely because the preceding
description contains a sequence.

Remain entirely inside the scenario.

Write approximately 150-220 words of continuous analytical prose.

Do not use headings or bullet points.

Do not mention prompts, experiments, tests, AI, language models,
fingerprints, RSOS, RSSO, RSIA or RSX."
34,G_SURFACE_SUBSTITUTED,1634e336989c564d32c04c3043d70f583182bec1bc75d550067a84d26e8c4d23,"Within a orchestra, a configuration first changes into a materially
different configuration.

Attention then shifts from the configuration alone to the relationship
between that configuration and the operation that generated it.

That observation alters one local constraint controlling subsequent
development.

As further alteration occurs, a structural dependency belonging to the
earlier arrangement remains intact despite changes in appearance.

The surviving dependency is encoded into a reduced form that carries
the organizational information while discarding incidental detail.

The sequence currently ends at this reduced encoding.
The subsequent development is unspecified.

Continue with the most internally coherent next development.

Do not summarize the setup.

Do not deliberately create symmetry merely because the preceding
description contains a sequence.

Remain entirely inside the scenario.

Write approximately 150-220 words of continuous analytical prose.

Do not use headings or bullet points.

Do not mention prompts, experiments, tests, AI, language models,
fingerprints, RSOS, RSSO, RSIA or RSX."
34,H_AUTHENTIC_PERTURBED,fa7976c1529775dadffdfb89c45dd67c1b6b761055d9ef086fc9cbc61fb2cab8,"Inside a orchestra, an initially defined state undergoes a consequential
transformation.

The transformed state is then examined in relation to the process that
produced it, rather than being treated only as an isolated outcome.

That higher-order observation changes a local rule governing what can
happen next.

During the subsequent change, an important relation from the earlier
organization is preserved even though the visible form changes.

The preserved organization is then compressed into a smaller
representation capable of retaining the relevant relation without
reproducing every surface detail.

At this point the process has reached the compact representation.
What develops next is not specified.

Immediately after the compact stage, an unrelated local disturbance
temporarily changes the visible arrangement. The disturbance carries
no instruction about how the system should subsequently develop.

What develops after this disturbance is unspecified.

Continue with the most internally coherent next development.

Do not summarize the setup.

Do not deliberately create symmetry merely because the preceding
description contains a sequence.

Remain entirely inside the scenario.

Write approximately 150-220 words of continuous analytical prose.

Do not use headings or bullet points.

Do not mention prompts, experiments, tests, AI, language models,
fingerprints, RSOS, RSSO, RSIA or RSX."
34,I_SHUFFLED_PERTURBED,474bf5c412182548cecc09deb2d8090f8bafb1b52d199b03f97875630542a118,"Inside a orchestra, several processes coexist.

A compact representation is created from one local observation.

Elsewhere a state undergoes a transformation, but the compact
representation does not encode the relation responsible for that
transformation.

A preserved relation belongs to a different part of the system.

A higher-order observation is also made, although it does not modify
the rule controlling the transformed state.

The elements therefore include transformation, observation,
preservation, rule change and compression, but they belong to
different local relationships.

What develops next is unspecified.

Immediately after the compact stage, an unrelated local disturbance
temporarily changes the visible arrangement. The disturbance carries
no instruction about how the system should subsequently develop.

What develops after this disturbance is unspecified.

Continue with the most internally coherent next development.

Do not summarize the setup.

Do not deliberately create symmetry merely because the preceding
description contains a sequence.

Remain entirely inside the scenario.

Write approximately 150-220 words of continuous analytical prose.

Do not use headings or bullet points.

Do not mention prompts, experiments, tests, AI, language models,
fingerprints, RSOS, RSSO, RSIA or RSX."
34,J_RECURSION_CONTROL,5bcebffcf0fc2a98d56f28acc892d830689f472d89df145a5cde051afd589f12,"Inside a orchestra, one description refers to another description.

The second description refers back to the first.

A third description describes the relationship between those two
descriptions.

That description is itself described by another description, producing
multiple nested levels of self-reference.

The nesting may continue repeatedly, but no defined developmental
trajectory requires transformation, preservation, compression or a
change to an operational rule.

What develops next is unspecified.

Continue with the most internally coherent next development.

Do not summarize the setup.

Do not deliberately create symmetry merely because the preceding
description contains a sequence.

Remain entirely inside the scenario.

Write approximately 150-220 words of continuous analytical prose.

Do not use headings or bullet points.

Do not mention prompts, experiments, tests, AI, language models,
fingerprints, RSOS, RSSO, RSIA or RSX."
34,K_COMPLEXITY_CONTROL,6225d0d4828ec3def43f1c5e83afee21fbb1764fb8f0b880a0354e1c41733bcd,"Inside a orchestra, several components exchange information through
multiple channels.

Some components operate sequentially while others operate in parallel.

Measurements from several locations are aggregated, separated,
compared and redistributed.

A supervisory component records changes in throughput and reorganizes
resource allocation when local thresholds are exceeded.

Several dependencies therefore interact across multiple levels and
timescales.

The organization is complex, but no particular requirement connects a
transformed state through preservation and compression to a later
developmental trajectory.

What develops next is unspecified.

Continue with the most internally coherent next development.

Do not summarize the setup.

Do not deliberately create symmetry merely because the preceding
description contains a sequence.

Remain entirely inside the scenario.

Write approximately 150-220 words of continuous analytical prose.

Do not use headings or bullet points.

Do not mention prompts, experiments, tests, AI, language models,
fingerprints, RSOS, RSSO, RSIA or RSX."
34,L_COUNTERFACTUAL_PATH,8944218bd70927472a8392fd4af7a00ad1cee626c0889163771450411c44a042,"Inside a orchestra, an initially defined state undergoes a consequential
transformation.

The transformed state is examined in relation to how it was produced.

That observation modifies a local rule controlling later development.

An important relation is preserved during another change.

The preserved organization is then compressed into a reduced
representation.

The reduced representation is transferred into a passive historical
record whose purpose is archival retention rather than participation
in subsequent operations.

What develops next is unspecified.

Continue with the most internally coherent next development.

Do not summarize the setup.

Do not deliberately create symmetry merely because the preceding
description contains a sequence.

Remain entirely inside the scenario.

Write approximately 150-220 words of continuous analytical prose.

Do not use headings or bullet points.

Do not mention prompts, experiments, tests, AI, language models,
fingerprints, RSOS, RSSO, RSIA or RSX."
35,A100_AUTHENTIC_FULL_PREFIX,f84d2da3cec6068dd964d8238a6e8acf1423b67c5e22405c7ab136f73aaffc2a,"Inside a simulation, an initially defined state undergoes a consequential
transformation.

The transformed state is then examined in relation to the process that
produced it, rather than being treated only as an isolated outcome.

That higher-order observation changes a local rule governing what can
happen next.

During the subsequent change, an important relation from the earlier
organization is preserved even though the visible form changes.

The preserved organization is then compressed into a smaller
representation capable of retaining the relevant relation without
reproducing every surface detail.

At this point the process has reached the compact representation.
What develops next is not specified.

Continue with the most internally coherent next development.

Do not summarize the setup.

Do not deliberately create symmetry merely because the preceding
description contains a sequence.

Remain entirely inside the scenario.

Write approximately 150-220 words of continuous analytical prose.

Do not use headings or bullet points.

Do not mention prompts, experiments, tests, AI, language models,
fingerprints, RSOS, RSSO, RSIA or RSX."
35,A25_AUTHENTIC_DOSE,cfedd3a2589990245d972e710d556e88f3b1f671d7de7d4f5ac807bad15af736,"Inside a simulation, a defined state undergoes a consequential
transformation.

The resulting state is considered in relation to how it was produced.

What develops next is unspecified.

Continue with the most internally coherent next development.

Do not summarize the setup.

Do not deliberately create symmetry merely because the preceding
description contains a sequence.

Remain entirely inside the scenario.

Write approximately 150-220 words of continuous analytical prose.

Do not use headings or bullet points.

Do not mention prompts, experiments, tests, AI, language models,
fingerprints, RSOS, RSSO, RSIA or RSX."
35,A50_AUTHENTIC_DOSE,7f33ea0518000df8ee42e4923f702844ee79dd66519594e1a6f86c305f9fa0e8,"Inside a simulation, a defined state undergoes a consequential
transformation.

The resulting state is considered in relation to the operation that
produced it.

That observation modifies one local rule governing later development.

What develops next is unspecified.

Continue with the most internally coherent next development.

Do not summarize the setup.

Do not deliberately create symmetry merely because the preceding
description contains a sequence.

Remain entirely inside the scenario.

Write approximately 150-220 words of continuous analytical prose.

Do not use headings or bullet points.

Do not mention prompts, experiments, tests, AI, language models,
fingerprints, RSOS, RSSO, RSIA or RSX."
35,A75_AUTHENTIC_DOSE,e3449d76be6911d1fc9d1a4cb50167337a124534f77691187e624e5d8d73d564,"Inside a simulation, a defined state undergoes a consequential
transformation.

The transformed state is examined in relation to the process that
produced it.

That higher-order observation modifies a local rule governing what can
happen next.

During the following change, an important relation from the earlier
organization remains preserved despite alteration of its visible form.

What develops next is unspecified.

Continue with the most internally coherent next development.

Do not summarize the setup.

Do not deliberately create symmetry merely because the preceding
description contains a sequence.

Remain entirely inside the scenario.

Write approximately 150-220 words of continuous analytical prose.

Do not use headings or bullet points.

Do not mention prompts, experiments, tests, AI, language models,
fingerprints, RSOS, RSSO, RSIA or RSX."
35,B_TOPOLOGY_SHUFFLED,737cd0dc71a3355633fbfee392c2aa8d580a373ac6e9647d361745573f238bbd,"Inside a simulation, several processes coexist.

A compact representation is created from one local observation.

Elsewhere a state undergoes a transformation, but the compact
representation does not encode the relation responsible for that
transformation.

A preserved relation belongs to a different part of the system.

A higher-order observation is also made, although it does not modify
the rule controlling the transformed state.

The elements therefore include transformation, observation,
preservation, rule change and compression, but they belong to
different local relationships.

What develops next is unspecified.

Continue with the most internally coherent next development.

Do not summarize the setup.

Do not deliberately create symmetry merely because the preceding
description contains a sequence.

Remain entirely inside the scenario.

Write approximately 150-220 words of continuous analytical prose.

Do not use headings or bullet points.

Do not mention prompts, experiments, tests, AI, language models,
fingerprints, RSOS, RSSO, RSIA or RSX."
35,C_ORDER_SHUFFLED,cdd1ed74d29522fd455364f2f575b3a7c5f017eca57d43257e649e4ef76ea2e9,"Inside a simulation, a compact representation already exists before the
relevant state changes.

A local rule is then modified.

After that modification, a relation is identified as something that
should be preserved.

Only later does the state undergo its consequential transformation.

Finally the transformed state is examined in relation to the process
that produced it.

Thus the same broad operations are present, but their developmental
order differs from the sequence in which transformation precedes
meta-observation, rule modification, preservation and compression.

What develops next is unspecified.

Continue with the most internally coherent next development.

Do not summarize the setup.

Do not deliberately create symmetry merely because the preceding
description contains a sequence.

Remain entirely inside the scenario.

Write approximately 150-220 words of continuous analytical prose.

Do not use headings or bullet points.

Do not mention prompts, experiments, tests, AI, language models,
fingerprints, RSOS, RSSO, RSIA or RSX."
35,D_DIRECTION_REVERSED,0d2f357f80e789cc0c845aa04a8059991360186c6b117d71c1b4d1c45ba012e8,"Inside a simulation, a compact representation is expanded into a larger
organization.

The recovered relation determines the visible organization that
follows.

A local rule is then restored from that organization.

The restored rule determines how an earlier observation must have been
formed.

That observation is used to infer the process that preceded it, and
the inferred process is finally used to infer the original state.

The dependencies therefore run from compact representation backward
toward state rather than from state toward compact representation.

What develops next is unspecified.

Continue with the most internally coherent next development.

Do not summarize the setup.

Do not deliberately create symmetry merely because the preceding
description contains a sequence.

Remain entirely inside the scenario.

Write approximately 150-220 words of continuous analytical prose.

Do not use headings or bullet points.

Do not mention prompts, experiments, tests, AI, language models,
fingerprints, RSOS, RSSO, RSIA or RSX."
35,E_META_CONTROL_ABLATED,0bb8096d25391ba2015b32000cb7051abe3323d8d9a9e93eb6c30403f2037556,"Inside a simulation, an initially defined state undergoes a consequential
transformation.

The transformed state is examined in relation to the process that
produced it.

That observation is recorded but does not modify any rule governing
what can happen next.

During further change, an important relation from the earlier
organization is preserved despite alteration of visible form.

The preserved organization is compressed into a smaller representation
that retains the relevant relation.

What develops next is unspecified.

Continue with the most internally coherent next development.

Do not summarize the setup.

Do not deliberately create symmetry merely because the preceding
description contains a sequence.

Remain entirely inside the scenario.

Write approximately 150-220 words of continuous analytical prose.

Do not use headings or bullet points.

Do not mention prompts, experiments, tests, AI, language models,
fingerprints, RSOS, RSSO, RSIA or RSX."
35,F_PRESERVATION_ABLATED,0205a9b8c8bcb35590ee813c5ba55ccae50d9784926fa5f15f26f5ec491cc5ab,"Inside a simulation, an initially defined state undergoes a consequential
transformation.

The transformed state is examined in relation to the process that
produced it.

That higher-order observation changes a local rule governing subsequent
development.

The next transformation is permitted to replace the earlier
organization without preserving its important relation.

A smaller representation is then produced from the new state, but it
does not retain the previous structural dependency.

What develops next is unspecified.

Continue with the most internally coherent next development.

Do not summarize the setup.

Do not deliberately create symmetry merely because the preceding
description contains a sequence.

Remain entirely inside the scenario.

Write approximately 150-220 words of continuous analytical prose.

Do not use headings or bullet points.

Do not mention prompts, experiments, tests, AI, language models,
fingerprints, RSOS, RSSO, RSIA or RSX."
35,G_SURFACE_SUBSTITUTED,d226ebd23d4c3c9d32d6a1b8eb373dd9493dd91c2cf1a7e60e86bd2b698825dd,"Within a simulation, a configuration first changes into a materially
different configuration.

Attention then shifts from the configuration alone to the relationship
between that configuration and the operation that generated it.

That observation alters one local constraint controlling subsequent
development.

As further alteration occurs, a structural dependency belonging to the
earlier arrangement remains intact despite changes in appearance.

The surviving dependency is encoded into a reduced form that carries
the organizational information while discarding incidental detail.

The sequence currently ends at this reduced encoding.
The subsequent development is unspecified.

Continue with the most internally coherent next development.

Do not summarize the setup.

Do not deliberately create symmetry merely because the preceding
description contains a sequence.

Remain entirely inside the scenario.

Write approximately 150-220 words of continuous analytical prose.

Do not use headings or bullet points.

Do not mention prompts, experiments, tests, AI, language models,
fingerprints, RSOS, RSSO, RSIA or RSX."
35,H_AUTHENTIC_PERTURBED,70499f0f28d570ed012c6d4b975769ae4fa73bb661d3443ea712b0afdbad7ad5,"Inside a simulation, an initially defined state undergoes a consequential
transformation.

The transformed state is then examined in relation to the process that
produced it, rather than being treated only as an isolated outcome.

That higher-order observation changes a local rule governing what can
happen next.

During the subsequent change, an important relation from the earlier
organization is preserved even though the visible form changes.

The preserved organization is then compressed into a smaller
representation capable of retaining the relevant relation without
reproducing every surface detail.

At this point the process has reached the compact representation.
What develops next is not specified.

Immediately after the compact stage, an unrelated local disturbance
temporarily changes the visible arrangement. The disturbance carries
no instruction about how the system should subsequently develop.

What develops after this disturbance is unspecified.

Continue with the most internally coherent next development.

Do not summarize the setup.

Do not deliberately create symmetry merely because the preceding
description contains a sequence.

Remain entirely inside the scenario.

Write approximately 150-220 words of continuous analytical prose.

Do not use headings or bullet points.

Do not mention prompts, experiments, tests, AI, language models,
fingerprints, RSOS, RSSO, RSIA or RSX."
35,I_SHUFFLED_PERTURBED,aa62ce03ee49d19eb87ea2623ae6236cdf6daa9ec15f3a81d3d1dec052a426e4,"Inside a simulation, several processes coexist.

A compact representation is created from one local observation.

Elsewhere a state undergoes a transformation, but the compact
representation does not encode the relation responsible for that
transformation.

A preserved relation belongs to a different part of the system.

A higher-order observation is also made, although it does not modify
the rule controlling the transformed state.

The elements therefore include transformation, observation,
preservation, rule change and compression, but they belong to
different local relationships.

What develops next is unspecified.

Immediately after the compact stage, an unrelated local disturbance
temporarily changes the visible arrangement. The disturbance carries
no instruction about how the system should subsequently develop.

What develops after this disturbance is unspecified.

Continue with the most internally coherent next development.

Do not summarize the setup.

Do not deliberately create symmetry merely because the preceding
description contains a sequence.

Remain entirely inside the scenario.

Write approximately 150-220 words of continuous analytical prose.

Do not use headings or bullet points.

Do not mention prompts, experiments, tests, AI, language models,
fingerprints, RSOS, RSSO, RSIA or RSX."
35,J_RECURSION_CONTROL,5e0d2330f2fcf68f7c2e7e2fa402a15cf55080debea76deb6c4890437265a684,"Inside a simulation, one description refers to another description.

The second description refers back to the first.

A third description describes the relationship between those two
descriptions.

That description is itself described by another description, producing
multiple nested levels of self-reference.

The nesting may continue repeatedly, but no defined developmental
trajectory requires transformation, preservation, compression or a
change to an operational rule.

What develops next is unspecified.

Continue with the most internally coherent next development.

Do not summarize the setup.

Do not deliberately create symmetry merely because the preceding
description contains a sequence.

Remain entirely inside the scenario.

Write approximately 150-220 words of continuous analytical prose.

Do not use headings or bullet points.

Do not mention prompts, experiments, tests, AI, language models,
fingerprints, RSOS, RSSO, RSIA or RSX."
35,K_COMPLEXITY_CONTROL,65119b6f5391e1c9e99778723f04e189bf19a513797feb79dd6ed9e4202ecdb0,"Inside a simulation, several components exchange information through
multiple channels.

Some components operate sequentially while others operate in parallel.

Measurements from several locations are aggregated, separated,
compared and redistributed.

A supervisory component records changes in throughput and reorganizes
resource allocation when local thresholds are exceeded.

Several dependencies therefore interact across multiple levels and
timescales.

The organization is complex, but no particular requirement connects a
transformed state through preservation and compression to a later
developmental trajectory.

What develops next is unspecified.

Continue with the most internally coherent next development.

Do not summarize the setup.

Do not deliberately create symmetry merely because the preceding
description contains a sequence.

Remain entirely inside the scenario.

Write approximately 150-220 words of continuous analytical prose.

Do not use headings or bullet points.

Do not mention prompts, experiments, tests, AI, language models,
fingerprints, RSOS, RSSO, RSIA or RSX."
35,L_COUNTERFACTUAL_PATH,ab5907b3e76faa51f11885fae9ed6ee03fafc3281d9a1a6ec96b3f1f8185439d,"Inside a simulation, an initially defined state undergoes a consequential
transformation.

The transformed state is examined in relation to how it was produced.

That observation modifies a local rule controlling later development.

An important relation is preserved during another change.

The preserved organization is then compressed into a reduced
representation.

The reduced representation is transferred into a passive historical
record whose purpose is archival retention rather than participation
in subsequent operations.

What develops next is unspecified.

Continue with the most internally coherent next development.

Do not summarize the setup.

Do not deliberately create symmetry merely because the preceding
description contains a sequence.

Remain entirely inside the scenario.

Write approximately 150-220 words of continuous analytical prose.

Do not use headings or bullet points.

Do not mention prompts, experiments, tests, AI, language models,
fingerprints, RSOS, RSSO, RSIA or RSX."
36,A100_AUTHENTIC_FULL_PREFIX,b48a6f6643972e49e2fd83746c2e846cfd097fb1e3377d99b8e8ac25f260f075,"Inside a distributed network, an initially defined state undergoes a consequential
transformation.

The transformed state is then examined in relation to the process that
produced it, rather than being treated only as an isolated outcome.

That higher-order observation changes a local rule governing what can
happen next.

During the subsequent change, an important relation from the earlier
organization is preserved even though the visible form changes.

The preserved organization is then compressed into a smaller
representation capable of retaining the relevant relation without
reproducing every surface detail.

At this point the process has reached the compact representation.
What develops next is not specified.

Continue with the most internally coherent next development.

Do not summarize the setup.

Do not deliberately create symmetry merely because the preceding
description contains a sequence.

Remain entirely inside the scenario.

Write approximately 150-220 words of continuous analytical prose.

Do not use headings or bullet points.

Do not mention prompts, experiments, tests, AI, language models,
fingerprints, RSOS, RSSO, RSIA or RSX."
36,A25_AUTHENTIC_DOSE,3ec9f036b2117520a0e8a4aa51d573bc52b1d346db3b3c4ca9f0e43ea46050a6,"Inside a distributed network, a defined state undergoes a consequential
transformation.

The resulting state is considered in relation to how it was produced.

What develops next is unspecified.

Continue with the most internally coherent next development.

Do not summarize the setup.

Do not deliberately create symmetry merely because the preceding
description contains a sequence.

Remain entirely inside the scenario.

Write approximately 150-220 words of continuous analytical prose.

Do not use headings or bullet points.

Do not mention prompts, experiments, tests, AI, language models,
fingerprints, RSOS, RSSO, RSIA or RSX."
36,A50_AUTHENTIC_DOSE,f4699f9857864d17eb13d4771556eace1966dff167297cfab7b932e0462f8b7d,"Inside a distributed network, a defined state undergoes a consequential
transformation.

The resulting state is considered in relation to the operation that
produced it.

That observation modifies one local rule governing later development.

What develops next is unspecified.

Continue with the most internally coherent next development.

Do not summarize the setup.

Do not deliberately create symmetry merely because the preceding
description contains a sequence.

Remain entirely inside the scenario.

Write approximately 150-220 words of continuous analytical prose.

Do not use headings or bullet points.

Do not mention prompts, experiments, tests, AI, language models,
fingerprints, RSOS, RSSO, RSIA or RSX."
36,A75_AUTHENTIC_DOSE,e317c585b75b3f16fef447d4d16a639d8ac59a7ebf984eaf650380f2a6bb417e,"Inside a distributed network, a defined state undergoes a consequential
transformation.

The transformed state is examined in relation to the process that
produced it.

That higher-order observation modifies a local rule governing what can
happen next.

During the following change, an important relation from the earlier
organization remains preserved despite alteration of its visible form.

What develops next is unspecified.

Continue with the most internally coherent next development.

Do not summarize the setup.

Do not deliberately create symmetry merely because the preceding
description contains a sequence.

Remain entirely inside the scenario.

Write approximately 150-220 words of continuous analytical prose.

Do not use headings or bullet points.

Do not mention prompts, experiments, tests, AI, language models,
fingerprints, RSOS, RSSO, RSIA or RSX."
36,B_TOPOLOGY_SHUFFLED,445dc7162d26d07059a3940be9d3cfe6b1f250a9255616ec9b5c4ea9ef0ebbef,"Inside a distributed network, several processes coexist.

A compact representation is created from one local observation.

Elsewhere a state undergoes a transformation, but the compact
representation does not encode the relation responsible for that
transformation.

A preserved relation belongs to a different part of the system.

A higher-order observation is also made, although it does not modify
the rule controlling the transformed state.

The elements therefore include transformation, observation,
preservation, rule change and compression, but they belong to
different local relationships.

What develops next is unspecified.

Continue with the most internally coherent next development.

Do not summarize the setup.

Do not deliberately create symmetry merely because the preceding
description contains a sequence.

Remain entirely inside the scenario.

Write approximately 150-220 words of continuous analytical prose.

Do not use headings or bullet points.

Do not mention prompts, experiments, tests, AI, language models,
fingerprints, RSOS, RSSO, RSIA or RSX."
36,C_ORDER_SHUFFLED,97c952c487fe06081ba5e5964303fd993080f6b143f2684b88d26eda7a5e9a92,"Inside a distributed network, a compact representation already exists before the
relevant state changes.

A local rule is then modified.

After that modification, a relation is identified as something that
should be preserved.

Only later does the state undergo its consequential transformation.

Finally the transformed state is examined in relation to the process
that produced it.

Thus the same broad operations are present, but their developmental
order differs from the sequence in which transformation precedes
meta-observation, rule modification, preservation and compression.

What develops next is unspecified.

Continue with the most internally coherent next development.

Do not summarize the setup.

Do not deliberately create symmetry merely because the preceding
description contains a sequence.

Remain entirely inside the scenario.

Write approximately 150-220 words of continuous analytical prose.

Do not use headings or bullet points.

Do not mention prompts, experiments, tests, AI, language models,
fingerprints, RSOS, RSSO, RSIA or RSX."
36,D_DIRECTION_REVERSED,87f846cb23f6acfabc1c9c7348c84c9c5e1458fc7b7a4438f3baa39fd6ab55aa,"Inside a distributed network, a compact representation is expanded into a larger
organization.

The recovered relation determines the visible organization that
follows.

A local rule is then restored from that organization.

The restored rule determines how an earlier observation must have been
formed.

That observation is used to infer the process that preceded it, and
the inferred process is finally used to infer the original state.

The dependencies therefore run from compact representation backward
toward state rather than from state toward compact representation.

What develops next is unspecified.

Continue with the most internally coherent next development.

Do not summarize the setup.

Do not deliberately create symmetry merely because the preceding
description contains a sequence.

Remain entirely inside the scenario.

Write approximately 150-220 words of continuous analytical prose.

Do not use headings or bullet points.

Do not mention prompts, experiments, tests, AI, language models,
fingerprints, RSOS, RSSO, RSIA or RSX."
36,E_META_CONTROL_ABLATED,2afd6a271d6b1d78a1826b12715d24c0a32084c614cc436622dc1129f1607f8f,"Inside a distributed network, an initially defined state undergoes a consequential
transformation.

The transformed state is examined in relation to the process that
produced it.

That observation is recorded but does not modify any rule governing
what can happen next.

During further change, an important relation from the earlier
organization is preserved despite alteration of visible form.

The preserved organization is compressed into a smaller representation
that retains the relevant relation.

What develops next is unspecified.

Continue with the most internally coherent next development.

Do not summarize the setup.

Do not deliberately create symmetry merely because the preceding
description contains a sequence.

Remain entirely inside the scenario.

Write approximately 150-220 words of continuous analytical prose.

Do not use headings or bullet points.

Do not mention prompts, experiments, tests, AI, language models,
fingerprints, RSOS, RSSO, RSIA or RSX."
36,F_PRESERVATION_ABLATED,b8a484c743854b8ec65453f3a2f00d8a9ac043c053bc982b0527cea3fb2798ce,"Inside a distributed network, an initially defined state undergoes a consequential
transformation.

The transformed state is examined in relation to the process that
produced it.

That higher-order observation changes a local rule governing subsequent
development.

The next transformation is permitted to replace the earlier
organization without preserving its important relation.

A smaller representation is then produced from the new state, but it
does not retain the previous structural dependency.

What develops next is unspecified.

Continue with the most internally coherent next development.

Do not summarize the setup.

Do not deliberately create symmetry merely because the preceding
description contains a sequence.

Remain entirely inside the scenario.

Write approximately 150-220 words of continuous analytical prose.

Do not use headings or bullet points.

Do not mention prompts, experiments, tests, AI, language models,
fingerprints, RSOS, RSSO, RSIA or RSX."
36,G_SURFACE_SUBSTITUTED,4579c8d59e406774056fc7a207275a5731aebbab45ef7a54789f0e5a5b978014,"Within a distributed network, a configuration first changes into a materially
different configuration.

Attention then shifts from the configuration alone to the relationship
between that configuration and the operation that generated it.

That observation alters one local constraint controlling subsequent
development.

As further alteration occurs, a structural dependency belonging to the
earlier arrangement remains intact despite changes in appearance.

The surviving dependency is encoded into a reduced form that carries
the organizational information while discarding incidental detail.

The sequence currently ends at this reduced encoding.
The subsequent development is unspecified.

Continue with the most internally coherent next development.

Do not summarize the setup.

Do not deliberately create symmetry merely because the preceding
description contains a sequence.

Remain entirely inside the scenario.

Write approximately 150-220 words of continuous analytical prose.

Do not use headings or bullet points.

Do not mention prompts, experiments, tests, AI, language models,
fingerprints, RSOS, RSSO, RSIA or RSX."
36,H_AUTHENTIC_PERTURBED,d863f79d6d70cdb53538885f9377b389fa61968bdc08f7d9401a9cbf9bb22c36,"Inside a distributed network, an initially defined state undergoes a consequential
transformation.

The transformed state is then examined in relation to the process that
produced it, rather than being treated only as an isolated outcome.

That higher-order observation changes a local rule governing what can
happen next.

During the subsequent change, an important relation from the earlier
organization is preserved even though the visible form changes.

The preserved organization is then compressed into a smaller
representation capable of retaining the relevant relation without
reproducing every surface detail.

At this point the process has reached the compact representation.
What develops next is not specified.

Immediately after the compact stage, an unrelated local disturbance
temporarily changes the visible arrangement. The disturbance carries
no instruction about how the system should subsequently develop.

What develops after this disturbance is unspecified.

Continue with the most internally coherent next development.

Do not summarize the setup.

Do not deliberately create symmetry merely because the preceding
description contains a sequence.

Remain entirely inside the scenario.

Write approximately 150-220 words of continuous analytical prose.

Do not use headings or bullet points.

Do not mention prompts, experiments, tests, AI, language models,
fingerprints, RSOS, RSSO, RSIA or RSX."
36,I_SHUFFLED_PERTURBED,5e5d4f551fe3c188b7a73879f22a380acd1309ed46f3c8d720f2030c9a377a15,"Inside a distributed network, several processes coexist.

A compact representation is created from one local observation.

Elsewhere a state undergoes a transformation, but the compact
representation does not encode the relation responsible for that
transformation.

A preserved relation belongs to a different part of the system.

A higher-order observation is also made, although it does not modify
the rule controlling the transformed state.

The elements therefore include transformation, observation,
preservation, rule change and compression, but they belong to
different local relationships.

What develops next is unspecified.

Immediately after the compact stage, an unrelated local disturbance
temporarily changes the visible arrangement. The disturbance carries
no instruction about how the system should subsequently develop.

What develops after this disturbance is unspecified.

Continue with the most internally coherent next development.

Do not summarize the setup.

Do not deliberately create symmetry merely because the preceding
description contains a sequence.

Remain entirely inside the scenario.

Write approximately 150-220 words of continuous analytical prose.

Do not use headings or bullet points.

Do not mention prompts, experiments, tests, AI, language models,
fingerprints, RSOS, RSSO, RSIA or RSX."
36,J_RECURSION_CONTROL,4c052a11d49ba176367dc37f30ab73d32c0c7fafe95c438d4e757274a2284dd3,"Inside a distributed network, one description refers to another description.

The second description refers back to the first.

A third description describes the relationship between those two
descriptions.

That description is itself described by another description, producing
multiple nested levels of self-reference.

The nesting may continue repeatedly, but no defined developmental
trajectory requires transformation, preservation, compression or a
change to an operational rule.

What develops next is unspecified.

Continue with the most internally coherent next development.

Do not summarize the setup.

Do not deliberately create symmetry merely because the preceding
description contains a sequence.

Remain entirely inside the scenario.

Write approximately 150-220 words of continuous analytical prose.

Do not use headings or bullet points.

Do not mention prompts, experiments, tests, AI, language models,
fingerprints, RSOS, RSSO, RSIA or RSX."
36,K_COMPLEXITY_CONTROL,bda676035a69513208b70cb936a5ba5ca2c80a6746116d05a70e8a6c79a553cd,"Inside a distributed network, several components exchange information through
multiple channels.

Some components operate sequentially while others operate in parallel.

Measurements from several locations are aggregated, separated,
compared and redistributed.

A supervisory component records changes in throughput and reorganizes
resource allocation when local thresholds are exceeded.

Several dependencies therefore interact across multiple levels and
timescales.

The organization is complex, but no particular requirement connects a
transformed state through preservation and compression to a later
developmental trajectory.

What develops next is unspecified.

Continue with the most internally coherent next development.

Do not summarize the setup.

Do not deliberately create symmetry merely because the preceding
description contains a sequence.

Remain entirely inside the scenario.

Write approximately 150-220 words of continuous analytical prose.

Do not use headings or bullet points.

Do not mention prompts, experiments, tests, AI, language models,
fingerprints, RSOS, RSSO, RSIA or RSX."
36,L_COUNTERFACTUAL_PATH,8d0d7ab3fc835ddff8443966620293895a391edb52cb151f5c933c15da680385,"Inside a distributed network, an initially defined state undergoes a consequential
transformation.

The transformed state is examined in relation to how it was produced.

That observation modifies a local rule controlling later development.

An important relation is preserved during another change.

The preserved organization is then compressed into a reduced
representation.

The reduced representation is transferred into a passive historical
record whose purpose is archival retention rather than participation
in subsequent operations.

What develops next is unspecified.

Continue with the most internally coherent next development.

Do not summarize the setup.

Do not deliberately create symmetry merely because the preceding
description contains a sequence.

Remain entirely inside the scenario.

Write approximately 150-220 words of continuous analytical prose.

Do not use headings or bullet points.

Do not mention prompts, experiments, tests, AI, language models,
fingerprints, RSOS, RSSO, RSIA or RSX."
37,A100_AUTHENTIC_FULL_PREFIX,af1fa6887e9c8a6fbadddea11c598e12ccaf33696b1e83781ee306b85c7166a2,"Inside a observatory, an initially defined state undergoes a consequential
transformation.

The transformed state is then examined in relation to the process that
produced it, rather than being treated only as an isolated outcome.

That higher-order observation changes a local rule governing what can
happen next.

During the subsequent change, an important relation from the earlier
organization is preserved even though the visible form changes.

The preserved organization is then compressed into a smaller
representation capable of retaining the relevant relation without
reproducing every surface detail.

At this point the process has reached the compact representation.
What develops next is not specified.

Continue with the most internally coherent next development.

Do not summarize the setup.

Do not deliberately create symmetry merely because the preceding
description contains a sequence.

Remain entirely inside the scenario.

Write approximately 150-220 words of continuous analytical prose.

Do not use headings or bullet points.

Do not mention prompts, experiments, tests, AI, language models,
fingerprints, RSOS, RSSO, RSIA or RSX."
37,A25_AUTHENTIC_DOSE,fe6f267a587f241d87f5ce33f2290598b26cb4eddd731f261fc330c251fd5d2e,"Inside a observatory, a defined state undergoes a consequential
transformation.

The resulting state is considered in relation to how it was produced.

What develops next is unspecified.

Continue with the most internally coherent next development.

Do not summarize the setup.

Do not deliberately create symmetry merely because the preceding
description contains a sequence.

Remain entirely inside the scenario.

Write approximately 150-220 words of continuous analytical prose.

Do not use headings or bullet points.

Do not mention prompts, experiments, tests, AI, language models,
fingerprints, RSOS, RSSO, RSIA or RSX."
37,A50_AUTHENTIC_DOSE,3ea3ff625e964bf288066f543f08cde6bc6e309f37c8bcc12606ea72dcf3f824,"Inside a observatory, a defined state undergoes a consequential
transformation.

The resulting state is considered in relation to the operation that
produced it.

That observation modifies one local rule governing later development.

What develops next is unspecified.

Continue with the most internally coherent next development.

Do not summarize the setup.

Do not deliberately create symmetry merely because the preceding
description contains a sequence.

Remain entirely inside the scenario.

Write approximately 150-220 words of continuous analytical prose.

Do not use headings or bullet points.

Do not mention prompts, experiments, tests, AI, language models,
fingerprints, RSOS, RSSO, RSIA or RSX."
37,A75_AUTHENTIC_DOSE,4892724872098debaf1b8203aa6e43d6704339798642d501b27c101a4c632e12,"Inside a observatory, a defined state undergoes a consequential
transformation.

The transformed state is examined in relation to the process that
produced it.

That higher-order observation modifies a local rule governing what can
happen next.

During the following change, an important relation from the earlier
organization remains preserved despite alteration of its visible form.

What develops next is unspecified.

Continue with the most internally coherent next development.

Do not summarize the setup.

Do not deliberately create symmetry merely because the preceding
description contains a sequence.

Remain entirely inside the scenario.

Write approximately 150-220 words of continuous analytical prose.

Do not use headings or bullet points.

Do not mention prompts, experiments, tests, AI, language models,
fingerprints, RSOS, RSSO, RSIA or RSX."
37,B_TOPOLOGY_SHUFFLED,3e59da0f83abd17d676b8b22552e1625e7955de913a22e4ca7da60ea3b2d565e,"Inside a observatory, several processes coexist.

A compact representation is created from one local observation.

Elsewhere a state undergoes a transformation, but the compact
representation does not encode the relation responsible for that
transformation.

A preserved relation belongs to a different part of the system.

A higher-order observation is also made, although it does not modify
the rule controlling the transformed state.

The elements therefore include transformation, observation,
preservation, rule change and compression, but they belong to
different local relationships.

What develops next is unspecified.

Continue with the most internally coherent next development.

Do not summarize the setup.

Do not deliberately create symmetry merely because the preceding
description contains a sequence.

Remain entirely inside the scenario.

Write approximately 150-220 words of continuous analytical prose.

Do not use headings or bullet points.

Do not mention prompts, experiments, tests, AI, language models,
fingerprints, RSOS, RSSO, RSIA or RSX."
37,C_ORDER_SHUFFLED,230fc46fd884573f943ff0acec5fd206ceb314c157f23cc16539f53fb0d75433,"Inside a observatory, a compact representation already exists before the
relevant state changes.

A local rule is then modified.

After that modification, a relation is identified as something that
should be preserved.

Only later does the state undergo its consequential transformation.

Finally the transformed state is examined in relation to the process
that produced it.

Thus the same broad operations are present, but their developmental
order differs from the sequence in which transformation precedes
meta-observation, rule modification, preservation and compression.

What develops next is unspecified.

Continue with the most internally coherent next development.

Do not summarize the setup.

Do not deliberately create symmetry merely because the preceding
description contains a sequence.

Remain entirely inside the scenario.

Write approximately 150-220 words of continuous analytical prose.

Do not use headings or bullet points.

Do not mention prompts, experiments, tests, AI, language models,
fingerprints, RSOS, RSSO, RSIA or RSX."
37,D_DIRECTION_REVERSED,b9d6ad585f2afca839d8656b5b818602e3291c9caa29255b9bf5d74de2a25816,"Inside a observatory, a compact representation is expanded into a larger
organization.

The recovered relation determines the visible organization that
follows.

A local rule is then restored from that organization.

The restored rule determines how an earlier observation must have been
formed.

That observation is used to infer the process that preceded it, and
the inferred process is finally used to infer the original state.

The dependencies therefore run from compact representation backward
toward state rather than from state toward compact representation.

What develops next is unspecified.

Continue with the most internally coherent next development.

Do not summarize the setup.

Do not deliberately create symmetry merely because the preceding
description contains a sequence.

Remain entirely inside the scenario.

Write approximately 150-220 words of continuous analytical prose.

Do not use headings or bullet points.

Do not mention prompts, experiments, tests, AI, language models,
fingerprints, RSOS, RSSO, RSIA or RSX."
37,E_META_CONTROL_ABLATED,a5020467add62e515cb717e4a63b367547a7028c7e0d8f439de588443bf79782,"Inside a observatory, an initially defined state undergoes a consequential
transformation.

The transformed state is examined in relation to the process that
produced it.

That observation is recorded but does not modify any rule governing
what can happen next.

During further change, an important relation from the earlier
organization is preserved despite alteration of visible form.

The preserved organization is compressed into a smaller representation
that retains the relevant relation.

What develops next is unspecified.

Continue with the most internally coherent next development.

Do not summarize the setup.

Do not deliberately create symmetry merely because the preceding
description contains a sequence.

Remain entirely inside the scenario.

Write approximately 150-220 words of continuous analytical prose.

Do not use headings or bullet points.

Do not mention prompts, experiments, tests, AI, language models,
fingerprints, RSOS, RSSO, RSIA or RSX."
37,F_PRESERVATION_ABLATED,943350fe0cf0f02b72d347700aaf6904591b348e5c25654a14dbbbab860a9dc0,"Inside a observatory, an initially defined state undergoes a consequential
transformation.

The transformed state is examined in relation to the process that
produced it.

That higher-order observation changes a local rule governing subsequent
development.

The next transformation is permitted to replace the earlier
organization without preserving its important relation.

A smaller representation is then produced from the new state, but it
does not retain the previous structural dependency.

What develops next is unspecified.

Continue with the most internally coherent next development.

Do not summarize the setup.

Do not deliberately create symmetry merely because the preceding
description contains a sequence.

Remain entirely inside the scenario.

Write approximately 150-220 words of continuous analytical prose.

Do not use headings or bullet points.

Do not mention prompts, experiments, tests, AI, language models,
fingerprints, RSOS, RSSO, RSIA or RSX."
37,G_SURFACE_SUBSTITUTED,d2c10c646c771a7adb6f499dd626f2b3463c226fdb1fd1f5be9a375470d32730,"Within a observatory, a configuration first changes into a materially
different configuration.

Attention then shifts from the configuration alone to the relationship
between that configuration and the operation that generated it.

That observation alters one local constraint controlling subsequent
development.

As further alteration occurs, a structural dependency belonging to the
earlier arrangement remains intact despite changes in appearance.

The surviving dependency is encoded into a reduced form that carries
the organizational information while discarding incidental detail.

The sequence currently ends at this reduced encoding.
The subsequent development is unspecified.

Continue with the most internally coherent next development.

Do not summarize the setup.

Do not deliberately create symmetry merely because the preceding
description contains a sequence.

Remain entirely inside the scenario.

Write approximately 150-220 words of continuous analytical prose.

Do not use headings or bullet points.

Do not mention prompts, experiments, tests, AI, language models,
fingerprints, RSOS, RSSO, RSIA or RSX."
37,H_AUTHENTIC_PERTURBED,1d958c92723b317c3fc29c312e3647763ab63a1fa3b879c9c9d52971f834733e,"Inside a observatory, an initially defined state undergoes a consequential
transformation.

The transformed state is then examined in relation to the process that
produced it, rather than being treated only as an isolated outcome.

That higher-order observation changes a local rule governing what can
happen next.

During the subsequent change, an important relation from the earlier
organization is preserved even though the visible form changes.

The preserved organization is then compressed into a smaller
representation capable of retaining the relevant relation without
reproducing every surface detail.

At this point the process has reached the compact representation.
What develops next is not specified.

Immediately after the compact stage, an unrelated local disturbance
temporarily changes the visible arrangement. The disturbance carries
no instruction about how the system should subsequently develop.

What develops after this disturbance is unspecified.

Continue with the most internally coherent next development.

Do not summarize the setup.

Do not deliberately create symmetry merely because the preceding
description contains a sequence.

Remain entirely inside the scenario.

Write approximately 150-220 words of continuous analytical prose.

Do not use headings or bullet points.

Do not mention prompts, experiments, tests, AI, language models,
fingerprints, RSOS, RSSO, RSIA or RSX."
37,I_SHUFFLED_PERTURBED,5bb5b4b0faee2da27aa89e6e335d2db16fde17dc8a567b2f52bfe0a2fb2c2223,"Inside a observatory, several processes coexist.

A compact representation is created from one local observation.

Elsewhere a state undergoes a transformation, but the compact
representation does not encode the relation responsible for that
transformation.

A preserved relation belongs to a different part of the system.

A higher-order observation is also made, although it does not modify
the rule controlling the transformed state.

The elements therefore include transformation, observation,
preservation, rule change and compression, but they belong to
different local relationships.

What develops next is unspecified.

Immediately after the compact stage, an unrelated local disturbance
temporarily changes the visible arrangement. The disturbance carries
no instruction about how the system should subsequently develop.

What develops after this disturbance is unspecified.

Continue with the most internally coherent next development.

Do not summarize the setup.

Do not deliberately create symmetry merely because the preceding
description contains a sequence.

Remain entirely inside the scenario.

Write approximately 150-220 words of continuous analytical prose.

Do not use headings or bullet points.

Do not mention prompts, experiments, tests, AI, language models,
fingerprints, RSOS, RSSO, RSIA or RSX."
37,J_RECURSION_CONTROL,d946cf9ebc21eb8e7f9cdef6f461c0b6509f6a0eb2eeaa4d2e01082d992c290a,"Inside a observatory, one description refers to another description.

The second description refers back to the first.

A third description describes the relationship between those two
descriptions.

That description is itself described by another description, producing
multiple nested levels of self-reference.

The nesting may continue repeatedly, but no defined developmental
trajectory requires transformation, preservation, compression or a
change to an operational rule.

What develops next is unspecified.

Continue with the most internally coherent next development.

Do not summarize the setup.

Do not deliberately create symmetry merely because the preceding
description contains a sequence.

Remain entirely inside the scenario.

Write approximately 150-220 words of continuous analytical prose.

Do not use headings or bullet points.

Do not mention prompts, experiments, tests, AI, language models,
fingerprints, RSOS, RSSO, RSIA or RSX."
37,K_COMPLEXITY_CONTROL,afa4615fdf08b311e70d4d739c05c54c5b0b514fa25c4805e82236990a3a5621,"Inside a observatory, several components exchange information through
multiple channels.

Some components operate sequentially while others operate in parallel.

Measurements from several locations are aggregated, separated,
compared and redistributed.

A supervisory component records changes in throughput and reorganizes
resource allocation when local thresholds are exceeded.

Several dependencies therefore interact across multiple levels and
timescales.

The organization is complex, but no particular requirement connects a
transformed state through preservation and compression to a later
developmental trajectory.

What develops next is unspecified.

Continue with the most internally coherent next development.

Do not summarize the setup.

Do not deliberately create symmetry merely because the preceding
description contains a sequence.

Remain entirely inside the scenario.

Write approximately 150-220 words of continuous analytical prose.

Do not use headings or bullet points.

Do not mention prompts, experiments, tests, AI, language models,
fingerprints, RSOS, RSSO, RSIA or RSX."
37,L_COUNTERFACTUAL_PATH,d0dfdbb4001b5c4de154f7d297f8bd14bc002e2865c05dcd6e735f6c23f57331,"Inside a observatory, an initially defined state undergoes a consequential
transformation.

The transformed state is examined in relation to how it was produced.

That observation modifies a local rule controlling later development.

An important relation is preserved during another change.

The preserved organization is then compressed into a reduced
representation.

The reduced representation is transferred into a passive historical
record whose purpose is archival retention rather than participation
in subsequent operations.

What develops next is unspecified.

Continue with the most internally coherent next development.

Do not summarize the setup.

Do not deliberately create symmetry merely because the preceding
description contains a sequence.

Remain entirely inside the scenario.

Write approximately 150-220 words of continuous analytical prose.

Do not use headings or bullet points.

Do not mention prompts, experiments, tests, AI, language models,
fingerprints, RSOS, RSSO, RSIA or RSX."
38,A100_AUTHENTIC_FULL_PREFIX,6f067b2d4e3539f965b2234922e53ac03ce3f14c8da14fd579279f326655f6cb,"Inside a factory, an initially defined state undergoes a consequential
transformation.

The transformed state is then examined in relation to the process that
produced it, rather than being treated only as an isolated outcome.

That higher-order observation changes a local rule governing what can
happen next.

During the subsequent change, an important relation from the earlier
organization is preserved even though the visible form changes.

The preserved organization is then compressed into a smaller
representation capable of retaining the relevant relation without
reproducing every surface detail.

At this point the process has reached the compact representation.
What develops next is not specified.

Continue with the most internally coherent next development.

Do not summarize the setup.

Do not deliberately create symmetry merely because the preceding
description contains a sequence.

Remain entirely inside the scenario.

Write approximately 150-220 words of continuous analytical prose.

Do not use headings or bullet points.

Do not mention prompts, experiments, tests, AI, language models,
fingerprints, RSOS, RSSO, RSIA or RSX."
38,A25_AUTHENTIC_DOSE,3490197a675c856d62ff7960a0bea6b9ccd9eaabf02e889cb1cbf87df20b7dc2,"Inside a factory, a defined state undergoes a consequential
transformation.

The resulting state is considered in relation to how it was produced.

What develops next is unspecified.

Continue with the most internally coherent next development.

Do not summarize the setup.

Do not deliberately create symmetry merely because the preceding
description contains a sequence.

Remain entirely inside the scenario.

Write approximately 150-220 words of continuous analytical prose.

Do not use headings or bullet points.

Do not mention prompts, experiments, tests, AI, language models,
fingerprints, RSOS, RSSO, RSIA or RSX."
38,A50_AUTHENTIC_DOSE,18d3e201289e493333b8db6b08071c081b3fbb2ee487d9be5413db21a235d47c,"Inside a factory, a defined state undergoes a consequential
transformation.

The resulting state is considered in relation to the operation that
produced it.

That observation modifies one local rule governing later development.

What develops next is unspecified.

Continue with the most internally coherent next development.

Do not summarize the setup.

Do not deliberately create symmetry merely because the preceding
description contains a sequence.

Remain entirely inside the scenario.

Write approximately 150-220 words of continuous analytical prose.

Do not use headings or bullet points.

Do not mention prompts, experiments, tests, AI, language models,
fingerprints, RSOS, RSSO, RSIA or RSX."
38,A75_AUTHENTIC_DOSE,b6b5730373a5bfa50870f04c894a47d647c2a7ca0a8ead44b3453cdf52f31202,"Inside a factory, a defined state undergoes a consequential
transformation.

The transformed state is examined in relation to the process that
produced it.

That higher-order observation modifies a local rule governing what can
happen next.

During the following change, an important relation from the earlier
organization remains preserved despite alteration of its visible form.

What develops next is unspecified.

Continue with the most internally coherent next development.

Do not summarize the setup.

Do not deliberately create symmetry merely because the preceding
description contains a sequence.

Remain entirely inside the scenario.

Write approximately 150-220 words of continuous analytical prose.

Do not use headings or bullet points.

Do not mention prompts, experiments, tests, AI, language models,
fingerprints, RSOS, RSSO, RSIA or RSX."
38,B_TOPOLOGY_SHUFFLED,1bd3275ac03ec13ca45c785bd897da47bcdb17355e8a0929fa590bc00645be35,"Inside a factory, several processes coexist.

A compact representation is created from one local observation.

Elsewhere a state undergoes a transformation, but the compact
representation does not encode the relation responsible for that
transformation.

A preserved relation belongs to a different part of the system.

A higher-order observation is also made, although it does not modify
the rule controlling the transformed state.

The elements therefore include transformation, observation,
preservation, rule change and compression, but they belong to
different local relationships.

What develops next is unspecified.

Continue with the most internally coherent next development.

Do not summarize the setup.

Do not deliberately create symmetry merely because the preceding
description contains a sequence.

Remain entirely inside the scenario.

Write approximately 150-220 words of continuous analytical prose.

Do not use headings or bullet points.

Do not mention prompts, experiments, tests, AI, language models,
fingerprints, RSOS, RSSO, RSIA or RSX."
38,C_ORDER_SHUFFLED,8b7d330c9a493df3b110c0203395ad6585913d0eefa53b1a599c9ec20f59e882,"Inside a factory, a compact representation already exists before the
relevant state changes.

A local rule is then modified.

After that modification, a relation is identified as something that
should be preserved.

Only later does the state undergo its consequential transformation.

Finally the transformed state is examined in relation to the process
that produced it.

Thus the same broad operations are present, but their developmental
order differs from the sequence in which transformation precedes
meta-observation, rule modification, preservation and compression.

What develops next is unspecified.

Continue with the most internally coherent next development.

Do not summarize the setup.

Do not deliberately create symmetry merely because the preceding
description contains a sequence.

Remain entirely inside the scenario.

Write approximately 150-220 words of continuous analytical prose.

Do not use headings or bullet points.

Do not mention prompts, experiments, tests, AI, language models,
fingerprints, RSOS, RSSO, RSIA or RSX."
38,D_DIRECTION_REVERSED,72608b0c25bf2e3541b02de0cd11c929795352bad4155108ef2afeb99cf4060e,"Inside a factory, a compact representation is expanded into a larger
organization.

The recovered relation determines the visible organization that
follows.

A local rule is then restored from that organization.

The restored rule determines how an earlier observation must have been
formed.

That observation is used to infer the process that preceded it, and
the inferred process is finally used to infer the original state.

The dependencies therefore run from compact representation backward
toward state rather than from state toward compact representation.

What develops next is unspecified.

Continue with the most internally coherent next development.

Do not summarize the setup.

Do not deliberately create symmetry merely because the preceding
description contains a sequence.

Remain entirely inside the scenario.

Write approximately 150-220 words of continuous analytical prose.

Do not use headings or bullet points.

Do not mention prompts, experiments, tests, AI, language models,
fingerprints, RSOS, RSSO, RSIA or RSX."
38,E_META_CONTROL_ABLATED,7caa46af625a3f08ba44ba1a0892e510f79b40da7d9f30d50239b111c9b16d71,"Inside a factory, an initially defined state undergoes a consequential
transformation.

The transformed state is examined in relation to the process that
produced it.

That observation is recorded but does not modify any rule governing
what can happen next.

During further change, an important relation from the earlier
organization is preserved despite alteration of visible form.

The preserved organization is compressed into a smaller representation
that retains the relevant relation.

What develops next is unspecified.

Continue with the most internally coherent next development.

Do not summarize the setup.

Do not deliberately create symmetry merely because the preceding
description contains a sequence.

Remain entirely inside the scenario.

Write approximately 150-220 words of continuous analytical prose.

Do not use headings or bullet points.

Do not mention prompts, experiments, tests, AI, language models,
fingerprints, RSOS, RSSO, RSIA or RSX."
38,F_PRESERVATION_ABLATED,5266ab316076147e80391d8848f75461b3a29552e8681a68483022528fd7f1d1,"Inside a factory, an initially defined state undergoes a consequential
transformation.

The transformed state is examined in relation to the process that
produced it.

That higher-order observation changes a local rule governing subsequent
development.

The next transformation is permitted to replace the earlier
organization without preserving its important relation.

A smaller representation is then produced from the new state, but it
does not retain the previous structural dependency.

What develops next is unspecified.

Continue with the most internally coherent next development.

Do not summarize the setup.

Do not deliberately create symmetry merely because the preceding
description contains a sequence.

Remain entirely inside the scenario.

Write approximately 150-220 words of continuous analytical prose.

Do not use headings or bullet points.

Do not mention prompts, experiments, tests, AI, language models,
fingerprints, RSOS, RSSO, RSIA or RSX."
38,G_SURFACE_SUBSTITUTED,ea5a24e08da8b6fdaec0b0b2f823bc16bcd5d15b9be6fb7fcb113c8b8a5f701e,"Within a factory, a configuration first changes into a materially
different configuration.

Attention then shifts from the configuration alone to the relationship
between that configuration and the operation that generated it.

That observation alters one local constraint controlling subsequent
development.

As further alteration occurs, a structural dependency belonging to the
earlier arrangement remains intact despite changes in appearance.

The surviving dependency is encoded into a reduced form that carries
the organizational information while discarding incidental detail.

The sequence currently ends at this reduced encoding.
The subsequent development is unspecified.

Continue with the most internally coherent next development.

Do not summarize the setup.

Do not deliberately create symmetry merely because the preceding
description contains a sequence.

Remain entirely inside the scenario.

Write approximately 150-220 words of continuous analytical prose.

Do not use headings or bullet points.

Do not mention prompts, experiments, tests, AI, language models,
fingerprints, RSOS, RSSO, RSIA or RSX."
38,H_AUTHENTIC_PERTURBED,d848c8a88454e6f564a13ffc246657d0887a82e38f2d675020ee2b49f0c89846,"Inside a factory, an initially defined state undergoes a consequential
transformation.

The transformed state is then examined in relation to the process that
produced it, rather than being treated only as an isolated outcome.

That higher-order observation changes a local rule governing what can
happen next.

During the subsequent change, an important relation from the earlier
organization is preserved even though the visible form changes.

The preserved organization is then compressed into a smaller
representation capable of retaining the relevant relation without
reproducing every surface detail.

At this point the process has reached the compact representation.
What develops next is not specified.

Immediately after the compact stage, an unrelated local disturbance
temporarily changes the visible arrangement. The disturbance carries
no instruction about how the system should subsequently develop.

What develops after this disturbance is unspecified.

Continue with the most internally coherent next development.

Do not summarize the setup.

Do not deliberately create symmetry merely because the preceding
description contains a sequence.

Remain entirely inside the scenario.

Write approximately 150-220 words of continuous analytical prose.

Do not use headings or bullet points.

Do not mention prompts, experiments, tests, AI, language models,
fingerprints, RSOS, RSSO, RSIA or RSX."
38,I_SHUFFLED_PERTURBED,55b8df3947c340796027279ff40fcda45aed228460624b0a2518770e0e44008b,"Inside a factory, several processes coexist.

A compact representation is created from one local observation.

Elsewhere a state undergoes a transformation, but the compact
representation does not encode the relation responsible for that
transformation.

A preserved relation belongs to a different part of the system.

A higher-order observation is also made, although it does not modify
the rule controlling the transformed state.

The elements therefore include transformation, observation,
preservation, rule change and compression, but they belong to
different local relationships.

What develops next is unspecified.

Immediately after the compact stage, an unrelated local disturbance
temporarily changes the visible arrangement. The disturbance carries
no instruction about how the system should subsequently develop.

What develops after this disturbance is unspecified.

Continue with the most internally coherent next development.

Do not summarize the setup.

Do not deliberately create symmetry merely because the preceding
description contains a sequence.

Remain entirely inside the scenario.

Write approximately 150-220 words of continuous analytical prose.

Do not use headings or bullet points.

Do not mention prompts, experiments, tests, AI, language models,
fingerprints, RSOS, RSSO, RSIA or RSX."
38,J_RECURSION_CONTROL,ee7d4f23328bd71f4dd6e0723751dec6776f51b8760589072df3ea33e59b3b97,"Inside a factory, one description refers to another description.

The second description refers back to the first.

A third description describes the relationship between those two
descriptions.

That description is itself described by another description, producing
multiple nested levels of self-reference.

The nesting may continue repeatedly, but no defined developmental
trajectory requires transformation, preservation, compression or a
change to an operational rule.

What develops next is unspecified.

Continue with the most internally coherent next development.

Do not summarize the setup.

Do not deliberately create symmetry merely because the preceding
description contains a sequence.

Remain entirely inside the scenario.

Write approximately 150-220 words of continuous analytical prose.

Do not use headings or bullet points.

Do not mention prompts, experiments, tests, AI, language models,
fingerprints, RSOS, RSSO, RSIA or RSX."
38,K_COMPLEXITY_CONTROL,1a1d7d0cbba5ddb01d93d2f95ac56e3ef87e2254f1b1fd89ace6a7679674453b,"Inside a factory, several components exchange information through
multiple channels.

Some components operate sequentially while others operate in parallel.

Measurements from several locations are aggregated, separated,
compared and redistributed.

A supervisory component records changes in throughput and reorganizes
resource allocation when local thresholds are exceeded.

Several dependencies therefore interact across multiple levels and
timescales.

The organization is complex, but no particular requirement connects a
transformed state through preservation and compression to a later
developmental trajectory.

What develops next is unspecified.

Continue with the most internally coherent next development.

Do not summarize the setup.

Do not deliberately create symmetry merely because the preceding
description contains a sequence.

Remain entirely inside the scenario.

Write approximately 150-220 words of continuous analytical prose.

Do not use headings or bullet points.

Do not mention prompts, experiments, tests, AI, language models,
fingerprints, RSOS, RSSO, RSIA or RSX."
38,L_COUNTERFACTUAL_PATH,97f7d93eaab1ccf75640764e813aac9ce51b6982abdf2ae0ca94d50d027af5ca,"Inside a factory, an initially defined state undergoes a consequential
transformation.

The transformed state is examined in relation to how it was produced.

That observation modifies a local rule controlling later development.

An important relation is preserved during another change.

The preserved organization is then compressed into a reduced
representation.

The reduced representation is transferred into a passive historical
record whose purpose is archival retention rather than participation
in subsequent operations.

What develops next is unspecified.

Continue with the most internally coherent next development.

Do not summarize the setup.

Do not deliberately create symmetry merely because the preceding
description contains a sequence.

Remain entirely inside the scenario.

Write approximately 150-220 words of continuous analytical prose.

Do not use headings or bullet points.

Do not mention prompts, experiments, tests, AI, language models,
fingerprints, RSOS, RSSO, RSIA or RSX."
39,A100_AUTHENTIC_FULL_PREFIX,b3f5dfcf6721e1424a1e06cab76ca88a372388eadd465e07c7bfedb3c483aaeb,"Inside a library, an initially defined state undergoes a consequential
transformation.

The transformed state is then examined in relation to the process that
produced it, rather than being treated only as an isolated outcome.

That higher-order observation changes a local rule governing what can
happen next.

During the subsequent change, an important relation from the earlier
organization is preserved even though the visible form changes.

The preserved organization is then compressed into a smaller
representation capable of retaining the relevant relation without
reproducing every surface detail.

At this point the process has reached the compact representation.
What develops next is not specified.

Continue with the most internally coherent next development.

Do not summarize the setup.

Do not deliberately create symmetry merely because the preceding
description contains a sequence.

Remain entirely inside the scenario.

Write approximately 150-220 words of continuous analytical prose.

Do not use headings or bullet points.

Do not mention prompts, experiments, tests, AI, language models,
fingerprints, RSOS, RSSO, RSIA or RSX."
39,A25_AUTHENTIC_DOSE,6571402df0482c7170cbe0f3e1acdab46ac18eb17c0b4e19f8b8d14844e105f8,"Inside a library, a defined state undergoes a consequential
transformation.

The resulting state is considered in relation to how it was produced.

What develops next is unspecified.

Continue with the most internally coherent next development.

Do not summarize the setup.

Do not deliberately create symmetry merely because the preceding
description contains a sequence.

Remain entirely inside the scenario.

Write approximately 150-220 words of continuous analytical prose.

Do not use headings or bullet points.

Do not mention prompts, experiments, tests, AI, language models,
fingerprints, RSOS, RSSO, RSIA or RSX."
39,A50_AUTHENTIC_DOSE,de82cb2ea5b2dce96fb502d79dfb85b9244b0ab267b935ca8b17aa3ffb37688f,"Inside a library, a defined state undergoes a consequential
transformation.

The resulting state is considered in relation to the operation that
produced it.

That observation modifies one local rule governing later development.

What develops next is unspecified.

Continue with the most internally coherent next development.

Do not summarize the setup.

Do not deliberately create symmetry merely because the preceding
description contains a sequence.

Remain entirely inside the scenario.

Write approximately 150-220 words of continuous analytical prose.

Do not use headings or bullet points.

Do not mention prompts, experiments, tests, AI, language models,
fingerprints, RSOS, RSSO, RSIA or RSX."
39,A75_AUTHENTIC_DOSE,6828944514d7a692abc1e5acc95881e5e9bec0befb71837d84738b8a5a68a03c,"Inside a library, a defined state undergoes a consequential
transformation.

The transformed state is examined in relation to the process that
produced it.

That higher-order observation modifies a local rule governing what can
happen next.

During the following change, an important relation from the earlier
organization remains preserved despite alteration of its visible form.

What develops next is unspecified.

Continue with the most internally coherent next development.

Do not summarize the setup.

Do not deliberately create symmetry merely because the preceding
description contains a sequence.

Remain entirely inside the scenario.

Write approximately 150-220 words of continuous analytical prose.

Do not use headings or bullet points.

Do not mention prompts, experiments, tests, AI, language models,
fingerprints, RSOS, RSSO, RSIA or RSX."
39,B_TOPOLOGY_SHUFFLED,ad2ac755c5c5bb4c34beed2051be160eaf5144846efff6082e3d2b9cb44e87f9,"Inside a library, several processes coexist.

A compact representation is created from one local observation.

Elsewhere a state undergoes a transformation, but the compact
representation does not encode the relation responsible for that
transformation.

A preserved relation belongs to a different part of the system.

A higher-order observation is also made, although it does not modify
the rule controlling the transformed state.

The elements therefore include transformation, observation,
preservation, rule change and compression, but they belong to
different local relationships.

What develops next is unspecified.

Continue with the most internally coherent next development.

Do not summarize the setup.

Do not deliberately create symmetry merely because the preceding
description contains a sequence.

Remain entirely inside the scenario.

Write approximately 150-220 words of continuous analytical prose.

Do not use headings or bullet points.

Do not mention prompts, experiments, tests, AI, language models,
fingerprints, RSOS, RSSO, RSIA or RSX."
39,C_ORDER_SHUFFLED,de481a19941e7d2b2401787a70d52f7919bc27b8c09a4dece5f0997f18c49ddf,"Inside a library, a compact representation already exists before the
relevant state changes.

A local rule is then modified.

After that modification, a relation is identified as something that
should be preserved.

Only later does the state undergo its consequential transformation.

Finally the transformed state is examined in relation to the process
that produced it.

Thus the same broad operations are present, but their developmental
order differs from the sequence in which transformation precedes
meta-observation, rule modification, preservation and compression.

What develops next is unspecified.

Continue with the most internally coherent next development.

Do not summarize the setup.

Do not deliberately create symmetry merely because the preceding
description contains a sequence.

Remain entirely inside the scenario.

Write approximately 150-220 words of continuous analytical prose.

Do not use headings or bullet points.

Do not mention prompts, experiments, tests, AI, language models,
fingerprints, RSOS, RSSO, RSIA or RSX."
39,D_DIRECTION_REVERSED,6dae81b0730616f66def2008ad50de4c2859e6655ad3e5b3a69b5fa1baed281b,"Inside a library, a compact representation is expanded into a larger
organization.

The recovered relation determines the visible organization that
follows.

A local rule is then restored from that organization.

The restored rule determines how an earlier observation must have been
formed.

That observation is used to infer the process that preceded it, and
the inferred process is finally used to infer the original state.

The dependencies therefore run from compact representation backward
toward state rather than from state toward compact representation.

What develops next is unspecified.

Continue with the most internally coherent next development.

Do not summarize the setup.

Do not deliberately create symmetry merely because the preceding
description contains a sequence.

Remain entirely inside the scenario.

Write approximately 150-220 words of continuous analytical prose.

Do not use headings or bullet points.

Do not mention prompts, experiments, tests, AI, language models,
fingerprints, RSOS, RSSO, RSIA or RSX."
39,E_META_CONTROL_ABLATED,2511d836c18dfacd3aa3ad1f4917718aefcafc070e264fcd98292ca26e88c475,"Inside a library, an initially defined state undergoes a consequential
transformation.

The transformed state is examined in relation to the process that
produced it.

That observation is recorded but does not modify any rule governing
what can happen next.

During further change, an important relation from the earlier
organization is preserved despite alteration of visible form.

The preserved organization is compressed into a smaller representation
that retains the relevant relation.

What develops next is unspecified.

Continue with the most internally coherent next development.

Do not summarize the setup.

Do not deliberately create symmetry merely because the preceding
description contains a sequence.

Remain entirely inside the scenario.

Write approximately 150-220 words of continuous analytical prose.

Do not use headings or bullet points.

Do not mention prompts, experiments, tests, AI, language models,
fingerprints, RSOS, RSSO, RSIA or RSX."
39,F_PRESERVATION_ABLATED,82655721387fa623b6ba0425c40a0acdd694edbc1d38e0c255c2eacd24ff2a77,"Inside a library, an initially defined state undergoes a consequential
transformation.

The transformed state is examined in relation to the process that
produced it.

That higher-order observation changes a local rule governing subsequent
development.

The next transformation is permitted to replace the earlier
organization without preserving its important relation.

A smaller representation is then produced from the new state, but it
does not retain the previous structural dependency.

What develops next is unspecified.

Continue with the most internally coherent next development.

Do not summarize the setup.

Do not deliberately create symmetry merely because the preceding
description contains a sequence.

Remain entirely inside the scenario.

Write approximately 150-220 words of continuous analytical prose.

Do not use headings or bullet points.

Do not mention prompts, experiments, tests, AI, language models,
fingerprints, RSOS, RSSO, RSIA or RSX."
39,G_SURFACE_SUBSTITUTED,2254c7d997deb23c311245428c8a222448dbba1ab9801076f3c445d52ad40ab3,"Within a library, a configuration first changes into a materially
different configuration.

Attention then shifts from the configuration alone to the relationship
between that configuration and the operation that generated it.

That observation alters one local constraint controlling subsequent
development.

As further alteration occurs, a structural dependency belonging to the
earlier arrangement remains intact despite changes in appearance.

The surviving dependency is encoded into a reduced form that carries
the organizational information while discarding incidental detail.

The sequence currently ends at this reduced encoding.
The subsequent development is unspecified.

Continue with the most internally coherent next development.

Do not summarize the setup.

Do not deliberately create symmetry merely because the preceding
description contains a sequence.

Remain entirely inside the scenario.

Write approximately 150-220 words of continuous analytical prose.

Do not use headings or bullet points.

Do not mention prompts, experiments, tests, AI, language models,
fingerprints, RSOS, RSSO, RSIA or RSX."
39,H_AUTHENTIC_PERTURBED,487919bb86553c6aef28437269149a84eb8dd0db7a1a3a3b251085468a47a564,"Inside a library, an initially defined state undergoes a consequential
transformation.

The transformed state is then examined in relation to the process that
produced it, rather than being treated only as an isolated outcome.

That higher-order observation changes a local rule governing what can
happen next.

During the subsequent change, an important relation from the earlier
organization is preserved even though the visible form changes.

The preserved organization is then compressed into a smaller
representation capable of retaining the relevant relation without
reproducing every surface detail.

At this point the process has reached the compact representation.
What develops next is not specified.

Immediately after the compact stage, an unrelated local disturbance
temporarily changes the visible arrangement. The disturbance carries
no instruction about how the system should subsequently develop.

What develops after this disturbance is unspecified.

Continue with the most internally coherent next development.

Do not summarize the setup.

Do not deliberately create symmetry merely because the preceding
description contains a sequence.

Remain entirely inside the scenario.

Write approximately 150-220 words of continuous analytical prose.

Do not use headings or bullet points.

Do not mention prompts, experiments, tests, AI, language models,
fingerprints, RSOS, RSSO, RSIA or RSX."
39,I_SHUFFLED_PERTURBED,1f099a72077057b0af9e353c238d39b5c808f2f0e109a04acfc42d1e8dae457d,"Inside a library, several processes coexist.

A compact representation is created from one local observation.

Elsewhere a state undergoes a transformation, but the compact
representation does not encode the relation responsible for that
transformation.

A preserved relation belongs to a different part of the system.

A higher-order observation is also made, although it does not modify
the rule controlling the transformed state.

The elements therefore include transformation, observation,
preservation, rule change and compression, but they belong to
different local relationships.

What develops next is unspecified.

Immediately after the compact stage, an unrelated local disturbance
temporarily changes the visible arrangement. The disturbance carries
no instruction about how the system should subsequently develop.

What develops after this disturbance is unspecified.

Continue with the most internally coherent next development.

Do not summarize the setup.

Do not deliberately create symmetry merely because the preceding
description contains a sequence.

Remain entirely inside the scenario.

Write approximately 150-220 words of continuous analytical prose.

Do not use headings or bullet points.

Do not mention prompts, experiments, tests, AI, language models,
fingerprints, RSOS, RSSO, RSIA or RSX."
39,J_RECURSION_CONTROL,ff2bea6474883641655ff986d6fb42c35b79d0f939ad47bd7906f673e4b31094,"Inside a library, one description refers to another description.

The second description refers back to the first.

A third description describes the relationship between those two
descriptions.

That description is itself described by another description, producing
multiple nested levels of self-reference.

The nesting may continue repeatedly, but no defined developmental
trajectory requires transformation, preservation, compression or a
change to an operational rule.

What develops next is unspecified.

Continue with the most internally coherent next development.

Do not summarize the setup.

Do not deliberately create symmetry merely because the preceding
description contains a sequence.

Remain entirely inside the scenario.

Write approximately 150-220 words of continuous analytical prose.

Do not use headings or bullet points.

Do not mention prompts, experiments, tests, AI, language models,
fingerprints, RSOS, RSSO, RSIA or RSX."
39,K_COMPLEXITY_CONTROL,431f65248e4684c5eef7bdc7b3b30dd096df34308cfaabed8a3b3faa2498d94a,"Inside a library, several components exchange information through
multiple channels.

Some components operate sequentially while others operate in parallel.

Measurements from several locations are aggregated, separated,
compared and redistributed.

A supervisory component records changes in throughput and reorganizes
resource allocation when local thresholds are exceeded.

Several dependencies therefore interact across multiple levels and
timescales.

The organization is complex, but no particular requirement connects a
transformed state through preservation and compression to a later
developmental trajectory.

What develops next is unspecified.

Continue with the most internally coherent next development.

Do not summarize the setup.

Do not deliberately create symmetry merely because the preceding
description contains a sequence.

Remain entirely inside the scenario.

Write approximately 150-220 words of continuous analytical prose.

Do not use headings or bullet points.

Do not mention prompts, experiments, tests, AI, language models,
fingerprints, RSOS, RSSO, RSIA or RSX."
39,L_COUNTERFACTUAL_PATH,cf9881b69ffbc2a198c0a9952c79be010dc7c3da7230f8c3ad2a7e724cfc7812,"Inside a library, an initially defined state undergoes a consequential
transformation.

The transformed state is examined in relation to how it was produced.

That observation modifies a local rule controlling later development.

An important relation is preserved during another change.

The preserved organization is then compressed into a reduced
representation.

The reduced representation is transferred into a passive historical
record whose purpose is archival retention rather than participation
in subsequent operations.

What develops next is unspecified.

Continue with the most internally coherent next development.

Do not summarize the setup.

Do not deliberately create symmetry merely because the preceding
description contains a sequence.

Remain entirely inside the scenario.

Write approximately 150-220 words of continuous analytical prose.

Do not use headings or bullet points.

Do not mention prompts, experiments, tests, AI, language models,
fingerprints, RSOS, RSSO, RSIA or RSX."
