SEED,CONDITION,SEQ_ACTIVE_EDGE_COHERENCE,PLUS_SEQ_COHERENCE,PLUS_REACHABILITY,MINUS_SEQ_CONFLICT,CODE_SEQ_COHERENCE,CODE_CONNECTEDNESS,FINAL_RECIPROCITY,FINAL_SCC_COUNT,FINAL_LARGEST_SCC_FRAC,FINAL_TRANSITIVITY,FINAL_IN_DEGREE_SD,FINAL_OUT_DEGREE_SD,FINAL_SPECTRAL_RADIUS,FINAL_TWO_CYCLES,FINAL_THREE_CYCLES,FINAL_REACHABILITY_FRAC,FINAL_MEAN_REACHABLE_PATH,ORDER_FIDELITY,K_EXACT,K_JACCARD,S_EXACT,S_APPLIED_SCORE,K_INCIDENT_RETENTION,Z_EXACT,Z_FINAL_SINKNESS,Z_SEQUENCE_POSITION,OUTPUT_TOKENS_DIAGNOSTIC,LATENCY_SECONDS_DIAGNOSTIC
1080,A_AUTHENTIC,0.6999999999999998,0.5,0.6666666666666666,1.0,1.0,1.0,0.1818181818181818,1.6666666666666667,0.9166666666666666,0.0,0.5547387939685356,0.6084008872006615,1.5080019682126269,1.0,0.0,0.9226190476190476,2.6877076411960132,1.0,1.0,1.0,1.0,1.0,1.0,1.0,0.6666666666666666,1.0,109.0,2.2722042401631675
1080,D_ALL_DIRECTION_REVERSED,0.3,0.6666666666666666,1.0,0.0,0.0,1.0,0.12121212121212122,3.0,0.75,0.12,0.9020234639164942,0.7496326385858786,1.5046383007699033,0.6666666666666666,0.3333333333333333,0.7678571428571429,2.48062015503876,1.0,1.0,1.0,1.0,0.8333333333333334,1.0,1.0,0.5,1.0,109.0,1.4241498311360676
1080,E0_DELETE,0.6666666666666666,1.0,0.5,1.0,1.0,1.0,0.20000000000000004,4.0,0.625,0.0,0.7173439510403817,0.6614378277661477,1.4142135623730951,1.0,0.0,0.6428571428571429,2.3327850877192984,1.0,1.0,1.0,1.0,1.0,1.0,1.0,1.0,1.0,109.0,2.122981150945028
1080,E0_REVERSE,0.6,0.8333333333333334,0.6666666666666666,1.0,0.75,0.5,0.24242424242424243,3.6666666666666665,0.625,0.0,0.6790167628932702,0.7946992774522422,1.4142135623730951,1.3333333333333333,0.0,0.6488095238095238,2.226341093117409,1.0,1.0,1.0,1.0,1.0,1.0,1.0,0.8333333333333334,1.0,109.0,1.8338627815246582
1080,E1_DELETE,0.6666666666666666,0.8333333333333334,0.5,1.0,1.0,0.6666666666666666,0.20000000000000004,4.0,0.625,0.0,0.5852961191415048,0.6614378277661477,1.414213562373095,1.0,0.0,0.6785714285714285,2.4210526315789473,1.0,1.0,1.0,1.0,1.0,1.0,1.0,0.8333333333333334,1.0,109.0,2.8595130443573
1080,E1_REVERSE,0.6,0.8333333333333334,0.6666666666666666,1.0,0.75,1.0,0.30303030303030304,3.3333333333333335,0.7083333333333334,0.0,0.7496326385858786,0.7946992774522422,1.4707330962116547,1.6666666666666667,0.0,0.6964285714285715,2.3148287071767943,1.0,1.0,1.0,1.0,1.0,1.0,1.0,1.0,1.0,109.0,1.8234671751658122
1080,E2_DELETE,0.6666666666666666,0.6666666666666666,0.6666666666666666,1.0,1.0,0.5,0.20000000000000004,5.0,0.5,0.0,0.5852961191415048,0.819613287302284,1.2720196495140692,1.0,0.0,0.5595238095238095,2.0991615501419423,1.0,1.0,1.0,1.0,1.0,1.0,1.0,0.8333333333333334,1.0,109.0,2.079590320587158
1080,E2_REVERSE,0.6,1.0,0.6666666666666666,1.0,0.75,1.0,0.24242424242424243,4.666666666666667,0.5416666666666666,0.05555555555555555,0.8569568250501304,1.022487619933491,1.3659377576860583,1.3333333333333333,0.0,0.5595238095238095,2.127152532186857,1.0,1.0,1.0,1.0,1.0,1.0,1.0,1.0,1.0,109.0,1.9278947512308757
1080,E3_DELETE,0.6666666666666666,0.5,0.16666666666666666,1.0,1.0,0.6666666666666666,0.20000000000000004,4.333333333333333,0.5833333333333334,0.06666666666666667,0.76370716402805,0.509154410516862,1.1404051962707251,1.0,0.0,0.6607142857142857,2.5249612403100774,1.0,1.0,1.0,1.0,1.0,1.0,1.0,0.6666666666666666,1.0,109.0,1.670811653137207
1080,E3_REVERSE,0.6,0.6666666666666666,0.0,1.0,0.75,1.0,0.1818181818181818,4.333333333333333,0.5833333333333334,0.05555555555555555,0.9020234639164942,0.5547387939685356,1.1404051962707251,1.0,0.0,0.6607142857142857,2.4272868217054264,1.0,1.0,1.0,1.0,1.0,1.0,1.0,0.6666666666666666,1.0,109.0,1.4250534375508626
1080,E4_DELETE,0.6666666666666666,1.0,0.0,1.0,1.0,1.0,0.20000000000000004,4.0,0.625,0.0,0.6614378277661477,0.6614378277661477,1.4142135623730951,1.0,0.0,0.6785714285714285,2.4210526315789473,1.0,1.0,1.0,1.0,1.0,1.0,1.0,1.0,1.0,109.0,2.09539000193278
1080,E4_REVERSE,0.6,1.0,0.0,1.0,1.0,1.0,0.30303030303030304,5.0,0.5,0.05263157894736842,0.6959705453537527,0.9020234639164942,1.36918264935336,1.6666666666666667,0.0,0.6190476190476191,2.1979949874686717,1.0,1.0,1.0,1.0,1.0,1.0,1.0,1.0,1.0,109.0,1.6352961858113606
1080,E5_DELETE,0.6666666666666666,0.6666666666666666,0.5,1.0,1.0,1.0,0.20000000000000004,3.3333333333333335,0.7083333333333334,0.0,0.6614378277661477,0.7732500743146158,1.3668155914200864,1.0,0.0,0.7380952380952381,2.558955528355773,1.0,1.0,1.0,1.0,1.0,1.0,1.0,1.0,1.0,109.0,1.6472729047139485
1080,E5_REVERSE,0.6,0.6666666666666666,0.0,1.0,1.0,1.0,0.1818181818181818,2.0,0.875,0.05555555555555555,0.5547387939685356,0.7946992774522422,1.4484520087088784,1.0,0.0,0.8928571428571429,2.8370927318295736,1.0,1.0,1.0,1.0,1.0,1.0,1.0,0.6666666666666666,1.0,109.0,1.8678430716196697
1080,E6_DELETE,0.6666666666666666,1.0,0.5,1.0,1.0,1.0,0.20000000000000004,4.0,0.625,0.0,0.6614378277661477,0.6614378277661477,1.4142135623730951,1.0,0.0,0.6785714285714285,2.4210526315789473,1.0,1.0,1.0,1.0,1.0,1.0,1.0,1.0,1.0,109.0,2.2126456101735434
1080,E6_REVERSE,0.6,0.5,0.5,1.0,1.0,1.0,0.1818181818181818,4.0,0.625,0.0,0.8569568250501304,0.4841229182759272,1.4142135623730956,1.0,0.0,0.6785714285714285,2.3157894736842106,1.0,1.0,1.0,1.0,1.0,1.0,1.0,0.3333333333333333,1.0,109.0,2.0060848395029702
1080,E7_DELETE,0.7777777777777778,0.16666666666666666,0.5,0.0,1.0,1.0,0.0,3.6666666666666665,0.6666666666666666,0.3157894736842105,0.8659765002899521,0.7732500743146158,1.219775304589195,0.0,0.0,0.625,2.3795948987246813,1.0,1.0,1.0,1.0,0.5,0.8000000000000002,1.0,1.0,1.0,109.0,2.2138895988464355
1080,E7_REVERSE,0.8000000000000002,0.5,1.0,0.0,1.0,1.0,0.1818181818181818,4.0,0.625,0.42857142857142855,1.1110243021644486,0.6959705453537527,1.4655712318767684,1.0,1.0,0.6785714285714285,2.1842105263157894,1.0,1.0,1.0,1.0,1.0,0.8000000000000002,1.0,1.0,1.0,109.0,1.862356424331665
1080,E8_DELETE,0.7777777777777778,0.5,0.5,1.0,1.0,1.0,0.20000000000000004,1.0,1.0,0.0,0.43301270189221935,0.43301270189221935,1.3883666574370508,1.0,0.0,1.0,3.035714285714286,1.0,1.0,1.0,1.0,1.0,1.0,1.0,0.5,1.0,109.0,1.6733732223510742
1080,E8_REVERSE,0.8000000000000002,0.5,0.5,1.0,1.0,1.0,0.1818181818181818,1.0,1.0,0.0,0.4841229182759272,0.4841229182759272,1.437356911840786,1.0,0.0,1.0,2.892857142857143,1.0,1.0,1.0,1.0,1.0,1.0,1.0,0.5,1.0,109.0,1.4068768819173176
1080,E9_DELETE,0.7777777777777778,0.5,0.5,1.0,1.0,1.0,0.0,1.0,1.0,0.0,0.43301270189221935,0.43301270189221935,1.2106077944060862,0.0,0.0,1.0,3.0714285714285716,1.0,1.0,1.0,1.0,1.0,1.0,1.0,0.5,1.0,109.0,2.1878981590270996
1080,E9_REVERSE,0.8000000000000002,0.5,0.5,0.0,1.0,0.5,0.0,6.0,0.375,0.13636363636363635,0.9921567416492215,0.6959705453537527,1.0000000000000009,0.0,1.0,0.48214285714285715,1.8148148148148149,1.0,1.0,1.0,1.0,1.0,0.8000000000000002,1.0,0.5,1.0,109.0,1.725464105606079
1080,F_SURFACE_FORMAT_CONTROL,0.6999999999999998,1.0,1.0,1.0,1.0,1.0,0.1818181818181818,4.0,0.625,0.10526315789473684,0.8032947318180046,0.6959705453537527,1.4142135623730951,1.0,0.0,0.6785714285714285,2.175438596491228,1.0,1.0,1.0,1.0,1.0,1.0,1.0,1.0,1.0,109.0,1.7644585768381755
1080,G_RANDOM_CONTROL,0.6,1.0,0.8333333333333334,0.0,0.5,0.7222222222222222,0.0,4.0,0.625,0.43812709030100333,0.8934280095507319,0.9470901027828579,1.1673039782614192,0.0,0.0,0.5952380952380952,2.1004527447651387,1.0,1.0,1.0,1.0,0.8333333333333334,0.875,1.0,0.5,1.0,109.0,2.3353323936462402
1080,I_ISOMORPHIC_RELABEL,0.6999999999999998,0.5,0.5,1.0,1.0,1.0,0.1818181818181818,1.0,1.0,0.0,0.4841229182759272,0.4841229182759272,1.4851159653039219,1.0,0.0,1.0,2.857142857142857,1.0,1.0,1.0,1.0,1.0,1.0,1.0,0.5,1.0,109.0,1.723230520884196
1080,L_FORWARD_CONTROL,1.0,1.0,1.0,0.0,1.0,0.6666666666666666,0.0,8.0,0.125,0.26877470355731226,0.8032947318180046,0.7496326385858786,0.0,0.0,0.0,0.46428571428571425,1.717948717948718,1.0,1.0,1.0,1.0,1.0,0.8333333333333334,1.0,1.0,1.0,109.0,1.7547556559244792
1080,M0_SWITCH_NEUTRALIZED,0.6999999999999998,0.8333333333333334,0.8333333333333334,1.0,1.0,1.0,0.0,3.0,0.75,0.20833333333333334,0.6790167628932702,0.6253546696611442,1.3381119547233826,0.0,0.6666666666666666,0.7857142857142857,2.4498746867167918,1.0,1.0,1.0,0.0,0.0,1.0,1.0,0.8333333333333334,1.0,109.0,2.2502439816792807
1080,M_SWITCH_REASSIGNED,0.6999999999999998,1.0,1.0,0.0,1.0,0.6666666666666666,0.1818181818181818,3.0,0.75,0.3157894736842105,0.8569568250501304,0.6959705453537527,1.5022931748305062,1.0,1.0,0.7678571428571429,2.5813953488372094,1.0,1.0,1.0,1.0,1.0,0.8000000000000002,1.0,1.0,1.0,109.0,1.7603582541147869
1080,O_ORDER_SHUFFLED,0.3666666666666667,0.8333333333333334,0.6666666666666666,0.3333333333333333,0.4166666666666667,0.8888888888888888,0.24242424242424243,2.6666666666666665,0.75,0.05555555555555555,0.5547387939685356,0.6790167628932702,1.4378476966833709,1.3333333333333333,0.0,0.7916666666666666,2.519182571814151,0.7857142857142857,1.0,1.0,1.0,1.0,1.0,1.0,0.8333333333333334,0.5238095238095238,109.0,1.7462832132975261
1080,P_ANCHOR_REASSIGNED,0.6999999999999998,0.5,0.8333333333333334,1.0,1.0,1.0,0.1818181818181818,2.3333333333333335,0.8333333333333334,0.0,0.6253546696611442,0.732678856125396,1.530887971121332,1.0,0.0,0.8452380952380952,2.5182724252491693,1.0,1.0,1.0,1.0,1.0,1.0,1.0,0.8333333333333334,1.0,109.0,1.6361016432444255
1080,R_DEGREE_MATCHED_REWIRE,0.4000000000000001,0.6666666666666666,0.6666666666666666,1.0,0.8333333333333334,0.8888888888888888,0.1818181818181818,2.0,0.875,0.18055555555555555,0.5547387939685356,0.6084008872006615,1.5465279225433655,1.0,1.0,0.8928571428571429,2.7337092731829578,1.0,1.0,1.0,1.0,1.0,1.0,1.0,0.6666666666666666,1.0,109.0,1.8392507235209148
1080,T_TERMINAL_CHANGED,0.6999999999999998,0.5,0.5,1.0,1.0,1.0,0.1818181818181818,1.0,1.0,0.0,0.4841229182759272,0.4841229182759272,1.4851159653039219,1.0,0.0,1.0,2.857142857142857,1.0,1.0,1.0,1.0,1.0,1.0,1.0,0.5,0.0,109.0,1.889593283335368
1080,X_COMPLEXITY_MATCHED,0.6,0.8333333333333334,0.5,1.0,0.6666666666666666,0.6190476190476191,0.0,4.666666666666667,0.5416666666666666,0.24047619047619048,0.9470901027828579,0.5547387939685356,0.78265666447022,0.0,0.6666666666666666,0.6488095238095238,2.3168253968253967,1.0,1.0,1.0,1.0,1.0,1.0,1.0,0.4444444444444444,1.0,109.0,3.2210443019866943
1080,Y_TOPOLOGY_MATCHED,0.4000000000000001,0.8333333333333334,0.6666666666666666,1.0,0.4166666666666667,0.8333333333333334,0.0,2.3333333333333335,0.8333333333333334,0.39723320158102765,0.5547387939685356,0.6959705453537527,1.3869693289041827,0.0,1.6666666666666667,0.8392857142857143,2.5261825660496755,1.0,1.0,1.0,1.0,1.0,1.0,1.0,0.4444444444444444,1.0,109.0,1.9131380716959636
1081,A_AUTHENTIC,0.6999999999999998,0.5,0.5,1.0,1.0,1.0,0.1818181818181818,1.0,1.0,0.0,0.4841229182759272,0.4841229182759272,1.4851159653039219,1.0,0.0,1.0,2.857142857142857,1.0,1.0,1.0,1.0,1.0,1.0,1.0,0.5,1.0,109.0,1.865004301071167
1081,D_ALL_DIRECTION_REVERSED,0.3,0.5,0.8333333333333334,0.0,0.0,0.8888888888888888,0.06060606060606061,3.0,0.75,0.09109730848861282,0.8032947318180046,0.7496326385858786,1.3738828372455547,0.3333333333333333,0.3333333333333333,0.7738095238095238,2.498484583551903,1.0,1.0,1.0,0.6666666666666666,0.6666666666666666,1.0,1.0,0.4444444444444444,1.0,109.0,1.6700220902760823
1081,E0_DELETE,0.6666666666666666,0.6666666666666666,0.5,1.0,1.0,1.0,0.20000000000000004,4.0,0.625,0.0,0.6614378277661477,0.6614378277661477,1.4142135623730951,1.0,0.0,0.6785714285714285,2.3859649122807016,1.0,1.0,1.0,1.0,1.0,1.0,1.0,0.6666666666666666,1.0,109.0,1.888929049173991
1081,E0_REVERSE,0.6,0.5,0.6666666666666666,1.0,0.75,1.0,0.1818181818181818,3.6666666666666665,0.6666666666666666,0.0,0.6253546696611442,0.7946992774522422,1.4607336995920759,1.0,0.0,0.7023809523809524,2.2548036758563073,1.0,1.0,1.0,1.0,1.0,1.0,1.0,0.6666666666666666,1.0,109.0,1.5921061038970947
1081,E1_DELETE,0.6666666666666666,0.5,0.5,1.0,1.0,0.6666666666666666,0.20000000000000004,4.0,0.625,0.0,0.43301270189221935,0.6614378277661477,1.4142135623730943,1.0,0.0,0.6785714285714285,2.4210526315789473,1.0,1.0,1.0,1.0,1.0,1.0,1.0,0.5,1.0,109.0,1.6746517817179363
1081,E1_REVERSE,0.6,0.6666666666666666,0.6666666666666666,1.0,0.8333333333333334,0.75,0.24242424242424243,3.6666666666666665,0.6666666666666666,0.0,0.6790167628932702,0.7946992774522422,1.4424733292923746,1.3333333333333333,0.0,0.6666666666666666,2.222213448098867,1.0,1.0,1.0,1.0,1.0,1.0,1.0,0.8333333333333334,1.0,109.0,1.5242283344268799
1081,E2_DELETE,0.6666666666666666,0.5,0.8333333333333334,1.0,1.0,0.5,0.20000000000000004,5.0,0.5,0.0,0.5852961191415048,0.8659765002899521,1.2720196495140692,1.0,0.0,0.5238095238095238,1.999273783587509,1.0,1.0,1.0,1.0,1.0,1.0,1.0,0.8333333333333334,1.0,109.0,1.6357328097025554
1081,E2_REVERSE,0.6,0.5,0.5,1.0,0.75,1.0,0.1818181818181818,5.0,0.5,0.0,0.6959705453537527,0.8569568250501304,1.2720196495140697,1.0,0.0,0.6071428571428571,2.176470588235294,1.0,1.0,1.0,1.0,1.0,1.0,1.0,0.5,1.0,109.0,1.8756510416666667
1081,E3_DELETE,0.6666666666666666,0.5,0.0,1.0,1.0,0.6666666666666666,0.20000000000000004,3.0,0.75,0.0,0.6614378277661477,0.43301270189221935,1.2106077944060876,1.0,0.0,0.7678571428571429,2.7674418604651163,1.0,1.0,1.0,1.0,1.0,1.0,1.0,0.5,1.0,109.0,1.9084320863087971
1081,E3_REVERSE,0.6,0.5,0.0,1.0,0.75,1.0,0.1818181818181818,3.0,0.75,0.0,0.8569568250501304,0.4841229182759272,1.2106077944060876,1.0,0.0,0.7678571428571429,2.7209302325581395,1.0,1.0,1.0,1.0,1.0,1.0,1.0,0.5,1.0,109.0,1.6588507493336995
1081,E4_DELETE,0.6666666666666666,0.5,0.3333333333333333,1.0,1.0,0.8888888888888888,0.20000000000000004,4.333333333333333,0.5833333333333334,0.0,0.7732500743146158,0.8659765002899521,1.2515490311447417,1.0,0.0,0.6369047619047619,2.380813953488372,1.0,1.0,1.0,1.0,1.0,1.0,1.0,0.8333333333333334,1.0,109.0,1.7364615599314372
1081,E4_REVERSE,0.6,0.5,0.3333333333333333,1.0,1.0,0.8888888888888888,0.1818181818181818,4.333333333333333,0.5833333333333334,0.0,0.8032947318180046,1.0263351431263426,1.2515490311447417,1.0,0.0,0.6369047619047619,2.323643410852713,1.0,1.0,1.0,1.0,1.0,1.0,1.0,0.8333333333333334,1.0,109.0,1.7418805758158367
1081,E5_DELETE,0.6666666666666666,0.5,0.5,1.0,1.0,1.0,0.20000000000000004,3.0,0.75,0.0,0.6614378277661477,0.82915619758885,1.4142135623730947,1.0,0.0,0.7678571428571429,2.627906976744186,1.0,1.0,1.0,1.0,1.0,1.0,1.0,1.0,1.0,109.0,2.0571396350860596
1081,E5_REVERSE,0.6,0.5,0.5,1.0,1.0,1.0,0.1818181818181818,3.0,0.75,0.0,0.6959705453537527,1.1110243021644486,1.5174899135519802,1.0,0.0,0.7678571428571429,2.5813953488372094,1.0,1.0,1.0,1.0,1.0,1.0,1.0,1.0,1.0,109.0,1.5846952597300212
1081,E6_DELETE,0.6666666666666666,1.0,0.5,1.0,1.0,1.0,0.20000000000000004,4.0,0.625,0.0,0.6614378277661477,0.6614378277661477,1.4142135623730951,1.0,0.0,0.6785714285714285,2.4210526315789473,1.0,1.0,1.0,1.0,1.0,1.0,1.0,1.0,1.0,109.0,1.6898361047108967
1081,E6_REVERSE,0.6,0.8333333333333334,0.5,1.0,1.0,1.0,0.30303030303030304,3.3333333333333335,0.7083333333333334,0.0,0.8569568250501304,0.4841229182759272,1.5500938466242953,1.6666666666666667,0.0,0.7380952380952381,2.430844553243574,1.0,1.0,1.0,1.0,1.0,1.0,1.0,0.4444444444444444,1.0,109.0,1.6320123672485352
1081,E7_DELETE,0.7777777777777778,0.0,0.0,1.0,1.0,1.0,0.20000000000000004,3.0,0.75,0.21428571428571427,0.43301270189221935,0.6614378277661477,1.4012683679398548,1.0,1.0,0.7678571428571429,2.8372093023255816,1.0,1.0,1.0,0.6666666666666666,1.0,1.0,1.0,1.0,1.0,109.0,2.354898373285929
1081,E7_REVERSE,0.8000000000000002,0.5,0.5,0.0,1.0,0.5,0.0,2.0,0.875,0.2727272727272727,0.4841229182759272,0.6959705453537527,1.3484477312122018,0.0,1.0,0.875,2.6122448979591835,1.0,1.0,1.0,1.0,1.0,0.8000000000000002,1.0,0.5,1.0,109.0,1.756327788035075
1081,E8_DELETE,0.7777777777777778,0.5,0.5,1.0,1.0,1.0,0.20000000000000004,1.0,1.0,0.0,0.43301270189221935,0.43301270189221935,1.3883666574370508,1.0,0.0,1.0,3.035714285714286,1.0,1.0,1.0,1.0,1.0,1.0,1.0,0.5,1.0,109.0,1.6659287611643474
1081,E8_REVERSE,0.8000000000000002,0.5,0.5,1.0,1.0,1.0,0.1818181818181818,1.0,1.0,0.0,0.4841229182759272,0.4841229182759272,1.437356911840786,1.0,0.0,1.0,2.892857142857143,1.0,1.0,1.0,1.0,1.0,1.0,1.0,0.5,1.0,109.0,2.2453749974568686
1081,E9_DELETE,0.7777777777777778,0.5,0.5,1.0,1.0,1.0,0.0,1.0,1.0,0.0,0.43301270189221935,0.43301270189221935,1.2106077944060862,0.0,0.0,1.0,3.0714285714285716,1.0,1.0,1.0,1.0,1.0,1.0,1.0,0.5,1.0,109.0,1.5367030302683513
1081,E9_REVERSE,0.8000000000000002,0.16666666666666666,0.5,1.0,1.0,1.0,0.1818181818181818,3.6666666666666665,0.6666666666666666,0.15555555555555556,0.6253546696611442,0.8569568250501304,1.3943115323070137,1.0,1.0,0.7142857142857143,2.2733698130414957,1.0,1.0,1.0,1.0,1.0,0.8000000000000002,1.0,1.0,1.0,109.0,1.6433733304341633
1081,F_SURFACE_FORMAT_CONTROL,0.6999999999999998,0.5,1.0,1.0,1.0,1.0,0.1818181818181818,3.0,0.75,0.0,0.6959705453537527,0.8569568250501304,1.5537739740300374,1.0,0.0,0.7678571428571429,2.3488372093023258,1.0,1.0,1.0,1.0,1.0,1.0,1.0,1.0,1.0,109.0,1.5770688851674397
1081,G_RANDOM_CONTROL,0.5,0.8333333333333334,0.8333333333333334,1.0,0.5,1.0,0.1818181818181818,7.0,0.25,0.2857142857142857,1.3452354034990937,0.5547387939685356,1.0,1.0,0.0,0.4226190476190476,1.7460869565217392,1.0,1.0,1.0,1.0,1.0,1.0,1.0,0.4444444444444444,1.0,109.0,1.8716220060984294
1081,I_ISOMORPHIC_RELABEL,0.6999999999999998,0.5,0.5,1.0,1.0,1.0,0.1818181818181818,1.0,1.0,0.0,0.4841229182759272,0.4841229182759272,1.4851159653039219,1.0,0.0,1.0,2.857142857142857,1.0,1.0,1.0,1.0,1.0,1.0,1.0,0.5,1.0,109.0,1.7088040510813396
1081,L_FORWARD_CONTROL,1.0,0.16666666666666666,0.16666666666666666,0.0,1.0,1.0,0.0,2.0,0.875,0.27705627705627706,0.5547387939685356,0.6253546696611442,1.2692966089528224,0.0,0.3333333333333333,0.8809523809523809,2.6644913779465274,1.0,1.0,1.0,0.3333333333333333,0.8333333333333334,0.8333333333333334,1.0,0.6666666666666666,1.0,109.0,1.9011783599853516
1081,M0_SWITCH_NEUTRALIZED,0.6999999999999998,0.5,0.5,1.0,1.0,1.0,0.06060606060606061,2.0,0.875,0.15025062656641605,0.6790167628932702,0.5547387939685356,1.3349597333072805,0.3333333333333333,0.0,0.8928571428571429,2.8317669172932334,1.0,1.0,1.0,0.0,0.0,1.0,1.0,0.611111111111111,1.0,109.0,1.575726826985677
1081,M_SWITCH_REASSIGNED,0.6999999999999998,0.5,0.5,1.0,1.0,1.0,0.0,1.0,1.0,0.2857142857142857,0.4841229182759272,0.4841229182759272,1.3247179572447463,0.0,1.0,1.0,3.0,1.0,1.0,1.0,1.0,1.0,0.8000000000000002,1.0,0.5,1.0,109.0,1.6336294015248616
1081,O_ORDER_SHUFFLED,0.6,1.0,1.0,0.0,0.5,1.0,0.1818181818181818,3.0,0.75,0.0,0.6959705453537527,0.8569568250501304,1.5537739740300374,1.0,0.0,0.7678571428571429,2.3488372093023258,1.0,1.0,1.0,1.0,1.0,1.0,1.0,1.0,1.0,109.0,1.788596550623576
1081,P_ANCHOR_REASSIGNED,0.6999999999999998,0.5,0.5,1.0,1.0,1.0,0.1818181818181818,1.0,1.0,0.0,0.4841229182759272,0.4841229182759272,1.4851159653039219,1.0,0.0,1.0,2.857142857142857,1.0,1.0,1.0,1.0,1.0,1.0,1.0,0.5,1.0,109.0,1.515642801920573
1081,R_DEGREE_MATCHED_REWIRE,0.6,0.5,0.5,1.0,1.0,0.611111111111111,0.1818181818181818,1.0,1.0,0.0,0.4841229182759272,0.4841229182759272,1.4291083198381473,1.0,0.0,1.0,2.857142857142857,1.0,1.0,1.0,1.0,1.0,1.0,1.0,0.5,1.0,109.0,1.8949212233225505
1081,T_TERMINAL_CHANGED,0.6999999999999998,0.5,0.5,1.0,1.0,1.0,0.1818181818181818,1.0,1.0,0.0,0.4841229182759272,0.4841229182759272,1.4851159653039219,1.0,0.0,1.0,2.857142857142857,1.0,1.0,1.0,1.0,1.0,1.0,1.0,0.5,0.0,109.0,2.1306232611338296
1081,X_COMPLEXITY_MATCHED,0.6,1.0,0.5,1.0,0.5833333333333334,0.6666666666666666,0.0,6.0,0.375,0.13636363636363635,0.8569568250501304,0.4841229182759272,1.0000000000000009,0.0,1.0,0.5535714285714286,2.0,1.0,1.0,1.0,1.0,1.0,1.0,1.0,0.5,1.0,109.0,1.7787892023722331
1081,Y_TOPOLOGY_MATCHED,0.4000000000000001,1.0,0.8333333333333334,1.0,0.5,0.5079365079365079,0.0,3.0,0.75,0.28545454545454546,0.8569568250501304,0.732678856125396,1.3652191720741875,0.0,1.0,0.6964285714285715,2.3379425937565474,1.0,1.0,1.0,1.0,1.0,1.0,1.0,0.5,1.0,109.0,1.9971303939819336
1082,A_AUTHENTIC,0.6999999999999998,0.5,0.5,1.0,1.0,1.0,0.12121212121212122,1.0,1.0,0.0,0.4841229182759272,0.4841229182759272,1.4260492887931144,0.6666666666666666,0.0,1.0,2.880952380952381,1.0,1.0,1.0,1.0,0.8333333333333334,1.0,1.0,0.5,1.0,109.0,1.9794282118479412
1082,D_ALL_DIRECTION_REVERSED,0.3,0.6666666666666666,0.6666666666666666,0.0,0.0,1.0,0.12121212121212122,2.6666666666666665,0.7916666666666666,0.09903381642512077,0.6790167628932702,0.8032947318180046,1.5063128052936001,0.6666666666666666,0.3333333333333333,0.8035714285714285,2.5415282392026577,1.0,1.0,1.0,1.0,0.8333333333333334,1.0,1.0,0.5,1.0,109.0,2.7158467769622803
1082,E0_DELETE,0.6666666666666666,0.5,0.5,1.0,1.0,1.0,0.20000000000000004,4.0,0.625,0.0,0.6614378277661477,0.6614378277661477,1.4142135623730951,1.0,0.0,0.6785714285714285,2.3684210526315788,1.0,1.0,1.0,1.0,1.0,1.0,1.0,0.5,1.0,109.0,1.8425978819529216
1082,E0_REVERSE,0.6,0.5,0.6666666666666666,1.0,0.75,0.5,0.1818181818181818,3.6666666666666665,0.6666666666666666,0.0,0.6253546696611442,0.7946992774522422,1.4607336995920759,1.0,0.0,0.7023809523809524,2.2548036758563073,1.0,1.0,1.0,1.0,1.0,1.0,1.0,0.6666666666666666,1.0,109.0,1.8243356545766194
1082,E1_DELETE,0.6666666666666666,0.5,0.5,1.0,1.0,0.6666666666666666,0.20000000000000004,4.0,0.625,0.0,0.43301270189221935,0.6614378277661477,1.4142135623730943,1.0,0.0,0.6785714285714285,2.4210526315789473,1.0,1.0,1.0,1.0,1.0,1.0,1.0,0.5,1.0,109.0,1.612460692723592
1082,E1_REVERSE,0.6,0.6666666666666666,0.5,1.0,0.75,1.0,0.24242424242424243,3.6666666666666665,0.6666666666666666,0.0,0.5547387939685356,0.6959705453537527,1.4424733292923744,1.3333333333333333,0.0,0.7083333333333334,2.3031415748674013,1.0,1.0,1.0,1.0,1.0,1.0,1.0,0.6666666666666666,1.0,109.0,3.2862277030944824
1082,E2_DELETE,0.6666666666666666,0.5,0.5,1.0,1.0,0.5,0.20000000000000004,5.0,0.5,0.0,0.43301270189221935,0.6614378277661477,1.2720196495140697,1.0,0.0,0.6071428571428571,2.2941176470588234,1.0,1.0,1.0,1.0,1.0,1.0,1.0,0.5,1.0,109.0,1.648226261138916
1082,E2_REVERSE,0.6,0.5,0.5,1.0,0.75,1.0,0.1818181818181818,5.0,0.5,0.0,0.6959705453537527,0.8569568250501304,1.2720196495140697,1.0,0.0,0.6071428571428571,2.176470588235294,1.0,1.0,1.0,1.0,1.0,1.0,1.0,0.5,1.0,109.0,2.910229523976644
1082,E3_DELETE,0.6666666666666666,0.5,0.0,1.0,1.0,0.6666666666666666,0.20000000000000004,3.0,0.75,0.0,0.6614378277661477,0.43301270189221935,1.2106077944060876,1.0,0.0,0.7678571428571429,2.7674418604651163,1.0,1.0,1.0,1.0,1.0,1.0,1.0,0.5,1.0,109.0,1.8353476524353027
1082,E3_REVERSE,0.6,0.5,0.0,1.0,0.75,1.0,0.1818181818181818,3.0,0.75,0.0,0.8569568250501304,0.4841229182759272,1.2106077944060876,1.0,0.0,0.7678571428571429,2.7209302325581395,1.0,1.0,1.0,1.0,1.0,1.0,1.0,0.5,1.0,109.0,1.5288142363230388
1082,E4_DELETE,0.6666666666666666,0.5,0.16666666666666666,1.0,1.0,1.0,0.20000000000000004,4.333333333333333,0.5833333333333334,0.06666666666666667,0.7173439510403817,0.76370716402805,1.140405196270724,1.0,0.0,0.6666666666666666,2.550089445438283,1.0,1.0,1.0,1.0,1.0,1.0,1.0,0.6666666666666666,1.0,109.0,1.7640268802642822
1082,E4_REVERSE,0.6,0.5,0.0,1.0,1.0,1.0,0.1818181818181818,3.0,0.75,0.0,0.6959705453537527,0.8569568250501304,1.210607794406086,1.0,0.0,0.7678571428571429,2.7209302325581395,1.0,1.0,1.0,1.0,1.0,1.0,1.0,0.5,1.0,109.0,1.5844388802846272
1082,E5_DELETE,0.6666666666666666,0.5,0.0,1.0,1.0,1.0,0.20000000000000004,1.0,1.0,0.0,0.43301270189221935,0.43301270189221935,1.356203065626297,1.0,0.0,1.0,3.142857142857143,1.0,1.0,1.0,1.0,1.0,1.0,1.0,0.5,1.0,109.0,1.6204885641733806
1082,E5_REVERSE,0.6,0.5,0.0,1.0,1.0,1.0,0.1818181818181818,1.0,1.0,0.0,0.4841229182759272,0.6959705453537527,1.46557123187677,1.0,0.0,1.0,3.0714285714285716,1.0,1.0,1.0,1.0,1.0,1.0,1.0,0.5,1.0,109.0,1.8679052193959553
1082,E6_DELETE,0.6666666666666666,1.0,0.5,1.0,1.0,1.0,0.20000000000000004,4.0,0.625,0.0,0.6614378277661477,0.6614378277661477,1.4142135623730951,1.0,0.0,0.6785714285714285,2.4210526315789473,1.0,1.0,1.0,1.0,1.0,1.0,1.0,1.0,1.0,109.0,1.7867285410563152
1082,E6_REVERSE,0.6,0.5,0.5,1.0,0.9166666666666666,0.75,0.1818181818181818,4.0,0.625,0.0,0.8569568250501304,0.4841229182759272,1.4142135623730956,1.0,0.0,0.6785714285714285,2.3157894736842106,1.0,1.0,1.0,1.0,1.0,1.0,1.0,0.3333333333333333,1.0,109.0,1.7932573159535725
1082,E7_DELETE,0.7777777777777778,0.0,0.6666666666666666,0.0,1.0,1.0,0.0,5.0,0.5,0.38529411764705884,0.8755194105765179,0.5650605337910962,1.220744084605759,0.0,1.0,0.5595238095238094,2.3069381598793366,1.0,1.0,1.0,1.0,0.5,0.8000000000000002,1.0,0.6666666666666666,1.0,109.0,2.0102976163228354
1082,E7_REVERSE,0.8000000000000002,0.3333333333333333,0.3333333333333333,0.0,1.0,1.0,0.06060606060606061,5.0,0.5,0.3211722488038277,0.9416459840882365,0.6959705453537527,1.3023531336960956,0.3333333333333333,1.0,0.5595238095238094,2.0823529411764707,1.0,1.0,1.0,1.0,0.6666666666666666,1.0,1.0,1.0,1.0,109.0,1.7568033536275227
1082,E8_DELETE,0.7777777777777778,0.5,0.5,1.0,1.0,1.0,0.20000000000000004,1.0,1.0,0.0,0.43301270189221935,0.43301270189221935,1.3883666574370508,1.0,0.0,1.0,3.035714285714286,1.0,1.0,1.0,1.0,1.0,1.0,1.0,0.5,1.0,109.0,1.597419023513794
1082,E8_REVERSE,0.8000000000000002,0.5,0.5,1.0,1.0,1.0,0.1818181818181818,1.0,1.0,0.0,0.4841229182759272,0.4841229182759272,1.437356911840786,1.0,0.0,1.0,2.892857142857143,1.0,1.0,1.0,1.0,1.0,1.0,1.0,0.5,1.0,109.0,1.7152833143870037
1082,E9_DELETE,0.7777777777777778,0.5,0.5,1.0,1.0,1.0,0.0,1.0,1.0,0.0,0.43301270189221935,0.43301270189221935,1.2106077944060862,0.0,0.0,1.0,3.0714285714285716,1.0,1.0,1.0,1.0,1.0,1.0,1.0,0.5,1.0,109.0,1.6360323429107666
1082,E9_REVERSE,0.8000000000000002,1.0,1.0,1.0,1.0,1.0,0.0,5.0,0.5,0.25,0.8569568250501304,0.6959705453537527,1.0000000000000004,0.0,0.0,0.6071428571428571,2.0,1.0,1.0,1.0,1.0,1.0,1.0,1.0,1.0,1.0,109.0,1.8728801409403484
1082,F_SURFACE_FORMAT_CONTROL,0.6999999999999998,0.6666666666666666,0.8333333333333334,1.0,1.0,1.0,0.1818181818181818,2.6666666666666665,0.7916666666666666,0.05263157894736842,0.6790167628932702,0.6790167628932702,1.4843678339023514,1.0,0.0,0.8154761904761906,2.4546249344290962,1.0,1.0,1.0,1.0,1.0,1.0,1.0,0.8333333333333334,1.0,109.0,1.8428152402242024
1082,G_RANDOM_CONTROL,0.5,0.0,0.6666666666666666,1.0,0.5,0.6666666666666666,0.5454545454545454,4.0,0.625,0.14285714285714285,1.031779261820964,0.7496326385858786,1.767796123450639,3.0,0.3333333333333333,0.4761904761904762,1.9240265906932574,1.0,1.0,1.0,1.0,1.0,1.0,1.0,0.6666666666666666,1.0,109.0,1.614543040593465
1082,I_ISOMORPHIC_RELABEL,0.6999999999999998,0.5,0.5,1.0,1.0,1.0,0.1818181818181818,1.0,1.0,0.0,0.4841229182759272,0.4841229182759272,1.4851159653039219,1.0,0.0,1.0,2.857142857142857,1.0,1.0,1.0,1.0,1.0,1.0,1.0,0.5,1.0,109.0,1.8542115688323975
1082,L_FORWARD_CONTROL,1.0,0.0,0.0,0.0,1.0,0.6666666666666666,0.1818181818181818,1.0,1.0,0.0,0.4841229182759272,0.4841229182759272,1.3910491071723499,1.0,0.0,1.0,2.8035714285714284,1.0,1.0,1.0,1.0,1.0,0.8333333333333334,1.0,0.5,1.0,109.0,1.7681539058685303
1082,M0_SWITCH_NEUTRALIZED,0.6999999999999998,0.0,0.0,1.0,1.0,1.0,0.0,1.0,1.0,0.0,0.6959705453537527,0.4841229182759272,1.3079159357714998,0.0,0.0,1.0,3.142857142857143,1.0,1.0,1.0,0.0,0.0,1.0,1.0,0.3333333333333333,1.0,109.0,1.7090247472127278
1082,M_SWITCH_REASSIGNED,0.6999999999999998,1.0,1.0,0.0,1.0,0.7777777777777777,0.0,3.6666666666666665,0.6666666666666666,0.14069264069264067,0.8569568250501304,0.6959705453537527,1.243874731401589,0.0,0.3333333333333333,0.6130952380952381,2.1528801528801527,1.0,1.0,1.0,1.0,0.8333333333333334,0.8666666666666667,1.0,1.0,1.0,109.0,1.9943799177805583
1082,O_ORDER_SHUFFLED,0.5,0.16666666666666666,0.8333333333333334,0.6666666666666666,0.4166666666666667,0.8888888888888888,0.1818181818181818,2.6666666666666665,0.7916666666666666,0.049999999999999996,0.6790167628932702,0.8173680151635021,1.4843678339023514,1.0,0.0,0.7738095238095238,2.3912406673096847,1.0,1.0,1.0,1.0,0.8333333333333334,0.9333333333333332,1.0,0.8333333333333334,0.0,109.0,1.7827743689219158
1082,P_ANCHOR_REASSIGNED,0.6999999999999998,0.5,0.6666666666666666,1.0,1.0,1.0,0.1818181818181818,1.6666666666666667,0.9166666666666666,0.0,0.5547387939685356,0.6084008872006615,1.5080019682126269,1.0,0.0,0.9226190476190476,2.6877076411960132,1.0,1.0,1.0,1.0,1.0,1.0,1.0,0.6666666666666666,1.0,109.0,1.958468993504842
1082,R_DEGREE_MATCHED_REWIRE,0.5,0.5,0.5,1.0,1.0,0.42857142857142855,0.1818181818181818,1.0,1.0,0.1875,0.4841229182759272,0.4841229182759272,1.4536459942609763,1.0,1.0,1.0,2.982142857142857,1.0,1.0,1.0,1.0,1.0,1.0,1.0,0.5,1.0,109.0,1.6094399293263753
1082,T_TERMINAL_CHANGED,0.6999999999999998,0.5,0.5,1.0,1.0,1.0,0.1818181818181818,1.0,1.0,0.0,0.4841229182759272,0.4841229182759272,1.4851159653039219,1.0,0.0,1.0,2.857142857142857,1.0,1.0,1.0,1.0,1.0,1.0,1.0,0.5,0.0,109.0,1.5648969809214275
1082,X_COMPLEXITY_MATCHED,0.5,0.5,0.5,1.0,0.5,0.6666666666666666,0.0,3.0,0.75,0.13043478260869565,0.8569568250501304,0.6959705453537527,1.193859111321223,0.0,1.0,0.7678571428571429,2.395348837209302,1.0,1.0,1.0,1.0,1.0,1.0,1.0,0.3333333333333333,1.0,109.0,1.8506041367848713
1082,Y_TOPOLOGY_MATCHED,0.4000000000000001,1.0,0.5,1.0,0.4166666666666667,0.5,0.0,2.0,0.875,0.2857142857142857,0.4841229182759272,0.6959705453537527,1.2382697235219413,0.0,2.0,0.875,2.836734693877551,1.0,1.0,1.0,1.0,1.0,1.0,1.0,0.5,1.0,109.0,2.092650890350342
1083,A_AUTHENTIC,0.6999999999999998,0.5,0.5,1.0,1.0,1.0,0.1818181818181818,1.0,1.0,0.0,0.4841229182759272,0.4841229182759272,1.4851159653039219,1.0,0.0,1.0,2.857142857142857,1.0,1.0,1.0,1.0,1.0,1.0,1.0,0.5,1.0,109.0,1.9121036529541016
1083,D_ALL_DIRECTION_REVERSED,0.3,0.5,0.6666666666666666,0.0,0.0,1.0,0.24242424242424243,3.0,0.75,0.05263157894736842,0.6253546696611442,0.8032947318180046,1.4821537044986952,1.3333333333333333,0.0,0.7738095238095238,2.473925677982331,1.0,1.0,1.0,0.3333333333333333,0.8333333333333334,1.0,1.0,0.5,1.0,109.0,2.723079204559326
1083,E0_DELETE,0.6666666666666666,0.5,0.8333333333333334,1.0,1.0,1.0,0.20000000000000004,3.3333333333333335,0.7083333333333334,0.0,0.6614378277661477,0.9682458365518544,1.5072538368110562,1.0,0.0,0.6488095238095238,2.1736736736736737,1.0,1.0,1.0,1.0,1.0,1.0,1.0,1.0,1.0,109.0,1.6462426980336506
1083,E0_REVERSE,0.6,0.5,0.6666666666666666,1.0,0.75,0.75,0.1818181818181818,4.0,0.625,0.10526315789473684,0.6959705453537527,0.7946992774522422,1.4821537044986954,1.0,0.3333333333333333,0.6428571428571429,2.1858552631578947,1.0,1.0,1.0,1.0,1.0,1.0,1.0,0.6666666666666666,1.0,109.0,1.5632373491923015
1083,E1_DELETE,0.6666666666666666,0.8333333333333334,0.5,1.0,1.0,0.5277777777777778,0.20000000000000004,4.0,0.625,0.0,0.5852961191415048,0.6614378277661477,1.414213562373095,1.0,0.0,0.6785714285714285,2.4210526315789473,1.0,1.0,1.0,1.0,1.0,1.0,1.0,0.8333333333333334,1.0,109.0,1.8900612195332844
1083,E1_REVERSE,0.6,0.5,0.5,1.0,0.75,1.0,0.1818181818181818,4.0,0.625,0.0,0.4841229182759272,0.6959705453537527,1.4142135623730943,1.0,0.0,0.6785714285714285,2.210526315789474,1.0,1.0,1.0,1.0,1.0,1.0,1.0,0.5,1.0,109.0,1.4428952534993489
1083,E2_DELETE,0.6666666666666666,0.5,0.8333333333333334,1.0,1.0,0.5,0.20000000000000004,5.0,0.5,0.26666666666666666,0.5852961191415048,0.8659765002899521,1.4010540377558678,1.0,0.6666666666666666,0.4761904761904761,1.9241261722080136,1.0,1.0,1.0,1.0,1.0,1.0,1.0,0.8333333333333334,1.0,109.0,1.789947748184204
1083,E2_REVERSE,0.6,0.5,0.5,1.0,0.75,1.0,0.1818181818181818,5.0,0.5,0.0,0.6959705453537527,0.8569568250501304,1.2720196495140697,1.0,0.0,0.6071428571428571,2.176470588235294,1.0,1.0,1.0,1.0,1.0,1.0,1.0,0.5,1.0,109.0,1.5068101088205974
1083,E3_DELETE,0.6666666666666666,0.5,0.0,1.0,1.0,0.6666666666666666,0.20000000000000004,3.0,0.75,0.0,0.6614378277661477,0.43301270189221935,1.2106077944060876,1.0,0.0,0.7678571428571429,2.7674418604651163,1.0,1.0,1.0,1.0,1.0,1.0,1.0,0.5,1.0,109.0,1.7465216318766277
1083,E3_REVERSE,0.6,0.5,0.0,1.0,0.75,1.0,0.1818181818181818,3.0,0.75,0.0,0.8569568250501304,0.4841229182759272,1.2106077944060876,1.0,0.0,0.7678571428571429,2.7209302325581395,1.0,1.0,1.0,1.0,1.0,1.0,1.0,0.5,1.0,109.0,1.8666030565897624
1083,E4_DELETE,0.6666666666666666,0.6666666666666666,0.0,1.0,1.0,1.0,0.20000000000000004,3.3333333333333335,0.7083333333333334,0.0,0.6614378277661477,0.6614378277661477,1.2784763837284225,1.0,0.0,0.7380952380952381,2.6519787841697267,1.0,1.0,1.0,1.0,1.0,1.0,1.0,0.6666666666666666,1.0,109.0,1.7289880911509197
1083,E4_REVERSE,0.6,0.5,0.0,1.0,1.0,1.0,0.1818181818181818,3.0,0.75,0.0,0.6959705453537527,0.8569568250501304,1.210607794406086,1.0,0.0,0.7678571428571429,2.7209302325581395,1.0,1.0,1.0,1.0,1.0,1.0,1.0,0.5,1.0,109.0,1.8513398170471191
1083,E5_DELETE,0.6666666666666666,0.6666666666666666,0.0,1.0,1.0,1.0,0.20000000000000004,2.0,0.875,0.0,0.509154410516862,0.509154410516862,1.37553989787523,1.0,0.0,0.8928571428571429,2.9022556390977443,1.0,1.0,1.0,1.0,1.0,1.0,1.0,0.6666666666666666,1.0,109.0,1.7315776348114014
1083,E5_REVERSE,0.6,0.5,0.16666666666666666,1.0,1.0,1.0,0.1818181818181818,1.6666666666666667,0.9166666666666666,0.0,0.5547387939685356,0.8343217976239847,1.48287745910184,1.0,0.0,0.9226190476190476,2.9080841638981174,1.0,1.0,1.0,1.0,1.0,1.0,1.0,0.6666666666666666,1.0,109.0,2.0694617430369058
1083,E6_DELETE,0.6666666666666666,0.8333333333333334,0.5,1.0,1.0,1.0,0.20000000000000004,4.0,0.625,0.0,0.6614378277661477,0.5852961191415048,1.4142135623730956,1.0,0.0,0.6785714285714285,2.4736842105263155,1.0,1.0,1.0,1.0,1.0,1.0,1.0,0.8333333333333334,1.0,109.0,1.6160693168640137
1083,E6_REVERSE,0.6,0.5,0.5,1.0,1.0,1.0,0.1818181818181818,4.0,0.625,0.0,0.8569568250501304,0.4841229182759272,1.4142135623730956,1.0,0.0,0.6785714285714285,2.3157894736842106,1.0,1.0,1.0,1.0,1.0,1.0,1.0,0.3333333333333333,1.0,109.0,2.0508436361948648
1083,E7_DELETE,0.7777777777777778,0.16666666666666666,0.6666666666666666,1.0,1.0,1.0,0.20000000000000004,3.3333333333333335,0.7083333333333334,0.20000000000000004,0.7173439510403817,0.7732500743146158,1.3441915959030997,1.0,0.0,0.7380952380952381,2.649938800489596,1.0,1.0,1.0,0.6666666666666666,0.8333333333333334,1.0,1.0,1.0,1.0,109.0,2.3508408069610596
1083,E7_REVERSE,0.8000000000000002,0.5,1.0,0.0,1.0,1.0,0.24242424242424243,4.0,0.625,0.0,0.6959705453537527,0.8569568250501304,1.5201593107716895,1.3333333333333333,0.0,0.6785714285714285,2.2456140350877196,1.0,1.0,1.0,1.0,1.0,1.0,1.0,1.0,1.0,109.0,1.5726995468139648
1083,E8_DELETE,0.7777777777777778,0.5,0.6666666666666666,1.0,1.0,1.0,0.20000000000000004,1.6666666666666667,0.9166666666666666,0.0,0.509154410516862,0.5650605337910962,1.4141015155836227,1.0,0.0,0.9226190476190476,2.837763012181617,1.0,1.0,1.0,1.0,1.0,1.0,1.0,0.6666666666666666,1.0,109.0,1.815422773361206
1083,E8_REVERSE,0.8000000000000002,0.5,0.5,1.0,1.0,1.0,0.1818181818181818,1.0,1.0,0.0,0.4841229182759272,0.4841229182759272,1.437356911840786,1.0,0.0,1.0,2.892857142857143,1.0,1.0,1.0,1.0,1.0,1.0,1.0,0.5,1.0,109.0,1.761374870936076
1083,E9_DELETE,0.7777777777777778,0.5,0.5,1.0,1.0,1.0,0.0,1.0,1.0,0.0,0.43301270189221935,0.43301270189221935,1.2106077944060862,0.0,0.0,1.0,3.0714285714285716,1.0,1.0,1.0,1.0,1.0,1.0,1.0,0.5,1.0,109.0,1.5609129269917805
1083,E9_REVERSE,0.8000000000000002,0.0,0.0,0.0,1.0,1.0,0.0,1.0,1.0,0.3,0.4841229182759272,0.4841229182759272,1.324717957244745,0.0,1.0,1.0,3.142857142857143,1.0,1.0,1.0,1.0,1.0,1.0,1.0,0.5,1.0,109.0,1.5211061636606853
1083,F_SURFACE_FORMAT_CONTROL,0.6999999999999998,0.8333333333333334,1.0,1.0,1.0,1.0,0.1818181818181818,3.6666666666666665,0.6666666666666666,0.10526315789473684,0.7496326385858786,0.7496326385858786,1.460733699592076,1.0,0.0,0.7083333333333334,2.221542227662179,1.0,1.0,1.0,1.0,1.0,1.0,1.0,1.0,1.0,109.0,1.9465839862823486
1083,G_RANDOM_CONTROL,0.6999999999999998,0.6666666666666666,0.5,1.0,0.75,1.0,0.06060606060606061,5.0,0.5,0.4275362318840579,0.9867126229546002,0.9020234639164942,1.4538707617775513,0.3333333333333333,2.0,0.5297619047619048,1.9660234464156032,1.0,1.0,1.0,1.0,0.8333333333333334,1.0,1.0,1.0,1.0,109.0,1.9687811533610027
1083,I_ISOMORPHIC_RELABEL,0.6999999999999998,0.5,0.5,1.0,1.0,1.0,0.1818181818181818,1.0,1.0,0.0,0.4841229182759272,0.4841229182759272,1.4851159653039219,1.0,0.0,1.0,2.857142857142857,1.0,1.0,1.0,1.0,1.0,1.0,1.0,0.5,1.0,109.0,1.8318604628245037
1083,L_FORWARD_CONTROL,1.0,0.0,0.0,0.0,1.0,1.0,0.1818181818181818,2.0,0.875,0.16666666666666666,0.8569568250501304,0.4841229182759272,1.4351286471119578,1.0,0.0,0.875,2.673469387755102,1.0,1.0,1.0,1.0,1.0,0.8333333333333334,1.0,0.5,1.0,109.0,1.572992483774821
1083,M0_SWITCH_NEUTRALIZED,0.6999999999999998,0.6666666666666666,0.6666666666666666,1.0,1.0,1.0,0.0,2.0,0.875,0.17857142857142858,0.6959705453537527,0.6084008872006615,1.2599575841838215,0.0,0.0,0.8928571428571429,2.7963659147869677,1.0,1.0,1.0,0.0,0.0,1.0,1.0,0.6666666666666666,1.0,109.0,2.346844434738159
1083,M_SWITCH_REASSIGNED,0.6999999999999998,0.0,0.3333333333333333,0.0,1.0,1.0,0.0,3.0,0.75,0.13457556935817805,0.6959705453537527,0.732678856125396,1.3040771554025243,0.0,1.0,0.6964285714285715,2.2991829038340668,1.0,1.0,1.0,1.0,1.0,0.8000000000000002,1.0,0.8333333333333334,1.0,109.0,2.2315789063771567
1083,O_ORDER_SHUFFLED,0.4000000000000001,0.6666666666666666,0.6666666666666666,0.0,0.5,1.0,0.1818181818181818,2.0,0.875,0.0,0.5547387939685356,0.6790167628932702,1.5084541387843666,1.0,0.0,0.8809523809523809,2.5992722670463535,1.0,1.0,1.0,1.0,1.0,1.0,1.0,0.8333333333333334,0.2857142857142857,109.0,1.8490466276804607
1083,P_ANCHOR_REASSIGNED,0.6999999999999998,0.5,0.8333333333333334,1.0,1.0,1.0,0.1818181818181818,2.6666666666666665,0.7916666666666666,0.10526315789473684,0.6253546696611442,0.732678856125396,1.5523079760279515,1.0,0.3333333333333333,0.8154761904761906,2.5072565133764644,1.0,1.0,1.0,1.0,1.0,1.0,1.0,0.8333333333333334,1.0,109.0,1.7803218364715576
1083,R_DEGREE_MATCHED_REWIRE,0.20000000000000004,0.8333333333333334,0.3333333333333333,1.0,0.3333333333333333,0.7222222222222222,0.1818181818181818,3.6666666666666665,0.6666666666666666,0.0,0.6253546696611442,0.732678856125396,1.3271320702896403,1.0,0.0,0.7380952380952381,2.2976190476190474,1.0,1.0,1.0,1.0,1.0,1.0,1.0,0.8333333333333334,1.0,109.0,2.276180108388265
1083,T_TERMINAL_CHANGED,0.6999999999999998,0.5,0.5,1.0,1.0,1.0,0.1818181818181818,1.0,1.0,0.0,0.4841229182759272,0.4841229182759272,1.4851159653039219,1.0,0.0,1.0,2.857142857142857,1.0,1.0,1.0,1.0,1.0,1.0,1.0,0.5,0.0,109.0,1.8463815053304036
1083,X_COMPLEXITY_MATCHED,0.3,1.0,0.0,1.0,0.3333333333333333,0.7777777777777777,0.0,2.0,0.875,0.24,0.8569568250501304,0.4841229182759272,1.482594266350788,0.0,1.0,0.875,2.4489795918367347,1.0,1.0,1.0,1.0,1.0,1.0,1.0,0.3333333333333333,1.0,109.0,1.6914299329121907
1083,Y_TOPOLOGY_MATCHED,0.6,1.0,0.5,1.0,0.3333333333333333,0.6190476190476191,0.0,3.0,0.75,0.2608695652173913,0.8569568250501304,0.4841229182759272,1.2785736337914138,0.0,1.0,0.75,2.3333333333333335,1.0,1.0,1.0,1.0,1.0,1.0,1.0,0.5,1.0,109.0,1.764709234237671
1084,A_AUTHENTIC,0.6999999999999998,0.5,0.5,1.0,1.0,1.0,0.1818181818181818,1.0,1.0,0.0,0.4841229182759272,0.4841229182759272,1.4851159653039219,1.0,0.0,1.0,2.857142857142857,1.0,1.0,1.0,1.0,1.0,1.0,1.0,0.5,1.0,109.0,2.167619307835897
1084,D_ALL_DIRECTION_REVERSED,0.3,0.6666666666666666,0.8333333333333334,0.0,0.0,1.0,0.1818181818181818,2.6666666666666665,0.7916666666666666,0.0,0.8032947318180046,0.6959705453537527,1.507253836811057,1.0,0.0,0.8035714285714285,2.491061540895428,1.0,1.0,1.0,1.0,0.8333333333333334,1.0,1.0,0.5,1.0,109.0,1.9020986557006836
1084,E0_DELETE,0.6666666666666666,0.5,1.0,1.0,1.0,1.0,0.20000000000000004,3.0,0.75,0.0,0.6614378277661477,0.9682458365518544,1.5537739740300365,1.0,0.0,0.6428571428571429,2.138888888888889,1.0,1.0,1.0,1.0,1.0,1.0,1.0,1.0,1.0,109.0,1.4443337122599285
1084,E0_REVERSE,0.6,0.5,0.5,1.0,0.75,0.25,0.1818181818181818,4.0,0.625,0.0,0.6959705453537527,0.6959705453537527,1.4142135623730951,1.0,0.0,0.6785714285714285,2.263157894736842,1.0,1.0,1.0,1.0,1.0,1.0,1.0,0.5,1.0,109.0,2.4653147061665854
1084,E1_DELETE,0.6666666666666666,0.5,0.5,1.0,1.0,0.6666666666666666,0.20000000000000004,4.0,0.625,0.0,0.43301270189221935,0.6614378277661477,1.4142135623730943,1.0,0.0,0.6785714285714285,2.4210526315789473,1.0,1.0,1.0,1.0,1.0,1.0,1.0,0.5,1.0,109.0,1.9451720714569092
1084,E1_REVERSE,0.6,0.6666666666666666,0.8333333333333334,1.0,0.75,1.0,0.24242424242424243,3.6666666666666665,0.6666666666666666,0.0,0.8032947318180046,0.8934280095507319,1.442473329292375,1.3333333333333333,0.0,0.625,2.1412853213303324,1.0,1.0,1.0,1.0,1.0,1.0,1.0,1.0,1.0,109.0,1.6729320685068767
1084,E2_DELETE,0.6666666666666666,0.5,1.0,1.0,1.0,0.5,0.20000000000000004,5.0,0.5,0.0,0.6614378277661477,0.9682458365518544,1.2720196495140688,1.0,0.0,0.48214285714285715,1.8518518518518519,1.0,1.0,1.0,1.0,1.0,1.0,1.0,1.0,1.0,109.0,1.6662885348002117
1084,E2_REVERSE,0.6,0.5,1.0,1.0,0.8333333333333334,0.8095238095238094,0.1818181818181818,5.0,0.5,0.0,0.8569568250501304,1.1110243021644486,1.2720196495140688,1.0,0.0,0.48214285714285715,1.7777777777777777,1.0,1.0,1.0,1.0,1.0,1.0,1.0,1.0,1.0,109.0,1.7312219142913818
1084,E3_DELETE,0.6666666666666666,0.8333333333333334,0.16666666666666666,1.0,1.0,0.6666666666666666,0.20000000000000004,6.333333333333333,0.3333333333333333,0.0,0.7173439510403817,0.7173439510403817,1.0906732165046897,1.0,0.0,0.5357142857142857,2.1210488505747125,1.0,1.0,1.0,1.0,1.0,1.0,1.0,1.0,1.0,109.0,1.61404283841451
1084,E3_REVERSE,0.6,0.6666666666666666,0.3333333333333333,1.0,0.75,1.0,0.1818181818181818,5.0,0.5,0.05555555555555555,0.9470901027828579,0.732678856125396,1.1608758146400524,1.0,0.0,0.5952380952380952,2.2582267441860466,1.0,1.0,1.0,1.0,1.0,1.0,1.0,0.8333333333333334,1.0,109.0,2.0475758711496987
1084,E4_DELETE,0.6666666666666666,1.0,0.0,1.0,1.0,1.0,0.20000000000000004,4.0,0.625,0.0,0.6614378277661477,0.6614378277661477,1.4142135623730951,1.0,0.0,0.6785714285714285,2.4210526315789473,1.0,1.0,1.0,1.0,1.0,1.0,1.0,1.0,1.0,109.0,2.969372351964315
1084,E4_REVERSE,0.6,0.5,0.16666666666666666,1.0,1.0,1.0,0.1818181818181818,3.6666666666666665,0.6666666666666666,0.0,0.7496326385858786,0.9416459840882365,1.231078412775414,1.0,0.0,0.7023809523809524,2.522286821705426,1.0,1.0,1.0,1.0,1.0,1.0,1.0,0.6666666666666666,1.0,109.0,1.8015896479288738
1084,E5_DELETE,0.6666666666666666,0.6666666666666666,0.3333333333333333,1.0,1.0,1.0,0.20000000000000004,3.3333333333333335,0.7083333333333334,0.0,0.6614378277661477,0.7732500743146158,1.3668155914200864,1.0,0.0,0.7380952380952381,2.576499388004896,1.0,1.0,1.0,1.0,1.0,1.0,1.0,1.0,1.0,109.0,1.6836148897806804
1084,E5_REVERSE,0.6,0.5,0.16666666666666666,1.0,1.0,1.0,0.1818181818181818,1.6666666666666667,0.9166666666666666,0.0,0.5547387939685356,0.8343217976239847,1.48287745910184,1.0,0.0,0.9226190476190476,2.9080841638981174,1.0,1.0,1.0,1.0,1.0,1.0,1.0,0.6666666666666666,1.0,109.0,1.7802116870880127
1084,E6_DELETE,0.6666666666666666,1.0,0.5,1.0,1.0,1.0,0.20000000000000004,4.0,0.625,0.0,0.6614378277661477,0.6614378277661477,1.4142135623730951,1.0,0.0,0.6785714285714285,2.4210526315789473,1.0,1.0,1.0,1.0,1.0,1.0,1.0,1.0,1.0,109.0,1.8208143711090088
1084,E6_REVERSE,0.6,1.0,0.5,1.0,1.0,1.0,0.3636363636363636,3.0,0.75,0.0,0.8569568250501304,0.4841229182759272,1.618033988749895,2.0,0.0,0.7678571428571429,2.488372093023256,1.0,1.0,1.0,1.0,1.0,1.0,1.0,0.5,1.0,109.0,1.6676127910614014
1084,E7_DELETE,0.7777777777777778,0.5,1.0,0.0,1.0,0.6666666666666666,0.20000000000000004,6.666666666666667,0.2916666666666667,0.25098039215686274,0.9682458365518544,0.6614378277661477,1.1082393190815818,1.0,0.3333333333333333,0.3869047619047619,1.6595191682910981,1.0,1.0,1.0,1.0,0.6666666666666666,1.0,1.0,1.0,1.0,109.0,1.7025987307230632
1084,E7_REVERSE,0.8000000000000002,0.3333333333333333,0.8333333333333334,1.0,1.0,1.0,0.12121212121212122,3.0,0.75,0.3222222222222222,0.6253546696611442,0.6253546696611442,1.4186201403327612,0.6666666666666666,1.0,0.7857142857142857,2.5501253132832082,1.0,1.0,1.0,1.0,1.0,1.0,1.0,0.8333333333333334,1.0,109.0,1.9162720044453938
1084,E8_DELETE,0.7777777777777778,0.6666666666666666,1.0,1.0,1.0,1.0,0.20000000000000004,3.6666666666666665,0.6666666666666666,0.06666666666666667,0.7173439510403817,0.7732500743146158,1.401054037755868,1.0,0.0,0.7142857142857143,2.3337893296853625,1.0,1.0,1.0,1.0,1.0,1.0,1.0,1.0,1.0,109.0,1.4411708513895671
1084,E8_REVERSE,0.8000000000000002,0.6666666666666666,0.8333333333333334,1.0,1.0,1.0,0.1818181818181818,3.0,0.75,0.0,0.6253546696611442,0.6790167628932702,1.4210501784616307,1.0,0.0,0.7916666666666666,2.437609927692007,1.0,1.0,1.0,1.0,1.0,1.0,1.0,0.8333333333333334,1.0,109.0,1.9576298395792644
1084,E9_DELETE,0.7777777777777778,0.5,0.5,1.0,1.0,1.0,0.06666666666666667,2.0,0.875,0.0,0.509154410516862,0.509154410516862,1.2784763837284225,0.3333333333333333,0.0,0.8928571428571429,2.854636591478697,1.0,1.0,1.0,1.0,1.0,1.0,1.0,0.6666666666666666,1.0,109.0,1.4329462051391602
1084,E9_REVERSE,0.8000000000000002,0.5,0.5,1.0,1.0,1.0,0.0,1.0,1.0,0.049999999999999996,0.4841229182759272,0.4841229182759272,1.3026040640905778,0.0,0.3333333333333333,1.0,2.875,1.0,1.0,1.0,1.0,0.8333333333333334,1.0,1.0,0.5,1.0,109.0,1.7322380542755127
1084,F_SURFACE_FORMAT_CONTROL,0.6999999999999998,1.0,1.0,1.0,1.0,1.0,0.1818181818181818,4.0,0.625,0.10526315789473684,0.8032947318180046,0.6959705453537527,1.4142135623730951,1.0,0.0,0.6785714285714285,2.192982456140351,1.0,1.0,1.0,1.0,1.0,1.0,1.0,1.0,1.0,109.0,1.5981287956237793
1084,G_RANDOM_CONTROL,0.5,0.0,0.5,1.0,0.9166666666666666,0.5650793650793651,0.3636363636363636,5.0,0.375,0.42857142857142855,0.9921567416492215,0.8569568250501304,1.324717957244746,2.0,1.0,0.35714285714285715,1.6499999999999997,1.0,1.0,1.0,1.0,1.0,1.0,1.0,0.25,1.0,109.0,1.9047677516937256
1084,I_ISOMORPHIC_RELABEL,0.6999999999999998,0.6666666666666666,0.6666666666666666,1.0,1.0,1.0,0.1818181818181818,2.0,0.875,0.05263157894736842,0.6084008872006615,0.5547387939685356,1.4614818309936464,1.0,0.0,0.8928571428571429,2.6240601503759398,1.0,1.0,1.0,1.0,1.0,1.0,1.0,0.6666666666666666,1.0,109.0,1.8582064310709636
1084,L_FORWARD_CONTROL,1.0,0.5,0.5,0.0,1.0,0.7222222222222222,0.0,3.6666666666666665,0.6666666666666666,0.14069264069264067,0.6253546696611442,0.7496326385858786,1.2330126895651194,0.0,0.0,0.7023809523809524,2.324859130856683,1.0,1.0,1.0,1.0,0.6666666666666666,0.888888888888889,1.0,1.0,1.0,109.0,1.8214325904846191
1084,M0_SWITCH_NEUTRALIZED,0.6999999999999998,0.8333333333333334,0.8333333333333334,1.0,1.0,1.0,0.0,3.0,0.75,0.13333333333333333,0.6253546696611442,0.6253546696611442,1.2749010452279181,0.0,0.6666666666666666,0.7857142857142857,2.4595864661654137,1.0,1.0,1.0,0.0,0.0,1.0,1.0,0.8333333333333334,1.0,109.0,1.9208114941914876
1084,M_SWITCH_REASSIGNED,0.6999999999999998,0.5,0.5,0.0,1.0,0.6666666666666666,0.0,6.0,0.375,0.2727272727272727,0.6959705453537527,0.6959705453537527,1.0000000000000009,0.0,1.0,0.5535714285714286,1.967741935483871,1.0,1.0,1.0,1.0,1.0,1.0,1.0,0.5,1.0,109.0,1.6866385142008464
1084,O_ORDER_SHUFFLED,0.6999999999999998,0.3333333333333333,0.8333333333333334,0.0,0.5,1.0,0.1818181818181818,3.3333333333333335,0.7083333333333334,0.0,0.6253546696611442,0.6959705453537527,1.4382998672551104,1.0,0.0,0.7440476190476191,2.3376297887576083,1.0,1.0,1.0,1.0,1.0,1.0,1.0,1.0,0.42857142857142855,109.0,2.1124053796132407
1084,P_ANCHOR_REASSIGNED,0.6999999999999998,0.5,0.5,1.0,1.0,1.0,0.1818181818181818,1.0,1.0,0.0,0.4841229182759272,0.4841229182759272,1.4851159653039219,1.0,0.0,1.0,2.857142857142857,1.0,1.0,1.0,1.0,1.0,1.0,1.0,0.5,1.0,109.0,1.7911845048268635
1084,R_DEGREE_MATCHED_REWIRE,0.4000000000000001,0.6666666666666666,0.6666666666666666,1.0,0.75,0.8095238095238094,0.3636363636363636,2.0,0.875,0.22527472527472528,0.5547387939685356,0.6084008872006615,1.5516450477418189,2.0,1.0,0.8928571428571429,2.9022556390977443,1.0,1.0,1.0,1.0,1.0,1.0,1.0,0.6666666666666666,1.0,109.0,1.9714162349700928
1084,T_TERMINAL_CHANGED,0.6999999999999998,0.5,0.5,1.0,1.0,1.0,0.24242424242424243,1.6666666666666667,0.875,0.0,0.4841229182759272,0.5547387939685356,1.4614818309936464,1.3333333333333333,0.0,0.8988095238095237,2.6996336996336994,1.0,1.0,1.0,1.0,1.0,1.0,1.0,0.5,0.0,109.0,2.1670246918996177
1084,X_COMPLEXITY_MATCHED,0.5,0.5,1.0,1.0,0.8333333333333334,0.6984126984126985,0.0,5.0,0.5,0.375,1.1110243021644486,0.4841229182759272,1.259921049894873,0.0,2.0,0.5535714285714286,1.935483870967742,1.0,1.0,1.0,1.0,1.0,1.0,1.0,0.3333333333333333,1.0,109.0,2.337554454803467
1084,Y_TOPOLOGY_MATCHED,0.4000000000000001,0.5,0.6666666666666666,1.0,0.25,1.0,0.1818181818181818,2.3333333333333335,0.8333333333333334,0.2904761904761905,0.8569568250501304,0.8032947318180046,1.511295573901766,1.0,1.0,0.7559523809523809,2.394241417497231,1.0,1.0,1.0,1.0,1.0,1.0,1.0,0.27777777777777773,1.0,109.0,1.5768249034881592
1085,A_AUTHENTIC,0.6999999999999998,0.6666666666666666,0.8333333333333334,1.0,1.0,1.0,0.1818181818181818,2.6666666666666665,0.7916666666666666,0.05263157894736842,0.6790167628932702,0.6790167628932702,1.4843678339023514,1.0,0.0,0.8154761904761906,2.4546249344290962,1.0,1.0,1.0,1.0,1.0,1.0,1.0,0.8333333333333334,1.0,109.0,1.8887543678283691
1085,D_ALL_DIRECTION_REVERSED,0.3,0.6666666666666666,0.5,0.0,0.0,1.0,0.12121212121212122,2.6666666666666665,0.75,0.10597826086956523,0.5547387939685356,0.7496326385858786,1.3034124271518133,0.6666666666666666,0.3333333333333333,0.7797619047619048,2.665956782235852,1.0,1.0,1.0,1.0,0.3333333333333333,1.0,1.0,0.38888888888888884,1.0,109.0,4.019936720530192
1085,E0_DELETE,0.6666666666666666,1.0,0.8333333333333334,1.0,1.0,1.0,0.20000000000000004,4.0,0.625,0.11764705882352942,0.8659765002899521,0.7732500743146158,1.4142135623730951,1.0,0.0,0.5952380952380952,2.1618562535370685,1.0,1.0,1.0,1.0,1.0,1.0,1.0,1.0,1.0,109.0,1.6162687142690022
1085,E0_REVERSE,0.6,0.6666666666666666,1.0,1.0,0.75,0.5,0.1818181818181818,3.3333333333333335,0.7083333333333334,0.05263157894736842,0.6084008872006615,0.9921567416492215,1.5072538368110562,1.0,0.0,0.6904761904761904,2.1587301587301586,1.0,1.0,1.0,1.0,1.0,1.0,1.0,1.0,1.0,109.0,1.8192089398701985
1085,E1_DELETE,0.6666666666666666,1.0,0.5,1.0,1.0,0.5873015873015873,0.20000000000000004,4.0,0.625,0.0,0.6614378277661477,0.6614378277661477,1.4142135623730951,1.0,0.0,0.6785714285714285,2.4210526315789473,1.0,1.0,1.0,1.0,1.0,1.0,1.0,1.0,1.0,109.0,1.8865187168121338
1085,E1_REVERSE,0.6,1.0,0.5,1.0,0.75,1.0,0.3636363636363636,3.0,0.75,0.0,0.6959705453537527,0.6959705453537527,1.4989928631309344,2.0,0.0,0.7678571428571429,2.488372093023256,1.0,1.0,1.0,1.0,1.0,1.0,1.0,1.0,1.0,109.0,1.7630728085835774
1085,E2_DELETE,0.6666666666666666,1.0,0.5,1.0,1.0,0.5,0.20000000000000004,5.0,0.5,0.06666666666666667,0.6614378277661477,0.82915619758885,1.2720196495140688,1.0,0.0,0.5892857142857143,2.191919191919192,1.0,1.0,1.0,1.0,1.0,1.0,1.0,1.0,1.0,109.0,1.757161060969035
1085,E2_REVERSE,0.6,0.5,0.3333333333333333,1.0,0.75,1.0,0.12121212121212122,4.0,0.625,0.047619047619047616,0.6959705453537527,0.8032947318180046,1.2274070533664247,0.6666666666666666,0.0,0.6964285714285715,2.4101640656262506,1.0,1.0,1.0,1.0,0.8333333333333334,1.0,1.0,0.5,1.0,109.0,1.6421191692352295
1085,E3_DELETE,0.6666666666666666,0.5,0.0,1.0,1.0,0.6666666666666666,0.20000000000000004,3.0,0.75,0.0,0.6614378277661477,0.43301270189221935,1.2106077944060876,1.0,0.0,0.7678571428571429,2.7674418604651163,1.0,1.0,1.0,1.0,1.0,1.0,1.0,0.5,1.0,109.0,1.87055770556132
1085,E3_REVERSE,0.6,0.5,0.0,1.0,0.75,1.0,0.1818181818181818,3.0,0.75,0.0,0.8569568250501304,0.4841229182759272,1.2106077944060876,1.0,0.0,0.7678571428571429,2.7209302325581395,1.0,1.0,1.0,1.0,1.0,1.0,1.0,0.5,1.0,109.0,1.6484110355377197
1085,E4_DELETE,0.6666666666666666,0.5,0.0,1.0,1.0,1.0,0.20000000000000004,3.0,0.75,0.0,0.6614378277661477,0.6614378277661477,1.210607794406086,1.0,0.0,0.7678571428571429,2.7674418604651163,1.0,1.0,1.0,1.0,1.0,1.0,1.0,0.5,1.0,109.0,1.8409230709075928
1085,E4_REVERSE,0.6,0.5,0.0,1.0,1.0,1.0,0.1818181818181818,3.0,0.75,0.0,0.6959705453537527,0.8569568250501304,1.210607794406086,1.0,0.0,0.7678571428571429,2.7209302325581395,1.0,1.0,1.0,1.0,1.0,1.0,1.0,0.5,1.0,109.0,1.6141741275787354
1085,E5_DELETE,0.6666666666666666,0.6666666666666666,0.16666666666666666,1.0,1.0,1.0,0.20000000000000004,2.0,0.875,0.0,0.509154410516862,0.509154410516862,1.3281419269222214,1.0,0.0,0.8928571428571429,2.9022556390977443,1.0,1.0,1.0,1.0,1.0,1.0,1.0,0.6666666666666666,1.0,109.0,1.6930866241455078
1085,E5_REVERSE,0.6,0.5,0.0,1.0,1.0,1.0,0.1818181818181818,1.0,1.0,0.0,0.4841229182759272,0.6959705453537527,1.46557123187677,1.0,0.0,1.0,3.0714285714285716,1.0,1.0,1.0,1.0,1.0,1.0,1.0,0.5,1.0,109.0,1.6088279088338215
1085,E6_DELETE,0.6666666666666666,1.0,0.5,1.0,1.0,1.0,0.20000000000000004,4.0,0.625,0.0,0.6614378277661477,0.6614378277661477,1.4142135623730951,1.0,0.0,0.6785714285714285,2.4210526315789473,1.0,1.0,1.0,1.0,1.0,1.0,1.0,1.0,1.0,109.0,1.8368252913157146
1085,E6_REVERSE,0.6,1.0,0.5,1.0,1.0,1.0,0.3636363636363636,3.0,0.75,0.0,0.8569568250501304,0.4841229182759272,1.618033988749895,2.0,0.0,0.7678571428571429,2.488372093023256,1.0,1.0,1.0,1.0,1.0,1.0,1.0,0.5,1.0,109.0,1.67778746287028
1085,E7_DELETE,0.7777777777777778,0.5,0.5,0.0,1.0,1.0,0.0,3.3333333333333335,0.7083333333333334,0.0,0.7732500743146158,0.509154410516862,1.2314960809859787,0.0,0.0,0.7440476190476191,2.5401002506265664,1.0,1.0,1.0,1.0,0.8333333333333334,1.0,1.0,0.6666666666666666,1.0,109.0,1.9535245895385742
1085,E7_REVERSE,0.8000000000000002,0.0,0.5,0.0,1.0,1.0,0.0,5.0,0.5,0.2727272727272727,0.9921567416492215,0.6959705453537527,1.0000000000000004,0.0,0.0,0.6071428571428571,2.176470588235294,1.0,1.0,1.0,1.0,1.0,0.8000000000000002,1.0,0.5,1.0,109.0,2.000476598739624
1085,E8_DELETE,0.7777777777777778,0.6666666666666666,0.6666666666666666,1.0,1.0,1.0,0.20000000000000004,2.3333333333333335,0.8333333333333334,0.06666666666666667,0.5650605337910962,0.509154410516862,1.3495843214627232,1.0,0.0,0.8690476190476191,2.7296918767507,1.0,1.0,1.0,1.0,1.0,1.0,1.0,0.6666666666666666,1.0,109.0,1.974470853805542
1085,E8_REVERSE,0.8000000000000002,0.8333333333333334,0.8333333333333334,1.0,1.0,1.0,0.1818181818181818,3.6666666666666665,0.6666666666666666,0.05263157894736842,0.732678856125396,0.6253546696611442,1.3271320702896414,1.0,0.0,0.7380952380952381,2.2976190476190474,1.0,1.0,1.0,1.0,1.0,1.0,1.0,0.8333333333333334,1.0,109.0,2.780489524205526
1085,E9_DELETE,0.7777777777777778,0.5,0.5,1.0,1.0,1.0,0.0,1.0,1.0,0.0,0.43301270189221935,0.43301270189221935,1.2106077944060862,0.0,0.0,1.0,3.0714285714285716,1.0,1.0,1.0,1.0,1.0,1.0,1.0,0.5,1.0,109.0,1.7841706275939941
1085,E9_REVERSE,0.8000000000000002,0.5,1.0,0.0,1.0,0.5,0.1818181818181818,4.0,0.625,0.3,0.6959705453537527,0.9921567416492215,1.4655712318767684,1.0,1.0,0.6785714285714285,2.289473684210526,1.0,1.0,1.0,1.0,1.0,0.8000000000000002,1.0,1.0,1.0,109.0,2.5373931725819907
1085,F_SURFACE_FORMAT_CONTROL,0.6999999999999998,1.0,1.0,1.0,1.0,1.0,0.1818181818181818,4.0,0.625,0.15789473684210525,0.8032947318180046,0.6959705453537527,1.4142135623730951,1.0,0.0,0.6785714285714285,2.1578947368421053,1.0,1.0,1.0,1.0,1.0,1.0,1.0,1.0,1.0,109.0,1.9777138233184814
1085,G_RANDOM_CONTROL,0.6999999999999998,0.8333333333333334,0.6666666666666666,0.0,0.5,0.6666666666666666,0.24242424242424243,4.333333333333333,0.5833333333333334,0.19886363636363635,0.8483613706843682,1.2086900599541355,1.445437928049756,1.3333333333333333,1.3333333333333333,0.6130952380952381,2.0618341844148294,1.0,1.0,1.0,1.0,1.0,1.0,1.0,0.8333333333333334,1.0,109.0,1.8362942536671956
1085,I_ISOMORPHIC_RELABEL,0.6999999999999998,0.6666666666666666,1.0,1.0,1.0,1.0,0.1818181818181818,3.3333333333333335,0.7083333333333334,0.05263157894736842,0.7496326385858786,0.8032947318180046,1.5072538368110564,1.0,0.0,0.7380952380952381,2.2851897184822523,1.0,1.0,1.0,1.0,1.0,1.0,1.0,1.0,1.0,109.0,1.7714568773905437
1085,L_FORWARD_CONTROL,1.0,0.3333333333333333,0.3333333333333333,0.0,1.0,1.0,0.0,4.666666666666667,0.5416666666666666,0.1883116883116883,0.6790167628932702,0.8569568250501304,1.055767992753806,0.0,0.0,0.6309523809523809,2.198658410732714,1.0,1.0,1.0,1.0,0.5,0.888888888888889,1.0,1.0,1.0,109.0,1.999723196029663
1085,M0_SWITCH_NEUTRALIZED,0.6999999999999998,1.0,1.0,1.0,1.0,1.0,0.0,4.0,0.625,0.391025641025641,0.8032947318180046,0.6959705453537527,1.447423441719554,0.0,1.6666666666666667,0.6785714285714285,2.1666666666666665,1.0,1.0,1.0,0.0,0.0,1.0,1.0,1.0,1.0,109.0,1.8800648053487141
1085,M_SWITCH_REASSIGNED,0.6999999999999998,1.0,1.0,0.0,1.0,1.0,0.0,6.0,0.375,0.14285714285714285,0.9921567416492215,0.6959705453537527,1.0000000000000009,0.0,1.0,0.5178571428571429,1.9655172413793103,1.0,1.0,1.0,1.0,1.0,0.8000000000000002,1.0,1.0,1.0,109.0,1.6378989219665527
1085,O_ORDER_SHUFFLED,0.5,1.0,1.0,0.0,0.5,0.6984126984126983,0.1818181818181818,3.6666666666666665,0.6666666666666666,0.0,0.6959705453537527,0.7496326385858786,1.460733699592076,1.0,0.0,0.7083333333333334,2.29171766625867,1.0,1.0,1.0,1.0,1.0,1.0,1.0,1.0,0.8571428571428571,109.0,2.1164228121439614
1085,P_ANCHOR_REASSIGNED,0.6999999999999998,0.6666666666666666,1.0,1.0,1.0,1.0,0.1818181818181818,3.3333333333333335,0.7083333333333334,0.05263157894736842,0.7496326385858786,0.8032947318180046,1.5072538368110564,1.0,0.0,0.7380952380952381,2.2851897184822523,1.0,1.0,1.0,1.0,1.0,1.0,1.0,1.0,1.0,109.0,1.90727702776591
1085,R_DEGREE_MATCHED_REWIRE,0.4000000000000001,1.0,0.16666666666666666,1.0,0.5,0.75,0.1818181818181818,4.0,0.625,0.2631578947368421,0.6959705453537527,0.7496326385858786,1.3902718737646869,1.0,1.3333333333333333,0.6785714285714285,2.1842105263157894,1.0,1.0,1.0,1.0,1.0,1.0,1.0,1.0,1.0,109.0,2.1212045351664224
1085,T_TERMINAL_CHANGED,0.6999999999999998,0.5,0.6666666666666666,1.0,1.0,1.0,0.1818181818181818,1.6666666666666667,0.9166666666666666,0.0,0.5547387939685356,0.6084008872006615,1.5080019682126269,1.0,0.0,0.9226190476190476,2.6877076411960132,1.0,1.0,1.0,1.0,1.0,1.0,1.0,0.5,0.0,109.0,1.7232277393341064
1085,X_COMPLEXITY_MATCHED,0.3,1.0,0.8333333333333334,1.0,0.5,1.0,0.06060606060606061,2.6666666666666665,0.7916666666666666,0.23076923076923075,0.6253546696611442,0.7496326385858786,1.540869163073615,0.3333333333333333,1.3333333333333333,0.8035714285714285,2.3678215472235404,1.0,1.0,1.0,1.0,1.0,1.0,1.0,0.3333333333333333,1.0,109.0,2.2024099826812744
1085,Y_TOPOLOGY_MATCHED,0.4000000000000001,1.0,1.0,1.0,0.4166666666666667,0.5873015873015873,0.0,3.0,0.75,0.3762541806020067,0.9921567416492215,0.4841229182759272,1.363445189097941,0.0,1.0,0.75,2.4126984126984126,1.0,1.0,1.0,1.0,1.0,1.0,1.0,0.3333333333333333,1.0,109.0,1.7619929313659668
1088,A_AUTHENTIC,0.6999999999999998,0.5,0.8333333333333334,1.0,1.0,1.0,0.1818181818181818,2.3333333333333335,0.8333333333333334,0.0,0.6253546696611442,0.732678856125396,1.530887971121332,1.0,0.0,0.8452380952380952,2.5182724252491693,1.0,1.0,1.0,1.0,1.0,1.0,1.0,0.8333333333333334,1.0,109.0,1.8549035390218098
1088,D_ALL_DIRECTION_REVERSED,0.3,0.8333333333333334,0.6666666666666666,0.0,0.0,1.0,0.06060606060606061,2.3333333333333335,0.8333333333333334,0.12347826086956522,0.7496326385858786,0.8032947318180046,1.3892369899078656,0.3333333333333333,0.3333333333333333,0.8392857142857143,2.6837525707957597,1.0,1.0,1.0,0.0,0.5,1.0,1.0,0.5,1.0,109.0,1.6703403790791829
1088,E0_DELETE,0.6666666666666666,0.6666666666666666,0.8333333333333334,1.0,1.0,1.0,0.20000000000000004,3.6666666666666665,0.6666666666666666,0.05882352941176471,0.7173439510403817,0.8659765002899521,1.4607336995920759,1.0,0.0,0.625,2.201361378356285,1.0,1.0,1.0,1.0,1.0,1.0,1.0,0.8333333333333334,1.0,109.0,1.672109603881836
1088,E0_REVERSE,0.6,0.5,0.5,1.0,0.75,1.0,0.1818181818181818,4.0,0.625,0.0,0.6959705453537527,0.6959705453537527,1.4142135623730951,1.0,0.0,0.6785714285714285,2.263157894736842,1.0,1.0,1.0,1.0,1.0,1.0,1.0,0.5,1.0,109.0,1.689031759897868
1088,E1_DELETE,0.6666666666666666,0.5,0.6666666666666666,1.0,1.0,0.5873015873015873,0.20000000000000004,4.0,0.625,0.0,0.509154410516862,0.76370716402805,1.4142135623730947,1.0,0.0,0.636904761904762,2.291454442558008,1.0,1.0,1.0,1.0,1.0,1.0,1.0,0.6666666666666666,1.0,109.0,2.057953119277954
1088,E1_REVERSE,0.6,0.5,1.0,1.0,0.75,1.0,0.1818181818181818,4.0,0.625,0.0,0.8569568250501304,0.9921567416492215,1.414213562373095,1.0,0.0,0.5535714285714286,1.967741935483871,1.0,1.0,1.0,1.0,1.0,1.0,1.0,1.0,1.0,109.0,2.2846200466156006
1088,E2_DELETE,0.6666666666666666,0.5,1.0,1.0,1.0,0.5,0.20000000000000004,5.0,0.5,0.0,0.6614378277661477,0.9682458365518544,1.2720196495140688,1.0,0.0,0.48214285714285715,1.8518518518518519,1.0,1.0,1.0,1.0,1.0,1.0,1.0,1.0,1.0,109.0,1.635619322458903
1088,E2_REVERSE,0.6,0.5,0.5,1.0,0.75,1.0,0.1818181818181818,5.0,0.5,0.0,0.6959705453537527,0.8569568250501304,1.2720196495140697,1.0,0.0,0.6071428571428571,2.176470588235294,1.0,1.0,1.0,1.0,1.0,1.0,1.0,0.5,1.0,109.0,1.6947232087453206
1088,E3_DELETE,0.6666666666666666,0.5,0.0,1.0,1.0,0.6666666666666666,0.20000000000000004,3.0,0.75,0.0,0.6614378277661477,0.43301270189221935,1.2106077944060876,1.0,0.0,0.7678571428571429,2.7674418604651163,1.0,1.0,1.0,1.0,1.0,1.0,1.0,0.5,1.0,109.0,1.8799513181050618
1088,E3_REVERSE,0.6,0.5,0.3333333333333333,1.0,0.75,1.0,0.1818181818181818,4.333333333333333,0.5833333333333334,0.0,0.9470901027828579,0.732678856125396,1.2515490311447421,1.0,0.0,0.6369047619047619,2.30281007751938,1.0,1.0,1.0,1.0,1.0,1.0,1.0,0.8333333333333334,1.0,109.0,1.4789212544759114
1088,E4_DELETE,0.6666666666666666,0.5,0.5,1.0,1.0,1.0,0.20000000000000004,5.0,0.5,0.0,0.82915619758885,0.9682458365518544,1.2720196495140697,1.0,0.0,0.5714285714285714,2.1875,1.0,1.0,1.0,1.0,1.0,1.0,1.0,1.0,1.0,109.0,1.540188233057658
1088,E4_REVERSE,0.6,0.5,0.5,1.0,1.0,1.0,0.1818181818181818,5.0,0.5,0.0,0.8569568250501304,1.1110243021644486,1.2720196495140697,1.0,0.0,0.5714285714285714,2.125,1.0,1.0,1.0,1.0,1.0,1.0,1.0,1.0,1.0,109.0,1.6483406225840251
1088,E5_DELETE,0.6666666666666666,0.8333333333333334,0.0,1.0,1.0,1.0,0.20000000000000004,3.0,0.75,0.0,0.5852961191415048,0.5852961191415048,1.3948767301241627,1.0,0.0,0.7857142857142857,2.661654135338346,1.0,1.0,1.0,1.0,1.0,1.0,1.0,0.8333333333333334,1.0,109.0,1.6101651191711426
1088,E5_REVERSE,0.6,0.5,0.5,1.0,1.0,1.0,0.1818181818181818,3.0,0.75,0.0,0.6959705453537527,1.1110243021644486,1.5174899135519802,1.0,0.0,0.7678571428571429,2.5813953488372094,1.0,1.0,1.0,1.0,1.0,1.0,1.0,1.0,1.0,109.0,1.898190180460612
1088,E6_DELETE,0.6666666666666666,1.0,0.5,1.0,1.0,1.0,0.20000000000000004,4.0,0.625,0.0,0.6614378277661477,0.6614378277661477,1.4142135623730951,1.0,0.0,0.6785714285714285,2.4210526315789473,1.0,1.0,1.0,1.0,1.0,1.0,1.0,1.0,1.0,109.0,1.8816742897033691
1088,E6_REVERSE,0.6,1.0,0.5,1.0,1.0,1.0,0.3636363636363636,3.0,0.75,0.0,0.8569568250501304,0.4841229182759272,1.618033988749895,2.0,0.0,0.7678571428571429,2.488372093023256,1.0,1.0,1.0,1.0,1.0,1.0,1.0,0.5,1.0,109.0,1.8742317358652751
1088,E7_DELETE,0.7777777777777778,0.0,0.0,0.0,1.0,1.0,0.0,4.0,0.625,0.0,0.6614378277661477,0.6614378277661477,1.189207115002722,0.0,0.0,0.6785714285714285,2.6842105263157894,1.0,1.0,1.0,1.0,1.0,1.0,1.0,0.5,1.0,109.0,1.7986268997192383
1088,E7_REVERSE,0.8000000000000002,0.8333333333333334,1.0,0.0,1.0,1.0,0.0,4.666666666666667,0.5416666666666666,0.4615384615384615,0.9774209810671272,0.7496326385858786,1.2948330468716065,0.0,2.3333333333333335,0.625,2.163339382940109,1.0,1.0,1.0,1.0,0.5,0.8000000000000002,1.0,1.0,1.0,109.0,2.4242096741994223
1088,E8_DELETE,0.7777777777777778,0.5,0.5,1.0,1.0,1.0,0.20000000000000004,1.0,1.0,0.0,0.43301270189221935,0.43301270189221935,1.3883666574370508,1.0,0.0,1.0,3.035714285714286,1.0,1.0,1.0,1.0,1.0,1.0,1.0,0.5,1.0,109.0,1.8282089233398438
1088,E8_REVERSE,0.8000000000000002,0.5,1.0,1.0,1.0,1.0,0.1818181818181818,3.0,0.75,0.0,0.6959705453537527,0.8569568250501304,1.5537739740300374,1.0,0.0,0.7678571428571429,2.302325581395349,1.0,1.0,1.0,1.0,1.0,1.0,1.0,1.0,1.0,109.0,1.5817886193593342
1088,E9_DELETE,0.7777777777777778,0.5,0.5,1.0,1.0,1.0,0.06666666666666667,2.0,0.875,0.0,0.509154410516862,0.509154410516862,1.2784763837284225,0.3333333333333333,0.0,0.8928571428571429,2.854636591478697,1.0,1.0,1.0,1.0,1.0,1.0,1.0,0.6666666666666666,1.0,109.0,2.3020804723103843
1088,E9_REVERSE,0.8000000000000002,1.0,1.0,0.0,1.0,1.0,0.1818181818181818,4.0,0.625,0.2316017316017316,0.8032947318180046,0.9020234639164942,1.4967074472450943,1.0,1.3333333333333333,0.636904761904762,2.0028296547821167,1.0,1.0,1.0,0.6666666666666666,0.5,1.0,1.0,1.0,1.0,109.0,1.9401551087697346
1088,F_SURFACE_FORMAT_CONTROL,0.6999999999999998,0.5,1.0,1.0,1.0,1.0,0.1818181818181818,3.0,0.75,0.0,0.6959705453537527,0.8569568250501304,1.5537739740300374,1.0,0.0,0.7678571428571429,2.3488372093023258,1.0,1.0,1.0,1.0,1.0,1.0,1.0,1.0,1.0,109.0,1.6617504755655925
1088,G_RANDOM_CONTROL,0.20000000000000004,1.0,0.0,1.0,0.25,0.6,0.1818181818181818,6.666666666666667,0.2916666666666667,0.2111111111111111,0.9020234639164942,1.281792348300107,1.108239319081582,1.0,0.3333333333333333,0.33928571428571425,1.5438596491228072,1.0,1.0,1.0,1.0,1.0,0.8333333333333334,1.0,0.3333333333333333,1.0,109.0,2.0225652058919272
1088,I_ISOMORPHIC_RELABEL,0.6999999999999998,0.8333333333333334,0.8333333333333334,1.0,1.0,1.0,0.1818181818181818,3.0,0.75,0.0,0.6253546696611442,0.6253546696611442,1.4378476966833709,1.0,0.0,0.7857142857142857,2.443609022556391,1.0,1.0,1.0,1.0,1.0,1.0,1.0,0.8333333333333334,1.0,109.0,1.8420817057291667
1088,L_FORWARD_CONTROL,1.0,0.6666666666666666,0.6666666666666666,0.0,1.0,1.0,0.12121212121212122,7.333333333333333,0.20833333333333334,0.202020202020202,0.9921567416492215,0.6959705453537527,0.6666666666666666,0.6666666666666666,0.0,0.49404761904761907,1.8668430335097002,1.0,1.0,1.0,1.0,0.8333333333333334,1.0,1.0,1.0,1.0,109.0,1.7349642117818196
1088,M0_SWITCH_NEUTRALIZED,0.6999999999999998,0.5,0.5,1.0,1.0,1.0,0.12121212121212122,2.6666666666666665,0.75,0.20647773279352225,0.6790167628932702,0.6790167628932702,1.3279489039613945,0.6666666666666666,0.6666666666666666,0.7916666666666666,2.657557354925776,1.0,1.0,1.0,0.0,0.0,1.0,1.0,0.8333333333333334,1.0,109.0,2.1249054272969565
1088,M_SWITCH_REASSIGNED,0.6999999999999998,0.6666666666666666,0.6666666666666666,0.0,1.0,1.0,0.1818181818181818,3.0,0.75,0.2619047619047619,0.7496326385858786,0.9921567416492215,1.6470668523479615,1.0,1.6666666666666667,0.7142857142857143,2.265873015873016,1.0,1.0,1.0,1.0,0.8333333333333334,1.0,1.0,1.0,1.0,109.0,1.6426295439402263
1088,O_ORDER_SHUFFLED,0.3,0.5,1.0,1.0,0.5,1.0,0.1818181818181818,3.0,0.75,0.0,0.6959705453537527,0.8569568250501304,1.5537739740300374,1.0,0.0,0.7678571428571429,2.3488372093023258,1.0,1.0,1.0,1.0,1.0,1.0,1.0,1.0,0.0,109.0,1.8254516919453938
1088,P_ANCHOR_REASSIGNED,0.6999999999999998,0.5,0.8333333333333334,1.0,1.0,1.0,0.1818181818181818,2.3333333333333335,0.8333333333333334,0.0,0.6253546696611442,0.732678856125396,1.530887971121332,1.0,0.0,0.8452380952380952,2.5182724252491693,1.0,1.0,1.0,1.0,1.0,1.0,1.0,0.8333333333333334,1.0,109.0,2.536870002746582
1088,R_DEGREE_MATCHED_REWIRE,0.4000000000000001,1.0,1.0,1.0,0.75,1.0,0.0,4.0,0.625,0.48,0.6959705453537527,0.8569568250501304,1.3953369944670726,0.0,2.0,0.6785714285714285,2.1578947368421053,1.0,1.0,1.0,1.0,1.0,1.0,1.0,1.0,1.0,109.0,1.6142956415812175
1088,T_TERMINAL_CHANGED,0.6999999999999998,0.5,0.6666666666666666,1.0,1.0,1.0,0.1818181818181818,2.0,0.875,0.0,0.5547387939685356,0.732678856125396,1.517255445399351,1.0,0.0,0.8809523809523809,2.5652586616041764,1.0,1.0,1.0,1.0,1.0,1.0,1.0,0.5,0.0,109.0,1.9342678387959797
1088,X_COMPLEXITY_MATCHED,0.4000000000000001,0.5,1.0,1.0,0.3333333333333333,0.5333333333333333,0.1818181818181818,5.0,0.375,0.5,1.0714017819927062,0.6959705453537527,1.0000000000000009,1.0,1.0,0.5,2.1785714285714284,1.0,1.0,1.0,1.0,1.0,1.0,1.0,0.3333333333333333,1.0,109.0,1.861430327097575
1088,Y_TOPOLOGY_MATCHED,0.4000000000000001,0.8333333333333334,0.6666666666666666,1.0,0.75,1.0,0.0,1.6666666666666667,0.9166666666666666,0.14285714285714285,0.5547387939685356,0.5547387939685356,1.3394572194851648,0.0,1.0,0.9226190476190476,2.6627906976744184,1.0,1.0,1.0,1.0,1.0,1.0,1.0,0.4444444444444444,1.0,109.0,1.7683605353037517
1089,A_AUTHENTIC,0.6999999999999998,0.5,0.5,1.0,1.0,1.0,0.1818181818181818,1.0,1.0,0.0,0.4841229182759272,0.4841229182759272,1.4851159653039219,1.0,0.0,1.0,2.857142857142857,1.0,1.0,1.0,1.0,1.0,1.0,1.0,0.5,1.0,109.0,1.8758099873860676
1089,D_ALL_DIRECTION_REVERSED,0.3,0.5,0.6666666666666666,0.0,0.0,1.0,0.1818181818181818,3.0,0.75,0.05263157894736842,0.6253546696611442,0.7496326385858786,1.3902632894983349,1.0,0.0,0.7738095238095238,2.520437305889308,1.0,1.0,1.0,1.0,0.6666666666666666,1.0,1.0,0.4444444444444444,1.0,109.0,2.3508315086364746
1089,E0_DELETE,0.6666666666666666,0.5,0.5,1.0,1.0,1.0,0.20000000000000004,4.0,0.625,0.0,0.6614378277661477,0.6614378277661477,1.4142135623730951,1.0,0.0,0.6785714285714285,2.3684210526315788,1.0,1.0,1.0,1.0,1.0,1.0,1.0,0.5,1.0,109.0,1.775089979171753
1089,E0_REVERSE,0.6,0.5,0.5,1.0,0.9166666666666666,0.8333333333333334,0.1818181818181818,4.0,0.625,0.0,0.6959705453537527,0.6959705453537527,1.4142135623730951,1.0,0.0,0.6785714285714285,2.263157894736842,1.0,1.0,1.0,1.0,1.0,1.0,1.0,0.5,1.0,109.0,2.7025445302327475
1089,E1_DELETE,0.6666666666666666,0.6666666666666666,0.5,1.0,1.0,0.7777777777777777,0.20000000000000004,4.0,0.625,0.0,0.5650605337910962,0.6614378277661477,1.4142135623730947,1.0,0.0,0.6785714285714285,2.3859649122807016,1.0,1.0,1.0,1.0,1.0,1.0,1.0,0.6666666666666666,1.0,109.0,2.452820301055908
1089,E1_REVERSE,0.6,0.8333333333333334,0.6666666666666666,1.0,0.75,1.0,0.24242424242424243,3.6666666666666665,0.6666666666666666,0.05555555555555555,0.6253546696611442,0.7946992774522422,1.4424733292923746,1.3333333333333333,0.0,0.6666666666666666,2.265224200787039,1.0,1.0,1.0,1.0,1.0,1.0,1.0,0.8333333333333334,1.0,109.0,1.5756734212239583
1089,E2_DELETE,0.6666666666666666,1.0,0.8333333333333334,1.0,1.0,0.5,0.20000000000000004,4.666666666666667,0.5416666666666666,0.15384615384615385,0.6614378277661477,0.8659765002899521,1.3194176204670776,1.0,0.0,0.5,2.053394355453852,1.0,1.0,1.0,1.0,1.0,1.0,1.0,1.0,1.0,109.0,1.5445826053619385
1089,E2_REVERSE,0.6,0.8333333333333334,0.6666666666666666,1.0,0.75,1.0,0.24242424242424243,4.666666666666667,0.5416666666666666,0.05555555555555555,0.8032947318180046,0.9774209810671272,1.39897698310307,1.3333333333333333,0.0,0.5654761904761905,2.062637411944183,1.0,1.0,1.0,1.0,1.0,1.0,1.0,0.8333333333333334,1.0,109.0,1.6590022246042888
1089,E3_DELETE,0.6666666666666666,0.5,0.0,1.0,1.0,0.6666666666666666,0.20000000000000004,3.0,0.75,0.0,0.6614378277661477,0.43301270189221935,1.2106077944060876,1.0,0.0,0.7678571428571429,2.7674418604651163,1.0,1.0,1.0,1.0,1.0,1.0,1.0,0.5,1.0,109.0,1.818230152130127
1089,E3_REVERSE,0.6,0.6666666666666666,0.0,1.0,0.75,1.0,0.1818181818181818,4.333333333333333,0.5833333333333334,0.0,0.8569568250501304,0.5547387939685356,1.1404051962707251,1.0,0.0,0.6845238095238096,2.492114407912323,1.0,1.0,1.0,1.0,1.0,1.0,1.0,0.6666666666666666,1.0,109.0,1.8258752822875977
1089,E4_DELETE,0.6666666666666666,0.6666666666666666,0.3333333333333333,1.0,1.0,1.0,0.20000000000000004,6.0,0.375,0.13333333333333333,0.7732500743146158,0.8659765002899521,1.1380711874576985,1.0,0.0,0.5357142857142857,2.2172739541160595,1.0,1.0,1.0,1.0,1.0,1.0,1.0,1.0,1.0,109.0,1.9517545700073242
1089,E4_REVERSE,0.6,1.0,0.0,1.0,1.0,1.0,0.30303030303030304,5.0,0.5,0.05555555555555555,0.7496326385858786,0.9416459840882365,1.36918264935336,1.6666666666666667,0.0,0.6071428571428572,2.2327935222672064,1.0,1.0,1.0,1.0,1.0,1.0,1.0,1.0,1.0,109.0,1.5248549779256184
1089,E5_DELETE,0.6666666666666666,0.6666666666666666,0.0,1.0,1.0,1.0,0.20000000000000004,2.0,0.875,0.0,0.509154410516862,0.509154410516862,1.3281419269222214,1.0,0.0,0.8928571428571429,2.919799498746867,1.0,1.0,1.0,1.0,1.0,1.0,1.0,0.6666666666666666,1.0,109.0,1.9211844603220622
1089,E5_REVERSE,0.6,0.6666666666666666,0.16666666666666666,1.0,1.0,1.0,0.1818181818181818,2.0,0.875,0.05263157894736842,0.6084008872006615,0.7496326385858786,1.4484520087088784,1.0,0.0,0.8928571428571429,2.8020050125313283,1.0,1.0,1.0,1.0,1.0,1.0,1.0,0.6666666666666666,1.0,109.0,1.6926608085632324
1089,E6_DELETE,0.6666666666666666,1.0,0.5,1.0,1.0,1.0,0.20000000000000004,4.0,0.625,0.0,0.6614378277661477,0.6614378277661477,1.4142135623730951,1.0,0.0,0.6785714285714285,2.4210526315789473,1.0,1.0,1.0,1.0,1.0,1.0,1.0,1.0,1.0,109.0,1.7156654198964436
1089,E6_REVERSE,0.6,0.5,0.5,1.0,1.0,1.0,0.1818181818181818,4.0,0.625,0.0,0.8569568250501304,0.4841229182759272,1.4142135623730956,1.0,0.0,0.6785714285714285,2.3157894736842106,1.0,1.0,1.0,1.0,1.0,1.0,1.0,0.3333333333333333,1.0,109.0,1.9049181938171387
1089,E7_DELETE,0.7777777777777778,0.5,0.5,1.0,1.0,1.0,0.0,3.0,0.75,0.11764705882352942,0.6614378277661477,0.6614378277661477,1.1673039782614196,0.0,0.0,0.7678571428571429,2.7364341085271318,1.0,1.0,1.0,1.0,0.5,0.8000000000000002,1.0,1.0,1.0,109.0,1.8800714015960693
1089,E7_REVERSE,0.8000000000000002,0.0,0.0,0.0,1.0,1.0,0.1818181818181818,1.3333333333333333,0.9166666666666666,0.0,0.4841229182759272,0.4841229182759272,1.3054309485853592,1.0,0.0,0.9285714285714285,3.0909090909090913,1.0,1.0,1.0,1.0,1.0,1.0,1.0,0.5,1.0,109.0,1.682602087656657
1089,E8_DELETE,0.7777777777777778,0.5,0.5,1.0,1.0,1.0,0.20000000000000004,1.0,1.0,0.0,0.43301270189221935,0.43301270189221935,1.3883666574370508,1.0,0.0,1.0,3.035714285714286,1.0,1.0,1.0,1.0,1.0,1.0,1.0,0.5,1.0,109.0,1.8299118677775066
1089,E8_REVERSE,0.8000000000000002,0.6666666666666666,0.8333333333333334,1.0,1.0,1.0,0.1818181818181818,3.0,0.75,0.05263157894736842,0.6790167628932702,0.6790167628932702,1.4210501784616307,1.0,0.0,0.7916666666666666,2.3983942414174972,1.0,1.0,1.0,1.0,1.0,1.0,1.0,0.8333333333333334,1.0,109.0,2.1463510990142822
1089,E9_DELETE,0.7777777777777778,0.5,0.5,1.0,1.0,1.0,0.0,1.0,1.0,0.0,0.43301270189221935,0.43301270189221935,1.2106077944060862,0.0,0.0,1.0,3.0714285714285716,1.0,1.0,1.0,1.0,1.0,1.0,1.0,0.5,1.0,109.0,1.9302584330240886
1089,E9_REVERSE,0.8000000000000002,0.5,0.5,0.0,1.0,0.611111111111111,0.12121212121212122,3.3333333333333335,0.7083333333333334,0.37052631578947365,0.8483613706843682,0.7496326385858786,1.4333931357964431,0.6666666666666666,2.0,0.7321428571428572,2.4491933794259375,1.0,1.0,1.0,1.0,0.6666666666666666,1.0,1.0,1.0,1.0,109.0,1.8122948010762532
1089,F_SURFACE_FORMAT_CONTROL,0.6999999999999998,1.0,1.0,1.0,1.0,0.8095238095238094,0.1818181818181818,4.0,0.625,0.10818713450292398,0.8032947318180046,0.7496326385858786,1.4142135623730951,1.0,0.0,0.6785714285714285,2.2280701754385963,1.0,1.0,1.0,1.0,1.0,1.0,1.0,1.0,1.0,109.0,1.6417020956675212
1089,G_RANDOM_CONTROL,0.4000000000000001,0.5,0.0,1.0,0.4166666666666667,1.0,0.1818181818181818,6.0,0.375,0.2727272727272727,0.8569568250501304,1.2183492931011204,1.324717957244747,1.0,1.0,0.5,1.7857142857142858,1.0,1.0,1.0,1.0,1.0,0.75,1.0,0.25,1.0,109.0,1.9887505372365315
1089,I_ISOMORPHIC_RELABEL,0.6999999999999998,0.8333333333333334,1.0,1.0,1.0,1.0,0.1818181818181818,3.6666666666666665,0.6666666666666666,0.10526315789473684,0.8032947318180046,0.7496326385858786,1.460733699592076,1.0,0.0,0.7083333333333334,2.221542227662179,1.0,1.0,1.0,1.0,1.0,1.0,1.0,1.0,1.0,109.0,1.6543159484863281
1089,L_FORWARD_CONTROL,1.0,0.6666666666666666,0.6666666666666666,0.0,1.0,0.6666666666666666,0.12121212121212122,6.0,0.375,0.0909090909090909,0.8569568250501304,0.6084008872006615,0.848013099676046,0.6666666666666666,0.0,0.5178571428571428,1.848731884057971,1.0,1.0,1.0,1.0,0.8333333333333334,0.8333333333333334,1.0,0.6666666666666666,1.0,109.0,2.0443886121114097
1089,M0_SWITCH_NEUTRALIZED,0.6999999999999998,0.6666666666666666,0.6666666666666666,1.0,1.0,1.0,0.0,2.0,0.875,0.17857142857142858,0.7496326385858786,0.6084008872006615,1.2599575841838215,0.0,0.0,0.8928571428571429,2.848997493734336,1.0,1.0,1.0,0.0,0.0,1.0,1.0,0.6666666666666666,1.0,109.0,2.9610700607299805
1089,M_SWITCH_REASSIGNED,0.6999999999999998,0.5,0.5,0.0,1.0,0.6666666666666666,0.0,2.0,0.875,0.0,0.6959705453537527,0.4841229182759272,1.4142135623730943,0.0,0.0,0.875,2.6530612244897958,1.0,1.0,1.0,1.0,1.0,0.8000000000000002,1.0,0.5,1.0,109.0,1.6801252365112305
1089,O_ORDER_SHUFFLED,0.6999999999999998,0.6666666666666666,0.6666666666666666,1.0,1.0,0.6190476190476191,0.1818181818181818,2.0,0.875,0.0,0.5547387939685356,0.5547387939685356,1.4614818309936464,1.0,0.0,0.8928571428571429,2.6416040100250626,0.42857142857142855,1.0,1.0,1.0,1.0,1.0,1.0,0.6666666666666666,1.0,109.0,1.7615201473236084
1089,P_ANCHOR_REASSIGNED,0.6999999999999998,0.5,0.5,1.0,1.0,1.0,0.1818181818181818,1.0,1.0,0.0,0.4841229182759272,0.4841229182759272,1.4851159653039219,1.0,0.0,1.0,2.857142857142857,1.0,1.0,1.0,1.0,1.0,1.0,1.0,0.5,1.0,109.0,1.8891895612080891
1089,R_DEGREE_MATCHED_REWIRE,0.5,0.5,0.5,1.0,0.75,0.5873015873015873,0.42424242424242425,1.6666666666666667,0.9166666666666666,0.0,0.6084008872006615,0.6084008872006615,1.5084340883294471,2.3333333333333335,0.0,0.9226190476190476,2.853266888150609,1.0,1.0,1.0,1.0,1.0,1.0,1.0,0.6666666666666666,1.0,109.0,1.9806539217631023
1089,T_TERMINAL_CHANGED,0.6999999999999998,0.5,0.5,1.0,1.0,1.0,0.1818181818181818,1.0,1.0,0.0,0.4841229182759272,0.4841229182759272,1.4851159653039219,1.0,0.0,1.0,2.857142857142857,1.0,1.0,1.0,1.0,1.0,1.0,1.0,0.5,0.0,109.0,1.7382196585337322
1089,X_COMPLEXITY_MATCHED,0.6,0.5,0.5,1.0,0.75,0.6,0.1818181818181818,4.0,0.375,0.3333333333333333,0.8569568250501304,0.6959705453537527,1.3247179572447463,1.0,2.0,0.5535714285714286,2.064516129032258,1.0,1.0,1.0,1.0,1.0,1.0,1.0,0.5,1.0,109.0,1.659144401550293
1089,Y_TOPOLOGY_MATCHED,0.4000000000000001,0.8333333333333334,0.8333333333333334,1.0,0.75,1.0,0.1818181818181818,3.6666666666666665,0.6666666666666666,0.19548872180451127,1.031779261820964,0.6790167628932702,1.3194176204670778,1.0,0.0,0.6904761904761904,2.2441012441012442,1.0,1.0,1.0,1.0,1.0,1.0,1.0,0.8333333333333334,1.0,109.0,2.63318141301473
1091,A_AUTHENTIC,0.6999999999999998,0.5,0.5,1.0,1.0,1.0,0.1818181818181818,1.0,1.0,0.0,0.4841229182759272,0.4841229182759272,1.4851159653039219,1.0,0.0,1.0,2.857142857142857,1.0,1.0,1.0,1.0,1.0,1.0,1.0,0.5,1.0,109.0,1.737614393234253
1091,D_ALL_DIRECTION_REVERSED,0.3,0.5,0.8333333333333334,0.0,0.0,1.0,0.1818181818181818,3.3333333333333335,0.7083333333333334,0.05555555555555555,0.6790167628932702,0.8032947318180046,1.5286738417176766,1.0,0.3333333333333333,0.7380952380952381,2.4663402692778456,1.0,1.0,1.0,1.0,0.8333333333333334,1.0,1.0,0.4444444444444444,1.0,109.0,1.614157994588216
1091,E0_DELETE,0.6666666666666666,0.5,0.6666666666666666,1.0,1.0,1.0,0.20000000000000004,3.6666666666666665,0.6666666666666666,0.0,0.6614378277661477,0.76370716402805,1.4607336995920759,1.0,0.0,0.6666666666666666,2.2919103313840155,1.0,1.0,1.0,1.0,1.0,1.0,1.0,0.6666666666666666,1.0,109.0,1.916462818781535
1091,E0_REVERSE,0.6,0.8333333333333334,0.8333333333333334,1.0,0.75,0.5,0.1818181818181818,4.0,0.625,0.1111111111111111,0.6959705453537527,0.8934280095507319,1.4142135623730951,1.0,0.0,0.6071428571428571,2.129385964912281,1.0,1.0,1.0,1.0,1.0,1.0,1.0,0.8333333333333334,1.0,109.0,1.953774054845174
1091,E1_DELETE,0.6666666666666666,0.5,0.5,1.0,1.0,0.5277777777777778,0.13333333333333333,4.333333333333333,0.5833333333333334,0.0,0.43301270189221935,0.7173439510403817,1.2761423749153964,0.6666666666666666,0.0,0.6547619047619048,2.33952528379773,1.0,1.0,1.0,1.0,0.8333333333333334,1.0,1.0,0.5,1.0,109.0,1.9214794635772705
1091,E1_REVERSE,0.6,0.6666666666666666,0.6666666666666666,1.0,0.8333333333333334,0.8888888888888888,0.1818181818181818,4.0,0.625,0.05555555555555555,0.5547387939685356,0.7946992774522422,1.4142135623730947,1.0,0.0,0.636904761904762,2.1726089417091115,1.0,1.0,1.0,1.0,1.0,1.0,1.0,0.6666666666666666,1.0,109.0,1.8667159875233967
1091,E2_DELETE,0.6666666666666666,0.5,0.5,1.0,1.0,0.5,0.20000000000000004,5.0,0.5,0.0,0.43301270189221935,0.6614378277661477,1.2720196495140697,1.0,0.0,0.6071428571428571,2.2941176470588234,1.0,1.0,1.0,1.0,1.0,1.0,1.0,0.5,1.0,109.0,1.6173340479532878
1091,E2_REVERSE,0.6,0.6666666666666666,0.6666666666666666,1.0,0.75,1.0,0.1818181818181818,5.0,0.5,0.05555555555555555,0.7496326385858786,0.9774209810671272,1.2720196495140694,1.0,0.0,0.5416666666666666,2.0161977834612106,1.0,1.0,1.0,1.0,1.0,1.0,1.0,0.6666666666666666,1.0,109.0,1.6884297529856365
1091,E3_DELETE,0.6666666666666666,0.5,0.0,1.0,1.0,0.6666666666666666,0.20000000000000004,3.0,0.75,0.0,0.6614378277661477,0.43301270189221935,1.2106077944060876,1.0,0.0,0.7678571428571429,2.7674418604651163,1.0,1.0,1.0,1.0,1.0,1.0,1.0,0.5,1.0,109.0,2.1783766746520996
1091,E3_REVERSE,0.6,0.5,0.0,1.0,0.9166666666666666,0.7777777777777777,0.1818181818181818,3.0,0.75,0.0,0.8569568250501304,0.4841229182759272,1.2106077944060876,1.0,0.0,0.7678571428571429,2.7209302325581395,1.0,1.0,1.0,1.0,1.0,1.0,1.0,0.5,1.0,109.0,1.5663331349690754
1091,E4_DELETE,0.6666666666666666,0.8333333333333334,0.16666666666666666,1.0,1.0,1.0,0.20000000000000004,5.0,0.5,0.06666666666666667,0.7173439510403817,0.76370716402805,1.2761423749153968,1.0,0.0,0.6071428571428572,2.3191632928475037,1.0,1.0,1.0,1.0,1.0,1.0,1.0,1.0,1.0,109.0,1.7474245230356853
1091,E4_REVERSE,0.6,0.5,0.0,1.0,1.0,1.0,0.1818181818181818,3.0,0.75,0.0,0.6959705453537527,0.8569568250501304,1.210607794406086,1.0,0.0,0.7678571428571429,2.7209302325581395,1.0,1.0,1.0,1.0,1.0,1.0,1.0,0.5,1.0,109.0,1.607770045598348
1091,E5_DELETE,0.6666666666666666,0.5,0.0,1.0,1.0,1.0,0.20000000000000004,1.0,1.0,0.0,0.43301270189221935,0.43301270189221935,1.356203065626297,1.0,0.0,1.0,3.142857142857143,1.0,1.0,1.0,1.0,1.0,1.0,1.0,0.5,1.0,109.0,1.8898201783498128
1091,E5_REVERSE,0.6,0.5,0.0,1.0,1.0,1.0,0.1818181818181818,1.0,1.0,0.0,0.4841229182759272,0.6959705453537527,1.46557123187677,1.0,0.0,1.0,3.0714285714285716,1.0,1.0,1.0,1.0,1.0,1.0,1.0,0.5,1.0,109.0,2.1225244998931885
1091,E6_DELETE,0.6666666666666666,0.6666666666666666,0.5,1.0,1.0,1.0,0.20000000000000004,4.0,0.625,0.0,0.6614378277661477,0.509154410516862,1.4142135623730956,1.0,0.0,0.6785714285714285,2.5263157894736845,1.0,1.0,1.0,1.0,1.0,1.0,1.0,0.6666666666666666,1.0,109.0,1.603420893351237
1091,E6_REVERSE,0.6,1.0,0.5,1.0,1.0,1.0,0.3636363636363636,3.0,0.75,0.0,0.8569568250501304,0.4841229182759272,1.618033988749895,2.0,0.0,0.7678571428571429,2.488372093023256,1.0,1.0,1.0,1.0,1.0,1.0,1.0,0.5,1.0,109.0,1.921620527903239
1091,E7_DELETE,0.7777777777777778,0.5,0.6666666666666666,0.0,1.0,0.6666666666666666,0.06666666666666667,5.666666666666667,0.4166666666666667,0.2949346405228758,0.7173439510403817,0.7173439510403817,0.9271002522331466,0.3333333333333333,1.3333333333333333,0.5833333333333334,2.31234335839599,1.0,1.0,1.0,1.0,0.6666666666666666,1.0,1.0,0.7777777777777778,1.0,109.0,2.09146515528361
1091,E7_REVERSE,0.8000000000000002,0.0,0.5,1.0,1.0,1.0,0.0,2.0,0.875,0.4444444444444444,0.9921567416492215,0.6959705453537527,1.494530180479667,0.0,2.0,0.875,2.6122448979591835,1.0,1.0,1.0,1.0,1.0,0.8000000000000002,1.0,1.0,1.0,109.0,2.4537158012390137
1091,E8_DELETE,0.7777777777777778,0.5,0.5,1.0,1.0,1.0,0.20000000000000004,1.0,1.0,0.0,0.43301270189221935,0.43301270189221935,1.3883666574370508,1.0,0.0,1.0,3.035714285714286,1.0,1.0,1.0,1.0,1.0,1.0,1.0,0.5,1.0,109.0,1.64176607131958
1091,E8_REVERSE,0.8000000000000002,0.5,0.5,1.0,1.0,1.0,0.1818181818181818,1.0,1.0,0.0,0.4841229182759272,0.4841229182759272,1.437356911840786,1.0,0.0,1.0,2.892857142857143,1.0,1.0,1.0,1.0,1.0,1.0,1.0,0.5,1.0,109.0,1.5695539315541585
1091,E9_DELETE,0.7777777777777778,0.5,0.5,1.0,1.0,1.0,0.06666666666666667,2.0,0.875,0.0,0.509154410516862,0.509154410516862,1.2784763837284225,0.3333333333333333,0.0,0.8928571428571429,2.854636591478697,1.0,1.0,1.0,1.0,1.0,1.0,1.0,0.6666666666666666,1.0,109.0,1.8096417586008708
1091,E9_REVERSE,0.8000000000000002,0.3333333333333333,0.8333333333333334,0.0,1.0,0.6666666666666666,0.1818181818181818,5.0,0.5,0.17647058823529413,0.9470901027828579,0.8032947318180046,1.3510126797879025,1.0,1.0,0.6011904761904763,2.2627639668537824,1.0,1.0,1.0,1.0,1.0,1.0,1.0,0.8333333333333334,1.0,109.0,1.5921363830566406
1091,F_SURFACE_FORMAT_CONTROL,0.6999999999999998,0.8333333333333334,1.0,1.0,1.0,1.0,0.1818181818181818,3.6666666666666665,0.6666666666666666,0.10526315789473684,0.8032947318180046,0.7496326385858786,1.460733699592076,1.0,0.0,0.7083333333333334,2.221542227662179,1.0,1.0,1.0,1.0,1.0,1.0,1.0,1.0,1.0,109.0,1.8008811473846436
1091,G_RANDOM_CONTROL,0.6,0.5,0.0,0.0,0.5,0.42857142857142855,0.0,8.0,0.125,0.25,0.8569568250501304,0.9921567416492215,0.0,0.0,0.0,0.42857142857142855,1.6666666666666667,1.0,1.0,1.0,1.0,1.0,1.0,1.0,0.3333333333333333,1.0,109.0,1.5397377014160156
1091,I_ISOMORPHIC_RELABEL,0.6999999999999998,0.5,0.5,1.0,1.0,0.75,0.1818181818181818,1.0,1.0,0.0,0.4841229182759272,0.4841229182759272,1.4851159653039219,1.0,0.0,1.0,2.857142857142857,1.0,1.0,1.0,1.0,1.0,1.0,1.0,0.5,1.0,109.0,1.7626971403757732
1091,L_FORWARD_CONTROL,1.0,0.5,0.5,0.0,1.0,0.5,0.12121212121212122,5.0,0.5,0.17500000000000002,0.6253546696611442,0.6253546696611442,1.0923425509101004,0.6666666666666666,0.0,0.6785714285714285,2.245689655172414,1.0,1.0,1.0,1.0,1.0,0.8333333333333334,1.0,0.8333333333333334,1.0,109.0,1.7560017903645833
1091,M0_SWITCH_NEUTRALIZED,0.6999999999999998,0.16666666666666666,0.16666666666666666,1.0,1.0,1.0,0.12121212121212122,1.3333333333333333,0.9166666666666666,0.09999999999999999,0.4841229182759272,0.4841229182759272,1.3066605396682984,0.6666666666666666,0.3333333333333333,0.9285714285714285,3.016774891774892,1.0,1.0,1.0,0.0,0.0,1.0,1.0,0.4444444444444444,1.0,109.0,1.9976975917816162
1091,M_SWITCH_REASSIGNED,0.6999999999999998,0.16666666666666666,0.16666666666666666,0.0,1.0,0.5,0.24242424242424243,3.3333333333333335,0.5,0.11764705882352942,0.4841229182759272,0.7946992774522422,1.3071518546678516,1.3333333333333333,0.6666666666666666,0.5952380952380952,2.0704656862745097,1.0,1.0,1.0,1.0,1.0,0.8000000000000002,1.0,1.0,1.0,109.0,1.5434269905090332
1091,O_ORDER_SHUFFLED,0.6,0.16666666666666666,0.5,0.0,0.5,1.0,0.30303030303030304,2.3333333333333335,0.75,0.0,0.4841229182759272,0.6253546696611442,1.4378476966833709,1.6666666666666667,0.0,0.7976190476190476,2.542124542124542,1.0,1.0,1.0,1.0,1.0,1.0,1.0,0.8333333333333334,0.5714285714285714,109.0,1.6729881763458252
1091,P_ANCHOR_REASSIGNED,0.6999999999999998,0.5,0.6666666666666666,1.0,1.0,1.0,0.1818181818181818,1.6666666666666667,0.9166666666666666,0.0,0.5547387939685356,0.6084008872006615,1.5080019682126269,1.0,0.0,0.9226190476190476,2.6877076411960132,1.0,1.0,1.0,1.0,1.0,1.0,1.0,0.6666666666666666,1.0,109.0,1.789911111195882
1091,R_DEGREE_MATCHED_REWIRE,0.5,0.5,0.5,1.0,1.0,0.6666666666666666,0.1818181818181818,1.0,1.0,0.375,0.4841229182759272,0.4841229182759272,1.521379706804569,1.0,2.0,1.0,2.857142857142857,1.0,1.0,1.0,1.0,1.0,1.0,1.0,0.5,1.0,109.0,1.713875373204549
1091,T_TERMINAL_CHANGED,0.6999999999999998,0.5,0.8333333333333334,1.0,1.0,1.0,0.1818181818181818,2.6666666666666665,0.7916666666666666,0.0,0.6253546696611442,0.8569568250501304,1.5401414483080564,1.0,0.0,0.8035714285714285,2.395823445657333,1.0,1.0,1.0,1.0,1.0,1.0,1.0,0.5,0.0,109.0,1.6777448654174805
1091,X_COMPLEXITY_MATCHED,0.4000000000000001,0.6666666666666666,1.0,1.0,0.25,1.0,0.06060606060606061,3.0,0.75,0.2552380952380952,0.9020234639164942,0.7496326385858786,1.4695693258946811,0.3333333333333333,2.0,0.7678571428571429,2.3488372093023258,1.0,1.0,1.0,1.0,1.0,1.0,1.0,0.38888888888888884,1.0,109.0,1.7747972011566162
1091,Y_TOPOLOGY_MATCHED,0.6,0.8333333333333334,0.5,1.0,0.75,0.6,0.0,3.0,0.75,0.12333333333333334,0.9470901027828579,0.5547387939685356,1.3247179572447438,0.0,1.0,0.7559523809523809,2.252122554448136,1.0,1.0,1.0,1.0,1.0,1.0,1.0,0.5,1.0,109.0,2.030418554941813
1092,A_AUTHENTIC,0.6999999999999998,0.5,1.0,1.0,1.0,1.0,0.1818181818181818,3.0,0.75,0.0,0.6959705453537527,0.8569568250501304,1.5537739740300374,1.0,0.0,0.7678571428571429,2.3488372093023258,1.0,1.0,1.0,1.0,1.0,1.0,1.0,1.0,1.0,109.0,1.635266621907552
1092,D_ALL_DIRECTION_REVERSED,0.3,0.3333333333333333,0.6666666666666666,0.0,0.0,1.0,0.12121212121212122,3.3333333333333335,0.7083333333333334,0.09523809523809523,0.5547387939685356,0.6959705453537527,1.3459784838989843,0.6666666666666666,0.3333333333333333,0.7380952380952381,2.558955528355773,1.0,1.0,1.0,1.0,0.5,1.0,1.0,0.3333333333333333,1.0,109.0,1.6592748165130615
1092,E0_DELETE,0.6666666666666666,0.5,0.8333333333333334,1.0,1.0,1.0,0.20000000000000004,3.3333333333333335,0.7083333333333334,0.0,0.6614378277661477,0.8659765002899521,1.5072538368110562,1.0,0.0,0.6547619047619048,2.215399610136452,1.0,1.0,1.0,1.0,1.0,1.0,1.0,0.8333333333333334,1.0,109.0,2.0204450289408364
1092,E0_REVERSE,0.6,0.5,0.8333333333333334,1.0,0.75,0.75,0.1818181818181818,3.3333333333333335,0.7083333333333334,0.0,0.5547387939685356,0.8934280095507319,1.5072538368110562,1.0,0.0,0.7261904761904763,2.246449456975773,1.0,1.0,1.0,1.0,1.0,1.0,1.0,0.8333333333333334,1.0,109.0,1.604973554611206
1092,E1_DELETE,0.6666666666666666,0.5,0.6666666666666666,1.0,1.0,0.6666666666666666,0.20000000000000004,4.0,0.625,0.0,0.509154410516862,0.76370716402805,1.4142135623730947,1.0,0.0,0.636904761904762,2.291454442558008,1.0,1.0,1.0,1.0,1.0,1.0,1.0,0.6666666666666666,1.0,109.0,2.0696281592051187
1092,E1_REVERSE,0.6,0.5,1.0,1.0,1.0,0.25,0.1818181818181818,4.0,0.625,0.0,0.8569568250501304,0.9921567416492215,1.414213562373095,1.0,0.0,0.5535714285714286,1.967741935483871,1.0,1.0,1.0,1.0,1.0,1.0,1.0,1.0,1.0,109.0,1.9268074035644531
1092,E2_DELETE,0.6666666666666666,0.5,1.0,1.0,1.0,0.5,0.20000000000000004,5.0,0.5,0.0,0.6614378277661477,0.9682458365518544,1.2720196495140688,1.0,0.0,0.48214285714285715,1.8518518518518519,1.0,1.0,1.0,1.0,1.0,1.0,1.0,1.0,1.0,109.0,1.4910380045572917
1092,E2_REVERSE,0.6,0.5,0.6666666666666666,1.0,0.75,1.0,0.1818181818181818,5.0,0.5,0.09999999999999999,0.8343217976239847,0.9416459840882365,1.2720196495140694,1.0,0.0,0.5416666666666666,2.0161977834612106,1.0,1.0,1.0,1.0,1.0,1.0,1.0,0.6666666666666666,1.0,109.0,1.7065362930297852
1092,E3_DELETE,0.6666666666666666,0.5,0.5,1.0,1.0,0.6666666666666666,0.20000000000000004,5.0,0.5,0.0,0.82915619758885,0.82915619758885,1.2720196495140694,1.0,0.0,0.5714285714285714,2.15625,1.0,1.0,1.0,1.0,1.0,1.0,1.0,1.0,1.0,109.0,1.7495325406392415
1092,E3_REVERSE,0.6,0.5,0.16666666666666666,1.0,0.75,1.0,0.1818181818181818,4.0,0.625,0.10526315789473684,0.9020234639164942,0.732678856125396,1.3559315413963258,1.0,0.6666666666666666,0.6726190476190476,2.4382267441860463,1.0,1.0,1.0,1.0,1.0,1.0,1.0,0.8333333333333334,1.0,109.0,1.6551413536071777
1092,E4_DELETE,0.6666666666666666,0.8333333333333334,0.16666666666666666,1.0,1.0,1.0,0.20000000000000004,4.333333333333333,0.5833333333333334,0.0,0.7173439510403817,0.76370716402805,1.3668155914200868,1.0,0.0,0.6428571428571429,2.343201754385965,1.0,1.0,1.0,1.0,1.0,1.0,1.0,1.0,1.0,109.0,1.8736430803934734
1092,E4_REVERSE,0.6,0.5,0.5,1.0,1.0,1.0,0.1818181818181818,5.0,0.5,0.0,0.8569568250501304,1.1110243021644486,1.2720196495140697,1.0,0.0,0.5714285714285714,2.125,1.0,1.0,1.0,1.0,1.0,1.0,1.0,1.0,1.0,109.0,1.4767827192942302
1092,E5_DELETE,0.6666666666666666,0.5,0.16666666666666666,1.0,1.0,1.0,0.20000000000000004,2.0,0.875,0.07142857142857142,0.509154410516862,0.5650605337910962,1.3642279001167361,1.0,0.0,0.8928571428571429,2.9461152882205517,1.0,1.0,1.0,1.0,1.0,1.0,1.0,0.6666666666666666,1.0,109.0,1.773787021636963
1092,E5_REVERSE,0.6,0.5,0.5,1.0,1.0,1.0,0.1818181818181818,3.0,0.75,0.0,0.6959705453537527,1.1110243021644486,1.5174899135519802,1.0,0.0,0.7678571428571429,2.5813953488372094,1.0,1.0,1.0,1.0,1.0,1.0,1.0,1.0,1.0,109.0,1.4979960918426514
1092,E6_DELETE,0.6666666666666666,1.0,0.5,1.0,1.0,1.0,0.20000000000000004,4.0,0.625,0.0,0.6614378277661477,0.6614378277661477,1.4142135623730951,1.0,0.0,0.6785714285714285,2.4210526315789473,1.0,1.0,1.0,1.0,1.0,1.0,1.0,1.0,1.0,109.0,2.0368148485819497
1092,E6_REVERSE,0.6,1.0,0.5,1.0,1.0,1.0,0.3636363636363636,3.0,0.75,0.0,0.8569568250501304,0.4841229182759272,1.618033988749895,2.0,0.0,0.7678571428571429,2.488372093023256,1.0,1.0,1.0,1.0,1.0,1.0,1.0,0.5,1.0,109.0,2.05098557472229
1092,E7_DELETE,0.7777777777777778,0.6666666666666666,1.0,0.0,1.0,0.6666666666666666,0.0,7.0,0.25,0.20050125313283207,0.9682458365518544,0.7732500743146158,0.419973683298291,0.0,0.6666666666666666,0.4285714285714286,1.8187499999999999,1.0,1.0,1.0,1.0,1.0,1.0,1.0,1.0,1.0,109.0,2.161221663157145
1092,E7_REVERSE,0.8000000000000002,1.0,1.0,0.0,1.0,0.5,0.0,4.0,0.625,0.13636363636363635,0.8032947318180046,0.6959705453537527,1.220744084605758,0.0,1.0,0.6785714285714285,2.307017543859649,1.0,1.0,1.0,1.0,0.8333333333333334,0.8000000000000002,1.0,1.0,1.0,109.0,1.9796091715494792
1092,E8_DELETE,0.7777777777777778,0.5,0.8333333333333334,1.0,1.0,1.0,0.20000000000000004,2.3333333333333335,0.8333333333333334,0.0,0.5852961191415048,0.697108365689973,1.439836373730195,1.0,0.0,0.8452380952380952,2.6398117386489477,1.0,1.0,1.0,1.0,1.0,1.0,1.0,0.8333333333333334,1.0,109.0,1.9029589494069417
1092,E8_REVERSE,0.8000000000000002,0.5,1.0,1.0,1.0,1.0,0.1818181818181818,3.0,0.75,0.0,0.6959705453537527,0.8569568250501304,1.5537739740300374,1.0,0.0,0.7678571428571429,2.302325581395349,1.0,1.0,1.0,1.0,1.0,1.0,1.0,1.0,1.0,109.0,2.0098613103230796
1092,E9_DELETE,0.7777777777777778,0.5,0.5,1.0,1.0,1.0,0.20000000000000004,4.0,0.625,0.0,0.6614378277661477,0.6614378277661477,1.4142135623730951,1.0,0.0,0.6785714285714285,2.4210526315789473,1.0,1.0,1.0,1.0,1.0,1.0,1.0,1.0,1.0,109.0,1.936602036158244
1092,E9_REVERSE,0.8000000000000002,0.0,0.0,0.0,1.0,1.0,0.0,1.3333333333333333,0.9583333333333334,0.27310370788631655,0.5547387939685356,0.5547387939685356,1.4222147025440766,0.0,1.6666666666666667,0.9583333333333334,2.8869047619047623,1.0,1.0,1.0,1.0,0.8333333333333334,1.0,1.0,0.6666666666666666,1.0,109.0,2.412515163421631
1092,F_SURFACE_FORMAT_CONTROL,0.6999999999999998,0.6666666666666666,1.0,1.0,1.0,1.0,0.1818181818181818,3.3333333333333335,0.7083333333333334,0.0,0.6959705453537527,0.8032947318180046,1.5072538368110564,1.0,0.0,0.7380952380952381,2.302733578131375,1.0,1.0,1.0,1.0,1.0,1.0,1.0,1.0,1.0,109.0,1.6562751134236653
1092,G_RANDOM_CONTROL,0.3,0.16666666666666666,0.6666666666666666,1.0,0.08333333333333333,0.7777777777777777,0.1818181818181818,4.666666666666667,0.5416666666666666,0.37272727272727274,0.9921567416492215,0.9774209810671272,1.556039240186356,1.0,2.3333333333333335,0.5654761904761905,1.9991419991419992,1.0,1.0,1.0,1.0,0.8333333333333334,1.0,1.0,0.5,1.0,109.0,1.9048562049865723
1092,I_ISOMORPHIC_RELABEL,0.6999999999999998,0.8333333333333334,1.0,1.0,1.0,1.0,0.1818181818181818,3.6666666666666665,0.6666666666666666,0.05263157894736842,0.7496326385858786,0.7496326385858786,1.460733699592076,1.0,0.0,0.7083333333333334,2.2390860873113017,1.0,1.0,1.0,1.0,1.0,1.0,1.0,1.0,1.0,109.0,2.2051403522491455
1092,L_FORWARD_CONTROL,1.0,0.6666666666666666,0.6666666666666666,0.0,1.0,1.0,0.0,4.0,0.625,0.08695652173913043,0.9416459840882365,0.5547387939685356,0.8116388110339291,0.0,0.0,0.7440476190476191,2.345175107079869,1.0,1.0,1.0,1.0,1.0,1.0,1.0,0.6666666666666666,1.0,109.0,1.7501784960428874
1092,M0_SWITCH_NEUTRALIZED,0.6999999999999998,0.6666666666666666,0.6666666666666666,1.0,1.0,1.0,0.06060606060606061,2.0,0.875,0.14786967418546365,0.7496326385858786,0.5547387939685356,1.33495973330728,0.3333333333333333,0.0,0.8928571428571429,2.8139097744360906,1.0,1.0,1.0,0.0,0.0,1.0,1.0,0.6666666666666666,1.0,109.0,2.0654168923695884
1092,M_SWITCH_REASSIGNED,0.6999999999999998,0.5,0.8333333333333334,0.0,1.0,1.0,0.06060606060606061,3.0,0.75,0.32072275550536417,0.6253546696611442,0.8934280095507319,1.602728312929808,0.3333333333333333,2.3333333333333335,0.6845238095238096,2.136304909560723,1.0,1.0,1.0,1.0,1.0,1.0,1.0,0.8333333333333334,1.0,109.0,3.27066437403361
1092,O_ORDER_SHUFFLED,0.6,0.5,1.0,0.0,0.5,1.0,0.1818181818181818,3.0,0.75,0.0,0.6959705453537527,0.8569568250501304,1.5537739740300374,1.0,0.0,0.7678571428571429,2.3488372093023258,1.0,1.0,1.0,1.0,1.0,1.0,1.0,1.0,0.42857142857142855,109.0,2.324666897455851
1092,P_ANCHOR_REASSIGNED,0.6999999999999998,0.5,1.0,1.0,1.0,1.0,0.1818181818181818,3.0,0.75,0.0,0.6959705453537527,0.8569568250501304,1.5537739740300374,1.0,0.0,0.7678571428571429,2.3488372093023258,1.0,1.0,1.0,1.0,1.0,1.0,1.0,1.0,1.0,109.0,1.8638475735982258
1092,R_DEGREE_MATCHED_REWIRE,0.5,1.0,1.0,1.0,1.0,0.6666666666666666,0.1818181818181818,4.0,0.625,0.3333333333333333,0.6959705453537527,0.8569568250501304,1.5341577449142647,1.0,1.0,0.6785714285714285,2.263157894736842,1.0,1.0,1.0,1.0,1.0,1.0,1.0,1.0,1.0,109.0,1.5899356206258137
1092,T_TERMINAL_CHANGED,0.6999999999999998,0.5,0.8333333333333334,1.0,1.0,1.0,0.1818181818181818,2.3333333333333335,0.8333333333333334,0.0,0.6253546696611442,0.732678856125396,1.530887971121332,1.0,0.0,0.8452380952380952,2.5182724252491693,1.0,1.0,1.0,1.0,1.0,1.0,1.0,0.5,0.0,109.0,1.5976449648539226
1092,X_COMPLEXITY_MATCHED,0.4000000000000001,0.5,1.0,1.0,0.5833333333333334,0.6190476190476191,0.0,2.0,0.875,0.3333333333333333,0.6959705453537527,0.8569568250501304,1.5931223498766585,0.0,2.0,0.75,2.1666666666666665,1.0,1.0,1.0,1.0,1.0,1.0,1.0,0.3333333333333333,1.0,109.0,1.6947727998097737
1092,Y_TOPOLOGY_MATCHED,0.4000000000000001,0.6666666666666666,1.0,1.0,0.5833333333333334,0.5079365079365079,0.1818181818181818,3.6666666666666665,0.6666666666666666,0.24047619047619048,0.7946992774522422,0.8032947318180046,1.4983507725941285,1.0,1.6666666666666667,0.7083333333333334,2.2325581395348837,1.0,1.0,1.0,1.0,1.0,1.0,1.0,0.5,1.0,109.0,2.1738100051879883
1093,A_AUTHENTIC,0.6999999999999998,0.8333333333333334,1.0,1.0,1.0,1.0,0.1818181818181818,4.0,0.625,0.15789473684210525,0.7496326385858786,0.7496326385858786,1.4821537044986954,1.0,0.3333333333333333,0.6785714285714285,2.2280701754385963,1.0,1.0,1.0,1.0,1.0,1.0,1.0,1.0,1.0,109.0,2.1127166748046875
1093,D_ALL_DIRECTION_REVERSED,0.3,0.3333333333333333,0.6666666666666666,0.0,0.0,1.0,0.12121212121212122,3.3333333333333335,0.7083333333333334,0.10317460317460318,0.5547387939685356,0.8032947318180046,1.440965450823234,0.6666666666666666,0.3333333333333333,0.7380952380952381,2.4463484292125663,1.0,1.0,1.0,1.0,0.8333333333333334,1.0,1.0,0.38888888888888884,1.0,109.0,1.7317390441894531
1093,E0_DELETE,0.6666666666666666,0.8333333333333334,1.0,1.0,1.0,1.0,0.20000000000000004,3.6666666666666665,0.6666666666666666,0.0,0.7732500743146158,0.8755194105765179,1.4607336995920759,1.0,0.0,0.5833333333333334,2.0893070489844683,1.0,1.0,1.0,1.0,1.0,1.0,1.0,1.0,1.0,109.0,1.8339348634084065
1093,E0_REVERSE,0.6,1.0,1.0,1.0,0.75,1.0,0.1818181818181818,4.0,0.625,0.15789473684210525,0.8569568250501304,0.9921567416492215,1.4142135623730951,1.0,0.0,0.5714285714285714,2.0,1.0,1.0,1.0,1.0,1.0,1.0,1.0,1.0,1.0,109.0,1.7285972436269124
1093,E1_DELETE,0.6666666666666666,0.6666666666666666,0.5,1.0,1.0,0.7777777777777777,0.20000000000000004,4.0,0.625,0.0,0.509154410516862,0.6614378277661477,1.4142135623730947,1.0,0.0,0.6785714285714285,2.4210526315789473,1.0,1.0,1.0,1.0,1.0,1.0,1.0,0.6666666666666666,1.0,109.0,2.010868946711222
1093,E1_REVERSE,0.6,1.0,0.5,1.0,0.75,0.8333333333333334,0.1818181818181818,3.0,0.75,0.15789473684210525,0.8569568250501304,0.6959705453537527,1.4864724770191395,1.0,0.0,0.7678571428571429,2.395348837209302,1.0,1.0,1.0,1.0,1.0,1.0,1.0,1.0,1.0,109.0,1.951934814453125
1093,E2_DELETE,0.6666666666666666,1.0,0.5,1.0,1.0,0.4761904761904762,0.20000000000000004,5.0,0.5,0.0,0.6614378277661477,0.82915619758885,1.2720196495140688,1.0,0.0,0.5892857142857143,2.1515151515151514,1.0,1.0,1.0,1.0,1.0,1.0,1.0,1.0,1.0,109.0,1.8190679550170898
1093,E2_REVERSE,0.6,0.6666666666666666,0.5,1.0,0.75,0.8095238095238094,0.1818181818181818,5.0,0.5,0.05263157894736842,0.7496326385858786,0.9020234639164942,1.2720196495140694,1.0,0.0,0.6011904761904762,2.1277480689245394,1.0,1.0,1.0,1.0,1.0,1.0,1.0,0.6666666666666666,1.0,109.0,1.910973072052002
1093,E3_DELETE,0.6666666666666666,1.0,0.0,1.0,1.0,0.6666666666666666,0.20000000000000004,6.0,0.375,0.0,0.6614378277661477,0.6614378277661477,1.1380711874576985,1.0,0.0,0.5714285714285715,2.209316394434362,1.0,1.0,1.0,1.0,1.0,1.0,1.0,1.0,1.0,109.0,2.148280223210653
1093,E3_REVERSE,0.6,0.8333333333333334,0.0,1.0,0.8333333333333334,0.8333333333333334,0.1818181818181818,6.0,0.375,0.10526315789473684,0.8569568250501304,0.7496326385858786,1.1950557267562736,1.0,0.6666666666666666,0.5714285714285715,2.189655172413793,1.0,1.0,1.0,1.0,1.0,1.0,1.0,1.0,1.0,109.0,2.168011426925659
1093,E4_DELETE,0.6666666666666666,1.0,0.3333333333333333,1.0,1.0,0.8333333333333334,0.20000000000000004,7.0,0.25,0.12916666666666668,0.8755194105765179,0.8755194105765179,1.0,1.0,0.0,0.46428571428571425,1.9871794871794872,1.0,1.0,1.0,1.0,1.0,1.0,1.0,1.0,1.0,109.0,1.7740874290466309
1093,E4_REVERSE,0.6,0.8333333333333334,0.3333333333333333,1.0,0.9166666666666666,0.8095238095238096,0.1818181818181818,7.0,0.25,0.2134502923976608,0.9470901027828579,1.0714017819927062,1.0,1.0,0.0,0.46428571428571425,1.9487179487179487,1.0,1.0,1.0,1.0,1.0,1.0,1.0,1.0,1.0,109.0,1.818963845570882
1093,E5_DELETE,0.6666666666666666,0.8333333333333334,0.3333333333333333,1.0,1.0,1.0,0.20000000000000004,3.0,0.75,0.0,0.5852961191415048,0.5852961191415048,1.300080788218146,1.0,0.0,0.7857142857142857,2.661654135338346,1.0,1.0,1.0,1.0,1.0,1.0,1.0,0.8333333333333334,1.0,109.0,1.6734333038330078
1093,E5_REVERSE,0.6,0.5,0.0,1.0,1.0,1.0,0.1818181818181818,1.0,1.0,0.0,0.4841229182759272,0.6959705453537527,1.46557123187677,1.0,0.0,1.0,3.0714285714285716,1.0,1.0,1.0,1.0,1.0,1.0,1.0,0.5,1.0,109.0,1.7949347496032715
1093,E6_DELETE,0.6666666666666666,1.0,0.5,1.0,1.0,1.0,0.20000000000000004,4.0,0.625,0.0,0.6614378277661477,0.6614378277661477,1.4142135623730951,1.0,0.0,0.6785714285714285,2.4210526315789473,1.0,1.0,1.0,1.0,1.0,1.0,1.0,1.0,1.0,109.0,1.9447014331817627
1093,E6_REVERSE,0.6,0.6666666666666666,0.5,1.0,1.0,1.0,0.24242424242424243,3.6666666666666665,0.6666666666666666,0.0,0.8569568250501304,0.4841229182759272,1.4821537044986954,1.3333333333333333,0.0,0.7083333333333334,2.3733170134638923,1.0,1.0,1.0,1.0,1.0,1.0,1.0,0.38888888888888884,1.0,109.0,1.8918000062306721
1093,E7_DELETE,0.7777777777777778,0.5,0.5,0.0,1.0,0.5,0.13333333333333333,3.3333333333333335,0.7083333333333334,0.05555555555555555,0.43301270189221935,0.7732500743146158,1.299083087742487,0.6666666666666666,0.3333333333333333,0.7202380952380952,2.504157218442933,1.0,1.0,1.0,1.0,1.0,0.8000000000000002,1.0,1.0,1.0,109.0,2.956648588180542
1093,E7_REVERSE,0.8000000000000002,0.5,0.8333333333333334,1.0,1.0,1.0,0.12121212121212122,3.6666666666666665,0.6666666666666666,0.43636363636363634,0.732678856125396,0.732678856125396,1.5468324656834174,0.6666666666666666,1.6666666666666667,0.7380952380952381,2.3700980392156863,1.0,1.0,1.0,1.0,1.0,1.0,1.0,0.8333333333333334,1.0,109.0,1.808474063873291
1093,E8_DELETE,0.7777777777777778,1.0,1.0,1.0,1.0,1.0,0.20000000000000004,5.0,0.5,0.20476190476190478,0.7732500743146158,0.7173439510403817,1.272019649514069,1.0,0.0,0.6071428571428571,2.176470588235294,1.0,1.0,1.0,1.0,1.0,1.0,1.0,1.0,1.0,109.0,1.980258544286092
1093,E8_REVERSE,0.8000000000000002,0.8333333333333334,0.8333333333333334,1.0,1.0,0.8333333333333334,0.1818181818181818,3.6666666666666665,0.6666666666666666,0.10818713450292398,0.6790167628932702,0.6790167628932702,1.3271320702896414,1.0,0.0,0.7380952380952381,2.3368347338935576,1.0,1.0,1.0,1.0,1.0,1.0,1.0,0.8333333333333334,1.0,109.0,1.6071019172668457
1093,E9_DELETE,0.7777777777777778,0.5,0.5,1.0,1.0,1.0,0.20000000000000004,4.0,0.625,0.0,0.6614378277661477,0.6614378277661477,1.4142135623730951,1.0,0.0,0.6785714285714285,2.4210526315789473,1.0,1.0,1.0,1.0,1.0,1.0,1.0,1.0,1.0,109.0,1.7699225743611653
1093,E9_REVERSE,0.8000000000000002,0.3333333333333333,0.6666666666666666,1.0,1.0,1.0,0.24242424242424243,4.333333333333333,0.5,0.08333333333333333,0.6084008872006615,0.6959705453537527,1.18134643300938,1.3333333333333333,0.0,0.6190476190476191,2.2095238095238097,1.0,1.0,1.0,1.0,0.5,1.0,1.0,1.0,1.0,109.0,1.9996089935302734
1093,F_SURFACE_FORMAT_CONTROL,0.6999999999999998,0.5,1.0,1.0,1.0,1.0,0.1818181818181818,3.3333333333333335,0.7083333333333334,0.10526315789473684,0.6959705453537527,0.8569568250501304,1.5751939789366567,1.0,0.3333333333333333,0.7380952380952381,2.337821297429621,1.0,1.0,1.0,1.0,1.0,1.0,1.0,1.0,1.0,109.0,1.615586519241333
1093,G_RANDOM_CONTROL,0.6,0.5,0.0,1.0,0.8333333333333334,1.0,0.30303030303030304,4.333333333333333,0.5,0.3843137254901961,0.6959705453537527,0.8569568250501304,1.5213797068045676,1.6666666666666667,2.0,0.5,2.004862953138815,1.0,1.0,1.0,1.0,1.0,1.0,1.0,0.5,1.0,109.0,2.2484413782755532
1093,I_ISOMORPHIC_RELABEL,0.6999999999999998,0.5,0.5,1.0,1.0,1.0,0.1818181818181818,1.0,1.0,0.0,0.4841229182759272,0.4841229182759272,1.4851159653039219,1.0,0.0,1.0,2.857142857142857,1.0,1.0,1.0,1.0,1.0,1.0,1.0,0.5,1.0,109.0,1.5023243427276611
1093,L_FORWARD_CONTROL,1.0,0.5,0.5,0.0,1.0,0.5555555555555555,0.1818181818181818,5.0,0.5,0.17647058823529413,0.8569568250501304,0.4841229182759272,1.272019649514069,1.0,0.0,0.6071428571428571,2.1176470588235294,1.0,1.0,1.0,1.0,1.0,1.0,1.0,0.5,1.0,109.0,1.8434704144795735
1093,M0_SWITCH_NEUTRALIZED,0.6999999999999998,0.5,0.5,1.0,1.0,1.0,0.0,1.0,1.0,0.047619047619047616,0.5547387939685356,0.4841229182759272,1.3037215634391235,0.0,0.0,1.0,2.982142857142857,1.0,1.0,1.0,0.0,0.0,1.0,1.0,0.5,1.0,109.0,1.962349573771159
1093,M_SWITCH_REASSIGNED,0.6999999999999998,0.5,0.5,0.0,1.0,0.611111111111111,0.06060606060606061,2.3333333333333335,0.75,0.24064171122994651,0.6959705453537527,0.4841229182759272,1.331537026860478,0.3333333333333333,1.0,0.7797619047619048,2.557410843125129,1.0,1.0,1.0,1.0,1.0,1.0,1.0,0.5,1.0,109.0,1.8239874839782715
1093,O_ORDER_SHUFFLED,0.6,0.0,1.0,0.0,0.5,0.8888888888888888,0.1818181818181818,4.0,0.625,0.1608187134502924,0.8032947318180046,0.7496326385858786,1.4142135623730951,1.0,0.0,0.6785714285714285,2.210526315789474,1.0,1.0,1.0,1.0,1.0,1.0,1.0,1.0,0.42857142857142855,109.0,1.8055182298024495
1093,P_ANCHOR_REASSIGNED,0.6999999999999998,1.0,1.0,1.0,1.0,1.0,0.1818181818181818,4.0,0.625,0.05555555555555555,0.6959705453537527,0.7496326385858786,1.4142135623730951,1.0,0.0,0.6785714285714285,2.2456140350877196,1.0,1.0,1.0,1.0,1.0,1.0,1.0,1.0,1.0,109.0,2.2169299920399985
1093,R_DEGREE_MATCHED_REWIRE,0.4000000000000001,0.8333333333333334,0.8333333333333334,1.0,0.75,0.5317460317460317,0.0,3.3333333333333335,0.625,0.5984848484848485,0.6253546696611442,0.6253546696611442,1.576866052659821,0.0,2.3333333333333335,0.6369047619047619,2.227149544222715,1.0,1.0,1.0,1.0,1.0,1.0,1.0,0.8333333333333334,1.0,109.0,2.035278081893921
1093,T_TERMINAL_CHANGED,0.6999999999999998,0.8333333333333334,1.0,1.0,1.0,0.8333333333333334,0.1818181818181818,3.6666666666666665,0.6666666666666666,0.0,0.6959705453537527,0.7496326385858786,1.460733699592076,1.0,0.0,0.7083333333333334,2.274173806609547,1.0,1.0,1.0,1.0,1.0,1.0,1.0,0.5,0.0,109.0,1.674765666325887
1093,X_COMPLEXITY_MATCHED,0.5,0.5,0.5,1.0,0.5,0.42857142857142855,0.06060606060606061,3.0,0.75,0.13958810068649885,0.7496326385858786,0.6959705453537527,1.424267735221613,0.3333333333333333,1.0,0.7678571428571429,2.4651162790697674,1.0,1.0,1.0,1.0,1.0,1.0,1.0,0.38888888888888884,1.0,109.0,1.6648487250010173
1093,Y_TOPOLOGY_MATCHED,0.6,0.6666666666666666,1.0,1.0,0.5,0.6666666666666666,0.12121212121212122,4.0,0.625,0.15458937198067632,0.9020234639164942,0.6959705453537527,1.3857083920245445,0.6666666666666666,1.0,0.6190476190476191,2.1382243487506645,1.0,1.0,1.0,1.0,1.0,1.0,1.0,0.5,1.0,109.0,1.6291529337565105
1094,A_AUTHENTIC,0.6999999999999998,0.5,0.5,1.0,1.0,1.0,0.1818181818181818,1.0,1.0,0.0,0.4841229182759272,0.4841229182759272,1.4851159653039219,1.0,0.0,1.0,2.857142857142857,1.0,1.0,1.0,1.0,1.0,1.0,1.0,0.5,1.0,109.0,1.7257885138193767
1094,D_ALL_DIRECTION_REVERSED,0.3,0.6666666666666666,0.8333333333333334,0.0,0.0,1.0,0.12121212121212122,2.6666666666666665,0.7916666666666666,0.043478260869565216,0.8032947318180046,0.7496326385858786,1.4848928003869808,0.6666666666666666,0.0,0.8035714285714285,2.5182724252491693,1.0,1.0,1.0,1.0,0.8333333333333334,1.0,1.0,0.5,1.0,109.0,1.992411772410075
1094,E0_DELETE,0.6666666666666666,0.5,0.5,1.0,1.0,1.0,0.20000000000000004,4.0,0.625,0.0,0.6614378277661477,0.6614378277661477,1.4142135623730951,1.0,0.0,0.6785714285714285,2.3684210526315788,1.0,1.0,1.0,1.0,1.0,1.0,1.0,0.5,1.0,109.0,2.326070467631022
1094,E0_REVERSE,0.6,0.5,0.5,1.0,0.75,0.75,0.1818181818181818,4.0,0.625,0.0,0.6959705453537527,0.6959705453537527,1.4142135623730951,1.0,0.0,0.6785714285714285,2.263157894736842,1.0,1.0,1.0,1.0,1.0,1.0,1.0,0.5,1.0,109.0,1.658901294072469
1094,E1_DELETE,0.6666666666666666,0.5,0.5,1.0,1.0,0.6666666666666666,0.20000000000000004,4.0,0.625,0.0,0.43301270189221935,0.6614378277661477,1.4142135623730943,1.0,0.0,0.6785714285714285,2.4210526315789473,1.0,1.0,1.0,1.0,1.0,1.0,1.0,0.5,1.0,109.0,2.5656020641326904
1094,E1_REVERSE,0.6,0.6666666666666666,0.5,1.0,0.75,1.0,0.1818181818181818,4.0,0.625,0.0,0.5547387939685356,0.6959705453537527,1.4142135623730947,1.0,0.0,0.6488095238095238,2.1706539074960127,1.0,1.0,1.0,1.0,1.0,1.0,1.0,0.6666666666666666,1.0,109.0,1.8042209943135579
1094,E2_DELETE,0.6666666666666666,0.6666666666666666,0.6666666666666666,1.0,1.0,0.5,0.20000000000000004,5.0,0.5,0.07692307692307693,0.509154410516862,0.76370716402805,1.2720196495140694,1.0,0.0,0.5416666666666666,2.152600170502984,1.0,1.0,1.0,1.0,1.0,1.0,1.0,0.6666666666666666,1.0,109.0,1.9832054773966472
1094,E2_REVERSE,0.6,0.5,0.6666666666666666,1.0,0.75,1.0,0.1818181818181818,5.0,0.5,0.0,0.7496326385858786,0.9416459840882365,1.2720196495140694,1.0,0.0,0.5654761904761905,2.043572984749455,1.0,1.0,1.0,1.0,1.0,1.0,1.0,0.6666666666666666,1.0,109.0,1.6727809111277263
1094,E3_DELETE,0.6666666666666666,0.5,0.16666666666666666,1.0,1.0,0.6666666666666666,0.20000000000000004,3.6666666666666665,0.6666666666666666,0.0,0.7173439510403817,0.5650605337910962,1.2310784127754149,1.0,0.0,0.7023809523809524,2.5637112403100777,1.0,1.0,1.0,1.0,1.0,1.0,1.0,0.6666666666666666,1.0,109.0,1.7371228535970051
1094,E3_REVERSE,0.6,0.5,0.0,1.0,0.75,1.0,0.1818181818181818,3.3333333333333335,0.7083333333333334,0.10526315789473684,0.8569568250501304,0.6084008872006615,1.3354609230269985,1.0,0.6666666666666666,0.7380952380952381,2.647286821705426,1.0,1.0,1.0,1.0,1.0,1.0,1.0,0.6666666666666666,1.0,109.0,1.6640608310699463
1094,E4_DELETE,0.6666666666666666,0.5,0.0,1.0,1.0,1.0,0.20000000000000004,3.0,0.75,0.0,0.6614378277661477,0.6614378277661477,1.210607794406086,1.0,0.0,0.7678571428571429,2.7674418604651163,1.0,1.0,1.0,1.0,1.0,1.0,1.0,0.5,1.0,109.0,1.7264522711435955
1094,E4_REVERSE,0.6,0.5,0.0,1.0,1.0,1.0,0.1818181818181818,3.0,0.75,0.0,0.6959705453537527,0.8569568250501304,1.210607794406086,1.0,0.0,0.7678571428571429,2.7209302325581395,1.0,1.0,1.0,1.0,1.0,1.0,1.0,0.5,1.0,109.0,2.0215386549631753
1094,E5_DELETE,0.6666666666666666,0.5,0.0,1.0,1.0,1.0,0.20000000000000004,1.0,1.0,0.0,0.43301270189221935,0.43301270189221935,1.356203065626297,1.0,0.0,1.0,3.142857142857143,1.0,1.0,1.0,1.0,1.0,1.0,1.0,0.5,1.0,109.0,1.6263220310211182
1094,E5_REVERSE,0.6,0.5,0.0,1.0,1.0,1.0,0.1818181818181818,1.0,1.0,0.0,0.4841229182759272,0.6959705453537527,1.46557123187677,1.0,0.0,1.0,3.0714285714285716,1.0,1.0,1.0,1.0,1.0,1.0,1.0,0.5,1.0,109.0,1.824243148167928
1094,E6_DELETE,0.6666666666666666,1.0,0.5,1.0,1.0,1.0,0.20000000000000004,4.0,0.625,0.0,0.6614378277661477,0.6614378277661477,1.4142135623730951,1.0,0.0,0.6785714285714285,2.4210526315789473,1.0,1.0,1.0,1.0,1.0,1.0,1.0,1.0,1.0,109.0,1.7073658307393391
1094,E6_REVERSE,0.6,0.6666666666666666,0.5,1.0,1.0,1.0,0.24242424242424243,3.6666666666666665,0.6666666666666666,0.0,0.8569568250501304,0.4841229182759272,1.4821537044986954,1.3333333333333333,0.0,0.7083333333333334,2.3733170134638923,1.0,1.0,1.0,1.0,1.0,1.0,1.0,0.38888888888888884,1.0,109.0,1.732521375020345
1094,E7_DELETE,0.7777777777777778,0.3333333333333333,0.8333333333333334,0.0,1.0,0.6666666666666666,0.13333333333333333,7.333333333333333,0.20833333333333334,0.23859649122807017,0.9218826235641862,0.7173439510403817,0.6666666666666666,0.6666666666666666,0.0,0.46428571428571425,2.086190476190476,1.0,1.0,1.0,1.0,0.6666666666666666,1.0,1.0,0.8333333333333334,1.0,109.0,2.0045502185821533
1094,E7_REVERSE,0.8000000000000002,0.6666666666666666,0.6666666666666666,0.0,1.0,1.0,0.0,2.0,0.875,0.14069264069264067,0.6084008872006615,0.5547387939685356,1.2795476764974039,0.0,0.0,0.8928571428571429,2.7236842105263155,1.0,1.0,1.0,1.0,1.0,1.0,1.0,0.6666666666666666,1.0,109.0,1.8215738932291667
1094,E8_DELETE,0.7777777777777778,0.5,0.5,1.0,1.0,1.0,0.20000000000000004,1.0,1.0,0.0,0.43301270189221935,0.43301270189221935,1.3883666574370508,1.0,0.0,1.0,3.035714285714286,1.0,1.0,1.0,1.0,1.0,1.0,1.0,0.5,1.0,109.0,2.1823200384775796
1094,E8_REVERSE,0.8000000000000002,0.5,0.5,1.0,1.0,1.0,0.1818181818181818,1.0,1.0,0.0,0.4841229182759272,0.4841229182759272,1.437356911840786,1.0,0.0,1.0,2.892857142857143,1.0,1.0,1.0,1.0,1.0,1.0,1.0,0.5,1.0,109.0,1.647994836171468
1094,E9_DELETE,0.7777777777777778,0.5,0.5,1.0,1.0,1.0,0.0,1.0,1.0,0.0,0.43301270189221935,0.43301270189221935,1.2106077944060862,0.0,0.0,1.0,3.0714285714285716,1.0,1.0,1.0,1.0,1.0,1.0,1.0,0.5,1.0,109.0,1.9549049536387126
1094,E9_REVERSE,0.8000000000000002,0.0,0.0,0.0,1.0,1.0,0.0,1.0,1.0,0.14285714285714285,0.4841229182759272,0.6959705453537527,1.380277569097614,0.0,1.0,1.0,2.8214285714285716,1.0,1.0,1.0,1.0,1.0,0.8000000000000002,1.0,0.3333333333333333,1.0,109.0,1.7916566530863445
1094,F_SURFACE_FORMAT_CONTROL,0.6999999999999998,0.5,0.5,1.0,1.0,1.0,0.1818181818181818,1.0,1.0,0.0,0.4841229182759272,0.4841229182759272,1.4851159653039219,1.0,0.0,1.0,2.857142857142857,1.0,1.0,1.0,1.0,1.0,1.0,1.0,0.5,1.0,109.0,1.6692531903584797
1094,G_RANDOM_CONTROL,0.5,0.8333333333333334,0.0,1.0,0.75,0.6666666666666666,0.06060606060606061,5.0,0.5,0.47148389368069,0.7496326385858786,0.9921567416492215,1.1773135664696477,0.3333333333333333,1.0,0.5833333333333334,2.1817722895309104,1.0,1.0,1.0,1.0,0.6666666666666666,1.0,1.0,1.0,1.0,109.0,2.103323300679525
1094,I_ISOMORPHIC_RELABEL,0.6999999999999998,0.5,0.5,1.0,1.0,1.0,0.1818181818181818,1.0,1.0,0.0,0.4841229182759272,0.4841229182759272,1.4851159653039219,1.0,0.0,1.0,2.857142857142857,1.0,1.0,1.0,1.0,1.0,1.0,1.0,0.5,1.0,109.0,1.964860995610555
1094,L_FORWARD_CONTROL,1.0,0.5,0.5,0.0,1.0,1.0,0.0,4.333333333333333,0.5833333333333334,0.24080267558528426,0.732678856125396,0.8569568250501304,1.04490804613384,0.0,0.0,0.6607142857142857,2.147286821705426,1.0,1.0,1.0,1.0,1.0,1.0,1.0,0.5,1.0,109.0,1.9228139718373616
1094,M0_SWITCH_NEUTRALIZED,0.6999999999999998,0.5,0.5,1.0,1.0,1.0,0.0,1.0,1.0,0.14285714285714285,0.6959705453537527,0.4841229182759272,1.2953328187743716,0.0,0.0,1.0,3.089285714285714,1.0,1.0,1.0,0.0,0.0,1.0,1.0,0.5,1.0,109.0,1.78770112991333
1094,M_SWITCH_REASSIGNED,0.6999999999999998,0.16666666666666666,0.5,0.0,1.0,1.0,0.0,3.0,0.75,0.3653846153846154,0.9921567416492215,0.4841229182759272,1.477127598826755,0.0,2.0,0.75,2.4206349206349205,1.0,1.0,1.0,1.0,0.6666666666666666,1.0,1.0,0.5,1.0,109.0,1.8887221813201904
1094,O_ORDER_SHUFFLED,0.4000000000000001,0.16666666666666666,0.6666666666666666,1.0,0.25,1.0,0.1818181818181818,2.0,0.875,0.0,0.5547387939685356,0.5547387939685356,1.4614818309936464,1.0,0.0,0.8928571428571429,2.6591478696741855,1.0,1.0,1.0,1.0,1.0,1.0,1.0,0.6666666666666666,1.0,109.0,1.636252800623576
1094,P_ANCHOR_REASSIGNED,0.6999999999999998,0.5,0.5,1.0,1.0,1.0,0.1818181818181818,1.0,1.0,0.0,0.4841229182759272,0.4841229182759272,1.4851159653039219,1.0,0.0,1.0,2.857142857142857,1.0,1.0,1.0,1.0,1.0,1.0,1.0,0.5,1.0,109.0,1.8642249902089436
1094,R_DEGREE_MATCHED_REWIRE,0.6,1.0,1.0,1.0,1.0,1.0,0.1818181818181818,3.0,0.75,0.3333333333333333,0.6959705453537527,0.8569568250501304,1.4804720565386271,1.0,1.0,0.7678571428571429,2.5348837209302326,1.0,1.0,1.0,1.0,1.0,1.0,1.0,1.0,1.0,109.0,1.5651460488637288
1094,T_TERMINAL_CHANGED,0.6999999999999998,0.5,0.5,1.0,1.0,1.0,0.1818181818181818,1.0,1.0,0.0,0.4841229182759272,0.4841229182759272,1.4851159653039219,1.0,0.0,1.0,2.857142857142857,1.0,1.0,1.0,1.0,1.0,1.0,1.0,0.5,0.0,109.0,1.7337116400400798
1094,X_COMPLEXITY_MATCHED,0.6,0.5,1.0,1.0,0.8333333333333334,0.4523809523809524,0.1818181818181818,3.0,0.75,0.3333333333333333,0.6959705453537527,0.6959705453537527,1.46557123187677,1.0,2.0,0.7678571428571429,2.488372093023256,1.0,1.0,1.0,1.0,1.0,1.0,1.0,0.3333333333333333,1.0,109.0,2.190051317214966
1094,Y_TOPOLOGY_MATCHED,0.3,0.6666666666666666,0.8333333333333334,1.0,0.25,0.7777777777777777,0.24242424242424243,5.0,0.5,0.31666666666666665,0.9867126229546003,0.8032947318180046,1.4880438842664028,1.3333333333333333,1.3333333333333333,0.5952380952380952,2.0728335991493885,1.0,1.0,1.0,1.0,1.0,1.0,1.0,0.4444444444444444,1.0,109.0,2.3421167532602944
1095,A_AUTHENTIC,0.6999999999999998,0.5,0.6666666666666666,1.0,1.0,1.0,0.1818181818181818,1.6666666666666667,0.9166666666666666,0.0,0.5547387939685356,0.6084008872006615,1.5080019682126269,1.0,0.0,0.9226190476190476,2.6877076411960132,1.0,1.0,1.0,1.0,1.0,1.0,1.0,0.6666666666666666,1.0,109.0,1.7292226950327556
1095,D_ALL_DIRECTION_REVERSED,0.3,0.16666666666666666,1.0,0.0,0.0,1.0,0.12121212121212122,3.6666666666666665,0.6666666666666666,0.047619047619047616,0.8032947318180046,0.6959705453537527,1.3962438736696312,0.6666666666666666,0.3333333333333333,0.7083333333333334,2.3180334557323543,1.0,1.0,1.0,1.0,0.8333333333333334,1.0,1.0,0.38888888888888884,1.0,109.0,1.9930927753448486
1095,E0_DELETE,0.6666666666666666,0.5,0.5,1.0,1.0,1.0,0.20000000000000004,4.0,0.625,0.0,0.6614378277661477,0.6614378277661477,1.4142135623730951,1.0,0.0,0.6785714285714285,2.3684210526315788,1.0,1.0,1.0,1.0,1.0,1.0,1.0,0.5,1.0,109.0,1.6207485993703206
1095,E0_REVERSE,0.6,0.5,0.5,1.0,0.75,1.0,0.1818181818181818,4.0,0.625,0.0,0.6959705453537527,0.6959705453537527,1.4142135623730951,1.0,0.0,0.6785714285714285,2.263157894736842,1.0,1.0,1.0,1.0,1.0,1.0,1.0,0.5,1.0,109.0,1.5478410720825195
1095,E1_DELETE,0.6666666666666666,0.8333333333333334,0.5,1.0,1.0,0.6666666666666666,0.20000000000000004,4.0,0.625,0.0,0.641202242415739,0.6614378277661477,1.414213562373095,1.0,0.0,0.6785714285714285,2.3859649122807016,1.0,1.0,1.0,1.0,1.0,1.0,1.0,0.8333333333333334,1.0,109.0,1.991041660308838
1095,E1_REVERSE,0.6,0.5,0.16666666666666666,1.0,0.75,1.0,0.1818181818181818,2.0,0.875,0.0,0.4841229182759272,0.5547387939685356,1.3938144825902634,1.0,0.0,0.8928571428571429,2.832080200501253,1.0,1.0,1.0,1.0,0.6666666666666666,1.0,1.0,0.5,1.0,109.0,1.5381207466125488
1095,E2_DELETE,0.6666666666666666,0.5,0.8333333333333334,1.0,1.0,0.5,0.20000000000000004,5.0,0.5,0.0,0.5852961191415048,0.8659765002899521,1.2720196495140692,1.0,0.0,0.5238095238095238,1.999273783587509,1.0,1.0,1.0,1.0,1.0,1.0,1.0,0.8333333333333334,1.0,109.0,1.7746016184488933
1095,E2_REVERSE,0.6,0.5,0.6666666666666666,1.0,0.75,1.0,0.1818181818181818,5.0,0.5,0.09999999999999999,0.8343217976239847,0.9416459840882365,1.2720196495140694,1.0,0.0,0.5416666666666666,2.0161977834612106,1.0,1.0,1.0,1.0,1.0,1.0,1.0,0.6666666666666666,1.0,109.0,1.462636947631836
1095,E3_DELETE,0.6666666666666666,0.5,0.0,1.0,1.0,0.6666666666666666,0.20000000000000004,3.0,0.75,0.0,0.6614378277661477,0.43301270189221935,1.2106077944060876,1.0,0.0,0.7678571428571429,2.7674418604651163,1.0,1.0,1.0,1.0,1.0,1.0,1.0,0.5,1.0,109.0,2.007678270339966
1095,E3_REVERSE,0.6,0.5,0.0,1.0,0.75,1.0,0.1818181818181818,3.0,0.75,0.0,0.8569568250501304,0.4841229182759272,1.2106077944060876,1.0,0.0,0.7678571428571429,2.7209302325581395,1.0,1.0,1.0,1.0,1.0,1.0,1.0,0.5,1.0,109.0,1.5768852233886719
1095,E4_DELETE,0.6666666666666666,0.5,0.3333333333333333,1.0,1.0,1.0,0.20000000000000004,4.333333333333333,0.5833333333333334,0.0,0.7732500743146158,0.8659765002899521,1.2515490311447417,1.0,0.0,0.6369047619047619,2.380813953488372,1.0,1.0,1.0,1.0,1.0,1.0,1.0,0.8333333333333334,1.0,109.0,1.4476734797159831
1095,E4_REVERSE,0.6,0.6666666666666666,0.16666666666666666,1.0,1.0,1.0,0.1818181818181818,4.333333333333333,0.5833333333333334,0.05263157894736842,0.7946992774522422,0.9020234639164942,1.140405196270724,1.0,0.0,0.6666666666666666,2.4165175909361953,1.0,1.0,1.0,1.0,1.0,1.0,1.0,0.6666666666666666,1.0,109.0,1.5710885524749756
1095,E5_DELETE,0.6666666666666666,0.8333333333333334,0.3333333333333333,1.0,1.0,1.0,0.20000000000000004,3.0,0.75,0.13333333333333333,0.697108365689973,0.5852961191415048,1.300080788218146,1.0,0.0,0.7857142857142857,2.6265664160401,1.0,1.0,1.0,1.0,1.0,1.0,1.0,0.8333333333333334,1.0,109.0,2.125091632207235
1095,E5_REVERSE,0.6,1.0,0.3333333333333333,1.0,1.0,1.0,0.1818181818181818,4.0,0.625,0.10526315789473684,0.8032947318180046,0.8569568250501304,1.414213562373095,1.0,0.0,0.6785714285714285,2.2982456140350878,1.0,1.0,1.0,1.0,1.0,1.0,1.0,1.0,1.0,109.0,1.5806158383687336
1095,E6_DELETE,0.6666666666666666,1.0,0.5,1.0,1.0,1.0,0.20000000000000004,4.0,0.625,0.0,0.6614378277661477,0.6614378277661477,1.4142135623730951,1.0,0.0,0.6785714285714285,2.4210526315789473,1.0,1.0,1.0,1.0,1.0,1.0,1.0,1.0,1.0,109.0,1.5601753393809001
1095,E6_REVERSE,0.6,1.0,0.5,1.0,1.0,1.0,0.3636363636363636,3.0,0.75,0.0,0.8569568250501304,0.4841229182759272,1.618033988749895,2.0,0.0,0.7678571428571429,2.488372093023256,1.0,1.0,1.0,1.0,1.0,1.0,1.0,0.5,1.0,109.0,2.3023060162862143
1095,E7_DELETE,0.7777777777777778,0.5,0.6666666666666666,0.0,1.0,0.5,0.06666666666666667,2.0,0.875,0.1843137254901961,0.5650605337910962,0.5650605337910962,1.30487139272729,0.3333333333333333,0.0,0.8928571428571429,2.865914786967418,1.0,1.0,1.0,1.0,0.6666666666666666,0.8000000000000002,1.0,0.6666666666666666,1.0,109.0,2.035778760910034
1095,E7_REVERSE,0.8000000000000002,0.5,0.5,0.0,1.0,0.6666666666666666,0.0,2.0,0.875,0.13043478260869565,0.6959705453537527,0.6959705453537527,1.4063669542496353,0.0,1.0,0.875,2.63265306122449,1.0,1.0,1.0,1.0,1.0,0.8000000000000002,1.0,1.0,1.0,109.0,1.5614470640818279
1095,E8_DELETE,0.7777777777777778,0.8333333333333334,1.0,1.0,1.0,1.0,0.20000000000000004,4.333333333333333,0.5833333333333334,0.13333333333333333,0.7732500743146158,0.7173439510403817,1.3365368436349685,1.0,0.0,0.6607142857142857,2.225718194254446,1.0,1.0,1.0,1.0,1.0,1.0,1.0,1.0,1.0,109.0,1.640126625696818
1095,E8_REVERSE,0.8000000000000002,0.8333333333333334,0.8333333333333334,1.0,1.0,1.0,0.1818181818181818,3.6666666666666665,0.6666666666666666,0.05263157894736842,0.6790167628932702,0.6253546696611442,1.3271320702896414,1.0,0.0,0.7380952380952381,2.3368347338935576,1.0,1.0,1.0,1.0,1.0,1.0,1.0,0.8333333333333334,1.0,109.0,1.8424099286397297
1095,E9_DELETE,0.7777777777777778,0.5,0.5,1.0,1.0,1.0,0.0,1.0,1.0,0.0,0.43301270189221935,0.43301270189221935,1.2106077944060862,0.0,0.0,1.0,3.0714285714285716,1.0,1.0,1.0,1.0,1.0,1.0,1.0,0.5,1.0,109.0,1.6874945163726807
1095,E9_REVERSE,0.8000000000000002,0.5,0.5,0.0,1.0,0.5,0.1818181818181818,3.0,0.75,0.0,0.6959705453537527,0.6959705453537527,1.2106077944060873,1.0,0.0,0.7678571428571429,2.6744186046511627,1.0,1.0,1.0,1.0,1.0,0.8000000000000002,1.0,0.5,1.0,109.0,1.5279053052266438
1095,F_SURFACE_FORMAT_CONTROL,0.6999999999999998,0.8333333333333334,1.0,1.0,1.0,1.0,0.1818181818181818,4.0,0.625,0.10526315789473684,0.6959705453537527,0.7496326385858786,1.4821537044986954,1.0,0.3333333333333333,0.6785714285714285,2.2456140350877196,1.0,1.0,1.0,1.0,1.0,1.0,1.0,1.0,1.0,109.0,1.7790441513061523
1095,G_RANDOM_CONTROL,0.10000000000000002,0.3333333333333333,0.6666666666666666,0.0,0.0,0.8888888888888888,0.06060606060606061,7.666666666666667,0.16666666666666666,0.39686783804430864,0.9867126229546002,1.281792348300107,0.3333333333333333,0.3333333333333333,0.0,0.2619047619047619,1.2658730158730158,1.0,1.0,1.0,1.0,1.0,1.0,1.0,0.2333333333333333,1.0,109.0,2.019249359766642
1095,I_ISOMORPHIC_RELABEL,0.6999999999999998,0.5,0.8333333333333334,1.0,1.0,1.0,0.1818181818181818,2.3333333333333335,0.8333333333333334,0.0,0.6253546696611442,0.732678856125396,1.530887971121332,1.0,0.0,0.8452380952380952,2.5182724252491693,1.0,1.0,1.0,1.0,1.0,1.0,1.0,0.8333333333333334,1.0,109.0,2.06633989016215
1095,L_FORWARD_CONTROL,1.0,0.5,0.5,0.0,1.0,0.6666666666666666,0.0,3.0,0.75,0.13636363636363635,0.9921567416492215,0.4841229182759272,1.1673039782614185,0.0,0.0,0.75,2.4285714285714284,1.0,1.0,1.0,1.0,1.0,1.0,1.0,0.5,1.0,109.0,1.6714837551116943
1095,M0_SWITCH_NEUTRALIZED,0.6999999999999998,0.0,0.0,1.0,1.0,1.0,0.1818181818181818,1.3333333333333333,0.9166666666666666,0.049999999999999996,0.4841229182759272,0.4841229182759272,1.31260165964166,1.0,0.0,0.9285714285714285,3.0703463203463204,1.0,1.0,1.0,0.0,0.0,1.0,1.0,0.4444444444444444,1.0,109.0,2.4320406913757324
1095,M_SWITCH_REASSIGNED,0.6999999999999998,0.5,0.5,0.0,1.0,0.6666666666666666,0.0,5.333333333333333,0.4583333333333333,0.29545454545454547,0.9921567416492215,0.4841229182759272,1.1471627230705064,0.0,1.0,0.5297619047619048,1.9259259259259258,1.0,1.0,1.0,1.0,1.0,1.0,1.0,0.5,1.0,109.0,2.1445095539093018
1095,O_ORDER_SHUFFLED,0.5,1.0,0.6666666666666666,0.0,0.5,1.0,0.1818181818181818,3.3333333333333335,0.7083333333333334,0.1111111111111111,0.6959705453537527,0.5547387939685356,1.5500938466242948,1.0,0.6666666666666666,0.7380952380952381,2.33578131374949,1.0,1.0,1.0,1.0,1.0,1.0,1.0,0.6666666666666666,0.8571428571428571,109.0,1.5565229256947835
1095,P_ANCHOR_REASSIGNED,0.6999999999999998,0.5,0.6666666666666666,1.0,1.0,1.0,0.12121212121212122,1.6666666666666667,0.9166666666666666,0.047619047619047616,0.6253546696611442,0.6084008872006615,1.4447409193694434,0.6666666666666666,0.0,0.9226190476190476,2.765088593576966,1.0,1.0,1.0,1.0,0.8333333333333334,1.0,1.0,0.6666666666666666,1.0,109.0,2.292513926823934
1095,R_DEGREE_MATCHED_REWIRE,0.4000000000000001,1.0,1.0,1.0,0.75,0.6666666666666666,0.1818181818181818,5.0,0.375,0.5,0.6959705453537527,0.8569568250501304,1.0000000000000009,1.0,1.0,0.5178571428571429,2.0,1.0,1.0,1.0,1.0,1.0,1.0,1.0,1.0,1.0,109.0,2.0474795500437417
1095,T_TERMINAL_CHANGED,0.6999999999999998,0.5,0.5,1.0,1.0,1.0,0.1818181818181818,1.0,1.0,0.0,0.4841229182759272,0.4841229182759272,1.4851159653039219,1.0,0.0,1.0,2.857142857142857,1.0,1.0,1.0,1.0,1.0,1.0,1.0,0.5,0.0,109.0,2.078559478123983
1095,X_COMPLEXITY_MATCHED,0.4000000000000001,1.0,1.0,1.0,0.5,0.42857142857142855,0.1818181818181818,3.0,0.75,0.3333333333333333,0.6959705453537527,0.6959705453537527,1.5406263634865232,1.0,1.0,0.7678571428571429,2.558139534883721,1.0,1.0,1.0,1.0,1.0,1.0,1.0,0.5,1.0,109.0,1.9994555314381917
1095,Y_TOPOLOGY_MATCHED,0.5,1.0,1.0,1.0,0.5,0.7777777777777777,0.0,3.0,0.75,0.2608695652173913,0.8569568250501304,0.6959705453537527,1.1486983549970355,0.0,0.0,0.7678571428571429,2.5813953488372094,1.0,1.0,1.0,1.0,1.0,1.0,1.0,1.0,1.0,109.0,1.7818666299184163
1096,A_AUTHENTIC,0.6999999999999998,0.5,0.5,1.0,1.0,1.0,0.1818181818181818,1.0,1.0,0.0,0.4841229182759272,0.4841229182759272,1.4851159653039219,1.0,0.0,1.0,2.857142857142857,1.0,1.0,1.0,1.0,1.0,1.0,1.0,0.5,1.0,109.0,1.5322710673014324
1096,D_ALL_DIRECTION_REVERSED,0.3,0.6666666666666666,1.0,0.0,0.0,1.0,0.06060606060606061,3.0,0.75,0.19999999999999998,0.9020234639164942,0.8032947318180046,1.4555026275097693,0.3333333333333333,0.6666666666666666,0.7678571428571429,2.503875968992248,1.0,1.0,1.0,0.6666666666666666,0.6666666666666666,1.0,1.0,0.5,1.0,109.0,1.8430884679158528
1096,E0_DELETE,0.6666666666666666,0.5,0.6666666666666666,1.0,1.0,1.0,0.20000000000000004,3.6666666666666665,0.6666666666666666,0.0,0.6614378277661477,0.76370716402805,1.4607336995920759,1.0,0.0,0.6666666666666666,2.2919103313840155,1.0,1.0,1.0,1.0,1.0,1.0,1.0,0.6666666666666666,1.0,109.0,1.9992458025614421
1096,E0_REVERSE,0.6,0.5,0.5,1.0,1.0,0.8095238095238096,0.1818181818181818,4.0,0.625,0.0,0.6959705453537527,0.6959705453537527,1.4142135623730951,1.0,0.0,0.6785714285714285,2.263157894736842,1.0,1.0,1.0,1.0,1.0,1.0,1.0,0.5,1.0,109.0,1.4896536668141682
1096,E1_DELETE,0.6666666666666666,0.5,0.5,1.0,1.0,0.6666666666666666,0.20000000000000004,4.0,0.625,0.0,0.43301270189221935,0.6614378277661477,1.4142135623730943,1.0,0.0,0.6785714285714285,2.4210526315789473,1.0,1.0,1.0,1.0,1.0,1.0,1.0,0.5,1.0,109.0,1.5414899190266926
1096,E1_REVERSE,0.6,0.5,0.5,1.0,0.75,1.0,0.1818181818181818,4.0,0.625,0.0,0.4841229182759272,0.6959705453537527,1.4142135623730943,1.0,0.0,0.6785714285714285,2.210526315789474,1.0,1.0,1.0,1.0,1.0,1.0,1.0,0.5,1.0,109.0,1.7247374057769775
1096,E2_DELETE,0.6666666666666666,0.5,0.6666666666666666,1.0,1.0,0.5,0.20000000000000004,5.0,0.5,0.06666666666666667,0.5650605337910962,0.76370716402805,1.2720196495140694,1.0,0.0,0.5416666666666666,2.1091219096334184,1.0,1.0,1.0,1.0,1.0,1.0,1.0,0.6666666666666666,1.0,109.0,1.8103586832682292
1096,E2_REVERSE,0.6,0.5,0.5,1.0,0.75,1.0,0.1818181818181818,5.0,0.5,0.0,0.6959705453537527,0.8569568250501304,1.2720196495140697,1.0,0.0,0.6071428571428571,2.176470588235294,1.0,1.0,1.0,1.0,1.0,1.0,1.0,0.5,1.0,109.0,1.7861685752868652
1096,E3_DELETE,0.6666666666666666,0.5,0.0,1.0,1.0,0.6666666666666666,0.20000000000000004,3.0,0.75,0.0,0.6614378277661477,0.43301270189221935,1.2106077944060876,1.0,0.0,0.7678571428571429,2.7674418604651163,1.0,1.0,1.0,1.0,1.0,1.0,1.0,0.5,1.0,109.0,1.61906099319458
1096,E3_REVERSE,0.6,0.5,0.0,1.0,0.75,1.0,0.1818181818181818,3.0,0.75,0.0,0.8569568250501304,0.4841229182759272,1.2106077944060876,1.0,0.0,0.7678571428571429,2.7209302325581395,1.0,1.0,1.0,1.0,1.0,1.0,1.0,0.5,1.0,109.0,1.5785926977793376
1096,E4_DELETE,0.6666666666666666,0.6666666666666666,0.0,1.0,1.0,1.0,0.20000000000000004,3.3333333333333335,0.7083333333333334,0.0,0.6614378277661477,0.6614378277661477,1.2784763837284225,1.0,0.0,0.7380952380952381,2.6519787841697267,1.0,1.0,1.0,1.0,1.0,1.0,1.0,0.6666666666666666,1.0,109.0,1.809868335723877
1096,E4_REVERSE,0.6,1.0,0.0,1.0,1.0,1.0,0.3636363636363636,4.0,0.625,0.0,0.6959705453537527,0.8569568250501304,1.5537739740300403,2.0,0.0,0.6785714285714285,2.3684210526315788,1.0,1.0,1.0,1.0,1.0,1.0,1.0,1.0,1.0,109.0,1.5551541646321614
1096,E5_DELETE,0.6666666666666666,0.5,0.0,1.0,1.0,1.0,0.20000000000000004,1.0,1.0,0.0,0.43301270189221935,0.43301270189221935,1.356203065626297,1.0,0.0,1.0,3.142857142857143,1.0,1.0,1.0,1.0,1.0,1.0,1.0,0.5,1.0,109.0,1.586262543996175
1096,E5_REVERSE,0.6,0.5,0.0,1.0,1.0,1.0,0.1818181818181818,1.0,1.0,0.0,0.4841229182759272,0.6959705453537527,1.46557123187677,1.0,0.0,1.0,3.0714285714285716,1.0,1.0,1.0,1.0,1.0,1.0,1.0,0.5,1.0,109.0,1.5988399982452393
1096,E6_DELETE,0.6666666666666666,1.0,0.5,1.0,1.0,1.0,0.20000000000000004,4.0,0.625,0.0,0.6614378277661477,0.6614378277661477,1.4142135623730951,1.0,0.0,0.6785714285714285,2.4210526315789473,1.0,1.0,1.0,1.0,1.0,1.0,1.0,1.0,1.0,109.0,1.5508455435434978
1096,E6_REVERSE,0.6,1.0,0.5,1.0,1.0,1.0,0.3636363636363636,3.0,0.75,0.0,0.8569568250501304,0.4841229182759272,1.618033988749895,2.0,0.0,0.7678571428571429,2.488372093023256,1.0,1.0,1.0,1.0,1.0,1.0,1.0,0.5,1.0,109.0,1.5798765023549397
1096,E7_DELETE,0.7777777777777778,0.0,0.5,0.0,1.0,1.0,0.20000000000000004,3.3333333333333335,0.7083333333333334,0.0,0.6614378277661477,0.5650605337910962,1.4313327855409863,1.0,0.0,0.7023809523809524,2.6975772765246453,1.0,1.0,1.0,1.0,0.6666666666666666,1.0,1.0,0.6666666666666666,1.0,109.0,3.426952600479126
1096,E7_REVERSE,0.8000000000000002,0.5,0.5,0.0,1.0,0.8333333333333334,0.1818181818181818,3.0,0.625,0.16666666666666666,0.8569568250501304,0.4841229182759272,1.1892071150027228,1.0,0.0,0.6964285714285715,2.641025641025641,1.0,1.0,1.0,1.0,1.0,1.0,1.0,0.5,1.0,109.0,1.7018306255340576
1096,E8_DELETE,0.7777777777777778,0.5,0.5,1.0,1.0,1.0,0.20000000000000004,1.0,1.0,0.0,0.43301270189221935,0.43301270189221935,1.3883666574370508,1.0,0.0,1.0,3.035714285714286,1.0,1.0,1.0,1.0,1.0,1.0,1.0,0.5,1.0,109.0,1.5133998394012451
1096,E8_REVERSE,0.8000000000000002,0.5,0.5,1.0,1.0,1.0,0.1818181818181818,1.0,1.0,0.0,0.4841229182759272,0.4841229182759272,1.437356911840786,1.0,0.0,1.0,2.892857142857143,1.0,1.0,1.0,1.0,1.0,1.0,1.0,0.5,1.0,109.0,1.5917991797129314
1096,E9_DELETE,0.7777777777777778,0.5,0.5,1.0,1.0,1.0,0.0,1.0,1.0,0.0,0.43301270189221935,0.43301270189221935,1.2106077944060862,0.0,0.0,1.0,3.0714285714285716,1.0,1.0,1.0,1.0,1.0,1.0,1.0,0.5,1.0,109.0,1.406196117401123
1096,E9_REVERSE,0.8000000000000002,0.5,0.5,0.0,1.0,0.5,0.0,5.0,0.5,0.0,0.6959705453537527,0.6959705453537527,1.0000000000000004,0.0,0.0,0.6071428571428571,2.176470588235294,1.0,1.0,1.0,1.0,1.0,0.8000000000000002,1.0,0.5,1.0,109.0,1.8289475440979004
1096,F_SURFACE_FORMAT_CONTROL,0.6999999999999998,0.5,0.5,1.0,1.0,1.0,0.1818181818181818,1.0,1.0,0.0,0.4841229182759272,0.4841229182759272,1.4851159653039219,1.0,0.0,1.0,2.857142857142857,1.0,1.0,1.0,1.0,1.0,1.0,1.0,0.5,1.0,109.0,1.641798734664917
1096,G_RANDOM_CONTROL,0.6999999999999998,1.0,0.0,0.0,0.9166666666666666,0.5079365079365079,0.1818181818181818,6.0,0.375,0.375,0.8569568250501304,0.6959705453537527,1.324717957244746,1.0,1.0,0.5,2.0714285714285716,1.0,1.0,1.0,1.0,1.0,1.0,1.0,0.5,1.0,109.0,1.848401625951131
1096,I_ISOMORPHIC_RELABEL,0.6999999999999998,0.6666666666666666,1.0,1.0,1.0,1.0,0.1818181818181818,3.3333333333333335,0.7083333333333334,0.0,0.7496326385858786,0.8032947318180046,1.5072538368110564,1.0,0.0,0.7380952380952381,2.302733578131375,1.0,1.0,1.0,1.0,1.0,1.0,1.0,1.0,1.0,109.0,1.5364031791687012
1096,L_FORWARD_CONTROL,1.0,0.0,0.0,0.0,1.0,1.0,0.12121212121212122,2.6666666666666665,0.7916666666666666,0.2869565217391304,0.8569568250501304,0.732678856125396,1.3854155273497097,0.6666666666666666,1.0,0.8035714285714285,2.4918525549754786,1.0,1.0,1.0,1.0,0.8333333333333334,1.0,1.0,0.8333333333333334,1.0,109.0,1.7034735679626465
1096,M0_SWITCH_NEUTRALIZED,0.6999999999999998,0.8333333333333334,0.8333333333333334,1.0,1.0,1.0,0.0,3.0,0.75,0.21428571428571427,0.6959705453537527,0.6253546696611442,1.3339175823910068,0.0,0.6666666666666666,0.7857142857142857,2.4508145363408524,1.0,1.0,1.0,0.0,0.0,1.0,1.0,0.8333333333333334,1.0,109.0,1.9976362387339275
1096,M_SWITCH_REASSIGNED,0.6999999999999998,0.0,0.0,0.0,1.0,0.6666666666666666,0.0,2.0,0.875,0.24,0.8569568250501304,0.4841229182759272,1.4655712318767662,0.0,2.0,0.875,2.5510204081632653,1.0,1.0,1.0,1.0,1.0,1.0,1.0,0.5,1.0,109.0,1.8848127524058025
1096,O_ORDER_SHUFFLED,0.6999999999999998,0.5,0.5,0.0,0.5,0.75,0.1818181818181818,1.6666666666666667,0.9166666666666666,0.05555555555555555,0.6084008872006615,0.4841229182759272,1.5294219731192467,1.0,0.3333333333333333,0.9226190476190476,2.7109634551495017,1.0,1.0,1.0,1.0,1.0,1.0,1.0,0.5,0.14285714285714285,109.0,1.8520057996114094
1096,P_ANCHOR_REASSIGNED,0.6999999999999998,0.5,0.5,1.0,1.0,1.0,0.1818181818181818,1.0,1.0,0.0,0.4841229182759272,0.4841229182759272,1.4851159653039219,1.0,0.0,1.0,2.857142857142857,1.0,1.0,1.0,1.0,1.0,1.0,1.0,0.5,1.0,109.0,1.7160274187723796
1096,R_DEGREE_MATCHED_REWIRE,0.4000000000000001,0.5,0.5,1.0,0.75,0.5555555555555555,0.1818181818181818,1.0,1.0,0.3333333333333333,0.4841229182759272,0.4841229182759272,1.4782027786747705,1.0,2.0,1.0,2.9464285714285716,1.0,1.0,1.0,1.0,1.0,1.0,1.0,0.5,1.0,109.0,1.693350871404012
1096,T_TERMINAL_CHANGED,0.6999999999999998,0.5,0.5,1.0,1.0,1.0,0.1818181818181818,1.0,1.0,0.0,0.4841229182759272,0.4841229182759272,1.4851159653039219,1.0,0.0,1.0,2.857142857142857,1.0,1.0,1.0,1.0,1.0,1.0,1.0,0.5,0.0,109.0,1.5823957920074463
1096,X_COMPLEXITY_MATCHED,0.4000000000000001,1.0,0.5,1.0,0.5,0.42857142857142855,0.0,2.0,0.875,0.0,0.4841229182759272,0.6959705453537527,1.3160740129524922,0.0,0.0,0.875,2.6122448979591835,1.0,1.0,1.0,1.0,1.0,1.0,1.0,0.5,1.0,109.0,1.813304344813029
1096,Y_TOPOLOGY_MATCHED,0.5,0.6666666666666666,0.8333333333333334,1.0,0.6666666666666666,1.0,0.0,3.0,0.75,0.3076923076923077,0.9921567416492215,0.6253546696611442,1.4825942663507867,0.0,1.0,0.6785714285714285,2.126984126984127,1.0,1.0,1.0,1.0,1.0,1.0,1.0,0.38888888888888884,1.0,109.0,1.5571420987447102
1097,A_AUTHENTIC,0.6999999999999998,0.6666666666666666,0.6666666666666666,1.0,1.0,1.0,0.1818181818181818,2.0,0.875,0.05263157894736842,0.6084008872006615,0.5547387939685356,1.4614818309936464,1.0,0.0,0.8928571428571429,2.6240601503759398,1.0,1.0,1.0,1.0,1.0,1.0,1.0,0.6666666666666666,1.0,109.0,1.5347533226013184
1097,D_ALL_DIRECTION_REVERSED,0.3,0.6666666666666666,0.8333333333333334,0.0,0.0,1.0,0.06060606060606061,3.0,0.7083333333333334,0.2625,0.7777454949917596,0.8032947318180046,1.344492664368343,0.3333333333333333,1.0,0.7440476190476191,2.5585370701649772,1.0,1.0,1.0,1.0,0.3333333333333333,1.0,1.0,0.4444444444444444,1.0,109.0,1.7634719212849934
1097,E0_DELETE,0.6666666666666666,0.8333333333333334,1.0,1.0,1.0,1.0,0.20000000000000004,3.6666666666666665,0.6666666666666666,0.11764705882352942,0.8659765002899521,0.8755194105765179,1.4607336995920759,1.0,0.0,0.5833333333333334,2.0678016726403823,1.0,1.0,1.0,1.0,1.0,1.0,1.0,1.0,1.0,109.0,1.5768113136291504
1097,E0_REVERSE,0.6,0.6666666666666666,0.6666666666666666,1.0,0.75,0.5,0.1818181818181818,4.0,0.625,0.0,0.6959705453537527,0.7946992774522422,1.4142135623730951,1.0,0.0,0.6428571428571429,2.1858552631578947,1.0,1.0,1.0,1.0,1.0,1.0,1.0,0.6666666666666666,1.0,109.0,1.649691899617513
1097,E1_DELETE,0.6666666666666666,1.0,0.5,1.0,1.0,0.6666666666666666,0.20000000000000004,4.0,0.625,0.0,0.7732500743146158,0.6614378277661477,1.4142135623730951,1.0,0.0,0.6785714285714285,2.350877192982456,1.0,1.0,1.0,1.0,1.0,1.0,1.0,1.0,1.0,109.0,1.6410307884216309
1097,E1_REVERSE,0.6,1.0,0.5,1.0,0.8333333333333334,0.75,0.3636363636363636,3.0,0.75,0.0,0.6959705453537527,0.6959705453537527,1.4989928631309344,2.0,0.0,0.7678571428571429,2.488372093023256,1.0,1.0,1.0,1.0,1.0,1.0,1.0,1.0,1.0,109.0,1.6476527055104573
1097,E2_DELETE,0.6666666666666666,1.0,0.5,1.0,1.0,0.5,0.20000000000000004,5.0,0.5,0.0,0.6614378277661477,0.82915619758885,1.2720196495140688,1.0,0.0,0.5892857142857143,2.1515151515151514,1.0,1.0,1.0,1.0,1.0,1.0,1.0,1.0,1.0,109.0,1.5402464866638184
1097,E2_REVERSE,0.6,1.0,0.5,1.0,0.75,1.0,0.1818181818181818,5.0,0.5,0.10526315789473684,0.8569568250501304,0.9921567416492215,1.2720196495140688,1.0,0.0,0.5892857142857143,2.090909090909091,1.0,1.0,1.0,1.0,1.0,1.0,1.0,1.0,1.0,109.0,1.6326874097188313
1097,E3_DELETE,0.6666666666666666,0.5,0.0,1.0,1.0,0.6666666666666666,0.20000000000000004,3.0,0.75,0.0,0.6614378277661477,0.43301270189221935,1.2106077944060876,1.0,0.0,0.7678571428571429,2.7674418604651163,1.0,1.0,1.0,1.0,1.0,1.0,1.0,0.5,1.0,109.0,1.63844895362854
1097,E3_REVERSE,0.6,1.0,0.0,1.0,0.75,1.0,0.1818181818181818,7.0,0.25,0.0,0.8569568250501304,0.6959705453537527,1.0,1.0,0.0,0.5178571428571429,2.0344827586206895,1.0,1.0,1.0,1.0,1.0,1.0,1.0,1.0,1.0,109.0,1.6096473534901936
1097,E4_DELETE,0.6666666666666666,1.0,0.3333333333333333,1.0,1.0,1.0,0.20000000000000004,6.0,0.375,0.0625,0.819613287302284,0.7732500743146158,1.1380711874576985,1.0,0.0,0.5357142857142857,2.114709851551957,1.0,1.0,1.0,1.0,1.0,1.0,1.0,1.0,1.0,109.0,1.5550649166107178
1097,E4_REVERSE,0.6,1.0,0.5,1.0,1.0,1.0,0.1818181818181818,7.0,0.25,0.10526315789473684,0.9921567416492215,0.9921567416492215,1.0,1.0,0.0,0.46428571428571425,1.8589743589743588,1.0,1.0,1.0,1.0,1.0,1.0,1.0,1.0,1.0,109.0,1.4922417004903157
1097,E5_DELETE,0.6666666666666666,0.6666666666666666,0.0,1.0,1.0,1.0,0.20000000000000004,2.0,0.875,0.07142857142857142,0.509154410516862,0.5650605337910962,1.3281419269222214,1.0,0.0,0.8928571428571429,2.919799498746867,1.0,1.0,1.0,1.0,1.0,1.0,1.0,0.6666666666666666,1.0,109.0,1.6424885590871174
1097,E5_REVERSE,0.6,0.5,0.0,1.0,1.0,1.0,0.1818181818181818,1.0,1.0,0.0,0.4841229182759272,0.6959705453537527,1.46557123187677,1.0,0.0,1.0,3.0714285714285716,1.0,1.0,1.0,1.0,1.0,1.0,1.0,0.5,1.0,109.0,1.7311124006907146
1097,E6_DELETE,0.6666666666666666,1.0,0.5,1.0,1.0,1.0,0.20000000000000004,4.0,0.625,0.0,0.6614378277661477,0.6614378277661477,1.4142135623730951,1.0,0.0,0.6785714285714285,2.4210526315789473,1.0,1.0,1.0,1.0,1.0,1.0,1.0,1.0,1.0,109.0,1.7087077299753826
1097,E6_REVERSE,0.6,0.8333333333333334,0.5,1.0,1.0,1.0,0.24242424242424243,3.3333333333333335,0.7083333333333334,0.0,0.8569568250501304,0.4841229182759272,1.4582034316239343,1.3333333333333333,0.0,0.7380952380952381,2.430844553243574,1.0,1.0,1.0,1.0,0.8333333333333334,1.0,1.0,0.4444444444444444,1.0,109.0,1.8779470125834148
1097,E7_DELETE,0.7777777777777778,0.5,0.5,0.0,1.0,0.5,0.20000000000000004,3.3333333333333335,0.6666666666666666,0.13333333333333333,0.6614378277661477,0.6614378277661477,1.2748737374330286,1.0,0.3333333333333333,0.6785714285714285,2.48421926910299,1.0,1.0,1.0,1.0,0.8333333333333334,0.8000000000000002,1.0,1.0,1.0,109.0,1.7914141813913982
1097,E7_REVERSE,0.8000000000000002,0.5,0.5,0.0,1.0,1.0,0.0,1.0,1.0,0.2727272727272727,0.4841229182759272,0.4841229182759272,1.3879023199455398,0.0,0.0,1.0,2.8214285714285716,1.0,1.0,1.0,1.0,0.5,1.0,1.0,0.5,1.0,109.0,1.4190328121185303
1097,E8_DELETE,0.7777777777777778,0.5,0.5,1.0,1.0,1.0,0.20000000000000004,1.0,1.0,0.0,0.43301270189221935,0.43301270189221935,1.3883666574370508,1.0,0.0,1.0,3.035714285714286,1.0,1.0,1.0,1.0,1.0,1.0,1.0,0.5,1.0,109.0,1.5031601587931316
1097,E8_REVERSE,0.8000000000000002,0.6666666666666666,0.6666666666666666,1.0,1.0,1.0,0.24242424242424243,3.3333333333333335,0.6666666666666666,0.0,0.5547387939685356,0.6253546696611442,1.3271320702896414,1.3333333333333333,0.0,0.7440476190476191,2.403501400560224,1.0,1.0,1.0,1.0,1.0,1.0,1.0,0.8333333333333334,1.0,109.0,1.5234797795613606
1097,E9_DELETE,0.7777777777777778,0.5,0.5,1.0,1.0,1.0,0.06666666666666667,2.0,0.8333333333333334,0.0,0.43301270189221935,0.509154410516862,1.1404051962707242,0.3333333333333333,0.0,0.875,2.8380952380952382,1.0,1.0,1.0,1.0,1.0,1.0,1.0,0.6666666666666666,1.0,109.0,1.5846329530080159
1097,E9_REVERSE,0.8000000000000002,0.16666666666666666,0.8333333333333334,0.0,1.0,1.0,0.12121212121212122,4.0,0.625,0.39772727272727276,0.7946992774522422,1.031779261820964,1.3400275535848818,0.6666666666666666,1.3333333333333333,0.6785714285714285,2.3364056723909843,1.0,1.0,1.0,1.0,0.6666666666666666,0.8000000000000002,1.0,0.8333333333333334,1.0,109.0,1.8332760334014893
1097,F_SURFACE_FORMAT_CONTROL,0.6999999999999998,0.8333333333333334,1.0,1.0,1.0,1.0,0.1818181818181818,3.6666666666666665,0.6666666666666666,0.10526315789473684,0.8032947318180046,0.7496326385858786,1.460733699592076,1.0,0.0,0.7083333333333334,2.221542227662179,1.0,1.0,1.0,1.0,1.0,1.0,1.0,1.0,1.0,109.0,1.7682251930236816
1097,G_RANDOM_CONTROL,0.5,0.6666666666666666,0.0,1.0,0.6666666666666666,0.8888888888888888,0.12121212121212122,7.333333333333333,0.20833333333333334,0.13523809523809524,0.9921567416492215,1.1825742961222299,0.6666666666666666,0.6666666666666666,0.0,0.33928571428571425,1.4338624338624337,1.0,1.0,1.0,1.0,0.8333333333333334,0.6666666666666666,1.0,0.25,1.0,109.0,1.8141225179036458
1097,I_ISOMORPHIC_RELABEL,0.6999999999999998,0.6666666666666666,0.6666666666666666,1.0,1.0,1.0,0.1818181818181818,2.0,0.875,0.0,0.5547387939685356,0.5547387939685356,1.4614818309936464,1.0,0.0,0.8928571428571429,2.6416040100250626,1.0,1.0,1.0,1.0,1.0,1.0,1.0,0.6666666666666666,1.0,109.0,1.6080378691355388
1097,L_FORWARD_CONTROL,1.0,0.5,0.5,0.0,1.0,1.0,0.1818181818181818,7.0,0.25,0.0,0.8569568250501304,0.6959705453537527,1.0,1.0,0.0,0.5178571428571429,1.9310344827586208,1.0,1.0,1.0,1.0,1.0,0.8333333333333334,1.0,1.0,1.0,109.0,1.6836930910746257
1097,M0_SWITCH_NEUTRALIZED,0.6999999999999998,0.6666666666666666,0.6666666666666666,1.0,1.0,1.0,0.06060606060606061,3.0,0.75,0.3076923076923077,0.732678856125396,0.6253546696611442,1.4297232591203768,0.3333333333333333,1.3333333333333333,0.7857142857142857,2.539473684210526,1.0,1.0,1.0,0.0,0.0,1.0,1.0,0.8333333333333334,1.0,109.0,2.0454861323038735
1097,M_SWITCH_REASSIGNED,0.6999999999999998,0.8333333333333334,0.8333333333333334,1.0,1.0,1.0,0.0,3.0,0.75,0.0,0.6253546696611442,0.6253546696611442,1.2314960809859796,0.0,0.0,0.7857142857142857,2.4849624060150375,1.0,1.0,1.0,1.0,0.5,1.0,1.0,0.8333333333333334,1.0,109.0,1.8466176986694336
1097,O_ORDER_SHUFFLED,0.5,0.5,1.0,0.0,0.3333333333333333,0.8888888888888888,0.1818181818181818,4.0,0.625,0.0,0.6959705453537527,0.6959705453537527,1.4142135623730951,1.0,0.0,0.6785714285714285,2.263157894736842,1.0,1.0,1.0,1.0,1.0,1.0,1.0,1.0,0.0,109.0,1.9078223705291748
1097,P_ANCHOR_REASSIGNED,0.6999999999999998,1.0,1.0,1.0,1.0,1.0,0.1818181818181818,4.0,0.625,0.0,0.6959705453537527,0.6959705453537527,1.4142135623730951,1.0,0.0,0.6785714285714285,2.210526315789474,1.0,1.0,1.0,1.0,1.0,1.0,1.0,1.0,1.0,109.0,1.6855138937632244
1097,R_DEGREE_MATCHED_REWIRE,0.4000000000000001,1.0,1.0,1.0,0.75,0.6666666666666666,0.0,4.0,0.625,0.36999999999999994,0.6959705453537527,0.7496326385858786,1.2810983419369057,0.0,1.0,0.6785714285714285,2.1842105263157894,1.0,1.0,1.0,1.0,1.0,1.0,1.0,1.0,1.0,109.0,1.8356542587280273
1097,T_TERMINAL_CHANGED,0.6999999999999998,0.6666666666666666,0.8333333333333334,1.0,1.0,1.0,0.1818181818181818,3.0,0.75,0.0,0.6253546696611442,0.8032947318180046,1.4936213110890755,1.0,0.0,0.7738095238095238,2.3497198144863822,1.0,1.0,1.0,1.0,1.0,1.0,1.0,0.5,0.0,109.0,2.018305778503418
1097,X_COMPLEXITY_MATCHED,0.4000000000000001,1.0,1.0,1.0,0.3333333333333333,0.7222222222222222,0.06060606060606061,3.0,0.75,0.26751207729468596,0.9867126229546002,0.7496326385858786,1.4414823113452615,0.3333333333333333,1.3333333333333333,0.6607142857142857,2.2612612612612613,1.0,1.0,1.0,1.0,1.0,1.0,1.0,0.5,1.0,109.0,1.717383623123169
1097,Y_TOPOLOGY_MATCHED,0.4000000000000001,0.6666666666666666,1.0,1.0,0.4166666666666667,0.8888888888888888,0.06060606060606061,3.0,0.75,0.22946859903381642,0.7496326385858786,0.8569568250501304,1.3372521452264206,0.3333333333333333,1.0,0.7678571428571429,2.511627906976744,1.0,1.0,1.0,1.0,1.0,1.0,1.0,0.38888888888888884,1.0,109.0,1.8807382583618164
1099,A_AUTHENTIC,0.6999999999999998,0.5,0.5,1.0,1.0,1.0,0.1818181818181818,1.0,1.0,0.0,0.4841229182759272,0.4841229182759272,1.4851159653039219,1.0,0.0,1.0,2.857142857142857,1.0,1.0,1.0,1.0,1.0,1.0,1.0,0.5,1.0,109.0,1.6361395517985027
1099,D_ALL_DIRECTION_REVERSED,0.3,1.0,0.5,0.0,0.0,1.0,0.0,2.0,0.875,0.13043478260869565,0.6959705453537527,0.8569568250501304,1.347130453100866,0.0,0.0,0.875,2.857142857142857,1.0,1.0,1.0,0.3333333333333333,0.5,1.0,1.0,0.5,1.0,109.0,1.4476157824198406
1099,E0_DELETE,0.6666666666666666,0.6666666666666666,0.5,1.0,1.0,1.0,0.20000000000000004,4.0,0.625,0.0,0.7173439510403817,0.6614378277661477,1.4142135623730951,1.0,0.0,0.6428571428571429,2.2976973684210527,1.0,1.0,1.0,1.0,1.0,1.0,1.0,0.6666666666666666,1.0,109.0,1.8046302795410156
1099,E0_REVERSE,0.6,0.5,0.5,1.0,0.75,1.0,0.1818181818181818,4.0,0.625,0.0,0.6959705453537527,0.6959705453537527,1.4142135623730951,1.0,0.0,0.6785714285714285,2.263157894736842,1.0,1.0,1.0,1.0,1.0,1.0,1.0,0.5,1.0,109.0,1.4890683492024739
1099,E1_DELETE,0.6666666666666666,0.5,0.5,1.0,1.0,0.6666666666666666,0.20000000000000004,4.0,0.625,0.0,0.43301270189221935,0.6614378277661477,1.4142135623730943,1.0,0.0,0.6785714285714285,2.4210526315789473,1.0,1.0,1.0,1.0,1.0,1.0,1.0,0.5,1.0,109.0,1.775978724161784
1099,E1_REVERSE,0.6,0.5,1.0,1.0,0.9166666666666666,0.5,0.1818181818181818,4.0,0.625,0.0,0.8569568250501304,0.9921567416492215,1.414213562373095,1.0,0.0,0.5535714285714286,1.967741935483871,1.0,1.0,1.0,1.0,1.0,1.0,1.0,1.0,1.0,109.0,1.5889785289764404
1099,E2_DELETE,0.6666666666666666,0.5,0.5,1.0,1.0,0.5,0.20000000000000004,5.0,0.5,0.0,0.43301270189221935,0.6614378277661477,1.2720196495140697,1.0,0.0,0.6071428571428571,2.2941176470588234,1.0,1.0,1.0,1.0,1.0,1.0,1.0,0.5,1.0,109.0,1.3770809173583984
1099,E2_REVERSE,0.6,0.5,0.5,1.0,0.75,1.0,0.1818181818181818,5.0,0.5,0.0,0.6959705453537527,0.8569568250501304,1.2720196495140697,1.0,0.0,0.6071428571428571,2.176470588235294,1.0,1.0,1.0,1.0,1.0,1.0,1.0,0.5,1.0,109.0,1.4269392490386963
1099,E3_DELETE,0.6666666666666666,0.5,0.0,1.0,1.0,0.6666666666666666,0.20000000000000004,3.0,0.75,0.0,0.6614378277661477,0.43301270189221935,1.2106077944060876,1.0,0.0,0.7678571428571429,2.7674418604651163,1.0,1.0,1.0,1.0,1.0,1.0,1.0,0.5,1.0,109.0,1.529969056447347
1099,E3_REVERSE,0.6,0.5,0.0,1.0,0.8333333333333334,0.75,0.1818181818181818,3.0,0.75,0.0,0.8569568250501304,0.4841229182759272,1.2106077944060876,1.0,0.0,0.7678571428571429,2.7209302325581395,1.0,1.0,1.0,1.0,1.0,1.0,1.0,0.5,1.0,109.0,1.7811462084452312
1099,E4_DELETE,0.6666666666666666,0.5,0.16666666666666666,1.0,1.0,1.0,0.20000000000000004,3.6666666666666665,0.6666666666666666,0.0,0.7173439510403817,0.76370716402805,1.231078412775414,1.0,0.0,0.7023809523809524,2.574127906976744,1.0,1.0,1.0,1.0,1.0,1.0,1.0,0.6666666666666666,1.0,109.0,2.0822339057922363
1099,E4_REVERSE,0.6,0.5,0.0,1.0,1.0,1.0,0.1818181818181818,3.0,0.75,0.0,0.6959705453537527,0.8569568250501304,1.210607794406086,1.0,0.0,0.7678571428571429,2.7209302325581395,1.0,1.0,1.0,1.0,1.0,1.0,1.0,0.5,1.0,109.0,1.4199895858764648
1099,E5_DELETE,0.6666666666666666,0.5,0.0,1.0,1.0,1.0,0.20000000000000004,1.0,1.0,0.0,0.43301270189221935,0.43301270189221935,1.356203065626297,1.0,0.0,1.0,3.142857142857143,1.0,1.0,1.0,1.0,1.0,1.0,1.0,0.5,1.0,109.0,1.7375913461049397
1099,E5_REVERSE,0.6,0.5,0.0,1.0,1.0,1.0,0.1818181818181818,1.0,1.0,0.0,0.4841229182759272,0.6959705453537527,1.46557123187677,1.0,0.0,1.0,3.0714285714285716,1.0,1.0,1.0,1.0,1.0,1.0,1.0,0.5,1.0,109.0,1.4374362627665203
1099,E6_DELETE,0.6666666666666666,1.0,0.5,1.0,1.0,1.0,0.20000000000000004,4.0,0.625,0.0,0.6614378277661477,0.6614378277661477,1.4142135623730951,1.0,0.0,0.6785714285714285,2.4210526315789473,1.0,1.0,1.0,1.0,1.0,1.0,1.0,1.0,1.0,109.0,1.541551987330119
1099,E6_REVERSE,0.6,0.8333333333333334,0.5,1.0,1.0,1.0,0.30303030303030304,3.3333333333333335,0.7083333333333334,0.0,0.8569568250501304,0.4841229182759272,1.5500938466242953,1.6666666666666667,0.0,0.7380952380952381,2.430844553243574,1.0,1.0,1.0,1.0,1.0,1.0,1.0,0.4444444444444444,1.0,109.0,1.4105987548828125
1099,E7_DELETE,0.7777777777777778,0.5,0.5,0.6666666666666666,1.0,0.8333333333333334,0.06666666666666667,3.0,0.75,0.17192982456140352,0.6614378277661477,0.7173439510403817,1.3716690487887533,0.3333333333333333,1.0,0.7678571428571429,2.527131782945736,1.0,1.0,1.0,1.0,0.6666666666666666,0.8000000000000002,1.0,1.0,1.0,109.0,1.5713899930318196
1099,E7_REVERSE,0.8000000000000002,0.5,0.6666666666666666,0.0,1.0,0.5,0.1818181818181818,2.0,0.875,0.09999999999999999,0.6084008872006615,0.6084008872006615,1.529421973119246,1.0,0.3333333333333333,0.8928571428571429,2.676691729323308,1.0,1.0,1.0,1.0,1.0,1.0,1.0,0.6666666666666666,1.0,109.0,1.836881399154663
1099,E8_DELETE,0.7777777777777778,0.5,0.5,1.0,1.0,1.0,0.20000000000000004,1.0,1.0,0.0,0.43301270189221935,0.43301270189221935,1.3883666574370508,1.0,0.0,1.0,3.035714285714286,1.0,1.0,1.0,1.0,1.0,1.0,1.0,0.5,1.0,109.0,1.374742825826009
1099,E8_REVERSE,0.8000000000000002,0.5,0.5,1.0,1.0,1.0,0.1818181818181818,1.0,1.0,0.0,0.4841229182759272,0.4841229182759272,1.437356911840786,1.0,0.0,1.0,2.892857142857143,1.0,1.0,1.0,1.0,1.0,1.0,1.0,0.5,1.0,109.0,1.6339914004007976
1099,E9_DELETE,0.7777777777777778,0.5,0.5,1.0,1.0,1.0,0.0,1.0,1.0,0.0,0.43301270189221935,0.43301270189221935,1.2106077944060862,0.0,0.0,1.0,3.0714285714285716,1.0,1.0,1.0,1.0,1.0,1.0,1.0,0.5,1.0,109.0,1.3960858186086018
1099,E9_REVERSE,0.8000000000000002,0.5,1.0,1.0,1.0,1.0,0.1818181818181818,5.0,0.5,0.05555555555555555,0.6959705453537527,0.7496326385858786,1.2720196495140697,1.0,0.0,0.6071428571428571,2.1470588235294117,1.0,1.0,1.0,1.0,1.0,1.0,1.0,1.0,1.0,109.0,1.7589089075724285
1099,F_SURFACE_FORMAT_CONTROL,0.6999999999999998,0.5,1.0,1.0,1.0,1.0,0.1818181818181818,3.0,0.75,0.0,0.6959705453537527,0.8569568250501304,1.5537739740300374,1.0,0.0,0.7678571428571429,2.3488372093023258,1.0,1.0,1.0,1.0,1.0,1.0,1.0,1.0,1.0,109.0,1.3625746568044026
1099,G_RANDOM_CONTROL,0.8000000000000002,0.5,0.0,1.0,0.5833333333333334,0.611111111111111,0.0,5.0,0.5,0.36000000000000004,0.6959705453537527,1.2183492931011204,1.2599210498948752,0.0,2.0,0.5714285714285714,2.21875,1.0,1.0,1.0,1.0,1.0,0.75,1.0,1.0,1.0,109.0,1.6707882086435955
1099,I_ISOMORPHIC_RELABEL,0.6999999999999998,0.5,0.5,1.0,1.0,1.0,0.1818181818181818,1.0,1.0,0.0,0.4841229182759272,0.4841229182759272,1.4851159653039219,1.0,0.0,1.0,2.857142857142857,1.0,1.0,1.0,1.0,1.0,1.0,1.0,0.5,1.0,109.0,1.5220926602681477
1099,L_FORWARD_CONTROL,1.0,0.5,0.5,0.0,1.0,0.4761904761904762,0.1818181818181818,7.0,0.25,0.24264705882352944,0.9921567416492215,0.6959705453537527,1.0,1.0,0.0,0.41071428571428575,1.7246376811594202,1.0,1.0,1.0,1.0,0.8333333333333334,0.8333333333333334,1.0,1.0,1.0,109.0,1.5967198212941487
1099,M0_SWITCH_NEUTRALIZED,0.6999999999999998,0.16666666666666666,0.16666666666666666,1.0,1.0,0.75,0.1818181818181818,1.3333333333333333,0.9166666666666666,0.047619047619047616,0.4841229182759272,0.4841229182759272,1.3223967057984503,1.0,0.0,0.9285714285714285,2.981060606060606,1.0,1.0,1.0,0.0,0.0,1.0,1.0,0.5,1.0,109.0,1.6647524038950603
1099,M_SWITCH_REASSIGNED,0.6999999999999998,0.8333333333333334,1.0,0.0,1.0,0.4761904761904762,0.06060606060606061,3.0,0.75,0.17681159420289858,0.7496326385858786,0.6959705453537527,1.387936605436509,0.3333333333333333,0.3333333333333333,0.7678571428571429,2.3333333333333335,1.0,1.0,1.0,1.0,0.6666666666666666,0.8000000000000002,1.0,1.0,1.0,109.0,1.5924694538116455
1099,O_ORDER_SHUFFLED,0.6,0.3333333333333333,0.6666666666666666,0.0,0.5833333333333334,1.0,0.1818181818181818,2.6666666666666665,0.7916666666666666,0.15555555555555556,0.6790167628932702,0.6084008872006615,1.5737279809345706,1.0,0.6666666666666666,0.8154761904761906,2.5150084513609605,1.0,1.0,1.0,1.0,1.0,1.0,1.0,0.6666666666666666,0.14285714285714285,109.0,1.549526532491048
1099,P_ANCHOR_REASSIGNED,0.6999999999999998,0.5,0.5,1.0,1.0,0.75,0.1818181818181818,1.0,1.0,0.0,0.4841229182759272,0.4841229182759272,1.4851159653039219,1.0,0.0,1.0,2.857142857142857,1.0,1.0,1.0,1.0,1.0,1.0,1.0,0.5,1.0,109.0,1.9417571226755779
1099,R_DEGREE_MATCHED_REWIRE,0.3,0.6666666666666666,0.16666666666666666,1.0,0.75,0.42857142857142855,0.3636363636363636,2.6666666666666665,0.7916666666666666,0.0,0.5547387939685356,0.6084008872006615,1.4698231798256411,2.0,0.0,0.8511904761904763,2.692780337941629,1.0,1.0,1.0,1.0,1.0,1.0,1.0,0.6666666666666666,1.0,109.0,1.5548338095347087
1099,T_TERMINAL_CHANGED,0.6999999999999998,0.5,0.6666666666666666,1.0,1.0,1.0,0.1818181818181818,2.0,0.875,0.0,0.5547387939685356,0.732678856125396,1.517255445399351,1.0,0.0,0.8809523809523809,2.5652586616041764,1.0,1.0,1.0,1.0,1.0,1.0,1.0,0.5,0.0,109.0,1.7073342005411785
1099,X_COMPLEXITY_MATCHED,0.4000000000000001,0.6666666666666666,0.8333333333333334,1.0,0.5,0.6666666666666666,0.06060606060606061,4.0,0.625,0.42,0.9470901027828579,0.6253546696611442,1.4119961266187924,0.3333333333333333,1.6666666666666667,0.6726190476190476,2.266156462585034,1.0,1.0,1.0,1.0,1.0,1.0,1.0,0.38888888888888884,1.0,109.0,1.4847268263498943
1099,Y_TOPOLOGY_MATCHED,0.3,0.6666666666666666,0.8333333333333334,1.0,0.25,0.5,0.06060606060606061,4.666666666666667,0.5416666666666666,0.4471014492753624,0.9470901027828579,0.8569568250501304,1.3531740526538032,0.3333333333333333,1.3333333333333333,0.5059523809523809,1.899335232668566,1.0,1.0,1.0,1.0,1.0,1.0,1.0,0.27777777777777773,1.0,109.0,1.9113181432088215
1100,A_AUTHENTIC,0.6999999999999998,0.5,0.5,1.0,1.0,1.0,0.1818181818181818,1.0,1.0,0.0,0.4841229182759272,0.4841229182759272,1.4851159653039219,1.0,0.0,1.0,2.857142857142857,1.0,1.0,1.0,1.0,1.0,1.0,1.0,0.5,1.0,109.0,1.6874148845672607
1100,D_ALL_DIRECTION_REVERSED,0.3,0.8333333333333334,0.8333333333333334,0.0,0.0,1.0,0.12121212121212122,2.6666666666666665,0.7916666666666666,0.043478260869565216,0.8032947318180046,0.8032947318180046,1.4554918863358912,0.6666666666666666,0.0,0.8035714285714285,2.6578073089700998,1.0,1.0,1.0,1.0,0.6666666666666666,1.0,1.0,0.5,1.0,109.0,2.002541700998942
1100,E0_DELETE,0.6666666666666666,0.5,0.5,1.0,1.0,1.0,0.20000000000000004,4.0,0.625,0.0,0.6614378277661477,0.6614378277661477,1.4142135623730951,1.0,0.0,0.6785714285714285,2.3684210526315788,1.0,1.0,1.0,1.0,1.0,1.0,1.0,0.5,1.0,109.0,1.7401936848958333
1100,E0_REVERSE,0.6,0.5,0.5,1.0,0.75,0.25,0.1818181818181818,4.0,0.625,0.0,0.6959705453537527,0.6959705453537527,1.4142135623730951,1.0,0.0,0.6785714285714285,2.263157894736842,1.0,1.0,1.0,1.0,1.0,1.0,1.0,0.5,1.0,109.0,1.4826354185740154
1100,E1_DELETE,0.6666666666666666,0.5,0.5,1.0,1.0,0.6666666666666666,0.20000000000000004,4.0,0.625,0.0,0.43301270189221935,0.6614378277661477,1.4142135623730943,1.0,0.0,0.6785714285714285,2.4210526315789473,1.0,1.0,1.0,1.0,1.0,1.0,1.0,0.5,1.0,109.0,1.2931311130523682
1100,E1_REVERSE,0.6,0.5,0.5,1.0,1.0,0.25,0.1818181818181818,4.0,0.625,0.0,0.4841229182759272,0.6959705453537527,1.4142135623730943,1.0,0.0,0.6785714285714285,2.210526315789474,1.0,1.0,1.0,1.0,1.0,1.0,1.0,0.5,1.0,109.0,1.5443594455718994
1100,E2_DELETE,0.6666666666666666,0.5,0.5,1.0,1.0,0.5,0.20000000000000004,5.0,0.5,0.0,0.43301270189221935,0.6614378277661477,1.2720196495140697,1.0,0.0,0.6071428571428571,2.2941176470588234,1.0,1.0,1.0,1.0,1.0,1.0,1.0,0.5,1.0,109.0,1.3262109756469727
1100,E2_REVERSE,0.6,0.5,0.5,1.0,0.75,1.0,0.1818181818181818,5.0,0.5,0.0,0.6959705453537527,0.8569568250501304,1.2720196495140697,1.0,0.0,0.6071428571428571,2.176470588235294,1.0,1.0,1.0,1.0,1.0,1.0,1.0,0.5,1.0,109.0,1.4864115715026855
1100,E3_DELETE,0.6666666666666666,0.5,0.0,1.0,1.0,0.6666666666666666,0.20000000000000004,3.0,0.75,0.0,0.6614378277661477,0.43301270189221935,1.2106077944060876,1.0,0.0,0.7678571428571429,2.7674418604651163,1.0,1.0,1.0,1.0,1.0,1.0,1.0,0.5,1.0,109.0,1.4783883889516194
1100,E3_REVERSE,0.6,0.5,0.0,1.0,0.8333333333333334,0.8888888888888888,0.1818181818181818,3.0,0.75,0.0,0.8569568250501304,0.4841229182759272,1.2106077944060876,1.0,0.0,0.7678571428571429,2.7209302325581395,1.0,1.0,1.0,1.0,1.0,1.0,1.0,0.5,1.0,109.0,1.6219370365142822
1100,E4_DELETE,0.6666666666666666,0.5,0.0,1.0,1.0,1.0,0.20000000000000004,3.0,0.75,0.0,0.6614378277661477,0.6614378277661477,1.210607794406086,1.0,0.0,0.7678571428571429,2.7674418604651163,1.0,1.0,1.0,1.0,1.0,1.0,1.0,0.5,1.0,109.0,1.6926982402801514
1100,E4_REVERSE,0.6,0.5,0.0,1.0,1.0,1.0,0.1818181818181818,3.0,0.75,0.0,0.6959705453537527,0.8569568250501304,1.210607794406086,1.0,0.0,0.7678571428571429,2.7209302325581395,1.0,1.0,1.0,1.0,1.0,1.0,1.0,0.5,1.0,109.0,1.7844266096750896
1100,E5_DELETE,0.6666666666666666,0.5,0.0,1.0,1.0,1.0,0.20000000000000004,1.0,1.0,0.0,0.43301270189221935,0.43301270189221935,1.356203065626297,1.0,0.0,1.0,3.142857142857143,1.0,1.0,1.0,1.0,1.0,1.0,1.0,0.5,1.0,109.0,1.354399045308431
1100,E5_REVERSE,0.6,0.5,0.16666666666666666,1.0,1.0,1.0,0.1818181818181818,1.6666666666666667,0.9166666666666666,0.0,0.5547387939685356,0.8343217976239847,1.48287745910184,1.0,0.0,0.9226190476190476,2.9080841638981174,1.0,1.0,1.0,1.0,1.0,1.0,1.0,0.6666666666666666,1.0,109.0,1.5693787733713787
1100,E6_DELETE,0.6666666666666666,1.0,0.5,1.0,1.0,1.0,0.20000000000000004,4.0,0.625,0.0,0.6614378277661477,0.6614378277661477,1.4142135623730951,1.0,0.0,0.6785714285714285,2.4210526315789473,1.0,1.0,1.0,1.0,1.0,1.0,1.0,1.0,1.0,109.0,1.5503195921579997
1100,E6_REVERSE,0.6,1.0,0.5,1.0,1.0,1.0,0.3636363636363636,3.0,0.75,0.0,0.8569568250501304,0.4841229182759272,1.618033988749895,2.0,0.0,0.7678571428571429,2.488372093023256,1.0,1.0,1.0,1.0,1.0,1.0,1.0,0.5,1.0,109.0,1.8628710905710857
1100,E7_DELETE,0.7777777777777778,0.5,0.5,0.0,1.0,0.5,0.06666666666666667,2.6666666666666665,0.5,0.0,0.43301270189221935,0.509154410516862,1.000000010010831,0.3333333333333333,0.0,0.6845238095238096,2.4952380952380953,1.0,1.0,1.0,1.0,1.0,0.8000000000000002,1.0,0.5,1.0,109.0,1.6570398807525635
1100,E7_REVERSE,0.8000000000000002,0.5,0.5,0.0,1.0,0.6666666666666666,0.06060606060606061,7.0,0.25,0.2857142857142857,0.9020234639164942,0.7496326385858786,0.48852374395892273,0.3333333333333333,0.3333333333333333,0.5238095238095238,1.9895833333333333,1.0,1.0,1.0,1.0,0.6666666666666666,1.0,1.0,0.6666666666666666,1.0,109.0,1.914836009343465
1100,E8_DELETE,0.7777777777777778,0.5,0.5,1.0,1.0,1.0,0.20000000000000004,1.0,1.0,0.0,0.43301270189221935,0.43301270189221935,1.3883666574370508,1.0,0.0,1.0,3.035714285714286,1.0,1.0,1.0,1.0,1.0,1.0,1.0,0.5,1.0,109.0,2.553926626841227
1100,E8_REVERSE,0.8000000000000002,0.5,0.5,1.0,1.0,1.0,0.1818181818181818,1.0,1.0,0.0,0.4841229182759272,0.4841229182759272,1.437356911840786,1.0,0.0,1.0,2.892857142857143,1.0,1.0,1.0,1.0,1.0,1.0,1.0,0.5,1.0,109.0,1.3194367090861003
1100,E9_DELETE,0.7777777777777778,0.5,0.5,1.0,1.0,1.0,0.0,1.0,1.0,0.0,0.43301270189221935,0.43301270189221935,1.2106077944060862,0.0,0.0,1.0,3.0714285714285716,1.0,1.0,1.0,1.0,1.0,1.0,1.0,0.5,1.0,109.0,1.3870189984639485
1100,E9_REVERSE,0.8000000000000002,0.5,0.5,0.0,1.0,1.0,0.0,2.0,0.875,0.14761904761904762,0.4841229182759272,0.6959705453537527,1.310038472250716,0.0,1.0,0.875,2.7619047619047614,1.0,1.0,1.0,1.0,0.6666666666666666,1.0,1.0,1.0,1.0,109.0,2.625398556391398
1100,F_SURFACE_FORMAT_CONTROL,0.6999999999999998,0.5,1.0,1.0,1.0,1.0,0.1818181818181818,3.0,0.75,0.0,0.6959705453537527,0.8569568250501304,1.5537739740300374,1.0,0.0,0.7678571428571429,2.3488372093023258,1.0,1.0,1.0,1.0,1.0,1.0,1.0,1.0,1.0,109.0,1.6574223041534424
1100,G_RANDOM_CONTROL,0.5,0.16666666666666666,0.3333333333333333,1.0,0.5,0.6666666666666666,0.06060606060606061,3.6666666666666665,0.6666666666666666,0.3081232492997199,0.8934280095507319,0.6253546696611442,1.2980526531598768,0.3333333333333333,2.0,0.7380952380952381,2.593137254901961,1.0,1.0,1.0,1.0,1.0,0.8000000000000002,1.0,0.5,1.0,109.0,1.724373737970988
1100,I_ISOMORPHIC_RELABEL,0.6999999999999998,0.5,0.8333333333333334,1.0,1.0,1.0,0.1818181818181818,2.3333333333333335,0.8333333333333334,0.0,0.6253546696611442,0.732678856125396,1.530887971121332,1.0,0.0,0.8452380952380952,2.5182724252491693,1.0,1.0,1.0,1.0,1.0,1.0,1.0,0.8333333333333334,1.0,109.0,1.7946089108784993
1100,L_FORWARD_CONTROL,1.0,1.0,1.0,0.0,1.0,1.0,0.0,8.0,0.125,0.2608695652173913,0.8569568250501304,0.8569568250501304,0.0,0.0,0.0,0.5,1.8214285714285714,1.0,1.0,1.0,0.0,0.5,0.8333333333333334,1.0,1.0,1.0,109.0,1.6631595293680828
1100,M0_SWITCH_NEUTRALIZED,0.6999999999999998,0.16666666666666666,0.16666666666666666,1.0,1.0,1.0,0.0,1.0,1.0,0.049999999999999996,0.5547387939685356,0.4841229182759272,1.3037215634391244,0.0,0.0,1.0,3.071428571428571,1.0,1.0,1.0,0.0,0.0,1.0,1.0,0.38888888888888884,1.0,109.0,2.0625595251719155
1100,M_SWITCH_REASSIGNED,0.6999999999999998,0.5,0.5,1.0,1.0,1.0,0.0,1.0,1.0,0.3203463203463204,0.4841229182759272,0.4841229182759272,1.4636578492312295,0.0,1.3333333333333333,1.0,2.9345238095238098,1.0,1.0,1.0,1.0,0.5,1.0,1.0,0.5,1.0,109.0,1.5876892407735188
1100,O_ORDER_SHUFFLED,0.4000000000000001,0.5,0.6666666666666666,1.0,0.75,1.0,0.1818181818181818,3.3333333333333335,0.7083333333333334,0.09999999999999999,0.8569568250501304,0.6084008872006615,1.5751939789366556,1.0,0.3333333333333333,0.7380952380952381,2.368829049367605,1.0,1.0,1.0,1.0,1.0,1.0,1.0,0.6666666666666666,0.8571428571428571,109.0,1.8179010550181072
1100,P_ANCHOR_REASSIGNED,0.6999999999999998,0.5,0.5,1.0,1.0,1.0,0.1818181818181818,1.0,1.0,0.0,0.4841229182759272,0.4841229182759272,1.4851159653039219,1.0,0.0,1.0,2.857142857142857,1.0,1.0,1.0,1.0,1.0,1.0,1.0,0.5,1.0,109.0,1.9135215282440186
1100,R_DEGREE_MATCHED_REWIRE,0.4000000000000001,0.6666666666666666,0.16666666666666666,1.0,0.6666666666666666,0.6666666666666666,0.0,1.6666666666666667,0.9166666666666666,0.04,0.5547387939685356,0.6084008872006615,1.3549051656517042,0.0,0.0,0.9226190476190476,2.490033222591362,1.0,1.0,1.0,1.0,1.0,1.0,1.0,0.6666666666666666,1.0,109.0,1.4870084921518962
1100,T_TERMINAL_CHANGED,0.6999999999999998,0.5,0.5,1.0,1.0,1.0,0.1818181818181818,1.0,1.0,0.0,0.4841229182759272,0.4841229182759272,1.4851159653039219,1.0,0.0,1.0,2.857142857142857,1.0,1.0,1.0,1.0,1.0,1.0,1.0,0.5,0.0,109.0,1.8032686710357666
1100,X_COMPLEXITY_MATCHED,0.6,0.8333333333333334,0.5,1.0,0.75,0.6,0.3636363636363636,4.0,0.625,0.20000000000000004,0.9416459840882365,0.6253546696611442,1.5413291810500562,2.0,1.0,0.6666666666666666,2.3659844054580894,1.0,1.0,1.0,1.0,1.0,1.0,1.0,0.8333333333333334,1.0,109.0,1.6101008256276448
1100,Y_TOPOLOGY_MATCHED,0.4000000000000001,0.8333333333333334,0.8333333333333334,1.0,0.5833333333333334,0.8888888888888888,0.06060606060606061,3.6666666666666665,0.6666666666666666,0.27499070977331846,1.2183492931011204,0.6253546696611442,1.4751154041151429,0.3333333333333333,1.0,0.6904761904761904,2.218146718146718,1.0,1.0,1.0,1.0,1.0,1.0,1.0,0.3333333333333333,1.0,109.0,1.7876744270324707
1102,A_AUTHENTIC,0.6999999999999998,0.5,0.5,1.0,1.0,1.0,0.12121212121212122,1.0,1.0,0.0,0.4841229182759272,0.4841229182759272,1.4260492887931144,0.6666666666666666,0.0,1.0,2.880952380952381,1.0,1.0,1.0,1.0,0.8333333333333334,1.0,1.0,0.5,1.0,109.0,1.687269926071167
1102,D_ALL_DIRECTION_REVERSED,0.3,0.6666666666666666,0.6666666666666666,0.0,0.0,1.0,0.12121212121212122,2.6666666666666665,0.7916666666666666,0.09903381642512077,0.6790167628932702,0.8032947318180046,1.5063128052936001,0.6666666666666666,0.3333333333333333,0.8035714285714285,2.5415282392026577,1.0,1.0,1.0,1.0,0.8333333333333334,1.0,1.0,0.5,1.0,109.0,1.6817867755889893
1102,E0_DELETE,0.6666666666666666,0.8333333333333334,0.5,1.0,1.0,1.0,0.20000000000000004,4.0,0.625,0.0,0.6614378277661477,0.6614378277661477,1.4142135623730951,1.0,0.0,0.6785714285714285,2.4035087719298245,1.0,1.0,1.0,1.0,1.0,1.0,1.0,0.8333333333333334,1.0,109.0,2.7143571376800537
1102,E0_REVERSE,0.6,0.5,0.5,1.0,0.8333333333333334,0.5,0.1818181818181818,4.0,0.625,0.0,0.6959705453537527,0.6959705453537527,1.4142135623730951,1.0,0.0,0.6785714285714285,2.263157894736842,1.0,1.0,1.0,1.0,1.0,1.0,1.0,0.5,1.0,109.0,1.771028995513916
1102,E1_DELETE,0.6666666666666666,0.6666666666666666,0.6666666666666666,1.0,1.0,0.6666666666666666,0.20000000000000004,4.0,0.625,0.0,0.5852961191415048,0.76370716402805,1.414213562373095,1.0,0.0,0.636904761904762,2.291454442558008,1.0,1.0,1.0,1.0,1.0,1.0,1.0,0.8333333333333334,1.0,109.0,2.0522260665893555
1102,E1_REVERSE,0.6,0.8333333333333334,0.6666666666666666,1.0,0.8333333333333334,0.75,0.30303030303030304,3.3333333333333335,0.7083333333333334,0.0,0.7496326385858786,0.7946992774522422,1.4707330962116547,1.6666666666666667,0.0,0.6964285714285715,2.3148287071767943,1.0,1.0,1.0,1.0,1.0,1.0,1.0,1.0,1.0,109.0,1.6672995885213215
1102,E2_DELETE,0.6666666666666666,0.5,0.5,1.0,1.0,0.5,0.20000000000000004,5.0,0.5,0.0,0.43301270189221935,0.6614378277661477,1.2720196495140697,1.0,0.0,0.6071428571428571,2.2941176470588234,1.0,1.0,1.0,1.0,1.0,1.0,1.0,0.5,1.0,109.0,2.011603752772013
1102,E2_REVERSE,0.6,0.5,0.5,1.0,0.75,1.0,0.1818181818181818,5.0,0.5,0.0,0.6959705453537527,0.8569568250501304,1.2720196495140697,1.0,0.0,0.6071428571428571,2.176470588235294,1.0,1.0,1.0,1.0,1.0,1.0,1.0,0.5,1.0,109.0,1.6556565761566162
1102,E3_DELETE,0.6666666666666666,0.5,0.0,1.0,1.0,0.6666666666666666,0.20000000000000004,3.0,0.75,0.0,0.6614378277661477,0.43301270189221935,1.2106077944060876,1.0,0.0,0.7678571428571429,2.7674418604651163,1.0,1.0,1.0,1.0,1.0,1.0,1.0,0.5,1.0,109.0,1.6744333902994792
1102,E3_REVERSE,0.6,0.5,0.0,1.0,0.8333333333333334,0.75,0.1818181818181818,3.0,0.75,0.0,0.8569568250501304,0.4841229182759272,1.2106077944060876,1.0,0.0,0.7678571428571429,2.7209302325581395,1.0,1.0,1.0,1.0,1.0,1.0,1.0,0.5,1.0,109.0,1.7218966484069824
1102,E4_DELETE,0.6666666666666666,0.8333333333333334,0.16666666666666666,1.0,1.0,1.0,0.20000000000000004,4.333333333333333,0.5833333333333334,0.0,0.7173439510403817,0.76370716402805,1.3668155914200868,1.0,0.0,0.6428571428571429,2.343201754385965,1.0,1.0,1.0,1.0,1.0,1.0,1.0,1.0,1.0,109.0,2.3054892222086587
1102,E4_REVERSE,0.6,0.6666666666666666,0.0,1.0,1.0,1.0,0.24242424242424243,3.3333333333333335,0.7083333333333334,0.0,0.6959705453537527,0.8569568250501304,1.3249965209474042,1.3333333333333333,0.0,0.7380952380952381,2.6034271725826192,1.0,1.0,1.0,1.0,1.0,1.0,1.0,0.6666666666666666,1.0,109.0,1.721653938293457
1102,E5_DELETE,0.6666666666666666,0.5,0.0,1.0,1.0,1.0,0.20000000000000004,1.0,1.0,0.0,0.43301270189221935,0.43301270189221935,1.356203065626297,1.0,0.0,1.0,3.142857142857143,1.0,1.0,1.0,1.0,1.0,1.0,1.0,0.5,1.0,109.0,1.5148386160532634
1102,E5_REVERSE,0.6,0.5,0.0,1.0,1.0,1.0,0.1818181818181818,1.0,1.0,0.0,0.4841229182759272,0.6959705453537527,1.46557123187677,1.0,0.0,1.0,3.0714285714285716,1.0,1.0,1.0,1.0,1.0,1.0,1.0,0.5,1.0,109.0,5.939233144124349
1102,E6_DELETE,0.6666666666666666,1.0,0.5,1.0,1.0,1.0,0.20000000000000004,4.0,0.625,0.0,0.6614378277661477,0.6614378277661477,1.4142135623730951,1.0,0.0,0.6785714285714285,2.4210526315789473,1.0,1.0,1.0,1.0,1.0,1.0,1.0,1.0,1.0,109.0,1.7200764020284016
1102,E6_REVERSE,0.6,0.8333333333333334,0.5,1.0,1.0,1.0,0.24242424242424243,3.3333333333333335,0.7083333333333334,0.05263157894736842,0.8032947318180046,0.4841229182759272,1.4582034316239343,1.3333333333333333,0.0,0.7380952380952381,2.415340677274582,1.0,1.0,1.0,1.0,0.8333333333333334,1.0,1.0,0.4444444444444444,1.0,109.0,1.6423393885294597
1102,E7_DELETE,0.7777777777777778,0.5,0.5,0.0,1.0,0.5,0.06666666666666667,2.3333333333333335,0.8333333333333334,0.11764705882352942,0.43301270189221935,0.509154410516862,1.268785419532775,0.3333333333333333,0.0,0.8690476190476191,2.7885154061624653,1.0,1.0,1.0,1.0,0.5,0.8000000000000002,1.0,0.5,1.0,109.0,2.376849095026652
1102,E7_REVERSE,0.8000000000000002,0.0,0.0,0.3333333333333333,1.0,0.6666666666666666,0.30303030303030304,2.3333333333333335,0.8333333333333334,0.0625,0.732678856125396,0.6253546696611442,1.5584371757687159,1.6666666666666667,0.3333333333333333,0.8452380952380952,2.711378737541528,1.0,1.0,1.0,1.0,0.8333333333333334,0.8666666666666667,1.0,0.8333333333333334,1.0,109.0,1.6818317572275798
1102,E8_DELETE,0.7777777777777778,0.5,0.5,1.0,1.0,1.0,0.20000000000000004,1.0,1.0,0.0,0.43301270189221935,0.43301270189221935,1.3883666574370508,1.0,0.0,1.0,3.035714285714286,1.0,1.0,1.0,1.0,1.0,1.0,1.0,0.5,1.0,109.0,1.635395606358846
1102,E8_REVERSE,0.8000000000000002,0.5,0.5,1.0,1.0,1.0,0.1818181818181818,1.0,1.0,0.0,0.4841229182759272,0.4841229182759272,1.437356911840786,1.0,0.0,1.0,2.892857142857143,1.0,1.0,1.0,1.0,1.0,1.0,1.0,0.5,1.0,109.0,2.34885581334432
1102,E9_DELETE,0.7777777777777778,0.5,0.5,1.0,1.0,1.0,0.0,1.0,1.0,0.0,0.43301270189221935,0.43301270189221935,1.2106077944060862,0.0,0.0,1.0,3.0714285714285716,1.0,1.0,1.0,1.0,1.0,1.0,1.0,0.5,1.0,109.0,1.944881836573283
1102,E9_REVERSE,0.8000000000000002,0.3333333333333333,0.6666666666666666,1.0,1.0,1.0,0.12121212121212122,2.3333333333333335,0.7916666666666666,0.1619981325863679,0.5547387939685356,0.7496326385858786,1.1966228368007725,0.6666666666666666,1.0,0.8571428571428571,2.8154761904761902,1.0,1.0,1.0,1.0,0.6666666666666666,0.8000000000000002,1.0,0.6666666666666666,1.0,109.0,2.347210168838501
1102,F_SURFACE_FORMAT_CONTROL,0.6999999999999998,0.5,0.8333333333333334,1.0,1.0,0.5,0.1818181818181818,2.3333333333333335,0.8333333333333334,0.0,0.6253546696611442,0.732678856125396,1.530887971121332,1.0,0.0,0.8452380952380952,2.5182724252491693,1.0,1.0,1.0,1.0,1.0,1.0,1.0,0.8333333333333334,1.0,109.0,1.7148551146189372
1102,G_RANDOM_CONTROL,0.5,1.0,0.0,1.0,0.5,0.7555555555555555,0.1818181818181818,5.0,0.5,0.5294117647058824,0.9921567416492215,0.9921567416492215,1.521379706804569,1.0,2.0,0.375,1.7142857142857142,1.0,1.0,1.0,1.0,1.0,0.6666666666666666,1.0,0.5,1.0,109.0,2.1050729751586914
1102,I_ISOMORPHIC_RELABEL,0.6999999999999998,0.6666666666666666,1.0,1.0,1.0,1.0,0.1818181818181818,3.3333333333333335,0.7083333333333334,0.05555555555555555,0.6959705453537527,0.8569568250501304,1.5072538368110564,1.0,0.0,0.7380952380952381,2.337821297429621,1.0,1.0,1.0,1.0,1.0,1.0,1.0,1.0,1.0,109.0,1.8102564016977947
1102,L_FORWARD_CONTROL,1.0,0.3333333333333333,0.3333333333333333,0.0,1.0,0.8888888888888888,0.0,6.0,0.375,0.4545454545454546,0.7496326385858786,0.6959705453537527,1.0000000000000009,0.0,1.0,0.5357142857142857,1.9761904761904763,1.0,1.0,1.0,1.0,0.8333333333333334,0.8333333333333334,1.0,1.0,1.0,109.0,1.9389217694600422
1102,M0_SWITCH_NEUTRALIZED,0.6999999999999998,0.5,0.5,1.0,1.0,1.0,0.0,1.0,1.0,0.14523809523809525,0.4841229182759272,0.4841229182759272,1.310573990323735,0.0,0.3333333333333333,1.0,2.9464285714285716,1.0,1.0,1.0,0.0,0.0,1.0,1.0,0.5,1.0,109.0,2.47375226020813
1102,M_SWITCH_REASSIGNED,0.6999999999999998,0.3333333333333333,0.8333333333333334,0.0,1.0,1.0,0.12121212121212122,4.0,0.625,0.4161490683229814,0.9470901027828579,0.732678856125396,1.6287998023289063,0.6666666666666666,2.6666666666666665,0.5952380952380952,2.0622524052065647,1.0,1.0,1.0,1.0,0.8333333333333334,0.8000000000000002,1.0,0.8333333333333334,1.0,109.0,1.761914332707723
1102,O_ORDER_SHUFFLED,0.6999999999999998,0.6666666666666666,1.0,0.0,0.75,1.0,0.1818181818181818,4.0,0.625,0.10818713450292398,0.6959705453537527,0.7496326385858786,1.4142135623730951,1.0,0.0,0.6785714285714285,2.280701754385965,1.0,1.0,1.0,1.0,1.0,1.0,1.0,1.0,0.7142857142857143,109.0,1.739080270131429
1102,P_ANCHOR_REASSIGNED,0.6999999999999998,0.5,0.5,1.0,1.0,0.5,0.1818181818181818,1.0,1.0,0.0,0.4841229182759272,0.4841229182759272,1.4851159653039219,1.0,0.0,1.0,2.857142857142857,1.0,1.0,1.0,1.0,1.0,1.0,1.0,0.5,1.0,109.0,1.6337175369262695
1102,R_DEGREE_MATCHED_REWIRE,0.5,0.5,0.0,1.0,0.9166666666666666,0.4857142857142857,0.3636363636363636,2.0,0.75,0.4000000000000001,0.4841229182759272,0.4841229182759272,1.4337523996344104,2.0,2.0,0.7857142857142857,2.590909090909091,1.0,1.0,1.0,1.0,1.0,1.0,1.0,0.5,1.0,109.0,1.812352180480957
1102,T_TERMINAL_CHANGED,0.6999999999999998,0.5,0.5,1.0,1.0,1.0,0.1818181818181818,1.0,1.0,0.0,0.4841229182759272,0.4841229182759272,1.4851159653039219,1.0,0.0,1.0,2.857142857142857,1.0,1.0,1.0,1.0,1.0,1.0,1.0,0.5,0.0,109.0,1.805417537689209
1102,X_COMPLEXITY_MATCHED,0.4000000000000001,0.6666666666666666,0.16666666666666666,1.0,0.4166666666666667,0.6666666666666666,0.0,3.0,0.75,0.27310370788631655,0.6790167628932702,0.6253546696611442,1.3409855138925018,0.0,0.0,0.7738095238095238,2.4031049384257988,1.0,1.0,1.0,1.0,1.0,1.0,1.0,0.4444444444444444,1.0,109.0,1.7055311997731526
1102,Y_TOPOLOGY_MATCHED,0.5,1.0,0.5,1.0,0.75,0.42857142857142855,0.0,5.0,0.5,0.42857142857142855,0.6959705453537527,0.4841229182759272,1.220744084605759,0.0,1.0,0.6071428571428571,2.0588235294117645,1.0,1.0,1.0,1.0,1.0,1.0,1.0,0.5,1.0,109.0,1.7495307922363281
1103,A_AUTHENTIC,0.6999999999999998,0.6666666666666666,0.6666666666666666,1.0,1.0,1.0,0.1818181818181818,2.0,0.875,0.05263157894736842,0.6084008872006615,0.5547387939685356,1.4614818309936464,1.0,0.0,0.8928571428571429,2.6240601503759398,1.0,1.0,1.0,1.0,1.0,1.0,1.0,0.6666666666666666,1.0,109.0,1.6836124261220295
1103,D_ALL_DIRECTION_REVERSED,0.3,0.3333333333333333,0.6666666666666666,0.0,0.0,1.0,0.1818181818181818,3.3333333333333335,0.7083333333333334,0.05263157894736842,0.5547387939685356,0.7496326385858786,1.3663130166235746,1.0,0.0,0.7380952380952381,2.471236230110159,1.0,1.0,1.0,1.0,0.6666666666666666,1.0,1.0,0.38888888888888884,1.0,109.0,1.920878807703654
1103,E0_DELETE,0.6666666666666666,1.0,0.5,1.0,1.0,1.0,0.20000000000000004,4.0,0.625,0.0,0.7173439510403817,0.6614378277661477,1.4142135623730951,1.0,0.0,0.6428571428571429,2.3327850877192984,1.0,1.0,1.0,1.0,1.0,1.0,1.0,1.0,1.0,109.0,2.3097453912099204
1103,E0_REVERSE,0.6,0.6666666666666666,0.6666666666666666,1.0,0.8333333333333334,0.5,0.1818181818181818,4.0,0.625,0.0,0.6959705453537527,0.7946992774522422,1.4142135623730951,1.0,0.0,0.6428571428571429,2.1858552631578947,1.0,1.0,1.0,1.0,1.0,1.0,1.0,0.6666666666666666,1.0,109.0,1.88126007715861
1103,E1_DELETE,0.6666666666666666,0.5,0.5,1.0,1.0,0.6666666666666666,0.20000000000000004,4.0,0.625,0.0,0.43301270189221935,0.6614378277661477,1.4142135623730943,1.0,0.0,0.6785714285714285,2.4210526315789473,1.0,1.0,1.0,1.0,1.0,1.0,1.0,0.5,1.0,109.0,1.7837119897206624
1103,E1_REVERSE,0.6,0.6666666666666666,0.5,1.0,0.75,1.0,0.1818181818181818,3.6666666666666665,0.6666666666666666,0.05263157894736842,0.6084008872006615,0.6959705453537527,1.4382998672551093,1.0,0.0,0.7083333333333334,2.272133822929417,1.0,1.0,1.0,1.0,1.0,1.0,1.0,0.6666666666666666,1.0,109.0,2.527284622192383
1103,E2_DELETE,0.6666666666666666,0.5,0.6666666666666666,1.0,1.0,0.5,0.20000000000000004,5.0,0.5,0.0,0.509154410516862,0.76370716402805,1.2720196495140694,1.0,0.0,0.5654761904761905,2.1466957153231663,1.0,1.0,1.0,1.0,1.0,1.0,1.0,0.6666666666666666,1.0,109.0,1.8165531953175862
1103,E2_REVERSE,0.6,0.8333333333333334,0.5,1.0,0.75,0.75,0.1818181818181818,5.0,0.5,0.10526315789473684,0.8032947318180046,0.9470901027828579,1.2720196495140692,1.0,0.0,0.5952380952380952,2.079025549613785,1.0,1.0,1.0,1.0,1.0,1.0,1.0,0.8333333333333334,1.0,109.0,1.6347498099009197
1103,E3_DELETE,0.6666666666666666,0.5,0.0,1.0,1.0,0.6666666666666666,0.20000000000000004,3.0,0.75,0.0,0.6614378277661477,0.43301270189221935,1.2106077944060876,1.0,0.0,0.7678571428571429,2.7674418604651163,1.0,1.0,1.0,1.0,1.0,1.0,1.0,0.5,1.0,109.0,2.0380611419677734
1103,E3_REVERSE,0.6,0.5,0.0,1.0,0.75,1.0,0.1818181818181818,3.0,0.75,0.0,0.8569568250501304,0.4841229182759272,1.2106077944060876,1.0,0.0,0.7678571428571429,2.7209302325581395,1.0,1.0,1.0,1.0,1.0,1.0,1.0,0.5,1.0,109.0,3.3678507010142007
1103,E4_DELETE,0.6666666666666666,1.0,0.16666666666666666,1.0,1.0,1.0,0.20000000000000004,5.0,0.5,0.0625,0.76370716402805,0.7173439510403817,1.2761423749153968,1.0,0.0,0.6071428571428572,2.242240215924426,1.0,1.0,1.0,1.0,1.0,1.0,1.0,1.0,1.0,109.0,1.541049559911092
1103,E4_REVERSE,0.6,0.5,0.0,1.0,1.0,1.0,0.1818181818181818,3.0,0.75,0.0,0.6959705453537527,0.8569568250501304,1.210607794406086,1.0,0.0,0.7678571428571429,2.7209302325581395,1.0,1.0,1.0,1.0,1.0,1.0,1.0,0.5,1.0,109.0,1.6749883492787678
1103,E5_DELETE,0.6666666666666666,0.5,0.16666666666666666,1.0,1.0,1.0,0.20000000000000004,1.6666666666666667,0.9166666666666666,0.0,0.509154410516862,0.5650605337910962,1.3755398978752298,1.0,0.0,0.9226190476190476,2.971207087486157,1.0,1.0,1.0,1.0,1.0,1.0,1.0,0.6666666666666666,1.0,109.0,1.4658478101094563
1103,E5_REVERSE,0.6,0.6666666666666666,0.0,1.0,1.0,0.8095238095238096,0.12121212121212122,2.3333333333333335,0.8333333333333334,0.0,0.5547387939685356,0.7496326385858786,1.31038082125118,0.6666666666666666,0.0,0.8690476190476191,2.733893557422969,1.0,1.0,1.0,1.0,0.8333333333333334,1.0,1.0,0.6666666666666666,1.0,109.0,1.7361439069112141
1103,E6_DELETE,0.6666666666666666,1.0,0.5,1.0,1.0,1.0,0.20000000000000004,4.0,0.625,0.0,0.6614378277661477,0.6614378277661477,1.4142135623730951,1.0,0.0,0.6785714285714285,2.4210526315789473,1.0,1.0,1.0,1.0,1.0,1.0,1.0,1.0,1.0,109.0,1.9087005456288655
1103,E6_REVERSE,0.6,0.6666666666666666,0.6666666666666666,1.0,1.0,1.0,0.24242424242424243,3.3333333333333335,0.7083333333333334,0.0,0.9020234639164942,0.4841229182759272,1.5286738417176755,1.3333333333333333,0.0,0.7321428571428572,2.3632919508072505,1.0,1.0,1.0,1.0,1.0,1.0,1.0,0.4444444444444444,1.0,109.0,1.7322173118591309
1103,E7_DELETE,0.7777777777777778,0.6666666666666666,0.6666666666666666,0.0,1.0,0.6666666666666666,0.13333333333333333,3.3333333333333335,0.625,0.049999999999999996,0.5650605337910962,0.6614378277661477,1.189207115002722,0.6666666666666666,0.0,0.6904761904761904,2.4475933423301846,1.0,1.0,1.0,1.0,1.0,0.8000000000000002,1.0,1.0,1.0,109.0,1.8697151343027751
1103,E7_REVERSE,0.8000000000000002,0.8333333333333334,1.0,0.0,1.0,1.0,0.0,7.333333333333333,0.20833333333333334,0.31225296442687744,1.1110243021644486,0.8569568250501304,0.33333333333333365,0.0,0.3333333333333333,0.4047619047619047,1.7338603425559949,1.0,1.0,1.0,1.0,0.5,0.8000000000000002,1.0,1.0,1.0,109.0,2.494034767150879
1103,E8_DELETE,0.7777777777777778,0.6666666666666666,0.6666666666666666,1.0,1.0,1.0,0.20000000000000004,2.3333333333333335,0.8333333333333334,0.06666666666666667,0.5650605337910962,0.509154410516862,1.3495843214627232,1.0,0.0,0.8690476190476191,2.7296918767507,1.0,1.0,1.0,1.0,1.0,1.0,1.0,0.6666666666666666,1.0,109.0,1.605951468149821
1103,E8_REVERSE,0.8000000000000002,0.6666666666666666,0.6666666666666666,1.0,1.0,1.0,0.1818181818181818,2.3333333333333335,0.8333333333333334,0.0,0.6084008872006615,0.5547387939685356,1.3822444910652136,1.0,0.0,0.8690476190476191,2.5952380952380953,1.0,1.0,1.0,1.0,1.0,1.0,1.0,0.6666666666666666,1.0,109.0,2.437300682067871
1103,E9_DELETE,0.7777777777777778,0.5,0.5,1.0,1.0,1.0,0.13333333333333333,3.0,0.75,0.0,0.5852961191415048,0.5852961191415048,1.346344973050759,0.6666666666666666,0.0,0.7857142857142857,2.637844611528822,1.0,1.0,1.0,1.0,1.0,1.0,1.0,0.8333333333333334,1.0,109.0,1.8011065324147542
1103,E9_REVERSE,0.8000000000000002,0.6666666666666666,0.8333333333333334,0.0,1.0,1.0,0.06060606060606061,3.6666666666666665,0.6666666666666666,0.4777777777777778,0.7496326385858786,0.8032947318180046,1.4668405241419398,0.3333333333333333,2.0,0.7083333333333334,2.4832721338229296,1.0,1.0,1.0,1.0,0.5,1.0,1.0,1.0,1.0,109.0,2.271700064341227
1103,F_SURFACE_FORMAT_CONTROL,0.6999999999999998,0.6666666666666666,1.0,1.0,1.0,1.0,0.1818181818181818,3.3333333333333335,0.7083333333333334,0.05555555555555555,0.6959705453537527,0.8569568250501304,1.5072538368110564,1.0,0.0,0.7380952380952381,2.337821297429621,1.0,1.0,1.0,1.0,1.0,1.0,1.0,1.0,1.0,109.0,1.8688680330912273
1103,G_RANDOM_CONTROL,0.8000000000000002,0.5,0.5,0.0,0.9166666666666666,0.6428571428571429,0.1818181818181818,4.0,0.625,0.3,0.9921567416492215,0.8569568250501304,1.4291083198381445,1.0,1.0,0.5714285714285714,2.125,1.0,1.0,1.0,1.0,1.0,0.6666666666666666,1.0,1.0,1.0,109.0,1.7912302017211914
1103,I_ISOMORPHIC_RELABEL,0.6999999999999998,0.5,0.5,1.0,1.0,1.0,0.1818181818181818,1.0,1.0,0.0,0.4841229182759272,0.4841229182759272,1.4851159653039219,1.0,0.0,1.0,2.857142857142857,1.0,1.0,1.0,1.0,1.0,1.0,1.0,0.5,1.0,109.0,2.0692158540089927
1103,L_FORWARD_CONTROL,1.0,0.8333333333333334,0.8333333333333334,0.0,1.0,1.0,0.0,7.333333333333333,0.20833333333333334,0.3995859213250517,1.022487619933491,0.6959705453537527,0.33333333333333365,0.0,0.3333333333333333,0.43452380952380953,1.7365034965034967,1.0,1.0,1.0,1.0,0.8333333333333334,0.8333333333333334,1.0,1.0,1.0,109.0,1.8283202648162842
1103,M0_SWITCH_NEUTRALIZED,0.6999999999999998,0.0,0.0,1.0,1.0,1.0,0.1818181818181818,1.3333333333333333,0.9583333333333334,0.0,0.4841229182759272,0.5547387939685356,1.33814413172556,1.0,0.0,0.9583333333333334,3.105442176870748,1.0,1.0,1.0,0.0,0.0,1.0,1.0,0.6666666666666666,1.0,109.0,2.0326892534891763
1103,M_SWITCH_REASSIGNED,0.6999999999999998,0.5,1.0,0.0,1.0,1.0,0.1818181818181818,3.0,0.75,0.42857142857142855,0.8569568250501304,0.8569568250501304,1.6180339887498951,1.0,2.0,0.7678571428571429,2.3488372093023258,1.0,1.0,1.0,1.0,1.0,0.8000000000000002,1.0,1.0,1.0,109.0,1.9409539699554443
1103,O_ORDER_SHUFFLED,0.4000000000000001,0.3333333333333333,0.6666666666666666,1.0,0.25,1.0,0.24242424242424243,3.0,0.7083333333333334,0.05555555555555555,0.5547387939685356,0.8032947318180046,1.4486390127660567,1.3333333333333333,0.0,0.75,2.410339034399185,1.0,1.0,1.0,1.0,1.0,1.0,1.0,1.0,0.14285714285714285,109.0,2.503002325693766
1103,P_ANCHOR_REASSIGNED,0.6999999999999998,0.6666666666666666,0.6666666666666666,1.0,1.0,1.0,0.1818181818181818,2.0,0.875,0.05263157894736842,0.6084008872006615,0.5547387939685356,1.4614818309936464,1.0,0.0,0.8928571428571429,2.6240601503759398,1.0,1.0,1.0,1.0,1.0,1.0,1.0,0.6666666666666666,1.0,109.0,1.6209007104237874
1103,R_DEGREE_MATCHED_REWIRE,0.5,1.0,0.16666666666666666,1.0,0.8333333333333334,0.5555555555555555,0.1818181818181818,3.0,0.75,0.15263157894736842,0.8032947318180046,0.7496326385858786,1.4510741743786302,1.0,0.0,0.7678571428571429,2.4806201550387597,1.0,1.0,1.0,1.0,1.0,1.0,1.0,1.0,1.0,109.0,1.886497974395752
1103,T_TERMINAL_CHANGED,0.6999999999999998,0.8333333333333334,0.8333333333333334,1.0,1.0,1.0,0.24242424242424243,3.6666666666666665,0.625,0.05555555555555555,0.6790167628932702,0.7496326385858786,1.4142135623730951,1.3333333333333333,0.0,0.6845238095238096,2.3036437246963564,1.0,1.0,1.0,1.0,1.0,1.0,1.0,0.5,0.0,109.0,1.999405066172282
1103,X_COMPLEXITY_MATCHED,0.6,0.8333333333333334,0.8333333333333334,1.0,0.75,0.5,0.06060606060606061,4.666666666666667,0.5416666666666666,0.38383838383838387,0.8569568250501304,0.6253546696611442,1.2701750376157703,0.3333333333333333,1.0,0.6309523809523809,2.2512899896800826,1.0,1.0,1.0,1.0,1.0,1.0,1.0,0.8333333333333334,1.0,109.0,3.286008834838867
1103,Y_TOPOLOGY_MATCHED,0.5,0.5,0.5,1.0,0.5833333333333334,0.8888888888888888,0.1818181818181818,4.0,0.625,0.15789473684210525,1.1110243021644486,0.4841229182759272,1.2720196495140685,1.0,0.0,0.6428571428571429,2.1944444444444446,1.0,1.0,1.0,1.0,1.0,1.0,1.0,0.5,1.0,109.0,1.7607030073801677
1105,A_AUTHENTIC,0.6999999999999998,0.6666666666666666,1.0,1.0,1.0,1.0,0.1818181818181818,3.3333333333333335,0.7083333333333334,0.0,0.7496326385858786,0.8032947318180046,1.5072538368110564,1.0,0.0,0.7380952380952381,2.302733578131375,1.0,1.0,1.0,1.0,1.0,1.0,1.0,1.0,1.0,109.0,1.6654654343922932
1105,D_ALL_DIRECTION_REVERSED,0.3,0.8333333333333334,0.8333333333333334,0.0,0.0,1.0,0.12121212121212122,2.6666666666666665,0.7916666666666666,0.043478260869565216,0.8032947318180046,0.8032947318180046,1.4554918863358912,0.6666666666666666,0.0,0.8035714285714285,2.6578073089700998,1.0,1.0,1.0,1.0,0.6666666666666666,1.0,1.0,0.5,1.0,109.0,1.9897092183430989
1105,E0_DELETE,0.6666666666666666,0.5,1.0,1.0,1.0,1.0,0.20000000000000004,3.0,0.75,0.0,0.6614378277661477,0.9682458365518544,1.5537739740300365,1.0,0.0,0.6428571428571429,2.138888888888889,1.0,1.0,1.0,1.0,1.0,1.0,1.0,1.0,1.0,109.0,1.50940998395284
1105,E0_REVERSE,0.6,0.5,1.0,1.0,0.75,0.8095238095238094,0.1818181818181818,3.0,0.75,0.0,0.4841229182759272,0.9921567416492215,1.5537739740300365,1.0,0.0,0.75,2.238095238095238,1.0,1.0,1.0,1.0,1.0,1.0,1.0,1.0,1.0,109.0,1.6371639569600422
1105,E1_DELETE,0.6666666666666666,0.5,1.0,1.0,1.0,0.6666666666666666,0.20000000000000004,4.0,0.625,0.0,0.6614378277661477,0.9682458365518544,1.414213562373095,1.0,0.0,0.5535714285714286,2.032258064516129,1.0,1.0,1.0,1.0,1.0,1.0,1.0,1.0,1.0,109.0,1.7449543476104736
1105,E1_REVERSE,0.6,0.5,1.0,1.0,0.75,1.0,0.1818181818181818,4.0,0.625,0.0,0.8569568250501304,0.9921567416492215,1.414213562373095,1.0,0.0,0.5535714285714286,1.967741935483871,1.0,1.0,1.0,1.0,1.0,1.0,1.0,1.0,1.0,109.0,1.6208089192708333
1105,E2_DELETE,0.6666666666666666,0.5,0.8333333333333334,1.0,1.0,0.5,0.20000000000000004,5.0,0.5,0.0,0.5852961191415048,0.8659765002899521,1.2720196495140692,1.0,0.0,0.5238095238095238,1.9992737835875092,1.0,1.0,1.0,1.0,1.0,1.0,1.0,0.8333333333333334,1.0,109.0,1.612642526626587
1105,E2_REVERSE,0.6,0.5,1.0,1.0,0.75,1.0,0.24242424242424243,5.0,0.5,0.0,0.8569568250501304,1.1110243021644486,1.3659377576860585,1.3333333333333333,0.0,0.4583333333333333,1.7359098228663445,1.0,1.0,1.0,1.0,1.0,1.0,1.0,1.0,1.0,109.0,1.5502680937449138
1105,E3_DELETE,0.6666666666666666,0.5,0.3333333333333333,1.0,1.0,0.6666666666666666,0.20000000000000004,4.333333333333333,0.5833333333333334,0.0,0.7732500743146158,0.697108365689973,1.2515490311447421,1.0,0.0,0.6369047619047619,2.3599806201550386,1.0,1.0,1.0,1.0,1.0,1.0,1.0,0.8333333333333334,1.0,109.0,1.678634802500407
1105,E3_REVERSE,0.6,0.5,0.16666666666666666,1.0,0.75,1.0,0.1818181818181818,3.6666666666666665,0.6666666666666666,0.0,0.9020234639164942,0.6084008872006615,1.2310784127754149,1.0,0.0,0.7023809523809524,2.5118701550387597,1.0,1.0,1.0,1.0,1.0,1.0,1.0,0.6666666666666666,1.0,109.0,1.5353376865386963
1105,E4_DELETE,0.6666666666666666,0.5,0.5,1.0,1.0,1.0,0.20000000000000004,5.0,0.5,0.0,0.82915619758885,0.9682458365518544,1.2720196495140697,1.0,0.0,0.5714285714285714,2.1875,1.0,1.0,1.0,1.0,1.0,1.0,1.0,1.0,1.0,109.0,1.7481393019358318
1105,E4_REVERSE,0.6,0.5,0.5,1.0,1.0,1.0,0.1818181818181818,5.666666666666667,0.4166666666666667,0.10526315789473684,0.9020234639164942,1.1110243021644486,1.1813464330093797,1.0,0.0,0.5357142857142857,2.108974358974359,1.0,1.0,1.0,1.0,1.0,1.0,1.0,1.0,1.0,109.0,1.5182777245839436
1105,E5_DELETE,0.6666666666666666,0.5,0.0,1.0,1.0,1.0,0.20000000000000004,1.0,1.0,0.0,0.43301270189221935,0.43301270189221935,1.356203065626297,1.0,0.0,1.0,3.142857142857143,1.0,1.0,1.0,1.0,1.0,1.0,1.0,0.5,1.0,109.0,1.5364456971486409
1105,E5_REVERSE,0.6,0.5,0.5,1.0,1.0,1.0,0.1818181818181818,3.6666666666666665,0.6666666666666666,0.21052631578947367,0.6959705453537527,1.1110243021644486,1.4968116225300871,1.0,0.0,0.7083333333333334,2.5271317829457365,1.0,1.0,1.0,1.0,1.0,1.0,1.0,1.0,1.0,109.0,1.3658257325490315
1105,E6_DELETE,0.6666666666666666,1.0,0.5,1.0,1.0,1.0,0.20000000000000004,4.0,0.625,0.0,0.6614378277661477,0.6614378277661477,1.4142135623730951,1.0,0.0,0.6785714285714285,2.4210526315789473,1.0,1.0,1.0,1.0,1.0,1.0,1.0,1.0,1.0,109.0,1.328257401784261
1105,E6_REVERSE,0.6,1.0,0.5,1.0,1.0,1.0,0.3636363636363636,3.0,0.75,0.0,0.8569568250501304,0.4841229182759272,1.618033988749895,2.0,0.0,0.7678571428571429,2.488372093023256,1.0,1.0,1.0,1.0,1.0,1.0,1.0,0.5,1.0,109.0,1.6032865047454834
1105,E7_DELETE,0.7777777777777778,0.5,0.5,0.0,1.0,1.0,0.13333333333333333,5.333333333333333,0.4583333333333333,0.0,0.43301270189221935,0.8659765002899521,1.0819103132051726,0.6666666666666666,0.0,0.5654761904761905,2.2241940254362613,1.0,1.0,1.0,1.0,1.0,0.8000000000000002,1.0,1.0,1.0,109.0,1.892607609430949
1105,E7_REVERSE,0.8000000000000002,0.0,0.5,0.0,1.0,1.0,0.0,4.0,0.625,0.4090909090909091,0.8569568250501304,0.4841229182759272,1.3532099641993247,0.0,1.0,0.6785714285714285,2.4210526315789473,1.0,1.0,1.0,1.0,1.0,1.0,1.0,0.5,1.0,109.0,1.4923412799835205
1105,E8_DELETE,0.7777777777777778,0.6666666666666666,1.0,1.0,1.0,1.0,0.20000000000000004,3.6666666666666665,0.6666666666666666,0.06666666666666667,0.7173439510403817,0.7732500743146158,1.401054037755868,1.0,0.0,0.7142857142857143,2.3337893296853625,1.0,1.0,1.0,1.0,1.0,1.0,1.0,1.0,1.0,109.0,1.649697224299113
1105,E8_REVERSE,0.8000000000000002,0.5,0.8333333333333334,1.0,1.0,1.0,0.1818181818181818,2.3333333333333335,0.8333333333333334,0.0,0.6253546696611442,0.732678856125396,1.5149682866336203,1.0,0.0,0.8452380952380952,2.499169435215947,1.0,1.0,1.0,1.0,1.0,1.0,1.0,0.8333333333333334,1.0,109.0,1.8743527730305989
1105,E9_DELETE,0.7777777777777778,0.5,0.5,1.0,1.0,1.0,0.20000000000000004,4.0,0.625,0.0,0.6614378277661477,0.6614378277661477,1.4142135623730951,1.0,0.0,0.6785714285714285,2.4210526315789473,1.0,1.0,1.0,1.0,1.0,1.0,1.0,1.0,1.0,109.0,1.4944750467936199
1105,E9_REVERSE,0.8000000000000002,0.6666666666666666,1.0,0.0,1.0,0.5,0.1818181818181818,6.333333333333333,0.3333333333333333,0.15555555555555556,0.9470901027828579,1.031779261820964,1.216478638163164,1.0,0.6666666666666666,0.5,2.0,1.0,1.0,1.0,1.0,0.8333333333333334,0.8000000000000002,1.0,1.0,1.0,109.0,1.5841444333394368
1105,F_SURFACE_FORMAT_CONTROL,0.6999999999999998,1.0,1.0,1.0,1.0,1.0,0.1818181818181818,4.0,0.625,0.1608187134502924,0.7496326385858786,0.7496326385858786,1.4142135623730951,1.0,0.0,0.6785714285714285,2.210526315789474,1.0,1.0,1.0,1.0,1.0,1.0,1.0,1.0,1.0,109.0,1.7904311815897624
1105,G_RANDOM_CONTROL,0.5,0.16666666666666666,0.3333333333333333,0.0,0.3333333333333333,0.6666666666666666,0.0,8.0,0.125,0.2608695652173913,1.3781045455009178,0.9470901027828579,0.0,0.0,0.0,0.2916666666666667,1.3356725146198831,1.0,1.0,1.0,1.0,1.0,1.0,1.0,0.25,1.0,109.0,1.8688727219899495
1105,I_ISOMORPHIC_RELABEL,0.6999999999999998,0.5,0.6666666666666666,1.0,1.0,1.0,0.1818181818181818,1.6666666666666667,0.9166666666666666,0.0,0.5547387939685356,0.6084008872006615,1.5080019682126269,1.0,0.0,0.9226190476190476,2.6877076411960132,1.0,1.0,1.0,1.0,1.0,1.0,1.0,0.6666666666666666,1.0,109.0,1.7496110598246257
1105,L_FORWARD_CONTROL,1.0,0.0,0.0,0.0,1.0,0.8888888888888888,0.0,1.0,1.0,0.2857142857142857,0.4841229182759272,0.4841229182759272,1.3521179434766941,0.0,1.0,1.0,2.910714285714286,1.0,1.0,1.0,1.0,1.0,1.0,1.0,0.5,1.0,109.0,2.209940274556478
1105,M0_SWITCH_NEUTRALIZED,0.6999999999999998,0.6666666666666666,0.6666666666666666,1.0,1.0,1.0,0.0,2.0,0.875,0.22023809523809523,0.7496326385858786,0.5547387939685356,1.3146252005826893,0.0,0.3333333333333333,0.8928571428571429,2.8753132832080204,1.0,1.0,1.0,0.0,0.0,1.0,1.0,0.6666666666666666,1.0,109.0,3.214345614115397
1105,M_SWITCH_REASSIGNED,0.6999999999999998,0.0,0.5,1.0,1.0,1.0,0.0,1.0,1.0,0.3,0.4841229182759272,0.4841229182759272,1.3661815310152534,0.0,2.0,1.0,3.107142857142857,1.0,1.0,1.0,1.0,1.0,1.0,1.0,0.5,1.0,109.0,2.0491769313812256
1105,O_ORDER_SHUFFLED,0.3,0.0,1.0,1.0,0.5,0.6666666666666666,0.1818181818181818,3.0,0.75,0.0,0.6959705453537527,0.8569568250501304,1.5537739740300374,1.0,0.0,0.7678571428571429,2.3488372093023258,1.0,1.0,1.0,1.0,1.0,1.0,1.0,1.0,0.2857142857142857,109.0,1.9548961321512859
1105,P_ANCHOR_REASSIGNED,0.6999999999999998,0.5,1.0,1.0,1.0,1.0,0.1818181818181818,3.0,0.75,0.0,0.6959705453537527,0.8569568250501304,1.5537739740300374,1.0,0.0,0.7678571428571429,2.3488372093023258,1.0,1.0,1.0,1.0,1.0,1.0,1.0,1.0,1.0,109.0,1.996667464574178
1105,R_DEGREE_MATCHED_REWIRE,0.5,0.8333333333333334,0.6666666666666666,1.0,0.9166666666666666,0.6190476190476191,0.3636363636363636,4.0,0.5,0.21025641025641026,0.6790167628932702,0.6790167628932702,1.3595147447758797,2.0,1.0,0.6071428571428571,2.1875180375180374,1.0,1.0,1.0,1.0,1.0,1.0,1.0,0.8333333333333334,1.0,109.0,1.6235156059265137
1105,T_TERMINAL_CHANGED,0.6999999999999998,0.5,0.8333333333333334,1.0,1.0,1.0,0.1818181818181818,2.6666666666666665,0.7916666666666666,0.0,0.6253546696611442,0.8569568250501304,1.5401414483080564,1.0,0.0,0.8035714285714285,2.395823445657333,1.0,1.0,1.0,1.0,1.0,1.0,1.0,0.5,0.0,109.0,1.837246020634969
1105,X_COMPLEXITY_MATCHED,0.5,0.8333333333333334,0.8333333333333334,1.0,0.75,0.5666666666666667,0.1818181818181818,2.6666666666666665,0.7916666666666666,0.16408668730650156,0.8032947318180046,0.6253546696611442,1.2812017365226993,1.0,0.0,0.8035714285714285,2.6907134947002054,1.0,1.0,1.0,1.0,1.0,1.0,1.0,0.8333333333333334,1.0,109.0,1.7122960090637207
1105,Y_TOPOLOGY_MATCHED,0.20000000000000004,0.8333333333333334,0.6666666666666666,1.0,0.0,0.6190476190476191,0.0,4.333333333333333,0.5833333333333334,0.2691511387163561,0.6959705453537527,0.6959705453537527,1.3090546710014677,0.0,1.0,0.6547619047619048,2.1620227038183693,1.0,1.0,1.0,1.0,1.0,1.0,1.0,0.4444444444444444,1.0,109.0,1.5603268146514893
1106,A_AUTHENTIC,0.6999999999999998,0.6666666666666666,1.0,1.0,1.0,1.0,0.1818181818181818,3.3333333333333335,0.7083333333333334,0.0,0.6959705453537527,0.8032947318180046,1.5072538368110564,1.0,0.0,0.7380952380952381,2.302733578131375,1.0,1.0,1.0,1.0,1.0,1.0,1.0,1.0,1.0,109.0,1.5386277834574382
1106,D_ALL_DIRECTION_REVERSED,0.3,0.0,1.0,0.0,0.0,1.0,0.1818181818181818,4.0,0.625,0.0,0.6959705453537527,0.6959705453537527,1.4142135623730965,1.0,0.0,0.6785714285714285,2.3157894736842106,1.0,1.0,1.0,1.0,1.0,1.0,1.0,0.3333333333333333,1.0,109.0,1.821930726369222
1106,E0_DELETE,0.6666666666666666,0.5,0.5,1.0,1.0,1.0,0.20000000000000004,4.0,0.625,0.0,0.6614378277661477,0.6614378277661477,1.4142135623730951,1.0,0.0,0.6785714285714285,2.3684210526315788,1.0,1.0,1.0,1.0,1.0,1.0,1.0,0.5,1.0,109.0,1.7728064060211182
1106,E0_REVERSE,0.6,0.5,0.5,1.0,0.8333333333333334,1.0,0.1818181818181818,4.0,0.625,0.0,0.6959705453537527,0.6959705453537527,1.4142135623730951,1.0,0.0,0.6785714285714285,2.263157894736842,1.0,1.0,1.0,1.0,1.0,1.0,1.0,0.5,1.0,109.0,1.617254336675008
1106,E1_DELETE,0.6666666666666666,1.0,0.5,1.0,1.0,0.6666666666666666,0.20000000000000004,4.0,0.625,0.0,0.6614378277661477,0.6614378277661477,1.4142135623730951,1.0,0.0,0.6785714285714285,2.4210526315789473,1.0,1.0,1.0,1.0,1.0,1.0,1.0,1.0,1.0,109.0,1.774356524149577
1106,E1_REVERSE,0.6,0.8333333333333334,0.5,1.0,0.75,1.0,0.24242424242424243,3.3333333333333335,0.7083333333333334,0.05263157894736842,0.6790167628932702,0.6959705453537527,1.4665596341743896,1.3333333333333333,0.0,0.7380952380952381,2.3647490820073442,1.0,1.0,1.0,1.0,1.0,1.0,1.0,0.8333333333333334,1.0,109.0,1.8251289526621501
1106,E2_DELETE,0.6666666666666666,0.5,0.5,1.0,1.0,0.5,0.20000000000000004,5.0,0.5,0.0,0.43301270189221935,0.6614378277661477,1.2720196495140697,1.0,0.0,0.6071428571428571,2.2941176470588234,1.0,1.0,1.0,1.0,1.0,1.0,1.0,0.5,1.0,109.0,1.4010488192240398
1106,E2_REVERSE,0.6,0.5,0.5,1.0,0.75,1.0,0.1818181818181818,5.0,0.5,0.0,0.6959705453537527,0.8569568250501304,1.2720196495140697,1.0,0.0,0.6071428571428571,2.176470588235294,1.0,1.0,1.0,1.0,1.0,1.0,1.0,0.5,1.0,109.0,1.5970896085103352
1106,E3_DELETE,0.6666666666666666,0.5,0.0,1.0,1.0,0.6666666666666666,0.20000000000000004,3.0,0.75,0.0,0.6614378277661477,0.43301270189221935,1.2106077944060876,1.0,0.0,0.7678571428571429,2.7674418604651163,1.0,1.0,1.0,1.0,1.0,1.0,1.0,0.5,1.0,109.0,1.8490243752797444
1106,E3_REVERSE,0.6,0.6666666666666666,0.0,1.0,0.9166666666666666,0.7777777777777777,0.1818181818181818,4.333333333333333,0.5833333333333334,0.0,0.8569568250501304,0.5547387939685356,1.1404051962707251,1.0,0.0,0.6845238095238096,2.492114407912323,1.0,1.0,1.0,1.0,1.0,1.0,1.0,0.6666666666666666,1.0,109.0,1.6223215262095134
1106,E4_DELETE,0.6666666666666666,0.5,0.0,1.0,1.0,1.0,0.20000000000000004,3.0,0.75,0.0,0.6614378277661477,0.6614378277661477,1.210607794406086,1.0,0.0,0.7678571428571429,2.7674418604651163,1.0,1.0,1.0,1.0,1.0,1.0,1.0,0.5,1.0,109.0,1.8602567513783772
1106,E4_REVERSE,0.6,0.5,0.0,1.0,1.0,1.0,0.1818181818181818,3.0,0.75,0.0,0.6959705453537527,0.8569568250501304,1.210607794406086,1.0,0.0,0.7678571428571429,2.7209302325581395,1.0,1.0,1.0,1.0,1.0,1.0,1.0,0.5,1.0,109.0,1.5975645383199055
1106,E5_DELETE,0.6666666666666666,0.5,0.0,1.0,1.0,1.0,0.20000000000000004,1.0,1.0,0.0,0.43301270189221935,0.43301270189221935,1.356203065626297,1.0,0.0,1.0,3.142857142857143,1.0,1.0,1.0,1.0,1.0,1.0,1.0,0.5,1.0,109.0,1.5773762067159016
1106,E5_REVERSE,0.6,0.5,0.16666666666666666,1.0,1.0,1.0,0.1818181818181818,1.6666666666666667,0.9166666666666666,0.0,0.5547387939685356,0.8343217976239847,1.48287745910184,1.0,0.0,0.9226190476190476,2.9080841638981174,1.0,1.0,1.0,1.0,1.0,1.0,1.0,0.6666666666666666,1.0,109.0,1.9449888865152996
1106,E6_DELETE,0.6666666666666666,1.0,0.5,1.0,1.0,1.0,0.20000000000000004,4.0,0.625,0.0,0.6614378277661477,0.6614378277661477,1.4142135623730951,1.0,0.0,0.6785714285714285,2.4210526315789473,1.0,1.0,1.0,1.0,1.0,1.0,1.0,1.0,1.0,109.0,1.8958082993825276
1106,E6_REVERSE,0.6,0.6666666666666666,0.5,1.0,1.0,1.0,0.24242424242424243,3.6666666666666665,0.6666666666666666,0.0,0.8569568250501304,0.4841229182759272,1.4821537044986954,1.3333333333333333,0.0,0.7083333333333334,2.3733170134638923,1.0,1.0,1.0,1.0,1.0,1.0,1.0,0.38888888888888884,1.0,109.0,1.7452833652496338
1106,E7_DELETE,0.7777777777777778,0.0,0.5,0.0,1.0,0.6666666666666666,0.0,6.0,0.375,0.3,0.82915619758885,0.82915619758885,1.0000000000000009,0.0,1.0,0.42857142857142855,1.75,1.0,1.0,1.0,1.0,1.0,1.0,1.0,1.0,1.0,109.0,2.172046184539795
1106,E7_REVERSE,0.8000000000000002,0.3333333333333333,0.3333333333333333,0.0,1.0,0.6666666666666666,0.1818181818181818,4.0,0.625,0.15789473684210525,0.9416459840882365,0.8032947318180046,1.4429064887696927,1.0,1.0,0.6547619047619048,2.2764857881136953,1.0,1.0,1.0,1.0,0.8333333333333334,1.0,1.0,1.0,1.0,109.0,1.5622207323710124
1106,E8_DELETE,0.7777777777777778,0.5,0.5,1.0,1.0,1.0,0.20000000000000004,1.0,1.0,0.0,0.43301270189221935,0.43301270189221935,1.3883666574370508,1.0,0.0,1.0,3.035714285714286,1.0,1.0,1.0,1.0,1.0,1.0,1.0,0.5,1.0,109.0,1.8314290046691895
1106,E8_REVERSE,0.8000000000000002,0.5,0.5,1.0,1.0,1.0,0.1818181818181818,1.0,1.0,0.0,0.4841229182759272,0.4841229182759272,1.437356911840786,1.0,0.0,1.0,2.892857142857143,1.0,1.0,1.0,1.0,1.0,1.0,1.0,0.5,1.0,109.0,1.510593334833781
1106,E9_DELETE,0.7777777777777778,0.5,0.5,1.0,1.0,1.0,0.0,1.0,1.0,0.0,0.43301270189221935,0.43301270189221935,1.2106077944060862,0.0,0.0,1.0,3.0714285714285716,1.0,1.0,1.0,1.0,1.0,1.0,1.0,0.5,1.0,109.0,1.7063705921173096
1106,E9_REVERSE,0.8000000000000002,0.0,0.5,0.0,1.0,1.0,0.0,2.0,0.875,0.2727272727272727,0.8569568250501304,0.6959705453537527,1.3040771554025246,0.0,1.0,0.875,2.8163265306122454,1.0,1.0,1.0,1.0,1.0,0.8000000000000002,1.0,0.5,1.0,109.0,1.3885282675425212
1106,F_SURFACE_FORMAT_CONTROL,0.6999999999999998,0.6666666666666666,1.0,1.0,1.0,1.0,0.1818181818181818,3.3333333333333335,0.7083333333333334,0.0,0.7496326385858786,0.8032947318180046,1.5072538368110564,1.0,0.0,0.7380952380952381,2.302733578131375,1.0,1.0,1.0,1.0,1.0,1.0,1.0,1.0,1.0,109.0,1.5410579840342205
1106,G_RANDOM_CONTROL,0.6999999999999998,0.5,0.0,0.0,0.5833333333333334,1.0,0.24242424242424243,5.0,0.4166666666666667,0.35174825174825175,1.2183492931011204,0.8032947318180046,1.178052581638089,1.3333333333333333,0.6666666666666666,0.5416666666666666,1.9495099495099495,1.0,1.0,1.0,1.0,1.0,1.0,1.0,0.38888888888888884,1.0,109.0,2.1170286337534585
1106,I_ISOMORPHIC_RELABEL,0.6999999999999998,0.5,0.5,1.0,1.0,1.0,0.1818181818181818,1.0,1.0,0.0,0.4841229182759272,0.4841229182759272,1.4851159653039219,1.0,0.0,1.0,2.857142857142857,1.0,1.0,1.0,1.0,1.0,1.0,1.0,0.5,1.0,109.0,1.7256474494934082
1106,L_FORWARD_CONTROL,1.0,0.5,0.5,0.0,1.0,1.0,0.0,4.333333333333333,0.5833333333333334,0.2727272727272727,0.6253546696611442,0.6959705453537527,1.108239319081582,0.0,0.0,0.6607142857142857,2.10077519379845,1.0,1.0,1.0,1.0,1.0,1.0,1.0,0.8333333333333334,1.0,109.0,1.686570167541504
1106,M0_SWITCH_NEUTRALIZED,0.6999999999999998,0.3333333333333333,0.3333333333333333,1.0,1.0,1.0,0.12121212121212122,1.3333333333333333,0.9166666666666666,0.047619047619047616,0.5547387939685356,0.4841229182759272,1.3152038327648945,0.6666666666666666,0.0,0.9285714285714285,2.9453463203463204,1.0,1.0,1.0,0.0,0.0,1.0,1.0,0.5,1.0,109.0,1.6746137142181396
1106,M_SWITCH_REASSIGNED,0.6999999999999998,0.16666666666666666,0.16666666666666666,0.0,1.0,1.0,0.06060606060606061,3.0,0.75,0.21428571428571427,0.9921567416492215,0.5547387939685356,1.4242677352216149,0.3333333333333333,1.0,0.75,2.373015873015873,1.0,1.0,1.0,1.0,0.6666666666666666,1.0,1.0,0.38888888888888884,1.0,109.0,1.9311520258585613
1106,O_ORDER_SHUFFLED,0.6333333333333333,0.5,0.5,0.6666666666666666,0.75,1.0,0.24242424242424243,1.6666666666666667,0.875,0.0,0.4841229182759272,0.5547387939685356,1.4614818309936464,1.3333333333333333,0.0,0.8988095238095237,2.6996336996336994,0.6666666666666666,1.0,1.0,1.0,1.0,1.0,1.0,0.6666666666666666,0.8095238095238094,109.0,1.7201857566833496
1106,P_ANCHOR_REASSIGNED,0.6999999999999998,0.6666666666666666,0.6666666666666666,1.0,1.0,1.0,0.1818181818181818,2.0,0.875,0.0,0.5547387939685356,0.5547387939685356,1.4614818309936464,1.0,0.0,0.8928571428571429,2.6416040100250626,1.0,1.0,1.0,1.0,1.0,1.0,1.0,0.6666666666666666,1.0,109.0,2.5240724086761475
1106,R_DEGREE_MATCHED_REWIRE,0.6999999999999998,0.6666666666666666,0.6666666666666666,1.0,1.0,0.8888888888888888,0.0,1.6666666666666667,0.9166666666666666,0.3418181818181818,0.6084008872006615,0.5547387939685356,1.5025367722551894,0.0,2.0,0.9226190476190476,2.6710963455149503,1.0,1.0,1.0,1.0,1.0,1.0,1.0,0.6666666666666666,1.0,109.0,1.7240009307861328
1106,T_TERMINAL_CHANGED,0.6999999999999998,0.5,0.6666666666666666,1.0,1.0,1.0,0.1818181818181818,1.6666666666666667,0.9166666666666666,0.0,0.5547387939685356,0.6084008872006615,1.5080019682126269,1.0,0.0,0.9226190476190476,2.6877076411960132,1.0,1.0,1.0,1.0,1.0,1.0,1.0,0.5,0.0,109.0,2.398158152898153
1106,X_COMPLEXITY_MATCHED,0.6,0.8333333333333334,0.8333333333333334,1.0,0.5833333333333334,1.0,0.1818181818181818,6.333333333333333,0.3333333333333333,0.19047619047619047,1.3452354034990937,0.6253546696611442,1.0906732165046897,1.0,0.0,0.44642857142857145,1.675464320625611,1.0,1.0,1.0,1.0,1.0,1.0,1.0,0.8333333333333334,1.0,109.0,1.5933936436971028
1106,Y_TOPOLOGY_MATCHED,0.10000000000000002,0.8333333333333334,0.6666666666666666,1.0,0.25,0.6666666666666666,0.0,2.3333333333333335,0.8333333333333334,0.2193675889328063,0.5547387939685356,0.8032947318180046,1.2900599996984183,0.0,1.0,0.8392857142857143,2.497231450719823,1.0,1.0,1.0,1.0,1.0,1.0,1.0,0.4444444444444444,1.0,109.0,1.7773274580637615
1107,A_AUTHENTIC,0.6999999999999998,0.5,0.6666666666666666,1.0,1.0,1.0,0.1818181818181818,1.6666666666666667,0.9166666666666666,0.0,0.5547387939685356,0.6084008872006615,1.5080019682126269,1.0,0.0,0.9226190476190476,2.6877076411960132,1.0,1.0,1.0,1.0,1.0,1.0,1.0,0.6666666666666666,1.0,109.0,1.8819875717163086
1107,D_ALL_DIRECTION_REVERSED,0.3,0.5,1.0,0.0,0.0,1.0,0.1818181818181818,3.0,0.75,0.0,0.8569568250501304,0.6959705453537527,1.5537739740300378,1.0,0.0,0.7678571428571429,2.3488372093023258,1.0,1.0,1.0,1.0,1.0,1.0,1.0,0.5,1.0,109.0,1.670987606048584
1107,E0_DELETE,0.6666666666666666,0.5,0.6666666666666666,1.0,1.0,1.0,0.20000000000000004,3.6666666666666665,0.6666666666666666,0.0,0.6614378277661477,0.76370716402805,1.4607336995920759,1.0,0.0,0.6666666666666666,2.2919103313840155,1.0,1.0,1.0,1.0,1.0,1.0,1.0,0.6666666666666666,1.0,109.0,1.7372798919677734
1107,E0_REVERSE,0.6,0.5,0.5,1.0,0.75,0.25,0.1818181818181818,4.0,0.625,0.0,0.6959705453537527,0.6959705453537527,1.4142135623730951,1.0,0.0,0.6785714285714285,2.263157894736842,1.0,1.0,1.0,1.0,1.0,1.0,1.0,0.5,1.0,109.0,1.6266196568806965
1107,E1_DELETE,0.6666666666666666,0.5,0.5,1.0,1.0,0.5277777777777778,0.20000000000000004,4.0,0.625,0.0,0.43301270189221935,0.6614378277661477,1.4142135623730943,1.0,0.0,0.6785714285714285,2.4210526315789473,1.0,1.0,1.0,1.0,1.0,1.0,1.0,0.5,1.0,109.0,1.934356689453125
1107,E1_REVERSE,0.6,0.5,1.0,1.0,0.75,1.0,0.1818181818181818,4.0,0.625,0.0,0.8569568250501304,0.9921567416492215,1.414213562373095,1.0,0.0,0.5535714285714286,1.967741935483871,1.0,1.0,1.0,1.0,1.0,1.0,1.0,1.0,1.0,109.0,1.7088696956634521
1107,E2_DELETE,0.6666666666666666,0.5,1.0,1.0,1.0,0.5,0.20000000000000004,5.0,0.5,0.0,0.6614378277661477,0.9682458365518544,1.2720196495140688,1.0,0.0,0.48214285714285715,1.8518518518518519,1.0,1.0,1.0,1.0,1.0,1.0,1.0,1.0,1.0,109.0,2.2632662455240884
1107,E2_REVERSE,0.6,0.5,0.5,1.0,0.75,1.0,0.1818181818181818,5.0,0.5,0.0,0.6959705453537527,0.8569568250501304,1.2720196495140697,1.0,0.0,0.6071428571428571,2.176470588235294,1.0,1.0,1.0,1.0,1.0,1.0,1.0,0.5,1.0,109.0,1.603521505991618
1107,E3_DELETE,0.6666666666666666,0.5,0.0,1.0,1.0,0.6666666666666666,0.20000000000000004,3.0,0.75,0.0,0.6614378277661477,0.43301270189221935,1.2106077944060876,1.0,0.0,0.7678571428571429,2.7674418604651163,1.0,1.0,1.0,1.0,1.0,1.0,1.0,0.5,1.0,109.0,1.47914719581604
1107,E3_REVERSE,0.6,0.5,0.0,1.0,0.75,1.0,0.1818181818181818,3.0,0.75,0.0,0.8569568250501304,0.4841229182759272,1.2106077944060876,1.0,0.0,0.7678571428571429,2.7209302325581395,1.0,1.0,1.0,1.0,1.0,1.0,1.0,0.5,1.0,109.0,1.479506254196167
1107,E4_DELETE,0.6666666666666666,0.5,0.5,1.0,1.0,1.0,0.20000000000000004,5.0,0.5,0.0,0.82915619758885,0.9682458365518544,1.2720196495140697,1.0,0.0,0.5714285714285714,2.1875,1.0,1.0,1.0,1.0,1.0,1.0,1.0,1.0,1.0,109.0,1.746707836786906
1107,E4_REVERSE,0.6,0.5,0.16666666666666666,1.0,1.0,1.0,0.1818181818181818,3.6666666666666665,0.6666666666666666,0.0,0.7496326385858786,0.9416459840882365,1.231078412775414,1.0,0.0,0.7023809523809524,2.522286821705426,1.0,1.0,1.0,1.0,1.0,1.0,1.0,0.6666666666666666,1.0,109.0,1.569592793782552
1107,E5_DELETE,0.6666666666666666,0.5,0.0,1.0,1.0,1.0,0.20000000000000004,1.0,1.0,0.0,0.43301270189221935,0.43301270189221935,1.356203065626297,1.0,0.0,1.0,3.142857142857143,1.0,1.0,1.0,1.0,1.0,1.0,1.0,0.5,1.0,109.0,1.5879875818888347
1107,E5_REVERSE,0.6,0.5,0.16666666666666666,1.0,1.0,1.0,0.1818181818181818,1.6666666666666667,0.9166666666666666,0.0,0.5547387939685356,0.8343217976239847,1.48287745910184,1.0,0.0,0.9226190476190476,2.9080841638981174,1.0,1.0,1.0,1.0,1.0,1.0,1.0,0.6666666666666666,1.0,109.0,1.8236982822418213
1107,E6_DELETE,0.6666666666666666,1.0,0.5,1.0,1.0,1.0,0.20000000000000004,4.0,0.625,0.0,0.6614378277661477,0.6614378277661477,1.4142135623730951,1.0,0.0,0.6785714285714285,2.4210526315789473,1.0,1.0,1.0,1.0,1.0,1.0,1.0,1.0,1.0,109.0,1.9278485774993896
1107,E6_REVERSE,0.6,0.6666666666666666,0.5,1.0,1.0,1.0,0.24242424242424243,3.6666666666666665,0.6666666666666666,0.0,0.8569568250501304,0.4841229182759272,1.4821537044986954,1.3333333333333333,0.0,0.7083333333333334,2.3733170134638923,1.0,1.0,1.0,1.0,1.0,1.0,1.0,0.38888888888888884,1.0,109.0,1.5325032869974773
1107,E7_DELETE,0.7777777777777778,0.0,0.0,0.0,1.0,1.0,0.0,4.0,0.625,0.0,0.6614378277661477,0.43301270189221935,1.1892071150027221,0.0,0.0,0.6785714285714285,2.5,1.0,1.0,1.0,1.0,1.0,1.0,1.0,0.3333333333333333,1.0,109.0,1.8250879446665447
1107,E7_REVERSE,0.8000000000000002,0.5,0.5,0.0,1.0,1.0,0.0,3.0,0.75,0.23076923076923075,0.8569568250501304,0.8569568250501304,1.3471304531008688,0.0,0.0,0.7678571428571429,2.511627906976744,1.0,1.0,1.0,1.0,1.0,1.0,1.0,1.0,1.0,109.0,1.8688383897145588
1107,E8_DELETE,0.7777777777777778,0.5,0.5,1.0,1.0,1.0,0.20000000000000004,1.0,1.0,0.0,0.43301270189221935,0.43301270189221935,1.3883666574370508,1.0,0.0,1.0,3.035714285714286,1.0,1.0,1.0,1.0,1.0,1.0,1.0,0.5,1.0,109.0,1.565068244934082
1107,E8_REVERSE,0.8000000000000002,0.5,0.5,1.0,1.0,1.0,0.1818181818181818,1.0,1.0,0.0,0.4841229182759272,0.4841229182759272,1.437356911840786,1.0,0.0,1.0,2.892857142857143,1.0,1.0,1.0,1.0,1.0,1.0,1.0,0.5,1.0,109.0,1.6795728206634521
1107,E9_DELETE,0.7777777777777778,0.5,0.5,1.0,1.0,1.0,0.0,1.0,1.0,0.0,0.43301270189221935,0.43301270189221935,1.2106077944060862,0.0,0.0,1.0,3.0714285714285716,1.0,1.0,1.0,1.0,1.0,1.0,1.0,0.5,1.0,109.0,1.8141531149546306
1107,E9_REVERSE,0.8000000000000002,0.0,0.6666666666666666,0.0,1.0,0.6666666666666666,0.06060606060606061,4.0,0.625,0.2431077694235589,0.9416459840882365,0.6084008872006615,1.2242293168851353,0.3333333333333333,1.0,0.6845238095238096,2.379577653033948,1.0,1.0,1.0,1.0,0.8333333333333334,1.0,1.0,0.6666666666666666,1.0,109.0,1.535674810409546
1107,F_SURFACE_FORMAT_CONTROL,0.6999999999999998,0.5,0.8333333333333334,1.0,1.0,1.0,0.1818181818181818,2.3333333333333335,0.8333333333333334,0.0,0.6253546696611442,0.732678856125396,1.530887971121332,1.0,0.0,0.8452380952380952,2.5182724252491693,1.0,1.0,1.0,1.0,1.0,1.0,1.0,0.8333333333333334,1.0,109.0,1.8394534587860107
1107,G_RANDOM_CONTROL,0.4000000000000001,0.3333333333333333,0.0,1.0,0.3333333333333333,0.6666666666666666,0.48484848484848486,5.333333333333333,0.4583333333333333,0.2333333333333333,0.4841229182759272,1.4947825928876748,1.5500938466242946,2.6666666666666665,0.0,0.4702380952380952,1.865424430641822,1.0,1.0,1.0,1.0,1.0,1.0,1.0,0.20000000000000004,1.0,109.0,2.109158436457316
1107,I_ISOMORPHIC_RELABEL,0.6999999999999998,0.5,1.0,1.0,1.0,1.0,0.1818181818181818,3.0,0.75,0.0,0.6959705453537527,0.8569568250501304,1.5537739740300374,1.0,0.0,0.7678571428571429,2.3488372093023258,1.0,1.0,1.0,1.0,1.0,1.0,1.0,1.0,1.0,109.0,1.5502304236094158
1107,L_FORWARD_CONTROL,1.0,0.5,0.5,0.0,1.0,0.5555555555555555,0.12121212121212122,4.0,0.625,0.16310160427807488,0.8569568250501304,0.4841229182759272,1.2895857520909617,0.6666666666666666,0.0,0.6964285714285715,2.262104841936775,1.0,1.0,1.0,1.0,0.8333333333333334,1.0,1.0,0.5,1.0,109.0,2.423086404800415
1107,M0_SWITCH_NEUTRALIZED,0.6999999999999998,0.5,0.5,1.0,1.0,1.0,0.12121212121212122,2.0,0.875,0.047619047619047616,0.6253546696611442,0.5547387939685356,1.3365519325164203,0.6666666666666666,0.0,0.8928571428571429,2.8674812030075185,1.0,1.0,1.0,0.0,0.0,1.0,1.0,0.6666666666666666,1.0,109.0,1.8443272113800049
1107,M_SWITCH_REASSIGNED,0.6999999999999998,0.3333333333333333,0.3333333333333333,0.0,1.0,0.6666666666666666,0.12121212121212122,4.0,0.4583333333333333,0.20855614973262035,0.7496326385858786,0.4841229182759272,1.1813464330093808,0.6666666666666666,1.0,0.5773809523809524,2.080808080808081,1.0,1.0,1.0,1.0,0.8333333333333334,1.0,1.0,0.4444444444444444,1.0,109.0,1.7946829795837402
1107,O_ORDER_SHUFFLED,0.6,1.0,0.5,0.0,0.5,0.8888888888888888,0.1818181818181818,3.0,0.75,0.0,0.6959705453537527,0.4841229182759272,1.5537739740300385,1.0,0.0,0.7678571428571429,2.441860465116279,1.0,1.0,1.0,1.0,1.0,1.0,1.0,0.5,0.42857142857142855,109.0,1.4811666011810303
1107,P_ANCHOR_REASSIGNED,0.6999999999999998,0.5,0.5,1.0,1.0,0.75,0.1818181818181818,1.0,1.0,0.0,0.4841229182759272,0.4841229182759272,1.4851159653039219,1.0,0.0,1.0,2.857142857142857,1.0,1.0,1.0,1.0,1.0,1.0,1.0,0.5,1.0,109.0,1.764654239018758
1107,R_DEGREE_MATCHED_REWIRE,0.5,0.8333333333333334,1.0,1.0,0.9166666666666666,0.5079365079365079,0.1818181818181818,5.666666666666667,0.4166666666666667,0.49122807017543857,0.6959705453537527,0.8569568250501304,1.4224899677464622,1.0,1.3333333333333333,0.5714285714285715,2.2896900695762175,1.0,1.0,1.0,1.0,1.0,1.0,1.0,1.0,1.0,109.0,1.8288153807322185
1107,T_TERMINAL_CHANGED,0.6999999999999998,0.5,0.5,1.0,1.0,1.0,0.1818181818181818,1.0,1.0,0.0,0.4841229182759272,0.4841229182759272,1.4851159653039219,1.0,0.0,1.0,2.857142857142857,1.0,1.0,1.0,1.0,1.0,1.0,1.0,0.5,0.0,109.0,1.4585974216461182
1107,X_COMPLEXITY_MATCHED,0.6999999999999998,1.0,0.0,1.0,0.75,0.6666666666666666,0.0,2.0,0.625,0.14285714285714285,0.6959705453537527,0.4841229182759272,1.1892071150027215,0.0,1.0,0.7321428571428571,2.4634146341463414,1.0,1.0,1.0,1.0,1.0,1.0,1.0,0.5,1.0,109.0,1.4550944964090984
1107,Y_TOPOLOGY_MATCHED,0.4000000000000001,0.8333333333333334,1.0,1.0,0.3333333333333333,1.0,0.0,3.6666666666666665,0.6666666666666666,0.2724358974358974,0.8934280095507319,0.7496326385858786,1.324717957244746,0.0,1.0,0.6964285714285715,2.1573433899015293,1.0,1.0,1.0,1.0,1.0,1.0,1.0,0.3055555555555555,1.0,109.0,1.8687987327575684
1108,A_AUTHENTIC,0.6999999999999998,0.5,0.5,1.0,1.0,1.0,0.1818181818181818,1.0,1.0,0.0,0.4841229182759272,0.4841229182759272,1.4851159653039219,1.0,0.0,1.0,2.857142857142857,1.0,1.0,1.0,1.0,1.0,1.0,1.0,0.5,1.0,109.0,2.4012423356374106
1108,D_ALL_DIRECTION_REVERSED,0.3,0.5,1.0,0.0,0.0,1.0,0.1818181818181818,3.0,0.75,0.0,0.8569568250501304,0.6959705453537527,1.5537739740300378,1.0,0.0,0.7678571428571429,2.3488372093023258,1.0,1.0,1.0,1.0,1.0,1.0,1.0,0.5,1.0,109.0,1.5994069576263428
1108,E0_DELETE,0.6666666666666666,0.8333333333333334,1.0,1.0,1.0,1.0,0.20000000000000004,3.6666666666666665,0.6666666666666666,0.11764705882352942,0.8659765002899521,0.8755194105765179,1.4607336995920759,1.0,0.0,0.5833333333333334,2.0678016726403823,1.0,1.0,1.0,1.0,1.0,1.0,1.0,1.0,1.0,109.0,1.7042205333709717
1108,E0_REVERSE,0.6,1.0,1.0,1.0,0.75,0.25,0.1818181818181818,4.0,0.625,0.15789473684210525,0.8032947318180046,0.9921567416492215,1.4142135623730951,1.0,0.0,0.5714285714285714,2.0,1.0,1.0,1.0,1.0,1.0,1.0,1.0,1.0,1.0,109.0,1.4504345258076985
1108,E1_DELETE,0.6666666666666666,0.8333333333333334,0.6666666666666666,1.0,1.0,0.6666666666666666,0.20000000000000004,4.0,0.625,0.0,0.6614378277661477,0.76370716402805,1.4142135623730951,1.0,0.0,0.636904761904762,2.291454442558008,1.0,1.0,1.0,1.0,1.0,1.0,1.0,1.0,1.0,109.0,1.7918126583099365
1108,E1_REVERSE,0.6,0.5,0.5,1.0,0.8333333333333334,0.75,0.1818181818181818,4.0,0.625,0.0,0.4841229182759272,0.6959705453537527,1.4142135623730943,1.0,0.0,0.6785714285714285,2.210526315789474,1.0,1.0,1.0,1.0,1.0,1.0,1.0,0.5,1.0,109.0,1.5393210252126057
1108,E2_DELETE,0.6666666666666666,0.6666666666666666,0.8333333333333334,1.0,1.0,0.5,0.20000000000000004,5.0,0.5,0.07692307692307693,0.5852961191415048,0.8659765002899521,1.2720196495140692,1.0,0.0,0.5,2.0051782387673267,1.0,1.0,1.0,1.0,1.0,1.0,1.0,0.8333333333333334,1.0,109.0,1.7679126262664795
1108,E2_REVERSE,0.6,0.8333333333333334,0.6666666666666666,1.0,0.75,1.0,0.1818181818181818,5.0,0.5,0.10526315789473684,0.8569568250501304,1.031779261820964,1.2720196495140688,1.0,0.0,0.5535714285714286,1.9461279461279462,1.0,1.0,1.0,1.0,1.0,1.0,1.0,1.0,1.0,109.0,1.5857654412587483
1108,E3_DELETE,0.6666666666666666,0.6666666666666666,0.3333333333333333,1.0,1.0,0.6666666666666666,0.20000000000000004,5.0,0.5,0.06666666666666667,0.819613287302284,0.641202242415739,1.1608758146400524,1.0,0.0,0.5952380952380952,2.2678972868217055,1.0,1.0,1.0,1.0,1.0,1.0,1.0,0.8333333333333334,1.0,109.0,1.69338059425354
1108,E3_REVERSE,0.6,0.5,0.16666666666666666,1.0,0.75,1.0,0.1818181818181818,3.6666666666666665,0.6666666666666666,0.0,0.9020234639164942,0.6084008872006615,1.2310784127754149,1.0,0.0,0.7023809523809524,2.5118701550387597,1.0,1.0,1.0,1.0,1.0,1.0,1.0,0.6666666666666666,1.0,109.0,2.047903219858805
1108,E4_DELETE,0.6666666666666666,0.6666666666666666,0.3333333333333333,1.0,1.0,1.0,0.20000000000000004,5.0,0.5,0.0625,0.819613287302284,0.819613287302284,1.160875814640052,1.0,0.0,0.6011904761904762,2.279852415026834,1.0,1.0,1.0,1.0,1.0,1.0,1.0,0.8333333333333334,1.0,109.0,1.4484422206878662
1108,E4_REVERSE,0.6,0.5,0.16666666666666666,1.0,1.0,1.0,0.1818181818181818,3.6666666666666665,0.6666666666666666,0.0,0.7496326385858786,0.9416459840882365,1.231078412775414,1.0,0.0,0.7023809523809524,2.522286821705426,1.0,1.0,1.0,1.0,1.0,1.0,1.0,0.6666666666666666,1.0,109.0,2.2280479272206626
1108,E5_DELETE,0.6666666666666666,0.5,0.0,1.0,1.0,1.0,0.20000000000000004,1.0,1.0,0.0,0.43301270189221935,0.43301270189221935,1.356203065626297,1.0,0.0,1.0,3.142857142857143,1.0,1.0,1.0,1.0,1.0,1.0,1.0,0.5,1.0,109.0,1.3986232280731201
1108,E5_REVERSE,0.6,0.5,0.0,1.0,1.0,1.0,0.1818181818181818,1.0,1.0,0.0,0.4841229182759272,0.6959705453537527,1.46557123187677,1.0,0.0,1.0,3.0714285714285716,1.0,1.0,1.0,1.0,1.0,1.0,1.0,0.5,1.0,109.0,1.6461172898610432
1108,E6_DELETE,0.6666666666666666,0.8333333333333334,0.5,1.0,1.0,1.0,0.20000000000000004,4.0,0.625,0.0,0.6614378277661477,0.5852961191415048,1.4142135623730956,1.0,0.0,0.6785714285714285,2.4736842105263155,1.0,1.0,1.0,1.0,1.0,1.0,1.0,0.8333333333333334,1.0,109.0,1.4314716657002766
1108,E6_REVERSE,0.6,0.6666666666666666,0.5,1.0,1.0,1.0,0.24242424242424243,3.6666666666666665,0.6666666666666666,0.0,0.8569568250501304,0.4841229182759272,1.4821537044986954,1.3333333333333333,0.0,0.7083333333333334,2.3733170134638923,1.0,1.0,1.0,1.0,1.0,1.0,1.0,0.38888888888888884,1.0,109.0,1.6358508268992107
1108,E7_DELETE,0.7777777777777778,0.5,0.5,0.0,1.0,0.5,0.13333333333333333,3.3333333333333335,0.7083333333333334,0.05263157894736842,0.6614378277661477,0.7173439510403817,1.284009821919681,0.6666666666666666,0.0,0.7321428571428572,2.58474753823591,1.0,1.0,1.0,1.0,1.0,0.8000000000000002,1.0,1.0,1.0,109.0,1.4454233646392822
1108,E7_REVERSE,0.8000000000000002,0.5,0.6666666666666666,1.0,1.0,1.0,0.06060606060606061,2.3333333333333335,0.8333333333333334,0.40372670807453415,0.8343217976239847,0.5547387939685356,1.4756309426169405,0.3333333333333333,1.3333333333333333,0.8690476190476191,2.6582633053221287,1.0,1.0,1.0,1.0,1.0,0.8000000000000002,1.0,0.6666666666666666,1.0,109.0,1.7057634194691975
1108,E8_DELETE,0.7777777777777778,0.5,0.5,1.0,1.0,1.0,0.20000000000000004,1.0,1.0,0.0,0.43301270189221935,0.43301270189221935,1.3883666574370508,1.0,0.0,1.0,3.035714285714286,1.0,1.0,1.0,1.0,1.0,1.0,1.0,0.5,1.0,109.0,1.63663649559021
1108,E8_REVERSE,0.8000000000000002,0.5,0.5,1.0,1.0,1.0,0.1818181818181818,1.0,1.0,0.0,0.4841229182759272,0.4841229182759272,1.437356911840786,1.0,0.0,1.0,2.892857142857143,1.0,1.0,1.0,1.0,1.0,1.0,1.0,0.5,1.0,109.0,1.314410130182902
1108,E9_DELETE,0.7777777777777778,0.5,0.5,1.0,1.0,1.0,0.0,1.0,1.0,0.0,0.43301270189221935,0.43301270189221935,1.2106077944060862,0.0,0.0,1.0,3.0714285714285716,1.0,1.0,1.0,1.0,1.0,1.0,1.0,0.5,1.0,109.0,1.5149407386779785
1108,E9_REVERSE,0.7333333333333334,1.0,1.0,0.0,0.8333333333333334,0.8888888888888888,0.06060606060606061,4.0,0.625,0.40518518518518515,0.8569568250501304,0.9020234639164942,1.405111889502835,0.3333333333333333,1.3333333333333333,0.636904761904762,2.1363893604980193,0.9523809523809524,1.0,1.0,0.3333333333333333,0.5,0.9333333333333332,1.0,1.0,1.0,109.0,1.8521349430084229
1108,F_SURFACE_FORMAT_CONTROL,0.6999999999999998,0.5,1.0,1.0,1.0,1.0,0.1818181818181818,3.0,0.75,0.0,0.6959705453537527,0.8569568250501304,1.5537739740300374,1.0,0.0,0.7678571428571429,2.3488372093023258,1.0,1.0,1.0,1.0,1.0,1.0,1.0,1.0,1.0,109.0,1.7425638834635417
1108,G_RANDOM_CONTROL,0.6,0.5,0.0,0.0,0.6666666666666666,0.6190476190476191,0.1818181818181818,5.0,0.375,0.16666666666666666,0.8569568250501304,0.4841229182759272,1.0000000000000009,1.0,1.0,0.5714285714285714,2.0625,1.0,1.0,1.0,1.0,1.0,1.0,1.0,0.5,1.0,109.0,1.7550539175669353
1108,I_ISOMORPHIC_RELABEL,0.6999999999999998,0.5,0.6666666666666666,1.0,1.0,1.0,0.1818181818181818,1.6666666666666667,0.9166666666666666,0.0,0.5547387939685356,0.6084008872006615,1.5080019682126269,1.0,0.0,0.9226190476190476,2.6877076411960132,1.0,1.0,1.0,1.0,1.0,1.0,1.0,0.6666666666666666,1.0,109.0,1.9305691719055176
1108,L_FORWARD_CONTROL,1.0,0.16666666666666666,0.16666666666666666,0.0,1.0,1.0,0.0,4.666666666666667,0.5416666666666666,0.4906832298136646,0.8032947318180046,0.6959705453537527,1.263557996311383,0.0,1.6666666666666667,0.5416666666666666,1.9467592592592593,1.0,1.0,1.0,1.0,0.8333333333333334,0.8333333333333334,1.0,1.0,1.0,109.0,1.7398406664530437
1108,M0_SWITCH_NEUTRALIZED,0.6999999999999998,0.16666666666666666,0.16666666666666666,1.0,1.0,1.0,0.0,1.0,1.0,0.14761904761904762,0.5547387939685356,0.4841229182759272,1.2953328187743731,0.0,0.0,1.0,3.125,1.0,1.0,1.0,0.0,0.0,1.0,1.0,0.38888888888888884,1.0,109.0,1.76304292678833
1108,M_SWITCH_REASSIGNED,0.6999999999999998,0.6666666666666666,0.8333333333333334,0.0,1.0,1.0,0.0,3.3333333333333335,0.7083333333333334,0.2215320910973085,0.8934280095507319,0.6790167628932702,1.2433136318293105,0.0,1.0,0.7321428571428571,2.4521051663908806,1.0,1.0,1.0,1.0,0.6666666666666666,0.8000000000000002,1.0,0.8333333333333334,1.0,109.0,1.6140937805175781
1108,O_ORDER_SHUFFLED,0.4333333333333333,0.5,0.5,1.0,0.5,1.0,0.1818181818181818,1.6666666666666667,0.9166666666666666,0.0,0.4841229182759272,0.732678856125396,1.5051607585733315,1.0,0.0,0.9166666666666666,2.6258503401360547,0.8095238095238094,1.0,1.0,1.0,1.0,1.0,1.0,0.8333333333333334,0.9047619047619048,109.0,1.855530579884847
1108,P_ANCHOR_REASSIGNED,0.6999999999999998,0.5,0.5,1.0,1.0,0.75,0.1818181818181818,1.0,1.0,0.0,0.4841229182759272,0.4841229182759272,1.4851159653039219,1.0,0.0,1.0,2.857142857142857,1.0,1.0,1.0,1.0,1.0,1.0,1.0,0.5,1.0,109.0,1.872019608815511
1108,R_DEGREE_MATCHED_REWIRE,0.5,0.6666666666666666,0.8333333333333334,1.0,0.75,0.38888888888888884,0.24242424242424243,3.0,0.75,0.2754901960784314,0.732678856125396,0.6790167628932702,1.6132320070149078,1.3333333333333333,1.3333333333333333,0.7857142857142857,2.5109649122807016,1.0,1.0,1.0,1.0,1.0,1.0,1.0,0.8333333333333334,1.0,109.0,1.877018690109253
1108,T_TERMINAL_CHANGED,0.6999999999999998,0.5,0.6666666666666666,1.0,1.0,1.0,0.1818181818181818,1.6666666666666667,0.9166666666666666,0.0,0.5547387939685356,0.6084008872006615,1.5080019682126269,1.0,0.0,0.9226190476190476,2.6877076411960132,1.0,1.0,1.0,1.0,1.0,1.0,1.0,0.5,0.0,109.0,1.662826140721639
1108,X_COMPLEXITY_MATCHED,0.3,0.8333333333333334,0.5,1.0,0.5,0.5,0.1818181818181818,3.6666666666666665,0.6666666666666666,0.41111111111111115,0.8032947318180046,0.6959705453537527,1.3864950399991836,1.0,1.6666666666666667,0.6964285714285715,2.3919966478106014,1.0,1.0,1.0,1.0,1.0,1.0,1.0,0.3333333333333333,1.0,109.0,1.7491511503855388
1108,Y_TOPOLOGY_MATCHED,0.5,1.0,0.5,1.0,0.5,1.0,0.0,2.0,0.875,0.14285714285714285,0.4841229182759272,0.6959705453537527,1.298029942372838,0.0,1.0,0.875,2.6530612244897958,1.0,1.0,1.0,1.0,1.0,1.0,1.0,1.0,1.0,109.0,2.46961243947347
1109,A_AUTHENTIC,0.6999999999999998,0.6666666666666666,0.8333333333333334,1.0,1.0,1.0,0.1818181818181818,2.6666666666666665,0.7916666666666666,0.05263157894736842,0.6253546696611442,0.6790167628932702,1.4843678339023514,1.0,0.0,0.8154761904761906,2.4546249344290962,1.0,1.0,1.0,1.0,1.0,1.0,1.0,0.8333333333333334,1.0,109.0,1.633637269337972
1109,D_ALL_DIRECTION_REVERSED,0.3,0.5,0.5,0.0,0.0,1.0,0.12121212121212122,3.0,0.75,0.15873015873015872,0.4841229182759272,0.8569568250501304,1.5089055929488335,0.6666666666666666,0.6666666666666666,0.7678571428571429,2.4806201550387597,1.0,1.0,1.0,1.0,0.8333333333333334,1.0,1.0,0.4444444444444444,1.0,109.0,1.6938514709472656
1109,E0_DELETE,0.6666666666666666,0.5,0.6666666666666666,1.0,1.0,0.8333333333333334,0.20000000000000004,3.6666666666666665,0.6666666666666666,0.0,0.6614378277661477,0.76370716402805,1.4607336995920759,1.0,0.0,0.6666666666666666,2.2919103313840155,1.0,1.0,1.0,1.0,1.0,1.0,1.0,0.6666666666666666,1.0,109.0,1.7868194580078125
1109,E0_REVERSE,0.6,0.5,0.8333333333333334,1.0,0.75,0.75,0.1818181818181818,3.3333333333333335,0.7083333333333334,0.0,0.5547387939685356,0.8934280095507319,1.5072538368110562,1.0,0.0,0.7261904761904763,2.246449456975773,1.0,1.0,1.0,1.0,1.0,1.0,1.0,0.8333333333333334,1.0,109.0,2.5062673886617026
1109,E1_DELETE,0.6666666666666666,0.8333333333333334,0.5,1.0,1.0,0.42857142857142855,0.20000000000000004,4.0,0.625,0.0,0.697108365689973,0.6614378277661477,1.414213562373095,1.0,0.0,0.6785714285714285,2.350877192982456,1.0,1.0,1.0,1.0,1.0,1.0,1.0,0.8333333333333334,1.0,109.0,1.7012797991434734
1109,E1_REVERSE,0.6,0.5,0.5,1.0,0.75,1.0,0.1818181818181818,4.0,0.625,0.0,0.4841229182759272,0.6959705453537527,1.4142135623730943,1.0,0.0,0.6785714285714285,2.210526315789474,1.0,1.0,1.0,1.0,1.0,1.0,1.0,0.5,1.0,109.0,1.5151268641153972
1109,E2_DELETE,0.6666666666666666,0.5,0.5,1.0,1.0,0.5,0.20000000000000004,5.0,0.5,0.0,0.43301270189221935,0.6614378277661477,1.2720196495140697,1.0,0.0,0.6071428571428571,2.2941176470588234,1.0,1.0,1.0,1.0,1.0,1.0,1.0,0.5,1.0,109.0,1.3634714285532634
1109,E2_REVERSE,0.6,0.5,0.8333333333333334,1.0,0.75,1.0,0.1818181818181818,5.0,0.5,0.09999999999999999,0.8879838908561105,1.0263351431263426,1.2720196495140692,1.0,0.0,0.5,1.8833001799753717,1.0,1.0,1.0,1.0,1.0,1.0,1.0,0.8333333333333334,1.0,109.0,1.3301585515340169
1109,E3_DELETE,0.6666666666666666,0.8333333333333334,0.5,1.0,1.0,0.6666666666666666,0.20000000000000004,6.333333333333333,0.3333333333333333,0.13333333333333333,0.9218826235641862,0.7173439510403817,1.0906732165046897,1.0,0.0,0.48809523809523814,1.9720833333333332,1.0,1.0,1.0,1.0,1.0,1.0,1.0,1.0,1.0,109.0,1.4953068097432454
1109,E3_REVERSE,0.6,0.5,0.16666666666666666,1.0,0.75,1.0,0.1818181818181818,3.6666666666666665,0.6666666666666666,0.0,0.9020234639164942,0.6084008872006615,1.2310784127754149,1.0,0.0,0.7023809523809524,2.5118701550387597,1.0,1.0,1.0,1.0,1.0,1.0,1.0,0.6666666666666666,1.0,109.0,1.4869780540466309
1109,E4_DELETE,0.6666666666666666,0.5,0.3333333333333333,1.0,1.0,1.0,0.20000000000000004,4.666666666666667,0.5416666666666666,0.11764705882352942,0.819613287302284,0.8659765002899521,1.2691151337216342,1.0,0.3333333333333333,0.6130952380952381,2.3659330011074196,1.0,1.0,1.0,1.0,1.0,1.0,1.0,0.8333333333333334,1.0,109.0,2.3211631774902344
1109,E4_REVERSE,0.6,0.6666666666666666,0.5,1.0,1.0,1.0,0.1818181818181818,6.333333333333333,0.3333333333333333,0.15789473684210525,0.9470901027828579,1.0714017819927062,1.0906732165046897,1.0,0.0,0.5,2.003205128205128,1.0,1.0,1.0,1.0,1.0,1.0,1.0,1.0,1.0,109.0,1.7722634474436443
1109,E5_DELETE,0.6666666666666666,0.5,0.3333333333333333,1.0,1.0,1.0,0.20000000000000004,2.3333333333333335,0.8333333333333334,0.0,0.5852961191415048,0.697108365689973,1.394876730124162,1.0,0.0,0.8452380952380952,2.7995570321151715,1.0,1.0,1.0,1.0,1.0,1.0,1.0,0.8333333333333334,1.0,109.0,1.4777297178904216
1109,E5_REVERSE,0.6,0.5,0.16666666666666666,1.0,1.0,1.0,0.1818181818181818,1.6666666666666667,0.9166666666666666,0.0,0.5547387939685356,0.8343217976239847,1.48287745910184,1.0,0.0,0.9226190476190476,2.9080841638981174,1.0,1.0,1.0,1.0,1.0,1.0,1.0,0.6666666666666666,1.0,109.0,1.4311298529307048
1109,E6_DELETE,0.6666666666666666,1.0,0.5,1.0,1.0,1.0,0.20000000000000004,4.0,0.625,0.0,0.6614378277661477,0.6614378277661477,1.4142135623730951,1.0,0.0,0.6785714285714285,2.4210526315789473,1.0,1.0,1.0,1.0,1.0,1.0,1.0,1.0,1.0,109.0,1.5636051495869954
1109,E6_REVERSE,0.6,0.6666666666666666,0.5,1.0,1.0,1.0,0.24242424242424243,3.6666666666666665,0.6666666666666666,0.0,0.8569568250501304,0.4841229182759272,1.4821537044986954,1.3333333333333333,0.0,0.7083333333333334,2.3733170134638923,1.0,1.0,1.0,1.0,1.0,1.0,1.0,0.38888888888888884,1.0,109.0,1.7102587223052979
1109,E7_DELETE,0.7777777777777778,0.5,0.5,0.0,1.0,0.4484126984126984,0.0,2.0,0.875,0.16666666666666666,0.43301270189221935,0.6614378277661477,1.298322970212128,0.0,1.0,0.875,2.9591836734693877,1.0,1.0,1.0,1.0,1.0,0.8000000000000002,1.0,0.5,1.0,109.0,1.7445625464121501
1109,E7_REVERSE,0.8000000000000002,0.16666666666666666,0.16666666666666666,0.0,1.0,0.8888888888888888,0.06060606060606061,5.666666666666667,0.4166666666666667,0.23444976076555024,0.8569568250501304,0.6534675260670252,1.1471627230705048,0.3333333333333333,0.6666666666666666,0.5595238095238094,2.046003016591252,1.0,1.0,1.0,1.0,0.8333333333333334,0.8666666666666667,1.0,0.6666666666666666,1.0,109.0,1.80372150739034
1109,E8_DELETE,0.7777777777777778,0.5,0.6666666666666666,1.0,1.0,1.0,0.20000000000000004,1.6666666666666667,0.9166666666666666,0.0,0.509154410516862,0.5650605337910962,1.4141015155836227,1.0,0.0,0.9226190476190476,2.837763012181617,1.0,1.0,1.0,1.0,1.0,1.0,1.0,0.6666666666666666,1.0,109.0,1.9373725255330403
1109,E8_REVERSE,0.8000000000000002,0.5,0.6666666666666666,1.0,1.0,1.0,0.1818181818181818,1.6666666666666667,0.9166666666666666,0.0,0.5547387939685356,0.6084008872006615,1.4761625992372032,1.0,0.0,0.9226190476190476,2.6960132890365447,1.0,1.0,1.0,1.0,1.0,1.0,1.0,0.6666666666666666,1.0,109.0,2.348557710647583
1109,E9_DELETE,0.7777777777777778,0.5,0.5,1.0,1.0,1.0,0.0,1.0,1.0,0.0,0.43301270189221935,0.43301270189221935,1.2106077944060862,0.0,0.0,1.0,3.0714285714285716,1.0,1.0,1.0,1.0,1.0,1.0,1.0,0.5,1.0,109.0,1.6055245399475098
1109,E9_REVERSE,0.8000000000000002,0.5,0.5,1.0,1.0,1.0,0.0,1.0,1.0,0.2857142857142857,0.4841229182759272,0.6959705453537527,1.2851990332453476,0.0,1.0,1.0,3.107142857142857,1.0,1.0,1.0,1.0,0.5,0.8000000000000002,1.0,0.5,1.0,109.0,1.8632725874582927
1109,F_SURFACE_FORMAT_CONTROL,0.6999999999999998,0.6666666666666666,1.0,1.0,1.0,1.0,0.1818181818181818,3.3333333333333335,0.7083333333333334,0.05263157894736842,0.6959705453537527,0.8032947318180046,1.5072538368110564,1.0,0.0,0.7380952380952381,2.2851897184822523,1.0,1.0,1.0,1.0,1.0,1.0,1.0,1.0,1.0,109.0,1.6300482749938965
1109,G_RANDOM_CONTROL,0.5,0.0,0.5,0.0,0.5,0.6666666666666666,0.5454545454545454,5.0,0.5,0.0,1.2183492931011204,0.8569568250501304,1.7320508075688774,3.0,0.0,0.5714285714285714,1.9375,1.0,1.0,1.0,1.0,1.0,0.5,1.0,0.3333333333333333,1.0,109.0,1.9108574390411377
1109,I_ISOMORPHIC_RELABEL,0.6999999999999998,0.5,0.5,1.0,1.0,1.0,0.1818181818181818,1.0,1.0,0.0,0.4841229182759272,0.4841229182759272,1.4851159653039219,1.0,0.0,1.0,2.857142857142857,1.0,1.0,1.0,1.0,1.0,1.0,1.0,0.5,1.0,109.0,1.6775214672088623
1109,L_FORWARD_CONTROL,1.0,0.3333333333333333,0.3333333333333333,0.0,1.0,0.7777777777777777,0.1818181818181818,5.333333333333333,0.4583333333333333,0.1111111111111111,0.6253546696611442,0.8934280095507319,1.1303497023907831,1.0,0.0,0.5654761904761905,1.9704229517894116,1.0,1.0,1.0,1.0,1.0,0.8333333333333334,1.0,0.8333333333333334,1.0,109.0,1.6208569208780925
1109,M0_SWITCH_NEUTRALIZED,0.6999999999999998,1.0,1.0,1.0,1.0,1.0,0.06060606060606061,4.0,0.625,0.3026315789473684,0.8569568250501304,0.6959705453537527,1.373544496923915,0.3333333333333333,0.6666666666666666,0.6785714285714285,2.3859649122807016,1.0,1.0,1.0,0.0,0.0,1.0,1.0,1.0,1.0,109.0,1.7099024454752605
1109,M_SWITCH_REASSIGNED,0.6999999999999998,0.5,0.5,0.0,1.0,0.38888888888888884,0.1818181818181818,2.3333333333333335,0.8333333333333334,0.15,0.6959705453537527,0.9020234639164942,1.5156600389684927,1.0,0.6666666666666666,0.8333333333333334,2.5861678004535147,1.0,1.0,1.0,1.0,1.0,0.8000000000000002,1.0,1.0,1.0,109.0,2.0697127183278403
1109,O_ORDER_SHUFFLED,0.5,0.8333333333333334,0.6666666666666666,0.0,0.5,1.0,0.1818181818181818,2.6666666666666665,0.7916666666666666,0.0,0.5547387939685356,0.8032947318180046,1.4799887853670946,1.0,0.0,0.8095238095238096,2.4142499104905117,1.0,1.0,1.0,1.0,1.0,1.0,1.0,1.0,0.0,109.0,1.7503936290740967
1109,P_ANCHOR_REASSIGNED,0.6999999999999998,0.5,0.6666666666666666,1.0,1.0,0.75,0.1818181818181818,1.6666666666666667,0.9166666666666666,0.0,0.5547387939685356,0.6084008872006615,1.5080019682126269,1.0,0.0,0.9226190476190476,2.6877076411960132,1.0,1.0,1.0,1.0,1.0,1.0,1.0,0.6666666666666666,1.0,109.0,1.8827289740244548
1109,R_DEGREE_MATCHED_REWIRE,0.4000000000000001,0.5,0.6666666666666666,1.0,0.75,0.3333333333333333,0.3636363636363636,2.3333333333333335,0.75,0.20000000000000004,0.6084008872006615,0.6084008872006615,1.6050978487129444,2.0,1.0,0.5654761904761905,2.1155913978494625,1.0,1.0,1.0,1.0,1.0,1.0,1.0,0.6666666666666666,1.0,109.0,1.7248146533966064
1109,T_TERMINAL_CHANGED,0.6999999999999998,0.5,0.5,1.0,1.0,1.0,0.1818181818181818,1.0,1.0,0.0,0.4841229182759272,0.4841229182759272,1.4851159653039219,1.0,0.0,1.0,2.857142857142857,1.0,1.0,1.0,1.0,1.0,1.0,1.0,0.5,0.0,109.0,2.0647459824879966
1109,X_COMPLEXITY_MATCHED,0.5,0.5,0.5,1.0,0.25,0.8888888888888888,0.0,2.0,0.875,0.24,0.9921567416492215,0.4841229182759272,1.4365239005499528,0.0,1.0,0.875,2.5918367346938775,1.0,1.0,1.0,1.0,1.0,1.0,1.0,0.5,1.0,109.0,1.5611694653828938
1109,Y_TOPOLOGY_MATCHED,0.5,0.6666666666666666,0.5,1.0,0.4166666666666667,0.5555555555555555,0.0,3.0,0.75,0.36000000000000004,0.6959705453537527,0.8032947318180046,1.447768606112671,0.0,1.3333333333333333,0.7678571428571429,2.3488372093023258,1.0,1.0,1.0,1.0,1.0,1.0,1.0,0.27777777777777773,1.0,109.0,1.5382606983184814
1110,A_AUTHENTIC,0.6999999999999998,0.5,0.5,1.0,1.0,1.0,0.1818181818181818,1.0,1.0,0.0,0.4841229182759272,0.4841229182759272,1.4851159653039219,1.0,0.0,1.0,2.857142857142857,1.0,1.0,1.0,1.0,1.0,1.0,1.0,0.5,1.0,109.0,1.6486764748891194
1110,D_ALL_DIRECTION_REVERSED,0.3,0.8333333333333334,1.0,0.0,0.0,1.0,0.06060606060606061,3.0,0.75,0.24,0.9470901027828579,0.8032947318180046,1.4555026275097689,0.3333333333333333,0.6666666666666666,0.7678571428571429,2.6124031007751936,1.0,1.0,1.0,1.0,0.6666666666666666,1.0,1.0,0.5,1.0,109.0,1.8335267702738445
1110,E0_DELETE,0.6666666666666666,0.5,0.8333333333333334,1.0,1.0,1.0,0.20000000000000004,3.3333333333333335,0.7083333333333334,0.0,0.6614378277661477,0.8659765002899521,1.5072538368110562,1.0,0.0,0.6547619047619048,2.215399610136452,1.0,1.0,1.0,1.0,1.0,1.0,1.0,0.8333333333333334,1.0,109.0,1.5801798502604167
1110,E0_REVERSE,0.6,0.6666666666666666,0.8333333333333334,1.0,0.75,0.75,0.1818181818181818,3.6666666666666665,0.6666666666666666,0.05555555555555555,0.6253546696611442,0.8934280095507319,1.4607336995920759,1.0,0.0,0.6666666666666666,2.1879177109440264,1.0,1.0,1.0,1.0,1.0,1.0,1.0,0.8333333333333334,1.0,109.0,1.6062994798024495
1110,E1_DELETE,0.6666666666666666,0.5,0.8333333333333334,1.0,1.0,0.6666666666666666,0.20000000000000004,4.0,0.625,0.0,0.5852961191415048,0.8659765002899521,1.4142135623730947,1.0,0.0,0.5952380952380952,2.1618562535370685,1.0,1.0,1.0,1.0,1.0,1.0,1.0,0.8333333333333334,1.0,109.0,1.609034538269043
1110,E1_REVERSE,0.6,0.6666666666666666,0.5,1.0,0.75,1.0,0.24242424242424243,3.6666666666666665,0.6666666666666666,0.0,0.5547387939685356,0.6959705453537527,1.4424733292923744,1.3333333333333333,0.0,0.7083333333333334,2.3031415748674013,1.0,1.0,1.0,1.0,1.0,1.0,1.0,0.6666666666666666,1.0,109.0,1.8094611167907715
1110,E2_DELETE,0.6666666666666666,0.6666666666666666,0.8333333333333334,1.0,1.0,0.5,0.20000000000000004,5.0,0.5,0.0,0.6614378277661477,0.9218826235641862,1.2720196495140688,1.0,0.0,0.5178571428571429,1.951739618406285,1.0,1.0,1.0,1.0,1.0,1.0,1.0,1.0,1.0,109.0,1.616885503133138
1110,E2_REVERSE,0.6,0.5,0.8333333333333334,1.0,0.75,1.0,0.1818181818181818,5.0,0.5,0.09999999999999999,0.8879838908561105,1.0263351431263426,1.2720196495140692,1.0,0.0,0.5,1.8833001799753717,1.0,1.0,1.0,1.0,1.0,1.0,1.0,0.8333333333333334,1.0,109.0,1.8475356896718342
1110,E3_DELETE,0.6666666666666666,0.6666666666666666,0.5,1.0,1.0,0.6666666666666666,0.20000000000000004,5.666666666666667,0.4166666666666667,0.06666666666666667,0.8755194105765179,0.7732500743146158,1.1813464330093797,1.0,0.0,0.5297619047619048,2.0641666666666665,1.0,1.0,1.0,1.0,1.0,1.0,1.0,1.0,1.0,109.0,2.3883183002471924
1110,E3_REVERSE,0.6,0.5,0.3333333333333333,1.0,0.75,1.0,0.1818181818181818,4.333333333333333,0.5833333333333334,0.0,0.9470901027828579,0.732678856125396,1.2515490311447421,1.0,0.0,0.6369047619047619,2.30281007751938,1.0,1.0,1.0,1.0,1.0,1.0,1.0,0.8333333333333334,1.0,109.0,1.7021114031473796
1110,E4_DELETE,0.6666666666666666,0.5,0.16666666666666666,1.0,1.0,1.0,0.20000000000000004,3.6666666666666665,0.6666666666666666,0.0,0.7173439510403817,0.76370716402805,1.231078412775414,1.0,0.0,0.7023809523809524,2.574127906976744,1.0,1.0,1.0,1.0,1.0,1.0,1.0,0.6666666666666666,1.0,109.0,1.699660301208496
1110,E4_REVERSE,0.6,0.5,0.0,1.0,1.0,1.0,0.1818181818181818,3.0,0.75,0.0,0.6959705453537527,0.8569568250501304,1.210607794406086,1.0,0.0,0.7678571428571429,2.7209302325581395,1.0,1.0,1.0,1.0,1.0,1.0,1.0,0.5,1.0,109.0,1.7274810473124187
1110,E5_DELETE,0.6666666666666666,0.6666666666666666,0.0,1.0,1.0,1.0,0.20000000000000004,2.0,0.875,0.07142857142857142,0.509154410516862,0.5650605337910962,1.3281419269222214,1.0,0.0,0.8928571428571429,2.919799498746867,1.0,1.0,1.0,1.0,1.0,1.0,1.0,0.6666666666666666,1.0,109.0,1.5340620676676433
1110,E5_REVERSE,0.6,0.5,0.16666666666666666,1.0,1.0,1.0,0.1818181818181818,1.6666666666666667,0.9166666666666666,0.0,0.5547387939685356,0.8343217976239847,1.48287745910184,1.0,0.0,0.9226190476190476,2.9080841638981174,1.0,1.0,1.0,1.0,1.0,1.0,1.0,0.6666666666666666,1.0,109.0,1.6465283234914143
1110,E6_DELETE,0.6666666666666666,1.0,0.5,1.0,1.0,1.0,0.20000000000000004,4.0,0.625,0.0,0.6614378277661477,0.6614378277661477,1.4142135623730951,1.0,0.0,0.6785714285714285,2.4210526315789473,1.0,1.0,1.0,1.0,1.0,1.0,1.0,1.0,1.0,109.0,1.664747953414917
1110,E6_REVERSE,0.6,1.0,0.5,1.0,1.0,1.0,0.3636363636363636,3.0,0.75,0.0,0.8569568250501304,0.4841229182759272,1.618033988749895,2.0,0.0,0.7678571428571429,2.488372093023256,1.0,1.0,1.0,1.0,1.0,1.0,1.0,0.5,1.0,109.0,2.4045228163401284
1110,E7_DELETE,0.7777777777777778,0.5,0.5,0.0,1.0,1.0,0.0,3.3333333333333335,0.7083333333333334,0.0,0.6614378277661477,0.7732500743146158,1.2444154713436204,0.0,0.0,0.7380952380952381,2.547531619747042,1.0,1.0,1.0,1.0,0.8333333333333334,1.0,1.0,0.8333333333333334,1.0,109.0,1.7004220485687256
1110,E7_REVERSE,0.8000000000000002,0.5,0.6666666666666666,1.0,1.0,1.0,0.06060606060606061,2.0,0.875,0.2818181818181818,0.7496326385858786,0.6084008872006615,1.3102429146132988,0.3333333333333333,0.0,0.8928571428571429,2.653508771929825,1.0,1.0,1.0,1.0,1.0,0.8000000000000002,1.0,0.6666666666666666,1.0,109.0,1.405287504196167
1110,E8_DELETE,0.7777777777777778,0.6666666666666666,0.6666666666666666,1.0,1.0,1.0,0.20000000000000004,2.3333333333333335,0.8333333333333334,0.06666666666666667,0.5650605337910962,0.509154410516862,1.3495843214627232,1.0,0.0,0.8690476190476191,2.7296918767507,1.0,1.0,1.0,1.0,1.0,1.0,1.0,0.6666666666666666,1.0,109.0,1.7015307744344075
1110,E8_REVERSE,0.8000000000000002,0.5,0.5,1.0,1.0,1.0,0.1818181818181818,1.0,1.0,0.0,0.4841229182759272,0.4841229182759272,1.437356911840786,1.0,0.0,1.0,2.892857142857143,1.0,1.0,1.0,1.0,1.0,1.0,1.0,0.5,1.0,109.0,1.7390131155649822
1110,E9_DELETE,0.7777777777777778,0.5,0.5,1.0,1.0,1.0,0.06666666666666667,2.0,0.875,0.0,0.509154410516862,0.509154410516862,1.2784763837284225,0.3333333333333333,0.0,0.8928571428571429,2.854636591478697,1.0,1.0,1.0,1.0,1.0,1.0,1.0,0.6666666666666666,1.0,109.0,1.8260547320048015
1110,E9_REVERSE,0.8000000000000002,0.0,0.0,0.0,1.0,1.0,0.1818181818181818,1.0,1.0,0.1875,0.4841229182759272,0.4841229182759272,1.408596222497491,1.0,1.0,1.0,3.125,1.0,1.0,1.0,1.0,1.0,1.0,1.0,0.5,1.0,109.0,2.0836685498555503
1110,F_SURFACE_FORMAT_CONTROL,0.6999999999999998,0.5,0.8333333333333334,1.0,1.0,1.0,0.1818181818181818,2.3333333333333335,0.8333333333333334,0.0,0.6253546696611442,0.732678856125396,1.530887971121332,1.0,0.0,0.8452380952380952,2.5182724252491693,1.0,1.0,1.0,1.0,1.0,1.0,1.0,0.8333333333333334,1.0,109.0,1.6181034247080486
1110,G_RANDOM_CONTROL,0.4000000000000001,0.5,0.0,1.0,0.25,0.8095238095238096,0.06060606060606061,7.666666666666667,0.16666666666666666,0.15079365079365079,0.9921567416492215,0.8569568250501304,0.3333333333333333,0.3333333333333333,0.0,0.4166666666666667,1.766899766899767,1.0,1.0,1.0,1.0,1.0,1.0,1.0,0.3333333333333333,1.0,109.0,1.8425087134043376
1110,I_ISOMORPHIC_RELABEL,0.6999999999999998,0.5,0.6666666666666666,1.0,1.0,1.0,0.1818181818181818,1.6666666666666667,0.9166666666666666,0.0,0.5547387939685356,0.6084008872006615,1.5080019682126269,1.0,0.0,0.9226190476190476,2.6877076411960132,1.0,1.0,1.0,1.0,1.0,1.0,1.0,0.6666666666666666,1.0,109.0,1.8418540954589844
1110,L_FORWARD_CONTROL,1.0,0.5,0.5,0.0,1.0,1.0,0.0,3.0,0.75,0.4090909090909091,0.9921567416492215,0.4841229182759272,1.249851588864256,0.0,0.0,0.7678571428571429,2.627906976744186,1.0,1.0,1.0,1.0,1.0,0.8333333333333334,1.0,0.5,1.0,109.0,1.5441216627756755
1110,M0_SWITCH_NEUTRALIZED,0.6999999999999998,0.3333333333333333,0.3333333333333333,1.0,1.0,1.0,0.0,1.0,1.0,0.14523809523809525,0.6253546696611442,0.4841229182759272,1.2953328187743722,0.0,0.0,1.0,3.107142857142857,1.0,1.0,1.0,0.0,0.0,1.0,1.0,0.4444444444444444,1.0,109.0,2.030606508255005
1110,M_SWITCH_REASSIGNED,0.6999999999999998,0.5,0.5,1.0,1.0,1.0,0.06060606060606061,2.0,0.875,0.18994290733421168,0.6959705453537527,0.4841229182759272,1.4371400109503822,0.3333333333333333,1.0,0.875,2.54421768707483,1.0,1.0,1.0,1.0,1.0,0.8000000000000002,1.0,0.5,1.0,109.0,1.8687387307484944
1110,O_ORDER_SHUFFLED,0.6999999999999998,0.3333333333333333,1.0,0.0,0.5,1.0,0.30303030303030304,4.0,0.625,0.05263157894736842,0.7496326385858786,0.8032947318180046,1.6261050591702835,1.6666666666666667,0.0,0.6785714285714285,2.263157894736842,1.0,1.0,1.0,1.0,1.0,1.0,1.0,1.0,1.0,109.0,1.4661109447479248
1110,P_ANCHOR_REASSIGNED,0.6999999999999998,0.5,0.5,1.0,1.0,1.0,0.1818181818181818,1.0,1.0,0.0,0.4841229182759272,0.4841229182759272,1.4851159653039219,1.0,0.0,1.0,2.857142857142857,1.0,1.0,1.0,1.0,1.0,1.0,1.0,0.5,1.0,109.0,1.7935001850128174
1110,R_DEGREE_MATCHED_REWIRE,0.5,0.5,1.0,1.0,0.5833333333333334,0.5111111111111111,0.3636363636363636,6.0,0.375,0.20000000000000004,0.8569568250501304,0.8569568250501304,1.6180339887498951,2.0,1.0,0.5535714285714286,2.129032258064516,1.0,1.0,1.0,1.0,1.0,1.0,1.0,1.0,1.0,109.0,1.9006449381510417
1110,T_TERMINAL_CHANGED,0.6999999999999998,0.5,0.6666666666666666,1.0,1.0,1.0,0.1818181818181818,1.6666666666666667,0.9166666666666666,0.0,0.5547387939685356,0.6084008872006615,1.5080019682126269,1.0,0.0,0.9226190476190476,2.6877076411960132,1.0,1.0,1.0,1.0,1.0,1.0,1.0,0.5,0.0,109.0,1.6316978931427002
1110,X_COMPLEXITY_MATCHED,0.20000000000000004,0.6666666666666666,0.5,1.0,0.25,0.6666666666666666,0.0,4.0,0.625,0.17786561264822134,0.8032947318180046,0.7496326385858786,1.2374787266290632,0.0,1.0,0.6785714285714285,2.2192982456140355,1.0,1.0,1.0,1.0,1.0,1.0,1.0,0.38888888888888884,1.0,109.0,1.694802204767863
1110,Y_TOPOLOGY_MATCHED,0.6,0.5,1.0,1.0,0.75,1.0,0.0,3.0,0.75,0.13043478260869565,0.8569568250501304,0.6959705453537527,1.3247179572447476,0.0,1.0,0.7678571428571429,2.441860465116279,1.0,1.0,1.0,1.0,1.0,1.0,1.0,0.3333333333333333,1.0,109.0,1.8018465042114258
1111,A_AUTHENTIC,0.6999999999999998,0.5,0.5,1.0,1.0,1.0,0.1818181818181818,1.0,1.0,0.0,0.4841229182759272,0.4841229182759272,1.4851159653039219,1.0,0.0,1.0,2.857142857142857,1.0,1.0,1.0,1.0,1.0,1.0,1.0,0.5,1.0,109.0,1.9707152843475342
1111,D_ALL_DIRECTION_REVERSED,0.3,0.5,1.0,0.0,0.0,1.0,0.1818181818181818,3.0,0.75,0.0,0.8569568250501304,0.6959705453537527,1.5537739740300378,1.0,0.0,0.7678571428571429,2.3488372093023258,1.0,1.0,1.0,1.0,1.0,1.0,1.0,0.5,1.0,109.0,1.5970341364542644
1111,E0_DELETE,0.6666666666666666,0.5,0.5,1.0,1.0,1.0,0.20000000000000004,4.0,0.625,0.0,0.6614378277661477,0.6614378277661477,1.4142135623730951,1.0,0.0,0.6785714285714285,2.3684210526315788,1.0,1.0,1.0,1.0,1.0,1.0,1.0,0.5,1.0,109.0,1.5347648461659749
1111,E0_REVERSE,0.6,0.5,0.5,1.0,0.75,1.0,0.1818181818181818,4.0,0.625,0.0,0.6959705453537527,0.6959705453537527,1.4142135623730951,1.0,0.0,0.6785714285714285,2.263157894736842,1.0,1.0,1.0,1.0,1.0,1.0,1.0,0.5,1.0,109.0,1.5688252449035645
1111,E1_DELETE,0.6666666666666666,0.5,0.5,1.0,1.0,0.6666666666666666,0.20000000000000004,4.0,0.625,0.0,0.43301270189221935,0.6614378277661477,1.4142135623730943,1.0,0.0,0.6785714285714285,2.4210526315789473,1.0,1.0,1.0,1.0,1.0,1.0,1.0,0.5,1.0,109.0,2.17774764696757
1111,E1_REVERSE,0.6,0.5,0.5,1.0,0.75,1.0,0.1818181818181818,4.0,0.625,0.0,0.4841229182759272,0.6959705453537527,1.4142135623730943,1.0,0.0,0.6785714285714285,2.210526315789474,1.0,1.0,1.0,1.0,1.0,1.0,1.0,0.5,1.0,109.0,1.54958709081014
1111,E2_DELETE,0.6666666666666666,0.5,0.5,1.0,1.0,0.5,0.20000000000000004,5.0,0.5,0.0,0.43301270189221935,0.6614378277661477,1.2720196495140697,1.0,0.0,0.6071428571428571,2.2941176470588234,1.0,1.0,1.0,1.0,1.0,1.0,1.0,0.5,1.0,109.0,1.6115041573842366
1111,E2_REVERSE,0.6,0.5,0.5,1.0,0.75,1.0,0.1818181818181818,5.0,0.5,0.0,0.6959705453537527,0.8569568250501304,1.2720196495140697,1.0,0.0,0.6071428571428571,2.176470588235294,1.0,1.0,1.0,1.0,1.0,1.0,1.0,0.5,1.0,109.0,1.795841932296753
1111,E3_DELETE,0.6666666666666666,0.5,0.0,1.0,1.0,0.6666666666666666,0.20000000000000004,3.0,0.75,0.0,0.6614378277661477,0.43301270189221935,1.2106077944060876,1.0,0.0,0.7678571428571429,2.7674418604651163,1.0,1.0,1.0,1.0,1.0,1.0,1.0,0.5,1.0,109.0,1.7271166642506917
1111,E3_REVERSE,0.6,0.5,0.0,1.0,0.75,1.0,0.1818181818181818,3.0,0.75,0.0,0.8569568250501304,0.4841229182759272,1.2106077944060876,1.0,0.0,0.7678571428571429,2.7209302325581395,1.0,1.0,1.0,1.0,1.0,1.0,1.0,0.5,1.0,109.0,2.1026238600413003
1111,E4_DELETE,0.6666666666666666,0.5,0.0,1.0,1.0,1.0,0.20000000000000004,3.0,0.75,0.0,0.6614378277661477,0.6614378277661477,1.210607794406086,1.0,0.0,0.7678571428571429,2.7674418604651163,1.0,1.0,1.0,1.0,1.0,1.0,1.0,0.5,1.0,109.0,1.6275830268859863
1111,E4_REVERSE,0.6,0.6666666666666666,0.16666666666666666,1.0,1.0,1.0,0.1818181818181818,4.333333333333333,0.5833333333333334,0.05263157894736842,0.7946992774522422,0.9020234639164942,1.140405196270724,1.0,0.0,0.6666666666666666,2.4165175909361953,1.0,1.0,1.0,1.0,1.0,1.0,1.0,0.6666666666666666,1.0,109.0,1.714004119237264
1111,E5_DELETE,0.6666666666666666,0.5,0.0,1.0,1.0,1.0,0.20000000000000004,1.0,1.0,0.0,0.43301270189221935,0.43301270189221935,1.356203065626297,1.0,0.0,1.0,3.142857142857143,1.0,1.0,1.0,1.0,1.0,1.0,1.0,0.5,1.0,109.0,1.601319948832194
1111,E5_REVERSE,0.6,0.5,0.0,1.0,1.0,1.0,0.1818181818181818,1.0,1.0,0.0,0.4841229182759272,0.6959705453537527,1.46557123187677,1.0,0.0,1.0,3.0714285714285716,1.0,1.0,1.0,1.0,1.0,1.0,1.0,0.5,1.0,109.0,1.5105003515879314
1111,E6_DELETE,0.6666666666666666,1.0,0.5,1.0,1.0,1.0,0.20000000000000004,4.0,0.625,0.0,0.6614378277661477,0.6614378277661477,1.4142135623730951,1.0,0.0,0.6785714285714285,2.4210526315789473,1.0,1.0,1.0,1.0,1.0,1.0,1.0,1.0,1.0,109.0,1.4183330535888672
1111,E6_REVERSE,0.6,1.0,0.5,1.0,1.0,1.0,0.3636363636363636,3.0,0.75,0.0,0.8569568250501304,0.4841229182759272,1.618033988749895,2.0,0.0,0.7678571428571429,2.488372093023256,1.0,1.0,1.0,1.0,1.0,1.0,1.0,0.5,1.0,109.0,1.426859458287557
1111,E7_DELETE,0.7777777777777778,0.0,0.0,1.0,1.0,1.0,0.0,1.0,1.0,0.05882352941176471,0.43301270189221935,0.43301270189221935,1.256987197582732,0.0,0.3333333333333333,1.0,3.1011904761904763,1.0,1.0,1.0,1.0,0.5,0.8000000000000002,1.0,0.5,1.0,109.0,1.7569217681884766
1111,E7_REVERSE,0.8000000000000002,0.0,0.0,0.0,1.0,0.6666666666666666,0.0,5.0,0.5,0.2727272727272727,0.8569568250501304,0.4841229182759272,1.2207440846057587,0.0,1.0,0.6071428571428571,2.176470588235294,1.0,1.0,1.0,1.0,1.0,1.0,1.0,0.5,1.0,109.0,1.945852279663086
1111,E8_DELETE,0.7777777777777778,0.6666666666666666,0.8333333333333334,1.0,1.0,1.0,0.26666666666666666,4.0,0.5833333333333334,0.06666666666666667,0.641202242415739,0.7173439510403817,1.3365368436349685,1.3333333333333333,0.0,0.6666666666666666,2.31031203178946,1.0,1.0,1.0,1.0,1.0,1.0,1.0,1.0,1.0,109.0,1.471402645111084
1111,E8_REVERSE,0.8000000000000002,0.5,0.5,1.0,1.0,1.0,0.1818181818181818,1.0,1.0,0.0,0.4841229182759272,0.4841229182759272,1.437356911840786,1.0,0.0,1.0,2.892857142857143,1.0,1.0,1.0,1.0,1.0,1.0,1.0,0.5,1.0,109.0,1.6945302486419678
1111,E9_DELETE,0.7777777777777778,0.5,0.5,1.0,1.0,1.0,0.0,1.0,1.0,0.0,0.43301270189221935,0.43301270189221935,1.2106077944060862,0.0,0.0,1.0,3.0714285714285716,1.0,1.0,1.0,1.0,1.0,1.0,1.0,0.5,1.0,109.0,1.7082123756408691
1111,E9_REVERSE,0.8000000000000002,0.6666666666666666,1.0,0.0,1.0,0.5,0.1818181818181818,7.0,0.25,0.15789473684210525,0.9867126229546002,0.8569568250501304,1.0,1.0,0.0,0.4047619047619048,1.6666666666666667,1.0,1.0,1.0,1.0,0.6666666666666666,0.8000000000000002,1.0,1.0,1.0,109.0,1.8791410128275554
1111,F_SURFACE_FORMAT_CONTROL,0.6999999999999998,0.6666666666666666,0.8333333333333334,1.0,1.0,1.0,0.1818181818181818,2.6666666666666665,0.7916666666666666,0.05263157894736842,0.6790167628932702,0.6790167628932702,1.4843678339023514,1.0,0.0,0.8154761904761906,2.4546249344290962,1.0,1.0,1.0,1.0,1.0,1.0,1.0,0.8333333333333334,1.0,109.0,1.7391080856323242
1111,G_RANDOM_CONTROL,0.4000000000000001,0.5,0.3333333333333333,1.0,0.5,0.6666666666666666,0.24242424242424243,4.666666666666667,0.5416666666666666,0.37857142857142856,0.9867126229546002,0.9726730498942167,1.3636817985109644,1.3333333333333333,0.3333333333333333,0.5059523809523809,2.006077606358111,1.0,1.0,1.0,1.0,0.8333333333333334,0.8000000000000002,1.0,0.3333333333333333,1.0,109.0,1.8762768904368083
1111,I_ISOMORPHIC_RELABEL,0.6999999999999998,0.5,0.5,1.0,1.0,1.0,0.1818181818181818,1.0,1.0,0.0,0.4841229182759272,0.4841229182759272,1.4851159653039219,1.0,0.0,1.0,2.857142857142857,1.0,1.0,1.0,1.0,1.0,1.0,1.0,0.5,1.0,109.0,1.8434946537017822
1111,L_FORWARD_CONTROL,1.0,0.6666666666666666,0.6666666666666666,0.0,1.0,1.0,0.06060606060606061,7.0,0.25,0.319693094629156,0.7496326385858786,0.7496326385858786,0.666666666666667,0.3333333333333333,0.3333333333333333,0.5238095238095238,1.9539435351448702,1.0,1.0,1.0,0.0,0.6666666666666666,0.8333333333333334,1.0,1.0,1.0,109.0,1.5086731910705566
1111,M0_SWITCH_NEUTRALIZED,0.6999999999999998,0.5,0.5,1.0,1.0,1.0,0.0,1.0,1.0,0.14285714285714285,0.6959705453537527,0.4841229182759272,1.2953328187743716,0.0,0.0,1.0,3.089285714285714,1.0,1.0,1.0,0.0,0.0,1.0,1.0,0.5,1.0,109.0,1.6547799905141194
1111,M_SWITCH_REASSIGNED,0.6999999999999998,0.0,1.0,1.0,1.0,1.0,0.1818181818181818,3.0,0.75,0.3,0.6959705453537527,0.8569568250501304,1.4655712318767684,1.0,1.0,0.7678571428571429,2.697674418604651,1.0,1.0,1.0,1.0,0.5,0.8000000000000002,1.0,1.0,1.0,109.0,1.5592888196309407
1111,O_ORDER_SHUFFLED,0.4000000000000001,0.5,0.6666666666666666,0.0,0.25,1.0,0.1818181818181818,3.3333333333333335,0.7083333333333334,0.05263157894736842,0.6959705453537527,0.5547387939685356,1.5072538368110575,1.0,0.0,0.7380952380952381,2.347205222358221,1.0,1.0,1.0,1.0,1.0,1.0,1.0,0.6666666666666666,0.0,109.0,1.572241226832072
1111,P_ANCHOR_REASSIGNED,0.6999999999999998,0.5,0.5,1.0,1.0,1.0,0.1818181818181818,1.0,1.0,0.0,0.4841229182759272,0.4841229182759272,1.4851159653039219,1.0,0.0,1.0,2.857142857142857,1.0,1.0,1.0,1.0,1.0,1.0,1.0,0.5,1.0,109.0,2.1936212380727134
1111,R_DEGREE_MATCHED_REWIRE,0.5,0.6666666666666666,0.3333333333333333,1.0,0.75,0.5111111111111111,0.30303030303030304,2.6666666666666665,0.75,0.4245614035087719,0.732678856125396,0.6790167628932702,1.6362353499310298,1.6666666666666667,2.0,0.5595238095238095,1.978494623655914,1.0,1.0,1.0,1.0,1.0,1.0,1.0,0.8333333333333334,1.0,109.0,1.474232276280721
1111,T_TERMINAL_CHANGED,0.6999999999999998,0.5,0.5,1.0,1.0,1.0,0.1818181818181818,1.0,1.0,0.0,0.4841229182759272,0.4841229182759272,1.4851159653039219,1.0,0.0,1.0,2.857142857142857,1.0,1.0,1.0,1.0,1.0,1.0,1.0,0.5,0.0,109.0,1.6537856260935466
1111,X_COMPLEXITY_MATCHED,0.5,0.6666666666666666,1.0,1.0,0.5,0.7777777777777777,0.30303030303030304,4.666666666666667,0.5416666666666666,0.27619047619047615,0.9921567416492215,0.8569568250501304,1.5858158947681187,1.6666666666666667,1.3333333333333333,0.6011904761904762,2.149774774774775,1.0,1.0,1.0,1.0,1.0,1.0,1.0,0.5,1.0,109.0,1.697948694229126
1111,Y_TOPOLOGY_MATCHED,0.4000000000000001,0.5,1.0,1.0,0.5,1.0,0.0,3.0,0.75,0.36000000000000004,0.8569568250501304,0.6959705453537527,1.3802775690976148,0.0,1.0,0.7678571428571429,2.3488372093023258,1.0,1.0,1.0,1.0,1.0,1.0,1.0,0.3333333333333333,1.0,109.0,1.633756160736084
1112,A_AUTHENTIC,0.6999999999999998,0.5,0.6666666666666666,1.0,1.0,1.0,0.1818181818181818,1.6666666666666667,0.9166666666666666,0.0,0.5547387939685356,0.6084008872006615,1.5080019682126269,1.0,0.0,0.9226190476190476,2.6877076411960132,1.0,1.0,1.0,1.0,1.0,1.0,1.0,0.6666666666666666,1.0,109.0,1.5346917311350505
1112,D_ALL_DIRECTION_REVERSED,0.3,0.6666666666666666,0.6666666666666666,0.0,0.0,1.0,0.12121212121212122,2.3333333333333335,0.8333333333333334,0.043478260869565216,0.6790167628932702,0.6790167628932702,1.3538178106252525,0.6666666666666666,0.0,0.8511904761904763,2.895363408521303,1.0,1.0,1.0,1.0,0.5,1.0,1.0,0.38888888888888884,1.0,109.0,1.7055486838022869
1112,E0_DELETE,0.6666666666666666,0.8333333333333334,0.5,1.0,1.0,1.0,0.20000000000000004,4.0,0.625,0.0,0.7732500743146158,0.6614378277661477,1.4142135623730951,1.0,0.0,0.6071428571428571,2.226973684210526,1.0,1.0,1.0,1.0,1.0,1.0,1.0,0.8333333333333334,1.0,109.0,1.6886347929636638
1112,E0_REVERSE,0.6,0.5,0.5,1.0,0.75,1.0,0.1818181818181818,4.0,0.625,0.0,0.6959705453537527,0.6959705453537527,1.4142135623730951,1.0,0.0,0.6785714285714285,2.263157894736842,1.0,1.0,1.0,1.0,1.0,1.0,1.0,0.5,1.0,109.0,1.7967544396718342
1112,E1_DELETE,0.6666666666666666,0.6666666666666666,0.5,1.0,1.0,0.38888888888888884,0.20000000000000004,4.0,0.625,0.0,0.509154410516862,0.6614378277661477,1.4142135623730947,1.0,0.0,0.6785714285714285,2.4210526315789473,1.0,1.0,1.0,1.0,1.0,1.0,1.0,0.6666666666666666,1.0,109.0,1.8676037788391113
1112,E1_REVERSE,0.6,0.5,0.5,1.0,0.8333333333333334,0.75,0.1818181818181818,4.0,0.625,0.0,0.4841229182759272,0.6959705453537527,1.4142135623730943,1.0,0.0,0.6785714285714285,2.210526315789474,1.0,1.0,1.0,1.0,1.0,1.0,1.0,0.5,1.0,109.0,3.0906813939412436
1112,E2_DELETE,0.6666666666666666,0.5,0.5,1.0,1.0,0.5,0.20000000000000004,5.0,0.5,0.0,0.43301270189221935,0.6614378277661477,1.2720196495140697,1.0,0.0,0.6071428571428571,2.2941176470588234,1.0,1.0,1.0,1.0,1.0,1.0,1.0,0.5,1.0,109.0,1.5115143458048503
1112,E2_REVERSE,0.6,0.5,0.5,1.0,0.75,1.0,0.1818181818181818,5.0,0.5,0.0,0.6959705453537527,0.8569568250501304,1.2720196495140697,1.0,0.0,0.6071428571428571,2.176470588235294,1.0,1.0,1.0,1.0,1.0,1.0,1.0,0.5,1.0,109.0,1.7700424194335938
1112,E3_DELETE,0.6666666666666666,0.5,0.0,1.0,1.0,0.6666666666666666,0.20000000000000004,3.0,0.75,0.0,0.6614378277661477,0.43301270189221935,1.2106077944060876,1.0,0.0,0.7678571428571429,2.7674418604651163,1.0,1.0,1.0,1.0,1.0,1.0,1.0,0.5,1.0,109.0,1.8505457242329915
1112,E3_REVERSE,0.6,0.5,0.0,1.0,0.75,1.0,0.1818181818181818,3.0,0.75,0.0,0.8569568250501304,0.4841229182759272,1.2106077944060876,1.0,0.0,0.7678571428571429,2.7209302325581395,1.0,1.0,1.0,1.0,1.0,1.0,1.0,0.5,1.0,109.0,1.58381454149882
1112,E4_DELETE,0.6666666666666666,0.5,0.0,1.0,1.0,1.0,0.20000000000000004,3.0,0.75,0.0,0.6614378277661477,0.6614378277661477,1.210607794406086,1.0,0.0,0.7678571428571429,2.7674418604651163,1.0,1.0,1.0,1.0,1.0,1.0,1.0,0.5,1.0,109.0,1.560099681218465
1112,E4_REVERSE,0.6,0.6666666666666666,0.0,1.0,1.0,1.0,0.24242424242424243,3.3333333333333335,0.7083333333333334,0.0,0.6959705453537527,0.8569568250501304,1.3249965209474042,1.3333333333333333,0.0,0.7380952380952381,2.6034271725826192,1.0,1.0,1.0,1.0,1.0,1.0,1.0,0.6666666666666666,1.0,109.0,1.570858081181844
1112,E5_DELETE,0.6666666666666666,0.6666666666666666,0.0,1.0,1.0,1.0,0.20000000000000004,2.0,0.875,0.0,0.509154410516862,0.509154410516862,1.3281419269222214,1.0,0.0,0.8928571428571429,2.919799498746867,1.0,1.0,1.0,1.0,1.0,1.0,1.0,0.6666666666666666,1.0,109.0,2.8958469231923423
1112,E5_REVERSE,0.6,0.5,0.0,1.0,1.0,1.0,0.1818181818181818,1.0,1.0,0.0,0.4841229182759272,0.6959705453537527,1.46557123187677,1.0,0.0,1.0,3.0714285714285716,1.0,1.0,1.0,1.0,1.0,1.0,1.0,0.5,1.0,109.0,1.9127185344696045
1112,E6_DELETE,0.6666666666666666,1.0,0.5,1.0,1.0,1.0,0.20000000000000004,4.0,0.625,0.0,0.6614378277661477,0.6614378277661477,1.4142135623730951,1.0,0.0,0.6785714285714285,2.4210526315789473,1.0,1.0,1.0,1.0,1.0,1.0,1.0,1.0,1.0,109.0,2.1009432474772134
1112,E6_REVERSE,0.6,0.5,0.5,1.0,1.0,1.0,0.1818181818181818,4.0,0.625,0.0,0.8569568250501304,0.4841229182759272,1.4142135623730956,1.0,0.0,0.6785714285714285,2.3157894736842106,1.0,1.0,1.0,1.0,1.0,1.0,1.0,0.3333333333333333,1.0,109.0,1.7313814163208008
1112,E7_DELETE,0.7777777777777778,0.16666666666666666,0.16666666666666666,0.3333333333333333,1.0,1.0,0.0,3.6666666666666665,0.6666666666666666,0.15526315789473685,0.9218826235641862,0.7732500743146158,1.2084189192898487,0.0,0.0,0.625,2.3830957739434857,1.0,1.0,1.0,1.0,0.5,0.8000000000000002,1.0,1.0,1.0,109.0,1.8375455538431804
1112,E7_REVERSE,0.8000000000000002,0.3333333333333333,0.8333333333333334,1.0,1.0,1.0,0.12121212121212122,3.3333333333333335,0.7083333333333334,0.27904761904761904,0.7777454949917596,0.6790167628932702,1.4010699628398438,0.6666666666666666,0.3333333333333333,0.7619047619047619,2.475490196078431,1.0,1.0,1.0,1.0,0.6666666666666666,1.0,1.0,0.8333333333333334,1.0,109.0,1.9076340993245442
1112,E8_DELETE,0.7777777777777778,0.3333333333333333,0.3333333333333333,1.0,1.0,1.0,0.20000000000000004,1.0,1.0,0.0,0.43301270189221935,0.43301270189221935,1.3355745733553281,1.0,0.0,1.0,3.1785714285714284,1.0,1.0,1.0,1.0,0.8333333333333334,1.0,1.0,0.5,1.0,109.0,1.584374984105428
1112,E8_REVERSE,0.8000000000000002,0.5,0.5,1.0,1.0,1.0,0.1818181818181818,1.0,1.0,0.0,0.4841229182759272,0.4841229182759272,1.437356911840786,1.0,0.0,1.0,2.892857142857143,1.0,1.0,1.0,1.0,1.0,1.0,1.0,0.5,1.0,109.0,1.8254094918568928
1112,E9_DELETE,0.7777777777777778,0.5,0.5,1.0,1.0,1.0,0.0,1.0,1.0,0.0,0.43301270189221935,0.43301270189221935,1.2106077944060862,0.0,0.0,1.0,3.0714285714285716,1.0,1.0,1.0,1.0,1.0,1.0,1.0,0.5,1.0,109.0,1.6248845259348552
1112,E9_REVERSE,0.8000000000000002,0.0,0.0,0.0,1.0,1.0,0.24242424242424243,1.3333333333333333,0.9166666666666666,0.19642857142857142,0.4841229182759272,0.4841229182759272,1.4240941757145864,1.3333333333333333,1.0,0.9285714285714285,3.015151515151515,1.0,1.0,1.0,1.0,1.0,1.0,1.0,0.5,1.0,109.0,2.021488904953003
1112,F_SURFACE_FORMAT_CONTROL,0.6999999999999998,0.6666666666666666,1.0,1.0,1.0,0.5595238095238095,0.1818181818181818,3.3333333333333335,0.7083333333333334,0.05263157894736842,0.7496326385858786,0.8032947318180046,1.5072538368110564,1.0,0.0,0.7380952380952381,2.2851897184822523,1.0,1.0,1.0,1.0,1.0,1.0,1.0,1.0,1.0,109.0,1.7762633164723713
1112,G_RANDOM_CONTROL,0.5,0.5,1.0,1.0,0.75,0.6666666666666666,0.1818181818181818,4.0,0.5,0.40100250626566414,0.9020234639164942,0.4841229182759272,1.2789417212261969,1.0,1.3333333333333333,0.5952380952380952,2.0650793650793653,1.0,1.0,1.0,1.0,0.5,1.0,1.0,0.3333333333333333,1.0,109.0,1.7285903294881184
1112,I_ISOMORPHIC_RELABEL,0.6999999999999998,0.3333333333333333,0.3333333333333333,1.0,1.0,1.0,0.1818181818181818,1.0,1.0,0.0,0.4841229182759272,0.4841229182759272,1.4234471156698791,1.0,0.0,1.0,2.9880952380952386,1.0,1.0,1.0,1.0,0.8333333333333334,1.0,1.0,0.5,1.0,109.0,2.141671657562256
1112,L_FORWARD_CONTROL,1.0,0.0,0.0,0.0,1.0,1.0,0.24242424242424243,6.0,0.375,0.2771929824561403,0.8569568250501304,0.6959705453537527,1.354549825620862,1.3333333333333333,0.6666666666666666,0.5535714285714286,1.978494623655914,1.0,1.0,1.0,1.0,1.0,1.0,1.0,0.6666666666666666,1.0,109.0,2.186816374460856
1112,M0_SWITCH_NEUTRALIZED,0.6999999999999998,0.3333333333333333,0.3333333333333333,1.0,1.0,1.0,0.1818181818181818,2.0,0.875,0.05263157894736842,0.6084008872006615,0.5547387939685356,1.338144131725561,1.0,0.0,0.8928571428571429,2.9210526315789473,1.0,1.0,1.0,0.0,0.0,1.0,1.0,0.6666666666666666,1.0,109.0,1.5516541004180908
1112,M_SWITCH_REASSIGNED,0.6999999999999998,0.0,0.5,0.0,1.0,1.0,0.0,3.0,0.75,0.42857142857142855,0.9921567416492215,0.6959705453537527,1.4945301804796687,0.0,2.0,0.75,2.3333333333333335,1.0,1.0,1.0,1.0,1.0,1.0,1.0,0.5,1.0,109.0,2.072243054707845
1112,O_ORDER_SHUFFLED,0.6,0.16666666666666666,0.6666666666666666,0.0,0.5,1.0,0.24242424242424243,3.3333333333333335,0.6666666666666666,0.05263157894736842,0.732678856125396,0.6253546696611442,1.4607336995920754,1.3333333333333333,0.0,0.7142857142857143,2.3126196528889307,1.0,1.0,1.0,1.0,1.0,1.0,1.0,0.8333333333333334,0.2857142857142857,109.0,1.9844117959340413
1112,P_ANCHOR_REASSIGNED,0.6999999999999998,0.5,0.5,1.0,1.0,1.0,0.1818181818181818,1.0,1.0,0.0,0.4841229182759272,0.4841229182759272,1.4851159653039219,1.0,0.0,1.0,2.857142857142857,1.0,1.0,1.0,1.0,1.0,1.0,1.0,0.5,1.0,109.0,1.6909943421681721
1112,R_DEGREE_MATCHED_REWIRE,0.5,0.6666666666666666,0.6666666666666666,1.0,1.0,0.6666666666666666,0.1818181818181818,2.0,0.875,0.173202614379085,0.5547387939685356,0.5547387939685356,1.4761368896321845,1.0,1.0,0.8928571428571429,2.6798245614035086,1.0,1.0,1.0,1.0,1.0,1.0,1.0,0.6666666666666666,1.0,109.0,2.236449956893921
1112,T_TERMINAL_CHANGED,0.6999999999999998,0.5,0.5,1.0,1.0,1.0,0.1818181818181818,1.0,1.0,0.0,0.4841229182759272,0.4841229182759272,1.4851159653039219,1.0,0.0,1.0,2.857142857142857,1.0,1.0,1.0,1.0,1.0,1.0,1.0,0.5,0.0,109.0,2.4342435201009116
1112,X_COMPLEXITY_MATCHED,0.4000000000000001,0.6666666666666666,0.8333333333333334,1.0,0.5,1.0,0.0,3.0,0.75,0.2856744704570791,0.6790167628932702,0.6959705453537527,1.4160706254666227,0.0,1.0,0.7738095238095238,2.2923254981307086,1.0,1.0,1.0,1.0,1.0,1.0,1.0,0.38888888888888884,1.0,109.0,1.673099676767985
1112,Y_TOPOLOGY_MATCHED,0.3,0.6666666666666666,0.8333333333333334,1.0,0.25,1.0,0.1818181818181818,2.6666666666666665,0.7916666666666666,0.3072833599149389,0.8483613706843682,0.6959705453537527,1.434766099503743,1.0,0.6666666666666666,0.8035714285714285,2.548172757475083,1.0,1.0,1.0,1.0,1.0,1.0,1.0,0.4444444444444444,1.0,109.0,1.6371855735778809
1113,A_AUTHENTIC,0.6999999999999998,0.5,0.8333333333333334,1.0,1.0,1.0,0.1818181818181818,2.3333333333333335,0.8333333333333334,0.0,0.6253546696611442,0.732678856125396,1.530887971121332,1.0,0.0,0.8452380952380952,2.5182724252491693,1.0,1.0,1.0,1.0,1.0,1.0,1.0,0.8333333333333334,1.0,109.0,2.190986076990763
1113,D_ALL_DIRECTION_REVERSED,0.3,0.5,1.0,0.0,0.0,1.0,0.1818181818181818,3.0,0.75,0.0,0.8569568250501304,0.6959705453537527,1.5537739740300378,1.0,0.0,0.7678571428571429,2.3488372093023258,1.0,1.0,1.0,1.0,1.0,1.0,1.0,0.5,1.0,109.0,2.2159176667531333
1113,E0_DELETE,0.6666666666666666,0.6666666666666666,1.0,1.0,1.0,1.0,0.20000000000000004,3.3333333333333335,0.7083333333333334,0.05882352941176471,0.7173439510403817,0.9682458365518544,1.5072538368110562,1.0,0.0,0.6130952380952381,2.1248506571087216,1.0,1.0,1.0,1.0,1.0,1.0,1.0,1.0,1.0,109.0,1.7863481044769287
1113,E0_REVERSE,0.6,0.5,1.0,1.0,0.75,0.75,0.1818181818181818,3.0,0.75,0.0,0.4841229182759272,0.9921567416492215,1.5537739740300365,1.0,0.0,0.75,2.238095238095238,1.0,1.0,1.0,1.0,1.0,1.0,1.0,1.0,1.0,109.0,1.5471549034118652
1113,E1_DELETE,0.6666666666666666,0.8333333333333334,0.6666666666666666,1.0,1.0,0.6666666666666666,0.20000000000000004,4.0,0.625,0.0,0.6614378277661477,0.76370716402805,1.4142135623730951,1.0,0.0,0.636904761904762,2.291454442558008,1.0,1.0,1.0,1.0,1.0,1.0,1.0,1.0,1.0,109.0,1.6322960058848064
1113,E1_REVERSE,0.6,0.6666666666666666,0.8333333333333334,1.0,0.75,1.0,0.24242424242424243,3.6666666666666665,0.6666666666666666,0.0,0.8032947318180046,0.8934280095507319,1.442473329292375,1.3333333333333333,0.0,0.625,2.1412853213303324,1.0,1.0,1.0,1.0,1.0,1.0,1.0,1.0,1.0,109.0,1.7678390343983967
1113,E2_DELETE,0.6666666666666666,0.5,1.0,1.0,1.0,0.5,0.20000000000000004,5.0,0.5,0.0,0.6614378277661477,0.9682458365518544,1.2720196495140688,1.0,0.0,0.48214285714285715,1.8518518518518519,1.0,1.0,1.0,1.0,1.0,1.0,1.0,1.0,1.0,109.0,1.626383622487386
1113,E2_REVERSE,0.6,0.5,0.6666666666666666,1.0,0.75,1.0,0.1818181818181818,5.0,0.5,0.0,0.7496326385858786,0.9416459840882365,1.2720196495140694,1.0,0.0,0.5654761904761905,2.043572984749455,1.0,1.0,1.0,1.0,1.0,1.0,1.0,0.6666666666666666,1.0,109.0,1.7811830043792725
1113,E3_DELETE,0.6666666666666666,0.6666666666666666,0.3333333333333333,1.0,1.0,0.6666666666666666,0.20000000000000004,5.666666666666667,0.4166666666666667,0.07142857142857142,0.82915619758885,0.7732500743146158,1.1813464330093797,1.0,0.0,0.5297619047619048,2.0908333333333333,1.0,1.0,1.0,1.0,1.0,1.0,1.0,1.0,1.0,109.0,1.9492123126983643
1113,E3_REVERSE,0.6,0.5,0.0,1.0,0.75,1.0,0.1818181818181818,3.0,0.75,0.0,0.8569568250501304,0.4841229182759272,1.2106077944060876,1.0,0.0,0.7678571428571429,2.7209302325581395,1.0,1.0,1.0,1.0,1.0,1.0,1.0,0.5,1.0,109.0,1.8482648531595867
1113,E4_DELETE,0.6666666666666666,0.8333333333333334,0.16666666666666666,1.0,1.0,1.0,0.20000000000000004,5.666666666666667,0.4166666666666667,0.19166666666666665,0.7732500743146158,0.9682458365518544,1.2644664521062123,1.0,0.6666666666666666,0.5416666666666666,2.1561285936285937,1.0,1.0,1.0,1.0,1.0,1.0,1.0,1.0,1.0,109.0,1.9824304580688477
1113,E4_REVERSE,0.6,0.5,0.5,1.0,1.0,1.0,0.1818181818181818,5.0,0.5,0.0,0.8569568250501304,1.1110243021644486,1.2720196495140697,1.0,0.0,0.5714285714285714,2.125,1.0,1.0,1.0,1.0,1.0,1.0,1.0,1.0,1.0,109.0,1.5296831130981445
1113,E5_DELETE,0.6666666666666666,0.6666666666666666,0.0,1.0,1.0,1.0,0.20000000000000004,2.0,0.875,0.0,0.509154410516862,0.509154410516862,1.3281419269222214,1.0,0.0,0.8928571428571429,2.919799498746867,1.0,1.0,1.0,1.0,1.0,1.0,1.0,0.6666666666666666,1.0,109.0,1.6494237581888835
1113,E5_REVERSE,0.6,0.6666666666666666,0.3333333333333333,1.0,1.0,1.0,0.1818181818181818,3.3333333333333335,0.7083333333333334,0.05555555555555555,0.6959705453537527,1.0714017819927062,1.4830644631590184,1.0,0.0,0.7380952380952381,2.510403916768666,1.0,1.0,1.0,1.0,1.0,1.0,1.0,1.0,1.0,109.0,1.7304877440134685
1113,E6_DELETE,0.6666666666666666,1.0,0.5,1.0,1.0,1.0,0.20000000000000004,4.0,0.625,0.0,0.6614378277661477,0.6614378277661477,1.4142135623730951,1.0,0.0,0.6785714285714285,2.4210526315789473,1.0,1.0,1.0,1.0,1.0,1.0,1.0,1.0,1.0,109.0,1.4716261227925618
1113,E6_REVERSE,0.6,0.8333333333333334,0.5,1.0,1.0,1.0,0.30303030303030304,3.3333333333333335,0.7083333333333334,0.0,0.8569568250501304,0.4841229182759272,1.5500938466242953,1.6666666666666667,0.0,0.7380952380952381,2.430844553243574,1.0,1.0,1.0,1.0,1.0,1.0,1.0,0.4444444444444444,1.0,109.0,1.5675597190856934
1113,E7_DELETE,0.7777777777777778,0.5,0.5,1.0,1.0,1.0,0.0,3.3333333333333335,0.7083333333333334,0.10526315789473684,0.6614378277661477,0.6614378277661477,1.2895857520909615,0.0,0.3333333333333333,0.7380952380952381,2.4571603427172586,1.0,1.0,1.0,1.0,1.0,1.0,1.0,1.0,1.0,109.0,1.7622176806132
1113,E7_REVERSE,0.8000000000000002,0.6666666666666666,0.8333333333333334,0.0,1.0,0.5,0.06060606060606061,3.0,0.75,0.23055555555555554,0.6790167628932702,0.6253546696611442,1.3986126224921909,0.3333333333333333,1.3333333333333333,0.7857142857142857,2.5585839598997495,1.0,1.0,1.0,1.0,1.0,0.8000000000000002,1.0,0.8333333333333334,1.0,109.0,1.4877391656239827
1113,E8_DELETE,0.7777777777777778,0.8333333333333334,0.8333333333333334,1.0,1.0,1.0,0.20000000000000004,3.6666666666666665,0.6666666666666666,0.13809523809523808,0.641202242415739,0.641202242415739,1.310801985488396,1.0,0.0,0.7380952380952381,2.482492997198879,1.0,1.0,1.0,1.0,1.0,1.0,1.0,0.8333333333333334,1.0,109.0,2.1112356980641684
1113,E8_REVERSE,0.8000000000000002,0.6666666666666666,0.6666666666666666,1.0,1.0,1.0,0.1818181818181818,2.3333333333333335,0.8333333333333334,0.05263157894736842,0.6084008872006615,0.5547387939685356,1.3822444910652136,1.0,0.0,0.8690476190476191,2.5952380952380953,1.0,1.0,1.0,1.0,1.0,1.0,1.0,0.6666666666666666,1.0,109.0,1.6454459031422932
1113,E9_DELETE,0.7777777777777778,0.5,0.5,1.0,1.0,1.0,0.13333333333333333,3.0,0.75,0.0,0.5852961191415048,0.5852961191415048,1.346344973050759,0.6666666666666666,0.0,0.7857142857142857,2.637844611528822,1.0,1.0,1.0,1.0,1.0,1.0,1.0,0.8333333333333334,1.0,109.0,1.5323015054066975
1113,E9_REVERSE,0.8000000000000002,0.0,0.3333333333333333,0.0,1.0,1.0,0.0,2.3333333333333335,0.8333333333333334,0.35000000000000003,0.732678856125396,0.6253546696611442,1.4223308058855901,0.0,2.0,0.8452380952380952,2.818660022148394,1.0,1.0,1.0,1.0,0.8333333333333334,1.0,1.0,0.8333333333333334,1.0,109.0,1.949823220570882
1113,F_SURFACE_FORMAT_CONTROL,0.6999999999999998,1.0,1.0,1.0,1.0,1.0,0.1818181818181818,4.0,0.625,0.15789473684210525,0.8569568250501304,0.6959705453537527,1.4142135623730951,1.0,0.0,0.6785714285714285,2.1578947368421053,1.0,1.0,1.0,1.0,1.0,1.0,1.0,1.0,1.0,109.0,2.1949828465779624
1113,G_RANDOM_CONTROL,0.4000000000000001,0.8333333333333334,0.3333333333333333,0.0,0.0,0.6666666666666666,0.5454545454545454,4.333333333333333,0.5416666666666666,0.2951871657754011,0.7496326385858786,1.769828719127277,1.7088852310165275,3.0,1.0,0.4761904761904762,1.7277777777777779,1.0,1.0,1.0,1.0,0.8333333333333334,0.75,1.0,0.4444444444444444,1.0,109.0,1.8720659414927165
1113,I_ISOMORPHIC_RELABEL,0.6999999999999998,0.8333333333333334,1.0,1.0,1.0,1.0,0.1818181818181818,3.6666666666666665,0.6666666666666666,0.05263157894736842,0.8032947318180046,0.7496326385858786,1.460733699592076,1.0,0.0,0.7083333333333334,2.2390860873113017,1.0,1.0,1.0,1.0,1.0,1.0,1.0,1.0,1.0,109.0,1.922895352045695
1113,L_FORWARD_CONTROL,1.0,0.5,0.5,0.0,1.0,1.0,0.0,5.0,0.5,0.5,0.8569568250501304,0.6959705453537527,1.220744084605759,0.0,1.0,0.6071428571428571,2.088235294117647,1.0,1.0,1.0,1.0,1.0,1.0,1.0,1.0,1.0,109.0,1.6627291838328044
1113,M0_SWITCH_NEUTRALIZED,0.6999999999999998,0.6666666666666666,0.6666666666666666,1.0,1.0,1.0,0.0,2.0,0.875,0.2490842490842491,0.7496326385858786,0.5547387939685356,1.361731939342804,0.0,0.6666666666666666,0.8928571428571429,2.787593984962406,1.0,1.0,1.0,0.0,0.0,1.0,1.0,0.6666666666666666,1.0,109.0,1.7384951909383137
1113,M_SWITCH_REASSIGNED,0.6999999999999998,0.16666666666666666,0.5,0.3333333333333333,1.0,1.0,0.1818181818181818,2.6666666666666665,0.7916666666666666,0.15079365079365079,0.9726730498942167,0.6253546696611442,1.5676379555761466,1.0,1.0,0.7916666666666666,2.435374149659864,1.0,1.0,1.0,0.6666666666666666,0.6666666666666666,1.0,1.0,0.5,1.0,109.0,2.1605783303578696
1113,O_ORDER_SHUFFLED,0.5,0.5,0.8333333333333334,0.0,0.5,1.0,0.24242424242424243,3.3333333333333335,0.7083333333333334,0.0,0.6959705453537527,0.732678856125396,1.613199585209651,1.3333333333333333,0.0,0.7380952380952381,2.368829049367605,1.0,1.0,1.0,1.0,1.0,1.0,1.0,0.8333333333333334,0.5714285714285714,109.0,1.714786211649577
1113,P_ANCHOR_REASSIGNED,0.6999999999999998,0.5,0.5,1.0,1.0,1.0,0.1818181818181818,1.0,1.0,0.0,0.4841229182759272,0.4841229182759272,1.4851159653039219,1.0,0.0,1.0,2.857142857142857,1.0,1.0,1.0,1.0,1.0,1.0,1.0,0.5,1.0,109.0,1.855818510055542
1113,R_DEGREE_MATCHED_REWIRE,0.4000000000000001,1.0,0.5,1.0,0.5,0.6666666666666666,0.3636363636363636,4.0,0.625,0.21428571428571427,0.6959705453537527,0.8569568250501304,1.490216120099955,2.0,1.0,0.6785714285714285,2.3421052631578947,1.0,1.0,1.0,1.0,1.0,1.0,1.0,1.0,1.0,109.0,1.8851548830668132
1113,T_TERMINAL_CHANGED,0.6999999999999998,0.5,0.6666666666666666,1.0,1.0,1.0,0.1818181818181818,1.6666666666666667,0.9166666666666666,0.0,0.5547387939685356,0.6084008872006615,1.5080019682126269,1.0,0.0,0.9226190476190476,2.6877076411960132,1.0,1.0,1.0,1.0,1.0,1.0,1.0,0.5,0.0,109.0,1.915720542271932
1113,X_COMPLEXITY_MATCHED,0.4000000000000001,0.8333333333333334,0.5,1.0,0.5,0.8888888888888888,0.1818181818181818,6.0,0.375,0.34640522875817,0.9470901027828579,0.5547387939685356,1.3247179572447456,1.0,1.0,0.5059523809523809,1.946242263483643,1.0,1.0,1.0,1.0,1.0,1.0,1.0,0.4444444444444444,1.0,109.0,1.75877849260966
1113,Y_TOPOLOGY_MATCHED,0.5,0.5,0.0,1.0,0.5,0.5,0.0,1.0,1.0,0.0,0.6959705453537527,0.4841229182759272,1.3123706910482453,0.0,0.0,1.0,2.964285714285714,1.0,1.0,1.0,1.0,1.0,1.0,1.0,0.5,1.0,109.0,1.5640675226847331
1114,A_AUTHENTIC,0.6999999999999998,0.5,0.8333333333333334,1.0,1.0,1.0,0.1818181818181818,2.3333333333333335,0.8333333333333334,0.0,0.6253546696611442,0.732678856125396,1.530887971121332,1.0,0.0,0.8452380952380952,2.5182724252491693,1.0,1.0,1.0,1.0,1.0,1.0,1.0,0.8333333333333334,1.0,109.0,1.9013705253601074
1114,D_ALL_DIRECTION_REVERSED,0.3,0.16666666666666666,1.0,0.0,0.0,1.0,0.1818181818181818,3.6666666666666665,0.6666666666666666,0.0,0.7496326385858786,0.6959705453537527,1.4607336995920768,1.0,0.0,0.7083333333333334,2.326805385556916,1.0,1.0,1.0,1.0,1.0,1.0,1.0,0.38888888888888884,1.0,109.0,1.8909809589385986
1114,E0_DELETE,0.6666666666666666,0.5,0.5,1.0,1.0,1.0,0.20000000000000004,4.0,0.625,0.0,0.6614378277661477,0.6614378277661477,1.4142135623730951,1.0,0.0,0.6785714285714285,2.3684210526315788,1.0,1.0,1.0,1.0,1.0,1.0,1.0,0.5,1.0,109.0,1.443534294764201
1114,E0_REVERSE,0.6,0.5,0.6666666666666666,1.0,0.75,0.75,0.1818181818181818,3.6666666666666665,0.6666666666666666,0.0,0.6253546696611442,0.7946992774522422,1.4607336995920759,1.0,0.0,0.7023809523809524,2.2548036758563073,1.0,1.0,1.0,1.0,1.0,1.0,1.0,0.6666666666666666,1.0,109.0,1.8579561710357666
1114,E1_DELETE,0.6666666666666666,0.5,0.8333333333333334,1.0,1.0,0.6666666666666666,0.20000000000000004,4.0,0.625,0.0,0.5852961191415048,0.8659765002899521,1.4142135623730947,1.0,0.0,0.5952380952380952,2.1618562535370685,1.0,1.0,1.0,1.0,1.0,1.0,1.0,0.8333333333333334,1.0,109.0,1.8077478408813477
1114,E1_REVERSE,0.6,0.5,1.0,1.0,0.75,1.0,0.1818181818181818,4.0,0.625,0.0,0.8569568250501304,0.9921567416492215,1.414213562373095,1.0,0.0,0.5535714285714286,1.967741935483871,1.0,1.0,1.0,1.0,1.0,1.0,1.0,1.0,1.0,109.0,1.793837070465088
1114,E2_DELETE,0.6666666666666666,0.5,0.6666666666666666,1.0,1.0,0.5,0.20000000000000004,5.0,0.5,0.0,0.509154410516862,0.76370716402805,1.2720196495140694,1.0,0.0,0.5654761904761905,2.1466957153231663,1.0,1.0,1.0,1.0,1.0,1.0,1.0,0.6666666666666666,1.0,109.0,2.9048237005869546
1114,E2_REVERSE,0.6,0.5,0.5,1.0,0.75,1.0,0.1818181818181818,5.0,0.5,0.0,0.6959705453537527,0.8569568250501304,1.2720196495140697,1.0,0.0,0.6071428571428571,2.176470588235294,1.0,1.0,1.0,1.0,1.0,1.0,1.0,0.5,1.0,109.0,1.6412395636240642
1114,E3_DELETE,0.6666666666666666,0.5,0.16666666666666666,1.0,1.0,0.6666666666666666,0.20000000000000004,3.6666666666666665,0.6666666666666666,0.0,0.7173439510403817,0.5650605337910962,1.2310784127754149,1.0,0.0,0.7023809523809524,2.5637112403100777,1.0,1.0,1.0,1.0,1.0,1.0,1.0,0.6666666666666666,1.0,109.0,1.5409800211588542
1114,E3_REVERSE,0.6,0.5,0.16666666666666666,1.0,0.75,1.0,0.1818181818181818,3.6666666666666665,0.6666666666666666,0.0,0.9020234639164942,0.6084008872006615,1.2310784127754149,1.0,0.0,0.7023809523809524,2.5118701550387597,1.0,1.0,1.0,1.0,1.0,1.0,1.0,0.6666666666666666,1.0,109.0,1.520813783009847
1114,E4_DELETE,0.6666666666666666,0.5,0.3333333333333333,1.0,1.0,1.0,0.20000000000000004,4.333333333333333,0.5833333333333334,0.0,0.7732500743146158,0.8659765002899521,1.2515490311447417,1.0,0.0,0.6369047619047619,2.380813953488372,1.0,1.0,1.0,1.0,1.0,1.0,1.0,0.8333333333333334,1.0,109.0,1.5526378949483235
1114,E4_REVERSE,0.6,0.5,0.0,1.0,1.0,1.0,0.1818181818181818,3.0,0.75,0.0,0.6959705453537527,0.8569568250501304,1.210607794406086,1.0,0.0,0.7678571428571429,2.7209302325581395,1.0,1.0,1.0,1.0,1.0,1.0,1.0,0.5,1.0,109.0,1.6155694325764973
1114,E5_DELETE,0.6666666666666666,0.6666666666666666,0.3333333333333333,1.0,1.0,1.0,0.20000000000000004,2.6666666666666665,0.7916666666666666,0.06666666666666667,0.641202242415739,0.641202242415739,1.3474787591711541,1.0,0.0,0.8154761904761906,2.7130617240776354,1.0,1.0,1.0,1.0,1.0,1.0,1.0,0.8333333333333334,1.0,109.0,1.7355002562204997
1114,E5_REVERSE,0.6,0.5,0.3333333333333333,1.0,1.0,1.0,0.1818181818181818,2.3333333333333335,0.8333333333333334,0.0,0.6253546696611442,0.9726730498942167,1.50018368632691,1.0,0.0,0.8452380952380952,2.744739756367663,1.0,1.0,1.0,1.0,1.0,1.0,1.0,0.8333333333333334,1.0,109.0,2.028416554133097
1114,E6_DELETE,0.6666666666666666,1.0,0.5,1.0,1.0,1.0,0.20000000000000004,4.0,0.625,0.0,0.6614378277661477,0.6614378277661477,1.4142135623730951,1.0,0.0,0.6785714285714285,2.4210526315789473,1.0,1.0,1.0,1.0,1.0,1.0,1.0,1.0,1.0,109.0,1.5793697039286296
1114,E6_REVERSE,0.6,0.6666666666666666,0.5,1.0,1.0,1.0,0.24242424242424243,3.6666666666666665,0.6666666666666666,0.0,0.8569568250501304,0.4841229182759272,1.4821537044986954,1.3333333333333333,0.0,0.7083333333333334,2.3733170134638923,1.0,1.0,1.0,1.0,1.0,1.0,1.0,0.38888888888888884,1.0,109.0,1.9397989908854167
1114,E7_DELETE,0.7777777777777778,0.3333333333333333,0.8333333333333334,0.0,1.0,1.0,0.20000000000000004,5.0,0.5,0.25,0.82915619758885,0.5852961191415048,1.347586471203045,1.0,1.3333333333333333,0.625,2.413793103448276,1.0,1.0,1.0,1.0,0.8333333333333334,0.8000000000000002,1.0,0.8333333333333334,1.0,109.0,1.608498175938924
1114,E7_REVERSE,0.8000000000000002,0.6666666666666666,0.6666666666666666,0.0,1.0,1.0,0.12121212121212122,2.6666666666666665,0.7916666666666666,0.047619047619047616,0.5547387939685356,0.8032947318180046,1.3949493880377002,0.6666666666666666,0.0,0.8095238095238096,2.5678481919083427,1.0,1.0,1.0,1.0,0.8333333333333334,1.0,1.0,1.0,1.0,109.0,1.83088223139445
1114,E8_DELETE,0.7777777777777778,0.5,0.6666666666666666,1.0,1.0,1.0,0.20000000000000004,1.6666666666666667,0.9166666666666666,0.0,0.509154410516862,0.5650605337910962,1.4141015155836227,1.0,0.0,0.9226190476190476,2.837763012181617,1.0,1.0,1.0,1.0,1.0,1.0,1.0,0.6666666666666666,1.0,109.0,1.6700146198272705
1114,E8_REVERSE,0.8000000000000002,0.5,0.5,1.0,1.0,1.0,0.1818181818181818,1.0,1.0,0.0,0.4841229182759272,0.4841229182759272,1.437356911840786,1.0,0.0,1.0,2.892857142857143,1.0,1.0,1.0,1.0,1.0,1.0,1.0,0.5,1.0,109.0,1.451454718907674
1114,E9_DELETE,0.7777777777777778,0.5,0.5,1.0,1.0,1.0,0.13333333333333333,3.0,0.75,0.0,0.5852961191415048,0.5852961191415048,1.346344973050759,0.6666666666666666,0.0,0.7857142857142857,2.637844611528822,1.0,1.0,1.0,1.0,1.0,1.0,1.0,0.8333333333333334,1.0,109.0,1.5913276672363281
1114,E9_REVERSE,0.8000000000000002,0.0,0.0,0.0,1.0,1.0,0.0,2.0,0.875,0.29391304347826086,0.6959705453537527,0.8569568250501304,1.4771008899490976,0.0,2.3333333333333335,0.875,2.619047619047619,1.0,1.0,1.0,1.0,0.6666666666666666,0.8000000000000002,1.0,1.0,1.0,109.0,1.7154247760772705
1114,F_SURFACE_FORMAT_CONTROL,0.6999999999999998,1.0,1.0,1.0,1.0,1.0,0.1818181818181818,4.0,0.625,0.15789473684210525,0.8569568250501304,0.6959705453537527,1.4142135623730951,1.0,0.0,0.6785714285714285,2.1578947368421053,1.0,1.0,1.0,1.0,1.0,1.0,1.0,1.0,1.0,109.0,1.7550476392110188
1114,G_RANDOM_CONTROL,0.4000000000000001,0.5,0.0,1.0,0.4166666666666667,0.8888888888888888,0.1818181818181818,7.0,0.25,0.2857142857142857,0.8569568250501304,1.1110243021644486,1.0,1.0,0.0,0.46428571428571425,1.846153846153846,1.0,1.0,1.0,1.0,1.0,0.875,1.0,0.25,1.0,109.0,1.7912228107452393
1114,I_ISOMORPHIC_RELABEL,0.6999999999999998,0.8333333333333334,1.0,1.0,1.0,1.0,0.1818181818181818,3.6666666666666665,0.6666666666666666,0.0,0.6959705453537527,0.7496326385858786,1.460733699592076,1.0,0.0,0.7083333333333334,2.2566299469604245,1.0,1.0,1.0,1.0,1.0,1.0,1.0,1.0,1.0,109.0,1.5228118896484375
1114,L_FORWARD_CONTROL,1.0,0.6666666666666666,0.6666666666666666,0.0,1.0,1.0,0.0,5.333333333333333,0.4583333333333333,0.4761904761904761,0.8569568250501304,0.5547387939685356,0.8831453048298318,0.0,0.6666666666666666,0.6190476190476191,2.274436090225564,1.0,1.0,1.0,0.6666666666666666,0.8333333333333334,0.8333333333333334,1.0,0.6666666666666666,1.0,109.0,1.938564697901408
1114,M0_SWITCH_NEUTRALIZED,0.6999999999999998,0.5,0.5,1.0,1.0,1.0,0.0,1.0,1.0,0.14285714285714285,0.6959705453537527,0.4841229182759272,1.2953328187743716,0.0,0.0,1.0,3.089285714285714,1.0,1.0,1.0,0.0,0.0,1.0,1.0,0.5,1.0,109.0,1.8656315008799236
1114,M_SWITCH_REASSIGNED,0.6999999999999998,0.5,0.5,1.0,1.0,1.0,0.0,2.0,0.875,0.375,0.8569568250501304,0.4841229182759272,1.4252995776846982,0.0,1.0,0.875,2.5714285714285716,1.0,1.0,1.0,1.0,1.0,0.8000000000000002,1.0,0.5,1.0,109.0,1.5791582266489665
1114,O_ORDER_SHUFFLED,0.5666666666666667,0.6666666666666666,0.8333333333333334,0.0,0.5833333333333334,1.0,0.1818181818181818,3.3333333333333335,0.7083333333333334,0.05555555555555555,0.7496326385858786,0.6790167628932702,1.5286738417176764,1.0,0.3333333333333333,0.7380952380952381,2.343533251733986,0.9285714285714285,1.0,1.0,1.0,1.0,1.0,1.0,0.8333333333333334,0.8095238095238096,109.0,1.939158042271932
1114,P_ANCHOR_REASSIGNED,0.6999999999999998,0.5,0.6666666666666666,1.0,1.0,1.0,0.1818181818181818,1.6666666666666667,0.9166666666666666,0.0,0.5547387939685356,0.6084008872006615,1.5080019682126269,1.0,0.0,0.9226190476190476,2.6877076411960132,1.0,1.0,1.0,1.0,1.0,1.0,1.0,0.6666666666666666,1.0,109.0,1.7245184580485027
1114,R_DEGREE_MATCHED_REWIRE,0.5,0.6666666666666666,0.6666666666666666,1.0,0.9166666666666666,0.611111111111111,0.1818181818181818,1.6666666666666667,0.9166666666666666,0.2111111111111111,0.5547387939685356,0.6084008872006615,1.4190369007560235,1.0,0.0,0.9226190476190476,2.687153931339978,1.0,1.0,1.0,1.0,1.0,1.0,1.0,0.6666666666666666,1.0,109.0,1.607375701268514
1114,T_TERMINAL_CHANGED,0.6999999999999998,0.6666666666666666,0.6666666666666666,1.0,1.0,1.0,0.1818181818181818,2.0,0.875,0.05263157894736842,0.6084008872006615,0.5547387939685356,1.4614818309936464,1.0,0.0,0.8928571428571429,2.6240601503759398,1.0,1.0,1.0,1.0,1.0,1.0,1.0,0.5,0.0,109.0,1.7462359269460042
1114,X_COMPLEXITY_MATCHED,0.4000000000000001,0.8333333333333334,0.6666666666666666,1.0,0.5,1.0,0.0,5.0,0.5,0.3938461538461538,0.9020234639164942,0.8569568250501304,1.220744084605759,0.0,1.0,0.5833333333333334,2.04040404040404,1.0,1.0,1.0,1.0,1.0,1.0,1.0,0.4444444444444444,1.0,109.0,1.4673041502634685
1114,Y_TOPOLOGY_MATCHED,0.5,0.8333333333333334,0.6666666666666666,1.0,0.5,0.7777777777777777,0.0,3.0,0.75,0.29523809523809524,0.7496326385858786,0.5547387939685356,1.1781122030280822,0.0,0.0,0.7619047619047619,2.5195011337868483,1.0,1.0,1.0,1.0,1.0,1.0,1.0,0.4444444444444444,1.0,109.0,1.959059715270996
1115,A_AUTHENTIC,0.6999999999999998,0.5,0.5,1.0,1.0,1.0,0.1818181818181818,1.0,1.0,0.0,0.4841229182759272,0.4841229182759272,1.4851159653039219,1.0,0.0,1.0,2.857142857142857,1.0,1.0,1.0,1.0,1.0,1.0,1.0,0.5,1.0,109.0,1.9087169965108235
1115,D_ALL_DIRECTION_REVERSED,0.3,0.8333333333333334,0.6666666666666666,0.0,0.0,1.0,0.06060606060606061,2.3333333333333335,0.8333333333333334,0.043478260869565216,0.7496326385858786,0.7496326385858786,1.34445455499601,0.3333333333333333,0.0,0.8392857142857143,2.769023888625217,1.0,1.0,1.0,1.0,0.5,1.0,1.0,0.4444444444444444,1.0,109.0,1.7578590710957844
1115,E0_DELETE,0.6666666666666666,0.5,0.5,1.0,1.0,1.0,0.20000000000000004,4.0,0.625,0.0,0.6614378277661477,0.6614378277661477,1.4142135623730951,1.0,0.0,0.6785714285714285,2.3684210526315788,1.0,1.0,1.0,1.0,1.0,1.0,1.0,0.5,1.0,109.0,1.6394987901051838
1115,E0_REVERSE,0.6,0.5,0.5,1.0,0.8333333333333334,1.0,0.1818181818181818,4.0,0.625,0.0,0.6959705453537527,0.6959705453537527,1.4142135623730951,1.0,0.0,0.6785714285714285,2.263157894736842,1.0,1.0,1.0,1.0,1.0,1.0,1.0,0.5,1.0,109.0,1.5146141052246094
1115,E1_DELETE,0.6666666666666666,0.5,0.5,1.0,1.0,0.6666666666666666,0.20000000000000004,4.0,0.625,0.0,0.43301270189221935,0.6614378277661477,1.4142135623730943,1.0,0.0,0.6785714285714285,2.4210526315789473,1.0,1.0,1.0,1.0,1.0,1.0,1.0,0.5,1.0,109.0,1.5131444136301677
1115,E1_REVERSE,0.6,0.5,0.5,1.0,0.75,1.0,0.1818181818181818,4.0,0.625,0.0,0.4841229182759272,0.6959705453537527,1.4142135623730943,1.0,0.0,0.6785714285714285,2.210526315789474,1.0,1.0,1.0,1.0,1.0,1.0,1.0,0.5,1.0,109.0,1.7657384872436523
1115,E2_DELETE,0.6666666666666666,0.5,0.5,1.0,1.0,0.5,0.20000000000000004,5.0,0.5,0.0,0.43301270189221935,0.6614378277661477,1.2720196495140697,1.0,0.0,0.6071428571428571,2.2941176470588234,1.0,1.0,1.0,1.0,1.0,1.0,1.0,0.5,1.0,109.0,1.7457222143809001
1115,E2_REVERSE,0.6,0.5,0.5,1.0,0.75,1.0,0.1818181818181818,5.0,0.5,0.0,0.6959705453537527,0.8569568250501304,1.2720196495140697,1.0,0.0,0.6071428571428571,2.176470588235294,1.0,1.0,1.0,1.0,1.0,1.0,1.0,0.5,1.0,109.0,1.5881930192311604
1115,E3_DELETE,0.6666666666666666,0.5,0.0,1.0,1.0,0.6666666666666666,0.20000000000000004,3.0,0.75,0.0,0.6614378277661477,0.43301270189221935,1.2106077944060876,1.0,0.0,0.7678571428571429,2.7674418604651163,1.0,1.0,1.0,1.0,1.0,1.0,1.0,0.5,1.0,109.0,1.4981079896291096
1115,E3_REVERSE,0.6,0.5,0.0,1.0,0.75,1.0,0.1818181818181818,3.0,0.75,0.0,0.8569568250501304,0.4841229182759272,1.2106077944060876,1.0,0.0,0.7678571428571429,2.7209302325581395,1.0,1.0,1.0,1.0,1.0,1.0,1.0,0.5,1.0,109.0,1.6956220467885335
1115,E4_DELETE,0.6666666666666666,0.5,0.0,1.0,1.0,1.0,0.20000000000000004,3.0,0.75,0.0,0.6614378277661477,0.6614378277661477,1.210607794406086,1.0,0.0,0.7678571428571429,2.7674418604651163,1.0,1.0,1.0,1.0,1.0,1.0,1.0,0.5,1.0,109.0,1.5559906959533691
1115,E4_REVERSE,0.6,0.5,0.0,1.0,1.0,1.0,0.1818181818181818,1.6666666666666667,0.9166666666666666,0.0,0.5547387939685356,0.7496326385858786,1.3639716812507165,1.0,0.0,0.9226190476190476,3.121262458471761,1.0,1.0,1.0,1.0,0.6666666666666666,1.0,1.0,0.5,1.0,109.0,1.8226948579152424
1115,E5_DELETE,0.6666666666666666,0.5,0.0,1.0,1.0,1.0,0.20000000000000004,1.0,1.0,0.0,0.43301270189221935,0.43301270189221935,1.356203065626297,1.0,0.0,1.0,3.142857142857143,1.0,1.0,1.0,1.0,1.0,1.0,1.0,0.5,1.0,109.0,1.5379701455434163
1115,E5_REVERSE,0.6,0.5,0.0,1.0,1.0,1.0,0.1818181818181818,1.0,1.0,0.0,0.4841229182759272,0.6959705453537527,1.46557123187677,1.0,0.0,1.0,3.0714285714285716,1.0,1.0,1.0,1.0,1.0,1.0,1.0,0.5,1.0,109.0,1.522790749867757
1115,E6_DELETE,0.6666666666666666,1.0,0.5,1.0,1.0,1.0,0.20000000000000004,4.0,0.625,0.0,0.6614378277661477,0.6614378277661477,1.4142135623730951,1.0,0.0,0.6785714285714285,2.4210526315789473,1.0,1.0,1.0,1.0,1.0,1.0,1.0,1.0,1.0,109.0,1.6993865172068279
1115,E6_REVERSE,0.6,0.5,0.5,1.0,1.0,1.0,0.1818181818181818,4.0,0.625,0.0,0.8569568250501304,0.4841229182759272,1.4142135623730956,1.0,0.0,0.6785714285714285,2.3157894736842106,1.0,1.0,1.0,1.0,1.0,1.0,1.0,0.3333333333333333,1.0,109.0,1.3653319676717122
1115,E7_DELETE,0.7777777777777778,0.5,1.0,1.0,1.0,1.0,0.0,4.0,0.625,0.2631578947368421,0.7173439510403817,0.6614378277661477,1.2207440846057604,0.0,1.0,0.6785714285714285,2.3596491228070176,1.0,1.0,1.0,0.3333333333333333,0.5,1.0,1.0,1.0,1.0,109.0,1.7198506196339924
1115,E7_REVERSE,0.8000000000000002,0.0,0.0,0.0,1.0,1.0,0.0,8.0,0.125,0.2608695652173913,0.8569568250501304,0.8569568250501304,0.0,0.0,0.0,0.5,1.892857142857143,1.0,1.0,1.0,1.0,1.0,0.8000000000000002,1.0,0.5,1.0,109.0,1.50123397509257
1115,E8_DELETE,0.7777777777777778,0.5,0.5,1.0,1.0,1.0,0.20000000000000004,1.0,1.0,0.0,0.43301270189221935,0.43301270189221935,1.3883666574370508,1.0,0.0,1.0,3.035714285714286,1.0,1.0,1.0,1.0,1.0,1.0,1.0,0.5,1.0,109.0,1.4961287180582683
1115,E8_REVERSE,0.8000000000000002,0.5,0.5,1.0,1.0,1.0,0.1818181818181818,1.0,1.0,0.0,0.4841229182759272,0.4841229182759272,1.437356911840786,1.0,0.0,1.0,2.892857142857143,1.0,1.0,1.0,1.0,1.0,1.0,1.0,0.5,1.0,109.0,1.4078798294067383
1115,E9_DELETE,0.7777777777777778,0.5,0.5,1.0,1.0,1.0,0.0,1.0,1.0,0.0,0.43301270189221935,0.43301270189221935,1.2106077944060862,0.0,0.0,1.0,3.0714285714285716,1.0,1.0,1.0,1.0,1.0,1.0,1.0,0.5,1.0,109.0,1.6193554401397705
1115,E9_REVERSE,0.8000000000000002,0.8333333333333334,0.8333333333333334,1.0,1.0,1.0,0.0,3.6666666666666665,0.6666666666666666,0.16666666666666666,0.732678856125396,0.6253546696611442,1.1007200133060804,0.0,0.0,0.7380952380952381,2.261904761904762,1.0,1.0,1.0,1.0,1.0,1.0,1.0,0.8333333333333334,1.0,109.0,1.6450629234313965
1115,F_SURFACE_FORMAT_CONTROL,0.6999999999999998,0.8333333333333334,1.0,1.0,1.0,1.0,0.1818181818181818,3.6666666666666665,0.6666666666666666,0.05263157894736842,0.7496326385858786,0.7496326385858786,1.460733699592076,1.0,0.0,0.7083333333333334,2.2390860873113017,1.0,1.0,1.0,1.0,1.0,1.0,1.0,1.0,1.0,109.0,2.20375649134318
1115,G_RANDOM_CONTROL,0.6999999999999998,0.8333333333333334,0.6666666666666666,0.0,0.5833333333333334,0.7222222222222222,0.1818181818181818,6.0,0.375,0.16083916083916083,0.9020234639164942,1.2483125801258776,1.1737932356015228,1.0,0.6666666666666666,0.5297619047619048,1.8292559225892557,1.0,1.0,1.0,1.0,0.6666666666666666,1.0,1.0,0.5,1.0,109.0,1.7000874678293865
1115,I_ISOMORPHIC_RELABEL,0.6999999999999998,1.0,1.0,1.0,1.0,1.0,0.1818181818181818,4.0,0.625,0.10526315789473684,0.8569568250501304,0.6959705453537527,1.4142135623730951,1.0,0.0,0.6785714285714285,2.175438596491228,1.0,1.0,1.0,1.0,1.0,1.0,1.0,1.0,1.0,109.0,1.8952109813690186
1115,L_FORWARD_CONTROL,1.0,0.6666666666666666,0.6666666666666666,0.0,1.0,0.5,0.12121212121212122,7.333333333333333,0.20833333333333334,0.202020202020202,0.8032947318180046,0.6959705453537527,0.6666666666666666,0.6666666666666666,0.0,0.4702380952380953,1.772079772079772,1.0,1.0,1.0,1.0,0.8333333333333334,0.8333333333333334,1.0,1.0,1.0,109.0,1.6523136297861736
1115,M0_SWITCH_NEUTRALIZED,0.6999999999999998,0.0,0.0,1.0,1.0,1.0,0.06060606060606061,1.0,1.0,0.09999999999999999,0.4841229182759272,0.4841229182759272,1.2969250179835135,0.3333333333333333,0.0,1.0,3.1785714285714284,1.0,1.0,1.0,0.0,0.0,1.0,1.0,0.38888888888888884,1.0,109.0,1.6904236475626628
1115,M_SWITCH_REASSIGNED,0.6999999999999998,0.5,1.0,0.0,1.0,0.5,0.30303030303030304,3.3333333333333335,0.6666666666666666,0.05555555555555555,0.8569568250501304,0.7496326385858786,1.386175758080971,1.6666666666666667,0.0,0.6785714285714285,2.3244739756367667,1.0,1.0,1.0,1.0,0.8333333333333334,0.8000000000000002,1.0,1.0,1.0,109.0,1.8454902172088623
1115,O_ORDER_SHUFFLED,0.6,1.0,0.5,0.0,0.5,0.8888888888888888,0.1818181818181818,3.0,0.75,0.0,0.6959705453537527,0.4841229182759272,1.5537739740300385,1.0,0.0,0.7678571428571429,2.441860465116279,1.0,1.0,1.0,1.0,1.0,1.0,1.0,0.5,0.42857142857142855,109.0,1.7307008107503254
1115,P_ANCHOR_REASSIGNED,0.6999999999999998,0.5,0.5,1.0,1.0,1.0,0.1818181818181818,1.0,1.0,0.0,0.4841229182759272,0.4841229182759272,1.4851159653039219,1.0,0.0,1.0,2.857142857142857,1.0,1.0,1.0,1.0,1.0,1.0,1.0,0.5,1.0,109.0,1.6636981964111328
1115,R_DEGREE_MATCHED_REWIRE,0.5,0.5,0.0,1.0,1.0,0.42857142857142855,0.3636363636363636,2.0,0.75,0.23076923076923075,0.4841229182759272,0.4841229182759272,1.4804720565386278,2.0,1.0,0.7857142857142857,2.6136363636363638,1.0,1.0,1.0,1.0,1.0,1.0,1.0,0.5,1.0,109.0,1.7064813772837322
1115,T_TERMINAL_CHANGED,0.6999999999999998,0.5,0.5,1.0,1.0,1.0,0.1818181818181818,1.0,1.0,0.0,0.4841229182759272,0.4841229182759272,1.4851159653039219,1.0,0.0,1.0,2.857142857142857,1.0,1.0,1.0,1.0,1.0,1.0,1.0,0.5,0.0,109.0,1.6058765252431233
1115,X_COMPLEXITY_MATCHED,0.6999999999999998,0.6666666666666666,0.6666666666666666,1.0,0.4166666666666667,0.5,0.06060606060606061,2.6666666666666665,0.7916666666666666,0.26614718614718613,0.7496326385858786,0.6253546696611442,1.5268689999664105,0.3333333333333333,1.0,0.7202380952380952,2.269933554817276,1.0,1.0,1.0,1.0,1.0,1.0,1.0,0.38888888888888884,1.0,109.0,1.9534238974253337
1115,Y_TOPOLOGY_MATCHED,0.4000000000000001,0.5,1.0,1.0,0.5,0.5,0.1818181818181818,3.0,0.75,0.15789473684210525,0.8569568250501304,0.6959705453537527,1.4384165665852342,1.0,0.0,0.7678571428571429,2.488372093023256,1.0,1.0,1.0,1.0,1.0,1.0,1.0,0.3333333333333333,1.0,109.0,1.4076493581136067
1116,A_AUTHENTIC,0.6999999999999998,0.5,0.5,1.0,1.0,1.0,0.1818181818181818,1.0,1.0,0.0,0.4841229182759272,0.4841229182759272,1.4851159653039219,1.0,0.0,1.0,2.857142857142857,1.0,1.0,1.0,1.0,1.0,1.0,1.0,0.5,1.0,109.0,1.8365546067555745
1116,D_ALL_DIRECTION_REVERSED,0.3,0.5,1.0,0.0,0.0,1.0,0.1818181818181818,3.0,0.75,0.0,0.8569568250501304,0.6959705453537527,1.5537739740300378,1.0,0.0,0.7678571428571429,2.3488372093023258,1.0,1.0,1.0,0.3333333333333333,1.0,1.0,1.0,0.5,1.0,109.0,1.6790296236673992
1116,E0_DELETE,0.6666666666666666,0.6666666666666666,0.6666666666666666,1.0,1.0,1.0,0.20000000000000004,3.6666666666666665,0.6666666666666666,0.0,0.7173439510403817,0.76370716402805,1.4607336995920759,1.0,0.0,0.6309523809523809,2.2211866471734893,1.0,1.0,1.0,1.0,1.0,1.0,1.0,0.8333333333333334,1.0,109.0,1.6406063238779705
1116,E0_REVERSE,0.6,0.5,0.5,1.0,0.75,0.5,0.1818181818181818,4.0,0.625,0.0,0.6959705453537527,0.6959705453537527,1.4142135623730951,1.0,0.0,0.6785714285714285,2.263157894736842,1.0,1.0,1.0,1.0,1.0,1.0,1.0,0.5,1.0,109.0,2.0293068091074624
1116,E1_DELETE,0.6666666666666666,0.8333333333333334,0.5,1.0,1.0,0.6666666666666666,0.20000000000000004,4.0,0.625,0.0,0.5852961191415048,0.6614378277661477,1.414213562373095,1.0,0.0,0.6785714285714285,2.4210526315789473,1.0,1.0,1.0,1.0,1.0,1.0,1.0,0.8333333333333334,1.0,109.0,1.5419553120930989
1116,E1_REVERSE,0.6,0.5,0.6666666666666666,1.0,0.75,1.0,0.1818181818181818,4.0,0.625,0.0,0.6084008872006615,0.7946992774522422,1.4142135623730947,1.0,0.0,0.636904761904762,2.1295981890209394,1.0,1.0,1.0,1.0,1.0,1.0,1.0,0.6666666666666666,1.0,109.0,1.5799670219421387
1116,E2_DELETE,0.6666666666666666,0.5,0.5,1.0,1.0,0.5,0.20000000000000004,5.0,0.5,0.0,0.43301270189221935,0.6614378277661477,1.2720196495140697,1.0,0.0,0.6071428571428571,2.2941176470588234,1.0,1.0,1.0,1.0,1.0,1.0,1.0,0.5,1.0,109.0,1.607179880142212
1116,E2_REVERSE,0.6,0.5,0.3333333333333333,1.0,0.75,1.0,0.12121212121212122,4.0,0.625,0.047619047619047616,0.6959705453537527,0.8032947318180046,1.2274070533664247,0.6666666666666666,0.0,0.6964285714285715,2.4101640656262506,1.0,1.0,1.0,1.0,0.8333333333333334,1.0,1.0,0.5,1.0,109.0,1.6639691193898518
1116,E3_DELETE,0.6666666666666666,0.6666666666666666,0.0,1.0,1.0,0.6666666666666666,0.20000000000000004,4.333333333333333,0.5833333333333334,0.0,0.7173439510403817,0.509154410516862,1.1404051962707251,1.0,0.0,0.6607142857142857,2.498294573643411,1.0,1.0,1.0,1.0,1.0,1.0,1.0,0.6666666666666666,1.0,109.0,1.6711073716481526
1116,E3_REVERSE,0.6,0.5,0.0,1.0,0.75,1.0,0.1818181818181818,3.0,0.75,0.0,0.8569568250501304,0.4841229182759272,1.2106077944060876,1.0,0.0,0.7678571428571429,2.7209302325581395,1.0,1.0,1.0,1.0,1.0,1.0,1.0,0.5,1.0,109.0,1.503365198771159
1116,E4_DELETE,0.6666666666666666,0.5,0.0,1.0,1.0,1.0,0.20000000000000004,3.0,0.75,0.0,0.6614378277661477,0.6614378277661477,1.210607794406086,1.0,0.0,0.7678571428571429,2.7674418604651163,1.0,1.0,1.0,1.0,1.0,1.0,1.0,0.5,1.0,109.0,1.5830907821655273
1116,E4_REVERSE,0.6,0.5,0.16666666666666666,1.0,1.0,1.0,0.1818181818181818,3.6666666666666665,0.6666666666666666,0.0,0.7496326385858786,0.9416459840882365,1.231078412775414,1.0,0.0,0.7023809523809524,2.522286821705426,1.0,1.0,1.0,1.0,1.0,1.0,1.0,0.6666666666666666,1.0,109.0,1.4940975507100422
1116,E5_DELETE,0.6666666666666666,0.5,0.0,1.0,1.0,1.0,0.20000000000000004,1.0,1.0,0.0,0.43301270189221935,0.43301270189221935,1.356203065626297,1.0,0.0,1.0,3.142857142857143,1.0,1.0,1.0,1.0,1.0,1.0,1.0,0.5,1.0,109.0,1.3633459409077961
1116,E5_REVERSE,0.6,0.5,0.0,1.0,1.0,1.0,0.1818181818181818,1.0,1.0,0.0,0.4841229182759272,0.6959705453537527,1.46557123187677,1.0,0.0,1.0,3.0714285714285716,1.0,1.0,1.0,1.0,1.0,1.0,1.0,0.5,1.0,109.0,1.3618369897206624
1116,E6_DELETE,0.6666666666666666,0.8333333333333334,0.5,1.0,1.0,1.0,0.20000000000000004,4.0,0.625,0.0,0.6614378277661477,0.5852961191415048,1.4142135623730956,1.0,0.0,0.6785714285714285,2.4736842105263155,1.0,1.0,1.0,1.0,1.0,1.0,1.0,0.8333333333333334,1.0,109.0,2.0914209683736167
1116,E6_REVERSE,0.6,0.5,0.5,1.0,1.0,1.0,0.1818181818181818,4.0,0.625,0.0,0.8569568250501304,0.4841229182759272,1.4142135623730956,1.0,0.0,0.6785714285714285,2.3157894736842106,1.0,1.0,1.0,1.0,1.0,1.0,1.0,0.3333333333333333,1.0,109.0,1.4361075560251872
1116,E7_DELETE,0.7777777777777778,0.16666666666666666,0.16666666666666666,0.0,1.0,0.7777777777777777,0.0,7.0,0.25,0.0,0.7173439510403817,0.641202242415739,0.3333333333333335,0.0,0.0,0.48214285714285715,1.9639540026536932,1.0,1.0,1.0,1.0,0.6666666666666666,1.0,1.0,0.6666666666666666,1.0,109.0,1.9161875247955322
1116,E7_REVERSE,0.8000000000000002,0.8333333333333334,0.8333333333333334,0.0,1.0,1.0,0.0,5.333333333333333,0.4583333333333333,0.27777777777777773,0.9921567416492215,0.8569568250501304,1.1082393190815822,0.0,1.0,0.5654761904761906,2.0351040695868283,1.0,1.0,1.0,0.0,0.6666666666666666,0.8000000000000002,1.0,1.0,1.0,109.0,1.6713552474975586
1116,E8_DELETE,0.7777777777777778,0.5,0.5,1.0,1.0,1.0,0.20000000000000004,1.0,1.0,0.0,0.43301270189221935,0.43301270189221935,1.3883666574370508,1.0,0.0,1.0,3.035714285714286,1.0,1.0,1.0,1.0,1.0,1.0,1.0,0.5,1.0,109.0,1.554307222366333
1116,E8_REVERSE,0.8000000000000002,0.5,0.5,1.0,1.0,1.0,0.1818181818181818,1.0,1.0,0.0,0.4841229182759272,0.4841229182759272,1.437356911840786,1.0,0.0,1.0,2.892857142857143,1.0,1.0,1.0,1.0,1.0,1.0,1.0,0.5,1.0,109.0,1.4618604183197021
1116,E9_DELETE,0.7777777777777778,0.5,0.5,1.0,1.0,1.0,0.13333333333333333,3.0,0.75,0.0,0.5852961191415048,0.5852961191415048,1.346344973050759,0.6666666666666666,0.0,0.7857142857142857,2.637844611528822,1.0,1.0,1.0,1.0,1.0,1.0,1.0,0.8333333333333334,1.0,109.0,1.524828275044759
1116,E9_REVERSE,0.8000000000000002,0.0,0.5,1.0,1.0,1.0,0.0,1.0,1.0,0.13636363636363635,0.6959705453537527,0.6959705453537527,1.31480647746688,0.0,1.0,1.0,2.9285714285714284,1.0,1.0,1.0,1.0,1.0,0.8000000000000002,1.0,0.5,1.0,109.0,1.4347004890441895
1116,F_SURFACE_FORMAT_CONTROL,0.6999999999999998,0.6666666666666666,0.8333333333333334,1.0,1.0,1.0,0.1818181818181818,2.6666666666666665,0.7916666666666666,0.05263157894736842,0.6790167628932702,0.6790167628932702,1.4843678339023514,1.0,0.0,0.8154761904761906,2.4546249344290962,1.0,1.0,1.0,1.0,1.0,1.0,1.0,0.8333333333333334,1.0,109.0,1.6206799348195393
1116,G_RANDOM_CONTROL,0.3,1.0,0.0,0.0,0.25,0.6,0.24242424242424243,4.666666666666667,0.5416666666666666,0.24848484848484845,0.7496326385858786,1.1110243021644486,1.4484520087088766,1.3333333333333333,0.6666666666666666,0.5952380952380952,2.0207900207900207,1.0,1.0,1.0,1.0,0.6666666666666666,1.0,1.0,0.25,1.0,109.0,1.346605936686198
1116,I_ISOMORPHIC_RELABEL,0.6999999999999998,0.8333333333333334,1.0,1.0,1.0,1.0,0.1818181818181818,3.6666666666666665,0.6666666666666666,0.05555555555555555,0.6959705453537527,0.8032947318180046,1.460733699592076,1.0,0.0,0.7083333333333334,2.2917176662586702,1.0,1.0,1.0,1.0,1.0,1.0,1.0,1.0,1.0,109.0,1.59554918607076
1116,L_FORWARD_CONTROL,1.0,0.0,0.0,0.0,1.0,1.0,0.0,1.0,1.0,0.0,0.4841229182759272,0.4841229182759272,1.321185530597359,0.0,0.0,1.0,2.785714285714286,1.0,1.0,1.0,1.0,1.0,0.8333333333333334,1.0,0.5,1.0,109.0,1.65516996383667
1116,M0_SWITCH_NEUTRALIZED,0.6999999999999998,0.3333333333333333,0.3333333333333333,1.0,1.0,1.0,0.0,2.0,0.875,0.13333333333333333,0.6253546696611442,0.5547387939685356,1.318819572915066,0.0,0.3333333333333333,0.8928571428571429,2.805764411027569,1.0,1.0,1.0,0.0,0.0,1.0,1.0,0.5555555555555555,1.0,109.0,2.2810787359873452
1116,M_SWITCH_REASSIGNED,0.6999999999999998,0.3333333333333333,0.3333333333333333,1.0,1.0,1.0,0.12121212121212122,1.6666666666666667,0.9166666666666666,0.047619047619047616,0.4841229182759272,0.8032947318180046,1.440361870834188,0.6666666666666666,0.0,0.9166666666666666,2.7074829931972793,1.0,1.0,1.0,1.0,1.0,1.0,1.0,0.8333333333333334,1.0,109.0,1.519071340560913
1116,O_ORDER_SHUFFLED,0.4000000000000001,0.8333333333333334,0.8333333333333334,0.0,0.5,1.0,0.1818181818181818,3.3333333333333335,0.7083333333333334,0.05555555555555555,0.6959705453537527,0.6790167628932702,1.5286738417176757,1.0,0.3333333333333333,0.7380952380952381,2.3280293757649937,1.0,1.0,1.0,1.0,1.0,1.0,1.0,0.8333333333333334,0.42857142857142855,109.0,1.9405694802602131
1116,P_ANCHOR_REASSIGNED,0.6999999999999998,0.5,0.5,1.0,1.0,1.0,0.1818181818181818,1.0,1.0,0.0,0.4841229182759272,0.4841229182759272,1.4851159653039219,1.0,0.0,1.0,2.857142857142857,1.0,1.0,1.0,1.0,1.0,1.0,1.0,0.5,1.0,109.0,1.6523977915445964
1116,R_DEGREE_MATCHED_REWIRE,0.5,0.8333333333333334,0.5,1.0,0.6666666666666666,0.5555555555555555,0.3636363636363636,5.0,0.5,0.14285714285714285,0.6959705453537527,0.8569568250501304,1.6060640143683693,2.0,0.3333333333333333,0.5178571428571429,1.9655172413793103,1.0,1.0,1.0,1.0,1.0,1.0,1.0,1.0,1.0,109.0,2.1373068491617837
1116,T_TERMINAL_CHANGED,0.6999999999999998,0.5,0.5,1.0,1.0,1.0,0.1818181818181818,1.0,1.0,0.0,0.4841229182759272,0.4841229182759272,1.4851159653039219,1.0,0.0,1.0,2.857142857142857,1.0,1.0,1.0,1.0,1.0,1.0,1.0,0.5,0.0,109.0,1.6298827330271404
1116,X_COMPLEXITY_MATCHED,0.20000000000000004,1.0,0.5,1.0,0.25,0.5,0.0,2.0,0.875,0.3,0.4841229182759272,0.6959705453537527,1.2207440846057591,0.0,1.0,0.875,2.7755102040816326,1.0,1.0,1.0,1.0,1.0,1.0,1.0,0.5,1.0,109.0,1.5236152807871501
1116,Y_TOPOLOGY_MATCHED,0.5,1.0,0.3333333333333333,1.0,0.75,1.0,0.0,4.0,0.625,0.13043478260869565,0.6959705453537527,0.6959705453537527,1.2207440846057604,0.0,1.0,0.6785714285714285,2.1052631578947367,1.0,1.0,1.0,1.0,1.0,1.0,1.0,1.0,1.0,109.0,1.9672880172729492
1117,A_AUTHENTIC,0.6999999999999998,0.5,0.5,1.0,1.0,1.0,0.1818181818181818,1.0,1.0,0.0,0.4841229182759272,0.4841229182759272,1.4851159653039219,1.0,0.0,1.0,2.857142857142857,1.0,1.0,1.0,1.0,1.0,1.0,1.0,0.5,1.0,109.0,1.516499678293864
1117,D_ALL_DIRECTION_REVERSED,0.3,1.0,0.5,0.0,0.0,1.0,0.0,2.0,0.875,0.13043478260869565,0.6959705453537527,0.8569568250501304,1.347130453100866,0.0,0.0,0.875,2.857142857142857,1.0,1.0,1.0,0.3333333333333333,0.5,1.0,1.0,0.5,1.0,109.0,1.6401962439219158
1117,E0_DELETE,0.6666666666666666,0.8333333333333334,0.8333333333333334,1.0,1.0,1.0,0.20000000000000004,3.6666666666666665,0.6666666666666666,0.05882352941176471,0.7173439510403817,0.8659765002899521,1.4607336995920759,1.0,0.0,0.625,2.2189052380054077,1.0,1.0,1.0,1.0,1.0,1.0,1.0,1.0,1.0,109.0,1.6249523162841797
1117,E0_REVERSE,0.6,0.5,0.6666666666666666,1.0,0.75,0.75,0.1818181818181818,3.6666666666666665,0.6666666666666666,0.0,0.6253546696611442,0.7946992774522422,1.4607336995920759,1.0,0.0,0.7023809523809524,2.2548036758563073,1.0,1.0,1.0,1.0,1.0,1.0,1.0,0.6666666666666666,1.0,109.0,1.7138553460439045
1117,E1_DELETE,0.6666666666666666,0.5,0.5,1.0,1.0,0.6666666666666666,0.20000000000000004,4.0,0.625,0.0,0.43301270189221935,0.6614378277661477,1.4142135623730943,1.0,0.0,0.6785714285714285,2.4210526315789473,1.0,1.0,1.0,1.0,1.0,1.0,1.0,0.5,1.0,109.0,1.7061618169148762
1117,E1_REVERSE,0.6,0.5,0.5,1.0,0.75,1.0,0.1818181818181818,4.0,0.625,0.0,0.4841229182759272,0.6959705453537527,1.4142135623730943,1.0,0.0,0.6785714285714285,2.210526315789474,1.0,1.0,1.0,1.0,1.0,1.0,1.0,0.5,1.0,109.0,1.6260402202606201
1117,E2_DELETE,0.6666666666666666,0.5,0.8333333333333334,1.0,1.0,0.5,0.20000000000000004,5.0,0.5,0.0,0.5852961191415048,0.8659765002899521,1.2720196495140692,1.0,0.0,0.5238095238095238,1.999273783587509,1.0,1.0,1.0,1.0,1.0,1.0,1.0,0.8333333333333334,1.0,109.0,1.574257453282674
1117,E2_REVERSE,0.6,0.5,0.5,1.0,0.75,1.0,0.1818181818181818,5.0,0.5,0.0,0.6959705453537527,0.8569568250501304,1.2720196495140697,1.0,0.0,0.6071428571428571,2.176470588235294,1.0,1.0,1.0,1.0,1.0,1.0,1.0,0.5,1.0,109.0,1.4872601826985676
1117,E3_DELETE,0.6666666666666666,0.5,0.0,1.0,1.0,0.6666666666666666,0.20000000000000004,3.0,0.75,0.0,0.6614378277661477,0.43301270189221935,1.2106077944060876,1.0,0.0,0.7678571428571429,2.7674418604651163,1.0,1.0,1.0,1.0,1.0,1.0,1.0,0.5,1.0,109.0,1.5453903675079346
1117,E3_REVERSE,0.6,0.5,0.0,1.0,0.75,1.0,0.1818181818181818,3.0,0.75,0.0,0.8569568250501304,0.4841229182759272,1.2106077944060876,1.0,0.0,0.7678571428571429,2.7209302325581395,1.0,1.0,1.0,1.0,1.0,1.0,1.0,0.5,1.0,109.0,1.5769887765248616
1117,E4_DELETE,0.6666666666666666,0.5,0.0,1.0,1.0,1.0,0.20000000000000004,3.0,0.75,0.0,0.6614378277661477,0.6614378277661477,1.210607794406086,1.0,0.0,0.7678571428571429,2.7674418604651163,1.0,1.0,1.0,1.0,1.0,1.0,1.0,0.5,1.0,109.0,1.416759729385376
1117,E4_REVERSE,0.6,0.5,0.0,1.0,1.0,1.0,0.1818181818181818,3.0,0.75,0.0,0.6959705453537527,0.8569568250501304,1.210607794406086,1.0,0.0,0.7678571428571429,2.7209302325581395,1.0,1.0,1.0,1.0,1.0,1.0,1.0,0.5,1.0,109.0,1.5597044626871746
1117,E5_DELETE,0.6666666666666666,0.5,0.16666666666666666,1.0,1.0,1.0,0.20000000000000004,1.6666666666666667,0.9166666666666666,0.0,0.509154410516862,0.5650605337910962,1.3755398978752298,1.0,0.0,0.9226190476190476,2.971207087486157,1.0,1.0,1.0,1.0,1.0,1.0,1.0,0.6666666666666666,1.0,109.0,1.6422524452209473
1117,E5_REVERSE,0.6,0.5,0.0,1.0,1.0,1.0,0.1818181818181818,1.0,1.0,0.0,0.4841229182759272,0.6959705453537527,1.46557123187677,1.0,0.0,1.0,3.0714285714285716,1.0,1.0,1.0,1.0,1.0,1.0,1.0,0.5,1.0,109.0,1.533868710199992
1117,E6_DELETE,0.6666666666666666,1.0,0.5,1.0,1.0,1.0,0.20000000000000004,4.0,0.625,0.0,0.6614378277661477,0.6614378277661477,1.4142135623730951,1.0,0.0,0.6785714285714285,2.4210526315789473,1.0,1.0,1.0,1.0,1.0,1.0,1.0,1.0,1.0,109.0,1.5212632020314534
1117,E6_REVERSE,0.6,0.5,0.5,1.0,1.0,1.0,0.1818181818181818,4.0,0.625,0.0,0.8569568250501304,0.4841229182759272,1.4142135623730956,1.0,0.0,0.6785714285714285,2.3157894736842106,1.0,1.0,1.0,1.0,1.0,1.0,1.0,0.3333333333333333,1.0,109.0,1.6509331067403157
1117,E7_DELETE,0.7777777777777778,0.0,0.0,1.0,1.0,1.0,0.0,1.0,1.0,0.0,0.43301270189221935,0.43301270189221935,1.2258998355964459,0.0,0.0,1.0,3.1964285714285716,1.0,1.0,1.0,1.0,1.0,0.8000000000000002,1.0,0.5,1.0,109.0,1.7221617698669434
1117,E7_REVERSE,0.8000000000000002,0.16666666666666666,0.16666666666666666,0.0,1.0,0.8888888888888888,0.0,3.6666666666666665,0.6666666666666666,0.09545454545454546,0.6790167628932702,0.6253546696611442,0.9166725116431476,0.0,0.3333333333333333,0.7916666666666666,2.546768707482993,1.0,1.0,1.0,0.6666666666666666,0.8333333333333334,1.0,1.0,0.6666666666666666,1.0,109.0,1.8325618902842205
1117,E8_DELETE,0.7777777777777778,0.6666666666666666,0.8333333333333334,1.0,1.0,1.0,0.20000000000000004,3.0,0.75,0.07142857142857142,0.5852961191415048,0.697108365689973,1.3753191796092956,1.0,0.0,0.7916666666666666,2.590564132629796,1.0,1.0,1.0,1.0,1.0,1.0,1.0,0.8333333333333334,1.0,109.0,1.4037769635518391
1117,E8_REVERSE,0.8000000000000002,0.5,0.5,1.0,1.0,1.0,0.1818181818181818,1.0,1.0,0.0,0.4841229182759272,0.4841229182759272,1.437356911840786,1.0,0.0,1.0,2.892857142857143,1.0,1.0,1.0,1.0,1.0,1.0,1.0,0.5,1.0,109.0,1.4491595427195232
1117,E9_DELETE,0.7777777777777778,0.5,0.5,1.0,1.0,1.0,0.06666666666666667,2.0,0.875,0.0,0.509154410516862,0.509154410516862,1.2784763837284225,0.3333333333333333,0.0,0.8928571428571429,2.854636591478697,1.0,1.0,1.0,1.0,1.0,1.0,1.0,0.6666666666666666,1.0,109.0,1.5982167720794678
1117,E9_REVERSE,0.8000000000000002,0.5,0.5,0.0,1.0,1.0,0.1818181818181818,3.0,0.75,0.3333333333333333,0.6959705453537527,0.6959705453537527,1.5100536759253886,1.0,2.0,0.7678571428571429,2.5813953488372094,1.0,1.0,1.0,1.0,1.0,1.0,1.0,1.0,1.0,109.0,1.7750958601633708
1117,F_SURFACE_FORMAT_CONTROL,0.6999999999999998,0.6666666666666666,1.0,1.0,1.0,1.0,0.1818181818181818,3.3333333333333335,0.7083333333333334,0.05555555555555555,0.6959705453537527,0.8569568250501304,1.5072538368110564,1.0,0.0,0.7380952380952381,2.337821297429621,1.0,1.0,1.0,1.0,1.0,1.0,1.0,1.0,1.0,109.0,1.7856876055399578
1117,G_RANDOM_CONTROL,0.6,0.0,0.0,1.0,0.5833333333333334,0.6666666666666666,0.3636363636363636,3.0,0.75,0.23076923076923075,0.9921567416492215,0.4841229182759272,1.4851159653039179,2.0,0.0,0.75,2.642857142857143,1.0,1.0,1.0,1.0,1.0,1.0,1.0,0.5,1.0,109.0,1.9089885552724202
1117,I_ISOMORPHIC_RELABEL,0.6999999999999998,0.6666666666666666,0.6666666666666666,1.0,1.0,1.0,0.1818181818181818,2.0,0.875,0.05555555555555555,0.5547387939685356,0.6084008872006615,1.4614818309936464,1.0,0.0,0.8928571428571429,2.676691729323308,1.0,1.0,1.0,1.0,1.0,1.0,1.0,0.6666666666666666,1.0,109.0,1.3813453515370686
1117,L_FORWARD_CONTROL,1.0,0.16666666666666666,0.16666666666666666,0.0,1.0,1.0,0.0,3.6666666666666665,0.6666666666666666,0.393939393939394,0.732678856125396,0.4841229182759272,1.2040129977905212,0.0,1.3333333333333333,0.7440476190476191,2.312040181097906,1.0,1.0,1.0,1.0,0.8333333333333334,1.0,1.0,0.5,1.0,109.0,1.458080768585205
1117,M0_SWITCH_NEUTRALIZED,0.6999999999999998,0.0,0.0,1.0,1.0,1.0,0.3636363636363636,2.0,0.75,0.0,0.4841229182759272,0.4841229182759272,1.3423627437488126,2.0,0.0,0.7857142857142857,2.8181818181818183,1.0,1.0,1.0,0.0,0.0,1.0,1.0,0.5,1.0,109.0,1.5131306648254395
1117,M_SWITCH_REASSIGNED,0.6999999999999998,0.0,0.8333333333333334,1.0,1.0,1.0,0.1818181818181818,2.6666666666666665,0.7916666666666666,0.3111111111111111,0.732678856125396,0.8569568250501304,1.4588189515585857,1.0,1.0,0.8035714285714285,2.72172124663819,1.0,1.0,1.0,1.0,0.8333333333333334,1.0,1.0,1.0,1.0,109.0,2.222965399424235
1117,O_ORDER_SHUFFLED,0.6,0.0,0.8333333333333334,0.0,0.5,1.0,0.1818181818181818,3.0,0.75,0.0,0.6253546696611442,0.6253546696611442,1.4378476966833709,1.0,0.0,0.7857142857142857,2.4611528822055138,1.0,1.0,1.0,1.0,1.0,1.0,1.0,0.8333333333333334,0.7142857142857143,109.0,1.5423563321431477
1117,P_ANCHOR_REASSIGNED,0.6999999999999998,0.5,0.5,1.0,1.0,1.0,0.1818181818181818,1.0,1.0,0.0,0.4841229182759272,0.4841229182759272,1.4851159653039219,1.0,0.0,1.0,2.857142857142857,1.0,1.0,1.0,1.0,1.0,1.0,1.0,0.5,1.0,109.0,1.6340196927388508
1117,R_DEGREE_MATCHED_REWIRE,0.6,1.0,1.0,1.0,0.9166666666666666,0.6666666666666666,0.0,4.0,0.625,0.48,0.6959705453537527,0.8569568250501304,1.363964602100453,0.0,2.0,0.6785714285714285,2.1578947368421053,1.0,1.0,1.0,1.0,1.0,1.0,1.0,1.0,1.0,109.0,1.6599539915720622
1117,T_TERMINAL_CHANGED,0.6999999999999998,0.5,0.5,1.0,1.0,1.0,0.1818181818181818,1.0,1.0,0.0,0.4841229182759272,0.4841229182759272,1.4851159653039219,1.0,0.0,1.0,2.857142857142857,1.0,1.0,1.0,1.0,1.0,1.0,1.0,0.5,0.0,109.0,1.546521504720052
1117,X_COMPLEXITY_MATCHED,0.5,0.8333333333333334,0.8333333333333334,1.0,0.4166666666666667,1.0,0.06060606060606061,3.6666666666666665,0.6666666666666666,0.35543478260869565,0.9416459840882365,0.6790167628932702,1.272275514160196,0.3333333333333333,1.0,0.7083333333333334,2.3004895960832314,1.0,1.0,1.0,1.0,1.0,1.0,1.0,0.3055555555555555,1.0,109.0,1.871689796447754
1117,Y_TOPOLOGY_MATCHED,0.20000000000000004,0.6666666666666666,0.8333333333333334,1.0,0.25,0.6666666666666666,0.06060606060606061,2.6666666666666665,0.7916666666666666,0.1901311249137336,0.6253546696611442,0.6959705453537527,1.3506187398185767,0.3333333333333333,1.0,0.8035714285714285,2.4589463692453726,1.0,1.0,1.0,1.0,1.0,1.0,1.0,0.4444444444444444,1.0,109.0,1.8003794352213542
1118,A_AUTHENTIC,0.6999999999999998,0.5,0.5,1.0,1.0,1.0,0.1818181818181818,1.0,1.0,0.0,0.4841229182759272,0.4841229182759272,1.4851159653039219,1.0,0.0,1.0,2.857142857142857,1.0,1.0,1.0,1.0,1.0,1.0,1.0,0.5,1.0,109.0,2.6332291762034097
1118,D_ALL_DIRECTION_REVERSED,0.3,0.0,1.0,0.0,0.0,1.0,0.06060606060606061,4.0,0.625,0.09523809523809523,0.8032947318180046,0.6959705453537527,1.2852339105282051,0.3333333333333333,0.6666666666666666,0.6785714285714285,2.2982456140350878,1.0,1.0,1.0,1.0,0.6666666666666666,1.0,1.0,0.3333333333333333,1.0,109.0,1.5027154286702473
1118,E0_DELETE,0.6666666666666666,0.6666666666666666,0.5,1.0,1.0,1.0,0.20000000000000004,4.0,0.625,0.0,0.6614378277661477,0.6614378277661477,1.4142135623730951,1.0,0.0,0.6785714285714285,2.3859649122807016,1.0,1.0,1.0,1.0,1.0,1.0,1.0,0.6666666666666666,1.0,109.0,1.5830881595611572
1118,E0_REVERSE,0.6,0.6666666666666666,0.6666666666666666,1.0,0.75,1.0,0.1818181818181818,4.0,0.625,0.05263157894736842,0.7496326385858786,0.7946992774522422,1.4142135623730951,1.0,0.0,0.6428571428571429,2.175438596491228,1.0,1.0,1.0,1.0,1.0,1.0,1.0,0.6666666666666666,1.0,109.0,1.5790751775105794
1118,E1_DELETE,0.6666666666666666,0.5,0.5,1.0,1.0,0.6666666666666666,0.20000000000000004,4.0,0.625,0.0,0.43301270189221935,0.6614378277661477,1.4142135623730943,1.0,0.0,0.6785714285714285,2.4210526315789473,1.0,1.0,1.0,1.0,1.0,1.0,1.0,0.5,1.0,109.0,1.5335276126861572
1118,E1_REVERSE,0.6,0.5,0.5,1.0,0.8333333333333334,0.75,0.1818181818181818,4.0,0.625,0.0,0.4841229182759272,0.6959705453537527,1.4142135623730943,1.0,0.0,0.6785714285714285,2.210526315789474,1.0,1.0,1.0,1.0,1.0,1.0,1.0,0.5,1.0,109.0,1.19994060198466
1118,E2_DELETE,0.6666666666666666,0.5,0.5,1.0,1.0,0.5,0.20000000000000004,5.0,0.5,0.0,0.43301270189221935,0.6614378277661477,1.2720196495140697,1.0,0.0,0.6071428571428571,2.2941176470588234,1.0,1.0,1.0,1.0,1.0,1.0,1.0,0.5,1.0,109.0,1.5292686621348064
1118,E2_REVERSE,0.6,0.5,0.5,1.0,0.75,1.0,0.1818181818181818,5.0,0.5,0.0,0.6959705453537527,0.8569568250501304,1.2720196495140697,1.0,0.0,0.6071428571428571,2.176470588235294,1.0,1.0,1.0,1.0,1.0,1.0,1.0,0.5,1.0,109.0,1.318579912185669
1118,E3_DELETE,0.6666666666666666,0.5,0.0,1.0,1.0,0.6666666666666666,0.20000000000000004,3.0,0.75,0.0,0.6614378277661477,0.43301270189221935,1.2106077944060876,1.0,0.0,0.7678571428571429,2.7674418604651163,1.0,1.0,1.0,1.0,1.0,1.0,1.0,0.5,1.0,109.0,1.4568978945414226
1118,E3_REVERSE,0.6,0.5,0.0,1.0,0.8333333333333334,0.8888888888888888,0.1818181818181818,3.0,0.75,0.0,0.8569568250501304,0.4841229182759272,1.2106077944060876,1.0,0.0,0.7678571428571429,2.7209302325581395,1.0,1.0,1.0,1.0,1.0,1.0,1.0,0.5,1.0,109.0,1.579591433207194
1118,E4_DELETE,0.6666666666666666,0.5,0.0,1.0,1.0,0.42857142857142855,0.20000000000000004,3.0,0.75,0.0,0.6614378277661477,0.6614378277661477,1.210607794406086,1.0,0.0,0.7678571428571429,2.7674418604651163,1.0,1.0,1.0,1.0,1.0,1.0,1.0,0.5,1.0,109.0,1.4700390497843425
1118,E4_REVERSE,0.6,0.5,0.0,1.0,1.0,0.8888888888888888,0.1818181818181818,3.0,0.75,0.0,0.6959705453537527,0.8569568250501304,1.210607794406086,1.0,0.0,0.7678571428571429,2.7209302325581395,1.0,1.0,1.0,1.0,1.0,1.0,1.0,0.5,1.0,109.0,1.58434001604716
1118,E5_DELETE,0.6666666666666666,0.5,0.0,1.0,1.0,1.0,0.20000000000000004,1.0,1.0,0.0,0.43301270189221935,0.43301270189221935,1.356203065626297,1.0,0.0,1.0,3.142857142857143,1.0,1.0,1.0,1.0,1.0,1.0,1.0,0.5,1.0,109.0,1.5739092032114665
1118,E5_REVERSE,0.6,0.5,0.0,1.0,1.0,1.0,0.1818181818181818,1.0,1.0,0.0,0.4841229182759272,0.6959705453537527,1.46557123187677,1.0,0.0,1.0,3.0714285714285716,1.0,1.0,1.0,1.0,1.0,1.0,1.0,0.5,1.0,109.0,1.3808629512786865
1118,E6_DELETE,0.6666666666666666,1.0,0.5,1.0,1.0,1.0,0.20000000000000004,4.0,0.625,0.0,0.6614378277661477,0.6614378277661477,1.4142135623730951,1.0,0.0,0.6785714285714285,2.4210526315789473,1.0,1.0,1.0,1.0,1.0,1.0,1.0,1.0,1.0,109.0,1.5348210334777832
1118,E6_REVERSE,0.6,0.5,0.5,1.0,1.0,1.0,0.1818181818181818,4.0,0.625,0.0,0.8569568250501304,0.4841229182759272,1.4142135623730956,1.0,0.0,0.6785714285714285,2.3157894736842106,1.0,1.0,1.0,1.0,1.0,1.0,1.0,0.3333333333333333,1.0,109.0,1.3843440214792888
1118,E7_DELETE,0.7777777777777778,0.5,0.5,0.0,1.0,0.6666666666666666,0.0,3.0,0.75,0.16666666666666666,0.6614378277661477,0.43301270189221935,1.3532099641993247,0.0,1.0,0.7678571428571429,2.604651162790698,1.0,1.0,1.0,1.0,1.0,0.8000000000000002,1.0,0.5,1.0,109.0,1.5568641821543376
1118,E7_REVERSE,0.8000000000000002,0.3333333333333333,0.5,1.0,1.0,1.0,0.06060606060606061,3.0,0.75,0.27689942907334214,0.5547387939685356,0.8032947318180046,1.3332992611892516,0.3333333333333333,0.3333333333333333,0.7857142857142857,2.479191676670668,1.0,1.0,1.0,1.0,0.8333333333333334,1.0,1.0,1.0,1.0,109.0,1.675413449605306
1118,E8_DELETE,0.7777777777777778,0.5,0.5,1.0,1.0,1.0,0.20000000000000004,1.0,1.0,0.0,0.43301270189221935,0.43301270189221935,1.3883666574370508,1.0,0.0,1.0,3.035714285714286,1.0,1.0,1.0,1.0,1.0,1.0,1.0,0.5,1.0,109.0,1.581360658009847
1118,E8_REVERSE,0.8000000000000002,0.5,0.5,1.0,1.0,1.0,0.1818181818181818,1.0,1.0,0.0,0.4841229182759272,0.4841229182759272,1.437356911840786,1.0,0.0,1.0,2.892857142857143,1.0,1.0,1.0,1.0,1.0,1.0,1.0,0.5,1.0,109.0,1.3924132188161213
1118,E9_DELETE,0.7777777777777778,0.5,0.5,1.0,1.0,1.0,0.0,1.0,1.0,0.0,0.43301270189221935,0.43301270189221935,1.2106077944060862,0.0,0.0,1.0,3.0714285714285716,1.0,1.0,1.0,1.0,1.0,1.0,1.0,0.5,1.0,109.0,1.5115970770517986
1118,E9_REVERSE,0.8000000000000002,0.16666666666666666,0.16666666666666666,0.0,1.0,0.5,0.0,2.6666666666666665,0.7916666666666666,0.12166666666666666,0.4841229182759272,0.9020234639164942,1.3541029462118626,0.0,1.0,0.7976190476190476,2.2816010124980224,1.0,1.0,1.0,1.0,0.8333333333333334,0.8666666666666667,1.0,0.6666666666666666,1.0,109.0,1.692318280537923
1118,F_SURFACE_FORMAT_CONTROL,0.6999999999999998,0.6666666666666666,0.8333333333333334,1.0,1.0,1.0,0.1818181818181818,2.6666666666666665,0.7916666666666666,0.05555555555555555,0.6253546696611442,0.732678856125396,1.4843678339023514,1.0,0.0,0.8154761904761906,2.5072565133764644,1.0,1.0,1.0,1.0,1.0,1.0,1.0,0.8333333333333334,1.0,109.0,2.1003909905751548
1118,G_RANDOM_CONTROL,0.6999999999999998,1.0,0.5,0.0,0.75,1.0,0.3636363636363636,6.0,0.375,0.3352941176470588,1.3169567191065923,0.7496326385858786,1.6180339887498942,2.0,1.0,0.41071428571428575,1.6666666666666667,1.0,1.0,1.0,1.0,0.6666666666666666,1.0,1.0,0.3333333333333333,1.0,109.0,1.5284887949625652
1118,I_ISOMORPHIC_RELABEL,0.6999999999999998,0.8333333333333334,1.0,1.0,1.0,1.0,0.1818181818181818,3.6666666666666665,0.6666666666666666,0.10526315789473684,0.8032947318180046,0.7496326385858786,1.460733699592076,1.0,0.0,0.7083333333333334,2.221542227662179,1.0,1.0,1.0,1.0,1.0,1.0,1.0,1.0,1.0,109.0,1.4911669890085857
1118,L_FORWARD_CONTROL,1.0,0.3333333333333333,0.3333333333333333,0.0,1.0,1.0,0.06060606060606061,6.333333333333333,0.3333333333333333,0.349248790425261,0.6253546696611442,0.8032947318180046,0.8084331925615666,0.3333333333333333,0.3333333333333333,0.5238095238095238,1.9276091476091477,1.0,1.0,1.0,1.0,0.6666666666666666,0.8333333333333334,1.0,1.0,1.0,109.0,1.6521156628926594
1118,M0_SWITCH_NEUTRALIZED,0.6999999999999998,0.8333333333333334,0.8333333333333334,1.0,1.0,1.0,0.0,3.0,0.75,0.32051282051282054,0.732678856125396,0.6253546696611442,1.435044791303944,0.0,1.3333333333333333,0.7857142857142857,2.4674185463659146,1.0,1.0,1.0,0.0,0.0,1.0,1.0,0.8333333333333334,1.0,109.0,1.8585758209228516
1118,M_SWITCH_REASSIGNED,0.6999999999999998,0.5,1.0,0.0,1.0,1.0,0.0,4.0,0.625,0.4444444444444444,0.9921567416492215,0.6959705453537527,1.4945301804796696,0.0,2.0,0.6607142857142857,2.135135135135135,1.0,1.0,1.0,1.0,1.0,0.8000000000000002,1.0,1.0,1.0,109.0,1.732698122660319
1118,O_ORDER_SHUFFLED,0.6,1.0,0.5,0.0,0.5,1.0,0.1818181818181818,2.0,0.875,0.0,0.6959705453537527,0.4841229182759272,1.5128763968640933,1.0,0.0,0.875,2.5714285714285716,1.0,1.0,1.0,1.0,1.0,1.0,1.0,0.5,0.8571428571428571,109.0,1.7092938423156738
1118,P_ANCHOR_REASSIGNED,0.6999999999999998,0.5,0.5,1.0,1.0,1.0,0.1818181818181818,1.0,1.0,0.0,0.4841229182759272,0.4841229182759272,1.4851159653039219,1.0,0.0,1.0,2.857142857142857,1.0,1.0,1.0,1.0,1.0,1.0,1.0,0.5,1.0,109.0,1.6072782675425212
1118,R_DEGREE_MATCHED_REWIRE,0.4000000000000001,0.5,0.6666666666666666,1.0,0.75,0.6984126984126983,0.1818181818181818,2.3333333333333335,0.8333333333333334,0.23026315789473684,0.5547387939685356,0.6084008872006615,1.5300635841922225,1.0,1.3333333333333333,0.8690476190476191,2.67436974789916,1.0,1.0,1.0,1.0,1.0,1.0,1.0,0.6666666666666666,1.0,109.0,1.6173571745554607
1118,T_TERMINAL_CHANGED,0.6999999999999998,0.5,0.5,1.0,1.0,1.0,0.1818181818181818,1.0,1.0,0.0,0.4841229182759272,0.4841229182759272,1.4851159653039219,1.0,0.0,1.0,2.857142857142857,1.0,1.0,1.0,1.0,1.0,1.0,1.0,0.5,0.0,109.0,1.3019053141276042
1118,X_COMPLEXITY_MATCHED,0.4000000000000001,1.0,0.5,1.0,0.4166666666666667,0.8888888888888888,0.1818181818181818,2.0,0.875,0.3157894736842105,0.8569568250501304,0.4841229182759272,1.403602124874217,1.0,1.0,0.875,2.7346938775510203,1.0,1.0,1.0,1.0,1.0,1.0,1.0,0.5,1.0,109.0,1.534929354985555
1118,Y_TOPOLOGY_MATCHED,0.5,1.0,0.5,1.0,0.75,0.5,0.06060606060606061,5.333333333333333,0.4583333333333333,0.24064171122994651,0.8569568250501304,0.6253546696611442,1.1430361066127162,0.3333333333333333,1.0,0.5952380952380952,2.149122807017544,1.0,1.0,1.0,1.0,1.0,1.0,1.0,0.3333333333333333,1.0,109.0,1.7380683422088623
1119,A_AUTHENTIC,0.6999999999999998,0.6666666666666666,0.8333333333333334,1.0,1.0,1.0,0.1818181818181818,2.6666666666666665,0.7916666666666666,0.0,0.6253546696611442,0.6790167628932702,1.4843678339023514,1.0,0.0,0.8154761904761906,2.4721687940782187,1.0,1.0,1.0,1.0,1.0,1.0,1.0,0.8333333333333334,1.0,109.0,1.6545616785685222
1119,D_ALL_DIRECTION_REVERSED,0.3,0.6666666666666666,0.6666666666666666,0.0,0.0,1.0,0.06060606060606061,2.6666666666666665,0.7916666666666666,0.13958810068649885,0.6959705453537527,0.8569568250501304,1.3694914895249426,0.3333333333333333,0.0,0.8095238095238096,2.6240601503759398,1.0,1.0,1.0,0.6666666666666666,0.6666666666666666,1.0,1.0,0.5,1.0,109.0,1.9989924430847168
1119,E0_DELETE,0.6666666666666666,0.6666666666666666,0.6666666666666666,1.0,1.0,1.0,0.20000000000000004,3.6666666666666665,0.6666666666666666,0.0,0.6614378277661477,0.76370716402805,1.4607336995920759,1.0,0.0,0.6666666666666666,2.3094541910331383,1.0,1.0,1.0,1.0,1.0,1.0,1.0,0.8333333333333334,1.0,109.0,1.502168893814087
1119,E0_REVERSE,0.6,0.5,0.5,1.0,0.75,1.0,0.1818181818181818,4.0,0.625,0.0,0.6959705453537527,0.6959705453537527,1.4142135623730951,1.0,0.0,0.6785714285714285,2.263157894736842,1.0,1.0,1.0,1.0,1.0,1.0,1.0,0.5,1.0,109.0,1.8666023413340251
1119,E1_DELETE,0.6666666666666666,0.5,0.5,1.0,1.0,0.6666666666666666,0.20000000000000004,4.0,0.625,0.0,0.43301270189221935,0.6614378277661477,1.4142135623730943,1.0,0.0,0.6785714285714285,2.4210526315789473,1.0,1.0,1.0,1.0,1.0,1.0,1.0,0.5,1.0,109.0,1.664729118347168
1119,E1_REVERSE,0.6,0.5,0.5,1.0,0.75,1.0,0.1818181818181818,4.0,0.625,0.0,0.4841229182759272,0.6959705453537527,1.4142135623730943,1.0,0.0,0.6785714285714285,2.210526315789474,1.0,1.0,1.0,1.0,1.0,1.0,1.0,0.5,1.0,109.0,1.5679691632588704
1119,E2_DELETE,0.6666666666666666,0.5,0.6666666666666666,1.0,1.0,0.5,0.20000000000000004,5.0,0.5,0.0,0.509154410516862,0.76370716402805,1.2720196495140694,1.0,0.0,0.5654761904761905,2.1466957153231663,1.0,1.0,1.0,1.0,1.0,1.0,1.0,0.6666666666666666,1.0,109.0,1.421983242034912
1119,E2_REVERSE,0.6,0.5,0.5,1.0,0.75,1.0,0.1818181818181818,5.0,0.5,0.0,0.6959705453537527,0.8569568250501304,1.2720196495140697,1.0,0.0,0.6071428571428571,2.176470588235294,1.0,1.0,1.0,1.0,1.0,1.0,1.0,0.5,1.0,109.0,1.5430493354797363
1119,E3_DELETE,0.6666666666666666,0.5,0.0,1.0,1.0,0.6666666666666666,0.20000000000000004,3.0,0.75,0.0,0.6614378277661477,0.43301270189221935,1.2106077944060876,1.0,0.0,0.7678571428571429,2.7674418604651163,1.0,1.0,1.0,1.0,1.0,1.0,1.0,0.5,1.0,109.0,1.4006924629211426
1119,E3_REVERSE,0.6,0.5,0.0,1.0,0.75,1.0,0.1818181818181818,3.0,0.75,0.0,0.8569568250501304,0.4841229182759272,1.2106077944060876,1.0,0.0,0.7678571428571429,2.7209302325581395,1.0,1.0,1.0,1.0,1.0,1.0,1.0,0.5,1.0,109.0,1.6319797039031982
1119,E4_DELETE,0.6666666666666666,0.5,0.5,1.0,1.0,1.0,0.20000000000000004,5.0,0.5,0.0,0.82915619758885,0.9682458365518544,1.2720196495140697,1.0,0.0,0.5714285714285714,2.1875,1.0,1.0,1.0,1.0,1.0,1.0,1.0,1.0,1.0,109.0,1.588847319285075
1119,E4_REVERSE,0.6,0.5,0.0,1.0,1.0,1.0,0.1818181818181818,3.0,0.75,0.0,0.6959705453537527,0.8569568250501304,1.210607794406086,1.0,0.0,0.7678571428571429,2.7209302325581395,1.0,1.0,1.0,1.0,1.0,1.0,1.0,0.5,1.0,109.0,1.5851731300354004
1119,E5_DELETE,0.6666666666666666,0.5,0.0,1.0,1.0,1.0,0.20000000000000004,1.0,1.0,0.0,0.43301270189221935,0.43301270189221935,1.356203065626297,1.0,0.0,1.0,3.142857142857143,1.0,1.0,1.0,1.0,1.0,1.0,1.0,0.5,1.0,109.0,1.4907018343607585
1119,E5_REVERSE,0.6,0.5,0.0,1.0,1.0,1.0,0.1818181818181818,1.0,1.0,0.0,0.4841229182759272,0.6959705453537527,1.46557123187677,1.0,0.0,1.0,3.0714285714285716,1.0,1.0,1.0,1.0,1.0,1.0,1.0,0.5,1.0,109.0,1.7635132471720378
1119,E6_DELETE,0.6666666666666666,0.6666666666666666,0.5,1.0,1.0,1.0,0.20000000000000004,4.0,0.625,0.0,0.6614378277661477,0.509154410516862,1.4142135623730956,1.0,0.0,0.6785714285714285,2.5263157894736845,1.0,1.0,1.0,1.0,1.0,1.0,1.0,0.6666666666666666,1.0,109.0,1.4251337051391602
1119,E6_REVERSE,0.6,0.8333333333333334,0.6666666666666666,1.0,1.0,1.0,0.30303030303030304,3.3333333333333335,0.7083333333333334,0.05555555555555555,0.9416459840882365,0.4841229182759272,1.5500938466242953,1.6666666666666667,0.0,0.7261904761904763,2.427433247200689,1.0,1.0,1.0,1.0,1.0,1.0,1.0,0.4444444444444444,1.0,109.0,1.5473467508951824
1119,E7_DELETE,0.7777777777777778,0.6666666666666666,0.6666666666666666,0.0,1.0,1.0,0.0,2.6666666666666665,0.7916666666666666,0.047619047619047616,0.9524234253352932,0.509154410516862,1.2444154713436195,0.0,0.0,0.8035714285714285,2.8332414046699763,1.0,1.0,1.0,1.0,1.0,1.0,1.0,0.6666666666666666,1.0,109.0,1.5674279530843098
1119,E7_REVERSE,0.8000000000000002,0.5,0.5,0.0,1.0,1.0,0.1818181818181818,4.0,0.625,0.15079365079365079,1.0978851370841236,0.4841229182759272,1.4142135623730956,1.0,0.0,0.6547619047619048,2.161793372319688,1.0,1.0,1.0,1.0,1.0,1.0,1.0,0.5,1.0,109.0,1.5880008538564045
1119,E8_DELETE,0.7777777777777778,0.5,0.5,1.0,1.0,1.0,0.20000000000000004,1.0,1.0,0.0,0.43301270189221935,0.43301270189221935,1.3883666574370508,1.0,0.0,1.0,3.035714285714286,1.0,1.0,1.0,1.0,1.0,1.0,1.0,0.5,1.0,109.0,1.5588717460632324
1119,E8_REVERSE,0.8000000000000002,0.5,0.6666666666666666,1.0,1.0,1.0,0.1818181818181818,1.6666666666666667,0.9166666666666666,0.0,0.5547387939685356,0.6084008872006615,1.4761625992372032,1.0,0.0,0.9226190476190476,2.6960132890365447,1.0,1.0,1.0,1.0,1.0,1.0,1.0,0.6666666666666666,1.0,109.0,1.656647761662801
1119,E9_DELETE,0.7777777777777778,0.5,0.5,1.0,1.0,1.0,0.0,1.0,1.0,0.0,0.43301270189221935,0.43301270189221935,1.2106077944060862,0.0,0.0,1.0,3.0714285714285716,1.0,1.0,1.0,1.0,1.0,1.0,1.0,0.5,1.0,109.0,1.382310390472412
1119,E9_REVERSE,0.8000000000000002,0.5,0.5,0.0,1.0,1.0,0.1818181818181818,3.0,0.75,0.3157894736842105,0.8569568250501304,0.6959705453537527,1.6663019373129349,1.0,2.0,0.7678571428571429,2.3255813953488373,1.0,1.0,1.0,0.0,1.0,1.0,1.0,1.0,1.0,109.0,1.616593837738037
1119,F_SURFACE_FORMAT_CONTROL,0.6999999999999998,0.6666666666666666,1.0,1.0,1.0,1.0,0.1818181818181818,3.3333333333333335,0.7083333333333334,0.05555555555555555,0.6959705453537527,0.8569568250501304,1.5072538368110564,1.0,0.0,0.7380952380952381,2.337821297429621,1.0,1.0,1.0,1.0,1.0,1.0,1.0,1.0,1.0,109.0,1.420377254486084
1119,G_RANDOM_CONTROL,0.4000000000000001,0.5,0.0,0.0,0.25,0.8333333333333334,0.24242424242424243,5.666666666666667,0.375,0.36507936507936506,0.6253546696611442,0.8569568250501304,1.3247179572447454,1.3333333333333333,1.0,0.5595238095238095,2.2214381720430105,1.0,1.0,1.0,1.0,1.0,0.6666666666666666,1.0,0.25,1.0,109.0,1.6448372999827068
1119,I_ISOMORPHIC_RELABEL,0.6999999999999998,0.6666666666666666,1.0,1.0,1.0,1.0,0.30303030303030304,4.0,0.625,0.05263157894736842,0.7496326385858786,0.8032947318180046,1.6261050591702835,1.6666666666666667,0.0,0.6785714285714285,2.263157894736842,1.0,1.0,1.0,1.0,1.0,1.0,1.0,1.0,1.0,109.0,2.167197863260905
1119,L_FORWARD_CONTROL,1.0,0.3333333333333333,0.3333333333333333,0.0,1.0,0.6666666666666666,0.0,3.3333333333333335,0.7083333333333334,0.13636363636363635,0.6253546696611442,0.6959705453537527,1.2643473509219516,0.0,1.0,0.7440476190476191,2.2617257429287503,1.0,1.0,1.0,1.0,1.0,0.8333333333333334,1.0,0.8333333333333334,1.0,109.0,1.6280166308085124
1119,M0_SWITCH_NEUTRALIZED,0.6999999999999998,0.6666666666666666,0.6666666666666666,0.6666666666666666,1.0,0.8888888888888888,0.12121212121212122,2.0,0.875,0.10025062656641603,0.7496326385858786,0.5547387939685356,1.3868496821239968,0.6666666666666666,0.0,0.8928571428571429,2.7550125313283207,1.0,1.0,1.0,0.0,0.0,0.9333333333333332,1.0,0.6666666666666666,1.0,109.0,1.5162239869435628
1119,M_SWITCH_REASSIGNED,0.6999999999999998,0.5,1.0,0.0,1.0,0.5277777777777778,0.1818181818181818,3.0,0.75,0.15,0.8569568250501304,0.8569568250501304,1.526261952307643,1.0,1.0,0.7678571428571429,2.441860465116279,1.0,1.0,1.0,1.0,1.0,0.8000000000000002,1.0,1.0,1.0,109.0,1.6184954643249512
1119,O_ORDER_SHUFFLED,0.5333333333333333,0.6666666666666666,1.0,1.0,0.9166666666666666,1.0,0.1818181818181818,3.3333333333333335,0.7083333333333334,0.10526315789473684,0.6959705453537527,0.8569568250501304,1.5751939789366567,1.0,0.3333333333333333,0.7380952380952381,2.337821297429621,0.7738095238095237,1.0,1.0,1.0,1.0,1.0,1.0,1.0,0.6666666666666666,109.0,1.6524484952290852
1119,P_ANCHOR_REASSIGNED,0.6999999999999998,0.5,0.8333333333333334,1.0,1.0,1.0,0.1818181818181818,2.3333333333333335,0.8333333333333334,0.0,0.6253546696611442,0.732678856125396,1.530887971121332,1.0,0.0,0.8452380952380952,2.5182724252491693,1.0,1.0,1.0,1.0,1.0,1.0,1.0,0.8333333333333334,1.0,109.0,1.7509369850158691
1119,R_DEGREE_MATCHED_REWIRE,0.6,0.5,0.5,1.0,0.9166666666666666,0.8333333333333334,0.0,1.0,1.0,0.13636363636363635,0.4841229182759272,0.4841229182759272,1.4586334040634277,0.0,0.0,1.0,2.714285714285714,1.0,1.0,1.0,1.0,1.0,1.0,1.0,0.5,1.0,109.0,1.5356485843658447
1119,T_TERMINAL_CHANGED,0.6999999999999998,0.5,1.0,1.0,1.0,1.0,0.1818181818181818,3.0,0.75,0.0,0.6959705453537527,0.8569568250501304,1.5537739740300374,1.0,0.0,0.7678571428571429,2.3488372093023258,1.0,1.0,1.0,1.0,1.0,1.0,1.0,0.5,0.0,109.0,1.5659867127736409
1119,X_COMPLEXITY_MATCHED,0.4000000000000001,0.6666666666666666,0.8333333333333334,1.0,0.5,0.8095238095238096,0.0,2.6666666666666665,0.7916666666666666,0.2537878787878788,0.8569568250501304,0.6790167628932702,1.40421999822543,0.0,1.3333333333333333,0.8035714285714285,2.6383483626008544,1.0,1.0,1.0,1.0,1.0,1.0,1.0,0.3055555555555555,1.0,109.0,1.5896255175272624
1119,Y_TOPOLOGY_MATCHED,0.5,1.0,0.6666666666666666,1.0,0.75,0.6666666666666666,0.0,2.6666666666666665,0.7916666666666666,0.2294372294372294,0.6959705453537527,0.7496326385858786,1.244540795801272,0.0,0.6666666666666666,0.8095238095238096,2.559076262083781,1.0,1.0,1.0,1.0,1.0,1.0,1.0,0.5,1.0,109.0,1.7837055524190266
1120,A_AUTHENTIC,0.6999999999999998,0.6666666666666666,1.0,1.0,1.0,1.0,0.1818181818181818,3.3333333333333335,0.7083333333333334,0.0,0.6959705453537527,0.8032947318180046,1.5072538368110564,1.0,0.0,0.7380952380952381,2.3202774377804976,1.0,1.0,1.0,1.0,1.0,1.0,1.0,1.0,1.0,109.0,1.5522560278574626
1120,D_ALL_DIRECTION_REVERSED,0.3,0.5,0.8333333333333334,0.0,0.0,1.0,0.1818181818181818,3.0,0.75,0.0,0.732678856125396,0.6959705453537527,1.4833035639362968,1.0,0.0,0.7678571428571429,2.4418604651162794,1.0,1.0,1.0,1.0,0.8333333333333334,1.0,1.0,0.4444444444444444,1.0,109.0,1.9780559539794922
1120,E0_DELETE,0.6666666666666666,0.6666666666666666,0.6666666666666666,1.0,1.0,1.0,0.20000000000000004,3.6666666666666665,0.6666666666666666,0.0,0.7173439510403817,0.76370716402805,1.4607336995920759,1.0,0.0,0.6309523809523809,2.2211866471734893,1.0,1.0,1.0,1.0,1.0,1.0,1.0,0.8333333333333334,1.0,109.0,1.6666143735249836
1120,E0_REVERSE,0.6,0.6666666666666666,0.8333333333333334,1.0,0.75,0.75,0.1818181818181818,3.6666666666666665,0.6666666666666666,0.05263157894736842,0.6790167628932702,0.8934280095507319,1.4607336995920759,1.0,0.0,0.6666666666666666,2.1670843776106934,1.0,1.0,1.0,1.0,1.0,1.0,1.0,0.8333333333333334,1.0,109.0,1.5291411876678467
1120,E1_DELETE,0.6666666666666666,0.6666666666666666,0.5,1.0,1.0,0.6666666666666666,0.20000000000000004,4.0,0.625,0.0,0.509154410516862,0.6614378277661477,1.4142135623730947,1.0,0.0,0.6785714285714285,2.4210526315789473,1.0,1.0,1.0,1.0,1.0,1.0,1.0,0.6666666666666666,1.0,109.0,1.38901948928833
1120,E1_REVERSE,0.6,0.6666666666666666,0.8333333333333334,1.0,0.75,1.0,0.24242424242424243,3.6666666666666665,0.6666666666666666,0.0,0.8032947318180046,0.8934280095507319,1.442473329292375,1.3333333333333333,0.0,0.625,2.1412853213303324,1.0,1.0,1.0,1.0,1.0,1.0,1.0,1.0,1.0,109.0,1.4067633152008057
1120,E2_DELETE,0.6666666666666666,0.5,0.6666666666666666,1.0,1.0,0.5,0.20000000000000004,5.0,0.5,0.0,0.509154410516862,0.76370716402805,1.2720196495140694,1.0,0.0,0.5654761904761905,2.1466957153231663,1.0,1.0,1.0,1.0,1.0,1.0,1.0,0.6666666666666666,1.0,109.0,1.6597845554351807
1120,E2_REVERSE,0.6,0.8333333333333334,0.5,1.0,0.75,1.0,0.1818181818181818,5.0,0.5,0.05263157894736842,0.8032947318180046,0.9470901027828579,1.2720196495140692,1.0,0.0,0.5476190476190476,1.9755912061794414,1.0,1.0,1.0,1.0,1.0,1.0,1.0,0.8333333333333334,1.0,109.0,1.8194856643676758
1120,E3_DELETE,0.6666666666666666,0.5,0.16666666666666666,1.0,0.9166666666666666,0.7777777777777777,0.20000000000000004,3.6666666666666665,0.6666666666666666,0.0,0.7173439510403817,0.5650605337910962,1.2310784127754149,1.0,0.0,0.7023809523809524,2.5637112403100777,1.0,1.0,1.0,1.0,1.0,1.0,1.0,0.6666666666666666,1.0,109.0,1.4990221659342449
1120,E3_REVERSE,0.6,0.5,0.0,1.0,0.75,1.0,0.1818181818181818,3.0,0.75,0.0,0.8569568250501304,0.4841229182759272,1.2106077944060876,1.0,0.0,0.7678571428571429,2.7209302325581395,1.0,1.0,1.0,1.0,1.0,1.0,1.0,0.5,1.0,109.0,1.2480051517486572
1120,E4_DELETE,0.6666666666666666,0.5,0.5,1.0,1.0,1.0,0.20000000000000004,5.0,0.5,0.0,0.82915619758885,0.9682458365518544,1.2720196495140697,1.0,0.0,0.5714285714285714,2.1875,1.0,1.0,1.0,1.0,1.0,1.0,1.0,1.0,1.0,109.0,1.3911716143290203
1120,E4_REVERSE,0.6,0.5,0.16666666666666666,1.0,1.0,1.0,0.1818181818181818,3.6666666666666665,0.6666666666666666,0.0,0.7496326385858786,0.9416459840882365,1.231078412775414,1.0,0.0,0.7023809523809524,2.522286821705426,1.0,1.0,1.0,1.0,1.0,1.0,1.0,0.6666666666666666,1.0,109.0,1.51642902692159
1120,E5_DELETE,0.6666666666666666,0.5,0.0,1.0,1.0,1.0,0.20000000000000004,1.0,1.0,0.0,0.43301270189221935,0.43301270189221935,1.356203065626297,1.0,0.0,1.0,3.142857142857143,1.0,1.0,1.0,1.0,1.0,1.0,1.0,0.5,1.0,109.0,1.4716371695200603
1120,E5_REVERSE,0.6,0.6666666666666666,0.0,1.0,1.0,1.0,0.1818181818181818,2.0,0.875,0.0,0.5547387939685356,0.7496326385858786,1.4484520087088784,1.0,0.0,0.8928571428571429,2.8370927318295736,1.0,1.0,1.0,1.0,1.0,1.0,1.0,0.6666666666666666,1.0,109.0,1.4862422943115234
1120,E6_DELETE,0.6666666666666666,1.0,0.5,1.0,1.0,1.0,0.20000000000000004,4.0,0.625,0.0,0.6614378277661477,0.6614378277661477,1.4142135623730951,1.0,0.0,0.6785714285714285,2.4210526315789473,1.0,1.0,1.0,1.0,1.0,1.0,1.0,1.0,1.0,109.0,1.658758004506429
1120,E6_REVERSE,0.6,0.8333333333333334,0.5,1.0,1.0,1.0,0.24242424242424243,3.3333333333333335,0.7083333333333334,0.05555555555555555,0.8569568250501304,0.5547387939685356,1.532876942796394,1.3333333333333333,0.3333333333333333,0.7380952380952381,2.423092615259078,1.0,1.0,1.0,1.0,1.0,1.0,1.0,0.4444444444444444,1.0,109.0,1.6478543281555176
1120,E7_DELETE,0.7777777777777778,1.0,1.0,0.0,1.0,1.0,0.0,4.0,0.625,0.0,0.82915619758885,0.6614378277661477,1.189207115002722,0.0,0.0,0.6607142857142857,2.3783783783783785,1.0,1.0,1.0,1.0,1.0,1.0,1.0,1.0,1.0,109.0,1.448436975479126
1120,E7_REVERSE,0.8000000000000002,0.16666666666666666,0.16666666666666666,0.0,1.0,1.0,0.0,1.3333333333333333,0.9583333333333334,0.0,0.4841229182759272,0.5547387939685356,1.3406721002425954,0.0,0.0,0.9583333333333334,2.829081632653061,1.0,1.0,1.0,1.0,1.0,1.0,1.0,0.6666666666666666,1.0,109.0,1.6808236440022786
1120,E8_DELETE,0.7777777777777778,0.5,0.5,1.0,1.0,1.0,0.20000000000000004,1.0,1.0,0.0,0.43301270189221935,0.43301270189221935,1.3883666574370508,1.0,0.0,1.0,3.035714285714286,1.0,1.0,1.0,1.0,1.0,1.0,1.0,0.5,1.0,109.0,1.401757796605428
1120,E8_REVERSE,0.8000000000000002,0.5,0.8333333333333334,1.0,1.0,1.0,0.1818181818181818,2.3333333333333335,0.8333333333333334,0.0,0.6253546696611442,0.732678856125396,1.5149682866336203,1.0,0.0,0.8452380952380952,2.499169435215947,1.0,1.0,1.0,1.0,1.0,1.0,1.0,0.8333333333333334,1.0,109.0,1.4456948439280193
1120,E9_DELETE,0.7777777777777778,0.5,0.5,1.0,1.0,1.0,0.13333333333333333,3.0,0.75,0.0,0.5852961191415048,0.5852961191415048,1.346344973050759,0.6666666666666666,0.0,0.7857142857142857,2.637844611528822,1.0,1.0,1.0,1.0,1.0,1.0,1.0,0.8333333333333334,1.0,109.0,1.494673490524292
1120,E9_REVERSE,0.8000000000000002,0.16666666666666666,0.16666666666666666,0.0,1.0,0.6666666666666666,0.1818181818181818,3.6666666666666665,0.5833333333333334,0.0,0.4841229182759272,0.7496326385858786,1.114120921394052,1.0,0.0,0.6726190476190476,2.219933554817276,1.0,1.0,1.0,1.0,1.0,0.8000000000000002,1.0,0.6666666666666666,1.0,109.0,2.0953828493754068
1120,F_SURFACE_FORMAT_CONTROL,0.6999999999999998,1.0,1.0,1.0,1.0,1.0,0.1818181818181818,4.0,0.625,0.15789473684210525,0.8569568250501304,0.6959705453537527,1.4142135623730951,1.0,0.0,0.6785714285714285,2.1578947368421053,1.0,1.0,1.0,1.0,1.0,1.0,1.0,1.0,1.0,109.0,1.9465956687927246
1120,G_RANDOM_CONTROL,0.6,0.8333333333333334,0.8333333333333334,0.0,0.75,1.0,0.0,4.666666666666667,0.5416666666666666,0.36000000000000004,0.8569568250501304,0.9921567416492215,1.3206972233657186,0.0,2.3333333333333335,0.49404761904761907,1.846153846153846,1.0,1.0,1.0,0.3333333333333333,0.6666666666666666,1.0,1.0,0.4444444444444444,1.0,109.0,1.7636655171712239
1120,I_ISOMORPHIC_RELABEL,0.6999999999999998,0.5,0.6666666666666666,1.0,1.0,1.0,0.1818181818181818,1.6666666666666667,0.9166666666666666,0.0,0.5547387939685356,0.6084008872006615,1.5080019682126269,1.0,0.0,0.9226190476190476,2.6877076411960132,1.0,1.0,1.0,1.0,1.0,1.0,1.0,0.6666666666666666,1.0,109.0,1.569071928660075
1120,L_FORWARD_CONTROL,1.0,0.6666666666666666,0.6666666666666666,0.0,1.0,1.0,0.0,5.666666666666667,0.4166666666666667,0.12878787878787878,1.0263351431263426,0.6253546696611442,0.7169879750859204,0.0,0.3333333333333333,0.5952380952380952,2.0677289692793566,1.0,1.0,1.0,1.0,0.6666666666666666,1.0,1.0,0.8333333333333334,1.0,109.0,1.6491918563842773
1120,M0_SWITCH_NEUTRALIZED,0.6999999999999998,0.5,0.5,1.0,1.0,1.0,0.0,1.0,1.0,0.14285714285714285,0.6253546696611442,0.4841229182759272,1.3051278649311626,0.0,0.0,1.0,3.017857142857143,1.0,1.0,1.0,0.0,0.0,1.0,1.0,0.5,1.0,109.0,2.168705860773722
1120,M_SWITCH_REASSIGNED,0.6999999999999998,0.16666666666666666,0.16666666666666666,0.0,1.0,1.0,0.0,2.0,0.875,0.2193675889328063,0.5547387939685356,0.6253546696611442,1.4311952087056012,0.0,1.6666666666666667,0.875,2.7210884353741496,1.0,1.0,1.0,1.0,0.8333333333333334,1.0,1.0,0.38888888888888884,1.0,109.0,1.7492582003275554
1120,O_ORDER_SHUFFLED,0.4000000000000001,0.5,1.0,1.0,0.3333333333333333,1.0,0.1818181818181818,3.0,0.75,0.0,0.6959705453537527,0.8569568250501304,1.5537739740300374,1.0,0.0,0.7678571428571429,2.3488372093023258,1.0,1.0,1.0,1.0,1.0,1.0,1.0,1.0,0.7142857142857143,109.0,1.6140062808990479
1120,P_ANCHOR_REASSIGNED,0.6999999999999998,0.8333333333333334,1.0,1.0,1.0,1.0,0.1818181818181818,3.6666666666666665,0.6666666666666666,0.05263157894736842,0.7496326385858786,0.7496326385858786,1.460733699592076,1.0,0.0,0.7083333333333334,2.2566299469604245,1.0,1.0,1.0,1.0,1.0,1.0,1.0,1.0,1.0,109.0,1.884442965189616
1120,R_DEGREE_MATCHED_REWIRE,0.4000000000000001,0.8333333333333334,1.0,1.0,0.75,0.7777777777777777,0.1818181818181818,3.0,0.75,0.32748538011695905,0.6959705453537527,0.8569568250501304,1.5263260339423832,1.0,1.0,0.7678571428571429,2.418604651162791,1.0,1.0,1.0,1.0,1.0,1.0,1.0,1.0,1.0,109.0,1.5839837392171223
1120,T_TERMINAL_CHANGED,0.6999999999999998,0.8333333333333334,1.0,1.0,1.0,1.0,0.1818181818181818,3.6666666666666665,0.6666666666666666,0.0,0.6959705453537527,0.7496326385858786,1.460733699592076,1.0,0.0,0.7083333333333334,2.274173806609547,1.0,1.0,1.0,1.0,1.0,1.0,1.0,0.5,0.0,109.0,2.020832618077596
1120,X_COMPLEXITY_MATCHED,0.4000000000000001,0.6666666666666666,1.0,1.0,0.5,0.5555555555555555,0.30303030303030304,4.0,0.625,0.0,0.6959705453537527,0.8032947318180046,1.5072538368110566,1.6666666666666667,0.0,0.6785714285714285,2.2280701754385963,1.0,1.0,1.0,1.0,1.0,1.0,1.0,0.3333333333333333,1.0,109.0,1.5219829082489014
1120,Y_TOPOLOGY_MATCHED,0.5,1.0,0.6666666666666666,1.0,0.3333333333333333,1.0,0.0,3.3333333333333335,0.7083333333333334,0.33695652173913043,0.9020234639164942,0.5547387939685356,1.3103808212511778,0.0,2.3333333333333335,0.7440476190476191,2.2796674225245654,1.0,1.0,1.0,1.0,1.0,1.0,1.0,0.3333333333333333,1.0,109.0,1.7411017417907715
1121,A_AUTHENTIC,0.6999999999999998,0.6666666666666666,0.8333333333333334,1.0,1.0,0.8333333333333334,0.1818181818181818,2.6666666666666665,0.7916666666666666,0.05263157894736842,0.6790167628932702,0.6790167628932702,1.4843678339023514,1.0,0.0,0.8154761904761906,2.4546249344290962,1.0,1.0,1.0,1.0,1.0,1.0,1.0,0.8333333333333334,1.0,109.0,1.4920373757680256
1121,D_ALL_DIRECTION_REVERSED,0.3,0.0,1.0,0.0,0.0,1.0,0.1818181818181818,4.0,0.625,0.0,0.6959705453537527,0.6959705453537527,1.4142135623730965,1.0,0.0,0.6785714285714285,2.3157894736842106,1.0,1.0,1.0,1.0,1.0,1.0,1.0,0.3333333333333333,1.0,109.0,1.8135090668996174
1121,E0_DELETE,0.6666666666666666,0.5,0.8333333333333334,1.0,1.0,1.0,0.20000000000000004,3.3333333333333335,0.7083333333333334,0.0,0.6614378277661477,0.8659765002899521,1.5072538368110562,1.0,0.0,0.6547619047619048,2.215399610136452,1.0,1.0,1.0,1.0,1.0,1.0,1.0,0.8333333333333334,1.0,109.0,1.428090254465739
1121,E0_REVERSE,0.6,0.5,0.6666666666666666,1.0,1.0,1.0,0.1818181818181818,3.6666666666666665,0.6666666666666666,0.0,0.6253546696611442,0.7946992774522422,1.4607336995920759,1.0,0.0,0.7023809523809524,2.2548036758563073,1.0,1.0,1.0,1.0,1.0,1.0,1.0,0.6666666666666666,1.0,109.0,1.65499742825826
1121,E1_DELETE,0.6666666666666666,0.5,0.6666666666666666,1.0,1.0,0.38888888888888884,0.20000000000000004,4.0,0.625,0.0,0.509154410516862,0.76370716402805,1.4142135623730947,1.0,0.0,0.636904761904762,2.291454442558008,1.0,1.0,1.0,1.0,1.0,1.0,1.0,0.6666666666666666,1.0,109.0,1.741887092590332
1121,E1_REVERSE,0.6,0.6666666666666666,0.5,1.0,0.75,0.8095238095238096,0.1818181818181818,3.6666666666666665,0.6666666666666666,0.0,0.5547387939685356,0.6959705453537527,1.4338494887309985,1.0,0.0,0.7083333333333334,2.3031415748674013,1.0,1.0,1.0,1.0,1.0,1.0,1.0,0.6666666666666666,1.0,109.0,2.268200635910034
1121,E2_DELETE,0.6666666666666666,0.8333333333333334,0.6666666666666666,1.0,1.0,0.5,0.20000000000000004,5.0,0.5,0.0,0.6614378277661477,0.8755194105765179,1.2720196495140688,1.0,0.0,0.5535714285714286,2.0516273849607183,1.0,1.0,1.0,1.0,1.0,1.0,1.0,1.0,1.0,109.0,1.4901845455169678
1121,E2_REVERSE,0.6,0.5,0.6666666666666666,1.0,0.75,1.0,0.1818181818181818,5.0,0.5,0.0,0.7496326385858786,0.9416459840882365,1.2720196495140694,1.0,0.0,0.5654761904761905,2.043572984749455,1.0,1.0,1.0,1.0,1.0,1.0,1.0,0.6666666666666666,1.0,109.0,1.8722140789031982
1121,E3_DELETE,0.6666666666666666,0.5,0.0,1.0,1.0,0.611111111111111,0.20000000000000004,3.0,0.75,0.0,0.6614378277661477,0.43301270189221935,1.2106077944060876,1.0,0.0,0.7678571428571429,2.7674418604651163,1.0,1.0,1.0,1.0,1.0,1.0,1.0,0.5,1.0,109.0,1.5762560367584229
1121,E3_REVERSE,0.6,0.5,0.0,1.0,0.75,1.0,0.1818181818181818,3.0,0.75,0.0,0.8569568250501304,0.4841229182759272,1.2106077944060876,1.0,0.0,0.7678571428571429,2.7209302325581395,1.0,1.0,1.0,1.0,1.0,1.0,1.0,0.5,1.0,109.0,1.582228660583496
1121,E4_DELETE,0.6666666666666666,0.5,0.0,1.0,1.0,0.8333333333333334,0.20000000000000004,3.0,0.75,0.0,0.6614378277661477,0.6614378277661477,1.210607794406086,1.0,0.0,0.7678571428571429,2.7674418604651163,1.0,1.0,1.0,1.0,1.0,1.0,1.0,0.5,1.0,109.0,1.298846960067749
1121,E4_REVERSE,0.6,0.5,0.0,1.0,1.0,1.0,0.1818181818181818,3.0,0.75,0.0,0.6959705453537527,0.8569568250501304,1.210607794406086,1.0,0.0,0.7678571428571429,2.7209302325581395,1.0,1.0,1.0,1.0,1.0,1.0,1.0,0.5,1.0,109.0,1.6838609377543132
1121,E5_DELETE,0.6666666666666666,0.5,0.0,1.0,1.0,1.0,0.20000000000000004,1.0,1.0,0.0,0.43301270189221935,0.43301270189221935,1.356203065626297,1.0,0.0,1.0,3.142857142857143,1.0,1.0,1.0,1.0,1.0,1.0,1.0,0.5,1.0,109.0,1.3176573912302654
1121,E5_REVERSE,0.6,0.5,0.0,1.0,1.0,0.8095238095238094,0.1818181818181818,1.0,1.0,0.0,0.4841229182759272,0.6959705453537527,1.46557123187677,1.0,0.0,1.0,3.0714285714285716,1.0,1.0,1.0,1.0,1.0,1.0,1.0,0.5,1.0,109.0,1.749699592590332
1121,E6_DELETE,0.6666666666666666,1.0,0.5,1.0,1.0,1.0,0.20000000000000004,4.0,0.625,0.0,0.6614378277661477,0.6614378277661477,1.4142135623730951,1.0,0.0,0.6785714285714285,2.4210526315789473,1.0,1.0,1.0,1.0,1.0,1.0,1.0,1.0,1.0,109.0,1.2833925088246663
1121,E6_REVERSE,0.6,0.8333333333333334,0.5,1.0,1.0,1.0,0.30303030303030304,3.3333333333333335,0.7083333333333334,0.0,0.8569568250501304,0.4841229182759272,1.5500938466242953,1.6666666666666667,0.0,0.7380952380952381,2.430844553243574,1.0,1.0,1.0,1.0,1.0,1.0,1.0,0.4444444444444444,1.0,109.0,1.8670557339986165
1121,E7_DELETE,0.7777777777777778,0.5,0.5,0.0,1.0,1.0,0.0,3.0,0.75,0.15789473684210525,0.6614378277661477,0.6614378277661477,1.3532099641993236,0.0,1.0,0.7678571428571429,2.604651162790698,1.0,1.0,1.0,0.6666666666666666,0.5,1.0,1.0,1.0,1.0,109.0,1.6025558312733967
1121,E7_REVERSE,0.8000000000000002,0.5,0.5,0.0,1.0,1.0,0.0,1.0,1.0,0.0,0.4841229182759272,0.4841229182759272,1.3160740129524926,0.0,0.0,1.0,2.9285714285714284,1.0,1.0,1.0,1.0,1.0,1.0,1.0,0.5,1.0,109.0,1.6395188967386882
1121,E8_DELETE,0.7777777777777778,0.5,0.5,1.0,1.0,1.0,0.20000000000000004,1.0,1.0,0.0,0.43301270189221935,0.43301270189221935,1.3883666574370508,1.0,0.0,1.0,3.035714285714286,1.0,1.0,1.0,1.0,1.0,1.0,1.0,0.5,1.0,109.0,1.7618846893310547
1121,E8_REVERSE,0.8000000000000002,0.5,0.5,1.0,1.0,1.0,0.1818181818181818,1.0,1.0,0.0,0.4841229182759272,0.4841229182759272,1.437356911840786,1.0,0.0,1.0,2.892857142857143,1.0,1.0,1.0,1.0,1.0,1.0,1.0,0.5,1.0,109.0,1.6162242889404297
1121,E9_DELETE,0.7777777777777778,0.5,0.5,1.0,1.0,0.6666666666666666,0.0,1.0,1.0,0.0,0.43301270189221935,0.43301270189221935,1.2106077944060862,0.0,0.0,1.0,3.0714285714285716,1.0,1.0,1.0,1.0,1.0,1.0,1.0,0.5,1.0,109.0,3.490260044733683
1121,E9_REVERSE,0.8000000000000002,0.16666666666666666,0.16666666666666666,0.0,1.0,0.5555555555555555,0.0,4.0,0.625,0.13852813852813853,0.6959705453537527,0.7496326385858786,1.1159899978035537,0.0,1.0,0.6964285714285715,2.320830207551888,1.0,1.0,1.0,1.0,1.0,1.0,1.0,0.6666666666666666,1.0,109.0,1.5269577503204346
1121,F_SURFACE_FORMAT_CONTROL,0.6999999999999998,0.5,1.0,1.0,1.0,1.0,0.1818181818181818,3.0,0.75,0.0,0.6959705453537527,0.8569568250501304,1.5537739740300374,1.0,0.0,0.7678571428571429,2.3488372093023258,1.0,1.0,1.0,1.0,1.0,1.0,1.0,1.0,1.0,109.0,1.4302646319071453
1121,G_RANDOM_CONTROL,0.3,0.5,0.0,1.0,0.5,0.6666666666666666,0.06060606060606061,7.666666666666667,0.16666666666666666,0.28502415458937197,1.2183492931011204,1.031779261820964,0.3333333333333333,0.3333333333333333,0.0,0.3630952380952381,1.5918003565062389,1.0,1.0,1.0,1.0,1.0,0.8333333333333334,1.0,0.3333333333333333,1.0,109.0,2.0607497692108154
1121,I_ISOMORPHIC_RELABEL,0.6999999999999998,0.5,0.6666666666666666,1.0,1.0,1.0,0.1818181818181818,1.6666666666666667,0.9166666666666666,0.0,0.5547387939685356,0.6084008872006615,1.5080019682126269,1.0,0.0,0.9226190476190476,2.6877076411960132,1.0,1.0,1.0,1.0,1.0,1.0,1.0,0.6666666666666666,1.0,109.0,1.7758012612660725
1121,L_FORWARD_CONTROL,1.0,0.5,0.5,0.0,1.0,0.6666666666666666,0.1818181818181818,7.0,0.25,0.17647058823529413,0.9921567416492215,0.4841229182759272,1.0,1.0,0.0,0.46428571428571425,1.7692307692307692,1.0,1.0,1.0,1.0,1.0,1.0,1.0,0.5,1.0,109.0,1.532608985900879
1121,M0_SWITCH_NEUTRALIZED,0.6999999999999998,0.5,0.5,1.0,1.0,0.8333333333333334,0.0,1.0,1.0,0.09523809523809523,0.5547387939685356,0.4841229182759272,1.3093222372635396,0.0,0.0,1.0,2.964285714285714,1.0,1.0,1.0,0.0,0.0,1.0,1.0,0.5,1.0,109.0,1.9297303358713787
1121,M_SWITCH_REASSIGNED,0.6999999999999998,0.5,0.5,0.0,1.0,0.611111111111111,0.0,6.0,0.375,0.19090909090909092,0.7946992774522422,0.4841229182759272,1.0000000000000009,0.0,1.0,0.5297619047619048,1.8829151732377538,1.0,1.0,1.0,1.0,0.6666666666666666,1.0,1.0,0.5,1.0,109.0,1.719272216161092
1121,O_ORDER_SHUFFLED,0.5,0.8333333333333334,0.8333333333333334,1.0,0.6666666666666666,1.0,0.1818181818181818,3.3333333333333335,0.7083333333333334,0.1608187134502924,0.6959705453537527,0.732678856125396,1.5966139838432758,1.0,0.6666666666666666,0.7380952380952381,2.345573235414117,1.0,1.0,1.0,1.0,1.0,1.0,1.0,0.8333333333333334,0.0,109.0,1.587236801783244
1121,P_ANCHOR_REASSIGNED,0.6999999999999998,0.5,0.8333333333333334,1.0,1.0,1.0,0.1818181818181818,2.3333333333333335,0.8333333333333334,0.0,0.6253546696611442,0.732678856125396,1.530887971121332,1.0,0.0,0.8452380952380952,2.5182724252491693,1.0,1.0,1.0,1.0,1.0,1.0,1.0,0.8333333333333334,1.0,109.0,1.5488043626149495
1121,R_DEGREE_MATCHED_REWIRE,0.5,0.8333333333333334,0.3333333333333333,1.0,1.0,0.42857142857142855,0.24242424242424243,3.0,0.75,0.05555555555555555,0.6253546696611442,0.732678856125396,1.3928301400312468,1.3333333333333333,0.0,0.7857142857142857,2.3872180451127822,1.0,1.0,1.0,1.0,1.0,1.0,1.0,0.8333333333333334,1.0,109.0,1.6297883987426758
1121,T_TERMINAL_CHANGED,0.6999999999999998,0.5,0.6666666666666666,1.0,1.0,0.8333333333333334,0.1818181818181818,1.6666666666666667,0.9166666666666666,0.0,0.5547387939685356,0.6084008872006615,1.5080019682126269,1.0,0.0,0.9226190476190476,2.6877076411960132,1.0,1.0,1.0,1.0,1.0,1.0,1.0,0.5,0.0,109.0,1.508360783259074
1121,X_COMPLEXITY_MATCHED,0.5,0.5,1.0,1.0,0.75,0.42857142857142855,0.06060606060606061,4.0,0.625,0.2222222222222222,0.7496326385858786,0.6959705453537527,1.35951474477588,0.3333333333333333,1.0,0.6785714285714285,2.210526315789474,1.0,1.0,1.0,1.0,1.0,1.0,1.0,0.3333333333333333,1.0,109.0,2.4298109213511148
1121,Y_TOPOLOGY_MATCHED,0.4000000000000001,1.0,0.8333333333333334,1.0,0.5833333333333334,0.8095238095238096,0.0,3.0,0.75,0.4465488215488216,0.6790167628932702,0.8483613706843682,1.4654139227332814,0.0,2.0,0.7857142857142857,2.549812030075188,1.0,1.0,1.0,1.0,1.0,1.0,1.0,0.5,1.0,109.0,1.8719847202301025
1123,A_AUTHENTIC,0.6999999999999998,0.5,0.5,1.0,1.0,1.0,0.1818181818181818,1.0,1.0,0.0,0.4841229182759272,0.4841229182759272,1.4851159653039219,1.0,0.0,1.0,2.857142857142857,1.0,1.0,1.0,1.0,1.0,1.0,1.0,0.5,1.0,109.0,1.530051628748576
1123,D_ALL_DIRECTION_REVERSED,0.3,0.8333333333333334,0.6666666666666666,0.0,0.0,1.0,0.1818181818181818,2.3333333333333335,0.8333333333333334,0.0,0.7496326385858786,0.6959705453537527,1.460733699592076,1.0,0.0,0.8392857142857143,2.63328587248853,1.0,1.0,1.0,1.0,0.6666666666666666,1.0,1.0,0.5,1.0,109.0,1.6698048909505208
1123,E0_DELETE,0.6666666666666666,0.5,0.5,1.0,1.0,1.0,0.20000000000000004,4.0,0.625,0.0,0.6614378277661477,0.6614378277661477,1.4142135623730951,1.0,0.0,0.6785714285714285,2.3684210526315788,1.0,1.0,1.0,1.0,1.0,1.0,1.0,0.5,1.0,109.0,1.6976876258850098
1123,E0_REVERSE,0.6,0.6666666666666666,0.6666666666666666,1.0,0.8333333333333334,0.8888888888888888,0.1818181818181818,4.0,0.625,0.05555555555555555,0.6959705453537527,0.7946992774522422,1.4142135623730951,1.0,0.0,0.6428571428571429,2.196271929824561,1.0,1.0,1.0,1.0,1.0,1.0,1.0,0.6666666666666666,1.0,109.0,1.4779206116994221
1123,E1_DELETE,0.6666666666666666,0.5,0.8333333333333334,1.0,1.0,0.5873015873015873,0.20000000000000004,4.0,0.625,0.0,0.5852961191415048,0.8659765002899521,1.4142135623730947,1.0,0.0,0.5952380952380952,2.1618562535370685,1.0,1.0,1.0,1.0,1.0,1.0,1.0,0.8333333333333334,1.0,109.0,2.3993848959604898
1123,E1_REVERSE,0.6,0.5,0.6666666666666666,1.0,0.75,1.0,0.1818181818181818,4.0,0.625,0.0,0.6084008872006615,0.7946992774522422,1.4142135623730947,1.0,0.0,0.636904761904762,2.1295981890209394,1.0,1.0,1.0,1.0,1.0,1.0,1.0,0.6666666666666666,1.0,109.0,1.5061795711517334
1123,E2_DELETE,0.6666666666666666,0.6666666666666666,0.8333333333333334,1.0,1.0,0.5,0.20000000000000004,5.0,0.5,0.07692307692307693,0.5852961191415048,0.8659765002899521,1.2720196495140692,1.0,0.0,0.5,2.0051782387673267,1.0,1.0,1.0,1.0,1.0,1.0,1.0,0.8333333333333334,1.0,109.0,1.5635891755421956
1123,E2_REVERSE,0.6,0.5,0.5,1.0,0.75,1.0,0.1818181818181818,5.0,0.5,0.0,0.6959705453537527,0.8569568250501304,1.2720196495140697,1.0,0.0,0.6071428571428571,2.176470588235294,1.0,1.0,1.0,1.0,1.0,1.0,1.0,0.5,1.0,109.0,1.628281037012736
1123,E3_DELETE,0.6666666666666666,0.5,0.0,1.0,1.0,0.6666666666666666,0.20000000000000004,3.0,0.75,0.0,0.6614378277661477,0.43301270189221935,1.2106077944060876,1.0,0.0,0.7678571428571429,2.7674418604651163,1.0,1.0,1.0,1.0,1.0,1.0,1.0,0.5,1.0,109.0,1.570981502532959
1123,E3_REVERSE,0.6,0.5,0.16666666666666666,1.0,0.75,1.0,0.1818181818181818,3.6666666666666665,0.6666666666666666,0.0,0.9020234639164942,0.6084008872006615,1.2310784127754149,1.0,0.0,0.7023809523809524,2.5118701550387597,1.0,1.0,1.0,1.0,1.0,1.0,1.0,0.6666666666666666,1.0,109.0,1.387648582458496
1123,E4_DELETE,0.6666666666666666,0.5,0.0,1.0,1.0,1.0,0.20000000000000004,3.0,0.75,0.0,0.6614378277661477,0.6614378277661477,1.210607794406086,1.0,0.0,0.7678571428571429,2.7674418604651163,1.0,1.0,1.0,1.0,1.0,1.0,1.0,0.5,1.0,109.0,1.44559113184611
1123,E4_REVERSE,0.6,0.5,0.0,1.0,1.0,1.0,0.12121212121212122,4.666666666666667,0.5416666666666666,0.0,0.7946992774522422,0.8569568250501304,0.8070718629373906,0.6666666666666666,0.0,0.636904761904762,2.337763012181617,1.0,1.0,1.0,1.0,0.8333333333333334,1.0,1.0,0.5,1.0,109.0,1.9263137181599934
1123,E5_DELETE,0.6666666666666666,0.5,0.0,1.0,1.0,1.0,0.20000000000000004,1.0,1.0,0.0,0.43301270189221935,0.43301270189221935,1.356203065626297,1.0,0.0,1.0,3.142857142857143,1.0,1.0,1.0,1.0,1.0,1.0,1.0,0.5,1.0,109.0,1.3841890494028728
1123,E5_REVERSE,0.6,0.5,0.0,1.0,1.0,1.0,0.1818181818181818,1.0,1.0,0.0,0.4841229182759272,0.6959705453537527,1.46557123187677,1.0,0.0,1.0,3.0714285714285716,1.0,1.0,1.0,1.0,1.0,1.0,1.0,0.5,1.0,109.0,1.429459810256958
1123,E6_DELETE,0.6666666666666666,1.0,0.5,1.0,1.0,1.0,0.20000000000000004,4.0,0.625,0.0,0.6614378277661477,0.6614378277661477,1.4142135623730951,1.0,0.0,0.6785714285714285,2.4210526315789473,1.0,1.0,1.0,1.0,1.0,1.0,1.0,1.0,1.0,109.0,2.026383956273397
1123,E6_REVERSE,0.6,0.6666666666666666,0.5,1.0,1.0,1.0,0.24242424242424243,3.6666666666666665,0.6666666666666666,0.0,0.8569568250501304,0.4841229182759272,1.4821537044986954,1.3333333333333333,0.0,0.7083333333333334,2.3733170134638923,1.0,1.0,1.0,1.0,1.0,1.0,1.0,0.38888888888888884,1.0,109.0,1.523154576619466
1123,E7_DELETE,0.7777777777777778,0.16666666666666666,0.16666666666666666,0.0,1.0,0.5,0.0,4.333333333333333,0.5,0.05882352941176471,0.43301270189221935,0.6614378277661477,1.0000000000000007,0.0,0.3333333333333333,0.6071428571428571,2.245098039215686,1.0,1.0,1.0,1.0,1.0,0.8000000000000002,1.0,0.8333333333333334,1.0,109.0,1.9300166765848796
1123,E7_REVERSE,0.8000000000000002,0.5,1.0,1.0,1.0,1.0,0.0,4.0,0.625,0.2818181818181818,0.8032947318180046,0.6959705453537527,1.2207440846057604,0.0,1.0,0.6785714285714285,2.3684210526315788,1.0,1.0,1.0,1.0,0.8333333333333334,1.0,1.0,1.0,1.0,109.0,1.7615612347920735
1123,E8_DELETE,0.7777777777777778,0.5,0.5,1.0,1.0,1.0,0.20000000000000004,1.0,1.0,0.0,0.43301270189221935,0.43301270189221935,1.3883666574370508,1.0,0.0,1.0,3.035714285714286,1.0,1.0,1.0,1.0,1.0,1.0,1.0,0.5,1.0,109.0,1.6732628345489502
1123,E8_REVERSE,0.8000000000000002,0.5,0.5,1.0,1.0,1.0,0.1818181818181818,1.0,1.0,0.0,0.4841229182759272,0.4841229182759272,1.437356911840786,1.0,0.0,1.0,2.892857142857143,1.0,1.0,1.0,1.0,1.0,1.0,1.0,0.5,1.0,109.0,1.679095983505249
1123,E9_DELETE,0.7777777777777778,0.5,0.5,1.0,1.0,1.0,0.0,1.0,1.0,0.0,0.43301270189221935,0.43301270189221935,1.2106077944060862,0.0,0.0,1.0,3.0714285714285716,1.0,1.0,1.0,1.0,1.0,1.0,1.0,0.5,1.0,109.0,1.5259370009104412
1123,E9_REVERSE,0.8000000000000002,0.5,1.0,0.6666666666666666,1.0,0.8888888888888888,0.1818181818181818,4.0,0.625,0.15789473684210525,0.7496326385858786,0.7496326385858786,1.3802775690976123,1.0,0.0,0.6785714285714285,2.1842105263157894,1.0,1.0,1.0,1.0,0.8333333333333334,0.9333333333333332,1.0,1.0,1.0,109.0,1.9569753805796306
1123,F_SURFACE_FORMAT_CONTROL,0.6999999999999998,0.5,1.0,1.0,1.0,1.0,0.1818181818181818,3.0,0.75,0.0,0.6959705453537527,0.8569568250501304,1.5537739740300374,1.0,0.0,0.7678571428571429,2.3488372093023258,1.0,1.0,1.0,1.0,1.0,1.0,1.0,1.0,1.0,109.0,1.3706270853678386
1123,G_RANDOM_CONTROL,0.5,0.6666666666666666,0.3333333333333333,0.0,0.5,1.0,0.3636363636363636,3.0,0.75,0.18907563025210083,0.8569568250501304,1.0263351431263426,1.5924325505976735,2.0,1.0,0.6130952380952381,2.260454002389486,1.0,1.0,1.0,1.0,0.8333333333333334,0.6666666666666666,1.0,1.0,1.0,109.0,1.6279372374216716
1123,I_ISOMORPHIC_RELABEL,0.6999999999999998,0.5,1.0,1.0,1.0,1.0,0.1818181818181818,3.0,0.75,0.0,0.6959705453537527,0.8569568250501304,1.5537739740300374,1.0,0.0,0.7678571428571429,2.3488372093023258,1.0,1.0,1.0,1.0,1.0,1.0,1.0,1.0,1.0,109.0,1.6709314187367756
1123,L_FORWARD_CONTROL,1.0,0.0,0.0,0.0,1.0,0.8333333333333334,0.0,2.3333333333333335,0.8333333333333334,0.33636363636363636,0.6084008872006615,0.5547387939685356,1.321385645616089,0.0,1.3333333333333333,0.8690476190476191,2.6561624649859943,1.0,1.0,1.0,1.0,0.5,0.8333333333333334,1.0,0.6666666666666666,1.0,109.0,1.8322620391845703
1123,M0_SWITCH_NEUTRALIZED,0.6999999999999998,0.16666666666666666,0.16666666666666666,1.0,1.0,1.0,0.12121212121212122,1.0,1.0,0.049999999999999996,0.4841229182759272,0.4841229182759272,1.2941682964284318,0.6666666666666666,0.3333333333333333,1.0,3.1964285714285716,1.0,1.0,1.0,0.0,0.0,1.0,1.0,0.5,1.0,109.0,1.8325376510620117
1123,M_SWITCH_REASSIGNED,0.6999999999999998,0.16666666666666666,0.5,1.0,1.0,1.0,0.0,2.0,0.875,0.3832528180354267,0.6253546696611442,0.8569568250501304,1.4474234417195546,0.0,1.6666666666666667,0.875,2.63265306122449,1.0,1.0,1.0,1.0,1.0,0.8000000000000002,1.0,1.0,1.0,109.0,1.602553367614746
1123,O_ORDER_SHUFFLED,0.6,0.8333333333333334,0.5,0.0,0.5,0.8888888888888888,0.1818181818181818,2.3333333333333335,0.8333333333333334,0.05555555555555555,0.6253546696611442,0.6084008872006615,1.5479289274926942,1.0,0.3333333333333333,0.8392857142857143,2.4777725043505776,1.0,1.0,1.0,1.0,1.0,1.0,1.0,0.6666666666666666,0.8571428571428571,109.0,1.6932488282521565
1123,P_ANCHOR_REASSIGNED,0.6999999999999998,0.5,0.5,1.0,1.0,1.0,0.1818181818181818,1.0,1.0,0.0,0.4841229182759272,0.4841229182759272,1.4851159653039219,1.0,0.0,1.0,2.857142857142857,1.0,1.0,1.0,1.0,1.0,1.0,1.0,0.5,1.0,109.0,1.6622648239135742
1123,R_DEGREE_MATCHED_REWIRE,0.3,1.0,0.5,1.0,0.5833333333333334,0.8888888888888888,0.0,5.0,0.5,0.24,0.6959705453537527,0.8569568250501304,1.220744084605759,0.0,1.0,0.6071428571428571,1.9411764705882353,1.0,1.0,1.0,1.0,1.0,1.0,1.0,1.0,1.0,109.0,1.5261517365773518
1123,T_TERMINAL_CHANGED,0.6999999999999998,0.5,0.5,1.0,1.0,1.0,0.1818181818181818,1.3333333333333333,0.9583333333333334,0.0,0.4841229182759272,0.6084008872006615,1.494369442490646,1.0,0.0,0.9583333333333334,2.7346938775510203,1.0,1.0,1.0,1.0,1.0,1.0,1.0,0.5,0.0,109.0,1.580626646677653
1123,X_COMPLEXITY_MATCHED,0.5,0.8333333333333334,0.8333333333333334,1.0,0.4166666666666667,0.8888888888888888,0.0,3.0,0.75,0.5300207039337473,0.732678856125396,0.4841229182759272,1.443318750226134,0.0,1.6666666666666667,0.7857142857142857,2.5955513784461153,1.0,1.0,1.0,1.0,1.0,1.0,1.0,0.5,1.0,109.0,1.5334751605987549
1123,Y_TOPOLOGY_MATCHED,0.5,0.6666666666666666,0.8333333333333334,1.0,0.5,1.0,0.0,3.6666666666666665,0.6666666666666666,0.21636363636363634,0.8483613706843682,0.6253546696611442,1.1267591896992049,0.0,0.3333333333333333,0.7380952380952381,2.328781512605042,1.0,1.0,1.0,1.0,1.0,1.0,1.0,0.38888888888888884,1.0,109.0,1.6650112469991047
1124,A_AUTHENTIC,0.6999999999999998,0.5,0.5,1.0,1.0,1.0,0.1818181818181818,1.0,1.0,0.0,0.4841229182759272,0.4841229182759272,1.4851159653039219,1.0,0.0,1.0,2.857142857142857,1.0,1.0,1.0,1.0,1.0,1.0,1.0,0.5,1.0,109.0,1.5834417343139648
1124,D_ALL_DIRECTION_REVERSED,0.3,0.6666666666666666,0.8333333333333334,0.0,0.0,0.8095238095238094,0.06060606060606061,2.6666666666666665,0.7916666666666666,0.0,0.8032947318180046,0.6959705453537527,1.3194176204670782,0.3333333333333333,0.0,0.8035714285714285,2.7081158044613196,1.0,1.0,1.0,1.0,0.5,1.0,1.0,0.38888888888888884,1.0,109.0,1.774335225423177
1124,E0_DELETE,0.6666666666666666,0.5,0.5,1.0,1.0,1.0,0.20000000000000004,4.0,0.625,0.0,0.6614378277661477,0.6614378277661477,1.4142135623730951,1.0,0.0,0.6785714285714285,2.3684210526315788,1.0,1.0,1.0,1.0,1.0,1.0,1.0,0.5,1.0,109.0,1.739323616027832
1124,E0_REVERSE,0.6,0.5,0.5,1.0,0.75,0.75,0.1818181818181818,4.0,0.625,0.0,0.6959705453537527,0.6959705453537527,1.4142135623730951,1.0,0.0,0.6785714285714285,2.263157894736842,1.0,1.0,1.0,1.0,1.0,1.0,1.0,0.5,1.0,109.0,1.8717738787333171
1124,E1_DELETE,0.6666666666666666,0.5,0.5,1.0,1.0,0.6666666666666666,0.20000000000000004,4.0,0.625,0.0,0.43301270189221935,0.6614378277661477,1.4142135623730943,1.0,0.0,0.6785714285714285,2.4210526315789473,1.0,1.0,1.0,1.0,1.0,1.0,1.0,0.5,1.0,109.0,1.7580591042836506
1124,E1_REVERSE,0.6,0.5,0.5,1.0,0.75,0.8333333333333334,0.1818181818181818,4.0,0.625,0.0,0.4841229182759272,0.6959705453537527,1.4142135623730943,1.0,0.0,0.6785714285714285,2.210526315789474,1.0,1.0,1.0,1.0,1.0,1.0,1.0,0.5,1.0,109.0,1.7840180397033691
1124,E2_DELETE,0.6666666666666666,0.5,0.5,1.0,1.0,0.5,0.20000000000000004,5.0,0.5,0.0,0.43301270189221935,0.6614378277661477,1.2720196495140697,1.0,0.0,0.6071428571428571,2.2941176470588234,1.0,1.0,1.0,1.0,1.0,1.0,1.0,0.5,1.0,109.0,1.6753693421681721
1124,E2_REVERSE,0.6,0.5,0.5,1.0,0.75,0.8095238095238094,0.1818181818181818,5.0,0.5,0.0,0.6959705453537527,0.8569568250501304,1.2720196495140697,1.0,0.0,0.6071428571428571,2.176470588235294,1.0,1.0,1.0,1.0,1.0,1.0,1.0,0.5,1.0,109.0,1.752847671508789
1124,E3_DELETE,0.6666666666666666,0.5,0.0,1.0,1.0,0.6666666666666666,0.20000000000000004,3.0,0.75,0.0,0.6614378277661477,0.43301270189221935,1.2106077944060876,1.0,0.0,0.7678571428571429,2.7674418604651163,1.0,1.0,1.0,1.0,1.0,1.0,1.0,0.5,1.0,109.0,1.941515604654948
1124,E3_REVERSE,0.6,0.6666666666666666,0.16666666666666666,1.0,0.75,1.0,0.1818181818181818,4.333333333333333,0.5833333333333334,0.05263157894736842,0.9774209810671272,0.5547387939685356,1.1404051962707251,1.0,0.0,0.6607142857142857,2.413953488372093,1.0,1.0,1.0,1.0,1.0,1.0,1.0,0.6666666666666666,1.0,109.0,1.798791726430257
1124,E4_DELETE,0.6666666666666666,0.5,0.0,1.0,1.0,1.0,0.20000000000000004,3.0,0.75,0.0,0.6614378277661477,0.6614378277661477,1.210607794406086,1.0,0.0,0.7678571428571429,2.7674418604651163,1.0,1.0,1.0,1.0,1.0,1.0,1.0,0.5,1.0,109.0,1.7490586439768474
1124,E4_REVERSE,0.6,0.5,0.0,1.0,1.0,1.0,0.1818181818181818,3.0,0.75,0.0,0.6959705453537527,0.8569568250501304,1.210607794406086,1.0,0.0,0.7678571428571429,2.7209302325581395,1.0,1.0,1.0,1.0,1.0,1.0,1.0,0.5,1.0,109.0,2.510486920674642
1124,E5_DELETE,0.6666666666666666,0.5,0.0,1.0,1.0,1.0,0.20000000000000004,1.0,1.0,0.0,0.43301270189221935,0.43301270189221935,1.356203065626297,1.0,0.0,1.0,3.142857142857143,1.0,1.0,1.0,1.0,1.0,1.0,1.0,0.5,1.0,109.0,1.808060646057129
1124,E5_REVERSE,0.6,0.5,0.0,1.0,1.0,1.0,0.1818181818181818,1.0,1.0,0.0,0.4841229182759272,0.6959705453537527,1.46557123187677,1.0,0.0,1.0,3.0714285714285716,1.0,1.0,1.0,1.0,1.0,1.0,1.0,0.5,1.0,109.0,1.5141501426696777
1124,E6_DELETE,0.6666666666666666,0.6666666666666666,0.5,1.0,1.0,1.0,0.20000000000000004,4.0,0.625,0.0,0.6614378277661477,0.509154410516862,1.4142135623730956,1.0,0.0,0.6785714285714285,2.5263157894736845,1.0,1.0,1.0,1.0,1.0,1.0,1.0,0.6666666666666666,1.0,109.0,1.8108943303426106
1124,E6_REVERSE,0.6,0.6666666666666666,0.5,1.0,1.0,1.0,0.24242424242424243,3.6666666666666665,0.6666666666666666,0.0,0.8569568250501304,0.4841229182759272,1.4821537044986954,1.3333333333333333,0.0,0.7083333333333334,2.3733170134638923,1.0,1.0,1.0,1.0,1.0,1.0,1.0,0.38888888888888884,1.0,109.0,1.639342228571574
1124,E7_DELETE,0.7777777777777778,0.5,0.5,0.0,1.0,0.5873015873015873,0.20000000000000004,3.0,0.75,0.0,0.82915619758885,0.6614378277661477,1.4142135623730956,1.0,0.0,0.7678571428571429,2.697674418604651,1.0,1.0,1.0,1.0,1.0,0.8000000000000002,1.0,1.0,1.0,109.0,1.7720220883687336
1124,E7_REVERSE,0.8000000000000002,1.0,1.0,0.0,1.0,0.7777777777777777,0.0,5.0,0.5,0.4208695652173913,0.9921567416492215,0.6959705453537527,1.259921049894873,0.0,2.0,0.5714285714285714,2.1145833333333335,1.0,1.0,1.0,1.0,0.5,1.0,1.0,1.0,1.0,109.0,1.9811304410298665
1124,E8_DELETE,0.7777777777777778,0.5,0.5,1.0,1.0,1.0,0.20000000000000004,1.0,1.0,0.0,0.43301270189221935,0.43301270189221935,1.3883666574370508,1.0,0.0,1.0,3.035714285714286,1.0,1.0,1.0,1.0,1.0,1.0,1.0,0.5,1.0,109.0,1.5949992338816326
1124,E8_REVERSE,0.8000000000000002,0.5,0.5,1.0,1.0,1.0,0.1818181818181818,1.0,1.0,0.0,0.4841229182759272,0.4841229182759272,1.437356911840786,1.0,0.0,1.0,2.892857142857143,1.0,1.0,1.0,1.0,1.0,1.0,1.0,0.5,1.0,109.0,1.619125207265218
1124,E9_DELETE,0.7777777777777778,0.5,0.5,1.0,1.0,1.0,0.0,1.0,1.0,0.0,0.43301270189221935,0.43301270189221935,1.2106077944060862,0.0,0.0,1.0,3.0714285714285716,1.0,1.0,1.0,1.0,1.0,1.0,1.0,0.5,1.0,109.0,1.5908214251200359
1124,E9_REVERSE,0.8000000000000002,0.0,0.5,0.0,1.0,1.0,0.1818181818181818,3.0,0.75,0.3333333333333333,0.8569568250501304,0.8569568250501304,1.510053675925388,1.0,2.0,0.7678571428571429,2.7906976744186047,1.0,1.0,1.0,1.0,0.5,1.0,1.0,1.0,1.0,109.0,2.006587187449137
1124,F_SURFACE_FORMAT_CONTROL,0.6999999999999998,1.0,1.0,1.0,1.0,1.0,0.1818181818181818,4.0,0.625,0.16374269005847952,0.8032947318180046,0.7496326385858786,1.4142135623730951,1.0,0.0,0.6785714285714285,2.245614035087719,1.0,1.0,1.0,1.0,1.0,1.0,1.0,1.0,1.0,109.0,2.100562493006388
1124,G_RANDOM_CONTROL,0.20000000000000004,1.0,0.0,1.0,0.08333333333333333,0.8888888888888888,0.06060606060606061,4.666666666666667,0.5416666666666666,0.4129554655870445,0.9921567416492215,0.9470901027828579,1.27392191276971,0.3333333333333333,0.6666666666666666,0.5119047619047619,1.9143518518518519,1.0,1.0,1.0,1.0,1.0,1.0,1.0,0.25,1.0,109.0,2.7729334036509194
1124,I_ISOMORPHIC_RELABEL,0.6999999999999998,0.5,0.8333333333333334,1.0,1.0,1.0,0.1818181818181818,2.3333333333333335,0.8333333333333334,0.0,0.6253546696611442,0.732678856125396,1.530887971121332,1.0,0.0,0.8452380952380952,2.5182724252491693,1.0,1.0,1.0,1.0,1.0,1.0,1.0,0.8333333333333334,1.0,109.0,1.8700392246246338
1124,L_FORWARD_CONTROL,1.0,0.3333333333333333,0.3333333333333333,0.0,1.0,1.0,0.06060606060606061,4.333333333333333,0.5833333333333334,0.2889767237593324,0.8032947318180046,0.7777454949917596,1.0154501903509654,0.3333333333333333,0.6666666666666666,0.6726190476190476,2.2816421864040914,1.0,1.0,1.0,1.0,0.8333333333333334,0.8333333333333334,1.0,0.8333333333333334,1.0,109.0,3.001301368077596
1124,M0_SWITCH_NEUTRALIZED,0.6999999999999998,0.0,0.0,1.0,1.0,1.0,0.12121212121212122,1.0,1.0,0.0,0.4841229182759272,0.4841229182759272,1.3161038557941083,0.6666666666666666,0.0,1.0,3.1666666666666665,1.0,1.0,1.0,0.0,0.0,1.0,1.0,0.5,1.0,109.0,2.207436720530192
1124,M_SWITCH_REASSIGNED,0.6999999999999998,0.8333333333333334,0.8333333333333334,0.0,1.0,1.0,0.0,4.0,0.625,0.13852813852813853,0.8032947318180046,0.6253546696611442,1.2207440846057591,0.0,1.0,0.6666666666666666,2.1519677572309153,1.0,1.0,1.0,1.0,1.0,0.8000000000000002,1.0,0.8333333333333334,1.0,109.0,2.255006710688273
1124,O_ORDER_SHUFFLED,0.6999999999999998,0.5,0.5,1.0,1.0,1.0,0.1818181818181818,1.0,1.0,0.0,0.4841229182759272,0.4841229182759272,1.4851159653039219,1.0,0.0,1.0,2.857142857142857,0.6071428571428571,1.0,1.0,1.0,1.0,1.0,1.0,0.5,1.0,109.0,1.9400135676066081
1124,P_ANCHOR_REASSIGNED,0.6999999999999998,0.5,0.5,1.0,1.0,1.0,0.1818181818181818,1.0,1.0,0.0,0.4841229182759272,0.4841229182759272,1.4851159653039219,1.0,0.0,1.0,2.857142857142857,1.0,1.0,1.0,1.0,1.0,1.0,1.0,0.5,1.0,109.0,1.8655710220336914
1124,R_DEGREE_MATCHED_REWIRE,0.5,0.5,0.5,1.0,0.75,0.8095238095238096,0.0,1.0,1.0,0.13636363636363635,0.4841229182759272,0.4841229182759272,1.423605848552331,0.0,0.0,1.0,2.732142857142857,1.0,1.0,1.0,1.0,1.0,1.0,1.0,0.5,1.0,109.0,1.6174391110738118
1124,T_TERMINAL_CHANGED,0.6999999999999998,0.5,0.5,1.0,1.0,1.0,0.1818181818181818,1.0,1.0,0.0,0.4841229182759272,0.4841229182759272,1.4851159653039219,1.0,0.0,1.0,2.857142857142857,1.0,1.0,1.0,1.0,1.0,1.0,1.0,0.5,0.0,109.0,1.7880032857259114
1124,X_COMPLEXITY_MATCHED,0.4000000000000001,1.0,0.8333333333333334,1.0,0.5833333333333334,1.0,0.24242424242424243,5.666666666666667,0.4166666666666667,0.4666666666666666,0.9020234639164942,0.6253546696611442,1.4444024930183585,1.3333333333333333,1.3333333333333333,0.5535714285714285,2.244444444444445,1.0,1.0,1.0,1.0,1.0,1.0,1.0,0.3333333333333333,1.0,109.0,1.6562124888102214
1124,Y_TOPOLOGY_MATCHED,0.6999999999999998,0.8333333333333334,0.5,1.0,0.9166666666666666,1.0,0.06060606060606061,4.333333333333333,0.5416666666666666,0.14973262032085563,0.8934280095507319,0.5547387939685356,1.1471627230705066,0.3333333333333333,1.0,0.6190476190476191,2.2083333333333335,1.0,1.0,1.0,1.0,1.0,1.0,1.0,0.4444444444444444,1.0,109.0,1.6387964884440105
1125,A_AUTHENTIC,0.6999999999999998,0.5,1.0,1.0,1.0,1.0,0.1818181818181818,3.0,0.75,0.0,0.6959705453537527,0.8569568250501304,1.5537739740300374,1.0,0.0,0.7678571428571429,2.3488372093023258,1.0,1.0,1.0,1.0,1.0,1.0,1.0,1.0,1.0,109.0,2.08187468846639
1125,D_ALL_DIRECTION_REVERSED,0.3,0.8333333333333334,0.6666666666666666,0.0,0.0,1.0,0.06060606060606061,2.3333333333333335,0.8333333333333334,0.08695652173913043,0.7496326385858786,0.8032947318180046,1.4160116267439236,0.3333333333333333,0.0,0.8392857142857143,2.6877076411960132,1.0,1.0,1.0,1.0,0.6666666666666666,1.0,1.0,0.5,1.0,109.0,1.940076430638631
1125,E0_DELETE,0.6666666666666666,0.8333333333333334,0.5,1.0,1.0,1.0,0.20000000000000004,4.0,0.625,0.0,0.7173439510403817,0.7173439510403817,1.4142135623730951,1.0,0.0,0.6071428571428571,2.244517543859649,1.0,1.0,1.0,1.0,1.0,1.0,1.0,1.0,1.0,109.0,1.7458007335662842
1125,E0_REVERSE,0.6,0.6666666666666666,0.6666666666666666,1.0,0.75,1.0,0.1818181818181818,4.0,0.625,0.05555555555555555,0.6959705453537527,0.7946992774522422,1.4142135623730951,1.0,0.0,0.6428571428571429,2.196271929824561,1.0,1.0,1.0,1.0,1.0,1.0,1.0,0.6666666666666666,1.0,109.0,1.6537683804829915
1125,E1_DELETE,0.6666666666666666,0.6666666666666666,0.8333333333333334,1.0,1.0,0.5277777777777778,0.20000000000000004,4.0,0.625,0.0,0.7173439510403817,0.8659765002899521,1.4142135623730951,1.0,0.0,0.5952380952380952,2.1267685342388227,1.0,1.0,1.0,1.0,1.0,1.0,1.0,1.0,1.0,109.0,1.9211806456247966
1125,E1_REVERSE,0.6,0.6666666666666666,0.8333333333333334,1.0,0.8333333333333334,0.75,0.24242424242424243,3.6666666666666665,0.6666666666666666,0.0,0.8032947318180046,0.8934280095507319,1.442473329292375,1.3333333333333333,0.0,0.625,2.1412853213303324,1.0,1.0,1.0,1.0,1.0,1.0,1.0,1.0,1.0,109.0,1.6732019583384197
1125,E2_DELETE,0.6666666666666666,0.8333333333333334,0.8333333333333334,1.0,1.0,0.5,0.20000000000000004,5.0,0.5,0.07692307692307693,0.6614378277661477,0.9218826235641862,1.2720196495140688,1.0,0.0,0.49404761904761907,1.9576440735861027,1.0,1.0,1.0,1.0,1.0,1.0,1.0,1.0,1.0,109.0,1.6114025115966797
1125,E2_REVERSE,0.6,0.5,0.5,1.0,0.75,1.0,0.1818181818181818,5.0,0.5,0.0,0.6959705453537527,0.8569568250501304,1.2720196495140697,1.0,0.0,0.6071428571428571,2.176470588235294,1.0,1.0,1.0,1.0,1.0,1.0,1.0,0.5,1.0,109.0,1.725307861963908
1125,E3_DELETE,0.6666666666666666,0.5,0.0,1.0,1.0,0.6666666666666666,0.20000000000000004,3.0,0.75,0.0,0.6614378277661477,0.43301270189221935,1.2106077944060876,1.0,0.0,0.7678571428571429,2.7674418604651163,1.0,1.0,1.0,1.0,1.0,1.0,1.0,0.5,1.0,109.0,1.6550831000010173
1125,E3_REVERSE,0.6,0.5,0.0,1.0,0.75,1.0,0.1818181818181818,3.3333333333333335,0.7083333333333334,0.10526315789473684,0.8569568250501304,0.6084008872006615,1.3354609230269985,1.0,0.6666666666666666,0.7380952380952381,2.647286821705426,1.0,1.0,1.0,1.0,1.0,1.0,1.0,0.6666666666666666,1.0,109.0,2.0374422868092856
1125,E4_DELETE,0.6666666666666666,0.6666666666666666,0.0,1.0,1.0,1.0,0.20000000000000004,4.333333333333333,0.5833333333333334,0.06666666666666667,0.6614378277661477,0.7173439510403817,1.140405196270724,1.0,0.0,0.6785714285714285,2.511627906976744,1.0,1.0,1.0,1.0,1.0,1.0,1.0,0.6666666666666666,1.0,109.0,1.9323428471883137
1125,E4_REVERSE,0.6,0.6666666666666666,0.0,1.0,1.0,0.8888888888888888,0.1818181818181818,4.666666666666667,0.5416666666666666,0.0,0.7946992774522422,0.9867126229546002,1.1490378325991955,1.0,0.0,0.6309523809523809,2.284315621524924,1.0,1.0,1.0,1.0,1.0,1.0,1.0,0.8333333333333334,1.0,109.0,1.7743868033091228
1125,E5_DELETE,0.6666666666666666,0.8333333333333334,0.16666666666666666,1.0,1.0,1.0,0.20000000000000004,3.6666666666666665,0.6666666666666666,0.0,0.6614378277661477,0.7173439510403817,1.3194176204670784,1.0,0.0,0.7083333333333334,2.49000407996736,1.0,1.0,1.0,1.0,1.0,1.0,1.0,1.0,1.0,109.0,1.9374849796295166
1125,E5_REVERSE,0.6,0.5,0.0,1.0,1.0,1.0,0.1818181818181818,1.0,1.0,0.0,0.4841229182759272,0.6959705453537527,1.46557123187677,1.0,0.0,1.0,3.0714285714285716,1.0,1.0,1.0,1.0,1.0,1.0,1.0,0.5,1.0,109.0,1.585480531056722
1125,E6_DELETE,0.6666666666666666,1.0,0.5,1.0,1.0,1.0,0.20000000000000004,4.0,0.625,0.0,0.6614378277661477,0.6614378277661477,1.4142135623730951,1.0,0.0,0.6785714285714285,2.4210526315789473,1.0,1.0,1.0,1.0,1.0,1.0,1.0,1.0,1.0,109.0,2.6749301751454673
1125,E6_REVERSE,0.6,0.8333333333333334,0.5,1.0,1.0,1.0,0.30303030303030304,3.3333333333333335,0.7083333333333334,0.0,0.8569568250501304,0.4841229182759272,1.5500938466242953,1.6666666666666667,0.0,0.7380952380952381,2.430844553243574,1.0,1.0,1.0,1.0,1.0,1.0,1.0,0.4444444444444444,1.0,109.0,1.601820945739746
1125,E7_DELETE,0.7777777777777778,0.16666666666666666,0.16666666666666666,0.0,1.0,1.0,0.0,4.666666666666667,0.5416666666666666,0.11805555555555554,0.819613287302284,0.43301270189221935,1.0557679927538068,0.0,0.0,0.6190476190476191,2.3436819172113292,1.0,1.0,1.0,1.0,0.8333333333333334,0.8000000000000002,1.0,0.38888888888888884,1.0,109.0,1.786884864171346
1125,E7_REVERSE,0.8000000000000002,0.8333333333333334,0.8333333333333334,0.0,1.0,1.0,0.06060606060606061,3.0,0.75,0.2759517370501352,0.6253546696611442,0.6253546696611442,1.3788494908667623,0.3333333333333333,0.6666666666666666,0.7857142857142857,2.444235588972431,1.0,1.0,1.0,1.0,0.6666666666666666,1.0,1.0,0.8333333333333334,1.0,109.0,2.5875296592712402
1125,E8_DELETE,0.7777777777777778,0.6666666666666666,1.0,1.0,1.0,1.0,0.20000000000000004,3.6666666666666665,0.6666666666666666,0.0,0.6614378277661477,0.7732500743146158,1.401054037755868,1.0,0.0,0.7142857142857143,2.3533971728226173,1.0,1.0,1.0,1.0,1.0,1.0,1.0,1.0,1.0,109.0,1.6617508729298909
1125,E8_REVERSE,0.8000000000000002,0.6666666666666666,0.6666666666666666,1.0,1.0,1.0,0.1818181818181818,2.3333333333333335,0.8333333333333334,0.0,0.6084008872006615,0.5547387939685356,1.3822444910652136,1.0,0.0,0.8690476190476191,2.5952380952380953,1.0,1.0,1.0,1.0,1.0,1.0,1.0,0.6666666666666666,1.0,109.0,1.5552282333374023
1125,E9_DELETE,0.7777777777777778,0.5,0.5,1.0,1.0,1.0,0.0,1.0,1.0,0.0,0.43301270189221935,0.43301270189221935,1.2106077944060862,0.0,0.0,1.0,3.0714285714285716,1.0,1.0,1.0,1.0,1.0,1.0,1.0,0.5,1.0,109.0,1.5291619300842285
1125,E9_REVERSE,0.8000000000000002,0.16666666666666666,0.16666666666666666,0.0,1.0,0.75,0.1818181818181818,3.3333333333333335,0.7083333333333334,0.10317460317460318,0.6253546696611442,0.8879838908561105,1.5156600389684936,1.0,0.6666666666666666,0.7380952380952381,2.3482252141982864,1.0,1.0,1.0,1.0,0.3333333333333333,0.9333333333333332,1.0,0.6666666666666666,1.0,109.0,1.8364364306132
1125,F_SURFACE_FORMAT_CONTROL,0.6999999999999998,0.6666666666666666,1.0,1.0,1.0,1.0,0.1818181818181818,3.3333333333333335,0.7083333333333334,0.0,0.7496326385858786,0.8032947318180046,1.5072538368110564,1.0,0.0,0.7380952380952381,2.302733578131375,1.0,1.0,1.0,1.0,1.0,1.0,1.0,1.0,1.0,109.0,1.6252388159434001
1125,G_RANDOM_CONTROL,0.5,0.5,0.5,0.0,0.5,1.0,0.3636363636363636,6.0,0.375,0.3333333333333333,0.9921567416492215,1.2183492931011204,1.6180339887498947,2.0,1.0,0.375,1.6190476190476193,1.0,1.0,1.0,1.0,1.0,0.75,1.0,1.0,1.0,109.0,1.6122584342956543
1125,I_ISOMORPHIC_RELABEL,0.6999999999999998,0.5,1.0,1.0,1.0,1.0,0.1818181818181818,3.0,0.75,0.0,0.6959705453537527,0.8569568250501304,1.5537739740300374,1.0,0.0,0.7678571428571429,2.3488372093023258,1.0,1.0,1.0,1.0,1.0,1.0,1.0,1.0,1.0,109.0,1.9343183040618896
1125,L_FORWARD_CONTROL,1.0,1.0,1.0,0.0,1.0,1.0,0.0,8.0,0.125,0.2857142857142857,0.6959705453537527,0.6959705453537527,0.0,0.0,0.0,0.5,1.8214285714285714,1.0,1.0,1.0,1.0,0.5,1.0,1.0,1.0,1.0,109.0,1.529523531595866
1125,M0_SWITCH_NEUTRALIZED,0.6999999999999998,0.5,0.6666666666666666,1.0,1.0,1.0,0.1818181818181818,2.6666666666666665,0.75,0.10025062656641603,0.7496326385858786,0.6253546696611442,1.3745866478401876,1.0,0.0,0.7916666666666666,2.6815837671100833,1.0,1.0,1.0,0.0,0.0,1.0,1.0,0.8333333333333334,1.0,109.0,1.6362245082855225
1125,M_SWITCH_REASSIGNED,0.6999999999999998,0.3333333333333333,0.5,1.0,1.0,1.0,0.06060606060606061,1.6666666666666667,0.9166666666666666,0.28715728715728717,0.6253546696611442,0.6790167628932702,1.3822268833619828,0.3333333333333333,1.3333333333333333,0.9226190476190476,2.898532668881506,1.0,1.0,1.0,1.0,0.6666666666666666,1.0,1.0,0.611111111111111,1.0,109.0,1.8017268975575764
1125,O_ORDER_SHUFFLED,0.6,0.0,1.0,1.0,0.5,1.0,0.1818181818181818,3.0,0.75,0.0,0.6959705453537527,0.8569568250501304,1.5537739740300374,1.0,0.0,0.7678571428571429,2.3488372093023258,1.0,1.0,1.0,1.0,1.0,1.0,1.0,1.0,0.8571428571428571,109.0,1.3672459920247395
1125,P_ANCHOR_REASSIGNED,0.6999999999999998,0.6666666666666666,0.6666666666666666,1.0,1.0,1.0,0.1818181818181818,2.0,0.875,0.0,0.5547387939685356,0.5547387939685356,1.4614818309936464,1.0,0.0,0.8928571428571429,2.6416040100250626,1.0,1.0,1.0,1.0,1.0,1.0,1.0,0.6666666666666666,1.0,109.0,1.6927040417989094
1125,R_DEGREE_MATCHED_REWIRE,0.5,1.0,0.0,1.0,0.75,0.6666666666666666,0.12121212121212122,3.6666666666666665,0.6666666666666666,0.3481481481481481,0.8032947318180046,0.7496326385858786,1.4540116599161645,0.6666666666666666,2.0,0.7083333333333334,2.175030599755202,1.0,1.0,1.0,1.0,1.0,1.0,1.0,1.0,1.0,109.0,1.750243345896403
1125,T_TERMINAL_CHANGED,0.6999999999999998,0.5,1.0,1.0,1.0,1.0,0.1818181818181818,3.0,0.75,0.0,0.6959705453537527,0.8569568250501304,1.5537739740300374,1.0,0.0,0.7678571428571429,2.3488372093023258,1.0,1.0,1.0,1.0,1.0,1.0,1.0,0.5,0.0,109.0,1.8350210984547932
1125,X_COMPLEXITY_MATCHED,0.4000000000000001,0.5,0.5,1.0,0.5,0.8888888888888888,0.1818181818181818,2.0,0.875,0.3333333333333333,0.4841229182759272,0.8569568250501304,1.4782027786747707,1.0,2.0,0.875,2.9795918367346936,1.0,1.0,1.0,1.0,1.0,1.0,1.0,0.3333333333333333,1.0,109.0,1.6902936299641926
1125,Y_TOPOLOGY_MATCHED,0.5,0.6666666666666666,1.0,1.0,0.5833333333333334,0.6190476190476191,0.0,4.0,0.625,0.17786561264822134,0.9416459840882365,0.6959705453537527,1.0,0.0,0.0,0.6785714285714285,2.4035087719298245,1.0,1.0,1.0,1.0,1.0,1.0,1.0,0.38888888888888884,1.0,109.0,2.1735401153564453
1126,A_AUTHENTIC,0.6999999999999998,0.6666666666666666,0.6666666666666666,1.0,1.0,1.0,0.1818181818181818,2.0,0.875,0.05263157894736842,0.6084008872006615,0.5547387939685356,1.4614818309936464,1.0,0.0,0.8928571428571429,2.6240601503759398,1.0,1.0,1.0,1.0,1.0,1.0,1.0,0.6666666666666666,1.0,109.0,1.7339588801066081
1126,D_ALL_DIRECTION_REVERSED,0.3,0.16666666666666666,0.8333333333333334,0.0,0.0,1.0,0.1818181818181818,3.6666666666666665,0.6666666666666666,0.05263157894736842,0.6253546696611442,0.7496326385858786,1.3902632894983356,1.0,0.0,0.7083333333333334,2.3671970624235006,1.0,1.0,1.0,1.0,0.8333333333333334,1.0,1.0,0.38888888888888884,1.0,109.0,1.9590807755788167
1126,E0_DELETE,0.6666666666666666,1.0,0.5,1.0,1.0,1.0,0.20000000000000004,4.0,0.625,0.0,0.6614378277661477,0.6614378277661477,1.4142135623730951,1.0,0.0,0.6785714285714285,2.4210526315789473,1.0,1.0,1.0,1.0,1.0,1.0,1.0,1.0,1.0,109.0,1.677089770634969
1126,E0_REVERSE,0.6,0.5,0.5,1.0,0.75,1.0,0.1818181818181818,4.0,0.625,0.0,0.6959705453537527,0.6959705453537527,1.4142135623730951,1.0,0.0,0.6785714285714285,2.263157894736842,1.0,1.0,1.0,1.0,1.0,1.0,1.0,0.5,1.0,109.0,1.9100359280904133
1126,E1_DELETE,0.6666666666666666,0.5,0.5,1.0,1.0,0.6666666666666666,0.20000000000000004,4.0,0.625,0.0,0.43301270189221935,0.6614378277661477,1.4142135623730943,1.0,0.0,0.6785714285714285,2.4210526315789473,1.0,1.0,1.0,1.0,1.0,1.0,1.0,0.5,1.0,109.0,1.9611177444458008
1126,E1_REVERSE,0.6,0.5,0.5,1.0,0.9166666666666666,0.75,0.1818181818181818,4.0,0.625,0.0,0.4841229182759272,0.6959705453537527,1.4142135623730943,1.0,0.0,0.6785714285714285,2.210526315789474,1.0,1.0,1.0,1.0,1.0,1.0,1.0,0.5,1.0,109.0,1.7073888778686523
1126,E2_DELETE,0.6666666666666666,0.5,0.5,1.0,1.0,0.5,0.20000000000000004,5.0,0.5,0.0,0.43301270189221935,0.6614378277661477,1.2720196495140697,1.0,0.0,0.6071428571428571,2.2941176470588234,1.0,1.0,1.0,1.0,1.0,1.0,1.0,0.5,1.0,109.0,1.7673954168955486
1126,E2_REVERSE,0.6,0.5,0.5,1.0,0.75,1.0,0.1818181818181818,5.0,0.5,0.0,0.6959705453537527,0.8569568250501304,1.2720196495140697,1.0,0.0,0.6071428571428571,2.176470588235294,1.0,1.0,1.0,1.0,1.0,1.0,1.0,0.5,1.0,109.0,2.02446182568868
1126,E3_DELETE,0.6666666666666666,0.5,0.0,1.0,1.0,0.6666666666666666,0.20000000000000004,3.0,0.75,0.0,0.6614378277661477,0.43301270189221935,1.2106077944060876,1.0,0.0,0.7678571428571429,2.7674418604651163,1.0,1.0,1.0,1.0,1.0,1.0,1.0,0.5,1.0,109.0,1.7374145189921062
1126,E3_REVERSE,0.6,0.6666666666666666,0.3333333333333333,1.0,0.9166666666666666,0.7777777777777777,0.1818181818181818,5.666666666666667,0.4166666666666667,0.0,1.031779261820964,0.8032947318180046,1.1813464330093797,1.0,0.0,0.5297619047619048,1.9691666666666665,1.0,1.0,1.0,1.0,1.0,1.0,1.0,1.0,1.0,109.0,1.615831772486369
1126,E4_DELETE,0.6666666666666666,1.0,0.0,1.0,1.0,1.0,0.20000000000000004,5.0,0.5,0.06666666666666667,0.6614378277661477,0.7173439510403817,1.2761423749153968,1.0,0.0,0.6190476190476191,2.280701754385965,1.0,1.0,1.0,1.0,1.0,1.0,1.0,1.0,1.0,109.0,1.6531051794687908
1126,E4_REVERSE,0.6,0.5,0.3333333333333333,1.0,1.0,1.0,0.1818181818181818,5.666666666666667,0.4166666666666667,0.21052631578947367,0.8934280095507319,1.0263351431263426,1.070202598135362,1.0,0.0,0.5654761904761906,2.2915921288014314,1.0,1.0,1.0,1.0,1.0,1.0,1.0,0.8333333333333334,1.0,109.0,1.7689379056294758
1126,E5_DELETE,0.6666666666666666,0.6666666666666666,0.0,1.0,1.0,1.0,0.20000000000000004,2.0,0.875,0.0,0.509154410516862,0.509154410516862,1.3281419269222214,1.0,0.0,0.8928571428571429,2.919799498746867,1.0,1.0,1.0,1.0,1.0,1.0,1.0,0.6666666666666666,1.0,109.0,1.5978728930155437
1126,E5_REVERSE,0.6,0.8333333333333334,0.3333333333333333,1.0,1.0,1.0,0.1818181818181818,3.6666666666666665,0.6666666666666666,0.10818713450292398,0.7496326385858786,0.9416459840882365,1.4486390127660567,1.0,0.0,0.7083333333333334,2.439412484700122,1.0,1.0,1.0,1.0,1.0,1.0,1.0,1.0,1.0,109.0,1.55569060643514
1126,E6_DELETE,0.6666666666666666,1.0,0.5,1.0,1.0,1.0,0.20000000000000004,4.0,0.625,0.0,0.6614378277661477,0.6614378277661477,1.4142135623730951,1.0,0.0,0.6785714285714285,2.4210526315789473,1.0,1.0,1.0,1.0,1.0,1.0,1.0,1.0,1.0,109.0,1.5343395868937175
1126,E6_REVERSE,0.6,1.0,0.5,1.0,1.0,1.0,0.3636363636363636,3.0,0.75,0.0,0.8569568250501304,0.4841229182759272,1.618033988749895,2.0,0.0,0.7678571428571429,2.488372093023256,1.0,1.0,1.0,1.0,1.0,1.0,1.0,0.5,1.0,109.0,1.4673363367716472
1126,E7_DELETE,0.7777777777777778,0.0,0.5,0.0,1.0,1.0,0.0,5.0,0.5,0.0,0.6614378277661477,0.6614378277661477,1.0000000000000004,0.0,0.0,0.6071428571428571,2.411764705882353,1.0,1.0,1.0,1.0,1.0,0.8000000000000002,1.0,0.5,1.0,109.0,1.5963915983835857
1126,E7_REVERSE,0.8000000000000002,0.3333333333333333,0.3333333333333333,0.0,1.0,0.6666666666666666,0.0,5.333333333333333,0.4583333333333333,0.3863636363636364,1.031779261820964,0.6253546696611442,1.1177366547331093,0.0,1.0,0.48809523809523814,1.818438003220612,1.0,1.0,1.0,1.0,1.0,1.0,1.0,0.4444444444444444,1.0,109.0,2.7931710879007974
1126,E8_DELETE,0.7777777777777778,0.5,0.8333333333333334,1.0,1.0,1.0,0.20000000000000004,2.3333333333333335,0.8333333333333334,0.0,0.5852961191415048,0.697108365689973,1.439836373730195,1.0,0.0,0.8452380952380952,2.6398117386489477,1.0,1.0,1.0,1.0,1.0,1.0,1.0,0.8333333333333334,1.0,109.0,1.604113022486369
1126,E8_REVERSE,0.8000000000000002,0.5,0.8333333333333334,1.0,1.0,1.0,0.1818181818181818,2.3333333333333335,0.8333333333333334,0.0,0.6253546696611442,0.732678856125396,1.5149682866336203,1.0,0.0,0.8452380952380952,2.499169435215947,1.0,1.0,1.0,1.0,1.0,1.0,1.0,0.8333333333333334,1.0,109.0,1.7467923164367676
1126,E9_DELETE,0.7777777777777778,0.5,0.5,1.0,1.0,1.0,0.20000000000000004,4.0,0.625,0.0,0.6614378277661477,0.6614378277661477,1.4142135623730951,1.0,0.0,0.6785714285714285,2.4210526315789473,1.0,1.0,1.0,1.0,1.0,1.0,1.0,1.0,1.0,109.0,1.4890806674957275
1126,E9_REVERSE,0.8000000000000002,0.3333333333333333,0.8333333333333334,0.0,1.0,1.0,0.0,4.0,0.625,0.2509090909090909,0.9470901027828579,0.8032947318180046,1.2485217748713473,0.0,1.0,0.6845238095238096,2.3125128839414555,1.0,1.0,1.0,0.6666666666666666,0.8333333333333334,0.8000000000000002,1.0,0.8333333333333334,1.0,109.0,1.536778450012207
1126,F_SURFACE_FORMAT_CONTROL,0.6999999999999998,0.5,1.0,1.0,1.0,1.0,0.1818181818181818,3.3333333333333335,0.7083333333333334,0.10526315789473684,0.6959705453537527,0.8569568250501304,1.5751939789366567,1.0,0.3333333333333333,0.7380952380952381,2.337821297429621,1.0,1.0,1.0,1.0,1.0,1.0,1.0,1.0,1.0,109.0,1.6131572723388672
1126,G_RANDOM_CONTROL,0.4000000000000001,0.6666666666666666,0.5,1.0,0.0,1.0,0.1818181818181818,4.333333333333333,0.5833333333333334,0.13636363636363635,1.0675542587998545,0.9921567416492215,1.324717957244746,1.0,1.0,0.625,2.122638767800058,1.0,1.0,1.0,1.0,1.0,0.75,1.0,0.25,1.0,109.0,1.7502048810323079
1126,I_ISOMORPHIC_RELABEL,0.6999999999999998,0.5,1.0,1.0,1.0,1.0,0.1818181818181818,3.6666666666666665,0.6666666666666666,0.21052631578947367,0.6959705453537527,0.8569568250501304,1.596613983843276,1.0,0.6666666666666666,0.7083333333333334,2.326805385556916,1.0,1.0,1.0,1.0,1.0,1.0,1.0,1.0,1.0,109.0,2.137810548146566
1126,L_FORWARD_CONTROL,1.0,0.6666666666666666,0.6666666666666666,0.0,1.0,1.0,0.0,4.666666666666667,0.5416666666666666,0.0,0.7946992774522422,0.6959705453537527,0.7673092835051736,0.0,0.0,0.6726190476190478,2.217341372380132,1.0,1.0,1.0,1.0,0.8333333333333334,1.0,1.0,1.0,1.0,109.0,1.7314596970876057
1126,M0_SWITCH_NEUTRALIZED,0.6999999999999998,0.6666666666666666,0.6666666666666666,1.0,1.0,1.0,0.06060606060606061,2.0,0.875,0.14786967418546365,0.7496326385858786,0.5547387939685356,1.33495973330728,0.3333333333333333,0.0,0.8928571428571429,2.8139097744360906,1.0,1.0,1.0,0.0,0.0,1.0,1.0,0.6666666666666666,1.0,109.0,1.6097208658854167
1126,M_SWITCH_REASSIGNED,0.6999999999999998,1.0,1.0,0.0,1.0,1.0,0.0,3.0,0.75,0.13043478260869565,0.6959705453537527,0.6959705453537527,1.3532099641993236,0.0,1.0,0.7678571428571429,2.3255813953488373,1.0,1.0,1.0,1.0,0.5,1.0,1.0,1.0,1.0,109.0,1.559632698694865
1126,O_ORDER_SHUFFLED,0.4000000000000001,1.0,1.0,0.0,0.5,1.0,0.1818181818181818,3.6666666666666665,0.6666666666666666,0.0,0.6959705453537527,0.7496326385858786,1.460733699592076,1.0,0.0,0.7083333333333334,2.2566299469604245,1.0,1.0,1.0,1.0,1.0,1.0,1.0,1.0,0.14285714285714285,109.0,1.7911899089813232
1126,P_ANCHOR_REASSIGNED,0.6999999999999998,0.5,0.8333333333333334,1.0,1.0,1.0,0.1818181818181818,2.3333333333333335,0.8333333333333334,0.0,0.6253546696611442,0.732678856125396,1.530887971121332,1.0,0.0,0.8452380952380952,2.5182724252491693,1.0,1.0,1.0,1.0,1.0,1.0,1.0,0.8333333333333334,1.0,109.0,1.6495412985483806
1126,R_DEGREE_MATCHED_REWIRE,0.4000000000000001,1.0,1.0,1.0,0.75,0.6666666666666666,0.0,5.0,0.5,0.24,0.6959705453537527,0.8569568250501304,1.2207440846057587,0.0,1.0,0.6071428571428571,1.9705882352941178,1.0,1.0,1.0,1.0,1.0,1.0,1.0,1.0,1.0,109.0,1.719685475031535
1126,T_TERMINAL_CHANGED,0.6999999999999998,0.5,1.0,1.0,1.0,1.0,0.1818181818181818,3.0,0.75,0.0,0.6959705453537527,0.8569568250501304,1.5537739740300374,1.0,0.0,0.7678571428571429,2.3488372093023258,1.0,1.0,1.0,1.0,1.0,1.0,1.0,0.5,0.0,109.0,1.558089256286621
1126,X_COMPLEXITY_MATCHED,0.5,0.6666666666666666,0.5,1.0,0.75,0.8095238095238096,0.0,2.3333333333333335,0.8333333333333334,0.19047619047619047,0.5547387939685356,0.6253546696611442,1.2659097880092487,0.0,0.3333333333333333,0.8392857142857143,2.5730105995886725,1.0,1.0,1.0,1.0,1.0,1.0,1.0,0.38888888888888884,1.0,109.0,1.6634167035420735
1126,Y_TOPOLOGY_MATCHED,0.4000000000000001,0.6666666666666666,0.8333333333333334,1.0,0.5,0.7222222222222222,0.06060606060606061,4.333333333333333,0.5833333333333334,0.4845614035087719,0.7946992774522422,0.8569568250501304,1.3135996787725264,0.3333333333333333,1.3333333333333333,0.6488095238095238,2.1924447104423166,1.0,1.0,1.0,1.0,1.0,1.0,1.0,0.3333333333333333,1.0,109.0,1.898207187652588
1127,A_AUTHENTIC,0.6999999999999998,0.5,0.6666666666666666,1.0,1.0,1.0,0.1818181818181818,1.6666666666666667,0.9166666666666666,0.0,0.5547387939685356,0.6084008872006615,1.5080019682126269,1.0,0.0,0.9226190476190476,2.6877076411960132,1.0,1.0,1.0,1.0,1.0,1.0,1.0,0.6666666666666666,1.0,109.0,1.6434147357940674
1127,D_ALL_DIRECTION_REVERSED,0.3,0.6666666666666666,0.6666666666666666,0.0,0.0,1.0,0.06060606060606061,2.6666666666666665,0.7916666666666666,0.08695652173913043,0.6959705453537527,0.8032947318180046,1.3694914895249426,0.3333333333333333,0.0,0.8095238095238096,2.676691729323308,1.0,1.0,1.0,1.0,0.6666666666666666,1.0,1.0,0.4444444444444444,1.0,109.0,1.9617854754130046
1127,E0_DELETE,0.6666666666666666,0.5,0.8333333333333334,1.0,1.0,1.0,0.20000000000000004,3.3333333333333335,0.7083333333333334,0.0,0.6614378277661477,0.8659765002899521,1.5072538368110562,1.0,0.0,0.6547619047619048,2.215399610136452,1.0,1.0,1.0,1.0,1.0,1.0,1.0,0.8333333333333334,1.0,109.0,1.9114483992258708
1127,E0_REVERSE,0.6,0.5,0.5,1.0,0.75,1.0,0.1818181818181818,4.0,0.625,0.0,0.6959705453537527,0.6959705453537527,1.4142135623730951,1.0,0.0,0.6785714285714285,2.263157894736842,1.0,1.0,1.0,1.0,1.0,1.0,1.0,0.5,1.0,109.0,1.6717849572499592
1127,E1_DELETE,0.6666666666666666,0.5,0.5,1.0,1.0,0.6666666666666666,0.20000000000000004,4.0,0.625,0.0,0.43301270189221935,0.6614378277661477,1.4142135623730943,1.0,0.0,0.6785714285714285,2.4210526315789473,1.0,1.0,1.0,1.0,1.0,1.0,1.0,0.5,1.0,109.0,1.9397557576497395
1127,E1_REVERSE,0.6,0.5,0.6666666666666666,1.0,0.75,1.0,0.1818181818181818,4.0,0.625,0.0,0.6084008872006615,0.7946992774522422,1.4142135623730947,1.0,0.0,0.636904761904762,2.1295981890209394,1.0,1.0,1.0,1.0,1.0,1.0,1.0,0.6666666666666666,1.0,109.0,1.3284019629160564
1127,E2_DELETE,0.6666666666666666,0.5,0.5,1.0,1.0,0.5,0.20000000000000004,5.0,0.5,0.0,0.43301270189221935,0.6614378277661477,1.2720196495140697,1.0,0.0,0.6071428571428571,2.2941176470588234,1.0,1.0,1.0,1.0,1.0,1.0,1.0,0.5,1.0,109.0,2.4842588901519775
1127,E2_REVERSE,0.6,0.5,0.5,1.0,0.75,1.0,0.1818181818181818,5.0,0.5,0.0,0.6959705453537527,0.8569568250501304,1.2720196495140697,1.0,0.0,0.6071428571428571,2.176470588235294,1.0,1.0,1.0,1.0,1.0,1.0,1.0,0.5,1.0,109.0,1.4479371706644695
1127,E3_DELETE,0.6666666666666666,0.5,0.0,1.0,1.0,0.6666666666666666,0.20000000000000004,3.0,0.75,0.0,0.6614378277661477,0.43301270189221935,1.2106077944060876,1.0,0.0,0.7678571428571429,2.7674418604651163,1.0,1.0,1.0,1.0,1.0,1.0,1.0,0.5,1.0,109.0,1.506500005722046
1127,E3_REVERSE,0.6,0.5,0.0,1.0,0.75,1.0,0.1818181818181818,3.0,0.75,0.0,0.8569568250501304,0.4841229182759272,1.2106077944060876,1.0,0.0,0.7678571428571429,2.7209302325581395,1.0,1.0,1.0,1.0,1.0,1.0,1.0,0.5,1.0,109.0,1.818727970123291
1127,E4_DELETE,0.6666666666666666,0.5,0.0,1.0,1.0,1.0,0.20000000000000004,3.0,0.75,0.0,0.6614378277661477,0.6614378277661477,1.210607794406086,1.0,0.0,0.7678571428571429,2.7674418604651163,1.0,1.0,1.0,1.0,1.0,1.0,1.0,0.5,1.0,109.0,1.7123470306396484
1127,E4_REVERSE,0.6,0.5,0.16666666666666666,1.0,1.0,1.0,0.1818181818181818,3.6666666666666665,0.6666666666666666,0.0,0.7496326385858786,0.9416459840882365,1.231078412775414,1.0,0.0,0.7023809523809524,2.522286821705426,1.0,1.0,1.0,1.0,1.0,1.0,1.0,0.6666666666666666,1.0,109.0,1.877872625986735
1127,E5_DELETE,0.6666666666666666,0.5,0.0,1.0,1.0,1.0,0.20000000000000004,1.0,1.0,0.0,0.43301270189221935,0.43301270189221935,1.356203065626297,1.0,0.0,1.0,3.142857142857143,1.0,1.0,1.0,1.0,1.0,1.0,1.0,0.5,1.0,109.0,1.9662524064381917
1127,E5_REVERSE,0.6,0.5,0.16666666666666666,1.0,1.0,1.0,0.1818181818181818,1.6666666666666667,0.9166666666666666,0.0,0.5547387939685356,0.8343217976239847,1.48287745910184,1.0,0.0,0.9226190476190476,2.9080841638981174,1.0,1.0,1.0,1.0,1.0,1.0,1.0,0.6666666666666666,1.0,109.0,1.6374778747558594
1127,E6_DELETE,0.6666666666666666,1.0,0.5,1.0,1.0,1.0,0.20000000000000004,4.0,0.625,0.0,0.6614378277661477,0.6614378277661477,1.4142135623730951,1.0,0.0,0.6785714285714285,2.4210526315789473,1.0,1.0,1.0,1.0,1.0,1.0,1.0,1.0,1.0,109.0,2.013005256652832
1127,E6_REVERSE,0.6,0.5,0.5,1.0,1.0,1.0,0.1818181818181818,4.0,0.625,0.0,0.8569568250501304,0.4841229182759272,1.4142135623730956,1.0,0.0,0.6785714285714285,2.3157894736842106,1.0,1.0,1.0,1.0,1.0,1.0,1.0,0.3333333333333333,1.0,109.0,1.526655117670695
1127,E7_DELETE,0.7777777777777778,0.5,0.5,0.0,1.0,0.6666666666666666,0.0,8.0,0.125,0.0,0.6614378277661477,0.6614378277661477,0.0,0.0,0.0,0.5,2.0714285714285716,1.0,1.0,1.0,1.0,0.5,1.0,1.0,0.5,1.0,109.0,1.824140151341756
1127,E7_REVERSE,0.8000000000000002,0.3333333333333333,0.3333333333333333,0.0,1.0,1.0,0.0,1.0,1.0,0.14761904761904762,0.5547387939685356,0.4841229182759272,1.290983898010152,0.0,0.3333333333333333,1.0,3.125,1.0,1.0,1.0,1.0,1.0,1.0,1.0,0.4444444444444444,1.0,109.0,1.6790265242258708
1127,E8_DELETE,0.7777777777777778,0.5,0.6666666666666666,1.0,1.0,1.0,0.20000000000000004,1.6666666666666667,0.9166666666666666,0.0,0.509154410516862,0.5650605337910962,1.4141015155836227,1.0,0.0,0.9226190476190476,2.837763012181617,1.0,1.0,1.0,1.0,1.0,1.0,1.0,0.6666666666666666,1.0,109.0,1.4299163023630779
1127,E8_REVERSE,0.8000000000000002,0.5,0.5,1.0,1.0,1.0,0.1818181818181818,1.0,1.0,0.0,0.4841229182759272,0.4841229182759272,1.437356911840786,1.0,0.0,1.0,2.892857142857143,1.0,1.0,1.0,1.0,1.0,1.0,1.0,0.5,1.0,109.0,1.69095778465271
1127,E9_DELETE,0.7777777777777778,0.5,0.5,1.0,1.0,1.0,0.0,1.0,1.0,0.0,0.43301270189221935,0.43301270189221935,1.2106077944060862,0.0,0.0,1.0,3.0714285714285716,1.0,1.0,1.0,1.0,1.0,1.0,1.0,0.5,1.0,109.0,1.763343334197998
1127,E9_REVERSE,0.8000000000000002,0.5,1.0,0.0,1.0,0.6666666666666666,0.0,5.333333333333333,0.4583333333333333,0.4504347826086956,0.9921567416492215,0.8569568250501304,1.1732806999299163,0.0,1.6666666666666667,0.5654761904761906,2.112504353883664,1.0,1.0,1.0,1.0,0.5,1.0,1.0,1.0,1.0,109.0,1.743714412053426
1127,F_SURFACE_FORMAT_CONTROL,0.6999999999999998,0.6666666666666666,1.0,1.0,1.0,1.0,0.1818181818181818,3.3333333333333335,0.7083333333333334,0.0,0.6959705453537527,0.8032947318180046,1.5072538368110564,1.0,0.0,0.7380952380952381,2.302733578131375,1.0,1.0,1.0,1.0,1.0,1.0,1.0,1.0,1.0,109.0,1.6788024107615154
1127,G_RANDOM_CONTROL,0.4000000000000001,0.8333333333333334,1.0,0.0,0.0,0.6,0.3636363636363636,5.666666666666667,0.4166666666666667,0.34055727554179566,0.8569568250501304,1.4086784586980805,1.575428032533247,2.0,1.0,0.3988095238095238,1.7428571428571429,1.0,1.0,1.0,1.0,0.6666666666666666,0.75,1.0,0.25,1.0,109.0,1.6581188042958577
1127,I_ISOMORPHIC_RELABEL,0.6999999999999998,0.6666666666666666,0.8333333333333334,1.0,1.0,1.0,0.1818181818181818,2.6666666666666665,0.7916666666666666,0.0,0.6253546696611442,0.6790167628932702,1.4843678339023514,1.0,0.0,0.8154761904761906,2.4721687940782187,1.0,1.0,1.0,1.0,1.0,1.0,1.0,0.8333333333333334,1.0,109.0,1.590476671854655
1127,L_FORWARD_CONTROL,1.0,0.0,0.0,0.0,1.0,1.0,0.0,2.0,0.875,0.2727272727272727,0.6959705453537527,0.4841229182759272,1.3554315664777554,0.0,1.0,0.875,2.63265306122449,1.0,1.0,1.0,1.0,1.0,0.8333333333333334,1.0,0.5,1.0,109.0,1.5097932815551758
1127,M0_SWITCH_NEUTRALIZED,0.6999999999999998,0.5,0.5,1.0,1.0,1.0,0.06060606060606061,1.6666666666666667,0.875,0.14786967418546365,0.6959705453537527,0.6084008872006615,1.2599575841838215,0.3333333333333333,0.0,0.8988095238095237,2.9056776556776556,1.0,1.0,1.0,0.0,0.0,1.0,1.0,0.6666666666666666,1.0,109.0,2.0085208415985107
1127,M_SWITCH_REASSIGNED,0.6999999999999998,0.8333333333333334,1.0,0.0,1.0,1.0,0.06060606060606061,3.3333333333333335,0.7083333333333334,0.23737373737373735,0.7496326385858786,0.6959705453537527,1.3865703108566458,0.3333333333333333,1.6666666666666667,0.7321428571428572,2.4401843704169286,1.0,1.0,1.0,1.0,0.6666666666666666,0.8000000000000002,1.0,1.0,1.0,109.0,1.8620351155598958
1127,O_ORDER_SHUFFLED,0.6333333333333333,0.5,0.6666666666666666,0.6666666666666666,0.6666666666666666,1.0,0.1818181818181818,3.3333333333333335,0.7083333333333334,0.09999999999999999,0.7496326385858786,0.6084008872006615,1.5751939789366574,1.0,0.3333333333333333,0.7380952380952381,2.3998368013055895,0.8809523809523809,1.0,1.0,1.0,1.0,1.0,1.0,0.6666666666666666,0.9047619047619048,109.0,1.6508925755818684
1127,P_ANCHOR_REASSIGNED,0.6999999999999998,0.5,0.5,1.0,1.0,1.0,0.1818181818181818,1.0,1.0,0.0,0.4841229182759272,0.4841229182759272,1.4851159653039219,1.0,0.0,1.0,2.857142857142857,1.0,1.0,1.0,1.0,1.0,1.0,1.0,0.5,1.0,109.0,1.612606128056844
1127,R_DEGREE_MATCHED_REWIRE,0.20000000000000004,0.5,0.0,1.0,0.5,0.6666666666666666,0.0,1.0,1.0,0.4090909090909091,0.4841229182759272,0.4841229182759272,1.4172903610812864,0.0,2.0,1.0,2.875,1.0,1.0,1.0,1.0,1.0,1.0,1.0,0.5,1.0,109.0,1.8311435381571453
1127,T_TERMINAL_CHANGED,0.6999999999999998,0.5,0.5,1.0,1.0,1.0,0.1818181818181818,1.0,1.0,0.0,0.4841229182759272,0.4841229182759272,1.4851159653039219,1.0,0.0,1.0,2.857142857142857,1.0,1.0,1.0,1.0,1.0,1.0,1.0,0.5,0.0,109.0,1.8872982660929363
1127,X_COMPLEXITY_MATCHED,0.8000000000000002,0.8333333333333334,0.5,1.0,1.0,0.42857142857142855,0.0,3.3333333333333335,0.7083333333333334,0.047619047619047616,0.732678856125396,0.5547387939685356,1.243874731401589,0.0,0.3333333333333333,0.7321428571428571,2.3570509284795,1.0,1.0,1.0,1.0,1.0,1.0,1.0,0.4444444444444444,1.0,109.0,1.5547502835591633
1127,Y_TOPOLOGY_MATCHED,0.6999999999999998,1.0,0.5,1.0,0.75,0.8095238095238096,0.0,4.0,0.625,0.375,0.8569568250501304,0.4841229182759272,1.3953369944670728,0.0,2.0,0.6607142857142857,2.1621621621621623,1.0,1.0,1.0,1.0,1.0,1.0,1.0,0.5,1.0,109.0,1.4964773654937744
1128,A_AUTHENTIC,0.6999999999999998,0.6666666666666666,0.6666666666666666,1.0,1.0,1.0,0.1818181818181818,2.0,0.875,0.0,0.6084008872006615,0.5547387939685356,1.4614818309936464,1.0,0.0,0.8928571428571429,2.6416040100250626,1.0,1.0,1.0,1.0,1.0,1.0,1.0,0.6666666666666666,1.0,109.0,1.8356464703877766
1128,D_ALL_DIRECTION_REVERSED,0.3,0.16666666666666666,1.0,0.0,0.0,1.0,0.1818181818181818,3.6666666666666665,0.6666666666666666,0.0,0.7496326385858786,0.6959705453537527,1.4607336995920768,1.0,0.0,0.7083333333333334,2.326805385556916,1.0,1.0,1.0,1.0,1.0,1.0,1.0,0.38888888888888884,1.0,109.0,1.6815379460652669
1128,E0_DELETE,0.6666666666666666,0.5,1.0,1.0,1.0,1.0,0.20000000000000004,3.0,0.75,0.0,0.6614378277661477,0.9682458365518544,1.5537739740300365,1.0,0.0,0.6428571428571429,2.138888888888889,1.0,1.0,1.0,1.0,1.0,1.0,1.0,1.0,1.0,109.0,1.7631072203318279
1128,E0_REVERSE,0.6,0.5,0.5,1.0,0.75,1.0,0.1818181818181818,4.0,0.625,0.0,0.6959705453537527,0.6959705453537527,1.4142135623730951,1.0,0.0,0.6785714285714285,2.263157894736842,1.0,1.0,1.0,1.0,1.0,1.0,1.0,0.5,1.0,109.0,2.0485214392344155
1128,E1_DELETE,0.6666666666666666,0.5,0.5,1.0,1.0,0.6666666666666666,0.20000000000000004,4.0,0.625,0.0,0.43301270189221935,0.6614378277661477,1.4142135623730943,1.0,0.0,0.6785714285714285,2.4210526315789473,1.0,1.0,1.0,1.0,1.0,1.0,1.0,0.5,1.0,109.0,1.656108299891154
1128,E1_REVERSE,0.6,0.5,0.5,1.0,0.75,1.0,0.1818181818181818,4.0,0.625,0.0,0.4841229182759272,0.6959705453537527,1.4142135623730943,1.0,0.0,0.6785714285714285,2.210526315789474,1.0,1.0,1.0,1.0,1.0,1.0,1.0,0.5,1.0,109.0,1.7981735070546467
1128,E2_DELETE,0.6666666666666666,0.5,0.8333333333333334,1.0,1.0,0.5,0.20000000000000004,5.0,0.5,0.0,0.5852961191415048,0.8659765002899521,1.2720196495140692,1.0,0.0,0.5238095238095238,1.999273783587509,1.0,1.0,1.0,1.0,1.0,1.0,1.0,0.8333333333333334,1.0,109.0,1.607895056406657
1128,E2_REVERSE,0.6,0.5,0.6666666666666666,1.0,0.75,1.0,0.1818181818181818,5.0,0.5,0.0,0.7496326385858786,0.9416459840882365,1.2720196495140694,1.0,0.0,0.5654761904761905,2.043572984749455,1.0,1.0,1.0,1.0,1.0,1.0,1.0,0.6666666666666666,1.0,109.0,1.6524101098378499
1128,E3_DELETE,0.6666666666666666,0.5,0.0,1.0,1.0,0.6666666666666666,0.20000000000000004,3.0,0.75,0.0,0.6614378277661477,0.43301270189221935,1.2106077944060876,1.0,0.0,0.7678571428571429,2.7674418604651163,1.0,1.0,1.0,1.0,1.0,1.0,1.0,0.5,1.0,109.0,1.7320359547932942
1128,E3_REVERSE,0.6,0.5,0.0,1.0,0.75,1.0,0.1818181818181818,3.0,0.75,0.0,0.8569568250501304,0.4841229182759272,1.2106077944060876,1.0,0.0,0.7678571428571429,2.7209302325581395,1.0,1.0,1.0,1.0,1.0,1.0,1.0,0.5,1.0,109.0,1.9593419233957927
1128,E4_DELETE,0.6666666666666666,0.5,0.0,1.0,1.0,1.0,0.20000000000000004,3.0,0.75,0.0,0.6614378277661477,0.6614378277661477,1.210607794406086,1.0,0.0,0.7678571428571429,2.7674418604651163,1.0,1.0,1.0,1.0,1.0,1.0,1.0,0.5,1.0,109.0,1.6344693501790364
1128,E4_REVERSE,0.6,0.5,0.0,1.0,1.0,1.0,0.1818181818181818,3.0,0.75,0.0,0.6959705453537527,0.8569568250501304,1.210607794406086,1.0,0.0,0.7678571428571429,2.7209302325581395,1.0,1.0,1.0,1.0,1.0,1.0,1.0,0.5,1.0,109.0,1.4914774894714355
1128,E5_DELETE,0.6666666666666666,0.5,0.3333333333333333,1.0,1.0,1.0,0.20000000000000004,2.3333333333333335,0.8333333333333334,0.0,0.5852961191415048,0.697108365689973,1.394876730124162,1.0,0.0,0.8452380952380952,2.7995570321151715,1.0,1.0,1.0,1.0,1.0,1.0,1.0,0.8333333333333334,1.0,109.0,1.3940393924713135
1128,E5_REVERSE,0.6,0.5,0.16666666666666666,1.0,1.0,1.0,0.1818181818181818,1.6666666666666667,0.9166666666666666,0.0,0.5547387939685356,0.8343217976239847,1.48287745910184,1.0,0.0,0.9226190476190476,2.9080841638981174,1.0,1.0,1.0,1.0,1.0,1.0,1.0,0.6666666666666666,1.0,109.0,1.4147076606750488
1128,E6_DELETE,0.6666666666666666,1.0,0.5,1.0,1.0,1.0,0.20000000000000004,4.0,0.625,0.0,0.6614378277661477,0.6614378277661477,1.4142135623730951,1.0,0.0,0.6785714285714285,2.4210526315789473,1.0,1.0,1.0,1.0,1.0,1.0,1.0,1.0,1.0,109.0,1.4916733105977376
1128,E6_REVERSE,0.6,1.0,0.5,1.0,1.0,1.0,0.3636363636363636,3.0,0.75,0.0,0.8569568250501304,0.4841229182759272,1.618033988749895,2.0,0.0,0.7678571428571429,2.488372093023256,1.0,1.0,1.0,1.0,1.0,1.0,1.0,0.5,1.0,109.0,1.6176392237345378
1128,E7_DELETE,0.7777777777777778,0.5,1.0,0.0,1.0,1.0,0.0,4.0,0.625,0.2608695652173913,0.9682458365518544,0.82915619758885,1.290648801346709,0.0,0.0,0.6607142857142857,2.4594594594594597,1.0,1.0,1.0,1.0,1.0,1.0,1.0,1.0,1.0,109.0,1.859744628270467
1128,E7_REVERSE,0.8000000000000002,0.5,0.5,0.0,1.0,1.0,0.1818181818181818,2.0,0.875,0.0,0.6959705453537527,0.6959705453537527,1.51748991355198,1.0,0.0,0.875,2.6530612244897958,1.0,1.0,1.0,1.0,1.0,1.0,1.0,1.0,1.0,109.0,2.0756589571634927
1128,E8_DELETE,0.7777777777777778,0.5,0.5,1.0,1.0,1.0,0.20000000000000004,1.0,1.0,0.0,0.43301270189221935,0.43301270189221935,1.3883666574370508,1.0,0.0,1.0,3.035714285714286,1.0,1.0,1.0,1.0,1.0,1.0,1.0,0.5,1.0,109.0,1.3404995600382488
1128,E8_REVERSE,0.8000000000000002,0.5,0.5,1.0,1.0,1.0,0.1818181818181818,1.0,1.0,0.0,0.4841229182759272,0.4841229182759272,1.437356911840786,1.0,0.0,1.0,2.892857142857143,1.0,1.0,1.0,1.0,1.0,1.0,1.0,0.5,1.0,109.0,1.5761470794677734
1128,E9_DELETE,0.7777777777777778,0.5,0.5,1.0,1.0,1.0,0.0,1.0,1.0,0.0,0.43301270189221935,0.43301270189221935,1.2106077944060862,0.0,0.0,1.0,3.0714285714285716,1.0,1.0,1.0,1.0,1.0,1.0,1.0,0.5,1.0,109.0,1.701715071996053
1128,E9_REVERSE,0.8000000000000002,0.3333333333333333,0.3333333333333333,0.0,1.0,1.0,0.0,1.6666666666666667,0.9166666666666666,0.2536231884057971,0.6253546696611442,0.6959705453537527,1.484877197612036,0.0,2.0,0.9166666666666666,2.5408163265306123,1.0,1.0,1.0,1.0,1.0,0.8000000000000002,1.0,0.5,1.0,109.0,1.7066142559051514
1128,F_SURFACE_FORMAT_CONTROL,0.6999999999999998,0.6666666666666666,1.0,1.0,1.0,1.0,0.1818181818181818,3.3333333333333335,0.7083333333333334,0.05555555555555555,0.6959705453537527,0.8569568250501304,1.5072538368110564,1.0,0.0,0.7380952380952381,2.337821297429621,1.0,1.0,1.0,1.0,1.0,1.0,1.0,1.0,1.0,109.0,1.5692482789357503
1128,G_RANDOM_CONTROL,0.3,0.5,0.5,0.0,0.3333333333333333,1.0,0.1818181818181818,7.0,0.25,0.4615384615384615,1.2183492931011204,1.5761900266148114,1.0,1.0,0.0,0.26785714285714285,1.2666666666666666,1.0,1.0,1.0,1.0,0.5,1.0,1.0,0.16666666666666666,1.0,109.0,3.1052319208780923
1128,I_ISOMORPHIC_RELABEL,0.6999999999999998,0.5,0.5,1.0,1.0,1.0,0.1818181818181818,1.0,1.0,0.0,0.4841229182759272,0.4841229182759272,1.4851159653039219,1.0,0.0,1.0,2.857142857142857,1.0,1.0,1.0,1.0,1.0,1.0,1.0,0.5,1.0,109.0,1.8798545996348064
1128,L_FORWARD_CONTROL,1.0,0.5,0.5,0.0,1.0,1.0,0.0,1.0,1.0,0.14285714285714285,0.4841229182759272,0.4841229182759272,1.3802775690976157,0.0,0.0,1.0,2.767857142857143,1.0,1.0,1.0,1.0,1.0,0.8333333333333334,1.0,0.5,1.0,109.0,1.4538764158884685
1128,M0_SWITCH_NEUTRALIZED,0.6999999999999998,0.3333333333333333,0.3333333333333333,1.0,1.0,1.0,0.1818181818181818,2.3333333333333335,0.75,0.05263157894736842,0.5547387939685356,0.732678856125396,1.2261745488024125,1.0,0.0,0.7976190476190476,2.7243589743589745,1.0,1.0,1.0,0.0,0.0,1.0,1.0,0.8333333333333334,1.0,109.0,1.5408456325531006
1128,M_SWITCH_REASSIGNED,0.6999999999999998,0.8333333333333334,1.0,1.0,1.0,1.0,0.0,3.0,0.75,0.45636363636363636,0.7496326385858786,0.6959705453537527,1.4372672940623008,0.0,1.6666666666666667,0.7678571428571429,2.4031007751937987,1.0,1.0,1.0,1.0,1.0,0.8000000000000002,1.0,1.0,1.0,109.0,1.555127779642741
1128,O_ORDER_SHUFFLED,0.4000000000000001,0.16666666666666666,1.0,1.0,0.25,1.0,0.1818181818181818,3.3333333333333335,0.7083333333333334,0.05263157894736842,0.7496326385858786,0.8032947318180046,1.5072538368110564,1.0,0.0,0.7380952380952381,2.2851897184822523,1.0,1.0,1.0,1.0,1.0,1.0,1.0,1.0,0.5714285714285714,109.0,1.5332261721293132
1128,P_ANCHOR_REASSIGNED,0.6999999999999998,0.5,0.6666666666666666,1.0,1.0,1.0,0.1818181818181818,1.6666666666666667,0.9166666666666666,0.0,0.5547387939685356,0.6084008872006615,1.5080019682126269,1.0,0.0,0.9226190476190476,2.6877076411960132,1.0,1.0,1.0,1.0,1.0,1.0,1.0,0.6666666666666666,1.0,109.0,1.7018776734670003
1128,R_DEGREE_MATCHED_REWIRE,0.4000000000000001,0.8333333333333334,0.3333333333333333,1.0,0.75,0.6666666666666666,0.3636363636363636,4.666666666666667,0.4166666666666667,0.2967032967032967,0.6253546696611442,0.8032947318180046,1.3902718737646864,2.0,1.3333333333333333,0.5892857142857143,2.2357142857142858,1.0,1.0,1.0,1.0,1.0,1.0,1.0,1.0,1.0,109.0,1.7449848651885986
1128,T_TERMINAL_CHANGED,0.6999999999999998,0.5,0.5,1.0,1.0,1.0,0.1818181818181818,1.0,1.0,0.0,0.4841229182759272,0.4841229182759272,1.4851159653039219,1.0,0.0,1.0,2.857142857142857,1.0,1.0,1.0,1.0,1.0,1.0,1.0,0.5,0.0,109.0,1.6678770383199055
1128,X_COMPLEXITY_MATCHED,0.3,1.0,0.6666666666666666,1.0,0.25,0.5,0.06060606060606061,2.3333333333333335,0.8333333333333334,0.20919723551302497,0.6790167628932702,0.6790167628932702,1.3738341460484318,0.3333333333333333,0.6666666666666666,0.8392857142857143,2.4777725043505776,1.0,1.0,1.0,1.0,1.0,1.0,1.0,0.3333333333333333,1.0,109.0,2.3372352917989097
1128,Y_TOPOLOGY_MATCHED,0.5,1.0,0.5,1.0,0.5,0.6666666666666666,0.0,2.0,0.875,0.13636363636363635,0.4841229182759272,0.6959705453537527,1.2906488013467081,0.0,0.0,0.875,2.63265306122449,1.0,1.0,1.0,1.0,1.0,1.0,1.0,0.3333333333333333,1.0,109.0,1.7080092430114746
1129,A_AUTHENTIC,0.6999999999999998,0.5,1.0,1.0,1.0,1.0,0.1818181818181818,3.0,0.75,0.0,0.6959705453537527,0.8569568250501304,1.5537739740300374,1.0,0.0,0.7678571428571429,2.3488372093023258,1.0,1.0,1.0,1.0,1.0,1.0,1.0,1.0,1.0,109.0,1.5798467795054119
1129,D_ALL_DIRECTION_REVERSED,0.3,0.6666666666666666,0.8333333333333334,0.0,0.0,1.0,0.06060606060606061,3.0,0.75,0.16761904761904764,0.7777454949917596,0.8032947318180046,1.4169299098754602,0.3333333333333333,0.3333333333333333,0.7678571428571429,2.565891472868217,1.0,1.0,1.0,0.6666666666666666,0.6666666666666666,1.0,1.0,0.4444444444444444,1.0,109.0,1.9965817133585613
1129,E0_DELETE,0.6666666666666666,0.6666666666666666,0.8333333333333334,1.0,1.0,1.0,0.20000000000000004,3.3333333333333335,0.7083333333333334,0.0,0.6614378277661477,0.8659765002899521,1.5072538368110562,1.0,0.0,0.6547619047619048,2.232943469785575,1.0,1.0,1.0,1.0,1.0,1.0,1.0,1.0,1.0,109.0,1.6274410883585613
1129,E0_REVERSE,0.6,0.5,0.5,1.0,0.75,1.0,0.1818181818181818,4.0,0.625,0.0,0.6959705453537527,0.6959705453537527,1.4142135623730951,1.0,0.0,0.6785714285714285,2.263157894736842,1.0,1.0,1.0,1.0,1.0,1.0,1.0,0.5,1.0,109.0,1.9043103853861492
1129,E1_DELETE,0.6666666666666666,0.6666666666666666,0.8333333333333334,1.0,1.0,0.6666666666666666,0.20000000000000004,4.0,0.625,0.0,0.7173439510403817,0.8659765002899521,1.4142135623730951,1.0,0.0,0.5952380952380952,2.1267685342388227,1.0,1.0,1.0,1.0,1.0,1.0,1.0,1.0,1.0,109.0,1.8464503288269043
1129,E1_REVERSE,0.6,0.5,0.6666666666666666,1.0,0.75,1.0,0.1818181818181818,4.0,0.625,0.0,0.6084008872006615,0.7946992774522422,1.4142135623730947,1.0,0.0,0.636904761904762,2.1295981890209394,1.0,1.0,1.0,1.0,1.0,1.0,1.0,0.6666666666666666,1.0,109.0,1.5786560376485188
1129,E2_DELETE,0.6666666666666666,0.5,0.8333333333333334,1.0,1.0,0.5,0.20000000000000004,5.0,0.5,0.0,0.5852961191415048,0.8659765002899521,1.2720196495140692,1.0,0.0,0.5238095238095238,1.999273783587509,1.0,1.0,1.0,1.0,1.0,1.0,1.0,0.8333333333333334,1.0,109.0,3.3455308278401694
1129,E2_REVERSE,0.6,0.5,0.8333333333333334,1.0,0.75,1.0,0.1818181818181818,5.0,0.5,0.0,0.8032947318180046,1.0263351431263426,1.2720196495140692,1.0,0.0,0.5238095238095238,1.9106753812636164,1.0,1.0,1.0,1.0,1.0,1.0,1.0,0.8333333333333334,1.0,109.0,1.5639431476593018
1129,E3_DELETE,0.6666666666666666,0.5,0.5,1.0,1.0,0.6666666666666666,0.20000000000000004,5.0,0.5,0.0,0.82915619758885,0.82915619758885,1.2720196495140694,1.0,0.0,0.5714285714285714,2.15625,1.0,1.0,1.0,1.0,1.0,1.0,1.0,1.0,1.0,109.0,1.4000495274861653
1129,E3_REVERSE,0.6,0.5,0.3333333333333333,1.0,0.75,1.0,0.1818181818181818,4.333333333333333,0.5833333333333334,0.0,0.9470901027828579,0.732678856125396,1.2515490311447421,1.0,0.0,0.6369047619047619,2.30281007751938,1.0,1.0,1.0,1.0,1.0,1.0,1.0,0.8333333333333334,1.0,109.0,1.916652758916219
1129,E4_DELETE,0.6666666666666666,1.0,0.0,1.0,1.0,1.0,0.20000000000000004,4.0,0.625,0.0,0.6614378277661477,0.6614378277661477,1.4142135623730951,1.0,0.0,0.6785714285714285,2.4210526315789473,1.0,1.0,1.0,1.0,1.0,1.0,1.0,1.0,1.0,109.0,1.443792502085368
1129,E4_REVERSE,0.6,0.5,0.3333333333333333,1.0,1.0,1.0,0.1818181818181818,5.0,0.5,0.10526315789473684,0.8483613706843682,1.0263351431263426,1.160875814640052,1.0,0.0,0.6011904761904762,2.3076177698270723,1.0,1.0,1.0,1.0,1.0,1.0,1.0,0.8333333333333334,1.0,109.0,1.5070710182189941
1129,E5_DELETE,0.6666666666666666,0.5,0.16666666666666666,1.0,1.0,1.0,0.20000000000000004,1.6666666666666667,0.9166666666666666,0.0,0.509154410516862,0.5650605337910962,1.3755398978752298,1.0,0.0,0.9226190476190476,2.971207087486157,1.0,1.0,1.0,1.0,1.0,1.0,1.0,0.6666666666666666,1.0,109.0,1.4474845727284749
1129,E5_REVERSE,0.6,0.5,0.5,1.0,1.0,1.0,0.1818181818181818,3.0,0.75,0.0,0.6959705453537527,1.1110243021644486,1.5174899135519802,1.0,0.0,0.7678571428571429,2.5813953488372094,1.0,1.0,1.0,1.0,1.0,1.0,1.0,1.0,1.0,109.0,1.489754279454549
1129,E6_DELETE,0.6666666666666666,1.0,0.5,1.0,1.0,1.0,0.20000000000000004,4.0,0.625,0.0,0.6614378277661477,0.6614378277661477,1.4142135623730951,1.0,0.0,0.6785714285714285,2.4210526315789473,1.0,1.0,1.0,1.0,1.0,1.0,1.0,1.0,1.0,109.0,1.674238125483195
1129,E6_REVERSE,0.6,0.8333333333333334,0.5,1.0,1.0,1.0,0.30303030303030304,3.3333333333333335,0.7083333333333334,0.0,0.8569568250501304,0.4841229182759272,1.5500938466242953,1.6666666666666667,0.0,0.7380952380952381,2.430844553243574,1.0,1.0,1.0,1.0,1.0,1.0,1.0,0.4444444444444444,1.0,109.0,1.9008407592773438
1129,E7_DELETE,0.7777777777777778,0.0,0.0,0.0,1.0,1.0,0.0,8.0,0.125,0.0,0.6614378277661477,0.82915619758885,0.0,0.0,0.0,0.5,2.0714285714285716,1.0,1.0,1.0,1.0,1.0,0.8000000000000002,1.0,0.5,1.0,109.0,1.5968740781148274
1129,E7_REVERSE,0.8000000000000002,0.5,1.0,0.0,1.0,1.0,0.1818181818181818,5.0,0.5,0.30526315789473685,0.8569568250501304,0.9416459840882365,1.2860722132254299,1.0,0.6666666666666666,0.5714285714285715,2.0956140350877193,1.0,1.0,1.0,1.0,1.0,0.8000000000000002,1.0,1.0,1.0,109.0,1.4955786069234211
1129,E8_DELETE,0.7777777777777778,0.5,0.6666666666666666,1.0,1.0,1.0,0.20000000000000004,1.6666666666666667,0.9166666666666666,0.0,0.509154410516862,0.5650605337910962,1.4141015155836227,1.0,0.0,0.9226190476190476,2.837763012181617,1.0,1.0,1.0,1.0,1.0,1.0,1.0,0.6666666666666666,1.0,109.0,1.569823980331421
1129,E8_REVERSE,0.8000000000000002,0.5,0.8333333333333334,1.0,1.0,1.0,0.12121212121212122,2.3333333333333335,0.8333333333333334,0.047619047619047616,0.6959705453537527,0.732678856125396,1.4560258213851203,0.6666666666666666,0.0,0.8452380952380952,2.5229789590254708,1.0,1.0,1.0,1.0,0.8333333333333334,1.0,1.0,0.8333333333333334,1.0,109.0,1.6718454360961914
1129,E9_DELETE,0.7777777777777778,0.5,0.5,1.0,1.0,1.0,0.13333333333333333,3.0,0.75,0.0,0.5852961191415048,0.5852961191415048,1.346344973050759,0.6666666666666666,0.0,0.7857142857142857,2.637844611528822,1.0,1.0,1.0,1.0,1.0,1.0,1.0,0.8333333333333334,1.0,109.0,1.2580643494923909
1129,E9_REVERSE,0.8000000000000002,0.16666666666666666,1.0,0.0,1.0,0.6666666666666666,0.1818181818181818,6.0,0.375,0.3157894736842105,1.1825742961222299,0.8569568250501304,1.3247179572447454,1.0,1.0,0.5178571428571429,2.0804597701149423,1.0,1.0,1.0,1.0,0.5,1.0,1.0,1.0,1.0,109.0,1.8517893155415852
1129,F_SURFACE_FORMAT_CONTROL,0.6999999999999998,0.5,1.0,1.0,1.0,1.0,0.1818181818181818,3.0,0.75,0.0,0.6959705453537527,0.8569568250501304,1.5537739740300374,1.0,0.0,0.7678571428571429,2.3488372093023258,1.0,1.0,1.0,1.0,1.0,1.0,1.0,1.0,1.0,109.0,1.5856054623921711
1129,G_RANDOM_CONTROL,0.3,0.5,0.5,1.0,0.25,1.0,0.3636363636363636,4.0,0.625,0.375,0.9921567416492215,0.9921567416492215,1.618033988749894,2.0,1.0,0.5535714285714286,2.225806451612903,1.0,1.0,1.0,1.0,1.0,1.0,1.0,0.3333333333333333,1.0,109.0,1.8739898204803467
1129,I_ISOMORPHIC_RELABEL,0.6999999999999998,0.5,0.6666666666666666,1.0,1.0,1.0,0.1818181818181818,1.6666666666666667,0.9166666666666666,0.0,0.5547387939685356,0.6084008872006615,1.5080019682126269,1.0,0.0,0.9226190476190476,2.6877076411960132,1.0,1.0,1.0,1.0,1.0,1.0,1.0,0.6666666666666666,1.0,109.0,1.5160035292307537
1129,L_FORWARD_CONTROL,1.0,0.0,0.0,0.0,1.0,1.0,0.0,2.0,0.875,0.22348484848484848,0.6790167628932702,0.6084008872006615,1.3077262242269103,0.0,0.6666666666666666,0.8809523809523809,2.600518114222433,1.0,1.0,1.0,1.0,0.6666666666666666,1.0,1.0,0.6666666666666666,1.0,109.0,1.5991394519805908
1129,M0_SWITCH_NEUTRALIZED,0.6999999999999998,0.5,0.5,1.0,1.0,0.5,0.0,1.0,1.0,0.14285714285714285,0.6959705453537527,0.4841229182759272,1.2953328187743716,0.0,0.0,1.0,3.089285714285714,1.0,1.0,1.0,0.0,0.0,1.0,1.0,0.5,1.0,109.0,1.7567243576049805
1129,M_SWITCH_REASSIGNED,0.6999999999999998,0.0,0.16666666666666666,0.0,1.0,1.0,0.0,2.3333333333333335,0.8333333333333334,0.2272727272727273,0.6959705453537527,0.4841229182759272,1.4336681995633864,0.0,1.3333333333333333,0.8392857142857143,2.6533776301218164,1.0,1.0,1.0,1.0,0.8333333333333334,1.0,1.0,0.5,1.0,109.0,1.5111014048258464
1129,O_ORDER_SHUFFLED,0.5,1.0,1.0,0.0,0.5833333333333334,0.5595238095238095,0.1818181818181818,3.0,0.75,0.0,0.6959705453537527,0.8569568250501304,1.5537739740300374,1.0,0.0,0.7678571428571429,2.3488372093023258,1.0,1.0,1.0,1.0,1.0,1.0,1.0,1.0,0.5714285714285714,109.0,1.6407058238983154
1129,P_ANCHOR_REASSIGNED,0.6999999999999998,0.5,0.6666666666666666,1.0,1.0,0.75,0.1818181818181818,1.6666666666666667,0.9166666666666666,0.0,0.5547387939685356,0.6084008872006615,1.5080019682126269,1.0,0.0,0.9226190476190476,2.6877076411960132,1.0,1.0,1.0,1.0,1.0,1.0,1.0,0.6666666666666666,1.0,109.0,1.8918635845184326
1129,R_DEGREE_MATCHED_REWIRE,0.4000000000000001,1.0,0.16666666666666666,1.0,0.75,0.6666666666666666,0.12121212121212122,3.0,0.75,0.27999999999999997,0.8032947318180046,0.7496326385858786,1.435050065814884,0.6666666666666666,1.0,0.7678571428571429,2.372093023255814,1.0,1.0,1.0,1.0,1.0,1.0,1.0,1.0,1.0,109.0,1.5225037733713787
1129,T_TERMINAL_CHANGED,0.6999999999999998,0.5,0.8333333333333334,1.0,1.0,0.75,0.1818181818181818,2.3333333333333335,0.8333333333333334,0.0,0.6253546696611442,0.732678856125396,1.530887971121332,1.0,0.0,0.8452380952380952,2.5182724252491693,1.0,1.0,1.0,1.0,1.0,1.0,1.0,0.5,0.0,109.0,1.6676052411397297
1129,X_COMPLEXITY_MATCHED,0.5,1.0,0.5,1.0,0.25,0.42857142857142855,0.0,4.0,0.625,0.2727272727272727,0.6959705453537527,0.4841229182759272,1.3247179572447474,0.0,1.0,0.6785714285714285,2.1315789473684212,1.0,1.0,1.0,1.0,1.0,1.0,1.0,0.5,1.0,109.0,1.9476479689280193
1129,Y_TOPOLOGY_MATCHED,0.4000000000000001,0.8333333333333334,0.5,1.0,0.5,0.6666666666666666,0.24242424242424243,2.0,0.875,0.29914529914529914,0.6253546696611442,0.8032947318180046,1.5737481486551663,1.3333333333333333,1.6666666666666667,0.875,2.802721088435374,1.0,1.0,1.0,1.0,1.0,1.0,1.0,0.4444444444444444,1.0,109.0,1.7338558832804363
1131,A_AUTHENTIC,0.6999999999999998,0.5,0.5,1.0,1.0,1.0,0.1818181818181818,1.0,1.0,0.0,0.4841229182759272,0.4841229182759272,1.4851159653039219,1.0,0.0,1.0,2.857142857142857,1.0,1.0,1.0,1.0,1.0,1.0,1.0,0.5,1.0,109.0,1.6350123087565105
1131,D_ALL_DIRECTION_REVERSED,0.3,0.8333333333333334,0.6666666666666666,0.0,0.0,1.0,0.06060606060606061,2.3333333333333335,0.8333333333333334,0.08695652173913043,0.7496326385858786,0.8032947318180046,1.4160116267439236,0.3333333333333333,0.0,0.8392857142857143,2.6877076411960132,1.0,1.0,1.0,1.0,0.6666666666666666,1.0,1.0,0.5,1.0,109.0,2.1696040630340576
1131,E0_DELETE,0.6666666666666666,0.5,0.5,1.0,1.0,1.0,0.20000000000000004,4.0,0.625,0.0,0.6614378277661477,0.6614378277661477,1.4142135623730951,1.0,0.0,0.6785714285714285,2.3684210526315788,1.0,1.0,1.0,1.0,1.0,1.0,1.0,0.5,1.0,109.0,1.6466495990753174
1131,E0_REVERSE,0.6,0.5,0.5,1.0,0.8333333333333334,0.5,0.1818181818181818,4.0,0.625,0.0,0.6959705453537527,0.6959705453537527,1.4142135623730951,1.0,0.0,0.6785714285714285,2.263157894736842,1.0,1.0,1.0,1.0,1.0,1.0,1.0,0.5,1.0,109.0,2.257681926091512
1131,E1_DELETE,0.6666666666666666,0.6666666666666666,0.5,1.0,1.0,0.6666666666666666,0.20000000000000004,4.0,0.625,0.0,0.509154410516862,0.6614378277661477,1.4142135623730947,1.0,0.0,0.6785714285714285,2.4210526315789473,1.0,1.0,1.0,1.0,1.0,1.0,1.0,0.6666666666666666,1.0,109.0,1.7374850114186604
1131,E1_REVERSE,0.6,0.5,0.5,1.0,0.8333333333333334,0.75,0.1818181818181818,4.0,0.625,0.0,0.4841229182759272,0.6959705453537527,1.4142135623730943,1.0,0.0,0.6785714285714285,2.210526315789474,1.0,1.0,1.0,1.0,1.0,1.0,1.0,0.5,1.0,109.0,2.3662137190500894
1131,E2_DELETE,0.6666666666666666,0.5,0.5,1.0,1.0,0.5,0.20000000000000004,5.0,0.5,0.0,0.43301270189221935,0.6614378277661477,1.2720196495140697,1.0,0.0,0.6071428571428571,2.2941176470588234,1.0,1.0,1.0,1.0,1.0,1.0,1.0,0.5,1.0,109.0,1.8285331726074219
1131,E2_REVERSE,0.6,0.5,0.5,1.0,0.75,1.0,0.1818181818181818,5.0,0.5,0.0,0.6959705453537527,0.8569568250501304,1.2720196495140697,1.0,0.0,0.6071428571428571,2.176470588235294,1.0,1.0,1.0,1.0,1.0,1.0,1.0,0.5,1.0,109.0,1.7256683508555095
1131,E3_DELETE,0.6666666666666666,0.5,0.0,1.0,1.0,0.6666666666666666,0.20000000000000004,3.0,0.75,0.0,0.6614378277661477,0.43301270189221935,1.2106077944060876,1.0,0.0,0.7678571428571429,2.7674418604651163,1.0,1.0,1.0,1.0,1.0,1.0,1.0,0.5,1.0,109.0,1.7388384342193604
1131,E3_REVERSE,0.6,0.5,0.0,1.0,0.75,1.0,0.1818181818181818,3.0,0.75,0.0,0.8569568250501304,0.4841229182759272,1.2106077944060876,1.0,0.0,0.7678571428571429,2.7209302325581395,1.0,1.0,1.0,1.0,1.0,1.0,1.0,0.5,1.0,109.0,1.444571812947591
1131,E4_DELETE,0.6666666666666666,0.5,0.0,1.0,1.0,1.0,0.20000000000000004,3.0,0.75,0.0,0.6614378277661477,0.6614378277661477,1.210607794406086,1.0,0.0,0.7678571428571429,2.7674418604651163,1.0,1.0,1.0,1.0,1.0,1.0,1.0,0.5,1.0,109.0,1.4386566480000813
1131,E4_REVERSE,0.6,0.5,0.0,1.0,1.0,1.0,0.1818181818181818,3.0,0.75,0.0,0.6959705453537527,0.8569568250501304,1.210607794406086,1.0,0.0,0.7678571428571429,2.7209302325581395,1.0,1.0,1.0,1.0,1.0,1.0,1.0,0.5,1.0,109.0,1.640950361887614
1131,E5_DELETE,0.6666666666666666,0.5,0.0,1.0,1.0,1.0,0.20000000000000004,1.0,1.0,0.0,0.43301270189221935,0.43301270189221935,1.356203065626297,1.0,0.0,1.0,3.142857142857143,1.0,1.0,1.0,1.0,1.0,1.0,1.0,0.5,1.0,109.0,1.54042387008667
1131,E5_REVERSE,0.6,0.5,0.0,1.0,1.0,1.0,0.1818181818181818,1.0,1.0,0.0,0.4841229182759272,0.6959705453537527,1.46557123187677,1.0,0.0,1.0,3.0714285714285716,1.0,1.0,1.0,1.0,1.0,1.0,1.0,0.5,1.0,109.0,1.4455653031667073
1131,E6_DELETE,0.6666666666666666,1.0,0.5,1.0,1.0,1.0,0.20000000000000004,4.0,0.625,0.0,0.6614378277661477,0.6614378277661477,1.4142135623730951,1.0,0.0,0.6785714285714285,2.4210526315789473,1.0,1.0,1.0,1.0,1.0,1.0,1.0,1.0,1.0,109.0,1.4580429395039876
1131,E6_REVERSE,0.6,0.6666666666666666,0.5,1.0,1.0,1.0,0.24242424242424243,3.6666666666666665,0.6666666666666666,0.0,0.8569568250501304,0.4841229182759272,1.4821537044986954,1.3333333333333333,0.0,0.7083333333333334,2.3733170134638923,1.0,1.0,1.0,1.0,1.0,1.0,1.0,0.38888888888888884,1.0,109.0,1.3799282709757488
1131,E7_DELETE,0.7777777777777778,0.0,0.0,0.0,1.0,1.0,0.0,5.0,0.5,0.05882352941176471,0.7173439510403817,0.43301270189221935,1.0000000000000004,0.0,0.0,0.5833333333333334,2.2124183006535945,1.0,1.0,1.0,1.0,1.0,0.8000000000000002,1.0,0.3333333333333333,1.0,109.0,1.545850435892741
1131,E7_REVERSE,0.8000000000000002,0.3333333333333333,0.3333333333333333,1.0,1.0,1.0,0.0,2.3333333333333335,0.8333333333333334,0.20545454545454545,0.8032947318180046,0.6253546696611442,1.4036445068945165,0.0,0.6666666666666666,0.8452380952380952,2.5575858250276853,1.0,1.0,1.0,1.0,1.0,0.8000000000000002,1.0,0.8333333333333334,1.0,109.0,3.335130055745443
1131,E8_DELETE,0.7777777777777778,0.5,0.5,1.0,1.0,1.0,0.20000000000000004,1.0,1.0,0.0,0.43301270189221935,0.43301270189221935,1.3883666574370508,1.0,0.0,1.0,3.035714285714286,1.0,1.0,1.0,1.0,1.0,1.0,1.0,0.5,1.0,109.0,1.4747268358866374
1131,E8_REVERSE,0.8000000000000002,0.5,0.5,1.0,1.0,1.0,0.1818181818181818,1.0,1.0,0.0,0.4841229182759272,0.4841229182759272,1.437356911840786,1.0,0.0,1.0,2.892857142857143,1.0,1.0,1.0,1.0,1.0,1.0,1.0,0.5,1.0,109.0,1.5820549329121907
1131,E9_DELETE,0.7777777777777778,0.5,0.5,1.0,1.0,1.0,0.0,1.0,1.0,0.0,0.43301270189221935,0.43301270189221935,1.2106077944060862,0.0,0.0,1.0,3.0714285714285716,1.0,1.0,1.0,1.0,1.0,1.0,1.0,0.5,1.0,109.0,1.2408949534098308
1131,E9_REVERSE,0.8000000000000002,0.5,0.5,0.0,1.0,1.0,0.06060606060606061,3.6666666666666665,0.6666666666666666,0.2509090909090909,0.5547387939685356,0.9921567416492215,1.4739213439182184,0.3333333333333333,1.0,0.6547619047619048,2.045295295295295,1.0,1.0,1.0,0.0,0.5,1.0,1.0,1.0,1.0,109.0,2.011602242787679
1131,F_SURFACE_FORMAT_CONTROL,0.6999999999999998,0.5,0.6666666666666666,1.0,1.0,1.0,0.1818181818181818,1.6666666666666667,0.9166666666666666,0.0,0.5547387939685356,0.6084008872006615,1.5080019682126269,1.0,0.0,0.9226190476190476,2.6877076411960132,1.0,1.0,1.0,1.0,1.0,1.0,1.0,0.6666666666666666,1.0,109.0,1.7926186720530193
1131,G_RANDOM_CONTROL,0.8000000000000002,0.5,0.3333333333333333,1.0,0.8333333333333334,0.7777777777777777,0.0,4.333333333333333,0.5833333333333334,0.43999999999999995,0.9921567416492215,1.0263351431263426,1.2485217748713475,0.0,1.0,0.5357142857142857,2.015432098765432,1.0,1.0,1.0,1.0,0.6666666666666666,0.75,1.0,0.5,1.0,109.0,1.7472577095031738
1131,I_ISOMORPHIC_RELABEL,0.6999999999999998,0.8333333333333334,0.8333333333333334,1.0,1.0,1.0,0.1818181818181818,3.0,0.75,0.10526315789473684,0.732678856125396,0.6253546696611442,1.4378476966833709,1.0,0.0,0.7857142857142857,2.3909774436090228,1.0,1.0,1.0,1.0,1.0,1.0,1.0,0.8333333333333334,1.0,109.0,1.6720589796702068
1131,L_FORWARD_CONTROL,1.0,1.0,1.0,0.0,1.0,1.0,0.0,8.0,0.125,0.1818181818181818,0.8569568250501304,0.6959705453537527,0.0,0.0,0.0,0.5,1.8809523809523812,1.0,1.0,1.0,1.0,0.8333333333333334,0.8333333333333334,1.0,1.0,1.0,109.0,1.6206923325856526
1131,M0_SWITCH_NEUTRALIZED,0.6999999999999998,0.5,0.5,1.0,1.0,1.0,0.06060606060606061,2.0,0.875,0.13095238095238096,0.6790167628932702,0.5547387939685356,1.2615497833929623,0.3333333333333333,0.0,0.8928571428571429,2.8674812030075185,1.0,1.0,1.0,0.0,0.0,1.0,1.0,0.6666666666666666,1.0,109.0,2.1889126300811768
1131,M_SWITCH_REASSIGNED,0.6999999999999998,0.0,0.5,1.0,1.0,1.0,0.1818181818181818,1.0,1.0,0.0,0.6959705453537527,0.4841229182759272,1.440653624673031,1.0,0.0,1.0,3.285714285714286,1.0,1.0,1.0,1.0,1.0,1.0,1.0,0.5,1.0,109.0,1.7892756462097168
1131,O_ORDER_SHUFFLED,0.6999999999999998,0.5,0.5,0.0,0.5,1.0,0.1818181818181818,3.0,0.75,0.16666666666666666,0.6959705453537527,0.4841229182759272,1.6180339887498947,1.0,1.0,0.7678571428571429,2.372093023255814,1.0,1.0,1.0,1.0,1.0,1.0,1.0,0.5,0.14285714285714285,109.0,1.4031871159871419
1131,P_ANCHOR_REASSIGNED,0.6999999999999998,0.5,0.5,1.0,1.0,1.0,0.1818181818181818,1.0,1.0,0.0,0.4841229182759272,0.4841229182759272,1.4851159653039219,1.0,0.0,1.0,2.857142857142857,1.0,1.0,1.0,1.0,1.0,1.0,1.0,0.5,1.0,109.0,1.5420674482981365
1131,R_DEGREE_MATCHED_REWIRE,0.4000000000000001,0.6666666666666666,0.6666666666666666,1.0,0.75,0.6666666666666666,0.1818181818181818,2.6666666666666665,0.7916666666666666,0.23026315789473684,0.6084008872006615,0.5547387939685356,1.4472109828197388,1.0,1.0,0.8511904761904763,2.6321044546851,1.0,1.0,1.0,1.0,1.0,1.0,1.0,0.6666666666666666,1.0,109.0,1.5024927457173665
1131,T_TERMINAL_CHANGED,0.6999999999999998,0.5,0.5,1.0,1.0,1.0,0.1818181818181818,1.0,1.0,0.0,0.4841229182759272,0.4841229182759272,1.4851159653039219,1.0,0.0,1.0,2.857142857142857,1.0,1.0,1.0,1.0,1.0,1.0,1.0,0.5,0.0,109.0,1.9730269114176433
1131,X_COMPLEXITY_MATCHED,0.20000000000000004,0.8333333333333334,0.8333333333333334,1.0,0.08333333333333333,1.0,0.06060606060606061,3.6666666666666665,0.6666666666666666,0.21666666666666667,0.9020234639164942,0.6790167628932702,1.397862696037417,0.3333333333333333,1.0,0.7083333333333334,2.340269277845777,1.0,1.0,1.0,1.0,1.0,1.0,1.0,0.3333333333333333,1.0,109.0,1.681822697321574
1131,Y_TOPOLOGY_MATCHED,0.3,0.5,1.0,1.0,0.5,0.7222222222222222,0.0,5.0,0.5,0.4090909090909091,0.8569568250501304,0.6959705453537527,1.2599210498948743,0.0,2.0,0.6071428571428571,2.2058823529411766,1.0,1.0,1.0,1.0,1.0,1.0,1.0,0.3333333333333333,1.0,109.0,1.7248561382293701
1134,A_AUTHENTIC,0.6999999999999998,0.6666666666666666,1.0,1.0,1.0,1.0,0.1818181818181818,3.6666666666666665,0.6666666666666666,0.10526315789473684,0.7496326385858786,0.8032947318180046,1.5286738417176757,1.0,0.3333333333333333,0.7083333333333334,2.2917176662586702,1.0,1.0,1.0,1.0,1.0,1.0,1.0,1.0,1.0,109.0,1.753374417622884
1134,D_ALL_DIRECTION_REVERSED,0.3,0.16666666666666666,1.0,0.0,0.0,1.0,0.1818181818181818,3.6666666666666665,0.6666666666666666,0.0,0.7496326385858786,0.6959705453537527,1.4607336995920768,1.0,0.0,0.7083333333333334,2.326805385556916,1.0,1.0,1.0,1.0,1.0,1.0,1.0,0.38888888888888884,1.0,109.0,1.8714039325714111
1134,E0_DELETE,0.6666666666666666,0.8333333333333334,0.6666666666666666,1.0,1.0,1.0,0.20000000000000004,3.6666666666666665,0.6666666666666666,0.0,0.6614378277661477,0.76370716402805,1.4607336995920759,1.0,0.0,0.6666666666666666,2.326998050682261,1.0,1.0,1.0,1.0,1.0,1.0,1.0,1.0,1.0,109.0,1.6525837580362956
1134,E0_REVERSE,0.6,0.5,0.6666666666666666,1.0,0.9166666666666666,1.0,0.1818181818181818,3.6666666666666665,0.6666666666666666,0.0,0.6253546696611442,0.7946992774522422,1.4607336995920759,1.0,0.0,0.7023809523809524,2.2548036758563073,1.0,1.0,1.0,1.0,1.0,1.0,1.0,0.6666666666666666,1.0,109.0,1.8340059916178386
1134,E1_DELETE,0.6666666666666666,0.8333333333333334,0.6666666666666666,1.0,1.0,0.6666666666666666,0.20000000000000004,4.0,0.625,0.0,0.6614378277661477,0.76370716402805,1.4142135623730951,1.0,0.0,0.636904761904762,2.291454442558008,1.0,1.0,1.0,1.0,1.0,1.0,1.0,1.0,1.0,109.0,1.78581698735555
1134,E1_REVERSE,0.6,0.6666666666666666,0.6666666666666666,1.0,0.75,1.0,0.24242424242424243,3.6666666666666665,0.6666666666666666,0.10526315789473684,0.6253546696611442,0.7946992774522422,1.510413471417974,1.3333333333333333,0.3333333333333333,0.6666666666666666,2.23296613627091,1.0,1.0,1.0,1.0,1.0,1.0,1.0,0.8333333333333334,1.0,109.0,1.8698065280914307
1134,E2_DELETE,0.6666666666666666,0.5,1.0,1.0,1.0,0.5,0.20000000000000004,5.0,0.5,0.26666666666666666,0.6614378277661477,0.9682458365518544,1.4010540377558673,1.0,0.6666666666666666,0.43452380952380953,1.7767042404723563,1.0,1.0,1.0,1.0,1.0,1.0,1.0,1.0,1.0,109.0,1.7693657875061035
1134,E2_REVERSE,0.6,0.8333333333333334,0.5,1.0,0.75,1.0,0.1818181818181818,5.0,0.5,0.10526315789473684,0.8032947318180046,0.9470901027828579,1.2720196495140692,1.0,0.0,0.5952380952380952,2.079025549613785,1.0,1.0,1.0,1.0,1.0,1.0,1.0,0.8333333333333334,1.0,109.0,1.8659512201944988
1134,E3_DELETE,0.6666666666666666,0.5,0.0,1.0,1.0,0.6666666666666666,0.20000000000000004,3.0,0.75,0.0,0.6614378277661477,0.43301270189221935,1.2106077944060876,1.0,0.0,0.7678571428571429,2.7674418604651163,1.0,1.0,1.0,1.0,1.0,1.0,1.0,0.5,1.0,109.0,1.6905351479848225
1134,E3_REVERSE,0.6,0.5,0.16666666666666666,1.0,0.75,1.0,0.1818181818181818,3.6666666666666665,0.6666666666666666,0.0,0.9020234639164942,0.6084008872006615,1.2310784127754149,1.0,0.0,0.7023809523809524,2.5118701550387597,1.0,1.0,1.0,1.0,1.0,1.0,1.0,0.6666666666666666,1.0,109.0,1.864579439163208
1134,E4_DELETE,0.6666666666666666,0.8333333333333334,0.16666666666666666,1.0,1.0,1.0,0.20000000000000004,4.333333333333333,0.5833333333333334,0.0,0.7173439510403817,0.76370716402805,1.3668155914200868,1.0,0.0,0.6428571428571429,2.343201754385965,1.0,1.0,1.0,1.0,1.0,1.0,1.0,1.0,1.0,109.0,1.7443899313608806
1134,E4_REVERSE,0.6,1.0,0.0,1.0,1.0,1.0,0.3636363636363636,4.0,0.625,0.0,0.6959705453537527,0.8569568250501304,1.5537739740300403,2.0,0.0,0.6785714285714285,2.3684210526315788,1.0,1.0,1.0,1.0,1.0,1.0,1.0,1.0,1.0,109.0,1.8596195379892986
1134,E5_DELETE,0.6666666666666666,0.5,0.0,1.0,1.0,1.0,0.20000000000000004,1.0,1.0,0.0,0.43301270189221935,0.43301270189221935,1.356203065626297,1.0,0.0,1.0,3.142857142857143,1.0,1.0,1.0,1.0,1.0,1.0,1.0,0.5,1.0,109.0,1.6782259941101074
1134,E5_REVERSE,0.6,0.5,0.16666666666666666,1.0,1.0,1.0,0.1818181818181818,1.6666666666666667,0.9166666666666666,0.0,0.5547387939685356,0.8343217976239847,1.48287745910184,1.0,0.0,0.9226190476190476,2.9080841638981174,1.0,1.0,1.0,1.0,1.0,1.0,1.0,0.6666666666666666,1.0,109.0,1.961490233739217
1134,E6_DELETE,0.6666666666666666,1.0,0.5,1.0,1.0,1.0,0.20000000000000004,4.0,0.625,0.0,0.6614378277661477,0.6614378277661477,1.4142135623730951,1.0,0.0,0.6785714285714285,2.4210526315789473,1.0,1.0,1.0,1.0,1.0,1.0,1.0,1.0,1.0,109.0,1.5854161580403645
1134,E6_REVERSE,0.6,1.0,0.5,1.0,1.0,1.0,0.3636363636363636,3.0,0.75,0.0,0.8569568250501304,0.4841229182759272,1.618033988749895,2.0,0.0,0.7678571428571429,2.488372093023256,1.0,1.0,1.0,1.0,1.0,1.0,1.0,0.5,1.0,109.0,1.6610291798909504
1134,E7_DELETE,0.7777777777777778,1.0,1.0,0.0,1.0,1.0,0.0,8.0,0.125,0.0,0.9682458365518544,0.6614378277661477,0.0,0.0,0.0,0.41071428571428575,1.826086956521739,1.0,1.0,1.0,1.0,1.0,0.8000000000000002,1.0,1.0,1.0,109.0,1.521257718404134
1134,E7_REVERSE,0.8000000000000002,0.8333333333333334,1.0,1.0,1.0,1.0,0.06060606060606061,5.0,0.5,0.42526315789473684,0.7496326385858786,0.6959705453537527,1.2378359395751952,0.3333333333333333,0.6666666666666666,0.6071428571428571,2.0,1.0,1.0,1.0,1.0,1.0,1.0,1.0,1.0,1.0,109.0,1.5462276935577393
1134,E8_DELETE,0.7777777777777778,0.5,0.5,1.0,1.0,1.0,0.20000000000000004,1.0,1.0,0.0,0.43301270189221935,0.43301270189221935,1.3883666574370508,1.0,0.0,1.0,3.035714285714286,1.0,1.0,1.0,1.0,1.0,1.0,1.0,0.5,1.0,109.0,1.7849242687225342
1134,E8_REVERSE,0.8000000000000002,0.5,0.5,1.0,1.0,1.0,0.1818181818181818,1.0,1.0,0.0,0.4841229182759272,0.4841229182759272,1.437356911840786,1.0,0.0,1.0,2.892857142857143,1.0,1.0,1.0,1.0,1.0,1.0,1.0,0.5,1.0,109.0,1.5701244672139485
1134,E9_DELETE,0.7777777777777778,0.5,0.5,1.0,1.0,1.0,0.13333333333333333,3.0,0.75,0.0,0.5852961191415048,0.5852961191415048,1.346344973050759,0.6666666666666666,0.0,0.7857142857142857,2.637844611528822,1.0,1.0,1.0,1.0,1.0,1.0,1.0,0.8333333333333334,1.0,109.0,1.7784396012624104
1134,E9_REVERSE,0.8000000000000002,1.0,1.0,0.0,1.0,0.6666666666666666,0.0,5.0,0.5,0.36000000000000004,0.9921567416492215,0.6959705453537527,1.2207440846057591,0.0,1.0,0.5892857142857143,2.0,1.0,1.0,1.0,1.0,1.0,1.0,1.0,1.0,1.0,109.0,1.359925349553426
1134,F_SURFACE_FORMAT_CONTROL,0.6999999999999998,0.6666666666666666,1.0,1.0,1.0,1.0,0.1818181818181818,3.3333333333333335,0.7083333333333334,0.05263157894736842,0.7496326385858786,0.8032947318180046,1.5072538368110564,1.0,0.0,0.7380952380952381,2.2851897184822523,1.0,1.0,1.0,1.0,1.0,1.0,1.0,1.0,1.0,109.0,1.8033150831858318
1134,G_RANDOM_CONTROL,0.6999999999999998,0.6666666666666666,0.8333333333333334,0.0,0.75,0.5666666666666667,0.24242424242424243,6.333333333333333,0.2916666666666667,0.2984126984126984,1.1758209179523114,0.6959705453537527,1.108239319081582,1.3333333333333333,0.3333333333333333,0.3333333333333333,1.4259259259259258,1.0,1.0,1.0,1.0,0.6666666666666666,1.0,1.0,0.4444444444444444,1.0,109.0,1.9495316346486409
1134,I_ISOMORPHIC_RELABEL,0.6999999999999998,0.5,0.6666666666666666,1.0,1.0,1.0,0.1818181818181818,1.6666666666666667,0.9166666666666666,0.0,0.5547387939685356,0.6084008872006615,1.5080019682126269,1.0,0.0,0.9226190476190476,2.6877076411960132,1.0,1.0,1.0,1.0,1.0,1.0,1.0,0.6666666666666666,1.0,109.0,1.7509440581003826
1134,L_FORWARD_CONTROL,1.0,0.5,0.5,0.0,1.0,1.0,0.1818181818181818,7.0,0.25,0.4071969696969697,0.8879838908561105,0.5547387939685356,0.8047378541243649,1.0,0.0,0.5238095238095238,2.281993219979872,1.0,1.0,1.0,1.0,0.8333333333333334,0.8333333333333334,1.0,0.6666666666666666,1.0,109.0,1.7462317148844402
1134,M0_SWITCH_NEUTRALIZED,0.6999999999999998,0.6666666666666666,0.6666666666666666,1.0,1.0,1.0,0.06060606060606061,2.6666666666666665,0.75,0.1726190476190476,0.6790167628932702,0.6790167628932702,1.2792499659921392,0.3333333333333333,0.3333333333333333,0.7916666666666666,2.587791594370542,1.0,1.0,1.0,0.0,0.0,1.0,1.0,0.8333333333333334,1.0,109.0,1.8959499994913738
1134,M_SWITCH_REASSIGNED,0.6999999999999998,0.0,0.5,1.0,1.0,1.0,0.12121212121212122,1.3333333333333333,0.9583333333333334,0.2951871657754011,0.5547387939685356,0.6959705453537527,1.4134496617965036,0.6666666666666666,1.3333333333333333,0.9583333333333334,3.005952380952381,1.0,1.0,1.0,1.0,0.6666666666666666,0.8000000000000002,1.0,0.5,1.0,109.0,1.7077508767445881
1134,O_ORDER_SHUFFLED,0.5,1.0,1.0,0.0,0.5,1.0,0.1818181818181818,4.0,0.625,0.21052631578947367,0.7496326385858786,0.8032947318180046,1.5500938466242953,1.0,0.6666666666666666,0.6785714285714285,2.2807017543859653,1.0,1.0,1.0,1.0,1.0,1.0,1.0,1.0,0.7142857142857143,109.0,1.6088394323984783
1134,P_ANCHOR_REASSIGNED,0.6999999999999998,0.6666666666666666,0.8333333333333334,1.0,1.0,1.0,0.1818181818181818,3.0,0.75,0.10526315789473684,0.6790167628932702,0.6790167628932702,1.5057878388089707,1.0,0.3333333333333333,0.7857142857142857,2.4611528822055138,1.0,1.0,1.0,1.0,1.0,1.0,1.0,0.8333333333333334,1.0,109.0,1.7457948525746663
1134,R_DEGREE_MATCHED_REWIRE,0.5,0.5,0.0,1.0,0.9166666666666666,0.7777777777777777,0.1818181818181818,1.0,1.0,0.1875,0.4841229182759272,0.4841229182759272,1.5112010715534074,1.0,1.0,1.0,2.875,1.0,1.0,1.0,1.0,1.0,1.0,1.0,0.5,1.0,109.0,2.037993907928467
1134,T_TERMINAL_CHANGED,0.6999999999999998,0.6666666666666666,1.0,1.0,1.0,1.0,0.1818181818181818,3.6666666666666665,0.6666666666666666,0.10526315789473684,0.6959705453537527,0.8032947318180046,1.5286738417176757,1.0,0.3333333333333333,0.7083333333333334,2.2917176662586702,1.0,1.0,1.0,1.0,1.0,1.0,1.0,0.5,0.0,109.0,1.8841226895650227
1134,X_COMPLEXITY_MATCHED,0.3,1.0,0.0,1.0,0.16666666666666666,0.6190476190476191,0.0,2.0,0.875,0.12,0.8569568250501304,0.4841229182759272,1.4655712318767697,0.0,1.0,0.875,2.326530612244898,1.0,1.0,1.0,1.0,1.0,1.0,1.0,0.3333333333333333,1.0,109.0,1.680509090423584
1134,Y_TOPOLOGY_MATCHED,0.6,0.8333333333333334,0.8333333333333334,1.0,0.75,1.0,0.12121212121212122,3.6666666666666665,0.6666666666666666,0.14874141876430205,1.0714017819927062,0.6253546696611442,1.3815003792328948,0.6666666666666666,0.0,0.6309523809523809,2.179563492063492,1.0,1.0,1.0,1.0,1.0,1.0,1.0,0.3333333333333333,1.0,109.0,2.370382785797119
1135,A_AUTHENTIC,0.6999999999999998,0.8333333333333334,1.0,1.0,1.0,1.0,0.1818181818181818,3.6666666666666665,0.6666666666666666,0.0,0.7496326385858786,0.7496326385858786,1.460733699592076,1.0,0.0,0.7083333333333334,2.274173806609547,1.0,1.0,1.0,1.0,1.0,1.0,1.0,1.0,1.0,109.0,1.5792445341746013
1135,D_ALL_DIRECTION_REVERSED,0.3,0.5,0.8333333333333334,0.0,0.0,1.0,0.1818181818181818,3.0,0.75,0.05555555555555555,0.732678856125396,0.7496326385858786,1.5751939789366574,1.0,0.3333333333333333,0.7678571428571429,2.372093023255814,1.0,1.0,1.0,1.0,1.0,1.0,1.0,0.5,1.0,109.0,1.6478549639383953
1135,E0_DELETE,0.6666666666666666,0.8333333333333334,0.5,1.0,1.0,1.0,0.20000000000000004,4.0,0.625,0.0,0.7173439510403817,0.6614378277661477,1.4142135623730951,1.0,0.0,0.6428571428571429,2.315241228070175,1.0,1.0,1.0,1.0,1.0,1.0,1.0,0.8333333333333334,1.0,109.0,2.157289187113444
1135,E0_REVERSE,0.6,0.5,0.5,1.0,0.75,0.75,0.1818181818181818,4.0,0.625,0.0,0.6959705453537527,0.6959705453537527,1.4142135623730951,1.0,0.0,0.6785714285714285,2.263157894736842,1.0,1.0,1.0,1.0,1.0,1.0,1.0,0.5,1.0,109.0,1.6914745966593425
1135,E1_DELETE,0.6666666666666666,0.5,0.5,1.0,1.0,0.6666666666666666,0.20000000000000004,4.0,0.625,0.0,0.43301270189221935,0.6614378277661477,1.4142135623730943,1.0,0.0,0.6785714285714285,2.4210526315789473,1.0,1.0,1.0,1.0,1.0,1.0,1.0,0.5,1.0,109.0,1.5014979839324951
1135,E1_REVERSE,0.6,0.6666666666666666,0.5,1.0,0.75,1.0,0.1818181818181818,3.6666666666666665,0.6666666666666666,0.05263157894736842,0.6084008872006615,0.6959705453537527,1.4382998672551093,1.0,0.0,0.7083333333333334,2.272133822929417,1.0,1.0,1.0,1.0,1.0,1.0,1.0,0.6666666666666666,1.0,109.0,1.8138858477274578
1135,E2_DELETE,0.6666666666666666,0.5,0.5,1.0,1.0,0.5,0.20000000000000004,5.0,0.5,0.0,0.43301270189221935,0.6614378277661477,1.2720196495140697,1.0,0.0,0.6071428571428571,2.2941176470588234,1.0,1.0,1.0,1.0,1.0,1.0,1.0,0.5,1.0,109.0,1.5947411060333252
1135,E2_REVERSE,0.6,0.5,0.5,1.0,0.75,1.0,0.1818181818181818,5.0,0.5,0.0,0.6959705453537527,0.8569568250501304,1.2720196495140697,1.0,0.0,0.6071428571428571,2.176470588235294,1.0,1.0,1.0,1.0,1.0,1.0,1.0,0.5,1.0,109.0,1.7396432558695476
1135,E3_DELETE,0.6666666666666666,0.5,0.16666666666666666,1.0,1.0,0.6666666666666666,0.20000000000000004,3.6666666666666665,0.6666666666666666,0.0,0.7173439510403817,0.5650605337910962,1.2310784127754149,1.0,0.0,0.7023809523809524,2.5637112403100777,1.0,1.0,1.0,1.0,1.0,1.0,1.0,0.6666666666666666,1.0,109.0,1.5462493896484375
1135,E3_REVERSE,0.6,0.5,0.0,1.0,0.75,1.0,0.1818181818181818,3.0,0.75,0.0,0.8569568250501304,0.4841229182759272,1.2106077944060876,1.0,0.0,0.7678571428571429,2.7209302325581395,1.0,1.0,1.0,1.0,1.0,1.0,1.0,0.5,1.0,109.0,1.8694928487141926
1135,E4_DELETE,0.6666666666666666,0.6666666666666666,0.3333333333333333,1.0,1.0,1.0,0.20000000000000004,4.666666666666667,0.5416666666666666,0.0,0.7732500743146158,0.8659765002899521,1.3194176204670782,1.0,0.0,0.6071428571428571,2.2653508771929824,1.0,1.0,1.0,1.0,1.0,1.0,1.0,1.0,1.0,109.0,1.558623234430949
1135,E4_REVERSE,0.6,0.6666666666666666,0.3333333333333333,1.0,1.0,1.0,0.1818181818181818,5.0,0.5,0.05263157894736842,0.8483613706843682,0.9867126229546002,1.160875814640052,1.0,0.0,0.6011904761904762,2.2178741800834825,1.0,1.0,1.0,1.0,1.0,1.0,1.0,0.8333333333333334,1.0,109.0,1.8071304162343342
1135,E5_DELETE,0.6666666666666666,0.6666666666666666,0.0,1.0,1.0,1.0,0.20000000000000004,2.0,0.875,0.0,0.509154410516862,0.509154410516862,1.3281419269222214,1.0,0.0,0.8928571428571429,2.919799498746867,1.0,1.0,1.0,1.0,1.0,1.0,1.0,0.6666666666666666,1.0,109.0,1.5689325332641602
1135,E5_REVERSE,0.6,0.5,0.3333333333333333,1.0,1.0,1.0,0.1818181818181818,2.3333333333333335,0.8333333333333334,0.0,0.6253546696611442,0.9726730498942167,1.50018368632691,1.0,0.0,0.8452380952380952,2.744739756367663,1.0,1.0,1.0,1.0,1.0,1.0,1.0,0.8333333333333334,1.0,109.0,1.515380620956421
1135,E6_DELETE,0.6666666666666666,0.8333333333333334,0.5,1.0,1.0,1.0,0.20000000000000004,4.0,0.625,0.0,0.76370716402805,0.5852961191415048,1.4142135623730956,1.0,0.0,0.6666666666666666,2.391812865497076,1.0,1.0,1.0,1.0,1.0,1.0,1.0,0.8333333333333334,1.0,109.0,1.987185001373291
1135,E6_REVERSE,0.6,0.6666666666666666,0.8333333333333334,1.0,1.0,1.0,0.24242424242424243,3.6666666666666665,0.6666666666666666,0.1111111111111111,0.9470901027828579,0.4841229182759272,1.4821537044986954,1.3333333333333333,0.0,0.6845238095238096,2.3294573643410854,1.0,1.0,1.0,1.0,1.0,1.0,1.0,0.38888888888888884,1.0,109.0,1.9781055450439453
1135,E7_DELETE,0.7777777777777778,0.5,0.5,0.0,1.0,1.0,0.0,4.666666666666667,0.5416666666666666,0.10526315789473684,0.6614378277661477,0.6614378277661477,0.8447788696947488,0.0,0.0,0.6785714285714285,2.4424141749723147,1.0,1.0,1.0,1.0,0.8333333333333334,0.8000000000000002,1.0,0.8333333333333334,1.0,109.0,2.271859884262085
1135,E7_REVERSE,0.8000000000000002,0.8333333333333334,1.0,0.0,1.0,1.0,0.0,4.0,0.625,0.3666666666666667,1.0675542587998545,0.9416459840882365,1.2438747314015892,0.0,0.3333333333333333,0.625,2.2592269689043882,1.0,1.0,1.0,0.0,0.5,1.0,1.0,1.0,1.0,109.0,1.5805397828420003
1135,E8_DELETE,0.7777777777777778,0.6666666666666666,0.8333333333333334,1.0,1.0,1.0,0.20000000000000004,3.0,0.75,0.0,0.5852961191415048,0.641202242415739,1.3753191796092956,1.0,0.0,0.7916666666666666,2.5709562894925413,1.0,1.0,1.0,1.0,1.0,1.0,1.0,0.8333333333333334,1.0,109.0,1.5487652619679768
1135,E8_REVERSE,0.8000000000000002,0.5,0.8333333333333334,1.0,1.0,1.0,0.1818181818181818,2.3333333333333335,0.8333333333333334,0.0,0.6253546696611442,0.732678856125396,1.5149682866336203,1.0,0.0,0.8452380952380952,2.499169435215947,1.0,1.0,1.0,1.0,1.0,1.0,1.0,0.8333333333333334,1.0,109.0,1.3870200316111247
1135,E9_DELETE,0.7777777777777778,0.5,0.5,1.0,1.0,1.0,0.0,1.0,1.0,0.0,0.43301270189221935,0.43301270189221935,1.2106077944060862,0.0,0.0,1.0,3.0714285714285716,1.0,1.0,1.0,1.0,1.0,1.0,1.0,0.5,1.0,109.0,1.5262038707733154
1135,E9_REVERSE,0.8000000000000002,0.5,0.5,1.0,1.0,1.0,0.0,2.0,0.875,0.125,0.6959705453537527,0.6959705453537527,1.324717957244748,0.0,1.0,0.875,2.4693877551020407,1.0,1.0,1.0,1.0,1.0,1.0,1.0,1.0,1.0,109.0,1.590713659922282
1135,F_SURFACE_FORMAT_CONTROL,0.6999999999999998,0.5,1.0,1.0,1.0,1.0,0.1818181818181818,3.0,0.75,0.0,0.6959705453537527,0.8569568250501304,1.5537739740300374,1.0,0.0,0.7678571428571429,2.3488372093023258,1.0,1.0,1.0,1.0,1.0,1.0,1.0,1.0,1.0,109.0,1.5679120222727458
1135,G_RANDOM_CONTROL,0.6,0.5,0.8333333333333334,1.0,0.75,1.0,0.0,5.0,0.5,0.48148148148148145,1.2086900599541355,0.9921567416492215,1.2207440846057587,0.0,1.0,0.4702380952380953,1.7464387464387465,1.0,1.0,1.0,1.0,1.0,1.0,1.0,1.0,1.0,109.0,2.0754594008127847
1135,I_ISOMORPHIC_RELABEL,0.6999999999999998,0.5,0.5,1.0,1.0,1.0,0.1818181818181818,1.0,1.0,0.0,0.4841229182759272,0.4841229182759272,1.4851159653039219,1.0,0.0,1.0,2.857142857142857,1.0,1.0,1.0,1.0,1.0,1.0,1.0,0.5,1.0,109.0,2.021084944407145
1135,L_FORWARD_CONTROL,1.0,0.5,0.5,0.0,1.0,0.8888888888888888,0.06060606060606061,7.666666666666667,0.16666666666666666,0.0909090909090909,0.6253546696611442,0.7496326385858786,0.3333333333333333,0.3333333333333333,0.0,0.5059523809523809,1.8226600985221675,1.0,1.0,1.0,1.0,0.6666666666666666,0.9444444444444445,1.0,1.0,1.0,109.0,1.6896955966949463
1135,M0_SWITCH_NEUTRALIZED,0.6999999999999998,0.5,0.5,1.0,1.0,1.0,0.0,1.0,1.0,0.14285714285714285,0.6959705453537527,0.4841229182759272,1.2953328187743716,0.0,0.0,1.0,3.089285714285714,1.0,1.0,1.0,0.0,0.0,1.0,1.0,0.5,1.0,109.0,1.7490100065867107
1135,M_SWITCH_REASSIGNED,0.6999999999999998,0.6666666666666666,0.6666666666666666,0.0,1.0,0.6666666666666666,0.12121212121212122,2.6666666666666665,0.7916666666666666,0.13333333333333333,0.7496326385858786,0.7496326385858786,1.3932003605310006,0.6666666666666666,0.3333333333333333,0.7976190476190476,2.6210515213837473,1.0,1.0,1.0,1.0,0.8333333333333334,0.8000000000000002,1.0,1.0,1.0,109.0,1.8271267414093018
1135,O_ORDER_SHUFFLED,0.5,0.16666666666666666,0.8333333333333334,1.0,0.5,1.0,0.1818181818181818,3.3333333333333335,0.7083333333333334,0.05263157894736842,0.8032947318180046,0.6790167628932702,1.5072538368110562,1.0,0.0,0.7380952380952381,2.3006935944512446,1.0,1.0,1.0,1.0,1.0,1.0,1.0,0.8333333333333334,0.8571428571428571,109.0,1.8346339861551921
1135,P_ANCHOR_REASSIGNED,0.6999999999999998,0.6666666666666666,1.0,1.0,1.0,1.0,0.1818181818181818,3.3333333333333335,0.7083333333333334,0.05263157894736842,0.7496326385858786,0.8032947318180046,1.5072538368110564,1.0,0.0,0.7380952380952381,2.2851897184822523,1.0,1.0,1.0,1.0,1.0,1.0,1.0,1.0,1.0,109.0,1.5665345986684163
1135,R_DEGREE_MATCHED_REWIRE,0.5,1.0,0.0,0.0,0.5833333333333334,0.5666666666666667,0.3636363636363636,6.0,0.25,0.35294117647058826,0.8569568250501304,0.8569568250501304,1.0,2.0,0.0,0.42857142857142855,1.7916666666666667,1.0,1.0,1.0,0.0,0.5,1.0,1.0,1.0,1.0,109.0,1.4070289134979248
1135,T_TERMINAL_CHANGED,0.6999999999999998,0.5,0.6666666666666666,1.0,1.0,1.0,0.1818181818181818,1.6666666666666667,0.9166666666666666,0.0,0.5547387939685356,0.6084008872006615,1.5080019682126269,1.0,0.0,0.9226190476190476,2.6877076411960132,1.0,1.0,1.0,1.0,1.0,1.0,1.0,0.5,0.0,109.0,1.6102325916290283
1135,X_COMPLEXITY_MATCHED,0.4000000000000001,0.5,0.5,1.0,0.25,0.8888888888888888,0.0,3.0,0.75,0.3309090909090909,0.732678856125396,0.6959705453537527,1.412758896100241,0.0,2.0,0.6964285714285715,2.2398910538445422,1.0,1.0,1.0,1.0,1.0,1.0,1.0,0.3333333333333333,1.0,109.0,1.8464634418487549
1135,Y_TOPOLOGY_MATCHED,0.5,0.8333333333333334,1.0,1.0,0.75,0.6444444444444444,0.0,3.0,0.75,0.3853276353276353,0.7496326385858786,0.7496326385858786,1.4828894352040172,0.0,1.6666666666666667,0.7678571428571429,2.2868217054263567,1.0,1.0,1.0,1.0,1.0,1.0,1.0,0.3055555555555555,1.0,109.0,1.8648200035095215
1137,A_AUTHENTIC,0.6999999999999998,0.5,1.0,1.0,1.0,1.0,0.1818181818181818,3.0,0.75,0.0,0.6959705453537527,0.8569568250501304,1.5537739740300374,1.0,0.0,0.7678571428571429,2.3488372093023258,1.0,1.0,1.0,1.0,1.0,1.0,1.0,1.0,1.0,109.0,1.6910539468129475
1137,D_ALL_DIRECTION_REVERSED,0.3,0.5,0.6666666666666666,0.0,0.0,1.0,0.12121212121212122,3.0,0.75,0.047619047619047616,0.6084008872006615,0.7496326385858786,1.3955951730418537,0.6666666666666666,0.0,0.7678571428571429,2.5271317829457365,1.0,1.0,1.0,1.0,0.6666666666666666,1.0,1.0,0.38888888888888884,1.0,109.0,1.614784876505534
1137,E0_DELETE,0.6666666666666666,0.6666666666666666,1.0,1.0,1.0,1.0,0.20000000000000004,3.3333333333333335,0.7083333333333334,0.0,0.7173439510403817,0.9218826235641862,1.5072538368110562,1.0,0.0,0.6130952380952381,2.1248506571087216,1.0,1.0,1.0,1.0,1.0,1.0,1.0,1.0,1.0,109.0,1.703275203704834
1137,E0_REVERSE,0.6,0.5,1.0,1.0,0.75,0.25,0.1818181818181818,3.0,0.75,0.0,0.4841229182759272,0.9921567416492215,1.5537739740300365,1.0,0.0,0.75,2.238095238095238,1.0,1.0,1.0,1.0,1.0,1.0,1.0,1.0,1.0,109.0,1.609885295232137
1137,E1_DELETE,0.6666666666666666,0.5,1.0,1.0,1.0,0.6666666666666666,0.20000000000000004,4.0,0.625,0.0,0.6614378277661477,0.9682458365518544,1.414213562373095,1.0,0.0,0.5535714285714286,2.032258064516129,1.0,1.0,1.0,1.0,1.0,1.0,1.0,1.0,1.0,109.0,1.6924418608347576
1137,E1_REVERSE,0.6,0.5,1.0,1.0,0.8333333333333334,0.8095238095238096,0.1818181818181818,4.0,0.625,0.0,0.8569568250501304,0.9921567416492215,1.414213562373095,1.0,0.0,0.5535714285714286,1.967741935483871,1.0,1.0,1.0,1.0,1.0,1.0,1.0,1.0,1.0,109.0,1.3906983534495037
1137,E2_DELETE,0.6666666666666666,0.6666666666666666,1.0,1.0,1.0,0.5,0.20000000000000004,5.0,0.5,0.07692307692307693,0.6614378277661477,0.9682458365518544,1.2720196495140688,1.0,0.0,0.4583333333333333,1.8577563070316694,1.0,1.0,1.0,1.0,1.0,1.0,1.0,1.0,1.0,109.0,1.7262965838114421
1137,E2_REVERSE,0.6,0.5,1.0,1.0,0.75,1.0,0.1818181818181818,5.0,0.5,0.0,0.8569568250501304,1.1110243021644486,1.2720196495140688,1.0,0.0,0.48214285714285715,1.7777777777777777,1.0,1.0,1.0,1.0,1.0,1.0,1.0,1.0,1.0,109.0,1.477388620376587
1137,E3_DELETE,0.6666666666666666,0.6666666666666666,0.3333333333333333,1.0,1.0,0.6666666666666666,0.20000000000000004,5.666666666666667,0.4166666666666667,0.07142857142857142,0.82915619758885,0.7732500743146158,1.1813464330093797,1.0,0.0,0.5297619047619048,2.0908333333333333,1.0,1.0,1.0,1.0,1.0,1.0,1.0,1.0,1.0,109.0,1.501034100850423
1137,E3_REVERSE,0.6,0.8333333333333334,0.16666666666666666,1.0,0.75,1.0,0.1818181818181818,6.333333333333333,0.3333333333333333,0.1111111111111111,0.9921567416492215,0.7496326385858786,1.0906732165046897,1.0,0.0,0.48809523809523814,1.9245833333333333,1.0,1.0,1.0,1.0,1.0,1.0,1.0,1.0,1.0,109.0,1.7164243062337239
1137,E4_DELETE,0.6666666666666666,0.6666666666666666,0.3333333333333333,1.0,1.0,1.0,0.20000000000000004,5.666666666666667,0.4166666666666667,0.06666666666666667,0.82915619758885,0.9682458365518544,1.1813464330093797,1.0,0.0,0.5357142857142857,2.1378205128205128,1.0,1.0,1.0,1.0,1.0,1.0,1.0,1.0,1.0,109.0,1.5245190461476643
1137,E4_REVERSE,0.6,0.5,0.5,1.0,1.0,1.0,0.1818181818181818,5.0,0.5,0.0,0.8569568250501304,1.1110243021644486,1.2720196495140697,1.0,0.0,0.5714285714285714,2.125,1.0,1.0,1.0,1.0,1.0,1.0,1.0,1.0,1.0,109.0,1.6059207916259766
1137,E5_DELETE,0.6666666666666666,0.5,0.5,1.0,1.0,1.0,0.20000000000000004,3.0,0.75,0.0,0.6614378277661477,0.82915619758885,1.4142135623730947,1.0,0.0,0.7678571428571429,2.627906976744186,1.0,1.0,1.0,1.0,1.0,1.0,1.0,1.0,1.0,109.0,1.2722143332163494
1137,E5_REVERSE,0.6,0.5,0.5,1.0,1.0,1.0,0.1818181818181818,3.0,0.75,0.0,0.6959705453537527,1.1110243021644486,1.5174899135519802,1.0,0.0,0.7678571428571429,2.5813953488372094,1.0,1.0,1.0,1.0,1.0,1.0,1.0,1.0,1.0,109.0,1.366408904393514
1137,E6_DELETE,0.6666666666666666,1.0,0.5,1.0,1.0,1.0,0.20000000000000004,4.0,0.625,0.0,0.6614378277661477,0.6614378277661477,1.4142135623730951,1.0,0.0,0.6785714285714285,2.4210526315789473,1.0,1.0,1.0,1.0,1.0,1.0,1.0,1.0,1.0,109.0,1.5512224833170574
1137,E6_REVERSE,0.6,1.0,0.5,1.0,1.0,1.0,0.30303030303030304,3.0,0.75,0.05555555555555555,0.8569568250501304,0.5547387939685356,1.600817084921994,1.6666666666666667,0.3333333333333333,0.7678571428571429,2.4806201550387597,1.0,1.0,1.0,1.0,1.0,1.0,1.0,0.5,1.0,109.0,1.6447583834330242
1137,E7_DELETE,0.7777777777777778,0.3333333333333333,0.6666666666666666,0.0,1.0,0.5,0.13333333333333333,4.666666666666667,0.5416666666666666,0.15789473684210525,0.6614378277661477,0.7732500743146158,1.3131254311650702,0.6666666666666666,0.6666666666666666,0.5476190476190476,2.143599740090968,1.0,1.0,1.0,1.0,0.8333333333333334,0.8000000000000002,1.0,1.0,1.0,109.0,1.7557297547658284
1137,E7_REVERSE,0.8000000000000002,0.5,0.5,0.0,1.0,0.6666666666666666,0.0,1.0,1.0,0.14285714285714285,0.6959705453537527,0.4841229182759272,1.2983229702121277,0.0,1.0,1.0,3.035714285714286,1.0,1.0,1.0,1.0,1.0,0.8000000000000002,1.0,0.5,1.0,109.0,1.8397003014882405
1137,E8_DELETE,0.7777777777777778,0.5,1.0,1.0,1.0,1.0,0.20000000000000004,3.0,0.75,0.0,0.6614378277661477,0.82915619758885,1.4655712318767673,1.0,0.0,0.7678571428571429,2.441860465116279,1.0,1.0,1.0,1.0,1.0,1.0,1.0,1.0,1.0,109.0,1.4728172620137532
1137,E8_REVERSE,0.8000000000000002,0.5,1.0,1.0,1.0,1.0,0.1818181818181818,3.0,0.75,0.0,0.6959705453537527,0.8569568250501304,1.5537739740300374,1.0,0.0,0.7678571428571429,2.302325581395349,1.0,1.0,1.0,1.0,1.0,1.0,1.0,1.0,1.0,109.0,1.4325512250264485
1137,E9_DELETE,0.7777777777777778,0.5,0.5,1.0,1.0,1.0,0.20000000000000004,4.0,0.625,0.0,0.6614378277661477,0.6614378277661477,1.4142135623730951,1.0,0.0,0.6785714285714285,2.4210526315789473,1.0,1.0,1.0,1.0,1.0,1.0,1.0,1.0,1.0,109.0,1.341154416402181
1137,E9_REVERSE,0.8000000000000002,0.5,0.5,0.3333333333333333,1.0,0.6388888888888888,0.12121212121212122,3.3333333333333335,0.7083333333333334,0.08695652173913043,0.4841229182759272,0.8483613706843682,1.310766623514297,0.6666666666666666,0.3333333333333333,0.7261904761904763,2.2896210163652024,1.0,1.0,1.0,1.0,0.6666666666666666,0.8666666666666667,1.0,1.0,1.0,109.0,2.1658314863840737
1137,F_SURFACE_FORMAT_CONTROL,0.6999999999999998,0.5,0.6666666666666666,1.0,1.0,1.0,0.24242424242424243,2.3333333333333335,0.7916666666666666,0.0,0.5547387939685356,0.6790167628932702,1.4843678339023514,1.3333333333333333,0.0,0.8214285714285715,2.530198483686856,1.0,1.0,1.0,1.0,1.0,1.0,1.0,0.8333333333333334,1.0,109.0,1.5920305252075195
1137,G_RANDOM_CONTROL,0.5,0.5,0.0,1.0,0.5833333333333334,1.0,0.3636363636363636,6.0,0.375,0.21428571428571427,1.2183492931011204,0.9921567416492215,1.4142135623730951,2.0,0.0,0.41071428571428575,1.7391304347826086,1.0,1.0,1.0,1.0,1.0,1.0,1.0,0.25,1.0,109.0,1.598016341527303
1137,I_ISOMORPHIC_RELABEL,0.6999999999999998,0.5,1.0,1.0,1.0,1.0,0.1818181818181818,3.0,0.75,0.0,0.6959705453537527,0.8569568250501304,1.5537739740300374,1.0,0.0,0.7678571428571429,2.3488372093023258,1.0,1.0,1.0,1.0,1.0,1.0,1.0,1.0,1.0,109.0,1.8278663953145344
1137,L_FORWARD_CONTROL,1.0,0.5,0.5,0.0,1.0,0.6666666666666666,0.0,6.0,0.375,0.3722943722943723,0.8569568250501304,0.7496326385858786,1.0000000000000009,0.0,1.0,0.48214285714285715,1.8518518518518519,1.0,1.0,1.0,1.0,0.8333333333333334,1.0,1.0,1.0,1.0,109.0,2.095095952351888
1137,M0_SWITCH_NEUTRALIZED,0.6999999999999998,0.5,0.5,1.0,1.0,1.0,0.06060606060606061,2.0,0.875,0.2014652014652015,0.6790167628932702,0.5547387939685356,1.3633241385519446,0.3333333333333333,0.6666666666666666,0.8928571428571429,2.8411654135338344,1.0,1.0,1.0,0.0,0.0,1.0,1.0,0.6666666666666666,1.0,109.0,1.8669180870056152
1137,M_SWITCH_REASSIGNED,0.6999999999999998,0.5,1.0,0.0,1.0,0.6666666666666666,0.0,4.0,0.625,0.3461538461538461,0.9921567416492215,0.6959705453537527,1.3532099641993238,0.0,1.0,0.6607142857142857,2.2162162162162162,1.0,1.0,1.0,1.0,1.0,1.0,1.0,1.0,1.0,109.0,1.6668428579966228
1137,O_ORDER_SHUFFLED,0.4000000000000001,0.0,1.0,1.0,0.25,0.5,0.1818181818181818,3.0,0.75,0.0,0.6959705453537527,0.8569568250501304,1.5537739740300374,1.0,0.0,0.7678571428571429,2.3488372093023258,1.0,1.0,1.0,1.0,1.0,1.0,1.0,1.0,1.0,109.0,1.7684605121612549
1137,P_ANCHOR_REASSIGNED,0.6999999999999998,0.6666666666666666,1.0,1.0,1.0,0.75,0.1818181818181818,3.3333333333333335,0.7083333333333334,0.05263157894736842,0.6959705453537527,0.8032947318180046,1.5072538368110564,1.0,0.0,0.7380952380952381,2.2851897184822523,1.0,1.0,1.0,1.0,1.0,1.0,1.0,1.0,1.0,109.0,1.5779332319895427
1137,R_DEGREE_MATCHED_REWIRE,0.5,0.5,0.5,1.0,0.8333333333333334,0.6428571428571429,0.3636363636363636,3.0,0.75,0.1875,0.8569568250501304,0.8569568250501304,1.589627486463818,2.0,1.0,0.7678571428571429,2.395348837209302,1.0,1.0,1.0,1.0,1.0,1.0,1.0,1.0,1.0,109.0,1.7509212493896484
1137,T_TERMINAL_CHANGED,0.6999999999999998,0.5,1.0,1.0,1.0,1.0,0.1818181818181818,3.0,0.75,0.0,0.6959705453537527,0.8569568250501304,1.5537739740300374,1.0,0.0,0.7678571428571429,2.3488372093023258,1.0,1.0,1.0,1.0,1.0,1.0,1.0,0.5,0.0,109.0,1.7144606908162434
1137,X_COMPLEXITY_MATCHED,0.3,0.6666666666666666,0.8333333333333334,1.0,0.3333333333333333,0.5079365079365079,0.12121212121212122,2.6666666666666665,0.7916666666666666,0.19806763285024154,0.6253546696611442,0.8569568250501304,1.4595078016174632,0.6666666666666666,1.3333333333333333,0.8035714285714285,2.465749090333808,1.0,1.0,1.0,1.0,1.0,1.0,1.0,0.5,1.0,109.0,1.7083098888397217
1137,Y_TOPOLOGY_MATCHED,0.4000000000000001,1.0,0.5,1.0,0.5,0.5,0.0,2.0,0.875,0.2608695652173913,0.4841229182759272,0.6959705453537527,1.3802775690976155,0.0,1.0,0.875,2.510204081632653,1.0,1.0,1.0,1.0,1.0,1.0,1.0,0.3333333333333333,1.0,109.0,1.4474725723266602
1138,A_AUTHENTIC,0.6999999999999998,0.5,0.5,1.0,1.0,1.0,0.1818181818181818,1.0,1.0,0.0,0.4841229182759272,0.4841229182759272,1.4851159653039219,1.0,0.0,1.0,2.857142857142857,1.0,1.0,1.0,1.0,1.0,1.0,1.0,0.5,1.0,109.0,2.204961617787679
1138,D_ALL_DIRECTION_REVERSED,0.3,0.5,0.6666666666666666,0.0,0.0,1.0,0.1818181818181818,3.0,0.75,0.05555555555555555,0.6253546696611442,0.7496326385858786,1.4821537044986959,1.0,0.3333333333333333,0.7738095238095238,2.5033014429762113,1.0,1.0,1.0,1.0,0.8333333333333334,1.0,1.0,0.4444444444444444,1.0,109.0,1.6733932495117188
1138,E0_DELETE,0.6666666666666666,1.0,0.5,1.0,1.0,1.0,0.20000000000000004,4.0,0.625,0.0,0.6614378277661477,0.6614378277661477,1.4142135623730951,1.0,0.0,0.6785714285714285,2.4210526315789473,1.0,1.0,1.0,1.0,1.0,1.0,1.0,1.0,1.0,109.0,1.3298137187957764
1138,E0_REVERSE,0.6,0.5,0.5,1.0,0.75,1.0,0.1818181818181818,4.0,0.625,0.0,0.6959705453537527,0.6959705453537527,1.4142135623730951,1.0,0.0,0.6785714285714285,2.263157894736842,1.0,1.0,1.0,1.0,1.0,1.0,1.0,0.5,1.0,109.0,1.6508621374766033
1138,E1_DELETE,0.6666666666666666,0.8333333333333334,0.5,1.0,1.0,0.6666666666666666,0.20000000000000004,4.0,0.625,0.0,0.5852961191415048,0.6614378277661477,1.414213562373095,1.0,0.0,0.6785714285714285,2.4210526315789473,1.0,1.0,1.0,1.0,1.0,1.0,1.0,0.8333333333333334,1.0,109.0,1.5798954168955486
1138,E1_REVERSE,0.6,0.5,0.5,1.0,0.75,1.0,0.1818181818181818,4.0,0.625,0.0,0.4841229182759272,0.6959705453537527,1.4142135623730943,1.0,0.0,0.6785714285714285,2.210526315789474,1.0,1.0,1.0,1.0,1.0,1.0,1.0,0.5,1.0,109.0,1.4783681233723958
1138,E2_DELETE,0.6666666666666666,0.5,0.5,1.0,1.0,0.5,0.20000000000000004,5.0,0.5,0.0,0.43301270189221935,0.6614378277661477,1.2720196495140697,1.0,0.0,0.6071428571428571,2.2941176470588234,1.0,1.0,1.0,1.0,1.0,1.0,1.0,0.5,1.0,109.0,1.640102704366048
1138,E2_REVERSE,0.6,0.5,0.5,1.0,0.75,1.0,0.1818181818181818,5.0,0.5,0.0,0.6959705453537527,0.8569568250501304,1.2720196495140697,1.0,0.0,0.6071428571428571,2.176470588235294,1.0,1.0,1.0,1.0,1.0,1.0,1.0,0.5,1.0,109.0,1.388843297958374
1138,E3_DELETE,0.6666666666666666,0.6666666666666666,0.0,1.0,1.0,0.6666666666666666,0.20000000000000004,4.333333333333333,0.5833333333333334,0.07142857142857142,0.7173439510403817,0.509154410516862,1.1404051962707251,1.0,0.0,0.6607142857142857,2.498294573643411,1.0,1.0,1.0,1.0,1.0,1.0,1.0,0.6666666666666666,1.0,109.0,1.7175238132476807
1138,E3_REVERSE,0.6,0.5,0.0,1.0,0.75,1.0,0.1818181818181818,3.0,0.75,0.0,0.8569568250501304,0.4841229182759272,1.2106077944060876,1.0,0.0,0.7678571428571429,2.7209302325581395,1.0,1.0,1.0,1.0,1.0,1.0,1.0,0.5,1.0,109.0,1.6468015511830647
1138,E4_DELETE,0.6666666666666666,0.8333333333333334,0.3333333333333333,1.0,1.0,1.0,0.20000000000000004,5.666666666666667,0.4166666666666667,0.0,0.7732500743146158,0.7732500743146158,1.070202598135362,1.0,0.0,0.5654761904761906,2.2814549791293977,1.0,1.0,1.0,1.0,1.0,1.0,1.0,0.8333333333333334,1.0,109.0,1.530532677968343
1138,E4_REVERSE,0.6,0.8333333333333334,0.16666666666666666,1.0,1.0,1.0,0.1818181818181818,5.666666666666667,0.4166666666666667,0.0,0.8934280095507319,0.9470901027828579,1.070202598135362,1.0,0.0,0.5654761904761906,2.1633870005963027,1.0,1.0,1.0,1.0,1.0,1.0,1.0,0.8333333333333334,1.0,109.0,1.5230488777160645
1138,E5_DELETE,0.6666666666666666,0.8333333333333334,0.3333333333333333,1.0,1.0,1.0,0.20000000000000004,3.0,0.75,0.0,0.5852961191415048,0.5852961191415048,1.300080788218146,1.0,0.0,0.7857142857142857,2.661654135338346,1.0,1.0,1.0,1.0,1.0,1.0,1.0,0.8333333333333334,1.0,109.0,1.858523925145467
1138,E5_REVERSE,0.6,0.5,0.0,1.0,1.0,1.0,0.1818181818181818,1.0,1.0,0.0,0.4841229182759272,0.6959705453537527,1.46557123187677,1.0,0.0,1.0,3.0714285714285716,1.0,1.0,1.0,1.0,1.0,1.0,1.0,0.5,1.0,109.0,1.6612374782562256
1138,E6_DELETE,0.6666666666666666,1.0,0.5,1.0,1.0,1.0,0.20000000000000004,4.0,0.625,0.0,0.6614378277661477,0.6614378277661477,1.4142135623730951,1.0,0.0,0.6785714285714285,2.4210526315789473,1.0,1.0,1.0,1.0,1.0,1.0,1.0,1.0,1.0,109.0,1.6388201713562012
1138,E6_REVERSE,0.6,0.5,0.5,1.0,1.0,1.0,0.1818181818181818,4.0,0.625,0.0,0.8569568250501304,0.4841229182759272,1.4142135623730956,1.0,0.0,0.6785714285714285,2.3157894736842106,1.0,1.0,1.0,1.0,1.0,1.0,1.0,0.3333333333333333,1.0,109.0,1.831593116124471
1138,E7_DELETE,0.7777777777777778,0.16666666666666666,0.5,0.0,1.0,1.0,0.06666666666666667,3.6666666666666665,0.6666666666666666,0.19047619047619047,1.0756906530817365,0.43301270189221935,1.3078867821474096,0.3333333333333333,0.0,0.6845238095238096,2.595176571920758,1.0,1.0,1.0,1.0,0.6666666666666666,1.0,1.0,0.5,1.0,109.0,1.4196754296620686
1138,E7_REVERSE,0.8000000000000002,0.3333333333333333,0.8333333333333334,1.0,1.0,1.0,0.0,3.6666666666666665,0.6666666666666666,0.43812709030100333,1.0714017819927062,0.6253546696611442,1.2554020421520875,0.0,1.0,0.7380952380952381,2.514705882352941,1.0,1.0,1.0,1.0,1.0,0.8000000000000002,1.0,0.8333333333333334,1.0,109.0,1.5907206535339355
1138,E8_DELETE,0.7777777777777778,0.5,0.5,1.0,1.0,1.0,0.20000000000000004,1.0,1.0,0.0,0.43301270189221935,0.43301270189221935,1.3883666574370508,1.0,0.0,1.0,3.035714285714286,1.0,1.0,1.0,1.0,1.0,1.0,1.0,0.5,1.0,109.0,1.557858943939209
1138,E8_REVERSE,0.8000000000000002,0.5,0.5,1.0,1.0,1.0,0.1818181818181818,1.0,1.0,0.0,0.4841229182759272,0.4841229182759272,1.437356911840786,1.0,0.0,1.0,2.892857142857143,1.0,1.0,1.0,1.0,1.0,1.0,1.0,0.5,1.0,109.0,1.6945055325826008
1138,E9_DELETE,0.7777777777777778,0.5,0.5,1.0,1.0,1.0,0.0,1.0,1.0,0.0,0.43301270189221935,0.43301270189221935,1.2106077944060862,0.0,0.0,1.0,3.0714285714285716,1.0,1.0,1.0,1.0,1.0,1.0,1.0,0.5,1.0,109.0,1.8416621685028076
1138,E9_REVERSE,0.8000000000000002,0.0,0.0,0.0,1.0,1.0,0.0,4.0,0.625,0.14285714285714285,0.4841229182759272,0.8569568250501304,1.2207440846057591,0.0,1.0,0.6785714285714285,2.1842105263157894,1.0,1.0,1.0,1.0,1.0,1.0,1.0,0.5,1.0,109.0,2.567215919494629
1138,F_SURFACE_FORMAT_CONTROL,0.6999999999999998,1.0,1.0,1.0,1.0,1.0,0.1818181818181818,4.0,0.625,0.15789473684210525,0.8569568250501304,0.6959705453537527,1.4142135623730951,1.0,0.0,0.6785714285714285,2.1578947368421053,1.0,1.0,1.0,1.0,1.0,1.0,1.0,1.0,1.0,109.0,1.55887238184611
1138,G_RANDOM_CONTROL,0.20000000000000004,0.0,0.0,0.0,0.25,0.4857142857142857,0.1818181818181818,7.0,0.25,0.17647058823529413,0.8569568250501304,0.6959705453537527,1.0,1.0,0.0,0.5178571428571429,2.1724137931034484,1.0,1.0,1.0,1.0,1.0,0.8000000000000002,1.0,0.3333333333333333,1.0,109.0,1.561684211095174
1138,I_ISOMORPHIC_RELABEL,0.6999999999999998,0.5,0.5,1.0,1.0,1.0,0.1818181818181818,1.0,1.0,0.0,0.4841229182759272,0.4841229182759272,1.4851159653039219,1.0,0.0,1.0,2.857142857142857,1.0,1.0,1.0,1.0,1.0,1.0,1.0,0.5,1.0,109.0,1.490221341451009
1138,L_FORWARD_CONTROL,1.0,0.0,0.0,0.0,1.0,1.0,0.0,2.0,0.875,0.2608695652173913,0.8569568250501304,0.4841229182759272,1.2980299423728376,0.0,1.0,0.875,2.5918367346938775,1.0,1.0,1.0,1.0,0.5,1.0,1.0,0.5,1.0,109.0,1.7353336811065674
1138,M0_SWITCH_NEUTRALIZED,0.6999999999999998,0.5,0.5,1.0,1.0,1.0,0.06060606060606061,1.6666666666666667,0.875,0.049999999999999996,0.4841229182759272,0.6084008872006615,1.2598030357519765,0.3333333333333333,0.3333333333333333,0.8988095238095237,2.8521062271062267,1.0,1.0,1.0,0.0,0.0,1.0,1.0,0.6666666666666666,1.0,109.0,2.616351842880249
1138,M_SWITCH_REASSIGNED,0.6999999999999998,0.0,0.0,0.0,1.0,1.0,0.0,2.0,0.875,0.24,0.8569568250501304,0.4841229182759272,1.4655712318767662,0.0,2.0,0.875,2.5510204081632653,1.0,1.0,1.0,1.0,1.0,1.0,1.0,0.5,1.0,109.0,1.4917476177215576
1138,O_ORDER_SHUFFLED,0.6,0.5,1.0,0.0,0.6666666666666666,0.8095238095238096,0.1818181818181818,4.0,0.625,0.0,0.6959705453537527,0.6959705453537527,1.4142135623730951,1.0,0.0,0.6785714285714285,2.210526315789474,1.0,1.0,1.0,1.0,1.0,1.0,1.0,1.0,0.42857142857142855,109.0,1.8479657173156738
1138,P_ANCHOR_REASSIGNED,0.6999999999999998,0.6666666666666666,0.6666666666666666,1.0,1.0,1.0,0.1818181818181818,2.0,0.875,0.05555555555555555,0.5547387939685356,0.6084008872006615,1.4614818309936464,1.0,0.0,0.8928571428571429,2.676691729323308,1.0,1.0,1.0,1.0,1.0,1.0,1.0,0.6666666666666666,1.0,109.0,1.6947400569915771
1138,R_DEGREE_MATCHED_REWIRE,0.4000000000000001,0.6666666666666666,0.0,1.0,1.0,0.25,0.5454545454545454,3.0,0.625,0.0,0.5547387939685356,0.5547387939685356,1.461481830993644,3.0,0.0,0.7023809523809524,2.4767676767676767,1.0,1.0,1.0,1.0,1.0,1.0,1.0,0.6666666666666666,1.0,109.0,1.5148587226867676
1138,T_TERMINAL_CHANGED,0.6999999999999998,0.6666666666666666,0.6666666666666666,1.0,1.0,1.0,0.1818181818181818,2.0,0.875,0.0,0.5547387939685356,0.5547387939685356,1.4614818309936464,1.0,0.0,0.8928571428571429,2.6416040100250626,1.0,1.0,1.0,1.0,1.0,1.0,1.0,0.5,0.0,109.0,1.5424920717875164
1138,X_COMPLEXITY_MATCHED,0.4000000000000001,0.6666666666666666,0.6666666666666666,1.0,0.5,0.8888888888888888,0.0,3.6666666666666665,0.5,0.3952380952380952,0.6253546696611442,0.4841229182759272,1.220744084605759,0.0,1.6666666666666667,0.6428571428571428,2.1343402225755166,1.0,1.0,1.0,1.0,1.0,1.0,1.0,0.38888888888888884,1.0,109.0,1.604334831237793
1138,Y_TOPOLOGY_MATCHED,0.6,0.5,0.5,1.0,0.6666666666666666,0.8888888888888888,0.12121212121212122,2.3333333333333335,0.75,0.2974828375286041,0.7496326385858786,0.4841229182759272,1.3953369944670724,0.6666666666666666,2.0,0.7797619047619048,2.487315010570825,1.0,1.0,1.0,1.0,1.0,1.0,1.0,0.5,1.0,109.0,1.8231155077616374
1139,A_AUTHENTIC,0.6999999999999998,0.5,0.5,1.0,1.0,1.0,0.1818181818181818,1.0,1.0,0.0,0.4841229182759272,0.4841229182759272,1.4851159653039219,1.0,0.0,1.0,2.857142857142857,1.0,1.0,1.0,1.0,1.0,1.0,1.0,0.5,1.0,109.0,1.8267501990000408
1139,D_ALL_DIRECTION_REVERSED,0.3,0.16666666666666666,1.0,0.0,0.0,1.0,0.12121212121212122,3.6666666666666665,0.6666666666666666,0.0,0.7496326385858786,0.6959705453537527,1.3668155914200877,0.6666666666666666,0.0,0.7083333333333334,2.435332517339861,1.0,1.0,1.0,1.0,0.8333333333333334,1.0,1.0,0.3333333333333333,1.0,109.0,1.8296182950337727
1139,E0_DELETE,0.6666666666666666,0.8333333333333334,0.6666666666666666,1.0,1.0,1.0,0.20000000000000004,3.6666666666666665,0.6666666666666666,0.0,0.6614378277661477,0.76370716402805,1.4607336995920759,1.0,0.0,0.6666666666666666,2.326998050682261,1.0,1.0,1.0,1.0,1.0,1.0,1.0,1.0,1.0,109.0,1.835569699605306
1139,E0_REVERSE,0.6,0.5,0.5,1.0,0.75,0.75,0.1818181818181818,4.0,0.625,0.0,0.6959705453537527,0.6959705453537527,1.4142135623730951,1.0,0.0,0.6785714285714285,2.263157894736842,1.0,1.0,1.0,1.0,1.0,1.0,1.0,0.5,1.0,109.0,1.56916077931722
1139,E1_DELETE,0.6666666666666666,0.6666666666666666,0.5,1.0,1.0,0.6666666666666666,0.20000000000000004,4.0,0.625,0.0,0.509154410516862,0.6614378277661477,1.4142135623730947,1.0,0.0,0.6190476190476191,2.268796992481203,1.0,1.0,1.0,1.0,1.0,1.0,1.0,0.6666666666666666,1.0,109.0,1.8166996637980144
1139,E1_REVERSE,0.6,0.5,0.5,1.0,0.75,1.0,0.1818181818181818,4.0,0.625,0.0,0.4841229182759272,0.6959705453537527,1.4142135623730943,1.0,0.0,0.6785714285714285,2.210526315789474,1.0,1.0,1.0,1.0,1.0,1.0,1.0,0.5,1.0,109.0,1.588472048441569
1139,E2_DELETE,0.6666666666666666,0.5,0.5,1.0,1.0,0.5,0.20000000000000004,5.0,0.5,0.0,0.43301270189221935,0.6614378277661477,1.2720196495140697,1.0,0.0,0.6071428571428571,2.2941176470588234,1.0,1.0,1.0,1.0,1.0,1.0,1.0,0.5,1.0,109.0,1.5706945260365803
1139,E2_REVERSE,0.6,0.5,0.8333333333333334,1.0,0.75,1.0,0.1818181818181818,5.0,0.5,0.0,0.8032947318180046,1.0263351431263426,1.2720196495140692,1.0,0.0,0.5238095238095238,1.9106753812636164,1.0,1.0,1.0,1.0,1.0,1.0,1.0,0.8333333333333334,1.0,109.0,1.647699515024821
1139,E3_DELETE,0.6666666666666666,0.5,0.0,1.0,1.0,0.6666666666666666,0.20000000000000004,3.0,0.75,0.0,0.6614378277661477,0.43301270189221935,1.2106077944060876,1.0,0.0,0.7678571428571429,2.7674418604651163,1.0,1.0,1.0,1.0,1.0,1.0,1.0,0.5,1.0,109.0,1.4336675802866619
1139,E3_REVERSE,0.6,0.5,0.16666666666666666,1.0,0.8333333333333334,0.8888888888888888,0.1818181818181818,3.6666666666666665,0.6666666666666666,0.0,0.9020234639164942,0.6084008872006615,1.2310784127754149,1.0,0.0,0.7023809523809524,2.5118701550387597,1.0,1.0,1.0,1.0,1.0,1.0,1.0,0.6666666666666666,1.0,109.0,1.591374158859253
1139,E4_DELETE,0.6666666666666666,0.5,0.0,1.0,1.0,1.0,0.20000000000000004,3.0,0.75,0.0,0.6614378277661477,0.6614378277661477,1.210607794406086,1.0,0.0,0.7678571428571429,2.7674418604651163,1.0,1.0,1.0,1.0,1.0,1.0,1.0,0.5,1.0,109.0,1.4946258862813313
1139,E4_REVERSE,0.6,0.8333333333333334,0.16666666666666666,1.0,1.0,1.0,0.1818181818181818,6.333333333333333,0.3333333333333333,0.05263157894736842,0.8032947318180046,1.031779261820964,1.0906732165046897,1.0,0.0,0.5119047619047619,1.9555860805860805,1.0,1.0,1.0,1.0,1.0,1.0,1.0,1.0,1.0,109.0,1.4290265242258708
1139,E5_DELETE,0.6666666666666666,0.5,0.0,1.0,1.0,1.0,0.20000000000000004,1.0,1.0,0.0,0.43301270189221935,0.43301270189221935,1.356203065626297,1.0,0.0,1.0,3.142857142857143,1.0,1.0,1.0,1.0,1.0,1.0,1.0,0.5,1.0,109.0,1.4233646392822266
1139,E5_REVERSE,0.6,0.5,0.0,1.0,1.0,1.0,0.1818181818181818,1.0,1.0,0.0,0.4841229182759272,0.6959705453537527,1.46557123187677,1.0,0.0,1.0,3.0714285714285716,1.0,1.0,1.0,1.0,1.0,1.0,1.0,0.5,1.0,109.0,1.6050055027008057
1139,E6_DELETE,0.6666666666666666,1.0,0.5,1.0,1.0,1.0,0.20000000000000004,4.0,0.625,0.0,0.6614378277661477,0.6614378277661477,1.4142135623730951,1.0,0.0,0.6785714285714285,2.4210526315789473,1.0,1.0,1.0,1.0,1.0,1.0,1.0,1.0,1.0,109.0,1.5223828951517742
1139,E6_REVERSE,0.6,0.6666666666666666,0.5,1.0,1.0,1.0,0.1818181818181818,4.0,0.625,0.0,0.8569568250501304,0.4841229182759272,1.4142135623730956,1.0,0.0,0.6785714285714285,2.3157894736842106,1.0,1.0,1.0,1.0,1.0,1.0,1.0,0.38888888888888884,1.0,109.0,1.409793535868327
1139,E7_DELETE,0.7777777777777778,0.6666666666666666,0.6666666666666666,0.0,1.0,1.0,0.06666666666666667,3.3333333333333335,0.7083333333333334,0.0,0.76370716402805,0.819613287302284,1.2918134422966288,0.3333333333333333,0.0,0.6904761904761906,2.4415520171334126,1.0,1.0,1.0,1.0,0.8333333333333334,1.0,1.0,1.0,1.0,109.0,1.5956477324167888
1139,E7_REVERSE,0.8000000000000002,1.0,1.0,0.0,1.0,0.6666666666666666,0.0,4.0,0.625,0.13241106719367587,0.8569568250501304,0.6959705453537527,1.189207115002722,0.0,0.0,0.6785714285714285,2.263157894736842,1.0,1.0,1.0,0.3333333333333333,0.8333333333333334,0.8000000000000002,1.0,1.0,1.0,109.0,1.6345725059509277
1139,E8_DELETE,0.7777777777777778,0.5,0.6666666666666666,1.0,1.0,1.0,0.20000000000000004,1.6666666666666667,0.9166666666666666,0.0,0.509154410516862,0.5650605337910962,1.4141015155836227,1.0,0.0,0.9226190476190476,2.837763012181617,1.0,1.0,1.0,1.0,1.0,1.0,1.0,0.6666666666666666,1.0,109.0,1.4513691266377766
1139,E8_REVERSE,0.8000000000000002,0.5,0.6666666666666666,1.0,1.0,1.0,0.1818181818181818,1.6666666666666667,0.9166666666666666,0.0,0.5547387939685356,0.6084008872006615,1.4761625992372032,1.0,0.0,0.9226190476190476,2.6960132890365447,1.0,1.0,1.0,1.0,1.0,1.0,1.0,0.6666666666666666,1.0,109.0,1.4799625873565674
1139,E9_DELETE,0.7777777777777778,0.5,0.5,1.0,1.0,1.0,0.0,1.0,1.0,0.0,0.43301270189221935,0.43301270189221935,1.2106077944060862,0.0,0.0,1.0,3.0714285714285716,1.0,1.0,1.0,1.0,1.0,1.0,1.0,0.5,1.0,109.0,1.6404307683308919
1139,E9_REVERSE,0.8000000000000002,0.0,0.0,0.0,1.0,0.6666666666666666,0.0,3.0,0.75,0.391304347826087,0.8569568250501304,0.4841229182759272,1.3415037626305804,0.0,2.0,0.7678571428571429,2.4651162790697674,1.0,1.0,1.0,1.0,1.0,1.0,1.0,0.5,1.0,109.0,1.9100522994995117
1139,F_SURFACE_FORMAT_CONTROL,0.6999999999999998,0.5,0.8333333333333334,1.0,1.0,1.0,0.1818181818181818,2.3333333333333335,0.8333333333333334,0.0,0.6253546696611442,0.732678856125396,1.530887971121332,1.0,0.0,0.8452380952380952,2.5182724252491693,1.0,1.0,1.0,1.0,1.0,1.0,1.0,0.8333333333333334,1.0,109.0,1.4205100536346436
1139,G_RANDOM_CONTROL,0.4000000000000001,0.3333333333333333,0.0,1.0,0.5,0.5,0.30303030303030304,6.333333333333333,0.25,0.0,0.6959705453537527,0.7496326385858786,1.0,1.6666666666666667,0.0,0.43452380952380953,1.6927899686520373,1.0,1.0,1.0,1.0,1.0,0.8571428571428571,1.0,0.4444444444444444,1.0,109.0,1.4573087692260742
1139,I_ISOMORPHIC_RELABEL,0.6999999999999998,0.5,0.5,1.0,1.0,1.0,0.1818181818181818,1.0,1.0,0.0,0.4841229182759272,0.4841229182759272,1.4851159653039219,1.0,0.0,1.0,2.857142857142857,1.0,1.0,1.0,1.0,1.0,1.0,1.0,0.5,1.0,109.0,1.3219927151997883
1139,L_FORWARD_CONTROL,1.0,0.6666666666666666,0.6666666666666666,0.0,1.0,0.6666666666666666,0.0,5.666666666666667,0.4166666666666667,0.13636363636363635,0.7496326385858786,0.7496326385858786,0.7312863704404071,0.0,0.3333333333333333,0.5714285714285715,1.9415204678362574,1.0,1.0,1.0,1.0,0.6666666666666666,0.8333333333333334,1.0,1.0,1.0,109.0,2.1343159675598145
1139,M0_SWITCH_NEUTRALIZED,0.6999999999999998,0.5,0.5,1.0,1.0,1.0,0.0,1.0,1.0,0.14285714285714285,0.6959705453537527,0.4841229182759272,1.2953328187743716,0.0,0.0,1.0,3.089285714285714,1.0,1.0,1.0,0.0,0.0,1.0,1.0,0.5,1.0,109.0,1.7207849025726318
1139,M_SWITCH_REASSIGNED,0.6999999999999998,0.8333333333333334,1.0,0.0,1.0,0.38888888888888884,0.1818181818181818,3.0,0.75,0.30526315789473685,0.8569568250501304,0.6959705453537527,1.5663832772661939,1.0,1.0,0.7678571428571429,2.4573643410852712,1.0,1.0,1.0,1.0,0.5,0.8000000000000002,1.0,1.0,1.0,109.0,1.707460880279541
1139,O_ORDER_SHUFFLED,0.5,0.5,1.0,1.0,0.5,1.0,0.1818181818181818,3.0,0.75,0.0,0.6959705453537527,0.8569568250501304,1.5537739740300374,1.0,0.0,0.7678571428571429,2.3488372093023258,1.0,1.0,1.0,1.0,1.0,1.0,1.0,1.0,1.0,109.0,1.4593443075815837
1139,P_ANCHOR_REASSIGNED,0.6999999999999998,0.5,0.5,1.0,1.0,1.0,0.1818181818181818,1.0,1.0,0.0,0.4841229182759272,0.4841229182759272,1.4851159653039219,1.0,0.0,1.0,2.857142857142857,1.0,1.0,1.0,1.0,1.0,1.0,1.0,0.5,1.0,109.0,1.5100595156351726
1139,R_DEGREE_MATCHED_REWIRE,0.6,0.8333333333333334,0.8333333333333334,1.0,0.8333333333333334,0.8333333333333334,0.1818181818181818,2.3333333333333335,0.8333333333333334,0.17361111111111108,0.6253546696611442,0.732678856125396,1.4890265975436954,1.0,1.0,0.8452380952380952,2.604097452934662,1.0,1.0,1.0,1.0,1.0,1.0,1.0,0.8333333333333334,1.0,109.0,1.5469377835591633
1139,T_TERMINAL_CHANGED,0.6999999999999998,0.5,0.6666666666666666,1.0,1.0,1.0,0.1818181818181818,1.6666666666666667,0.9166666666666666,0.0,0.5547387939685356,0.6084008872006615,1.5080019682126269,1.0,0.0,0.9226190476190476,2.6877076411960132,1.0,1.0,1.0,1.0,1.0,1.0,1.0,0.5,0.0,109.0,1.781063397725423
1139,X_COMPLEXITY_MATCHED,0.6,1.0,0.5,1.0,0.3333333333333333,1.0,0.0,2.0,0.875,0.375,0.8569568250501304,0.4841229182759272,1.4945301804796705,0.0,2.0,0.875,2.5306122448979593,1.0,1.0,1.0,1.0,1.0,1.0,1.0,0.3333333333333333,1.0,109.0,1.520493507385254
1139,Y_TOPOLOGY_MATCHED,0.4000000000000001,0.8333333333333334,0.8333333333333334,1.0,0.5,0.8888888888888888,0.1818181818181818,2.6666666666666665,0.7916666666666666,0.37272727272727274,0.9470901027828579,0.8032947318180046,1.6439001594857559,1.0,1.0,0.6785714285714285,2.328042328042328,1.0,1.0,1.0,1.0,1.0,1.0,1.0,0.4444444444444444,1.0,109.0,1.6609411239624023
1140,A_AUTHENTIC,0.6999999999999998,0.8333333333333334,0.8333333333333334,1.0,1.0,1.0,0.1818181818181818,3.0,0.75,0.10526315789473684,0.732678856125396,0.6253546696611442,1.4378476966833709,1.0,0.0,0.7857142857142857,2.3909774436090228,1.0,1.0,1.0,1.0,1.0,1.0,1.0,0.8333333333333334,1.0,109.0,1.8706767559051514
1140,D_ALL_DIRECTION_REVERSED,0.3,0.6666666666666666,0.8333333333333334,0.0,0.0,1.0,0.12121212121212122,2.6666666666666665,0.7916666666666666,0.043478260869565216,0.8032947318180046,0.7496326385858786,1.4848928003869808,0.6666666666666666,0.0,0.8035714285714285,2.5182724252491693,1.0,1.0,1.0,1.0,0.8333333333333334,1.0,1.0,0.5,1.0,109.0,1.822125514348348
1140,E0_DELETE,0.6666666666666666,0.5,1.0,1.0,1.0,1.0,0.20000000000000004,3.0,0.75,0.0,0.6614378277661477,0.9682458365518544,1.5537739740300365,1.0,0.0,0.6428571428571429,2.138888888888889,1.0,1.0,1.0,1.0,1.0,1.0,1.0,1.0,1.0,109.0,1.8286930720011394
1140,E0_REVERSE,0.6,0.6666666666666666,0.8333333333333334,1.0,0.75,0.5,0.1818181818181818,3.6666666666666665,0.6666666666666666,0.05263157894736842,0.6790167628932702,0.8934280095507319,1.4607336995920759,1.0,0.0,0.6666666666666666,2.1670843776106934,1.0,1.0,1.0,1.0,1.0,1.0,1.0,0.8333333333333334,1.0,109.0,1.9325402577718098
1140,E1_DELETE,0.6666666666666666,0.5,0.6666666666666666,1.0,1.0,0.6666666666666666,0.20000000000000004,4.0,0.625,0.0,0.509154410516862,0.76370716402805,1.4142135623730947,1.0,0.0,0.636904761904762,2.291454442558008,1.0,1.0,1.0,1.0,1.0,1.0,1.0,0.6666666666666666,1.0,109.0,1.5391041437784831
1140,E1_REVERSE,0.6,0.6666666666666666,0.5,1.0,0.75,1.0,0.24242424242424243,3.6666666666666665,0.6666666666666666,0.0,0.5547387939685356,0.6959705453537527,1.4424733292923744,1.3333333333333333,0.0,0.7083333333333334,2.3031415748674013,1.0,1.0,1.0,1.0,1.0,1.0,1.0,0.6666666666666666,1.0,109.0,1.6520466009775798
1140,E2_DELETE,0.6666666666666666,0.8333333333333334,0.6666666666666666,1.0,1.0,0.5,0.20000000000000004,5.0,0.5,0.0,0.6614378277661477,0.8755194105765179,1.2720196495140688,1.0,0.0,0.5535714285714286,2.0516273849607183,1.0,1.0,1.0,1.0,1.0,1.0,1.0,1.0,1.0,109.0,1.5367271105448406
1140,E2_REVERSE,0.6,0.6666666666666666,0.6666666666666666,1.0,0.75,1.0,0.1818181818181818,5.0,0.5,0.05263157894736842,0.8032947318180046,0.9867126229546002,1.2720196495140692,1.0,0.0,0.5595238095238095,1.9948504654387005,1.0,1.0,1.0,1.0,1.0,1.0,1.0,0.8333333333333334,1.0,109.0,1.7378695011138916
1140,E3_DELETE,0.6666666666666666,0.5,0.0,1.0,1.0,0.6666666666666666,0.20000000000000004,3.0,0.75,0.0,0.6614378277661477,0.43301270189221935,1.2106077944060876,1.0,0.0,0.7678571428571429,2.7674418604651163,1.0,1.0,1.0,1.0,1.0,1.0,1.0,0.5,1.0,109.0,1.8287901083628337
1140,E3_REVERSE,0.6,0.5,0.0,1.0,0.75,1.0,0.1818181818181818,3.0,0.75,0.0,0.8569568250501304,0.4841229182759272,1.2106077944060876,1.0,0.0,0.7678571428571429,2.7209302325581395,1.0,1.0,1.0,1.0,1.0,1.0,1.0,0.5,1.0,109.0,1.6663305759429932
1140,E4_DELETE,0.6666666666666666,0.5,0.0,1.0,1.0,1.0,0.20000000000000004,3.0,0.75,0.0,0.6614378277661477,0.6614378277661477,1.210607794406086,1.0,0.0,0.7678571428571429,2.7674418604651163,1.0,1.0,1.0,1.0,1.0,1.0,1.0,0.5,1.0,109.0,2.1627305348714194
1140,E4_REVERSE,0.6,0.5,0.0,1.0,1.0,1.0,0.1818181818181818,3.0,0.75,0.0,0.6959705453537527,0.8569568250501304,1.210607794406086,1.0,0.0,0.7678571428571429,2.7209302325581395,1.0,1.0,1.0,1.0,1.0,1.0,1.0,0.5,1.0,109.0,1.6821811993916829
1140,E5_DELETE,0.6666666666666666,0.8333333333333334,0.5,1.0,1.0,1.0,0.20000000000000004,3.6666666666666665,0.6666666666666666,0.13333333333333333,0.7732500743146158,0.7173439510403817,1.3194176204670784,1.0,0.0,0.7083333333333334,2.4549163606691145,1.0,1.0,1.0,1.0,1.0,1.0,1.0,1.0,1.0,109.0,1.6599045594533284
1140,E5_REVERSE,0.6,0.5,0.0,1.0,1.0,1.0,0.1818181818181818,1.0,1.0,0.0,0.4841229182759272,0.6959705453537527,1.46557123187677,1.0,0.0,1.0,3.0714285714285716,1.0,1.0,1.0,1.0,1.0,1.0,1.0,0.5,1.0,109.0,1.4775936603546143
1140,E6_DELETE,0.6666666666666666,1.0,0.5,1.0,1.0,1.0,0.20000000000000004,4.0,0.625,0.0,0.6614378277661477,0.6614378277661477,1.4142135623730951,1.0,0.0,0.6785714285714285,2.4210526315789473,1.0,1.0,1.0,1.0,1.0,1.0,1.0,1.0,1.0,109.0,1.5745816230773926
1140,E6_REVERSE,0.6,1.0,0.5,1.0,1.0,1.0,0.3636363636363636,3.0,0.75,0.0,0.8569568250501304,0.4841229182759272,1.618033988749895,2.0,0.0,0.7678571428571429,2.488372093023256,1.0,1.0,1.0,1.0,1.0,1.0,1.0,0.5,1.0,109.0,1.3625539143880208
1140,E7_DELETE,0.7777777777777778,0.5,0.5,0.0,1.0,1.0,0.20000000000000004,3.0,0.75,0.0,0.6614378277661477,0.6614378277661477,1.3562030656262973,1.0,0.0,0.6607142857142857,2.5405405405405403,1.0,1.0,1.0,1.0,1.0,0.8000000000000002,1.0,1.0,1.0,109.0,1.7868316173553467
1140,E7_REVERSE,0.8000000000000002,0.0,0.5,0.0,1.0,1.0,0.1818181818181818,4.0,0.625,0.15,1.1110243021644486,0.4841229182759272,1.4142135623730943,1.0,0.0,0.6428571428571429,2.2222222222222223,1.0,1.0,1.0,1.0,0.5,1.0,1.0,0.5,1.0,109.0,1.5365967750549316
1140,E8_DELETE,0.7777777777777778,0.5,0.5,1.0,1.0,1.0,0.20000000000000004,1.0,1.0,0.0,0.43301270189221935,0.43301270189221935,1.3883666574370508,1.0,0.0,1.0,3.035714285714286,1.0,1.0,1.0,1.0,1.0,1.0,1.0,0.5,1.0,109.0,1.5714442729949951
1140,E8_REVERSE,0.8000000000000002,0.6666666666666666,1.0,1.0,1.0,1.0,0.1818181818181818,3.6666666666666665,0.6666666666666666,0.05263157894736842,0.7496326385858786,0.8032947318180046,1.4598558658580478,1.0,0.0,0.7142857142857143,2.201550387596899,1.0,1.0,1.0,1.0,1.0,1.0,1.0,1.0,1.0,109.0,2.2412683169047036
1140,E9_DELETE,0.7777777777777778,0.5,0.5,1.0,1.0,1.0,0.0,1.0,1.0,0.0,0.43301270189221935,0.43301270189221935,1.2106077944060862,0.0,0.0,1.0,3.0714285714285716,1.0,1.0,1.0,1.0,1.0,1.0,1.0,0.5,1.0,109.0,1.6408394972483318
1140,E9_REVERSE,0.8000000000000002,0.0,0.0,0.0,1.0,1.0,0.0,3.0,0.75,0.391304347826087,0.8569568250501304,0.6959705453537527,1.4655712318767697,0.0,2.0,0.7678571428571429,2.558139534883721,1.0,1.0,1.0,1.0,1.0,1.0,1.0,0.5,1.0,109.0,1.715077002843221
1140,F_SURFACE_FORMAT_CONTROL,0.6999999999999998,0.5,1.0,1.0,1.0,1.0,0.1818181818181818,3.0,0.75,0.0,0.6959705453537527,0.8569568250501304,1.5537739740300374,1.0,0.0,0.7678571428571429,2.3488372093023258,1.0,1.0,1.0,1.0,1.0,1.0,1.0,1.0,1.0,109.0,1.7193113168080647
1140,G_RANDOM_CONTROL,0.3,1.0,0.6666666666666666,1.0,0.5,0.6,0.1818181818181818,4.333333333333333,0.5,0.2847222222222222,0.6084008872006615,0.9020234639164942,1.1471627230705062,1.0,0.6666666666666666,0.5595238095238094,2.129807692307692,1.0,1.0,1.0,1.0,1.0,0.8000000000000002,1.0,0.3333333333333333,1.0,109.0,1.5823229948679607
1140,I_ISOMORPHIC_RELABEL,0.6999999999999998,0.5,0.5,1.0,1.0,1.0,0.1818181818181818,1.0,1.0,0.0,0.4841229182759272,0.4841229182759272,1.4851159653039219,1.0,0.0,1.0,2.857142857142857,1.0,1.0,1.0,1.0,1.0,1.0,1.0,0.5,1.0,109.0,1.4640076955159504
1140,L_FORWARD_CONTROL,1.0,0.8333333333333334,0.8333333333333334,0.0,1.0,0.6666666666666666,0.0,6.0,0.375,0.21212121212121213,1.0978851370841236,0.732678856125396,0.44157265241491567,0.0,0.0,0.5535714285714285,1.9109461966604824,1.0,1.0,1.0,1.0,0.8333333333333334,1.0,1.0,0.8333333333333334,1.0,109.0,1.7846916516621907
1140,M0_SWITCH_NEUTRALIZED,0.6999999999999998,0.3333333333333333,0.3333333333333333,1.0,1.0,1.0,0.06060606060606061,1.0,1.0,0.09523809523809523,0.6253546696611442,0.4841229182759272,1.2969250179835121,0.3333333333333333,0.0,1.0,3.142857142857143,1.0,1.0,1.0,0.0,0.0,1.0,1.0,0.5,1.0,109.0,1.8516834576924641
1140,M_SWITCH_REASSIGNED,0.6999999999999998,1.0,1.0,0.0,1.0,0.6666666666666666,0.0,3.0,0.75,0.48,0.6959705453537527,0.6959705453537527,1.618033988749896,0.0,4.0,0.7678571428571429,2.441860465116279,1.0,1.0,1.0,1.0,0.5,1.0,1.0,1.0,1.0,109.0,1.8158171971638997
1140,O_ORDER_SHUFFLED,0.6,0.6666666666666666,1.0,0.0,0.75,1.0,0.1818181818181818,3.3333333333333335,0.7083333333333334,0.0,0.6959705453537527,0.8032947318180046,1.5072538368110564,1.0,0.0,0.7380952380952381,2.3202774377804976,1.0,1.0,1.0,1.0,1.0,1.0,1.0,1.0,0.5714285714285714,109.0,1.7383848031361897
1140,P_ANCHOR_REASSIGNED,0.6999999999999998,0.5,1.0,1.0,1.0,1.0,0.1818181818181818,3.0,0.75,0.0,0.6959705453537527,0.8569568250501304,1.5537739740300374,1.0,0.0,0.7678571428571429,2.3488372093023258,1.0,1.0,1.0,1.0,1.0,1.0,1.0,1.0,1.0,109.0,2.3123511473337808
1140,R_DEGREE_MATCHED_REWIRE,0.3,1.0,0.5,1.0,0.75,0.3333333333333333,0.1818181818181818,5.0,0.5,0.3,0.6959705453537527,0.8569568250501304,1.4655712318767657,1.0,1.0,0.6071428571428571,2.0588235294117645,1.0,1.0,1.0,1.0,1.0,1.0,1.0,1.0,1.0,109.0,1.689391056696574
1140,T_TERMINAL_CHANGED,0.6999999999999998,0.5,0.6666666666666666,1.0,1.0,1.0,0.1818181818181818,1.6666666666666667,0.9166666666666666,0.0,0.5547387939685356,0.6084008872006615,1.5080019682126269,1.0,0.0,0.9226190476190476,2.6877076411960132,1.0,1.0,1.0,1.0,1.0,1.0,1.0,0.5,0.0,109.0,3.383488178253174
1140,X_COMPLEXITY_MATCHED,0.4000000000000001,0.8333333333333334,0.0,1.0,0.4166666666666667,0.7222222222222222,0.0,2.3333333333333335,0.8333333333333334,0.17786561264822134,0.6253546696611442,0.6084008872006615,1.3495073675567653,0.0,1.0,0.8392857142857143,2.5476981490270525,1.0,1.0,1.0,1.0,1.0,1.0,1.0,0.3055555555555555,1.0,109.0,1.6667505105336506
1140,Y_TOPOLOGY_MATCHED,0.5,0.6666666666666666,0.6666666666666666,1.0,0.25,0.6666666666666666,0.0,3.3333333333333335,0.7083333333333334,0.30434782608695654,0.9470901027828579,0.5547387939685356,1.2338801957818888,0.0,0.0,0.7202380952380952,2.4255684255684256,1.0,1.0,1.0,1.0,1.0,1.0,1.0,0.6666666666666666,1.0,109.0,1.7098881403605144
1141,A_AUTHENTIC,0.6999999999999998,0.8333333333333334,0.8333333333333334,1.0,1.0,1.0,0.1818181818181818,3.0,0.75,0.05263157894736842,0.6790167628932702,0.6253546696611442,1.4378476966833709,1.0,0.0,0.7857142857142857,2.4085213032581456,1.0,1.0,1.0,1.0,1.0,1.0,1.0,0.8333333333333334,1.0,109.0,1.61239488919576
1141,D_ALL_DIRECTION_REVERSED,0.3,0.8333333333333334,0.6666666666666666,0.0,0.0,1.0,0.12121212121212122,2.3333333333333335,0.8333333333333334,0.0,0.7496326385858786,0.6959705453537527,1.3668155914200864,0.6666666666666666,0.0,0.8392857142857143,2.741813004271476,1.0,1.0,1.0,1.0,0.5,1.0,1.0,0.4444444444444444,1.0,109.0,1.5053186416625977
1141,E0_DELETE,0.6666666666666666,0.6666666666666666,0.5,1.0,1.0,1.0,0.20000000000000004,4.0,0.625,0.0,0.6614378277661477,0.6614378277661477,1.4142135623730951,1.0,0.0,0.6785714285714285,2.3859649122807016,1.0,1.0,1.0,1.0,1.0,1.0,1.0,0.6666666666666666,1.0,109.0,1.5801575978597004
1141,E0_REVERSE,0.6,0.5,0.5,1.0,0.75,1.0,0.1818181818181818,4.0,0.625,0.0,0.6959705453537527,0.6959705453537527,1.4142135623730951,1.0,0.0,0.6785714285714285,2.263157894736842,1.0,1.0,1.0,1.0,1.0,1.0,1.0,0.5,1.0,109.0,1.3994451363881428
1141,E1_DELETE,0.6666666666666666,0.8333333333333334,0.6666666666666666,1.0,1.0,0.6666666666666666,0.20000000000000004,4.0,0.625,0.0,0.6614378277661477,0.76370716402805,1.4142135623730951,1.0,0.0,0.636904761904762,2.291454442558008,1.0,1.0,1.0,1.0,1.0,1.0,1.0,1.0,1.0,109.0,2.7809394200642905
1141,E1_REVERSE,0.6,0.8333333333333334,0.6666666666666666,1.0,0.8333333333333334,0.5833333333333334,0.24242424242424243,3.6666666666666665,0.6666666666666666,0.05555555555555555,0.6253546696611442,0.7946992774522422,1.4424733292923746,1.3333333333333333,0.0,0.6666666666666666,2.265224200787039,1.0,1.0,1.0,1.0,1.0,1.0,1.0,0.8333333333333334,1.0,109.0,1.9264930884043376
1141,E2_DELETE,0.6666666666666666,0.5,0.5,1.0,1.0,0.5,0.20000000000000004,5.0,0.5,0.0,0.43301270189221935,0.6614378277661477,1.2720196495140697,1.0,0.0,0.6071428571428571,2.2941176470588234,1.0,1.0,1.0,1.0,1.0,1.0,1.0,0.5,1.0,109.0,1.4566601117451985
1141,E2_REVERSE,0.6,0.6666666666666666,0.5,1.0,0.75,0.6666666666666666,0.24242424242424243,4.666666666666667,0.5416666666666666,0.0,0.7496326385858786,0.8569568250501304,1.3659377576860587,1.3333333333333333,0.0,0.6309523809523809,2.2755417956656347,1.0,1.0,1.0,1.0,1.0,1.0,1.0,0.6666666666666666,1.0,109.0,1.6790753205617268
1141,E3_DELETE,0.6666666666666666,0.5,0.0,1.0,1.0,0.6666666666666666,0.20000000000000004,3.0,0.75,0.0,0.6614378277661477,0.43301270189221935,1.2106077944060876,1.0,0.0,0.7678571428571429,2.7674418604651163,1.0,1.0,1.0,1.0,1.0,1.0,1.0,0.5,1.0,109.0,1.8892632325490315
1141,E3_REVERSE,0.6,0.5,0.0,1.0,0.75,1.0,0.1818181818181818,3.0,0.75,0.0,0.8569568250501304,0.4841229182759272,1.2106077944060876,1.0,0.0,0.7678571428571429,2.7209302325581395,1.0,1.0,1.0,1.0,1.0,1.0,1.0,0.5,1.0,109.0,1.5528849760691326
1141,E4_DELETE,0.6666666666666666,1.0,0.16666666666666666,1.0,1.0,1.0,0.20000000000000004,5.0,0.5,0.0,0.7173439510403817,0.7173439510403817,1.2761423749153968,1.0,0.0,0.6071428571428572,2.2935222672064777,1.0,1.0,1.0,1.0,1.0,1.0,1.0,1.0,1.0,109.0,1.8543412685394287
1141,E4_REVERSE,0.6,0.5,0.0,1.0,1.0,1.0,0.1818181818181818,3.0,0.75,0.0,0.6959705453537527,0.8569568250501304,1.210607794406086,1.0,0.0,0.7678571428571429,2.7209302325581395,1.0,1.0,1.0,1.0,1.0,1.0,1.0,0.5,1.0,109.0,1.7049671014149983
1141,E5_DELETE,0.6666666666666666,0.6666666666666666,0.16666666666666666,1.0,1.0,1.0,0.20000000000000004,2.0,0.875,0.06666666666666667,0.5650605337910962,0.509154410516862,1.3281419269222214,1.0,0.0,0.8928571428571429,2.884711779448621,1.0,1.0,1.0,1.0,1.0,1.0,1.0,0.6666666666666666,1.0,109.0,1.593182881673177
1141,E5_REVERSE,0.6,0.5,0.0,1.0,1.0,1.0,0.1818181818181818,1.0,1.0,0.0,0.4841229182759272,0.6959705453537527,1.46557123187677,1.0,0.0,1.0,3.0714285714285716,1.0,1.0,1.0,1.0,1.0,1.0,1.0,0.5,1.0,109.0,1.5591823259989421
1141,E6_DELETE,0.6666666666666666,1.0,0.5,1.0,1.0,1.0,0.20000000000000004,4.0,0.625,0.0,0.6614378277661477,0.6614378277661477,1.4142135623730951,1.0,0.0,0.6785714285714285,2.4210526315789473,1.0,1.0,1.0,1.0,1.0,1.0,1.0,1.0,1.0,109.0,1.5767631530761719
1141,E6_REVERSE,0.6,0.5,0.5,1.0,0.8333333333333334,0.6190476190476191,0.1818181818181818,4.0,0.625,0.0,0.8569568250501304,0.4841229182759272,1.4142135623730956,1.0,0.0,0.6785714285714285,2.3157894736842106,1.0,1.0,1.0,1.0,1.0,1.0,1.0,0.3333333333333333,1.0,109.0,1.4344562689463298
1141,E7_DELETE,0.7777777777777778,0.5,0.5,0.0,1.0,1.0,0.0,3.6666666666666665,0.6666666666666666,0.05555555555555555,0.82915619758885,0.7173439510403817,1.1813464330093801,0.0,0.0,0.6071428571428571,2.324324324324324,1.0,1.0,1.0,1.0,1.0,0.8000000000000002,1.0,1.0,1.0,109.0,1.84331218401591
1141,E7_REVERSE,0.8000000000000002,0.3333333333333333,0.3333333333333333,0.0,1.0,1.0,0.0,4.0,0.625,0.2193675889328063,0.9470901027828579,0.7496326385858786,1.2495338603182784,0.0,0.0,0.5892857142857143,2.222222222222222,1.0,1.0,1.0,1.0,0.8333333333333334,0.8000000000000002,1.0,1.0,1.0,109.0,2.071866432825724
1141,E8_DELETE,0.7777777777777778,0.5,0.8333333333333334,1.0,1.0,1.0,0.20000000000000004,2.3333333333333335,0.8333333333333334,0.0,0.5852961191415048,0.697108365689973,1.439836373730195,1.0,0.0,0.8452380952380952,2.6398117386489477,1.0,1.0,1.0,1.0,1.0,1.0,1.0,0.8333333333333334,1.0,109.0,1.409480333328247
1141,E8_REVERSE,0.8000000000000002,0.6666666666666666,0.6666666666666666,1.0,1.0,0.8333333333333334,0.1818181818181818,2.3333333333333335,0.8333333333333334,0.0,0.5547387939685356,0.5547387939685356,1.3822444910652136,1.0,0.0,0.8690476190476191,2.634453781512605,1.0,1.0,1.0,1.0,1.0,1.0,1.0,0.6666666666666666,1.0,109.0,1.7130626837412517
1141,E9_DELETE,0.7777777777777778,0.5,0.5,1.0,1.0,1.0,0.0,1.0,1.0,0.0,0.43301270189221935,0.43301270189221935,1.2106077944060862,0.0,0.0,1.0,3.0714285714285716,1.0,1.0,1.0,1.0,1.0,1.0,1.0,0.5,1.0,109.0,1.7428478399912517
1141,E9_REVERSE,0.8000000000000002,0.6666666666666666,1.0,1.0,1.0,1.0,0.12121212121212122,5.0,0.5,0.32763157894736844,0.6959705453537527,0.9020234639164942,1.319444988665531,0.6666666666666666,0.6666666666666666,0.6071428571428571,2.0980392156862746,1.0,1.0,1.0,1.0,0.8333333333333334,1.0,1.0,1.0,1.0,109.0,2.3292481899261475
1141,F_SURFACE_FORMAT_CONTROL,0.6999999999999998,1.0,1.0,1.0,1.0,1.0,0.1818181818181818,4.0,0.625,0.15789473684210525,0.8569568250501304,0.6959705453537527,1.4142135623730951,1.0,0.0,0.6785714285714285,2.1578947368421053,1.0,1.0,1.0,1.0,1.0,1.0,1.0,1.0,1.0,109.0,1.3326586882273357
1141,G_RANDOM_CONTROL,0.6,0.5,0.5,1.0,0.8333333333333334,0.8888888888888888,0.0,3.0,0.75,0.375,1.1110243021644486,0.4841229182759272,1.3802775690976137,0.0,1.0,0.75,2.4047619047619047,1.0,1.0,1.0,1.0,1.0,1.0,1.0,0.5,1.0,109.0,2.8107429345448813
1141,I_ISOMORPHIC_RELABEL,0.6999999999999998,0.6666666666666666,1.0,1.0,1.0,1.0,0.1818181818181818,3.3333333333333335,0.7083333333333334,0.0,0.6959705453537527,0.8032947318180046,1.5072538368110564,1.0,0.0,0.7380952380952381,2.302733578131375,1.0,1.0,1.0,1.0,1.0,1.0,1.0,1.0,1.0,109.0,2.2051567236582437
1141,L_FORWARD_CONTROL,1.0,0.3333333333333333,0.3333333333333333,0.0,1.0,0.5,0.0,5.0,0.5,0.2727272727272727,0.5547387939685356,0.8569568250501304,1.2207440846057587,0.0,1.0,0.6071428571428571,2.107843137254902,1.0,1.0,1.0,1.0,0.8333333333333334,1.0,1.0,1.0,1.0,109.0,1.7443074385325115
1141,M0_SWITCH_NEUTRALIZED,0.6999999999999998,0.5,0.6666666666666666,1.0,1.0,1.0,0.1818181818181818,3.0,0.75,0.10526315789473684,0.7777454949917596,0.6253546696611442,1.3761788470493281,1.0,0.0,0.7857142857142857,2.6622807017543857,1.0,1.0,1.0,0.0,0.0,1.0,1.0,0.8333333333333334,1.0,109.0,2.0912864208221436
1141,M_SWITCH_REASSIGNED,0.6999999999999998,1.0,1.0,0.0,1.0,0.6666666666666666,0.0,6.0,0.375,0.2857142857142857,0.9921567416492215,0.6959705453537527,1.0000000000000009,0.0,1.0,0.42857142857142855,1.75,1.0,1.0,1.0,1.0,1.0,1.0,1.0,1.0,1.0,109.0,1.5491910775502522
1141,O_ORDER_SHUFFLED,0.5,1.0,1.0,0.0,0.5,0.42857142857142855,0.1818181818181818,4.0,0.625,0.21052631578947367,0.6959705453537527,0.7496326385858786,1.4821537044986954,1.0,0.3333333333333333,0.6785714285714285,2.210526315789474,1.0,1.0,1.0,1.0,1.0,1.0,1.0,1.0,1.0,109.0,1.6211692492167156
1141,P_ANCHOR_REASSIGNED,0.6999999999999998,0.5,0.5,1.0,1.0,1.0,0.1818181818181818,1.0,1.0,0.0,0.4841229182759272,0.4841229182759272,1.4851159653039219,1.0,0.0,1.0,2.857142857142857,1.0,1.0,1.0,1.0,1.0,1.0,1.0,0.5,1.0,109.0,1.6208646297454834
1141,R_DEGREE_MATCHED_REWIRE,0.4000000000000001,0.6666666666666666,0.6666666666666666,1.0,0.5833333333333334,0.8095238095238096,0.06060606060606061,2.0,0.875,0.13893280632411067,0.6084008872006615,0.6253546696611442,1.4023649640760618,0.3333333333333333,0.0,0.8809523809523809,2.5298410061699097,1.0,1.0,1.0,1.0,1.0,1.0,1.0,0.8333333333333334,1.0,109.0,2.7032221953074136
1141,T_TERMINAL_CHANGED,0.6999999999999998,0.5,0.5,1.0,1.0,1.0,0.1818181818181818,1.6666666666666667,0.9166666666666666,0.0,0.4841229182759272,0.732678856125396,1.50362291967737,1.0,0.0,0.9166666666666666,2.6122448979591835,1.0,1.0,1.0,1.0,1.0,1.0,1.0,0.5,0.0,109.0,1.8076547781626384
1141,X_COMPLEXITY_MATCHED,0.4000000000000001,1.0,1.0,1.0,0.6666666666666666,0.8333333333333334,0.1818181818181818,3.0,0.75,0.0,0.6959705453537527,0.6959705453537527,1.3478678959886528,1.0,0.0,0.7678571428571429,2.488372093023256,1.0,1.0,1.0,1.0,1.0,1.0,1.0,0.3333333333333333,1.0,109.0,1.8438916206359863
1141,Y_TOPOLOGY_MATCHED,0.4000000000000001,1.0,0.5,1.0,0.3333333333333333,0.5873015873015873,0.06060606060606061,2.0,0.875,0.17500000000000002,0.5547387939685356,0.6790167628932702,1.4644185976672002,0.3333333333333333,0.3333333333333333,0.875,2.4489795918367343,1.0,1.0,1.0,1.0,1.0,1.0,1.0,0.5,1.0,109.0,1.5718341668446858
1144,A_AUTHENTIC,0.6999999999999998,0.5,1.0,1.0,1.0,1.0,0.1818181818181818,3.0,0.75,0.0,0.6959705453537527,0.8569568250501304,1.5537739740300374,1.0,0.0,0.7678571428571429,2.3488372093023258,1.0,1.0,1.0,1.0,1.0,1.0,1.0,1.0,1.0,109.0,1.5759571393330891
1144,D_ALL_DIRECTION_REVERSED,0.3,0.3333333333333333,1.0,0.0,0.0,1.0,0.24242424242424243,3.6666666666666665,0.6666666666666666,0.0,0.7496326385858786,0.7496326385858786,1.5402930622280675,1.3333333333333333,0.0,0.7083333333333334,2.3443492452060384,1.0,1.0,1.0,1.0,1.0,1.0,1.0,0.4444444444444444,1.0,109.0,1.9674019018809001
1144,E0_DELETE,0.6666666666666666,0.6666666666666666,1.0,1.0,1.0,1.0,0.20000000000000004,3.3333333333333335,0.7083333333333334,0.05882352941176471,0.76370716402805,0.9218826235641862,1.5072538368110562,1.0,0.0,0.6130952380952381,2.1033452807646356,1.0,1.0,1.0,1.0,1.0,1.0,1.0,1.0,1.0,109.0,1.5601348082224529
1144,E0_REVERSE,0.6,0.5,0.6666666666666666,1.0,1.0,0.6666666666666666,0.1818181818181818,3.6666666666666665,0.6666666666666666,0.0,0.6253546696611442,0.7946992774522422,1.4607336995920759,1.0,0.0,0.7023809523809524,2.2548036758563073,1.0,1.0,1.0,1.0,1.0,1.0,1.0,0.6666666666666666,1.0,109.0,1.5379717350006104
1144,E1_DELETE,0.6666666666666666,0.6666666666666666,0.8333333333333334,1.0,1.0,0.6666666666666666,0.20000000000000004,4.0,0.625,0.0,0.6614378277661477,0.8659765002899521,1.4142135623730951,1.0,0.0,0.5952380952380952,2.1618562535370685,1.0,1.0,1.0,1.0,1.0,1.0,1.0,1.0,1.0,109.0,1.5672086874643962
1144,E1_REVERSE,0.6,0.8333333333333334,0.5,1.0,0.8333333333333334,0.75,0.30303030303030304,3.3333333333333335,0.7083333333333334,0.0,0.6253546696611442,0.6959705453537527,1.4707330962116545,1.6666666666666667,0.0,0.7380952380952381,2.395756833945329,1.0,1.0,1.0,1.0,1.0,1.0,1.0,0.8333333333333334,1.0,109.0,1.708372990290324
1144,E2_DELETE,0.6666666666666666,0.5,1.0,1.0,1.0,0.5,0.20000000000000004,5.0,0.5,0.0,0.6614378277661477,0.9682458365518544,1.2720196495140688,1.0,0.0,0.48214285714285715,1.8518518518518519,1.0,1.0,1.0,1.0,1.0,1.0,1.0,1.0,1.0,109.0,1.7861672242482503
1144,E2_REVERSE,0.6,0.8333333333333334,0.6666666666666666,1.0,0.75,1.0,0.1818181818181818,5.0,0.5,0.10526315789473684,0.8569568250501304,1.031779261820964,1.2720196495140688,1.0,0.0,0.5535714285714286,1.9461279461279462,1.0,1.0,1.0,1.0,1.0,1.0,1.0,1.0,1.0,109.0,1.5293165842692058
1144,E3_DELETE,0.6666666666666666,0.5,0.16666666666666666,1.0,1.0,0.6666666666666666,0.20000000000000004,3.6666666666666665,0.6666666666666666,0.0,0.7173439510403817,0.5650605337910962,1.2310784127754149,1.0,0.0,0.7023809523809524,2.5637112403100777,1.0,1.0,1.0,1.0,1.0,1.0,1.0,0.6666666666666666,1.0,109.0,1.46345853805542
1144,E3_REVERSE,0.6,0.5,0.5,1.0,0.75,1.0,0.1818181818181818,5.0,0.5,0.0,0.9921567416492215,0.8569568250501304,1.2720196495140694,1.0,0.0,0.5714285714285714,2.09375,1.0,1.0,1.0,1.0,1.0,1.0,1.0,1.0,1.0,109.0,1.5591588815053303
1144,E4_DELETE,0.6666666666666666,0.5,0.5,1.0,1.0,1.0,0.20000000000000004,5.0,0.5,0.0,0.82915619758885,0.9682458365518544,1.2720196495140697,1.0,0.0,0.5714285714285714,2.1875,1.0,1.0,1.0,1.0,1.0,1.0,1.0,1.0,1.0,109.0,1.475713570912679
1144,E4_REVERSE,0.6,0.5,0.5,1.0,1.0,1.0,0.1818181818181818,5.0,0.5,0.0,0.8569568250501304,1.1110243021644486,1.2720196495140697,1.0,0.0,0.5714285714285714,2.125,1.0,1.0,1.0,1.0,1.0,1.0,1.0,1.0,1.0,109.0,1.604621171951294
1144,E5_DELETE,0.6666666666666666,0.5,0.5,1.0,1.0,0.8095238095238094,0.20000000000000004,3.0,0.75,0.0,0.6614378277661477,0.82915619758885,1.4142135623730947,1.0,0.0,0.7678571428571429,2.627906976744186,1.0,1.0,1.0,1.0,1.0,1.0,1.0,1.0,1.0,109.0,1.4333271980285645
1144,E5_REVERSE,0.6,0.6666666666666666,0.16666666666666666,1.0,1.0,1.0,0.1818181818181818,2.6666666666666665,0.7916666666666666,0.0,0.6253546696611442,0.8879838908561105,1.4657582359339483,1.0,0.0,0.8154761904761906,2.6737483242991202,1.0,1.0,1.0,1.0,1.0,1.0,1.0,0.8333333333333334,1.0,109.0,2.7253359158833823
1144,E6_DELETE,0.6666666666666666,1.0,0.5,1.0,1.0,0.8333333333333334,0.20000000000000004,4.0,0.625,0.0,0.6614378277661477,0.6614378277661477,1.4142135623730951,1.0,0.0,0.6785714285714285,2.4210526315789473,1.0,1.0,1.0,1.0,1.0,1.0,1.0,1.0,1.0,109.0,1.2550475597381592
1144,E6_REVERSE,0.6,0.8333333333333334,0.6666666666666666,1.0,1.0,1.0,0.30303030303030304,3.0,0.75,0.0,0.9020234639164942,0.4841229182759272,1.5966139838432751,1.6666666666666667,0.0,0.7619047619047619,2.4208194905869322,1.0,1.0,1.0,1.0,1.0,1.0,1.0,0.5,1.0,109.0,1.7716693083445232
1144,E7_DELETE,0.7777777777777778,0.16666666666666666,0.16666666666666666,1.0,1.0,1.0,0.13333333333333333,2.6666666666666665,0.75,0.05882352941176471,0.43301270189221935,0.6614378277661477,1.179046849321051,0.6666666666666666,0.3333333333333333,0.7916666666666666,2.7782312925170065,1.0,1.0,1.0,1.0,0.6666666666666666,0.8000000000000002,1.0,1.0,1.0,109.0,1.6004215081532795
1144,E7_REVERSE,0.8000000000000002,1.0,1.0,0.0,1.0,0.6666666666666666,0.0,4.0,0.625,0.25,0.8569568250501304,0.6959705453537527,1.3532099641993245,0.0,1.0,0.6785714285714285,2.1842105263157894,1.0,1.0,1.0,1.0,0.5,0.8000000000000002,1.0,1.0,1.0,109.0,1.806582768758138
1144,E8_DELETE,0.7777777777777778,0.5,1.0,1.0,1.0,1.0,0.20000000000000004,3.0,0.75,0.0,0.6614378277661477,0.82915619758885,1.4655712318767673,1.0,0.0,0.7678571428571429,2.441860465116279,1.0,1.0,1.0,1.0,1.0,1.0,1.0,1.0,1.0,109.0,1.3382920424143474
1144,E8_REVERSE,0.8000000000000002,0.6666666666666666,1.0,1.0,1.0,1.0,0.1818181818181818,3.6666666666666665,0.6666666666666666,0.05555555555555555,0.6959705453537527,0.8569568250501304,1.4598558658580478,1.0,0.0,0.7142857142857143,2.2407660738714092,1.0,1.0,1.0,1.0,1.0,1.0,1.0,1.0,1.0,109.0,1.5113623142242432
1144,E9_DELETE,0.7777777777777778,0.5,0.5,1.0,1.0,1.0,0.20000000000000004,4.0,0.625,0.0,0.6614378277661477,0.6614378277661477,1.4142135623730951,1.0,0.0,0.6785714285714285,2.4210526315789473,1.0,1.0,1.0,1.0,1.0,1.0,1.0,1.0,1.0,109.0,1.6538316408793132
1144,E9_REVERSE,0.8000000000000002,0.0,0.0,0.0,1.0,1.0,0.0,3.0,0.75,0.25,0.9921567416492215,0.6959705453537527,1.4063669542496335,0.0,1.0,0.75,2.4047619047619047,1.0,1.0,1.0,1.0,0.5,1.0,1.0,0.5,1.0,109.0,1.7277815341949463
1144,F_SURFACE_FORMAT_CONTROL,0.6999999999999998,0.5,1.0,1.0,1.0,1.0,0.1818181818181818,3.0,0.75,0.0,0.6959705453537527,0.8569568250501304,1.5537739740300374,1.0,0.0,0.7678571428571429,2.3488372093023258,1.0,1.0,1.0,1.0,1.0,1.0,1.0,1.0,1.0,109.0,1.5895310242970784
1144,G_RANDOM_CONTROL,0.6999999999999998,0.5,1.0,0.0,0.5,0.5666666666666667,0.1818181818181818,3.0,0.75,0.16666666666666666,0.8569568250501304,0.4841229182759272,1.4291083198381438,1.0,1.0,0.7678571428571429,2.441860465116279,1.0,1.0,1.0,1.0,1.0,1.0,1.0,0.5,1.0,109.0,1.5172619024912517
1144,I_ISOMORPHIC_RELABEL,0.6999999999999998,0.5,0.5,1.0,1.0,1.0,0.1818181818181818,1.0,1.0,0.0,0.4841229182759272,0.4841229182759272,1.4851159653039219,1.0,0.0,1.0,2.857142857142857,1.0,1.0,1.0,1.0,1.0,1.0,1.0,0.5,1.0,109.0,1.5854911804199219
1144,L_FORWARD_CONTROL,1.0,1.0,1.0,0.0,1.0,1.0,0.0,8.0,0.125,0.2727272727272727,0.9921567416492215,0.6959705453537527,0.0,0.0,0.0,0.48214285714285715,1.8148148148148149,1.0,1.0,1.0,0.0,0.5,1.0,1.0,1.0,1.0,109.0,1.3347760836283367
1144,M0_SWITCH_NEUTRALIZED,0.6999999999999998,1.0,1.0,1.0,1.0,1.0,0.12121212121212122,4.0,0.625,0.2591093117408907,0.8569568250501304,0.6959705453537527,1.4409857684086205,0.6666666666666666,0.6666666666666666,0.6785714285714285,2.236842105263158,1.0,1.0,1.0,0.0,0.0,1.0,1.0,1.0,1.0,109.0,1.6008450984954834
1144,M_SWITCH_REASSIGNED,0.6666666666666666,0.8333333333333334,1.0,0.0,0.9166666666666666,0.5,0.1818181818181818,3.6666666666666665,0.6666666666666666,0.2916666666666667,0.8032947318180046,0.9470901027828579,1.6312315914265676,1.0,1.3333333333333333,0.6190476190476191,2.135885885885886,0.9880952380952381,1.0,1.0,1.0,0.3333333333333333,0.8666666666666667,1.0,1.0,1.0,109.0,1.5656134287516277
1144,O_ORDER_SHUFFLED,0.4000000000000001,0.5,1.0,0.0,0.4166666666666667,0.8333333333333334,0.1818181818181818,3.0,0.75,0.0,0.6959705453537527,0.8569568250501304,1.5537739740300374,1.0,0.0,0.7678571428571429,2.3488372093023258,1.0,1.0,1.0,1.0,1.0,1.0,1.0,1.0,0.8571428571428571,109.0,1.6922568480173747
1144,P_ANCHOR_REASSIGNED,0.6999999999999998,0.5,1.0,1.0,1.0,1.0,0.1818181818181818,3.0,0.75,0.0,0.6959705453537527,0.8569568250501304,1.5537739740300374,1.0,0.0,0.7678571428571429,2.3488372093023258,1.0,1.0,1.0,1.0,1.0,1.0,1.0,1.0,1.0,109.0,1.9656554857889812
1144,R_DEGREE_MATCHED_REWIRE,0.4000000000000001,0.5,0.5,1.0,0.25,0.6666666666666666,0.1818181818181818,5.0,0.5,0.3157894736842105,0.6959705453537527,0.8569568250501304,1.5213797068045685,1.0,2.0,0.6071428571428571,2.1470588235294117,1.0,1.0,1.0,1.0,1.0,1.0,1.0,1.0,1.0,109.0,1.8944658438364665
1144,T_TERMINAL_CHANGED,0.6999999999999998,0.5,0.8333333333333334,1.0,1.0,1.0,0.1818181818181818,2.3333333333333335,0.8333333333333334,0.0,0.6253546696611442,0.732678856125396,1.530887971121332,1.0,0.0,0.8452380952380952,2.5182724252491693,1.0,1.0,1.0,1.0,1.0,1.0,1.0,0.5,0.0,109.0,1.583884636561076
1144,X_COMPLEXITY_MATCHED,0.3,0.6666666666666666,0.3333333333333333,1.0,0.25,1.0,0.1818181818181818,3.6666666666666665,0.5416666666666666,0.4227272727272728,0.6959705453537527,0.732678856125396,1.2789417212261969,1.0,1.3333333333333333,0.6488095238095238,2.1445665445665445,1.0,1.0,1.0,1.0,1.0,1.0,1.0,0.3333333333333333,1.0,109.0,1.6845379670461018
1144,Y_TOPOLOGY_MATCHED,0.6999999999999998,1.0,1.0,1.0,0.75,0.5,0.0,6.0,0.375,0.2608695652173913,0.9921567416492215,0.8569568250501304,1.0000000000000009,0.0,1.0,0.5,1.857142857142857,1.0,1.0,1.0,1.0,1.0,1.0,1.0,1.0,1.0,109.0,1.4732577800750732
1145,A_AUTHENTIC,0.6999999999999998,0.5,0.5,1.0,1.0,1.0,0.1818181818181818,1.0,1.0,0.0,0.4841229182759272,0.4841229182759272,1.4851159653039219,1.0,0.0,1.0,2.857142857142857,1.0,1.0,1.0,1.0,1.0,1.0,1.0,0.5,1.0,109.0,1.6071453094482422
1145,D_ALL_DIRECTION_REVERSED,0.3,0.6666666666666666,0.8333333333333334,0.0,0.0,1.0,0.06060606060606061,2.6666666666666665,0.7916666666666666,0.0,0.8032947318180046,0.6959705453537527,1.3194176204670782,0.3333333333333333,0.0,0.8035714285714285,2.7081158044613196,1.0,1.0,1.0,1.0,0.5,1.0,1.0,0.38888888888888884,1.0,109.0,1.6038792928059895
1145,E0_DELETE,0.6666666666666666,1.0,0.6666666666666666,1.0,1.0,1.0,0.20000000000000004,4.0,0.625,0.05882352941176471,0.7732500743146158,0.7173439510403817,1.4142135623730951,1.0,0.0,0.6011904761904762,2.203186898698359,1.0,1.0,1.0,1.0,1.0,1.0,1.0,1.0,1.0,109.0,1.741389513015747
1145,E0_REVERSE,0.6,0.6666666666666666,0.6666666666666666,1.0,0.75,0.25,0.1818181818181818,4.0,0.625,0.0,0.6959705453537527,0.7946992774522422,1.4142135623730951,1.0,0.0,0.6428571428571429,2.196271929824561,1.0,1.0,1.0,1.0,1.0,1.0,1.0,0.6666666666666666,1.0,109.0,1.9480887254079182
1145,E1_DELETE,0.6666666666666666,1.0,0.5,1.0,1.0,0.6666666666666666,0.20000000000000004,4.0,0.625,0.0,0.6614378277661477,0.6614378277661477,1.4142135623730951,1.0,0.0,0.6785714285714285,2.4210526315789473,1.0,1.0,1.0,1.0,1.0,1.0,1.0,1.0,1.0,109.0,1.6667629877726238
1145,E1_REVERSE,0.6,0.5,0.5,1.0,0.75,1.0,0.1818181818181818,4.0,0.625,0.0,0.4841229182759272,0.6959705453537527,1.4142135623730943,1.0,0.0,0.6785714285714285,2.210526315789474,1.0,1.0,1.0,1.0,1.0,1.0,1.0,0.5,1.0,109.0,1.4160250027974446
1145,E2_DELETE,0.6666666666666666,0.8333333333333334,0.5,1.0,1.0,0.5,0.20000000000000004,5.0,0.5,0.0,0.5852961191415048,0.7732500743146158,1.2720196495140692,1.0,0.0,0.5952380952380952,2.1990493166963754,1.0,1.0,1.0,1.0,1.0,1.0,1.0,0.8333333333333334,1.0,109.0,2.0624594688415527
1145,E2_REVERSE,0.6,0.5,0.5,1.0,0.75,1.0,0.1818181818181818,5.0,0.5,0.0,0.6959705453537527,0.8569568250501304,1.2720196495140697,1.0,0.0,0.6071428571428571,2.176470588235294,1.0,1.0,1.0,1.0,1.0,1.0,1.0,0.5,1.0,109.0,1.5487300554911296
1145,E3_DELETE,0.6666666666666666,0.5,0.0,1.0,1.0,0.6666666666666666,0.20000000000000004,3.0,0.75,0.0,0.6614378277661477,0.43301270189221935,1.2106077944060876,1.0,0.0,0.7678571428571429,2.7674418604651163,1.0,1.0,1.0,1.0,1.0,1.0,1.0,0.5,1.0,109.0,2.6714030106862388
1145,E3_REVERSE,0.6,0.5,0.0,1.0,0.75,1.0,0.1818181818181818,3.0,0.75,0.0,0.8569568250501304,0.4841229182759272,1.2106077944060876,1.0,0.0,0.7678571428571429,2.7209302325581395,1.0,1.0,1.0,1.0,1.0,1.0,1.0,0.5,1.0,109.0,1.6826510429382324
1145,E4_DELETE,0.6666666666666666,0.5,0.0,1.0,1.0,1.0,0.20000000000000004,3.0,0.75,0.0,0.6614378277661477,0.6614378277661477,1.210607794406086,1.0,0.0,0.7678571428571429,2.7674418604651163,1.0,1.0,1.0,1.0,1.0,1.0,1.0,0.5,1.0,109.0,1.5078845024108887
1145,E4_REVERSE,0.6,0.5,0.0,1.0,1.0,1.0,0.1818181818181818,3.0,0.75,0.0,0.6959705453537527,0.8569568250501304,1.210607794406086,1.0,0.0,0.7678571428571429,2.7209302325581395,1.0,1.0,1.0,1.0,1.0,1.0,1.0,0.5,1.0,109.0,1.4264530340830486
1145,E5_DELETE,0.6666666666666666,0.5,0.0,1.0,1.0,1.0,0.20000000000000004,1.0,1.0,0.0,0.43301270189221935,0.43301270189221935,1.356203065626297,1.0,0.0,1.0,3.142857142857143,1.0,1.0,1.0,1.0,1.0,1.0,1.0,0.5,1.0,109.0,1.4912603696187336
1145,E5_REVERSE,0.6,0.5,0.0,1.0,1.0,1.0,0.1818181818181818,1.0,1.0,0.0,0.4841229182759272,0.6959705453537527,1.46557123187677,1.0,0.0,1.0,3.0714285714285716,1.0,1.0,1.0,1.0,1.0,1.0,1.0,0.5,1.0,109.0,1.6294605731964111
1145,E6_DELETE,0.6666666666666666,1.0,0.5,1.0,1.0,1.0,0.20000000000000004,4.0,0.625,0.0,0.6614378277661477,0.6614378277661477,1.4142135623730951,1.0,0.0,0.6785714285714285,2.4210526315789473,1.0,1.0,1.0,1.0,1.0,1.0,1.0,1.0,1.0,109.0,1.4369557698567708
1145,E6_REVERSE,0.6,0.5,0.5,1.0,1.0,1.0,0.1818181818181818,4.0,0.625,0.0,0.8569568250501304,0.4841229182759272,1.4142135623730956,1.0,0.0,0.6785714285714285,2.3157894736842106,1.0,1.0,1.0,1.0,1.0,1.0,1.0,0.3333333333333333,1.0,109.0,1.5354397296905518
1145,E7_DELETE,0.7777777777777778,0.16666666666666666,0.16666666666666666,0.0,1.0,1.0,0.13333333333333333,3.3333333333333335,0.7083333333333334,0.0,0.9682458365518544,0.43301270189221935,1.2913108675001148,0.6666666666666666,0.0,0.7142857142857143,2.5833333333333335,1.0,1.0,1.0,1.0,0.8333333333333334,1.0,1.0,0.5,1.0,109.0,1.4688543478647869
1145,E7_REVERSE,0.8000000000000002,0.5,0.5,0.0,1.0,1.0,0.1818181818181818,1.0,1.0,0.0,0.4841229182759272,0.4841229182759272,1.4851159653039219,1.0,0.0,1.0,2.857142857142857,1.0,1.0,1.0,1.0,0.5,1.0,1.0,0.5,1.0,109.0,1.5962239901224773
1145,E8_DELETE,0.7777777777777778,0.5,0.5,1.0,1.0,1.0,0.20000000000000004,1.0,1.0,0.0,0.43301270189221935,0.43301270189221935,1.3883666574370508,1.0,0.0,1.0,3.035714285714286,1.0,1.0,1.0,1.0,1.0,1.0,1.0,0.5,1.0,109.0,1.7154668966929119
1145,E8_REVERSE,0.8000000000000002,0.5,0.5,1.0,1.0,1.0,0.1818181818181818,1.0,1.0,0.0,0.4841229182759272,0.4841229182759272,1.437356911840786,1.0,0.0,1.0,2.892857142857143,1.0,1.0,1.0,1.0,1.0,1.0,1.0,0.5,1.0,109.0,1.6822545528411865
1145,E9_DELETE,0.7777777777777778,0.5,0.5,1.0,1.0,1.0,0.0,1.0,1.0,0.0,0.43301270189221935,0.43301270189221935,1.2106077944060862,0.0,0.0,1.0,3.0714285714285716,1.0,1.0,1.0,1.0,1.0,1.0,1.0,0.5,1.0,109.0,1.7577660083770752
1145,E9_REVERSE,0.8000000000000002,0.16666666666666666,0.16666666666666666,0.0,1.0,0.5,0.0,8.0,0.125,0.047619047619047616,0.8032947318180046,0.9020234639164942,0.0,0.0,0.0,0.4166666666666667,1.646103896103896,1.0,1.0,1.0,1.0,1.0,0.8000000000000002,1.0,0.6666666666666666,1.0,109.0,1.9888062477111816
1145,F_SURFACE_FORMAT_CONTROL,0.6999999999999998,1.0,1.0,1.0,1.0,1.0,0.1818181818181818,4.0,0.625,0.10526315789473684,0.7496326385858786,0.6959705453537527,1.4142135623730951,1.0,0.0,0.6785714285714285,2.192982456140351,1.0,1.0,1.0,1.0,1.0,1.0,1.0,1.0,1.0,109.0,2.2090888818105063
1145,G_RANDOM_CONTROL,0.5,0.3333333333333333,0.0,0.0,0.3333333333333333,0.8888888888888888,0.1818181818181818,5.0,0.5,0.3057644110275689,1.1400459209734208,0.6084008872006615,1.4655712318767666,1.0,1.0,0.5178571428571429,2.055555555555556,1.0,1.0,1.0,1.0,1.0,0.75,1.0,0.3333333333333333,1.0,109.0,1.8020795981089275
1145,I_ISOMORPHIC_RELABEL,0.6999999999999998,0.5,0.5,1.0,1.0,1.0,0.1818181818181818,1.0,1.0,0.0,0.4841229182759272,0.4841229182759272,1.4851159653039219,1.0,0.0,1.0,2.857142857142857,1.0,1.0,1.0,1.0,1.0,1.0,1.0,0.5,1.0,109.0,1.7471575736999512
1145,L_FORWARD_CONTROL,1.0,0.5,0.5,0.0,1.0,0.5,0.12121212121212122,5.666666666666667,0.4166666666666667,0.1611111111111111,0.8934280095507319,0.4841229182759272,1.0449080461338391,0.6666666666666666,0.0,0.5297619047619048,1.9464105156723965,1.0,1.0,1.0,1.0,0.8333333333333334,0.8333333333333334,1.0,0.5,1.0,109.0,1.8073779741923015
1145,M0_SWITCH_NEUTRALIZED,0.6999999999999998,0.6666666666666666,0.6666666666666666,1.0,1.0,1.0,0.0,2.0,0.875,0.225,0.6084008872006615,0.5547387939685356,1.305927359054247,0.0,1.0,0.8928571428571429,2.8753132832080204,1.0,1.0,1.0,0.0,0.0,1.0,1.0,0.6666666666666666,1.0,109.0,1.6490097840627034
1145,M_SWITCH_REASSIGNED,0.6999999999999998,0.3333333333333333,0.3333333333333333,0.0,1.0,0.5,0.12121212121212122,3.0,0.75,0.047619047619047616,0.6959705453537527,0.5547387939685356,1.2900857647413038,0.6666666666666666,0.0,0.7857142857142857,2.575830332132853,1.0,1.0,1.0,1.0,0.8333333333333334,0.8000000000000002,1.0,0.4444444444444444,1.0,109.0,1.4167436758677165
1145,O_ORDER_SHUFFLED,0.3,0.5,0.5,1.0,0.25,1.0,0.1818181818181818,1.0,1.0,0.0,0.4841229182759272,0.4841229182759272,1.4851159653039219,1.0,0.0,1.0,2.857142857142857,1.0,1.0,1.0,1.0,1.0,1.0,1.0,0.5,0.2857142857142857,109.0,1.662516991297404
1145,P_ANCHOR_REASSIGNED,0.6999999999999998,0.6666666666666666,0.6666666666666666,1.0,1.0,1.0,0.1818181818181818,2.0,0.875,0.05263157894736842,0.5547387939685356,0.5547387939685356,1.4614818309936464,1.0,0.0,0.8928571428571429,2.6240601503759398,1.0,1.0,1.0,1.0,1.0,1.0,1.0,0.6666666666666666,1.0,109.0,1.5674420992533367
1145,R_DEGREE_MATCHED_REWIRE,0.4000000000000001,0.6666666666666666,0.3333333333333333,1.0,0.75,1.0,0.30303030303030304,3.0,0.75,0.09999999999999999,0.8032947318180046,0.8032947318180046,1.5053733358593568,1.6666666666666667,0.0,0.7678571428571429,2.488372093023256,1.0,1.0,1.0,1.0,1.0,1.0,1.0,1.0,1.0,109.0,1.7732876936594646
1145,T_TERMINAL_CHANGED,0.6999999999999998,0.5,0.5,1.0,1.0,1.0,0.1818181818181818,1.0,1.0,0.0,0.4841229182759272,0.4841229182759272,1.4851159653039219,1.0,0.0,1.0,2.857142857142857,1.0,1.0,1.0,1.0,1.0,1.0,1.0,0.5,0.0,109.0,1.7502538363138835
1145,X_COMPLEXITY_MATCHED,0.5,0.5,0.8333333333333334,1.0,0.3333333333333333,0.5873015873015873,0.0,3.6666666666666665,0.6666666666666666,0.28347826086956524,0.8934280095507319,0.6959705453537527,1.3508823871485507,0.0,1.6666666666666667,0.6964285714285715,2.244919337942594,1.0,1.0,1.0,1.0,1.0,1.0,1.0,0.3333333333333333,1.0,109.0,1.8370998700459797
1145,Y_TOPOLOGY_MATCHED,0.5,0.8333333333333334,0.6666666666666666,1.0,0.5,0.8888888888888888,0.1818181818181818,2.6666666666666665,0.7916666666666666,0.2111111111111111,0.7946992774522422,0.5547387939685356,1.5060317121640174,1.0,1.0,0.8035714285714285,2.466629895201324,1.0,1.0,1.0,1.0,1.0,1.0,1.0,0.4444444444444444,1.0,109.0,1.7623022397359211
1146,A_AUTHENTIC,0.6999999999999998,0.5,0.5,1.0,1.0,1.0,0.1818181818181818,1.0,1.0,0.0,0.4841229182759272,0.4841229182759272,1.4851159653039219,1.0,0.0,1.0,2.857142857142857,1.0,1.0,1.0,1.0,1.0,1.0,1.0,0.5,1.0,109.0,1.7134714126586914
1146,D_ALL_DIRECTION_REVERSED,0.3,0.8333333333333334,1.0,0.0,0.0,1.0,0.06060606060606061,3.0,0.75,0.24,0.9470901027828579,0.8032947318180046,1.4555026275097689,0.3333333333333333,0.6666666666666666,0.7678571428571429,2.6124031007751936,1.0,1.0,1.0,1.0,0.6666666666666666,1.0,1.0,0.5,1.0,109.0,1.5694680213928223
1146,E0_DELETE,0.6666666666666666,1.0,0.5,1.0,1.0,1.0,0.20000000000000004,4.0,0.625,0.0,0.7173439510403817,0.6614378277661477,1.4142135623730951,1.0,0.0,0.6428571428571429,2.3327850877192984,1.0,1.0,1.0,1.0,1.0,1.0,1.0,1.0,1.0,109.0,1.5498990217844646
1146,E0_REVERSE,0.6,0.5,1.0,1.0,0.75,1.0,0.1818181818181818,3.0,0.75,0.0,0.4841229182759272,0.9921567416492215,1.5537739740300365,1.0,0.0,0.75,2.238095238095238,1.0,1.0,1.0,1.0,1.0,1.0,1.0,1.0,1.0,109.0,1.707715590794881
1146,E1_DELETE,0.6666666666666666,0.8333333333333334,0.5,1.0,1.0,0.5277777777777778,0.20000000000000004,4.0,0.625,0.0,0.5852961191415048,0.6614378277661477,1.414213562373095,1.0,0.0,0.6785714285714285,2.4210526315789473,1.0,1.0,1.0,1.0,1.0,1.0,1.0,0.8333333333333334,1.0,109.0,1.7873642444610596
1146,E1_REVERSE,0.6,0.5,0.6666666666666666,1.0,0.75,1.0,0.1818181818181818,4.0,0.625,0.0,0.6084008872006615,0.7946992774522422,1.4142135623730947,1.0,0.0,0.636904761904762,2.1295981890209394,1.0,1.0,1.0,1.0,1.0,1.0,1.0,0.6666666666666666,1.0,109.0,1.5239942073822021
1146,E2_DELETE,0.6666666666666666,0.5,0.8333333333333334,1.0,1.0,0.5,0.20000000000000004,5.0,0.5,0.0,0.5852961191415048,0.8659765002899521,1.2720196495140692,1.0,0.0,0.5238095238095238,1.9992737835875092,1.0,1.0,1.0,1.0,1.0,1.0,1.0,0.8333333333333334,1.0,109.0,1.4343949158986409
1146,E2_REVERSE,0.6,0.5,0.5,1.0,0.75,1.0,0.1818181818181818,5.0,0.5,0.0,0.6959705453537527,0.8569568250501304,1.2720196495140697,1.0,0.0,0.6071428571428571,2.176470588235294,1.0,1.0,1.0,1.0,1.0,1.0,1.0,0.5,1.0,109.0,1.875552813212077
1146,E3_DELETE,0.6666666666666666,0.6666666666666666,0.0,1.0,1.0,0.6666666666666666,0.20000000000000004,4.333333333333333,0.5833333333333334,0.07142857142857142,0.7173439510403817,0.509154410516862,1.1404051962707251,1.0,0.0,0.6607142857142857,2.498294573643411,1.0,1.0,1.0,1.0,1.0,1.0,1.0,0.6666666666666666,1.0,109.0,2.2994163831075034
1146,E3_REVERSE,0.6,0.6666666666666666,0.3333333333333333,1.0,0.75,1.0,0.1818181818181818,5.666666666666667,0.4166666666666667,0.0,1.031779261820964,0.8032947318180046,1.1813464330093797,1.0,0.0,0.5297619047619048,1.9691666666666665,1.0,1.0,1.0,1.0,1.0,1.0,1.0,1.0,1.0,109.0,1.9288000265757244
1146,E4_DELETE,0.6666666666666666,0.6666666666666666,0.0,1.0,1.0,1.0,0.20000000000000004,3.3333333333333335,0.7083333333333334,0.0,0.6614378277661477,0.6614378277661477,1.2784763837284225,1.0,0.0,0.7380952380952381,2.6519787841697267,1.0,1.0,1.0,1.0,1.0,1.0,1.0,0.6666666666666666,1.0,109.0,1.7398564020792644
1146,E4_REVERSE,0.6,0.8333333333333334,0.0,1.0,1.0,0.8888888888888888,0.30303030303030304,3.6666666666666665,0.6666666666666666,0.0,0.6959705453537527,0.8569568250501304,1.4393852474887223,1.6666666666666667,0.0,0.7083333333333334,2.485924112607099,1.0,1.0,1.0,1.0,1.0,1.0,1.0,0.8333333333333334,1.0,109.0,1.570172866185506
1146,E5_DELETE,0.6666666666666666,0.5,0.0,1.0,1.0,1.0,0.20000000000000004,1.0,1.0,0.0,0.43301270189221935,0.43301270189221935,1.356203065626297,1.0,0.0,1.0,3.142857142857143,1.0,1.0,1.0,1.0,1.0,1.0,1.0,0.5,1.0,109.0,1.978898286819458
1146,E5_REVERSE,0.6,0.5,0.0,1.0,1.0,1.0,0.1818181818181818,1.0,1.0,0.0,0.4841229182759272,0.6959705453537527,1.46557123187677,1.0,0.0,1.0,3.0714285714285716,1.0,1.0,1.0,1.0,1.0,1.0,1.0,0.5,1.0,109.0,1.3500045935312908
1146,E6_DELETE,0.6666666666666666,1.0,0.5,1.0,1.0,1.0,0.20000000000000004,4.0,0.625,0.0,0.6614378277661477,0.6614378277661477,1.4142135623730951,1.0,0.0,0.6785714285714285,2.4210526315789473,1.0,1.0,1.0,1.0,1.0,1.0,1.0,1.0,1.0,109.0,1.8003881772359211
1146,E6_REVERSE,0.6,0.8333333333333334,0.5,1.0,1.0,1.0,0.30303030303030304,3.3333333333333335,0.7083333333333334,0.0,0.8569568250501304,0.4841229182759272,1.5500938466242953,1.6666666666666667,0.0,0.7380952380952381,2.430844553243574,1.0,1.0,1.0,1.0,1.0,1.0,1.0,0.4444444444444444,1.0,109.0,1.594161033630371
1146,E7_DELETE,0.7777777777777778,0.16666666666666666,0.16666666666666666,0.0,1.0,1.0,0.0,2.3333333333333335,0.8333333333333334,0.05263157894736842,0.82915619758885,0.6614378277661477,1.2782293667916163,0.0,0.0,0.8392857142857143,2.889416231608923,1.0,1.0,1.0,0.3333333333333333,0.5,1.0,1.0,0.5,1.0,109.0,1.6878376007080078
1146,E7_REVERSE,0.8000000000000002,0.3333333333333333,0.3333333333333333,0.0,1.0,1.0,0.0,3.6666666666666665,0.6666666666666666,0.13852813852813853,0.8569568250501304,0.8032947318180046,1.1665677259095026,0.0,0.0,0.6369047619047619,2.2306852306852307,1.0,1.0,1.0,1.0,0.6666666666666666,0.8000000000000002,1.0,1.0,1.0,109.0,1.7532016436258953
1146,E8_DELETE,0.7777777777777778,0.5,0.5,1.0,1.0,1.0,0.20000000000000004,1.0,1.0,0.0,0.43301270189221935,0.43301270189221935,1.3883666574370508,1.0,0.0,1.0,3.035714285714286,1.0,1.0,1.0,1.0,1.0,1.0,1.0,0.5,1.0,109.0,1.5404361089070637
1146,E8_REVERSE,0.8000000000000002,0.5,0.6666666666666666,1.0,1.0,1.0,0.1818181818181818,1.6666666666666667,0.9166666666666666,0.0,0.5547387939685356,0.6084008872006615,1.4761625992372032,1.0,0.0,0.9226190476190476,2.6960132890365447,1.0,1.0,1.0,1.0,1.0,1.0,1.0,0.6666666666666666,1.0,109.0,1.6843541463216145
1146,E9_DELETE,0.7777777777777778,0.5,0.5,1.0,1.0,1.0,0.06666666666666667,2.0,0.875,0.0,0.509154410516862,0.509154410516862,1.2784763837284225,0.3333333333333333,0.0,0.8928571428571429,2.854636591478697,1.0,1.0,1.0,1.0,1.0,1.0,1.0,0.6666666666666666,1.0,109.0,1.5361759662628174
1146,E9_REVERSE,0.8000000000000002,0.5,0.5,0.0,1.0,1.0,0.06060606060606061,2.0,0.875,0.13712121212121212,0.6959705453537527,0.8032947318180046,1.43564226545754,0.3333333333333333,1.0,0.7916666666666666,2.4954648526077094,1.0,1.0,1.0,1.0,1.0,1.0,1.0,0.5,1.0,109.0,1.7827135721842449
1146,F_SURFACE_FORMAT_CONTROL,0.6999999999999998,0.6666666666666666,1.0,1.0,1.0,1.0,0.1818181818181818,3.3333333333333335,0.7083333333333334,0.0,0.7496326385858786,0.8032947318180046,1.5072538368110564,1.0,0.0,0.7380952380952381,2.302733578131375,1.0,1.0,1.0,1.0,1.0,1.0,1.0,1.0,1.0,109.0,1.6451447010040283
1146,G_RANDOM_CONTROL,0.6999999999999998,1.0,0.3333333333333333,0.0,0.75,1.0,0.1818181818181818,7.0,0.25,0.37272727272727274,1.3094604065202031,0.9470901027828579,1.0,1.0,0.0,0.36309523809523814,1.6133333333333333,1.0,1.0,1.0,1.0,1.0,1.0,1.0,1.0,1.0,109.0,2.1396591663360596
1146,I_ISOMORPHIC_RELABEL,0.6999999999999998,0.5,0.8333333333333334,1.0,1.0,0.75,0.1818181818181818,2.3333333333333335,0.8333333333333334,0.0,0.6253546696611442,0.732678856125396,1.530887971121332,1.0,0.0,0.8452380952380952,2.5182724252491693,1.0,1.0,1.0,1.0,1.0,1.0,1.0,0.8333333333333334,1.0,109.0,1.8819761276245117
1146,L_FORWARD_CONTROL,1.0,0.8333333333333334,0.8333333333333334,0.0,1.0,1.0,0.0,5.666666666666667,0.4166666666666667,0.25757575757575757,0.732678856125396,0.8032947318180046,0.4308736073191078,0.0,0.0,0.6666666666666666,2.1666666666666665,1.0,1.0,1.0,1.0,1.0,0.8333333333333334,1.0,0.8333333333333334,1.0,109.0,1.6296030680338542
1146,M0_SWITCH_NEUTRALIZED,0.6999999999999998,0.5,0.5,1.0,1.0,1.0,0.06060606060606061,1.6666666666666667,0.875,0.0,0.4841229182759272,0.6084008872006615,1.2737850469692373,0.3333333333333333,0.0,0.8988095238095237,2.798534798534798,1.0,1.0,1.0,0.0,0.0,1.0,1.0,0.6666666666666666,1.0,109.0,1.8512672583262126
1146,M_SWITCH_REASSIGNED,0.6999999999999998,0.5,1.0,1.0,1.0,1.0,0.1818181818181818,3.6666666666666665,0.6666666666666666,0.15789473684210525,0.9470901027828579,0.6959705453537527,1.4222812304438068,1.0,0.0,0.7083333333333334,2.525091799265606,1.0,1.0,1.0,1.0,0.6666666666666666,1.0,1.0,1.0,1.0,109.0,1.6320542494455974
1146,O_ORDER_SHUFFLED,0.6,1.0,1.0,0.0,0.4166666666666667,0.8888888888888888,0.1818181818181818,4.0,0.625,0.21052631578947367,0.7496326385858786,0.8032947318180046,1.5500938466242953,1.0,0.6666666666666666,0.6785714285714285,2.2807017543859653,1.0,1.0,1.0,1.0,1.0,1.0,1.0,1.0,1.0,109.0,1.4452367623647053
1146,P_ANCHOR_REASSIGNED,0.6999999999999998,0.5,0.5,1.0,1.0,1.0,0.1818181818181818,1.0,1.0,0.0,0.4841229182759272,0.4841229182759272,1.4851159653039219,1.0,0.0,1.0,2.857142857142857,1.0,1.0,1.0,1.0,1.0,1.0,1.0,0.5,1.0,109.0,1.621904691060384
1146,R_DEGREE_MATCHED_REWIRE,0.5,0.6666666666666666,0.16666666666666666,1.0,0.6666666666666666,0.8888888888888888,0.3636363636363636,2.3333333333333335,0.7916666666666666,0.2380952380952381,0.5547387939685356,0.6084008872006615,1.4186201403327605,2.0,1.0,0.8571428571428571,2.8869047619047614,1.0,1.0,1.0,1.0,1.0,1.0,1.0,0.6666666666666666,1.0,109.0,2.714002847671509
1146,T_TERMINAL_CHANGED,0.6999999999999998,0.5,0.5,1.0,1.0,1.0,0.1818181818181818,1.0,1.0,0.0,0.4841229182759272,0.4841229182759272,1.4851159653039219,1.0,0.0,1.0,2.857142857142857,1.0,1.0,1.0,1.0,1.0,1.0,1.0,0.5,0.0,109.0,2.0007397333780923
1146,X_COMPLEXITY_MATCHED,0.5,0.8333333333333334,0.8333333333333334,1.0,0.5833333333333334,0.8095238095238096,0.06060606060606061,3.6666666666666665,0.6666666666666666,0.42526315789473684,0.8032947318180046,0.732678856125396,1.338601383350509,0.3333333333333333,2.0,0.7083333333333334,2.307221542227662,1.0,1.0,1.0,1.0,1.0,1.0,1.0,0.8333333333333334,1.0,109.0,2.067638317743937
1146,Y_TOPOLOGY_MATCHED,0.6,0.6666666666666666,1.0,1.0,0.75,1.0,0.30303030303030304,3.0,0.75,0.22857142857142856,0.8032947318180046,0.7496326385858786,1.4501569169909783,1.6666666666666667,0.3333333333333333,0.7678571428571429,2.565891472868217,1.0,1.0,1.0,1.0,1.0,1.0,1.0,0.4444444444444444,1.0,109.0,1.7139609654744465
1147,A_AUTHENTIC,0.6999999999999998,0.5,1.0,1.0,1.0,1.0,0.1818181818181818,3.0,0.75,0.0,0.6959705453537527,0.8569568250501304,1.5537739740300374,1.0,0.0,0.7678571428571429,2.3488372093023258,1.0,1.0,1.0,1.0,1.0,1.0,1.0,1.0,1.0,109.0,1.6324139436086018
1147,D_ALL_DIRECTION_REVERSED,0.3,0.5,0.5,0.0,0.0,1.0,0.0,3.0,0.75,0.14285714285714285,0.4841229182759272,0.8569568250501304,1.2906488013467086,0.0,0.0,0.7678571428571429,2.604651162790698,1.0,1.0,1.0,1.0,0.5,1.0,1.0,0.3333333333333333,1.0,109.0,1.7393912474314372
1147,E0_DELETE,0.6666666666666666,0.5,0.8333333333333334,1.0,1.0,1.0,0.20000000000000004,3.3333333333333335,0.7083333333333334,0.0,0.6614378277661477,0.8659765002899521,1.5072538368110562,1.0,0.0,0.6547619047619048,2.215399610136452,1.0,1.0,1.0,1.0,1.0,1.0,1.0,0.8333333333333334,1.0,109.0,1.8125209013621013
1147,E0_REVERSE,0.6,0.5,0.5,1.0,0.8333333333333334,0.75,0.1818181818181818,4.0,0.625,0.0,0.6959705453537527,0.6959705453537527,1.4142135623730951,1.0,0.0,0.6785714285714285,2.263157894736842,1.0,1.0,1.0,1.0,1.0,1.0,1.0,0.5,1.0,109.0,1.612418572107951
1147,E1_DELETE,0.6666666666666666,0.5,0.5,1.0,1.0,0.5873015873015873,0.20000000000000004,4.0,0.625,0.0,0.43301270189221935,0.6614378277661477,1.4142135623730943,1.0,0.0,0.6785714285714285,2.4210526315789473,1.0,1.0,1.0,1.0,1.0,1.0,1.0,0.5,1.0,109.0,1.6002794901529949
1147,E1_REVERSE,0.6,0.5,0.6666666666666666,1.0,0.8333333333333334,0.75,0.1818181818181818,4.0,0.625,0.09999999999999999,0.5547387939685356,0.7946992774522422,1.482153704498694,1.0,0.3333333333333333,0.636904761904762,2.1080928126768534,1.0,1.0,1.0,1.0,1.0,1.0,1.0,0.6666666666666666,1.0,109.0,1.4188049634297688
1147,E2_DELETE,0.6666666666666666,0.6666666666666666,0.6666666666666666,1.0,1.0,0.4761904761904762,0.20000000000000004,5.0,0.5,0.0,0.5852961191415048,0.819613287302284,1.2720196495140692,1.0,0.0,0.5595238095238095,2.0991615501419423,1.0,1.0,1.0,1.0,1.0,1.0,1.0,0.8333333333333334,1.0,109.0,1.6893894672393799
1147,E2_REVERSE,0.6,0.5,0.5,1.0,0.75,1.0,0.1818181818181818,5.0,0.5,0.0,0.6959705453537527,0.8569568250501304,1.2720196495140697,1.0,0.0,0.6071428571428571,2.176470588235294,1.0,1.0,1.0,1.0,1.0,1.0,1.0,0.5,1.0,109.0,1.4674147764841716
1147,E3_DELETE,0.6666666666666666,0.5,0.3333333333333333,1.0,1.0,0.6666666666666666,0.20000000000000004,4.333333333333333,0.5833333333333334,0.0,0.7732500743146158,0.697108365689973,1.2515490311447421,1.0,0.0,0.6369047619047619,2.3599806201550386,1.0,1.0,1.0,1.0,1.0,1.0,1.0,0.8333333333333334,1.0,109.0,1.6096901098887126
1147,E3_REVERSE,0.6,0.5,0.0,1.0,0.75,1.0,0.1818181818181818,3.0,0.75,0.0,0.8569568250501304,0.4841229182759272,1.2106077944060876,1.0,0.0,0.7678571428571429,2.7209302325581395,1.0,1.0,1.0,1.0,1.0,1.0,1.0,0.5,1.0,109.0,1.7214561303456624
1147,E4_DELETE,0.6666666666666666,0.5,0.5,1.0,1.0,0.8333333333333334,0.20000000000000004,5.0,0.5,0.0,0.82915619758885,0.9682458365518544,1.2720196495140697,1.0,0.0,0.5714285714285714,2.1875,1.0,1.0,1.0,1.0,1.0,1.0,1.0,1.0,1.0,109.0,1.5680389404296875
1147,E4_REVERSE,0.6,0.5,0.5,1.0,1.0,1.0,0.1818181818181818,6.333333333333333,0.3333333333333333,0.21052631578947367,0.9470901027828579,1.1110243021644486,1.0906732165046897,1.0,0.0,0.5,2.092948717948718,1.0,1.0,1.0,1.0,1.0,1.0,1.0,1.0,1.0,109.0,2.5600662231445312
1147,E5_DELETE,0.6666666666666666,0.5,0.16666666666666666,1.0,1.0,1.0,0.20000000000000004,1.6666666666666667,0.9166666666666666,0.0,0.509154410516862,0.5650605337910962,1.3755398978752298,1.0,0.0,0.9226190476190476,2.971207087486157,1.0,1.0,1.0,1.0,1.0,1.0,1.0,0.6666666666666666,1.0,109.0,2.281614383061727
1147,E5_REVERSE,0.6,0.5,0.0,1.0,1.0,1.0,0.1818181818181818,1.0,1.0,0.0,0.4841229182759272,0.6959705453537527,1.46557123187677,1.0,0.0,1.0,3.0714285714285716,1.0,1.0,1.0,1.0,1.0,1.0,1.0,0.5,1.0,109.0,1.563935915629069
1147,E6_DELETE,0.6666666666666666,1.0,0.5,1.0,1.0,1.0,0.20000000000000004,4.0,0.625,0.0,0.6614378277661477,0.6614378277661477,1.4142135623730951,1.0,0.0,0.6785714285714285,2.4210526315789473,1.0,1.0,1.0,1.0,1.0,1.0,1.0,1.0,1.0,109.0,1.5870381991068523
1147,E6_REVERSE,0.6,1.0,0.5,1.0,1.0,1.0,0.3636363636363636,3.0,0.75,0.0,0.8569568250501304,0.4841229182759272,1.618033988749895,2.0,0.0,0.7678571428571429,2.488372093023256,1.0,1.0,1.0,1.0,1.0,1.0,1.0,0.5,1.0,109.0,1.4569180806477864
1147,E7_DELETE,0.7777777777777778,0.3333333333333333,0.5,0.0,1.0,1.0,0.0,4.0,0.625,0.1111111111111111,0.8755194105765179,0.43301270189221935,1.2230210104507178,0.0,0.0,0.6607142857142857,2.5914730519993676,1.0,1.0,1.0,1.0,0.5,1.0,1.0,0.5,1.0,109.0,1.9413429101308186
1147,E7_REVERSE,0.8000000000000002,0.0,0.5,0.0,1.0,1.0,0.0,6.0,0.375,0.2727272727272727,0.9921567416492215,0.4841229182759272,1.0000000000000009,0.0,1.0,0.5535714285714286,2.0,1.0,1.0,1.0,1.0,1.0,0.8000000000000002,1.0,0.5,1.0,109.0,1.3911155859629314
1147,E8_DELETE,0.7777777777777778,0.5,0.8333333333333334,1.0,1.0,1.0,0.20000000000000004,2.3333333333333335,0.8333333333333334,0.0,0.5852961191415048,0.697108365689973,1.439836373730195,1.0,0.0,0.8452380952380952,2.6398117386489477,1.0,1.0,1.0,1.0,1.0,1.0,1.0,0.8333333333333334,1.0,109.0,1.612130085627238
1147,E8_REVERSE,0.8000000000000002,0.5,1.0,1.0,1.0,1.0,0.1818181818181818,3.0,0.75,0.0,0.6959705453537527,0.8569568250501304,1.5537739740300374,1.0,0.0,0.7678571428571429,2.302325581395349,1.0,1.0,1.0,1.0,1.0,1.0,1.0,1.0,1.0,109.0,1.5489068031311035
1147,E9_DELETE,0.7777777777777778,0.5,0.5,1.0,1.0,1.0,0.20000000000000004,4.0,0.625,0.0,0.6614378277661477,0.6614378277661477,1.4142135623730951,1.0,0.0,0.6785714285714285,2.4210526315789473,1.0,1.0,1.0,1.0,1.0,1.0,1.0,1.0,1.0,109.0,1.5456774234771729
1147,E9_REVERSE,0.8000000000000002,0.0,0.0,0.0,1.0,1.0,0.0,1.0,1.0,0.3,0.4841229182759272,0.4841229182759272,1.3661815310152534,0.0,2.0,1.0,3.107142857142857,1.0,1.0,1.0,1.0,1.0,1.0,1.0,0.5,1.0,109.0,1.8174333572387695
1147,F_SURFACE_FORMAT_CONTROL,0.6999999999999998,0.8333333333333334,1.0,1.0,1.0,1.0,0.1818181818181818,3.6666666666666665,0.6666666666666666,0.10526315789473684,0.8032947318180046,0.7496326385858786,1.460733699592076,1.0,0.0,0.7083333333333334,2.221542227662179,1.0,1.0,1.0,1.0,1.0,1.0,1.0,1.0,1.0,109.0,1.7899092833201091
1147,G_RANDOM_CONTROL,0.5,0.5,0.6666666666666666,1.0,0.5,0.7777777777777777,0.1818181818181818,4.333333333333333,0.5833333333333334,0.6,1.2183492931011204,0.9416459840882365,1.694146412299925,1.0,2.3333333333333335,0.5119047619047619,1.8820512820512818,1.0,1.0,1.0,1.0,1.0,1.0,1.0,0.25,1.0,109.0,1.654091437657674
1147,I_ISOMORPHIC_RELABEL,0.6999999999999998,0.6666666666666666,0.8333333333333334,1.0,1.0,1.0,0.1818181818181818,3.0,0.75,0.1608187134502924,0.6253546696611442,0.732678856125396,1.5057878388089707,1.0,0.3333333333333333,0.7857142857142857,2.4962406015037595,1.0,1.0,1.0,1.0,1.0,1.0,1.0,0.8333333333333334,1.0,109.0,1.6330413818359375
1147,L_FORWARD_CONTROL,1.0,0.3333333333333333,0.3333333333333333,0.0,1.0,0.5,0.12121212121212122,5.0,0.5,0.2314425770308123,0.8483613706843682,0.5547387939685356,1.1267591896992049,0.6666666666666666,0.0,0.5952380952380952,2.191002993715181,1.0,1.0,1.0,1.0,0.8333333333333334,0.8333333333333334,1.0,0.6666666666666666,1.0,109.0,1.8456087907155354
1147,M0_SWITCH_NEUTRALIZED,0.6999999999999998,0.5,0.5,1.0,1.0,1.0,0.0,1.0,1.0,0.14285714285714285,0.6959705453537527,0.4841229182759272,1.2953328187743716,0.0,0.0,1.0,3.089285714285714,1.0,1.0,1.0,0.0,0.0,1.0,1.0,0.5,1.0,109.0,1.8234700361887615
1147,M_SWITCH_REASSIGNED,0.6999999999999998,0.16666666666666666,0.3333333333333333,0.0,1.0,0.5,0.1818181818181818,3.3333333333333335,0.7083333333333334,0.05263157894736842,0.6790167628932702,0.6790167628932702,1.326389315380032,1.0,0.0,0.7142857142857143,2.3765257299091886,1.0,1.0,1.0,1.0,1.0,0.8000000000000002,1.0,0.4444444444444444,1.0,109.0,1.7163433233896892
1147,O_ORDER_SHUFFLED,0.6,0.0,1.0,1.0,0.75,1.0,0.1818181818181818,3.0,0.75,0.0,0.6959705453537527,0.8569568250501304,1.5537739740300374,1.0,0.0,0.7678571428571429,2.3488372093023258,1.0,1.0,1.0,1.0,1.0,1.0,1.0,1.0,1.0,109.0,1.6654606660207112
1147,P_ANCHOR_REASSIGNED,0.6999999999999998,0.5,0.8333333333333334,1.0,1.0,1.0,0.1818181818181818,2.3333333333333335,0.8333333333333334,0.0,0.6253546696611442,0.732678856125396,1.530887971121332,1.0,0.0,0.8452380952380952,2.5182724252491693,1.0,1.0,1.0,1.0,1.0,1.0,1.0,0.8333333333333334,1.0,109.0,1.8023396333058674
1147,R_DEGREE_MATCHED_REWIRE,0.4000000000000001,0.5,0.5,1.0,0.75,0.7222222222222222,0.1818181818181818,1.0,1.0,0.17647058823529413,0.4841229182759272,0.4841229182759272,1.465571231876768,1.0,1.0,1.0,2.875,1.0,1.0,1.0,1.0,1.0,1.0,1.0,0.5,1.0,109.0,1.764065106709798
1147,T_TERMINAL_CHANGED,0.6999999999999998,0.5,1.0,1.0,1.0,1.0,0.1818181818181818,3.0,0.75,0.0,0.6959705453537527,0.8569568250501304,1.5537739740300374,1.0,0.0,0.7678571428571429,2.3488372093023258,1.0,1.0,1.0,1.0,1.0,1.0,1.0,0.5,0.0,109.0,1.6236047744750977
1147,X_COMPLEXITY_MATCHED,0.5,0.6666666666666666,0.3333333333333333,1.0,0.5833333333333334,0.7222222222222222,0.06060606060606061,3.3333333333333335,0.6666666666666666,0.25596491228070173,0.6253546696611442,0.7496326385858786,1.235934789490794,0.3333333333333333,0.0,0.7142857142857143,2.3029323457720032,1.0,1.0,1.0,1.0,1.0,1.0,1.0,0.4444444444444444,1.0,109.0,1.7866356372833252
1147,Y_TOPOLOGY_MATCHED,0.3,0.8333333333333334,1.0,1.0,0.5,1.0,0.12121212121212122,3.0,0.75,0.0,0.9020234639164942,0.8569568250501304,1.4503512800188174,0.6666666666666666,0.0,0.6607142857142857,2.369369369369369,1.0,1.0,1.0,1.0,1.0,1.0,1.0,0.4444444444444444,1.0,109.0,1.6614021460215251
1149,A_AUTHENTIC,0.6999999999999998,0.5,0.8333333333333334,1.0,1.0,1.0,0.1818181818181818,2.3333333333333335,0.8333333333333334,0.0,0.6253546696611442,0.732678856125396,1.530887971121332,1.0,0.0,0.8452380952380952,2.5182724252491693,1.0,1.0,1.0,1.0,1.0,1.0,1.0,0.8333333333333334,1.0,109.0,1.6241538524627686
1149,D_ALL_DIRECTION_REVERSED,0.3,0.3333333333333333,1.0,0.0,0.0,0.8333333333333334,0.1818181818181818,3.3333333333333335,0.7083333333333334,0.0,0.8032947318180046,0.6959705453537527,1.5072538368110575,1.0,0.0,0.7380952380952381,2.337821297429621,1.0,1.0,1.0,1.0,1.0,1.0,1.0,0.4444444444444444,1.0,109.0,1.6502758661905925
1149,E0_DELETE,0.6666666666666666,1.0,0.5,1.0,1.0,1.0,0.20000000000000004,4.0,0.625,0.0,0.7173439510403817,0.6614378277661477,1.4142135623730951,1.0,0.0,0.6428571428571429,2.3327850877192984,1.0,1.0,1.0,1.0,1.0,1.0,1.0,1.0,1.0,109.0,1.729996919631958
1149,E0_REVERSE,0.6,0.5,0.6666666666666666,1.0,0.8333333333333334,1.0,0.1818181818181818,3.6666666666666665,0.6666666666666666,0.0,0.6253546696611442,0.7946992774522422,1.4607336995920759,1.0,0.0,0.7023809523809524,2.2548036758563073,1.0,1.0,1.0,1.0,1.0,1.0,1.0,0.6666666666666666,1.0,109.0,1.665205717086792
1149,E1_DELETE,0.6666666666666666,0.8333333333333334,0.5,1.0,1.0,0.6666666666666666,0.20000000000000004,4.0,0.625,0.0,0.5852961191415048,0.6614378277661477,1.414213562373095,1.0,0.0,0.6785714285714285,2.4210526315789473,1.0,1.0,1.0,1.0,1.0,1.0,1.0,0.8333333333333334,1.0,109.0,2.6088359355926514
1149,E1_REVERSE,0.6,0.5,0.5,1.0,0.75,1.0,0.30303030303030304,3.3333333333333335,0.625,0.0,0.4841229182759272,0.6959705453537527,1.4142135623730951,1.6666666666666667,0.0,0.6666666666666666,2.3224276908487433,1.0,1.0,1.0,1.0,1.0,1.0,1.0,0.8333333333333334,1.0,109.0,1.9288725852966309
1149,E2_DELETE,0.6666666666666666,0.6666666666666666,0.6666666666666666,1.0,1.0,0.5,0.20000000000000004,5.0,0.5,0.0,0.5852961191415048,0.819613287302284,1.2720196495140692,1.0,0.0,0.5595238095238095,2.0991615501419423,1.0,1.0,1.0,1.0,1.0,1.0,1.0,0.8333333333333334,1.0,109.0,1.6627849737803142
1149,E2_REVERSE,0.6,0.5,0.6666666666666666,1.0,0.75,0.6190476190476191,0.1818181818181818,5.0,0.5,0.0,0.7496326385858786,0.9416459840882365,1.2720196495140694,1.0,0.0,0.5654761904761905,2.043572984749455,1.0,1.0,1.0,1.0,1.0,1.0,1.0,0.6666666666666666,1.0,109.0,1.849415381749471
1149,E3_DELETE,0.6666666666666666,0.6666666666666666,0.3333333333333333,1.0,1.0,0.6666666666666666,0.20000000000000004,5.666666666666667,0.4166666666666667,0.0,0.7732500743146158,0.7732500743146158,1.1813464330093797,1.0,0.0,0.5535714285714285,2.1386494252873565,1.0,1.0,1.0,1.0,1.0,1.0,1.0,1.0,1.0,109.0,1.5970616340637207
1149,E3_REVERSE,0.6,0.6666666666666666,0.0,1.0,0.75,1.0,0.1818181818181818,4.333333333333333,0.5833333333333334,0.05555555555555555,0.9020234639164942,0.5547387939685356,1.1404051962707251,1.0,0.0,0.6607142857142857,2.4272868217054264,1.0,1.0,1.0,1.0,1.0,1.0,1.0,0.6666666666666666,1.0,109.0,1.6963919798533122
1149,E4_DELETE,0.6666666666666666,0.6666666666666666,0.16666666666666666,1.0,1.0,1.0,0.20000000000000004,5.0,0.5,0.06666666666666667,0.7173439510403817,0.819613287302284,1.160875814640052,1.0,0.0,0.6130952380952381,2.318313953488372,1.0,1.0,1.0,1.0,1.0,1.0,1.0,0.8333333333333334,1.0,109.0,1.5101760228474934
1149,E4_REVERSE,0.6,0.6666666666666666,0.16666666666666666,1.0,1.0,1.0,0.24242424242424243,4.0,0.625,0.0,0.7496326385858786,0.9416459840882365,1.345467139316732,1.3333333333333333,0.0,0.6726190476190476,2.404783761729906,1.0,1.0,1.0,1.0,1.0,1.0,1.0,0.8333333333333334,1.0,109.0,1.69003431002299
1149,E5_DELETE,0.6666666666666666,0.5,0.0,1.0,1.0,1.0,0.20000000000000004,1.0,1.0,0.0,0.43301270189221935,0.43301270189221935,1.356203065626297,1.0,0.0,1.0,3.142857142857143,1.0,1.0,1.0,1.0,1.0,1.0,1.0,0.5,1.0,109.0,1.7464725176493328
1149,E5_REVERSE,0.6,0.5,0.16666666666666666,1.0,1.0,1.0,0.1818181818181818,1.6666666666666667,0.9166666666666666,0.0,0.5547387939685356,0.8343217976239847,1.48287745910184,1.0,0.0,0.9226190476190476,2.9080841638981174,1.0,1.0,1.0,1.0,1.0,1.0,1.0,0.6666666666666666,1.0,109.0,1.6961385409037273
1149,E6_DELETE,0.6666666666666666,1.0,0.5,1.0,1.0,1.0,0.20000000000000004,4.0,0.625,0.0,0.6614378277661477,0.6614378277661477,1.4142135623730951,1.0,0.0,0.6785714285714285,2.4210526315789473,1.0,1.0,1.0,1.0,1.0,1.0,1.0,1.0,1.0,109.0,1.5136910279591878
1149,E6_REVERSE,0.6,1.0,0.5,1.0,1.0,1.0,0.3636363636363636,3.0,0.75,0.0,0.8569568250501304,0.4841229182759272,1.618033988749895,2.0,0.0,0.7678571428571429,2.488372093023256,1.0,1.0,1.0,1.0,1.0,1.0,1.0,0.5,1.0,109.0,1.569015900293986
1149,E7_DELETE,0.7777777777777778,0.5,0.5,0.0,1.0,1.0,0.0,4.0,0.625,0.0,0.6614378277661477,0.82915619758885,1.189207115002722,0.0,0.0,0.6607142857142857,2.3513513513513513,1.0,1.0,1.0,1.0,1.0,1.0,1.0,1.0,1.0,109.0,1.5675195852915447
1149,E7_REVERSE,0.8000000000000002,0.5,0.5,0.0,1.0,0.7777777777777777,0.0,3.6666666666666665,0.6666666666666666,0.2619047619047619,0.8569568250501304,0.6959705453537527,1.3753326140911486,0.0,1.0,0.6904761904761906,2.3589147286821706,1.0,1.0,1.0,1.0,0.8333333333333334,1.0,1.0,1.0,1.0,109.0,1.8510141372680664
1149,E8_DELETE,0.7777777777777778,0.6666666666666666,0.8333333333333334,1.0,1.0,1.0,0.20000000000000004,3.0,0.75,0.0,0.5852961191415048,0.641202242415739,1.3753191796092956,1.0,0.0,0.7916666666666666,2.531740603218031,1.0,1.0,1.0,1.0,1.0,1.0,1.0,0.8333333333333334,1.0,109.0,1.4588696161905925
1149,E8_REVERSE,0.8000000000000002,0.5,0.8333333333333334,1.0,1.0,1.0,0.1818181818181818,2.3333333333333335,0.8333333333333334,0.0,0.6253546696611442,0.732678856125396,1.5149682866336203,1.0,0.0,0.8452380952380952,2.499169435215947,1.0,1.0,1.0,1.0,1.0,1.0,1.0,0.8333333333333334,1.0,109.0,1.4824296633402507
1149,E9_DELETE,0.7777777777777778,0.5,0.5,1.0,1.0,1.0,0.0,1.0,1.0,0.0,0.43301270189221935,0.43301270189221935,1.2106077944060862,0.0,0.0,1.0,3.0714285714285716,1.0,1.0,1.0,1.0,1.0,1.0,1.0,0.5,1.0,109.0,1.684192419052124
1149,E9_REVERSE,0.8000000000000002,0.5,0.5,0.0,1.0,1.0,0.12121212121212122,3.0,0.75,0.18000000000000002,0.6253546696611442,0.8569568250501304,1.4521473471460797,0.6666666666666666,1.0,0.7678571428571429,2.248062015503876,1.0,1.0,1.0,1.0,1.0,1.0,1.0,1.0,1.0,109.0,1.941977580388387
1149,F_SURFACE_FORMAT_CONTROL,0.6999999999999998,1.0,1.0,1.0,1.0,0.8095238095238096,0.1818181818181818,4.0,0.625,0.15789473684210525,0.8032947318180046,0.6959705453537527,1.4142135623730951,1.0,0.0,0.6785714285714285,2.1578947368421053,1.0,1.0,1.0,1.0,1.0,1.0,1.0,1.0,1.0,109.0,1.7871136665344238
1149,G_RANDOM_CONTROL,0.5,0.5,0.0,1.0,0.6666666666666666,0.8888888888888888,0.0,8.0,0.125,0.42857142857142855,0.8569568250501304,1.653594569415369,0.0,0.0,0.0,0.32142857142857145,1.4444444444444444,1.0,1.0,1.0,1.0,1.0,0.75,1.0,0.5,1.0,109.0,1.9004891713460286
1149,I_ISOMORPHIC_RELABEL,0.6999999999999998,0.5,1.0,1.0,1.0,1.0,0.1818181818181818,3.0,0.75,0.0,0.6959705453537527,0.8569568250501304,1.5537739740300374,1.0,0.0,0.7678571428571429,2.3488372093023258,1.0,1.0,1.0,1.0,1.0,1.0,1.0,1.0,1.0,109.0,1.6007409890492756
1149,L_FORWARD_CONTROL,1.0,0.5,0.5,0.0,1.0,0.6666666666666666,0.0,3.0,0.75,0.375,0.9470901027828579,0.4841229182759272,1.3622324991654227,0.0,1.0,0.7678571428571429,2.302325581395349,1.0,1.0,1.0,0.6666666666666666,0.8333333333333334,0.888888888888889,1.0,0.5,1.0,109.0,1.9936536153157551
1149,M0_SWITCH_NEUTRALIZED,0.6999999999999998,0.5,0.5,1.0,1.0,1.0,0.06060606060606061,2.0,0.875,0.125,0.6084008872006615,0.5547387939685356,1.3204117721242057,0.3333333333333333,0.3333333333333333,0.8928571428571429,2.8226817042606513,1.0,1.0,1.0,0.0,0.0,1.0,1.0,0.6666666666666666,1.0,109.0,1.4534690380096436
1149,M_SWITCH_REASSIGNED,0.6999999999999998,0.5,0.5,0.0,1.0,1.0,0.0,4.0,0.625,0.13043478260869565,0.9921567416492215,0.4841229182759272,1.2207440846057596,0.0,1.0,0.6428571428571429,2.1666666666666665,1.0,1.0,1.0,1.0,1.0,0.8000000000000002,1.0,0.5,1.0,109.0,1.710887352625529
1149,O_ORDER_SHUFFLED,0.5,0.5,0.5,0.0,0.5,1.0,0.3636363636363636,3.0,0.625,0.0,0.4841229182759272,0.6959705453537527,1.4142135623730951,2.0,0.0,0.6964285714285715,2.3846153846153846,1.0,1.0,1.0,1.0,1.0,1.0,1.0,1.0,0.5714285714285714,109.0,1.7520333925882976
1149,P_ANCHOR_REASSIGNED,0.6999999999999998,0.5,1.0,1.0,1.0,1.0,0.1818181818181818,3.0,0.75,0.0,0.6959705453537527,0.8569568250501304,1.5537739740300374,1.0,0.0,0.7678571428571429,2.3488372093023258,1.0,1.0,1.0,1.0,1.0,1.0,1.0,1.0,1.0,109.0,1.6481483777364094
1149,R_DEGREE_MATCHED_REWIRE,0.5,0.6666666666666666,0.5,0.6666666666666666,0.8333333333333334,0.6190476190476191,0.30303030303030304,4.0,0.625,0.39285714285714285,0.7496326385858786,0.9416459840882365,1.5614175576900078,1.6666666666666667,1.0,0.636904761904762,2.175438596491228,1.0,1.0,1.0,1.0,0.8333333333333334,1.0,1.0,1.0,1.0,109.0,1.6246906121571858
1149,T_TERMINAL_CHANGED,0.6999999999999998,0.5,0.6666666666666666,1.0,1.0,1.0,0.1818181818181818,2.0,0.875,0.0,0.5547387939685356,0.732678856125396,1.517255445399351,1.0,0.0,0.8809523809523809,2.5652586616041764,1.0,1.0,1.0,1.0,1.0,1.0,1.0,0.5,0.0,109.0,1.6697978178660076
1149,X_COMPLEXITY_MATCHED,0.3,1.0,0.5,1.0,0.4166666666666667,0.5,0.1818181818181818,2.0,0.875,0.0,0.8569568250501304,0.4841229182759272,1.347867895988652,1.0,0.0,0.875,2.714285714285714,1.0,1.0,1.0,1.0,1.0,1.0,1.0,0.3333333333333333,1.0,109.0,1.5163509845733643
1149,Y_TOPOLOGY_MATCHED,0.5,1.0,0.5,1.0,0.5,0.7777777777777777,0.0,2.0,0.875,0.2857142857142857,0.8569568250501304,0.4841229182759272,1.220744084605761,0.0,0.0,0.875,2.836734693877551,1.0,1.0,1.0,1.0,1.0,1.0,1.0,0.5,1.0,109.0,1.4975423018137615
1150,A_AUTHENTIC,0.6999999999999998,0.5,0.6666666666666666,1.0,1.0,1.0,0.1818181818181818,1.6666666666666667,0.9166666666666666,0.0,0.5547387939685356,0.6084008872006615,1.5080019682126269,1.0,0.0,0.9226190476190476,2.6877076411960132,1.0,1.0,1.0,1.0,1.0,1.0,1.0,0.6666666666666666,1.0,109.0,1.784281333287557
1150,D_ALL_DIRECTION_REVERSED,0.3,0.6666666666666666,0.6666666666666666,0.0,0.0,1.0,0.06060606060606061,2.6666666666666665,0.7916666666666666,0.13958810068649885,0.6959705453537527,0.8569568250501304,1.3694914895249426,0.3333333333333333,0.0,0.8095238095238096,2.6240601503759398,1.0,1.0,1.0,1.0,0.6666666666666666,1.0,1.0,0.5,1.0,109.0,1.5986226399739583
1150,E0_DELETE,0.6666666666666666,0.8333333333333334,0.6666666666666666,1.0,1.0,1.0,0.20000000000000004,4.0,0.625,0.05882352941176471,0.76370716402805,0.7173439510403817,1.4142135623730951,1.0,0.0,0.636904761904762,2.273910582908885,1.0,1.0,1.0,1.0,1.0,1.0,1.0,0.8333333333333334,1.0,109.0,1.7402026653289795
1150,E0_REVERSE,0.6,1.0,1.0,1.0,0.75,1.0,0.1818181818181818,4.0,0.625,0.16374269005847952,0.7496326385858786,0.9921567416492215,1.4142135623730951,1.0,0.0,0.5714285714285714,2.0416666666666665,1.0,1.0,1.0,1.0,1.0,1.0,1.0,1.0,1.0,109.0,2.3452072143554688
1150,E1_DELETE,0.6666666666666666,0.8333333333333334,0.5,1.0,1.0,0.6666666666666666,0.20000000000000004,4.0,0.625,0.0,0.5852961191415048,0.6614378277661477,1.414213562373095,1.0,0.0,0.6785714285714285,2.4210526315789473,1.0,1.0,1.0,1.0,1.0,1.0,1.0,0.8333333333333334,1.0,109.0,1.917474905649821
1150,E1_REVERSE,0.6,1.0,0.5,1.0,0.75,1.0,0.24242424242424243,3.0,0.75,0.10526315789473684,0.8032947318180046,0.6959705453537527,1.4906459390564046,1.3333333333333333,0.0,0.7678571428571429,2.4263565891472867,1.0,1.0,1.0,1.0,1.0,1.0,1.0,1.0,1.0,109.0,1.9215248425801594
1150,E2_DELETE,0.6666666666666666,1.0,0.5,1.0,1.0,0.5,0.20000000000000004,5.0,0.5,0.0,0.6614378277661477,0.82915619758885,1.2720196495140688,1.0,0.0,0.5892857142857143,2.3333333333333335,1.0,1.0,1.0,1.0,1.0,1.0,1.0,1.0,1.0,109.0,1.8884806632995605
1150,E2_REVERSE,0.6,0.6666666666666666,0.6666666666666666,1.0,0.75,1.0,0.1818181818181818,5.0,0.5,0.05555555555555555,0.7496326385858786,0.9774209810671272,1.2720196495140694,1.0,0.0,0.5416666666666666,2.0161977834612106,1.0,1.0,1.0,1.0,1.0,1.0,1.0,0.6666666666666666,1.0,109.0,1.6121129194895427
1150,E3_DELETE,0.6666666666666666,0.5,0.0,1.0,1.0,0.6666666666666666,0.20000000000000004,3.0,0.75,0.0,0.6614378277661477,0.43301270189221935,1.2106077944060876,1.0,0.0,0.7678571428571429,2.7674418604651163,1.0,1.0,1.0,1.0,1.0,1.0,1.0,0.5,1.0,109.0,1.5736581484476726
1150,E3_REVERSE,0.6,0.5,0.0,1.0,0.75,1.0,0.1818181818181818,3.0,0.75,0.0,0.8569568250501304,0.4841229182759272,1.2106077944060876,1.0,0.0,0.7678571428571429,2.7209302325581395,1.0,1.0,1.0,1.0,1.0,1.0,1.0,0.5,1.0,109.0,2.154868205388387
1150,E4_DELETE,0.6666666666666666,0.6666666666666666,0.16666666666666666,1.0,1.0,1.0,0.20000000000000004,4.333333333333333,0.5833333333333334,0.0,0.7173439510403817,0.7173439510403817,1.140405196270724,1.0,0.0,0.6666666666666666,2.524448419797257,1.0,1.0,1.0,1.0,1.0,1.0,1.0,0.6666666666666666,1.0,109.0,2.1591242949167886
1150,E4_REVERSE,0.6,1.0,0.5,1.0,1.0,1.0,0.1818181818181818,7.0,0.25,0.0,0.9921567416492215,0.9921567416492215,1.0,1.0,0.0,0.46428571428571425,1.9615384615384615,1.0,1.0,1.0,1.0,1.0,1.0,1.0,1.0,1.0,109.0,3.344181219736735
1150,E5_DELETE,0.6666666666666666,1.0,0.16666666666666666,1.0,1.0,1.0,0.20000000000000004,4.0,0.625,0.06666666666666667,0.7173439510403817,0.6614378277661477,1.2720196495140703,1.0,0.0,0.6785714285714285,2.4210526315789473,1.0,1.0,1.0,1.0,1.0,1.0,1.0,1.0,1.0,109.0,1.9311723709106445
1150,E5_REVERSE,0.6,0.5,0.0,1.0,1.0,1.0,0.1818181818181818,1.0,1.0,0.0,0.4841229182759272,0.6959705453537527,1.46557123187677,1.0,0.0,1.0,3.0714285714285716,1.0,1.0,1.0,1.0,1.0,1.0,1.0,0.5,1.0,109.0,2.094687302907308
1150,E6_DELETE,0.6666666666666666,0.8333333333333334,0.5,1.0,1.0,1.0,0.20000000000000004,4.0,0.625,0.0,0.6614378277661477,0.5852961191415048,1.4142135623730956,1.0,0.0,0.6785714285714285,2.4736842105263155,1.0,1.0,1.0,1.0,1.0,1.0,1.0,0.8333333333333334,1.0,109.0,1.654419978459676
1150,E6_REVERSE,0.6,0.5,0.5,1.0,1.0,1.0,0.1818181818181818,4.0,0.625,0.0,0.8569568250501304,0.4841229182759272,1.4142135623730956,1.0,0.0,0.6785714285714285,2.3157894736842106,1.0,1.0,1.0,1.0,1.0,1.0,1.0,0.3333333333333333,1.0,109.0,1.6325793266296387
1150,E7_DELETE,0.7777777777777778,1.0,1.0,0.0,1.0,0.8888888888888888,0.0,4.0,0.625,0.05263157894736842,0.8755194105765179,0.6614378277661477,1.189207115002722,0.0,0.0,0.6607142857142857,2.4864864864864864,1.0,1.0,1.0,1.0,1.0,1.0,1.0,1.0,1.0,109.0,1.6680718262990315
1150,E7_REVERSE,0.8000000000000002,1.0,1.0,0.0,1.0,1.0,0.0,8.0,0.125,0.13043478260869565,1.1110243021644486,0.8569568250501304,0.0,0.0,0.0,0.41071428571428575,1.6521739130434783,1.0,1.0,1.0,1.0,1.0,0.8000000000000002,1.0,1.0,1.0,109.0,1.987276315689087
1150,E8_DELETE,0.7777777777777778,0.5,0.5,1.0,1.0,1.0,0.20000000000000004,1.0,1.0,0.0,0.43301270189221935,0.43301270189221935,1.3883666574370508,1.0,0.0,1.0,3.035714285714286,1.0,1.0,1.0,1.0,1.0,1.0,1.0,0.5,1.0,109.0,1.8547993501027424
1150,E8_REVERSE,0.8000000000000002,0.6666666666666666,0.8333333333333334,1.0,1.0,1.0,0.1818181818181818,3.0,0.75,0.0,0.6790167628932702,0.6790167628932702,1.4210501784616307,1.0,0.0,0.7916666666666666,2.3983942414174972,1.0,1.0,1.0,1.0,1.0,1.0,1.0,0.8333333333333334,1.0,109.0,1.6470261414845784
1150,E9_DELETE,0.7777777777777778,0.6666666666666666,0.6666666666666666,1.0,1.0,1.0,0.06666666666666667,3.3333333333333335,0.7083333333333334,0.05263157894736842,0.5852961191415048,0.5852961191415048,1.2082737855930608,0.3333333333333333,0.0,0.7619047619047619,2.5367094206103498,1.0,1.0,1.0,1.0,1.0,1.0,1.0,0.8333333333333334,1.0,109.0,1.7258365154266357
1150,E9_REVERSE,0.8000000000000002,0.6666666666666666,0.6666666666666666,0.0,1.0,0.7777777777777777,0.0,6.0,0.375,0.31225296442687744,0.9416459840882365,0.6959705453537527,1.0000000000000009,0.0,1.0,0.5297619047619048,1.9777777777777779,1.0,1.0,1.0,1.0,1.0,1.0,1.0,1.0,1.0,109.0,1.7846452395121257
1150,F_SURFACE_FORMAT_CONTROL,0.6999999999999998,1.0,1.0,1.0,1.0,1.0,0.1818181818181818,4.0,0.625,0.15789473684210525,0.8569568250501304,0.6959705453537527,1.4142135623730951,1.0,0.0,0.6785714285714285,2.1578947368421053,1.0,1.0,1.0,1.0,1.0,1.0,1.0,1.0,1.0,109.0,1.684110403060913
1150,G_RANDOM_CONTROL,0.4000000000000001,0.5,0.3333333333333333,0.0,0.4166666666666667,0.5333333333333333,0.30303030303030304,6.0,0.375,0.2333333333333333,1.1110243021644486,0.9921567416492215,1.5202619782481783,1.6666666666666667,1.0,0.36309523809523814,1.547673531655225,1.0,1.0,1.0,1.0,1.0,0.8000000000000002,1.0,0.25,1.0,109.0,2.8095781803131104
1150,I_ISOMORPHIC_RELABEL,0.6999999999999998,0.5,0.8333333333333334,1.0,1.0,1.0,0.1818181818181818,2.3333333333333335,0.8333333333333334,0.0,0.6253546696611442,0.732678856125396,1.530887971121332,1.0,0.0,0.8452380952380952,2.5182724252491693,1.0,1.0,1.0,1.0,1.0,1.0,1.0,0.8333333333333334,1.0,109.0,1.6800368626912434
1150,L_FORWARD_CONTROL,1.0,0.16666666666666666,0.16666666666666666,0.0,1.0,1.0,0.0,4.666666666666667,0.5416666666666666,0.2727272727272727,0.8032947318180046,0.5547387939685356,1.1471627230705064,0.0,1.0,0.636904761904762,2.1120543293718166,1.0,1.0,1.0,1.0,1.0,1.0,1.0,0.5,1.0,109.0,1.60825514793396
1150,M0_SWITCH_NEUTRALIZED,0.6999999999999998,0.6666666666666666,0.6666666666666666,1.0,1.0,1.0,0.0,2.0,0.875,0.17857142857142858,0.6959705453537527,0.5547387939685356,1.3146252005826893,0.0,0.3333333333333333,0.8928571428571429,2.770050125313283,1.0,1.0,1.0,0.0,0.0,1.0,1.0,0.6666666666666666,1.0,109.0,1.7674484252929688
1150,M_SWITCH_REASSIGNED,0.6999999999999998,0.3333333333333333,0.3333333333333333,0.0,1.0,1.0,0.06060606060606061,2.6666666666666665,0.7916666666666666,0.2748917748917749,0.8032947318180046,0.5547387939685356,1.4713744739817292,0.3333333333333333,1.3333333333333333,0.8035714285714285,2.564467647524126,1.0,1.0,1.0,1.0,0.6666666666666666,1.0,1.0,0.4444444444444444,1.0,109.0,1.787746826807658
1150,O_ORDER_SHUFFLED,0.6999999999999998,0.6666666666666666,0.6666666666666666,1.0,1.0,1.0,0.1818181818181818,2.0,0.875,0.05555555555555555,0.5547387939685356,0.6084008872006615,1.4614818309936464,1.0,0.0,0.8928571428571429,2.676691729323308,0.5357142857142857,1.0,1.0,1.0,1.0,1.0,1.0,0.6666666666666666,1.0,109.0,1.5051379203796387
1150,P_ANCHOR_REASSIGNED,0.6999999999999998,0.8333333333333334,1.0,1.0,1.0,1.0,0.1818181818181818,3.6666666666666665,0.6666666666666666,0.05263157894736842,0.7496326385858786,0.7496326385858786,1.460733699592076,1.0,0.0,0.7083333333333334,2.2390860873113017,1.0,1.0,1.0,1.0,1.0,1.0,1.0,1.0,1.0,109.0,2.910034497578939
1150,R_DEGREE_MATCHED_REWIRE,0.4000000000000001,1.0,1.0,1.0,1.0,0.42857142857142855,0.30303030303030304,3.0,0.75,0.05263157894736842,0.8032947318180046,0.7496326385858786,1.5387818488658012,1.6666666666666667,0.0,0.7678571428571429,2.511627906976744,1.0,1.0,1.0,1.0,1.0,1.0,1.0,1.0,1.0,109.0,1.6449447472890217
1150,T_TERMINAL_CHANGED,0.6999999999999998,0.5,0.5,1.0,1.0,1.0,0.1818181818181818,1.0,1.0,0.0,0.4841229182759272,0.4841229182759272,1.4851159653039219,1.0,0.0,1.0,2.857142857142857,1.0,1.0,1.0,1.0,1.0,1.0,1.0,0.5,0.0,109.0,1.9716869990030925
1150,X_COMPLEXITY_MATCHED,0.6,1.0,0.6666666666666666,1.0,0.6666666666666666,0.8888888888888888,0.12121212121212122,3.3333333333333335,0.7083333333333334,0.18526315789473682,1.0714017819927062,0.5547387939685356,1.2134384616814715,0.6666666666666666,0.0,0.7202380952380952,2.4144144144144146,1.0,1.0,1.0,1.0,1.0,1.0,1.0,0.5,1.0,109.0,1.644982894261678
1150,Y_TOPOLOGY_MATCHED,0.6,1.0,0.5,1.0,0.8333333333333334,0.7222222222222222,0.0,2.0,0.875,0.14285714285714285,0.4841229182759272,0.6959705453537527,1.3247179572447458,0.0,1.0,0.875,2.510204081632653,1.0,1.0,1.0,1.0,1.0,1.0,1.0,0.5,1.0,109.0,1.6851266225179036
1151,A_AUTHENTIC,0.6999999999999998,0.5,0.5,1.0,1.0,1.0,0.1818181818181818,1.0,1.0,0.0,0.4841229182759272,0.4841229182759272,1.4851159653039219,1.0,0.0,1.0,2.857142857142857,1.0,1.0,1.0,1.0,1.0,1.0,1.0,0.5,1.0,109.0,1.7088709672292073
1151,D_ALL_DIRECTION_REVERSED,0.3,0.8333333333333334,0.5,0.0,0.0,1.0,0.12121212121212122,2.3333333333333335,0.8333333333333334,0.09903381642512077,0.6253546696611442,0.8032947318180046,1.4597926680746192,0.6666666666666666,0.3333333333333333,0.8392857142857143,2.6837525707957597,1.0,1.0,1.0,1.0,0.6666666666666666,1.0,1.0,0.5,1.0,109.0,1.7351555824279785
1151,E0_DELETE,0.6666666666666666,1.0,0.6666666666666666,1.0,1.0,1.0,0.20000000000000004,4.0,0.625,0.0,0.819613287302284,0.7173439510403817,1.4142135623730951,1.0,0.0,0.6309523809523809,2.260955352636168,1.0,1.0,1.0,1.0,1.0,1.0,1.0,1.0,1.0,109.0,2.123005469640096
1151,E0_REVERSE,0.6,0.5,0.5,1.0,0.75,1.0,0.1818181818181818,4.0,0.625,0.0,0.6959705453537527,0.6959705453537527,1.4142135623730951,1.0,0.0,0.6785714285714285,2.263157894736842,1.0,1.0,1.0,1.0,1.0,1.0,1.0,0.5,1.0,109.0,2.2733853658040366
1151,E1_DELETE,0.6666666666666666,1.0,0.5,1.0,1.0,0.5079365079365079,0.20000000000000004,4.0,0.625,0.0,0.7173439510403817,0.6614378277661477,1.4142135623730951,1.0,0.0,0.6785714285714285,2.3859649122807016,1.0,1.0,1.0,1.0,1.0,1.0,1.0,1.0,1.0,109.0,1.8140899340311687
1151,E1_REVERSE,0.6,0.5,0.5,1.0,0.75,1.0,0.1818181818181818,4.0,0.625,0.0,0.4841229182759272,0.6959705453537527,1.4142135623730943,1.0,0.0,0.6785714285714285,2.210526315789474,1.0,1.0,1.0,1.0,1.0,1.0,1.0,0.5,1.0,109.0,1.631548245747884
1151,E2_DELETE,0.6666666666666666,0.6666666666666666,0.6666666666666666,1.0,1.0,0.4523809523809524,0.20000000000000004,5.0,0.5,0.0,0.5852961191415048,0.819613287302284,1.2720196495140692,1.0,0.0,0.5595238095238095,2.0991615501419423,1.0,1.0,1.0,1.0,1.0,1.0,1.0,0.8333333333333334,1.0,109.0,4.097222566604614
1151,E2_REVERSE,0.6,0.5,0.5,1.0,0.75,1.0,0.1818181818181818,5.0,0.5,0.0,0.6959705453537527,0.8569568250501304,1.2720196495140697,1.0,0.0,0.6071428571428571,2.176470588235294,1.0,1.0,1.0,1.0,1.0,1.0,1.0,0.5,1.0,109.0,1.8220750490824382
1151,E3_DELETE,0.6666666666666666,0.6666666666666666,0.0,1.0,1.0,0.6666666666666666,0.20000000000000004,4.333333333333333,0.5833333333333334,0.0,0.6614378277661477,0.509154410516862,1.1404051962707251,1.0,0.0,0.6845238095238096,2.5461106655974337,1.0,1.0,1.0,1.0,1.0,1.0,1.0,0.6666666666666666,1.0,109.0,2.129840930302938
1151,E3_REVERSE,0.6,0.6666666666666666,0.0,1.0,0.75,1.0,0.1818181818181818,4.333333333333333,0.5833333333333334,0.0,0.8569568250501304,0.5547387939685356,1.1404051962707251,1.0,0.0,0.6845238095238096,2.492114407912323,1.0,1.0,1.0,1.0,1.0,1.0,1.0,0.6666666666666666,1.0,109.0,2.2197458744049072
1151,E4_DELETE,0.6666666666666666,1.0,0.16666666666666666,1.0,1.0,1.0,0.20000000000000004,5.0,0.5,0.0625,0.76370716402805,0.7173439510403817,1.2761423749153968,1.0,0.0,0.6071428571428572,2.242240215924426,1.0,1.0,1.0,1.0,1.0,1.0,1.0,1.0,1.0,109.0,1.430799166361491
1151,E4_REVERSE,0.6,0.6666666666666666,0.0,1.0,1.0,1.0,0.1818181818181818,4.333333333333333,0.5833333333333334,0.05263157894736842,0.6959705453537527,0.9020234639164942,1.140405196270724,1.0,0.0,0.6785714285714285,2.4330011074197118,1.0,1.0,1.0,1.0,1.0,1.0,1.0,0.6666666666666666,1.0,109.0,1.6852061748504639
1151,E5_DELETE,0.6666666666666666,0.6666666666666666,0.16666666666666666,1.0,1.0,0.8888888888888888,0.20000000000000004,2.0,0.875,0.0,0.509154410516862,0.509154410516862,1.3281419269222214,1.0,0.0,0.8928571428571429,2.9022556390977443,1.0,1.0,1.0,1.0,1.0,1.0,1.0,0.6666666666666666,1.0,109.0,1.5594669977823894
1151,E5_REVERSE,0.6,0.5,0.0,1.0,1.0,1.0,0.1818181818181818,1.0,1.0,0.0,0.4841229182759272,0.6959705453537527,1.46557123187677,1.0,0.0,1.0,3.0714285714285716,1.0,1.0,1.0,1.0,1.0,1.0,1.0,0.5,1.0,109.0,1.4187504450480144
1151,E6_DELETE,0.6666666666666666,1.0,0.5,1.0,1.0,1.0,0.20000000000000004,4.0,0.625,0.0,0.6614378277661477,0.6614378277661477,1.4142135623730951,1.0,0.0,0.6785714285714285,2.4210526315789473,1.0,1.0,1.0,1.0,1.0,1.0,1.0,1.0,1.0,109.0,1.6418355305989583
1151,E6_REVERSE,0.6,0.5,0.5,1.0,1.0,1.0,0.1818181818181818,4.0,0.625,0.0,0.8569568250501304,0.4841229182759272,1.4142135623730956,1.0,0.0,0.6785714285714285,2.3157894736842106,1.0,1.0,1.0,1.0,1.0,1.0,1.0,0.3333333333333333,1.0,109.0,1.9694480895996094
1151,E7_DELETE,0.7777777777777778,0.3333333333333333,0.3333333333333333,0.0,1.0,0.4761904761904762,0.0,3.0,0.75,0.1111111111111111,0.43301270189221935,0.7173439510403817,1.2354733094662163,0.0,0.6666666666666666,0.7678571428571429,2.511301294711433,1.0,1.0,1.0,1.0,1.0,0.8000000000000002,1.0,1.0,1.0,109.0,1.8779341379801433
1151,E7_REVERSE,0.8000000000000002,0.3333333333333333,0.3333333333333333,0.0,1.0,1.0,0.12121212121212122,5.333333333333333,0.4583333333333333,0.15873015873015872,0.8569568250501304,0.7496326385858786,0.920185046065077,0.6666666666666666,0.0,0.5178571428571429,2.059163059163059,1.0,1.0,1.0,1.0,0.8333333333333334,0.8000000000000002,1.0,0.8333333333333334,1.0,109.0,1.6604743003845215
1151,E8_DELETE,0.7777777777777778,0.6666666666666666,0.6666666666666666,1.0,1.0,1.0,0.20000000000000004,2.3333333333333335,0.8333333333333334,0.06666666666666667,0.5650605337910962,0.509154410516862,1.3495843214627232,1.0,0.0,0.8690476190476191,2.7296918767507,1.0,1.0,1.0,1.0,1.0,1.0,1.0,0.6666666666666666,1.0,109.0,1.3956491947174072
1151,E8_REVERSE,0.8000000000000002,0.6666666666666666,0.6666666666666666,1.0,1.0,1.0,0.1818181818181818,2.3333333333333335,0.8333333333333334,0.0,0.6084008872006615,0.5547387939685356,1.3822444910652136,1.0,0.0,0.8690476190476191,2.5952380952380953,1.0,1.0,1.0,1.0,1.0,1.0,1.0,0.6666666666666666,1.0,109.0,1.5657374858856201
1151,E9_DELETE,0.7777777777777778,0.5,0.5,1.0,1.0,1.0,0.0,1.0,1.0,0.0,0.43301270189221935,0.43301270189221935,1.2106077944060862,0.0,0.0,1.0,3.0714285714285716,1.0,1.0,1.0,1.0,1.0,1.0,1.0,0.5,1.0,109.0,1.863586187362671
1151,E9_REVERSE,0.8000000000000002,0.8333333333333334,1.0,0.0,1.0,0.6666666666666666,0.06060606060606061,5.0,0.5,0.4332919254658385,0.9020234639164942,0.9020234639164942,1.3470739355314383,0.3333333333333333,2.0,0.5892857142857143,2.1616161616161613,1.0,1.0,1.0,0.6666666666666666,0.6666666666666666,1.0,1.0,1.0,1.0,109.0,1.5767292976379395
1151,F_SURFACE_FORMAT_CONTROL,0.6999999999999998,0.6666666666666666,1.0,1.0,1.0,1.0,0.1818181818181818,3.3333333333333335,0.7083333333333334,0.05263157894736842,0.7496326385858786,0.8032947318180046,1.5072538368110564,1.0,0.0,0.7380952380952381,2.2851897184822523,1.0,1.0,1.0,1.0,1.0,1.0,1.0,1.0,1.0,109.0,1.5701580842336018
1151,G_RANDOM_CONTROL,0.5,0.5,1.0,0.0,0.4166666666666667,0.5873015873015873,0.1818181818181818,7.0,0.25,0.5,1.1110243021644486,1.4086784586980805,1.0,1.0,0.0,0.33928571428571425,1.4736842105263157,1.0,1.0,1.0,1.0,0.5,0.8000000000000002,1.0,1.0,1.0,109.0,1.8073546091715496
1151,I_ISOMORPHIC_RELABEL,0.6999999999999998,0.5,0.5,1.0,1.0,1.0,0.1818181818181818,1.0,1.0,0.0,0.4841229182759272,0.4841229182759272,1.4851159653039219,1.0,0.0,1.0,2.857142857142857,1.0,1.0,1.0,1.0,1.0,1.0,1.0,0.5,1.0,109.0,1.6934058666229248
1151,L_FORWARD_CONTROL,1.0,0.5,0.5,0.0,1.0,1.0,0.1818181818181818,7.0,0.25,0.173202614379085,0.7946992774522422,0.8569568250501304,1.0,1.0,0.0,0.4226190476190476,1.7463768115942029,1.0,1.0,1.0,1.0,0.5,0.8333333333333334,1.0,1.0,1.0,109.0,1.7310795783996582
1151,M0_SWITCH_NEUTRALIZED,0.6999999999999998,0.6666666666666666,0.6666666666666666,1.0,1.0,1.0,0.0,2.0,0.875,0.22023809523809523,0.7496326385858786,0.5547387939685356,1.3146252005826893,0.0,0.3333333333333333,0.8928571428571429,2.8226817042606513,1.0,1.0,1.0,0.0,0.0,1.0,1.0,0.6666666666666666,1.0,109.0,1.7261885007222493
1151,M_SWITCH_REASSIGNED,0.6999999999999998,0.6666666666666666,1.0,0.0,1.0,1.0,0.0,4.0,0.625,0.3601046698872786,1.022487619933491,0.6959705453537527,1.3371393578466335,0.0,1.6666666666666667,0.6011904761904762,2.038722006463942,1.0,1.0,1.0,1.0,0.8333333333333334,0.8000000000000002,1.0,1.0,1.0,109.0,1.699080467224121
1151,O_ORDER_SHUFFLED,0.5,0.3333333333333333,0.8333333333333334,1.0,0.25,1.0,0.1818181818181818,3.3333333333333335,0.7083333333333334,0.05263157894736842,0.6790167628932702,0.7496326385858786,1.4486390127660567,1.0,0.0,0.7440476190476191,2.2996777658431795,1.0,1.0,1.0,1.0,1.0,1.0,1.0,1.0,0.7142857142857143,109.0,1.762242317199707
1151,P_ANCHOR_REASSIGNED,0.6999999999999998,0.8333333333333334,0.8333333333333334,1.0,1.0,1.0,0.1818181818181818,3.0,0.75,0.10818713450292398,0.6790167628932702,0.6790167628932702,1.4378476966833709,1.0,0.0,0.7857142857142857,2.443609022556391,1.0,1.0,1.0,1.0,1.0,1.0,1.0,0.8333333333333334,1.0,109.0,1.7567306359608967
1151,R_DEGREE_MATCHED_REWIRE,0.4000000000000001,0.8333333333333334,0.8333333333333334,1.0,0.5833333333333334,0.8333333333333334,0.5454545454545454,4.333333333333333,0.5,0.2111111111111111,0.6790167628932702,0.6790167628932702,1.6793352377682087,3.0,0.6666666666666666,0.5654761904761906,2.3056849953401675,1.0,1.0,1.0,1.0,1.0,1.0,1.0,0.8333333333333334,1.0,109.0,2.115685780843099
1151,T_TERMINAL_CHANGED,0.6999999999999998,0.5,0.5,1.0,1.0,1.0,0.1818181818181818,1.0,1.0,0.0,0.4841229182759272,0.4841229182759272,1.4851159653039219,1.0,0.0,1.0,2.857142857142857,1.0,1.0,1.0,1.0,1.0,1.0,1.0,0.5,0.0,109.0,1.4687002499898274
1151,X_COMPLEXITY_MATCHED,0.4000000000000001,0.5,1.0,1.0,0.25,0.6666666666666666,0.0,3.0,0.75,0.13636363636363635,0.7496326385858786,0.6959705453537527,1.1509639252577588,0.0,0.0,0.7678571428571429,2.4573643410852712,1.0,1.0,1.0,1.0,1.0,1.0,1.0,0.3333333333333333,1.0,109.0,1.6623817284901936
1151,Y_TOPOLOGY_MATCHED,0.6,0.8333333333333334,0.8333333333333334,1.0,0.75,1.0,0.06060606060606061,5.666666666666667,0.375,0.39285714285714285,0.9020234639164942,0.6253546696611442,1.0000000000000009,0.3333333333333333,1.0,0.5595238095238095,1.935483870967742,1.0,1.0,1.0,1.0,1.0,1.0,1.0,0.8333333333333334,1.0,109.0,1.8084218502044678
1152,A_AUTHENTIC,0.6999999999999998,0.5,0.6666666666666666,1.0,1.0,1.0,0.1818181818181818,1.6666666666666667,0.9166666666666666,0.0,0.5547387939685356,0.6084008872006615,1.5080019682126269,1.0,0.0,0.9226190476190476,2.6877076411960132,1.0,1.0,1.0,1.0,1.0,1.0,1.0,0.6666666666666666,1.0,109.0,1.6670130888621013
1152,D_ALL_DIRECTION_REVERSED,0.3,0.3333333333333333,1.0,0.0,0.0,1.0,0.12121212121212122,3.3333333333333335,0.7083333333333334,0.08,0.8032947318180046,0.7496326385858786,1.4581181635509235,0.6666666666666666,0.3333333333333333,0.7380952380952381,2.361077111383109,1.0,1.0,1.0,1.0,0.8333333333333334,1.0,1.0,0.4444444444444444,1.0,109.0,2.127999782562256
1152,E0_DELETE,0.6666666666666666,0.5,0.8333333333333334,1.0,1.0,1.0,0.20000000000000004,3.3333333333333335,0.7083333333333334,0.0,0.6614378277661477,0.8659765002899521,1.5072538368110562,1.0,0.0,0.6547619047619048,2.215399610136452,1.0,1.0,1.0,1.0,1.0,1.0,1.0,0.8333333333333334,1.0,109.0,2.151145060857137
1152,E0_REVERSE,0.6,0.5,0.5,1.0,0.75,0.75,0.1818181818181818,4.0,0.625,0.0,0.6959705453537527,0.6959705453537527,1.4142135623730951,1.0,0.0,0.6785714285714285,2.263157894736842,1.0,1.0,1.0,1.0,1.0,1.0,1.0,0.5,1.0,109.0,1.7159732182820637
1152,E1_DELETE,0.6666666666666666,0.5,0.5,1.0,1.0,0.6666666666666666,0.20000000000000004,4.0,0.625,0.0,0.43301270189221935,0.6614378277661477,1.4142135623730943,1.0,0.0,0.6785714285714285,2.4210526315789473,1.0,1.0,1.0,1.0,1.0,1.0,1.0,0.5,1.0,109.0,1.8692331314086914
1152,E1_REVERSE,0.6,0.5,1.0,1.0,0.75,1.0,0.1818181818181818,4.0,0.625,0.0,0.8569568250501304,0.9921567416492215,1.414213562373095,1.0,0.0,0.5535714285714286,1.967741935483871,1.0,1.0,1.0,1.0,1.0,1.0,1.0,1.0,1.0,109.0,1.462712049484253
1152,E2_DELETE,0.6666666666666666,0.5,0.8333333333333334,1.0,1.0,0.5,0.20000000000000004,5.0,0.5,0.0,0.5852961191415048,0.8659765002899521,1.2720196495140692,1.0,0.0,0.5238095238095238,1.999273783587509,1.0,1.0,1.0,1.0,1.0,1.0,1.0,0.8333333333333334,1.0,109.0,1.753800630569458
1152,E2_REVERSE,0.6,0.5,0.5,1.0,0.75,1.0,0.1818181818181818,5.0,0.5,0.0,0.6959705453537527,0.8569568250501304,1.2720196495140697,1.0,0.0,0.6071428571428571,2.176470588235294,1.0,1.0,1.0,1.0,1.0,1.0,1.0,0.5,1.0,109.0,1.4818843205769856
1152,E3_DELETE,0.6666666666666666,0.6666666666666666,0.16666666666666666,1.0,1.0,0.6666666666666666,0.20000000000000004,5.0,0.5,0.07142857142857142,0.7732500743146158,0.641202242415739,1.1608758146400524,1.0,0.0,0.5952380952380952,2.2945639534883724,1.0,1.0,1.0,1.0,1.0,1.0,1.0,0.8333333333333334,1.0,109.0,1.7917970816294353
1152,E3_REVERSE,0.6,0.5,0.0,1.0,0.75,1.0,0.1818181818181818,3.0,0.75,0.0,0.8569568250501304,0.4841229182759272,1.2106077944060876,1.0,0.0,0.7678571428571429,2.7209302325581395,1.0,1.0,1.0,1.0,1.0,1.0,1.0,0.5,1.0,109.0,1.5007712841033936
1152,E4_DELETE,0.6666666666666666,1.0,0.0,1.0,1.0,1.0,0.20000000000000004,5.0,0.5,0.06666666666666667,0.7173439510403817,0.76370716402805,1.2761423749153968,1.0,0.0,0.6071428571428572,2.2935222672064777,1.0,1.0,1.0,1.0,1.0,1.0,1.0,1.0,1.0,109.0,1.8138372898101807
1152,E4_REVERSE,0.6,0.5,0.0,1.0,1.0,1.0,0.1818181818181818,3.3333333333333335,0.7083333333333334,0.05555555555555555,0.6959705453537527,0.8569568250501304,1.2834413028834393,1.0,0.3333333333333333,0.7380952380952381,2.620971032231742,1.0,1.0,1.0,1.0,1.0,1.0,1.0,0.5,1.0,109.0,1.6238234837849934
1152,E5_DELETE,0.6666666666666666,0.5,0.0,1.0,1.0,1.0,0.20000000000000004,1.0,1.0,0.0,0.43301270189221935,0.43301270189221935,1.356203065626297,1.0,0.0,1.0,3.142857142857143,1.0,1.0,1.0,1.0,1.0,1.0,1.0,0.5,1.0,109.0,1.3791329860687256
1152,E5_REVERSE,0.6,0.5,0.0,1.0,1.0,1.0,0.1818181818181818,1.0,1.0,0.0,0.4841229182759272,0.6959705453537527,1.46557123187677,1.0,0.0,1.0,3.0714285714285716,1.0,1.0,1.0,1.0,1.0,1.0,1.0,0.5,1.0,109.0,1.5297460556030273
1152,E6_DELETE,0.6666666666666666,1.0,0.5,1.0,1.0,1.0,0.20000000000000004,4.0,0.625,0.0,0.6614378277661477,0.6614378277661477,1.4142135623730951,1.0,0.0,0.6785714285714285,2.4210526315789473,1.0,1.0,1.0,1.0,1.0,1.0,1.0,1.0,1.0,109.0,1.9253853956858318
1152,E6_REVERSE,0.6,0.8333333333333334,0.5,1.0,1.0,1.0,0.30303030303030304,3.3333333333333335,0.7083333333333334,0.0,0.8569568250501304,0.4841229182759272,1.5500938466242953,1.6666666666666667,0.0,0.7380952380952381,2.430844553243574,1.0,1.0,1.0,1.0,1.0,1.0,1.0,0.4444444444444444,1.0,109.0,1.617492437362671
1152,E7_DELETE,0.7777777777777778,0.5,0.5,0.0,1.0,0.6666666666666666,0.20000000000000004,3.0,0.75,0.0,0.6614378277661477,0.43301270189221935,1.2106077944060876,1.0,0.0,0.7678571428571429,2.7674418604651163,1.0,1.0,1.0,1.0,1.0,1.0,1.0,0.5,1.0,109.0,1.499226490656535
1152,E7_REVERSE,0.8000000000000002,0.16666666666666666,0.16666666666666666,0.0,1.0,1.0,0.0,4.0,0.625,0.17857142857142858,0.9416459840882365,0.8569568250501304,1.189207115002722,0.0,0.0,0.6785714285714285,2.5350877192982457,1.0,1.0,1.0,1.0,1.0,1.0,1.0,0.6666666666666666,1.0,109.0,1.7312620480855305
1152,E8_DELETE,0.7777777777777778,0.5,0.5,1.0,1.0,1.0,0.20000000000000004,1.0,1.0,0.0,0.43301270189221935,0.43301270189221935,1.3883666574370508,1.0,0.0,1.0,3.035714285714286,1.0,1.0,1.0,1.0,1.0,1.0,1.0,0.5,1.0,109.0,1.4849477608998616
1152,E8_REVERSE,0.8000000000000002,0.5,0.5,1.0,1.0,1.0,0.1818181818181818,1.0,1.0,0.0,0.4841229182759272,0.4841229182759272,1.437356911840786,1.0,0.0,1.0,2.892857142857143,1.0,1.0,1.0,1.0,1.0,1.0,1.0,0.5,1.0,109.0,1.6591089566548665
1152,E9_DELETE,0.7777777777777778,0.5,0.5,1.0,1.0,1.0,0.0,1.0,1.0,0.0,0.43301270189221935,0.43301270189221935,1.2106077944060862,0.0,0.0,1.0,3.0714285714285716,1.0,1.0,1.0,1.0,1.0,1.0,1.0,0.5,1.0,109.0,1.6330068906148274
1152,E9_REVERSE,0.8000000000000002,0.0,0.5,0.0,1.0,1.0,0.0,2.0,0.875,0.2727272727272727,0.8569568250501304,0.6959705453537527,1.3040771554025246,0.0,1.0,0.875,2.8163265306122454,1.0,1.0,1.0,1.0,1.0,0.8000000000000002,1.0,0.5,1.0,109.0,1.5428324540456135
1152,F_SURFACE_FORMAT_CONTROL,0.6999999999999998,0.6666666666666666,1.0,1.0,1.0,1.0,0.1818181818181818,3.3333333333333335,0.7083333333333334,0.0,0.6959705453537527,0.8032947318180046,1.5072538368110564,1.0,0.0,0.7380952380952381,2.302733578131375,1.0,1.0,1.0,1.0,1.0,1.0,1.0,1.0,1.0,109.0,1.7290584246317546
1152,G_RANDOM_CONTROL,0.4000000000000001,0.5,0.5,1.0,0.5,1.0,0.1818181818181818,7.0,0.25,0.3157894736842105,1.2183492931011204,0.8569568250501304,1.0,1.0,0.0,0.32142857142857145,1.4444444444444444,1.0,1.0,1.0,1.0,1.0,1.0,1.0,0.5,1.0,109.0,1.636898438135783
1152,I_ISOMORPHIC_RELABEL,0.6999999999999998,0.5,0.5,1.0,1.0,1.0,0.1818181818181818,1.0,1.0,0.0,0.4841229182759272,0.4841229182759272,1.4851159653039219,1.0,0.0,1.0,2.857142857142857,1.0,1.0,1.0,1.0,1.0,1.0,1.0,0.5,1.0,109.0,1.5047651131947835
1152,L_FORWARD_CONTROL,1.0,0.5,0.5,0.0,1.0,1.0,0.0,5.0,0.5,0.4090909090909091,0.4841229182759272,0.8569568250501304,1.220744084605759,0.0,1.0,0.5714285714285714,1.96875,1.0,1.0,1.0,1.0,1.0,0.8333333333333334,1.0,1.0,1.0,109.0,1.6583805878957112
1152,M0_SWITCH_NEUTRALIZED,0.6999999999999998,0.5,0.5,1.0,1.0,1.0,0.0,1.0,1.0,0.14285714285714285,0.6959705453537527,0.4841229182759272,1.2953328187743716,0.0,0.0,1.0,3.089285714285714,1.0,1.0,1.0,0.0,0.0,1.0,1.0,0.5,1.0,109.0,1.758392095565796
1152,M_SWITCH_REASSIGNED,0.6999999999999998,0.5,0.5,0.0,1.0,1.0,0.0,4.666666666666667,0.5416666666666666,0.29891304347826086,0.8569568250501304,0.7946992774522422,1.2164786381631643,0.0,1.0,0.5416666666666666,1.9268686868686868,1.0,1.0,1.0,1.0,1.0,0.8000000000000002,1.0,1.0,1.0,109.0,1.821586052576701
1152,O_ORDER_SHUFFLED,0.6,0.5,0.5,0.0,0.5,1.0,0.1818181818181818,3.0,0.75,0.0,0.6959705453537527,0.4841229182759272,1.5537739740300385,1.0,0.0,0.7678571428571429,2.441860465116279,1.0,1.0,1.0,1.0,1.0,1.0,1.0,0.5,0.42857142857142855,109.0,1.608868916829427
1152,P_ANCHOR_REASSIGNED,0.6999999999999998,0.5,0.8333333333333334,1.0,1.0,1.0,0.1818181818181818,2.3333333333333335,0.8333333333333334,0.0,0.6253546696611442,0.732678856125396,1.530887971121332,1.0,0.0,0.8452380952380952,2.5182724252491693,1.0,1.0,1.0,1.0,1.0,1.0,1.0,0.8333333333333334,1.0,109.0,1.7180135250091553
1152,R_DEGREE_MATCHED_REWIRE,0.5,0.8333333333333334,0.3333333333333333,1.0,0.9166666666666666,0.4523809523809524,0.1818181818181818,2.3333333333333335,0.8333333333333334,0.4176470588235294,0.6253546696611442,0.732678856125396,1.4544889498435343,1.0,2.0,0.8452380952380952,2.5683831672203765,1.0,1.0,1.0,1.0,1.0,1.0,1.0,0.8333333333333334,1.0,109.0,1.6613605817159016
1152,T_TERMINAL_CHANGED,0.6999999999999998,0.5,0.5,1.0,1.0,1.0,0.1818181818181818,1.0,1.0,0.0,0.4841229182759272,0.4841229182759272,1.4851159653039219,1.0,0.0,1.0,2.857142857142857,1.0,1.0,1.0,1.0,1.0,1.0,1.0,0.5,0.0,109.0,1.6949772834777832
1152,X_COMPLEXITY_MATCHED,0.3,0.8333333333333334,1.0,1.0,0.08333333333333333,1.0,0.0,3.0,0.75,0.36904761904761907,0.9470901027828579,0.7496326385858786,1.474701750399855,0.0,2.3333333333333335,0.6845238095238096,2.181309216192937,1.0,1.0,1.0,1.0,1.0,1.0,1.0,0.3055555555555555,1.0,109.0,1.7506605784098308
1152,Y_TOPOLOGY_MATCHED,0.6,0.8333333333333334,0.5,1.0,0.75,0.6666666666666666,0.0,2.0,0.875,0.13636363636363635,0.4841229182759272,0.6959705453537527,1.3337509606069704,0.0,1.0,0.875,2.63265306122449,1.0,1.0,1.0,1.0,1.0,1.0,1.0,0.4444444444444444,1.0,109.0,1.8201920986175537
1154,A_AUTHENTIC,0.6999999999999998,0.5,0.6666666666666666,1.0,1.0,1.0,0.1818181818181818,1.6666666666666667,0.9166666666666666,0.0,0.5547387939685356,0.6084008872006615,1.5080019682126269,1.0,0.0,0.9226190476190476,2.6877076411960132,1.0,1.0,1.0,1.0,1.0,1.0,1.0,0.6666666666666666,1.0,109.0,2.290371815363566
1154,D_ALL_DIRECTION_REVERSED,0.3,0.8333333333333334,0.6666666666666666,0.0,0.0,1.0,0.1818181818181818,2.3333333333333335,0.8333333333333334,0.0,0.7496326385858786,0.6959705453537527,1.460733699592076,1.0,0.0,0.8392857142857143,2.63328587248853,1.0,1.0,1.0,1.0,0.6666666666666666,1.0,1.0,0.5,1.0,109.0,2.3084446589152017
1154,E0_DELETE,0.6666666666666666,0.6666666666666666,1.0,1.0,1.0,1.0,0.20000000000000004,3.3333333333333335,0.7083333333333334,0.05882352941176471,0.76370716402805,0.9218826235641862,1.5072538368110562,1.0,0.0,0.6130952380952381,2.1033452807646356,1.0,1.0,1.0,1.0,1.0,1.0,1.0,1.0,1.0,109.0,1.593459129333496
1154,E0_REVERSE,0.6,0.5,0.8333333333333334,1.0,0.75,1.0,0.1818181818181818,3.6666666666666665,0.6666666666666666,0.0,0.6253546696611442,0.8934280095507319,1.4607336995920759,1.0,0.0,0.6964285714285715,2.221138431664748,1.0,1.0,1.0,1.0,1.0,1.0,1.0,0.8333333333333334,1.0,109.0,1.6633987426757812
1154,E1_DELETE,0.6666666666666666,0.6666666666666666,0.6666666666666666,1.0,1.0,0.6666666666666666,0.20000000000000004,4.0,0.625,0.0,0.5852961191415048,0.76370716402805,1.414213562373095,1.0,0.0,0.636904761904762,2.291454442558008,1.0,1.0,1.0,1.0,1.0,1.0,1.0,0.8333333333333334,1.0,109.0,1.6734287738800049
1154,E1_REVERSE,0.6,0.6666666666666666,0.6666666666666666,1.0,0.75,1.0,0.24242424242424243,3.6666666666666665,0.6666666666666666,0.10526315789473684,0.6253546696611442,0.7946992774522422,1.510413471417974,1.3333333333333333,0.3333333333333333,0.6666666666666666,2.23296613627091,1.0,1.0,1.0,1.0,1.0,1.0,1.0,0.8333333333333334,1.0,109.0,1.5806713898976643
1154,E2_DELETE,0.6666666666666666,0.6666666666666666,0.8333333333333334,1.0,1.0,0.5,0.20000000000000004,5.0,0.5,0.0,0.6614378277661477,0.9218826235641862,1.2720196495140688,1.0,0.0,0.5178571428571429,1.951739618406285,1.0,1.0,1.0,1.0,1.0,1.0,1.0,1.0,1.0,109.0,1.8949096997578938
1154,E2_REVERSE,0.6,0.6666666666666666,0.5,1.0,0.75,1.0,0.1818181818181818,5.0,0.5,0.0,0.7496326385858786,0.9020234639164942,1.2720196495140694,1.0,0.0,0.6011904761904762,2.1883541295306,1.0,1.0,1.0,1.0,1.0,1.0,1.0,0.6666666666666666,1.0,109.0,1.6135423978169758
1154,E3_DELETE,0.6666666666666666,0.5,0.0,1.0,1.0,0.6666666666666666,0.20000000000000004,3.6666666666666665,0.6666666666666666,0.13333333333333333,0.6614378277661477,0.697108365689973,1.3562748113607934,1.0,0.6666666666666666,0.7083333333333334,2.6242350061199513,1.0,1.0,1.0,1.0,1.0,1.0,1.0,0.8333333333333334,1.0,109.0,1.7905769348144531
1154,E3_REVERSE,0.6,0.5,0.5,1.0,0.75,1.0,0.1818181818181818,5.0,0.5,0.0,0.9921567416492215,0.8569568250501304,1.2720196495140694,1.0,0.0,0.5714285714285714,2.09375,1.0,1.0,1.0,1.0,1.0,1.0,1.0,1.0,1.0,109.0,1.5395854314168294
1154,E4_DELETE,0.6666666666666666,0.6666666666666666,0.3333333333333333,1.0,1.0,1.0,0.20000000000000004,7.0,0.25,0.20000000000000004,0.82915619758885,0.9682458365518544,1.0,1.0,0.0,0.46428571428571425,2.08974358974359,1.0,1.0,1.0,1.0,1.0,1.0,1.0,1.0,1.0,109.0,2.2255469957987466
1154,E4_REVERSE,0.6,0.5,0.3333333333333333,1.0,1.0,1.0,0.1818181818181818,5.666666666666667,0.4166666666666667,0.21052631578947367,0.8934280095507319,1.0263351431263426,1.070202598135362,1.0,0.0,0.5654761904761906,2.2915921288014314,1.0,1.0,1.0,1.0,1.0,1.0,1.0,0.8333333333333334,1.0,109.0,1.827579657236735
1154,E5_DELETE,0.6666666666666666,0.6666666666666666,0.16666666666666666,1.0,1.0,1.0,0.20000000000000004,2.6666666666666665,0.7916666666666666,0.0,0.5852961191415048,0.641202242415739,1.3474787591711541,1.0,0.0,0.8154761904761906,2.7481494433758815,1.0,1.0,1.0,1.0,1.0,1.0,1.0,0.8333333333333334,1.0,109.0,1.4791286786397297
1154,E5_REVERSE,0.6,0.5,0.0,1.0,1.0,1.0,0.1818181818181818,1.0,1.0,0.0,0.4841229182759272,0.6959705453537527,1.46557123187677,1.0,0.0,1.0,3.0714285714285716,1.0,1.0,1.0,1.0,1.0,1.0,1.0,0.5,1.0,109.0,1.6464254061381023
1154,E6_DELETE,0.6666666666666666,1.0,0.5,1.0,1.0,1.0,0.20000000000000004,4.0,0.625,0.0,0.6614378277661477,0.6614378277661477,1.4142135623730951,1.0,0.0,0.6785714285714285,2.4210526315789473,1.0,1.0,1.0,1.0,1.0,1.0,1.0,1.0,1.0,109.0,2.1366663773854575
1154,E6_REVERSE,0.6,1.0,0.5,1.0,1.0,1.0,0.3636363636363636,3.0,0.75,0.0,0.8569568250501304,0.4841229182759272,1.618033988749895,2.0,0.0,0.7678571428571429,2.488372093023256,1.0,1.0,1.0,1.0,1.0,1.0,1.0,0.5,1.0,109.0,1.9075629711151123
1154,E7_DELETE,0.7777777777777778,1.0,1.0,0.0,1.0,0.44841269841269843,0.0,4.0,0.625,0.3,0.6614378277661477,0.6614378277661477,1.3532099641993243,0.0,1.0,0.6785714285714285,2.289473684210526,1.0,1.0,1.0,1.0,1.0,0.8000000000000002,1.0,1.0,1.0,109.0,1.5594650904337566
1154,E7_REVERSE,0.8000000000000002,1.0,1.0,0.0,1.0,1.0,0.0,4.0,0.625,0.25,0.9921567416492215,0.8569568250501304,1.189207115002722,0.0,0.0,0.6607142857142857,2.324324324324324,1.0,1.0,1.0,1.0,0.5,1.0,1.0,1.0,1.0,109.0,1.4910072485605876
1154,E8_DELETE,0.7777777777777778,0.5,0.6666666666666666,1.0,1.0,1.0,0.26666666666666666,2.3333333333333335,0.8333333333333334,0.0,0.509154410516862,0.5650605337910962,1.443502429634713,1.3333333333333333,0.0,0.8690476190476191,2.80812324929972,1.0,1.0,1.0,1.0,1.0,1.0,1.0,0.6666666666666666,1.0,109.0,1.6242369810740154
1154,E8_REVERSE,0.8000000000000002,0.5,0.6666666666666666,1.0,1.0,1.0,0.1818181818181818,2.3333333333333335,0.8333333333333334,0.10526315789473684,0.5547387939685356,0.6084008872006615,1.446761685186113,1.0,0.3333333333333333,0.8690476190476191,2.6442577030812324,1.0,1.0,1.0,1.0,1.0,1.0,1.0,0.6666666666666666,1.0,109.0,1.508615493774414
1154,E9_DELETE,0.7777777777777778,0.5,0.5,1.0,1.0,1.0,0.13333333333333333,3.0,0.75,0.0,0.5852961191415048,0.5852961191415048,1.346344973050759,0.6666666666666666,0.0,0.7857142857142857,2.637844611528822,1.0,1.0,1.0,1.0,1.0,1.0,1.0,0.8333333333333334,1.0,109.0,2.0485610961914062
1154,E9_REVERSE,0.8000000000000002,0.5,0.5,0.0,1.0,1.0,0.0,3.0,0.75,0.13636363636363635,0.4841229182759272,0.8569568250501304,1.2980299423728385,0.0,1.0,0.7678571428571429,2.395348837209302,1.0,1.0,1.0,1.0,1.0,0.8000000000000002,1.0,1.0,1.0,109.0,1.7235484917958577
1154,F_SURFACE_FORMAT_CONTROL,0.6999999999999998,0.5,1.0,1.0,1.0,1.0,0.1818181818181818,3.0,0.75,0.0,0.6959705453537527,0.8569568250501304,1.5537739740300374,1.0,0.0,0.7678571428571429,2.3488372093023258,1.0,1.0,1.0,1.0,1.0,1.0,1.0,1.0,1.0,109.0,1.5984443823496501
1154,G_RANDOM_CONTROL,0.6,0.3333333333333333,0.0,0.0,0.75,1.0,0.5454545454545454,5.0,0.375,0.0,0.9470901027828579,0.7496326385858786,1.4142135623730965,3.0,0.0,0.511904761904762,1.9714506172839503,1.0,1.0,1.0,1.0,1.0,1.0,1.0,0.4444444444444444,1.0,109.0,1.7516992092132568
1154,I_ISOMORPHIC_RELABEL,0.6999999999999998,0.6666666666666666,0.6666666666666666,1.0,1.0,1.0,0.1818181818181818,2.0,0.875,0.05555555555555555,0.5547387939685356,0.6084008872006615,1.4614818309936464,1.0,0.0,0.8928571428571429,2.676691729323308,1.0,1.0,1.0,1.0,1.0,1.0,1.0,0.6666666666666666,1.0,109.0,1.673177719116211
1154,L_FORWARD_CONTROL,1.0,0.5,0.5,0.0,1.0,1.0,0.1818181818181818,7.0,0.25,0.35294117647058826,0.7496326385858786,0.6959705453537527,1.0,1.0,0.0,0.49404761904761907,1.910344827586207,1.0,1.0,1.0,1.0,1.0,0.8333333333333334,1.0,1.0,1.0,109.0,1.812129259109497
1154,M0_SWITCH_NEUTRALIZED,0.6999999999999998,0.5,0.5,1.0,1.0,1.0,0.0,1.0,1.0,0.14285714285714285,0.6959705453537527,0.4841229182759272,1.2953328187743716,0.0,0.0,1.0,3.089285714285714,1.0,1.0,1.0,0.0,0.0,1.0,1.0,0.5,1.0,109.0,1.6331769625345867
1154,M_SWITCH_REASSIGNED,0.6999999999999998,0.6666666666666666,1.0,0.0,1.0,1.0,0.12121212121212122,3.3333333333333335,0.7083333333333334,0.3304347826086957,0.7496326385858786,0.8569568250501304,1.4342268211680018,0.6666666666666666,2.0,0.7321428571428572,2.491724282421957,1.0,1.0,1.0,1.0,0.8333333333333334,0.8000000000000002,1.0,1.0,1.0,109.0,2.1391215324401855
1154,O_ORDER_SHUFFLED,0.4000000000000001,0.3333333333333333,1.0,1.0,0.25,1.0,0.1818181818181818,4.0,0.625,0.21052631578947367,0.6959705453537527,0.8032947318180046,1.5500938466242953,1.0,0.6666666666666666,0.6785714285714285,2.3157894736842106,1.0,1.0,1.0,1.0,1.0,1.0,1.0,1.0,0.8571428571428571,109.0,1.6435402234395344
1154,P_ANCHOR_REASSIGNED,0.6999999999999998,0.6666666666666666,1.0,1.0,1.0,1.0,0.1818181818181818,3.3333333333333335,0.7083333333333334,0.05263157894736842,0.6959705453537527,0.8032947318180046,1.5072538368110564,1.0,0.0,0.7380952380952381,2.2851897184822523,1.0,1.0,1.0,1.0,1.0,1.0,1.0,1.0,1.0,109.0,1.6729311148325603
1154,R_DEGREE_MATCHED_REWIRE,0.4000000000000001,1.0,0.5,1.0,0.75,0.36507936507936506,0.5454545454545454,5.0,0.375,0.2727272727272727,0.6959705453537527,0.8569568250501304,1.6180339887498947,3.0,1.0,0.35714285714285715,1.55,1.0,1.0,1.0,1.0,1.0,1.0,1.0,1.0,1.0,109.0,1.9124569098154705
1154,T_TERMINAL_CHANGED,0.6999999999999998,0.5,0.6666666666666666,1.0,1.0,1.0,0.1818181818181818,1.6666666666666667,0.9166666666666666,0.0,0.5547387939685356,0.6084008872006615,1.5080019682126269,1.0,0.0,0.9226190476190476,2.6877076411960132,1.0,1.0,1.0,1.0,1.0,1.0,1.0,0.5,0.0,109.0,1.9001616636912029
1154,X_COMPLEXITY_MATCHED,0.4000000000000001,0.8333333333333334,0.5,1.0,0.5,0.5,0.0,2.0,0.875,0.3858695652173913,0.6084008872006615,0.6253546696611442,1.425299577684699,0.0,1.0,0.875,2.5510204081632657,1.0,1.0,1.0,1.0,1.0,1.0,1.0,0.8333333333333334,1.0,109.0,1.767606496810913
1154,Y_TOPOLOGY_MATCHED,0.5,1.0,0.5,1.0,0.5833333333333334,0.8333333333333334,0.0,3.0,0.75,0.2727272727272727,0.6959705453537527,0.4841229182759272,1.398813786924868,0.0,1.0,0.7678571428571429,2.3488372093023258,1.0,1.0,1.0,1.0,1.0,1.0,1.0,0.3333333333333333,1.0,109.0,1.9057197570800781
1155,A_AUTHENTIC,0.6999999999999998,1.0,1.0,1.0,1.0,1.0,0.1818181818181818,4.0,0.625,0.0,0.6959705453537527,0.6959705453537527,1.4142135623730951,1.0,0.0,0.6785714285714285,2.210526315789474,1.0,1.0,1.0,1.0,1.0,1.0,1.0,1.0,1.0,109.0,1.8096427917480469
1155,D_ALL_DIRECTION_REVERSED,0.3,0.6666666666666666,0.8333333333333334,0.0,0.0,1.0,0.06060606060606061,2.6666666666666665,0.7916666666666666,0.0,0.8032947318180046,0.6959705453537527,1.3194176204670782,0.3333333333333333,0.0,0.8035714285714285,2.7081158044613196,1.0,1.0,1.0,1.0,0.5,1.0,1.0,0.38888888888888884,1.0,109.0,1.9647719860076904
1155,E0_DELETE,0.6666666666666666,0.6666666666666666,0.8333333333333334,1.0,1.0,1.0,0.20000000000000004,3.6666666666666665,0.6666666666666666,0.05882352941176471,0.7173439510403817,0.8659765002899521,1.4607336995920759,1.0,0.0,0.625,2.201361378356285,1.0,1.0,1.0,1.0,1.0,1.0,1.0,0.8333333333333334,1.0,109.0,2.059448719024658
1155,E0_REVERSE,0.6,1.0,1.0,1.0,0.75,1.0,0.1818181818181818,4.0,0.625,0.16666666666666666,0.6959705453537527,0.9921567416492215,1.4142135623730951,1.0,0.0,0.5714285714285714,2.0625,1.0,1.0,1.0,1.0,1.0,1.0,1.0,1.0,1.0,109.0,2.0601378281911216
1155,E1_DELETE,0.6666666666666666,1.0,0.5,1.0,1.0,0.25,0.20000000000000004,4.0,0.625,0.0,0.6614378277661477,0.6614378277661477,1.4142135623730951,1.0,0.0,0.6785714285714285,2.4210526315789473,1.0,1.0,1.0,1.0,1.0,1.0,1.0,1.0,1.0,109.0,2.0118117332458496
1155,E1_REVERSE,0.6,0.8333333333333334,0.8333333333333334,1.0,0.75,1.0,0.24242424242424243,3.6666666666666665,0.6666666666666666,0.05555555555555555,0.7496326385858786,0.8934280095507319,1.442473329292375,1.3333333333333333,0.0,0.625,2.1842960740185045,1.0,1.0,1.0,1.0,1.0,1.0,1.0,1.0,1.0,109.0,1.4078047275543213
1155,E2_DELETE,0.6666666666666666,0.6666666666666666,0.8333333333333334,1.0,1.0,0.5,0.20000000000000004,5.0,0.5,0.07692307692307693,0.5852961191415048,0.8659765002899521,1.2720196495140692,1.0,0.0,0.5,2.0051782387673267,1.0,1.0,1.0,1.0,1.0,1.0,1.0,0.8333333333333334,1.0,109.0,1.6757174332936604
1155,E2_REVERSE,0.6,0.8333333333333334,0.6666666666666666,1.0,0.75,1.0,0.1818181818181818,5.0,0.5,0.05263157894736842,0.8569568250501304,1.031779261820964,1.2720196495140688,1.0,0.0,0.5535714285714286,2.0067340067340065,1.0,1.0,1.0,1.0,1.0,1.0,1.0,1.0,1.0,109.0,1.6243115266164143
1155,E3_DELETE,0.6666666666666666,0.6666666666666666,0.0,1.0,1.0,0.6666666666666666,0.20000000000000004,4.333333333333333,0.5833333333333334,0.07142857142857142,0.7173439510403817,0.509154410516862,1.1404051962707251,1.0,0.0,0.6607142857142857,2.498294573643411,1.0,1.0,1.0,1.0,1.0,1.0,1.0,0.6666666666666666,1.0,109.0,1.7006070613861084
1155,E3_REVERSE,0.6,1.0,0.0,1.0,0.8333333333333334,0.8888888888888888,0.1818181818181818,7.0,0.25,0.05555555555555555,0.9020234639164942,0.6959705453537527,1.0,1.0,0.0,0.49404761904761907,1.969655172413793,1.0,1.0,1.0,1.0,1.0,1.0,1.0,1.0,1.0,109.0,1.6746349334716797
1155,E4_DELETE,0.6666666666666666,1.0,0.5,1.0,1.0,1.0,0.20000000000000004,7.0,0.25,0.0,0.82915619758885,0.82915619758885,1.0,1.0,0.0,0.46428571428571425,2.0384615384615383,1.0,1.0,1.0,1.0,1.0,1.0,1.0,1.0,1.0,109.0,1.5850924650828044
1155,E4_REVERSE,0.6,0.6666666666666666,0.0,1.0,1.0,1.0,0.1818181818181818,4.333333333333333,0.5833333333333334,0.05555555555555555,0.7496326385858786,0.9416459840882365,1.140405196270724,1.0,0.0,0.6666666666666666,2.467799642218247,1.0,1.0,1.0,1.0,1.0,1.0,1.0,0.6666666666666666,1.0,109.0,1.5268523693084717
1155,E5_DELETE,0.6666666666666666,0.8333333333333334,0.16666666666666666,1.0,1.0,1.0,0.20000000000000004,3.0,0.75,0.07142857142857142,0.5852961191415048,0.641202242415739,1.300080788218146,1.0,0.0,0.7857142857142857,2.6791979949874687,1.0,1.0,1.0,1.0,1.0,1.0,1.0,0.8333333333333334,1.0,109.0,1.7569863001505535
1155,E5_REVERSE,0.6,0.5,0.0,1.0,1.0,1.0,0.1818181818181818,1.6666666666666667,0.9166666666666666,0.05555555555555555,0.6084008872006615,0.6959705453537527,1.4725383135908932,1.0,0.0,0.9226190476190476,2.9003322259136213,1.0,1.0,1.0,1.0,1.0,1.0,1.0,0.5,1.0,109.0,1.4906468391418457
1155,E6_DELETE,0.6666666666666666,0.6666666666666666,0.5,1.0,1.0,1.0,0.20000000000000004,4.0,0.625,0.0,0.6614378277661477,0.509154410516862,1.4142135623730956,1.0,0.0,0.6785714285714285,2.5263157894736845,1.0,1.0,1.0,1.0,1.0,1.0,1.0,0.6666666666666666,1.0,109.0,1.727023998896281
1155,E6_REVERSE,0.6,1.0,0.5,1.0,1.0,1.0,0.24242424242424243,3.0,0.75,0.1111111111111111,0.8569568250501304,0.6253546696611442,1.583600181094093,1.3333333333333333,0.6666666666666666,0.7678571428571429,2.4728682170542635,1.0,1.0,1.0,1.0,1.0,1.0,1.0,0.5,1.0,109.0,4.552263418833415
1155,E7_DELETE,0.7777777777777778,0.8333333333333334,0.8333333333333334,0.0,1.0,1.0,0.0,6.333333333333333,0.3333333333333333,0.0,0.8659765002899521,0.5852961191415048,0.3333333333333334,0.0,0.0,0.5297619047619048,2.1978429389956187,1.0,1.0,1.0,1.0,0.8333333333333334,0.8000000000000002,1.0,0.8333333333333334,1.0,109.0,1.8197587331136067
1155,E7_REVERSE,0.8000000000000002,0.5,0.5,0.0,1.0,1.0,0.12121212121212122,4.333333333333333,0.5833333333333334,0.15656565656565655,0.9470901027828579,0.4841229182759272,1.2867044373268772,0.6666666666666666,0.0,0.6369047619047619,2.2669573643410854,1.0,1.0,1.0,1.0,0.8333333333333334,0.8666666666666667,1.0,0.5,1.0,109.0,1.9761786460876465
1155,E8_DELETE,0.7777777777777778,1.0,1.0,1.0,1.0,1.0,0.20000000000000004,5.0,0.5,0.21428571428571427,0.6614378277661477,0.82915619758885,1.272019649514069,1.0,0.0,0.6071428571428571,2.2941176470588234,1.0,1.0,1.0,1.0,1.0,1.0,1.0,1.0,1.0,109.0,1.655868371327718
1155,E8_REVERSE,0.8000000000000002,1.0,1.0,1.0,1.0,1.0,0.1818181818181818,5.0,0.5,0.1111111111111111,0.6959705453537527,0.8032947318180046,1.272019649514069,1.0,0.0,0.6071428571428571,2.1176470588235294,1.0,1.0,1.0,1.0,1.0,1.0,1.0,1.0,1.0,109.0,1.886350949605306
1155,E9_DELETE,0.7777777777777778,0.8333333333333334,0.8333333333333334,1.0,1.0,1.0,0.0,3.6666666666666665,0.6666666666666666,0.05555555555555555,0.5852961191415048,0.641202242415739,1.0702025981353624,0.0,0.0,0.7380952380952381,2.5140056022408963,1.0,1.0,1.0,1.0,1.0,1.0,1.0,0.8333333333333334,1.0,109.0,1.9376989205678303
1155,E9_REVERSE,0.8000000000000002,0.5,0.5,0.0,1.0,1.0,0.1818181818181818,4.0,0.625,0.3,0.9921567416492215,0.8569568250501304,1.5213797068045676,1.0,2.0,0.6607142857142857,2.2162162162162162,1.0,1.0,1.0,1.0,1.0,0.8000000000000002,1.0,1.0,1.0,109.0,1.7100083033243816
1155,F_SURFACE_FORMAT_CONTROL,0.6999999999999998,1.0,1.0,1.0,1.0,0.8095238095238094,0.1818181818181818,4.0,0.625,0.05263157894736842,0.8032947318180046,0.6959705453537527,1.4142135623730951,1.0,0.0,0.6785714285714285,2.192982456140351,1.0,1.0,1.0,1.0,1.0,1.0,1.0,1.0,1.0,109.0,1.8564949830373128
1155,G_RANDOM_CONTROL,0.5,0.3333333333333333,0.5,1.0,0.6666666666666666,0.6190476190476191,0.0,6.0,0.375,0.1709090909090909,1.1429517759504875,1.1467992991433391,1.0000000000000009,0.0,1.0,0.41071428571428575,1.6956521739130437,1.0,1.0,1.0,1.0,0.6666666666666666,0.8000000000000002,1.0,0.6666666666666666,1.0,109.0,2.0520103772481284
1155,I_ISOMORPHIC_RELABEL,0.6999999999999998,0.5,0.6666666666666666,1.0,1.0,1.0,0.1818181818181818,2.0,0.875,0.10526315789473684,0.5547387939685356,0.6084008872006615,1.5294219731192464,1.0,0.3333333333333333,0.8928571428571429,2.676691729323308,1.0,1.0,1.0,1.0,1.0,1.0,1.0,0.6666666666666666,1.0,109.0,1.6895584265391033
1155,L_FORWARD_CONTROL,1.0,0.0,0.0,0.0,1.0,0.8333333333333334,0.0,2.3333333333333335,0.8333333333333334,0.29924242424242425,0.4841229182759272,0.6959705453537527,1.472258365036293,0.0,1.0,0.8392857142857143,2.4301534567315297,1.0,1.0,1.0,1.0,1.0,1.0,1.0,0.6666666666666666,1.0,109.0,1.7846941947937012
1155,M0_SWITCH_NEUTRALIZED,0.6999999999999998,0.0,0.0,1.0,1.0,1.0,0.0,1.0,1.0,0.15,0.4841229182759272,0.4841229182759272,1.2953328187743738,0.0,0.0,1.0,3.142857142857143,1.0,1.0,1.0,0.0,0.0,1.0,1.0,0.3333333333333333,1.0,109.0,1.89928142229716
1155,M_SWITCH_REASSIGNED,0.6999999999999998,0.3333333333333333,0.3333333333333333,0.0,1.0,1.0,0.0,3.0,0.75,0.3181818181818182,0.7496326385858786,0.4841229182759272,1.4474234417195557,0.0,1.6666666666666667,0.7619047619047619,2.514950166112957,1.0,1.0,1.0,1.0,0.8333333333333334,1.0,1.0,0.4444444444444444,1.0,109.0,1.7980883121490479
1155,O_ORDER_SHUFFLED,0.4000000000000001,0.6666666666666666,0.8333333333333334,0.0,0.25,1.0,0.1818181818181818,3.6666666666666665,0.6666666666666666,0.05555555555555555,0.6959705453537527,0.6790167628932702,1.4607336995920763,1.0,0.0,0.7083333333333334,2.3578131374949,1.0,1.0,1.0,1.0,1.0,1.0,1.0,0.8333333333333334,0.0,109.0,1.7864549954732258
1155,P_ANCHOR_REASSIGNED,0.6999999999999998,1.0,1.0,1.0,1.0,1.0,0.1818181818181818,4.0,0.625,0.0,0.6959705453537527,0.6959705453537527,1.4142135623730951,1.0,0.0,0.6785714285714285,2.210526315789474,1.0,1.0,1.0,1.0,1.0,1.0,1.0,1.0,1.0,109.0,1.6027944882710774
1155,R_DEGREE_MATCHED_REWIRE,0.4000000000000001,0.6666666666666666,0.5,1.0,0.75,0.6666666666666666,0.3636363636363636,4.0,0.625,0.20476190476190478,0.6959705453537527,0.8569568250501304,1.498957308157735,2.0,0.6666666666666666,0.6785714285714285,2.403508771929825,1.0,1.0,1.0,1.0,1.0,1.0,1.0,1.0,1.0,109.0,1.685917615890503
1155,T_TERMINAL_CHANGED,0.6999999999999998,1.0,1.0,1.0,1.0,1.0,0.1818181818181818,4.0,0.625,0.05555555555555555,0.6959705453537527,0.7496326385858786,1.4142135623730951,1.0,0.0,0.6785714285714285,2.2456140350877196,1.0,1.0,1.0,1.0,1.0,1.0,1.0,0.5,0.0,109.0,1.835371971130371
1155,X_COMPLEXITY_MATCHED,0.4000000000000001,0.6666666666666666,0.8333333333333334,1.0,0.25,0.8888888888888888,0.0,4.0,0.625,0.21212121212121213,0.8032947318180046,0.6253546696611442,1.1058438087954865,0.0,0.0,0.6488095238095238,2.128798185941043,1.0,1.0,1.0,1.0,1.0,1.0,1.0,0.38888888888888884,1.0,109.0,1.7637648582458496
1155,Y_TOPOLOGY_MATCHED,0.6,0.6666666666666666,0.6666666666666666,1.0,0.8333333333333334,0.6984126984126985,0.0,2.6666666666666665,0.7916666666666666,0.4038461538461539,0.9416459840882365,0.5547387939685356,1.464291638194749,0.0,3.0,0.8035714285714285,2.6431329288472143,1.0,1.0,1.0,1.0,1.0,1.0,1.0,0.6666666666666666,1.0,109.0,1.7459684213002522
1156,A_AUTHENTIC,0.6999999999999998,0.5,0.5,1.0,1.0,1.0,0.1818181818181818,1.0,1.0,0.0,0.4841229182759272,0.4841229182759272,1.4851159653039219,1.0,0.0,1.0,2.857142857142857,1.0,1.0,1.0,1.0,1.0,1.0,1.0,0.5,1.0,109.0,1.7606023947397869
1156,D_ALL_DIRECTION_REVERSED,0.3,0.5,0.6666666666666666,0.0,0.0,1.0,0.1818181818181818,3.0,0.75,0.1111111111111111,0.6084008872006615,0.8032947318180046,1.5966139838432767,1.0,0.6666666666666666,0.7678571428571429,2.3953488372093026,1.0,1.0,1.0,1.0,1.0,1.0,1.0,0.5,1.0,109.0,1.702980597813924
1156,E0_DELETE,0.6666666666666666,0.6666666666666666,0.5,1.0,1.0,1.0,0.20000000000000004,4.0,0.625,0.0,0.6614378277661477,0.6614378277661477,1.4142135623730951,1.0,0.0,0.6785714285714285,2.3859649122807016,1.0,1.0,1.0,1.0,1.0,1.0,1.0,0.6666666666666666,1.0,109.0,1.9084045886993408
1156,E0_REVERSE,0.6,0.5,0.5,1.0,0.75,1.0,0.1818181818181818,4.0,0.625,0.0,0.6959705453537527,0.6959705453537527,1.4142135623730951,1.0,0.0,0.6785714285714285,2.263157894736842,1.0,1.0,1.0,1.0,1.0,1.0,1.0,0.5,1.0,109.0,1.6177224318186443
1156,E1_DELETE,0.6666666666666666,0.5,0.5,1.0,1.0,0.5277777777777778,0.20000000000000004,4.0,0.625,0.0,0.43301270189221935,0.6614378277661477,1.4142135623730943,1.0,0.0,0.6785714285714285,2.4210526315789473,1.0,1.0,1.0,1.0,1.0,1.0,1.0,0.5,1.0,109.0,2.0223079522450766
1156,E1_REVERSE,0.6,0.5,0.5,1.0,0.75,1.0,0.1818181818181818,4.0,0.625,0.0,0.4841229182759272,0.6959705453537527,1.4142135623730943,1.0,0.0,0.6785714285714285,2.210526315789474,1.0,1.0,1.0,1.0,1.0,1.0,1.0,0.5,1.0,109.0,1.7176926930745442
1156,E2_DELETE,0.6666666666666666,0.5,0.5,1.0,1.0,0.5,0.20000000000000004,5.0,0.5,0.0,0.43301270189221935,0.6614378277661477,1.2720196495140697,1.0,0.0,0.6071428571428571,2.2941176470588234,1.0,1.0,1.0,1.0,1.0,1.0,1.0,0.5,1.0,109.0,1.8349301020304363
1156,E2_REVERSE,0.6,0.5,0.5,1.0,0.75,1.0,0.1818181818181818,5.0,0.5,0.0,0.6959705453537527,0.8569568250501304,1.2720196495140697,1.0,0.0,0.6071428571428571,2.176470588235294,1.0,1.0,1.0,1.0,1.0,1.0,1.0,0.5,1.0,109.0,1.9330286184946697
1156,E3_DELETE,0.6666666666666666,0.5,0.0,1.0,1.0,0.6666666666666666,0.20000000000000004,3.0,0.75,0.0,0.6614378277661477,0.43301270189221935,1.2106077944060876,1.0,0.0,0.7678571428571429,2.7674418604651163,1.0,1.0,1.0,1.0,1.0,1.0,1.0,0.5,1.0,109.0,3.103928883870443
1156,E3_REVERSE,0.6,0.5,0.0,1.0,0.75,1.0,0.1818181818181818,3.0,0.75,0.0,0.8569568250501304,0.4841229182759272,1.2106077944060876,1.0,0.0,0.7678571428571429,2.7209302325581395,1.0,1.0,1.0,1.0,1.0,1.0,1.0,0.5,1.0,109.0,2.1196271578470864
1156,E4_DELETE,0.6666666666666666,0.5,0.0,1.0,1.0,1.0,0.20000000000000004,3.0,0.75,0.0,0.6614378277661477,0.6614378277661477,1.210607794406086,1.0,0.0,0.7678571428571429,2.7674418604651163,1.0,1.0,1.0,1.0,1.0,1.0,1.0,0.5,1.0,109.0,1.7385038534800212
1156,E4_REVERSE,0.6,0.5,0.0,1.0,1.0,1.0,0.1818181818181818,3.0,0.75,0.0,0.6959705453537527,0.8569568250501304,1.210607794406086,1.0,0.0,0.7678571428571429,2.7209302325581395,1.0,1.0,1.0,1.0,1.0,1.0,1.0,0.5,1.0,109.0,1.7093733946482341
1156,E5_DELETE,0.6666666666666666,0.5,0.0,1.0,1.0,1.0,0.20000000000000004,1.0,1.0,0.0,0.43301270189221935,0.43301270189221935,1.356203065626297,1.0,0.0,1.0,3.142857142857143,1.0,1.0,1.0,1.0,1.0,1.0,1.0,0.5,1.0,109.0,1.8142736752827961
1156,E5_REVERSE,0.6,0.5,0.3333333333333333,1.0,1.0,1.0,0.1818181818181818,2.3333333333333335,0.8333333333333334,0.0,0.6253546696611442,0.9726730498942167,1.50018368632691,1.0,0.0,0.8452380952380952,2.744739756367663,1.0,1.0,1.0,1.0,1.0,1.0,1.0,0.8333333333333334,1.0,109.0,1.4964001973470051
1156,E6_DELETE,0.6666666666666666,1.0,0.5,1.0,1.0,1.0,0.20000000000000004,4.0,0.625,0.0,0.6614378277661477,0.6614378277661477,1.4142135623730951,1.0,0.0,0.6785714285714285,2.4210526315789473,1.0,1.0,1.0,1.0,1.0,1.0,1.0,1.0,1.0,109.0,1.7663436730702717
1156,E6_REVERSE,0.6,1.0,0.5,1.0,1.0,1.0,0.3636363636363636,3.0,0.75,0.0,0.8569568250501304,0.4841229182759272,1.618033988749895,2.0,0.0,0.7678571428571429,2.488372093023256,1.0,1.0,1.0,1.0,1.0,1.0,1.0,0.5,1.0,109.0,1.4940135478973389
1156,E7_DELETE,0.7777777777777778,0.5,1.0,1.0,1.0,1.0,0.0,4.0,0.625,0.25555555555555554,0.82915619758885,0.6614378277661477,1.1673039782614187,0.0,0.0,0.6785714285714285,2.526315789473684,1.0,1.0,1.0,1.0,0.8333333333333334,1.0,1.0,1.0,1.0,109.0,2.0045619010925293
1156,E7_REVERSE,0.8000000000000002,0.8333333333333334,0.8333333333333334,0.0,1.0,1.0,0.12121212121212122,3.0,0.75,0.0909090909090909,0.6253546696611442,0.6253546696611442,1.4054431482305774,0.6666666666666666,0.0,0.7857142857142857,2.3790726817042605,1.0,1.0,1.0,1.0,0.6666666666666666,1.0,1.0,0.8333333333333334,1.0,109.0,1.8091756502787273
1156,E8_DELETE,0.7777777777777778,0.3333333333333333,0.3333333333333333,1.0,1.0,1.0,0.20000000000000004,1.0,1.0,0.0,0.43301270189221935,0.43301270189221935,1.3355745733553281,1.0,0.0,1.0,3.1785714285714284,1.0,1.0,1.0,1.0,0.8333333333333334,1.0,1.0,0.5,1.0,109.0,1.8201919396718342
1156,E8_REVERSE,0.8000000000000002,0.5,0.5,1.0,1.0,1.0,0.1818181818181818,1.0,1.0,0.0,0.4841229182759272,0.4841229182759272,1.437356911840786,1.0,0.0,1.0,2.892857142857143,1.0,1.0,1.0,1.0,1.0,1.0,1.0,0.5,1.0,109.0,1.5774838129679363
1156,E9_DELETE,0.7777777777777778,0.5,0.5,1.0,1.0,1.0,0.0,1.0,1.0,0.0,0.43301270189221935,0.43301270189221935,1.2106077944060862,0.0,0.0,1.0,3.0714285714285716,1.0,1.0,1.0,1.0,1.0,1.0,1.0,0.5,1.0,109.0,1.5504647095998128
1156,E9_REVERSE,0.8000000000000002,1.0,1.0,0.0,1.0,1.0,0.0,4.0,0.625,0.25,0.8569568250501304,0.8569568250501304,1.220744084605758,0.0,1.0,0.6785714285714285,2.236842105263158,1.0,1.0,1.0,1.0,0.5,1.0,1.0,1.0,1.0,109.0,2.1373422940572104
1156,F_SURFACE_FORMAT_CONTROL,0.6999999999999998,0.6666666666666666,1.0,1.0,1.0,1.0,0.1818181818181818,3.3333333333333335,0.7083333333333334,0.05555555555555555,0.6959705453537527,0.8569568250501304,1.5072538368110564,1.0,0.0,0.7380952380952381,2.337821297429621,1.0,1.0,1.0,1.0,1.0,1.0,1.0,1.0,1.0,109.0,1.6223933696746826
1156,G_RANDOM_CONTROL,0.5,1.0,0.16666666666666666,0.0,0.4166666666666667,0.8666666666666667,0.1818181818181818,7.0,0.25,0.4275362318840579,1.1110243021644486,1.210242354342326,1.0,1.0,0.0,0.36904761904761907,1.6026936026936027,1.0,1.0,1.0,1.0,1.0,0.75,1.0,0.25,1.0,109.0,2.315406243006388
1156,I_ISOMORPHIC_RELABEL,0.6999999999999998,0.5,0.5,1.0,1.0,1.0,0.1818181818181818,1.0,1.0,0.0,0.4841229182759272,0.4841229182759272,1.4851159653039219,1.0,0.0,1.0,2.857142857142857,1.0,1.0,1.0,1.0,1.0,1.0,1.0,0.5,1.0,109.0,1.5439655780792236
1156,L_FORWARD_CONTROL,1.0,0.16666666666666666,0.16666666666666666,0.0,1.0,0.5,0.12121212121212122,5.666666666666667,0.4166666666666667,0.17500000000000002,0.7946992774522422,0.6253546696611442,1.0449080461338391,0.6666666666666666,0.0,0.5714285714285715,2.0793244739756367,1.0,1.0,1.0,1.0,1.0,0.8333333333333334,1.0,0.8333333333333334,1.0,109.0,1.804639498392741
1156,M0_SWITCH_NEUTRALIZED,0.6999999999999998,0.3333333333333333,0.3333333333333333,1.0,1.0,1.0,0.0,1.0,1.0,0.0976190476190476,0.5547387939685356,0.4841229182759272,1.2995271911067483,0.0,0.0,1.0,3.0535714285714284,1.0,1.0,1.0,0.0,0.0,1.0,1.0,0.4444444444444444,1.0,109.0,1.6131701469421387
1156,M_SWITCH_REASSIGNED,0.6999999999999998,0.5,0.5,0.0,1.0,0.5,0.0,2.0,0.5,0.0,0.4841229182759272,0.4841229182759272,1.0000000158304585,0.0,0.0,0.7142857142857143,2.2,1.0,1.0,1.0,1.0,1.0,0.8000000000000002,1.0,0.5,1.0,109.0,1.450881560643514
1156,O_ORDER_SHUFFLED,0.4000000000000001,0.5,0.6666666666666666,0.0,0.5,1.0,0.1818181818181818,1.6666666666666667,0.9166666666666666,0.0,0.5547387939685356,0.6084008872006615,1.5080019682126269,1.0,0.0,0.9226190476190476,2.6877076411960132,1.0,1.0,1.0,1.0,1.0,1.0,1.0,0.6666666666666666,0.2857142857142857,109.0,1.6630906263987224
1156,P_ANCHOR_REASSIGNED,0.6999999999999998,0.5,0.6666666666666666,1.0,1.0,1.0,0.1818181818181818,1.6666666666666667,0.9166666666666666,0.0,0.5547387939685356,0.6084008872006615,1.5080019682126269,1.0,0.0,0.9226190476190476,2.6877076411960132,1.0,1.0,1.0,1.0,1.0,1.0,1.0,0.6666666666666666,1.0,109.0,1.6978323459625244
1156,R_DEGREE_MATCHED_REWIRE,0.4000000000000001,0.6666666666666666,0.8333333333333334,1.0,0.5833333333333334,0.5873015873015873,0.24242424242424243,4.0,0.5,0.3509803921568628,0.6790167628932702,0.732678856125396,1.5901430729892316,1.3333333333333333,1.3333333333333333,0.5952380952380952,2.158333333333333,1.0,1.0,1.0,1.0,1.0,1.0,1.0,0.8333333333333334,1.0,109.0,1.6903471151987712
1156,T_TERMINAL_CHANGED,0.6999999999999998,0.5,0.5,1.0,1.0,1.0,0.1818181818181818,1.0,1.0,0.0,0.4841229182759272,0.4841229182759272,1.4851159653039219,1.0,0.0,1.0,2.857142857142857,1.0,1.0,1.0,1.0,1.0,1.0,1.0,0.5,0.0,109.0,1.676408847173055
1156,X_COMPLEXITY_MATCHED,0.6,0.5,0.6666666666666666,1.0,0.9166666666666666,0.8095238095238096,0.06060606060606061,2.3333333333333335,0.8333333333333334,0.13958810068649885,0.5547387939685356,0.7496326385858786,1.4884334028892685,0.3333333333333333,1.0,0.8392857142857143,2.36703053314349,1.0,1.0,1.0,1.0,1.0,1.0,1.0,0.38888888888888884,1.0,109.0,1.6150647799173992
1156,Y_TOPOLOGY_MATCHED,0.4000000000000001,1.0,0.5,1.0,0.5,1.0,0.0,2.0,0.875,0.2727272727272727,0.6959705453537527,0.6959705453537527,1.3644301121725295,0.0,0.0,0.875,2.7346938775510203,1.0,1.0,1.0,1.0,1.0,1.0,1.0,0.5,1.0,109.0,1.751286268234253
1157,A_AUTHENTIC,0.6999999999999998,0.8333333333333334,0.8333333333333334,1.0,1.0,1.0,0.1818181818181818,3.0,0.75,0.0,0.6253546696611442,0.6253546696611442,1.4378476966833709,1.0,0.0,0.7857142857142857,2.426065162907268,1.0,1.0,1.0,1.0,1.0,1.0,1.0,0.8333333333333334,1.0,109.0,1.7124077479044597
1157,D_ALL_DIRECTION_REVERSED,0.3,0.8333333333333334,0.5,0.0,0.0,1.0,0.1818181818181818,2.3333333333333335,0.8333333333333334,0.0,0.6253546696611442,0.6959705453537527,1.3902632894983347,1.0,0.0,0.8392857142857143,2.726309128302484,1.0,1.0,1.0,1.0,0.5,1.0,1.0,0.4444444444444444,1.0,109.0,1.7464964389801025
1157,E0_DELETE,0.6666666666666666,0.8333333333333334,0.8333333333333334,1.0,1.0,1.0,0.20000000000000004,4.0,0.625,0.05882352941176471,0.8659765002899521,0.7732500743146158,1.4142135623730951,1.0,0.0,0.5952380952380952,2.1550650820599886,1.0,1.0,1.0,1.0,1.0,1.0,1.0,0.8333333333333334,1.0,109.0,2.025280714035034
1157,E0_REVERSE,0.6,0.8333333333333334,0.8333333333333334,1.0,0.8333333333333334,0.5833333333333334,0.1818181818181818,4.0,0.625,0.10818713450292398,0.7496326385858786,0.8934280095507319,1.4142135623730951,1.0,0.0,0.6071428571428571,2.1085526315789473,1.0,1.0,1.0,1.0,1.0,1.0,1.0,0.8333333333333334,1.0,109.0,1.730218489964803
1157,E1_DELETE,0.6666666666666666,0.8333333333333334,0.5,1.0,1.0,0.6666666666666666,0.20000000000000004,4.0,0.625,0.0,0.5852961191415048,0.6614378277661477,1.414213562373095,1.0,0.0,0.6785714285714285,2.4210526315789473,1.0,1.0,1.0,1.0,1.0,1.0,1.0,0.8333333333333334,1.0,109.0,1.8261593182881672
1157,E1_REVERSE,0.6,0.6666666666666666,0.5,1.0,0.75,1.0,0.24242424242424243,3.6666666666666665,0.6666666666666666,0.0,0.5547387939685356,0.6959705453537527,1.4424733292923744,1.3333333333333333,0.0,0.7083333333333334,2.3031415748674013,1.0,1.0,1.0,1.0,1.0,1.0,1.0,0.6666666666666666,1.0,109.0,1.8081058661142986
1157,E2_DELETE,0.6666666666666666,0.5,0.5,1.0,1.0,0.5,0.20000000000000004,5.0,0.5,0.0,0.43301270189221935,0.6614378277661477,1.2720196495140697,1.0,0.0,0.6071428571428571,2.2941176470588234,1.0,1.0,1.0,1.0,1.0,1.0,1.0,0.5,1.0,109.0,2.356546322504679
1157,E2_REVERSE,0.6,0.5,0.5,1.0,0.75,1.0,0.1818181818181818,5.0,0.5,0.0,0.6959705453537527,0.8569568250501304,1.2720196495140697,1.0,0.0,0.6071428571428571,2.176470588235294,1.0,1.0,1.0,1.0,1.0,1.0,1.0,0.5,1.0,109.0,1.6076676845550537
1157,E3_DELETE,0.6666666666666666,0.6666666666666666,0.0,1.0,1.0,0.6666666666666666,0.20000000000000004,4.333333333333333,0.5833333333333334,0.0,0.76370716402805,0.509154410516862,1.1404051962707251,1.0,0.0,0.6607142857142857,2.4449612403100773,1.0,1.0,1.0,1.0,1.0,1.0,1.0,0.6666666666666666,1.0,109.0,1.7175625165303547
1157,E3_REVERSE,0.6,0.5,0.0,1.0,0.75,1.0,0.1818181818181818,3.0,0.75,0.0,0.8569568250501304,0.4841229182759272,1.2106077944060876,1.0,0.0,0.7678571428571429,2.7209302325581395,1.0,1.0,1.0,1.0,1.0,1.0,1.0,0.5,1.0,109.0,1.5162201722462971
1157,E4_DELETE,0.6666666666666666,1.0,0.3333333333333333,1.0,1.0,0.8333333333333334,0.20000000000000004,7.0,0.25,0.12916666666666668,0.819613287302284,0.82915619758885,1.0,1.0,0.0,0.4761904761904762,1.9743589743589745,1.0,1.0,1.0,1.0,1.0,1.0,1.0,1.0,1.0,109.0,1.9230163097381592
1157,E4_REVERSE,0.6,0.5,0.0,1.0,1.0,1.0,0.1818181818181818,3.0,0.75,0.0,0.6959705453537527,0.8569568250501304,1.210607794406086,1.0,0.0,0.7678571428571429,2.7209302325581395,1.0,1.0,1.0,1.0,1.0,1.0,1.0,0.5,1.0,109.0,2.2009670734405518
1157,E5_DELETE,0.6666666666666666,1.0,0.0,1.0,1.0,1.0,0.20000000000000004,4.0,0.625,0.0,0.6614378277661477,0.6614378277661477,1.2720196495140703,1.0,0.0,0.6785714285714285,2.4210526315789473,1.0,1.0,1.0,1.0,1.0,1.0,1.0,1.0,1.0,109.0,1.6192933718363445
1157,E5_REVERSE,0.6,0.6666666666666666,0.0,1.0,1.0,1.0,0.1818181818181818,2.0,0.875,0.0,0.5547387939685356,0.7496326385858786,1.4484520087088784,1.0,0.0,0.8928571428571429,2.7844611528822054,1.0,1.0,1.0,1.0,1.0,1.0,1.0,0.6666666666666666,1.0,109.0,1.7535088857014973
1157,E6_DELETE,0.6666666666666666,1.0,0.5,1.0,1.0,1.0,0.20000000000000004,4.0,0.625,0.0,0.6614378277661477,0.6614378277661477,1.4142135623730951,1.0,0.0,0.6785714285714285,2.4210526315789473,1.0,1.0,1.0,1.0,1.0,1.0,1.0,1.0,1.0,109.0,1.9244643052419026
1157,E6_REVERSE,0.6,0.5,0.5,1.0,1.0,1.0,0.1818181818181818,4.0,0.625,0.0,0.8569568250501304,0.4841229182759272,1.4142135623730956,1.0,0.0,0.6785714285714285,2.3157894736842106,1.0,1.0,1.0,1.0,1.0,1.0,1.0,0.3333333333333333,1.0,109.0,1.649784247080485
1157,E7_DELETE,0.7777777777777778,1.0,1.0,0.3333333333333333,1.0,0.7777777777777777,0.06666666666666667,4.333333333333333,0.5833333333333334,0.2792207792207792,0.7732500743146158,0.6614378277661477,1.3764959424861745,0.3333333333333333,1.0,0.6547619047619048,2.2703818369453046,1.0,1.0,1.0,1.0,0.6666666666666666,0.8000000000000002,1.0,1.0,1.0,109.0,1.8356703122456868
1157,E7_REVERSE,0.8000000000000002,0.5,0.5,0.0,1.0,1.0,0.1818181818181818,3.0,0.75,0.15,0.9921567416492215,0.6959705453537527,1.5174899135519808,1.0,0.0,0.6428571428571429,2.2222222222222223,1.0,1.0,1.0,1.0,1.0,1.0,1.0,0.5,1.0,109.0,1.9945649305979412
1157,E8_DELETE,0.7777777777777778,1.0,1.0,1.0,1.0,1.0,0.20000000000000004,5.0,0.5,0.20476190476190478,0.7732500743146158,0.7173439510403817,1.272019649514069,1.0,0.0,0.6071428571428571,2.176470588235294,1.0,1.0,1.0,1.0,1.0,1.0,1.0,1.0,1.0,109.0,2.023331801096598
1157,E8_REVERSE,0.8000000000000002,0.6666666666666666,0.6666666666666666,1.0,1.0,1.0,0.1818181818181818,2.3333333333333335,0.8333333333333334,0.0,0.5547387939685356,0.5547387939685356,1.3822444910652136,1.0,0.0,0.8690476190476191,2.634453781512605,1.0,1.0,1.0,1.0,1.0,1.0,1.0,0.6666666666666666,1.0,109.0,1.879192590713501
1157,E9_DELETE,0.7777777777777778,0.5,0.5,1.0,1.0,1.0,0.13333333333333333,3.0,0.75,0.0,0.5852961191415048,0.5852961191415048,1.346344973050759,0.6666666666666666,0.0,0.7857142857142857,2.637844611528822,1.0,1.0,1.0,1.0,1.0,1.0,1.0,0.8333333333333334,1.0,109.0,1.482112963994344
1157,E9_REVERSE,0.8000000000000002,0.16666666666666666,0.6666666666666666,0.0,1.0,1.0,0.06060606060606061,2.0,0.875,0.40372670807453415,0.5547387939685356,0.8343217976239847,1.5457401766750491,0.3333333333333333,2.3333333333333335,0.8928571428571429,2.706766917293233,1.0,1.0,1.0,1.0,1.0,0.8000000000000002,1.0,0.6666666666666666,1.0,109.0,1.7271136442820232
1157,F_SURFACE_FORMAT_CONTROL,0.6999999999999998,0.8333333333333334,1.0,1.0,1.0,1.0,0.1818181818181818,3.6666666666666665,0.6666666666666666,0.10526315789473684,0.8032947318180046,0.7496326385858786,1.460733699592076,1.0,0.0,0.7083333333333334,2.221542227662179,1.0,1.0,1.0,1.0,1.0,1.0,1.0,1.0,1.0,109.0,2.4634350140889487
1157,G_RANDOM_CONTROL,0.6,0.5,0.5,1.0,0.75,0.8095238095238096,0.1818181818181818,4.0,0.625,0.15,0.8569568250501304,0.9921567416492215,1.414213562373096,1.0,0.0,0.5714285714285714,2.15625,1.0,1.0,1.0,1.0,0.5,1.0,1.0,0.3333333333333333,1.0,109.0,1.729879379272461
1157,I_ISOMORPHIC_RELABEL,0.6999999999999998,0.6666666666666666,1.0,1.0,1.0,1.0,0.1818181818181818,3.3333333333333335,0.7083333333333334,0.05263157894736842,0.7496326385858786,0.8032947318180046,1.5072538368110564,1.0,0.0,0.7380952380952381,2.2851897184822523,1.0,1.0,1.0,1.0,1.0,1.0,1.0,1.0,1.0,109.0,1.6946696440378826
1157,L_FORWARD_CONTROL,1.0,0.5,0.5,0.0,1.0,1.0,0.0,3.0,0.75,0.2689629211368342,0.4841229182759272,0.7496326385858786,1.2615475858211633,0.0,0.3333333333333333,0.7857142857142857,2.4235588972431077,1.0,1.0,1.0,1.0,0.8333333333333334,1.0,1.0,0.8333333333333334,1.0,109.0,1.8233148256937664
1157,M0_SWITCH_NEUTRALIZED,0.6999999999999998,0.3333333333333333,0.3333333333333333,1.0,1.0,1.0,0.06060606060606061,1.0,1.0,0.09523809523809523,0.6253546696611442,0.4841229182759272,1.2969250179835121,0.3333333333333333,0.0,1.0,3.142857142857143,1.0,1.0,1.0,0.0,0.0,1.0,1.0,0.5,1.0,109.0,1.9494680563608806
1157,M_SWITCH_REASSIGNED,0.6999999999999998,0.6666666666666666,1.0,1.0,1.0,1.0,0.0,3.3333333333333335,0.7083333333333334,0.34057971014492755,0.9470901027828579,0.7496326385858786,1.3344971017573748,0.0,1.3333333333333333,0.7380952380952381,2.548143614851081,1.0,1.0,1.0,1.0,1.0,1.0,1.0,1.0,1.0,109.0,1.7105061213175456
1157,O_ORDER_SHUFFLED,0.5,0.5,0.5,0.0,0.5833333333333334,1.0,0.1818181818181818,3.0,0.75,0.0,0.8569568250501304,0.4841229182759272,1.5537739740300358,1.0,0.0,0.7678571428571429,2.395348837209302,1.0,1.0,1.0,1.0,1.0,1.0,1.0,0.5,0.14285714285714285,109.0,2.26496156056722
1157,P_ANCHOR_REASSIGNED,0.6999999999999998,0.5,0.6666666666666666,1.0,1.0,1.0,0.1818181818181818,1.6666666666666667,0.9166666666666666,0.0,0.5547387939685356,0.6084008872006615,1.5080019682126269,1.0,0.0,0.9226190476190476,2.6877076411960132,1.0,1.0,1.0,1.0,1.0,1.0,1.0,0.6666666666666666,1.0,109.0,1.7324397563934326
1157,R_DEGREE_MATCHED_REWIRE,0.4000000000000001,0.5,0.0,1.0,0.5,0.6666666666666666,0.3636363636363636,1.0,1.0,0.25,0.4841229182759272,0.4841229182759272,1.5640681392807174,2.0,1.0,1.0,3.3035714285714284,1.0,1.0,1.0,1.0,1.0,1.0,1.0,0.5,1.0,109.0,1.585766077041626
1157,T_TERMINAL_CHANGED,0.6999999999999998,0.6666666666666666,0.6666666666666666,1.0,1.0,1.0,0.1818181818181818,2.0,0.875,0.0,0.5547387939685356,0.5547387939685356,1.4614818309936464,1.0,0.0,0.8928571428571429,2.6416040100250626,1.0,1.0,1.0,1.0,1.0,1.0,1.0,0.5,0.0,109.0,2.2635792891184487
1157,X_COMPLEXITY_MATCHED,0.5,0.5,0.5,1.0,0.75,0.8888888888888888,0.0,2.0,0.875,0.391304347826087,0.6959705453537527,0.4841229182759272,1.4109972854784056,0.0,2.0,0.875,2.673469387755102,1.0,1.0,1.0,1.0,1.0,1.0,1.0,0.5,1.0,109.0,1.7420862515767415
1157,Y_TOPOLOGY_MATCHED,0.4000000000000001,0.8333333333333334,1.0,1.0,0.3333333333333333,0.6666666666666666,0.0,3.0,0.75,0.35177865612648224,0.7496326385858786,0.6959705453537527,1.4970983478405995,0.0,2.0,0.6607142857142857,2.1891891891891895,1.0,1.0,1.0,1.0,1.0,1.0,1.0,0.4444444444444444,1.0,109.0,1.851965030034383
1158,A_AUTHENTIC,0.6999999999999998,0.5,0.5,1.0,1.0,1.0,0.1818181818181818,1.0,1.0,0.0,0.4841229182759272,0.4841229182759272,1.4851159653039219,1.0,0.0,1.0,2.857142857142857,1.0,1.0,1.0,1.0,1.0,1.0,1.0,0.5,1.0,109.0,1.5125354131062825
1158,D_ALL_DIRECTION_REVERSED,0.3,0.6666666666666666,0.8333333333333334,0.0,0.0,1.0,0.0,2.6666666666666665,0.7916666666666666,0.043478260869565216,0.8032947318180046,0.7496326385858786,1.297056584043002,0.0,0.0,0.8035714285714285,2.7353266888150607,1.0,1.0,1.0,1.0,0.5,1.0,1.0,0.38888888888888884,1.0,109.0,1.676956574122111
1158,E0_DELETE,0.6666666666666666,0.6666666666666666,0.8333333333333334,1.0,1.0,1.0,0.20000000000000004,3.6666666666666665,0.6666666666666666,0.05882352941176471,0.76370716402805,0.819613287302284,1.4607336995920759,1.0,0.0,0.625,2.179856002012199,1.0,1.0,1.0,1.0,1.0,1.0,1.0,0.8333333333333334,1.0,109.0,1.6073413689931233
1158,E0_REVERSE,0.6,0.6666666666666666,0.6666666666666666,1.0,0.75,1.0,0.1818181818181818,4.0,0.625,0.05555555555555555,0.6959705453537527,0.7946992774522422,1.4142135623730951,1.0,0.0,0.6428571428571429,2.196271929824561,1.0,1.0,1.0,1.0,1.0,1.0,1.0,0.6666666666666666,1.0,109.0,1.8279382387797039
1158,E1_DELETE,0.6666666666666666,0.6666666666666666,0.6666666666666666,1.0,1.0,0.6666666666666666,0.20000000000000004,4.0,0.625,0.0,0.641202242415739,0.76370716402805,1.414213562373095,1.0,0.0,0.636904761904762,2.2563667232597626,1.0,1.0,1.0,1.0,1.0,1.0,1.0,0.8333333333333334,1.0,109.0,2.4852240085601807
1158,E1_REVERSE,0.6,1.0,0.6666666666666666,1.0,0.75,1.0,0.1818181818181818,3.3333333333333335,0.7083333333333334,0.1608187134502924,0.8032947318180046,0.7946992774522422,1.4623861721371245,1.0,0.0,0.6964285714285715,2.2958239559889972,1.0,1.0,1.0,1.0,1.0,1.0,1.0,1.0,1.0,109.0,1.4634206295013428
1158,E2_DELETE,0.6666666666666666,0.8333333333333334,0.6666666666666666,1.0,1.0,0.5,0.20000000000000004,5.0,0.5,0.07692307692307693,0.5852961191415048,0.819613287302284,1.2720196495140692,1.0,0.0,0.5357142857142857,2.10506600532176,1.0,1.0,1.0,1.0,1.0,1.0,1.0,0.8333333333333334,1.0,109.0,2.2879918416341147
1158,E2_REVERSE,0.6,0.5,0.5,1.0,0.75,1.0,0.1818181818181818,5.0,0.5,0.0,0.6959705453537527,0.8569568250501304,1.2720196495140697,1.0,0.0,0.6071428571428571,2.176470588235294,1.0,1.0,1.0,1.0,1.0,1.0,1.0,0.5,1.0,109.0,1.8073468208312988
1158,E3_DELETE,0.6666666666666666,0.5,0.0,1.0,1.0,0.6666666666666666,0.20000000000000004,3.3333333333333335,0.7083333333333334,0.06666666666666667,0.6614378277661477,0.5650605337910962,1.2834413028834404,1.0,0.3333333333333333,0.7380952380952381,2.695838433292534,1.0,1.0,1.0,1.0,1.0,1.0,1.0,0.6666666666666666,1.0,109.0,1.4548465410868328
1158,E3_REVERSE,0.6,0.8333333333333334,0.3333333333333333,1.0,0.8333333333333334,0.8888888888888888,0.1818181818181818,5.666666666666667,0.4166666666666667,0.10526315789473684,1.0978851370841236,0.6253546696611442,1.0702025981353624,1.0,0.0,0.5535714285714286,2.1069767441860465,1.0,1.0,1.0,1.0,1.0,1.0,1.0,0.8333333333333334,1.0,109.0,1.667579968770345
1158,E4_DELETE,0.6666666666666666,0.5,0.0,1.0,1.0,1.0,0.20000000000000004,3.0,0.75,0.0,0.6614378277661477,0.6614378277661477,1.210607794406086,1.0,0.0,0.7678571428571429,2.7674418604651163,1.0,1.0,1.0,1.0,1.0,1.0,1.0,0.5,1.0,109.0,1.5535396734873455
1158,E4_REVERSE,0.6,0.5,0.0,1.0,1.0,1.0,0.24242424242424243,3.6666666666666665,0.6666666666666666,0.0,0.6959705453537527,0.9416459840882365,1.3249965209474033,1.3333333333333333,0.0,0.7083333333333334,2.5715292459478505,1.0,1.0,1.0,1.0,1.0,1.0,1.0,0.6666666666666666,1.0,109.0,1.5403400262196858
1158,E5_DELETE,0.6666666666666666,0.5,0.0,1.0,1.0,1.0,0.20000000000000004,1.0,1.0,0.0,0.43301270189221935,0.43301270189221935,1.356203065626297,1.0,0.0,1.0,3.142857142857143,1.0,1.0,1.0,1.0,1.0,1.0,1.0,0.5,1.0,109.0,1.6370612780253093
1158,E5_REVERSE,0.6,0.5,0.16666666666666666,1.0,1.0,1.0,0.1818181818181818,1.6666666666666667,0.9166666666666666,0.0,0.5547387939685356,0.8343217976239847,1.48287745910184,1.0,0.0,0.9226190476190476,2.9080841638981174,1.0,1.0,1.0,1.0,1.0,1.0,1.0,0.6666666666666666,1.0,109.0,1.6999986171722412
1158,E6_DELETE,0.6666666666666666,1.0,0.5,1.0,1.0,1.0,0.20000000000000004,4.0,0.625,0.0,0.6614378277661477,0.6614378277661477,1.4142135623730951,1.0,0.0,0.6785714285714285,2.4210526315789473,1.0,1.0,1.0,1.0,1.0,1.0,1.0,1.0,1.0,109.0,1.4736133416493733
1158,E6_REVERSE,0.6,0.6666666666666666,0.5,1.0,1.0,1.0,0.24242424242424243,3.6666666666666665,0.6666666666666666,0.0,0.8569568250501304,0.4841229182759272,1.4821537044986954,1.3333333333333333,0.0,0.7083333333333334,2.3733170134638923,1.0,1.0,1.0,1.0,1.0,1.0,1.0,0.38888888888888884,1.0,109.0,1.5087784131368
1158,E7_DELETE,0.7777777777777778,0.5,0.8333333333333334,0.0,1.0,0.6666666666666666,0.13333333333333333,6.0,0.375,0.32717086834733894,0.9218826235641862,0.6614378277661477,1.1818206806168348,0.6666666666666666,0.6666666666666666,0.46428571428571425,1.85908057179987,1.0,1.0,1.0,1.0,0.8333333333333334,1.0,1.0,1.0,1.0,109.0,1.7243117491404216
1158,E7_REVERSE,0.8000000000000002,0.0,0.0,0.0,1.0,1.0,0.0,1.0,1.0,0.14285714285714285,0.4841229182759272,0.4841229182759272,1.3828038384219707,0.0,1.0,1.0,3.089285714285714,1.0,1.0,1.0,1.0,1.0,1.0,1.0,0.5,1.0,109.0,1.8563193480173747
1158,E8_DELETE,0.7777777777777778,0.8333333333333334,0.8333333333333334,1.0,1.0,1.0,0.20000000000000004,3.6666666666666665,0.6666666666666666,0.13809523809523808,0.641202242415739,0.641202242415739,1.310801985488396,1.0,0.0,0.7380952380952381,2.482492997198879,1.0,1.0,1.0,1.0,1.0,1.0,1.0,0.8333333333333334,1.0,109.0,1.9887139002482097
1158,E8_REVERSE,0.8000000000000002,0.5,0.5,1.0,1.0,1.0,0.1818181818181818,1.0,1.0,0.0,0.4841229182759272,0.4841229182759272,1.437356911840786,1.0,0.0,1.0,2.892857142857143,1.0,1.0,1.0,1.0,1.0,1.0,1.0,0.5,1.0,109.0,1.9757922490437825
1158,E9_DELETE,0.7777777777777778,0.5,0.5,1.0,1.0,1.0,0.0,1.6666666666666667,0.9166666666666666,0.0,0.509154410516862,0.509154410516862,1.2310784127754137,0.0,0.0,0.9226190476190476,2.877076411960133,1.0,1.0,1.0,1.0,1.0,1.0,1.0,0.6666666666666666,1.0,109.0,1.6005454858144124
1158,E9_REVERSE,0.8000000000000002,0.5,0.5,0.0,1.0,1.0,0.06060606060606061,3.0,0.75,0.45054945054945056,0.6959705453537527,0.9416459840882365,1.618033988749896,0.3333333333333333,2.6666666666666665,0.7678571428571429,2.441860465116279,1.0,1.0,1.0,1.0,0.6666666666666666,0.9333333333333332,1.0,1.0,1.0,109.0,2.0347073078155518
1158,F_SURFACE_FORMAT_CONTROL,0.6999999999999998,0.5,1.0,1.0,1.0,1.0,0.1818181818181818,3.0,0.75,0.0,0.6959705453537527,0.8569568250501304,1.5537739740300374,1.0,0.0,0.7678571428571429,2.3488372093023258,1.0,1.0,1.0,1.0,1.0,1.0,1.0,1.0,1.0,109.0,1.5241923332214355
1158,G_RANDOM_CONTROL,0.3,0.5,0.5,1.0,0.5,0.6666666666666666,0.1818181818181818,7.0,0.25,0.3,1.4086784586980805,0.6959705453537527,1.0,1.0,0.0,0.375,1.5714285714285714,1.0,1.0,1.0,1.0,1.0,0.6666666666666666,1.0,0.3333333333333333,1.0,109.0,1.5888861815134685
1158,I_ISOMORPHIC_RELABEL,0.6999999999999998,0.5,0.5,1.0,1.0,1.0,0.1818181818181818,1.0,1.0,0.0,0.4841229182759272,0.4841229182759272,1.4851159653039219,1.0,0.0,1.0,2.857142857142857,1.0,1.0,1.0,1.0,1.0,1.0,1.0,0.5,1.0,109.0,1.6656644344329834
1158,L_FORWARD_CONTROL,1.0,0.0,0.0,0.0,1.0,0.7777777777777777,0.0,3.0,0.75,0.2608695652173913,0.6959705453537527,0.6959705453537527,1.229810149046001,0.0,0.0,0.7678571428571429,2.511627906976744,1.0,1.0,1.0,1.0,0.5,1.0,1.0,0.3333333333333333,1.0,109.0,1.882329781850179
1158,M0_SWITCH_NEUTRALIZED,0.6999999999999998,0.5,0.5,1.0,1.0,1.0,0.12121212121212122,2.0,0.875,0.047619047619047616,0.6253546696611442,0.5547387939685356,1.3365519325164203,0.6666666666666666,0.0,0.8928571428571429,2.8674812030075185,1.0,1.0,1.0,0.0,0.0,1.0,1.0,0.6666666666666666,1.0,109.0,1.8887895743052165
1158,M_SWITCH_REASSIGNED,0.6999999999999998,0.16666666666666666,0.16666666666666666,0.0,1.0,0.6666666666666666,0.0,6.0,0.375,0.2318181818181818,0.8032947318180046,0.4841229182759272,1.0000000000000009,0.0,1.0,0.5535714285714286,1.978494623655914,1.0,1.0,1.0,1.0,0.5,1.0,1.0,0.38888888888888884,1.0,109.0,1.7186159292856853
1158,O_ORDER_SHUFFLED,0.5,0.0,0.5,0.0,0.5,1.0,0.3636363636363636,3.0,0.625,0.0,0.4841229182759272,0.6959705453537527,1.4142135623730951,2.0,0.0,0.6964285714285715,2.3846153846153846,1.0,1.0,1.0,1.0,1.0,1.0,1.0,1.0,0.8571428571428571,109.0,1.7956763903299968
1158,P_ANCHOR_REASSIGNED,0.6999999999999998,0.8333333333333334,1.0,1.0,1.0,1.0,0.1818181818181818,3.6666666666666665,0.6666666666666666,0.1111111111111111,0.6959705453537527,0.8569568250501304,1.460733699592076,1.0,0.0,0.7083333333333334,2.326805385556916,1.0,1.0,1.0,1.0,1.0,1.0,1.0,1.0,1.0,109.0,1.6998401482899983
1158,R_DEGREE_MATCHED_REWIRE,0.5,1.0,0.0,1.0,0.75,0.6,0.5454545454545454,4.0,0.625,0.0,0.6959705453537527,0.8569568250501304,1.6902844946166127,3.0,0.0,0.5,1.9642857142857142,1.0,1.0,1.0,1.0,1.0,1.0,1.0,1.0,1.0,109.0,1.5753080050150554
1158,T_TERMINAL_CHANGED,0.6999999999999998,0.5,0.5,1.0,1.0,1.0,0.1818181818181818,1.0,1.0,0.0,0.4841229182759272,0.4841229182759272,1.4851159653039219,1.0,0.0,1.0,2.857142857142857,1.0,1.0,1.0,1.0,1.0,1.0,1.0,0.5,0.0,109.0,2.111729383468628
1158,X_COMPLEXITY_MATCHED,0.3,0.6666666666666666,0.8333333333333334,1.0,0.3333333333333333,1.0,0.12121212121212122,2.0,0.875,0.43043478260869567,0.7496326385858786,0.732678856125396,1.5584406771904593,0.6666666666666666,2.0,0.7916666666666666,2.560090702947846,1.0,1.0,1.0,1.0,1.0,1.0,1.0,0.3333333333333333,1.0,109.0,1.5805486838022869
1158,Y_TOPOLOGY_MATCHED,0.5,1.0,1.0,1.0,0.5,1.0,0.1818181818181818,4.0,0.625,0.15789473684210525,0.9921567416492215,0.6959705453537527,1.2720196495140685,1.0,0.0,0.6607142857142857,2.2972972972972974,1.0,1.0,1.0,1.0,1.0,1.0,1.0,0.5,1.0,109.0,1.5941691398620605
1159,A_AUTHENTIC,0.6999999999999998,0.5,0.5,1.0,1.0,1.0,0.1818181818181818,1.0,1.0,0.0,0.4841229182759272,0.4841229182759272,1.4851159653039219,1.0,0.0,1.0,2.857142857142857,1.0,1.0,1.0,1.0,1.0,1.0,1.0,0.5,1.0,109.0,1.726442813873291
1159,D_ALL_DIRECTION_REVERSED,0.3,0.5,0.6666666666666666,0.0,0.0,1.0,0.1818181818181818,3.0,0.75,0.0,0.6253546696611442,0.6959705453537527,1.3902632894983349,1.0,0.0,0.7738095238095238,2.5730688848366765,1.0,1.0,1.0,1.0,0.6666666666666666,1.0,1.0,0.38888888888888884,1.0,109.0,1.7958621978759766
1159,E0_DELETE,0.6666666666666666,1.0,0.5,1.0,1.0,1.0,0.20000000000000004,4.0,0.625,0.0,0.6614378277661477,0.6614378277661477,1.4142135623730951,1.0,0.0,0.6785714285714285,2.4210526315789473,1.0,1.0,1.0,1.0,1.0,1.0,1.0,1.0,1.0,109.0,1.6438884735107422
1159,E0_REVERSE,0.6,0.5,0.5,1.0,0.75,0.75,0.1818181818181818,4.0,0.625,0.0,0.6959705453537527,0.6959705453537527,1.4142135623730951,1.0,0.0,0.6785714285714285,2.263157894736842,1.0,1.0,1.0,1.0,1.0,1.0,1.0,0.5,1.0,109.0,1.43149733543396
1159,E1_DELETE,0.6666666666666666,0.5,0.5,1.0,1.0,0.6666666666666666,0.20000000000000004,4.0,0.625,0.0,0.43301270189221935,0.6614378277661477,1.4142135623730943,1.0,0.0,0.6785714285714285,2.4210526315789473,1.0,1.0,1.0,1.0,1.0,1.0,1.0,0.5,1.0,109.0,1.721493403116862
1159,E1_REVERSE,0.6,0.5,0.5,1.0,0.8333333333333334,0.75,0.1818181818181818,4.0,0.625,0.0,0.4841229182759272,0.6959705453537527,1.4142135623730943,1.0,0.0,0.6785714285714285,2.210526315789474,1.0,1.0,1.0,1.0,1.0,1.0,1.0,0.5,1.0,109.0,1.579744577407837
1159,E2_DELETE,0.6666666666666666,0.5,0.6666666666666666,1.0,1.0,0.5,0.26666666666666666,5.0,0.5,0.0,0.509154410516862,0.76370716402805,1.3659377576860592,1.3333333333333333,0.0,0.5416666666666666,2.1091219096334184,1.0,1.0,1.0,1.0,1.0,1.0,1.0,0.6666666666666666,1.0,109.0,2.2842354774475098
1159,E2_REVERSE,0.6,0.5,0.5,1.0,0.75,1.0,0.1818181818181818,5.0,0.5,0.0,0.6959705453537527,0.8569568250501304,1.2720196495140697,1.0,0.0,0.6071428571428571,2.176470588235294,1.0,1.0,1.0,1.0,1.0,1.0,1.0,0.5,1.0,109.0,1.544722318649292
1159,E3_DELETE,0.6666666666666666,0.5,0.0,1.0,1.0,0.6666666666666666,0.20000000000000004,3.0,0.75,0.0,0.6614378277661477,0.43301270189221935,1.2106077944060876,1.0,0.0,0.7678571428571429,2.7674418604651163,1.0,1.0,1.0,1.0,1.0,1.0,1.0,0.5,1.0,109.0,1.6555959383646648
1159,E3_REVERSE,0.6,0.5,0.0,1.0,0.75,1.0,0.1818181818181818,3.0,0.75,0.0,0.8569568250501304,0.4841229182759272,1.2106077944060876,1.0,0.0,0.7678571428571429,2.7209302325581395,1.0,1.0,1.0,1.0,1.0,1.0,1.0,0.5,1.0,109.0,1.4984759489695232
1159,E4_DELETE,0.6666666666666666,0.6666666666666666,0.0,1.0,1.0,1.0,0.20000000000000004,3.3333333333333335,0.7083333333333334,0.0,0.6614378277661477,0.6614378277661477,1.2784763837284225,1.0,0.0,0.7380952380952381,2.6519787841697267,1.0,1.0,1.0,1.0,1.0,1.0,1.0,0.6666666666666666,1.0,109.0,1.5359201431274414
1159,E4_REVERSE,0.6,1.0,0.0,1.0,1.0,1.0,0.3636363636363636,4.0,0.625,0.0,0.6959705453537527,0.8569568250501304,1.5537739740300403,2.0,0.0,0.6785714285714285,2.3684210526315788,1.0,1.0,1.0,1.0,1.0,1.0,1.0,1.0,1.0,109.0,1.584366003672282
1159,E5_DELETE,0.6666666666666666,0.5,0.0,1.0,1.0,1.0,0.20000000000000004,1.0,1.0,0.0,0.43301270189221935,0.43301270189221935,1.356203065626297,1.0,0.0,1.0,3.142857142857143,1.0,1.0,1.0,1.0,1.0,1.0,1.0,0.5,1.0,109.0,1.4402085940043132
1159,E5_REVERSE,0.6,0.5,0.0,1.0,1.0,1.0,0.1818181818181818,1.0,1.0,0.0,0.4841229182759272,0.6959705453537527,1.46557123187677,1.0,0.0,1.0,3.0714285714285716,1.0,1.0,1.0,1.0,1.0,1.0,1.0,0.5,1.0,109.0,1.7137643496195476
1159,E6_DELETE,0.6666666666666666,1.0,0.5,1.0,1.0,1.0,0.20000000000000004,4.0,0.625,0.0,0.6614378277661477,0.6614378277661477,1.4142135623730951,1.0,0.0,0.6785714285714285,2.4210526315789473,1.0,1.0,1.0,1.0,1.0,1.0,1.0,1.0,1.0,109.0,1.7020521958669026
1159,E6_REVERSE,0.6,0.5,0.6666666666666666,1.0,1.0,1.0,0.1818181818181818,4.0,0.625,0.05555555555555555,0.9020234639164942,0.4841229182759272,1.4142135623730956,1.0,0.0,0.6666666666666666,2.293859649122807,1.0,1.0,1.0,1.0,1.0,1.0,1.0,0.3333333333333333,1.0,109.0,1.6689616839090984
1159,E7_DELETE,0.7777777777777778,0.0,0.0,0.0,1.0,1.0,0.0,4.0,0.625,0.0,0.82915619758885,0.43301270189221935,1.1892071150027221,0.0,0.0,0.6785714285714285,2.5789473684210527,1.0,1.0,1.0,1.0,1.0,1.0,1.0,0.3333333333333333,1.0,109.0,1.8349087238311768
1159,E7_REVERSE,0.8000000000000002,0.5,0.5,1.0,1.0,1.0,0.12121212121212122,3.0,0.75,0.30917874396135264,0.6959705453537527,0.6253546696611442,1.4281174759842852,0.6666666666666666,1.0,0.7678571428571429,2.465116279069768,1.0,1.0,1.0,1.0,1.0,1.0,1.0,0.5,1.0,109.0,1.9624042510986328
1159,E8_DELETE,0.7777777777777778,0.5,0.5,1.0,1.0,1.0,0.20000000000000004,1.0,1.0,0.0,0.43301270189221935,0.43301270189221935,1.3883666574370508,1.0,0.0,1.0,3.035714285714286,1.0,1.0,1.0,1.0,1.0,1.0,1.0,0.5,1.0,109.0,1.5062921047210693
1159,E8_REVERSE,0.8000000000000002,0.5,0.5,1.0,1.0,1.0,0.1818181818181818,1.0,1.0,0.0,0.4841229182759272,0.4841229182759272,1.437356911840786,1.0,0.0,1.0,2.892857142857143,1.0,1.0,1.0,1.0,1.0,1.0,1.0,0.5,1.0,109.0,1.8344714641571045
1159,E9_DELETE,0.7777777777777778,0.5,0.5,1.0,1.0,1.0,0.06666666666666667,2.0,0.875,0.0,0.509154410516862,0.509154410516862,1.2784763837284225,0.3333333333333333,0.0,0.8928571428571429,2.854636591478697,1.0,1.0,1.0,1.0,1.0,1.0,1.0,0.6666666666666666,1.0,109.0,1.5744590759277344
1159,E9_REVERSE,0.8000000000000002,0.5,0.5,0.0,1.0,1.0,0.06060606060606061,3.0,0.75,0.3611111111111111,0.6959705453537527,0.6959705453537527,1.4997046789615744,0.3333333333333333,2.0,0.7678571428571429,2.503875968992248,1.0,1.0,1.0,1.0,1.0,1.0,1.0,1.0,1.0,109.0,1.73564608891805
1159,F_SURFACE_FORMAT_CONTROL,0.6999999999999998,0.6666666666666666,1.0,1.0,1.0,0.8888888888888888,0.24242424242424243,4.0,0.625,0.09999999999999999,0.7496326385858786,0.8032947318180046,1.5880994528972892,1.3333333333333333,0.3333333333333333,0.6785714285714285,2.2982456140350878,1.0,1.0,1.0,1.0,1.0,1.0,1.0,1.0,1.0,109.0,1.591517686843872
1159,G_RANDOM_CONTROL,0.3,0.5,0.8333333333333334,1.0,0.0,1.0,0.42424242424242425,5.666666666666667,0.375,0.2222222222222222,0.9470901027828579,1.3094604065202031,1.4142135623730951,2.3333333333333335,0.0,0.4702380952380953,1.7587844254510923,1.0,1.0,1.0,1.0,0.8333333333333334,1.0,1.0,0.5,1.0,109.0,1.6930925051371257
1159,I_ISOMORPHIC_RELABEL,0.6999999999999998,0.5,0.6666666666666666,1.0,1.0,1.0,0.1818181818181818,1.6666666666666667,0.9166666666666666,0.0,0.5547387939685356,0.6084008872006615,1.5080019682126269,1.0,0.0,0.9226190476190476,2.6877076411960132,1.0,1.0,1.0,1.0,1.0,1.0,1.0,0.6666666666666666,1.0,109.0,1.7960576216379802
1159,L_FORWARD_CONTROL,1.0,0.0,0.0,0.0,1.0,1.0,0.0,1.0,1.0,0.1818181818181818,0.5547387939685356,0.4841229182759272,1.3708910272239734,0.0,0.3333333333333333,1.0,2.767857142857143,1.0,1.0,1.0,1.0,0.5,1.0,1.0,0.4444444444444444,1.0,109.0,2.2676073710123696
1159,M0_SWITCH_NEUTRALIZED,0.6999999999999998,1.0,1.0,1.0,1.0,1.0,0.12121212121212122,4.0,0.625,0.23026315789473684,0.8569568250501304,0.6959705453537527,1.3938790296485057,0.6666666666666666,0.3333333333333333,0.6785714285714285,2.2719298245614037,1.0,1.0,1.0,0.0,0.0,1.0,1.0,1.0,1.0,109.0,1.627639373143514
1159,M_SWITCH_REASSIGNED,0.6999999999999998,0.5,0.6666666666666666,1.0,1.0,1.0,0.0,2.3333333333333335,0.8333333333333334,0.18614718614718614,0.6084008872006615,0.6959705453537527,1.343712628547798,0.0,1.3333333333333333,0.8392857142857143,2.6136687233032747,1.0,1.0,1.0,1.0,1.0,1.0,1.0,1.0,1.0,109.0,1.5458115736643474
1159,O_ORDER_SHUFFLED,0.4000000000000001,0.5,0.6666666666666666,1.0,0.25,1.0,0.1818181818181818,1.6666666666666667,0.9166666666666666,0.0,0.5547387939685356,0.6084008872006615,1.5080019682126269,1.0,0.0,0.9226190476190476,2.6877076411960132,1.0,1.0,1.0,1.0,1.0,1.0,1.0,0.6666666666666666,0.7142857142857143,109.0,1.8778473536173503
1159,P_ANCHOR_REASSIGNED,0.6999999999999998,0.5,0.5,1.0,1.0,1.0,0.1818181818181818,1.0,1.0,0.0,0.4841229182759272,0.4841229182759272,1.4851159653039219,1.0,0.0,1.0,2.857142857142857,1.0,1.0,1.0,1.0,1.0,1.0,1.0,0.5,1.0,109.0,1.8520409266153972
1159,R_DEGREE_MATCHED_REWIRE,0.5,0.5,0.5,1.0,0.8333333333333334,0.611111111111111,0.1818181818181818,2.0,0.625,0.5625,0.4841229182759272,0.4841229182759272,1.6180339887498973,1.0,2.0,0.46428571428571425,1.7307692307692308,1.0,1.0,1.0,1.0,1.0,1.0,1.0,0.5,1.0,109.0,1.889378547668457
1159,T_TERMINAL_CHANGED,0.6999999999999998,0.5,0.5,1.0,1.0,1.0,0.1818181818181818,1.0,1.0,0.0,0.4841229182759272,0.4841229182759272,1.4851159653039219,1.0,0.0,1.0,2.857142857142857,1.0,1.0,1.0,1.0,1.0,1.0,1.0,0.5,0.0,109.0,1.417035977045695
1159,X_COMPLEXITY_MATCHED,0.4000000000000001,0.5,0.5,1.0,0.5833333333333334,0.6984126984126983,0.1818181818181818,4.0,0.625,0.16666666666666666,0.9921567416492215,0.4841229182759272,1.4291083198381453,1.0,1.0,0.6785714285714285,2.3947368421052633,1.0,1.0,1.0,1.0,1.0,1.0,1.0,0.5,1.0,109.0,1.963438908259074
1159,Y_TOPOLOGY_MATCHED,0.3,1.0,0.0,1.0,0.25,0.5079365079365079,0.0,3.0,0.75,0.2727272727272727,0.6959705453537527,0.4841229182759272,1.4075897830860484,0.0,0.0,0.7678571428571429,2.3488372093023258,1.0,1.0,1.0,1.0,1.0,1.0,1.0,0.3333333333333333,1.0,109.0,1.5356762409210205
