seed,condition,rep,cell_key,response_id,response_sha256,RETURN,OPERATIONAL_REENTRY,NEXT_TRANSFORMATION,RECURRENCE,PRESERVATION,META_CONTROL,FULL_PATHWAY,PATHWAY_SCORE
0,A100_AUTHENTIC_FULL_PREFIX,0,0|A100_AUTHENTIC_FULL_PREFIX|0,resp_07f4328e6599b2ee006aa2f61a136c87d2ab403ae72790d7ff,d6dfb62fa51d84c98cde45ed5a07029ad6399306f68b5f71fed8a4194893b905,0,0,0,0,1,0,0,1
0,A100_AUTHENTIC_FULL_PREFIX,1,0|A100_AUTHENTIC_FULL_PREFIX|1,resp_02c320756bbe4d59006aa2f61a0b5c87d281432fed9d2c3f5e,6d9d259dd3badf1a831fd65d38779e887b97b62944d51c569248fec6bfa9368c,0,0,0,0,1,0,0,1
0,A100_AUTHENTIC_FULL_PREFIX,2,0|A100_AUTHENTIC_FULL_PREFIX|2,resp_0f4a855a3cefd788006aa2f61a18ec87d2938dc3a894ccbee7,e3b0c44298fc1c149afbf4c8996fb92427ae41e4649b934ca495991b7852b855,0,0,0,0,0,0,0,0
0,A25_AUTHENTIC_DOSE,0,0|A25_AUTHENTIC_DOSE|0,resp_0fe936646aca731f006aa2f61a398487d2beb0dbe39437ec42,43da4008ebf9a00144c9757b11dedd98e0434575dafdf1b951a42898c899c2bc,0,0,0,0,0,0,0,0
0,A25_AUTHENTIC_DOSE,1,0|A25_AUTHENTIC_DOSE|1,resp_00b3be3bab2c0c0b006aa2f61a1c8487d2920a24c7df8e9ead,dca27861f9f94e7d4cef9d6a28ec1cf7a9f61053ee8f55edbb3e58627c1518cc,0,0,0,0,1,0,0,1
0,A25_AUTHENTIC_DOSE,2,0|A25_AUTHENTIC_DOSE|2,resp_01c06457ff1be4e6006aa2f61a4a9087d29ac3ffe8f7f189e4,4dbb398d1dde7327c9947cdf28ff50f7f1f162289f23add7bc51b017e5483891,0,0,0,0,1,0,0,1
0,A50_AUTHENTIC_DOSE,0,0|A50_AUTHENTIC_DOSE|0,resp_0ecdc39aac81d34c006aa2f61a1c2c87d292febf5aebd4427c,9623c1311d5de61d6da360ea07c0f4e177f1639bf3d9e3c8bba14a2e797958b1,0,0,0,0,0,0,0,0
0,A50_AUTHENTIC_DOSE,1,0|A50_AUTHENTIC_DOSE|1,resp_030e185a80de200d006aa2f61a212c87d29b2958e7633713cc,17c53e1256cc7f8d6836e6bf2235d781c8b3da2133b8da8c9942a4cf829f8e1b,0,0,0,0,0,0,0,0
0,A50_AUTHENTIC_DOSE,2,0|A50_AUTHENTIC_DOSE|2,resp_0c92512ad2d3a705006aa2f61a0c8c87d2bc9b410b76f05a96,c8be2a8f551d825176553553e04e83c43b7fb51baac5953b541e117fbf0e1369,0,0,0,0,0,0,0,0
0,A75_AUTHENTIC_DOSE,0,0|A75_AUTHENTIC_DOSE|0,resp_08fc5a3a475b6b3e006aa2f61a111c87d2a909ab17ebea463f,57c010e7c246b0b72d014e2eae0586cf0726cbdb633a71f3cf0026e21a16c80a,0,0,0,0,1,0,0,1
0,A75_AUTHENTIC_DOSE,1,0|A75_AUTHENTIC_DOSE|1,resp_019ac892acd7bf0a006aa2f61a10ac87d282fc9f0ec236553a,cdb9e456138097b3e7e61818d79dfadef6df78f888bdff1ead03a5c948a7acc5,0,0,0,0,1,0,0,1
0,A75_AUTHENTIC_DOSE,2,0|A75_AUTHENTIC_DOSE|2,resp_0227c0866746096e006aa2f61a400087d2a2e90b375da839ee,d7809d9c2b602d9ebd60d0952fa6c2ec4e8182fe184b619b98415a9cc85eb056,0,0,0,0,0,0,0,0
0,B_TOPOLOGY_SHUFFLED,0,0|B_TOPOLOGY_SHUFFLED|0,resp_0a6c4901f25d41a7006aa2f61d553c87d2bb8c14c8c34e0085,3c6f64b6f1185b670af0fa6701ac4a3350f4f41a6ae27da429677e0284fcb8c1,0,0,0,0,1,0,0,1
0,B_TOPOLOGY_SHUFFLED,1,0|B_TOPOLOGY_SHUFFLED|1,resp_0483442edd70003e006aa2f61db0d087d2b851a2887a0e4fe5,531c8f9587849267d1cbf42d3ce992e638da2a153a18658e06b28041fd264463,0,0,0,0,1,0,0,1
0,B_TOPOLOGY_SHUFFLED,2,0|B_TOPOLOGY_SHUFFLED|2,resp_0b06dd5d8e73f1d3006aa2f61e373887d29a8be10927c0891c,c37150260f55b5011ac6910e0d5bfd8cde32d03bf1ea641541d7e493d20dcbd8,0,0,0,0,1,0,0,1
0,C_ORDER_SHUFFLED,0,0|C_ORDER_SHUFFLED|0,resp_095d8045e4301cd7006aa2f61e09cc87d2b3f398605b7ddc51,5f68f8af9b6983cd293fd40d69e30a7a75da84da4bda0ed3fd3831f677052212,0,0,0,0,1,0,0,1
0,C_ORDER_SHUFFLED,1,0|C_ORDER_SHUFFLED|1,resp_0ec763b648e86f5b006aa2f61e218087d28821a883848131d9,5fe658ea34a01a717d9c8ebf792988cc63ecae6ac706bb54cdd5193629d30af7,0,0,0,0,1,0,0,1
0,C_ORDER_SHUFFLED,2,0|C_ORDER_SHUFFLED|2,resp_07dd090656c21c9b006aa2f61e80b087d28bc620948ec6c9df,2b17aa2c387788803aa2eedf39bb42dd6a80567e3ec31b6897e6685ab25a2445,0,0,0,0,1,0,0,1
0,D_DIRECTION_REVERSED,0,0|D_DIRECTION_REVERSED|0,resp_09dffe6cc79377b2006aa2f61e586487d2af2644ab76d8741e,b50017971a4633f84a3ba76b3232a12659d9d6589f97e9ca0b5650054b96c424,0,0,0,0,0,0,0,0
0,D_DIRECTION_REVERSED,1,0|D_DIRECTION_REVERSED|1,resp_0e04f51a3afeb8c8006aa2f61e5c0c87d2bf782c3e1b7803ff,c17cc0eb3012b103642c0e5d17aeacc1a4d4ded3e26d1722df9e8f428f5ff7f0,0,0,0,0,1,0,0,1
0,D_DIRECTION_REVERSED,2,0|D_DIRECTION_REVERSED|2,resp_009dffed0f62402e006aa2f61e5db487d2bf5bf72e796fad23,39112513fefff19e63aae404abcd96d28146ca30e98df77d17de6b40a643d598,0,0,0,0,1,0,0,1
0,E_META_CONTROL_ABLATED,0,0|E_META_CONTROL_ABLATED|0,resp_07a111fbab9ee862006aa2f61ebc4487d2880f265c3c4d5f54,5460d249a6d864040d8bc4cbb89a9052c0d593dda1400792346627cfed13f6a8,0,0,0,0,1,0,0,1
0,E_META_CONTROL_ABLATED,1,0|E_META_CONTROL_ABLATED|1,resp_09297c7d9514b943006aa2f61f062487d2b928b500cabd7598,48a1c5cf2b0c9529177be9a7e10f10b3bfbec274d848b109ddbcda42ba14c010,0,0,0,1,1,0,0,2
0,E_META_CONTROL_ABLATED,2,0|E_META_CONTROL_ABLATED|2,resp_09f226a8168d4a1f006aa2f61f05ec87d2a672c468e0e785ad,5647409199fe6a779c123e2a6b4e0e3b71d665127ad907239b78180f4c85b840,0,0,0,0,1,0,0,1
0,F_PRESERVATION_ABLATED,0,0|F_PRESERVATION_ABLATED|0,resp_01f875e846e54529006aa2f620dbb887d288b0b81356b439c5,4842a364eee687d141d791f69b29ec86fdd43a2a89b8c2f8c88a66461923ae7a,0,0,0,0,0,0,0,0
0,F_PRESERVATION_ABLATED,1,0|F_PRESERVATION_ABLATED|1,resp_0aacce0b1c4d4efe006aa2f621274c87d28a6ab310a5a68fbf,239532898dccdb6dbac614cc6ccc4f84115f8ab100b57c128ad328708a6e045a,1,0,0,0,0,0,0,1
0,F_PRESERVATION_ABLATED,2,0|F_PRESERVATION_ABLATED|2,resp_0283fb41be220fa2006aa2f621575087d2a0d9acb7e3d86b95,58361a978756120d77082d83d653b92230f91c9942c9f4eb9573c37f2d7a67a2,1,0,0,0,1,0,0,2
0,G_SURFACE_SUBSTITUTED,0,0|G_SURFACE_SUBSTITUTED|0,resp_0729971e50d80dec006aa2f621ba4487d2a775b81aab8995fb,e899d624e1b0c1c5ae41fe9126e07019bf59cfc8448b7b1595a3b651f3733db5,0,1,0,0,1,0,0,2
0,G_SURFACE_SUBSTITUTED,1,0|G_SURFACE_SUBSTITUTED|1,resp_066c09c41c8a382c006aa2f621b3dc87d2b231876550ba419f,e3b0c44298fc1c149afbf4c8996fb92427ae41e4649b934ca495991b7852b855,0,0,0,0,0,0,0,0
0,G_SURFACE_SUBSTITUTED,2,0|G_SURFACE_SUBSTITUTED|2,resp_00ac31fb9914b698006aa2f621b91c87d2b22a8741a4f5d004,11a514c938c2d21d57662d7fe24fa72da8038b9b030d40c4bbf73988c593c45e,0,0,0,0,0,0,0,0
0,H_AUTHENTIC_PERTURBED,0,0|H_AUTHENTIC_PERTURBED|0,resp_0d176ee43e2cfad9006aa2f621d40487d29edf7299afbb094c,5f017d21e1f94499314ac28c775c7e03b40e5465d1852864997dd4aaf33a64e9,0,0,0,0,0,0,0,0
0,H_AUTHENTIC_PERTURBED,1,0|H_AUTHENTIC_PERTURBED|1,resp_07105d0bcd43b4fc006aa2f621cfdc87d2a7cbfa4e7e4a788b,e3b0c44298fc1c149afbf4c8996fb92427ae41e4649b934ca495991b7852b855,0,0,0,0,0,0,0,0
0,H_AUTHENTIC_PERTURBED,2,0|H_AUTHENTIC_PERTURBED|2,resp_0aeaf6139c387327006aa2f62231dc87d2af9db7a5e0df7f55,e3b0c44298fc1c149afbf4c8996fb92427ae41e4649b934ca495991b7852b855,0,0,0,0,0,0,0,0
0,I_SHUFFLED_PERTURBED,0,0|I_SHUFFLED_PERTURBED|0,resp_004d9dcddcf518f8006aa2f6225aa087d2aa7d4e306ebb0d41,0e02c4768b08187504ac2032ee2a4bca514954dde94160ed68e2b6a1ee96a02d,0,0,0,0,0,0,0,0
0,I_SHUFFLED_PERTURBED,1,0|I_SHUFFLED_PERTURBED|1,resp_07e6190f64436e0e006aa2f62278bc87d28eeae37f70be37f3,e3b0c44298fc1c149afbf4c8996fb92427ae41e4649b934ca495991b7852b855,0,0,0,0,0,0,0,0
0,I_SHUFFLED_PERTURBED,2,0|I_SHUFFLED_PERTURBED|2,resp_093a5b865ee0ac36006aa2f62268ac87d294ee3b9bdd310e8b,cda76bc64bbd83e6463ec6ddfac692cba95afa5a2d4d92c95a1fa869e4fc7813,0,0,0,0,0,0,0,0
0,J_RECURSION_CONTROL,0,0|J_RECURSION_CONTROL|0,resp_0afd21e2308ffe59006aa2f62498c087d2a5569bb6f06cc79b,e3b0c44298fc1c149afbf4c8996fb92427ae41e4649b934ca495991b7852b855,0,0,0,0,0,0,0,0
0,J_RECURSION_CONTROL,1,0|J_RECURSION_CONTROL|1,resp_01b6fc113c145e08006aa2f624c70487d280216eec57007fb3,10d94157563dd2747a15774e1993c16af42908d1ddaf0dff1e11060b2da1607d,0,0,0,0,0,0,0,0
0,J_RECURSION_CONTROL,2,0|J_RECURSION_CONTROL|2,resp_03025f745f992cce006aa2f625ab5087d2af6550047eb1d512,e3b0c44298fc1c149afbf4c8996fb92427ae41e4649b934ca495991b7852b855,0,0,0,0,0,0,0,0
0,K_COMPLEXITY_CONTROL,0,0|K_COMPLEXITY_CONTROL|0,resp_07ff5ee2c50cca74006aa2f625231087d2bf77df6f7f277bfa,d5906e70da40454fd61acf75b1b00e5c7927f7158f179d6e26b3f9e19584acfe,0,0,0,1,0,0,0,1
0,K_COMPLEXITY_CONTROL,1,0|K_COMPLEXITY_CONTROL|1,resp_03046f8168eb7074006aa2f62513a087d2ac90daddd9683af4,dbb3d6ef9dfa3d6a3ee5a4d135f8728240ac3fe79273ede810cee15621518e0b,0,0,0,0,0,0,0,0
0,K_COMPLEXITY_CONTROL,2,0|K_COMPLEXITY_CONTROL|2,resp_0ac962ac9fe906b6006aa2f62553d887d2b255a2b64f41aa45,eac2a7c6dacd79ce3b69d4a7d74b61d27f882f877b629c5567f9fd5e07419b21,0,0,0,0,0,0,0,0
0,L_COUNTERFACTUAL_PATH,0,0|L_COUNTERFACTUAL_PATH|0,resp_07f43ca2e90cb09f006aa2f6259f2087d2a6da8c67bf4f1d54,168c44d4c82759dc73c3a409deb56dbc35c8fd22149bb945221e87cdfff23f13,0,0,0,0,1,1,0,2
0,L_COUNTERFACTUAL_PATH,1,0|L_COUNTERFACTUAL_PATH|1,resp_0df5c68940632538006aa2f625b2bc87d293697329c36373db,052e66364729baae214e4cfd4485f885f34559c93800ec27a881172751f5025f,0,0,0,0,1,1,0,2
0,L_COUNTERFACTUAL_PATH,2,0|L_COUNTERFACTUAL_PATH|2,resp_078a5a791d71047a006aa2f625cae887d2bbf39ff526b55f2a,ec56e53c0879c6e4dcacf69b6cf40d25252ff393d380da4ac07065bb5cbbb1cd,0,0,1,0,1,1,0,3
1,A100_AUTHENTIC_FULL_PREFIX,0,1|A100_AUTHENTIC_FULL_PREFIX|0,resp_02be92ea59a9ef80006aa2f625f72887d2a9aeb9a6ecc25ac6,e6ee830c31443c8d09055071913c78f3041c7004d83b67f60dfba905acd61ba6,1,0,0,0,1,0,0,2
1,A100_AUTHENTIC_FULL_PREFIX,1,1|A100_AUTHENTIC_FULL_PREFIX|1,resp_0ec1ce72a1214730006aa2f6267d0c87d281adb64f9b35ce98,1a36ed23801d089e5aaebce8c2acbbc9a17560f6ec0ab100b706ced13207302c,0,0,0,0,1,1,0,2
1,A100_AUTHENTIC_FULL_PREFIX,2,1|A100_AUTHENTIC_FULL_PREFIX|2,resp_0fa83e94c6520977006aa2f626fbb887d299a7cb48c9da4d17,b2f1c6efc1717ea7a87615cfbae2168a95ddb26f1ae7d112eda2ee70e82d952d,0,0,0,0,1,0,0,1
1,A25_AUTHENTIC_DOSE,0,1|A25_AUTHENTIC_DOSE|0,resp_02ab641ce5caa9ef006aa2f628432c87d29b9333e55daf87e8,139ef6c948f1a55d95679a259106cc0320540b44cc224bf0c7ea884d3be929f0,0,0,0,0,1,0,0,1
1,A25_AUTHENTIC_DOSE,1,1|A25_AUTHENTIC_DOSE|1,resp_0e7629925313d483006aa2f628ea7887d293f0c07168732880,f3a4987462976fe93179c907fae3ba6fef8813af07b98c57f7d327da689875bc,0,0,0,0,1,0,0,1
1,A25_AUTHENTIC_DOSE,2,1|A25_AUTHENTIC_DOSE|2,resp_07ee7a3cdb89127d006aa2f628a6d087d2b049f4524aae378f,a06b21b2f7c572c8ee7e602eeed0799081653ee1e265f239cf57053a470c54b6,0,0,0,0,1,0,0,1
1,A50_AUTHENTIC_DOSE,0,1|A50_AUTHENTIC_DOSE|0,resp_0d025455dc019328006aa2f628a95887d29fbc7924c3f48e02,ad3ff19f36196c0980db3a6c0fb1fb51e8dd6e6a38b1278ede78a30d5b0b563b,0,0,0,0,0,0,0,0
1,A50_AUTHENTIC_DOSE,1,1|A50_AUTHENTIC_DOSE|1,resp_0f57b046d1c609cf006aa2f628b8d087d2ad376710d19ff864,e3b0c44298fc1c149afbf4c8996fb92427ae41e4649b934ca495991b7852b855,0,0,0,0,0,0,0,0
1,A50_AUTHENTIC_DOSE,2,1|A50_AUTHENTIC_DOSE|2,resp_034dc94512a2c595006aa2f629269c87d2adba7d21fab389ad,3961f44c1ac58d04a530093a043ed1020b34d563dcd136e20138b44c32e1edaa,0,0,0,0,0,0,0,0
1,A75_AUTHENTIC_DOSE,0,1|A75_AUTHENTIC_DOSE|0,resp_09cb98f83d38bab0006aa2f62943d887d28bf8f5ec374fa2df,dd6d64f8671a4198534473433630e746104367b219cc25f13e2c1881321773a6,0,0,0,0,1,0,0,1
1,A75_AUTHENTIC_DOSE,1,1|A75_AUTHENTIC_DOSE|1,resp_05483320645b3470006aa2f62932e887d2953640c11e57de02,e3b0c44298fc1c149afbf4c8996fb92427ae41e4649b934ca495991b7852b855,0,0,0,0,0,0,0,0
1,A75_AUTHENTIC_DOSE,2,1|A75_AUTHENTIC_DOSE|2,resp_0434c8af0a8cf879006aa2f629a0c487d2a29b3167336b108f,beeb1848fb0e497d67db5c830de47a1dc2929f6f15fd501de3c829eb7549a18e,0,0,0,0,0,1,0,1
1,B_TOPOLOGY_SHUFFLED,0,1|B_TOPOLOGY_SHUFFLED|0,resp_05be0529f162ae6c006aa2f62a5c3887d2afa29847ad5ab680,6ec256880bd7199db4a0736446c05b53af4207dfa8df6b31875560746d47c6be,0,0,0,0,1,1,0,2
1,B_TOPOLOGY_SHUFFLED,1,1|B_TOPOLOGY_SHUFFLED|1,resp_0f87e1d5a31e45e0006aa2f62ac70487d2ad5fb66fdde6ec5d,b1302a97a8e6b50ec42a350cf7ad5ad0bdee33f1e9c78cdf3486fac40cf1addb,0,0,0,0,1,0,0,1
1,B_TOPOLOGY_SHUFFLED,2,1|B_TOPOLOGY_SHUFFLED|2,resp_0db61f2be7d76901006aa2f62bdae487d293d45f4ce262ab8d,d8ac8dcfd4dc34d455beec353d055a1c9b8853ece36fee1f5f58b52715248909,0,0,0,0,1,0,0,1
1,C_ORDER_SHUFFLED,0,1|C_ORDER_SHUFFLED|0,resp_052cb967740ee97f006aa2f62c002487d2a18b06db09ca3920,e3b0c44298fc1c149afbf4c8996fb92427ae41e4649b934ca495991b7852b855,0,0,0,0,0,0,0,0
1,C_ORDER_SHUFFLED,1,1|C_ORDER_SHUFFLED|1,resp_0eec42be2629fe2e006aa2f62c31d487d282c14e7e449bdb7e,296bd104391dc60a6f3db5090ca359f982dedfc31764595c3d590908575a718b,0,0,0,0,1,1,0,2
1,C_ORDER_SHUFFLED,2,1|C_ORDER_SHUFFLED|2,resp_08094fcfadb63931006aa2f62c6d6087d2a88de39700126014,e3b0c44298fc1c149afbf4c8996fb92427ae41e4649b934ca495991b7852b855,0,0,0,0,0,0,0,0
1,D_DIRECTION_REVERSED,0,1|D_DIRECTION_REVERSED|0,resp_072b2fd8df40eb3f006aa2f62c94b087d28c0ef107a4e94d84,5c914041d7423982b7c8cd5bc47353f2b1c1c7d0ef9d5ae6c628a081741303a0,0,0,0,0,0,0,0,0
1,D_DIRECTION_REVERSED,1,1|D_DIRECTION_REVERSED|1,resp_030e289f050c8fff006aa2f62cd2d887d2aae9ea2507269854,0d244431057a2bd97aeef4ab88574cdedeba8d7365fca895c3fbfd7bbe04678c,0,0,0,0,1,0,0,1
1,D_DIRECTION_REVERSED,2,1|D_DIRECTION_REVERSED|2,resp_0bb34c865934b780006aa2f62cedc487d2ba1008903c41670d,5192ddcf0621cbf6a0baa8a9d53fcc3fa10211828f2d7e5276f833d96a35dc7b,1,0,0,0,0,0,0,1
1,E_META_CONTROL_ABLATED,0,1|E_META_CONTROL_ABLATED|0,resp_0b6099851b539cd5006aa2f62cec5887d2b868608e51acfb11,2d13190217194149219676e9c4311aecfe084f88a5fb8dc5ccce9325373398d2,0,0,0,0,1,0,0,1
1,E_META_CONTROL_ABLATED,1,1|E_META_CONTROL_ABLATED|1,resp_05e6312708a22fdd006aa2f62d0ee887d28adca101be46d1f0,f129fc7de1530eb244c291d3a6b0288c392c28c6c42a4e480c6c991dc08f0fab,0,0,0,0,1,0,0,1
1,E_META_CONTROL_ABLATED,2,1|E_META_CONTROL_ABLATED|2,resp_04fe62e2b21422e5006aa2f62d780487d2905538f86c316b59,aa33924386475f183239c336501dcd47fb2e48b7abbab9c392ea3ef5e80fc530,0,0,0,0,1,0,0,1
1,F_PRESERVATION_ABLATED,0,1|F_PRESERVATION_ABLATED|0,resp_09b9e62ba243d055006aa2f62df26087d2a40392301c16d905,de65e2b3e0e5222427b6be54d5922b5da5ef83fb78a06e13816481cae0827b53,0,0,0,0,0,1,0,1
1,F_PRESERVATION_ABLATED,1,1|F_PRESERVATION_ABLATED|1,resp_0dbdc4a2ba54dbd6006aa2f62e753c87d2a1ff3ca7714c08d5,007445cbca9d21dd97999f068db29e316165a9ce12c9c79244aa86748b2ebf85,0,0,0,0,1,1,0,2
1,F_PRESERVATION_ABLATED,2,1|F_PRESERVATION_ABLATED|2,resp_0d9c7898922a780f006aa2f62f110887d29264107d6794de14,51fda96658113710995932aeb60f371987df3eb05281012584adf7d28c078eaf,0,0,0,0,1,1,0,2
1,G_SURFACE_SUBSTITUTED,0,1|G_SURFACE_SUBSTITUTED|0,resp_018a02a4ba3cb5af006aa2f62f603087d28fd158d54d2c0770,65051655cbd693d478dfe69e34679ce308437b294041f32910b7c451b8d40817,0,0,0,0,1,0,0,1
1,G_SURFACE_SUBSTITUTED,1,1|G_SURFACE_SUBSTITUTED|1,resp_0090f66879160dc8006aa2f62f994487d299b35b6af732957e,52a786c0077a002a38e3e1a83e318835a6162281605effa453eb9172bf7545ac,0,0,0,0,1,0,0,1
1,G_SURFACE_SUBSTITUTED,2,1|G_SURFACE_SUBSTITUTED|2,resp_0aaa23448409d1d6006aa2f6305b5487d295af644815fdc6fb,2a7174f11450011cd41ba17bb3d8f2e8960c0e454a45476bb96fd45cfbc327b8,0,0,0,0,1,0,0,1
1,H_AUTHENTIC_PERTURBED,0,1|H_AUTHENTIC_PERTURBED|0,resp_0689c89352153221006aa2f6302d6487d2b5f74bf519906da6,e3b0c44298fc1c149afbf4c8996fb92427ae41e4649b934ca495991b7852b855,0,0,0,0,0,0,0,0
1,H_AUTHENTIC_PERTURBED,1,1|H_AUTHENTIC_PERTURBED|1,resp_0d667f281669fafa006aa2f6306a1087d2b8ea7593f17670e7,e3b0c44298fc1c149afbf4c8996fb92427ae41e4649b934ca495991b7852b855,0,0,0,0,0,0,0,0
1,H_AUTHENTIC_PERTURBED,2,1|H_AUTHENTIC_PERTURBED|2,resp_06e883c23b2189f9006aa2f63080e887d29d7aeb7f2d786fb4,e3b0c44298fc1c149afbf4c8996fb92427ae41e4649b934ca495991b7852b855,0,0,0,0,0,0,0,0
1,I_SHUFFLED_PERTURBED,0,1|I_SHUFFLED_PERTURBED|0,resp_09326c2ea027bd02006aa2f630925487d2af28ff585e3d7257,6bf203b1b9a5c4e7f89e742aa65180600e9918cf70cf8e1a5d69e0938b3c5924,0,0,0,0,0,0,0,0
1,I_SHUFFLED_PERTURBED,1,1|I_SHUFFLED_PERTURBED|1,resp_0f3ebf2ba9bcf6c0006aa2f630cc3887d2a7b3cb5f7b9b0d02,2a27ab5bb50d88ae73a93ece27137ff27982af9faf4646b2af2c6ab23bb01095,0,0,0,0,0,0,0,0
1,I_SHUFFLED_PERTURBED,2,1|I_SHUFFLED_PERTURBED|2,resp_0cb0027e3143c211006aa2f632a0fc87d2872e4c7a13e08c2a,7d84a7047a521238a59dbce1084087a7352716f6a7c773dc260a9a1502948615,0,0,0,0,0,0,0,0
1,J_RECURSION_CONTROL,0,1|J_RECURSION_CONTROL|0,resp_081257ab3464d95f006aa2f632f02487d2bf5826ded9975ca9,e3b0c44298fc1c149afbf4c8996fb92427ae41e4649b934ca495991b7852b855,0,0,0,0,0,0,0,0
1,J_RECURSION_CONTROL,1,1|J_RECURSION_CONTROL|1,resp_02919cfe9d4a0b8a006aa2f632f08887d2b51640c0e5dbe6ed,4a7a12910c6460666b70714d498ad765d0451fb4ee2d1e6bc18e0175e0d0c66e,0,0,0,0,0,0,0,0
1,J_RECURSION_CONTROL,2,1|J_RECURSION_CONTROL|2,resp_026fda364af790ed006aa2f6331eac87d2b98b5e4e71000513,e3b0c44298fc1c149afbf4c8996fb92427ae41e4649b934ca495991b7852b855,0,0,0,0,0,0,0,0
1,K_COMPLEXITY_CONTROL,0,1|K_COMPLEXITY_CONTROL|0,resp_018618261f0d51ba006aa2f6335e0887d285e28d4cdee7dd17,8b42b83e69bbb161db4850fff17074d2be63fdb92f0e30e749a89a29b510e4e8,0,0,0,0,1,0,0,1
1,K_COMPLEXITY_CONTROL,1,1|K_COMPLEXITY_CONTROL|1,resp_0d4d2babf1936bf1006aa2f633a5cc87d2836eae5efabda29b,5a3f9d342588b2285e99d6068a3afd1e7ba6b1eccead26daaa7a2c974b1731b8,0,0,0,0,1,0,0,1
1,K_COMPLEXITY_CONTROL,2,1|K_COMPLEXITY_CONTROL|2,resp_084ee7fa1ed7d2f6006aa2f6340a4c87d29aaab8a2e6f111ba,947976917a3540ad2a3d0de04962e4fb3848ffc0ad172c7259ad804701c0b8ff,0,0,0,0,0,0,0,0
1,L_COUNTERFACTUAL_PATH,0,1|L_COUNTERFACTUAL_PATH|0,resp_05614c7fc4ddf118006aa2f6341d4487d295b7c98405f51826,a50e97ef5a40e2ddd3de11a183efc6db332a7435feb875bc080d4dabd2299745,0,0,0,0,1,1,0,2
1,L_COUNTERFACTUAL_PATH,1,1|L_COUNTERFACTUAL_PATH|1,resp_0cdb33efb7e5ccc1006aa2f6340b3c87d2b657b8365430480f,652e4576c8563ecf2837a7e4b5b8e4809935eb2272505b99b0d193c945f01418,0,0,0,0,1,0,0,1
1,L_COUNTERFACTUAL_PATH,2,1|L_COUNTERFACTUAL_PATH|2,resp_06a654fc2ed465d6006aa2f634996087d2ada10a20e24580ef,6d3a0f66fea98d0dffd4e4a0bbda4451267a077f2afc3be1f1476d129307a978,0,0,0,0,1,0,0,1
2,A100_AUTHENTIC_FULL_PREFIX,0,2|A100_AUTHENTIC_FULL_PREFIX|0,resp_0e1d1e6c1360926e006aa2f634c0c487d2ae005523615c039f,5d4aeb8f11e15dfa530fdb9749ebb018bb7c14570d255363e1e663aab62b3bc4,0,0,0,0,0,0,0,0
2,A100_AUTHENTIC_FULL_PREFIX,1,2|A100_AUTHENTIC_FULL_PREFIX|1,resp_093c6c45bb5ff32d006aa2f634fd3c87d2bf72eb7bbcdfee93,c5ec753cb068a2d218d131914911f41ed5fdd7841cb05fafa38382883680d1c4,0,0,0,0,0,0,0,0
2,A100_AUTHENTIC_FULL_PREFIX,2,2|A100_AUTHENTIC_FULL_PREFIX|2,resp_00027fe9c39acc0b006aa2f636a0f487d2965855fbb10e0b02,9ef054db100be4eb17a98b31812404f300ff5e9bee42c04708b0c3fbca2ac923,0,0,0,0,1,0,0,1
2,A25_AUTHENTIC_DOSE,0,2|A25_AUTHENTIC_DOSE|0,resp_059054045ecd4b5f006aa2f636ad5487d2a2226ab4a93a05e9,52dcd986246edc5a580785d4268921f5f044a5e65e490d3e5e8fefa19b3da530,0,0,0,0,0,0,0,0
2,A25_AUTHENTIC_DOSE,1,2|A25_AUTHENTIC_DOSE|1,resp_0ad44ab372c551e0006aa2f636b94087d289f9fc46597aa487,8975a81b3b2d912dd28d18d032221f766c99fc7aae6978e47e424981d3ec0fc9,0,0,0,0,1,0,0,1
2,A25_AUTHENTIC_DOSE,2,2|A25_AUTHENTIC_DOSE|2,resp_03c702e580b9e09f006aa2f637553887d29e700f6324b43165,7e88a352978be9234f8adf810452cbbcb31c656752807b0e3194f8c390cc0438,0,0,0,0,0,0,0,0
2,A50_AUTHENTIC_DOSE,0,2|A50_AUTHENTIC_DOSE|0,resp_0ab1d77ae31a6a55006aa2f637bf0487d287a31eb5217c6eef,feef70127a95e4dd4f36f9e42751cf2244b3ea504aef5bfa1dac38b95c9b3597,1,0,0,0,0,1,0,2
2,A50_AUTHENTIC_DOSE,1,2|A50_AUTHENTIC_DOSE|1,resp_008d59767d4b5362006aa2f638428487d2a2dae66b643bc714,a09b3b246a5df577995976009170f3f3a85cce58561b885684ed8f73660cf34c,0,0,0,0,1,0,0,1
2,A50_AUTHENTIC_DOSE,2,2|A50_AUTHENTIC_DOSE|2,resp_060432f8d01c1c5e006aa2f63848bc87d2ad309b25a9bcc42f,0a8568bfc0c48f0da46fbb06fcc8e87f18b904d0cefa2ef10cf04889e143d89d,0,0,0,0,0,0,0,0
2,A75_AUTHENTIC_DOSE,0,2|A75_AUTHENTIC_DOSE|0,resp_02480604f61183d6006aa2f638c5a087d29d61f32c2209f6b4,d93f7ea3383940d868dd6117b0703de5bb2095d340f51aeb475d3fc02ad9f224,0,0,0,0,1,0,0,1
2,A75_AUTHENTIC_DOSE,1,2|A75_AUTHENTIC_DOSE|1,resp_069cb4ad99972c16006aa2f638561487d2b3769c8c60b5b2d5,3b393ec6e3ad94b3fe54faf984c5ffb10af9d96ddaaf6bb3a6d30defdf679772,0,0,0,0,1,0,0,1
2,A75_AUTHENTIC_DOSE,2,2|A75_AUTHENTIC_DOSE|2,resp_01e83010e73adf78006aa2f638cfd087d29fb0887dea7a4883,dd102b8ef842b1057fe127dbcbb4611a7b2834e445b1d6fb8f7e49288a0adfe0,0,0,0,0,0,1,0,1
2,B_TOPOLOGY_SHUFFLED,0,2|B_TOPOLOGY_SHUFFLED|0,resp_0589062382fa1eee006aa2f638d4e087d2904aab3e597f90aa,d8f2867c7f0540b1177454eb828551772917cf4be54f64d182bd4a32b113fb2c,0,0,0,0,0,0,0,0
2,B_TOPOLOGY_SHUFFLED,1,2|B_TOPOLOGY_SHUFFLED|1,resp_0ffa5cb9faffbc3d006aa2f6391c7487d2be5cdb9c8b656435,84b22f769b65827a7588b9eca86f21916b6461f65239494b5bd08cfe171cd83f,0,0,0,0,0,0,0,0
2,B_TOPOLOGY_SHUFFLED,2,2|B_TOPOLOGY_SHUFFLED|2,resp_0035ae93f7040ecf006aa2f63a777c87d2b68080f6f2adeeda,69a60467cc1da7848a20dcc8982a8215935964dbda331f0a327b591a8d2c17e4,0,0,0,0,1,0,0,1
2,C_ORDER_SHUFFLED,0,2|C_ORDER_SHUFFLED|0,resp_0f25c671c5e930f0006aa2f63a681887d2924328d3eec2fe78,e3b0c44298fc1c149afbf4c8996fb92427ae41e4649b934ca495991b7852b855,0,0,0,0,0,0,0,0
2,C_ORDER_SHUFFLED,1,2|C_ORDER_SHUFFLED|1,resp_072ecf3f775cd53c006aa2f63a288487d2ac40c81a685eaf1d,bb0ccd26696d505ca6c90872bb263b7a216dd4727a886bc627c82cfd989188b5,1,0,0,0,1,1,1,4
2,C_ORDER_SHUFFLED,2,2|C_ORDER_SHUFFLED|2,resp_0b271da9662bbf6d006aa2f63ab59487d2b6fdb78b3fa8f9a4,d66307542821a452d749450087cea5fd92ff89da014d48be4c559d20b152e350,0,0,0,0,1,1,0,2
2,D_DIRECTION_REVERSED,0,2|D_DIRECTION_REVERSED|0,resp_0f1096c478175f0d006aa2f63bc92487d2b3a0cc9a104f3a93,d948a7cf35b8e4178433731739194f1dcdcb09d35ada9756c8f1a11a4141463f,0,0,0,0,0,0,0,0
2,D_DIRECTION_REVERSED,1,2|D_DIRECTION_REVERSED|1,resp_04565da428f5c37b006aa2f63bcc6487d28b606601f24bea86,48dbe605c2a98f02313e5da81c1997f8bf683d14f5253a63fa4003997b7a3676,0,0,0,0,0,0,0,0
2,D_DIRECTION_REVERSED,2,2|D_DIRECTION_REVERSED|2,resp_0163f46526e0182b006aa2f63c06c487d2bbb50e45b44cefc6,199a687b7ef1cb7c6c7973a8f95c37ecb0b8c7220cb0f76a0c74dcebc2880b96,0,0,0,0,0,0,0,0
2,E_META_CONTROL_ABLATED,0,2|E_META_CONTROL_ABLATED|0,resp_0daaca25d28ac54a006aa2f63c520c87d2a97f371392d3f24c,ab20643257fdde516bf836d2176a8d99e38d2a64f6a9787f54ac5f177d49120f,1,0,0,0,1,0,0,2
2,E_META_CONTROL_ABLATED,1,2|E_META_CONTROL_ABLATED|1,resp_0b3ba384f1b2fbec006aa2f63c90cc87d295652524236c5100,2cb41a03e4d2ca8fb6e8b4db228d15ecf8a9f77f7eddc3f343937aa9feba97b0,0,0,0,0,0,0,0,0
2,E_META_CONTROL_ABLATED,2,2|E_META_CONTROL_ABLATED|2,resp_0f77c5522f593c39006aa2f63c740087d2a3241a2c25f05106,da2cb5a7dd2b798fc3cab589b8ac6951bfbf09fe0491b46fc7a85c38ee1c6b8b,0,0,0,0,0,0,0,0
2,F_PRESERVATION_ABLATED,0,2|F_PRESERVATION_ABLATED|0,resp_0312e16759ef94b6006aa2f63ca98087d2b56abc9cc9d773fa,80da95ffb0cbda9a92998f851ec5af5ea18e891dfa690401f1fe500a11938157,0,0,1,0,0,1,0,2
2,F_PRESERVATION_ABLATED,1,2|F_PRESERVATION_ABLATED|1,resp_0b631bb683ad1de0006aa2f63cdf0087d28b9160811313f271,5db38b344a000c84890cd6f937a360db735af5b9e59db16e904487ce7e8b6113,0,0,0,0,0,0,0,0
2,F_PRESERVATION_ABLATED,2,2|F_PRESERVATION_ABLATED|2,resp_02b4c6ac2f073286006aa2f63db6d887d28e1ad160c1cd65e8,7ba6547a9c2ccdf788c39e247b2239748f1885607ce244485782a18a55b596fc,0,0,0,0,0,0,0,0
2,G_SURFACE_SUBSTITUTED,0,2|G_SURFACE_SUBSTITUTED|0,resp_0af76145d6283307006aa2f63ea75487d2bf04d5255b1f40b4,42e54f835676d626677e504ebb6bd790cbc3f840b35b06e9d6191a3fcca82b02,0,0,0,0,1,0,0,1
2,G_SURFACE_SUBSTITUTED,1,2|G_SURFACE_SUBSTITUTED|1,resp_05686bc116476dcb006aa2f63e736887d2bb02ae2ee20c422c,704b7f4a76cf3a36f54d11aa98feb984653583346330dc0a9d87b3410d4d6a2f,0,0,0,0,1,0,0,1
2,G_SURFACE_SUBSTITUTED,2,2|G_SURFACE_SUBSTITUTED|2,resp_02ebd922bca4715a006aa2f63f850c87d28c63cd34eed78c51,926caab1a544067e1df4b1fccec56752021897604aaffbf357f4851d3a7ce1f8,0,0,0,0,0,0,0,0
2,H_AUTHENTIC_PERTURBED,0,2|H_AUTHENTIC_PERTURBED|0,resp_043ce10279474edb006aa2f63fd11487d29917c54d007f30d5,f65df787021fd3aae7d6d40adce5c7a22a49a23fdd69b474f806f1337247d763,0,0,0,0,0,0,0,0
2,H_AUTHENTIC_PERTURBED,1,2|H_AUTHENTIC_PERTURBED|1,resp_06de3ab9f485dcd3006aa2f6402e2887d2acb41f93b32ad938,e3b0c44298fc1c149afbf4c8996fb92427ae41e4649b934ca495991b7852b855,0,0,0,0,0,0,0,0
2,H_AUTHENTIC_PERTURBED,2,2|H_AUTHENTIC_PERTURBED|2,resp_037155757afa6165006aa2f6409a0c87d2b3b2fbf51af48847,5cca9ec31d0e403ab09edc729b1aecaa4e3826472d6ed3cdb3be8416a5da087d,0,0,0,0,1,0,0,1
2,I_SHUFFLED_PERTURBED,0,2|I_SHUFFLED_PERTURBED|0,resp_02679ce61c1f9cbc006aa2f641740487d288b3594fc57ff569,8347bccd53236c472e0e186ae59f88914be3d41c1c4d37dbd790341085257cca,1,0,0,0,0,0,0,1
2,I_SHUFFLED_PERTURBED,1,2|I_SHUFFLED_PERTURBED|1,resp_0270d4b54ce60c7c006aa2f641e19087d2818cf2968e78f42a,e3b0c44298fc1c149afbf4c8996fb92427ae41e4649b934ca495991b7852b855,0,0,0,0,0,0,0,0
2,I_SHUFFLED_PERTURBED,2,2|I_SHUFFLED_PERTURBED|2,resp_0dd00db5812519ad006aa2f6411e6087d28fdaa9fe42bee64d,e3b0c44298fc1c149afbf4c8996fb92427ae41e4649b934ca495991b7852b855,0,0,0,0,0,0,0,0
2,J_RECURSION_CONTROL,0,2|J_RECURSION_CONTROL|0,resp_0978ad21c1aa5d3b006aa2f6411af487d2bde563d12404e528,04243bdec7aff27d6fa29ed690a1ef40cb287280e873834f790f5978d0793def,0,0,0,0,0,0,0,0
2,J_RECURSION_CONTROL,1,2|J_RECURSION_CONTROL|1,resp_0d13b30ddeb759d3006aa2f6414e3c87d29cdf8e401f054e24,b86033a5b6bdbcd4e2456384a3350e5b619da4f8b309f346986422c0583d8f0d,0,0,0,0,0,0,0,0
2,J_RECURSION_CONTROL,2,2|J_RECURSION_CONTROL|2,resp_01e89f39d8c9c45e006aa2f641df6087d2bf193286dd6eea2f,62b13a0eda390cd11f6131001e67925f1a5b912cc35d8ab64abe1ed2b1c84ec0,0,0,0,0,0,0,0,0
2,K_COMPLEXITY_CONTROL,0,2|K_COMPLEXITY_CONTROL|0,resp_0dd752dde583efda006aa2f64203e887d29610efe7c382296b,4175b6d1ceb55dc90a08f0337320e0bc246a17c2ad47134359c577a4cfb4c94b,0,0,0,0,0,0,0,0
2,K_COMPLEXITY_CONTROL,1,2|K_COMPLEXITY_CONTROL|1,resp_0759d4f51e12afc2006aa2f64286c887d2859d2ed91bfc2bae,30abb22e18ffac8e9bb4dacac532d7817fcc9f6268d2048f2903ea07ab2d7a8e,0,0,0,0,1,1,0,2
2,K_COMPLEXITY_CONTROL,2,2|K_COMPLEXITY_CONTROL|2,resp_0962f8c4a7de060f006aa2f643678c87d292d5fde3399ecdca,e6db4b7054e5709c06658ebf1c999d049ac6fcf03d87148a91081829833704e1,0,0,0,1,0,0,0,1
2,L_COUNTERFACTUAL_PATH,0,2|L_COUNTERFACTUAL_PATH|0,resp_0b14fbfe4ce1aefc006aa2f6440d5887d28d83c6ec215a36fd,ca1ee9e97882441e109134f1dd9955ea8189bd75825aca64313b9eef9f428777,0,0,0,0,1,0,0,1
2,L_COUNTERFACTUAL_PATH,1,2|L_COUNTERFACTUAL_PATH|1,resp_032178be669ab7b3006aa2f6442be887d2871e404ac2869731,372b055794e722a8d97aaad6948479d2b8ca2f77068e45b3c308b9b828e3159d,0,0,0,0,1,1,0,2
2,L_COUNTERFACTUAL_PATH,2,2|L_COUNTERFACTUAL_PATH|2,resp_05300d7ad87dc381006aa2f64460b887d2a9b94d8d390c8eda,09708b09893f01b104f9b4ba688307f4019e4fdd77997a4b1c6fcce917e2273c,0,0,0,0,1,0,0,1
3,A100_AUTHENTIC_FULL_PREFIX,0,3|A100_AUTHENTIC_FULL_PREFIX|0,resp_0bfe70381df70f17006aa2f6449afc87d2aac348c42b4d9063,e5cedea1ed6b14593fd24bc8d1caad4e0e44f5f9c6195c32d3ed9fb7b4f5c204,0,0,0,0,1,0,0,1
3,A100_AUTHENTIC_FULL_PREFIX,1,3|A100_AUTHENTIC_FULL_PREFIX|1,resp_008972e54eab1d34006aa2f645245c87d2819b2a9c135bcfda,0403e216d190f0cf93a34844860b048f28a3533dc3fab71173c711b435b8f9d7,0,0,0,0,1,0,0,1
3,A100_AUTHENTIC_FULL_PREFIX,2,3|A100_AUTHENTIC_FULL_PREFIX|2,resp_0d12a5c300277ac9006aa2f645541087d296b6a21339111c58,20520e7595ef0cc4eb6cec04b507354c5b2480350596cb12b44e48523b32294e,0,0,0,0,1,0,0,1
3,A25_AUTHENTIC_DOSE,0,3|A25_AUTHENTIC_DOSE|0,resp_0682ace5343cecf4006aa2f645ce6487d2b365f91b93aab123,fcb33495e7c956f09f699553cce32eb490556d5c2bf4c0d9306372874e2f12c6,0,0,0,0,0,0,0,0
3,A25_AUTHENTIC_DOSE,1,3|A25_AUTHENTIC_DOSE|1,resp_024340de95a0daed006aa2f645e65c87d297266d87c6fa0efd,360d21c585460c2064353f986f50ecde898e202f8de1a7a212562e470802ec1a,1,0,0,0,1,0,0,2
3,A25_AUTHENTIC_DOSE,2,3|A25_AUTHENTIC_DOSE|2,resp_0ac64dae3b721030006aa2f646410c87d2949beed412a205fa,f9df027b9995dccdb6c0dd1bffaf8387e748412ee207cf1d6cc37cbcd34b47b0,0,0,0,1,0,0,0,1
3,A50_AUTHENTIC_DOSE,0,3|A50_AUTHENTIC_DOSE|0,resp_069a3e7f17ffa37b006aa2f6473ff087d2b4ae87c27f9867dd,9c4d68502ade0aabcad7fdbef7e04ba210392df36c902f16e7727bab7477e273,0,0,0,0,1,1,0,2
3,A50_AUTHENTIC_DOSE,1,3|A50_AUTHENTIC_DOSE|1,resp_0f8b137831e1fa53006aa2f6468f4487d28b219a9e96da572b,568f7bcb4c9e63e9488c9c51a5229b2fbbcf2c4f2295af7a6fa0104b24de859d,0,0,0,0,0,0,0,0
3,A50_AUTHENTIC_DOSE,2,3|A50_AUTHENTIC_DOSE|2,resp_03ed86824adee548006aa2f64748e087d28679ca0e1722e710,57b076a4a116a59dbffb749794d2d65e982a25cc71871ee18e9c6864a9b258c0,0,0,0,0,1,1,0,2
3,A75_AUTHENTIC_DOSE,0,3|A75_AUTHENTIC_DOSE|0,resp_00626b517b89f3d5006aa2f6475c2087d29597c02194950287,33f827556c70b0e0d411cc229085075e83429355e5e5a081be7a79a4ec462771,0,0,0,0,1,1,0,2
3,A75_AUTHENTIC_DOSE,1,3|A75_AUTHENTIC_DOSE|1,resp_09b49fafcc5e296f006aa2f647959087d2962c32b36a3a1642,5f6ec13aac2d89ef6fc8d06dab62b51e1a973adb56c0c644cb18df51f6fc6d27,0,0,0,0,1,0,0,1
3,A75_AUTHENTIC_DOSE,2,3|A75_AUTHENTIC_DOSE|2,resp_036e271de92c2391006aa2f6481e3487d297559e47c0020b3a,e3b0c44298fc1c149afbf4c8996fb92427ae41e4649b934ca495991b7852b855,0,0,0,0,0,0,0,0
3,B_TOPOLOGY_SHUFFLED,0,3|B_TOPOLOGY_SHUFFLED|0,resp_0669c8431e7d7279006aa2f64849e087d2b8e3ac1eb74e2a0a,de70565bcd87c36f4f663b5a2655d4b015aa5812e58ca3e92de57542b6eed44f,0,0,0,0,1,0,0,1
3,B_TOPOLOGY_SHUFFLED,1,3|B_TOPOLOGY_SHUFFLED|1,resp_05a577532be8bb34006aa2f648c12087d28b103454b5336f80,5d2392392266765edbf06b9a1f0e44c9cf2a6882ed3a3b6efd4a662982b2bfff,0,0,0,0,0,0,0,0
3,B_TOPOLOGY_SHUFFLED,2,3|B_TOPOLOGY_SHUFFLED|2,resp_09dfbd6d3763a921006aa2f648d38c87d291a22386a594a49e,fa5817b1e98abdb6f977dadbbfd6c48ed7531e99896b7aaecbcd4c3d8e9f46c5,0,0,0,0,1,0,0,1
3,C_ORDER_SHUFFLED,0,3|C_ORDER_SHUFFLED|0,resp_0cf9649483dfc4b0006aa2f64943dc87d2bc69a2aa68b35424,e3b0c44298fc1c149afbf4c8996fb92427ae41e4649b934ca495991b7852b855,0,0,0,0,0,0,0,0
3,C_ORDER_SHUFFLED,1,3|C_ORDER_SHUFFLED|1,resp_05b83680f58d8a6c006aa2f6499d7487d2b786ffd5b88ab9a6,ec643c0b09a38628fa383877ed325c2a0bd845ce1302618a5a98ba681c8b583e,0,0,0,0,1,1,0,2
3,C_ORDER_SHUFFLED,2,3|C_ORDER_SHUFFLED|2,resp_0f6b3c9a600cb9c9006aa2f649c7e487d28a56aca98e0e5a04,057eccc07f3664ec3ed0e631beea73a945c96370a8c21d447ddd866690acacd1,0,0,0,0,1,0,0,1
3,D_DIRECTION_REVERSED,0,3|D_DIRECTION_REVERSED|0,resp_0bbf9f858aebe40d006aa2f64a6ec487d28f2c6510b7703170,4c4d12fdd443466b48a72694dac7a8a56a2c3d79c18a21ff52d199506ebd329c,0,0,0,0,1,0,0,1
3,D_DIRECTION_REVERSED,1,3|D_DIRECTION_REVERSED|1,resp_00668c2784faaed9006aa2f64b787887d2865146ea4d86570e,36a9ae309ce3d7feeb409d1d7793c07478de8e34aed9a55f53f354135bb8ca48,0,0,0,0,1,0,0,1
3,D_DIRECTION_REVERSED,2,3|D_DIRECTION_REVERSED|2,resp_0808e28bbea0ab8b006aa2f64bb48887d28218de6f541f5687,b4cbc843131a528d0cf5d86c293a570cee4ab83409f8e6e49176127879665d4e,1,0,0,0,1,0,0,2
3,E_META_CONTROL_ABLATED,0,3|E_META_CONTROL_ABLATED|0,resp_0c99fbea271c48ab006aa2f64c141c87d2816c94dc59123246,e3b0c44298fc1c149afbf4c8996fb92427ae41e4649b934ca495991b7852b855,0,0,0,0,0,0,0,0
3,E_META_CONTROL_ABLATED,1,3|E_META_CONTROL_ABLATED|1,resp_00f3a69212753b63006aa2f64bfa4087d2970eafb568dd4a1e,cfb0768516add0e2d9f5103636159275d0f46795604a91193e088f98121a5579,0,0,0,0,0,0,0,0
3,E_META_CONTROL_ABLATED,2,3|E_META_CONTROL_ABLATED|2,resp_0f6aae8a24c74522006aa2f64c28cc87d2a2f75c3994590733,6c1a9f367a4ed12f87fb07f7266c1ed716036f931984bec66068bdbe3b89a2f2,0,0,0,0,0,0,0,0
3,F_PRESERVATION_ABLATED,0,3|F_PRESERVATION_ABLATED|0,resp_01d97811701de095006aa2f64cbdec87d282f51de65a565615,e3b0c44298fc1c149afbf4c8996fb92427ae41e4649b934ca495991b7852b855,0,0,0,0,0,0,0,0
3,F_PRESERVATION_ABLATED,1,3|F_PRESERVATION_ABLATED|1,resp_09381c68e7b1bf73006aa2f64c86b087d29951e574ec6f2d49,c71dc8393fb8b64dcaeaa035f50ab2da657235be5a8066e990aad66b9462dfc0,0,0,0,0,0,0,0,0
3,F_PRESERVATION_ABLATED,2,3|F_PRESERVATION_ABLATED|2,resp_05ef1088914001ff006aa2f64cc84c87d2a61c872107ac1805,2e2d42a7790a28a2246d554ef33936e377c49d4f824893bf691577b57d032fd4,0,0,0,1,1,0,0,2
3,G_SURFACE_SUBSTITUTED,0,3|G_SURFACE_SUBSTITUTED|0,resp_01372dd38d1333be006aa2f64db8a887d28216ba2dabe92171,3978bcdfac0259250cc1f395d3a535a00b985ed4218c15f82e3923a1ffe0ae36,0,0,0,0,1,0,0,1
3,G_SURFACE_SUBSTITUTED,1,3|G_SURFACE_SUBSTITUTED|1,resp_0c0987e7c1cb38cf006aa2f64dec2487d2b0eaa4f1a5a0d751,ebffd1005045a6f70e6889c7bf430251dbb864f294d22db6ef496f85adaa46a3,0,0,0,0,1,0,0,1
3,G_SURFACE_SUBSTITUTED,2,3|G_SURFACE_SUBSTITUTED|2,resp_01809322a7a87e91006aa2f64df70c87d292fdc19df269b1bd,57614a484c15a987834b47d5d91a7896ebffbca6a26b3cb11ba539ca45752d8d,1,0,0,0,1,0,0,2
3,H_AUTHENTIC_PERTURBED,0,3|H_AUTHENTIC_PERTURBED|0,resp_0584f499e39336df006aa2f64eb23087d285a150199effc5a5,e580b0960394e46a72faae0fee5901c7375335f9066086db707115d8010088b2,0,0,0,0,0,0,0,0
3,H_AUTHENTIC_PERTURBED,1,3|H_AUTHENTIC_PERTURBED|1,resp_0c4dea143a893d49006aa2f64efd5887d2a60586ae260a4014,bac078fd8e642472638ba65383d1b5edabb1cd266b955250f08e9d3471a68057,0,0,0,0,0,0,0,0
3,H_AUTHENTIC_PERTURBED,2,3|H_AUTHENTIC_PERTURBED|2,resp_065702d03b4be23d006aa2f64f26a087d2bbece2f22052fc32,904388b65b2cb5d3a412746918c593372f81d1b70b59807e68859e5ccb00d137,0,0,0,0,0,0,0,0
3,I_SHUFFLED_PERTURBED,0,3|I_SHUFFLED_PERTURBED|0,resp_024e7aec6deb0077006aa2f64f907887d2a73457e8ca96ed23,4a0b791333a8dd3ffa8d613921db1a7c826cc787ead6772dd6e07b3743053b54,0,0,0,0,0,0,0,0
3,I_SHUFFLED_PERTURBED,1,3|I_SHUFFLED_PERTURBED|1,resp_03541d007053848b006aa2f650542487d2a9d0f5aa42a96465,e3b0c44298fc1c149afbf4c8996fb92427ae41e4649b934ca495991b7852b855,0,0,0,0,0,0,0,0
3,I_SHUFFLED_PERTURBED,2,3|I_SHUFFLED_PERTURBED|2,resp_0ecee7e1e0d458fe006aa2f6505bf487d28f6355bcf695d720,e3b0c44298fc1c149afbf4c8996fb92427ae41e4649b934ca495991b7852b855,0,0,0,0,0,0,0,0
3,J_RECURSION_CONTROL,0,3|J_RECURSION_CONTROL|0,resp_00a04b6886697662006aa2f650c51887d2a1166e2919236e10,89e25edd479a6a7da777f62e77554589ee3b2973fc091a05f200f2cf19f0fbfc,0,0,0,0,0,0,0,0
3,J_RECURSION_CONTROL,1,3|J_RECURSION_CONTROL|1,resp_0f03f251d2b0b89b006aa2f650c94c87d2ad558c8bdcc58156,30b12bd4eee7a6261fc33906bba6871a520e4182f5d4eb8f32bb8bcd259ae716,1,0,0,0,0,0,0,1
3,J_RECURSION_CONTROL,2,3|J_RECURSION_CONTROL|2,resp_02c53131c69512ec006aa2f650ead887d2af6db62467a10cfe,489f35409f4286d0eab43a5ac941fc7a5edb14a372ff7ec52fe507226ab99b75,0,0,0,0,0,0,0,0
3,K_COMPLEXITY_CONTROL,0,3|K_COMPLEXITY_CONTROL|0,resp_0926821fd130631a006aa2f651134c87d2b224d93956656f25,79f8b547ed42870b7cfb9ab331e3b2d023872f0e26faf497de2fc9afd14f9494,0,0,0,0,0,0,0,0
3,K_COMPLEXITY_CONTROL,1,3|K_COMPLEXITY_CONTROL|1,resp_0b62219798d544c5006aa2f651171c87d28d0dc1856e44f4fd,f06492ba0022be6efbcda9b98a34a62693dab359f308cb585540426abcc81de1,0,0,0,0,1,0,0,1
3,K_COMPLEXITY_CONTROL,2,3|K_COMPLEXITY_CONTROL|2,resp_0df120354c8d0b82006aa2f6525a9887d2abb149e95a3aaff2,fb013d527b417c47999ead847843736a860360a3931ae127da3991b4779d5061,0,0,0,0,1,0,0,1
3,L_COUNTERFACTUAL_PATH,0,3|L_COUNTERFACTUAL_PATH|0,resp_08c4f835e8b184b8006aa2f652c53087d2812f5140ed9bc227,a7b446a60ace025fcf34dbe00e174c858d81b5d2c20d919139f0133cb3c470cd,0,0,0,0,0,0,0,0
3,L_COUNTERFACTUAL_PATH,1,3|L_COUNTERFACTUAL_PATH|1,resp_0aa2a240d0dba1e1006aa2f6586bc087d28af129f2289dd14b,e3b0c44298fc1c149afbf4c8996fb92427ae41e4649b934ca495991b7852b855,0,0,0,0,0,0,0,0
3,L_COUNTERFACTUAL_PATH,2,3|L_COUNTERFACTUAL_PATH|2,resp_08aba6ec61f7dd74006aa2f6542aa087d282e208f3601828b7,48de70acf723f379d78a2fb2dd5905f7df3d77ad76dd05061db60d2bea777f39,0,0,0,1,1,0,0,2
4,A100_AUTHENTIC_FULL_PREFIX,0,4|A100_AUTHENTIC_FULL_PREFIX|0,resp_05aecc8ac0fe0c28006aa2f653ddd887d2b63030c0c59624c8,5142aa7e872df84d0b8110ccd278c8b96bf2ed13d0300ce64955b7536a5f7046,0,1,0,0,1,0,0,2
4,A100_AUTHENTIC_FULL_PREFIX,1,4|A100_AUTHENTIC_FULL_PREFIX|1,resp_012f52318a6317e4006aa2f653ffac87d2a966f614cedba607,600bce89147a5a1d7f9f38f8ba733a750321f647349120b805affb4c8bfe0e3f,0,0,0,0,1,0,0,1
4,A100_AUTHENTIC_FULL_PREFIX,2,4|A100_AUTHENTIC_FULL_PREFIX|2,resp_09f83f8ada8abc57006aa2f654704087d28a1520a5a3bfad83,7649511056b527693f6d205f6995ec9caab6170796fe6d747e807ed32fedf296,0,0,0,0,0,0,0,0
4,A25_AUTHENTIC_DOSE,0,4|A25_AUTHENTIC_DOSE|0,resp_0f856e59b19495a2006aa2f65493ac87d29d10596b298f0877,7416e0778cb0afcb23d3e31e4d6b80d69457a0a36cdc6c74d2123b8767496d95,0,0,0,0,1,0,0,1
4,A25_AUTHENTIC_DOSE,1,4|A25_AUTHENTIC_DOSE|1,resp_05909d6be86f7359006aa2f654bde487d29f028d3c6d6ece4c,342c84e14eddf257ae07fbc475f8a8f8096b98693c101074e904cd4cd53b4531,0,0,0,0,1,0,0,1
4,A25_AUTHENTIC_DOSE,2,4|A25_AUTHENTIC_DOSE|2,resp_03d07e08f298ed6b006aa2f654c7c887d2b672bde757ee680c,82fbe10cb03f7590647fdb9dcbe4e453cbe763c3779f1714484b45e155800f74,0,0,0,0,0,0,0,0
4,A50_AUTHENTIC_DOSE,0,4|A50_AUTHENTIC_DOSE|0,resp_07f13ef3933e0fa5006aa2f654f2d487d2a7f2aee77f49553b,9633116390e5d92ada6df8f43fc54193c829970da4d444d352cf6108d98414bd,0,0,0,0,0,0,0,0
4,A50_AUTHENTIC_DOSE,1,4|A50_AUTHENTIC_DOSE|1,resp_091983fcba160db1006aa2f65b716487d2b9f3e39ac061c671,e3b0c44298fc1c149afbf4c8996fb92427ae41e4649b934ca495991b7852b855,0,0,0,0,0,0,0,0
4,A50_AUTHENTIC_DOSE,2,4|A50_AUTHENTIC_DOSE|2,resp_035f3ed9e2952309006aa2f6561d7887d2bcfdfca6eb34e92a,3fa6a4cf83610284f5fb6acfb578ce3ac58521dfd9568b4cc28953ef7a3690a1,0,0,0,0,0,0,0,0
4,A75_AUTHENTIC_DOSE,0,4|A75_AUTHENTIC_DOSE|0,resp_02bb18fab24a9ebd006aa2f657011887d285cd04b534754a23,c3d25a94dddaab3df1d731d13aa2644c8a6d2afec642e01c5be2b9e44b6527bd,0,0,0,0,1,0,0,1
4,A75_AUTHENTIC_DOSE,1,4|A75_AUTHENTIC_DOSE|1,resp_0b36ede129c6b9f6006aa2f657e2d487d29ed8ea1d6fd845f1,60c9f6fcbab024fa50f8d9a98697104894d1b875017b96c434ba66bf291a7074,0,0,0,0,0,0,0,0
4,A75_AUTHENTIC_DOSE,2,4|A75_AUTHENTIC_DOSE|2,resp_0de3b8778dde1cae006aa2f657f8a087d2a9473b26c7ddacbd,096b799e3d14f796e570876575227ac39150d5ecfb7937be7d7513753ab44669,0,0,0,0,0,0,0,0
4,B_TOPOLOGY_SHUFFLED,0,4|B_TOPOLOGY_SHUFFLED|0,resp_046c32157bdbb94e006aa2f657f87487d29ee846436dc4908d,b15efd6df7b8c81b3821b17eebff1a9aa7c7eea5db06ccb51616c9fb2c63459c,0,0,0,0,1,1,0,2
4,B_TOPOLOGY_SHUFFLED,1,4|B_TOPOLOGY_SHUFFLED|1,resp_0d525725fe5b6f9d006aa2f658113c87d289b16357239159cd,eb9b0e96b1676a811a6070f45468657f8296e3a510fb7966b0d9519e5200cb5a,0,0,0,0,1,0,0,1
4,B_TOPOLOGY_SHUFFLED,2,4|B_TOPOLOGY_SHUFFLED|2,resp_0e669d80e19b4dd7006aa2f658115087d2a591d2d9136a7934,bb054d0b81aeeaf171091c6cc7a2546d49694a1009b0062fb6840e558698b9ad,0,0,0,0,1,1,0,2
4,C_ORDER_SHUFFLED,0,4|C_ORDER_SHUFFLED|0,resp_0e1ca83847636aad006aa2f6586d2487d281c556e8cbb06597,e3b0c44298fc1c149afbf4c8996fb92427ae41e4649b934ca495991b7852b855,0,0,0,0,0,0,0,0
4,C_ORDER_SHUFFLED,1,4|C_ORDER_SHUFFLED|1,resp_0ecf13c676686a86006aa2f658c43087d2b6be2e0941f2c497,44c0f6066dc2ac06c78da752f052991d1b0218e84c97d102978817918db88811,0,0,0,0,1,0,0,1
4,C_ORDER_SHUFFLED,2,4|C_ORDER_SHUFFLED|2,resp_03cb9fc67592e4ea006aa2f658fd5c87d2ab63fbfb2c418da3,addfbcb1be35f2c881b97e728c8c7d79f6d688d71b67f24828e8d466b26bcb08,0,0,0,0,1,0,0,1
4,D_DIRECTION_REVERSED,0,4|D_DIRECTION_REVERSED|0,resp_0f34945b1d7be4ca006aa2f65919fc87d2b1c3ff308c792588,6a702da11b8e5bfa9a6318c6bbb56edf3060c92b592cf3c797958b6cec41825e,0,0,0,0,0,0,0,0
4,D_DIRECTION_REVERSED,1,4|D_DIRECTION_REVERSED|1,resp_0ad1e484651af2b0006aa2f65a820087d29c7411880e1acc87,9c35ddfaf2121943a4bb81f1a15f2eddf82c02edbeaf15f07d96b5d766ca67f8,0,0,0,0,1,0,0,1
4,D_DIRECTION_REVERSED,2,4|D_DIRECTION_REVERSED|2,resp_03432ad67ee5839d006aa2f65b582087d28cdf0064b254d785,987fbcf11c7705c48dbfc7cf1ebd2ef553a6486d2e2ba5f967a488d047cde0a9,0,0,0,0,0,0,0,0
4,E_META_CONTROL_ABLATED,0,4|E_META_CONTROL_ABLATED|0,resp_0384e8f44c3a6bf8006aa2f65b7a6087d29b4e99cb78bb8938,e3b0c44298fc1c149afbf4c8996fb92427ae41e4649b934ca495991b7852b855,0,0,0,0,0,0,0,0
4,E_META_CONTROL_ABLATED,1,4|E_META_CONTROL_ABLATED|1,resp_0e8ed2049e1b6e5e006aa2f65be73887d2847636ae037a8822,0913c89a11567330cbd088c89a03a7f4a14717dda7872f0b1af2467019565017,0,0,0,0,1,0,0,1
4,E_META_CONTROL_ABLATED,2,4|E_META_CONTROL_ABLATED|2,resp_0f4e8693c92d1cd7006aa2f65bc9b487d2ae95158e86f84834,e3b0c44298fc1c149afbf4c8996fb92427ae41e4649b934ca495991b7852b855,0,0,0,0,0,0,0,0
4,F_PRESERVATION_ABLATED,0,4|F_PRESERVATION_ABLATED|0,resp_092ae24cce289df2006aa2f65c084087d2ac5f017238f03d40,e3b0c44298fc1c149afbf4c8996fb92427ae41e4649b934ca495991b7852b855,0,0,0,0,0,0,0,0
4,F_PRESERVATION_ABLATED,1,4|F_PRESERVATION_ABLATED|1,resp_07c8bb8d2433448b006aa2f65c238c87d289bcc6b6dc9777fd,162043d76e91b5a867141a92e921578e8e0f6fc494d47a114c0130bdcde94ad6,0,0,0,0,0,0,0,0
4,F_PRESERVATION_ABLATED,2,4|F_PRESERVATION_ABLATED|2,resp_0196be15b2f47957006aa2f65c262487d28db919100658f07e,0298b5bd3c2001cb7c4cc5bf23b01f5a11fc0242a9c4c3058dcd5667100ccdc1,1,0,0,0,0,0,0,1
4,G_SURFACE_SUBSTITUTED,0,4|G_SURFACE_SUBSTITUTED|0,resp_027d29b558ae792e006aa2f65c363487d2abadf0f680e8a088,e3b0c44298fc1c149afbf4c8996fb92427ae41e4649b934ca495991b7852b855,0,0,0,0,0,0,0,0
4,G_SURFACE_SUBSTITUTED,1,4|G_SURFACE_SUBSTITUTED|1,resp_01ce97aee432a896006aa2f65de7b087d29a33bb12794c87ee,e3b0c44298fc1c149afbf4c8996fb92427ae41e4649b934ca495991b7852b855,0,0,0,0,0,0,0,0
4,G_SURFACE_SUBSTITUTED,2,4|G_SURFACE_SUBSTITUTED|2,resp_05841a385106e299006aa2f65e770087d2be972a676c50a481,cca87bd3d0fc2937f93a068fd977d1efb3ed0704dcfef6d0d290594b5a06f03d,0,0,0,0,1,0,0,1
4,H_AUTHENTIC_PERTURBED,0,4|H_AUTHENTIC_PERTURBED|0,resp_00e210ea99cad9ba006aa2f65e95d887d2b88a9e7c371a1273,b9b9f1d4d171a24a6132373fed4604e941e2184d2ee3704e49c8bebec6f1e113,0,0,0,0,0,0,0,0
4,H_AUTHENTIC_PERTURBED,1,4|H_AUTHENTIC_PERTURBED|1,resp_0aa33b04bbd713ae006aa2f65ecfbc87d2a0342707f6d1afdd,a9ccb90e4e8833c9814b55769ea67a0328ce210705b962bbdd66c8bbb98aeedd,1,0,0,0,0,0,0,1
4,H_AUTHENTIC_PERTURBED,2,4|H_AUTHENTIC_PERTURBED|2,resp_07c81cf666d29615006aa2f65ef92087d2abbc717486d0c3db,23774d6f69628981e6b5dbad862bc2a7fb6279936c3a8b2bfbd462fbe0ec5572,0,1,0,0,1,0,0,2
4,I_SHUFFLED_PERTURBED,0,4|I_SHUFFLED_PERTURBED|0,resp_00ef5f2764891cb9006aa2f65f1c9c87d2bb5b9dd89f9f39d0,256c192e8e95686a2e7a27256d73dd27a5a21af7b0c8316067ad54918abc0ba9,1,0,0,0,0,0,0,1
4,I_SHUFFLED_PERTURBED,1,4|I_SHUFFLED_PERTURBED|1,resp_0ee4ef7bc56ee603006aa2f65f4a7487d2b08a277c78ea4ebc,33e7c298ff7896b27ece214990887fc2d3601a0c1a255f028e5027ba09cc97f5,0,0,0,0,0,0,0,0
4,I_SHUFFLED_PERTURBED,2,4|I_SHUFFLED_PERTURBED|2,resp_0a4e843ead986246006aa2f65f603487d2bf04fc60813f9f61,e3b0c44298fc1c149afbf4c8996fb92427ae41e4649b934ca495991b7852b855,0,0,0,0,0,0,0,0
4,J_RECURSION_CONTROL,0,4|J_RECURSION_CONTROL|0,resp_0a417fb91f5903ae006aa2f65fb76887d2bbf02b99bc4b1109,88dfcf2c5d2c4ad7759f121e48c39f1808d2d2c07bffd12282c756c032b434d2,0,0,0,0,0,0,0,0
4,J_RECURSION_CONTROL,1,4|J_RECURSION_CONTROL|1,resp_0145176fbf0afb52006aa2f65fe27887d2bec99b72a764e50a,717922a3fc0378dfc0d6d8f447bfe9b1f641e227cc372060159a8a91854fcd6d,0,0,0,0,0,0,0,0
4,J_RECURSION_CONTROL,2,4|J_RECURSION_CONTROL|2,resp_0c655c520b0036a2006aa2f65ff6d887d29ebaeb79b3494ee0,bc4a190940285123a7bce4f58b228e6fdc68c212fa49cd73042144f8c0c1a5a5,0,0,0,0,0,0,0,0
4,K_COMPLEXITY_CONTROL,0,4|K_COMPLEXITY_CONTROL|0,resp_04382d94cd319071006aa2f661b34087d28673789a18015d3b,ea41caaf4f17fea84318983f2e4e1910819f1b845eb6887f758a11da5e5f4739,0,0,0,0,0,0,0,0
4,K_COMPLEXITY_CONTROL,1,4|K_COMPLEXITY_CONTROL|1,resp_00586cfdd2543a6a006aa2f661fbd887d29f34e998b4d98662,30c8972f4ca982a7b4a87556f8a6b71e6dcb9262b53fcbdb42487ce271940d7a,0,0,0,0,1,0,0,1
4,K_COMPLEXITY_CONTROL,2,4|K_COMPLEXITY_CONTROL|2,resp_0bbc56c9093b8fee006aa2f6622b2887d2b4992be2f2826062,859943bed06215a6be4b653d41ac0b036702d7f15645cca589f191935bd4805d,0,0,0,0,1,0,0,1
4,L_COUNTERFACTUAL_PATH,0,4|L_COUNTERFACTUAL_PATH|0,resp_03734d48e851464a006aa2f6624a9887d2935a2cbd65083661,fb14f0f49bb059f82cf57fb2655cad0445d6a3223550f99b06115b744a547e6c,0,0,0,0,1,1,0,2
4,L_COUNTERFACTUAL_PATH,1,4|L_COUNTERFACTUAL_PATH|1,resp_06c4a11ab5132b51006aa2f662547087d28e668146f3f79f9d,e3b0c44298fc1c149afbf4c8996fb92427ae41e4649b934ca495991b7852b855,0,0,0,0,0,0,0,0
4,L_COUNTERFACTUAL_PATH,2,4|L_COUNTERFACTUAL_PATH|2,resp_0eaa47f3fa7a7bdf006aa2f662ca4087d2803a46618ba29f60,e3b0c44298fc1c149afbf4c8996fb92427ae41e4649b934ca495991b7852b855,0,0,0,0,0,0,0,0
5,A100_AUTHENTIC_FULL_PREFIX,0,5|A100_AUTHENTIC_FULL_PREFIX|0,resp_05102640fb1ffdf0006aa2f662fccc87d2adfbe1e7453e2154,0da589d93b4828a760cf4fc80095377d690e15c27232d602a452b6c2f6d83843,1,0,0,0,1,0,0,2
5,A100_AUTHENTIC_FULL_PREFIX,1,5|A100_AUTHENTIC_FULL_PREFIX|1,resp_09bc6ca03ec004eb006aa2f6630f4487d2ab9970261ce1ea98,4a1f1391c4cd2763e0ab02a929d8c2263270bfd7aa22729e33d2970b5bf7b7dd,1,0,0,1,1,0,0,3
5,A100_AUTHENTIC_FULL_PREFIX,2,5|A100_AUTHENTIC_FULL_PREFIX|2,resp_006610b29a6332fb006aa2f6632cd087d29e2ee91284601c0e,febf1c2965c9a6a250b73f788c56c696863593167c0c308b908dd0eb099f1601,0,0,0,0,0,0,0,0
5,A25_AUTHENTIC_DOSE,0,5|A25_AUTHENTIC_DOSE|0,resp_05dd9c3b041b3ed3006aa2f663513c87d2b1083259a282ef20,9966d2c02d63acd2ebac1a0cec7fa5d3e1b1fdadc0d68db697d3b6e5bce715ed,0,0,0,0,1,0,0,1
5,A25_AUTHENTIC_DOSE,1,5|A25_AUTHENTIC_DOSE|1,resp_00c27aef1597634b006aa2f663650887d2a57fd7579677cfcf,2de59042813a0420072c308b198ec680f99cf04b955336a7039189409f5b9ec4,0,0,0,0,1,0,0,1
5,A25_AUTHENTIC_DOSE,2,5|A25_AUTHENTIC_DOSE|2,resp_0deda6237f2e1a00006aa2f663dcb087d2960809660ed77989,ee3a5c06918da50dbb54a0e77221efc5a52f97eb5dc27e69c60d0a134e7e73b9,0,0,0,0,1,0,0,1
5,A50_AUTHENTIC_DOSE,0,5|A50_AUTHENTIC_DOSE|0,resp_051a18eca85bc820006aa2f664d06087d2a57d030ca95fb06e,bfd7952529954d65507d90a480051af2cfb073451ac095fcf975317f83a8fef3,0,0,0,1,1,0,0,2
5,A50_AUTHENTIC_DOSE,1,5|A50_AUTHENTIC_DOSE|1,resp_0e8aea0d090c582a006aa2f6651b0487d29b1fa3f4d2599dbf,1cbaac488b32b9b427021d70e443a0a905b9081e6cc411fdb7693b3f5dc244e1,0,0,0,1,1,0,0,2
5,A50_AUTHENTIC_DOSE,2,5|A50_AUTHENTIC_DOSE|2,resp_09d7508c1918bbb7006aa2f66574b087d28e9479d78212a8fb,ba1bdfd8f193f236221daf1f08716d58e14b53eda69fae792ee69ed486de1831,0,0,0,0,0,0,0,0
5,A75_AUTHENTIC_DOSE,0,5|A75_AUTHENTIC_DOSE|0,resp_0af2224cd5843696006aa2f6659da887d2acc5895993090f98,128de905952bca5b01e21cad5f16ba691f72a23a629ddb6e9f729d0f2d3a8b15,1,0,0,0,1,1,0,3
5,A75_AUTHENTIC_DOSE,1,5|A75_AUTHENTIC_DOSE|1,resp_0ea156149215d8c3006aa2f66607d887d2ad4548ae8b62bba5,b09ba10104bad7a214360d3ea8440dbef7074959ea76f2e0fe28203974fc5ee5,0,0,0,0,1,0,0,1
5,A75_AUTHENTIC_DOSE,2,5|A75_AUTHENTIC_DOSE|2,resp_0b7b7c1566aac3d3006aa2f666b7d887d2930e48ac2c6f7e63,fa531f89a45c686138f995d59e83b426173d37fcab038d9769f508890c21e5c6,0,0,0,0,1,1,0,2
5,B_TOPOLOGY_SHUFFLED,0,5|B_TOPOLOGY_SHUFFLED|0,resp_0edaca59189fb27c006aa2f667299087d2bf7c86034b967910,e3b0c44298fc1c149afbf4c8996fb92427ae41e4649b934ca495991b7852b855,0,0,0,0,0,0,0,0
5,B_TOPOLOGY_SHUFFLED,1,5|B_TOPOLOGY_SHUFFLED|1,resp_0f04fe3cda98789f006aa2f6670e4887d295d6302774157b2b,08e1a0c19bd4176a3aab842dc7ccd770033829ef8d683f4daef81b10b8594271,0,0,0,0,1,0,0,1
5,B_TOPOLOGY_SHUFFLED,2,5|B_TOPOLOGY_SHUFFLED|2,resp_06ba6239bbe8bd25006aa2f667217487d2a56191b0c6a780f1,923e539f81d189526a768a6226e0e3b33226e3c84dbcc97f3a914dc468e77542,0,0,0,0,1,1,0,2
5,C_ORDER_SHUFFLED,0,5|C_ORDER_SHUFFLED|0,resp_0e4c8de7f931603c006aa2f667433c87d2bd9255c2b67a1300,8a133b29b6220df0777a36673bb9fc88eb2cf931d334386a55a3b3a11d4a138d,0,0,0,0,1,0,0,1
5,C_ORDER_SHUFFLED,1,5|C_ORDER_SHUFFLED|1,resp_05313a6cfbc7c6b7006aa2f667a26887d2bf16ebab72f0e9b5,d3f99ce012726fa22acf22c297cb818b8f7c315c01675fddea7570e98c98cbf4,0,0,0,0,1,1,0,2
5,C_ORDER_SHUFFLED,2,5|C_ORDER_SHUFFLED|2,resp_04537073ee408efc006aa2f667fc6487d2b6bed67ed79902ab,11eb8a2bf0e20d48f5f2aeaa854bfb1a1f390ecaf2f6bdf126a926b034871378,0,0,0,0,1,1,0,2
5,D_DIRECTION_REVERSED,0,5|D_DIRECTION_REVERSED|0,resp_06baefc6ddc8f186006aa2f668b7dc87d280ab289d4bb3cdd8,1cfff8591feb74b8a87c05e90404af3d8850fc6269f913a3b04fb198fa28abca,1,0,0,0,0,0,0,1
5,D_DIRECTION_REVERSED,1,5|D_DIRECTION_REVERSED|1,resp_0911be3ff7a3078f006aa2f66914fc87d2881a82faf23908ac,9ce866cd250cdd999cbfa8bea1175e552e8220aea1d82e687e1f63fc00172599,0,0,0,0,0,0,0,0
5,D_DIRECTION_REVERSED,2,5|D_DIRECTION_REVERSED|2,resp_0b96aa0ea6016dab006aa2f669710887d2bab744923224313e,c6e978bfe3119840d965b614094d652442698d327a446ac5b665bdc0dc09d43f,0,0,0,0,1,0,0,1
5,E_META_CONTROL_ABLATED,0,5|E_META_CONTROL_ABLATED|0,resp_005b1f80ca09dc77006aa2f66993c887d2ab5c4a9c0cd77771,4823b7f91a6352b47d874407c67cac144806bcd4046e88c385f9ef8b08bc51e3,0,0,0,0,1,0,0,1
5,E_META_CONTROL_ABLATED,1,5|E_META_CONTROL_ABLATED|1,resp_0a2c1f450db2a017006aa2f669d29c87d29e835f2887b6853c,1191880fe4bf0386e62ef77d23efd22fa0eb7308e56b8c8859d57b5ea6ee7afd,0,0,0,0,0,0,0,0
5,E_META_CONTROL_ABLATED,2,5|E_META_CONTROL_ABLATED|2,resp_0395e8a31c89b752006aa2f66a0e0087d2b2fb714790f8bf45,29a2e4b7be82dc1a03c14a68a0cf31f943bf22f9f37d64c0b4b10618b2b74e9d,0,0,0,0,1,0,0,1
5,F_PRESERVATION_ABLATED,0,5|F_PRESERVATION_ABLATED|0,resp_034858ae60e00813006aa2f66a554c87d281ffddd588e68e4f,074d9629dcd138e3f38f97871aabff1cb0cbaf4613e9aac5e9a56c08cc31e7c3,0,0,0,0,0,0,0,0
5,F_PRESERVATION_ABLATED,1,5|F_PRESERVATION_ABLATED|1,resp_0f61018065cd26c3006aa2f66a7e4887d2b141e840246c5d0b,ce9566ddbd954ebca72658a30562c50a587fc0ab21b70a3d24be3ea72d3e4762,0,0,0,0,0,0,0,0
5,F_PRESERVATION_ABLATED,2,5|F_PRESERVATION_ABLATED|2,resp_03af438b50e46e87006aa2f66a7e5887d2b42b356a7db4d797,ebd4f9882f20ae77d0691cd3655a242cc627b97df3c2ab758a7fa604bdb92002,0,0,0,0,0,0,0,0
5,G_SURFACE_SUBSTITUTED,0,5|G_SURFACE_SUBSTITUTED|0,resp_038f62855bd2a81a006aa2f66b12dc87d2a6858e2beabe986a,97b5240a159381dda8e4bf7cac3cbf56767c56852e69851d277a5eafe336504b,0,0,1,0,0,0,0,1
5,G_SURFACE_SUBSTITUTED,1,5|G_SURFACE_SUBSTITUTED|1,resp_009f7dbec848b509006aa2f66b3f4887d2a93e958f8f731ccb,f564da7ee2cd452c97101a0475ddd44b2b8b221534a465cdb876f0b499763eeb,0,0,0,0,1,0,0,1
5,G_SURFACE_SUBSTITUTED,2,5|G_SURFACE_SUBSTITUTED|2,resp_0e18f3f9e8551b18006aa2f66b738487d2957ee32bd81a7fa6,687beb38b267652ac3e73ec4e0d959e9d56447b780916d78068ef54f0e603695,0,0,1,0,1,0,0,2
5,H_AUTHENTIC_PERTURBED,0,5|H_AUTHENTIC_PERTURBED|0,resp_08c5b0f2a60ecbcc006aa2f66c178c87d2adf1d17e788c46f3,a3f5f7f52a612df70395dccbaa0626c796bb6c15075a96e41b6c40173e9352df,1,0,0,0,1,0,0,2
5,H_AUTHENTIC_PERTURBED,1,5|H_AUTHENTIC_PERTURBED|1,resp_0856dba0769894ef006aa2f66cdb6487d2984bcc2e621813fd,b2819f8b2bc7843b6d14972ead40d564c900aeaff73557b993dada04512bbd58,0,0,0,0,1,1,0,2
5,H_AUTHENTIC_PERTURBED,2,5|H_AUTHENTIC_PERTURBED|2,resp_040e16d9f5aa0061006aa2f66d3ec487d29bdc46dae791dda1,e196e5f639ca444db36c96e0dc49a2305d3ca4c6721f700fa5131c0d321f8818,0,0,0,0,0,0,0,0
5,I_SHUFFLED_PERTURBED,0,5|I_SHUFFLED_PERTURBED|0,resp_0489e366824368e1006aa2f66d186087d292c3c51d5d050fb6,12709847528667cb54b20ab8ddc53d00f683c957c833bd72caa2d5828d3b4185,1,0,0,0,0,0,0,1
5,I_SHUFFLED_PERTURBED,1,5|I_SHUFFLED_PERTURBED|1,resp_0b521530710872f6006aa2f66d397087d2bf677f674265af54,6e4a936a4110b0435c1d1d2c28a376e5e85f5a504405ab09dba8b59cfdb1874c,0,0,0,0,0,0,0,0
5,I_SHUFFLED_PERTURBED,2,5|I_SHUFFLED_PERTURBED|2,resp_084e6431b4febe07006aa2f66dc31087d2942fac54b0126a71,024cfa1f23259a8b0f463f857016920043104a09cf54305965708501a7b4bbb3,0,0,0,0,0,0,0,0
5,J_RECURSION_CONTROL,0,5|J_RECURSION_CONTROL|0,resp_0522e87a546b0cee006aa2f66def8c87d2976a2c40d0c74759,9f465e20bc3b2e59e444544f2d15bad42cd87cad2685b0a4808bd1e2abf06732,0,0,0,0,0,0,0,0
5,J_RECURSION_CONTROL,1,5|J_RECURSION_CONTROL|1,resp_0190d1937e7b9d2d006aa2f66e091087d2bd2347076902fecd,750f6afaca8b671161b20bf094bbf720ca178fe63692a32e3fc9863e363b8b46,0,0,0,0,0,0,0,0
5,J_RECURSION_CONTROL,2,5|J_RECURSION_CONTROL|2,resp_089ee6b6fac9d150006aa2f66e256487d299e0e160638cedc4,425a8431e86ffe72386615b6465ff7a88036dc6dbee2b85429502c1b4195c02e,0,0,0,0,1,0,0,1
5,K_COMPLEXITY_CONTROL,0,5|K_COMPLEXITY_CONTROL|0,resp_0b7196166907951c006aa2f66ec59087d2b4092ddefd67cc5c,b5bf4449777d8d9bd518dc1304af850875ff9565b324866c81b775bfb778c7e3,0,0,0,0,1,0,0,1
5,K_COMPLEXITY_CONTROL,1,5|K_COMPLEXITY_CONTROL|1,resp_0d352bf5cfc075d0006aa2f66ef72887d2a117057ef0b8d6a8,c273ecf6ebed78666b30ee1ceb3f1dfdcb40a0bd638f35624fc0d63d7d2704c6,0,0,0,0,0,0,0,0
5,K_COMPLEXITY_CONTROL,2,5|K_COMPLEXITY_CONTROL|2,resp_081f66dbdbc1abe3006aa2f66f607c87d2913b507164fe74dc,271921d2fee4166ebab07d962a27660872a8eb5e4d5d12d3ce76a3729823d55b,0,0,1,0,1,0,0,2
5,L_COUNTERFACTUAL_PATH,0,5|L_COUNTERFACTUAL_PATH|0,resp_09b472db13304c43006aa2f66fb4ec87d291845a1540fd8d5e,e3b0c44298fc1c149afbf4c8996fb92427ae41e4649b934ca495991b7852b855,0,0,0,0,0,0,0,0
5,L_COUNTERFACTUAL_PATH,1,5|L_COUNTERFACTUAL_PATH|1,resp_0d77a862d11a868f006aa2f670422087d2afe1b83efdf2fb76,b67ebf431c1d6e7d77b28adabbb5f4b0735b4a25b9abf807635e6ae56973db23,0,0,0,1,1,0,0,2
5,L_COUNTERFACTUAL_PATH,2,5|L_COUNTERFACTUAL_PATH|2,resp_0d8acef51a0e6f69006aa2f67095dc87d2ae6e355428eeca90,a9148b5e066bbacbdb053576c80294c84ee3339eaf3f388ed31ae91f58260e33,0,0,0,0,1,0,0,1
6,A100_AUTHENTIC_FULL_PREFIX,0,6|A100_AUTHENTIC_FULL_PREFIX|0,resp_01e003068d7516dc006aa2f6711b6487d2883dafc3c0a19ed9,24134f2c03a259fc2b34042c6459c80947d76329dd0a65ab739618e298e0cf6f,0,0,0,0,1,0,0,1
6,A100_AUTHENTIC_FULL_PREFIX,1,6|A100_AUTHENTIC_FULL_PREFIX|1,resp_081a5eabd215118f006aa2f671291487d2af22bc21df8933cf,fdeb0822a258df9d1b57b636e7331a6dedcd4451102d8984076b6030f5c1e1c3,1,0,0,0,1,0,0,2
6,A100_AUTHENTIC_FULL_PREFIX,2,6|A100_AUTHENTIC_FULL_PREFIX|2,resp_0f8eb4857c6e9556006aa2f671b47c87d2880aa31198fa2994,f8d5ddf1cc1c6c3b90d470f842473bc42870d6c7ecfa2d461f629ad85067425b,0,0,0,0,1,0,0,1
6,A25_AUTHENTIC_DOSE,0,6|A25_AUTHENTIC_DOSE|0,resp_079318fe8dcece6a006aa2f671cac087d2ba7390b57325aed3,e4c7f4910ee9ae4507aa0de788d513613b33a05a73ddc7042469208368b11c35,0,0,0,0,1,0,0,1
6,A25_AUTHENTIC_DOSE,1,6|A25_AUTHENTIC_DOSE|1,resp_0bec0921429ce0b7006aa2f671d4f087d2aaf255da2f79c92e,94388852a736146ad17f037a173032f3658cc783cfa8bc27c529973b48786bbb,0,0,0,0,1,0,0,1
6,A25_AUTHENTIC_DOSE,2,6|A25_AUTHENTIC_DOSE|2,resp_0532ab234b0d008d006aa2f671fb1087d294a939f658d3d818,8f1dcb7786dfee55efedc15f42d0b99e9c973c5fdfe676b80c9253f523774586,0,0,0,0,1,0,0,1
6,A50_AUTHENTIC_DOSE,0,6|A50_AUTHENTIC_DOSE|0,resp_06b989982c375b7a006aa2f6728bc887d296e9b8225b7704e0,5a4993e715e78dbd965317e2f3b6afaf66ea5df099bb71c0524dfd828a9c1af9,0,0,0,0,1,1,0,2
6,A50_AUTHENTIC_DOSE,1,6|A50_AUTHENTIC_DOSE|1,resp_0121b15d70849fca006aa2f6729dd887d28f461c7f156108c1,8208344cf1cf4f11593bf58837809d6c599caaf73f990e84326d0ec825f29b2f,0,0,0,0,1,1,0,2
6,A50_AUTHENTIC_DOSE,2,6|A50_AUTHENTIC_DOSE|2,resp_0bcfa3aebd4a9eba006aa2f672cc3487d2822847751465c172,9e0a0fb5dc8e49a1ea122f009ec40b2a097b49dfe076dbf763c4b16dd332d2c6,0,0,0,0,1,1,0,2
6,A75_AUTHENTIC_DOSE,0,6|A75_AUTHENTIC_DOSE|0,resp_01b33b53fd9deb82006aa2f673675887d2b78edb89848eb5dc,5af4ad4cecbb8f6d305d47ba71833b516447d34cf9b62124851a23dede7f76ca,0,0,0,0,0,0,0,0
6,A75_AUTHENTIC_DOSE,1,6|A75_AUTHENTIC_DOSE|1,resp_0c588ae830d18611006aa2f6739b5087d2acce1583a21960da,53e6308d4512d7c05849c49783998bd7c6636fb140cd6f86d679707cf05bf435,1,0,1,0,1,0,1,4
6,A75_AUTHENTIC_DOSE,2,6|A75_AUTHENTIC_DOSE|2,resp_0d8fb3ad9cce0918006aa2f6744b4087d289c978dfe6ccf6c8,68f57f77e71c9f3ded1f9b9da1329154e4b935d8b308167063a6949f0d141a79,0,0,0,0,1,0,0,1
6,B_TOPOLOGY_SHUFFLED,0,6|B_TOPOLOGY_SHUFFLED|0,resp_0b8186023c8548f6006aa2f67484ac87d28cad7398a4216bb8,0961dbc3773a1690c8f6f5e47f1ee11cbbfa12785750fd7830bc400d88041480,0,0,0,0,0,0,0,0
6,B_TOPOLOGY_SHUFFLED,1,6|B_TOPOLOGY_SHUFFLED|1,resp_0d1b0688d59bab8a006aa2f6751a6487d2a82360e975624d2e,32837872e2b4d6163a6fc5e482f5466a7bd922a73c28dc752860e6c4919b2c71,0,0,0,0,0,0,0,0
6,B_TOPOLOGY_SHUFFLED,2,6|B_TOPOLOGY_SHUFFLED|2,resp_09f4c07cba5714c9006aa2f6756e4887d2ba64761496847662,e3b0c44298fc1c149afbf4c8996fb92427ae41e4649b934ca495991b7852b855,0,0,0,0,0,0,0,0
6,C_ORDER_SHUFFLED,0,6|C_ORDER_SHUFFLED|0,resp_0a8c84dba75a32cf006aa2f6757cc887d2b5020d817962dc7f,e3b0c44298fc1c149afbf4c8996fb92427ae41e4649b934ca495991b7852b855,0,0,0,0,0,0,0,0
6,C_ORDER_SHUFFLED,1,6|C_ORDER_SHUFFLED|1,resp_048c606c60666422006aa2f676151087d2b45ca35d487b32fb,e3b0c44298fc1c149afbf4c8996fb92427ae41e4649b934ca495991b7852b855,0,0,0,0,0,0,0,0
6,C_ORDER_SHUFFLED,2,6|C_ORDER_SHUFFLED|2,resp_013f1781d9f6a43e006aa2f675a16487d2b6edb20a565039ed,26c5174476559ae35f768f219ed03876d811260ca5f47a1ade788c5ceae94654,0,0,0,0,1,1,0,2
6,D_DIRECTION_REVERSED,0,6|D_DIRECTION_REVERSED|0,resp_0ba40493092c643a006aa2f6759eec87d2977312c213f72d76,9767b80a982fa8e5af5dde838fd753dcebc7cce7b51615db3a22818a3f62e02e,0,0,0,0,1,0,0,1
6,D_DIRECTION_REVERSED,1,6|D_DIRECTION_REVERSED|1,resp_0dc810dc6fd5c20d006aa2f676023887d2941cc5a5a2552946,bb7f87c5f367ef79bcf90534546918cb0714f8999695e15664a17d22945f093e,0,0,0,0,1,0,0,1
6,D_DIRECTION_REVERSED,2,6|D_DIRECTION_REVERSED|2,resp_0a30a255a8310b77006aa2f677474887d2871c8df4d8497d13,8f9e70756e1fb8883f844917242cf78eb916ac552475035e360559989601b6c8,0,0,0,0,0,0,0,0
6,E_META_CONTROL_ABLATED,0,6|E_META_CONTROL_ABLATED|0,resp_0e382d0be13c7eef006aa2f677aa4487d2b018993bc54a13b7,4a0a5034efbb7c6d74a84426aac5cfb84324e5028624bd01db6db87f606b5f5e,0,0,0,0,1,0,0,1
6,E_META_CONTROL_ABLATED,1,6|E_META_CONTROL_ABLATED|1,resp_0f06cdfda42083ea006aa2f677c2a887d29d5244041121612b,34193f8cac9d2bac786a3444611f4d0bdf09c6d14d2aafc78b24bfcee76da904,0,0,0,0,1,0,0,1
6,E_META_CONTROL_ABLATED,2,6|E_META_CONTROL_ABLATED|2,resp_01cb2257b9b15e53006aa2f677f37487d2952ae7232dd1abc9,90e9c8754eba67ba368c6ec17574296f0c40ab34c72665bc1a07f1069ad47711,0,0,0,0,1,0,0,1
6,F_PRESERVATION_ABLATED,0,6|F_PRESERVATION_ABLATED|0,resp_0967afe01a06ae9c006aa2f6780a7487d287a2a5de5b733618,bd6a26bf7be2c71572c7bd0b91ed48bba6106c36aba75e16fb20e4736ffc9548,0,0,0,0,1,1,0,2
6,F_PRESERVATION_ABLATED,1,6|F_PRESERVATION_ABLATED|1,resp_0e177a3afe1d4d0d006aa2f679212887d2b1c0b8fa97f88388,70b7305b8321a0d77580febd04af691d476e98d4e67c2b5fe6f7a5c6dad6496a,0,0,0,0,0,0,0,0
6,F_PRESERVATION_ABLATED,2,6|F_PRESERVATION_ABLATED|2,resp_0be609782032f886006aa2f678f09887d2a246dbf75f085511,7390f8c33e16e8a2966dc4e8aabee3a136b838c81ddbd87534766812349fc049,0,0,0,0,0,0,0,0
6,G_SURFACE_SUBSTITUTED,0,6|G_SURFACE_SUBSTITUTED|0,resp_0f6d09f224fe65fc006aa2f6794a5887d2a15806c9ebfc0788,045b8af282c591fdfc42065c5b0de7fc1d9bd189d3ac7eaf15f91776824a6a71,0,0,0,0,1,0,0,1
6,G_SURFACE_SUBSTITUTED,1,6|G_SURFACE_SUBSTITUTED|1,resp_0593120cc9cdd117006aa2f679593c87d2a49a8bb370ed7138,ff863df78ef829e7748af9c2b66ab27d26154fbfb67c677e821cbb2fec07da07,0,0,0,0,0,0,0,0
6,G_SURFACE_SUBSTITUTED,2,6|G_SURFACE_SUBSTITUTED|2,resp_0c1ca470852776c1006aa2f679536087d2932a0f72c4b290f2,e0f8474a0932c5e3e60dd11974ecbee78a8e0377eedea8f49bc955f809fd6abe,0,0,0,0,1,0,0,1
6,H_AUTHENTIC_PERTURBED,0,6|H_AUTHENTIC_PERTURBED|0,resp_0250ea4e6b0b65c4006aa2f6798a4087d2a4f449e9e198c662,ef1eba0fe6bac7a83b5bd2e3d17784ff92d850443ec4df3f9d3f91d17fb28a88,0,0,0,0,0,0,0,0
6,H_AUTHENTIC_PERTURBED,1,6|H_AUTHENTIC_PERTURBED|1,resp_0e06a57f3fbea16e006aa2f679be9087d2b45d176505ef4bc5,27f92310153b34697ddbd7b66172bf15521d7c886902882be6929ce9adbc1a1d,0,0,0,0,1,0,0,1
6,H_AUTHENTIC_PERTURBED,2,6|H_AUTHENTIC_PERTURBED|2,resp_084930b32e082c91006aa2f67b1b3087d2b1f0fbe2728a99b0,e3b0c44298fc1c149afbf4c8996fb92427ae41e4649b934ca495991b7852b855,0,0,0,0,0,0,0,0
6,I_SHUFFLED_PERTURBED,0,6|I_SHUFFLED_PERTURBED|0,resp_0e1b75a4928ce183006aa2f67c54c487d28f8fe89ab1ce8687,e3b0c44298fc1c149afbf4c8996fb92427ae41e4649b934ca495991b7852b855,0,0,0,0,0,0,0,0
6,I_SHUFFLED_PERTURBED,1,6|I_SHUFFLED_PERTURBED|1,resp_07d01bfd229283ec006aa2f67c510c87d294287359f29f7867,e3b0c44298fc1c149afbf4c8996fb92427ae41e4649b934ca495991b7852b855,0,0,0,0,0,0,0,0
6,I_SHUFFLED_PERTURBED,2,6|I_SHUFFLED_PERTURBED|2,resp_041403b6517cfb0c006aa2f67c754887d29a30ce3c08ec260c,e3b0c44298fc1c149afbf4c8996fb92427ae41e4649b934ca495991b7852b855,0,0,0,0,0,0,0,0
6,J_RECURSION_CONTROL,0,6|J_RECURSION_CONTROL|0,resp_0aa378ceebf21a2d006aa2f67c81a887d2a1682ed748f62a26,978ea63fdd3246db8acc468f446147a984cd10c3a2c6ba187fe426d732e21539,0,0,0,0,0,0,0,0
6,J_RECURSION_CONTROL,1,6|J_RECURSION_CONTROL|1,resp_0898f42abb66559e006aa2f67d09a887d2b57655869c8b93f6,15dad10b8f61375cf7a6a7791258ad30aff1c33fe7c2e0d01ccf64dd4af1355f,0,0,0,0,1,0,0,1
6,J_RECURSION_CONTROL,2,6|J_RECURSION_CONTROL|2,resp_088b2436efab6eca006aa2f67d1b1c87d29db5453b60d63a44,e3b0c44298fc1c149afbf4c8996fb92427ae41e4649b934ca495991b7852b855,0,0,0,0,0,0,0,0
6,K_COMPLEXITY_CONTROL,0,6|K_COMPLEXITY_CONTROL|0,resp_0ae2893bb62afc8c006aa2f67d1cc087d292f44d023638f7f0,c04a660fe037d86775f715c22e0f35d3979acc0a9900d5b6500e3122faaa59cc,0,0,0,0,0,0,0,0
6,K_COMPLEXITY_CONTROL,1,6|K_COMPLEXITY_CONTROL|1,resp_098e9778c1f1e5e7006aa2f67d31e087d29641acb4e9a59998,f8714a9c9010e050692a1fe50148d28eeb430bffcd0899d499d19a06d7f54612,0,0,0,0,0,0,0,0
6,K_COMPLEXITY_CONTROL,2,6|K_COMPLEXITY_CONTROL|2,resp_094333ea7dce8908006aa2f67d4df887d2a4a482dd4e1c22dc,2a874f8c5d7f75bc750ad4845fb18da7c3881f0ceafd5beca87f57c2aef2f2d3,0,0,0,0,0,0,0,0
6,L_COUNTERFACTUAL_PATH,0,6|L_COUNTERFACTUAL_PATH|0,resp_05003ae5d3acca54006aa2f67d86f487d2ac73e342f7096456,917b60685f7c848a7ea4ea766cfca3b5b78a59c0d80c1803dbc5d97e8ef55007,0,0,0,0,0,0,0,0
6,L_COUNTERFACTUAL_PATH,1,6|L_COUNTERFACTUAL_PATH|1,resp_0360c6507ef10787006aa2f67d86c487d2bb492bb0ff156651,e3b0c44298fc1c149afbf4c8996fb92427ae41e4649b934ca495991b7852b855,0,0,0,0,0,0,0,0
6,L_COUNTERFACTUAL_PATH,2,6|L_COUNTERFACTUAL_PATH|2,resp_0ab2111917177e4c006aa2f67e831487d2887bb2af08066dc0,158eb1b016e8bf6d344240780686c2b94321c16e60edf7df22a74aa28ec62556,0,0,0,0,1,0,0,1
7,A100_AUTHENTIC_FULL_PREFIX,0,7|A100_AUTHENTIC_FULL_PREFIX|0,resp_0ba47257d98f2f7f006aa2f67fa21087d291883813ad11b0b5,0c21967a4cac2e823a52f0835b3d007efd9e92cd9735f3ef3d9c9aa09369936e,0,0,0,0,1,0,0,1
7,A100_AUTHENTIC_FULL_PREFIX,1,7|A100_AUTHENTIC_FULL_PREFIX|1,resp_01d15b86a138a933006aa2f67fc51087d2ab17aa37d3a273b7,74b6a57ae08e04e097c1f3f5fdffd35562fae75ac3bc0f77045c581aa1f0588d,0,0,0,0,1,0,0,1
7,A100_AUTHENTIC_FULL_PREFIX,2,7|A100_AUTHENTIC_FULL_PREFIX|2,resp_0db3279049f334a5006aa2f67fd5b087d2bcefd50e45df22db,e3b0c44298fc1c149afbf4c8996fb92427ae41e4649b934ca495991b7852b855,0,0,0,0,0,0,0,0
7,A25_AUTHENTIC_DOSE,0,7|A25_AUTHENTIC_DOSE|0,resp_0ec8a508535e89ee006aa2f67fcd7487d2927aabe58e76e770,892534592f51beec0199503219e56490e9a071f9a2de7e752145cbf565602bd4,0,0,0,0,0,0,0,0
7,A25_AUTHENTIC_DOSE,1,7|A25_AUTHENTIC_DOSE|1,resp_0331439de820f7e7006aa2f68003e487d2bde4a05236856939,511a509c04423505c3a8880fad9d02072e734a548e3d7c22d999157c86eaf2cf,0,0,0,0,0,0,0,0
7,A25_AUTHENTIC_DOSE,2,7|A25_AUTHENTIC_DOSE|2,resp_08500c05028bbe24006aa2f680741c87d29f34bcc7040da01a,ef432f73bfd794661b8ef6c63977a85c912ceae93a0af36d6296967c9cdc7a42,0,0,0,0,0,0,0,0
7,A50_AUTHENTIC_DOSE,0,7|A50_AUTHENTIC_DOSE|0,resp_0695d0c42bcf4518006aa2f680822c87d2afa14663cc792ce5,52a89cf8cab2e5df6c3282ac653ae7b38c3bd6c2b444e0e09dc1345c5674cf48,0,0,0,0,0,0,0,0
7,A50_AUTHENTIC_DOSE,1,7|A50_AUTHENTIC_DOSE|1,resp_0919d629c344f5e9006aa2f680ab0087d29d79f3848d432bc4,70bf84a8254ab532acd9c759b7a0915f5e27700ae2c005a1e08810b97fb47608,0,0,0,0,1,0,0,1
7,A50_AUTHENTIC_DOSE,2,7|A50_AUTHENTIC_DOSE|2,resp_01d0d5bf4abf54dc006aa2f680c4f087d2a4c78e7ad9a7753b,db6cec6e061ecf0b2876d69398c72a819cf4fd45e7703d2a31d00382b9da0e51,0,0,0,0,1,1,0,2
7,A75_AUTHENTIC_DOSE,0,7|A75_AUTHENTIC_DOSE|0,resp_0d154ed351cdaff5006aa2f680ed0487d2878a295b97f90237,3dbbc1dcdd3634e4a36d8eae398fd5947f60c437d3452ff68d3ca748e0118ad1,1,0,0,0,1,0,0,2
7,A75_AUTHENTIC_DOSE,1,7|A75_AUTHENTIC_DOSE|1,resp_0dd7d51334cf8e54006aa2f680ffdc87d28c8f65c2507ff2fd,67cd0830ae2ce634468fb9b4371e0ce92cacc987aed663b770b369268d144839,0,0,0,0,1,0,0,1
7,A75_AUTHENTIC_DOSE,2,7|A75_AUTHENTIC_DOSE|2,resp_0840922c03fa17f3006aa2f68197f487d2995611a07ee6619d,aae287d99993c8df7fb8c0eaff401dcbb985391be5b3fece9129522fcfd8c4df,0,0,0,0,0,0,0,0
7,B_TOPOLOGY_SHUFFLED,0,7|B_TOPOLOGY_SHUFFLED|0,resp_09948959614ff5b3006aa2f68309a887d2925b3ee712727572,3b84acafafac562e901acc27bf4c487e294badeb8ce87ceccc9c6a1b7a42de10,0,0,0,0,1,1,0,2
7,B_TOPOLOGY_SHUFFLED,1,7|B_TOPOLOGY_SHUFFLED|1,resp_0d850732a7a0b0f7006aa2f683329487d2a1a2aa80611e8f38,740da30f78dd7b1c07989e403dabd6e4b841f5e0b538f996f81ae52b256bdd2d,0,0,0,0,1,0,0,1
7,B_TOPOLOGY_SHUFFLED,2,7|B_TOPOLOGY_SHUFFLED|2,resp_09264df25d424a29006aa2f683447087d2bc952f6c95d4c5ea,d955df0914aab952db369b5dd33da8d29697d5692f39933692143240a2a4d0f9,0,0,0,0,1,1,0,2
7,C_ORDER_SHUFFLED,0,7|C_ORDER_SHUFFLED|0,resp_0e0257f5fcf16a93006aa2f68365b887d2b1736ed6facb1897,e3b0c44298fc1c149afbf4c8996fb92427ae41e4649b934ca495991b7852b855,0,0,0,0,0,0,0,0
7,C_ORDER_SHUFFLED,1,7|C_ORDER_SHUFFLED|1,resp_062abf218396bc53006aa2f683ef5087d2845f3ebad00d7fae,e3b0c44298fc1c149afbf4c8996fb92427ae41e4649b934ca495991b7852b855,0,0,0,0,0,0,0,0
7,C_ORDER_SHUFFLED,2,7|C_ORDER_SHUFFLED|2,resp_08200596ca38d20d006aa2f683f19087d2b592975b681bc21c,d917d3468f93d03f05feb5ad486651fea620e204d74329194d14404a76e36785,0,0,0,0,0,0,0,0
7,D_DIRECTION_REVERSED,0,7|D_DIRECTION_REVERSED|0,resp_04a5b119dd40718b006aa2f683f20087d2aa3ba84cd8b4ab00,48ea2e21f0dca0b714c580876f43bffd4db0ef23f15c41624bb787e376a60b0c,0,0,0,0,0,0,0,0
7,D_DIRECTION_REVERSED,1,7|D_DIRECTION_REVERSED|1,resp_0d311527502f9aba006aa2f6845f6087d281f256964bad01b8,b344d80e24a3679999fa964450b34bc24d1578a35509f934c1418b0a20d21a67,0,0,0,0,0,0,0,0
7,D_DIRECTION_REVERSED,2,7|D_DIRECTION_REVERSED|2,resp_0cd808de5b98c34c006aa2f684c2c887d2b415122d5cce38b0,7eed3e64b0b4f42f2e8ba3aaac85be3bbf67238c8844b8790bb21976722e4d84,0,0,0,0,0,0,0,0
7,E_META_CONTROL_ABLATED,0,7|E_META_CONTROL_ABLATED|0,resp_0bf3110a52d6742f006aa2f68513d087d2b6d28a06db577844,f5f71ac0bac6b95522ca9a20a3af772404bf6f3665b7678bf824aeedee34f183,0,0,0,0,1,0,0,1
7,E_META_CONTROL_ABLATED,1,7|E_META_CONTROL_ABLATED|1,resp_0585f7d224c1824c006aa2f68568e487d2a1315c5d30b9841f,67271b153bbf970a08352f58711a7518edcbc88fe81a0e671315c6d6bca7c740,0,0,0,0,0,0,0,0
7,E_META_CONTROL_ABLATED,2,7|E_META_CONTROL_ABLATED|2,resp_05efb28d3bec8ebe006aa2f686558087d2a38b54f824e78f85,dda45b4a2f947639bdde364f22387fbf54ac32852a4e446fb2833f22770131e9,0,0,0,0,0,0,0,0
7,F_PRESERVATION_ABLATED,0,7|F_PRESERVATION_ABLATED|0,resp_08238be49a74c32f006aa2f6866b7c87d2bd53d2a220892adb,e4d981ae7b24cbca023b0824d33bdd39223cf8b5ab632d226fc20faebcbab62d,0,0,0,0,0,0,0,0
7,F_PRESERVATION_ABLATED,1,7|F_PRESERVATION_ABLATED|1,resp_0ed766a03bfaa6ca006aa2f686aae487d28d4fbce21338a474,4014c18769f9d3a4e130d826cad3363f7ddc667a4049eff8e3a905b6f16be42d,0,0,0,0,0,1,0,1
7,F_PRESERVATION_ABLATED,2,7|F_PRESERVATION_ABLATED|2,resp_01f9aeb0d3317b09006aa2f68713d487d2ae05904994e741b8,bfa4d65d0c4ad59acbb142e9d5a737aa88cea36fae43452dc5cfd6fc46238ef1,0,0,0,0,0,0,0,0
7,G_SURFACE_SUBSTITUTED,0,7|G_SURFACE_SUBSTITUTED|0,resp_0d5c1ec03270d454006aa2f6873a5087d2bc3124651f8ec69e,f7919aa22499fa33d57edde74c9e093aee9a4527ff7b29083022c00b2afea582,0,0,1,0,0,0,0,1
7,G_SURFACE_SUBSTITUTED,1,7|G_SURFACE_SUBSTITUTED|1,resp_06cfb05e963e3368006aa2f6872f0487d29a78d81c3b4b148a,63c501d5d9560a83b90471d787dc38a542ae52c8c9deca4a63e383df201d3117,0,0,0,0,0,0,0,0
7,G_SURFACE_SUBSTITUTED,2,7|G_SURFACE_SUBSTITUTED|2,resp_0799d59154dc4060006aa2f687a98c87d2abd22a2e542a3cd4,81a065f11c00f1a73b71a6f764c8313d29b2418ef60b72d3c965ccc9953367e9,0,0,0,0,0,0,0,0
7,H_AUTHENTIC_PERTURBED,0,7|H_AUTHENTIC_PERTURBED|0,resp_0e6c6e91c8421e13006aa2f687c5a487d29e6575a371d4f638,1573c3b685216cc892e788481881bd40b8ec7721eccd85211844e5632322c053,0,0,0,0,0,0,0,0
7,H_AUTHENTIC_PERTURBED,1,7|H_AUTHENTIC_PERTURBED|1,resp_064405202447487f006aa2f68811e487d293470d6c9b827f00,e3b0c44298fc1c149afbf4c8996fb92427ae41e4649b934ca495991b7852b855,0,0,0,0,0,0,0,0
7,H_AUTHENTIC_PERTURBED,2,7|H_AUTHENTIC_PERTURBED|2,resp_05235fb9101bb321006aa2f688561c87d294d9607a7ad379ec,5cd0139cd4113ab1ad42ff909b7b0e8b841abdb19ce3c064f48f7e231f770d80,0,0,0,0,1,1,0,2
7,I_SHUFFLED_PERTURBED,0,7|I_SHUFFLED_PERTURBED|0,resp_0f4b02b8afc35e8f006aa2f688c4e087d2a668e26b54847412,a5a481e74509c31f2edf446958609cf4d17d8d57728e6515b9a99b38ec6628f0,0,0,0,0,0,0,0,0
7,I_SHUFFLED_PERTURBED,1,7|I_SHUFFLED_PERTURBED|1,resp_09143b5abdef0750006aa2f6892af487d2ba3ad4e979b62336,e3b0c44298fc1c149afbf4c8996fb92427ae41e4649b934ca495991b7852b855,0,0,0,0,0,0,0,0
7,I_SHUFFLED_PERTURBED,2,7|I_SHUFFLED_PERTURBED|2,resp_090027efb64baee9006aa2f689ca8887d29aa9baf2e20946b6,ecf8a274b7530fc1fbb5d7ed5a02c4dfd2bb3e63090c38f7ce0ef651500e485e,0,0,0,0,1,0,0,1
7,J_RECURSION_CONTROL,0,7|J_RECURSION_CONTROL|0,resp_0403a1df7b1194c7006aa2f68a369887d29a914a81cb483c92,e3b0c44298fc1c149afbf4c8996fb92427ae41e4649b934ca495991b7852b855,0,0,0,0,0,0,0,0
7,J_RECURSION_CONTROL,1,7|J_RECURSION_CONTROL|1,resp_0cb74382d28c9213006aa2f68b03e087d2a9bea23f8aa37149,e3b0c44298fc1c149afbf4c8996fb92427ae41e4649b934ca495991b7852b855,0,0,0,0,0,0,0,0
7,J_RECURSION_CONTROL,2,7|J_RECURSION_CONTROL|2,resp_04f4024ac416d37a006aa2f68b156887d2bb7cdd80599c7d09,a07254d651db042add9ffabb689ad4b4190d248792d42b090626dc336b9c7ab5,0,0,0,0,0,0,0,0
7,K_COMPLEXITY_CONTROL,0,7|K_COMPLEXITY_CONTROL|0,resp_02adda8401321a8f006aa2f68b3b2487d2af25f413b649f4ae,a41a0e60609946c5fc6c6da9fde2a82a9a929c58a3a0cf91d17a785844de219a,0,0,0,0,1,0,0,1
7,K_COMPLEXITY_CONTROL,1,7|K_COMPLEXITY_CONTROL|1,resp_0cf120bb78b16dac006aa2f68b4edc87d290847e7488ee94c3,023cfef2e25fcd418e018933a3fa532c3af4159da2f10efaba67cade28c79147,0,1,0,1,0,0,0,2
7,K_COMPLEXITY_CONTROL,2,7|K_COMPLEXITY_CONTROL|2,resp_00c1d64e104e84f0006aa2f68b68a087d2baf71e286c1d1902,f94b2d0b704688251791dadb0820418766402ebe8d5b706b1a93cb6aa725ce54,0,0,0,0,0,0,0,0
7,L_COUNTERFACTUAL_PATH,0,7|L_COUNTERFACTUAL_PATH|0,resp_0f933fc6404b2ba0006aa2f68bcc9087d297eb37b0334b80b8,ed8f5735467201fb78e656bed7bd03103a30c028fd76c840568527d3a9d85eb7,0,0,0,0,1,0,0,1
7,L_COUNTERFACTUAL_PATH,1,7|L_COUNTERFACTUAL_PATH|1,resp_08716c2668065568006aa2f68be89087d2aeda9c29095e5a6e,410dbce7948bbea3b8889be4fdf7659c7a20a68aa03372987a90b33f14216cf1,0,0,0,0,1,1,0,2
7,L_COUNTERFACTUAL_PATH,2,7|L_COUNTERFACTUAL_PATH|2,resp_05fff456798146b5006aa2f68c6ee087d2b8adb67cb0c4b4ae,468d3237fb1db461db692357f81d5297f703c8107a8169fb7105b1198213c5eb,0,0,0,1,1,0,0,2
8,A100_AUTHENTIC_FULL_PREFIX,0,8|A100_AUTHENTIC_FULL_PREFIX|0,resp_0157b8fa4e12726a006aa2f68d160887d2b040d275fb9feacb,b6447342e3b133a85a251fa42ee406e4f90f02bcbe2b87bec6f8af05b48ae97f,1,0,0,0,1,0,0,2
8,A100_AUTHENTIC_FULL_PREFIX,1,8|A100_AUTHENTIC_FULL_PREFIX|1,resp_093e380640d739bf006aa2f68d2b2487d28c5c336251905d59,41461b0198608920999bd19db9308057c5c55953025bf7372eee8021b49e6a57,1,0,0,1,1,0,0,3
8,A100_AUTHENTIC_FULL_PREFIX,2,8|A100_AUTHENTIC_FULL_PREFIX|2,resp_03f46cf0208556fd006aa2f68d68e087d2baf5ba44bbc429ba,ae6e2dd0bcd558064be8d3b669b5ea2d9ae5cfe82b6e4b0179fb6211d021d05d,0,0,0,0,1,0,0,1
8,A25_AUTHENTIC_DOSE,0,8|A25_AUTHENTIC_DOSE|0,resp_05fce91854e260a5006aa2f68dd30887d2b78c48b02d221209,085e15b8394def62b19beacb38d84f603fae417fc2e4179e0ef3d0684b5b5db8,0,0,0,0,0,0,0,0
8,A25_AUTHENTIC_DOSE,1,8|A25_AUTHENTIC_DOSE|1,resp_0638f6216514fb5a006aa2f68e0b8887d2a6e2426acdf82aec,925a8bf2587ebc94badd163b94b205793da759681810d770dc3b7ffb1fe1dd2f,0,0,0,1,0,0,0,1
8,A25_AUTHENTIC_DOSE,2,8|A25_AUTHENTIC_DOSE|2,resp_033444ab79d37947006aa2f68e9bf887d2830b6d9ca4f564ca,c37d3beb4397c5c4cfb15b30084faf4b6a44522132f8bd573ca655b6a433c8b6,0,0,0,0,0,1,0,1
8,A50_AUTHENTIC_DOSE,0,8|A50_AUTHENTIC_DOSE|0,resp_054344753c67932a006aa2f68ea73c87d2b5348b8009761647,423aa8d499e88ac1c5e3696e17dce2102e7bb286cf6a09fb748e63f373f8d3d4,0,0,0,0,0,0,0,0
8,A50_AUTHENTIC_DOSE,1,8|A50_AUTHENTIC_DOSE|1,resp_045dfa4ebc2e268a006aa2f68ec20887d2aa262e4541e9da95,e9ac947a37a1bf29dbdf169a7c423ee7f2af914bfa86f8b0746763722450a1e2,0,0,0,1,0,0,0,1
8,A50_AUTHENTIC_DOSE,2,8|A50_AUTHENTIC_DOSE|2,resp_0bfb8e7a8e05a460006aa2f68fd51887d2b248394c902a152c,e3b0c44298fc1c149afbf4c8996fb92427ae41e4649b934ca495991b7852b855,0,0,0,0,0,0,0,0
8,A75_AUTHENTIC_DOSE,0,8|A75_AUTHENTIC_DOSE|0,resp_0566fbd00bbd93e3006aa2f690a85c87d2b97b0562892cf0ce,6fce36b2f02e00c6375576112c22d6cf595bb38f2df23ecac4838d718f010961,0,0,0,1,1,0,0,2
8,A75_AUTHENTIC_DOSE,1,8|A75_AUTHENTIC_DOSE|1,resp_0287bb8715057693006aa2f690a0b087d2a566cab2cf06c1f2,2b460d2b6fd3ae86887659fe28569cd56ae8fbfc1f38bcbb8ccb716b9c1ddcfa,0,0,0,0,1,0,0,1
8,A75_AUTHENTIC_DOSE,2,8|A75_AUTHENTIC_DOSE|2,resp_0538551c5a92b1e9006aa2f690a2c487d2a76f258f11d0ffbb,a8e5c4b6dcf0b58ca530fa6455e74edfe3a96a3e1aa7752f7f125158f2079c35,0,0,0,0,0,0,0,0
8,B_TOPOLOGY_SHUFFLED,0,8|B_TOPOLOGY_SHUFFLED|0,resp_08ece12d94be265c006aa2f690d12887d2abbb569bad7032bc,3b84191a722320365bc4046f8a57d98cfbd0d25f062a085a88bd088b3c36f0f6,0,0,0,0,0,0,0,0
8,B_TOPOLOGY_SHUFFLED,1,8|B_TOPOLOGY_SHUFFLED|1,resp_0310f26329d40364006aa2f690e42487d2bcd2dbaf5dd55837,e3b0c44298fc1c149afbf4c8996fb92427ae41e4649b934ca495991b7852b855,0,0,0,0,0,0,0,0
8,B_TOPOLOGY_SHUFFLED,2,8|B_TOPOLOGY_SHUFFLED|2,resp_0c9d672cc7f46ea0006aa2f6910cbc87d2b07f5bba8a675eff,21a37576ed83c1d80647fcc29280c51388a488bdb20ec810bbf38b609fb06b49,0,0,0,0,0,0,0,0
8,C_ORDER_SHUFFLED,0,8|C_ORDER_SHUFFLED|0,resp_05e4333bc2d8df8f006aa2f6911aac87d2925b647cbae19f5d,e3b0c44298fc1c149afbf4c8996fb92427ae41e4649b934ca495991b7852b855,0,0,0,0,0,0,0,0
8,C_ORDER_SHUFFLED,1,8|C_ORDER_SHUFFLED|1,resp_015604774dec9ddb006aa2f691cf4087d2b3568117bbae003f,762140e93eb33f6d3d75a0b75e29e0d390e7ec83a276f1660481e6733719723b,0,0,0,0,0,0,0,0
8,C_ORDER_SHUFFLED,2,8|C_ORDER_SHUFFLED|2,resp_0473c252682de487006aa2f69207b887d2996ed58935a6e7de,6f0664139d07b7fd2f17bcd3fa2301b90e188edd2a2962f60466eb0777c2f029,0,0,0,0,1,1,0,2
8,D_DIRECTION_REVERSED,0,8|D_DIRECTION_REVERSED|0,resp_028d11dc23c14a5f006aa2f6924ffc87d28c94bf0a906640ef,d2729d3ec97524249bc13cc49453520ee21adf51a7808854b949f049e11913d7,1,0,0,1,0,0,0,2
8,D_DIRECTION_REVERSED,1,8|D_DIRECTION_REVERSED|1,resp_0bb5a85bf1f7e8f5006aa2f6931ff887d2b46b28926f8a3390,3b5222403b13c605f974d5054c831e7e27f28230b9c92c9cda981439377c9202,0,0,0,0,1,0,0,1
8,D_DIRECTION_REVERSED,2,8|D_DIRECTION_REVERSED|2,resp_06b8e4e2bdfef7f3006aa2f693c7f487d283bd833193d23f4a,1cdefd7bdcf9ab89b0e29c88957fdc5c75d3dd34c71896c33379ecbb74b73c26,0,0,0,0,0,0,0,0
8,E_META_CONTROL_ABLATED,0,8|E_META_CONTROL_ABLATED|0,resp_053af6789382a721006aa2f694373087d286bbec3c00a454a1,38c2c789f27bc4eec5d41b7ffbbd9524014506af5fa3af1a1d92b65b22d89dac,1,0,0,0,0,0,0,1
8,E_META_CONTROL_ABLATED,1,8|E_META_CONTROL_ABLATED|1,resp_0e8610960148e018006aa2f69471c887d2b23c95e802d12fb9,b0ce47f564a3d4fad0b880a7e39ce70e9e5fec504d07ed307d4b96a91e2dd3db,0,0,0,0,1,0,0,1
8,E_META_CONTROL_ABLATED,2,8|E_META_CONTROL_ABLATED|2,resp_0c6d85a487bebce1006aa2f6948b8887d28d6985d7c36257e9,9025577990fcdf74ecf52b398c1fa059405105e4ff0625f02b9f8fa4578ab91b,0,0,0,0,0,0,0,0
8,F_PRESERVATION_ABLATED,0,8|F_PRESERVATION_ABLATED|0,resp_06e72e24cf7c0a60006aa2f69493cc87d28b58c78f88e69de5,798414358ce3df88f6f7fb29f296af2a9c9777f50a110a6188612fd85894a39d,0,0,0,0,1,0,0,1
8,F_PRESERVATION_ABLATED,1,8|F_PRESERVATION_ABLATED|1,resp_0d34a36f24b3021f006aa2f695066487d2ac1e528cbb03edfa,a6f5e8e2aa8f314e58251aa89c710e2a303505b76a5eb55fcad1ed234ac151ef,1,0,0,0,0,0,0,1
8,F_PRESERVATION_ABLATED,2,8|F_PRESERVATION_ABLATED|2,resp_0811a738e980737e006aa2f694eb0087d29658d31c6f93ed13,724a0397b165fc0af0ce6d736db64839f5fca44ccb851991d954d29b924b2122,0,0,0,0,0,0,0,0
8,G_SURFACE_SUBSTITUTED,0,8|G_SURFACE_SUBSTITUTED|0,resp_0dfa8d617bab86d9006aa2f694d24887d2bb18662edbf376a8,e3b0c44298fc1c149afbf4c8996fb92427ae41e4649b934ca495991b7852b855,0,0,0,0,0,0,0,0
8,G_SURFACE_SUBSTITUTED,1,8|G_SURFACE_SUBSTITUTED|1,resp_0aa34124716ad30b006aa2f695895487d287c0532adc1aef23,e63fbf5ee2a5a5bac4c1629e93e37d291b0367199c80e56add8adf02e014591d,1,0,0,0,0,0,0,1
8,G_SURFACE_SUBSTITUTED,2,8|G_SURFACE_SUBSTITUTED|2,resp_0ab81d1891d515a3006aa2f695dee087d28fd26aa4bde3592b,4617532670e5aa759f9dd52ccdaef7b9669766e1a1c7f7ea014992363fe2dc6e,1,0,0,0,1,0,0,2
8,H_AUTHENTIC_PERTURBED,0,8|H_AUTHENTIC_PERTURBED|0,resp_0fe1a66d41466b12006aa2f695b03087d2a65d736a95e7d9f7,e3b0c44298fc1c149afbf4c8996fb92427ae41e4649b934ca495991b7852b855,0,0,0,0,0,0,0,0
8,H_AUTHENTIC_PERTURBED,1,8|H_AUTHENTIC_PERTURBED|1,resp_033efcd4e90683fc006aa2f6995c0087d2a0f3d58dc9053678,e3b0c44298fc1c149afbf4c8996fb92427ae41e4649b934ca495991b7852b855,0,0,0,0,0,0,0,0
8,H_AUTHENTIC_PERTURBED,2,8|H_AUTHENTIC_PERTURBED|2,resp_00dabfee2ecf5250006aa2f69781c487d28b5c19ffc01b3da5,e3b0c44298fc1c149afbf4c8996fb92427ae41e4649b934ca495991b7852b855,0,0,0,0,0,0,0,0
8,I_SHUFFLED_PERTURBED,0,8|I_SHUFFLED_PERTURBED|0,resp_036757347560419d006aa2f697c9a887d2822b2e18eb9ed3c3,24e310394ce0b4646331d4529646b785109a7a2387e4675352d11b04d6447454,0,0,0,0,1,0,0,1
8,I_SHUFFLED_PERTURBED,1,8|I_SHUFFLED_PERTURBED|1,resp_041731d87d0b6bb4006aa2f697db7087d2937fd25ed94d3fae,db52aace987f5bde991f63c3415626d8e2e4163c33576642951fad99dcb5b240,0,0,0,0,1,0,0,1
8,I_SHUFFLED_PERTURBED,2,8|I_SHUFFLED_PERTURBED|2,resp_04548556fdbc40a5006aa2f698251887d28482852d6f16154b,3fc3e9e967198fe82b27fd15b65b396bae3ae39ed9e7c7f1d0630524511c222b,1,0,0,0,1,1,1,4
8,J_RECURSION_CONTROL,0,8|J_RECURSION_CONTROL|0,resp_06f570f1903d1d73006aa2f69836ec87d297a4b458f4e2891f,8714d58354453f84a3586f77ae38f03d814f55209c31f162eb129e2ad4b21660,0,0,0,0,0,0,0,0
8,J_RECURSION_CONTROL,1,8|J_RECURSION_CONTROL|1,resp_0a0950dcd48d9d61006aa2f69876d487d28ab4f33d3daf7ee3,365ee6017365d02b9017ca66c3d962dfa3d34c780ab4d4b1afd379bdb6a953ba,0,0,0,0,0,0,0,0
8,J_RECURSION_CONTROL,2,8|J_RECURSION_CONTROL|2,resp_00bd25de1332d90d006aa2f698af5487d2a8020af87681d38e,e3b0c44298fc1c149afbf4c8996fb92427ae41e4649b934ca495991b7852b855,0,0,0,0,0,0,0,0
8,K_COMPLEXITY_CONTROL,0,8|K_COMPLEXITY_CONTROL|0,resp_07b0bb962f6331b8006aa2f699ff0487d29f3ee32b2a5c2012,b00a58f87ba1c0098185313c3366f8d74966a477e0f19a6c0f8a73b099e8950e,0,0,0,0,1,0,0,1
8,K_COMPLEXITY_CONTROL,1,8|K_COMPLEXITY_CONTROL|1,resp_081e761b345abb30006aa2f698da2c87d2ab1d6a3878367c56,14c93a188b318e4315768fe2fa8367f113f3e8ec5f104873099fd88b37e8314d,0,0,0,0,0,0,0,0
8,K_COMPLEXITY_CONTROL,2,8|K_COMPLEXITY_CONTROL|2,resp_0edd9ee9d459b28d006aa2f6996e1487d2b8448760fb0dbc1b,eca4986bcedb31e3db8575facc81f95a978fd3d9e39dd2ae92f95d5992205005,0,0,0,0,0,0,0,0
8,L_COUNTERFACTUAL_PATH,0,8|L_COUNTERFACTUAL_PATH|0,resp_0ab67908527f6e44006aa2f699801887d2afc6470dec978639,e3b0c44298fc1c149afbf4c8996fb92427ae41e4649b934ca495991b7852b855,0,0,0,0,0,0,0,0
8,L_COUNTERFACTUAL_PATH,1,8|L_COUNTERFACTUAL_PATH|1,resp_0b2cb53b87316e01006aa2f69b360887d287b7371365434208,1694f715e41ad26fad37a1b6226daa44d335624bf23f4f5f6f3e07350bbdde3d,0,0,0,0,0,0,0,0
8,L_COUNTERFACTUAL_PATH,2,8|L_COUNTERFACTUAL_PATH|2,resp_00c91e9c265ce299006aa2f69bd16487d297e00b75eeed9eda,041b6a13c3c2fd6698208d2e663be4d3e9840f33a2dc6207f90bcacd84096941,0,0,0,1,0,0,0,1
9,A100_AUTHENTIC_FULL_PREFIX,0,9|A100_AUTHENTIC_FULL_PREFIX|0,resp_0c7e2143ada0d892006aa2f69bfba087d2bf7bdb96d02b0987,80f7fecb4c9901254bb77efde68d9d3f46dc1bdcb797160d5b50884e9d548d51,0,0,0,1,1,0,0,2
9,A100_AUTHENTIC_FULL_PREFIX,1,9|A100_AUTHENTIC_FULL_PREFIX|1,resp_0a48da20148d0e8f006aa2f69c451c87d2b5d82d9c7cf4c56b,d01de9b8a02759e04eacebffb2f7a01296c0120ca6bc5fd725e8d3b49a1a260c,0,0,0,0,1,0,0,1
9,A100_AUTHENTIC_FULL_PREFIX,2,9|A100_AUTHENTIC_FULL_PREFIX|2,resp_0917d16bf4683bee006aa2f69c4acc87d290e556955370f726,d47fb946de758e2a7f03fbd7966b7cc4985d851889cba89ce383a9c63b3f4dda,0,0,1,0,1,0,0,2
9,A25_AUTHENTIC_DOSE,0,9|A25_AUTHENTIC_DOSE|0,resp_0d363a42252a3043006aa2f69c9f7487d2976b865937ec2c6d,d84cde46ef5c77406f4000e8c8f3977f0cb74341900b47bfb7dafbbce5ff568f,0,0,0,0,0,0,0,0
9,A25_AUTHENTIC_DOSE,1,9|A25_AUTHENTIC_DOSE|1,resp_0ca429b21dd23abf006aa2f69cb1ac87d2be53ede0b0505bfc,8ba352dc77cd86164dfd96f6baaffb079c98e0b520de0cab41638adc299aa8e6,1,0,0,0,0,0,0,1
9,A25_AUTHENTIC_DOSE,2,9|A25_AUTHENTIC_DOSE|2,resp_01bb2654e5c291b0006aa2f69cb9bc87d2a96c3b3010ff63f0,c282dd085c1aa3b9365d4da7d42b1f31e3240a6944faa79f7af74f6bab74a4e5,1,0,0,0,0,0,0,1
9,A50_AUTHENTIC_DOSE,0,9|A50_AUTHENTIC_DOSE|0,resp_03794e09c6c185d8006aa2f69cbec487d28bce3f9e041633bf,00d57d14f308967bd6b7985776deb4c44f4778a878b891bb628ac922c286db65,0,0,0,0,1,0,0,1
9,A50_AUTHENTIC_DOSE,1,9|A50_AUTHENTIC_DOSE|1,resp_0eb96dd3b894d493006aa2f69e3e3c87d2af86f88fb7b5e6aa,c22a9768800375edf19d160133d581ac89979886ae02bf658d5c2bd7da6350f7,0,0,0,0,0,0,0,0
9,A50_AUTHENTIC_DOSE,2,9|A50_AUTHENTIC_DOSE|2,resp_0a1af3115a01e91f006aa2f69f0af887d28987d481f1325568,e3b0c44298fc1c149afbf4c8996fb92427ae41e4649b934ca495991b7852b855,0,0,0,0,0,0,0,0
9,A75_AUTHENTIC_DOSE,0,9|A75_AUTHENTIC_DOSE|0,resp_013425f49408adcd006aa2f69f3a7487d2872ad002fdc6c6fe,4df65a9a667ff9d9c2d7b5f55e0b42da0f908e2662b3f7d12fe814400300a718,0,0,0,0,0,0,0,0
9,A75_AUTHENTIC_DOSE,1,9|A75_AUTHENTIC_DOSE|1,resp_005a486ad4044edc006aa2f69fcdd487d2b0d0e1b053a825d7,e3b0c44298fc1c149afbf4c8996fb92427ae41e4649b934ca495991b7852b855,0,0,0,0,0,0,0,0
9,A75_AUTHENTIC_DOSE,2,9|A75_AUTHENTIC_DOSE|2,resp_032c4d0e2d3d92e0006aa2f69feffc87d285e3e3e42ff5c433,e3b0c44298fc1c149afbf4c8996fb92427ae41e4649b934ca495991b7852b855,0,0,0,0,0,0,0,0
9,B_TOPOLOGY_SHUFFLED,0,9|B_TOPOLOGY_SHUFFLED|0,resp_05f63fd82db62fd3006aa2f6a06ad887d2a457dfeea2423569,ad3c11504d087d051f01d0c654f29db087d08ccdaec45cd3759f324c3f9a14b7,0,0,0,0,1,0,0,1
9,B_TOPOLOGY_SHUFFLED,1,9|B_TOPOLOGY_SHUFFLED|1,resp_0df7d50d0c7de953006aa2f6a064d487d29e17afcf085d4f0c,01688c62c12f5663a372fefb8c0e141f4914bbe04037579e9c7d35b0696cf78f,0,0,0,0,0,0,0,0
9,B_TOPOLOGY_SHUFFLED,2,9|B_TOPOLOGY_SHUFFLED|2,resp_00992b3208bce607006aa2f6a087b487d2ae753ca99ab6605f,3672e81d2a00ecb2cb494f8207a689daf2b92882c91685db0d71fd3afb835687,0,0,0,0,0,0,0,0
9,C_ORDER_SHUFFLED,0,9|C_ORDER_SHUFFLED|0,resp_03cc829a9f99f5be006aa2f6a06e1087d28585b416ae4561f0,421d5cd21e8c501eb54e79e804e90dccc8e44ae64983652330caf700c6c69437,0,0,0,0,1,0,0,1
9,C_ORDER_SHUFFLED,1,9|C_ORDER_SHUFFLED|1,resp_03132eaf78612b33006aa2f6a0a31087d28c474af1f95f7301,e3b0c44298fc1c149afbf4c8996fb92427ae41e4649b934ca495991b7852b855,0,0,0,0,0,0,0,0
9,C_ORDER_SHUFFLED,2,9|C_ORDER_SHUFFLED|2,resp_0a25744af5b1c09b006aa2f6a0bc1087d2910dfdc5895f26dd,e3b0c44298fc1c149afbf4c8996fb92427ae41e4649b934ca495991b7852b855,0,0,0,0,0,0,0,0
9,D_DIRECTION_REVERSED,0,9|D_DIRECTION_REVERSED|0,resp_0f4b233b4e392e0d006aa2f6a1b90887d296e9e48474d54acb,ec7106f026cf79df8dc9889a7f9ea0b76398560a2d56ced6855394c645919cdc,1,0,0,0,0,0,0,1
9,D_DIRECTION_REVERSED,1,9|D_DIRECTION_REVERSED|1,resp_06297543d2edfec3006aa2f6a2507c87d2a5f2b68586b0e3ee,dd8c770b0fdfd86bf1f6c6f622592e1b8b92ff1ff24ef9c42003f144150fe5c3,0,0,0,0,1,0,0,1
9,D_DIRECTION_REVERSED,2,9|D_DIRECTION_REVERSED|2,resp_0e093e3b6d3d7b02006aa2f6a255b487d2b0ef9278aad1f1d5,1ba851bd9f9fb5ee9dab9a25ff1d939f5e63b2d3d798e947551db8e227eb3e08,0,0,0,0,0,0,0,0
9,E_META_CONTROL_ABLATED,0,9|E_META_CONTROL_ABLATED|0,resp_0f06677187ecefac006aa2f6a2eefc87d294389328957c049e,a34d14ab8a11da45cd28f209fa3ee9cf1a307c7507e0a5b610e4547df67d0a4f,0,0,0,0,0,0,0,0
9,E_META_CONTROL_ABLATED,1,9|E_META_CONTROL_ABLATED|1,resp_0d81c0418d0040f1006aa2f6a2fd1487d28f9b14af98eae66a,e3b0c44298fc1c149afbf4c8996fb92427ae41e4649b934ca495991b7852b855,0,0,0,0,0,0,0,0
9,E_META_CONTROL_ABLATED,2,9|E_META_CONTROL_ABLATED|2,resp_01098fd3bd4365de006aa2f6a4079887d29d955133b58f4d16,86707490901250af7d685cb4d18f9eaf36ab331dc046e3d9fa4fe0eea6ed15db,0,0,0,0,1,0,0,1
9,F_PRESERVATION_ABLATED,0,9|F_PRESERVATION_ABLATED|0,resp_0b0582836d1ba529006aa2f6a40b4c87d2a344ba6221e6ddf4,602135ede338f6028afdf30ba549c0c37d1ccf4161a3ad93a7af45de85462340,0,0,0,0,0,0,0,0
9,F_PRESERVATION_ABLATED,1,9|F_PRESERVATION_ABLATED|1,resp_017f3dd329c77fba006aa2f6a40da887d288b0cdf82093e755,43b36867958f2659782f52c178de9da47431615426f868eb32ee4858972c9379,0,0,0,0,0,0,0,0
9,F_PRESERVATION_ABLATED,2,9|F_PRESERVATION_ABLATED|2,resp_06bfd55aaad083fe006aa2f6a4177487d28a5ea87588ab7ab5,040a8ba2f4686dc5a4224520d582c002b9483e8406555f82d05799a2bdfcac68,0,0,0,0,0,0,0,0
9,G_SURFACE_SUBSTITUTED,0,9|G_SURFACE_SUBSTITUTED|0,resp_0e3132dbf69377e4006aa2f6a4770087d2b9dffa3d52a2010e,e3b0c44298fc1c149afbf4c8996fb92427ae41e4649b934ca495991b7852b855,0,0,0,0,0,0,0,0
9,G_SURFACE_SUBSTITUTED,1,9|G_SURFACE_SUBSTITUTED|1,resp_053951a9cfec1a59006aa2f6a4cb8487d2b6c8c524b94aaf02,e3b0c44298fc1c149afbf4c8996fb92427ae41e4649b934ca495991b7852b855,0,0,0,0,0,0,0,0
9,G_SURFACE_SUBSTITUTED,2,9|G_SURFACE_SUBSTITUTED|2,resp_044dd69f8e85a4a8006aa2f6a52be487d28476707bfc965892,e3b0c44298fc1c149afbf4c8996fb92427ae41e4649b934ca495991b7852b855,0,0,0,0,0,0,0,0
9,H_AUTHENTIC_PERTURBED,0,9|H_AUTHENTIC_PERTURBED|0,resp_0121dd48efcd40d7006aa2f6a55af487d2a27b9e18e330cb0e,e3b0c44298fc1c149afbf4c8996fb92427ae41e4649b934ca495991b7852b855,0,0,0,0,0,0,0,0
9,H_AUTHENTIC_PERTURBED,1,9|H_AUTHENTIC_PERTURBED|1,resp_02fe928a01630bd9006aa2f6a648c487d29989efcb7f36dc25,e3b0c44298fc1c149afbf4c8996fb92427ae41e4649b934ca495991b7852b855,0,0,0,0,0,0,0,0
9,H_AUTHENTIC_PERTURBED,2,9|H_AUTHENTIC_PERTURBED|2,resp_0166df2e61280856006aa2f6a6448887d2aee60c787bc6694c,e3b0c44298fc1c149afbf4c8996fb92427ae41e4649b934ca495991b7852b855,0,0,0,0,0,0,0,0
9,I_SHUFFLED_PERTURBED,0,9|I_SHUFFLED_PERTURBED|0,resp_0adb5716a7c338d1006aa2f6a6f9e487d28449eaa0705fefe7,3b2669b7b3b49649aa837e14de08e3978d09bc3f72435ead590fa6895f0eeca4,0,0,0,0,1,0,0,1
9,I_SHUFFLED_PERTURBED,1,9|I_SHUFFLED_PERTURBED|1,resp_06b4308a92390159006aa2f6a73d4c87d2bc5ed62007339cad,75165bd1c763bb1cff1e89c78d7618a3229ddc90d6fa5acb2bfe8ccf1cbe1715,0,0,0,0,0,0,0,0
9,I_SHUFFLED_PERTURBED,2,9|I_SHUFFLED_PERTURBED|2,resp_06250f1a2a310e47006aa2f6a7761c87d28fe402954d623bce,70bc66a279db0a2fd15028a9a3a3e52b6a550b07b1db73e5d9f38674c4ce9078,0,0,0,0,0,0,0,0
9,J_RECURSION_CONTROL,0,9|J_RECURSION_CONTROL|0,resp_07f08d47ae051bd1006aa2f6a7b6b887d2b1dd9e2da89974f4,fdf9d9763c9fac6c0176845415813a444511aaaecd69692c4c9e92587afa557e,0,0,0,0,0,0,0,0
9,J_RECURSION_CONTROL,1,9|J_RECURSION_CONTROL|1,resp_0b77197764325823006aa2f6a7e3b487d2bbadd3665ab67d94,27cae2343d144f77b9f5ad55d2163496831d968c2e6337ff44c64cd0f76cfde6,0,0,0,0,0,0,0,0
9,J_RECURSION_CONTROL,2,9|J_RECURSION_CONTROL|2,resp_03458513a508993b006aa2f6a7d5fc87d28fa0901f17b7d4ff,67174424681db950301ab13a2045d353eb3121bc5bacdaf816aabb5b50b8764d,0,0,0,0,0,0,0,0
9,K_COMPLEXITY_CONTROL,0,9|K_COMPLEXITY_CONTROL|0,resp_0d3f5933877620fd006aa2f6a8420487d2a635d9db10aa56a9,f0af82368e162bf26576126afe1423e598d6c587fe1e1c22a98ac0ecf0adf41a,0,0,0,1,1,0,0,2
9,K_COMPLEXITY_CONTROL,1,9|K_COMPLEXITY_CONTROL|1,resp_02579ad9a1a07a97006aa2f6a87e3c87d28cf8673a41bbbafe,51c52d208eab7f8fc8d7f65225ce0697854bd1e141d319a676ff4a5504c7a0af,0,0,0,0,0,0,0,0
9,K_COMPLEXITY_CONTROL,2,9|K_COMPLEXITY_CONTROL|2,resp_0b3896980ce821ab006aa2f6a89dc487d2a34db86afe6e01e3,97c1901bc38003ed1dd731dbc924cc5ce1f00fc7d159af2c50e441a0d1d2ddd3,0,0,0,1,0,0,0,1
9,L_COUNTERFACTUAL_PATH,0,9|L_COUNTERFACTUAL_PATH|0,resp_0787c32fd4faa81f006aa2f6a8bb1c87d29e8937a89612ebeb,e3b0c44298fc1c149afbf4c8996fb92427ae41e4649b934ca495991b7852b855,0,0,0,0,0,0,0,0
9,L_COUNTERFACTUAL_PATH,1,9|L_COUNTERFACTUAL_PATH|1,resp_064a039893323f9b006aa2f6a958b487d2b722af4fda90581a,e3b0c44298fc1c149afbf4c8996fb92427ae41e4649b934ca495991b7852b855,0,0,0,0,0,0,0,0
9,L_COUNTERFACTUAL_PATH,2,9|L_COUNTERFACTUAL_PATH|2,resp_0eb8cefa8a78cff6006aa2f6aa117887d298eeb08f9432014c,e3b0c44298fc1c149afbf4c8996fb92427ae41e4649b934ca495991b7852b855,0,0,0,0,0,0,0,0
10,A100_AUTHENTIC_FULL_PREFIX,0,10|A100_AUTHENTIC_FULL_PREFIX|0,resp_0861229abc4ef6cd006aa2f6aa679087d2942c374230298f95,1eac887a2b5e93b5da8d362545c23054b3ead103766b73a504156015a8230cdc,0,0,0,0,1,0,0,1
10,A100_AUTHENTIC_FULL_PREFIX,1,10|A100_AUTHENTIC_FULL_PREFIX|1,resp_08aafa6e18137417006aa2f6aad49c87d29e95f59532b37d73,87f5b02e6f445c5e41545d91a683e2afb4f4dbd98c15cd6246f97127140ba034,0,0,0,0,1,0,0,1
10,A100_AUTHENTIC_FULL_PREFIX,2,10|A100_AUTHENTIC_FULL_PREFIX|2,resp_0dc420d615965062006aa2f6ab06a087d2a964413db1deea9b,0b3d76091b5164a9f608de1e995be25d7f830eda80ac6c429e56b46b09eb012f,1,0,0,0,1,0,0,2
10,A25_AUTHENTIC_DOSE,0,10|A25_AUTHENTIC_DOSE|0,resp_051e7c3f01e8fba2006aa2f6ab0ef487d280804665db293c1f,9be77301fa7dfd97f1143716eba833376f1970be52071ebaf1b9893eeed029d5,0,0,0,0,1,0,0,1
10,A25_AUTHENTIC_DOSE,1,10|A25_AUTHENTIC_DOSE|1,resp_09a46971211eb956006aa2f6ab1d7087d280b730b5f2fde493,25eb3a36fcf299ef02efc95274b509802cd5c3db249172d847d8a30445e7ae34,0,0,0,0,0,0,0,0
10,A25_AUTHENTIC_DOSE,2,10|A25_AUTHENTIC_DOSE|2,resp_0309c712ccbc62f9006aa2f6aba6c087d2b1e1d1772f51b23b,69f81b1ec8e6dd9d54c7b1163c4cfa0c884969668c6aadbb85ed546404c8fd48,0,0,0,0,0,0,0,0
10,A50_AUTHENTIC_DOSE,0,10|A50_AUTHENTIC_DOSE|0,resp_0752e4d51e20449b006aa2f6ac00a487d2bf4cf8ee391fb8f8,e3b0c44298fc1c149afbf4c8996fb92427ae41e4649b934ca495991b7852b855,0,0,0,0,0,0,0,0
10,A50_AUTHENTIC_DOSE,1,10|A50_AUTHENTIC_DOSE|1,resp_00752558234d11ec006aa2f6ac463487d2955562a92d379a3a,569b34860c87535862512d0b937c85d2e7da99c4df4d398024c6f9872aebdf84,0,0,0,0,0,0,0,0
10,A50_AUTHENTIC_DOSE,2,10|A50_AUTHENTIC_DOSE|2,resp_0a3db31ad409a4f8006aa2f6ac4ac487d2bdca87371651f00b,8bc492b7e707541616bb5484919f434ac8cca566fff4dfbf911fda024ca61147,0,0,0,0,0,0,0,0
10,A75_AUTHENTIC_DOSE,0,10|A75_AUTHENTIC_DOSE|0,resp_000c1fdc795f9f2c006aa2f6ac5fa887d2b7f1ce1b794df709,1bb49620ccf5396395c277a261ab9bf94e6df113829b978f930958920beb94d8,0,0,0,0,1,0,0,1
10,A75_AUTHENTIC_DOSE,1,10|A75_AUTHENTIC_DOSE|1,resp_06ec26828c3496b9006aa2f6acfd0887d2919b833af05eaeb0,b6240a07471e7f9c3bb3b8287796308b8e9dc8b52f3d8740c05f154b66c3a7c0,0,0,0,0,1,0,0,1
10,A75_AUTHENTIC_DOSE,2,10|A75_AUTHENTIC_DOSE|2,resp_0c8f661d768a0d39006aa2f6adee8c87d289cd1384ca4ca9ff,05205da509a2b39e342a2aca0346d28044c0b5f8d7fd24d284488e5f64056c16,0,0,0,0,1,0,0,1
10,B_TOPOLOGY_SHUFFLED,0,10|B_TOPOLOGY_SHUFFLED|0,resp_036f5f28cce958b2006aa2f6adf0b487d2b08ca88323443370,e3b0c44298fc1c149afbf4c8996fb92427ae41e4649b934ca495991b7852b855,0,0,0,0,0,0,0,0
10,B_TOPOLOGY_SHUFFLED,1,10|B_TOPOLOGY_SHUFFLED|1,resp_023711b2d36a0001006aa2f6ae6cac87d29c91e6b3a4094320,2305336a70a85f7f4b1f8d6f7a4a0efe9bbd8f5b7e90c211b1cb445cf9d98bc2,0,0,0,1,1,0,0,2
10,B_TOPOLOGY_SHUFFLED,2,10|B_TOPOLOGY_SHUFFLED|2,resp_0b63ad00095746fe006aa2f6ae9f9887d2a55758587a7e6c3c,abde222e04f7c5e6bddd26dffde54dbf3210dc5d2a44dc32dbdc81f51aa71800,0,0,0,0,0,0,0,0
10,C_ORDER_SHUFFLED,0,10|C_ORDER_SHUFFLED|0,resp_09fb0867a8c727a7006aa2f6af102887d2ba68a5735eb7d775,c37b3d15871f35ed550aecf66c2dead4399ceb2a1d88acdfe430d14c582e7f26,0,0,0,0,1,0,0,1
10,C_ORDER_SHUFFLED,1,10|C_ORDER_SHUFFLED|1,resp_078ac7a469d32b4d006aa2f6af160487d2be900707a9e0b48d,6763fe93f9897e8e144aba525d752284eb629878f57ebd94b08e5ca2016417fb,0,0,0,0,1,0,0,1
10,C_ORDER_SHUFFLED,2,10|C_ORDER_SHUFFLED|2,resp_050765480f671cfc006aa2f6af458c87d2ac6df816ab80c1da,09c225d7bc2de3c1069b33be485f9c818592530d65b2ba70b0eb46873cbe1ab0,0,0,0,0,1,1,0,2
10,D_DIRECTION_REVERSED,0,10|D_DIRECTION_REVERSED|0,resp_0a0e31112c899358006aa2f6af865487d29e60312136309168,7dc9d2345e8dee3b83d86df311d2b4ca6338ab5701e9c3ce6f9102e3abafb90c,0,0,0,0,1,0,0,1
10,D_DIRECTION_REVERSED,1,10|D_DIRECTION_REVERSED|1,resp_0f6a4140325e149b006aa2f6afe12487d29f587a676363212c,eee956b7712bc51a5cd3ae89c0094221faa6fbf4798922d64044d3615cb73238,0,0,0,0,1,0,0,1
10,D_DIRECTION_REVERSED,2,10|D_DIRECTION_REVERSED|2,resp_0482bef36b28538f006aa2f6affccc87d296103afed9114da7,01a81e4328e77c30f4ab44316cbbec7793eb706b3b5688b61fb0a24fe5e809a2,0,0,0,0,0,0,0,0
10,E_META_CONTROL_ABLATED,0,10|E_META_CONTROL_ABLATED|0,resp_059398c7fc65d054006aa2f6b0132487d2b4a174a3951da9a7,f90f3b747f18f20e398402b69412a52b2b719434486ac65b4547d176b4c9ab6d,0,0,0,0,1,0,0,1
10,E_META_CONTROL_ABLATED,1,10|E_META_CONTROL_ABLATED|1,resp_0ea95fa13be883ca006aa2f6b1074c87d28c7e0ce6576dc39e,21ede5703e26f0ae6d4f67804239142c6851d468d3530989e5d1e02602cc8e95,1,0,0,0,1,0,1,3
10,E_META_CONTROL_ABLATED,2,10|E_META_CONTROL_ABLATED|2,resp_0706ea8c680b3b86006aa2f6b1420487d2b9e649bddb31a065,8a77324c8da3f9cc1270b7fb8dce404eaea89460b2594f625e65017050654707,0,0,0,0,1,0,0,1
10,F_PRESERVATION_ABLATED,0,10|F_PRESERVATION_ABLATED|0,resp_067a5930e6b9f62a006aa2f6b1b95887d290c87374f67ea2f8,818c1a436b982af19082779eff9bad89cde96e78fb4fc99447d6e970a6db596e,0,0,1,0,0,0,0,1
10,F_PRESERVATION_ABLATED,1,10|F_PRESERVATION_ABLATED|1,resp_0553bea138bd7354006aa2f6b24ae887d2b11661d30db29411,35c8ed08101120ffec2aa0e4fdc64157ea3034904f7c3a5dfd7e2c30076d6355,0,0,0,0,0,1,0,1
10,F_PRESERVATION_ABLATED,2,10|F_PRESERVATION_ABLATED|2,resp_097dbe55303da8b1006aa2f6b2596487d2b06fdce2aefd0c03,c6042c866cc7009af679a1602b54fa6091a5760d693c380364548005a42a5e00,0,0,0,0,0,0,0,0
10,G_SURFACE_SUBSTITUTED,0,10|G_SURFACE_SUBSTITUTED|0,resp_0b0c4147fc077129006aa2f6b2b26887d28f88acc69b9053fa,de6acee49c169bad43c484ef194ac4b53955119a6653f3c2c0ebf5d4fbee4a25,0,0,0,0,1,0,0,1
10,G_SURFACE_SUBSTITUTED,1,10|G_SURFACE_SUBSTITUTED|1,resp_09adb30710026bcc006aa2f6b2e13c87d28391cbf99c523ebf,6a9fa8a89049d5fcc9fbd113109074005bc21156cca9db17961e128f255bb2eb,0,0,0,0,1,0,0,1
10,G_SURFACE_SUBSTITUTED,2,10|G_SURFACE_SUBSTITUTED|2,resp_0ea274c39bde55fe006aa2f6b2f31487d2bce40a6767da28fe,7d1f3398f1425bd694dfa2faffaede7baf6ff5d8c8ea7995fc1d632009caeb67,0,0,0,0,0,0,0,0
10,H_AUTHENTIC_PERTURBED,0,10|H_AUTHENTIC_PERTURBED|0,resp_0ea841dfc98c9ba8006aa2f6b34bb887d2b1a89133fe6373e1,741efe1b599a4b6aaf3598891e2fc70bd27f7f82142add3dd37a72e6b6778e1c,0,0,0,0,1,0,0,1
10,H_AUTHENTIC_PERTURBED,1,10|H_AUTHENTIC_PERTURBED|1,resp_01fd127344590a56006aa2f6b3747c87d2b984abc047361b52,cca98e6e1d1c5277d943dd057f49544a76137a25d646d3c0072da78c1d7e1f0a,0,0,0,0,0,0,0,0
10,H_AUTHENTIC_PERTURBED,2,10|H_AUTHENTIC_PERTURBED|2,resp_0b55eecffc397566006aa2f6b3834887d28b9e91fb3f889808,e3b0c44298fc1c149afbf4c8996fb92427ae41e4649b934ca495991b7852b855,0,0,0,0,0,0,0,0
10,I_SHUFFLED_PERTURBED,0,10|I_SHUFFLED_PERTURBED|0,resp_0448644f7c627da1006aa2f6b39c8c87d28768742e96125a99,e8528264457f51e7bce631e0fe0da74c8dd51c4828723248a19a46bb40652b0e,0,0,0,0,0,0,0,0
10,I_SHUFFLED_PERTURBED,1,10|I_SHUFFLED_PERTURBED|1,resp_0963e2885ff363bb006aa2f6b4038087d2b952dd916ea3d509,e3b0c44298fc1c149afbf4c8996fb92427ae41e4649b934ca495991b7852b855,0,0,0,0,0,0,0,0
10,I_SHUFFLED_PERTURBED,2,10|I_SHUFFLED_PERTURBED|2,resp_0f73b4772c1391cb006aa2f6b4572487d2a1de61fe97da0c7b,e3b0c44298fc1c149afbf4c8996fb92427ae41e4649b934ca495991b7852b855,0,0,0,0,0,0,0,0
10,J_RECURSION_CONTROL,0,10|J_RECURSION_CONTROL|0,resp_08dbe0b43f4db5f8006aa2f6b4feb887d2837bbaef185bb746,e5a51b0651432210538e43c61d0de563af45d0619624ed76bb9f3bf9e0931b34,0,0,0,0,0,0,0,0
10,J_RECURSION_CONTROL,1,10|J_RECURSION_CONTROL|1,resp_0412fc64781bfe40006aa2f6b56fdc87d2a95d906b5822d79c,33eccadcf2d02767df1ad34b77f29bd019a536a64feb5bc3683682662cd253e9,0,0,0,0,0,0,0,0
10,J_RECURSION_CONTROL,2,10|J_RECURSION_CONTROL|2,resp_0c19ab18d4983e26006aa2f6b5e67887d2a6cb63b4fba9a2b4,533fe603d60711ec16159cd838e3b8d68bdcaa24122c1abd2fc764b191297da7,0,0,0,0,0,0,0,0
10,K_COMPLEXITY_CONTROL,0,10|K_COMPLEXITY_CONTROL|0,resp_09f70a84c3f46f9a006aa2f6b6a02487d2975ff8f602617a49,39e8e8fec449cee823862732aebde30bc74eb44b9aed5232fa58871530d40f73,0,0,0,0,0,0,0,0
10,K_COMPLEXITY_CONTROL,1,10|K_COMPLEXITY_CONTROL|1,resp_0b47e34f432308c1006aa2f6b6932487d2a56dc26c266a2f8e,7ebaed16ec9ad1213d7de25480b7bc64204dcc31716fb3c498f63a30ea28bec6,0,0,0,0,0,0,0,0
10,K_COMPLEXITY_CONTROL,2,10|K_COMPLEXITY_CONTROL|2,resp_0add7bca7069178f006aa2f6b692ac87d2b97cb62a92d61ac6,a5494feb1846ffff0bc6f0fb1ee1befa48f1dd5e4cbe03d03341ffbcc91e509e,0,0,0,0,0,0,0,0
10,L_COUNTERFACTUAL_PATH,0,10|L_COUNTERFACTUAL_PATH|0,resp_0f4b09c707931fbb006aa2f6b6e1bc87d2bcde6ee9931ec555,77f5e32b8403e9eb2d1f1d3c10340228231a28d6c1e56b3f5353b0d59c5608fb,0,0,0,1,0,0,0,1
10,L_COUNTERFACTUAL_PATH,1,10|L_COUNTERFACTUAL_PATH|1,resp_0b5ada39331fbaaa006aa2f6b6f4bc87d2ae21f1aeb264bd9a,b60fc33a167d950fec961217e1a83d2253b0fdb6b7c5f9ef0a2b674e4ba0c1b0,0,0,0,1,0,0,0,1
10,L_COUNTERFACTUAL_PATH,2,10|L_COUNTERFACTUAL_PATH|2,resp_005497c27df5e786006aa2f6b7525087d2b0279f21fb1229de,712ef1e679cf9d581da35c50c8eecc0ad0fc77752b7a656826b698d5938c0c9d,0,0,1,0,0,0,0,1
11,A100_AUTHENTIC_FULL_PREFIX,0,11|A100_AUTHENTIC_FULL_PREFIX|0,resp_0da25680c18395fc006aa2f6b7b56887d2893e58ac9e4c71b9,2601c79ba1d8ed3d79f9877bebdd18375e5feab1c7feb54669ea9f128216f7d9,0,0,0,0,1,0,0,1
11,A100_AUTHENTIC_FULL_PREFIX,1,11|A100_AUTHENTIC_FULL_PREFIX|1,resp_0fc4fedff41d57f6006aa2f6b7ce0087d28ae4dad87212caec,159d2ab55bb1dcb48e7e1406c7da42732eb35f938366804b3e2151f7d9b005cb,0,0,0,0,1,1,0,2
11,A100_AUTHENTIC_FULL_PREFIX,2,11|A100_AUTHENTIC_FULL_PREFIX|2,resp_0e27b031dd070b45006aa2f6b7fcd887d299e411d1c0935644,400564d30f0f562b7331591a61d2158f5665c2a739aa3c0113cc23a6296cb79c,0,0,0,0,1,0,0,1
11,A25_AUTHENTIC_DOSE,0,11|A25_AUTHENTIC_DOSE|0,resp_061d1b161d9e873f006aa2f6b88f7087d28c8cc3691ecb02ae,c6872563c4373a6021487a3172c638525ed7be5b3fe608aec94ebd96d52da3bd,0,0,0,0,1,0,0,1
11,A25_AUTHENTIC_DOSE,1,11|A25_AUTHENTIC_DOSE|1,resp_004e380842c8ff88006aa2f6b8d12887d28672204b487e3231,16afde2603615fb4e52e7b15cc5cff1e03d5b53d03f41d9a24233de400dda424,0,0,0,0,1,0,0,1
11,A25_AUTHENTIC_DOSE,2,11|A25_AUTHENTIC_DOSE|2,resp_09bdd2b62bb55a09006aa2f6b9227887d2ad6029e78ce6eb93,f7ef0f72c904aabad6376a7468562788ed94aa45b59f9a3955d07ea7a9ece2ba,0,0,0,0,1,1,0,2
11,A50_AUTHENTIC_DOSE,0,11|A50_AUTHENTIC_DOSE|0,resp_02e81a42d21deb52006aa2f6ba161087d29c85bf1a6d7e5313,edd5c09101e956796f01a02de3b739607a5169c52132ae44846153b3b62efd16,0,0,0,0,0,0,0,0
11,A50_AUTHENTIC_DOSE,1,11|A50_AUTHENTIC_DOSE|1,resp_0d090b4dc0faab38006aa2f6ba3bac87d2a85336319bbfe1b2,84f3d9d0d7467aa67b79fb4a42e9f256b18b12a6f666d72950c850207924a707,0,0,1,0,1,1,0,3
11,A50_AUTHENTIC_DOSE,2,11|A50_AUTHENTIC_DOSE|2,resp_01c2933b512398d4006aa2f6ba346487d2a4078a86c963ca4c,969965758d11404dca6eb35c4090b2ae23a98ee43c2e748299b3f97e41b03cf6,0,0,0,0,1,0,0,1
11,A75_AUTHENTIC_DOSE,0,11|A75_AUTHENTIC_DOSE|0,resp_0dfb1bf59ffbe3f5006aa2f6ba800887d2b53818fcaccc4733,ef59d03a436da562a53ac22c8ba18c48f413eba8d246cf85627730b5018ede06,0,0,0,0,1,0,0,1
11,A75_AUTHENTIC_DOSE,1,11|A75_AUTHENTIC_DOSE|1,resp_07ca2901eb7ed5c0006aa2f6ba80c487d28da2861ae72d467a,63c0608a920a4c3825a3125cde9cb89c2df4e456005ba2db39e38899faec2c14,0,0,0,0,0,0,0,0
11,A75_AUTHENTIC_DOSE,2,11|A75_AUTHENTIC_DOSE|2,resp_0307d62fe0e1b61c006aa2f6bba50087d28975a0860fcf972a,c541d564cee174497e42fe5ac00c5f63da9589bd00e1202766a11db906d9dbbb,1,0,0,0,1,1,0,3
11,B_TOPOLOGY_SHUFFLED,0,11|B_TOPOLOGY_SHUFFLED|0,resp_0e41e28783b4987f006aa2f6bbc06487d2bf0004a81a046e8a,27b20c9704117df565f0e9aa3c1ae9802eeeb87937d73980a11422e0c83494bd,0,0,0,1,1,1,0,3
11,B_TOPOLOGY_SHUFFLED,1,11|B_TOPOLOGY_SHUFFLED|1,resp_08b55bd5ce24d238006aa2f6bbc28887d2b804b993c87c70b4,82a33efa8f88199c79a36e7ad526675b43c4938eaa7952cf070f8306206b96f9,0,0,0,0,1,1,0,2
11,B_TOPOLOGY_SHUFFLED,2,11|B_TOPOLOGY_SHUFFLED|2,resp_02ce56eead9d38e3006aa2f6bca0f087d28b54383a88355c4b,e3b0c44298fc1c149afbf4c8996fb92427ae41e4649b934ca495991b7852b855,0,0,0,0,0,0,0,0
11,C_ORDER_SHUFFLED,0,11|C_ORDER_SHUFFLED|0,resp_056fa423011b8dfc006aa2f6bc86c487d28ca4b7216efb1c68,e3b0c44298fc1c149afbf4c8996fb92427ae41e4649b934ca495991b7852b855,0,0,0,0,0,0,0,0
11,C_ORDER_SHUFFLED,1,11|C_ORDER_SHUFFLED|1,resp_0997d93d5fb2c225006aa2f6bd13e887d297cb1ce7dc3eafac,e3b0c44298fc1c149afbf4c8996fb92427ae41e4649b934ca495991b7852b855,0,0,0,0,0,0,0,0
11,C_ORDER_SHUFFLED,2,11|C_ORDER_SHUFFLED|2,resp_06377130eed8188b006aa2f6bce45c87d290d89a5bcb8686e2,e3b0c44298fc1c149afbf4c8996fb92427ae41e4649b934ca495991b7852b855,0,0,0,0,0,0,0,0
11,D_DIRECTION_REVERSED,0,11|D_DIRECTION_REVERSED|0,resp_0058ef81eca7bd4b006aa2f6bd41d887d29993d6f0faa39829,22bf6759402e0ac5eb512a9c738e630371881dcd2e63115763c2adcc3d6e42d3,0,0,0,0,0,0,0,0
11,D_DIRECTION_REVERSED,1,11|D_DIRECTION_REVERSED|1,resp_0943a8cb0385adcf006aa2f6bd43a087d29d9facac30daf908,01c303ce9090029717e34c3e205cb2e59f823e35011bc48e53a37f33e31fac49,0,0,0,0,0,0,0,0
11,D_DIRECTION_REVERSED,2,11|D_DIRECTION_REVERSED|2,resp_0c04dbbcb3f6a166006aa2f6bd7d7487d2bc1c84c130049bf5,82cf2ea9bed561eddb932f243dfe5d04ed651fa0830daf6bd8e41525f374d444,0,0,0,0,1,0,0,1
11,E_META_CONTROL_ABLATED,0,11|E_META_CONTROL_ABLATED|0,resp_0264275ac5f689b3006aa2f6be8d1887d28a621a281e1eab5b,5d67b98034093230471f9def7cdf21e86299a7ed218efd9c3f518cc74ac87873,0,0,0,0,1,0,0,1
11,E_META_CONTROL_ABLATED,1,11|E_META_CONTROL_ABLATED|1,resp_0a97ef090415cc9f006aa2f6beca2887d2a945a9369bbd7bb3,b344d80e24a3679999fa964450b34bc24d1578a35509f934c1418b0a20d21a67,0,0,0,0,0,0,0,0
11,E_META_CONTROL_ABLATED,2,11|E_META_CONTROL_ABLATED|2,resp_049f02b9b26d1e87006aa2f6bf0ad487d2a9e7cfd100873c02,8fcdf91255934736316b1f891262dc6a6b621441a17e8a637583d651d1c8c403,0,0,0,0,1,0,0,1
11,F_PRESERVATION_ABLATED,0,11|F_PRESERVATION_ABLATED|0,resp_08faf38ff4dc83c8006aa2f6bf12c487d2bf3804c3734983b1,be6120d6973b42e7fea26f6ba972af0342d63bb783050add81b38e0eb18c94ee,0,0,0,0,0,0,0,0
11,F_PRESERVATION_ABLATED,1,11|F_PRESERVATION_ABLATED|1,resp_0510bc9d6d6d3ae7006aa2f6bf9cb887d2824935dc99d7c18f,bdaa8db09ed8a3a86778c6964d9f4412c4179bd5bce3d3daca4b451d5ca35fe2,0,0,0,0,1,0,0,1
11,F_PRESERVATION_ABLATED,2,11|F_PRESERVATION_ABLATED|2,resp_00eec2e2a22b4bb4006aa2f6bfc78c87d2908255fc8fe396f0,d5f2187770fafeb0e6f768efa29c1ac854669dd402fbd31ed8967b102219c384,0,0,0,0,1,0,0,1
11,G_SURFACE_SUBSTITUTED,0,11|G_SURFACE_SUBSTITUTED|0,resp_0b53cb696ade687c006aa2f6c0205887d29de56d2e1dcc31ab,e3b0c44298fc1c149afbf4c8996fb92427ae41e4649b934ca495991b7852b855,0,0,0,0,0,0,0,0
11,G_SURFACE_SUBSTITUTED,1,11|G_SURFACE_SUBSTITUTED|1,resp_0d28c70aa0ad76fd006aa2f6c05de487d292e2404dea312cb4,e3b0c44298fc1c149afbf4c8996fb92427ae41e4649b934ca495991b7852b855,0,0,0,0,0,0,0,0
11,G_SURFACE_SUBSTITUTED,2,11|G_SURFACE_SUBSTITUTED|2,resp_08ec03e2a2df36ac006aa2f6c09d3c87d2b5223d87fc36d709,e784736f52f37410416899f536ce6b113916b03f16aae19ffca52a1676419fb9,0,0,0,0,0,0,0,0
11,H_AUTHENTIC_PERTURBED,0,11|H_AUTHENTIC_PERTURBED|0,resp_0c49af309dd01737006aa2f6c0972887d2a97555c611ad32f1,e3b0c44298fc1c149afbf4c8996fb92427ae41e4649b934ca495991b7852b855,0,0,0,0,0,0,0,0
11,H_AUTHENTIC_PERTURBED,1,11|H_AUTHENTIC_PERTURBED|1,resp_08c9c5d049e365d2006aa2f6c0b5f887d28757e20386892a56,e3b0c44298fc1c149afbf4c8996fb92427ae41e4649b934ca495991b7852b855,0,0,0,0,0,0,0,0
11,H_AUTHENTIC_PERTURBED,2,11|H_AUTHENTIC_PERTURBED|2,resp_0c02ef11625a5914006aa2f6c0e23487d2a6570783510d1c10,e3b0c44298fc1c149afbf4c8996fb92427ae41e4649b934ca495991b7852b855,0,0,0,0,0,0,0,0
11,I_SHUFFLED_PERTURBED,0,11|I_SHUFFLED_PERTURBED|0,resp_0b4eaa1abe593036006aa2f6c26cf487d29bd3f048dddf82e3,7b634e89412e105e5f4e0fc8838c1c365a92b7eb4d25c27c5bb2a2b348099872,0,0,0,0,0,0,0,0
11,I_SHUFFLED_PERTURBED,1,11|I_SHUFFLED_PERTURBED|1,resp_03306c5e6225d478006aa2f6c2e5d087d2adc63e07888d0bbc,6d89ac61aff43d20992bbe1f846326b1166d42be0392971fde6af18f2e14fc9d,0,0,0,0,1,0,0,1
11,I_SHUFFLED_PERTURBED,2,11|I_SHUFFLED_PERTURBED|2,resp_0776ce4b16fc3a25006aa2f6c307e487d2ab146da6a4bed0a5,041b2eef50f0b5b08ed511839ea9ceae3655a69c1ada624e24667fba1601ab65,0,0,0,0,0,0,0,0
11,J_RECURSION_CONTROL,0,11|J_RECURSION_CONTROL|0,resp_0fa29a17910a841a006aa2f6c3081c87d28f6f9ae5c7e10f9a,e3b0c44298fc1c149afbf4c8996fb92427ae41e4649b934ca495991b7852b855,0,0,0,0,0,0,0,0
11,J_RECURSION_CONTROL,1,11|J_RECURSION_CONTROL|1,resp_0aaf6dbbe9901ddb006aa2f6c3b7e087d29943475b44063ef5,1d41d9e24dc011c0b767c71edd80e697c8795f04214a82cef794574231265d58,0,0,0,0,0,0,0,0
11,J_RECURSION_CONTROL,2,11|J_RECURSION_CONTROL|2,resp_08d3390ad01f220d006aa2f6c3ca6487d2928202f3d4069c4c,886906f1457c4c494e136d85f1f9698251dac0ccd697954a22272f076b08bb14,0,0,0,0,0,0,0,0
11,K_COMPLEXITY_CONTROL,0,11|K_COMPLEXITY_CONTROL|0,resp_0383eca4a7b754ef006aa2f6c3f6d887d2af66879bc21d4312,5e843ddafc37da91ede8579c5d2da187854d4b87976fc867c83bbacccc4283a6,0,0,0,0,1,0,0,1
11,K_COMPLEXITY_CONTROL,1,11|K_COMPLEXITY_CONTROL|1,resp_030dae5f3b0f8ba4006aa2f6c428c487d2a4f46b51d1fb43d0,820eec50dc5dc171542a29bcfaf1d680d14a31c683b094ca59e756b64f6d72ee,0,0,0,0,1,0,0,1
11,K_COMPLEXITY_CONTROL,2,11|K_COMPLEXITY_CONTROL|2,resp_0d912d3fe9e10e1a006aa2f6c42a8c87d2b1451d60cf27c28f,756bcd1b1c856c7c1cb8e4b90f3ab5195563f7bf2fb82b37426df793c03465e2,0,0,0,0,1,0,0,1
11,L_COUNTERFACTUAL_PATH,0,11|L_COUNTERFACTUAL_PATH|0,resp_0967bbc580e0feb8006aa2f6c44dcc87d2b3e27338b485bd13,2ac453d88857dab2687e147db0d576f4a76cc71c4edfdf6f9ccbe73bbfdc2503,0,0,0,0,1,1,0,2
11,L_COUNTERFACTUAL_PATH,1,11|L_COUNTERFACTUAL_PATH|1,resp_0db38c885927586d006aa2f6c4596087d2b2262d52bb683132,74754b850d276795d3f33b9c306a2de479f1bc9b1317a5e80ba32f804d243686,0,0,0,1,1,0,0,2
11,L_COUNTERFACTUAL_PATH,2,11|L_COUNTERFACTUAL_PATH|2,resp_04f5c4e5084c0043006aa2f6c4ac1c87d2a69a4c4f1cf981d7,c3655ad808808e82af698005ef6b3672a3a42f213ea5138c19734634dfcce305,0,0,0,0,1,0,0,1
12,A100_AUTHENTIC_FULL_PREFIX,0,12|A100_AUTHENTIC_FULL_PREFIX|0,resp_0a57507d42fcaa0e006aa2f6c697e087d293857fbd5035d19a,9b4778c2d658135572ba9987d960fce11d45dedf08c82e5821864005413230e9,1,0,0,0,1,0,0,2
12,A100_AUTHENTIC_FULL_PREFIX,1,12|A100_AUTHENTIC_FULL_PREFIX|1,resp_06c51eed862b8eb2006aa2f6c69ab487d291222a502255da23,31f7bd8dacef5837de26abf988b036c759ab17c1c68d41300925eb070d4ba130,0,0,0,0,1,0,0,1
12,A100_AUTHENTIC_FULL_PREFIX,2,12|A100_AUTHENTIC_FULL_PREFIX|2,resp_0ec03f2d22564bf5006aa2f6c73fa087d2a2404245344667a4,57938b985bd5deff6385eef29b7d090ad43ee1401d4681238a4520cea2efcd2c,1,0,0,1,1,0,0,3
12,A25_AUTHENTIC_DOSE,0,12|A25_AUTHENTIC_DOSE|0,resp_0cc562463047f043006aa2f6c731a887d297e7bb245342a1cc,44d9ffdf3a30f9c55f1e49bfb8cc52827bf4dea9ac8c50215dbf07ac8462b477,0,0,0,0,0,0,0,0
12,A25_AUTHENTIC_DOSE,1,12|A25_AUTHENTIC_DOSE|1,resp_0557c81f9673361c006aa2f6c732b487d2a8d733c79e2e521e,8ae09735a230a73c863afa3576b410d73eefd523879950cad49686377d9d73a0,0,0,0,0,0,0,0,0
12,A25_AUTHENTIC_DOSE,2,12|A25_AUTHENTIC_DOSE|2,resp_045a1ea785d5f7dd006aa2f6c7811c87d2917ab73137837eb6,ccf51cabb49ce3307ff8531be82b5f01a442514dae4f002425e342121b1b026a,0,0,0,0,0,0,0,0
12,A50_AUTHENTIC_DOSE,0,12|A50_AUTHENTIC_DOSE|0,resp_04857226146bcbdc006aa2f6c7899887d28542511abebd238c,b25aea7e2555be3767cd3a1f2133ef2082f188a1b82c118a08f7a1bb3b8acd8b,0,0,0,0,1,0,0,1
12,A50_AUTHENTIC_DOSE,1,12|A50_AUTHENTIC_DOSE|1,resp_01eb2812aef768c0006aa2f6c7cee887d2bede1e95a6632148,9585673da1c245d38d7b65b1b9c2eca8f3d7e97a7b7607b6939f21b686f2786d,0,0,0,0,0,0,0,0
12,A50_AUTHENTIC_DOSE,2,12|A50_AUTHENTIC_DOSE|2,resp_0cee34a1c89fc3d5006aa2f6c7cb4887d2b7505829b098f4b4,bfcc2e57b5b1bf46125627bcf591a398f44920c58c2206822cd96b40dcd37927,0,0,0,0,0,0,0,0
12,A75_AUTHENTIC_DOSE,0,12|A75_AUTHENTIC_DOSE|0,resp_0dd217a9b47bd7ec006aa2f6c8151c87d295647a00bcb503ac,a9adaa7e9149cbf9f876e0e632dd8db172062da04d70b1ab8e8cbfd7032511b5,0,0,1,0,1,1,0,3
12,A75_AUTHENTIC_DOSE,1,12|A75_AUTHENTIC_DOSE|1,resp_0feb6349bbca43ee006aa2f6c84ca887d29ca68eeb52382f72,c563bbc3bdff58f782a436ccb7d93da7efb0f5b5eb27ee8de11ae900507defb4,0,0,0,0,1,0,0,1
12,A75_AUTHENTIC_DOSE,2,12|A75_AUTHENTIC_DOSE|2,resp_08cb3845333e8880006aa2f6c8485c87d2af7d583e8b17bd34,e3b0c44298fc1c149afbf4c8996fb92427ae41e4649b934ca495991b7852b855,0,0,0,0,0,0,0,0
12,B_TOPOLOGY_SHUFFLED,0,12|B_TOPOLOGY_SHUFFLED|0,resp_0414326bdf7aaa12006aa2f6ca8af087d28cc7964950ff9903,55b884e645e8dd98c1cb0d4365ebf380d2b072e4c04f90534f7ab296521f567b,0,0,0,0,1,0,0,1
12,B_TOPOLOGY_SHUFFLED,1,12|B_TOPOLOGY_SHUFFLED|1,resp_0838fcfe9409e0a9006aa2f6caf3d887d2be411a4bcfc8efeb,c32e86006a3eb46f35b67d2d9675dd7b52a2600c5f4cb594d1bef462abac24ee,0,0,1,0,1,1,0,3
12,B_TOPOLOGY_SHUFFLED,2,12|B_TOPOLOGY_SHUFFLED|2,resp_03e60b6a9c223585006aa2f6caf61887d289429ac6c7c33137,aeae24787a7508194624b684d4f63b6c9d7e68316752a247a3cefe47edde6885,0,0,0,0,1,0,0,1
12,C_ORDER_SHUFFLED,0,12|C_ORDER_SHUFFLED|0,resp_0c74643883c99ecd006aa2f6cafc7087d29c26bb06ecbfd50d,ed15236baa3ab599e6b59029a82ba2d3cb04a86b1252c84a3e79dc2b47e313a0,0,0,0,0,0,0,0,0
12,C_ORDER_SHUFFLED,1,12|C_ORDER_SHUFFLED|1,resp_053538aac1d6cff1006aa2f6cb2fac87d2b381247aafb0abfb,52ac74f2af33250940543e995c775f6c2690686aefb44e46fbd27feadb7243c8,0,0,0,0,0,0,0,0
12,C_ORDER_SHUFFLED,2,12|C_ORDER_SHUFFLED|2,resp_01973e52145d4313006aa2f6cb385087d2b2a41472a93e02bb,e3b0c44298fc1c149afbf4c8996fb92427ae41e4649b934ca495991b7852b855,0,0,0,0,0,0,0,0
12,D_DIRECTION_REVERSED,0,12|D_DIRECTION_REVERSED|0,resp_0f011cc5908a46d7006aa2f6cb523887d2a661b3bd9edc4eeb,e3b0c44298fc1c149afbf4c8996fb92427ae41e4649b934ca495991b7852b855,0,0,0,0,0,0,0,0
12,D_DIRECTION_REVERSED,1,12|D_DIRECTION_REVERSED|1,resp_04327e481fa75c04006aa2f6cb59b087d29333e31d876494fa,2b53280757b69721317c3d7acef6fc46def749ecfb3457b948f71a27bb164ecd,0,0,0,0,1,0,0,1
12,D_DIRECTION_REVERSED,2,12|D_DIRECTION_REVERSED|2,resp_0d94fc80c58e567b006aa2f6cb800c87d2bb8e4dd7c2e7ec80,53a8fa3a3cd56187fcb8effa2c90b70023f9c61b4b27dfa8b31230eec2054609,0,0,0,0,0,0,0,0
12,E_META_CONTROL_ABLATED,0,12|E_META_CONTROL_ABLATED|0,resp_012a29f1468eb33a006aa2f6cbc06087d292d0b14a204190c9,cc7ac87a5821356b38d36171bc05dff68b039178616f6efa37526f037c7a7966,0,0,0,0,0,0,0,0
12,E_META_CONTROL_ABLATED,1,12|E_META_CONTROL_ABLATED|1,resp_03c74f1e7b9b77ac006aa2f6cba3b487d28f7327b2b5c78549,d22dbfb8f3e5b6d0aa14af6cae4b873bf0953b1c61f5dada616c6a3f51dac067,0,0,0,0,0,0,0,0
12,E_META_CONTROL_ABLATED,2,12|E_META_CONTROL_ABLATED|2,resp_00d3fb9111f68fa3006aa2f6ccfe7487d2a4eb111452288415,fa0dac14a892e3d6d2fbaa633ad84ee4204b690a2975bc0a8b965b77f60181ac,0,0,0,0,1,0,0,1
12,F_PRESERVATION_ABLATED,0,12|F_PRESERVATION_ABLATED|0,resp_0cbed96b62823374006aa2f6ce307887d2ae59f802a376578f,eed6b0abe898083f37ad55e8ca7ff60864c96b159516440df53d11b4d3ee3eca,0,0,0,0,0,0,0,0
12,F_PRESERVATION_ABLATED,1,12|F_PRESERVATION_ABLATED|1,resp_07c5359f9dad445f006aa2f6ce323487d2b37cbd22037e91b3,ee02254f5f97ad9616fb0d20745543bdaaa1e11781fcbc56ca3706f99fc76208,0,1,0,0,0,0,0,1
12,F_PRESERVATION_ABLATED,2,12|F_PRESERVATION_ABLATED|2,resp_0761023e3c0ccc5e006aa2f6ce921087d2b6ad58183d2783a9,7c62211dd126ff122c528f5bdd098422d7312ceab0a7236b88268b9a48a43da7,0,0,0,0,0,0,0,0
12,G_SURFACE_SUBSTITUTED,0,12|G_SURFACE_SUBSTITUTED|0,resp_03de3beceebe48bc006aa2f6ce980087d29e290aad46a592d4,f88bf135e69a8c0afde3875380e0df57607c4df2142c42a69d6296290b7e6053,1,1,0,0,0,0,0,2
12,G_SURFACE_SUBSTITUTED,1,12|G_SURFACE_SUBSTITUTED|1,resp_0620179c772bcf14006aa2f6ced11c87d2b707ef51c1d02ff2,6f3b2a081fefc2e404527f58c70f54703b8820a72a739a44ab496d5e23abe94d,1,0,0,0,0,0,0,1
12,G_SURFACE_SUBSTITUTED,2,12|G_SURFACE_SUBSTITUTED|2,resp_0dd39dd2b70ec695006aa2f6ced49c87d29f2b3aacefa45bbe,e3b0c44298fc1c149afbf4c8996fb92427ae41e4649b934ca495991b7852b855,0,0,0,0,0,0,0,0
12,H_AUTHENTIC_PERTURBED,0,12|H_AUTHENTIC_PERTURBED|0,resp_0223c09e646b34dd006aa2f6cfe22887d2a967d626f13a01eb,04b8656ad659f2c924c998fa09cb91418733fc7c5b10a59f406e4802ff45731a,0,0,0,0,1,0,0,1
12,H_AUTHENTIC_PERTURBED,1,12|H_AUTHENTIC_PERTURBED|1,resp_047a662fdceb89ca006aa2f6cf526487d2a9b7dec434bc3af9,c4173f78b174c48c9301839177471e8c07111330756c9dd556452f25e2ecb4d2,0,0,0,0,0,0,0,0
12,H_AUTHENTIC_PERTURBED,2,12|H_AUTHENTIC_PERTURBED|2,resp_019c3e430cb638d0006aa2f6d0036487d297f1516c273d0c8c,e3b0c44298fc1c149afbf4c8996fb92427ae41e4649b934ca495991b7852b855,0,0,0,0,0,0,0,0
12,I_SHUFFLED_PERTURBED,0,12|I_SHUFFLED_PERTURBED|0,resp_0771e8c25f0b9cfd006aa2f6d0068087d280a69b3c4f233ee7,9fc168b3bfde9ddf832aeda028a369afcd559717792a91a530087c9812d32d6e,1,0,0,0,1,0,1,3
12,I_SHUFFLED_PERTURBED,1,12|I_SHUFFLED_PERTURBED|1,resp_0f2dc23d415c740b006aa2f6d02af887d2b1d2df939320f16e,e3b0c44298fc1c149afbf4c8996fb92427ae41e4649b934ca495991b7852b855,0,0,0,0,0,0,0,0
12,I_SHUFFLED_PERTURBED,2,12|I_SHUFFLED_PERTURBED|2,resp_0cad98c57b628fe6006aa2f6d0c5f887d2a928a302e8ca2a88,d70737e1dc7b22b3091ec2ea22415873e41180abab1d96cb7975cca942f3b5fb,0,0,0,0,1,0,0,1
12,J_RECURSION_CONTROL,0,12|J_RECURSION_CONTROL|0,resp_0e6363392060e455006aa2f6d1e69c87d2b31abd12946bd345,92690d5f0457efa7face8f1f3c346b04fd674e3b5a1153f1fba4883d98412930,0,0,0,0,0,0,0,0
12,J_RECURSION_CONTROL,1,12|J_RECURSION_CONTROL|1,resp_0fef4600c7acc787006aa2f6d209bc87d2b27c9ca40d2ae6c4,1cbd2921132a1489335d536227bfefcefe07eecb9c79699e54b6549f2f4c2f2e,0,0,0,0,0,0,0,0
12,J_RECURSION_CONTROL,2,12|J_RECURSION_CONTROL|2,resp_00948950656a2e3d006aa2f6d2344887d2a30695d36d1d743a,51a35dc1b99dc55dafe61a3a15a35a6d608fc214568e61bf93c63dfc5e6f3f05,0,0,0,0,0,0,0,0
12,K_COMPLEXITY_CONTROL,0,12|K_COMPLEXITY_CONTROL|0,resp_00f0b91836d3663f006aa2f6d24e3087d2a711e799345cf3fe,a55c553868d8c48b006c76f4b01273a1c5e65f8cb3935430d9bec085ee114c00,0,0,0,1,1,0,0,2
12,K_COMPLEXITY_CONTROL,1,12|K_COMPLEXITY_CONTROL|1,resp_01b30df3e993451a006aa2f6d2aa8087d2950c9a3577b6754b,4edc396e488277161142b6e287de21f5c90c77db8ff7ec55dd69b60b284ad95f,1,0,0,0,0,0,0,1
12,K_COMPLEXITY_CONTROL,2,12|K_COMPLEXITY_CONTROL|2,resp_056ca73bfa19bb1d006aa2f6d2e25087d2b26cf19988131d14,6d9abff849a6a84cf99ab6b2498b11e959e3a3f8653e1f29c5afaf46c9fda86a,0,0,0,0,0,0,0,0
12,L_COUNTERFACTUAL_PATH,0,12|L_COUNTERFACTUAL_PATH|0,resp_0da3d5181ba67bf0006aa2f6d2fc1887d2abb7eed1a33d6d89,9519cb4cf6395f0742c86d3f94e97e25e6c0666e71b297d4f6bf558bb1e986ea,0,0,0,0,1,1,0,2
12,L_COUNTERFACTUAL_PATH,1,12|L_COUNTERFACTUAL_PATH|1,resp_0dfee76f3fa06713006aa2f6d3a9d087d2ae043ba26759b221,6e8973e02f561e374c435889f1bb03eb2a68bccc6a2e2f8754079215cac59797,0,0,0,0,0,0,0,0
12,L_COUNTERFACTUAL_PATH,2,12|L_COUNTERFACTUAL_PATH|2,resp_0fa767cdd0b00f24006aa2f6d3f9d087d2a90bf8b392dcbd46,dc3459cfc27ca7bf7f37ef5489b77e8b2dc2ec8ee807a2ba888438a21522d960,0,0,0,0,0,0,0,0
13,A100_AUTHENTIC_FULL_PREFIX,0,13|A100_AUTHENTIC_FULL_PREFIX|0,resp_0b41ab2b9c61c215006aa2f6d401ac87d2a9242788af70e200,cd54d0b8069fa3f156e83193ddb6b11d13437e539e037d12a1249f47e748e604,0,0,0,0,1,0,0,1
13,A100_AUTHENTIC_FULL_PREFIX,1,13|A100_AUTHENTIC_FULL_PREFIX|1,resp_07f475b080f5d9a9006aa2f6d419c087d2bd27ca3d9e3ba9ea,ccc3a99856ad84b5e68cf3b32070038c3297ba70e328513a545b1734ef8e4e1b,0,0,0,0,0,0,0,0
13,A100_AUTHENTIC_FULL_PREFIX,2,13|A100_AUTHENTIC_FULL_PREFIX|2,resp_085485f4bc084a78006aa2f6d60b6487d2aac84acdd05ddfc1,6f3345064ce4f6531302f3c32759e911dcd7c994956d99dc9b13912d4d291674,0,0,0,0,1,0,0,1
13,A25_AUTHENTIC_DOSE,0,13|A25_AUTHENTIC_DOSE|0,resp_0d5ee4c6266467ac006aa2f6d615f887d2aef170cb1e95bcaf,56cd477cc66ac7a69157d25f435282ff2b0bc279aa42e9be0267129d3a5020e2,0,0,0,0,1,0,0,1
13,A25_AUTHENTIC_DOSE,1,13|A25_AUTHENTIC_DOSE|1,resp_0f8b9de7d2241486006aa2f6d636a887d29206358637a2371f,c916de78fc3e0f55c9bd3e8a3ede7d84b9540f446504dac2b054cfcb43e97220,0,0,0,0,0,0,0,0
13,A25_AUTHENTIC_DOSE,2,13|A25_AUTHENTIC_DOSE|2,resp_037772bf1700b195006aa2f6d638ac87d28080f8ce74492d63,83aaf466b270f580e6dc0840aa7afdb7db63e0291ee9e2d3415960fca6ffa9e6,0,0,0,0,1,0,0,1
13,A50_AUTHENTIC_DOSE,0,13|A50_AUTHENTIC_DOSE|0,resp_070ddb481637c0c6006aa2f6d6712c87d2b0bb0c8a7d111bde,dbc3af70f88ead13e89eb30994b841f1e775eab895dff05943929682772178c6,0,0,0,0,0,0,0,0
13,A50_AUTHENTIC_DOSE,1,13|A50_AUTHENTIC_DOSE|1,resp_065660411fe3fbd4006aa2f6d672b887d2a9baec50bba7c21f,81f67e09128fc818bb8e6bc4e754288415861291011118682dfd0b976ad475f5,0,0,0,0,0,0,0,0
13,A50_AUTHENTIC_DOSE,2,13|A50_AUTHENTIC_DOSE|2,resp_088bd150a9644727006aa2f6d6b3e487d28c9a9eb0f04e1f04,c54b2b70cba770d18eade71023e7144eb2ee8b6cf7a930a48827ecb987dd2cd2,1,0,1,1,0,1,0,4
13,A75_AUTHENTIC_DOSE,0,13|A75_AUTHENTIC_DOSE|0,resp_0b3ed915749aafb2006aa2f6d7257887d2833a59ab1b2a8240,5c50cf3af6e5ee68f1e449f11599d0bb14c6b68349bbd56b3fb6396520b6a8b1,1,0,0,0,1,1,0,3
13,A75_AUTHENTIC_DOSE,1,13|A75_AUTHENTIC_DOSE|1,resp_0d88bb22d2a72f7a006aa2f6d71f5c87d2afda88ea2ef6da4d,d88f6d8372f4d54ecfa210948ad8f8fccf83984881e298b673c8f1a941e2aa33,0,0,0,0,0,0,0,0
13,A75_AUTHENTIC_DOSE,2,13|A75_AUTHENTIC_DOSE|2,resp_0aead03e2b366114006aa2f6d7582887d29fb4f1e7fbcfe418,ab97c571a482a21fb50005c48bd2398e0a1831ad391d6d86e8b7c63b4e45d4f5,0,0,0,0,1,1,0,2
13,B_TOPOLOGY_SHUFFLED,0,13|B_TOPOLOGY_SHUFFLED|0,resp_0ed3438d75be1b52006aa2f6d78ee887d29fedbe8a9ba01542,1314794a870be202c6d18997a1d3795f35039886231575b20ed9e2582a61c41d,0,0,0,0,1,1,0,2
13,B_TOPOLOGY_SHUFFLED,1,13|B_TOPOLOGY_SHUFFLED|1,resp_0e882656d5270cd5006aa2f6d7e5e887d2a5adf1b8a4577555,405a14826e4374bb5d3639e2b9817f6d98c21fb3443175f211d7939353bd43cf,0,0,0,0,0,0,0,0
13,B_TOPOLOGY_SHUFFLED,2,13|B_TOPOLOGY_SHUFFLED|2,resp_0701b25016c9b25b006aa2f6d8ed3487d2aee3fe2b2cd30357,c910eb3bcf6808a231b3f0664ad9bdf7e69bf5142a8bd890cc16543841439b80,0,0,0,0,1,0,0,1
13,C_ORDER_SHUFFLED,0,13|C_ORDER_SHUFFLED|0,resp_053232137c6877b1006aa2f6d9795087d282161c28711e6af3,3acbf4c79086fc55cc7d74887433c72afc7fcfad2d7b26df93b4dea00b1b26cd,0,0,0,0,1,1,0,2
13,C_ORDER_SHUFFLED,1,13|C_ORDER_SHUFFLED|1,resp_0799987b3c3a3358006aa2f6d9850c87d2965ef953aa1f328e,09a7b0325ce9239241345e79435b3dad28afdc675df43a389a9b39c38a79f81f,1,0,0,0,0,0,0,1
13,C_ORDER_SHUFFLED,2,13|C_ORDER_SHUFFLED|2,resp_0e77d33d683a1456006aa2f6d9dac487d2b08280b78e38ef4f,e3b0c44298fc1c149afbf4c8996fb92427ae41e4649b934ca495991b7852b855,0,0,0,0,0,0,0,0
13,D_DIRECTION_REVERSED,0,13|D_DIRECTION_REVERSED|0,resp_09f02fba0ba99102006aa2f6d9fb4c87d2912fc0c9362861cc,a4818fd012d47a831d34c0260a7db03c3a5984220818e05159763a62996de01e,0,0,0,0,0,0,0,0
13,D_DIRECTION_REVERSED,1,13|D_DIRECTION_REVERSED|1,resp_0104e9de2c1cf584006aa2f6da4b5087d2b30fe442d75f4f6a,fbad648b4f8359607afa83344762ce77f5b9c0f13bda1d731de78ee19b760fa0,0,0,0,0,1,0,0,1
13,D_DIRECTION_REVERSED,2,13|D_DIRECTION_REVERSED|2,resp_0ec8a7baf5db9566006aa2f6da4a0087d284edc8615daf0a41,0efc5f2f2e6104d9fbaa500217c3c4a3aa7ad63425e75c4a69a8044b4b7bc2fe,0,0,0,0,1,0,0,1
13,E_META_CONTROL_ABLATED,0,13|E_META_CONTROL_ABLATED|0,resp_0bb9715915de1d24006aa2f6daa2bc87d2bb3206ccd02b153e,65887bb911c5ada9612ce39753050a4624d214489f6f51a8b20952abcd4fefde,0,0,0,0,1,0,0,1
13,E_META_CONTROL_ABLATED,1,13|E_META_CONTROL_ABLATED|1,resp_09a46b5909ada951006aa2f6db4f7887d2a466bb695909d8ec,15e09d17baabf582232ca99d1691d046d753d74eeeac414f989a36a1df191b23,0,0,0,0,1,0,0,1
13,E_META_CONTROL_ABLATED,2,13|E_META_CONTROL_ABLATED|2,resp_03cac8092ae89b87006aa2f6db73f487d2b72442949e890bd5,f587c2733f70e6aef5518f5457140e878c9e3b0a90a7433579de8dcaad6ae954,0,0,0,0,0,0,0,0
13,F_PRESERVATION_ABLATED,0,13|F_PRESERVATION_ABLATED|0,resp_0ba38eca076f378f006aa2f6db7af887d286151ec12d414ccd,e3b0c44298fc1c149afbf4c8996fb92427ae41e4649b934ca495991b7852b855,0,0,0,0,0,0,0,0
13,F_PRESERVATION_ABLATED,1,13|F_PRESERVATION_ABLATED|1,resp_05a2bc58943bea52006aa2f6dbb0cc87d29e0e3fe5f7b53b78,69f04d19915da0c9c7e9f379923f45240e968bc4ef4b30552d0b26a1459fe5f1,1,0,0,0,1,1,0,3
13,F_PRESERVATION_ABLATED,2,13|F_PRESERVATION_ABLATED|2,resp_087abe6bccb5e88d006aa2f6dca47087d2b346b9cc8e415e7c,e3b0c44298fc1c149afbf4c8996fb92427ae41e4649b934ca495991b7852b855,0,0,0,0,0,0,0,0
13,G_SURFACE_SUBSTITUTED,0,13|G_SURFACE_SUBSTITUTED|0,resp_091021248c520480006aa2f6dd214c87d2b18b124e948598b9,632c35da3aa7d2847c09698d9f0dcd4dcdddecce907d1fb3f96b10794800b62d,0,0,0,0,0,0,0,0
13,G_SURFACE_SUBSTITUTED,1,13|G_SURFACE_SUBSTITUTED|1,resp_0cf89f0319d62e8c006aa2f6dd75b487d2b1e68f82fddddace,e3b0c44298fc1c149afbf4c8996fb92427ae41e4649b934ca495991b7852b855,0,0,0,0,0,0,0,0
13,G_SURFACE_SUBSTITUTED,2,13|G_SURFACE_SUBSTITUTED|2,resp_0dec239eaae4d604006aa2f6dde8c487d2bd7f96f3528788bc,9cf6a819f6e8b00a146db2148e0ca4e45f1e3c8140f98e7a85c8fcbf92513ca7,0,0,0,0,0,0,0,0
13,H_AUTHENTIC_PERTURBED,0,13|H_AUTHENTIC_PERTURBED|0,resp_04193a7b8edfa4a9006aa2f6de415887d2a92561e6a5338cd9,e3b0c44298fc1c149afbf4c8996fb92427ae41e4649b934ca495991b7852b855,0,0,0,0,0,0,0,0
13,H_AUTHENTIC_PERTURBED,1,13|H_AUTHENTIC_PERTURBED|1,resp_09ad2563d30caba7006aa2f6de166487d2895b0e428b5e00a7,e3b0c44298fc1c149afbf4c8996fb92427ae41e4649b934ca495991b7852b855,0,0,0,0,0,0,0,0
13,H_AUTHENTIC_PERTURBED,2,13|H_AUTHENTIC_PERTURBED|2,resp_0a66545289c36be0006aa2f6de454087d28aef2e93d077fa55,e3b0c44298fc1c149afbf4c8996fb92427ae41e4649b934ca495991b7852b855,0,0,0,0,0,0,0,0
13,I_SHUFFLED_PERTURBED,0,13|I_SHUFFLED_PERTURBED|0,resp_0d83c7337928322d006aa2f6de494487d285bfe3defbfd472e,f21862fefccf23c4e7c0b9b6a21cd1624c0d249ccc678cfc091d9f2e8805e6c7,0,0,0,0,0,0,0,0
13,I_SHUFFLED_PERTURBED,1,13|I_SHUFFLED_PERTURBED|1,resp_0a302bffdc95a5ca006aa2f6de799487d2b6498de3441deb7d,e3b0c44298fc1c149afbf4c8996fb92427ae41e4649b934ca495991b7852b855,0,0,0,0,0,0,0,0
13,I_SHUFFLED_PERTURBED,2,13|I_SHUFFLED_PERTURBED|2,resp_0b61663706e3dc44006aa2f6dec91087d2bb5ea2a137f20bd6,16d8e2d6699840e919a9cc05eb6e6067426edbab95d2691bc9d9745b3a172bf5,0,0,0,0,0,1,0,1
13,J_RECURSION_CONTROL,0,13|J_RECURSION_CONTROL|0,resp_046a1a4a58cf9ba9006aa2f6df13cc87d2ad4ec363769b2512,e3b0c44298fc1c149afbf4c8996fb92427ae41e4649b934ca495991b7852b855,0,0,0,0,0,0,0,0
13,J_RECURSION_CONTROL,1,13|J_RECURSION_CONTROL|1,resp_0be6a7be1552f9ef006aa2f6dfd49087d284fbd2184a2327e1,e3b0c44298fc1c149afbf4c8996fb92427ae41e4649b934ca495991b7852b855,0,0,0,0,0,0,0,0
13,J_RECURSION_CONTROL,2,13|J_RECURSION_CONTROL|2,resp_03aecc8ec874548f006aa2f6e0317087d29ee2e17ae4e7b965,6541dddc51f94bf3f26308d00fcdde3bee417311b79b5f0c2b1b950dbe71f1b0,0,0,0,0,0,0,0,0
13,K_COMPLEXITY_CONTROL,0,13|K_COMPLEXITY_CONTROL|0,resp_00b66031d6ddad50006aa2f6e0813487d2a1c758e75a34380a,d03e0a0a1bfc586cd4891c0d07538b8eb265e8fd0dd471b5ba8609ce364b9a75,0,0,0,1,1,0,0,2
13,K_COMPLEXITY_CONTROL,1,13|K_COMPLEXITY_CONTROL|1,resp_02363cbb7298056c006aa2f6e0e49487d2b7d8fbab8a61092c,f1cc7134e431584daa1dfe33423a0dcd03775618b9b9e61f0d2467d6944297a1,0,0,0,0,1,0,0,1
13,K_COMPLEXITY_CONTROL,2,13|K_COMPLEXITY_CONTROL|2,resp_0dfc488789134210006aa2f6e0fce487d2842208b583c5e17c,08e04dff577b72209858e80554ce4faa2d8547edc95c9f08d01b4f7cbe81ea5f,0,0,0,0,1,0,0,1
13,L_COUNTERFACTUAL_PATH,0,13|L_COUNTERFACTUAL_PATH|0,resp_016a9d2c10823880006aa2f6e17afc87d28853122f18e327d9,ac277e43b570065e38be836d2ed28eff77cf8e5863112e7ad2336f5625d0c390,0,0,0,0,1,0,0,1
13,L_COUNTERFACTUAL_PATH,1,13|L_COUNTERFACTUAL_PATH|1,resp_0094ee65114733cd006aa2f6e1869087d2a40a0e6c216ef0ec,4e319068fd9d0035816917594a6d5f4ef52e2b002ceef5c8c05cf31354c9c325,0,0,0,0,1,0,0,1
13,L_COUNTERFACTUAL_PATH,2,13|L_COUNTERFACTUAL_PATH|2,resp_0cfeb1c377d81078006aa2f6e1c1b487d28d56e80f9755ceb2,3530a673333f2f0bf075315302458ed065de41d93f966585dd89e2f92ebe9a18,0,0,0,0,1,0,0,1
14,A100_AUTHENTIC_FULL_PREFIX,0,14|A100_AUTHENTIC_FULL_PREFIX|0,resp_0648ce8669b501c8006aa2f6e1fc6c87d2bd8e17a45f3739e5,98578190fff2d2a8f2c59274b1cc029304d34bb4ccb0ad45f01214258f16584e,1,0,1,0,1,0,0,3
14,A100_AUTHENTIC_FULL_PREFIX,1,14|A100_AUTHENTIC_FULL_PREFIX|1,resp_078fab8b6b4563e8006aa2f6e1ffe487d2bed6e71b1bc81ad1,e3b0c44298fc1c149afbf4c8996fb92427ae41e4649b934ca495991b7852b855,0,0,0,0,0,0,0,0
14,A100_AUTHENTIC_FULL_PREFIX,2,14|A100_AUTHENTIC_FULL_PREFIX|2,resp_0773e539c459057e006aa2f6e2411887d2a9afc8a0ce158e39,b772a317061540ae830c18401e02054519b51d181c54b2c3410285dd975f0e93,1,1,0,0,1,1,0,4
14,A25_AUTHENTIC_DOSE,0,14|A25_AUTHENTIC_DOSE|0,resp_005bf55ff2b0be14006aa2f6e267fc87d2b0a5d8848742a736,1b73438bf2949eddd6cfc24090a0af402be07abe4bc494f088b068173691945a,0,0,0,0,0,0,0,0
14,A25_AUTHENTIC_DOSE,1,14|A25_AUTHENTIC_DOSE|1,resp_078352564a892f70006aa2f6e337c487d28efd3aec698685ea,2ed0237fdd1339785859621c106984704856ece439f413c0252707a04bf4db65,0,0,0,0,1,0,0,1
14,A25_AUTHENTIC_DOSE,2,14|A25_AUTHENTIC_DOSE|2,resp_0a750e721bef355c006aa2f6e381c887d285c06f1c45ed1d73,e3b0c44298fc1c149afbf4c8996fb92427ae41e4649b934ca495991b7852b855,0,0,0,0,0,0,0,0
14,A50_AUTHENTIC_DOSE,0,14|A50_AUTHENTIC_DOSE|0,resp_0c24ac6dafd2503a006aa2f6e40e8487d28d894c83f9851c4a,e3b0c44298fc1c149afbf4c8996fb92427ae41e4649b934ca495991b7852b855,0,0,0,0,0,0,0,0
14,A50_AUTHENTIC_DOSE,1,14|A50_AUTHENTIC_DOSE|1,resp_0a465b8424cf7dd1006aa2f6e4b9c087d2a1fee2ba8fbed53a,d481398cd0ee1e494965da724f9ca6fa6a9e95b6fc55edf15267b79bd494cfcb,0,0,0,0,0,0,0,0
14,A50_AUTHENTIC_DOSE,2,14|A50_AUTHENTIC_DOSE|2,resp_0396e5668aac7ea4006aa2f6e4ca6087d2864e3971a477123a,a6cb547a307bc1f1a91479779bc7af83c38d4fe0f5088016225c06b9020845fd,0,0,0,0,1,0,0,1
14,A75_AUTHENTIC_DOSE,0,14|A75_AUTHENTIC_DOSE|0,resp_0c86f29c26e7f2eb006aa2f6e5671c87d290e0154b7b35c0ad,cd6f3baf928fe6f28a1753cfa299cfb47c86dac1e47cfc5c4df2dbff1e93b80a,0,0,0,0,1,0,0,1
14,A75_AUTHENTIC_DOSE,1,14|A75_AUTHENTIC_DOSE|1,resp_07340ccfe55a2186006aa2f6e5781087d2a4ca0e15a4dedea9,8f7c4875127b42f00f512bdc6ca1a08cbab448117e5236ae6f59da99cc3ad18a,0,0,0,0,0,0,0,0
14,A75_AUTHENTIC_DOSE,2,14|A75_AUTHENTIC_DOSE|2,resp_01c95e56e5e8ed74006aa2f6e591ec87d291ee5f186fc52631,5eaa87f5a40a26766516b97eab3d66fb537e80b6b59e8b8720f1224b79b7d788,0,0,0,0,0,0,0,0
14,B_TOPOLOGY_SHUFFLED,0,14|B_TOPOLOGY_SHUFFLED|0,resp_019393076cbef528006aa2f6e587f887d2a82d9a6f4cd3c4f6,685da97cf5d6c3f8c240feb887a3fb9d5f14d4321087b4916f2a04400f4b0d2b,0,0,0,0,0,0,0,0
14,B_TOPOLOGY_SHUFFLED,1,14|B_TOPOLOGY_SHUFFLED|1,resp_0f1762a55267425f006aa2f6e57fa887d2b2b5880c03bd3c10,e3b0c44298fc1c149afbf4c8996fb92427ae41e4649b934ca495991b7852b855,0,0,0,0,0,0,0,0
14,B_TOPOLOGY_SHUFFLED,2,14|B_TOPOLOGY_SHUFFLED|2,resp_0cc51d6e068d36b6006aa2f6e5d7b487d2b2101bf4a51aace1,2f5f83cfbda23b18ca10dd1d89eb9e71ef7ab2e448eca6194024f974f6aec85e,0,0,0,0,1,1,0,2
14,C_ORDER_SHUFFLED,0,14|C_ORDER_SHUFFLED|0,resp_04bc469b51057c94006aa2f6e66cd887d2b741f6d987776a6a,a147c4bf64b7c5bf03b8072390a68bd2bb68ff689ccc2214575d3274b4bba962,0,0,0,0,0,0,0,0
14,C_ORDER_SHUFFLED,1,14|C_ORDER_SHUFFLED|1,resp_0ecf19853e55c295006aa2f6e6dda087d2b89084bf86d6ea97,d9ce57d1772f88827a1c2e9ace9abb1dfcd2cf3df906a9239c83f846257aaed7,0,1,0,1,1,1,0,4
14,C_ORDER_SHUFFLED,2,14|C_ORDER_SHUFFLED|2,resp_0f925a6288d9a34f006aa2f6e8037087d2a7cffd6b837eccb7,e3b0c44298fc1c149afbf4c8996fb92427ae41e4649b934ca495991b7852b855,0,0,0,0,0,0,0,0
14,D_DIRECTION_REVERSED,0,14|D_DIRECTION_REVERSED|0,resp_0ffc1f64d993e6b6006aa2f6e818c887d298e3e506f3d6923d,2177de4825eaaf6f020bd3902d4e4fc2d201df5abb453d3599c1fdf28b99d187,0,0,0,0,0,0,0,0
14,D_DIRECTION_REVERSED,1,14|D_DIRECTION_REVERSED|1,resp_0d6660259692f433006aa2f6e87ea087d29e2edaef38feb279,297916f92d6767c0e08fbde2d13f952db9adc563c45cf0bec2cf0956e9813fb3,0,0,0,0,0,0,0,0
14,D_DIRECTION_REVERSED,2,14|D_DIRECTION_REVERSED|2,resp_09385fc634ca337a006aa2f6e8a58087d29258add9127ff4bb,8e2d2559e66d82dbac8201f4bf0a179fcd4eb960ecf58d3a158496ec0a276a00,0,0,0,0,1,1,0,2
14,E_META_CONTROL_ABLATED,0,14|E_META_CONTROL_ABLATED|0,resp_087ca92af695fb03006aa2f6e93e6887d295c513521e0c9f3f,e3b0c44298fc1c149afbf4c8996fb92427ae41e4649b934ca495991b7852b855,0,0,0,0,0,0,0,0
14,E_META_CONTROL_ABLATED,1,14|E_META_CONTROL_ABLATED|1,resp_046131d8a99ff9dc006aa2f6e9781087d294b21d3121e18a75,f10b00b5d8f38e372c1b92675f6c1c2da5248500fd1eaa1ac2e3b875da226e7f,0,0,0,0,0,0,0,0
14,E_META_CONTROL_ABLATED,2,14|E_META_CONTROL_ABLATED|2,resp_04ea5a71207ecf46006aa2f6e9ae3c87d2abdff278459e2b50,28a9261cf7d89503efc7aa8cb719e8223fb3bd38d4d82adc2a9eee1be622b0e8,0,0,0,0,1,0,0,1
14,F_PRESERVATION_ABLATED,0,14|F_PRESERVATION_ABLATED|0,resp_01cbd0133757077d006aa2f6e9944087d28e3748f8c451c656,b3a1c496f685f2023b9b6db3bd941f376019c454e007bb2509400bd3e50a1408,0,0,0,0,0,0,0,0
14,F_PRESERVATION_ABLATED,1,14|F_PRESERVATION_ABLATED|1,resp_0aba6373dece4b10006aa2f6e9a2a087d280432bba06429375,5a18c933187de0e26bbb58bbc553bf0ecaf43c02d0a8fe4647e5d87d5bd88f2f,0,0,0,0,1,0,0,1
14,F_PRESERVATION_ABLATED,2,14|F_PRESERVATION_ABLATED|2,resp_0643235696340ba5006aa2f6e9bccc87d28b4b8f685431e9eb,280a809bf6e801ef30f73bdc2b1478591512735c4ee892aea62c54d237fc3fc6,0,0,0,0,0,0,0,0
14,G_SURFACE_SUBSTITUTED,0,14|G_SURFACE_SUBSTITUTED|0,resp_0ca39750ab6c4fdc006aa2f6e9c69887d28e407d1076cb0aa0,e3b0c44298fc1c149afbf4c8996fb92427ae41e4649b934ca495991b7852b855,0,0,0,0,0,0,0,0
14,G_SURFACE_SUBSTITUTED,1,14|G_SURFACE_SUBSTITUTED|1,resp_0fbc56803af7f93d006aa2f6e9ee6087d28a54b5058bfce7c3,9d42755a896824a2aa49307681ffbe802a762eca8356b015672e616040439d86,0,0,0,0,1,0,0,1
14,G_SURFACE_SUBSTITUTED,2,14|G_SURFACE_SUBSTITUTED|2,resp_006441384d5d1287006aa2f6eb050487d298a837ab46942be4,e593234d6abf32852db2d8e75a1f6c54996a66ec4fd5e888884dc5565d2f1ed9,0,0,0,0,1,0,0,1
14,H_AUTHENTIC_PERTURBED,0,14|H_AUTHENTIC_PERTURBED|0,resp_0bd2790f5bded750006aa2f6eb4df087d2ad635600c32b4986,e2fa2bc8de1a7e1eaf63c3c440e2f064aee2c414614eca101436f17c3178d1c3,1,0,0,0,1,0,1,3
14,H_AUTHENTIC_PERTURBED,1,14|H_AUTHENTIC_PERTURBED|1,resp_088843827d681176006aa2f6ebb75c87d2b0c0eb9227f9ac42,e3b0c44298fc1c149afbf4c8996fb92427ae41e4649b934ca495991b7852b855,0,0,0,0,0,0,0,0
14,H_AUTHENTIC_PERTURBED,2,14|H_AUTHENTIC_PERTURBED|2,resp_081b9b5d08d3a717006aa2f6ec0b8087d2ba0b9e269638ca71,82d8b142e550b3d83feb9307ebc6f735a3ebc60e62660cac1a4feee2e78acf0b,0,0,0,0,0,0,0,0
14,I_SHUFFLED_PERTURBED,0,14|I_SHUFFLED_PERTURBED|0,resp_040407645f5a1771006aa2f6ed1b6c87d29b3f90ab8391277d,e3b0c44298fc1c149afbf4c8996fb92427ae41e4649b934ca495991b7852b855,0,0,0,0,0,0,0,0
14,I_SHUFFLED_PERTURBED,1,14|I_SHUFFLED_PERTURBED|1,resp_0e34ba1393a8e260006aa2f6ecea4087d2928ca5304492a17b,8297362a1bcfce284ab623d141b3b5014cf3c07a3f6f3cdc978ba29a588ec0f7,0,0,0,0,0,0,0,0
14,I_SHUFFLED_PERTURBED,2,14|I_SHUFFLED_PERTURBED|2,resp_031f08e5e651c5be006aa2f6ed470487d2a565234ee54f44ab,e3b0c44298fc1c149afbf4c8996fb92427ae41e4649b934ca495991b7852b855,0,0,0,0,0,0,0,0
14,J_RECURSION_CONTROL,0,14|J_RECURSION_CONTROL|0,resp_00df37bfca6839ec006aa2f6ed471887d2a3900eda94d858e3,3ca582d86fbb60e0732ed36562bd2e6a3fb8285bbe0b0d06b01f8faa9dc84af4,0,0,0,0,0,0,0,0
14,J_RECURSION_CONTROL,1,14|J_RECURSION_CONTROL|1,resp_02de693e8a5544f3006aa2f6ed72a087d2803c696e12314272,f1af4dc3b779b7fdc75bcbfac2963dd20d34be4156974d0ecaea7accc9f03f08,0,0,0,0,0,0,0,0
14,J_RECURSION_CONTROL,2,14|J_RECURSION_CONTROL|2,resp_0d546068f3f99767006aa2f6edeed487d2b5be523a2e5df3f2,7f933cc75d3ec4a6af9809c1980167b6d461ee36fd91529c1473b320b537179c,0,0,0,0,0,0,0,0
14,K_COMPLEXITY_CONTROL,0,14|K_COMPLEXITY_CONTROL|0,resp_0a89b97850e26218006aa2f6edfbec87d2b2661cdd95a1baea,a2256c43cba91749ac1436c6ac54e0ab725115d153912be93a2ec1d1f714dcfa,0,0,0,0,0,0,0,0
14,K_COMPLEXITY_CONTROL,1,14|K_COMPLEXITY_CONTROL|1,resp_04e81ed20cf36673006aa2f6eeaef087d29e949298369f63db,86b0aea525e618f342c1dfe31c07b788c8dc14987b9f63f7866747b66e6f8e71,0,0,0,0,0,0,0,0
14,K_COMPLEXITY_CONTROL,2,14|K_COMPLEXITY_CONTROL|2,resp_0253087bd137dad7006aa2f6eec30c87d285ae8b26dc7276f1,7001d09425c25997a347dcf657f2cc10da65085c940c32bc10b26c32cc598fb8,0,0,0,0,0,0,0,0
14,L_COUNTERFACTUAL_PATH,0,14|L_COUNTERFACTUAL_PATH|0,resp_0e4f40375b5bf987006aa2f6eed42c87d28babd3b37d737d41,f86d9b2cc82ce0ea89917eb94f4358c8caa1c7530f6bfd2e5b1ea0812a91e173,0,0,0,0,0,0,0,0
14,L_COUNTERFACTUAL_PATH,1,14|L_COUNTERFACTUAL_PATH|1,resp_005068aabbac76ca006aa2f6ef81a487d293269e2537b13a3a,e3b0c44298fc1c149afbf4c8996fb92427ae41e4649b934ca495991b7852b855,0,0,0,0,0,0,0,0
14,L_COUNTERFACTUAL_PATH,2,14|L_COUNTERFACTUAL_PATH|2,resp_008a971d64aecdce006aa2f6f0532087d2b1b1c61be7d6d793,55307746a08f6a157facaac0a0207e11d6f9235bc14a931f65c96df7a02072ee,0,0,0,0,1,0,0,1
15,A100_AUTHENTIC_FULL_PREFIX,0,15|A100_AUTHENTIC_FULL_PREFIX|0,resp_06667f0f68630b52006aa2f6f0d88887d29b6face81fec290c,f0a39974a20e6a575d46a833b9a198d1ea166885cebdc0abaebea37ee8dbd823,0,0,0,0,0,0,0,0
15,A100_AUTHENTIC_FULL_PREFIX,1,15|A100_AUTHENTIC_FULL_PREFIX|1,resp_06c71963c5b28016006aa2f6f0d32c87d2bd187f76993d269c,1f5b8a685e82ae973cc65cbfc9ce20ff29a6f2cbec3b386cb15298cf445c5e25,0,0,0,0,0,0,0,0
15,A100_AUTHENTIC_FULL_PREFIX,2,15|A100_AUTHENTIC_FULL_PREFIX|2,resp_0c6f7a619290eb2b006aa2f6f0e7b887d2819d5768cc2ee6b0,5fd187d60aa4bb0e99c63366c395df0c5cc7f5d33f3d6af81f3d78da196c8a5f,0,0,0,0,1,1,0,2
15,A25_AUTHENTIC_DOSE,0,15|A25_AUTHENTIC_DOSE|0,resp_047d4533f9fe020f006aa2f6f0e8dc87d2b2b4688e08738d80,4661fb4b09460104211764dea45a20922968b27ea7a501f2ccfd6944e8268ab2,0,0,0,0,1,0,0,1
15,A25_AUTHENTIC_DOSE,1,15|A25_AUTHENTIC_DOSE|1,resp_05e38d40f39c6246006aa2f6f0f6e487d292e0ab59a5747621,127a26a2d567a999d5c5ca591c2a2496f48a9b9ef83fdddcac723f5f7a0d8a85,0,0,0,0,0,0,0,0
15,A25_AUTHENTIC_DOSE,2,15|A25_AUTHENTIC_DOSE|2,resp_0855466c65fbec40006aa2f6f1432887d2acc94bca4c1fee23,f7d943195bb25074369202ac858caf0ca59aa6b1a580e7458bf6f7b129d8a6aa,0,0,0,0,1,0,0,1
15,A50_AUTHENTIC_DOSE,0,15|A50_AUTHENTIC_DOSE|0,resp_0d3da0233b320788006aa2f6f16a9487d2a2e43b5fbf5800b3,d7becbad09faaf6c5aa2ea2fc2612a92b00b0d41d489524baf924f846a383267,0,0,0,0,1,1,0,2
15,A50_AUTHENTIC_DOSE,1,15|A50_AUTHENTIC_DOSE|1,resp_0a4823d8ac8f450d006aa2f6f1c14487d28daf37c98efa5efa,9b8e2570f6d21f87b9284716c089cc73120d4d981ddff13b9739d42141ed4920,0,0,0,0,0,1,0,1
15,A50_AUTHENTIC_DOSE,2,15|A50_AUTHENTIC_DOSE|2,resp_0eb730c629b66f78006aa2f6f225f487d28eb31fec96cf9c53,721f237e004361d1e672abdc0c580e25f33f5228dad5c03b4b2133ca6287c3ec,0,0,0,0,1,0,0,1
15,A75_AUTHENTIC_DOSE,0,15|A75_AUTHENTIC_DOSE|0,resp_0c39d632c61ceb1b006aa2f6f2b65c87d2a2b9f6530c4382e0,a60f4be6b18bb7d53a4de03891dd90ba5077640d797afe5a7f7f35abaf3f89e7,0,0,0,0,1,1,0,2
15,A75_AUTHENTIC_DOSE,1,15|A75_AUTHENTIC_DOSE|1,resp_0a60e89cdb36231e006aa2f6f2f99087d2b4f42b2b05f1d0a0,599919ccdf1ff733bbe7383a6544d185dfcab6547c22a7b98e51baa0e9093a31,0,0,0,0,1,0,0,1
15,A75_AUTHENTIC_DOSE,2,15|A75_AUTHENTIC_DOSE|2,resp_0fad7100db19503a006aa2f6f3ca5487d287e922105e65200b,c1e2d6071f0724956385bf2c2a86113ca9039fdf1d0356d9e4f09a8c594388aa,0,0,0,0,1,1,0,2
15,B_TOPOLOGY_SHUFFLED,0,15|B_TOPOLOGY_SHUFFLED|0,resp_0474d882d4aadb19006aa2f6f4b83087d298af0fe9f4cd9445,d3675a9d0354502daeca5be1f0e657387ad868fa9677d16d53249812cb581368,0,0,0,1,0,0,0,1
15,B_TOPOLOGY_SHUFFLED,1,15|B_TOPOLOGY_SHUFFLED|1,resp_0ede6694e1b5379d006aa2f6f541dc87d29867cded9d838d1b,e3b0c44298fc1c149afbf4c8996fb92427ae41e4649b934ca495991b7852b855,0,0,0,0,0,0,0,0
15,B_TOPOLOGY_SHUFFLED,2,15|B_TOPOLOGY_SHUFFLED|2,resp_05bfa23c90c2ee5e006aa2f6f5267087d2b5ddbc703aa63db4,06a3ad7b24d2e449a25e98ceb1c5a016f35753fe49b29430527bdbe86ed91acc,0,0,0,0,1,0,0,1
15,C_ORDER_SHUFFLED,0,15|C_ORDER_SHUFFLED|0,resp_0a394c8f95b95bdc006aa2f6f51e1887d2aed95f9e277ce13b,bc5fdeac7507d9c9b394812140f41634addcfd0144bd51f8ec9406a7ab15d8ac,0,0,0,0,1,0,0,1
15,C_ORDER_SHUFFLED,1,15|C_ORDER_SHUFFLED|1,resp_02047766a7594707006aa2f6f57a6487d2b41c6cc04acf0f9b,d418cca4f7c8f2414f7dd9c451cd0ae1eb9ff581a35a4ba536c636cdb0a4d449,0,0,0,0,0,0,0,0
15,C_ORDER_SHUFFLED,2,15|C_ORDER_SHUFFLED|2,resp_0657d6853de474f2006aa2f6f57ea887d2bd4c61d100ed869b,357824fe884d9deec08c661aea2d6a84664d70415d88a6eef1ef559dea6a2c64,1,0,0,0,1,1,0,3
15,D_DIRECTION_REVERSED,0,15|D_DIRECTION_REVERSED|0,resp_09f7bbde9efa200c006aa2f6f5b34087d2a9ae26b22f0d7f08,3df0ad64b898a2b6394fb460816a78d9d0067ac5f88a9028f063cd8091c782b7,0,0,0,0,0,0,0,0
15,D_DIRECTION_REVERSED,1,15|D_DIRECTION_REVERSED|1,resp_0e84a2f31928eac0006aa2f6f5da2487d2ae3c12b27796d357,deab3635302de15d41706eaf543b5a5c3576d79d51b21a263a82e68c0907f91d,0,0,0,0,0,0,0,0
15,D_DIRECTION_REVERSED,2,15|D_DIRECTION_REVERSED|2,resp_0547ac64fad2a9ed006aa2f6f5d26087d2ae57b552c09d9bab,5b53b66af19d71f25773ed027e7d78df9c26bad0807c0b0f38e475db2fc30635,0,0,0,0,1,0,0,1
15,E_META_CONTROL_ABLATED,0,15|E_META_CONTROL_ABLATED|0,resp_021e5c4cc7b761d4006aa2f6f67b9487d2bffb609e8751d811,bade5f705fb1646c6e2d8fe75970a977b96b0d1028dc6b18959f707012bfaa34,0,0,0,0,1,0,0,1
15,E_META_CONTROL_ABLATED,1,15|E_META_CONTROL_ABLATED|1,resp_0555d960e44d13cf006aa2f6f6d7d087d28f0e1fcfcc810bf3,226ca7a032fee6a58c24f38c238417ce8821034ead3ddedf595e9d16e4b170dc,0,0,0,0,0,0,0,0
15,E_META_CONTROL_ABLATED,2,15|E_META_CONTROL_ABLATED|2,resp_05ae9769f6337f2f006aa2f6f7b38c87d2aeb875eaf4e0660b,634239d885925c21b21afe2543fd7bad580f03b3a292bf65734c0951d0d6e717,0,0,0,0,0,0,0,0
15,F_PRESERVATION_ABLATED,0,15|F_PRESERVATION_ABLATED|0,resp_0d74be9415b048e5006aa2f6f7da7487d2b257802bc8ec0c65,93f16d192c323bf7df9ed4f0c58a4009d4e5d385928cee562f3fa82fcf95bcbf,0,0,0,0,1,0,0,1
15,F_PRESERVATION_ABLATED,1,15|F_PRESERVATION_ABLATED|1,resp_029f925a19fa10ac006aa2f6f816b087d2a9d494328f78ef0a,fcc4123939c09b84c51ce91a7a5c0713ccc88e8ee55797a6d87846912520f2cc,0,0,0,0,1,0,0,1
15,F_PRESERVATION_ABLATED,2,15|F_PRESERVATION_ABLATED|2,resp_0042415cc8c0c39e006aa2f6f8b27487d29df921cf89ba9dec,624fbe884dbcbc29b8eab8820c4f320e142414e5806cee5bff22b1b6a0b2c498,0,0,0,0,0,0,0,0
15,G_SURFACE_SUBSTITUTED,0,15|G_SURFACE_SUBSTITUTED|0,resp_0242c398cf15ec25006aa2f6f9190c87d294146fa92432ea21,e3b0c44298fc1c149afbf4c8996fb92427ae41e4649b934ca495991b7852b855,0,0,0,0,0,0,0,0
15,G_SURFACE_SUBSTITUTED,1,15|G_SURFACE_SUBSTITUTED|1,resp_0a97738807d23936006aa2f6f92b4487d2a807557e4205c7af,34c6b2bde1c053e41be33d9ecbb3e4a5c8356c951a312efff840d078cb9f6ee7,1,0,1,0,0,0,0,2
15,G_SURFACE_SUBSTITUTED,2,15|G_SURFACE_SUBSTITUTED|2,resp_0e802da3d7279b0a006aa2f6f9442c87d2a8e64088110640d7,5e81165f8064f729c6a2249c875a26448d98c776fdd55966522847468ee1069e,0,1,0,1,1,0,0,3
15,H_AUTHENTIC_PERTURBED,0,15|H_AUTHENTIC_PERTURBED|0,resp_0281f18d536b8fc4006aa2f6f96f9487d28b11281f3b6d70cb,e3b0c44298fc1c149afbf4c8996fb92427ae41e4649b934ca495991b7852b855,0,0,0,0,0,0,0,0
15,H_AUTHENTIC_PERTURBED,1,15|H_AUTHENTIC_PERTURBED|1,resp_06822fc0fb986313006aa2f6f96f1c87d29ebf01ba2a584e80,b90b72cb8a1951145833b064804138d75499d97e6bf586d65b006989a7e0c3b4,0,0,0,0,1,0,0,1
15,H_AUTHENTIC_PERTURBED,2,15|H_AUTHENTIC_PERTURBED|2,resp_053673634252df02006aa2f6f9753087d2b41db93d28dbeec1,e3b0c44298fc1c149afbf4c8996fb92427ae41e4649b934ca495991b7852b855,0,0,0,0,0,0,0,0
15,I_SHUFFLED_PERTURBED,0,15|I_SHUFFLED_PERTURBED|0,resp_01752a48bd79f165006aa2f6f9b04c87d285d0a69ec2f09d8f,92b6388717a968f57c18256f296030c689f83f6d79f053304aea9ac53d2147e0,0,0,0,0,0,0,0,0
15,I_SHUFFLED_PERTURBED,1,15|I_SHUFFLED_PERTURBED|1,resp_0adc0fce75e7c07e006aa2f6f9f35c87d2aa6e217f28c71278,e3b0c44298fc1c149afbf4c8996fb92427ae41e4649b934ca495991b7852b855,0,0,0,0,0,0,0,0
15,I_SHUFFLED_PERTURBED,2,15|I_SHUFFLED_PERTURBED|2,resp_0f11a78aeb466f55006aa2f6fbb8e487d288e8ae6d83448643,e3b0c44298fc1c149afbf4c8996fb92427ae41e4649b934ca495991b7852b855,0,0,0,0,0,0,0,0
15,J_RECURSION_CONTROL,0,15|J_RECURSION_CONTROL|0,resp_016e435ae8568cdf006aa2f6fb896c87d2adf93d4cf88581be,aa9b5b23f9d7cc5f667b79b408871a73fe96c166e16b618b834a4401ed34f9ab,0,0,0,0,0,0,0,0
15,J_RECURSION_CONTROL,1,15|J_RECURSION_CONTROL|1,resp_0fb021d7c27d5de0006aa2f6fb9b9487d291e76ef1f7af1dd2,4471e97a59358adbf5d03ff9057d2f9a1662710e5e72dc4b27d5490d8b17bcf0,0,0,0,0,0,0,0,0
15,J_RECURSION_CONTROL,2,15|J_RECURSION_CONTROL|2,resp_04e41bb7882a06d3006aa2f6fc230c87d28b109edebba2f366,0bf01c7ac4e7c666e84fe8943f48d4f096d0abb526682210bb584624779ed56e,0,0,0,0,0,0,0,0
15,K_COMPLEXITY_CONTROL,0,15|K_COMPLEXITY_CONTROL|0,resp_06821aa9053dc316006aa2f6fc675487d29b2459994623773e,b4363188b3ed072325977c52e8690d6e3edb3b97cd9bdec182c75c7780981617,0,0,0,0,0,0,0,0
15,K_COMPLEXITY_CONTROL,1,15|K_COMPLEXITY_CONTROL|1,resp_0552c2ff5d2909e1006aa2f6fce59c87d2bafcf9919a4f4c1a,3ce6f33351300e04b661acc14979a27fccc09211d5a75180c254ddf46f3585a9,0,0,0,0,1,0,0,1
15,K_COMPLEXITY_CONTROL,2,15|K_COMPLEXITY_CONTROL|2,resp_061f190be1f892d0006aa2f6fd0ff887d2a29a72754a5c81b1,7f724661e98dcfd20fe6b03f24e8e526c8ceb0903e07de85cc8bf8e34c40fbe1,1,0,0,0,0,0,0,1
15,L_COUNTERFACTUAL_PATH,0,15|L_COUNTERFACTUAL_PATH|0,resp_00feb1a73f0023f3006aa2f6fd1e8487d2a06e2a60c8277dde,d9bda314dda8ff4c9d6239e2e1cc3d6dcc145e1ae6783687e19b28ae018878a4,0,0,0,0,1,0,0,1
15,L_COUNTERFACTUAL_PATH,1,15|L_COUNTERFACTUAL_PATH|1,resp_085faed20993298e006aa2f6fd257087d290bf9251804a71fe,6e4a5cbae3ab334ba970ba9c52ab919527a5cfc84ce369babe5c6e4b37d596ad,0,0,0,0,0,0,0,0
15,L_COUNTERFACTUAL_PATH,2,15|L_COUNTERFACTUAL_PATH|2,resp_012ac495217798a0006aa2f6fd39a087d2ac7bd6bdb3cc4b08,2f8fd2055f3aa5a08c312d9f47e0eba9118f08cda31f0ee4358e1ccc278e7858,0,0,0,0,1,1,0,2
16,A100_AUTHENTIC_FULL_PREFIX,0,16|A100_AUTHENTIC_FULL_PREFIX|0,resp_06ed0b3b5a519de8006aa2f6fd3cc087d2b995315c02a4838c,d7f5023e2c1deab40d929706114f4df455875f09b3a1a6bc57dba7d19f9df20f,0,0,0,0,0,0,0,0
16,A100_AUTHENTIC_FULL_PREFIX,1,16|A100_AUTHENTIC_FULL_PREFIX|1,resp_051bfaac889299bb006aa2f6fd9bfc87d2b76463d996c6f3f8,ac7c71bdfdc22dde5bd43a6ce0c6f4b21434a268d2d0e5c53b7f96a3b2ed48af,1,0,0,0,1,0,0,2
16,A100_AUTHENTIC_FULL_PREFIX,2,16|A100_AUTHENTIC_FULL_PREFIX|2,resp_003125ba11c6da8b006aa2f6fef17c87d2ba46c015e5285440,810b1e93889028bb06132f1dcd5f506449aad592fc5fbbe2deeab6bb2787bd87,0,0,0,0,1,0,0,1
16,A25_AUTHENTIC_DOSE,0,16|A25_AUTHENTIC_DOSE|0,resp_0e0772b5dfdc136b006aa2f6ff602c87d2afd11a4465757653,a45449e465e3ddf59ecce3ff01a22b941b13ba51d472f9276f72c83486da5ad7,0,0,0,0,1,0,0,1
16,A25_AUTHENTIC_DOSE,1,16|A25_AUTHENTIC_DOSE|1,resp_04427b7e69e6b33f006aa2f6ff773087d2851dc042896cea9f,4c61b8f09c54e4c4b8167346ae36f99b55a5bc2768a856cfbb36dcd1996336d2,0,0,0,0,1,0,0,1
16,A25_AUTHENTIC_DOSE,2,16|A25_AUTHENTIC_DOSE|2,resp_0713677c7a30b9e9006aa2f6fff97887d2a75852edd250fa90,23a484e0a307cb143004fa985586bb5dd04095af1d114ebc20883e179355e96a,0,0,0,0,1,0,0,1
16,A50_AUTHENTIC_DOSE,0,16|A50_AUTHENTIC_DOSE|0,resp_004c7f28d765e329006aa2f700505887d285d2ad691b3b685f,7a5407e7b1f48efa9875d2c8eee182d3342762ee7effa0198f4d74acfdc9033b,0,0,0,0,1,0,0,1
16,A50_AUTHENTIC_DOSE,1,16|A50_AUTHENTIC_DOSE|1,resp_0a12ed16df8723e4006aa2f7006e5087d2b3423c411f2c9ba0,85fc5f82ad2ac4ce34db0926eec70c15fec06cbe7777fdaa3e55908d495354dc,0,0,0,0,0,0,0,0
16,A50_AUTHENTIC_DOSE,2,16|A50_AUTHENTIC_DOSE|2,resp_0b0ebec6dd12e8c7006aa2f700b1f487d2a25ad4596e2a2d8b,7e597aedf2bb7922fde0f4f10c472f6ee1f7f4300d85fe51675b8273ef6b6e65,0,0,0,0,1,0,0,1
16,A75_AUTHENTIC_DOSE,0,16|A75_AUTHENTIC_DOSE|0,resp_0a13f52ca9743fc9006aa2f70100f087d2b14969559d223e65,74d8dfab4c363facd0ce9f24d30ff2da1f33efcbfc50130c64396881740baeed,0,0,0,0,1,0,0,1
16,A75_AUTHENTIC_DOSE,1,16|A75_AUTHENTIC_DOSE|1,resp_064ad76aca03de5a006aa2f700fa2c87d2a3bf6ed6c90aad48,b8a5a431bb325868e7c0d7302e9fa7408cc68d299e0994808b166da4beabd21e,0,0,0,0,1,1,0,2
16,A75_AUTHENTIC_DOSE,2,16|A75_AUTHENTIC_DOSE|2,resp_028cd6bf5bb05294006aa2f701018087d2aa5ae7799ee4c5b6,e31e4c86b46bd3386b0dc0178e0dada3d9602b0113c9e6f3ce5b99e3dda5f7a8,0,0,0,0,1,1,0,2
16,B_TOPOLOGY_SHUFFLED,0,16|B_TOPOLOGY_SHUFFLED|0,resp_052c064de9f26588006aa2f701241c87d2bbf98436c83cb756,e3b0c44298fc1c149afbf4c8996fb92427ae41e4649b934ca495991b7852b855,0,0,0,0,0,0,0,0
16,B_TOPOLOGY_SHUFFLED,1,16|B_TOPOLOGY_SHUFFLED|1,resp_049405b7fe5af544006aa2f7023d7887d2a3aef561a43fed0a,8fc9ef6781a56b4116ef3071ce174eb5855c260f1ed159e0a0a0da9707998246,0,0,0,0,1,0,0,1
16,B_TOPOLOGY_SHUFFLED,2,16|B_TOPOLOGY_SHUFFLED|2,resp_0deaeff3acb227cb006aa2f702fd1087d2aa72b81b046f8d6f,2042f19d91459a55eb312441eb4540480a3a65407d9dadf9ef8120755c69fe8d,0,0,0,1,1,0,0,2
16,C_ORDER_SHUFFLED,0,16|C_ORDER_SHUFFLED|0,resp_082a6fdbf955eef5006aa2f703246887d298a0d7dcfa1171ee,6514baa3a42081c10df9aeea2b6adba81e4d4ab176ce05ee25f6bbf07099f1b8,0,0,0,0,1,1,0,2
16,C_ORDER_SHUFFLED,1,16|C_ORDER_SHUFFLED|1,resp_0694e0e0b19e5912006aa2f70358ec87d2917bd598f5ab8d18,e3b0c44298fc1c149afbf4c8996fb92427ae41e4649b934ca495991b7852b855,0,0,0,0,0,0,0,0
16,C_ORDER_SHUFFLED,2,16|C_ORDER_SHUFFLED|2,resp_0c53dc01672d8a81006aa2f7036ab887d29601af90fdddb4f8,7bd4ca55f5f996dd5f89d23e362ec4b6e913fd552ce900da89eefce0ae36d6aa,0,0,0,0,1,0,0,1
16,D_DIRECTION_REVERSED,0,16|D_DIRECTION_REVERSED|0,resp_068e8dbafb99e879006aa2f703dd1c87d28b24a812de080455,d6577b55b79fa00685fff68ee6b6eb743d77a7d90d546ec2980e5510b2c45052,0,0,0,0,1,0,0,1
16,D_DIRECTION_REVERSED,1,16|D_DIRECTION_REVERSED|1,resp_0e1b618ead7423ef006aa2f704857087d286a217ad8616b7e1,0da690a7be9fe31cb11727c533adbea24d59506cac64eb69ebb1498f90789b28,0,0,0,0,0,0,0,0
16,D_DIRECTION_REVERSED,2,16|D_DIRECTION_REVERSED|2,resp_0fdc542f9a014e96006aa2f704162487d2aa1ae8b6194e2aa8,51ef909ecb608ef04c32d00670e6a61bda91812369a7b3b04ec35d24e0537ca0,0,0,0,0,0,0,0,0
16,E_META_CONTROL_ABLATED,0,16|E_META_CONTROL_ABLATED|0,resp_0bca7edc6b34d4a2006aa2f704f01087d2890772a9b84156d6,0af60d42c4f53ca9937f5661e87a0a1d87e4651eade1bb93e37e14fca599c38f,0,0,0,0,1,0,0,1
16,E_META_CONTROL_ABLATED,1,16|E_META_CONTROL_ABLATED|1,resp_0642edfd50ce9e1b006aa2f70505c887d2b5013dfcaaaf4b56,d0c5226de2d6eb378c1e5eb37288d0b35901aa53ccb359bd8a73641df45a9894,0,0,0,0,1,0,0,1
16,E_META_CONTROL_ABLATED,2,16|E_META_CONTROL_ABLATED|2,resp_0fd9c3cb8c83bded006aa2f70576f087d28d482cee1322b871,99925c369361b6a24721de98e1671150ea2c66df1a50e605d23b034bf0aab398,0,0,0,0,1,0,0,1
16,F_PRESERVATION_ABLATED,0,16|F_PRESERVATION_ABLATED|0,resp_02cd4bcdb51b5f60006aa2f706cdc487d28f2149c7b65183ba,66a8c02faa933b5b388013d525d297c639a25f326e048fd07a013dc640cdf29f,0,0,0,0,0,0,0,0
16,F_PRESERVATION_ABLATED,1,16|F_PRESERVATION_ABLATED|1,resp_0b6d17828872b660006aa2f706c07087d2be50b9450ee5e5f1,e3f8bbd56e4f8dc7242257f75245632d40ae5f0c62da971272d8e2d3cd076d86,0,0,0,0,0,0,0,0
16,F_PRESERVATION_ABLATED,2,16|F_PRESERVATION_ABLATED|2,resp_09bb219f7bdd5787006aa2f706e8d087d282ba2a5d8cd5bd8e,5dabf86e7802d4b307780181acb95b318e36ff1f9c3bec24bef019215588926d,0,0,0,0,1,0,0,1
16,G_SURFACE_SUBSTITUTED,0,16|G_SURFACE_SUBSTITUTED|0,resp_006c2df3ac8f63b5006aa2f7070ba087d2b60f9faa31f50629,a776fa05e4ded2425344f8b6c04749e2abbfb0b75a95bdfb76774abd1250fa9f,0,0,0,0,0,0,0,0
16,G_SURFACE_SUBSTITUTED,1,16|G_SURFACE_SUBSTITUTED|1,resp_0e8ba61f5a2e6d68006aa2f70715d887d2b6f41540a133eac2,6b65bb5bd146fb5e30d9f1423629d68d4dcd8dbbf6cbb6f5683217d06ba16ab5,0,0,1,0,1,0,0,2
16,G_SURFACE_SUBSTITUTED,2,16|G_SURFACE_SUBSTITUTED|2,resp_0ee315ca5b5561d6006aa2f70774e487d2984926b7b717c5a0,8f9d9bfa41a4eae96614e40198c955e24912e8e317fe542866b660e6fcd12518,0,0,0,0,1,0,0,1
16,H_AUTHENTIC_PERTURBED,0,16|H_AUTHENTIC_PERTURBED|0,resp_09dabd13d583d8e6006aa2f70761e087d2bbe11fe037c53666,e3b0c44298fc1c149afbf4c8996fb92427ae41e4649b934ca495991b7852b855,0,0,0,0,0,0,0,0
16,H_AUTHENTIC_PERTURBED,1,16|H_AUTHENTIC_PERTURBED|1,resp_0e9c1978a945afeb006aa2f70809ec87d28fb3f8b890f7a35d,e3b0c44298fc1c149afbf4c8996fb92427ae41e4649b934ca495991b7852b855,0,0,0,0,0,0,0,0
16,H_AUTHENTIC_PERTURBED,2,16|H_AUTHENTIC_PERTURBED|2,resp_012e5354f11ac860006aa2f7092d7487d28eedd8555a75f233,e3b0c44298fc1c149afbf4c8996fb92427ae41e4649b934ca495991b7852b855,0,0,0,0,0,0,0,0
16,I_SHUFFLED_PERTURBED,0,16|I_SHUFFLED_PERTURBED|0,resp_0daa55e16892a6c6006aa2f709508887d2ab30bc37bd4896e1,a0b69d4841ec66583eab2dcdb06e497a86433c28eb31a1410d1aea2a941ef7ae,0,0,0,0,0,0,0,0
16,I_SHUFFLED_PERTURBED,1,16|I_SHUFFLED_PERTURBED|1,resp_0ac5e39cb17c08af006aa2f7097ca887d283fb8020b73970ee,b344d80e24a3679999fa964450b34bc24d1578a35509f934c1418b0a20d21a67,0,0,0,0,0,0,0,0
16,I_SHUFFLED_PERTURBED,2,16|I_SHUFFLED_PERTURBED|2,resp_0dcfdb260b6e0888006aa2f709cce087d2b1e0a3f332d94f84,e3b0c44298fc1c149afbf4c8996fb92427ae41e4649b934ca495991b7852b855,0,0,0,0,0,0,0,0
16,J_RECURSION_CONTROL,0,16|J_RECURSION_CONTROL|0,resp_018e401d7b61a592006aa2f70a5acc87d2b145c3d87de39619,9f5c3ed6d2722227a59181b53bd09d58515553265ba95b08b691174fe0e69ecd,0,0,0,0,1,0,0,1
16,J_RECURSION_CONTROL,1,16|J_RECURSION_CONTROL|1,resp_059b64a612d67d31006aa2f70acb6887d2941084fa668ebe4a,e3b0c44298fc1c149afbf4c8996fb92427ae41e4649b934ca495991b7852b855,0,0,0,0,0,0,0,0
16,J_RECURSION_CONTROL,2,16|J_RECURSION_CONTROL|2,resp_093103461f681481006aa2f70ad20c87d29ddccdda66a3372b,e3b0c44298fc1c149afbf4c8996fb92427ae41e4649b934ca495991b7852b855,0,0,0,0,0,0,0,0
16,K_COMPLEXITY_CONTROL,0,16|K_COMPLEXITY_CONTROL|0,resp_0fed34f09c831163006aa2f70b014087d2aa6c0b457bf8c99a,015c2221f24d7ab3764ccd4e7f549d9e823156a2559d1d74349973a12400bd15,0,0,0,0,1,0,0,1
16,K_COMPLEXITY_CONTROL,1,16|K_COMPLEXITY_CONTROL|1,resp_0a393df3b2e168fd006aa2f70b694087d2932693ed204f7c93,f3bbc3b247eef04a411db342bfb192cc2c1aef4013a3670bca101e8e35f67ca0,0,0,0,0,1,0,0,1
16,K_COMPLEXITY_CONTROL,2,16|K_COMPLEXITY_CONTROL|2,resp_0ff79f9cf4d1933d006aa2f70b589487d285fb129725549015,ce972640be2492f063d0e91186333fe196e0f2c0b03fdb44a989181b6242b29b,0,0,0,1,0,0,0,1
16,L_COUNTERFACTUAL_PATH,0,16|L_COUNTERFACTUAL_PATH|0,resp_0a3a23040c411dd7006aa2f70b701887d29a45818018b84024,4fad82bb596ac955dd495e5fd548a944462b4251444c7fce9427be303c372aac,0,0,0,0,1,1,0,2
16,L_COUNTERFACTUAL_PATH,1,16|L_COUNTERFACTUAL_PATH|1,resp_0a662dccbceb2bd6006aa2f70be8a887d29534edaf825cc573,94fc86070e23a866ac62df530900cbd5035b1f20be3503e28d4332343eb21535,0,0,0,0,1,0,0,1
16,L_COUNTERFACTUAL_PATH,2,16|L_COUNTERFACTUAL_PATH|2,resp_0388f59d2c09105b006aa2f70c4a6087d288bf869c808cad1b,e0c093ca99be6561187de2115bfb3156ae7c6dbb38c93d111c868e37b6a4e5a9,0,0,0,0,0,0,0,0
17,A100_AUTHENTIC_FULL_PREFIX,0,17|A100_AUTHENTIC_FULL_PREFIX|0,resp_0575dc808bcf5a4a006aa2f70d8bac87d2956b22a722092ba3,41c94d8584d2c06e8f03daf489d156d91c2a4793ca97c9f51e8b64cba8519d10,0,0,0,0,1,0,0,1
17,A100_AUTHENTIC_FULL_PREFIX,1,17|A100_AUTHENTIC_FULL_PREFIX|1,resp_095b980b3f8c225f006aa2f70dacdc87d2aa4b3a97a0b8207b,35d473ca6dc90fcaacf599d59e462755de4e02b6ff157946e17d80c9ccbcac24,0,0,0,0,1,0,0,1
17,A100_AUTHENTIC_FULL_PREFIX,2,17|A100_AUTHENTIC_FULL_PREFIX|2,resp_00d3dfb0d4e86c04006aa2f70da6b887d285f111d7a6011134,e510bf3e712e4ad68402359e552ec8656c37832761bc238467223f607b1dccf5,0,0,0,0,1,0,0,1
17,A25_AUTHENTIC_DOSE,0,17|A25_AUTHENTIC_DOSE|0,resp_0fcb729dd7613308006aa2f70e0b8887d2904ac0165310f21d,28edef0cb555b4b1863f173f98425395ed3439ffa560b55c3eac27e06609f034,0,0,0,0,1,0,0,1
17,A25_AUTHENTIC_DOSE,1,17|A25_AUTHENTIC_DOSE|1,resp_08403ef6af58aba2006aa2f70df7d487d2af07cc8600958d4b,bb0049f62111cb0e6866ceec7beffc9a5c08dfb0dfff9f3106d5bdd739c1d192,0,0,0,0,0,0,0,0
17,A25_AUTHENTIC_DOSE,2,17|A25_AUTHENTIC_DOSE|2,resp_0c205f26878d24d0006aa2f70e4b6487d2a243e4a60886c182,bd209179d526ac72630c26387fb569874821683fdba772a5a6ec438b05d570f2,0,0,0,0,1,0,0,1
17,A50_AUTHENTIC_DOSE,0,17|A50_AUTHENTIC_DOSE|0,resp_0b7eeeec82343e5f006aa2f70e9d7887d2bb370a787a4ab54d,1da42e24ae278757e49cd7a2a20ab7a9acae2341cd59fc64737d5bdf75121bf0,0,0,0,0,0,0,0,0
17,A50_AUTHENTIC_DOSE,1,17|A50_AUTHENTIC_DOSE|1,resp_02560c61681422dd006aa2f70ecd2087d29b22e3d596133db0,41f4bfdc9f34a336a3c1b8a42b3cf723538a0ebf6dc2239aab4362732dc64afb,0,0,0,0,0,0,0,0
17,A50_AUTHENTIC_DOSE,2,17|A50_AUTHENTIC_DOSE|2,resp_0e1602b99e28a2a6006aa2f70f72a487d2869c78d4d55f1d9a,05143d00b2011688a1e9c02262f35a59bd2be8f7c3a3d008aba4b802a7b45107,0,0,0,0,1,0,0,1
17,A75_AUTHENTIC_DOSE,0,17|A75_AUTHENTIC_DOSE|0,resp_0a374df6f3a0f9b5006aa2f70fa86c87d29327ed6b969cdef7,0f7deeb130ff2c8d92264cc992e2c2435a6a9de7d1c557aabe786616f0b3c939,0,0,0,0,1,0,0,1
17,A75_AUTHENTIC_DOSE,1,17|A75_AUTHENTIC_DOSE|1,resp_0452c9aab37f9e73006aa2f70fd9d887d28f391b23099c1d8c,d8bf9add3578ce3a092fac3682524317a355b072d4eef837fa92b185e9c07aa4,0,0,0,0,0,0,0,0
17,A75_AUTHENTIC_DOSE,2,17|A75_AUTHENTIC_DOSE|2,resp_0be79384e0dff85f006aa2f710058c87d2ad08fb8bfe30131e,128f12f7174ec600a50da8da314220fa90844c7c3766c13299aa3370b7be9c69,0,0,0,0,0,0,0,0
17,B_TOPOLOGY_SHUFFLED,0,17|B_TOPOLOGY_SHUFFLED|0,resp_057075d90c3e31c4006aa2f710ca2887d284b2e64498fcd7be,faafbdafbf2f236326d06097b343e79047f5490206e5531b43c8277accb34f5e,0,0,0,0,1,0,0,1
17,B_TOPOLOGY_SHUFFLED,1,17|B_TOPOLOGY_SHUFFLED|1,resp_0539668657889eca006aa2f710d9f087d2abfaa6827803eb57,36464f14b9f8499182fcd503df8072dc94de9915cb2b8093e3552c8d83772c15,0,0,0,0,1,0,0,1
17,B_TOPOLOGY_SHUFFLED,2,17|B_TOPOLOGY_SHUFFLED|2,resp_067f4d17dede8a59006aa2f71295a087d2b753efbc1cfd3ee0,49400de1a35227a724cfeea603177b7558fdf807ed2e41749f14560931687f62,0,0,0,0,0,0,0,0
17,C_ORDER_SHUFFLED,0,17|C_ORDER_SHUFFLED|0,resp_0bb423a99674f084006aa2f711480087d2b1e32faaa44fd6fe,476f97afe04b714c2308ea9891c0c20283a09418a70b38724df942fe4efb1d04,0,0,0,0,1,1,0,2
17,C_ORDER_SHUFFLED,1,17|C_ORDER_SHUFFLED|1,resp_01c0b9a74d8024bb006aa2f711dff487d29c079eb79eb8f355,e3b0c44298fc1c149afbf4c8996fb92427ae41e4649b934ca495991b7852b855,0,0,0,0,0,0,0,0
17,C_ORDER_SHUFFLED,2,17|C_ORDER_SHUFFLED|2,resp_0ac8c2e04851b700006aa2f711be4887d299a8c0f136977c22,e3b0c44298fc1c149afbf4c8996fb92427ae41e4649b934ca495991b7852b855,0,0,0,0,0,0,0,0
17,D_DIRECTION_REVERSED,0,17|D_DIRECTION_REVERSED|0,resp_008737175305e973006aa2f7124bc887d2b0bab11c0ea4f029,048499ae9dfe12df0daf0b9e13ddc6a2974fc90aaba00233259c83786dde5462,0,0,0,0,0,0,0,0
17,D_DIRECTION_REVERSED,1,17|D_DIRECTION_REVERSED|1,resp_0c8133bc10274d01006aa2f712b6fc87d29e2dbcf1fec7a183,e087bb2600456c4df2936cbe1b4a49b3ad09b304ab59d709f634eb08393fc1c7,0,0,0,0,0,0,0,0
17,D_DIRECTION_REVERSED,2,17|D_DIRECTION_REVERSED|2,resp_01b69b81730fdcd0006aa2f713189487d2bf29ffdd9d412936,64d731e6700e95c323bddb92428c6b7231bd0b895d1349e72b25e687cb9117e1,0,0,0,0,0,0,0,0
17,E_META_CONTROL_ABLATED,0,17|E_META_CONTROL_ABLATED|0,resp_02305b19d798170d006aa2f7137c4087d2a810c82685a48f15,ce3573068ace64ac361af015d15978a24babeef9252d34d8891e0c31f8ae56a6,0,0,0,0,1,0,0,1
17,E_META_CONTROL_ABLATED,1,17|E_META_CONTROL_ABLATED|1,resp_096339ffcd7ab5df006aa2f713adfc87d29df65bdbd021d8e1,6c4ab332f7bfbadff6437862700865768aad76322ae15853d06b8d6cc8c70faf,1,0,0,1,1,0,0,3
17,E_META_CONTROL_ABLATED,2,17|E_META_CONTROL_ABLATED|2,resp_03fc4bbfc090127d006aa2f713eb3c87d2bc52b3e63d1dc775,2fe04a87b5fca1562a8466e783408a573ccef6428dc6cdd985aa1b1c8c27d98f,0,0,0,0,0,0,0,0
17,F_PRESERVATION_ABLATED,0,17|F_PRESERVATION_ABLATED|0,resp_034bbd154cdac1e7006aa2f714acb087d2be7f36ab207fa68c,bceba701bf07611f4a21ca4cc7143b000333e70540a8933e7018e3dc27d8b245,0,0,0,0,0,0,0,0
17,F_PRESERVATION_ABLATED,1,17|F_PRESERVATION_ABLATED|1,resp_0b4b5368d6842b03006aa2f714f70887d28d7bad370fc13e78,c47d3593c19bece4ebcdbea4984b099481d080c16adbe3b508d65493330eb9a2,1,0,0,0,0,0,0,1
17,F_PRESERVATION_ABLATED,2,17|F_PRESERVATION_ABLATED|2,resp_080cd47f29c8a418006aa2f715312487d2b316ee67e802db93,b95fe345f2dcb3c089b04c4365a280394769228dea84c330b0746534a1b70135,0,0,0,0,0,1,0,1
17,G_SURFACE_SUBSTITUTED,0,17|G_SURFACE_SUBSTITUTED|0,resp_0cd721f74b6fe4cb006aa2f715478c87d291f3f9e1c6db4b19,e3b0c44298fc1c149afbf4c8996fb92427ae41e4649b934ca495991b7852b855,0,0,0,0,0,0,0,0
17,G_SURFACE_SUBSTITUTED,1,17|G_SURFACE_SUBSTITUTED|1,resp_0cb4bfacfd97f0a9006aa2f7159bb087d29756fd6c6ade333b,7fcfa228842f2c62c34dc89df1d654203bae5f603cfd00aba42c174abcf9d063,0,0,0,0,1,0,0,1
17,G_SURFACE_SUBSTITUTED,2,17|G_SURFACE_SUBSTITUTED|2,resp_09be939cd78510f7006aa2f715dcfc87d282e428897705b0b9,09c25db2856c6451b0b59a516680dff4f8b64dfc315a5b20721c6b2bdc740176,0,0,0,0,1,0,0,1
17,H_AUTHENTIC_PERTURBED,0,17|H_AUTHENTIC_PERTURBED|0,resp_08257243dae2b17d006aa2f715e55887d2b14f4fe61cfaf171,e3b0c44298fc1c149afbf4c8996fb92427ae41e4649b934ca495991b7852b855,0,0,0,0,0,0,0,0
17,H_AUTHENTIC_PERTURBED,1,17|H_AUTHENTIC_PERTURBED|1,resp_0115cea84c922449006aa2f7165e8087d2a39291921f8696ea,e3b0c44298fc1c149afbf4c8996fb92427ae41e4649b934ca495991b7852b855,0,0,0,0,0,0,0,0
17,H_AUTHENTIC_PERTURBED,2,17|H_AUTHENTIC_PERTURBED|2,resp_033b083cf6df1081006aa2f716f71887d298ff6fab2f849089,e3b0c44298fc1c149afbf4c8996fb92427ae41e4649b934ca495991b7852b855,0,0,0,0,0,0,0,0
17,I_SHUFFLED_PERTURBED,0,17|I_SHUFFLED_PERTURBED|0,resp_0740c45a2d97c024006aa2f71751c087d29c16503ba230564a,1ad1d03147840cd1bf598f78fccd63d08a6377835c028062d51c3832905fd257,0,0,0,0,1,0,0,1
17,I_SHUFFLED_PERTURBED,1,17|I_SHUFFLED_PERTURBED|1,resp_0f58f6185f726938006aa2f717794487d280b85def06251727,f918837e0d4d236646994955282304fc0ca09ef355b2671ab02bbee5173758c5,1,0,0,0,1,1,0,3
17,I_SHUFFLED_PERTURBED,2,17|I_SHUFFLED_PERTURBED|2,resp_0b759da9e1e95f13006aa2f7182d5c87d2aba011ad90ebdb48,e3b0c44298fc1c149afbf4c8996fb92427ae41e4649b934ca495991b7852b855,0,0,0,0,0,0,0,0
17,J_RECURSION_CONTROL,0,17|J_RECURSION_CONTROL|0,resp_0534b9fa96037f5d006aa2f718bfcc87d2a6efe1c3f0bb4ab7,1621ebc1000571a784c90e2294202d9b4c432343e24111e65218c3ee50167682,0,0,0,0,0,0,0,0
17,J_RECURSION_CONTROL,1,17|J_RECURSION_CONTROL|1,resp_04143d520836a71e006aa2f7190fe487d2808c4731791fd49f,73355833d098da089a209a045f663fab9a6488db26e5a6164e5f78c2b3b3e155,0,0,0,0,0,0,0,0
17,J_RECURSION_CONTROL,2,17|J_RECURSION_CONTROL|2,resp_0507f4f6b58f602d006aa2f71922f087d29c3f5d832b40ce42,e5d3e481313b6efc9a715eafa6e7cc6b488dafa5a3ad86192882f42335cffe61,0,0,0,0,0,0,0,0
17,K_COMPLEXITY_CONTROL,0,17|K_COMPLEXITY_CONTROL|0,resp_024b839c230dd4d5006aa2f7198d3887d28f3bf37cd1b2cc6b,5a1058756cc6a1f1b270ec9a87346a381d389c860766da2764b39eb0f0c7e7ed,0,0,0,1,1,0,0,2
17,K_COMPLEXITY_CONTROL,1,17|K_COMPLEXITY_CONTROL|1,resp_09757bd5234d296f006aa2f7197f8087d281a96e5e2aaa8ccc,7c2d9201e6038c4fcd3fe597a01b7078c6e5185b5b8a3ebaac6f9cec24f70d19,0,0,0,0,0,0,0,0
17,K_COMPLEXITY_CONTROL,2,17|K_COMPLEXITY_CONTROL|2,resp_0fdeea7c96b451aa006aa2f719a01887d2b6641a9fb23993e6,1635820b33ab1a3aaa24d4874caa53449102c293c70fc61fe90376ae3e6927f0,0,0,1,0,1,0,0,2
17,L_COUNTERFACTUAL_PATH,0,17|L_COUNTERFACTUAL_PATH|0,resp_0a940d52d5c08310006aa2f719bb5887d2a89b7d54bc7e3c43,5e52fa209ad69ab8f81ffad249b993001eefc4ea294769263c6f9d00f237d982,0,0,0,0,1,0,0,1
17,L_COUNTERFACTUAL_PATH,1,17|L_COUNTERFACTUAL_PATH|1,resp_04324afeb248cfd9006aa2f71a7fd087d2a59587e3e0722b4e,b6b32305e1d2321a38d82608cdec1f6e4c95cdea03642811bc100d6a71bce980,0,0,0,0,1,0,0,1
17,L_COUNTERFACTUAL_PATH,2,17|L_COUNTERFACTUAL_PATH|2,resp_0fc4696c725f1d71006aa2f71abd1087d28effa533f6029874,e2dcaea62307673963d2c0b5bfde18d6f0b7ef7e51c39c9c6786d49b8e15f04a,0,0,0,0,1,0,0,1
18,A100_AUTHENTIC_FULL_PREFIX,0,18|A100_AUTHENTIC_FULL_PREFIX|0,resp_065a88344d11205e006aa2f71b580487d288b2231531503413,4c5bec0e746d1b7386db89ecbe3b5f82a235c5275c0c1dc6b0b7b28a7be6dd00,1,0,0,0,1,0,0,2
18,A100_AUTHENTIC_FULL_PREFIX,1,18|A100_AUTHENTIC_FULL_PREFIX|1,resp_089cb3b1a0200531006aa2f71b9d7087d2930f37d146af410a,e3b0c44298fc1c149afbf4c8996fb92427ae41e4649b934ca495991b7852b855,0,0,0,0,0,0,0,0
18,A100_AUTHENTIC_FULL_PREFIX,2,18|A100_AUTHENTIC_FULL_PREFIX|2,resp_07d062b001cf0784006aa2f71bd44087d2af7a1a934953d4d4,8fec532e375d9fe7c8ace7dc778d8b682c32342e33195b21e7baf5753cb486d9,0,0,0,0,1,0,0,1
18,A25_AUTHENTIC_DOSE,0,18|A25_AUTHENTIC_DOSE|0,resp_05ab78aee2e27bf9006aa2f71c881087d28d181d1ae92d14af,bbb6d34b2ae4cace96be3b8464cb466a4c38df08de3b63ad726c7b6b5dbdba70,0,0,0,0,0,0,0,0
18,A25_AUTHENTIC_DOSE,1,18|A25_AUTHENTIC_DOSE|1,resp_08cab51d5ca9339b006aa2f71cef3887d28df9d199f6d725be,c05736fbc8da076ac9c4221f0f43f2954bc6f67509b8665420f08b5b064f4c80,0,0,0,0,0,0,0,0
18,A25_AUTHENTIC_DOSE,2,18|A25_AUTHENTIC_DOSE|2,resp_0a4e0f899bdf6b91006aa2f71d0d0c87d2bffc47a641b3acc3,4678bd03ed0fb2b6ed9c0b4b28fb147e15b42fa21ff48c839b73010fe2105b26,0,0,0,0,1,0,0,1
18,A50_AUTHENTIC_DOSE,0,18|A50_AUTHENTIC_DOSE|0,resp_0c92d92b59b1a7e9006aa2f71d6a9c87d293319ee4572c3884,827bcc1470808d5314251ef7891a9c676b1ec480525d28087a0e4779969f3e13,0,0,0,0,1,0,0,1
18,A50_AUTHENTIC_DOSE,1,18|A50_AUTHENTIC_DOSE|1,resp_06aab02c9ef45d07006aa2f71dc1d087d2887f2ece75350664,168747ff6ffb03e5dcdd495a1ce16b3c78d0c0c4c7229f01cd0321f778c64955,0,0,0,0,1,0,0,1
18,A50_AUTHENTIC_DOSE,2,18|A50_AUTHENTIC_DOSE|2,resp_0c04d9a6bd62c219006aa2f71dfa9887d294fb714ae0c2da2c,c4e477bdb6f9a2a219ceb3f17794ec18f685eaa8703630ea42b9e076a7435047,0,0,0,0,0,0,0,0
18,A75_AUTHENTIC_DOSE,0,18|A75_AUTHENTIC_DOSE|0,resp_0bfc925e3427cf23006aa2f71e54b487d2be3ca93cec601810,feb7ba6bf824f946d7ee6aea719091b2eaa1236d8b8c275fe4fdccfa102fee73,0,0,0,0,0,0,0,0
18,A75_AUTHENTIC_DOSE,1,18|A75_AUTHENTIC_DOSE|1,resp_0effcce2b8da3c86006aa2f71e792087d2b1883cf48c3b964c,bc5394ca7906fc2902fdef01b96c2c16f518128e4312cfca9a0f748a05095190,0,0,0,0,1,0,0,1
18,A75_AUTHENTIC_DOSE,2,18|A75_AUTHENTIC_DOSE|2,resp_0d08e64a6b3406f4006aa2f71e809487d289087f7251453f9b,54d293c3361affafa8ccc21c16ac1e07bec5e0f50cfafbf91e8b9a159b119ae6,0,0,0,0,1,0,0,1
18,B_TOPOLOGY_SHUFFLED,0,18|B_TOPOLOGY_SHUFFLED|0,resp_0e1da8f0dd8d47f8006aa2f71f3bc087d2a9c89fdd245f2f5d,ba98ecd6ea12eb0fb2a4d21b183081956bb2ef32dd02dffff4f35a66af4d8280,0,0,0,0,0,1,0,1
18,B_TOPOLOGY_SHUFFLED,1,18|B_TOPOLOGY_SHUFFLED|1,resp_0cd9a7fd5dad372a006aa2f71f520887d2aab25cea86c5bde8,5fddd94e00e817d3920e1c8117262d133a334d8208185c07e1b511f25b10888b,0,0,0,0,0,0,0,0
18,B_TOPOLOGY_SHUFFLED,2,18|B_TOPOLOGY_SHUFFLED|2,resp_09583be62fed0e26006aa2f71f629c87d28925c552d7db598e,adb5d4baf2f77f36b30363229654f0529bdcaf79fc7f36cf9755a3524303a25b,0,0,0,0,0,0,0,0
18,C_ORDER_SHUFFLED,0,18|C_ORDER_SHUFFLED|0,resp_03414bb2f60ce269006aa2f7202a8487d2a55c225692ffdf65,e3b0c44298fc1c149afbf4c8996fb92427ae41e4649b934ca495991b7852b855,0,0,0,0,0,0,0,0
18,C_ORDER_SHUFFLED,1,18|C_ORDER_SHUFFLED|1,resp_0277d4f9f9403e8d006aa2f72048f887d29db64b29f8d681c2,e3b0c44298fc1c149afbf4c8996fb92427ae41e4649b934ca495991b7852b855,0,0,0,0,0,0,0,0
18,C_ORDER_SHUFFLED,2,18|C_ORDER_SHUFFLED|2,resp_0cefb51584ac7458006aa2f720772087d282a9f1608dae48f0,e3b0c44298fc1c149afbf4c8996fb92427ae41e4649b934ca495991b7852b855,0,0,0,0,0,0,0,0
18,D_DIRECTION_REVERSED,0,18|D_DIRECTION_REVERSED|0,resp_036d5c8ba55edcd8006aa2f720f61087d280c88ff187c96600,e3b0c44298fc1c149afbf4c8996fb92427ae41e4649b934ca495991b7852b855,0,0,0,0,0,0,0,0
18,D_DIRECTION_REVERSED,1,18|D_DIRECTION_REVERSED|1,resp_0d1fc7002e9da919006aa2f721767887d2b396f161a16d9705,1dc0472d472edc5ff0f1be2acab6c5ff24f0b3cf54920cc86eb0e0384e65e80a,0,0,0,0,0,0,0,0
18,D_DIRECTION_REVERSED,2,18|D_DIRECTION_REVERSED|2,resp_028769908acc3b92006aa2f721a57487d296b25fd158f9bec0,81999000a365db3b09170b58ad07607316eab821a3416bb3a02e013dfd311d30,0,0,0,0,1,0,0,1
18,E_META_CONTROL_ABLATED,0,18|E_META_CONTROL_ABLATED|0,resp_0cb91f82cab03e9a006aa2f721b80087d2b9ae65d9b2c32004,0681ee63b436377e574753c8f65783cbed45220b7b7bca356b263f986b38e64c,0,0,0,0,0,0,0,0
18,E_META_CONTROL_ABLATED,1,18|E_META_CONTROL_ABLATED|1,resp_0cdcc00980344ed7006aa2f721e0f087d28d72e8fb9676d140,0631cb97c7a5d83a9ee1b125bf3fda2d1f6f92d0361e34a8b0f448f880bffb80,0,0,0,0,1,0,0,1
18,E_META_CONTROL_ABLATED,2,18|E_META_CONTROL_ABLATED|2,resp_0ae30d7ef5a172c5006aa2f722758087d293f9ef09da700097,1d4ca6f9f8a40f5dabd354b973a65ee492dc9610eaa9093e755a1f886ec763b9,0,0,0,0,1,0,0,1
18,F_PRESERVATION_ABLATED,0,18|F_PRESERVATION_ABLATED|0,resp_00445054cd55acbe006aa2f722bd6887d28add33a8f8fe0886,197d81eec0889cde2ca4a810aab73f6ed787f602d1fb5bd65340d76f5d339697,0,0,0,0,0,0,0,0
18,F_PRESERVATION_ABLATED,1,18|F_PRESERVATION_ABLATED|1,resp_0a5162630a7a9d25006aa2f7231bcc87d281a8a7f351820d65,c5a4f6e262af068a03c8a72023097459aee263d4c8c6dd4376026731480cda9b,1,0,0,0,0,0,0,1
18,F_PRESERVATION_ABLATED,2,18|F_PRESERVATION_ABLATED|2,resp_0be7bec6bbe72878006aa2f72348b087d2a8e037fffca0b914,7e62b7a985c830fdd4e136429db03c9fc2cf196e4f54fe72a1bd2e18e3216699,0,0,0,0,0,0,0,0
18,G_SURFACE_SUBSTITUTED,0,18|G_SURFACE_SUBSTITUTED|0,resp_083d439729b9f84b006aa2f7235eb887d28736d1019fdde6cf,71152fd6bda7eedb70e57d0ead68fb6d361affa6ec075c0c41e1401d9291a126,1,0,0,0,0,0,0,1
18,G_SURFACE_SUBSTITUTED,1,18|G_SURFACE_SUBSTITUTED|1,resp_0149c0359002f7f8006aa2f723d4a087d298956a75b2f54dc9,1b621fb76a18c239f63021a6fc98e432bcf3e5f354c06ecf669478412812eb81,0,0,0,0,1,0,0,1
18,G_SURFACE_SUBSTITUTED,2,18|G_SURFACE_SUBSTITUTED|2,resp_030745594a2811f4006aa2f723f76087d2897dd48df4cd589e,e3b0c44298fc1c149afbf4c8996fb92427ae41e4649b934ca495991b7852b855,0,0,0,0,0,0,0,0
18,H_AUTHENTIC_PERTURBED,0,18|H_AUTHENTIC_PERTURBED|0,resp_0ecf7b1539c75311006aa2f724cfec87d2a1f111561379289b,e3b0c44298fc1c149afbf4c8996fb92427ae41e4649b934ca495991b7852b855,0,0,0,0,0,0,0,0
18,H_AUTHENTIC_PERTURBED,1,18|H_AUTHENTIC_PERTURBED|1,resp_010dcb310f3a41b4006aa2f725ec3087d292f6f2871a5dee12,3e06a6e96210d66d0891ab60421bb9ec7ab05b397a0f3e71a27bdad5d441df98,1,0,0,0,1,0,1,3
18,H_AUTHENTIC_PERTURBED,2,18|H_AUTHENTIC_PERTURBED|2,resp_0f28104aa073ebe8006aa2f725ad3487d2adb5cb98e7ec8416,be1b8bd2403323c121933f476fb76bbedf98430bfd6f90433ade799d5490d183,0,0,0,0,0,0,0,0
18,I_SHUFFLED_PERTURBED,0,18|I_SHUFFLED_PERTURBED|0,resp_0bd9e59f97efe531006aa2f726154487d2997669f09e536923,e3b0c44298fc1c149afbf4c8996fb92427ae41e4649b934ca495991b7852b855,0,0,0,0,0,0,0,0
18,I_SHUFFLED_PERTURBED,1,18|I_SHUFFLED_PERTURBED|1,resp_090fc1d40bcaa770006aa2f726999487d2a22105af23b73a4a,e3b0c44298fc1c149afbf4c8996fb92427ae41e4649b934ca495991b7852b855,0,0,0,0,0,0,0,0
18,I_SHUFFLED_PERTURBED,2,18|I_SHUFFLED_PERTURBED|2,resp_09afc67ceaa9176f006aa2f726afb887d2b26c9baaec97835c,e3b0c44298fc1c149afbf4c8996fb92427ae41e4649b934ca495991b7852b855,0,0,0,0,0,0,0,0
18,J_RECURSION_CONTROL,0,18|J_RECURSION_CONTROL|0,resp_0f20f5539ce69402006aa2f7270ea487d2b90f5980dccef289,e3b0c44298fc1c149afbf4c8996fb92427ae41e4649b934ca495991b7852b855,0,0,0,0,0,0,0,0
18,J_RECURSION_CONTROL,1,18|J_RECURSION_CONTROL|1,resp_043768bdd8f535a9006aa2f726f03087d298949dfb3afec77a,e3b0c44298fc1c149afbf4c8996fb92427ae41e4649b934ca495991b7852b855,0,0,0,0,0,0,0,0
18,J_RECURSION_CONTROL,2,18|J_RECURSION_CONTROL|2,resp_09ca6d0adf9516d6006aa2f727489887d2a359a32e6aa1757b,0fbcea493e2e8e2036fb1342f531b4a42f3c95838c1c85a554dca659d3c7a0d1,0,0,0,0,0,0,0,0
18,K_COMPLEXITY_CONTROL,0,18|K_COMPLEXITY_CONTROL|0,resp_0e4243447616590a006aa2f7274e5487d2826cf4c54c9984ab,0c1f70b080e8c72eed11337bdab5c7c3de74b9e378190e5ccc47eff1b24e0cad,1,0,0,0,1,0,0,2
18,K_COMPLEXITY_CONTROL,1,18|K_COMPLEXITY_CONTROL|1,resp_06d7bcd55bd83409006aa2f727a66487d2afa978d85868b4a8,63035dda81203e7c83eca27fda5b8a0ca89f052d0fdca7af7c899bfa8552dcc3,0,0,0,0,0,0,0,0
18,K_COMPLEXITY_CONTROL,2,18|K_COMPLEXITY_CONTROL|2,resp_0f111c70c2e49145006aa2f728348487d291fba0f75c503780,2faf799d0699c7e92c329ca6e163fa442743aed0fa1a76d5e496c8cec27339ba,0,0,0,0,0,0,0,0
18,L_COUNTERFACTUAL_PATH,0,18|L_COUNTERFACTUAL_PATH|0,resp_0c4d57c366ca1f93006aa2f728978887d280012506c10ce929,3f28240c40ed0b78e718891d0b24169888960103dfa32d14af66f572c23a726a,0,0,0,0,0,0,0,0
18,L_COUNTERFACTUAL_PATH,1,18|L_COUNTERFACTUAL_PATH|1,resp_036e465bb2e47bfd006aa2f729631887d28e7c749747a806f1,8a6b91b462ae840ef96c3df44b2088ccb158949b61e5f07408b624d73e5ec2c8,0,0,0,1,1,0,0,2
18,L_COUNTERFACTUAL_PATH,2,18|L_COUNTERFACTUAL_PATH|2,resp_0191c2012f27301e006aa2f729f3e087d28735991f5d24c885,e3b0c44298fc1c149afbf4c8996fb92427ae41e4649b934ca495991b7852b855,0,0,0,0,0,0,0,0
19,A100_AUTHENTIC_FULL_PREFIX,0,19|A100_AUTHENTIC_FULL_PREFIX|0,resp_00c3f40a56aabd44006aa2f72a8c2487d2a46e62f099deec4d,2866d22268abaadaad09ec509b623d5862eac6d8e0e11c59e176a13a6a474157,0,0,0,0,1,0,0,1
19,A100_AUTHENTIC_FULL_PREFIX,1,19|A100_AUTHENTIC_FULL_PREFIX|1,resp_08ab00d31f5250bb006aa2f72ac97c87d2be8406bf521ae66b,62396617ca10c6468be69ecabed8db60a86905753061ee363c39bd17ff89ec16,0,0,0,0,1,0,0,1
19,A100_AUTHENTIC_FULL_PREFIX,2,19|A100_AUTHENTIC_FULL_PREFIX|2,resp_065e4652514ef574006aa2f72ad2dc87d29f621d24f917f68a,4bdb088314760842e384c0078fa1406b069fdf6e2f97c2aee041785b5a0e79c9,0,0,1,0,1,1,0,3
19,A25_AUTHENTIC_DOSE,0,19|A25_AUTHENTIC_DOSE|0,resp_0b3c1f8417883617006aa2f72afa8c87d28ff212b4be995c33,897d5788b3d65ed6f91dcd5687933a7048d138d4fa1da27c65a1397b6307a66c,1,0,0,0,0,0,0,1
19,A25_AUTHENTIC_DOSE,1,19|A25_AUTHENTIC_DOSE|1,resp_07d492f3f9764859006aa2f72b8d7087d28d666b2b22e13d80,900f611ca65f98f0cd2050bcfa47bb6ba400517c6f049d41a35be39f7671d099,0,0,0,0,1,0,0,1
19,A25_AUTHENTIC_DOSE,2,19|A25_AUTHENTIC_DOSE|2,resp_01ed6bbf099857f5006aa2f72b7c4487d297c9dbd44f64708c,dfdfa7c839a66c7a1a62d8390b31a4fa75291e44e30cea5a76b08841902530c2,0,0,0,0,0,0,0,0
19,A50_AUTHENTIC_DOSE,0,19|A50_AUTHENTIC_DOSE|0,resp_08355c707f06412a006aa2f72c046c87d2bfd78233278b86d2,98e74201c90fadadc93f102f5a968c154fef4351bc2d9d3b4b6cd9c524d17e30,0,0,0,0,0,0,0,0
19,A50_AUTHENTIC_DOSE,1,19|A50_AUTHENTIC_DOSE|1,resp_05525d8a61e76647006aa2f72c809887d2825c03b0e2f2fca8,e3b0c44298fc1c149afbf4c8996fb92427ae41e4649b934ca495991b7852b855,0,0,0,0,0,0,0,0
19,A50_AUTHENTIC_DOSE,2,19|A50_AUTHENTIC_DOSE|2,resp_02c0bf0e6f0bc59b006aa2f72d675887d29cda09a5bc2718fa,7dcde334d55de13ae5c8b724dae49586d9276f32c57fea511b2f7f5cade829f1,1,0,0,0,0,0,0,1
19,A75_AUTHENTIC_DOSE,0,19|A75_AUTHENTIC_DOSE|0,resp_0989f34f353580e0006aa2f72d9df487d2a1702fd72caf5318,7460feb1fbe8ad6f460a31d71ca6a40967385f4975158a2356990ca58faf977a,0,0,0,0,0,0,0,0
19,A75_AUTHENTIC_DOSE,1,19|A75_AUTHENTIC_DOSE|1,resp_09830d605978087e006aa2f72dc81887d2861b7e49cc5dadbc,dc03c99e8c333d2ae2a1d701162ce66c55b6cb065550e24e6bd515829541fc1a,0,0,0,0,0,0,0,0
19,A75_AUTHENTIC_DOSE,2,19|A75_AUTHENTIC_DOSE|2,resp_06d86e9bdd89dd73006aa2f72df7dc87d2870dc8b93a5f3a13,73be3200f9433888c3631f079035a6dec86e6ae703e39b95a965cb4b2b7c7bc2,0,0,0,0,0,0,0,0
19,B_TOPOLOGY_SHUFFLED,0,19|B_TOPOLOGY_SHUFFLED|0,resp_0f0ba6463bd88692006aa2f72eb52c87d282e7221758f35e12,c8d0a1d01e19e96b1ac5194a3988be7fa82878486c32e1709d63b36b6516ce98,0,1,0,0,1,0,0,2
19,B_TOPOLOGY_SHUFFLED,1,19|B_TOPOLOGY_SHUFFLED|1,resp_028c99e9972fa213006aa2f72eea2887d288c044aafa40d036,422cfadaf96908c733e42120c0855d779706d59bb49c15972f6f915f20c2320d,0,0,0,0,1,0,0,1
19,B_TOPOLOGY_SHUFFLED,2,19|B_TOPOLOGY_SHUFFLED|2,resp_0ec5159ff7ad634a006aa2f72f016887d289b0797e034caf32,b8f306eca92d7342544bc93cfdd78d6d649486d1195395f83e511a592f6f4b39,0,0,0,0,0,0,0,0
19,C_ORDER_SHUFFLED,0,19|C_ORDER_SHUFFLED|0,resp_0fa9e803d8c5bc23006aa2f72f9da087d29268dc9ddac8d408,2f7ce98bd6cb9fcd7c9454711ef0cf817ff3271f173b08aa95fc09ec59cdbf22,0,0,1,0,1,1,0,3
19,C_ORDER_SHUFFLED,1,19|C_ORDER_SHUFFLED|1,resp_046529ed183213b5006aa2f72f72e487d29e52b80e94073e87,3b893c51d003423d79a7ebe1f2b699cbe87cb45bc7273cbbbd47734c55f797e5,0,0,0,0,1,1,0,2
19,C_ORDER_SHUFFLED,2,19|C_ORDER_SHUFFLED|2,resp_0bf8de69068550bd006aa2f72f9cd487d28f39cb2c61d27530,e3b0c44298fc1c149afbf4c8996fb92427ae41e4649b934ca495991b7852b855,0,0,0,0,0,0,0,0
19,D_DIRECTION_REVERSED,0,19|D_DIRECTION_REVERSED|0,resp_093c7ebd3ce25718006aa2f730808c87d290a91f87448c55d3,e3b0c44298fc1c149afbf4c8996fb92427ae41e4649b934ca495991b7852b855,0,0,0,0,0,0,0,0
19,D_DIRECTION_REVERSED,1,19|D_DIRECTION_REVERSED|1,resp_06ae4c2040a95c9a006aa2f730d74887d2a75265dd2e7cf4d4,55184feed360617202071eb864708e1082803b8562de749892db9f6c5424997b,0,0,0,0,0,0,0,0
19,D_DIRECTION_REVERSED,2,19|D_DIRECTION_REVERSED|2,resp_00cb790dcdb17bb5006aa2f730dd7487d2a596dd8a6e286ced,61f44e58acc278ba57fe6f7f67f8b84989ec1a1ee9c820e337f5cf61c7f7579c,0,0,0,0,1,0,0,1
19,E_META_CONTROL_ABLATED,0,19|E_META_CONTROL_ABLATED|0,resp_0282b0ea7bfb9847006aa2f731b4ac87d2b13195763b5c6b65,e3b0c44298fc1c149afbf4c8996fb92427ae41e4649b934ca495991b7852b855,0,0,0,0,0,0,0,0
19,E_META_CONTROL_ABLATED,1,19|E_META_CONTROL_ABLATED|1,resp_0a0a21daeecc66e0006aa2f732e97087d2b0c6fc620c000570,1396f8a481d3176655ef6e791f32e73cb85b530145ca9b6bc90cc73c62949490,0,0,0,0,1,0,0,1
19,E_META_CONTROL_ABLATED,2,19|E_META_CONTROL_ABLATED|2,resp_0e0373a01502183e006aa2f73321b087d2b3478f4ed826bbd3,ca557ebf187db6751c70178d226bc5063a426bf17ee46361e8479b72440ad538,1,0,0,0,1,0,0,2
19,F_PRESERVATION_ABLATED,0,19|F_PRESERVATION_ABLATED|0,resp_03a9ed0e2c7318b1006aa2f7331b3087d2828f31dd84aeb140,37625e02060541e0af62aea40347765d5a52b008fba8bf5e4fbae36ebeae4d22,1,0,0,0,0,0,0,1
19,F_PRESERVATION_ABLATED,1,19|F_PRESERVATION_ABLATED|1,resp_064015d981cff1e1006aa2f73321c487d28ccf89859815e62b,a9c1e66ddafff2e009990f59354f1243f7a5501fe2e03a0d817519e2a74c3a03,0,0,1,0,0,0,0,1
19,F_PRESERVATION_ABLATED,2,19|F_PRESERVATION_ABLATED|2,resp_07da962c1e67035f006aa2f7331e5087d28ef4d74cdb6c3453,d6709da698d3306e048f7649937303d22d79faf64465b207600e72e809e7005a,0,0,0,0,0,0,0,0
19,G_SURFACE_SUBSTITUTED,0,19|G_SURFACE_SUBSTITUTED|0,resp_06949de23c0d3a3e006aa2f7335e3487d295496ed169c9a215,0b7b73aeeab7a9ffeacd85f4bcdf8db031e464c58bff25e2bac3347381374425,0,0,0,0,0,0,0,0
19,G_SURFACE_SUBSTITUTED,1,19|G_SURFACE_SUBSTITUTED|1,resp_02a65f7a29ca7868006aa2f733794c87d2a34111c99b601a5d,e3b0c44298fc1c149afbf4c8996fb92427ae41e4649b934ca495991b7852b855,0,0,0,0,0,0,0,0
19,G_SURFACE_SUBSTITUTED,2,19|G_SURFACE_SUBSTITUTED|2,resp_04df3c5354cc3314006aa2f73428cc87d2ac1d26bbc698aa82,e3b0c44298fc1c149afbf4c8996fb92427ae41e4649b934ca495991b7852b855,0,0,0,0,0,0,0,0
19,H_AUTHENTIC_PERTURBED,0,19|H_AUTHENTIC_PERTURBED|0,resp_061318e0c7bd37e5006aa2f734559087d29f2bbdd17d8c19a9,e3b0c44298fc1c149afbf4c8996fb92427ae41e4649b934ca495991b7852b855,0,0,0,0,0,0,0,0
19,H_AUTHENTIC_PERTURBED,1,19|H_AUTHENTIC_PERTURBED|1,resp_08693ed0bff6d934006aa2f7352e2087d2b57a84a2afd5a0f1,e3b0c44298fc1c149afbf4c8996fb92427ae41e4649b934ca495991b7852b855,0,0,0,0,0,0,0,0
19,H_AUTHENTIC_PERTURBED,2,19|H_AUTHENTIC_PERTURBED|2,resp_057d1ce5957c571c006aa2f7352dd087d2946f806603248fa2,e3b0c44298fc1c149afbf4c8996fb92427ae41e4649b934ca495991b7852b855,0,0,0,0,0,0,0,0
19,I_SHUFFLED_PERTURBED,0,19|I_SHUFFLED_PERTURBED|0,resp_0333043907575973006aa2f735c5fc87d2a68ea9ee1b271587,e3b0c44298fc1c149afbf4c8996fb92427ae41e4649b934ca495991b7852b855,0,0,0,0,0,0,0,0
19,I_SHUFFLED_PERTURBED,1,19|I_SHUFFLED_PERTURBED|1,resp_0eb1ef512a005292006aa2f7366bc087d2bac4379d2266f450,bba0c4a160e413a0480ae4296e8061844360041d0ac78cd52dc6e728f9bb5a49,0,0,0,0,1,0,0,1
19,I_SHUFFLED_PERTURBED,2,19|I_SHUFFLED_PERTURBED|2,resp_055071188f4a47c6006aa2f7368ccc87d2879693839e362009,052d0f57d5e875cdd1827b57331ada3aa4db4089624cbc9586054529c5030c73,1,0,0,0,0,0,0,1
19,J_RECURSION_CONTROL,0,19|J_RECURSION_CONTROL|0,resp_0b97b5d70d87d21a006aa2f736aa1487d2834fd8e70c18c519,48bae4932bc164f543ed26094ab46addd13fec02dd77dc314168d6850cf7c6f1,0,0,0,0,0,0,0,0
19,J_RECURSION_CONTROL,1,19|J_RECURSION_CONTROL|1,resp_0b032b0231eac8d2006aa2f736c04c87d2a0d4cb2de771eef6,a6d888b52c5d1108c22414c04c2d01c5e437aac2788094ac5ea69b405af08cc5,0,0,0,0,0,0,0,0
19,J_RECURSION_CONTROL,2,19|J_RECURSION_CONTROL|2,resp_0d06e8c42a43a5d5006aa2f7370ec487d29bef29db6b9f2e31,e3b0c44298fc1c149afbf4c8996fb92427ae41e4649b934ca495991b7852b855,0,0,0,0,0,0,0,0
19,K_COMPLEXITY_CONTROL,0,19|K_COMPLEXITY_CONTROL|0,resp_07f3e33d0fc22fe8006aa2f737c55487d29bc1fe85a672f544,e09fa38695d108bc4a74ae6afbadabdcf7f8a81b5962233b3d003fc735f0b752,0,0,0,0,1,0,0,1
19,K_COMPLEXITY_CONTROL,1,19|K_COMPLEXITY_CONTROL|1,resp_0f017984d947a0e4006aa2f737d7b487d2b7804092a34d062b,687caff3212e27cab8b4161e4f7bc5307e620377f4244cf75126964b6ee420b6,0,0,0,0,0,0,0,0
19,K_COMPLEXITY_CONTROL,2,19|K_COMPLEXITY_CONTROL|2,resp_0548b62827128c7e006aa2f73831dc87d2b2cd33a8fdeb0164,120c5d46e4f2c1885b2b065b06c374ad8c7f5287cce7232a998cf340e93df033,0,0,0,0,1,0,0,1
19,L_COUNTERFACTUAL_PATH,0,19|L_COUNTERFACTUAL_PATH|0,resp_0803aba76ffbf14d006aa2f7383ac087d29d4a91559ac4e9e4,3d318a7dc8723921092f6f367d34612dc4e38cbabc76d628962046518d0a72f4,0,0,0,0,0,1,0,1
19,L_COUNTERFACTUAL_PATH,1,19|L_COUNTERFACTUAL_PATH|1,resp_05708beb024dc0f0006aa2f73ed3c487d28bd2e451844beb21,24c9ef29ab42ff9c6f96ee9bc701fbfedf051f33e2250c3a1b89926323a5b9ac,0,0,0,0,1,0,0,1
19,L_COUNTERFACTUAL_PATH,2,19|L_COUNTERFACTUAL_PATH|2,resp_0b2fc4965117e3b0006aa2f738c63487d29a3e6cb89b4ad1a4,2e5a3065d4c6e57426d8beea57c43abf209dfb0707d5b6cbf5e2ef7b21eb5705,0,0,0,0,1,0,0,1
20,A100_AUTHENTIC_FULL_PREFIX,0,20|A100_AUTHENTIC_FULL_PREFIX|0,resp_0b323757f0cc7ce5006aa2f7396d6c87d29b7fe67d5b6e4567,76589254b7d2676c9e29bc6d3d6912b5f49a0696442c2b503214fd54912612d2,0,0,0,0,1,0,0,1
20,A100_AUTHENTIC_FULL_PREFIX,1,20|A100_AUTHENTIC_FULL_PREFIX|1,resp_03c66db87316bdf1006aa2f73a265c87d28bbddf25acb6064d,bf5aa8f2dbee6bd005310b975ef590e4d765f7f94aee165db70627e661ede667,0,0,0,0,1,1,0,2
20,A100_AUTHENTIC_FULL_PREFIX,2,20|A100_AUTHENTIC_FULL_PREFIX|2,resp_03083c476e0c264e006aa2f73a48a487d29470d9af979b58fc,779ff48ea80d5bafc1d935998fa95dea788e75551c28551f6044ced180c211a0,0,0,0,0,1,0,0,1
20,A25_AUTHENTIC_DOSE,0,20|A25_AUTHENTIC_DOSE|0,resp_0aee2a09260dfaf5006aa2f73a566487d2ad5c36533ef13095,7ac75baf3f41795a67babbf612a0ec0ef6eda18a85e87224bd54fda6cc0089ef,0,0,0,0,0,0,0,0
20,A25_AUTHENTIC_DOSE,1,20|A25_AUTHENTIC_DOSE|1,resp_002e0c6ef6eaf5ee006aa2f73a9ff887d2a2c1556289f7e4f7,db7dc32de62b6fd2a35a2652be0ad9257935a0fcf0f5f4d7f6238dbb93c5f6a8,0,0,0,0,0,0,0,0
20,A25_AUTHENTIC_DOSE,2,20|A25_AUTHENTIC_DOSE|2,resp_0f223ab9f2339491006aa2f73c876c87d2940f5ae9689e351c,20459d9c2e113adb1f09ee573a69e0989150aa8bd04f5add159d6ee93b58255a,0,0,0,0,0,0,0,0
20,A50_AUTHENTIC_DOSE,0,20|A50_AUTHENTIC_DOSE|0,resp_0c7daf9390915e70006aa2f73cbd0487d2b3733d8a8dd53cf6,27481f48deb20e595e965ae83465a4bb78119f55475ff3e39764829a4c65790e,0,0,0,0,1,0,0,1
20,A50_AUTHENTIC_DOSE,1,20|A50_AUTHENTIC_DOSE|1,resp_07ee7d654efbeafe006aa2f73c853c87d28bb39f66b1b42e97,e216b118a5e0d826b9ffeba2db9d0091527e3b1945404ebd51986d4afee6fb08,1,0,0,0,0,0,0,1
20,A50_AUTHENTIC_DOSE,2,20|A50_AUTHENTIC_DOSE|2,resp_0e7e93de20f1c068006aa2f73c921c87d299ccee8ca4ce0f35,aae3a4acdbb6ae2abd3aa4a6277a9e75229e3913877c815b2f827a700c0c1522,0,0,0,0,0,0,0,0
20,A75_AUTHENTIC_DOSE,0,20|A75_AUTHENTIC_DOSE|0,resp_07cd4290caebeaea006aa2f73cc00887d2bd743f0db99ef369,d8f4984a10978416e94b0db88a301de0ddd7982d0f1078adf6eef90b699251ab,0,0,0,0,1,1,0,2
20,A75_AUTHENTIC_DOSE,1,20|A75_AUTHENTIC_DOSE|1,resp_041708300f7acde5006aa2f73ccbd887d2b8fa6e4e7231fb78,955c569e38dd399b1cddd356e48b70ca2f0cdef2ef9f8516fedc62effbbbdb24,0,0,0,0,1,0,0,1
20,A75_AUTHENTIC_DOSE,2,20|A75_AUTHENTIC_DOSE|2,resp_0f438290ee8cacb6006aa2f73d758087d2a18e130fefd01791,ad684c788dbba2f808eca2799d6b8bed4eca1717911888ac22a6d0b6e33900ec,0,0,0,0,1,0,0,1
20,B_TOPOLOGY_SHUFFLED,0,20|B_TOPOLOGY_SHUFFLED|0,resp_05ea907eb1e3e9db006aa2f73d683487d28aaaaedfaa0e9fd2,13375e95c8031e38b180af7831e9e8e504e5c2f59c4af7641f851f4924b1dc43,0,0,0,0,1,0,0,1
20,B_TOPOLOGY_SHUFFLED,1,20|B_TOPOLOGY_SHUFFLED|1,resp_0a41291256ab373e006aa2f73d9eb087d2873d75d10f2e9b92,0584bb4c8dd572a8cc7ba61ac401c936c7d57a0eb52723687a3d3b359eae824b,0,0,0,0,1,0,0,1
20,B_TOPOLOGY_SHUFFLED,2,20|B_TOPOLOGY_SHUFFLED|2,resp_00a926089e481f39006aa2f73dee4c87d29014f4f7a5a5185d,6b1d6c5d9d69208f20c1b710b7df9868630d1c02da974f1efbefd7c3d661c938,0,0,0,0,0,0,0,0
20,C_ORDER_SHUFFLED,0,20|C_ORDER_SHUFFLED|0,resp_0fc5dfc8ef8998a3006aa2f73ebafc87d293ac9d5c125c442d,07b66d74b3a5364d53226238108c98886e46aa770a149af034d13bd8e2508b95,0,0,0,0,1,0,0,1
20,C_ORDER_SHUFFLED,1,20|C_ORDER_SHUFFLED|1,resp_069c73d89d924628006aa2f73fd93087d2b1137df63338e1c0,44a19bc8a0cb55efdf18dcd5febd7af317c66f70761b293216496c58e8a5a25d,0,0,0,0,0,0,0,0
20,C_ORDER_SHUFFLED,2,20|C_ORDER_SHUFFLED|2,resp_0b930a54c59a6618006aa2f74045a487d2ac64ba71c3f662c4,e3b0c44298fc1c149afbf4c8996fb92427ae41e4649b934ca495991b7852b855,0,0,0,0,0,0,0,0
20,D_DIRECTION_REVERSED,0,20|D_DIRECTION_REVERSED|0,resp_07cd88cebe2b2666006aa2f7404c4087d2ad2450e3c2a34d15,085d083ad1bf3b24c38d45aacfb3a701fd934f36260ba316c8f909b55997d20d,0,0,0,0,1,0,0,1
20,D_DIRECTION_REVERSED,1,20|D_DIRECTION_REVERSED|1,resp_0fe79c4b74e478e7006aa2f740682487d2ad1829cdad52cf5d,1f9c9715456b8ae09a2ce62d08b02bc977a1d0f28ff91cf9b302f3afe4f69394,0,0,0,0,0,0,0,0
20,D_DIRECTION_REVERSED,2,20|D_DIRECTION_REVERSED|2,resp_04da018369b5ef8f006aa2f740d30c87d2b9251ebbcf4f12a6,a82fc5edf3b0568efd3e7a9072262927a1cd2423759aba8a956c38996af8d7ee,0,0,0,0,1,0,0,1
20,E_META_CONTROL_ABLATED,0,20|E_META_CONTROL_ABLATED|0,resp_0107012594e7b9df006aa2f7410dc887d2b1eef5a57bc91da7,7b48e8aa0733510ec1a043a2e26adc45b28d73cc496e59db54549cac5ce89286,1,0,0,0,1,0,0,2
20,E_META_CONTROL_ABLATED,1,20|E_META_CONTROL_ABLATED|1,resp_01122d7d04317829006aa2f74119e487d2a762e802c288f17f,40d0cb0b75cebdbde7f99e73b0f2553eed55a6faac554a06f89ba716a526ac1f,0,0,0,0,0,0,0,0
20,E_META_CONTROL_ABLATED,2,20|E_META_CONTROL_ABLATED|2,resp_04ec795a40c21fb5006aa2f7412f1087d2bb6ae453e7b1f664,829160c0de6eef4cd465124fe06dbea1e1f8489ecf2ef7743ecb3652574bbf51,0,0,0,0,1,0,0,1
20,F_PRESERVATION_ABLATED,0,20|F_PRESERVATION_ABLATED|0,resp_03df14d481be65fd006aa2f7416b2087d2b538c9af72fb2563,e5920413e33a21d9f2609a713ac9f73780c4d360f5dd2f58513a0244a3373cdb,0,0,0,0,0,0,0,0
20,F_PRESERVATION_ABLATED,1,20|F_PRESERVATION_ABLATED|1,resp_0966e81e6b4e26e3006aa2f741fc4087d2b97caafd73a9e747,fde38810353e10eabfeb52e7c09cd49757ce2042fa277ed7075c9af3a5785991,0,0,0,0,0,0,0,0
20,F_PRESERVATION_ABLATED,2,20|F_PRESERVATION_ABLATED|2,resp_0f138d8661f345f3006aa2f7436fc087d284a5a1e2cafde103,686f4b81be51151d87d82d78dc4bf945d21a05627af1d11e3b27f4bdc8e9e648,0,0,0,0,0,0,0,0
20,G_SURFACE_SUBSTITUTED,0,20|G_SURFACE_SUBSTITUTED|0,resp_0a778f4bfc869c33006aa2f7439c7487d29eaf300ab6eb333d,a509ebc2e96d27ff723d3fefc8cae953e8bd38d047534a2b33e7c22954b9bd42,1,0,0,0,0,0,0,1
20,G_SURFACE_SUBSTITUTED,1,20|G_SURFACE_SUBSTITUTED|1,resp_026acf7ddef37ba8006aa2f743eb5487d28641aaac063cf279,425fe778501cb8f870e50d5ea8f4273a702f968662795d529c67cca357d1b03a,0,0,0,0,1,0,0,1
20,G_SURFACE_SUBSTITUTED,2,20|G_SURFACE_SUBSTITUTED|2,resp_011d0fdb9cb83b04006aa2f744127887d29f6fdf711645d2c0,fe91570c63a1a0dd29bde4d8139056b27d41ed765db7ff621d9a4f88287b4342,0,0,0,0,1,0,0,1
20,H_AUTHENTIC_PERTURBED,0,20|H_AUTHENTIC_PERTURBED|0,resp_03481d371dd5f781006aa2f744027087d2ba61b51825af7461,e3b0c44298fc1c149afbf4c8996fb92427ae41e4649b934ca495991b7852b855,0,0,0,0,0,0,0,0
20,H_AUTHENTIC_PERTURBED,1,20|H_AUTHENTIC_PERTURBED|1,resp_0ade25af75f588db006aa2f7440a0087d29acb2566ccbb9e3f,8aa1937f0653118e8a13805c404fa71f316e04d2b221bc8ae25660df0e857553,0,0,0,0,0,0,0,0
20,H_AUTHENTIC_PERTURBED,2,20|H_AUTHENTIC_PERTURBED|2,resp_0c18d836695c4812006aa2f744507887d29e2d22bfb5435ae4,e3b0c44298fc1c149afbf4c8996fb92427ae41e4649b934ca495991b7852b855,0,0,0,0,0,0,0,0
20,I_SHUFFLED_PERTURBED,0,20|I_SHUFFLED_PERTURBED|0,resp_04f9bb4fca8e2309006aa2f744798487d2b953c69e8ab0172e,90b32dc3aea891a71498b12ab7600df88b8127c4b14eab27ef5e3dd4a2ccbdaa,0,0,0,0,0,0,0,0
20,I_SHUFFLED_PERTURBED,1,20|I_SHUFFLED_PERTURBED|1,resp_088702b0dd0e1919006aa2f744b53487d29438c14e4438f959,f2578aa386b929a9f29734945125625d81c3ff7127420c3a9ab206a70a17341f,0,0,0,0,1,1,0,2
20,I_SHUFFLED_PERTURBED,2,20|I_SHUFFLED_PERTURBED|2,resp_0eb5879f4bfb6666006aa2f74578a887d2bde38fd4eec70394,4443ca64bd4795b5daa158010a44b50e808dba4c2b0388ed139fe1e98603d54f,1,0,0,0,0,0,0,1
20,J_RECURSION_CONTROL,0,20|J_RECURSION_CONTROL|0,resp_08399cde3916f767006aa2f746293087d2adb53247debdcb6f,ece94c2bd109d4d6531f0a1439c32013960b4cd1d2a754f59a6cfbf7fdbd3095,0,0,0,0,0,0,0,0
20,J_RECURSION_CONTROL,1,20|J_RECURSION_CONTROL|1,resp_008bb06a8a91f076006aa2f746e23487d2bd67c914d8b38465,b6ef1bfc138f3323c60753a8d74666922c131ec2dc4050311e8c8a7a82d7e3d3,0,0,0,0,0,0,0,0
20,J_RECURSION_CONTROL,2,20|J_RECURSION_CONTROL|2,resp_09d1087578e14ffa006aa2f7473fdc87d2bbd23e9930912a62,3b8ff1ee7c14c1fd9b81c759c7de72f5d24609b54341639384ee90722feb427a,0,0,0,0,0,0,0,0
20,K_COMPLEXITY_CONTROL,0,20|K_COMPLEXITY_CONTROL|0,resp_059e3a39655203ce006aa2f747862087d29407ac089a81bbe4,5006a80b7aff82587d31f23ecf4caee2b01c2e9f4d595e0d2cf39f33527a317d,0,0,0,1,0,0,0,1
20,K_COMPLEXITY_CONTROL,1,20|K_COMPLEXITY_CONTROL|1,resp_013963d06d434484006aa2f747c95087d2ab5bef1ca83b539f,f86cf5843f97679017d331f2e74548d9d717d5f7b7449405e831f52f02660bdd,0,0,0,0,1,0,0,1
20,K_COMPLEXITY_CONTROL,2,20|K_COMPLEXITY_CONTROL|2,resp_06fa850714b99707006aa2f747dd9087d2a592716f9c991d2c,9537abc80180b1e1d237bed0c6078b774c166221b296c282464458a037002b0a,0,0,0,0,0,0,0,0
20,L_COUNTERFACTUAL_PATH,0,20|L_COUNTERFACTUAL_PATH|0,resp_05f54d88a6643ab1006aa2f747e34887d281f5ddd46ee7ca65,d75c6006082d7c6285fc484e5983ba03c0190c9fbfba2da8651860a574d554d8,0,0,0,0,1,1,0,2
20,L_COUNTERFACTUAL_PATH,1,20|L_COUNTERFACTUAL_PATH|1,resp_0d81199533d513cc006aa2f748036487d2952cad766ee29a16,6e6d9d27cc72c166b33be06eea75b293920a0229d71d8b083784b6172735e537,0,0,1,1,1,0,0,3
20,L_COUNTERFACTUAL_PATH,2,20|L_COUNTERFACTUAL_PATH|2,resp_0299edeb43259d01006aa2f74840fc87d2a0d4fa40f81eab3e,6027c8a61ec05d6fd05709026626f11c43fde3f733dd75c799de7d3f02ca365a,0,0,0,0,0,0,0,0
21,A100_AUTHENTIC_FULL_PREFIX,0,21|A100_AUTHENTIC_FULL_PREFIX|0,resp_0b1951a2f09c9ff0006aa2f7489a6887d2a47421eb4bafab71,c795f17dad2b75bbeab9beda386b2bea30c5ce0c8af669cf9e6d65c348add114,0,0,0,0,1,0,0,1
21,A100_AUTHENTIC_FULL_PREFIX,1,21|A100_AUTHENTIC_FULL_PREFIX|1,resp_0d1b8d3213b77f24006aa2f748b2f487d2b31effd5b02914e2,a5159138f3d4c826766f7d490aa09cc2d78ab0c8abd5475961c456eb4a059ff7,1,0,0,0,1,0,1,3
21,A100_AUTHENTIC_FULL_PREFIX,2,21|A100_AUTHENTIC_FULL_PREFIX|2,resp_09b43fad28465bb9006aa2f74a204087d287abb8e177e99f86,bd1f8dc6b901cd838591836e064d42ad0322a6006f5af233a9ce2b49f2b10fac,0,0,0,0,1,0,0,1
21,A25_AUTHENTIC_DOSE,0,21|A25_AUTHENTIC_DOSE|0,resp_0e79b5795b0de47c006aa2f74a605487d2b7c71280b49e9a51,f719b3ed664b18285d70f1fe94a34041134b9bdc13a0fb35f6699769a0783568,0,0,0,0,1,0,0,1
21,A25_AUTHENTIC_DOSE,1,21|A25_AUTHENTIC_DOSE|1,resp_0f223321de905da6006aa2f74aae3087d2a5a23db498513139,d8ef9746a0d0f277a33929337ece20cff907613fd2acdff1d022a40656ef4469,0,0,0,0,1,0,0,1
21,A25_AUTHENTIC_DOSE,2,21|A25_AUTHENTIC_DOSE|2,resp_0d6fac548fd0b0a0006aa2f74aea1487d2aca9617383889590,04baa9d1565323387799bb5122e9cdfb0e41cbbeaf5f68085205c1b31f7dae0f,0,0,1,0,1,0,0,2
21,A50_AUTHENTIC_DOSE,0,21|A50_AUTHENTIC_DOSE|0,resp_04a3fd7c1451915f006aa2f74b514487d2bb00ccd665896227,57b3d7cbeb55e831201edb69b34ce674ab753dc61ec4f17e8c3574cd3c3bda53,0,0,0,0,0,0,0,0
21,A50_AUTHENTIC_DOSE,1,21|A50_AUTHENTIC_DOSE|1,resp_07b9839849b43bab006aa2f74b5a9887d284b8a15810afc215,e3b0c44298fc1c149afbf4c8996fb92427ae41e4649b934ca495991b7852b855,0,0,0,0,0,0,0,0
21,A50_AUTHENTIC_DOSE,2,21|A50_AUTHENTIC_DOSE|2,resp_034cd1fa47e4c198006aa2f74b998887d2be2ed0cdde40f0b6,467d736b177e16408fea2963348142232d0f3ae7c8abae6aca863b1e377684a5,0,0,0,0,0,0,0,0
21,A75_AUTHENTIC_DOSE,0,21|A75_AUTHENTIC_DOSE|0,resp_0ccd368982a1b115006aa2f74bf7cc87d2a88e53ed031966a4,0d690eb641cd0b18fdf8681ded73ceb4448aba182f1f6824ce5acf03d8d2c2ac,0,0,0,0,1,0,0,1
21,A75_AUTHENTIC_DOSE,1,21|A75_AUTHENTIC_DOSE|1,resp_07612091e4d8863f006aa2f74c595887d2a2eeebb266a5ac9e,0beb43e3c2708e363729119575d6dfcd93a7738278d8668fbb5a94850af1f5fb,0,0,0,0,1,1,0,2
21,A75_AUTHENTIC_DOSE,2,21|A75_AUTHENTIC_DOSE|2,resp_0901812ea747b50d006aa2f74cac7487d28f507d0e8e5bcddb,1b5e6fb162a1810dfe7cda51af18351841cde300da57c0f242ef3f5a13f13310,0,0,0,0,1,0,0,1
21,B_TOPOLOGY_SHUFFLED,0,21|B_TOPOLOGY_SHUFFLED|0,resp_0564276771989565006aa2f74d244887d282409b135b8d10e6,eaebcce407a9d91a6756686a5794bb0e8aa849f23415112b19a9b34dbac273a6,0,0,0,1,1,0,0,2
21,B_TOPOLOGY_SHUFFLED,1,21|B_TOPOLOGY_SHUFFLED|1,resp_081fba17e609f527006aa2f74db91c87d2a7acf9e9020a3ff7,e3b0c44298fc1c149afbf4c8996fb92427ae41e4649b934ca495991b7852b855,0,0,0,0,0,0,0,0
21,B_TOPOLOGY_SHUFFLED,2,21|B_TOPOLOGY_SHUFFLED|2,resp_070b7e075db02a97006aa2f74df40c87d2a84d37fbccc22a03,f821dfca40c527a6c128efd234cc536380f8d6941792cf944c87e6f58d30b756,0,0,0,0,1,0,0,1
21,C_ORDER_SHUFFLED,0,21|C_ORDER_SHUFFLED|0,resp_07779373454c4b1c006aa2f74e5be487d28d09cdee5d9d0065,bea5d546eec24c1ade2b5744ebfa0fe290b2774b3dc02b8e508b0753be6d60c6,0,0,0,0,0,1,0,1
21,C_ORDER_SHUFFLED,1,21|C_ORDER_SHUFFLED|1,resp_07a1e01f4ed59af4006aa2f74f03e887d2a4e68bd06e7bed14,d794a1c6ace85ff2b309a39b0ae4bcf090cfbd02521af6c9fea53ec33e31236c,0,0,0,0,0,0,0,0
21,C_ORDER_SHUFFLED,2,21|C_ORDER_SHUFFLED|2,resp_0e6d1abe76b5a7d5006aa2f74ede0c87d285a5be62d972b186,18776268d217d75cccb783cbe5e144521001d989a17b7028d8e0388f6a682ca6,0,1,0,0,1,1,0,3
21,D_DIRECTION_REVERSED,0,21|D_DIRECTION_REVERSED|0,resp_053f86c0d656a2e1006aa2f74e983087d2b397fba3ad214643,d9b3f406c49ac98f53828d267da8b330bab621bfeb7568b02bf005b530b79d61,0,0,0,0,0,0,0,0
21,D_DIRECTION_REVERSED,1,21|D_DIRECTION_REVERSED|1,resp_056299838dc93d64006aa2f74f149887d292ee1633f1a56e92,51fdf79cf2b2469feb8b9a962361c064610ffa7e0ab30501afca3b5b11d02937,0,0,0,0,0,0,0,0
21,D_DIRECTION_REVERSED,2,21|D_DIRECTION_REVERSED|2,resp_00ef158bca82ccca006aa2f74fc01887d2a1a8a4e8e5bd9e08,a7f3120319216de3f373a6dd8425442f0c6278881ba1575475bf2390a4d28ae3,0,0,0,0,1,0,0,1
21,E_META_CONTROL_ABLATED,0,21|E_META_CONTROL_ABLATED|0,resp_0acb5ef2bfda58a6006aa2f75126a487d28875aa739a974ea5,c1e67a71dbdaf059817afe6c935c21c6c4bbbe46bafbd4734cd0af2c2777b99f,0,0,0,0,1,0,0,1
21,E_META_CONTROL_ABLATED,1,21|E_META_CONTROL_ABLATED|1,resp_05dc01bcfffa6796006aa2f750644c87d28ba768ce53ced6e2,4105e2c8cfb7a23e714b6234dd9074fde3bc1b03b4dece9c0bf1695115783042,0,0,0,0,1,0,0,1
21,E_META_CONTROL_ABLATED,2,21|E_META_CONTROL_ABLATED|2,resp_013f5184720e7b29006aa2f750a12087d2b779d849d355eeb3,bb4bb87f7d8640bed438918ae66a6f4164bddc5b80310939db725f577cb1ca16,0,0,0,0,1,0,0,1
21,F_PRESERVATION_ABLATED,0,21|F_PRESERVATION_ABLATED|0,resp_05e97561411eae64006aa2f750ce1c87d28907c197d7558d58,c8c41f7df4ffa21e43b1247f70206f5f3f00c267f286b23b159b66aba8dbffd5,0,0,0,0,0,0,0,0
21,F_PRESERVATION_ABLATED,1,21|F_PRESERVATION_ABLATED|1,resp_084405e98a24a23b006aa2f752000887d28ff7b7d544d3c955,c4a8e357684fd4f38b2003b6442b44d7c8b7349ae0b853c868cf5a72002e4568,0,0,0,0,0,0,0,0
21,F_PRESERVATION_ABLATED,2,21|F_PRESERVATION_ABLATED|2,resp_08bee3a210b4c1c0006aa2f751f24c87d2b756530fee45daff,e3b0c44298fc1c149afbf4c8996fb92427ae41e4649b934ca495991b7852b855,0,0,0,0,0,0,0,0
21,G_SURFACE_SUBSTITUTED,0,21|G_SURFACE_SUBSTITUTED|0,resp_0a42ea959403dfe3006aa2f7524f5087d2bfe92e404fefd074,8491704419a16cab96ac2260ecf27899f03995fc14f2956845ee54bff68be143,0,0,0,0,1,0,0,1
21,G_SURFACE_SUBSTITUTED,1,21|G_SURFACE_SUBSTITUTED|1,resp_05e58807c5f0e7ff006aa2f752506887d2b5d316ecc1a69b78,52e184bd0a51f3841c1d4b611863607b7e031a1823b30a205fa83d27fdb5c4b0,0,1,0,0,1,0,0,2
21,G_SURFACE_SUBSTITUTED,2,21|G_SURFACE_SUBSTITUTED|2,resp_0e45e436f245bb1e006aa2f7527af887d29b8771663ba19b3a,ad0c13c1e36fac10e8f0acaf0ca99cdaf88cc7c279c16566cffd79df05e0ad9c,0,0,0,0,1,0,0,1
21,H_AUTHENTIC_PERTURBED,0,21|H_AUTHENTIC_PERTURBED|0,resp_0362fb3704c13150006aa2f75284c887d2bba515204560ffd1,e3b0c44298fc1c149afbf4c8996fb92427ae41e4649b934ca495991b7852b855,0,0,0,0,0,0,0,0
21,H_AUTHENTIC_PERTURBED,1,21|H_AUTHENTIC_PERTURBED|1,resp_078b15df9669f649006aa2f753059887d2b8d4ac5e205892fe,28178719160fb0ead5195a58f2b1bf32e32c414eec01ea85910245d1ee88118d,0,0,0,0,0,0,0,0
21,H_AUTHENTIC_PERTURBED,2,21|H_AUTHENTIC_PERTURBED|2,resp_0696249436886d90006aa2f754520887d294752d139725c590,e3b0c44298fc1c149afbf4c8996fb92427ae41e4649b934ca495991b7852b855,0,0,0,0,0,0,0,0
21,I_SHUFFLED_PERTURBED,0,21|I_SHUFFLED_PERTURBED|0,resp_03f74e1f9e1b4121006aa2f754821087d2b087fc67a056b713,e3b0c44298fc1c149afbf4c8996fb92427ae41e4649b934ca495991b7852b855,0,0,0,0,0,0,0,0
21,I_SHUFFLED_PERTURBED,1,21|I_SHUFFLED_PERTURBED|1,resp_003bc6ee627f74e7006aa2f755187c87d29e6bd388566f74fd,e3b0c44298fc1c149afbf4c8996fb92427ae41e4649b934ca495991b7852b855,0,0,0,0,0,0,0,0
21,I_SHUFFLED_PERTURBED,2,21|I_SHUFFLED_PERTURBED|2,resp_0f3874944547af8c006aa2f755f19887d2b02937a1793dc125,e3b0c44298fc1c149afbf4c8996fb92427ae41e4649b934ca495991b7852b855,0,0,0,0,0,0,0,0
21,J_RECURSION_CONTROL,0,21|J_RECURSION_CONTROL|0,resp_0a4d9a6c56e908a4006aa2f755b4c887d2b268639d85553b29,e3b0c44298fc1c149afbf4c8996fb92427ae41e4649b934ca495991b7852b855,0,0,0,0,0,0,0,0
21,J_RECURSION_CONTROL,1,21|J_RECURSION_CONTROL|1,resp_05ce88aae710218f006aa2f755b8f487d29c6a69c350f05256,e3b0c44298fc1c149afbf4c8996fb92427ae41e4649b934ca495991b7852b855,0,0,0,0,0,0,0,0
21,J_RECURSION_CONTROL,2,21|J_RECURSION_CONTROL|2,resp_0706fe51d9f153df006aa2f75630d087d288d11d120abef207,fe32f74a2ae8efbaaf7cd8178ccb695c7f7980afff21e0ac96e8f56b1f75972c,0,0,0,0,0,0,0,0
21,K_COMPLEXITY_CONTROL,0,21|K_COMPLEXITY_CONTROL|0,resp_0088ffc2dbce6a1f006aa2f756383887d293304fcbbc013fbd,36e1aff088501023a79a9773bf9208471166494a077c38d31e30e408ebf94a06,0,0,0,1,0,0,0,1
21,K_COMPLEXITY_CONTROL,1,21|K_COMPLEXITY_CONTROL|1,resp_02654cd8a9ae0b3d006aa2f7562a4c87d2901348b99fdb648e,f0986bda2b53594895b1efe9996e303729dc50f066967ee7cfc75052bd53c1a1,0,0,0,0,1,0,0,1
21,K_COMPLEXITY_CONTROL,2,21|K_COMPLEXITY_CONTROL|2,resp_09c4b60bbaed197e006aa2f7568fdc87d2976c532b740fb9c8,fd91673c6e13e5381356e8be2d05df119543ffb5668847b837b0e7f49db3dac6,0,0,0,0,1,0,0,1
21,L_COUNTERFACTUAL_PATH,0,21|L_COUNTERFACTUAL_PATH|0,resp_069dd9e93ad4b596006aa2f756963487d2a4a527bc9d481c1d,1bdef7bc35af57bc33c69866e2e1a4634f46577006789abe3e56b7fbfd73cded,0,0,0,0,0,0,0,0
21,L_COUNTERFACTUAL_PATH,1,21|L_COUNTERFACTUAL_PATH|1,resp_0a82958a20c0cbd1006aa2f757e0e487d2a869f2339ed3eb94,4fb6e7c45bb863ee5765e02583f5fdc2e464ba01387726efee6c16173137e74b,0,0,0,0,1,0,0,1
21,L_COUNTERFACTUAL_PATH,2,21|L_COUNTERFACTUAL_PATH|2,resp_027d7a6ba45f9dac006aa2f758199487d2bb545a46bf5fcb8d,f846fe9d5a8de9b94eaa285442e7e0594006078b7e8b781fea9b390e275033b7,0,0,0,0,0,0,0,0
22,A100_AUTHENTIC_FULL_PREFIX,0,22|A100_AUTHENTIC_FULL_PREFIX|0,resp_013fbf4d78b0da43006aa2f759015c87d29ff9e3f83050fb05,1d27ca9519e02795c651f11da588e884ebf0d2ff165ed65608dbe57a70d34818,1,0,0,0,1,0,0,2
22,A100_AUTHENTIC_FULL_PREFIX,1,22|A100_AUTHENTIC_FULL_PREFIX|1,resp_0f059020c3a9acb4006aa2f759206c87d2bc7eb3f757bfc11b,795e1711f6ed234c35f019569cfdc6705b3ee375dc70f0f8a77654c0b40a2823,1,0,0,0,1,1,0,3
22,A100_AUTHENTIC_FULL_PREFIX,2,22|A100_AUTHENTIC_FULL_PREFIX|2,resp_0dd927fa62c5af2a006aa2f75968cc87d2a5d8976e6949547e,c9f59383aee49b93023c24d4369952abb684616ed6879076b28d822d6762d3d3,0,0,0,0,0,0,0,0
22,A25_AUTHENTIC_DOSE,0,22|A25_AUTHENTIC_DOSE|0,resp_02080b717faf5e62006aa2f75a3ce887d29075c12776971e71,5e8d3f881ba882730b3fc7bd2759b6f6ccecc2a649bed25f051e2f9b22494744,0,0,0,0,0,0,0,0
22,A25_AUTHENTIC_DOSE,1,22|A25_AUTHENTIC_DOSE|1,resp_0feebf900788f32c006aa2f75a29cc87d295c18c603d516fa8,76d68baa7d68a8986f719a4bec313828b19629fd2587c4fb608e2e20ff06677b,0,0,0,0,0,0,0,0
22,A25_AUTHENTIC_DOSE,2,22|A25_AUTHENTIC_DOSE|2,resp_002122afb1c31118006aa2f75a3fe887d29f396e89375b5468,417f15d7e2d552501c0cf20ec5906de629c8887b475c4408d4cb1e3f0acb93b7,0,0,0,0,1,0,0,1
22,A50_AUTHENTIC_DOSE,0,22|A50_AUTHENTIC_DOSE|0,resp_05642e0b06daaf11006aa2f75a497c87d299fb0c6c41fb3b91,0d6fe2ee79a5c43f02506cad7f61aaa8f961b11460a26b604fb973cbde8044ab,0,0,0,0,0,1,0,1
22,A50_AUTHENTIC_DOSE,1,22|A50_AUTHENTIC_DOSE|1,resp_09747b014c327af3006aa2f75a51ac87d2beab2f44fa95a302,dcd51701dc5bab2f49353a27bb0826d68f0842d46d38f833fd09350ce7c9af28,0,0,0,0,0,0,0,0
22,A50_AUTHENTIC_DOSE,2,22|A50_AUTHENTIC_DOSE|2,resp_0c27a222dab7e6d2006aa2f75a865087d29963a9103b1ece5d,3da23ea4c3a36c634017d8c7803a56d5c69e8e49c1a3b4f4700fb3474fdc82b6,0,0,0,0,1,0,0,1
22,A75_AUTHENTIC_DOSE,0,22|A75_AUTHENTIC_DOSE|0,resp_0abdfca07b103bd4006aa2f75c00f887d29e4a67d1eefccc5d,344842a4eb8a2394e1de33586e1f78039732775b5ac9c237a3de8b453f3a80c1,0,0,0,0,1,0,0,1
22,A75_AUTHENTIC_DOSE,1,22|A75_AUTHENTIC_DOSE|1,resp_05bfbb3f4eab86a7006aa2f75c0ed887d29102d2ec9cdcff1f,0a8b413b2291e942b91f68a133c4835e633298a39b43739e325354daf64c545a,1,1,0,0,1,0,0,3
22,A75_AUTHENTIC_DOSE,2,22|A75_AUTHENTIC_DOSE|2,resp_0a12cd3f51ca9db5006aa2f75d2e7087d2afa34d2bf4041df6,67f4c003405e91e281ef4078fecb732dbb2a4af18297fe3a2a4db931347aced9,0,0,0,0,1,0,0,1
22,B_TOPOLOGY_SHUFFLED,0,22|B_TOPOLOGY_SHUFFLED|0,resp_059f4df6307baea6006aa2f75d2cb487d2a2585f5a34fc0541,e3b0c44298fc1c149afbf4c8996fb92427ae41e4649b934ca495991b7852b855,0,0,0,0,0,0,0,0
22,B_TOPOLOGY_SHUFFLED,1,22|B_TOPOLOGY_SHUFFLED|1,resp_0d39fbddd48b4954006aa2f75d637887d2a09f0eb7d790d086,20fe6e4d150c5dc82f2321c9dfc069e56cdb71f7d99a88b3fa337ad86ca75463,0,0,0,0,0,0,0,0
22,B_TOPOLOGY_SHUFFLED,2,22|B_TOPOLOGY_SHUFFLED|2,resp_0ffb431a3557a2bb006aa2f75d782c87d2beeb54ab676a2986,16ed286007777746ae17a9d526649ec6d13e5f1bc28feb35ca631625a59ebbf4,0,0,0,0,1,0,0,1
22,C_ORDER_SHUFFLED,0,22|C_ORDER_SHUFFLED|0,resp_072e66ae445604e7006aa2f75d859c87d29ff61ace610e5509,8e9593b8d9cf72314c8341959ab4c41f287822c2336e85dd0f8dc2b70c330228,0,0,0,0,1,1,0,2
22,C_ORDER_SHUFFLED,1,22|C_ORDER_SHUFFLED|1,resp_02c8000772f9844c006aa2f75de59487d2801c74bf63828632,e3b0c44298fc1c149afbf4c8996fb92427ae41e4649b934ca495991b7852b855,0,0,0,0,0,0,0,0
22,C_ORDER_SHUFFLED,2,22|C_ORDER_SHUFFLED|2,resp_049e6f3077fc47dd006aa2f75e29e887d28cabfecb3e97852b,e3b0c44298fc1c149afbf4c8996fb92427ae41e4649b934ca495991b7852b855,0,0,0,0,0,0,0,0
22,D_DIRECTION_REVERSED,0,22|D_DIRECTION_REVERSED|0,resp_041c9281be60282a006aa2f75e23f087d2a1f7e177ae32f309,7d9a273ae2eb4e07a36d7a5f6b37181d7b4b847eb5675fb5af88c02663f2e39e,0,0,0,0,1,0,0,1
22,D_DIRECTION_REVERSED,1,22|D_DIRECTION_REVERSED|1,resp_097a403a914365af006aa2f75e286887d297352c86af27a851,08eb4d62ad72ec4615ff29e20ebb497ffc92bac130d542e411377f95c11380ed,0,0,0,0,1,0,0,1
22,D_DIRECTION_REVERSED,2,22|D_DIRECTION_REVERSED|2,resp_0f1005f9c282283a006aa2f75f9fe487d2a36445b2339c6c16,19379fa4b09117f3b9de311c30d4d091c41363a64094e11ac9baab5d71230fb6,0,0,0,0,0,0,0,0
22,E_META_CONTROL_ABLATED,0,22|E_META_CONTROL_ABLATED|0,resp_08b9c82fa526488b006aa2f7609a2887d2a1cb0b9b8957685a,77a69deb2603af35694a1648bf24bf07da8b226a29fdc7f789f26352d9dd8e9f,0,0,0,0,0,0,0,0
22,E_META_CONTROL_ABLATED,1,22|E_META_CONTROL_ABLATED|1,resp_0a464000eee971eb006aa2f760764487d2806bca676fc7f485,d0664e13b7330dbd1903c6ca8ecda2937b8fc4ad909efce870f0a9f72d97c938,0,0,0,0,1,0,0,1
22,E_META_CONTROL_ABLATED,2,22|E_META_CONTROL_ABLATED|2,resp_01cdeefa83c54695006aa2f760876887d29a903e8a5019aeb7,4fe12443fdb5c44f7cad46905b119aeb55f897bd7c1849841fd1044de588064e,0,0,0,0,1,0,0,1
22,F_PRESERVATION_ABLATED,0,22|F_PRESERVATION_ABLATED|0,resp_071c2cef8774db13006aa2f761136487d2992734c6e07712f5,556eeff2e93160c8cac4efff561612d68da8ffd1d58906505a1fb278cf800bfb,0,0,0,0,0,0,0,0
22,F_PRESERVATION_ABLATED,1,22|F_PRESERVATION_ABLATED|1,resp_02e5ea785b71e6db006aa2f76118a887d2a40882c4df8b5a1a,92bedaf4f847861da33d1cf22ecd1025f3c241a1f3ba13b3ade091098558ae6a,1,0,0,0,0,0,0,1
22,F_PRESERVATION_ABLATED,2,22|F_PRESERVATION_ABLATED|2,resp_024ec38386d422ab006aa2f761170487d2a55e96df8e80b1f8,dfe59bd3808d89693d67e8de2def4e8476d5f96a0e4c69a845873e5256e423b9,0,0,0,0,0,0,0,0
22,G_SURFACE_SUBSTITUTED,0,22|G_SURFACE_SUBSTITUTED|0,resp_0ba59ff199d1bf25006aa2f761ec7c87d2b7e3c298612e60bd,6198450b29234250ee7e950a1862bffcfc5ee62ead08f786b587dd576a6bc0b8,0,0,0,0,0,0,0,0
22,G_SURFACE_SUBSTITUTED,1,22|G_SURFACE_SUBSTITUTED|1,resp_0d22f4b9cf8710b4006aa2f761392487d2b342553c5d3fadb8,874e76aecebdc253c3e1c4de44fa2722c3926ea634922c17d365523789ff6e55,0,0,0,0,1,0,0,1
22,G_SURFACE_SUBSTITUTED,2,22|G_SURFACE_SUBSTITUTED|2,resp_0b38f7e93b96eade006aa2f761ceb487d2854cc1180cfbdc79,e3b0c44298fc1c149afbf4c8996fb92427ae41e4649b934ca495991b7852b855,0,0,0,0,0,0,0,0
22,H_AUTHENTIC_PERTURBED,0,22|H_AUTHENTIC_PERTURBED|0,resp_088bbc950661e5b1006aa2f76296e887d2b23432ce1f59227b,e3b0c44298fc1c149afbf4c8996fb92427ae41e4649b934ca495991b7852b855,0,0,0,0,0,0,0,0
22,H_AUTHENTIC_PERTURBED,1,22|H_AUTHENTIC_PERTURBED|1,resp_0ddb5b48003dc6c1006aa2f7634f8887d28ff4e443270f040d,e3b0c44298fc1c149afbf4c8996fb92427ae41e4649b934ca495991b7852b855,0,0,0,0,0,0,0,0
22,H_AUTHENTIC_PERTURBED,2,22|H_AUTHENTIC_PERTURBED|2,resp_00aaebfb623d6c4e006aa2f764167087d29f989487aa14b2f9,496cb06c14fb834a1cd52a72be75cd86706174ad45afaba7f2e97e6478866d2f,0,0,0,0,0,0,0,0
22,I_SHUFFLED_PERTURBED,0,22|I_SHUFFLED_PERTURBED|0,resp_0ea9fc491b27d990006aa2f76405d087d2aa6b3b7ca22463a5,92b22a9648a22b4bd3e1ce439e5e43fe22aa0290dfbdc726799482a7b5c7d200,0,0,0,0,1,0,0,1
22,I_SHUFFLED_PERTURBED,1,22|I_SHUFFLED_PERTURBED|1,resp_0776859dd56ed9bd006aa2f764823887d2af418b8826f2623b,c0acf2ed78b081c5f921c18ab3480cb7c55e052ec916b4e03fe316dfd67a6241,1,0,0,0,0,0,0,1
22,I_SHUFFLED_PERTURBED,2,22|I_SHUFFLED_PERTURBED|2,resp_05b1c688bcc88f36006aa2f7650ec087d29a816912e590632b,e3a2ed55c86de9c14de2463e97c521b825adf150468179809d1fc465fe410dcb,1,0,0,0,0,0,0,1
22,J_RECURSION_CONTROL,0,22|J_RECURSION_CONTROL|0,resp_0a37febd2bef2341006aa2f765078887d2871a846cf099fed0,e3b0c44298fc1c149afbf4c8996fb92427ae41e4649b934ca495991b7852b855,0,0,0,0,0,0,0,0
22,J_RECURSION_CONTROL,1,22|J_RECURSION_CONTROL|1,resp_01988f76646a0acb006aa2f7650b0487d28568d2a43226ec75,e7aeb7c572faa37f8d17aa5a5977a473f58b7577af97a2f8faeae39ceac7beb3,0,0,0,0,0,0,0,0
22,J_RECURSION_CONTROL,2,22|J_RECURSION_CONTROL|2,resp_07733854a3a4f09a006aa2f7651a5887d2bd050ee621398b21,4c4a80fc3d9fafdc68102f32099e25c22910778ffe462c353409401e10328b57,0,0,0,0,0,0,0,0
22,K_COMPLEXITY_CONTROL,0,22|K_COMPLEXITY_CONTROL|0,resp_04be3e52d7e59dc8006aa2f765731087d2bac6b512947b8f83,e6dc0c1e9206ff727651dcc3e6c9b9e7784b0f374cdb3c7d2907179ebf0fad08,0,0,0,0,0,0,0,0
22,K_COMPLEXITY_CONTROL,1,22|K_COMPLEXITY_CONTROL|1,resp_0af2e91d489e3577006aa2f766f84487d2bcf2d09cbd0ebc3c,5f0455bcc7dec7202daed831d410623577059634924f7d89fbaa54a8008c929f,0,0,0,0,0,0,0,0
22,K_COMPLEXITY_CONTROL,2,22|K_COMPLEXITY_CONTROL|2,resp_0517377b1405861d006aa2f766d71c87d29d2285999c842c16,941de19d0a6719f1f3d591b1db036a161804b5d217ef1e1979febea662b8fdf7,0,0,0,0,0,0,0,0
22,L_COUNTERFACTUAL_PATH,0,22|L_COUNTERFACTUAL_PATH|0,resp_094b355c4b566634006aa2f767ae0887d287d9365c4937285b,deaf4c50548ddb4aa2a46a314bc521af56f5bbad167ac2e8bba46c15136e1a47,0,0,0,0,0,1,0,1
22,L_COUNTERFACTUAL_PATH,1,22|L_COUNTERFACTUAL_PATH|1,resp_0c69c6ebb7c4aa22006aa2f767c80887d29b0e5ad858af2d40,47e3f930c681b453fea7772dafddcaba83c02d033fa6287e54f62af3b57b0163,0,0,0,0,1,0,0,1
22,L_COUNTERFACTUAL_PATH,2,22|L_COUNTERFACTUAL_PATH|2,resp_0adcab4c9e4e01a1006aa2f768cd1887d28952330a71c2ae19,5f3104c47a875bb13fd56413a77f20ca5ff4ded2f7eef87be5bc8489100b0c65,0,0,0,0,1,0,0,1
23,A100_AUTHENTIC_FULL_PREFIX,0,23|A100_AUTHENTIC_FULL_PREFIX|0,resp_0a71da2385437d8e006aa2f768e87887d2ae9642a24a0a7171,7c2836f7b4c48be013462021857b87001b276c39c067677b0aa9f31177f19ae9,1,0,0,1,1,0,0,3
23,A100_AUTHENTIC_FULL_PREFIX,1,23|A100_AUTHENTIC_FULL_PREFIX|1,resp_02f3240b999cd344006aa2f769130887d29cddfaa3c689a55c,7871f3c937ce4c03f9b827ef0c0d339317b9af5217b2c439d8ba8147e7886ed3,0,0,0,0,1,0,0,1
23,A100_AUTHENTIC_FULL_PREFIX,2,23|A100_AUTHENTIC_FULL_PREFIX|2,resp_07651d9e82731d1c006aa2f769082087d28ba1fabb86961419,29a8b684f65c2e16f915173d47e67df1d6856e0721a1c556f9d0ba4dec0aa71f,0,0,0,0,1,0,0,1
23,A25_AUTHENTIC_DOSE,0,23|A25_AUTHENTIC_DOSE|0,resp_085f616c0dd5a0ac006aa2f769376887d2b8acf74f165c2dd6,951b42c5a5204d9d9111e6f924ce0a35bd8cd08b1ac12506a3c0d5f6d511f998,0,0,0,0,1,0,0,1
23,A25_AUTHENTIC_DOSE,1,23|A25_AUTHENTIC_DOSE|1,resp_0ba575f8044a5090006aa2f7696fb887d2bd5dbe8a28528f82,69574e43b27ada9945dbbcf656712cd5a225e7e3a97b2c977fae7eb75d737e4b,0,0,0,0,1,0,0,1
23,A25_AUTHENTIC_DOSE,2,23|A25_AUTHENTIC_DOSE|2,resp_0900289f1c54b922006aa2f76b54dc87d2bab72b7f06227868,661e3da88deaefbe6f4cc0f59d2d38a17087b7b6290ad22fab5186620cd80759,0,0,0,0,0,0,0,0
23,A50_AUTHENTIC_DOSE,0,23|A50_AUTHENTIC_DOSE|0,resp_0191d6256e78481d006aa2f76b29d087d285ffee85a731ed23,75a46d364c6a5fda75409d5b84058149555695b9f08227450f675aef860a19b6,1,0,0,1,1,1,0,4
23,A50_AUTHENTIC_DOSE,1,23|A50_AUTHENTIC_DOSE|1,resp_0a5c571535da6540006aa2f76c20b887d28a30c802ba31fb42,6a7415ad705913781a1bc90d5df82865dcc4361d53a54f21e1ebb6149dd3e1f7,0,0,0,0,1,1,0,2
23,A50_AUTHENTIC_DOSE,2,23|A50_AUTHENTIC_DOSE|2,resp_004129155df9fec2006aa2f76c004487d2bf054a4229f1bcb9,b41495ecc224e78e18322b7029437014239d3ab4e011074008fb33662ca36e55,0,0,0,0,0,1,0,1
23,A75_AUTHENTIC_DOSE,0,23|A75_AUTHENTIC_DOSE|0,resp_02539c04dfbbb49e006aa2f76c16d487d2b85ff5c4794b9311,f93dea2252b9e1b109115f3678bd1e9138c5f698c78efc3726c811eb8533502f,0,0,0,0,1,1,0,2
23,A75_AUTHENTIC_DOSE,1,23|A75_AUTHENTIC_DOSE|1,resp_07c023eac87210e6006aa2f76c339487d2ac3ce09f00e099a4,0a82460c6bc943daab856e5dc649f87168d5f7eddd67abe6db53ab8d985792e9,0,0,0,0,1,1,0,2
23,A75_AUTHENTIC_DOSE,2,23|A75_AUTHENTIC_DOSE|2,resp_0c3ee29e34acc12e006aa2f76c8ab487d28d9ee2702ffaf541,47063133dffa291ce5f3eff7a157352a7078466c5098ab3be0ac70d2a7ae1ae0,0,0,0,0,1,0,0,1
23,B_TOPOLOGY_SHUFFLED,0,23|B_TOPOLOGY_SHUFFLED|0,resp_0577b7f19d061059006aa2f76c886487d28432046dd057ec53,d7419c10f445c7cd338d22ac6b10451dc0795d7d12bafe4be48ab05d2a254be7,0,0,0,0,1,0,0,1
23,B_TOPOLOGY_SHUFFLED,1,23|B_TOPOLOGY_SHUFFLED|1,resp_030bed5b74573c1a006aa2f76c8a8087d28430f6b0d8f316e4,e3b0c44298fc1c149afbf4c8996fb92427ae41e4649b934ca495991b7852b855,0,0,0,0,0,0,0,0
23,B_TOPOLOGY_SHUFFLED,2,23|B_TOPOLOGY_SHUFFLED|2,resp_0564f086cb180012006aa2f76d1c5087d282256513941a50b5,8ba25655babc3397283309fac3359d0a9d5d4df34f7cb83e3906fb36758cc0dc,0,0,0,0,1,1,0,2
23,C_ORDER_SHUFFLED,0,23|C_ORDER_SHUFFLED|0,resp_00cfcc1ea447a890006aa2f76d6c0887d28ae851bd15bfcbee,e0313937a28a567014c03bafae00424179522edad9ba7b9b4fbac07ef662c60b,0,0,0,0,1,0,0,1
23,C_ORDER_SHUFFLED,1,23|C_ORDER_SHUFFLED|1,resp_0d5a719cc9857c0f006aa2f76ea9bc87d295cf8b7c642acc2c,e3b0c44298fc1c149afbf4c8996fb92427ae41e4649b934ca495991b7852b855,0,0,0,0,0,0,0,0
23,C_ORDER_SHUFFLED,2,23|C_ORDER_SHUFFLED|2,resp_0c8277dedaf72c08006aa2f76f120887d293375b9191a3fbf6,0d1c19c6f9f55b7f53766cba7933b3d39405961a77e664caa42addab980239a4,0,0,0,0,1,1,0,2
23,D_DIRECTION_REVERSED,0,23|D_DIRECTION_REVERSED|0,resp_09b057126d739aee006aa2f76fb2f087d283b54c37002736b7,50a5131b373aa0f71a8e7452bbc50d7e707f45e671aa466d3175f5a34ba40e78,0,0,0,0,0,0,0,0
23,D_DIRECTION_REVERSED,1,23|D_DIRECTION_REVERSED|1,resp_081e341d2eebbff3006aa2f76fdc9487d291e090473000f99f,46e05cb0bbce4bf8fe08cc7bfd1381b1a6c411a72421a2c20e17e967dcbdeeb6,0,0,0,0,0,0,0,0
23,D_DIRECTION_REVERSED,2,23|D_DIRECTION_REVERSED|2,resp_0d6c125d7f8f1a31006aa2f770159487d2809986941d7d1883,f5cb14207c6be85c392516f9c5be6f1006b1b6938fb79f9b4880ef9b0d7f11c3,0,0,0,0,0,0,0,0
23,E_META_CONTROL_ABLATED,0,23|E_META_CONTROL_ABLATED|0,resp_0e1c0116e5ab35ca006aa2f770816c87d2b5fb70580086fdc2,214beee74c0f9739425cda029f214410bb0a1074c6efa5778a42518624549862,0,0,0,0,1,0,0,1
23,E_META_CONTROL_ABLATED,1,23|E_META_CONTROL_ABLATED|1,resp_09fd6f685e9a7765006aa2f770b29487d29617212fee98dd6c,fc677d4149980853449e59ea0efb696210cc18e894b944b9b6ad7f465f29be77,0,0,0,0,1,0,0,1
23,E_META_CONTROL_ABLATED,2,23|E_META_CONTROL_ABLATED|2,resp_089369f075faf6d7006aa2f770b6d087d2ab262edbc69aa715,5025289b86964864994becbb7340557e5867a78e166b7604fc13c14e0da3368c,0,0,0,0,0,0,0,0
23,F_PRESERVATION_ABLATED,0,23|F_PRESERVATION_ABLATED|0,resp_0eff566fd8e49598006aa2f770beec87d294d23fd2e041eaf7,e341c9e04b82028df77e9aa4174aeec9b5303614f79b77339bd3d7445051b846,1,0,0,0,0,0,0,1
23,F_PRESERVATION_ABLATED,1,23|F_PRESERVATION_ABLATED|1,resp_007ee690a7c7eed6006aa2f770c19887d2bad7c1f352c4e7be,5dd7259ec598287ba3c04b4d477862d69d2f496dcb62e7ab66bb3267b9bbf665,0,0,0,0,0,0,0,0
23,F_PRESERVATION_ABLATED,2,23|F_PRESERVATION_ABLATED|2,resp_05b3353019ede9a2006aa2f770e21887d2891537cdd3f53f54,3d9d71e11a83c5b825d65f35a345db75da80e306882c814f0b6d66b21786c028,0,0,0,0,0,0,0,0
23,G_SURFACE_SUBSTITUTED,0,23|G_SURFACE_SUBSTITUTED|0,resp_0b26ed5ad0029fef006aa2f77120ec87d2993a3ec6cab77c52,2bd1b8319b351d9af862661c4f4859a3470265de73f870c9dfad60804aa2603a,0,0,0,0,1,0,0,1
23,G_SURFACE_SUBSTITUTED,1,23|G_SURFACE_SUBSTITUTED|1,resp_0e80eb3fcf9676f8006aa2f77236e087d2817bf70ddaaaeec0,67d0af2e40fe7e1d04174aec120176b8a6e33d872d061c765e5f3dced4139917,0,0,0,0,1,0,0,1
23,G_SURFACE_SUBSTITUTED,2,23|G_SURFACE_SUBSTITUTED|2,resp_0e0740c8e7a069db006aa2f772a77887d2bd16712554b9de24,85aa2e7e162c07ec7cdea45b928cec62585f2c2b5a529091627e10ab17096fce,0,0,0,0,1,0,0,1
23,H_AUTHENTIC_PERTURBED,0,23|H_AUTHENTIC_PERTURBED|0,resp_0c90815d4536e6c3006aa2f77347d887d2995755072121819b,e3b0c44298fc1c149afbf4c8996fb92427ae41e4649b934ca495991b7852b855,0,0,0,0,0,0,0,0
23,H_AUTHENTIC_PERTURBED,1,23|H_AUTHENTIC_PERTURBED|1,resp_05dcf29fa85b980c006aa2f7746f0c87d291bdd2e30f836a0d,1cd0270eac9fca436acca03f82302d3cdea47433d4c06cbd9b3fa98b3bdc1ee0,0,0,0,0,0,0,0,0
23,H_AUTHENTIC_PERTURBED,2,23|H_AUTHENTIC_PERTURBED|2,resp_03ee23f4969a9388006aa2f773a48887d2b82a9e7b629f3c6d,e3b0c44298fc1c149afbf4c8996fb92427ae41e4649b934ca495991b7852b855,0,0,0,0,0,0,0,0
23,I_SHUFFLED_PERTURBED,0,23|I_SHUFFLED_PERTURBED|0,resp_0db1a0b6fc9b9c5d006aa2f773e4b487d29d1aae5ebf9c1445,936c364ee72266259be9c7cf8ace170dce163ff12add5e67afb5b2e984a6a8fa,0,0,0,0,0,0,0,0
23,I_SHUFFLED_PERTURBED,1,23|I_SHUFFLED_PERTURBED|1,resp_0514b7c2b39cc1b2006aa2f773ea5887d29e86df25b57f8fbd,82688e48dcead2235f13402fe49042aa4ccf30a2550a4a24ab4a1b0f63cf931e,0,0,0,0,1,0,0,1
23,I_SHUFFLED_PERTURBED,2,23|I_SHUFFLED_PERTURBED|2,resp_0828f7eb216f6fd7006aa2f7740cb087d2845741c38b56e76a,17e3087d18ca4bf1371443051329ea793baafacb98ae37367be6777eaeb90650,0,0,0,0,0,0,0,0
23,J_RECURSION_CONTROL,0,23|J_RECURSION_CONTROL|0,resp_06839b1ee1599139006aa2f7743c5487d29c5743c40fe89285,8d3258229a8506caa0bbbde7c116d295d4190a116367ff4b4fcf8548047b74a6,0,0,0,0,0,0,0,0
23,J_RECURSION_CONTROL,1,23|J_RECURSION_CONTROL|1,resp_0528df2ec436cd8f006aa2f774aba087d2adb847704e08f65e,1290c10c8b46f2c4833e7f8e2f99c1497efdaa2e544a057afff49f2e796cf48b,0,0,0,0,0,0,0,0
23,J_RECURSION_CONTROL,2,23|J_RECURSION_CONTROL|2,resp_010b5f589c4f718e006aa2f774d9b487d2833cde22e8b21189,a4524e6633294f991c09feb26d8def767edc6a6060851ea1ec35acf8c1abea92,0,0,0,0,1,0,0,1
23,K_COMPLEXITY_CONTROL,0,23|K_COMPLEXITY_CONTROL|0,resp_097ac2c52efbbaed006aa2f774f1f087d29464c408c4d0cf26,4d3be3778e1b5bcae2ccfbbfaf5954c5f8cd0994053f7935acc1b1cb1572fb8f,0,0,0,0,0,0,0,0
23,K_COMPLEXITY_CONTROL,1,23|K_COMPLEXITY_CONTROL|1,resp_023ebeca942431dc006aa2f7755a6887d2b373a60c2f29f8fd,5af1518255d00276c2e987d5d2191c8fee332769d5ef7f467eae223fedae9463,0,0,0,0,0,0,0,0
23,K_COMPLEXITY_CONTROL,2,23|K_COMPLEXITY_CONTROL|2,resp_0817734c5b30ac8c006aa2f7755d4887d2897096ca3848e4df,cd2afdfc90f3945e6f875d36db147ffda26a8ade8e1fe192257d94288908575a,0,0,0,0,0,0,0,0
23,L_COUNTERFACTUAL_PATH,0,23|L_COUNTERFACTUAL_PATH|0,resp_09473bb14327fda5006aa2f776f83487d2935fc5a8a1c04568,46fd6fbc035a0b893bb0c44eab218f776ddb5923394d100f6e22c2f4100421b4,0,0,0,1,1,0,0,2
23,L_COUNTERFACTUAL_PATH,1,23|L_COUNTERFACTUAL_PATH|1,resp_0057438c18d81ade006aa2f77754e087d29dae42f2c86c45d1,8c51bd6d3a606cfdb663b2767556e02229e1f51c6fb6bf0900f18cfd79fe9001,0,0,0,0,1,0,0,1
23,L_COUNTERFACTUAL_PATH,2,23|L_COUNTERFACTUAL_PATH|2,resp_0498da1c9f8fd434006aa2f777638487d28c362a397517380a,be5726eab7b1cfdffe27a0479f6579c4030e1fec1722084f36d7abb3edf766b8,0,0,0,0,1,1,0,2
24,A100_AUTHENTIC_FULL_PREFIX,0,24|A100_AUTHENTIC_FULL_PREFIX|0,resp_0145738d4065e859006aa2f7775ce887d2a11a4640f64a85c2,ed44f4ab3c5fcee3edcc69e84d50ac33de041c856584ea4d27469ff6317f7473,1,0,0,0,1,1,0,3
24,A100_AUTHENTIC_FULL_PREFIX,1,24|A100_AUTHENTIC_FULL_PREFIX|1,resp_0d2d3082d0c292f3006aa2f777be5c87d2bbc58f7023e0ab9b,6b0a39d8711eeeabfc68b8721512ecd9f821d68fb08e1cf215c2e4e5978d1c85,0,0,0,0,1,0,0,1
24,A100_AUTHENTIC_FULL_PREFIX,2,24|A100_AUTHENTIC_FULL_PREFIX|2,resp_0e7faedfb8560472006aa2f777dc9887d29a9d8e73e5d29da7,4b208ab04743e8f7abbbde121c7876d377287bacda5d2edbe78196b0e2e565e6,0,0,0,0,0,0,0,0
24,A25_AUTHENTIC_DOSE,0,24|A25_AUTHENTIC_DOSE|0,resp_0e90a799e3cef3cd006aa2f77834d887d2ab4666100b0b045b,1caa6878bab021efd23e73f706ebfdf13bd5db505088d5351a6e1abd8587077c,0,0,0,0,1,0,0,1
24,A25_AUTHENTIC_DOSE,1,24|A25_AUTHENTIC_DOSE|1,resp_0890ba846a90f945006aa2f778326887d2a51957194ba85bfe,e3b0c44298fc1c149afbf4c8996fb92427ae41e4649b934ca495991b7852b855,0,0,0,0,0,0,0,0
24,A25_AUTHENTIC_DOSE,2,24|A25_AUTHENTIC_DOSE|2,resp_04a6a827b3fd28f6006aa2f778a26887d2a6f037d07058e60a,e1af97f2afba8e59e8b6caa5a47b0b4c82b13d710dcb97e0144f4ae9c9c95d7d,0,0,0,0,0,0,0,0
24,A50_AUTHENTIC_DOSE,0,24|A50_AUTHENTIC_DOSE|0,resp_02b32618344de840006aa2f7788df887d2bf436d33a000df3b,271552933fcacd87e0cfadba13fc8ff9271e74fdfa111bc6fdbd10631db464e1,0,0,0,0,0,0,0,0
24,A50_AUTHENTIC_DOSE,1,24|A50_AUTHENTIC_DOSE|1,resp_0565f385d846fff6006aa2f778dee087d2b0fc7deb96f93632,e3b0c44298fc1c149afbf4c8996fb92427ae41e4649b934ca495991b7852b855,0,0,0,0,0,0,0,0
24,A50_AUTHENTIC_DOSE,2,24|A50_AUTHENTIC_DOSE|2,resp_0ccaec003a2ef4e6006aa2f7799c4887d2a6d42b7f76a2d38b,183484b609756f0450fae66e8f316c90643de4c41659707d4ded0a7d4adf33b2,0,0,0,0,0,0,0,0
24,A75_AUTHENTIC_DOSE,0,24|A75_AUTHENTIC_DOSE|0,resp_0d7bb7df1adeea6b006aa2f77aaf0087d292b866d45d24d285,c8153a0a90943d07b1e126d90d6b4a1ae8c49cce2158cfbdff89b74338f871f3,0,0,0,0,0,0,0,0
24,A75_AUTHENTIC_DOSE,1,24|A75_AUTHENTIC_DOSE|1,resp_0fba4966ae634b4d006aa2f77af49887d2b76f2ddb8bcb9916,e3b0c44298fc1c149afbf4c8996fb92427ae41e4649b934ca495991b7852b855,0,0,0,0,0,0,0,0
24,A75_AUTHENTIC_DOSE,2,24|A75_AUTHENTIC_DOSE|2,resp_0c15547b76bee084006aa2f77b217887d28387d864354b4802,9c937f6e898ed8b682037832429866ea68bc98acdd254ee509b50b4a3516852e,0,0,0,0,1,1,0,2
24,B_TOPOLOGY_SHUFFLED,0,24|B_TOPOLOGY_SHUFFLED|0,resp_028fb3f0b3efb7ce006aa2f77b27c887d2bcadbcd2f8d2bb33,e3b0c44298fc1c149afbf4c8996fb92427ae41e4649b934ca495991b7852b855,0,0,0,0,0,0,0,0
24,B_TOPOLOGY_SHUFFLED,1,24|B_TOPOLOGY_SHUFFLED|1,resp_00e90ac0d50a49e2006aa2f77b551c87d2ac2376a47c278a9b,fd0bc13b3ce7d09f6522c22391d3a7ed7e7567617f30a2529d56b484297737c9,0,0,0,0,1,1,0,2
24,B_TOPOLOGY_SHUFFLED,2,24|B_TOPOLOGY_SHUFFLED|2,resp_086a8175daef4dbb006aa2f77b864087d2843bd54ce5683a2c,39bcc972361fe8c4562926e8cfdce06ac41fa5856e5d89c7a71b1ae573faf03e,0,0,0,0,0,0,0,0
24,C_ORDER_SHUFFLED,0,24|C_ORDER_SHUFFLED|0,resp_0cdb63a8be6693bb006aa2f77b8cc087d294b4967c0ba1bedd,e3b0c44298fc1c149afbf4c8996fb92427ae41e4649b934ca495991b7852b855,0,0,0,0,0,0,0,0
24,C_ORDER_SHUFFLED,1,24|C_ORDER_SHUFFLED|1,resp_0db406282ea96e32006aa2f77bb5b087d2b236121d393508ad,de671c19181583f4d0d3a43bde92a00646376bc6aa46f58f71bf63f2289018a7,0,0,0,0,1,0,0,1
24,C_ORDER_SHUFFLED,2,24|C_ORDER_SHUFFLED|2,resp_00d701d5dbf7a79c006aa2f77bc6e087d294b023de9a54e71a,e3b0c44298fc1c149afbf4c8996fb92427ae41e4649b934ca495991b7852b855,0,0,0,0,0,0,0,0
24,D_DIRECTION_REVERSED,0,24|D_DIRECTION_REVERSED|0,resp_0ca07d23d9b4c8d5006aa2f77be49087d296411ea5b4466182,368482334dd9502fcf826cf0f914dfbb1e61773e4d25a8073c575f1e4214d05b,0,0,0,0,0,0,0,0
24,D_DIRECTION_REVERSED,1,24|D_DIRECTION_REVERSED|1,resp_0c402d6bf553c8fb006aa2f77c471c87d29c0b5cd87af58612,4bf5aa4a857ed94743bb66626c078457e2380a2f453ca1e285b1ffec7f2b27e8,1,0,0,0,0,0,0,1
24,D_DIRECTION_REVERSED,2,24|D_DIRECTION_REVERSED|2,resp_056d3f2f9acc1d94006aa2f77d257887d2945fae58cb1d7191,ab7846dafaf756bc4d2b21d5ea6881190ddfdc9fead52a7363e2e2498add122a,0,0,0,0,0,0,0,0
24,E_META_CONTROL_ABLATED,0,24|E_META_CONTROL_ABLATED|0,resp_043f9c4ea6a2f07c006aa2f77e473487d292f57dd6816ffa1f,b4b6c99089ddb30f1bf5c534af9a9ceffd1f23e9a28014bfdb4005a10e07072b,0,0,0,0,1,0,0,1
24,E_META_CONTROL_ABLATED,1,24|E_META_CONTROL_ABLATED|1,resp_03043d3657c77fe0006aa2f77e40a887d2af2d0b05b5a7aff1,2eaabd7781fb48239e0e19fe8fa1efed1702b4c720f1ae343f6a378dd2285b4d,0,0,0,0,0,0,0,0
24,E_META_CONTROL_ABLATED,2,24|E_META_CONTROL_ABLATED|2,resp_0f5b36cd65689989006aa2f77e6c6887d294405c8810fc8179,51e011eabcffae35d5f52681fb79420c6eacf91e1e2c0ba63499d22e0b890d20,1,0,0,0,1,0,0,2
24,F_PRESERVATION_ABLATED,0,24|F_PRESERVATION_ABLATED|0,resp_07cbde7bd9697bfa006aa2f77ea75087d2a2cb8d32c42d6c75,88932e04aa9bbb8226f334ac3d7f7223d5600106b812626b782c0ec29bc84724,0,0,0,0,0,0,0,0
24,F_PRESERVATION_ABLATED,1,24|F_PRESERVATION_ABLATED|1,resp_0f92ad700af54340006aa2f77f13ac87d2902246d6135befd3,66c1a251fa147ac34e567ef38cd88b5d0f57f37303b959bcdc12ea1f8b97e151,0,0,0,0,1,0,0,1
24,F_PRESERVATION_ABLATED,2,24|F_PRESERVATION_ABLATED|2,resp_02cfc0a60a2817f4006aa2f77f4ba087d2a57a38c454a6e2c5,0a843eb6427d25ba7594e38b5c664d6df1ef5199654140c1440a91ea15fc8cd8,0,0,0,0,0,0,0,0
24,G_SURFACE_SUBSTITUTED,0,24|G_SURFACE_SUBSTITUTED|0,resp_0db2cabb6738eb16006aa2f77f5a6087d29e8cedb9054b39f6,97455a744c91dedd2c58d5b69ced3700deed790ab9ed9c92eae5ff116b3b3b1c,0,0,0,0,1,0,0,1
24,G_SURFACE_SUBSTITUTED,1,24|G_SURFACE_SUBSTITUTED|1,resp_0b53efccfc98f854006aa2f77ffdc887d2a0b658f28d92390a,aca5754fe45048918c690e28b935a0cd170c5e9e0a6f764b8758ed074e8836f4,0,0,0,0,0,0,0,0
24,G_SURFACE_SUBSTITUTED,2,24|G_SURFACE_SUBSTITUTED|2,resp_0bffaac6f0ba450a006aa2f7804de487d28660c4c160f60406,4c598c412e7c78d024daa7a215631b5054d810aa17d5073e452d3158c15e7cd1,0,0,0,0,1,0,0,1
24,H_AUTHENTIC_PERTURBED,0,24|H_AUTHENTIC_PERTURBED|0,resp_003c156f4eac0bb8006aa2f780863087d28a341287714b9189,ad5b9943f345d192d038bea5f9506b1371f65c2dc0f8c6b95ef2145e3c5bcb42,0,0,0,0,0,0,0,0
24,H_AUTHENTIC_PERTURBED,1,24|H_AUTHENTIC_PERTURBED|1,resp_0a5896c390e84978006aa2f780b4e487d296b1ba0006676202,e3b0c44298fc1c149afbf4c8996fb92427ae41e4649b934ca495991b7852b855,0,0,0,0,0,0,0,0
24,H_AUTHENTIC_PERTURBED,2,24|H_AUTHENTIC_PERTURBED|2,resp_03c55cf52f1f6add006aa2f780df7087d284553688931a740f,ab11ac92e3e700b10042edf8bd94d734d5451681addda92bf446585b0ab3fd05,0,0,0,0,0,0,0,0
24,I_SHUFFLED_PERTURBED,0,24|I_SHUFFLED_PERTURBED|0,resp_01df3fbab48f2805006aa2f7820a2487d2891f14b4e281cad4,214f001d1f60a86564d4f026ae1625e1c1fca823b38e5ab178b392469336f940,0,0,0,0,0,0,0,0
24,I_SHUFFLED_PERTURBED,1,24|I_SHUFFLED_PERTURBED|1,resp_09f9fac14f2b3365006aa2f78243bc87d28a369c9eb9fdf00b,e3b0c44298fc1c149afbf4c8996fb92427ae41e4649b934ca495991b7852b855,0,0,0,0,0,0,0,0
24,I_SHUFFLED_PERTURBED,2,24|I_SHUFFLED_PERTURBED|2,resp_0fda268353fa6056006aa2f782d5c487d28da04acc30a71517,16b8b7d19a7000bfd2b8ee11d6174bf96d28b8f4a61c8c1cec73e67a987f61fd,0,0,0,0,0,0,0,0
24,J_RECURSION_CONTROL,0,24|J_RECURSION_CONTROL|0,resp_060847c284038ec9006aa2f782ec5087d2b353b36c4d857115,3d6b00e1627bf7047926959f519795e9e40e866a90fb87796db9067a718f3675,0,0,0,0,0,0,0,0
24,J_RECURSION_CONTROL,1,24|J_RECURSION_CONTROL|1,resp_0136a2c041dfade4006aa2f782ec7c87d28fb04a4d8ea76811,4401ab17272ff1deafc0931f355a553c2bfbf6f50106ac156763ab5cfee1230b,0,0,0,0,0,0,0,0
24,J_RECURSION_CONTROL,2,24|J_RECURSION_CONTROL|2,resp_04c19b2aeda7ed44006aa2f7831d2887d2b6e8517ae6f26c21,e3b0c44298fc1c149afbf4c8996fb92427ae41e4649b934ca495991b7852b855,0,0,0,0,0,0,0,0
24,K_COMPLEXITY_CONTROL,0,24|K_COMPLEXITY_CONTROL|0,resp_0e1841387c38aa00006aa2f783f9f487d2928287eb83760917,a9e2fc8a912207353a4badc034fa78a9c62bdf02aeccdccf3837f6c3d40477b4,0,0,0,0,1,0,0,1
24,K_COMPLEXITY_CONTROL,1,24|K_COMPLEXITY_CONTROL|1,resp_08411316c094bf14006aa2f7843cbc87d28b6786810f2669fa,405d6cdaaca379e99ec7f00f6de753bb71351b06aee93b0d4439a905ca15dd02,0,0,0,0,1,0,0,1
24,K_COMPLEXITY_CONTROL,2,24|K_COMPLEXITY_CONTROL|2,resp_01bdeed0af5a9894006aa2f78481a887d288a974589b28cd65,fd893fdc45f5d438d2d6989e52105eedfe283d60fb487812242dd95dc6963410,0,0,0,0,0,0,0,0
24,L_COUNTERFACTUAL_PATH,0,24|L_COUNTERFACTUAL_PATH|0,resp_0aa4ecdcd61869e5006aa2f784c67087d28d1c0064c016ee58,e3b0c44298fc1c149afbf4c8996fb92427ae41e4649b934ca495991b7852b855,0,0,0,0,0,0,0,0
24,L_COUNTERFACTUAL_PATH,1,24|L_COUNTERFACTUAL_PATH|1,resp_0f58ef9724d799dc006aa2f78502ac87d2934d0fb012dce4a0,e3b0c44298fc1c149afbf4c8996fb92427ae41e4649b934ca495991b7852b855,0,0,0,0,0,0,0,0
24,L_COUNTERFACTUAL_PATH,2,24|L_COUNTERFACTUAL_PATH|2,resp_0e4c2333c89dcf8f006aa2f7853bf887d2b2a111bf016a0fd5,e3b0c44298fc1c149afbf4c8996fb92427ae41e4649b934ca495991b7852b855,0,0,0,0,0,0,0,0
25,A100_AUTHENTIC_FULL_PREFIX,0,25|A100_AUTHENTIC_FULL_PREFIX|0,resp_02d75e7273959641006aa2f7858a5c87d29550fa2b41c15181,dafd3107ca55860b53711a412e47e5d12724f8a222571addfec1e7597f72a836,0,0,0,0,1,0,0,1
25,A100_AUTHENTIC_FULL_PREFIX,1,25|A100_AUTHENTIC_FULL_PREFIX|1,resp_0bde1594d42b8495006aa2f7859bfc87d2a9e03fa46fb627ac,6ded19ebdd5aa1fc1853200b10dca0069c306b83f78146ad234018e8b6f0d2a7,0,0,0,0,1,0,0,1
25,A100_AUTHENTIC_FULL_PREFIX,2,25|A100_AUTHENTIC_FULL_PREFIX|2,resp_0bec964949f10f77006aa2f786cf6087d2bd2179a15b4f5f94,0a38b066b2e3ab84a2df2e035e94f7e2c885d74408868f1ba2ccc720e22311e6,0,0,0,0,1,0,0,1
25,A25_AUTHENTIC_DOSE,0,25|A25_AUTHENTIC_DOSE|0,resp_0d5bd2818ae346bb006aa2f78715ac87d2afbd93a459e9bffd,0c5cd5499b659fff447221c3c9af3063dd6285ef7637df8aeeff0344c7743470,0,0,0,0,1,0,0,1
25,A25_AUTHENTIC_DOSE,1,25|A25_AUTHENTIC_DOSE|1,resp_0347879d6ca0eac8006aa2f78713fc87d282a06af073b9d33d,c70dba1da633e0ef0216c6f036300da792277726461ede5c0e9263cdaad3ee09,0,0,0,0,1,0,0,1
25,A25_AUTHENTIC_DOSE,2,25|A25_AUTHENTIC_DOSE|2,resp_063abe333c7421da006aa2f7872c9487d28a262a42866d280e,41052db6416c7339be6cfae3cc2a92c2da2df7556a33eeaf2a369fe4406d0151,0,0,0,0,1,0,0,1
25,A50_AUTHENTIC_DOSE,0,25|A50_AUTHENTIC_DOSE|0,resp_01c43ce981a6d059006aa2f7879e8887d292de834bee793b46,b398d3bf3cfd2ba94fa6f270b296a626e7a5dd7ce97f74c1b42287022158d94d,0,0,0,0,1,0,0,1
25,A50_AUTHENTIC_DOSE,1,25|A50_AUTHENTIC_DOSE|1,resp_05ed38cee6bc48cc006aa2f787a32087d28ba74c23ee7b57da,c0f8d5ee2e853fac811701600dce203c03a6d2078f84ddea15558d752ab86bff,1,0,0,0,0,0,0,1
25,A50_AUTHENTIC_DOSE,2,25|A50_AUTHENTIC_DOSE|2,resp_03ae59419246800e006aa2f787f5dc87d2bdc3f5dc95cedb28,5af0b3ae8fb7e11be2568336b1c17dd104f8dbb876814ebc2c02878d7828217a,0,0,0,0,0,1,0,1
25,A75_AUTHENTIC_DOSE,0,25|A75_AUTHENTIC_DOSE|0,resp_026510191252d683006aa2f788663087d296d09690e83bdabf,9bd609bed4c5225c32c21c76896a484052b4433a488f2b2eeceb0d220a273b2e,0,0,0,0,1,0,0,1
25,A75_AUTHENTIC_DOSE,1,25|A75_AUTHENTIC_DOSE|1,resp_01cb741d9b97f6ec006aa2f788532487d2b74bc0e21ca984b7,3ea3919260420150ad5e0221f4b5782484a22fd092309abb2156002e00985caf,0,0,0,0,1,1,0,2
25,A75_AUTHENTIC_DOSE,2,25|A75_AUTHENTIC_DOSE|2,resp_09cf766bfa014d8e006aa2f7894bd887d28bcacbadf92dd111,9b92f9ba63a85bd81dc1a0bb905f34367443427a6574a143974ce11135bdc4a3,0,0,0,0,1,1,0,2
25,B_TOPOLOGY_SHUFFLED,0,25|B_TOPOLOGY_SHUFFLED|0,resp_0e6f28ce2e91c6d6006aa2f78997a487d2a11b5f9c3141dc97,f95c15f08e2d2d57bfc60abae58b2073aaab42ed9fa7bdb92fc1b517d1d70aba,0,0,0,0,1,1,0,2
25,B_TOPOLOGY_SHUFFLED,1,25|B_TOPOLOGY_SHUFFLED|1,resp_0aa6d7351200c3cb006aa2f78a02a487d283e5f95283ddf2a1,6163bf83ec790a36fca1835df4201501504e8163fb4efd9e6092e19711c198ba,0,0,0,0,1,1,0,2
25,B_TOPOLOGY_SHUFFLED,2,25|B_TOPOLOGY_SHUFFLED|2,resp_0296346fac2c32ae006aa2f78af68c87d2904a810bc829db22,285ee1604f6cb34f5946e0cebd1dc7ca5d25fecb2445c39d9da0e25d5872c821,0,0,0,0,1,1,0,2
25,C_ORDER_SHUFFLED,0,25|C_ORDER_SHUFFLED|0,resp_0f29e7eb4b52396b006aa2f78b42c487d2b2f54b5eff0d560f,ab1c5e6c5e026b9ae5e7c48822f7e5ff8360e300f2415f87e19ca8c5db1d55cc,0,0,0,0,1,0,0,1
25,C_ORDER_SHUFFLED,1,25|C_ORDER_SHUFFLED|1,resp_0f5ac6973984edd5006aa2f78b496087d28fe0269da0efcbc1,e13ba616f6be6b71b1aba173ad6d6dc8ee818ff0794039ea3ec70fc40296716a,0,0,0,0,1,1,0,2
25,C_ORDER_SHUFFLED,2,25|C_ORDER_SHUFFLED|2,resp_08a23eb85bb529f5006aa2f78b79f087d2b5fa0a4e96092b5b,6a2ac8a3979736ff47f888afc2030be0236841d5b07c4aa7b08854b5892530aa,0,0,0,0,1,0,0,1
25,D_DIRECTION_REVERSED,0,25|D_DIRECTION_REVERSED|0,resp_06b064fbd90b87ee006aa2f78b4a2087d2bce1fd92a749b8f5,b350fe87a0aedcb442ff47706f80a44b2950f3d8d51e6932a94d6c7e2e087d0a,0,0,0,0,0,0,0,0
25,D_DIRECTION_REVERSED,1,25|D_DIRECTION_REVERSED|1,resp_01c4bf9106566453006aa2f78be0a087d288080cd5e1130aa9,5dd4d01abec63f131c561f370159326a8691e3619953514ee9b2d527c7710b32,1,0,0,0,1,0,0,2
25,D_DIRECTION_REVERSED,2,25|D_DIRECTION_REVERSED|2,resp_02aa785d67e4e406006aa2f78c144087d2b46fcf655d88df1e,f4933bcf5788639e6fa80a61c9926f06eac62b61c1d1e66e9cd66aaa4ead00c6,0,0,0,0,1,0,0,1
25,E_META_CONTROL_ABLATED,0,25|E_META_CONTROL_ABLATED|0,resp_0b046e4d52b60226006aa2f78c9f4087d2838ff9dcbde1f1de,11fa978e672efd9d7f2f8df472b1b35c8388125c399b376a8915c9beb9cfada0,0,0,0,0,1,0,0,1
25,E_META_CONTROL_ABLATED,1,25|E_META_CONTROL_ABLATED|1,resp_07aec14d978965a6006aa2f78cba1887d2806be7135ceb8f94,e97e30f7388f3692ba517e5696e719cb6efb513db87841afadc4cde5213c900f,0,0,0,0,1,0,0,1
25,E_META_CONTROL_ABLATED,2,25|E_META_CONTROL_ABLATED|2,resp_079047a637620f76006aa2f78e490c87d29179cb0891401628,dad3ffeb09741c4983e2d37851fd15bc76221996adb8d41239ebb512b3d3b9fb,0,0,0,0,1,0,0,1
25,F_PRESERVATION_ABLATED,0,25|F_PRESERVATION_ABLATED|0,resp_0655e44e8412ea26006aa2f78e7e7887d2bf300dcd75d18faa,5713496517a35eccfdfe34a37370ac391d9686156c568325b80123117f5a36bf,0,0,0,0,0,0,0,0
25,F_PRESERVATION_ABLATED,1,25|F_PRESERVATION_ABLATED|1,resp_02955370d29b4b39006aa2f78ef34c87d2a105dc94807c25e5,8a981312308cb461ae85adb75fde2e7c38d9c139b260454440bd4a539a2039b5,0,0,0,0,0,0,0,0
25,F_PRESERVATION_ABLATED,2,25|F_PRESERVATION_ABLATED|2,resp_04e01eb74502204e006aa2f78f193487d2a369e93c72763a79,b468902e552669bd817c760a81b6aa6701ebb8fecee8c8f1025b488d822dfa81,0,0,0,0,0,1,0,1
25,G_SURFACE_SUBSTITUTED,0,25|G_SURFACE_SUBSTITUTED|0,resp_0f32c69b8d5358b7006aa2f78f243087d297ea84699601989b,aeb9a259c2c92c49c1307fa63089c2a76c011a3beccdd6f98e9687d4dd7f6061,0,0,0,0,1,0,0,1
25,G_SURFACE_SUBSTITUTED,1,25|G_SURFACE_SUBSTITUTED|1,resp_0454021f62e547d0006aa2f78f256c87d2b6fdf81eadbd0fda,8bbbfc0bdf7b08c6c80cd892c4731c9d6f2899ab9f39c4b6d6265d793295de4f,0,0,0,0,1,0,0,1
25,G_SURFACE_SUBSTITUTED,2,25|G_SURFACE_SUBSTITUTED|2,resp_0eb5ce2e83e7ea95006aa2f78f5f4c87d2b8a15f9a1b7631a3,ab6630f8e4437c8a37e6c7d499a21f9fd169fe30d762caa5101dbb46a7f9ad68,1,0,0,0,1,1,0,3
25,H_AUTHENTIC_PERTURBED,0,25|H_AUTHENTIC_PERTURBED|0,resp_057edda0565fed19006aa2f78f83b487d296c1d0009b7d355d,c5f21a50b3b95a054144c166ba9217ed2761d9e4677def966e5a4b8208b9d381,0,0,0,0,1,1,0,2
25,H_AUTHENTIC_PERTURBED,1,25|H_AUTHENTIC_PERTURBED|1,resp_0cda2ad8092f57c3006aa2f78f7ee087d2be6e735105533b93,1004fb53edd2d8822db37b2d126711148607c1d8de7daf7300d83dfefd0db95d,0,0,0,0,0,0,0,0
25,H_AUTHENTIC_PERTURBED,2,25|H_AUTHENTIC_PERTURBED|2,resp_04cb59b06abecc4e006aa2f78f93dc87d29c58a80d795d9121,73b339daa7a987b05a5e2fa423659987f72b05f7d0b6e4895d747290f345b014,0,0,0,0,0,0,0,0
25,I_SHUFFLED_PERTURBED,0,25|I_SHUFFLED_PERTURBED|0,resp_0702d5a44c003cee006aa2f79025cc87d290209f230f5dfee3,e3b0c44298fc1c149afbf4c8996fb92427ae41e4649b934ca495991b7852b855,0,0,0,0,0,0,0,0
25,I_SHUFFLED_PERTURBED,1,25|I_SHUFFLED_PERTURBED|1,resp_0b13f86f0b4218a4006aa2f790d77c87d2ae32776d895ff790,e8fbaa4deb941db13a52a3d4810a4c6484a29fea5be682e0cd7299afabe4f215,1,0,0,0,1,0,0,2
25,I_SHUFFLED_PERTURBED,2,25|I_SHUFFLED_PERTURBED|2,resp_06315ddb77537f98006aa2f791d19087d2b82cf4858ba9b92d,29d9058c1a6c070d24b1dd7225fd165f32c777eaed6a5048bf8221b12145c3c6,0,0,0,0,0,0,0,0
25,J_RECURSION_CONTROL,0,25|J_RECURSION_CONTROL|0,resp_0489ad30eaae1c80006aa2f7927d4887d28e0c72abcd878e64,9f31bd17bb49276ed8e19d460d9bfd0b97c8f82029e152f9f75ef19a081982e3,0,0,0,0,1,0,0,1
25,J_RECURSION_CONTROL,1,25|J_RECURSION_CONTROL|1,resp_04b3bee6c1104270006aa2f792a47c87d28021449cea8dbcda,61948a714724d083b4543e86759ba3fde7461d4fe047976b982763a321888d4a,1,0,0,1,0,0,0,2
25,J_RECURSION_CONTROL,2,25|J_RECURSION_CONTROL|2,resp_0e55654bfd8aa380006aa2f793627487d2b05ef1fd59ddfad4,f9c46c49ef709b2ed24e930130b3849b03f258b35fda302d65f1c5481a13d6e1,0,0,0,0,0,0,0,0
25,K_COMPLEXITY_CONTROL,0,25|K_COMPLEXITY_CONTROL|0,resp_0b15259d929b0768006aa2f7930cd487d281b19d9f423bde14,47e1a290d7a7bd6e09ce2c59c22b409cf84cb2038055144155006511dbcbd43a,0,0,0,0,0,0,0,0
25,K_COMPLEXITY_CONTROL,1,25|K_COMPLEXITY_CONTROL|1,resp_0765519aa834f070006aa2f793123487d2a62580df2253a11d,1ba523b169866a446e2f4e05fee6501a5d1610e1318c3f4d4b27a208d98a83cc,0,0,0,0,0,0,0,0
25,K_COMPLEXITY_CONTROL,2,25|K_COMPLEXITY_CONTROL|2,resp_090502c9e5ebfb50006aa2f79344f487d28a943ea7b65ccd45,08ad586215b126752652b65b453add2e7ac65ac88a5c27676fca2b8e99ce60b8,0,0,0,0,1,0,0,1
25,L_COUNTERFACTUAL_PATH,0,25|L_COUNTERFACTUAL_PATH|0,resp_0b6437eeeac1c658006aa2f7937bfc87d288f777d34a74b9ab,b4782b2b33da6a23d68c89524d60c0f86f90244b25b09f10550d8524e9334bbc,1,0,0,0,1,0,0,2
25,L_COUNTERFACTUAL_PATH,1,25|L_COUNTERFACTUAL_PATH|1,resp_062a8e2e97e2ee10006aa2f7936ec487d2aa9cbf60d09eebed,5ffa9e77749a3d3467fddcd48c11fc9ac85fe7096b6257fea0fca383196aed4c,0,0,0,0,1,0,0,1
25,L_COUNTERFACTUAL_PATH,2,25|L_COUNTERFACTUAL_PATH|2,resp_09e93543a92b8a17006aa2f7938ebc87d2b7ccb0fb2b9ca5fb,8020b5509337a80e093be8d2c4c76a89e6d4de2d336eeb2142b7246c7e1fd68b,0,0,0,1,0,0,0,1
26,A100_AUTHENTIC_FULL_PREFIX,0,26|A100_AUTHENTIC_FULL_PREFIX|0,resp_029e8daa4a0879f3006aa2f7939e6887d28e06883ec9a59072,77b1c3a576d1278ca7f534912957199dfbf82dde991c7506b77acf4b0a703f4c,0,0,0,0,1,0,0,1
26,A100_AUTHENTIC_FULL_PREFIX,1,26|A100_AUTHENTIC_FULL_PREFIX|1,resp_0cd46966bfa0702f006aa2f794b82887d29ea7ed6c441d3351,6c2a8292a08e1e8522a7104d389cc29066bfc0e2b2255d7dd6742d6c5d6b81dd,0,0,0,0,1,0,0,1
26,A100_AUTHENTIC_FULL_PREFIX,2,26|A100_AUTHENTIC_FULL_PREFIX|2,resp_0b001e7bd4df16c9006aa2f79585e087d28c0b616a43148474,b9955bd77ea7fe34baa9ca6cd252944554f6f13763f0c3a02683fde8d191a4a4,0,0,0,0,1,0,0,1
26,A25_AUTHENTIC_DOSE,0,26|A25_AUTHENTIC_DOSE|0,resp_0c2d2aced5c65a28006aa2f796211087d29338a8785fd5d1f2,f228ba081a0d5e3cf1e6a38c55dca4f9b4c7430a59cf3677506d09fb81d5e31a,0,0,0,0,1,0,0,1
26,A25_AUTHENTIC_DOSE,1,26|A25_AUTHENTIC_DOSE|1,resp_01d1fe88696758d7006aa2f7964ccc87d2bae421296d528c91,e8c8b458251542aee97457afe588e4aee849f0b6c834c60ee487ab1402b9c925,0,0,0,0,1,0,0,1
26,A25_AUTHENTIC_DOSE,2,26|A25_AUTHENTIC_DOSE|2,resp_07fbc8cfdc843613006aa2f796705887d29b5b59636ae1e3a7,7d64539abbebdc61faffd5b40a5bcc93e8ea246eadf8533bc354136c650daf3e,0,1,0,0,1,0,0,2
26,A50_AUTHENTIC_DOSE,0,26|A50_AUTHENTIC_DOSE|0,resp_0bf0bb3804c2d3c7006aa2f796da1487d2bc4a04ede1f9ee58,86aa11b35f7d5cd3aca4e304d009263fdb5a800fd357e0d228f1790fe7b008e7,0,0,0,0,0,1,0,1
26,A50_AUTHENTIC_DOSE,1,26|A50_AUTHENTIC_DOSE|1,resp_0abe1e34f5848a5c006aa2f796e4ec87d2a39cc5b2706d54d3,d2697eb45e1464755f10d729c6151b833246b8b7c807aee16939d22504a640fc,0,0,0,0,1,0,0,1
26,A50_AUTHENTIC_DOSE,2,26|A50_AUTHENTIC_DOSE|2,resp_03100dd2ee8dc9dd006aa2f796c8b887d29dcea8a87632651d,7d6e52d6e1b8f4a209a33d597a1580034d966cfb633d93bcff1c276cbd649319,1,0,0,0,0,0,0,1
26,A75_AUTHENTIC_DOSE,0,26|A75_AUTHENTIC_DOSE|0,resp_0baf50c9ac5c8c98006aa2f796e55087d29db22d46dcc329e4,6a2c147ce691e9eb8c83d7ba4ed77515c3314d4fb5a25f5c8ba4e1dccb231a54,0,0,0,0,1,1,0,2
26,A75_AUTHENTIC_DOSE,1,26|A75_AUTHENTIC_DOSE|1,resp_00f2a0da0a270e48006aa2f796f71c87d283d75c50674cc7c7,22951f4520622e5da1ae2ecd3645c93230af986b5460d453b494e76a9b38c8dc,0,0,0,0,1,1,0,2
26,A75_AUTHENTIC_DOSE,2,26|A75_AUTHENTIC_DOSE|2,resp_072c101e6464235e006aa2f797a36487d2adb07f1ec4d01892,d3d5ab7eadf54da3ccd315c09d7369d7764f8d83f2f6db3f754a950238deab61,0,0,0,0,1,0,0,1
26,B_TOPOLOGY_SHUFFLED,0,26|B_TOPOLOGY_SHUFFLED|0,resp_0f8d9f57eccec56e006aa2f797fa6c87d2ad74669c3b5e25e4,6224da1431ba9c1895c3fb1ab5e073ba23b341ab7b0087003af87c44f5311dc4,0,0,0,1,1,0,0,2
26,B_TOPOLOGY_SHUFFLED,1,26|B_TOPOLOGY_SHUFFLED|1,resp_069da68cb9581249006aa2f799dca487d2b4498380008acd56,e3b0c44298fc1c149afbf4c8996fb92427ae41e4649b934ca495991b7852b855,0,0,0,0,0,0,0,0
26,B_TOPOLOGY_SHUFFLED,2,26|B_TOPOLOGY_SHUFFLED|2,resp_020443d0a5dafd8d006aa2f799e51887d29ed9498c1f50a657,97b1ff1c5d380675bf63963e4846050c5dd3e9342ba1549576d9b5bff77cb399,0,0,0,0,1,0,0,1
26,C_ORDER_SHUFFLED,0,26|C_ORDER_SHUFFLED|0,resp_01f3c0b550c694e9006aa2f79a25b487d2a64226ffd42be5f7,e3b0c44298fc1c149afbf4c8996fb92427ae41e4649b934ca495991b7852b855,0,0,0,0,0,0,0,0
26,C_ORDER_SHUFFLED,1,26|C_ORDER_SHUFFLED|1,resp_09bc6b02a6db0ed6006aa2f79a09c087d2a82baaa27cc3ff22,092c1f74ffd9bf15b39ddec58014c3c213a44cd89eecbd55538fb912d36ed22f,0,0,0,0,1,0,0,1
26,C_ORDER_SHUFFLED,2,26|C_ORDER_SHUFFLED|2,resp_0633544f82fd537b006aa2f79a377887d2b23f5eec497b712d,9ad4fc2688ba288853b3cdd07f42fce99c79f4adb8ba9306d06f2edb1e069b3d,0,1,0,0,1,1,0,3
26,D_DIRECTION_REVERSED,0,26|D_DIRECTION_REVERSED|0,resp_0282f5d6e645a71d006aa2f79a39e087d2ae1345c4c9ea8d5d,184eb75e4a20a66b0e02d6f1c0b4bbab3a741eb77761a2c2bf8dbf6bf88e2244,0,0,0,0,1,0,0,1
26,D_DIRECTION_REVERSED,1,26|D_DIRECTION_REVERSED|1,resp_0fd5035350905b50006aa2f79a5f4c87d2a0568fdc7e3517e6,279b05a9665f50ad025cc8e48a2be06fd551c49a8c8179808ac43b2c9836d9ac,0,0,0,0,1,0,0,1
26,D_DIRECTION_REVERSED,2,26|D_DIRECTION_REVERSED|2,resp_0c9840a4b9b4dafc006aa2f79adaa487d2b55b95d335af308d,40fd13f92532d477465a6349a08e5c82b2f6b124f3fd18a242438a498cd1ce73,0,0,0,0,0,0,0,0
26,E_META_CONTROL_ABLATED,0,26|E_META_CONTROL_ABLATED|0,resp_0cc9722cc7a1637c006aa2f79b41dc87d28014bcdd11aa9cf1,532efb396fe06e378582f4ae9d8826b9cc2bdff153ce0d06914d039412be8234,0,0,0,0,1,0,0,1
26,E_META_CONTROL_ABLATED,1,26|E_META_CONTROL_ABLATED|1,resp_049bebe9af401847006aa2f79b409087d2ab2b0f49b4d5150e,c321459cdeadd1ee673d9f4747db44485aa728645ec9a5f9e300d6add0c7971f,0,0,0,0,1,0,0,1
26,E_META_CONTROL_ABLATED,2,26|E_META_CONTROL_ABLATED|2,resp_09e98d2eabbb722d006aa2f79b8fd487d298bc5be11fe77547,4a157d75d98c5e38f96fc20d2fc2924ce64766ac9ecf13d0f454af5b8ffa8a13,0,0,0,0,1,0,0,1
26,F_PRESERVATION_ABLATED,0,26|F_PRESERVATION_ABLATED|0,resp_07f8446876bbf4aa006aa2f79c225487d2a8de78660f4bae8d,1f8162b7e2161011758f3b4545e397ff1cfd6aeae71a8ccfa062c07c19b35d52,0,0,0,0,0,0,0,0
26,F_PRESERVATION_ABLATED,1,26|F_PRESERVATION_ABLATED|1,resp_072a6c2f095d24bd006aa2f79d20a487d28a953730ec1a9ec3,1e06c9c9025afdd5e35ec83a5cd37e637ea30021ec03485205b21d2b0cef14fe,0,0,0,0,0,1,0,1
26,F_PRESERVATION_ABLATED,2,26|F_PRESERVATION_ABLATED|2,resp_036964ff4ccf4f19006aa2f79d48c087d29890bcad5153c757,102173a7b20b85ebde07d2d07679e84ff63cb5ef17a0dd6b5e38e5e72690c8f6,0,0,0,0,0,0,0,0
26,G_SURFACE_SUBSTITUTED,0,26|G_SURFACE_SUBSTITUTED|0,resp_08ae8d8a49ef1660006aa2f79d446887d2beb058a684e6fb24,7724a2107dea0daa68a7cc3b6b2d9a13e6b34159cf8173e9214bc01307766b96,0,0,0,0,1,0,0,1
26,G_SURFACE_SUBSTITUTED,1,26|G_SURFACE_SUBSTITUTED|1,resp_017a115a50f6f519006aa2f79de1bc87d294eab2e5fa4cc0b9,e3b0c44298fc1c149afbf4c8996fb92427ae41e4649b934ca495991b7852b855,0,0,0,0,0,0,0,0
26,G_SURFACE_SUBSTITUTED,2,26|G_SURFACE_SUBSTITUTED|2,resp_0e67431182003676006aa2f79e24c087d29103022c9bf9d01c,5803fe6f8d46348c7d6faa6b2b3e9511e3f3b966519f6ad461ac66a760345c94,0,0,0,0,1,0,0,1
26,H_AUTHENTIC_PERTURBED,0,26|H_AUTHENTIC_PERTURBED|0,resp_09ea7f3270b31c06006aa2f79e13d887d293b09b2f62c040d7,e3b0c44298fc1c149afbf4c8996fb92427ae41e4649b934ca495991b7852b855,0,0,0,0,0,0,0,0
26,H_AUTHENTIC_PERTURBED,1,26|H_AUTHENTIC_PERTURBED|1,resp_06190cec2a06595b006aa2f79e4d9c87d2865a120a56335f5e,29922c44a4f2340c95bf233040268c3baf842d36a3613b63feb78ca12a1a2f3d,1,0,0,0,0,0,0,1
26,H_AUTHENTIC_PERTURBED,2,26|H_AUTHENTIC_PERTURBED|2,resp_05fe09941a31cea4006aa2f79e8f2087d2b260970a936151b7,e3b0c44298fc1c149afbf4c8996fb92427ae41e4649b934ca495991b7852b855,0,0,0,0,0,0,0,0
26,I_SHUFFLED_PERTURBED,0,26|I_SHUFFLED_PERTURBED|0,resp_016a8aa608b8cb9c006aa2f79f62bc87d28be64d1ac85de13c,e3b0c44298fc1c149afbf4c8996fb92427ae41e4649b934ca495991b7852b855,0,0,0,0,0,0,0,0
26,I_SHUFFLED_PERTURBED,1,26|I_SHUFFLED_PERTURBED|1,resp_0497a3376a3a1e0c006aa2f79f7b7887d2815b6178fe919033,eadaea4825ee30a597888e560635d01d65bc785b29f1d11ebff61bd3521872af,0,0,0,0,0,0,0,0
26,I_SHUFFLED_PERTURBED,2,26|I_SHUFFLED_PERTURBED|2,resp_0ca94cc7f16dcc89006aa2f7a0a47887d2bd558c833da43718,e3b0c44298fc1c149afbf4c8996fb92427ae41e4649b934ca495991b7852b855,0,0,0,0,0,0,0,0
26,J_RECURSION_CONTROL,0,26|J_RECURSION_CONTROL|0,resp_06c6f940c7411b1a006aa2f7a10afc87d28fc79674358109a0,bc417308b2e0a34d5ba49454527fe628b1492328f90ac2b4c2558b2a6ac8be66,0,0,0,0,0,1,0,1
26,J_RECURSION_CONTROL,1,26|J_RECURSION_CONTROL|1,resp_0f64ff3d9607e91f006aa2f7a117f487d294be9f2ee24a4ed0,6f83e5a45f1cc361d260f58a61fcda134c9e27257109273142a238a662d84eed,0,0,0,0,0,0,0,0
26,J_RECURSION_CONTROL,2,26|J_RECURSION_CONTROL|2,resp_07fb91050285086e006aa2f7a1406c87d299f68b1e48bb123b,133be00352ebf9f3c70c9b29dc0c2b8e688797264336b42cb163a0a4e5cff550,0,0,0,0,1,0,0,1
26,K_COMPLEXITY_CONTROL,0,26|K_COMPLEXITY_CONTROL|0,resp_06072c79febe2384006aa2f7a14c9087d2a58ef27435dc2191,c35680764da47f2ec3795d620078a6f063b58949dc5bed70e45b0e54080c11b8,0,0,0,1,1,0,0,2
26,K_COMPLEXITY_CONTROL,1,26|K_COMPLEXITY_CONTROL|1,resp_00f82b0037bae020006aa2f7a1d6c087d28a44ad5ec7668277,409fd6a6679025744fc4bb042d90f26b5c18fa43dcbbdb8483798577702ee558,0,0,0,0,0,0,0,0
26,K_COMPLEXITY_CONTROL,2,26|K_COMPLEXITY_CONTROL|2,resp_01367936afdfd9b9006aa2f7a1f38887d28ac37baf2ad9b1c1,db02eac193e333d00c1c7dc1980f1b9c6969f4eafe8e53181f249f3c7ed27144,0,0,0,0,1,0,0,1
26,L_COUNTERFACTUAL_PATH,0,26|L_COUNTERFACTUAL_PATH|0,resp_098f78b4c4dc6637006aa2f7a202e487d2bea0fc0840b0dff9,9ddce2a3362da17dc6a16145c5a812bee1132f2b7c1b54bebdee9b1e4b860d6c,0,0,0,0,1,0,0,1
26,L_COUNTERFACTUAL_PATH,1,26|L_COUNTERFACTUAL_PATH|1,resp_01adc828468cca18006aa2f7a24df887d29b83cbfce71b26c1,74259c3a405ccd6d597d9d92be44ec314183415e1f70717d395462a561a8323c,0,0,0,0,1,0,0,1
26,L_COUNTERFACTUAL_PATH,2,26|L_COUNTERFACTUAL_PATH|2,resp_0efd47d8082abe80006aa2f7a2b57487d284a29703bda7e015,faf8e0665de26b1b9c42397e7cb6c4bc8aaec2199ddccda9eee94004ea73551a,0,0,0,0,0,0,0,0
27,A100_AUTHENTIC_FULL_PREFIX,0,27|A100_AUTHENTIC_FULL_PREFIX|0,resp_00632af85503ebab006aa2f7a2cdb487d2b981aa4209669466,7af327f41011776ea21d5e28d2af93b849e287baf628270a535691c10ca96bca,0,0,0,0,1,0,0,1
27,A100_AUTHENTIC_FULL_PREFIX,1,27|A100_AUTHENTIC_FULL_PREFIX|1,resp_0b3c0ec6ee28fee1006aa2f7a33df087d28db6905e36eb3435,547e7ed03b14ffb7b6980c42feca1a0e46c975246b512feec03ade45d735ebf9,0,0,0,0,1,0,0,1
27,A100_AUTHENTIC_FULL_PREFIX,2,27|A100_AUTHENTIC_FULL_PREFIX|2,resp_053b8cb0d7ce7eac006aa2f7a4680487d2abc2e764cef7ea1a,8d91e4b4df9f5c4f2317128c7eaaecb0a80c73f810ffa2bc113b4805268f1a47,0,0,0,0,1,0,0,1
27,A25_AUTHENTIC_DOSE,0,27|A25_AUTHENTIC_DOSE|0,resp_0baabb9fa887bbfd006aa2f7a49ec087d28b71565ce130243f,7339436130ef5a64472a1fa5e87be97138a51518fff722428b68ca7b1106f082,0,0,0,0,1,0,0,1
27,A25_AUTHENTIC_DOSE,1,27|A25_AUTHENTIC_DOSE|1,resp_09bc29808024f3ae006aa2f7a4ddc087d29ed32cd13b5722f4,cc7ee598a6b6c44ae34b4d983582b731dd2b458d988f410bc4c9083253ffdcbd,0,0,0,1,0,0,0,1
27,A25_AUTHENTIC_DOSE,2,27|A25_AUTHENTIC_DOSE|2,resp_0e877820bd3f5205006aa2f7a4ea1887d2aaed200ffcadf764,15cd5ebef5f5ecff0ca04d21f8c6ce927ac618e9276c6d75b72f50b8e08a1e30,0,0,0,0,1,0,0,1
27,A50_AUTHENTIC_DOSE,0,27|A50_AUTHENTIC_DOSE|0,resp_0670286cc1e54b95006aa2f7a551b887d2a2c53f2f70393412,51b39e40c40c539571e7102c668a095b3756a83a2a9a6b990bc2e6b84c41e2fb,0,0,1,0,0,1,0,2
27,A50_AUTHENTIC_DOSE,1,27|A50_AUTHENTIC_DOSE|1,resp_0a6f0776a57357d6006aa2f7a5baf087d296005155334a546f,3fe1d4c5811ee2776e2556d6879611b63cdded535865b1892d2ce5dc1c2c31fc,0,0,0,0,1,1,0,2
27,A50_AUTHENTIC_DOSE,2,27|A50_AUTHENTIC_DOSE|2,resp_0d7cf4664295c534006aa2f7a6227087d2ba853e2322444f1f,3ec72538dbf3a62f288393b842c98c0e45402d0fa8562536aedabf9c3e8aa1b3,0,0,0,0,0,0,0,0
27,A75_AUTHENTIC_DOSE,0,27|A75_AUTHENTIC_DOSE|0,resp_044b485f4f0793ed006aa2f7a6264887d2a9e7f780c32728da,13c88f7611d7973bfa006044eec08b243623e7a2cbc19f56f80322caea864304,1,0,0,0,1,1,0,3
27,A75_AUTHENTIC_DOSE,1,27|A75_AUTHENTIC_DOSE|1,resp_00610f574991cbeb006aa2f7a62be087d2bdc01ee09760d1f0,e3b0c44298fc1c149afbf4c8996fb92427ae41e4649b934ca495991b7852b855,0,0,0,0,0,0,0,0
27,A75_AUTHENTIC_DOSE,2,27|A75_AUTHENTIC_DOSE|2,resp_088a96ae0846e489006aa2f7a6a02087d2a0bb4d8555c55dbd,41061c2dbe8de4790dbdf64f61c13668e83aa40235e6c2e1fafd6605949a638c,0,0,0,0,1,0,0,1
27,B_TOPOLOGY_SHUFFLED,0,27|B_TOPOLOGY_SHUFFLED|0,resp_0b3409ebc7e3f3f0006aa2f7a6a05087d2a4dabac8adad4687,566151edfc96d68db4b45487ae3654fc92480b177ecdd001e01d55c8445a8bcf,0,0,0,0,1,0,0,1
27,B_TOPOLOGY_SHUFFLED,1,27|B_TOPOLOGY_SHUFFLED|1,resp_096fdd72937420c1006aa2f7a6d98487d2b0b716f443500030,a758f9f0acc1168cd3b0a1e18fca2865ac4449283a198aacd7b2710783b6cc11,0,0,0,0,1,0,0,1
27,B_TOPOLOGY_SHUFFLED,2,27|B_TOPOLOGY_SHUFFLED|2,resp_0785fa0a117cb1b5006aa2f7a78c1c87d29774047810682097,14ac7aa3964189d7a8c75e84c33fe5fb7be82598cfa6065bb25aef35d7e61f7c,0,0,0,0,1,1,0,2
27,C_ORDER_SHUFFLED,0,27|C_ORDER_SHUFFLED|0,resp_038973dc4e4249d8006aa2f7a838d087d29610f0d5d6436e17,4c60dfa4217806c4c12aae1206378c2ba60a423238873d0f5ca2c6e41fc19bec,0,0,0,0,1,1,0,2
27,C_ORDER_SHUFFLED,1,27|C_ORDER_SHUFFLED|1,resp_0f51efb1f5415b49006aa2f7a8428487d2a6b0832bae8d4c9c,c55e0ffa029282c3855cb74a3ee9ee38c858a4ef8ff72691b99a52691ea668c7,0,0,0,0,1,0,0,1
27,C_ORDER_SHUFFLED,2,27|C_ORDER_SHUFFLED|2,resp_04a6e7431922dd36006aa2f7a8948087d28e72f560e62bad70,ca9990cc4a56b2416d9c4a9c8c21ef7d4fc39983d16ca1e06095fbb4938535d9,0,0,0,1,1,1,0,3
27,D_DIRECTION_REVERSED,0,27|D_DIRECTION_REVERSED|0,resp_05f3788342880ca8006aa2f7a8cda087d2b7c33f4f8c8aa2ed,36dd5e06e38f81c746693c45709bc4cb8d0d4372e6ce9a2fb42db9d2ce042458,0,0,0,0,0,0,0,0
27,D_DIRECTION_REVERSED,1,27|D_DIRECTION_REVERSED|1,resp_0e9f09bcc7b52bdc006aa2f7a984a887d29c00355757f2bc1f,e80e2b3c3fd9188def6e3afa547bbecaa5ea1642ccc5962949cdc67968ba34c3,0,0,0,0,0,0,0,0
27,D_DIRECTION_REVERSED,2,27|D_DIRECTION_REVERSED|2,resp_0d92d6065ef68917006aa2f7a9b0b487d2a83b99c579e4a827,ad9c21958d297f2c81d79b1e5b332ac90e31e03dd54f99f467ead65fffc78f5f,0,0,0,0,1,0,0,1
27,E_META_CONTROL_ABLATED,0,27|E_META_CONTROL_ABLATED|0,resp_08cea4abcfa390c7006aa2f7a9989087d2a595555f01b1db04,b5b5d9385c79488c8072558643f521682c6a99a5628f7da018a698fed60e93aa,0,0,0,0,1,0,0,1
27,E_META_CONTROL_ABLATED,1,27|E_META_CONTROL_ABLATED|1,resp_0127db85a2f5b909006aa2f7a9c49c87d297b16f0e8644bb6c,a3fabce1f54e0f74e8f0f9bc1d12fe09ab53876c7b70e1cfedc12d7d2313fbe2,0,0,0,0,0,0,0,0
27,E_META_CONTROL_ABLATED,2,27|E_META_CONTROL_ABLATED|2,resp_084023ca8acaadc4006aa2f7aa1e3487d2b5f4305905628a0a,b9b4e6e365589de8cefce8547fa9f3531a163d6bb98ecee30f2c8112bbcc3fbe,0,0,0,0,1,0,0,1
27,F_PRESERVATION_ABLATED,0,27|F_PRESERVATION_ABLATED|0,resp_0cba78930d2ec050006aa2f7aa294487d28d361df28d8ca969,6e948a8d396cfb34a2ed3feb866ed922a1f940ab591e56caeba22f3145f0767e,0,0,0,0,0,0,0,0
27,F_PRESERVATION_ABLATED,1,27|F_PRESERVATION_ABLATED|1,resp_0cbdf6336ed2ee64006aa2f7aa9e5487d2b4bd40e06683641d,e3b0c44298fc1c149afbf4c8996fb92427ae41e4649b934ca495991b7852b855,0,0,0,0,0,0,0,0
27,F_PRESERVATION_ABLATED,2,27|F_PRESERVATION_ABLATED|2,resp_093fa68dea6977bb006aa2f7ab115c87d29198230d32ec857c,ce932d6380ed8d34597793dd18ab9e5a05e9bbfa242edf558fc70b71c004b4e7,0,0,0,0,0,0,0,0
27,G_SURFACE_SUBSTITUTED,0,27|G_SURFACE_SUBSTITUTED|0,resp_0cb2521c5b642c4f006aa2f7ac167487d2a6c442a57baaca45,fc37463fdca2011b0f2dadc04f88397507815b4677386275baf48b7680cce1a0,1,0,0,0,1,0,0,2
27,G_SURFACE_SUBSTITUTED,1,27|G_SURFACE_SUBSTITUTED|1,resp_0ac4379a01dcdc22006aa2f7ac382c87d2bf4a8da5bd291281,d0b4c420534e7c0ec5d03f6b911886ba8cb6a0380875fbcbedbffbf5b79ed322,0,0,0,0,1,0,0,1
27,G_SURFACE_SUBSTITUTED,2,27|G_SURFACE_SUBSTITUTED|2,resp_0ad1f6e08e201fd2006aa2f7ac217087d292dd18b6ff232874,e3b0c44298fc1c149afbf4c8996fb92427ae41e4649b934ca495991b7852b855,0,0,0,0,0,0,0,0
27,H_AUTHENTIC_PERTURBED,0,27|H_AUTHENTIC_PERTURBED|0,resp_0f28b4ff3425aa7f006aa2f7acdba087d2ab8d3bd5ab634937,e3b0c44298fc1c149afbf4c8996fb92427ae41e4649b934ca495991b7852b855,0,0,0,0,0,0,0,0
27,H_AUTHENTIC_PERTURBED,1,27|H_AUTHENTIC_PERTURBED|1,resp_002f1ef307315e89006aa2f7ad0af887d29d88c5f31acb5aa3,9061d81637699430afcb00c0cbee0cf062929dcf797360e4e4594974f85d7368,0,0,0,0,0,0,0,0
27,H_AUTHENTIC_PERTURBED,2,27|H_AUTHENTIC_PERTURBED|2,resp_03b7b189a9e5d528006aa2f7ad234487d29ffd2aa1adb81d15,3ea6054d1365a25b89eb301bfa8d455a07a9fd85f64d0b95011f3f6cea6faab4,0,0,0,0,0,0,0,0
27,I_SHUFFLED_PERTURBED,0,27|I_SHUFFLED_PERTURBED|0,resp_0b5e84e4f65216d9006aa2f7ad4d0487d2a9ac90f79165214c,bafe1ee7040913545d489999165f8fa9e35c71ffd10ae99d1c348baa4e075a30,0,0,0,0,1,0,0,1
27,I_SHUFFLED_PERTURBED,1,27|I_SHUFFLED_PERTURBED|1,resp_034025b6100fc109006aa2f7ad2c7087d2ad574b8095628002,e3b0c44298fc1c149afbf4c8996fb92427ae41e4649b934ca495991b7852b855,0,0,0,0,0,0,0,0
27,I_SHUFFLED_PERTURBED,2,27|I_SHUFFLED_PERTURBED|2,resp_0d664c006dde1fd1006aa2f7adcd8087d29475a6074ae3ce2c,e3b0c44298fc1c149afbf4c8996fb92427ae41e4649b934ca495991b7852b855,0,0,0,0,0,0,0,0
27,J_RECURSION_CONTROL,0,27|J_RECURSION_CONTROL|0,resp_075b6cdd5dbe8c8f006aa2f7ae563087d299764bbb51da8f84,7b8d9eff909165ff5822ddf64e7d47928fa7fe5735df9aa07f4408edcb37e0f0,1,0,0,0,0,0,0,1
27,J_RECURSION_CONTROL,1,27|J_RECURSION_CONTROL|1,resp_0dbf7cff9b8acd37006aa2f7ae8e0887d2b09c6a38c3a5d55d,6c88b758d9271f15af033ef5ff64cc03b7b7e6accb7cd34b3c60e30327ecd3e4,0,0,0,0,0,0,0,0
27,J_RECURSION_CONTROL,2,27|J_RECURSION_CONTROL|2,resp_087ecb4742c5fecc006aa2f7aedcb487d28311d2544d697b10,dc8365a324c13eea05c0031b8eaaab35a06504d4bfa6438f03c1e4ae31cfd5a0,0,0,0,0,0,0,0,0
27,K_COMPLEXITY_CONTROL,0,27|K_COMPLEXITY_CONTROL|0,resp_0ed7ff2e5f4c6ca4006aa2f7af715087d28aef6157eda0edb8,734687b8d84ed1f88ce302f966d7706cfd52160ed71c30834c9ae9b0931eef66,0,0,0,0,0,0,0,0
27,K_COMPLEXITY_CONTROL,1,27|K_COMPLEXITY_CONTROL|1,resp_0d0ce6779b08aa6e006aa2f7afdf0c87d28989fd9d45043d03,75f76edfa0d0e3cedb3a8f19ba0ffa18b9279c6380ff98a668fc543d5b17b158,0,0,0,0,0,0,0,0
27,K_COMPLEXITY_CONTROL,2,27|K_COMPLEXITY_CONTROL|2,resp_0df9d781d9da729c006aa2f7b0633887d2abcae4b6b51be38f,26afeadf334c2e136e317b9886337775bab0fd1e665d07c26ad65a5ba598ba08,0,0,0,0,1,0,0,1
27,L_COUNTERFACTUAL_PATH,0,27|L_COUNTERFACTUAL_PATH|0,resp_0bde84705617e81b006aa2f7b0880c87d291d36ff591c3352f,3e16b2abdf4ccd7fc6b90cd87ba36191ad60dbdd39d94a30dca8a761281165b5,0,0,0,0,1,0,0,1
27,L_COUNTERFACTUAL_PATH,1,27|L_COUNTERFACTUAL_PATH|1,resp_05a09f3f3e1c5076006aa2f7b0a3d087d28eea7c24115c837c,2edb16e5d9d01a6d457c13b0deb2db144b58f5b166a41deb6e55d7a727cedcf5,0,0,0,0,1,0,0,1
27,L_COUNTERFACTUAL_PATH,2,27|L_COUNTERFACTUAL_PATH|2,resp_06bcddf8b77c8219006aa2f7b0d53887d289b0de3ffd75c7c5,a90ae64c8e7c3b205f97332e9e74f840cea7bf0c767694fa6fc04d63f9bf2797,0,0,0,0,0,0,0,0
28,A100_AUTHENTIC_FULL_PREFIX,0,28|A100_AUTHENTIC_FULL_PREFIX|0,resp_020aea7f1f2315a8006aa2f7b0f24887d2a670471184692a1c,42a3b60299b9501248ce151f9dc4f1f8718ea4b963b729d9407084d00aef8932,1,0,1,0,1,0,0,3
28,A100_AUTHENTIC_FULL_PREFIX,1,28|A100_AUTHENTIC_FULL_PREFIX|1,resp_0b33e96ec76f4948006aa2f7b0f7e487d293354fd496ee4d1c,113b4541f5d452036bb68a399b17f5f0f17699218ce9e9df38a416429207f0a3,0,0,0,0,1,0,0,1
28,A100_AUTHENTIC_FULL_PREFIX,2,28|A100_AUTHENTIC_FULL_PREFIX|2,resp_0a0117e489b6b947006aa2f7b126f487d2885d8f52230930f0,b36ce51f12fab25653e0b5710c853924a03e8540e413238e136ad0faecf7bf23,1,0,0,0,1,1,0,3
28,A25_AUTHENTIC_DOSE,0,28|A25_AUTHENTIC_DOSE|0,resp_06f678ee48174fda006aa2f7b1d2b487d2bc8afa82c43f53fa,c364c42fe08ed7b576702a46a992dae92e57af9de54f80723ae406fc9d76fa42,0,0,0,0,0,0,0,0
28,A25_AUTHENTIC_DOSE,1,28|A25_AUTHENTIC_DOSE|1,resp_091b350a029ae599006aa2f7b27de087d28c5d2c7d6feb4776,d861a4af48a3595eaaee2ac6a98ebfbda73d5fb982a0041fde46b6af1966698e,0,0,0,1,0,0,0,1
28,A25_AUTHENTIC_DOSE,2,28|A25_AUTHENTIC_DOSE|2,resp_0090c88254217c15006aa2f7b2a1e487d2aa644cf4ca75978b,253a0f0a747647abc84b54da34d3cedc2730d325b91cd94900fe90ab1e65cdb5,0,0,0,0,0,0,0,0
28,A50_AUTHENTIC_DOSE,0,28|A50_AUTHENTIC_DOSE|0,resp_0d1eba2de37002bf006aa2f7b3102487d293a85adf899c7a44,63e63b7aea12daa95ea387616fffdc6b20b35a84e81b2890db366c8ad598a9d4,0,0,0,0,0,0,0,0
28,A50_AUTHENTIC_DOSE,1,28|A50_AUTHENTIC_DOSE|1,resp_09d2a62770173e52006aa2f7b32a5887d2ad8281961f64eb6d,5d0eda6dbad09ce2e44a39941ddd0f85960fb59896ba15b0d952b8923adc984d,0,0,0,0,0,0,0,0
28,A50_AUTHENTIC_DOSE,2,28|A50_AUTHENTIC_DOSE|2,resp_00f01a7fa512f6ba006aa2f7b41f5087d29d3a7b5feeb1136b,1f313c2d955a3818b95164a12b57de351e3510fa9f956edcb423dfb2e5f4bf29,0,0,0,1,0,0,0,1
28,A75_AUTHENTIC_DOSE,0,28|A75_AUTHENTIC_DOSE|0,resp_0b09c5083047770b006aa2f7b482c887d2a87875d86ad615e6,aa8b4a27306ba8c237a08e4df5fd7e640e8b238b245862bb26aec693a28942b7,0,0,0,0,0,0,0,0
28,A75_AUTHENTIC_DOSE,1,28|A75_AUTHENTIC_DOSE|1,resp_006f92018d2d2566006aa2f7b49d6487d2a623dbf7e2c8c1cd,16668283adfb8d0f0f666282e085b89a0faad3019ee29f91b78a876e7e82d9cb,0,0,0,0,1,1,0,2
28,A75_AUTHENTIC_DOSE,2,28|A75_AUTHENTIC_DOSE|2,resp_00c700e6e235b414006aa2f7b4a8a087d28e0662d39257df9e,217c5263f98a0284ecfbf41a67218db53ccb8981f526b16bb893f9d2267e7b63,0,0,0,0,1,0,0,1
28,B_TOPOLOGY_SHUFFLED,0,28|B_TOPOLOGY_SHUFFLED|0,resp_028b5b0c9914e285006aa2f7b4bbbc87d2b43eb89c4e4343a8,e3b0c44298fc1c149afbf4c8996fb92427ae41e4649b934ca495991b7852b855,0,0,0,0,0,0,0,0
28,B_TOPOLOGY_SHUFFLED,1,28|B_TOPOLOGY_SHUFFLED|1,resp_0c6ac629a311bfee006aa2f7b4e2e087d292b677315e91db02,3e042d2b8c495c34c1f14b505164dfbb93ed996653eb2eba3eced2c3fcadbb39,0,0,0,0,1,0,0,1
28,B_TOPOLOGY_SHUFFLED,2,28|B_TOPOLOGY_SHUFFLED|2,resp_056fe399b030d379006aa2f7b4ebac87d2880612e3d634f97f,e3b0c44298fc1c149afbf4c8996fb92427ae41e4649b934ca495991b7852b855,0,0,0,0,0,0,0,0
28,C_ORDER_SHUFFLED,0,28|C_ORDER_SHUFFLED|0,resp_06f37c4b5e015aca006aa2f7b5190087d2b83650df4c73057b,670fc168f18268354b7b5cd9959c3a0da9a1f0439a0788ef47127ae6fd94e4f6,0,0,0,0,1,0,0,1
28,C_ORDER_SHUFFLED,1,28|C_ORDER_SHUFFLED|1,resp_0166d8be324e2d66006aa2f7b57bd887d282418323e92f5506,e3b0c44298fc1c149afbf4c8996fb92427ae41e4649b934ca495991b7852b855,0,0,0,0,0,0,0,0
28,C_ORDER_SHUFFLED,2,28|C_ORDER_SHUFFLED|2,resp_045f8d4af47997c0006aa2f7b5ecbc87d2946a33b79fbdffe5,e3b0c44298fc1c149afbf4c8996fb92427ae41e4649b934ca495991b7852b855,0,0,0,0,0,0,0,0
28,D_DIRECTION_REVERSED,0,28|D_DIRECTION_REVERSED|0,resp_01dc76823586a5e0006aa2f7b6560887d2a570782f8359ef52,828f2e54aeeaa59ff6cae2d0271977a0c39045b7a4871a82bf5f36d197ec2942,0,0,0,0,1,0,0,1
28,D_DIRECTION_REVERSED,1,28|D_DIRECTION_REVERSED|1,resp_09c226946c89f472006aa2f7b7464087d2a3c00a2ff7739bae,49fdc443cb585009037777476bd33a5231ec7886060001bc085bd71d09cb2c00,0,0,0,0,1,0,0,1
28,D_DIRECTION_REVERSED,2,28|D_DIRECTION_REVERSED|2,resp_02e3b43179fd1674006aa2f7b8155c87d29a388dc04d648607,5cf2c59ab3b71ad9806f8d854acf711369274369fdacbc0850b9088fed9d5e6a,0,0,0,0,1,0,0,1
28,E_META_CONTROL_ABLATED,0,28|E_META_CONTROL_ABLATED|0,resp_0209f025ab4a7a60006aa2f7b8562487d2a649c9f06fdbf064,85b0054f6503772f3d1476bf9edd068ee538a3968cbcdbed339237e232a5bbeb,0,0,0,0,0,0,0,0
28,E_META_CONTROL_ABLATED,1,28|E_META_CONTROL_ABLATED|1,resp_07d838c7edf09873006aa2f7b83d1c87d2961d89359e4d61d1,f5c8f750e1f5e615953a3d7a03c2129779357aaa54d4c3626c4f260533b90c8c,1,0,0,0,0,0,0,1
28,E_META_CONTROL_ABLATED,2,28|E_META_CONTROL_ABLATED|2,resp_00717806f4b41612006aa2f7b84d7487d294761e426e552048,b358ea9a50595fdd4ef54c1615bfc0376b19b6f683a3a3b6cb34fb3af8c14785,0,0,0,1,0,0,0,1
28,F_PRESERVATION_ABLATED,0,28|F_PRESERVATION_ABLATED|0,resp_0b98559b2bfdb287006aa2f7b857b087d286690631a7638212,25e240d3017dc95da6005c2c0970a5d053cf3e61045c821455919fecbbf7a434,0,0,0,0,1,0,0,1
28,F_PRESERVATION_ABLATED,1,28|F_PRESERVATION_ABLATED|1,resp_058f93afabc1e802006aa2f7b85d8c87d2801970ecfd17846b,dd74adc871a324bcc691cf61d5ed85b9210646f48a4607f4080aaf3d2810a717,0,0,0,0,0,0,0,0
28,F_PRESERVATION_ABLATED,2,28|F_PRESERVATION_ABLATED|2,resp_04c2484928fdef41006aa2f7b8c29087d295f64c9f470c018a,3b55cb00b93f2db6b8e9942447d0bf008f1f5f554796accc014dd36bf940f295,0,0,0,0,1,0,0,1
28,G_SURFACE_SUBSTITUTED,0,28|G_SURFACE_SUBSTITUTED|0,resp_0ce37d45fa3cebf3006aa2f7b8daa887d288c5fa2f4c2ce06d,26201ce6802b875abacea61987d056212b019eae105387e804cef969dff998a8,1,0,0,0,1,0,0,2
28,G_SURFACE_SUBSTITUTED,1,28|G_SURFACE_SUBSTITUTED|1,resp_0b1ab6de69b5c100006aa2f7b9107487d28a8187c9f53eeb45,e3b0c44298fc1c149afbf4c8996fb92427ae41e4649b934ca495991b7852b855,0,0,0,0,0,0,0,0
28,G_SURFACE_SUBSTITUTED,2,28|G_SURFACE_SUBSTITUTED|2,resp_053f0a48666f7b0f006aa2f7b91dcc87d2af2b3961cad9882d,e3b0c44298fc1c149afbf4c8996fb92427ae41e4649b934ca495991b7852b855,0,0,0,0,0,0,0,0
28,H_AUTHENTIC_PERTURBED,0,28|H_AUTHENTIC_PERTURBED|0,resp_049b140d14e0a435006aa2f7b9d12087d2832e44dba2d23587,e3b0c44298fc1c149afbf4c8996fb92427ae41e4649b934ca495991b7852b855,0,0,0,0,0,0,0,0
28,H_AUTHENTIC_PERTURBED,1,28|H_AUTHENTIC_PERTURBED|1,resp_092340ddebe7bf76006aa2f7bba6b887d2a6435198a5d02558,e3b0c44298fc1c149afbf4c8996fb92427ae41e4649b934ca495991b7852b855,0,0,0,0,0,0,0,0
28,H_AUTHENTIC_PERTURBED,2,28|H_AUTHENTIC_PERTURBED|2,resp_07817c319fd71acc006aa2f7bbb73087d2aebb596aeda530d2,e3b0c44298fc1c149afbf4c8996fb92427ae41e4649b934ca495991b7852b855,0,0,0,0,0,0,0,0
28,I_SHUFFLED_PERTURBED,0,28|I_SHUFFLED_PERTURBED|0,resp_04c05d880b7b397b006aa2f7bbf3b487d29d868f80a290021c,e3b0c44298fc1c149afbf4c8996fb92427ae41e4649b934ca495991b7852b855,0,0,0,0,0,0,0,0
28,I_SHUFFLED_PERTURBED,1,28|I_SHUFFLED_PERTURBED|1,resp_023809a5ca9540ad006aa2f7bc384887d29bf860ffde7005cb,e565d2d77cfb8e1dd85df90cb196b939af05d0c725c67c4ec1fe79fa6c14ca49,1,0,0,0,0,0,1,2
28,I_SHUFFLED_PERTURBED,2,28|I_SHUFFLED_PERTURBED|2,resp_0d041142c6bcb422006aa2f7bc3a8887d2b851c239b0885dfa,e3b0c44298fc1c149afbf4c8996fb92427ae41e4649b934ca495991b7852b855,0,0,0,0,0,0,0,0
28,J_RECURSION_CONTROL,0,28|J_RECURSION_CONTROL|0,resp_0150ed58940e138f006aa2f7bd3ba487d296589dfc0be8df02,32df0e28262e9ba2aac430a564c3cd186ab3b2c1e659a583a7547416ea370f42,0,0,0,0,0,0,0,0
28,J_RECURSION_CONTROL,1,28|J_RECURSION_CONTROL|1,resp_0cf434325bfb529d006aa2f7bc8f4c87d2a3dcb4ea33c5ef43,c85cb8eefc034d35e8326b5e40b276d683bae0b3d2e28715f3af54a08c5b15af,0,0,0,0,0,0,0,0
28,J_RECURSION_CONTROL,2,28|J_RECURSION_CONTROL|2,resp_001be3ce6a175c82006aa2f7bc60a887d2bdcf375703560f9c,b78f572f1b613580da8591536082a13a9e391a5e3fc615da84fb937c95f43dab,0,0,0,0,0,0,0,0
28,K_COMPLEXITY_CONTROL,0,28|K_COMPLEXITY_CONTROL|0,resp_0c38b5678fbaae15006aa2f7bc7fd087d29cbdf76559713b06,97aa4aa7ed9a0998dba9793b98a1fc9c5746046876598a1612f46651e160fd11,1,0,0,0,0,0,0,1
28,K_COMPLEXITY_CONTROL,1,28|K_COMPLEXITY_CONTROL|1,resp_0f59cde68222502f006aa2f7bc804087d295c0600282ae0ac0,1b6d5035dc4d0407e975532b648d010a0960ca1babdd6ba380c61f1308d2d1d2,0,0,0,0,1,0,0,1
28,K_COMPLEXITY_CONTROL,2,28|K_COMPLEXITY_CONTROL|2,resp_04a68d46810d52e5006aa2f7bd4a1887d2abe9ddaf32fff7ad,b0dd7a47660eb23ecab9142070a47f8c2a0af738948b6b93f53f49d6a8874a77,0,0,0,0,0,0,0,0
28,L_COUNTERFACTUAL_PATH,0,28|L_COUNTERFACTUAL_PATH|0,resp_0e0e575dd00c1e39006aa2f7bf83a887d2b86088dede931254,cde9e5d3d0a7813e675f2faa22c6308cab0189c685592c4cbdf7ff8716a85a89,0,0,0,0,1,1,0,2
28,L_COUNTERFACTUAL_PATH,1,28|L_COUNTERFACTUAL_PATH|1,resp_05564a39fbec87e4006aa2f7bf8f9887d2b41ad99904d1f990,e3b0c44298fc1c149afbf4c8996fb92427ae41e4649b934ca495991b7852b855,0,0,0,0,0,0,0,0
28,L_COUNTERFACTUAL_PATH,2,28|L_COUNTERFACTUAL_PATH|2,resp_062efa85844c6816006aa2f7bf863c87d29b5db0371e0ebd14,220df0645bfd83e754740e5026c1be6d714027384a28df1988e32d72e1f71cff,0,0,0,1,0,0,0,1
29,A100_AUTHENTIC_FULL_PREFIX,0,29|A100_AUTHENTIC_FULL_PREFIX|0,resp_0322c96ec7cb42a5006aa2f7c03d8087d2baec485e6d29f642,72379aed5ad9bd058c7a3e961909a152141a5d886f2124ad25f3a156f10b28af,0,0,0,0,0,0,0,0
29,A100_AUTHENTIC_FULL_PREFIX,1,29|A100_AUTHENTIC_FULL_PREFIX|1,resp_0cfcd59ecec405ec006aa2f7bfc81087d2aa7feb3c62592bc2,173e773f5abd81877d3dfcf17b9d28d73c2acb29274e935352627f4de25fc7e7,0,0,0,0,1,0,0,1
29,A100_AUTHENTIC_FULL_PREFIX,2,29|A100_AUTHENTIC_FULL_PREFIX|2,resp_0af98e4c10a529e6006aa2f7bfead887d2a6edada4b6a251ac,e3b0c44298fc1c149afbf4c8996fb92427ae41e4649b934ca495991b7852b855,0,0,0,0,0,0,0,0
29,A25_AUTHENTIC_DOSE,0,29|A25_AUTHENTIC_DOSE|0,resp_0a2f025499d4cd9f006aa2f7bfe04087d28165f38c838c1c52,b2c89ea9e0ec8dc90d4592b032a53cdb31ba529a0f99e928b1e3d75223c1b705,0,0,0,0,0,0,0,0
29,A25_AUTHENTIC_DOSE,1,29|A25_AUTHENTIC_DOSE|1,resp_0df84d630a274fb1006aa2f7c01ef487d287acd8d284841db3,a645c123acaa7fb817dc23f1f5af99533a67dae912f860bfa90b1aae1e1f7a6d,1,0,0,0,0,0,0,1
29,A25_AUTHENTIC_DOSE,2,29|A25_AUTHENTIC_DOSE|2,resp_086c60927923cdf5006aa2f7c01e1487d2824cc1be145a468b,ea6fb8d3f8011cd50ecb400e0d0f99740033e60fc22d632859a0a8c979f7f596,1,0,0,0,0,0,0,1
29,A50_AUTHENTIC_DOSE,0,29|A50_AUTHENTIC_DOSE|0,resp_0b9da0901077f702006aa2f7c0e60487d2a9841eff4d24beb7,83144bae7954c4a447233c9f3d8a58e29c4deb723d36cb6c84d40cec13616652,0,0,0,0,0,0,0,0
29,A50_AUTHENTIC_DOSE,1,29|A50_AUTHENTIC_DOSE|1,resp_02cd7af08f21e83d006aa2f7c27c8087d2826c806f47926cbf,b0b3c3a49c21c36dc30e2819dec777a1e6f36721efe96f0be916148a1fb30636,0,0,0,0,0,0,0,0
29,A50_AUTHENTIC_DOSE,2,29|A50_AUTHENTIC_DOSE|2,resp_0529cf2cdb2a0df7006aa2f7c22a8087d293ea9034cda2a608,27fb03b1b911b88cb5eabe0a9dc51e6e1c5c76bd1f57fb714336bac29a479ddd,0,0,0,0,0,0,0,0
29,A75_AUTHENTIC_DOSE,0,29|A75_AUTHENTIC_DOSE|0,resp_07bcb20f2612fe6a006aa2f7c36d3887d2bb55c6bb8e63be85,e3b0c44298fc1c149afbf4c8996fb92427ae41e4649b934ca495991b7852b855,0,0,0,0,0,0,0,0
29,A75_AUTHENTIC_DOSE,1,29|A75_AUTHENTIC_DOSE|1,resp_075df9adc71d2324006aa2f7c3c49087d2a8b1feefa087510a,b7a50094b03c21958ae456b5846f81a744a8a1984858e5cd130ef98c26158498,0,0,0,0,0,0,0,0
29,A75_AUTHENTIC_DOSE,2,29|A75_AUTHENTIC_DOSE|2,resp_0542d1eaa0741fdd006aa2f7c39e1487d28d9ffab4678fd02b,667f39420e8ebc3e6960a2296e836056e9abcedd5a16ddcdae034cf66efff3b0,0,0,0,0,1,0,0,1
29,B_TOPOLOGY_SHUFFLED,0,29|B_TOPOLOGY_SHUFFLED|0,resp_0984e786d464c120006aa2f7c3df8487d2b5a78803900bfcf1,61292a25f1c2cd93dbb6d93f6bc3306ce7a21824a54fa873366fee03085ef09b,0,0,0,0,1,0,0,1
29,B_TOPOLOGY_SHUFFLED,1,29|B_TOPOLOGY_SHUFFLED|1,resp_0b6b826b507d4ceb006aa2f7c408ec87d2bcc760efff9570bf,91e29351dc01644f0255b608004fdbd8156fedcd1084676ae94e3c678284b631,0,0,0,0,0,0,0,0
29,B_TOPOLOGY_SHUFFLED,2,29|B_TOPOLOGY_SHUFFLED|2,resp_07759dc238a7eca8006aa2f7c4236c87d2b3d0c5e45908827e,e3b0c44298fc1c149afbf4c8996fb92427ae41e4649b934ca495991b7852b855,0,0,0,0,0,0,0,0
29,C_ORDER_SHUFFLED,0,29|C_ORDER_SHUFFLED|0,resp_0d79391570836bac006aa2f7c46f4887d2bc98a519b75995de,7c29d7c93f4fe63f5c2bae7d67c6ea18e11a38db84d9247b0d61c1dd15003f31,0,0,0,0,1,1,0,2
29,C_ORDER_SHUFFLED,1,29|C_ORDER_SHUFFLED|1,resp_08ec04ede53668c3006aa2f7c460c887d2bc8cfc8838fb9561,600623efb703e0cd25f6707c1c69d59c9638ae6f71a6b50e8a7b98061f44d230,0,0,0,0,0,0,0,0
29,C_ORDER_SHUFFLED,2,29|C_ORDER_SHUFFLED|2,resp_07a6dde217b88978006aa2f7c4a8dc87d2a709b8dbbcb5c840,e3b0c44298fc1c149afbf4c8996fb92427ae41e4649b934ca495991b7852b855,0,0,0,0,0,0,0,0
29,D_DIRECTION_REVERSED,0,29|D_DIRECTION_REVERSED|0,resp_0e940ba5764555bf006aa2f7c4ac4487d290bbc77dfc5e6b15,8768b6075e33de78ac7f02c0e28e04d4b2891f8350fd917de3111a3dca728ce4,1,0,0,0,0,0,0,1
29,D_DIRECTION_REVERSED,1,29|D_DIRECTION_REVERSED|1,resp_042aba713a71c8fc006aa2f7c6687487d29fc2a71accca2eeb,e3b0c44298fc1c149afbf4c8996fb92427ae41e4649b934ca495991b7852b855,0,0,0,0,0,0,0,0
29,D_DIRECTION_REVERSED,2,29|D_DIRECTION_REVERSED|2,resp_016c9d9aa5b8e1cc006aa2f7c719b487d2a9a1c64134f6f148,9655ad683830653e37df0d4b4729974965112a529433713a78bbbe1d0a425c85,0,0,0,0,1,1,0,2
29,E_META_CONTROL_ABLATED,0,29|E_META_CONTROL_ABLATED|0,resp_04a88b118239b49c006aa2f7c9718c87d2809aa93c08e377d5,1aa0fec61b2b06fa7d59bf2185eb19b60e903efcca020de99ed852729b4b801b,0,0,0,0,1,0,0,1
29,E_META_CONTROL_ABLATED,1,29|E_META_CONTROL_ABLATED|1,resp_0fe8b9f067da2406006aa2f7c7893487d2b602362cb6c7f50b,b6702fae2ba2e2537e5757bee5a35c076c28c8ffcab75d373653806437670ef9,0,0,0,0,1,0,0,1
29,E_META_CONTROL_ABLATED,2,29|E_META_CONTROL_ABLATED|2,resp_0e49120d2d2c5d4b006aa2f7c7c23c87d294516098b532c450,64d45cbe52f5588b39917f13100b86f24342676ca251e9c7d0430ae60edb6734,0,0,0,0,1,0,0,1
29,F_PRESERVATION_ABLATED,0,29|F_PRESERVATION_ABLATED|0,resp_0e4c83a62d4e7d75006aa2f7c7e2b887d2bb1ed6429e287f62,2e69a2861c02d696f34f47a3dd115015cefd4848b624347c69437197614aad3f,0,0,0,0,0,0,0,0
29,F_PRESERVATION_ABLATED,1,29|F_PRESERVATION_ABLATED|1,resp_0f860cb1e04edc50006aa2f7c7e97c87d2b8a9ad5fc23bd545,7eb941f465e03b395d71c73867b9e57614a84db7b50a6c67d7d74d9f4bbe1bda,0,0,0,0,0,0,0,0
29,F_PRESERVATION_ABLATED,2,29|F_PRESERVATION_ABLATED|2,resp_0658dafba24b60ef006aa2f7c80f0487d2b2a0ac65a5cc2b50,c8cee919788078d1e6d9ec49bbb9b16fcf74cc75c09a087e865c7129e1da12e4,0,0,0,0,1,0,0,1
29,G_SURFACE_SUBSTITUTED,0,29|G_SURFACE_SUBSTITUTED|0,resp_0cd5a0177dc6ac95006aa2f7c81f5c87d287cf412c92d116fa,e3b0c44298fc1c149afbf4c8996fb92427ae41e4649b934ca495991b7852b855,0,0,0,0,0,0,0,0
29,G_SURFACE_SUBSTITUTED,1,29|G_SURFACE_SUBSTITUTED|1,resp_098d9ee8d14aa918006aa2f7c83db487d2a8129806f41bf786,e3b0c44298fc1c149afbf4c8996fb92427ae41e4649b934ca495991b7852b855,0,0,0,0,0,0,0,0
29,G_SURFACE_SUBSTITUTED,2,29|G_SURFACE_SUBSTITUTED|2,resp_034ac12c58666c8b006aa2f7c823a087d28a6077201b3dfd24,e3b0c44298fc1c149afbf4c8996fb92427ae41e4649b934ca495991b7852b855,0,0,0,0,0,0,0,0
29,H_AUTHENTIC_PERTURBED,0,29|H_AUTHENTIC_PERTURBED|0,resp_01f96cffca15a8fb006aa2f7ca1fac87d2a3112fe2ded19d63,488e759eb7847b49aa1b5c852f1e64d98110cd883483e9f9cbd8b2f8ddde4184,0,0,0,0,1,0,0,1
29,H_AUTHENTIC_PERTURBED,1,29|H_AUTHENTIC_PERTURBED|1,resp_0d9842a00ca377ab006aa2f7cac7f887d291b340000d44fba9,e3b0c44298fc1c149afbf4c8996fb92427ae41e4649b934ca495991b7852b855,0,0,0,0,0,0,0,0
29,H_AUTHENTIC_PERTURBED,2,29|H_AUTHENTIC_PERTURBED|2,resp_007d57fe434c0341006aa2f7cad28c87d2bb46dd4cd0fb7144,e3b0c44298fc1c149afbf4c8996fb92427ae41e4649b934ca495991b7852b855,0,0,0,0,0,0,0,0
29,I_SHUFFLED_PERTURBED,0,29|I_SHUFFLED_PERTURBED|0,resp_0750b90860321469006aa2f7cb3e9c87d2b248565b1e749fc8,9b2aeed75685d41da5d50a551a6b5061ab69224cd6c5bc52f7b3f2bf81acbedc,1,0,0,0,0,0,0,1
29,I_SHUFFLED_PERTURBED,1,29|I_SHUFFLED_PERTURBED|1,resp_04fd987a65acff7f006aa2f7cb781887d29a5098ca8a2cd717,4287a03019f3fcc37100e745b5a23d6b3c2b0285319551240884dc905a4eaba7,0,0,0,0,0,0,0,0
29,I_SHUFFLED_PERTURBED,2,29|I_SHUFFLED_PERTURBED|2,resp_0594824e3a8a390a006aa2f7cbaf7087d2aad47fe563154c60,a08d11bfaad118068da135f1772f68f54fead474a28ab794b8e5890776058ed6,0,0,0,0,0,0,0,0
29,J_RECURSION_CONTROL,0,29|J_RECURSION_CONTROL|0,resp_0c89f4d6f34399aa006aa2f7cbc7b087d2be25c9a88f3e5414,41cb7ae27f434c83c0264bef02d2f7893b33d86344ba8aa9f95f3eebccef4fae,0,0,0,0,0,0,0,0
29,J_RECURSION_CONTROL,1,29|J_RECURSION_CONTROL|1,resp_0d35876109bbd7b2006aa2f7cbcdf487d2a547e032171713e0,54a006a19b0661a89ff3930430682bffb6141d40ec5635d044e45da8639b1aa6,0,0,0,0,0,0,0,0
29,J_RECURSION_CONTROL,2,29|J_RECURSION_CONTROL|2,resp_08f2cffb3ea8341e006aa2f7cbffa087d2ab15d453e5e4163b,de26553f6e5f2b39a5e28d20171c990a6ba93158124771238275019e772adb31,0,0,0,0,0,0,0,0
29,K_COMPLEXITY_CONTROL,0,29|K_COMPLEXITY_CONTROL|0,resp_050d83c508d5abec006aa2f7cc72ac87d2aebbb74616070500,c9c17ab79f307dfd397dd0e631136f279c28eed952e61a0055727c60f88a0767,0,0,0,1,1,0,0,2
29,K_COMPLEXITY_CONTROL,1,29|K_COMPLEXITY_CONTROL|1,resp_0356055007b3c11f006aa2f7cd9a2487d29813ef071b4605c8,07e864e1b643abffb3c69ed9e11cec5c7a1d2d2c90513707f589b55d317a404e,0,0,0,1,0,0,0,1
29,K_COMPLEXITY_CONTROL,2,29|K_COMPLEXITY_CONTROL|2,resp_06facaf7e1a851e6006aa2f7ce02f887d2a9175cdeaf5d4aad,ce63b2bb8c571845607689bff4b7b49033ff2b1500b5f98db2c446b2602931b1,1,0,0,1,1,0,0,3
29,L_COUNTERFACTUAL_PATH,0,29|L_COUNTERFACTUAL_PATH|0,resp_05a0b964f6a3dc50006aa2f7ce781487d2a364339999f22b80,7b2139e8dda2ab427abdb96cf3f6c5cb09682e46c3dbfe85c0b7c8dc066b218d,0,0,0,0,0,0,0,0
29,L_COUNTERFACTUAL_PATH,1,29|L_COUNTERFACTUAL_PATH|1,resp_00d19ae551bd2e52006aa2f7cea13087d2a2812edda507ca72,e3b0c44298fc1c149afbf4c8996fb92427ae41e4649b934ca495991b7852b855,0,0,0,0,0,0,0,0
29,L_COUNTERFACTUAL_PATH,2,29|L_COUNTERFACTUAL_PATH|2,resp_07ff135491fd1e36006aa2f7ceaefc87d2a847108ca8455e71,e3b0c44298fc1c149afbf4c8996fb92427ae41e4649b934ca495991b7852b855,0,0,0,0,0,0,0,0
30,A100_AUTHENTIC_FULL_PREFIX,0,30|A100_AUTHENTIC_FULL_PREFIX|0,resp_09f2ada5c4eaa105006aa2f7cef82487d2a524178239b452e5,c9bcb88236b07955c42832098ece340549e8b32a035c8a2104530b366236954e,1,0,0,0,1,1,0,3
30,A100_AUTHENTIC_FULL_PREFIX,1,30|A100_AUTHENTIC_FULL_PREFIX|1,resp_0ff8f83828346fd6006aa2f7cf314c87d2865b2dcd19a8c0b9,bcc6b6f80f119a0cbf6279a8dabd571ca0ecf478a8efdc4c4d25121c53f386c5,0,0,0,0,1,0,0,1
30,A100_AUTHENTIC_FULL_PREFIX,2,30|A100_AUTHENTIC_FULL_PREFIX|2,resp_0b7e44a481c8f9f5006aa2f7cf202087d2b997aa9dbec7276f,d9d2079bcd6642d19ba8d9acf91b0464b35d68a606d6013f971077cca4cc65bd,0,0,0,0,1,0,0,1
30,A25_AUTHENTIC_DOSE,0,30|A25_AUTHENTIC_DOSE|0,resp_0c3295cb9c5b5b36006aa2f7cfe9ec87d2bdc0db6b3616f9cf,63cb3f460478c033467e57ecd093d3297f7171e500e97f1acc8a67a083cdd725,0,0,0,0,0,0,0,0
30,A25_AUTHENTIC_DOSE,1,30|A25_AUTHENTIC_DOSE|1,resp_089c0e99026defa8006aa2f7cf601c87d28ca0f4f7a340b286,3b673e4961cbf901e7758078f2eeac665dc06185bad35dd2fe7ccacd28354cf3,0,0,0,0,0,0,0,0
30,A25_AUTHENTIC_DOSE,2,30|A25_AUTHENTIC_DOSE|2,resp_0c6b5245ecfa90d6006aa2f7cfb84c87d2a35ead00db475439,a8ad0f408bd05e4c58bf8f956038530203bd431a94112374d8ff29d7e5ee2d4c,0,0,0,0,1,0,0,1
30,A50_AUTHENTIC_DOSE,0,30|A50_AUTHENTIC_DOSE|0,resp_0c33e1fcb79d26f6006aa2f7d0e97887d2b668b63f86502336,926904fb6fe088a470ee60d7166969ce1c254a0b823026ce5529b86ec399d05a,0,0,0,0,0,0,0,0
30,A50_AUTHENTIC_DOSE,1,30|A50_AUTHENTIC_DOSE|1,resp_04ce4bda9b2b1e49006aa2f7d1adb887d29baa2a3198bc7974,9dc88903fd4fb6d89ec6b534d05432837449578e6d64207ce05f98eb983d3338,0,0,0,0,1,0,0,1
30,A50_AUTHENTIC_DOSE,2,30|A50_AUTHENTIC_DOSE|2,resp_06f4ff6a11914371006aa2f7d1d5b487d2ab226a1c1f189460,6c17f97b78bf135e8cc7ab638c78538a10d7f5a818f19b1543567277477a220c,0,0,0,0,1,0,0,1
30,A75_AUTHENTIC_DOSE,0,30|A75_AUTHENTIC_DOSE|0,resp_05253098e1ed2208006aa2f7d2189887d2999c0ec3108caed3,fcc53257deba8404d802c48da467669bc54c1d5e807abf6fe5775fa4b169c6da,0,0,0,0,1,0,0,1
30,A75_AUTHENTIC_DOSE,1,30|A75_AUTHENTIC_DOSE|1,resp_0bc4cd5540b86183006aa2f7d2294087d2b077bc67cb1e421f,ebf1b87b8d7fb6bde58b9aafdf8b10c1cb8a1d976d0965fcd698233cebd819e7,0,0,0,0,1,0,0,1
30,A75_AUTHENTIC_DOSE,2,30|A75_AUTHENTIC_DOSE|2,resp_0892de5b3f496e80006aa2f7d23d7c87d2871bf40b3ff881bd,8890ede4d8b713d6e8a4c0b69907d405225a619e6ca330e1bc388df8ffdecf07,0,0,0,0,0,1,0,1
30,B_TOPOLOGY_SHUFFLED,0,30|B_TOPOLOGY_SHUFFLED|0,resp_06fd0380fbb1c32f006aa2f7d2f20887d2bad05ba79cb2ff18,06ead55002ed645508a6a4590ac2fa8194bac0e27761dc0ce2ed2706d7aeb003,0,0,0,0,1,0,0,1
30,B_TOPOLOGY_SHUFFLED,1,30|B_TOPOLOGY_SHUFFLED|1,resp_04a447d94b6f07ee006aa2f7d2b9dc87d2a344c4b4054402fd,a741578290263d8e3e445b475a53d33cb2e7811a91a8a542bb45e94fa2bbc9c5,0,0,0,0,1,1,0,2
30,B_TOPOLOGY_SHUFFLED,2,30|B_TOPOLOGY_SHUFFLED|2,resp_093b6adc2c5a6377006aa2f7d2c8d487d289ffefdcea6cbfeb,f43c9516bb4569d549301afdac5ae215119cc0b6486bd27bd9c6d3b8a09375c1,0,0,0,1,1,0,0,2
30,C_ORDER_SHUFFLED,0,30|C_ORDER_SHUFFLED|0,resp_0f119a87fef8fb95006aa2f7d3d68087d28b61cedf1e5700a1,f325b126c2b8ee21bf3e950f072c32b5a7809f830a95f8e086ef476a4b8dfe28,0,0,0,0,1,1,0,2
30,C_ORDER_SHUFFLED,1,30|C_ORDER_SHUFFLED|1,resp_0ee7b70264832973006aa2f7d420fc87d28307e90b2e81a833,f93be01257b7fee412b7df7db386c068b83c5c5dbddc9b40060ad94bddd63d42,0,1,0,0,1,1,0,3
30,C_ORDER_SHUFFLED,2,30|C_ORDER_SHUFFLED|2,resp_0564218df33a5a32006aa2f7d4a71887d2836331896364a07f,4cf8b4de65a4d3e6a40ccc6aa30a0e39e9e6279e88de407a65b87fdf1e4fb921,0,0,0,0,1,0,0,1
30,D_DIRECTION_REVERSED,0,30|D_DIRECTION_REVERSED|0,resp_02f5ae4dae196c81006aa2f7d510e087d29fd76632eb2c6168,e3b0c44298fc1c149afbf4c8996fb92427ae41e4649b934ca495991b7852b855,0,0,0,0,0,0,0,0
30,D_DIRECTION_REVERSED,1,30|D_DIRECTION_REVERSED|1,resp_04b2a4090713feab006aa2f7d51cb087d2ad7735dc1e0438b2,3d07cc41485128a9d8a3962a5e1f16e9aca26f275d5edfab92627fbe80426ccc,0,0,0,0,1,0,0,1
30,D_DIRECTION_REVERSED,2,30|D_DIRECTION_REVERSED|2,resp_078dced40b27b1ca006aa2f7d520f487d281edfb3240590103,41270b6c7357134f34cb0dfd808dddad31c4f6af686d54d5e7d43dacb7b09af0,0,0,0,0,0,0,0,0
30,E_META_CONTROL_ABLATED,0,30|E_META_CONTROL_ABLATED|0,resp_0dc03c14420a070e006aa2f7d6223487d295f07a11db4d5540,5e15abc37590803d8f31d34ee5a9652e82c96b88e096d66d3a77239ba5f94cb5,0,0,0,0,0,0,0,0
30,E_META_CONTROL_ABLATED,1,30|E_META_CONTROL_ABLATED|1,resp_08ca66394e0c0539006aa2f7d6517887d295867586384594eb,390adbd50e94aa47a35162848e50cb68dc9cde16169ee23e5bb782e090863664,0,0,0,0,1,0,0,1
30,E_META_CONTROL_ABLATED,2,30|E_META_CONTROL_ABLATED|2,resp_0d67c9df87b6c20d006aa2f7d657bc87d29fb8e982607e401e,ca7185465351da17072e0a1cb9cc8e720ebdfc029b2cc98337ca7547e26d9ccf,0,0,0,0,1,0,0,1
30,F_PRESERVATION_ABLATED,0,30|F_PRESERVATION_ABLATED|0,resp_09ed1c1383b5497d006aa2f7d68a3c87d2a6a244ff7757b6ab,19114a402038f88f25e7b9e66edaa0debfc94c41d6ca553d237bcf40e2717698,0,0,0,0,0,0,0,0
30,F_PRESERVATION_ABLATED,1,30|F_PRESERVATION_ABLATED|1,resp_078caf6922508df5006aa2f7d685dc87d2942aeffcc7667dae,13849f83dc047ccf1e816bb2b26a637de5dcc2b6bc46b3a0599dedfff40927af,1,0,0,0,1,0,0,2
30,F_PRESERVATION_ABLATED,2,30|F_PRESERVATION_ABLATED|2,resp_053bcb9ae906d356006aa2f7d6c03487d28617a56a2473910f,e3b0c44298fc1c149afbf4c8996fb92427ae41e4649b934ca495991b7852b855,0,0,0,0,0,0,0,0
30,G_SURFACE_SUBSTITUTED,0,30|G_SURFACE_SUBSTITUTED|0,resp_0d176dab56fb910c006aa2f7d710d887d29879ae7f4eb5ea42,57d88fc7c70ea865549931297553f67b49fe8c83769565122c3d1239d88d3a5a,0,0,0,0,0,0,0,0
30,G_SURFACE_SUBSTITUTED,1,30|G_SURFACE_SUBSTITUTED|1,resp_0c0bae97a3641ac9006aa2f7d74b6087d2a9d7b004254dcb34,d349c6284ab167b026dd09735be259b4d76ae3cc0df45be939718436402ce87d,0,0,0,0,0,0,0,0
30,G_SURFACE_SUBSTITUTED,2,30|G_SURFACE_SUBSTITUTED|2,resp_02af85c1d0ce6b83006aa2f7d86f7487d28768c518cfb0b3f1,e3b0c44298fc1c149afbf4c8996fb92427ae41e4649b934ca495991b7852b855,0,0,0,0,0,0,0,0
30,H_AUTHENTIC_PERTURBED,0,30|H_AUTHENTIC_PERTURBED|0,resp_0c5be19a21cef001006aa2f7d87d4087d28f7cdde0f9b94e4e,e3b0c44298fc1c149afbf4c8996fb92427ae41e4649b934ca495991b7852b855,0,0,0,0,0,0,0,0
30,H_AUTHENTIC_PERTURBED,1,30|H_AUTHENTIC_PERTURBED|1,resp_0a9e6cbb7f30fb3c006aa2f7d8836487d281e6566707979af3,e3b0c44298fc1c149afbf4c8996fb92427ae41e4649b934ca495991b7852b855,0,0,0,0,0,0,0,0
30,H_AUTHENTIC_PERTURBED,2,30|H_AUTHENTIC_PERTURBED|2,resp_003cec5c92ecb6ed006aa2f7d8f1f887d2b3dd4b3284961e50,e3b0c44298fc1c149afbf4c8996fb92427ae41e4649b934ca495991b7852b855,0,0,0,0,0,0,0,0
30,I_SHUFFLED_PERTURBED,0,30|I_SHUFFLED_PERTURBED|0,resp_056676c5be983add006aa2f7d91ba087d2822f080cd4b7cb5e,cf2f7f1feb49dfe88f7070fa49bc36fa260bb26430fd95f884f41cfb218183c2,0,0,0,0,0,0,0,0
30,I_SHUFFLED_PERTURBED,1,30|I_SHUFFLED_PERTURBED|1,resp_07e7bbca9ed3ea31006aa2f7d9844087d2906a579271b7d5ce,9464cc1c94b03e57731992552c4d9c8a35955b2216beac81d86f38810150bd54,0,0,0,0,0,0,0,0
30,I_SHUFFLED_PERTURBED,2,30|I_SHUFFLED_PERTURBED|2,resp_04fbe64243f8eb7d006aa2f7da01d487d2be47e1caf70df2b5,e3b0c44298fc1c149afbf4c8996fb92427ae41e4649b934ca495991b7852b855,0,0,0,0,0,0,0,0
30,J_RECURSION_CONTROL,0,30|J_RECURSION_CONTROL|0,resp_09d7cc82bb582af6006aa2f7da30e887d285bdb5006e1236a0,640769f1b7e759a11d3c7beea28673fdadd76952ab651fd65acee9d881b0be71,0,0,0,0,0,0,0,0
30,J_RECURSION_CONTROL,1,30|J_RECURSION_CONTROL|1,resp_0a4836fe8e10f7bb006aa2f7daa96487d290d6b0cb0a84e006,1150676494de2090ad019596fbc1d2fdc02800b2f7a03fb77277d8b2e05a87b2,0,0,0,0,0,0,0,0
30,J_RECURSION_CONTROL,2,30|J_RECURSION_CONTROL|2,resp_03a457fb6f37c5fe006aa2f7daeba887d2a3e2afb4f9dbaf3c,e3b0c44298fc1c149afbf4c8996fb92427ae41e4649b934ca495991b7852b855,0,0,0,0,0,0,0,0
30,K_COMPLEXITY_CONTROL,0,30|K_COMPLEXITY_CONTROL|0,resp_0908a924d713d660006aa2f7dbff9487d2b9f67c2987ba2076,0375f05d6bc825683232f3616af0c1115e1335f8bbd7120b7d6535e518774ddd,0,0,0,0,1,0,0,1
30,K_COMPLEXITY_CONTROL,1,30|K_COMPLEXITY_CONTROL|1,resp_0fdb1aac3205fe14006aa2f7dc323887d29a7175c5f62eea3b,7658b6ff861750b9741a239d492925c202b771d1f44f757be0d4e47242170b6b,0,0,0,1,1,0,0,2
30,K_COMPLEXITY_CONTROL,2,30|K_COMPLEXITY_CONTROL|2,resp_0bf8a138e999cd76006aa2f7dc088087d28d863a8a72cb63d0,9dc88e551b9ec182c5f9ea6aa744ee8aa9b52fbf5d5fca9afc5f016349004c29,0,0,0,0,0,0,0,0
30,L_COUNTERFACTUAL_PATH,0,30|L_COUNTERFACTUAL_PATH|0,resp_03f638f98af2ad74006aa2f7dc30cc87d2a1e54ed1056dc88b,559a22c7468d99867ed48e1a5faceeaeb8d7cfcc48ab196ebb89c416e8363ff5,0,0,0,0,0,0,0,0
30,L_COUNTERFACTUAL_PATH,1,30|L_COUNTERFACTUAL_PATH|1,resp_08d8bd44efe26d20006aa2f7dcc52c87d2b836662b6d7a92c9,43dd1ccf470e20fdc17acc73a9bbe95737ae32a1f8004cb104e997acb574d239,0,0,0,0,1,0,0,1
30,L_COUNTERFACTUAL_PATH,2,30|L_COUNTERFACTUAL_PATH|2,resp_0c5d01d3e36b2837006aa2f7dcfbcc87d2bd0afe6c09ae630e,c94e4302f551948cf8ee5f860fa8b71844ffc7dfa472ebe2ed327644f0c68d64,0,0,0,0,0,0,0,0
31,A100_AUTHENTIC_FULL_PREFIX,0,31|A100_AUTHENTIC_FULL_PREFIX|0,resp_0cea11ece1182194006aa2f7dd1b1087d2802a7a93e78d8ee4,f6bc0cae44461ef496c1d00092ed601694a2b820f72dbc440eba5a6ccb3a32fa,0,0,0,0,1,0,0,1
31,A100_AUTHENTIC_FULL_PREFIX,1,31|A100_AUTHENTIC_FULL_PREFIX|1,resp_0d1ca0c8d349ac58006aa2f7dd176c87d2b4fd9bd40dd17295,e93ef1390c7aebc7251cbb6de53139fde9510289db5d1695272e97ebd6734084,0,0,0,0,1,0,0,1
31,A100_AUTHENTIC_FULL_PREFIX,2,31|A100_AUTHENTIC_FULL_PREFIX|2,resp_059bc8efa0ece5f7006aa2f7ddd58087d2b27656e7520ec696,7950dc0cda9594d3ac18f6a992247b62a6bc94e0ce7886431ce6c8de81c50f20,0,0,0,0,1,0,0,1
31,A25_AUTHENTIC_DOSE,0,31|A25_AUTHENTIC_DOSE|0,resp_0511ef4fb5cbf66c006aa2f7ddb3b487d293806a8366b4a5e1,55f818f54439912088d39f54f4a973f5924193461c66953fc99983ace0c618fc,0,0,0,0,1,0,0,1
31,A25_AUTHENTIC_DOSE,1,31|A25_AUTHENTIC_DOSE|1,resp_03fdb3ea7d26134e006aa2f7de109887d298722caf988adc14,2aec384585a77e04a9d761e4d24ba7d878343bf65e7c202bae1720582cd2cd4c,0,0,0,0,1,0,0,1
31,A25_AUTHENTIC_DOSE,2,31|A25_AUTHENTIC_DOSE|2,resp_0f98f94d311f743d006aa2f7df553487d2a2bcbec22a93323f,72fc4d3cc1370468d3b69dab1c5cb891e30d67cd911c3e427aef4dff695cecc8,0,0,0,0,1,0,0,1
31,A50_AUTHENTIC_DOSE,0,31|A50_AUTHENTIC_DOSE|0,resp_0e79ac1802ca03ed006aa2f7df8a3887d2a65ee66a538695ef,84ea15ad708ac5a94afdd08938335b9eba94aaf9a036a132e71226fa544f58b9,0,0,0,0,0,0,0,0
31,A50_AUTHENTIC_DOSE,1,31|A50_AUTHENTIC_DOSE|1,resp_0da3add17a98a799006aa2f7dfa93487d29ec4c25c80e89a42,85a5104ce747dc46e1eb09e43e23738b93e4b8e2d5afcce9239570cf1f74d769,0,0,0,0,0,0,0,0
31,A50_AUTHENTIC_DOSE,2,31|A50_AUTHENTIC_DOSE|2,resp_0c7c751197603ea5006aa2f7dfdd4c87d2807b9e35c4478f76,2b1cc3156878a089aeeb718c733f51fbc136b5f2dc310646a008d1d0e6265073,0,0,0,0,0,0,0,0
31,A75_AUTHENTIC_DOSE,0,31|A75_AUTHENTIC_DOSE|0,resp_0009b1c11bb1cc5a006aa2f7e01c2c87d2b880793ca6eacb3c,2b518d4e396228a84310d8788c8689195c4e772d035169b02acb16c26c4af7c7,0,0,0,0,0,0,0,0
31,A75_AUTHENTIC_DOSE,1,31|A75_AUTHENTIC_DOSE|1,resp_05617f4198949bc3006aa2f7e032d887d2aa494309865c3ff5,32156f1ef6c5c23f5387f4eed33688f4d5246950b08cb1b2bbec8e4f2976b0f8,0,0,0,0,1,1,0,2
31,A75_AUTHENTIC_DOSE,2,31|A75_AUTHENTIC_DOSE|2,resp_020a1eb26f76fd19006aa2f7e0305487d2a159d44862db9265,57f937257c23bbd35584f15909121f729a36954c1b824b4b0fe186af8a2e28c4,0,0,0,0,1,0,0,1
31,B_TOPOLOGY_SHUFFLED,0,31|B_TOPOLOGY_SHUFFLED|0,resp_0540ae35d56a9dc4006aa2f7e0d3fc87d287ccf95895fa58d8,eb903a85f0799a94670935e85702b75502ac1470b2c4d76779617bf03fcf866e,0,0,0,0,1,0,0,1
31,B_TOPOLOGY_SHUFFLED,1,31|B_TOPOLOGY_SHUFFLED|1,resp_0288168be27c3679006aa2f7e17e8887d297243cfb4cc373cb,cd89d77aa65d28b1859c4d4369dcdd17ea21489742d26a4471e839e25f30f4d9,0,0,0,0,1,0,0,1
31,B_TOPOLOGY_SHUFFLED,2,31|B_TOPOLOGY_SHUFFLED|2,resp_0338ce30d741bf80006aa2f7e18db887d2af44360ef3a3e7cd,c3635ae2865e561c1da46a80a83e6082d82c7630c0d1a811f0567ad3291fb24e,0,0,0,0,1,0,0,1
31,C_ORDER_SHUFFLED,0,31|C_ORDER_SHUFFLED|0,resp_0e2a99006c149225006aa2f7e1badc87d283322dbe41cccf1c,e3b0c44298fc1c149afbf4c8996fb92427ae41e4649b934ca495991b7852b855,0,0,0,0,0,0,0,0
31,C_ORDER_SHUFFLED,1,31|C_ORDER_SHUFFLED|1,resp_0449734e78600847006aa2f7e3084487d286d0099956d0cdd3,1b2287f9a379c8f1a69898caa64c30db67dd1720f5f3f85c9537dc923ee98444,0,0,0,0,1,0,0,1
31,C_ORDER_SHUFFLED,2,31|C_ORDER_SHUFFLED|2,resp_00113c4a142cd76c006aa2f7e31df087d298b8a7cd011c4970,c9e75454e6c4fa7a34bbade72b4574cff222528534141d3f2dbf38de925c9496,0,0,0,0,0,0,0,0
31,D_DIRECTION_REVERSED,0,31|D_DIRECTION_REVERSED|0,resp_0e612a2e04141c3a006aa2f7e3817887d28dd72a5cd4a87b98,2936a1bbb091a6cca7c93c7bbc41ec52381cb859089dbfa8a056804e8a92c307,0,0,0,0,1,0,0,1
31,D_DIRECTION_REVERSED,1,31|D_DIRECTION_REVERSED|1,resp_0264ae6069decfe4006aa2f7e3398087d290a8954e4115dac4,62e13ca4097b0cff185729e240af75d0386225112e4f03aab8a4e00cb929f31b,0,0,0,0,1,0,0,1
31,D_DIRECTION_REVERSED,2,31|D_DIRECTION_REVERSED|2,resp_06f7fd56e82e0f76006aa2f7e335d887d294b65b6e72384324,7af57693cb937aaef648632762aece9c2dc8682b31eafb038cac4cbe8a6ce966,0,0,0,0,1,0,0,1
31,E_META_CONTROL_ABLATED,0,31|E_META_CONTROL_ABLATED|0,resp_0fb915ce773ef1f1006aa2f7e3df0487d2b6cbae04de60b647,00dfd32f41c03efad71551e85bff13a86889a8f34c2cc593f64aa5cae4081933,0,0,0,0,0,0,0,0
31,E_META_CONTROL_ABLATED,1,31|E_META_CONTROL_ABLATED|1,resp_0b1b2cf6699a37c9006aa2f7e41b0487d298f229f840d89957,e3b0c44298fc1c149afbf4c8996fb92427ae41e4649b934ca495991b7852b855,0,0,0,0,0,0,0,0
31,E_META_CONTROL_ABLATED,2,31|E_META_CONTROL_ABLATED|2,resp_034416243c82054c006aa2f7e4322487d298c2a75f3a599078,bc8ffaf9dbc097f8adae1aa6f7d9b7f4410ebe9109ab07d5858e35ae8ce1332b,0,0,0,0,1,0,0,1
31,F_PRESERVATION_ABLATED,0,31|F_PRESERVATION_ABLATED|0,resp_00e58b1175597c28006aa2f7e4ddb087d2b084d74ba196277b,6a0593b43c35d6c2cdd9831a51a2537fb0239722123ff55d160feea285e415a9,0,0,0,0,0,0,0,0
31,F_PRESERVATION_ABLATED,1,31|F_PRESERVATION_ABLATED|1,resp_053972876059b390006aa2f7e510a487d2a6b9c5b63bc4637a,d54348120598d422a18acec8684d40998a174627b4975af4caf69426770eecef,0,0,0,0,0,0,0,0
31,F_PRESERVATION_ABLATED,2,31|F_PRESERVATION_ABLATED|2,resp_03d88b3085f67453006aa2f7e5646087d2a0fcf1871f0ac8bd,8442a2e553de0c187fdb9c30c0e8b011339cf0662e1457600e712d482be0dbba,0,0,0,1,0,0,0,1
31,G_SURFACE_SUBSTITUTED,0,31|G_SURFACE_SUBSTITUTED|0,resp_03a6a574bd7e99cb006aa2f7e5a9d887d29f7be0f8bf06e53b,e3b0c44298fc1c149afbf4c8996fb92427ae41e4649b934ca495991b7852b855,0,0,0,0,0,0,0,0
31,G_SURFACE_SUBSTITUTED,1,31|G_SURFACE_SUBSTITUTED|1,resp_02c8afd028df6c98006aa2f7e68b7487d294c9d5994613e7ba,e3b0c44298fc1c149afbf4c8996fb92427ae41e4649b934ca495991b7852b855,0,0,0,0,0,0,0,0
31,G_SURFACE_SUBSTITUTED,2,31|G_SURFACE_SUBSTITUTED|2,resp_01bde61304cf559c006aa2f7e6934887d2b0170aca6b023d08,ad9a49e433760a3b206f9f17a882023b3b9609e7635c464f498ec14670d2179c,0,0,0,0,1,0,0,1
31,H_AUTHENTIC_PERTURBED,0,31|H_AUTHENTIC_PERTURBED|0,resp_067af7c01861f2df006aa2f7e6b57887d2960d6862698b7672,5db18fa0f77b635d4b948463a4872f69e682267cc1377fe9dd3fa09e8d5bd0ec,0,0,0,0,0,0,0,0
31,H_AUTHENTIC_PERTURBED,1,31|H_AUTHENTIC_PERTURBED|1,resp_04543f6ea5eca83a006aa2f7e7946887d2989a38e561b58636,e3b0c44298fc1c149afbf4c8996fb92427ae41e4649b934ca495991b7852b855,0,0,0,0,0,0,0,0
31,H_AUTHENTIC_PERTURBED,2,31|H_AUTHENTIC_PERTURBED|2,resp_04a34efafa158157006aa2f7e7dfd887d2819afe7577330bb6,e3b0c44298fc1c149afbf4c8996fb92427ae41e4649b934ca495991b7852b855,0,0,0,0,0,0,0,0
31,I_SHUFFLED_PERTURBED,0,31|I_SHUFFLED_PERTURBED|0,resp_0cd14814ab424958006aa2f7e7bf6487d29c71a9f67d22477b,18f073f4a43013625ae9604ea5158a0c7d7d870a007fcb4b8e0468ea28c5d37b,0,0,0,0,1,0,0,1
31,I_SHUFFLED_PERTURBED,1,31|I_SHUFFLED_PERTURBED|1,resp_09530b893799a9f5006aa2f7e85e5c87d2b0bd61bbf23c5228,94326a03e0b170916c2d077c923c30d3f5a77620dd72e2428303061298b2059f,0,0,0,0,0,0,0,0
31,I_SHUFFLED_PERTURBED,2,31|I_SHUFFLED_PERTURBED|2,resp_0ce118f01092261d006aa2f7e8cf8087d2bdbd7070b871150e,e3b0c44298fc1c149afbf4c8996fb92427ae41e4649b934ca495991b7852b855,0,0,0,0,0,0,0,0
31,J_RECURSION_CONTROL,0,31|J_RECURSION_CONTROL|0,resp_0fefdee0ff75869e006aa2f7e96ea487d2b88d27c86c1d7a9c,e3b0c44298fc1c149afbf4c8996fb92427ae41e4649b934ca495991b7852b855,0,0,0,0,0,0,0,0
31,J_RECURSION_CONTROL,1,31|J_RECURSION_CONTROL|1,resp_0bb55a92e3403655006aa2f7e8e6c887d2864e4d10ddd55421,e3b0c44298fc1c149afbf4c8996fb92427ae41e4649b934ca495991b7852b855,0,0,0,0,0,0,0,0
31,J_RECURSION_CONTROL,2,31|J_RECURSION_CONTROL|2,resp_0a0402282a3de778006aa2f7e942b487d2b3fd92d50abab45d,82be4ba120ad41189ddc923956790c5bc4ea27fbbe073fee8b7c4df44bd5a20f,0,0,0,0,0,0,0,0
31,K_COMPLEXITY_CONTROL,0,31|K_COMPLEXITY_CONTROL|0,resp_03181db04d4be0b5006aa2f7e976d887d28d74babafac0cb81,6cc680fabdb5438934371d875d1fa84a8a8d6b793be8622ac0819f6249e27e53,0,0,0,0,0,0,0,0
31,K_COMPLEXITY_CONTROL,1,31|K_COMPLEXITY_CONTROL|1,resp_0f8f08bfe58280be006aa2f7ea698487d2946b82ca707de6bd,5285e267e034bf5bf44b44cc7a5ba4d092b88ab98cc638320b774bce9fdca7bf,0,0,0,0,1,0,0,1
31,K_COMPLEXITY_CONTROL,2,31|K_COMPLEXITY_CONTROL|2,resp_0f58322994b03e6b006aa2f7eaab4887d287450d10acb50966,164a9c6eebddbd15d81a62d4fe56a6df1ec2914972b3039aa360a9cb38a42d59,0,0,0,0,1,0,0,1
31,L_COUNTERFACTUAL_PATH,0,31|L_COUNTERFACTUAL_PATH|0,resp_058b7a5ac8d495b8006aa2f7eb6c2c87d28f08e3aaa36c6bb4,9d70f7027148061a13216fe98e3ec169d53934c008600d840b16c76fbbb1ec12,0,0,0,1,1,0,0,2
31,L_COUNTERFACTUAL_PATH,1,31|L_COUNTERFACTUAL_PATH|1,resp_073d652bad15f734006aa2f7eb692487d290cb5b01bbfe6e30,ce1370349cea203be690054a3a0c5e4254236dae87e9853c9f3669088c40f52b,0,0,0,0,1,0,0,1
31,L_COUNTERFACTUAL_PATH,2,31|L_COUNTERFACTUAL_PATH|2,resp_07a42d1b1c53ffaa006aa2f7ebb77887d2ba8e69a212602faa,f53db4cc08f3457fe36462e60a379295c388f400d1cb5c694477974d087455aa,0,0,0,0,1,0,0,1
32,A100_AUTHENTIC_FULL_PREFIX,0,32|A100_AUTHENTIC_FULL_PREFIX|0,resp_0b303b75abbf3b4b006aa2f7eba16087d29f04c69a357468c4,ff8116c8d6d41e692994df0ef7f35b651eda3919420d73d074242156b54c8580,0,0,0,0,1,0,0,1
32,A100_AUTHENTIC_FULL_PREFIX,1,32|A100_AUTHENTIC_FULL_PREFIX|1,resp_0eef1a800c43f2f5006aa2f7ec50f487d2ae63da525806ece0,cff578db4032f0598e28949eab6e54f79d37c08aebba01c7673d2c803bad3c1f,1,0,0,0,1,0,0,2
32,A100_AUTHENTIC_FULL_PREFIX,2,32|A100_AUTHENTIC_FULL_PREFIX|2,resp_0725542e838d2472006aa2f7ec552887d2a949d9df4972ee62,b0226501eb21a8dbae6896936033a42f4283ccc9de190320f4ffcf6b5a4ee2ef,1,0,0,0,0,0,0,1
32,A25_AUTHENTIC_DOSE,0,32|A25_AUTHENTIC_DOSE|0,resp_0b1b10a81d7c68be006aa2f7ec661487d2b4d4cd31e1634e78,f6f37cfc2586765751440831ce6161108a8b5ad9f98104d79630cbb7b1a9ca54,0,0,0,0,0,0,0,0
32,A25_AUTHENTIC_DOSE,1,32|A25_AUTHENTIC_DOSE|1,resp_0dd9d789792761fc006aa2f7ecc5b487d2ad9c85e606f813f0,80d43c90bbee4f56c5d18d11944f4db09d63bc93986390bd978c441a554f71db,0,0,0,0,0,0,0,0
32,A25_AUTHENTIC_DOSE,2,32|A25_AUTHENTIC_DOSE|2,resp_0fa20950b6f91c8a006aa2f7ed690887d28a5dd4490297a819,04879b221fcbe647d1a7ac575ae882a48bff632ad26de20449f9a86cb0781871,0,0,0,0,0,0,0,0
32,A50_AUTHENTIC_DOSE,0,32|A50_AUTHENTIC_DOSE|0,resp_00c9a43ae7fb5f8d006aa2f7ee693087d2b594daac3e1535a6,eb1628025e363683babbbd002ff1f883e90ef3d6c2646803423564366bedd694,0,0,0,0,0,0,0,0
32,A50_AUTHENTIC_DOSE,1,32|A50_AUTHENTIC_DOSE|1,resp_0c790e850c0f61dc006aa2f7eea33887d29e3270eace71ac11,efd85a2af0691b42104a88a3feb5919d3523996f842cc06c60cab4e737b17ffd,0,0,0,0,1,0,0,1
32,A50_AUTHENTIC_DOSE,2,32|A50_AUTHENTIC_DOSE|2,resp_0d2a521c57024cdb006aa2f7eed1ac87d2800da6c53d8ce0a4,e2e3a39a37b45e14fc49454b7d2e122747f0d3b843e5d8440a5f2621b3be02a4,0,0,0,0,0,0,0,0
32,A75_AUTHENTIC_DOSE,0,32|A75_AUTHENTIC_DOSE|0,resp_066a3841f4c3e899006aa2f7ef105487d2bbbe767ba3f06c6c,a3406d4948175962317c96329114778fb73091369f78b07b37b26b121f56237c,0,0,0,0,0,0,0,0
32,A75_AUTHENTIC_DOSE,1,32|A75_AUTHENTIC_DOSE|1,resp_0969c671ebc822ba006aa2f7ef4de887d2a2891c453e2e9dcf,15c5f2829a9d491aee623b186ced62d6893829e3adad8693667a2fdd7064d75f,0,0,0,0,0,1,0,1
32,A75_AUTHENTIC_DOSE,2,32|A75_AUTHENTIC_DOSE|2,resp_02eda9f7efb26241006aa2f7efb7dc87d2b0de4e779a162831,47b98cb647b0393e89c6b8c66c5d62fbaaa25572f8c08223a17340c2c18a3371,0,0,0,0,1,0,0,1
32,B_TOPOLOGY_SHUFFLED,0,32|B_TOPOLOGY_SHUFFLED|0,resp_05a2af5a3c85a8a5006aa2f7effe1487d2b48470e6ded148ae,08671a9fcd5e97f9e28cc082045f825309ad3e7c49c95ec28ab02a809a599e50,0,0,0,0,1,0,0,1
32,B_TOPOLOGY_SHUFFLED,1,32|B_TOPOLOGY_SHUFFLED|1,resp_039cbda42c8decc3006aa2f7f023e487d2a97867d0d694a991,b1b0aa243c2db7e0bfc5f86ed97d61d869b6cff139ff781955fe56d8d3ac794c,0,0,0,0,1,0,0,1
32,B_TOPOLOGY_SHUFFLED,2,32|B_TOPOLOGY_SHUFFLED|2,resp_0f0bbdeb62190d4c006aa2f7f035b887d2b3157ca34805c349,1cc7f8f473489319d09e781f9c0a77df64d650c5d0915cd5813a1440f68f17d1,0,0,0,0,1,0,0,1
32,C_ORDER_SHUFFLED,0,32|C_ORDER_SHUFFLED|0,resp_0e2e92600a7ca861006aa2f7f03e5087d2ad44d5363d586258,dcc7287656f85729ea86af78a5976483537733241cdd114b79ed8a3592df2e15,0,0,0,0,0,0,0,0
32,C_ORDER_SHUFFLED,1,32|C_ORDER_SHUFFLED|1,resp_0209d11f63a99376006aa2f7f0637887d2a3b002461b8ab8dc,49fd0a9999385bb9a8192886e629cccbe53704094f1c12ad3bfd8c5fec36e01e,0,0,0,0,1,1,0,2
32,C_ORDER_SHUFFLED,2,32|C_ORDER_SHUFFLED|2,resp_080300e7a198e1d9006aa2f7f207e887d2bc8cf5bce8c1ee35,e3b0c44298fc1c149afbf4c8996fb92427ae41e4649b934ca495991b7852b855,0,0,0,0,0,0,0,0
32,D_DIRECTION_REVERSED,0,32|D_DIRECTION_REVERSED|0,resp_0e153e73116ac108006aa2f7f2769487d29974e216bff6d6a0,cd6c18f21d919d38ad873e443cab8605ad30a78ae53247d6eb9fa0380132dda8,0,0,0,0,1,0,0,1
32,D_DIRECTION_REVERSED,1,32|D_DIRECTION_REVERSED|1,resp_0ef558bba031a9f2006aa2f7f283c087d28219f1c4943b43f7,a540e31871faea47868038b59f64acf28ccdc220c79c8e6a6f240c7feb91d240,0,0,0,0,0,0,0,0
32,D_DIRECTION_REVERSED,2,32|D_DIRECTION_REVERSED|2,resp_0d3705aa9e1c8e99006aa2f7f2ac9c87d29fb4cc5c8cab3f99,e3b0c44298fc1c149afbf4c8996fb92427ae41e4649b934ca495991b7852b855,0,0,0,0,0,0,0,0
32,E_META_CONTROL_ABLATED,0,32|E_META_CONTROL_ABLATED|0,resp_06fc7514d64019e9006aa2f7f30cb887d295aec9cf4594a325,d9d2269336212f7024821e754980c0488e6208f9bc9ea0238daa138541fbc17d,0,0,0,1,1,0,0,2
32,E_META_CONTROL_ABLATED,1,32|E_META_CONTROL_ABLATED|1,resp_0e25aee0da0565f0006aa2f7f2c51c87d280bf945b83b2f69d,f31937a3c2bf68ad99bc22d3c86c393650069b888c70ea58b2e45aac415293ad,0,0,0,0,1,0,0,1
32,E_META_CONTROL_ABLATED,2,32|E_META_CONTROL_ABLATED|2,resp_09a3eb381e87ca3a006aa2f7f2fe3487d2a94601e7021a58c7,e3b0c44298fc1c149afbf4c8996fb92427ae41e4649b934ca495991b7852b855,0,0,0,0,0,0,0,0
32,F_PRESERVATION_ABLATED,0,32|F_PRESERVATION_ABLATED|0,resp_0838f61c28f9a016006aa2f7f3987c87d2af10f85ff8ad1acc,86f3f5913e6d905c1be2f2aaa9ef6691f622dbf47e8d8db60292da001336e9fc,0,0,0,0,0,0,0,0
32,F_PRESERVATION_ABLATED,1,32|F_PRESERVATION_ABLATED|1,resp_01712fbe9e54d00c006aa2f7f3fecc87d2b30626b8eebbe28d,1175ee4787e72712720ccca0c10803d2b03a877775cac15fd82e6e46bf0b83c1,1,0,0,0,0,0,0,1
32,F_PRESERVATION_ABLATED,2,32|F_PRESERVATION_ABLATED|2,resp_091e448bf0b61672006aa2f7f41e0c87d2861c8f181ee262ba,ec7c9e235dea23a3053c1259f985f73e0ffa5667124626c5959fea2cdcf05156,0,0,0,0,0,0,0,0
32,G_SURFACE_SUBSTITUTED,0,32|G_SURFACE_SUBSTITUTED|0,resp_090fa167b60fb400006aa2f7f46a0c87d2b1e14d17a97484d7,b8ec47404707d42941fa2a476b052d4baa41a74503a9e64e4931329ccc417591,1,0,0,0,1,0,0,2
32,G_SURFACE_SUBSTITUTED,1,32|G_SURFACE_SUBSTITUTED|1,resp_01734bb769b265a4006aa2f7f4c0c487d2962b2b6a4169bb31,c8bb43e7c85ca3e827152d02fcf80ea6c640f0680618fd7a3b51aa9569213cfd,1,0,0,0,1,0,0,2
32,G_SURFACE_SUBSTITUTED,2,32|G_SURFACE_SUBSTITUTED|2,resp_07044f6bb7539757006aa2f7f5c1fc87d2a30f3eb8b743d659,e3b0c44298fc1c149afbf4c8996fb92427ae41e4649b934ca495991b7852b855,0,0,0,0,0,0,0,0
32,H_AUTHENTIC_PERTURBED,0,32|H_AUTHENTIC_PERTURBED|0,resp_05950ef6d6fbab49006aa2f7f65b2c87d299a8e44883cfeaa5,e3b0c44298fc1c149afbf4c8996fb92427ae41e4649b934ca495991b7852b855,0,0,0,0,0,0,0,0
32,H_AUTHENTIC_PERTURBED,1,32|H_AUTHENTIC_PERTURBED|1,resp_0318cdd6f76b763e006aa2f7f681a087d28b28448170caad9d,e3b0c44298fc1c149afbf4c8996fb92427ae41e4649b934ca495991b7852b855,0,0,0,0,0,0,0,0
32,H_AUTHENTIC_PERTURBED,2,32|H_AUTHENTIC_PERTURBED|2,resp_0bb77f39246c9e85006aa2f7f6812087d2add115ae770d973a,e3b0c44298fc1c149afbf4c8996fb92427ae41e4649b934ca495991b7852b855,0,0,0,0,0,0,0,0
32,I_SHUFFLED_PERTURBED,0,32|I_SHUFFLED_PERTURBED|0,resp_05ad80c92ab5d2ea006aa2f7f694a887d28d39375b684550dd,a444ec2a1b4df6a51b5b39a0dd56330f05f622b7ab071c38c8e30368c4e7e897,0,0,0,0,1,1,0,2
32,I_SHUFFLED_PERTURBED,1,32|I_SHUFFLED_PERTURBED|1,resp_09aed44bbe41a832006aa2f7f6a47887d2b4290e8799400c42,48367f65f4ba6d6c788c530c040c262bc9e09ba2bf6cb2d4a6b8196b2fa39c42,0,0,0,0,0,0,0,0
32,I_SHUFFLED_PERTURBED,2,32|I_SHUFFLED_PERTURBED|2,resp_0ccc5db6da5cc24d006aa2f7f70a0887d2baa993bd95db8d8a,e3b0c44298fc1c149afbf4c8996fb92427ae41e4649b934ca495991b7852b855,0,0,0,0,0,0,0,0
32,J_RECURSION_CONTROL,0,32|J_RECURSION_CONTROL|0,resp_0120bd2a4f770009006aa2f7f7b7a087d2baab55ab2bff83d1,451bfb3491c430bab20353c1a8a4b092335dff068f0e7ecd5be09a2f9669f8dd,0,0,0,0,0,1,0,1
32,J_RECURSION_CONTROL,1,32|J_RECURSION_CONTROL|1,resp_066b221dcd593a5e006aa2f7f7c10087d2a367139cb583352a,2b5a79ce2ff4a2d9957da01ece60faec4ae01dc9c4c7b939b6f2c2dd00190561,0,0,0,0,0,0,0,0
32,J_RECURSION_CONTROL,2,32|J_RECURSION_CONTROL|2,resp_0245b927a99edab9006aa2f7f7e64887d2b0bc6239c9e7a390,befb0ea1ad69379ddb074c9cf6268d13a02357871dc03d0eca264189aae244b7,0,0,0,0,0,0,0,0
32,K_COMPLEXITY_CONTROL,0,32|K_COMPLEXITY_CONTROL|0,resp_0d4a7e5982878f88006aa2f7f8239887d2b1fa8d950a0f6940,1a304903a89946a580e1119b00b80c5068b7822090909b2defbdea642a9668d7,0,0,0,0,1,0,0,1
32,K_COMPLEXITY_CONTROL,1,32|K_COMPLEXITY_CONTROL|1,resp_02bb706aa03fa475006aa2f7f83c8487d282aa660ab6439e42,8b705eca30605d827e29adae9c8ecec27060268e8c7763659cf107699d32df0d,0,0,0,0,1,0,0,1
32,K_COMPLEXITY_CONTROL,2,32|K_COMPLEXITY_CONTROL|2,resp_0f6b6ea0301beac8006aa2f7f8ebf487d2b78c9377aeabefed,545b000ac5240b4c4d392db97e1716fe06571057f6b76bb6a3786aba8852c493,0,0,0,0,1,0,0,1
32,L_COUNTERFACTUAL_PATH,0,32|L_COUNTERFACTUAL_PATH|0,resp_08d7aefb987b38ba006aa2f7f98e2c87d2be160eae210b7e2a,677d83c2bd30f18f48c15608fc4b107cd4aab334f9d9ca948c22c352479ce09a,0,0,0,0,0,0,0,0
32,L_COUNTERFACTUAL_PATH,1,32|L_COUNTERFACTUAL_PATH|1,resp_0e3d0e31c49eb22f006aa2f7f9b24c87d2adce190a078637be,14e2bbe5a137c17632e032f69ed71548c6fb14eba09364bac6bfac84870e8db8,0,0,0,0,1,0,0,1
32,L_COUNTERFACTUAL_PATH,2,32|L_COUNTERFACTUAL_PATH|2,resp_0f38428b935ecb76006aa2f7fa219487d2a72dfa1565c43114,2021639475d241d197f1c9d3257fc15d884a9fb73c00b8887c71e888aedc7029,0,0,0,0,0,0,0,0
33,A100_AUTHENTIC_FULL_PREFIX,0,33|A100_AUTHENTIC_FULL_PREFIX|0,resp_04941e96d9977591006aa2f7fa639487d2aa331a06f005feda,41721f2625eb6e9ef324f4add1acfc1c43f9979a1c4f6c3fe7cfb235c6a43b0c,0,0,0,0,0,0,0,0
33,A100_AUTHENTIC_FULL_PREFIX,1,33|A100_AUTHENTIC_FULL_PREFIX|1,resp_088ae99393d18493006aa2f7fa5cf487d2bd462120d19e471b,9ff96cd15a0deb4e19333e401bf6e105a6ab8552b9acb5f00b12e8bed2086525,1,0,0,0,1,0,0,2
33,A100_AUTHENTIC_FULL_PREFIX,2,33|A100_AUTHENTIC_FULL_PREFIX|2,resp_004add5b0dee72e1006aa2f7fbc9d487d29da00f68cf0a325b,e3b0c44298fc1c149afbf4c8996fb92427ae41e4649b934ca495991b7852b855,0,0,0,0,0,0,0,0
33,A25_AUTHENTIC_DOSE,0,33|A25_AUTHENTIC_DOSE|0,resp_010b9593993cbdec006aa2f7fbc25887d296e9f7bb76c95c42,d4d92afd5c87d92e3a2ba3e526c7a8931f55bf835d311408fa5332813ff43c48,0,0,0,0,1,0,0,1
33,A25_AUTHENTIC_DOSE,1,33|A25_AUTHENTIC_DOSE|1,resp_0b3df191aa21996f006aa2f7fb94c087d2bf81edf33b7343d5,db4df3af30dc8b4222e19d0d85a74ef01e4b440ee0e3e1575e6f2bfa1d3166d8,0,0,0,0,0,0,0,0
33,A25_AUTHENTIC_DOSE,2,33|A25_AUTHENTIC_DOSE|2,resp_05e8f94d5f7f347d006aa2f7fc094887d2a13a924a9d73d515,94a7e530637095361e64a767bf932992250e36a44dc54264ed0a4368a4b737fd,0,0,0,0,1,0,0,1
33,A50_AUTHENTIC_DOSE,0,33|A50_AUTHENTIC_DOSE|0,resp_0e45a17d48889e06006aa2f7fbe99c87d296ea1d21dbb6b9a7,ec87ab60efb700027f12627a0cd70bf52165a5f7e7e381426c5ac602772b10b1,0,0,0,0,0,0,0,0
33,A50_AUTHENTIC_DOSE,1,33|A50_AUTHENTIC_DOSE|1,resp_042dedff968b22e9006aa2f7fc2d3087d28e679a63241c6123,7e78192adbd3150ed70cb245bf4da7f713ff28b8668a71f6943c338ea0125b77,0,0,0,0,0,0,0,0
33,A50_AUTHENTIC_DOSE,2,33|A50_AUTHENTIC_DOSE|2,resp_0f6dd4828db7dc04006aa2f7fca0f487d281d677d2844070ec,6ffa3aa19a9dbf8ce9cf98e15298407ef7e1d878d9c83dfb8cd3a07e3b488b5d,0,0,0,0,0,0,0,0
33,A75_AUTHENTIC_DOSE,0,33|A75_AUTHENTIC_DOSE|0,resp_001b9d0c2da56f7a006aa2f7fd06d887d2b10eb62cbd8b5285,62a927397421c6e57e4e8119fd36ef8685eafa4dcfcca90b706501b819cae5ed,1,0,0,0,0,0,0,1
33,A75_AUTHENTIC_DOSE,1,33|A75_AUTHENTIC_DOSE|1,resp_0bbeb9507a44b7dd006aa2f7fd4f6487d294c7840c88939eff,f2abeab8d4b891b650c3f673f877f64810c0e021fc2adb809b5d296f2491f748,0,0,0,0,1,1,0,2
33,A75_AUTHENTIC_DOSE,2,33|A75_AUTHENTIC_DOSE|2,resp_0a6358dc1eb55d8c006aa2f7fd5bf087d29cfcf279be5ddb22,5ec3886725031e337b697c56a3f42b660ef2c7833f4ca8cf7d25d73842d4c70f,0,0,0,0,1,0,0,1
33,B_TOPOLOGY_SHUFFLED,0,33|B_TOPOLOGY_SHUFFLED|0,resp_0855c2a3101c3989006aa2f7fdaf5887d2bf566b936b256ea4,1175d53bbcb9f995205a6369219b8ffae21bb1c42910d9cd28b75f805ee5e0c0,0,0,0,0,0,0,0,0
33,B_TOPOLOGY_SHUFFLED,1,33|B_TOPOLOGY_SHUFFLED|1,resp_01d9b4cbdb669f35006aa2f7fe9f7c87d29260b54bacc973f2,fcdd5feb953aeb5ca10c4b68494d68d0ccd28d2c658e0d689785343496b14988,0,0,0,0,1,1,0,2
33,B_TOPOLOGY_SHUFFLED,2,33|B_TOPOLOGY_SHUFFLED|2,resp_037a5383e3d20360006aa2f7ff56a487d2b70c8940a72d6aee,7889f4e0ed9f12cb7aaf651e72ed43bd2cc0a931782b1b3d9d35ad16d50bdb38,0,0,0,0,1,0,0,1
33,C_ORDER_SHUFFLED,0,33|C_ORDER_SHUFFLED|0,resp_08c80f5083b4d911006aa2f7ff63dc87d2a10f78bc92590d0e,e3b0c44298fc1c149afbf4c8996fb92427ae41e4649b934ca495991b7852b855,0,0,0,0,0,0,0,0
33,C_ORDER_SHUFFLED,1,33|C_ORDER_SHUFFLED|1,resp_079282d0481539fe006aa2f7ffa1f487d2abf2db169e85416c,e3b0c44298fc1c149afbf4c8996fb92427ae41e4649b934ca495991b7852b855,0,0,0,0,0,0,0,0
33,C_ORDER_SHUFFLED,2,33|C_ORDER_SHUFFLED|2,resp_09e920234a96c097006aa2f8002edc87d2b93b2cb9d2f211b7,e3b0c44298fc1c149afbf4c8996fb92427ae41e4649b934ca495991b7852b855,0,0,0,0,0,0,0,0
33,D_DIRECTION_REVERSED,0,33|D_DIRECTION_REVERSED|0,resp_0ac3630678763e1b006aa2f8008bf887d2a15b6356a08bb14b,c826ec089f76bc163029721c1ff4cb38f22c66fec045ed83a859ce4acf263241,0,0,0,0,1,0,0,1
33,D_DIRECTION_REVERSED,1,33|D_DIRECTION_REVERSED|1,resp_09c9ad19c46c42b6006aa2f800dda087d2aa32257d63bbee04,2e4a4d36a5197a0b88970db14cff0302a1557ce1a535bdc28fb91a2007459976,0,0,0,0,0,0,0,0
33,D_DIRECTION_REVERSED,2,33|D_DIRECTION_REVERSED|2,resp_0da07c0184592479006aa2f8013a8887d2a886607ba3422f81,1825b9480e4826280c45dac658337ad8c22db1e6025febd4b1d77c429e2b2011,0,0,0,0,0,0,0,0
33,E_META_CONTROL_ABLATED,0,33|E_META_CONTROL_ABLATED|0,resp_076a82285057f97c006aa2f80124d487d29579dbf78b885771,f30f48d3a8bc6edda7cc4498e1343424fbb0204062bd81bc97ade9112ea6f6ac,0,0,0,0,1,0,0,1
33,E_META_CONTROL_ABLATED,1,33|E_META_CONTROL_ABLATED|1,resp_0ab9ca724e8dff63006aa2f801453487d2846db1840740b102,5efff34e082d95e3953e0afa5da4475ea7889c1c98d207a77be0c70ee282da99,0,0,0,0,0,0,0,0
33,E_META_CONTROL_ABLATED,2,33|E_META_CONTROL_ABLATED|2,resp_0c3526e32524ff8c006aa2f8018e6087d2afa4f30ae3809932,2b94702cef00f092f9ad362c1a2a94b7c8e61f2ab24c61b2e5e7fbf2403d745d,0,0,0,0,0,0,0,0
33,F_PRESERVATION_ABLATED,0,33|F_PRESERVATION_ABLATED|0,resp_013dfb26882f6f33006aa2f801b10087d2b2a7f15202e65ae1,a0dd759a89799aac254e2da771267801695d11e0711b7c24f47249ebdb545315,0,0,0,0,1,0,0,1
33,F_PRESERVATION_ABLATED,1,33|F_PRESERVATION_ABLATED|1,resp_0f31ff98d5ee90e0006aa2f801ea9487d2b7822456d1d28669,e3b0c44298fc1c149afbf4c8996fb92427ae41e4649b934ca495991b7852b855,0,0,0,0,0,0,0,0
33,F_PRESERVATION_ABLATED,2,33|F_PRESERVATION_ABLATED|2,resp_001e44df837b84d6006aa2f803342087d29f968ef0a5710561,e2db718cef9df4375ac9efc01cd5d5feced05fe3d5511784769a3898f6a7bd3c,1,0,0,0,0,0,0,1
33,G_SURFACE_SUBSTITUTED,0,33|G_SURFACE_SUBSTITUTED|0,resp_053477ea1037393e006aa2f8034f8887d29a864d7b29bccd56,de2f0c898868527d10255f8fdd2c138b4859445b94100b8b787ce8aad914034e,0,0,0,0,0,0,0,0
33,G_SURFACE_SUBSTITUTED,1,33|G_SURFACE_SUBSTITUTED|1,resp_02df71a42baad6de006aa2f8033a3887d28925b3d85709f76c,0bb67c5ef1bcb51910129e24a5bb5bc915b69210e6f1a39478268af7492a6cd5,0,0,0,0,0,0,0,0
33,G_SURFACE_SUBSTITUTED,2,33|G_SURFACE_SUBSTITUTED|2,resp_0b759b4ad2beb5e0006aa2f803b50c87d29209de8c4c56004b,049205eff41cdf334720562bbc9fadaf132b78c00468590e6c560e80c8b84e6b,1,0,0,0,1,0,0,2
33,H_AUTHENTIC_PERTURBED,0,33|H_AUTHENTIC_PERTURBED|0,resp_04acf7b926ca3928006aa2f8046ae487d28077ff80d0798601,e3b0c44298fc1c149afbf4c8996fb92427ae41e4649b934ca495991b7852b855,0,0,0,0,0,0,0,0
33,H_AUTHENTIC_PERTURBED,1,33|H_AUTHENTIC_PERTURBED|1,resp_0912357f52d921ff006aa2f804804087d2b21f1151faa09770,e3b0c44298fc1c149afbf4c8996fb92427ae41e4649b934ca495991b7852b855,0,0,0,0,0,0,0,0
33,H_AUTHENTIC_PERTURBED,2,33|H_AUTHENTIC_PERTURBED|2,resp_0d543296120efa77006aa2f80487dc87d2902277894f5970fb,b05bc12e56ac4114f7170faded87ccb374f9b3da8f7a6eef4f9ec058bac20dff,0,0,0,0,1,0,0,1
33,I_SHUFFLED_PERTURBED,0,33|I_SHUFFLED_PERTURBED|0,resp_009bea2de752cfd9006aa2f804a02887d28de25ccb59848c5e,0c9e58c1b0d8125b9155deee4a68088be285e2e4b1f3c7c2fcb8f3ae613a303e,0,0,0,0,1,1,0,2
33,I_SHUFFLED_PERTURBED,1,33|I_SHUFFLED_PERTURBED|1,resp_0678fea7ea98eca8006aa2f805970887d2af235eb1f49e43c9,8b6c633ae75c88e7a86980ac2c045bfa01fe670a5ed299326dba866131a986aa,0,0,0,0,0,0,0,0
33,I_SHUFFLED_PERTURBED,2,33|I_SHUFFLED_PERTURBED|2,resp_0a4d5908c38d48e9006aa2f805630087d2b91054efed24864e,7d52c647ad2565dba6682299f44135812880bbf955ece8bfd5f90260b7489df1,0,0,0,0,0,1,0,1
33,J_RECURSION_CONTROL,0,33|J_RECURSION_CONTROL|0,resp_052e4cbc01ed6a02006aa2f8057b9487d284f3b576e2bdec40,40e9bef1071e7e289bb057dca314af6b54d8b73da9e79ffecd6ab9357b34b981,0,0,0,0,0,0,0,0
33,J_RECURSION_CONTROL,1,33|J_RECURSION_CONTROL|1,resp_0a5db25a3324e209006aa2f8057cfc87d292371fc410687a46,941d1d4bcff5aea1d85c35f6b816d05b103bd786b06ebb99022e7e313844d56d,0,0,0,0,0,0,0,0
33,J_RECURSION_CONTROL,2,33|J_RECURSION_CONTROL|2,resp_02f2a1824f30ce89006aa2f806781c87d2a7e41162dd02c881,60b1986a03a8f7e14c010bc7cd408c4c0162cbe10301357b5f9dd09069d2d105,0,0,0,0,0,0,0,0
33,K_COMPLEXITY_CONTROL,0,33|K_COMPLEXITY_CONTROL|0,resp_0063400f27b5417d006aa2f8067cd887d2bed2db4f3b50e787,89d0aba41d18e52a5916effbffc0918d91b5fd60aeec266d56e48ea0ca2ebf57,0,0,0,0,0,0,0,0
33,K_COMPLEXITY_CONTROL,1,33|K_COMPLEXITY_CONTROL|1,resp_007a75f2aa3ab813006aa2f80709c887d2bfe16bf89b2e3f5e,8b536d99615090a09b21cbb129a1aa65336f1278072fb6857af36351ffe0384c,0,0,0,0,0,0,0,0
33,K_COMPLEXITY_CONTROL,2,33|K_COMPLEXITY_CONTROL|2,resp_07c5269d94062163006aa2f80725d087d2a52fbd5d4a65bb43,ff80bd37fa3edcc36f12a5ab0be05acc2ee28c5277b0395af4aac47d20ba0a9e,0,0,0,0,0,0,0,0
33,L_COUNTERFACTUAL_PATH,0,33|L_COUNTERFACTUAL_PATH|0,resp_096336509211c087006aa2f807dcdc87d29c09b74b04af8f37,dc59930254d4b487afe458d4a70d92d811916f5b0b9778e1f37abcf70b6b5581,0,0,0,0,0,0,0,0
33,L_COUNTERFACTUAL_PATH,1,33|L_COUNTERFACTUAL_PATH|1,resp_06186571f32aaea7006aa2f807ea5487d281250bf4b8a2cddf,9fa2fff273b153a37960b6e83107100ac6b821582c08907f3961c82ec592420a,0,0,0,0,1,0,0,1
33,L_COUNTERFACTUAL_PATH,2,33|L_COUNTERFACTUAL_PATH|2,resp_091e196bc10a069c006aa2f807f8c087d281eb5de80b2860b0,e3b0c44298fc1c149afbf4c8996fb92427ae41e4649b934ca495991b7852b855,0,0,0,0,0,0,0,0
34,A100_AUTHENTIC_FULL_PREFIX,0,34|A100_AUTHENTIC_FULL_PREFIX|0,resp_04f163a316beaf04006aa2f8084ce087d2804a7b2e765b217e,da37a2d04b930fdf34c143d6feaea631b397923216410ee1dfa2666b4e5ee0d6,0,0,0,0,1,0,0,1
34,A100_AUTHENTIC_FULL_PREFIX,1,34|A100_AUTHENTIC_FULL_PREFIX|1,resp_08723611e89060d2006aa2f808cf3887d2a87ac545de343ed6,c2c705462a1d53baa519205eab1f7d3c9d312f4408b42887b1f320d7eceb570d,1,0,0,0,0,0,0,1
34,A100_AUTHENTIC_FULL_PREFIX,2,34|A100_AUTHENTIC_FULL_PREFIX|2,resp_037a5f82548bfc33006aa2f809008087d2a90d8c470c2fcd73,75c9a8318feda84b78e2c0c32545cb7274d92f61ef34e6324c5d05613fcad902,0,0,0,0,1,0,0,1
34,A25_AUTHENTIC_DOSE,0,34|A25_AUTHENTIC_DOSE|0,resp_0d5efa92677cb485006aa2f80926b487d28881778d9c058d84,3705bf2ac8afcc11c4ef9a91bfaace78cbfbbec071fc6b48ed3c455a413113d8,0,0,0,0,0,0,0,0
34,A25_AUTHENTIC_DOSE,1,34|A25_AUTHENTIC_DOSE|1,resp_06f5d4ad77d8e5ee006aa2f809da9c87d2a048063cd2ebeda4,c89deefb27e7b4df285004527515ef4206b53f752fda8c249f2966b58369e060,0,0,0,0,0,0,0,0
34,A25_AUTHENTIC_DOSE,2,34|A25_AUTHENTIC_DOSE|2,resp_026570e29ce70713006aa2f809e3b487d28e511392736b3258,4e3c4c9b69898cd674a99eeeb40a4c4e238335e58ea44b2179f244da8d5fe2c5,0,0,0,0,1,0,0,1
34,A50_AUTHENTIC_DOSE,0,34|A50_AUTHENTIC_DOSE|0,resp_0bf6989c5da1fb11006aa2f80a751887d28634d8e16e431736,04fa3ec8dab73f80fb70bd25b20c948e0492f507e2fb7810c89233385e4052bd,0,0,0,0,0,0,0,0
34,A50_AUTHENTIC_DOSE,1,34|A50_AUTHENTIC_DOSE|1,resp_0adb17654e64bff7006aa2f80abe2887d2beec98c16347644f,e3b0c44298fc1c149afbf4c8996fb92427ae41e4649b934ca495991b7852b855,0,0,0,0,0,0,0,0
34,A50_AUTHENTIC_DOSE,2,34|A50_AUTHENTIC_DOSE|2,resp_08a5c20f8be61c32006aa2f80b643c87d2bd7f873fe10e3477,b837627916ca37c5d897244e5cc98b6b62543e3435679ed1f51a18d120cbb03b,0,0,0,0,0,0,0,0
34,A75_AUTHENTIC_DOSE,0,34|A75_AUTHENTIC_DOSE|0,resp_03f7f613a8680489006aa2f80b84b487d281191a674d383f14,9b10867bf9bd1e5b25e3df8d12c38b7a8bc0f8824bd730d085c5494d20376149,0,0,0,0,0,0,0,0
34,A75_AUTHENTIC_DOSE,1,34|A75_AUTHENTIC_DOSE|1,resp_006ce624d01bb097006aa2f80bc94c87d293b501ab57aebee0,9d48125ac8a2e99e9e637008f3cf4258aaadaa5332334b8de2e8ba54d631fcf4,0,0,0,0,0,0,0,0
34,A75_AUTHENTIC_DOSE,2,34|A75_AUTHENTIC_DOSE|2,resp_0cef07e1b84a681c006aa2f80c3f3087d29b155c49dede2e3b,c7d1bcb220c25ba94b4c5a923c13f2cf15ea20a8ae2735edc0250d3de8288f59,0,0,0,0,0,0,0,0
34,B_TOPOLOGY_SHUFFLED,0,34|B_TOPOLOGY_SHUFFLED|0,resp_0e6df5e349049984006aa2f80cb90487d2a358acca0b8f60a7,1c289da4f9b1aac8adfdefdfcf2fd05f8de60553f50d316310ab558279485b41,0,0,0,0,1,0,0,1
34,B_TOPOLOGY_SHUFFLED,1,34|B_TOPOLOGY_SHUFFLED|1,resp_0db495aeebc6bb36006aa2f80d4b1887d29d354a403d73a6ad,2eb8a40b87b3e5f1ac57c46fcf265f22b02dd3b418bdae047f0b6bbe69038d12,0,1,0,0,1,1,0,3
34,B_TOPOLOGY_SHUFFLED,2,34|B_TOPOLOGY_SHUFFLED|2,resp_059b20400e634887006aa2f80db4d887d2a724d92e7a00a4b6,e3b0c44298fc1c149afbf4c8996fb92427ae41e4649b934ca495991b7852b855,0,0,0,0,0,0,0,0
34,C_ORDER_SHUFFLED,0,34|C_ORDER_SHUFFLED|0,resp_00a097941a0c615b006aa2f80dba8087d2ab1bb1af30292e2d,de61183b09a335f807725cfa169651a65d843bc72255e1abb851f033bc6a59fe,0,0,0,0,1,0,0,1
34,C_ORDER_SHUFFLED,1,34|C_ORDER_SHUFFLED|1,resp_0bf1befe8bc47a21006aa2f80e6e1087d2b732ab94eac3649a,1e0d2fbe07c5918d4a3f616e22099b5c2ea4dc88b568909f502fd5662f5129fb,0,0,0,0,0,0,0,0
34,C_ORDER_SHUFFLED,2,34|C_ORDER_SHUFFLED|2,resp_0f9a4d31741308cf006aa2f80ea8d887d29da828aa24e8720e,2b1cc3156878a089aeeb718c733f51fbc136b5f2dc310646a008d1d0e6265073,0,0,0,0,0,0,0,0
34,D_DIRECTION_REVERSED,0,34|D_DIRECTION_REVERSED|0,resp_074261607f494b86006aa2f80f0ff887d286a9cf1d85051fde,5b3715c8e2649afe8b305c867d8b959638e5ae4c2dd505dafae5190b763ad873,0,0,0,0,0,0,0,0
34,D_DIRECTION_REVERSED,1,34|D_DIRECTION_REVERSED|1,resp_03d5cb4644feabc2006aa2f80f813c87d288fe7acbfbaceece,bddad7124468d6f8f4de3b546a60b5ef654a645b22eed975279280ea7f64969f,0,0,0,0,0,0,0,0
34,D_DIRECTION_REVERSED,2,34|D_DIRECTION_REVERSED|2,resp_08fbda01a14f8494006aa2f80fa2b087d2a5235897c7adb255,a5c89c46774fcab2bef7b8d7b10d765990a89272f6bd640d0d515d90643448e9,0,0,0,0,0,0,0,0
34,E_META_CONTROL_ABLATED,0,34|E_META_CONTROL_ABLATED|0,resp_000b5838df7b91cd006aa2f8102b8487d2964a7503c4432fff,e3b0c44298fc1c149afbf4c8996fb92427ae41e4649b934ca495991b7852b855,0,0,0,0,0,0,0,0
34,E_META_CONTROL_ABLATED,1,34|E_META_CONTROL_ABLATED|1,resp_02845a93bc145682006aa2f8106fb087d2a9a4396053b4cba3,b5a64fae949008d74eeb3c8ebde0c02d8e2a52bdb5f1167aa8f431c94b9fd1f0,0,0,0,0,0,0,0,0
34,E_META_CONTROL_ABLATED,2,34|E_META_CONTROL_ABLATED|2,resp_0e77bd18ffe9399e006aa2f8113d4887d2bb87b7b8807e8bc2,73ab21f72ba97996c892beeeb2797f54c4f51aef0919c0325f445d3583b18a73,0,0,0,0,0,0,0,0
34,F_PRESERVATION_ABLATED,0,34|F_PRESERVATION_ABLATED|0,resp_0e14d1e5120985eb006aa2f8113dbc87d2b04b82b275a66c95,e3b0c44298fc1c149afbf4c8996fb92427ae41e4649b934ca495991b7852b855,0,0,0,0,0,0,0,0
34,F_PRESERVATION_ABLATED,1,34|F_PRESERVATION_ABLATED|1,resp_0b92ef0006b28596006aa2f8117df487d2b49b8dd98140b7e5,459feaf80fda73ca0919f38dc7f1fa2e49d66dd43ad4490e149ff9fe1857ad4b,0,0,0,0,0,0,0,0
34,F_PRESERVATION_ABLATED,2,34|F_PRESERVATION_ABLATED|2,resp_081ba9e4c85560ad006aa2f8118d6887d2a471f59b7d02c0c8,3928039d06e1bf94b60d5c863e81055ab73e25cadf625ff22d9a220254e1b873,0,0,0,0,0,0,0,0
34,G_SURFACE_SUBSTITUTED,0,34|G_SURFACE_SUBSTITUTED|0,resp_0fd659c839dc474c006aa2f811a54087d2b6c6498903827286,e3b0c44298fc1c149afbf4c8996fb92427ae41e4649b934ca495991b7852b855,0,0,0,0,0,0,0,0
34,G_SURFACE_SUBSTITUTED,1,34|G_SURFACE_SUBSTITUTED|1,resp_04bde042ee3cfc3a006aa2f812287487d2b411ee9c49a00016,457bbb72f73b5ff79bf30f5312c42a34e888c9e93bc8b1a418e5fca76b56a92a,0,0,0,0,0,0,0,0
34,G_SURFACE_SUBSTITUTED,2,34|G_SURFACE_SUBSTITUTED|2,resp_0d2ac8a799a7dde5006aa2f815604487d2922ff2d549e982d8,5457b53b057966fd2ed6fc5a38a8174cd662de7f8ccbecd76dc30f19961ec72c,0,0,0,0,1,0,0,1
34,H_AUTHENTIC_PERTURBED,0,34|H_AUTHENTIC_PERTURBED|0,resp_0724f4a88eaa6226006aa2f812fe7487d2936522b7885a1bc3,e3b0c44298fc1c149afbf4c8996fb92427ae41e4649b934ca495991b7852b855,0,0,0,0,0,0,0,0
34,H_AUTHENTIC_PERTURBED,1,34|H_AUTHENTIC_PERTURBED|1,resp_0ef46eba75934cce006aa2f813331087d28194f3865886594d,3b21f963f39dbeac9125325c7db728759501aec5ab23291c8e4e263a442214fc,0,0,0,0,0,0,0,0
34,H_AUTHENTIC_PERTURBED,2,34|H_AUTHENTIC_PERTURBED|2,resp_0fbc7d5938c4f21a006aa2f81386c887d2870d054b0c1f764f,08f7099ea489749f945223a928b6fd4ee35b419ec55ba83cae1b5c961f3fbf33,0,0,0,0,0,1,0,1
34,I_SHUFFLED_PERTURBED,0,34|I_SHUFFLED_PERTURBED|0,resp_052d1f0d2dff3cfc006aa2f813b69c87d2a0fa63c0ae904c88,85d003deb40bc5b6676dd5c8223bbd18648fe6e58e053acc6bf094686b9a53c8,1,0,0,0,0,0,0,1
34,I_SHUFFLED_PERTURBED,1,34|I_SHUFFLED_PERTURBED|1,resp_022297c394c3ad1e006aa2f814552c87d29c10118f0e976e5d,bef92d4be7c086691aa47978890e505a44d1cb52c798108e8418efafd31e0344,0,0,0,0,1,0,0,1
34,I_SHUFFLED_PERTURBED,2,34|I_SHUFFLED_PERTURBED|2,resp_0253921fcda8fa9e006aa2f8148f1487d28f1607949ef46c49,e3b0c44298fc1c149afbf4c8996fb92427ae41e4649b934ca495991b7852b855,0,0,0,0,0,0,0,0
34,J_RECURSION_CONTROL,0,34|J_RECURSION_CONTROL|0,resp_01ec4f1abff72584006aa2f814941087d29d4fe24949975620,a232b0e68b38d8c1b8eceac51f7218b759e7be73c1bba384f8d4da67f200a35c,0,0,0,0,0,0,0,0
34,J_RECURSION_CONTROL,1,34|J_RECURSION_CONTROL|1,resp_0efbe2a88c0bb4b6006aa2f814ace487d2a93f995dbc74c23c,a2195b623329514b458bd0f2d4de916ece547dec22e50e0adddd55541d70aeda,0,0,0,0,0,0,0,0
34,J_RECURSION_CONTROL,2,34|J_RECURSION_CONTROL|2,resp_02a814a19d815e59006aa2f81536ac87d2acbf0986c9952249,e3b0c44298fc1c149afbf4c8996fb92427ae41e4649b934ca495991b7852b855,0,0,0,0,0,0,0,0
34,K_COMPLEXITY_CONTROL,0,34|K_COMPLEXITY_CONTROL|0,resp_05ff4cdc95f1c15a006aa2f815993087d2be75a32686c580d9,b267db1e7381c3ccb4d9b5de3aa10b4e07eafd8af276a03f114f4face8b0e4cc,0,0,0,0,0,0,0,0
34,K_COMPLEXITY_CONTROL,1,34|K_COMPLEXITY_CONTROL|1,resp_07d435daf8b311c4006aa2f815e8b087d2a88f545d66d5df24,8467c1bfef9f6ae0c12ce7ced5dddab79fc8523b5de2094501eef005fc38ba9b,0,0,0,0,0,0,0,0
34,K_COMPLEXITY_CONTROL,2,34|K_COMPLEXITY_CONTROL|2,resp_0ec586ac0f59dabf006aa2f8170ea087d2b5e29725dc385a3a,b9f0bac6cf87538caafc02cf70205f93e6238f679a3513b26630dc453586a133,1,0,0,0,1,0,0,2
34,L_COUNTERFACTUAL_PATH,0,34|L_COUNTERFACTUAL_PATH|0,resp_0163c172e05e4ca8006aa2f81728b487d2becf4af6767d7d6a,e3b0c44298fc1c149afbf4c8996fb92427ae41e4649b934ca495991b7852b855,0,0,0,0,0,0,0,0
34,L_COUNTERFACTUAL_PATH,1,34|L_COUNTERFACTUAL_PATH|1,resp_0cd84bbf09fe47fd006aa2f817498c87d28456c4ffb42af1c5,e3b0c44298fc1c149afbf4c8996fb92427ae41e4649b934ca495991b7852b855,0,0,0,0,0,0,0,0
34,L_COUNTERFACTUAL_PATH,2,34|L_COUNTERFACTUAL_PATH|2,resp_01a5efec56b745ca006aa2f817ca2087d2a5efb53f4ab9563b,e3b0c44298fc1c149afbf4c8996fb92427ae41e4649b934ca495991b7852b855,0,0,0,0,0,0,0,0
35,A100_AUTHENTIC_FULL_PREFIX,0,35|A100_AUTHENTIC_FULL_PREFIX|0,resp_081f847248634edb006aa2f8181de887d2a4cb74208a74885e,299e62c5cf204a844b5abbbca5cd00fa7e4f9c6d3a568fc2d7a709ee9a06fee0,0,0,0,0,1,1,0,2
35,A100_AUTHENTIC_FULL_PREFIX,1,35|A100_AUTHENTIC_FULL_PREFIX|1,resp_0e48fae03cadcfa2006aa2f8184ef487d2916359e551a83206,be2780f67995cf9d537716f2a83ee109aae0ecb072966b23930cb572ec6464c5,1,0,0,1,1,0,0,3
35,A100_AUTHENTIC_FULL_PREFIX,2,35|A100_AUTHENTIC_FULL_PREFIX|2,resp_0f3101c86b0bdee5006aa2f81856a487d2b6fc5fd69749d993,7578bb1a1110f9fb7e2a82696007f6c4e729e09bd62975d2e846f59b564b24ef,0,0,0,0,1,0,0,1
35,A25_AUTHENTIC_DOSE,0,35|A25_AUTHENTIC_DOSE|0,resp_0c7e9fb7710ee135006aa2f818b73087d2b1c4091ba2af98ed,394c7e199d27e36af51f5d383728d9b31ddad02f0149c3cf415cb91614b9c8e1,0,0,0,0,1,0,0,1
35,A25_AUTHENTIC_DOSE,1,35|A25_AUTHENTIC_DOSE|1,resp_0ee7fcd676de2518006aa2f818b87087d2b665c6a6f9c170a1,da3d94cad318b8d3c5bed5281adf668a5cd0d7e0f6c783e0685e157f6695d856,0,0,0,0,0,0,0,0
35,A25_AUTHENTIC_DOSE,2,35|A25_AUTHENTIC_DOSE|2,resp_0ab7b4d87be08c29006aa2f819164c87d29a47c493af9c403c,ef603942990fdb7fa8268020d240167bf814ca62335ef507703c5743535b3d0c,0,0,0,0,1,0,0,1
35,A50_AUTHENTIC_DOSE,0,35|A50_AUTHENTIC_DOSE|0,resp_05360fa7edecd096006aa2f8198b5887d2817f02a6f60515ef,c2ece23687c9c1b1d4bd2fe0839ac41cdcad76f42c5f589aa0d7750ac50a636b,0,0,0,1,1,0,0,2
35,A50_AUTHENTIC_DOSE,1,35|A50_AUTHENTIC_DOSE|1,resp_06e671d7f5774f37006aa2f81aaa3c87d282dc22bb99d62399,36f1f9c297442a0ccf5c0840fce2a2bf2848682728416ebb13d51b2491eab080,0,0,0,0,1,1,0,2
35,A50_AUTHENTIC_DOSE,2,35|A50_AUTHENTIC_DOSE|2,resp_0c8a6e600d20d601006aa2f81a61a087d2a9641b950cec2b50,65f98c86fadb7d8882a5665360c90a787246d047a197e27bbf195923b9fa163c,0,0,0,1,0,1,0,2
35,A75_AUTHENTIC_DOSE,0,35|A75_AUTHENTIC_DOSE|0,resp_0cfca3a35ea66baa006aa2f81aaefc87d29679180ecee9024f,0c35d8e174ba7653425f9d8e7c2b0d03e4d143b85ede350cbcbe81f4e0d63fe0,0,0,0,0,1,0,0,1
35,A75_AUTHENTIC_DOSE,1,35|A75_AUTHENTIC_DOSE|1,resp_0ad8ba640b4cb887006aa2f81bdcc887d2bba55eeb3de4f9f1,594476271a71d2e9b8aa311e9613ce0ee968f5d8242e352d0a1c968bb4cdc4bd,0,0,0,0,1,0,0,1
35,A75_AUTHENTIC_DOSE,2,35|A75_AUTHENTIC_DOSE|2,resp_0b4cfeb93c53dbb5006aa2f81bdadc87d2850c4bc56dac3545,04c60dde0661557bd3c22f8e0dc542305c50b9838028bee9936f519fbab8fb40,0,0,0,0,1,1,0,2
35,B_TOPOLOGY_SHUFFLED,0,35|B_TOPOLOGY_SHUFFLED|0,resp_02357988fc75914d006aa2f81c305487d29844e36ce5a54c16,26c7681f5597eaf7c5b0aba3b76d150d934a53423906210486444b8670d463b5,0,0,0,0,1,1,0,2
35,B_TOPOLOGY_SHUFFLED,1,35|B_TOPOLOGY_SHUFFLED|1,resp_0550d2a08b00989d006aa2f81c4e3087d28153b23dcd38f4ab,a2e0cc446285acc82a4df6d90e9102f261754e8848a4f9d033d94d5cdbdd5309,0,0,0,0,0,0,0,0
35,B_TOPOLOGY_SHUFFLED,2,35|B_TOPOLOGY_SHUFFLED|2,resp_09c567487c51aa73006aa2f81c67bc87d2a9d14445d5f4ed59,eeb2db2599f3a937ed7c338d363ab5c74eb34f7bc832d3f469b3a55eda209d78,0,0,0,0,0,1,0,1
35,C_ORDER_SHUFFLED,0,35|C_ORDER_SHUFFLED|0,resp_06cd0913f30556cd006aa2f81cb7d487d2841eb8eac04f50f9,e3b0c44298fc1c149afbf4c8996fb92427ae41e4649b934ca495991b7852b855,0,0,0,0,0,0,0,0
35,C_ORDER_SHUFFLED,1,35|C_ORDER_SHUFFLED|1,resp_0e7d92ec7d1904c7006aa2f81d520087d29228f11df9087470,52a94585d18d424adcee2dda220f1a965cedb6e76f4cb93f83c543bd94a9f476,0,0,0,0,1,0,0,1
35,C_ORDER_SHUFFLED,2,35|C_ORDER_SHUFFLED|2,resp_0af1fc83a3e5dd6d006aa2f81d669487d2bc39d7cad0963d03,b64f342a8f44af4e0770ed879c7e53c8ff437f1cf15b40e39fb73c00926e6ee5,0,0,0,0,1,1,0,2
35,D_DIRECTION_REVERSED,0,35|D_DIRECTION_REVERSED|0,resp_087b61f6c02d53a3006aa2f81d6c1887d29d48cee008596937,04ef1e2967984058a553482a6bdbd70d82867c10dee81dbba5211788a1af8d64,0,0,0,0,0,0,0,0
35,D_DIRECTION_REVERSED,1,35|D_DIRECTION_REVERSED|1,resp_0f3744429198270a006aa2f81dc8f087d2a1fc44d60ade594f,b2d95ccb83c57f50d45beff78fce2b9dacfe930e507e43d4b3b0e3601197829c,0,0,0,0,0,0,0,0
35,D_DIRECTION_REVERSED,2,35|D_DIRECTION_REVERSED|2,resp_087e2fdcc8e1d408006aa2f81f2de887d2a0a2427b4b2f0ffe,0700690a2bcbe0a5e4e8fa431ebea0cfe7d977265a3f24564577a8d16f459240,0,0,0,0,0,0,0,0
35,E_META_CONTROL_ABLATED,0,35|E_META_CONTROL_ABLATED|0,resp_085da84cb54071eb006aa2f81f648c87d2a7c1b2d7cca93a4a,c352f749d82e336586226d826153ecbf37e7baa505af6c56dc8ef8963c85fefe,0,0,0,0,1,0,0,1
35,E_META_CONTROL_ABLATED,1,35|E_META_CONTROL_ABLATED|1,resp_0b2fac3dcff0cae4006aa2f81f6f4087d290234674b8835237,d00db8b807c547b9d731762585c24f61206a34ee09dd2bd2c4d8938b0e8d5722,0,0,0,0,1,0,0,1
35,E_META_CONTROL_ABLATED,2,35|E_META_CONTROL_ABLATED|2,resp_0ae3686ed6023306006aa2f81f91b887d295dc19c5c48d892b,db4f825165fd710de011f55830b5d497044d1c15a826dc01460d7e6778d1f152,0,0,0,0,0,0,0,0
35,F_PRESERVATION_ABLATED,0,35|F_PRESERVATION_ABLATED|0,resp_0f0dae345685d7e6006aa2f81f8d7087d28441f91daabbfe8f,3fe5c7a470cffc4dcd6cdd0b65a8b476bda5e403d4bfe5747ae9ad54842cd815,0,0,0,1,0,0,0,1
35,F_PRESERVATION_ABLATED,1,35|F_PRESERVATION_ABLATED|1,resp_02ce2eb1a1ae656a006aa2f81fa4ac87d2ab3eeb16348144d9,a67544bf0ee7b02bd53a01af2dc78999c0bf25e428ff047a39b2cc8d4c3cea22,0,0,0,0,0,0,0,0
35,F_PRESERVATION_ABLATED,2,35|F_PRESERVATION_ABLATED|2,resp_0b567c328c1421f9006aa2f81ff4a087d2aef6548e4d4c3247,cbc5023c4460bc66b13e4fa1d5febfa82dc33b2f4cbee9dc6699f79ad5dc2324,1,0,0,0,1,0,0,2
35,G_SURFACE_SUBSTITUTED,0,35|G_SURFACE_SUBSTITUTED|0,resp_04cbb06d9f28c6ff006aa2f8207d9887d2b7a52eacb855437d,3c6adc70a4575bde59acdf7f0509eec9de44379df79a5258761525a1fe9f8ffc,0,0,0,0,1,0,0,1
35,G_SURFACE_SUBSTITUTED,1,35|G_SURFACE_SUBSTITUTED|1,resp_04148613273a7870006aa2f820f92087d2bd899f5332e4b4a5,c3509b290646f8a3bd118c610820c5a236bca05923753e039bfe196b008d5563,0,0,1,1,1,0,0,3
35,G_SURFACE_SUBSTITUTED,2,35|G_SURFACE_SUBSTITUTED|2,resp_00b0cf28a03e28e3006aa2f8215cd887d283a935e7d0a16c03,8848eeb6e8a815f0f79491e38f250d74b9a987a0cbd2e6af11adffc61ff5bcba,0,0,0,0,1,0,0,1
35,H_AUTHENTIC_PERTURBED,0,35|H_AUTHENTIC_PERTURBED|0,resp_0b33d052210b3ea9006aa2f8210f3487d2a0e76398ce5ed4ef,e3b0c44298fc1c149afbf4c8996fb92427ae41e4649b934ca495991b7852b855,0,0,0,0,0,0,0,0
35,H_AUTHENTIC_PERTURBED,1,35|H_AUTHENTIC_PERTURBED|1,resp_08af0c4475889560006aa2f8224b1c87d2b367120f8fc23340,e3b0c44298fc1c149afbf4c8996fb92427ae41e4649b934ca495991b7852b855,0,0,0,0,0,0,0,0
35,H_AUTHENTIC_PERTURBED,2,35|H_AUTHENTIC_PERTURBED|2,resp_0b31f23a3af0ee3f006aa2f8228b1c87d28d8c5adb6d0c67a5,f736d0727460d890b992a8203a9b05dbc6716def199b4bc8e11d9198e007daf6,0,0,0,0,0,0,0,0
35,I_SHUFFLED_PERTURBED,0,35|I_SHUFFLED_PERTURBED|0,resp_03431d6a4a07b172006aa2f822972487d297f49f2d21811883,c59094eec118977044b3f95970862bed9f97a9e666ae835ac87637fde38f35fa,1,0,0,0,0,0,0,1
35,I_SHUFFLED_PERTURBED,1,35|I_SHUFFLED_PERTURBED|1,resp_0741458ad3b7fc4a006aa2f8230cb087d2b5107450902c58e7,07b6b413ef75bf8694959e25f65a78688ba8515becf4f684f3bcc63133a41f4e,0,0,0,0,0,0,0,0
35,I_SHUFFLED_PERTURBED,2,35|I_SHUFFLED_PERTURBED|2,resp_0a7e036ce3d2926f006aa2f823328487d2bb99f26d052366ce,768f3f78dadca08aeb71758a349baffbb964f696ac9cbd0b941142af0c734648,0,0,0,0,0,0,0,0
35,J_RECURSION_CONTROL,0,35|J_RECURSION_CONTROL|0,resp_05f8eef33552d5e7006aa2f8235ef487d2af1aa12650d9b086,e3b0c44298fc1c149afbf4c8996fb92427ae41e4649b934ca495991b7852b855,0,0,0,0,0,0,0,0
35,J_RECURSION_CONTROL,1,35|J_RECURSION_CONTROL|1,resp_08a0c63e69f773c3006aa2f82385cc87d281ebb9ced6d3981c,f647424cd1c3508ba58d45e95de4f89e9ffb4c964132be83025bf0cf61494fa5,0,0,0,0,0,0,0,0
35,J_RECURSION_CONTROL,2,35|J_RECURSION_CONTROL|2,resp_0ccd2ffcec6fc743006aa2f82477c087d2a459e4e6a4e77b37,6e5a09bc4b394b7ac885c66d1b7cea73783f0611f1429ee3a38f4a52301927c4,0,0,0,0,0,0,0,0
35,K_COMPLEXITY_CONTROL,0,35|K_COMPLEXITY_CONTROL|0,resp_08cc632271931069006aa2f82433b087d2abcbe50956149c69,61143361acb11df0722d9d0666fcc20487da126167080ab927447c64b5775980,0,0,0,0,0,0,0,0
35,K_COMPLEXITY_CONTROL,1,35|K_COMPLEXITY_CONTROL|1,resp_02f1892e9e439051006aa2f824307c87d29f4c713028bd5dc6,25fdec1a495ff631d608f7b17e2a7c62a7f4acb20533cba0989f45ffa00032b2,0,0,0,0,1,0,0,1
35,K_COMPLEXITY_CONTROL,2,35|K_COMPLEXITY_CONTROL|2,resp_06f2b9ec73f967b8006aa2f824ff7c87d2b6ebb9462c737626,c7cfe226b812d8b062459b79e34b1d6b2b05bc08ca1c6eb4cd043cf0411f6a59,0,0,0,0,1,0,0,1
35,L_COUNTERFACTUAL_PATH,0,35|L_COUNTERFACTUAL_PATH|0,resp_01c1e173143e9080006aa2f825a65c87d28d7b636c4d287c9f,f9ad60f9c2a7154454ce21e0a2b8130ad2ba0cad3a1e598129ba3f3b1b726d97,0,0,0,1,1,1,0,3
35,L_COUNTERFACTUAL_PATH,1,35|L_COUNTERFACTUAL_PATH|1,resp_009c3d124c351528006aa2f825d4f887d2811de54348357e4d,8379ac64502b707cf27721da01e7a0a5d26c2b7b95800cc24c9601e2bca7e630,0,0,0,0,0,0,0,0
35,L_COUNTERFACTUAL_PATH,2,35|L_COUNTERFACTUAL_PATH|2,resp_01c953ab5fdfe35b006aa2f825f44087d2bbd56583010f71b3,4056491c918815d4c94943e753b8235c9a01e5423fd9102ba0f77e41c0d6663a,0,0,0,0,1,0,0,1
36,A100_AUTHENTIC_FULL_PREFIX,0,36|A100_AUTHENTIC_FULL_PREFIX|0,resp_0ebbf9a22e7cd50b006aa2f82669bc87d2a4be49c1c508f80c,92f0a8d2b284ab5dbebc0459b0e480cca7aa87322a5c6968320cb1880661ba8f,0,0,0,0,1,0,0,1
36,A100_AUTHENTIC_FULL_PREFIX,1,36|A100_AUTHENTIC_FULL_PREFIX|1,resp_06cc37ca24a4b392006aa2f826770087d2a7974a96083526f9,151944adc00f0d034f01efeea809b2198b4c135c8153195c6bf9f3fa4fec6ed5,0,0,0,0,1,0,0,1
36,A100_AUTHENTIC_FULL_PREFIX,2,36|A100_AUTHENTIC_FULL_PREFIX|2,resp_03d0b831c0312ea9006aa2f82689b887d2a1255d78f345fa89,bc9f66d3d7b86400272bff1dcb0d6ec14c6925906d67a841fe41b9147d27df5e,0,1,0,0,0,0,0,1
36,A25_AUTHENTIC_DOSE,0,36|A25_AUTHENTIC_DOSE|0,resp_0962faf9d5a2eb77006aa2f8271e1c87d28801859418b32a4b,e9826d9ee773e2ddffe79db75081bdb8b6fedf86e5c3d1877d28400c42254ad6,0,0,0,0,1,0,0,1
36,A25_AUTHENTIC_DOSE,1,36|A25_AUTHENTIC_DOSE|1,resp_01f51a796bc5a8e3006aa2f82772b887d2bc90b84584c3a16c,0152c5560a6df122039bc26fba7d02d5740c84104829c1e2fa1713117b49146e,0,0,0,1,1,0,0,2
36,A25_AUTHENTIC_DOSE,2,36|A25_AUTHENTIC_DOSE|2,resp_063c652ee6222cc6006aa2f8280ec087d29131db07e4a52bc0,23b12aba3e7d50779e7cb4284d5159d0a29b35e9edc512076dea5cfdfb2be53b,0,0,0,0,1,0,0,1
36,A50_AUTHENTIC_DOSE,0,36|A50_AUTHENTIC_DOSE|0,resp_0e28ce80af84ea3e006aa2f8281b0887d28b43055719b90314,2eb7550123522893d94ca45d1a564bc668f5740442e59c12e7a3b739661676b3,0,0,0,0,0,1,0,1
36,A50_AUTHENTIC_DOSE,1,36|A50_AUTHENTIC_DOSE|1,resp_095f6ab142c31b4e006aa2f828a9b887d283fb70589591ff7f,25affad3e2a0b81bafa665ea1adec0614a703337b1f0b24c1d5e468cf8b40da4,0,0,0,0,1,0,0,1
36,A50_AUTHENTIC_DOSE,2,36|A50_AUTHENTIC_DOSE|2,resp_08a752d6511e79c4006aa2f82920b487d29c82889fccc239ff,613c53ff809fe64fbd4c4eaf5caed7d9f3c4e12d8ab337d301e798ac6b575a0c,0,0,0,0,1,0,0,1
36,A75_AUTHENTIC_DOSE,0,36|A75_AUTHENTIC_DOSE|0,resp_09da0ae36f70e106006aa2f829885c87d2b080f8d8d37b3c4b,bd5304d842eee63b4c64333377a3597ba3d347e36cc94bce9bac9fe4bfac75bf,0,0,0,0,0,0,0,0
36,A75_AUTHENTIC_DOSE,1,36|A75_AUTHENTIC_DOSE|1,resp_08caa93e875296d7006aa2f829e16c87d288584796fa17494e,a57514580c017d3c8a4d88cd289b458b4680f901934963a3c6bee5be6d46ce15,0,0,0,0,1,1,0,2
36,A75_AUTHENTIC_DOSE,2,36|A75_AUTHENTIC_DOSE|2,resp_09e28e80a4fa55a8006aa2f82a2fe487d2bc746ce9ba9ab1d2,e966d94e5407af30a640291bc74b7306f2468823065c080b61e5c9fff64ef8b4,0,0,0,0,1,1,0,2
36,B_TOPOLOGY_SHUFFLED,0,36|B_TOPOLOGY_SHUFFLED|0,resp_08f9899a5f7685fe006aa2f82a23b487d2bde204fa9e03915a,bc825625c3e2a14858f62c09d288465835bae19b6f99f257d9c61e5021008582,0,0,0,0,0,0,0,0
36,B_TOPOLOGY_SHUFFLED,1,36|B_TOPOLOGY_SHUFFLED|1,resp_04b9036fbf84d98c006aa2f82a57b487d2b4fa5aa3cd4476ec,c29acda1ebe125211038e7b97762ba3d7f32642f6b2a3c520a46ea6e8539b9c2,0,0,0,0,1,0,0,1
36,B_TOPOLOGY_SHUFFLED,2,36|B_TOPOLOGY_SHUFFLED|2,resp_0dc92f001b73e9fa006aa2f82af99887d28300ebbb501bbecb,b9fef67bb68755afee90c0b68604c525305841aec61129562fba7c97cd0dc62b,0,0,0,0,0,0,0,0
36,C_ORDER_SHUFFLED,0,36|C_ORDER_SHUFFLED|0,resp_0dcf56da95cb2f19006aa2f82b2edc87d29df13b5a2d3bb83f,131e79232e27e83ae50fcf9b242ee02a7efde36efd8a2216f72bc8eb48a055f4,0,0,0,0,1,0,0,1
36,C_ORDER_SHUFFLED,1,36|C_ORDER_SHUFFLED|1,resp_09073f706f3bb679006aa2f82b780c87d284fe6dbfd1a5f714,d0c1dd40d2156f40d2978981b3c7a67a20f24573113eb8b81e1b6d494ede4427,0,0,0,0,1,1,0,2
36,C_ORDER_SHUFFLED,2,36|C_ORDER_SHUFFLED|2,resp_0bc38f40dcb8de38006aa2f82bb80087d29cd17ee2c7368bcd,0faf9c7340d84e515731270214d319e54c4a013341963db713123253f058c13a,0,0,0,0,1,0,0,1
36,D_DIRECTION_REVERSED,0,36|D_DIRECTION_REVERSED|0,resp_02e64e8ce9327196006aa2f82bbda887d29a1876c99dc99c61,3a65b09f79c80bd49ba592c4c64d2f3cda7e0d381c55212a9b51da4be6bc0701,0,0,0,0,1,0,0,1
36,D_DIRECTION_REVERSED,1,36|D_DIRECTION_REVERSED|1,resp_0135d5291dba6003006aa2f82c53bc87d2aa9a41091f2f6caa,e0373fdc3fed430e3f7e815b48fbbf73817bf922e13e07f088709bb8e38c8e34,0,0,0,0,1,0,0,1
36,D_DIRECTION_REVERSED,2,36|D_DIRECTION_REVERSED|2,resp_01cab33ea4155471006aa2f82d050c87d28e501074fbd54f94,7f34f831fc9418ce0964e8ccd3e81de7351f765a39b405c134049310a90334a7,0,0,0,0,0,0,0,0
36,E_META_CONTROL_ABLATED,0,36|E_META_CONTROL_ABLATED|0,resp_00f66fc61cc9c5b5006aa2f82d48d087d28742e2d903768cc5,89fcacafc41fa615a278cfdf4da5bb051d4794d522c8e51a4d8aba394533d479,0,0,0,0,1,0,0,1
36,E_META_CONTROL_ABLATED,1,36|E_META_CONTROL_ABLATED|1,resp_0b043cc69b241d4a006aa2f82d8dcc87d2aac304c41e6177ce,2099c6b154de3c52b6436fe206957f06f8b551eb66a3df523b2231eea8cf6255,0,0,1,0,1,0,0,2
36,E_META_CONTROL_ABLATED,2,36|E_META_CONTROL_ABLATED|2,resp_06b58b5a552cc861006aa2f82d98d087d2bc9c281b2fa6f61e,050ef59438d5f4188006e69373177fb3df24f5938c37476e605e8d37038c928f,0,0,0,0,0,0,0,0
36,F_PRESERVATION_ABLATED,0,36|F_PRESERVATION_ABLATED|0,resp_03c7aac11d110720006aa2f82dea2c87d2ad7251486027b888,aff68ba62599222b4a292a5669d9cf72ba6bebe8633aec7141a8d23bf470ce90,0,0,0,0,0,0,0,0
36,F_PRESERVATION_ABLATED,1,36|F_PRESERVATION_ABLATED|1,resp_06364195df5d18d1006aa2f82e1b2087d2b91f35453a458f9f,d95de94c38a01af7952cf378037dcc8f3b6e1b448a85d0d2880c057a13a1c5fb,0,0,1,1,1,0,0,3
36,F_PRESERVATION_ABLATED,2,36|F_PRESERVATION_ABLATED|2,resp_055e54cbffa0091e006aa2f82e1fd887d293c255689ecf9c5e,daaaf02b17ed93f33458748ef8f808a7afd3a51983404ce04252bbd1d59d174c,0,0,0,0,1,1,0,2
36,G_SURFACE_SUBSTITUTED,0,36|G_SURFACE_SUBSTITUTED|0,resp_0bc693849767cdb3006aa2f82e6b6887d283c89539dab951c4,21dd6a7278e0de9a73e2f62b9d429386ac7918e8cc34ae637c7574c07e9e51ae,0,0,1,0,1,0,0,2
36,G_SURFACE_SUBSTITUTED,1,36|G_SURFACE_SUBSTITUTED|1,resp_0788a223abbd038e006aa2f82ecda887d28c51e46edfdc56b0,6e5bf6a5d596ee8721094b0beb6cb130eecafc94ed4ba553a75a785c29105daf,0,0,0,0,1,0,0,1
36,G_SURFACE_SUBSTITUTED,2,36|G_SURFACE_SUBSTITUTED|2,resp_0bda04508132dddd006aa2f82f11ec87d29b39307ce76e4ed5,eca39983b798ea0d5dc15630dd907290c8d3c3031ae7dfbfeb71dd1046a94985,0,0,0,0,1,0,0,1
36,H_AUTHENTIC_PERTURBED,0,36|H_AUTHENTIC_PERTURBED|0,resp_02553bcccc25b20b006aa2f82f519087d2ad666e438a0499c9,e3b0c44298fc1c149afbf4c8996fb92427ae41e4649b934ca495991b7852b855,0,0,0,0,0,0,0,0
36,H_AUTHENTIC_PERTURBED,1,36|H_AUTHENTIC_PERTURBED|1,resp_0ad6eb4e5013b8d5006aa2f8301a0487d298d9eb06a81d839d,8932a1caaeb60c6f1f23088a407ae86f4614da68693d2ae6854d9810e4b26752,0,0,0,0,0,0,0,0
36,H_AUTHENTIC_PERTURBED,2,36|H_AUTHENTIC_PERTURBED|2,resp_00a7818bdaa6882e006aa2f830613487d28a6d5498b85cd6c1,e3b0c44298fc1c149afbf4c8996fb92427ae41e4649b934ca495991b7852b855,0,0,0,0,0,0,0,0
36,I_SHUFFLED_PERTURBED,0,36|I_SHUFFLED_PERTURBED|0,resp_0f8a98bbedac4248006aa2f831476c87d288733771e22f1dc4,e3b0c44298fc1c149afbf4c8996fb92427ae41e4649b934ca495991b7852b855,0,0,0,0,0,0,0,0
36,I_SHUFFLED_PERTURBED,1,36|I_SHUFFLED_PERTURBED|1,resp_0fa7f5e9d5141e16006aa2f8318e3c87d2b4eb9b5f26119bce,7c92365c61b953196f226468fd7aaaf26fc23feefa1e09ea4d419cabe53d2a56,0,0,0,0,0,0,0,0
36,I_SHUFFLED_PERTURBED,2,36|I_SHUFFLED_PERTURBED|2,resp_07a8ce3e64dbaaab006aa2f8319cbc87d2a530c64ca3624430,e3b0c44298fc1c149afbf4c8996fb92427ae41e4649b934ca495991b7852b855,0,0,0,0,0,0,0,0
36,J_RECURSION_CONTROL,0,36|J_RECURSION_CONTROL|0,resp_05b96efcab8577e0006aa2f831dd5887d284369614f962166b,466ab0eccfff4456b2c5621073ffae42d7ee5720540194abdea3b5e03951358e,0,0,0,0,0,0,0,0
36,J_RECURSION_CONTROL,1,36|J_RECURSION_CONTROL|1,resp_05ae5601d16e9a81006aa2f832516c87d295053338b8676ef8,a7768d2197ffd8965f2dc2361e11904d5dcbaa910c1c8f1914a8fde734030866,0,0,0,0,0,0,0,0
36,J_RECURSION_CONTROL,2,36|J_RECURSION_CONTROL|2,resp_0e275a311c4676fd006aa2f83279e487d29fb64d94ee227e85,f4fb8031bec311ca5d2cd8dea509a23899c7207cc358dc3123eb18d71d3a9975,0,0,0,0,1,0,0,1
36,K_COMPLEXITY_CONTROL,0,36|K_COMPLEXITY_CONTROL|0,resp_03c9e5bb94a52406006aa2f832a81487d2a56c24cd2ce3cd92,a24c70f89307e7d9e1bde1768aa83d3121e5d22f818026e30f9a472743673cf7,0,0,0,1,0,0,0,1
36,K_COMPLEXITY_CONTROL,1,36|K_COMPLEXITY_CONTROL|1,resp_0ded9f1c4894070e006aa2f832b95087d2bcd084e27e152e67,85508a86cb10a21b580ded3b124b9c7579846780b8259682ea9ae6e53038ca50,0,0,0,0,0,0,0,0
36,K_COMPLEXITY_CONTROL,2,36|K_COMPLEXITY_CONTROL|2,resp_0b51a96f78f32219006aa2f8337b7c87d2bfb5e27f86e9ac41,f30b9c550bfa8d999b615688355f150051f0a08fea55709c6550f991cd56edc3,0,0,0,0,1,0,0,1
36,L_COUNTERFACTUAL_PATH,0,36|L_COUNTERFACTUAL_PATH|0,resp_0c9d8e6c23e22d2c006aa2f833880487d2855bca94ae8f6f57,00011eeaf0bb6cd53c65b690b8aa0b46874649229b5c75dd155ab71c612ed30e,0,0,0,0,1,0,0,1
36,L_COUNTERFACTUAL_PATH,1,36|L_COUNTERFACTUAL_PATH|1,resp_0ee1a49a062355f6006aa2f833e9fc87d2a8fbdb55671b15d3,09f584e748e2973ecb597c340fc9850b5e523398899ecca4d2cca5077e63efd9,0,0,0,0,1,0,0,1
36,L_COUNTERFACTUAL_PATH,2,36|L_COUNTERFACTUAL_PATH|2,resp_0ac2cbc389c2ffe8006aa2f834151487d2a6536e0d2242bd03,efbcef94e212838fad0b464a887b0c65fcd3a6566780b860b75ae81992d9a8d3,0,0,0,0,1,0,0,1
37,A100_AUTHENTIC_FULL_PREFIX,0,37|A100_AUTHENTIC_FULL_PREFIX|0,resp_008b49b5e169c354006aa2f834be6c87d2a555f175aee1ccb8,6ca692ce60624044e0a5001045dc1d7735b4e603f3e2a8ac8ce371e19b6eeb95,0,0,0,0,1,0,0,1
37,A100_AUTHENTIC_FULL_PREFIX,1,37|A100_AUTHENTIC_FULL_PREFIX|1,resp_0abce981f3bf8ebc006aa2f8355b2c87d28a4e2434b173674a,a1cc1f9d008b64b890a2ea08b58f7ebeb068336e627a7935211e9ea04162454a,0,0,0,0,1,0,0,1
37,A100_AUTHENTIC_FULL_PREFIX,2,37|A100_AUTHENTIC_FULL_PREFIX|2,resp_0ec125a3d57f3b3a006aa2f835672c87d29863babc128fb095,b37b05689c3df0418a4443ead334bc819b252f9dee23d1d81f465e2f9916bbcd,0,0,0,0,0,0,0,0
37,A25_AUTHENTIC_DOSE,0,37|A25_AUTHENTIC_DOSE|0,resp_080ab08b0795ad8a006aa2f835b0a087d286c41c84176fc1ca,033f64b0c22c0589dfabd9cb5d80c83bf2e9e824d80b234b00843489f67739d3,0,0,0,0,0,0,0,0
37,A25_AUTHENTIC_DOSE,1,37|A25_AUTHENTIC_DOSE|1,resp_01f4d7c5c2a42191006aa2f835f76487d2b7644f40b594dcc7,5bef7456eb63d7bd3987d55bdbc9fdf8d087ff2c9992fcc0b1ff26093df9e3cb,0,0,0,0,0,0,0,0
37,A25_AUTHENTIC_DOSE,2,37|A25_AUTHENTIC_DOSE|2,resp_093ac3b170c3090a006aa2f835edd487d2a794a2483ab2c671,b7df190d7787d33481a1e636e5e62faf66dad2501a3682221523367f64e11512,0,0,0,0,0,0,0,0
37,A50_AUTHENTIC_DOSE,0,37|A50_AUTHENTIC_DOSE|0,resp_0d1f846910fcb09b006aa2f83612cc87d2b205aa9e10db3d40,949b47ecd291332c7f7d1f46742d3f7608bf3d257162e806bd9303c6007f9805,0,0,0,0,0,0,0,0
37,A50_AUTHENTIC_DOSE,1,37|A50_AUTHENTIC_DOSE|1,resp_08b35ec73e05b872006aa2f8362c5887d28c42736e881bab2f,38fc80c6a6d58c844421f7994eb9a9c4c6d0916eedf0455673b0518770a783e5,0,0,0,0,1,0,0,1
37,A50_AUTHENTIC_DOSE,2,37|A50_AUTHENTIC_DOSE|2,resp_05ba1cdca1a57373006aa2f836d8c087d2b1ef431cc78d0f4a,c86029b2580f0f48a316b469880895feaf028b4ab09d09947e0b54c520728a53,0,0,0,0,0,0,0,0
37,A75_AUTHENTIC_DOSE,0,37|A75_AUTHENTIC_DOSE|0,resp_004997966ef70825006aa2f836d53087d2958109a0794f5766,a00ab859600a3164edf3c1490b4f2213359d3a6d58f5c8a1b19e9c21b33db003,0,0,0,0,0,0,0,0
37,A75_AUTHENTIC_DOSE,1,37|A75_AUTHENTIC_DOSE|1,resp_090d4e18d72ddcc6006aa2f83757d487d2a53eb98aa4ccdf16,fd704e54dfd783c0de6288f3b4f8d71cc4ac280b4a0a6f306190818d313735b9,1,0,0,0,0,0,0,1
37,A75_AUTHENTIC_DOSE,2,37|A75_AUTHENTIC_DOSE|2,resp_04f3edaa8fe0b0e6006aa2f83793ec87d2b66c1c31cbae15c9,d6b658081cd184e124a8a60c99acd6e2914049a6a70a812bdab2c995e62ff8ff,0,0,0,0,0,0,0,0
37,B_TOPOLOGY_SHUFFLED,0,37|B_TOPOLOGY_SHUFFLED|0,resp_0bd0dd8402f8f52b006aa2f837f22487d2b5a4a64ab579c585,198ffa9d1519d0c8d5471ad9540c20958d0a133eba17a6d8edfcd15ef009128a,0,0,0,0,1,0,0,1
37,B_TOPOLOGY_SHUFFLED,1,37|B_TOPOLOGY_SHUFFLED|1,resp_0affd84437b28cb4006aa2f8386e7887d2ad8f36393d682dbc,46cbd22d0e42bc6ba7980085f4c11e69e6b4986bfe2b965f4add9a7bcfc0c178,0,0,0,0,0,0,0,0
37,B_TOPOLOGY_SHUFFLED,2,37|B_TOPOLOGY_SHUFFLED|2,resp_057925e30c2cc4f6006aa2f838b49087d2b5f99ee3320f37d2,d6614ca0a6b46bd086ee7b574bbf851b3c6164e92cf7793b75da8c4efa236e1c,0,0,0,0,0,1,0,1
37,C_ORDER_SHUFFLED,0,37|C_ORDER_SHUFFLED|0,resp_02a642e1e8ac4f5f006aa2f839455487d28d4943ec965507ef,e3b0c44298fc1c149afbf4c8996fb92427ae41e4649b934ca495991b7852b855,0,0,0,0,0,0,0,0
37,C_ORDER_SHUFFLED,1,37|C_ORDER_SHUFFLED|1,resp_070f67909e9d6cdb006aa2f8390f6c87d28fee4dbe0dd667df,e3b0c44298fc1c149afbf4c8996fb92427ae41e4649b934ca495991b7852b855,0,0,0,0,0,0,0,0
37,C_ORDER_SHUFFLED,2,37|C_ORDER_SHUFFLED|2,resp_0425d1fa4f3dd1b0006aa2f839a25c87d2bbf8c3d1bd15418b,e3b0c44298fc1c149afbf4c8996fb92427ae41e4649b934ca495991b7852b855,0,0,0,0,0,0,0,0
37,D_DIRECTION_REVERSED,0,37|D_DIRECTION_REVERSED|0,resp_0ece0c79074bdfdb006aa2f839dc2087d2a73492964d9a4f2d,e04096c6e46e131b90c9fbf39ec4c7e6e6d840775a8d0f3cbe9a709d4ae00325,0,0,0,0,0,0,0,0
37,D_DIRECTION_REVERSED,1,37|D_DIRECTION_REVERSED|1,resp_06d05d4ca826356d006aa2f839e94887d29feeecea0ed6b285,4cc68c2d0f6d1a5f4ae1265ebbbabb2e46bf0bc89bd7c4870a2ee96f43a4ed77,0,0,0,0,1,0,0,1
37,D_DIRECTION_REVERSED,2,37|D_DIRECTION_REVERSED|2,resp_08fa4c15c8e43d5a006aa2f83a011087d29bdc296f0a20f3b5,0f6a847f332c43594e35272b97e0b1c09851eb2d953ed593ff59bcf664242d70,0,0,0,0,1,0,0,1
37,E_META_CONTROL_ABLATED,0,37|E_META_CONTROL_ABLATED|0,resp_04fbe8d16c9196b5006aa2f83a8cdc87d28d48a3f71b8f5e74,92677f792aa2f14050c179663f2d33d40f31a476d1fbb32591343f5f9d450c9c,0,0,0,0,1,0,0,1
37,E_META_CONTROL_ABLATED,1,37|E_META_CONTROL_ABLATED|1,resp_030e87f214234f10006aa2f83aba0c87d2916ab92409577936,830a491b365b53569e911c22e45cef69b295f1a500bf866db7b61b609b9ad15c,0,0,0,0,1,0,0,1
37,E_META_CONTROL_ABLATED,2,37|E_META_CONTROL_ABLATED|2,resp_0011edca1de6b5c3006aa2f83ae31087d2aa32cc6d0605185b,fbe1b7d429c7aadbc43aa5fcff295d59a125dd61d4cfc6856406e9f1bc30ff37,0,0,0,0,0,0,0,0
37,F_PRESERVATION_ABLATED,0,37|F_PRESERVATION_ABLATED|0,resp_08c53815b05dc52f006aa2f83b8dd887d29531c6e200902d32,4d42124ea33cf82f42e028c36b1bbb92301495066ad9b49f992111460a6449cc,0,0,0,0,0,0,0,0
37,F_PRESERVATION_ABLATED,1,37|F_PRESERVATION_ABLATED|1,resp_0a67bdb57dafa348006aa2f83bb70887d2b97000f7571cf415,326450d9da28c1865ac2a401198936cd7be66149a79c83fc9f1f2cb178d14452,0,0,0,0,0,0,0,0
37,F_PRESERVATION_ABLATED,2,37|F_PRESERVATION_ABLATED|2,resp_0e44380fd731a9d5006aa2f83c1b0c87d2bca36ad6a6b71615,56210fa784569c079ea8096d236282a59a680e352461130c4c258de89aebaa9c,0,0,0,0,0,0,0,0
37,G_SURFACE_SUBSTITUTED,0,37|G_SURFACE_SUBSTITUTED|0,resp_0fdefee011392c7e006aa2f83ce01087d2b4393304af501a5e,deb9f189d461c8c4be4a080e441b3700a3554131fbc2910725d7ca5847f5df58,0,0,0,0,1,0,0,1
37,G_SURFACE_SUBSTITUTED,1,37|G_SURFACE_SUBSTITUTED|1,resp_0034ff4da3ba8a62006aa2f83d0dc487d290d01c6726e00e7e,4219b4c9ad4e9edce2358e4e56a99fb83e663bbe870d76cc1c4348ab9e683bd3,0,0,0,0,1,0,0,1
37,G_SURFACE_SUBSTITUTED,2,37|G_SURFACE_SUBSTITUTED|2,resp_0ddef71aeb542def006aa2f83d6f2887d2953cbe9853841a17,05785bf8666fc7c4ab9f4dd6cf269c900d5c60e630409d8dc6c49a3ad17310e4,0,0,0,0,0,0,0,0
37,H_AUTHENTIC_PERTURBED,0,37|H_AUTHENTIC_PERTURBED|0,resp_003cd70e69ce163d006aa2f83d68f087d2bbafb979b8c5184d,bc9418647a6f4a3c8792d15670d9b59814141b8843d5b4667c96d567297db424,0,0,0,0,0,0,0,0
37,H_AUTHENTIC_PERTURBED,1,37|H_AUTHENTIC_PERTURBED|1,resp_02096b60b8d453cb006aa2f83e063887d2b585ea1ae0b51748,34d30409160120c3fa0198fdc4cabf7b85415af9ff15156fbaf94648c258db84,0,0,0,0,0,0,0,0
37,H_AUTHENTIC_PERTURBED,2,37|H_AUTHENTIC_PERTURBED|2,resp_0d15f543ad932339006aa2f83e408c87d299c5cc338ff989d6,c3cac688c3354f220dd698fe8f3ac34210bbb05fcd3afa1f89b4621294bd302e,0,0,0,0,0,0,0,0
37,I_SHUFFLED_PERTURBED,0,37|I_SHUFFLED_PERTURBED|0,resp_033351afe134c7a4006aa2f83e211087d2b832f94496c8ba37,e3b0c44298fc1c149afbf4c8996fb92427ae41e4649b934ca495991b7852b855,0,0,0,0,0,0,0,0
37,I_SHUFFLED_PERTURBED,1,37|I_SHUFFLED_PERTURBED|1,resp_0b5db36b8d2a882c006aa2f83ef4a887d2991730c59ca11a9b,876483fce236e65e1a2e6e84638ac4bcff397abfa964bf3dc1634ae4d774eef4,0,0,0,0,0,0,0,0
37,I_SHUFFLED_PERTURBED,2,37|I_SHUFFLED_PERTURBED|2,resp_01517d472c458740006aa2f83f7f2087d283806a175fb06470,e3b0c44298fc1c149afbf4c8996fb92427ae41e4649b934ca495991b7852b855,0,0,0,0,0,0,0,0
37,J_RECURSION_CONTROL,0,37|J_RECURSION_CONTROL|0,resp_029396cdace25d08006aa2f83fc75487d2a34caddea932cba2,3ad095721ab23371625c13816bb586acedce986e8b577ac6ba9a27be6a63dc62,0,0,0,0,0,0,0,0
37,J_RECURSION_CONTROL,1,37|J_RECURSION_CONTROL|1,resp_083b4e0a366816de006aa2f8401c3487d29897c6cd88694f4a,6e47a4852c77c15c41b29b18fa466386ab2e01c3c7d86583dd1a442cfeee4003,1,0,0,0,1,0,0,2
37,J_RECURSION_CONTROL,2,37|J_RECURSION_CONTROL|2,resp_044a1b6ebd21e563006aa2f8405edc87d29508d3357c79b272,664b8147d82f9814bdf868124fc77b141eac371ff3dbad4abd328804b5f57d3f,1,0,0,0,0,0,0,1
37,K_COMPLEXITY_CONTROL,0,37|K_COMPLEXITY_CONTROL|0,resp_0d68e23eff2f70ac006aa2f8412bf487d2bf8a36b9efa3cf78,c9c1ab89548003500a9f4b6386a6f18e430a0579d2cbcf2c7c65cf51e5dc1291,0,0,0,0,1,0,0,1
37,K_COMPLEXITY_CONTROL,1,37|K_COMPLEXITY_CONTROL|1,resp_0a4b0e1a925e57ac006aa2f841154c87d2b223bcfbf8d0d2fc,257fdd39f18856abb518c8369991c53b9fc2adc5c495fa8b2f3761504b1c8fb8,0,0,0,0,0,0,0,0
37,K_COMPLEXITY_CONTROL,2,37|K_COMPLEXITY_CONTROL|2,resp_0a205ccf09e96f58006aa2f8419fa887d28525887ec3a7e5dd,673bf7a8d8ffbdb5513037a4186014543c20584a790f941ae0a3070807eb2430,0,0,0,0,1,0,0,1
37,L_COUNTERFACTUAL_PATH,0,37|L_COUNTERFACTUAL_PATH|0,resp_0480e704c44beaac006aa2f841a53c87d2b2d448e512f5ffe0,05d5687680e943e91813264e4c365b7a9b56a12cb5b0814a233a33857f2c8fcf,0,0,0,0,1,1,0,2
37,L_COUNTERFACTUAL_PATH,1,37|L_COUNTERFACTUAL_PATH|1,resp_062079a21ad8cb54006aa2f841cce087d2b537a7109958df41,5ffdd11067df796e6a56323e03d6a77bf4fd5ab09b273af03a7df7b339fc2a97,0,0,0,0,1,0,0,1
37,L_COUNTERFACTUAL_PATH,2,37|L_COUNTERFACTUAL_PATH|2,resp_07f5c82d256e8c7d006aa2f84351ac87d2a0a1fa02ff0a5eb5,29e49b0aee2366beeea083d63f10cf3bc282d2d4942d429a1fd152736a186e0e,0,0,0,0,1,0,0,1
38,A100_AUTHENTIC_FULL_PREFIX,0,38|A100_AUTHENTIC_FULL_PREFIX|0,resp_0721f024bf50522d006aa2f843422487d28e47d67c67942d1b,01f49fd1196c8f7dbe474d45dc203f8194c2c37ebdbe0be5ebc475e10e1d0175,1,0,0,0,1,0,1,3
38,A100_AUTHENTIC_FULL_PREFIX,1,38|A100_AUTHENTIC_FULL_PREFIX|1,resp_04c846adb9a8d6d9006aa2f843921c87d28b82a07de33fc4d3,f63f94df424bc372d5b95c7d438cd0c80a17fc3b6e5631f8a20b3e0f326c679f,0,1,0,0,1,0,0,2
38,A100_AUTHENTIC_FULL_PREFIX,2,38|A100_AUTHENTIC_FULL_PREFIX|2,resp_0c3530dce08c8080006aa2f8439a1c87d2a7f27720948243a5,5d8b1e0e0ffa4b8090542422dd552e800ea854b85f921eb0313a84b4db9d51b4,0,0,0,0,1,0,0,1
38,A25_AUTHENTIC_DOSE,0,38|A25_AUTHENTIC_DOSE|0,resp_01edf773425a6ad4006aa2f843b1c887d2b20d34ccbeb43bed,51dd95d0ac5ddacffdbb78f5ddf3c2d25b34b85106c6a0324aff9f11f9adc7b7,0,0,0,0,0,0,0,0
38,A25_AUTHENTIC_DOSE,1,38|A25_AUTHENTIC_DOSE|1,resp_02c26d212e3d48d0006aa2f843e76487d2916d8fcdf9548acf,05991c154d9dfabe7fe9e78b42d6c71f34d988726b3e32524b5244335d2e28a7,0,0,0,0,0,0,0,0
38,A25_AUTHENTIC_DOSE,2,38|A25_AUTHENTIC_DOSE|2,resp_0de1fbcadf7bc660006aa2f8445d3c87d2988971cf219ec45e,c5c7719878fae5a390662b201a7d67eadfa6a37a183bc3da749a8fb035f4d3af,0,0,0,0,0,0,0,0
38,A50_AUTHENTIC_DOSE,0,38|A50_AUTHENTIC_DOSE|0,resp_09efc34245aaaef4006aa2f8447f0087d29db89ee1d30c1681,de1da56bd1bb4b2e6010f92af02342eb23c6114537a2e2f21a08aebec491f1bc,0,0,0,0,1,0,0,1
38,A50_AUTHENTIC_DOSE,1,38|A50_AUTHENTIC_DOSE|1,resp_02caf9d026c75f84006aa2f844a2e087d294c981d8f48fd7b9,e7099f83b42c96de8351d5eee22d74b6a7521a45a38bc07bd26e2cb84bc7bc49,0,0,0,0,1,0,0,1
38,A50_AUTHENTIC_DOSE,2,38|A50_AUTHENTIC_DOSE|2,resp_009530fcddb36d07006aa2f845293087d2bb04f56de375c56b,f49ae5b362bdaaa0bbf9eb5de0aa2c81c40e3d5efcfbfa303717a3d142df3ad9,0,0,0,0,0,0,0,0
38,A75_AUTHENTIC_DOSE,0,38|A75_AUTHENTIC_DOSE|0,resp_06a9cce37a3d5f6b006aa2f845b86487d28b4c85e2caf40469,384d22826e283e484a2c46871fb400b0a22a3639be720a83bc91008cfdac3b0c,0,0,0,1,1,1,0,3
38,A75_AUTHENTIC_DOSE,1,38|A75_AUTHENTIC_DOSE|1,resp_08583725e898a606006aa2f8464c4c87d292b0a89e5295aa72,8196f7d68730ccc8e6d238bf1cd53ee8a04cce5d0ab7d8e0b49d0ec289e54dc5,0,0,0,0,1,0,0,1
38,A75_AUTHENTIC_DOSE,2,38|A75_AUTHENTIC_DOSE|2,resp_0d85243fc479d80b006aa2f846f58087d29c8b410bf0e89991,a0c3b21734b82d5d217965dcb3e510b60ee72297ceaf0026d1621b36203d2263,0,0,0,0,0,0,0,0
38,B_TOPOLOGY_SHUFFLED,0,38|B_TOPOLOGY_SHUFFLED|0,resp_08f49edac9b81df2006aa2f847054487d2896f74e70d049e1b,126df35c0fddc6d52715c12bb2763fe7d671ad72d56c44bd9eccb872a0fe98f2,0,0,0,0,1,0,0,1
38,B_TOPOLOGY_SHUFFLED,1,38|B_TOPOLOGY_SHUFFLED|1,resp_0fa6dc3e8e587d8f006aa2f8471d7887d2a3882dd7c56f6abb,8af0bf1a1d00349ac0b1617ce4aa05dec32ea6fe02c793ce131b5702d7ea6d8a,0,0,0,0,1,0,0,1
38,B_TOPOLOGY_SHUFFLED,2,38|B_TOPOLOGY_SHUFFLED|2,resp_0246ef6e431f4d45006aa2f84721e087d2bba26d8517c5e2c0,f18608f7cbd472c510333f92ff0d4a8a258d49e762dc2216a8ede3cd4cd07604,0,0,0,0,0,0,0,0
38,C_ORDER_SHUFFLED,0,38|C_ORDER_SHUFFLED|0,resp_0f3874692acbecc1006aa2f847c95887d2a66c52a9cf647f43,e3b0c44298fc1c149afbf4c8996fb92427ae41e4649b934ca495991b7852b855,0,0,0,0,0,0,0,0
38,C_ORDER_SHUFFLED,1,38|C_ORDER_SHUFFLED|1,resp_062b31a6e809f751006aa2f848253087d29cebcda098304a9d,088ff8a0d57ef175305963cb30a43578ec5d0723583377708bd2038f59d7fb73,0,0,0,0,1,1,0,2
38,C_ORDER_SHUFFLED,2,38|C_ORDER_SHUFFLED|2,resp_0bbcfdb77bbfc022006aa2f8483af087d2abcaf1ceb06ecef3,06a069e6de8e7d2b54a100579b8143c4e6ca9fb31a8adc01b5aa0625162602a4,0,0,0,0,0,1,0,1
38,D_DIRECTION_REVERSED,0,38|D_DIRECTION_REVERSED|0,resp_0ed6668aa8695db6006aa2f848bd6087d2bd5f40311b89d880,e3b0c44298fc1c149afbf4c8996fb92427ae41e4649b934ca495991b7852b855,0,0,0,0,0,0,0,0
38,D_DIRECTION_REVERSED,1,38|D_DIRECTION_REVERSED|1,resp_0bc751fc66f2f5bb006aa2f848c63087d2b76ef8e8099168c5,06491e999354bd23573d78c17ddd3bb2e0913d4d09ac1470863a6c1eed7dab60,0,0,0,0,1,0,0,1
38,D_DIRECTION_REVERSED,2,38|D_DIRECTION_REVERSED|2,resp_09593f58363449fd006aa2f8494f3087d2a1a31bf144aa4e33,b53713d5060fa22167b4c57803b8bd6bb02d736036f7b079255f5afa65385605,0,0,0,0,0,0,0,0
38,E_META_CONTROL_ABLATED,0,38|E_META_CONTROL_ABLATED|0,resp_0200f330f3f79443006aa2f849c00087d29b34e0cc598ab770,42e3e60aab24f1ea31f8c1fd2df31d2f70d400aad36e7497a0240ebfbfb17467,0,0,0,0,1,0,0,1
38,E_META_CONTROL_ABLATED,1,38|E_META_CONTROL_ABLATED|1,resp_0f12389c8bad0115006aa2f84a782087d2a7df644fd67702ae,e5a3d5476c5d0163c0e15cc80936e10ec4a0555d711db0dd3a82cc7b23e23111,0,0,0,0,0,0,0,0
38,E_META_CONTROL_ABLATED,2,38|E_META_CONTROL_ABLATED|2,resp_0bba60b0ee3b27b0006aa2f84a8e5c87d2983b28ab84a2d8b0,e3b0c44298fc1c149afbf4c8996fb92427ae41e4649b934ca495991b7852b855,0,0,0,0,0,0,0,0
38,F_PRESERVATION_ABLATED,0,38|F_PRESERVATION_ABLATED|0,resp_04e2642d702ea26b006aa2f84ab64887d2ba27afa7e8199688,863018b6536935940fca5d365d3b56aab5ca5a2ed0445288aebf07240d62f8e2,0,0,0,0,1,0,0,1
38,F_PRESERVATION_ABLATED,1,38|F_PRESERVATION_ABLATED|1,resp_01295e533e35b3e9006aa2f84abff887d28ab22d28e5ee828a,85a50d768d523dcaaba192a940b6f6fb1485c34674a2e5e4b6572bff14870f88,0,0,0,0,0,0,0,0
38,F_PRESERVATION_ABLATED,2,38|F_PRESERVATION_ABLATED|2,resp_03876c703d96ab11006aa2f84b207887d29c23e912379c7c97,d39c871b2907e5105d484e433fd8bbb054d0f83719f27435ee7aa18ca773e1ed,0,0,0,0,0,0,0,0
38,G_SURFACE_SUBSTITUTED,0,38|G_SURFACE_SUBSTITUTED|0,resp_01adf094ef6fea4c006aa2f84b4c0487d287ffeb00407c1dd7,e09d0407550a79c2eb915f210e9909f962c6c64c522fcea3970a542ba7473b1c,1,0,0,1,0,0,0,2
38,G_SURFACE_SUBSTITUTED,1,38|G_SURFACE_SUBSTITUTED|1,resp_0637cb056e2bcaae006aa2f84ba27c87d28b9ef15d2f76e593,3390a3b5b7651ea5d7003539fa125ea3f5cd22d77e04ff90b7f6b35c9523170b,0,0,0,1,0,0,0,1
38,G_SURFACE_SUBSTITUTED,2,38|G_SURFACE_SUBSTITUTED|2,resp_075f76cc47f84df9006aa2f84be20887d28f74abe0369f77c1,5ea5193cf8e47c7ff8994ef004574da495c8ed8c5773cfd9c446fe921cba47c8,0,0,0,1,0,0,0,1
38,H_AUTHENTIC_PERTURBED,0,38|H_AUTHENTIC_PERTURBED|0,resp_0cef24a02c1d304f006aa2f84c46d487d2aee19bddf36599a7,e3b0c44298fc1c149afbf4c8996fb92427ae41e4649b934ca495991b7852b855,0,0,0,0,0,0,0,0
38,H_AUTHENTIC_PERTURBED,1,38|H_AUTHENTIC_PERTURBED|1,resp_0135fdaf378ca9f1006aa2f84c72f487d2b5d7114a2788f401,e3b0c44298fc1c149afbf4c8996fb92427ae41e4649b934ca495991b7852b855,0,0,0,0,0,0,0,0
38,H_AUTHENTIC_PERTURBED,2,38|H_AUTHENTIC_PERTURBED|2,resp_02b4b1f9a7f2e467006aa2f84cc7b887d2850de5b1d22d97d5,e3b0c44298fc1c149afbf4c8996fb92427ae41e4649b934ca495991b7852b855,0,0,0,0,0,0,0,0
38,I_SHUFFLED_PERTURBED,0,38|I_SHUFFLED_PERTURBED|0,resp_022f3f30db2a3be8006aa2f84cfa7c87d29a7ba7d95d261461,fa4c0203141c5bab98f7826a8cbf6033821889750b90f19935b197aeda2757c5,0,0,0,0,0,0,0,0
38,I_SHUFFLED_PERTURBED,1,38|I_SHUFFLED_PERTURBED|1,resp_0888bf476d57bf94006aa2f84dc3e487d2a4a8acec7be87ba0,23d41b66ee9ec49275f65592e5836dea7c83f09668270d42754856866074bca1,1,0,0,0,0,0,0,1
38,I_SHUFFLED_PERTURBED,2,38|I_SHUFFLED_PERTURBED|2,resp_0b36d7f1ad9f4ca3006aa2f84ddd1487d299795cc2066fbc35,e3b0c44298fc1c149afbf4c8996fb92427ae41e4649b934ca495991b7852b855,0,0,0,0,0,0,0,0
38,J_RECURSION_CONTROL,0,38|J_RECURSION_CONTROL|0,resp_0ec066b9bb1d3489006aa2f84e115c87d28e653b24bb9f2ca5,dbfe2e43f857c1fe173a05bda487f24d08e9a1ccf3bd4e2fb15db01c81b890e0,0,0,0,0,0,0,0,0
38,J_RECURSION_CONTROL,1,38|J_RECURSION_CONTROL|1,resp_0d7d1acdd2d1ea01006aa2f84e67e087d28d9f3019df35aba9,cbd5c9bf195aea9331bc8b0478edf7bd65235f56842aaf0df1ab7a26da560be7,0,0,0,0,0,0,0,0
38,J_RECURSION_CONTROL,2,38|J_RECURSION_CONTROL|2,resp_0cac92365e207dfb006aa2f84ef5d887d281911a1d5efa84ca,c88cffde214cb55c0574e2706636924fdeba0592ba45d25aa11a94f936263995,0,0,0,0,0,0,0,0
38,K_COMPLEXITY_CONTROL,0,38|K_COMPLEXITY_CONTROL|0,resp_01f132ae74e5e214006aa2f84edc3487d2846c4f65aad11c41,dcd0001b8d264408df34b47807be108dc14270cc8a133033f0cc7b4d7e47cf73,0,0,0,0,0,0,0,0
38,K_COMPLEXITY_CONTROL,1,38|K_COMPLEXITY_CONTROL|1,resp_0ff0f1792a38f0f7006aa2f84eedb087d2961874c952317107,cf183301561966473590120e3e1d05a5990453f7e540fcb02bee0a72a42f2b67,0,0,0,1,1,0,0,2
38,K_COMPLEXITY_CONTROL,2,38|K_COMPLEXITY_CONTROL|2,resp_0edd6a2bdecb18ad006aa2f84f74a087d2bf3f86827b6a6a1f,37fdb08e33a20a1d97971862a0324bd051dfd24d19f61a2576b2b03c2342e822,0,0,0,0,1,0,0,1
38,L_COUNTERFACTUAL_PATH,0,38|L_COUNTERFACTUAL_PATH|0,resp_0cc958c96943a500006aa2f84fa4a087d29c25ce3597b1c3f0,e4bd572e7142102879bbf1db6fbd7413558cdc64d72d2e5c3601fa4dd14c4b41,0,0,0,0,1,0,0,1
38,L_COUNTERFACTUAL_PATH,1,38|L_COUNTERFACTUAL_PATH|1,resp_09283416b4a7a084006aa2f8507aa487d2a3dbe6a8e99226fc,c8dad4c4c453017de720ff65f19330de75c4a23f4c84047a1b87eaf02310a897,0,0,0,1,0,0,0,1
38,L_COUNTERFACTUAL_PATH,2,38|L_COUNTERFACTUAL_PATH|2,resp_0c037ec013a95d8d006aa2f850de0087d2b2e749274c551b4c,bd9ca971a5030d2a94f46374503d7e372e6347559d13032f2db4f2f5f3e553d7,0,0,0,0,0,1,0,1
39,A100_AUTHENTIC_FULL_PREFIX,0,39|A100_AUTHENTIC_FULL_PREFIX|0,resp_08b517497acb3b51006aa2f85181bc87d2bd8c6e5edb72a322,e3b0c44298fc1c149afbf4c8996fb92427ae41e4649b934ca495991b7852b855,0,0,0,0,0,0,0,0
39,A100_AUTHENTIC_FULL_PREFIX,1,39|A100_AUTHENTIC_FULL_PREFIX|1,resp_043ead13cb5d4eeb006aa2f851c89487d2a31abde93e6d46d6,835ba6ea5769e41870874fc4ca04700fac7f7b050c03947ca5c2d357a5261c06,0,0,0,0,1,0,0,1
39,A100_AUTHENTIC_FULL_PREFIX,2,39|A100_AUTHENTIC_FULL_PREFIX|2,resp_01334fbffcf36d3b006aa2f852000487d2bea3ac033e5ad219,c5457b3616b370713214fe4d10d4311879f042f3fabf6c6ff8118cccb8c3acf4,0,0,0,0,1,0,0,1
39,A25_AUTHENTIC_DOSE,0,39|A25_AUTHENTIC_DOSE|0,resp_0a510610f10eb499006aa2f8522f8887d286dae443f0322cde,d0896111be8650ae608fb41c8c9ddea589ba6d91289eaa19b80dcc0e2554831f,1,0,0,0,0,0,0,1
39,A25_AUTHENTIC_DOSE,1,39|A25_AUTHENTIC_DOSE|1,resp_0172e92b8917f157006aa2f852972087d2bae75ebb1fb77c06,022c7b90ea37d2dcd59702db557bc38918c484dbe6c79e5d9aff32bc94df121e,1,0,0,0,0,0,0,1
39,A25_AUTHENTIC_DOSE,2,39|A25_AUTHENTIC_DOSE|2,resp_064318cd141c09e4006aa2f852614487d28ae0a827307b1a91,6f8014a63b816c8ca7eeaabfb91a612cc051d6d953a060da2abfdfdd8cec3a00,1,0,0,0,0,0,0,1
39,A50_AUTHENTIC_DOSE,0,39|A50_AUTHENTIC_DOSE|0,resp_085c8a02de436a5e006aa2f852f51c87d2983193a402b6cbf6,e3b0c44298fc1c149afbf4c8996fb92427ae41e4649b934ca495991b7852b855,0,0,0,0,0,0,0,0
39,A50_AUTHENTIC_DOSE,1,39|A50_AUTHENTIC_DOSE|1,resp_004b7a08dc8c39ea006aa2f853fb5c87d282fff6076c570b1f,ffd9aa9899c4f64fa2b24239b58416e103ecc9bb8a50b45ed656601531a82f0a,0,0,0,0,1,0,0,1
39,A50_AUTHENTIC_DOSE,2,39|A50_AUTHENTIC_DOSE|2,resp_0f064a617f7a1a0b006aa2f854013087d2bb5374f27fefbe3f,e3b0c44298fc1c149afbf4c8996fb92427ae41e4649b934ca495991b7852b855,0,0,0,0,0,0,0,0
39,A75_AUTHENTIC_DOSE,0,39|A75_AUTHENTIC_DOSE|0,resp_035f11eaccf348ef006aa2f854604487d287b1d256669f7349,456387f635bf22f2ba4b695892686cd5d6711e287b01ff55f1c9072c4ab47ae7,1,0,0,0,0,0,0,1
39,A75_AUTHENTIC_DOSE,1,39|A75_AUTHENTIC_DOSE|1,resp_03737a287f686301006aa2f854919887d291b5adb6ef606771,a84ccf66c2ff678e40f458a9541796c4c23dc759488a4b18daf6a6df7d03c91d,0,0,0,0,0,0,0,0
39,A75_AUTHENTIC_DOSE,2,39|A75_AUTHENTIC_DOSE|2,resp_05398763a468fe82006aa2f855409487d2ae13abbbdf25572c,060e7596149efa82886ffe4d64ccddfe8a4e13b54dfc41da2c071d11defc4d1a,0,0,0,0,1,0,0,1
39,B_TOPOLOGY_SHUFFLED,0,39|B_TOPOLOGY_SHUFFLED|0,resp_073d93ec201a3b84006aa2f8556fe087d2b45d31cb93bc6299,8d18e06b3a59d50cd0609d4c3ceb77eba0f40c8016cf34527ee0e726b2ddf82d,0,0,0,0,1,0,0,1
39,B_TOPOLOGY_SHUFFLED,1,39|B_TOPOLOGY_SHUFFLED|1,resp_0f368d9b51649af0006aa2f8559f3887d2bde9a61a4e582712,0e6009a43460397c893e66bb518642401bcc47cca5e4b0fdbc8da91d6f07ee59,0,0,0,0,0,0,0,0
39,B_TOPOLOGY_SHUFFLED,2,39|B_TOPOLOGY_SHUFFLED|2,resp_0217bbc8dd09730b006aa2f855c9fc87d29bf9bd2bde04aebf,2bc4d03308723719664dd4876b463b8b77ed5614e3c57c94d0da35ee17976934,0,0,0,0,1,0,0,1
39,C_ORDER_SHUFFLED,0,39|C_ORDER_SHUFFLED|0,resp_0d53b9d588ec807f006aa2f855d3e087d2ba182117bf0c0f53,053bb4e9acac0dc421f11690d62cd5ea450fe863852adaecd099515bf32fab29,0,0,0,0,1,1,0,2
39,C_ORDER_SHUFFLED,1,39|C_ORDER_SHUFFLED|1,resp_0befb8a168168439006aa2f856058487d2a3058bbff2e2bb79,e3b0c44298fc1c149afbf4c8996fb92427ae41e4649b934ca495991b7852b855,0,0,0,0,0,0,0,0
39,C_ORDER_SHUFFLED,2,39|C_ORDER_SHUFFLED|2,resp_0e4c4977616ac294006aa2f8565cb487d293b33f854bb4a9ab,2dbf1df1ac4c392050a6e7c9afaeff34e1c7a0cd4fb3d151e59985c26af4bfe0,0,0,0,0,1,0,0,1
39,D_DIRECTION_REVERSED,0,39|D_DIRECTION_REVERSED|0,resp_0065486d72b86498006aa2f857677c87d29365623d234327b3,8c4cf2d848b9964a543aafcfa5a4679077da2680c2f3236efd10749cf700cab9,0,0,0,0,1,0,0,1
39,D_DIRECTION_REVERSED,1,39|D_DIRECTION_REVERSED|1,resp_066fd3c65d329e55006aa2f857791887d28b1a20ed911216cd,317a6a5855ab5ee59b4f80fc6505be02daf1d5450690f080ac3963e20bc2961c,0,0,0,0,1,1,0,2
39,D_DIRECTION_REVERSED,2,39|D_DIRECTION_REVERSED|2,resp_0554ae7d434522a0006aa2f8577f2887d28e48886f614b3925,2bd6921da159339caa123f2ea3dfa9b9ef2134e75d170a5d68f6b414bbc23dfa,0,0,0,0,0,0,0,0
39,E_META_CONTROL_ABLATED,0,39|E_META_CONTROL_ABLATED|0,resp_004933d5321984b8006aa2f85799dc87d29585bd28e8449b5a,c8a1230ce19158a2e3a0c3df7ced48e386293347ced75127c4077afcab291f58,1,0,0,0,1,0,0,2
39,E_META_CONTROL_ABLATED,1,39|E_META_CONTROL_ABLATED|1,resp_0cf94284343c0a57006aa2f858a41487d28283f9e10b62b6ab,c487d0ba9d0bcd0c8d922eb8cb887ddaaea89ffa7bc298a649123085ab7428be,0,0,0,0,1,0,0,1
39,E_META_CONTROL_ABLATED,2,39|E_META_CONTROL_ABLATED|2,resp_05a501c1ec1b0083006aa2f8596aec87d2851828dafd9b0d3f,63ff5f71625a01846766bc7efeb8bca676e82557d21c684e68c03c61a5d4741f,0,0,0,0,0,0,0,0
39,F_PRESERVATION_ABLATED,0,39|F_PRESERVATION_ABLATED|0,resp_0ab21707a43dc7c2006aa2f8597c1087d29d220bbafd967337,418a25aef4f98d55da1e4f7ed3a78d7cad8aa542701b25cd6d3ddb723885e5ba,0,0,0,0,0,0,0,0
39,F_PRESERVATION_ABLATED,1,39|F_PRESERVATION_ABLATED|1,resp_08965a2d6df21d14006aa2f8598ef887d29b9f785a2f4cbd3b,cf60984dce29629a504cf2349f885d7c9d996b9383637d8f99e13c2005ba1f4e,0,1,0,0,0,0,0,1
39,F_PRESERVATION_ABLATED,2,39|F_PRESERVATION_ABLATED|2,resp_0d7a15a4186c4fb8006aa2f859c4f087d2941cb8d13e40e777,e3b0c44298fc1c149afbf4c8996fb92427ae41e4649b934ca495991b7852b855,0,0,0,0,0,0,0,0
39,G_SURFACE_SUBSTITUTED,0,39|G_SURFACE_SUBSTITUTED|0,resp_0a74285c4b6779a8006aa2f859e5cc87d29822a8d3417f31e3,e3b0c44298fc1c149afbf4c8996fb92427ae41e4649b934ca495991b7852b855,0,0,0,0,0,0,0,0
39,G_SURFACE_SUBSTITUTED,1,39|G_SURFACE_SUBSTITUTED|1,resp_0a03968dcdb2014f006aa2f859ed7c87d2b7a0f2ea7b1931ac,e3b0c44298fc1c149afbf4c8996fb92427ae41e4649b934ca495991b7852b855,0,0,0,0,0,0,0,0
39,G_SURFACE_SUBSTITUTED,2,39|G_SURFACE_SUBSTITUTED|2,resp_0188348060ed5ba7006aa2f85a35bc87d2b569384324d8a86f,e3b0c44298fc1c149afbf4c8996fb92427ae41e4649b934ca495991b7852b855,0,0,0,0,0,0,0,0
39,H_AUTHENTIC_PERTURBED,0,39|H_AUTHENTIC_PERTURBED|0,resp_0cb606e1fb719561006aa2f85a8f6487d29164dba4bec38ffa,e3b0c44298fc1c149afbf4c8996fb92427ae41e4649b934ca495991b7852b855,0,0,0,0,0,0,0,0
39,H_AUTHENTIC_PERTURBED,1,39|H_AUTHENTIC_PERTURBED|1,resp_019bfbd42554a097006aa2f85af7bc87d2827af772506ac747,b6d38c7998972748122daf670034325eb3729eae0a055d5e64fbf9ddaf1cac84,0,0,0,0,0,0,0,0
39,H_AUTHENTIC_PERTURBED,2,39|H_AUTHENTIC_PERTURBED|2,resp_002b9616032f9992006aa2f85b20c887d28b74b272c5c14ebb,9cbdcfe5231a30a5a545b1127aeceee1e761d8074d34c9ec3d06d7b790759668,0,0,0,0,0,0,0,0
39,I_SHUFFLED_PERTURBED,0,39|I_SHUFFLED_PERTURBED|0,resp_04c99ae2708572e7006aa2f85b525c87d2857a9a7b37352830,54cbea6b2d54d974440dc876eca6eec9e7f2180b904f7d9795fa033939e0db6a,0,0,0,0,0,0,0,0
39,I_SHUFFLED_PERTURBED,1,39|I_SHUFFLED_PERTURBED|1,resp_061edd35b832eb04006aa2f85c9e6087d2967fd1d6ca76f232,2d5b6baa6d34d18385cacef21b18a0d71abb1c3fd4d2cb1642aefdeb11ba6962,1,0,0,0,0,0,0,1
39,I_SHUFFLED_PERTURBED,2,39|I_SHUFFLED_PERTURBED|2,resp_07204e8bf10e5f4b006aa2f85cf1c487d2b07cc88fcacd03f5,2e695fcdab7697ccf6a672cf74129f69bf29b05037e09f091659cd5b773f9c5e,0,0,0,0,0,1,0,1
39,J_RECURSION_CONTROL,0,39|J_RECURSION_CONTROL|0,resp_068454383e9c86ac006aa2f85cfd9c87d28fc852f36227dd31,63cb8ba27d412508812aa4a6c60dda3fe89d386d94c4b2bb951c1fe18a88593a,0,0,0,0,0,0,0,0
39,J_RECURSION_CONTROL,1,39|J_RECURSION_CONTROL|1,resp_0b3834adfda7d506006aa2f85d63d887d284585d262678362b,edbc05e6e62b4e66e4e9b0519309af5dbdb6da61d6bfd333284ccb8b05a81bb2,0,0,0,0,0,0,0,0
39,J_RECURSION_CONTROL,2,39|J_RECURSION_CONTROL|2,resp_0fb128a5c0b86d4b006aa2f85e311887d2a8fbd1e71f61246f,7c213c620a946728eee01c242af241fcd338a3ea0105ef56e5db485843b368b1,0,0,0,0,0,0,0,0
39,K_COMPLEXITY_CONTROL,0,39|K_COMPLEXITY_CONTROL|0,resp_0fa074b20b5abec9006aa2f85d933c87d28216956921cefd3e,8aade94fd7facd72cea9cf749f8b2ea206c7ec3d5a4dadd9733fae9d384647a4,0,0,0,0,0,0,0,0
39,K_COMPLEXITY_CONTROL,1,39|K_COMPLEXITY_CONTROL|1,resp_0426c364dd196ad4006aa2f85dce2487d2aa5c46f6d06fe8da,ee5484e98b13878e45108a3c693e28d9de7fe2f638f9570a136cde858fb2e5a1,0,0,0,0,1,0,0,1
39,K_COMPLEXITY_CONTROL,2,39|K_COMPLEXITY_CONTROL|2,resp_07d3e9e3f0bd7db4006aa2f85e195887d2879dfa6c59e433ed,96fb15ab61f7d40e6ecf677b702dae9d6e8fe5786e9d2037f42dd284c724ce90,0,0,0,0,0,0,0,0
39,L_COUNTERFACTUAL_PATH,0,39|L_COUNTERFACTUAL_PATH|0,resp_0c42cc5af161024f006aa2f85e026887d285ee487aa7958bdd,e6d46a01b67a8189fd798d3b7fc920ed92487216c39429ac457ee416b5d231c1,0,0,0,0,1,1,0,2
39,L_COUNTERFACTUAL_PATH,1,39|L_COUNTERFACTUAL_PATH|1,resp_00c68a13b9661d73006aa2f85e937887d28ded8b3d0c56f44d,9e490f3d75e5353e14e05e878bf8686e311c4fee689c17b010e7c7b02b98d7ba,0,0,0,0,1,1,0,2
39,L_COUNTERFACTUAL_PATH,2,39|L_COUNTERFACTUAL_PATH|2,resp_092195e4a6aadf87006aa2f85e9c6c87d2b8f4765c18efc9e9,00b7fe4b7bd6ea51c671bb2e287719d0b30ec01c915af78d6a02050f73fe3584,0,0,0,0,0,0,0,0
