score,path,exists,extension,size_bytes,row_count,column_count,columns,id_columns,time_columns,control_columns,user_session_columns,numeric_column_count,same_author_value_signal,error,manifest_role
11,C:\RSOS\RSOS_EXPERIMENTS_WF1_A_V12_R_CORRECTIVE_CAUSAL_TOPOLOGY\PUBLICATION\WF1_A_WF1_B_GITHUB_PROVENANCE_PACKAGE_v1\WF1_B_EXTERNAL_POPULATION_PARQUET\04_RUNNER\F2_B_FROZEN_PASSIVE_BASELINE\fixtures\PARITY_EXPECTED_V2.csv,True,.csv,8909,,79,conversation_id|set_label|partition|y|model_slug|raw_chars|raw_turns|REDACTED_SPANS|N_TURNS|TOTAL_CHARS|TYPE_TOKEN_RATIO|UPPERCASE_RATIO|DIGIT_RATIO|COMPRESSION_RATIO|USER_CHAR_SHARE|MEAN_MAX_TURN_RATIO|WORDS_PER_1K_CHAR|TURNS_PER_1K_CHAR|PARAGRAPHS_PER_TURN|CODE_FENCES_PER_1K_CHAR|HEADERS_PER_1K_CHAR|LIST_ITEMS_PER_1K_CHAR|COLONS_PER_1K_CHAR|BRACKETS_PER_1K_CHAR|ROLE_ALTERNATION_RATIO|DUPLICATE_TURN_RATIO|USER_ASSISTANT_CHAR_RATIO|TURN_CHAR_CV|TURN_LENGTH_ENTROPY|TURN_LENGTH_SLOPE|QUESTION_PER_1K_CHAR|EXCLAM_PER_1K_CHAR|ARROW_PER_1K_CHAR|EQUAL_PER_1K_CHAR|SEMICOLON_PER_1K_CHAR|PIPE_PER_1K_CHAR|NUMBERED_LIST_PER_1K_CHAR|NESTED_LIST_PER_1K_CHAR|HEADER_LEVEL_MEAN|HEADER_LEVEL_MAX|SEM_RECURSION_PER_1K_CHAR|SEM_ORDER_PER_1K_CHAR|SEM_CONDITIONAL_PER_1K_CHAR|SEM_PRESERVE_PER_1K_CHAR|SEM_SWITCH_PER_1K_CHAR|SEM_TERMINAL_PER_1K_CHAR|SEM_META_PER_1K_CHAR|SEM_CONTROL_PER_1K_CHAR|SEM_CAUSAL_PER_1K_CHAR|SEM_RELATION_PER_1K_CHAR|SEM_REFERENCE_PER_1K_CHAR|RECURSION_FIRST_POS|RECURSION_SPAN|ORDER_FIRST_POS|ORDER_SPAN|CONDITIONAL_FIRST_POS|CONDITIONAL_SPAN|PRESERVE_FIRST_POS|PRESERVE_SPAN|SWITCH_FIRST_POS|SWITCH_SPAN|TERMINAL_FIRST_POS|TERMINAL_SPAN|META_FIRST_POS|META_SPAN|CONTROL_FIRST_POS|CONTROL_SPAN|CAUSAL_FIRST_POS|CAUSAL_SPAN|RELATION_FIRST_POS|RELATION_SPAN|REFERENCE_FIRST_POS|REFERENCE_SPAN|USER_TURN_MEAN|ASSISTANT_TURN_MEAN|RESPONSE_EXPANSION_RATIO|USER_LENGTH_SLOPE|ASSISTANT_LENGTH_SLOPE|USER_ASSISTANT_OPERATOR_COSINE,conversation_id,USER_ASSISTANT_OPERATOR_COSINE,set_label|SEM_CONTROL_PER_1K_CHAR|CONTROL_FIRST_POS|CONTROL_SPAN,conversation_id,75,False,,RELATIONAL_TOPOLOGICAL
11,C:\RSOS\RSOS_EXPERIMENTS_WF1_A_V12_R_CORRECTIVE_CAUSAL_TOPOLOGY\PUBLICATION\WF1_A_WF1_B_GITHUB_PROVENANCE_PACKAGE_v1\WF1_B_EXTERNAL_POPULATION_PARQUET\04_RUNNER\F2_B_FROZEN_PASSIVE_BASELINE\reference\BR1_LATER_HOLD_POS_FEATURES.csv,True,.csv,188434,,79,conversation_id|set_label|partition|y|model_slug|raw_chars|raw_turns|REDACTED_SPANS|N_TURNS|TOTAL_CHARS|TYPE_TOKEN_RATIO|UPPERCASE_RATIO|DIGIT_RATIO|COMPRESSION_RATIO|USER_CHAR_SHARE|MEAN_MAX_TURN_RATIO|WORDS_PER_1K_CHAR|TURNS_PER_1K_CHAR|PARAGRAPHS_PER_TURN|CODE_FENCES_PER_1K_CHAR|HEADERS_PER_1K_CHAR|LIST_ITEMS_PER_1K_CHAR|COLONS_PER_1K_CHAR|BRACKETS_PER_1K_CHAR|ROLE_ALTERNATION_RATIO|DUPLICATE_TURN_RATIO|USER_ASSISTANT_CHAR_RATIO|TURN_CHAR_CV|TURN_LENGTH_ENTROPY|TURN_LENGTH_SLOPE|QUESTION_PER_1K_CHAR|EXCLAM_PER_1K_CHAR|ARROW_PER_1K_CHAR|EQUAL_PER_1K_CHAR|SEMICOLON_PER_1K_CHAR|PIPE_PER_1K_CHAR|NUMBERED_LIST_PER_1K_CHAR|NESTED_LIST_PER_1K_CHAR|HEADER_LEVEL_MEAN|HEADER_LEVEL_MAX|SEM_RECURSION_PER_1K_CHAR|SEM_ORDER_PER_1K_CHAR|SEM_CONDITIONAL_PER_1K_CHAR|SEM_PRESERVE_PER_1K_CHAR|SEM_SWITCH_PER_1K_CHAR|SEM_TERMINAL_PER_1K_CHAR|SEM_META_PER_1K_CHAR|SEM_CONTROL_PER_1K_CHAR|SEM_CAUSAL_PER_1K_CHAR|SEM_RELATION_PER_1K_CHAR|SEM_REFERENCE_PER_1K_CHAR|RECURSION_FIRST_POS|RECURSION_SPAN|ORDER_FIRST_POS|ORDER_SPAN|CONDITIONAL_FIRST_POS|CONDITIONAL_SPAN|PRESERVE_FIRST_POS|PRESERVE_SPAN|SWITCH_FIRST_POS|SWITCH_SPAN|TERMINAL_FIRST_POS|TERMINAL_SPAN|META_FIRST_POS|META_SPAN|CONTROL_FIRST_POS|CONTROL_SPAN|CAUSAL_FIRST_POS|CAUSAL_SPAN|RELATION_FIRST_POS|RELATION_SPAN|REFERENCE_FIRST_POS|REFERENCE_SPAN|USER_TURN_MEAN|ASSISTANT_TURN_MEAN|RESPONSE_EXPANSION_RATIO|USER_LENGTH_SLOPE|ASSISTANT_LENGTH_SLOPE|USER_ASSISTANT_OPERATOR_COSINE,conversation_id,USER_ASSISTANT_OPERATOR_COSINE,set_label|SEM_CONTROL_PER_1K_CHAR|CONTROL_FIRST_POS|CONTROL_SPAN,conversation_id,75,False,,RELATIONAL_TOPOLOGICAL
11,C:\RSOS\RSOS_EXPERIMENTS_WF1_A_V12_R_CORRECTIVE_CAUSAL_TOPOLOGY\PUBLICATION\WF1_A_WF1_B_GITHUB_PROVENANCE_PACKAGE_v1\WF1_B_EXTERNAL_POPULATION_PARQUET\04_RUNNER\F2_B_FROZEN_PASSIVE_BASELINE\reference\EARLY_NEG_V2_FEATURES.csv,True,.csv,93038,,79,conversation_id|set_label|partition|y|model_slug|raw_chars|raw_turns|REDACTED_SPANS|N_TURNS|TOTAL_CHARS|TYPE_TOKEN_RATIO|UPPERCASE_RATIO|DIGIT_RATIO|COMPRESSION_RATIO|USER_CHAR_SHARE|MEAN_MAX_TURN_RATIO|WORDS_PER_1K_CHAR|TURNS_PER_1K_CHAR|PARAGRAPHS_PER_TURN|CODE_FENCES_PER_1K_CHAR|HEADERS_PER_1K_CHAR|LIST_ITEMS_PER_1K_CHAR|COLONS_PER_1K_CHAR|BRACKETS_PER_1K_CHAR|ROLE_ALTERNATION_RATIO|DUPLICATE_TURN_RATIO|USER_ASSISTANT_CHAR_RATIO|TURN_CHAR_CV|TURN_LENGTH_ENTROPY|TURN_LENGTH_SLOPE|QUESTION_PER_1K_CHAR|EXCLAM_PER_1K_CHAR|ARROW_PER_1K_CHAR|EQUAL_PER_1K_CHAR|SEMICOLON_PER_1K_CHAR|PIPE_PER_1K_CHAR|NUMBERED_LIST_PER_1K_CHAR|NESTED_LIST_PER_1K_CHAR|HEADER_LEVEL_MEAN|HEADER_LEVEL_MAX|SEM_RECURSION_PER_1K_CHAR|SEM_ORDER_PER_1K_CHAR|SEM_CONDITIONAL_PER_1K_CHAR|SEM_PRESERVE_PER_1K_CHAR|SEM_SWITCH_PER_1K_CHAR|SEM_TERMINAL_PER_1K_CHAR|SEM_META_PER_1K_CHAR|SEM_CONTROL_PER_1K_CHAR|SEM_CAUSAL_PER_1K_CHAR|SEM_RELATION_PER_1K_CHAR|SEM_REFERENCE_PER_1K_CHAR|RECURSION_FIRST_POS|RECURSION_SPAN|ORDER_FIRST_POS|ORDER_SPAN|CONDITIONAL_FIRST_POS|CONDITIONAL_SPAN|PRESERVE_FIRST_POS|PRESERVE_SPAN|SWITCH_FIRST_POS|SWITCH_SPAN|TERMINAL_FIRST_POS|TERMINAL_SPAN|META_FIRST_POS|META_SPAN|CONTROL_FIRST_POS|CONTROL_SPAN|CAUSAL_FIRST_POS|CAUSAL_SPAN|RELATION_FIRST_POS|RELATION_SPAN|REFERENCE_FIRST_POS|REFERENCE_SPAN|USER_TURN_MEAN|ASSISTANT_TURN_MEAN|RESPONSE_EXPANSION_RATIO|USER_LENGTH_SLOPE|ASSISTANT_LENGTH_SLOPE|USER_ASSISTANT_OPERATOR_COSINE,conversation_id,USER_ASSISTANT_OPERATOR_COSINE,set_label|SEM_CONTROL_PER_1K_CHAR|CONTROL_FIRST_POS|CONTROL_SPAN,conversation_id,75,False,,RELATIONAL_TOPOLOGICAL
11,C:\RSOS\RSOS_EXPERIMENTS_WF1_A_V12_R_CORRECTIVE_CAUSAL_TOPOLOGY\PUBLICATION\WF1_A_WF1_B_GITHUB_PROVENANCE_PACKAGE_v1\WF1_B_EXTERNAL_POPULATION_PARQUET\04_RUNNER\F2_B_FROZEN_PASSIVE_BASELINE\reference\EARLY_POS_V2_FEATURES.csv,True,.csv,54865,,79,conversation_id|set_label|partition|y|model_slug|raw_chars|raw_turns|REDACTED_SPANS|N_TURNS|TOTAL_CHARS|TYPE_TOKEN_RATIO|UPPERCASE_RATIO|DIGIT_RATIO|COMPRESSION_RATIO|USER_CHAR_SHARE|MEAN_MAX_TURN_RATIO|WORDS_PER_1K_CHAR|TURNS_PER_1K_CHAR|PARAGRAPHS_PER_TURN|CODE_FENCES_PER_1K_CHAR|HEADERS_PER_1K_CHAR|LIST_ITEMS_PER_1K_CHAR|COLONS_PER_1K_CHAR|BRACKETS_PER_1K_CHAR|ROLE_ALTERNATION_RATIO|DUPLICATE_TURN_RATIO|USER_ASSISTANT_CHAR_RATIO|TURN_CHAR_CV|TURN_LENGTH_ENTROPY|TURN_LENGTH_SLOPE|QUESTION_PER_1K_CHAR|EXCLAM_PER_1K_CHAR|ARROW_PER_1K_CHAR|EQUAL_PER_1K_CHAR|SEMICOLON_PER_1K_CHAR|PIPE_PER_1K_CHAR|NUMBERED_LIST_PER_1K_CHAR|NESTED_LIST_PER_1K_CHAR|HEADER_LEVEL_MEAN|HEADER_LEVEL_MAX|SEM_RECURSION_PER_1K_CHAR|SEM_ORDER_PER_1K_CHAR|SEM_CONDITIONAL_PER_1K_CHAR|SEM_PRESERVE_PER_1K_CHAR|SEM_SWITCH_PER_1K_CHAR|SEM_TERMINAL_PER_1K_CHAR|SEM_META_PER_1K_CHAR|SEM_CONTROL_PER_1K_CHAR|SEM_CAUSAL_PER_1K_CHAR|SEM_RELATION_PER_1K_CHAR|SEM_REFERENCE_PER_1K_CHAR|RECURSION_FIRST_POS|RECURSION_SPAN|ORDER_FIRST_POS|ORDER_SPAN|CONDITIONAL_FIRST_POS|CONDITIONAL_SPAN|PRESERVE_FIRST_POS|PRESERVE_SPAN|SWITCH_FIRST_POS|SWITCH_SPAN|TERMINAL_FIRST_POS|TERMINAL_SPAN|META_FIRST_POS|META_SPAN|CONTROL_FIRST_POS|CONTROL_SPAN|CAUSAL_FIRST_POS|CAUSAL_SPAN|RELATION_FIRST_POS|RELATION_SPAN|REFERENCE_FIRST_POS|REFERENCE_SPAN|USER_TURN_MEAN|ASSISTANT_TURN_MEAN|RESPONSE_EXPANSION_RATIO|USER_LENGTH_SLOPE|ASSISTANT_LENGTH_SLOPE|USER_ASSISTANT_OPERATOR_COSINE,conversation_id,USER_ASSISTANT_OPERATOR_COSINE,set_label|SEM_CONTROL_PER_1K_CHAR|CONTROL_FIRST_POS|CONTROL_SPAN,conversation_id,75,False,,RELATIONAL_TOPOLOGICAL
11,C:\RSOS\RSOS_EXPERIMENTS_WF1_A_V12_R_CORRECTIVE_CAUSAL_TOPOLOGY\PUBLICATION\WF1_A_WF1_B_GITHUB_PROVENANCE_PACKAGE_v1\WF1_B_EXTERNAL_POPULATION_PARQUET\04_RUNNER\F2_B_FROZEN_PASSIVE_BASELINE\reference\LATER_HOLD_NEG_V2_FEATURES.csv,True,.csv,198584,,79,conversation_id|set_label|partition|y|model_slug|raw_chars|raw_turns|REDACTED_SPANS|N_TURNS|TOTAL_CHARS|TYPE_TOKEN_RATIO|UPPERCASE_RATIO|DIGIT_RATIO|COMPRESSION_RATIO|USER_CHAR_SHARE|MEAN_MAX_TURN_RATIO|WORDS_PER_1K_CHAR|TURNS_PER_1K_CHAR|PARAGRAPHS_PER_TURN|CODE_FENCES_PER_1K_CHAR|HEADERS_PER_1K_CHAR|LIST_ITEMS_PER_1K_CHAR|COLONS_PER_1K_CHAR|BRACKETS_PER_1K_CHAR|ROLE_ALTERNATION_RATIO|DUPLICATE_TURN_RATIO|USER_ASSISTANT_CHAR_RATIO|TURN_CHAR_CV|TURN_LENGTH_ENTROPY|TURN_LENGTH_SLOPE|QUESTION_PER_1K_CHAR|EXCLAM_PER_1K_CHAR|ARROW_PER_1K_CHAR|EQUAL_PER_1K_CHAR|SEMICOLON_PER_1K_CHAR|PIPE_PER_1K_CHAR|NUMBERED_LIST_PER_1K_CHAR|NESTED_LIST_PER_1K_CHAR|HEADER_LEVEL_MEAN|HEADER_LEVEL_MAX|SEM_RECURSION_PER_1K_CHAR|SEM_ORDER_PER_1K_CHAR|SEM_CONDITIONAL_PER_1K_CHAR|SEM_PRESERVE_PER_1K_CHAR|SEM_SWITCH_PER_1K_CHAR|SEM_TERMINAL_PER_1K_CHAR|SEM_META_PER_1K_CHAR|SEM_CONTROL_PER_1K_CHAR|SEM_CAUSAL_PER_1K_CHAR|SEM_RELATION_PER_1K_CHAR|SEM_REFERENCE_PER_1K_CHAR|RECURSION_FIRST_POS|RECURSION_SPAN|ORDER_FIRST_POS|ORDER_SPAN|CONDITIONAL_FIRST_POS|CONDITIONAL_SPAN|PRESERVE_FIRST_POS|PRESERVE_SPAN|SWITCH_FIRST_POS|SWITCH_SPAN|TERMINAL_FIRST_POS|TERMINAL_SPAN|META_FIRST_POS|META_SPAN|CONTROL_FIRST_POS|CONTROL_SPAN|CAUSAL_FIRST_POS|CAUSAL_SPAN|RELATION_FIRST_POS|RELATION_SPAN|REFERENCE_FIRST_POS|REFERENCE_SPAN|USER_TURN_MEAN|ASSISTANT_TURN_MEAN|RESPONSE_EXPANSION_RATIO|USER_LENGTH_SLOPE|ASSISTANT_LENGTH_SLOPE|USER_ASSISTANT_OPERATOR_COSINE,conversation_id,USER_ASSISTANT_OPERATOR_COSINE,set_label|SEM_CONTROL_PER_1K_CHAR|CONTROL_FIRST_POS|CONTROL_SPAN,conversation_id,75,False,,RELATIONAL_TOPOLOGICAL
11,C:\RSOS\RSOS_EXPERIMENTS_WF1_A_V12_R_CORRECTIVE_CAUSAL_TOPOLOGY\PUBLICATION\WF1_A_WF1_B_GITHUB_PROVENANCE_PACKAGE_v1\WF1_B_EXTERNAL_POPULATION_PARQUET\04_RUNNER\F2_B_FROZEN_PASSIVE_BASELINE\reference\LATER_HOLD_POS_V2_FEATURES.csv,True,.csv,185024,,79,conversation_id|set_label|partition|y|model_slug|raw_chars|raw_turns|REDACTED_SPANS|N_TURNS|TOTAL_CHARS|TYPE_TOKEN_RATIO|UPPERCASE_RATIO|DIGIT_RATIO|COMPRESSION_RATIO|USER_CHAR_SHARE|MEAN_MAX_TURN_RATIO|WORDS_PER_1K_CHAR|TURNS_PER_1K_CHAR|PARAGRAPHS_PER_TURN|CODE_FENCES_PER_1K_CHAR|HEADERS_PER_1K_CHAR|LIST_ITEMS_PER_1K_CHAR|COLONS_PER_1K_CHAR|BRACKETS_PER_1K_CHAR|ROLE_ALTERNATION_RATIO|DUPLICATE_TURN_RATIO|USER_ASSISTANT_CHAR_RATIO|TURN_CHAR_CV|TURN_LENGTH_ENTROPY|TURN_LENGTH_SLOPE|QUESTION_PER_1K_CHAR|EXCLAM_PER_1K_CHAR|ARROW_PER_1K_CHAR|EQUAL_PER_1K_CHAR|SEMICOLON_PER_1K_CHAR|PIPE_PER_1K_CHAR|NUMBERED_LIST_PER_1K_CHAR|NESTED_LIST_PER_1K_CHAR|HEADER_LEVEL_MEAN|HEADER_LEVEL_MAX|SEM_RECURSION_PER_1K_CHAR|SEM_ORDER_PER_1K_CHAR|SEM_CONDITIONAL_PER_1K_CHAR|SEM_PRESERVE_PER_1K_CHAR|SEM_SWITCH_PER_1K_CHAR|SEM_TERMINAL_PER_1K_CHAR|SEM_META_PER_1K_CHAR|SEM_CONTROL_PER_1K_CHAR|SEM_CAUSAL_PER_1K_CHAR|SEM_RELATION_PER_1K_CHAR|SEM_REFERENCE_PER_1K_CHAR|RECURSION_FIRST_POS|RECURSION_SPAN|ORDER_FIRST_POS|ORDER_SPAN|CONDITIONAL_FIRST_POS|CONDITIONAL_SPAN|PRESERVE_FIRST_POS|PRESERVE_SPAN|SWITCH_FIRST_POS|SWITCH_SPAN|TERMINAL_FIRST_POS|TERMINAL_SPAN|META_FIRST_POS|META_SPAN|CONTROL_FIRST_POS|CONTROL_SPAN|CAUSAL_FIRST_POS|CAUSAL_SPAN|RELATION_FIRST_POS|RELATION_SPAN|REFERENCE_FIRST_POS|REFERENCE_SPAN|USER_TURN_MEAN|ASSISTANT_TURN_MEAN|RESPONSE_EXPANSION_RATIO|USER_LENGTH_SLOPE|ASSISTANT_LENGTH_SLOPE|USER_ASSISTANT_OPERATOR_COSINE,conversation_id,USER_ASSISTANT_OPERATOR_COSINE,set_label|SEM_CONTROL_PER_1K_CHAR|CONTROL_FIRST_POS|CONTROL_SPAN,conversation_id,75,False,,RELATIONAL_TOPOLOGICAL
11,C:\RSOS\RSOS_EXPERIMENTS_WF1_A_V12_R_CORRECTIVE_CAUSAL_TOPOLOGY\WF1_B_EXTERNAL_POPULATION_PARQUET\04_RUNNER\F2_B_FROZEN_PASSIVE_BASELINE\fixtures\PARITY_EXPECTED_V2.csv,True,.csv,8909,,79,conversation_id|set_label|partition|y|model_slug|raw_chars|raw_turns|REDACTED_SPANS|N_TURNS|TOTAL_CHARS|TYPE_TOKEN_RATIO|UPPERCASE_RATIO|DIGIT_RATIO|COMPRESSION_RATIO|USER_CHAR_SHARE|MEAN_MAX_TURN_RATIO|WORDS_PER_1K_CHAR|TURNS_PER_1K_CHAR|PARAGRAPHS_PER_TURN|CODE_FENCES_PER_1K_CHAR|HEADERS_PER_1K_CHAR|LIST_ITEMS_PER_1K_CHAR|COLONS_PER_1K_CHAR|BRACKETS_PER_1K_CHAR|ROLE_ALTERNATION_RATIO|DUPLICATE_TURN_RATIO|USER_ASSISTANT_CHAR_RATIO|TURN_CHAR_CV|TURN_LENGTH_ENTROPY|TURN_LENGTH_SLOPE|QUESTION_PER_1K_CHAR|EXCLAM_PER_1K_CHAR|ARROW_PER_1K_CHAR|EQUAL_PER_1K_CHAR|SEMICOLON_PER_1K_CHAR|PIPE_PER_1K_CHAR|NUMBERED_LIST_PER_1K_CHAR|NESTED_LIST_PER_1K_CHAR|HEADER_LEVEL_MEAN|HEADER_LEVEL_MAX|SEM_RECURSION_PER_1K_CHAR|SEM_ORDER_PER_1K_CHAR|SEM_CONDITIONAL_PER_1K_CHAR|SEM_PRESERVE_PER_1K_CHAR|SEM_SWITCH_PER_1K_CHAR|SEM_TERMINAL_PER_1K_CHAR|SEM_META_PER_1K_CHAR|SEM_CONTROL_PER_1K_CHAR|SEM_CAUSAL_PER_1K_CHAR|SEM_RELATION_PER_1K_CHAR|SEM_REFERENCE_PER_1K_CHAR|RECURSION_FIRST_POS|RECURSION_SPAN|ORDER_FIRST_POS|ORDER_SPAN|CONDITIONAL_FIRST_POS|CONDITIONAL_SPAN|PRESERVE_FIRST_POS|PRESERVE_SPAN|SWITCH_FIRST_POS|SWITCH_SPAN|TERMINAL_FIRST_POS|TERMINAL_SPAN|META_FIRST_POS|META_SPAN|CONTROL_FIRST_POS|CONTROL_SPAN|CAUSAL_FIRST_POS|CAUSAL_SPAN|RELATION_FIRST_POS|RELATION_SPAN|REFERENCE_FIRST_POS|REFERENCE_SPAN|USER_TURN_MEAN|ASSISTANT_TURN_MEAN|RESPONSE_EXPANSION_RATIO|USER_LENGTH_SLOPE|ASSISTANT_LENGTH_SLOPE|USER_ASSISTANT_OPERATOR_COSINE,conversation_id,USER_ASSISTANT_OPERATOR_COSINE,set_label|SEM_CONTROL_PER_1K_CHAR|CONTROL_FIRST_POS|CONTROL_SPAN,conversation_id,75,False,,RELATIONAL_TOPOLOGICAL
11,C:\RSOS\RSOS_EXPERIMENTS_WF1_A_V12_R_CORRECTIVE_CAUSAL_TOPOLOGY\WF1_B_EXTERNAL_POPULATION_PARQUET\04_RUNNER\F2_B_FROZEN_PASSIVE_BASELINE\reference\BR1_LATER_HOLD_POS_FEATURES.csv,True,.csv,188434,,79,conversation_id|set_label|partition|y|model_slug|raw_chars|raw_turns|REDACTED_SPANS|N_TURNS|TOTAL_CHARS|TYPE_TOKEN_RATIO|UPPERCASE_RATIO|DIGIT_RATIO|COMPRESSION_RATIO|USER_CHAR_SHARE|MEAN_MAX_TURN_RATIO|WORDS_PER_1K_CHAR|TURNS_PER_1K_CHAR|PARAGRAPHS_PER_TURN|CODE_FENCES_PER_1K_CHAR|HEADERS_PER_1K_CHAR|LIST_ITEMS_PER_1K_CHAR|COLONS_PER_1K_CHAR|BRACKETS_PER_1K_CHAR|ROLE_ALTERNATION_RATIO|DUPLICATE_TURN_RATIO|USER_ASSISTANT_CHAR_RATIO|TURN_CHAR_CV|TURN_LENGTH_ENTROPY|TURN_LENGTH_SLOPE|QUESTION_PER_1K_CHAR|EXCLAM_PER_1K_CHAR|ARROW_PER_1K_CHAR|EQUAL_PER_1K_CHAR|SEMICOLON_PER_1K_CHAR|PIPE_PER_1K_CHAR|NUMBERED_LIST_PER_1K_CHAR|NESTED_LIST_PER_1K_CHAR|HEADER_LEVEL_MEAN|HEADER_LEVEL_MAX|SEM_RECURSION_PER_1K_CHAR|SEM_ORDER_PER_1K_CHAR|SEM_CONDITIONAL_PER_1K_CHAR|SEM_PRESERVE_PER_1K_CHAR|SEM_SWITCH_PER_1K_CHAR|SEM_TERMINAL_PER_1K_CHAR|SEM_META_PER_1K_CHAR|SEM_CONTROL_PER_1K_CHAR|SEM_CAUSAL_PER_1K_CHAR|SEM_RELATION_PER_1K_CHAR|SEM_REFERENCE_PER_1K_CHAR|RECURSION_FIRST_POS|RECURSION_SPAN|ORDER_FIRST_POS|ORDER_SPAN|CONDITIONAL_FIRST_POS|CONDITIONAL_SPAN|PRESERVE_FIRST_POS|PRESERVE_SPAN|SWITCH_FIRST_POS|SWITCH_SPAN|TERMINAL_FIRST_POS|TERMINAL_SPAN|META_FIRST_POS|META_SPAN|CONTROL_FIRST_POS|CONTROL_SPAN|CAUSAL_FIRST_POS|CAUSAL_SPAN|RELATION_FIRST_POS|RELATION_SPAN|REFERENCE_FIRST_POS|REFERENCE_SPAN|USER_TURN_MEAN|ASSISTANT_TURN_MEAN|RESPONSE_EXPANSION_RATIO|USER_LENGTH_SLOPE|ASSISTANT_LENGTH_SLOPE|USER_ASSISTANT_OPERATOR_COSINE,conversation_id,USER_ASSISTANT_OPERATOR_COSINE,set_label|SEM_CONTROL_PER_1K_CHAR|CONTROL_FIRST_POS|CONTROL_SPAN,conversation_id,75,False,,RELATIONAL_TOPOLOGICAL
11,C:\RSOS\RSOS_EXPERIMENTS_WF1_A_V12_R_CORRECTIVE_CAUSAL_TOPOLOGY\WF1_B_EXTERNAL_POPULATION_PARQUET\04_RUNNER\F2_B_FROZEN_PASSIVE_BASELINE\reference\EARLY_NEG_V2_FEATURES.csv,True,.csv,93038,,79,conversation_id|set_label|partition|y|model_slug|raw_chars|raw_turns|REDACTED_SPANS|N_TURNS|TOTAL_CHARS|TYPE_TOKEN_RATIO|UPPERCASE_RATIO|DIGIT_RATIO|COMPRESSION_RATIO|USER_CHAR_SHARE|MEAN_MAX_TURN_RATIO|WORDS_PER_1K_CHAR|TURNS_PER_1K_CHAR|PARAGRAPHS_PER_TURN|CODE_FENCES_PER_1K_CHAR|HEADERS_PER_1K_CHAR|LIST_ITEMS_PER_1K_CHAR|COLONS_PER_1K_CHAR|BRACKETS_PER_1K_CHAR|ROLE_ALTERNATION_RATIO|DUPLICATE_TURN_RATIO|USER_ASSISTANT_CHAR_RATIO|TURN_CHAR_CV|TURN_LENGTH_ENTROPY|TURN_LENGTH_SLOPE|QUESTION_PER_1K_CHAR|EXCLAM_PER_1K_CHAR|ARROW_PER_1K_CHAR|EQUAL_PER_1K_CHAR|SEMICOLON_PER_1K_CHAR|PIPE_PER_1K_CHAR|NUMBERED_LIST_PER_1K_CHAR|NESTED_LIST_PER_1K_CHAR|HEADER_LEVEL_MEAN|HEADER_LEVEL_MAX|SEM_RECURSION_PER_1K_CHAR|SEM_ORDER_PER_1K_CHAR|SEM_CONDITIONAL_PER_1K_CHAR|SEM_PRESERVE_PER_1K_CHAR|SEM_SWITCH_PER_1K_CHAR|SEM_TERMINAL_PER_1K_CHAR|SEM_META_PER_1K_CHAR|SEM_CONTROL_PER_1K_CHAR|SEM_CAUSAL_PER_1K_CHAR|SEM_RELATION_PER_1K_CHAR|SEM_REFERENCE_PER_1K_CHAR|RECURSION_FIRST_POS|RECURSION_SPAN|ORDER_FIRST_POS|ORDER_SPAN|CONDITIONAL_FIRST_POS|CONDITIONAL_SPAN|PRESERVE_FIRST_POS|PRESERVE_SPAN|SWITCH_FIRST_POS|SWITCH_SPAN|TERMINAL_FIRST_POS|TERMINAL_SPAN|META_FIRST_POS|META_SPAN|CONTROL_FIRST_POS|CONTROL_SPAN|CAUSAL_FIRST_POS|CAUSAL_SPAN|RELATION_FIRST_POS|RELATION_SPAN|REFERENCE_FIRST_POS|REFERENCE_SPAN|USER_TURN_MEAN|ASSISTANT_TURN_MEAN|RESPONSE_EXPANSION_RATIO|USER_LENGTH_SLOPE|ASSISTANT_LENGTH_SLOPE|USER_ASSISTANT_OPERATOR_COSINE,conversation_id,USER_ASSISTANT_OPERATOR_COSINE,set_label|SEM_CONTROL_PER_1K_CHAR|CONTROL_FIRST_POS|CONTROL_SPAN,conversation_id,75,False,,RELATIONAL_TOPOLOGICAL
11,C:\RSOS\RSOS_EXPERIMENTS_WF1_A_V12_R_CORRECTIVE_CAUSAL_TOPOLOGY\WF1_B_EXTERNAL_POPULATION_PARQUET\04_RUNNER\F2_B_FROZEN_PASSIVE_BASELINE\reference\EARLY_POS_V2_FEATURES.csv,True,.csv,54865,,79,conversation_id|set_label|partition|y|model_slug|raw_chars|raw_turns|REDACTED_SPANS|N_TURNS|TOTAL_CHARS|TYPE_TOKEN_RATIO|UPPERCASE_RATIO|DIGIT_RATIO|COMPRESSION_RATIO|USER_CHAR_SHARE|MEAN_MAX_TURN_RATIO|WORDS_PER_1K_CHAR|TURNS_PER_1K_CHAR|PARAGRAPHS_PER_TURN|CODE_FENCES_PER_1K_CHAR|HEADERS_PER_1K_CHAR|LIST_ITEMS_PER_1K_CHAR|COLONS_PER_1K_CHAR|BRACKETS_PER_1K_CHAR|ROLE_ALTERNATION_RATIO|DUPLICATE_TURN_RATIO|USER_ASSISTANT_CHAR_RATIO|TURN_CHAR_CV|TURN_LENGTH_ENTROPY|TURN_LENGTH_SLOPE|QUESTION_PER_1K_CHAR|EXCLAM_PER_1K_CHAR|ARROW_PER_1K_CHAR|EQUAL_PER_1K_CHAR|SEMICOLON_PER_1K_CHAR|PIPE_PER_1K_CHAR|NUMBERED_LIST_PER_1K_CHAR|NESTED_LIST_PER_1K_CHAR|HEADER_LEVEL_MEAN|HEADER_LEVEL_MAX|SEM_RECURSION_PER_1K_CHAR|SEM_ORDER_PER_1K_CHAR|SEM_CONDITIONAL_PER_1K_CHAR|SEM_PRESERVE_PER_1K_CHAR|SEM_SWITCH_PER_1K_CHAR|SEM_TERMINAL_PER_1K_CHAR|SEM_META_PER_1K_CHAR|SEM_CONTROL_PER_1K_CHAR|SEM_CAUSAL_PER_1K_CHAR|SEM_RELATION_PER_1K_CHAR|SEM_REFERENCE_PER_1K_CHAR|RECURSION_FIRST_POS|RECURSION_SPAN|ORDER_FIRST_POS|ORDER_SPAN|CONDITIONAL_FIRST_POS|CONDITIONAL_SPAN|PRESERVE_FIRST_POS|PRESERVE_SPAN|SWITCH_FIRST_POS|SWITCH_SPAN|TERMINAL_FIRST_POS|TERMINAL_SPAN|META_FIRST_POS|META_SPAN|CONTROL_FIRST_POS|CONTROL_SPAN|CAUSAL_FIRST_POS|CAUSAL_SPAN|RELATION_FIRST_POS|RELATION_SPAN|REFERENCE_FIRST_POS|REFERENCE_SPAN|USER_TURN_MEAN|ASSISTANT_TURN_MEAN|RESPONSE_EXPANSION_RATIO|USER_LENGTH_SLOPE|ASSISTANT_LENGTH_SLOPE|USER_ASSISTANT_OPERATOR_COSINE,conversation_id,USER_ASSISTANT_OPERATOR_COSINE,set_label|SEM_CONTROL_PER_1K_CHAR|CONTROL_FIRST_POS|CONTROL_SPAN,conversation_id,75,False,,RELATIONAL_TOPOLOGICAL
11,C:\RSOS\RSOS_EXPERIMENTS_WF1_A_V12_R_CORRECTIVE_CAUSAL_TOPOLOGY\WF1_B_EXTERNAL_POPULATION_PARQUET\04_RUNNER\F2_B_FROZEN_PASSIVE_BASELINE\reference\LATER_HOLD_NEG_V2_FEATURES.csv,True,.csv,198584,,79,conversation_id|set_label|partition|y|model_slug|raw_chars|raw_turns|REDACTED_SPANS|N_TURNS|TOTAL_CHARS|TYPE_TOKEN_RATIO|UPPERCASE_RATIO|DIGIT_RATIO|COMPRESSION_RATIO|USER_CHAR_SHARE|MEAN_MAX_TURN_RATIO|WORDS_PER_1K_CHAR|TURNS_PER_1K_CHAR|PARAGRAPHS_PER_TURN|CODE_FENCES_PER_1K_CHAR|HEADERS_PER_1K_CHAR|LIST_ITEMS_PER_1K_CHAR|COLONS_PER_1K_CHAR|BRACKETS_PER_1K_CHAR|ROLE_ALTERNATION_RATIO|DUPLICATE_TURN_RATIO|USER_ASSISTANT_CHAR_RATIO|TURN_CHAR_CV|TURN_LENGTH_ENTROPY|TURN_LENGTH_SLOPE|QUESTION_PER_1K_CHAR|EXCLAM_PER_1K_CHAR|ARROW_PER_1K_CHAR|EQUAL_PER_1K_CHAR|SEMICOLON_PER_1K_CHAR|PIPE_PER_1K_CHAR|NUMBERED_LIST_PER_1K_CHAR|NESTED_LIST_PER_1K_CHAR|HEADER_LEVEL_MEAN|HEADER_LEVEL_MAX|SEM_RECURSION_PER_1K_CHAR|SEM_ORDER_PER_1K_CHAR|SEM_CONDITIONAL_PER_1K_CHAR|SEM_PRESERVE_PER_1K_CHAR|SEM_SWITCH_PER_1K_CHAR|SEM_TERMINAL_PER_1K_CHAR|SEM_META_PER_1K_CHAR|SEM_CONTROL_PER_1K_CHAR|SEM_CAUSAL_PER_1K_CHAR|SEM_RELATION_PER_1K_CHAR|SEM_REFERENCE_PER_1K_CHAR|RECURSION_FIRST_POS|RECURSION_SPAN|ORDER_FIRST_POS|ORDER_SPAN|CONDITIONAL_FIRST_POS|CONDITIONAL_SPAN|PRESERVE_FIRST_POS|PRESERVE_SPAN|SWITCH_FIRST_POS|SWITCH_SPAN|TERMINAL_FIRST_POS|TERMINAL_SPAN|META_FIRST_POS|META_SPAN|CONTROL_FIRST_POS|CONTROL_SPAN|CAUSAL_FIRST_POS|CAUSAL_SPAN|RELATION_FIRST_POS|RELATION_SPAN|REFERENCE_FIRST_POS|REFERENCE_SPAN|USER_TURN_MEAN|ASSISTANT_TURN_MEAN|RESPONSE_EXPANSION_RATIO|USER_LENGTH_SLOPE|ASSISTANT_LENGTH_SLOPE|USER_ASSISTANT_OPERATOR_COSINE,conversation_id,USER_ASSISTANT_OPERATOR_COSINE,set_label|SEM_CONTROL_PER_1K_CHAR|CONTROL_FIRST_POS|CONTROL_SPAN,conversation_id,75,False,,RELATIONAL_TOPOLOGICAL
11,C:\RSOS\RSOS_EXPERIMENTS_WF1_A_V12_R_CORRECTIVE_CAUSAL_TOPOLOGY\WF1_B_EXTERNAL_POPULATION_PARQUET\04_RUNNER\F2_B_FROZEN_PASSIVE_BASELINE\reference\LATER_HOLD_POS_V2_FEATURES.csv,True,.csv,185024,,79,conversation_id|set_label|partition|y|model_slug|raw_chars|raw_turns|REDACTED_SPANS|N_TURNS|TOTAL_CHARS|TYPE_TOKEN_RATIO|UPPERCASE_RATIO|DIGIT_RATIO|COMPRESSION_RATIO|USER_CHAR_SHARE|MEAN_MAX_TURN_RATIO|WORDS_PER_1K_CHAR|TURNS_PER_1K_CHAR|PARAGRAPHS_PER_TURN|CODE_FENCES_PER_1K_CHAR|HEADERS_PER_1K_CHAR|LIST_ITEMS_PER_1K_CHAR|COLONS_PER_1K_CHAR|BRACKETS_PER_1K_CHAR|ROLE_ALTERNATION_RATIO|DUPLICATE_TURN_RATIO|USER_ASSISTANT_CHAR_RATIO|TURN_CHAR_CV|TURN_LENGTH_ENTROPY|TURN_LENGTH_SLOPE|QUESTION_PER_1K_CHAR|EXCLAM_PER_1K_CHAR|ARROW_PER_1K_CHAR|EQUAL_PER_1K_CHAR|SEMICOLON_PER_1K_CHAR|PIPE_PER_1K_CHAR|NUMBERED_LIST_PER_1K_CHAR|NESTED_LIST_PER_1K_CHAR|HEADER_LEVEL_MEAN|HEADER_LEVEL_MAX|SEM_RECURSION_PER_1K_CHAR|SEM_ORDER_PER_1K_CHAR|SEM_CONDITIONAL_PER_1K_CHAR|SEM_PRESERVE_PER_1K_CHAR|SEM_SWITCH_PER_1K_CHAR|SEM_TERMINAL_PER_1K_CHAR|SEM_META_PER_1K_CHAR|SEM_CONTROL_PER_1K_CHAR|SEM_CAUSAL_PER_1K_CHAR|SEM_RELATION_PER_1K_CHAR|SEM_REFERENCE_PER_1K_CHAR|RECURSION_FIRST_POS|RECURSION_SPAN|ORDER_FIRST_POS|ORDER_SPAN|CONDITIONAL_FIRST_POS|CONDITIONAL_SPAN|PRESERVE_FIRST_POS|PRESERVE_SPAN|SWITCH_FIRST_POS|SWITCH_SPAN|TERMINAL_FIRST_POS|TERMINAL_SPAN|META_FIRST_POS|META_SPAN|CONTROL_FIRST_POS|CONTROL_SPAN|CAUSAL_FIRST_POS|CAUSAL_SPAN|RELATION_FIRST_POS|RELATION_SPAN|REFERENCE_FIRST_POS|REFERENCE_SPAN|USER_TURN_MEAN|ASSISTANT_TURN_MEAN|RESPONSE_EXPANSION_RATIO|USER_LENGTH_SLOPE|ASSISTANT_LENGTH_SLOPE|USER_ASSISTANT_OPERATOR_COSINE,conversation_id,USER_ASSISTANT_OPERATOR_COSINE,set_label|SEM_CONTROL_PER_1K_CHAR|CONTROL_FIRST_POS|CONTROL_SPAN,conversation_id,75,False,,RELATIONAL_TOPOLOGICAL
11,C:\RSOS\Training data\F1_BR2_LMARENA_MATCHED_CONTROL\00_INPUTS\train-00000-of-00007__V12_V18_ARMS.parquet,True,.parquet,147680042,38754.0,47,RECORD_ID|BLIND_ID|PAIR_ID|ARM|SOURCE_SHARD|EVALUATION_SESSION_ID|EVALUATION_ORDER|TIMESTAMP|ERA_2025_06_08|LANGUAGE|IS_CODE|MODEL|PROVIDER|WINNER_RAW|PERSPECTIVE_LABEL|DEVELOPMENT_SPLIT|DATASET_ROLE|CONFIRMATORY_USE_ALLOWED|F3_PROSPECTIVE_ELIGIBLE|F1_CONSTRAINT_ORIGIN|F1_DOWNSTREAM_DATA_LOSS_RISK|NORMALIZED_CONVERSATION_JSON|CONVERSATION_TEXT|N_TURNS|N_USER_TURNS|N_ASSISTANT_TURNS|TOTAL_CHARS|USER_CHARS|ASSISTANT_CHARS|WORD_COUNT|TYPE_TOKEN_RATIO|MEAN_TURN_CHARS|MAX_TURN_CHARS|ROLE_ALTERNATION_RATIO|DUPLICATE_TURN_RATIO|PARAGRAPH_COUNT|CODE_FENCE_COUNT|MARKDOWN_HEADER_COUNT|LIST_ITEM_COUNT|COLON_COUNT|BRACKET_COUNT|UPPERCASE_RATIO|DIGIT_RATIO|COMPRESSION_RATIO|SHAPE_SIGNATURE|SHAPE_SHA256|TEXT_SHA256,RECORD_ID,TIMESTAMP|ERA_2025_06_08,PERSPECTIVE_LABEL,EVALUATION_SESSION_ID,25,False,,RELATIONAL_TOPOLOGICAL
11,C:\RSOS\Training data\F2_BR0_FULL_FINGERPRINT_RECOVERY\01_CANONICAL_INPUTS\F1_BR2_LMARENA_MATCHED_CONTROL\00_INPUTS\train-00000-of-00007__V12_V18_ARMS.parquet,True,.parquet,147680042,38754.0,47,RECORD_ID|BLIND_ID|PAIR_ID|ARM|SOURCE_SHARD|EVALUATION_SESSION_ID|EVALUATION_ORDER|TIMESTAMP|ERA_2025_06_08|LANGUAGE|IS_CODE|MODEL|PROVIDER|WINNER_RAW|PERSPECTIVE_LABEL|DEVELOPMENT_SPLIT|DATASET_ROLE|CONFIRMATORY_USE_ALLOWED|F3_PROSPECTIVE_ELIGIBLE|F1_CONSTRAINT_ORIGIN|F1_DOWNSTREAM_DATA_LOSS_RISK|NORMALIZED_CONVERSATION_JSON|CONVERSATION_TEXT|N_TURNS|N_USER_TURNS|N_ASSISTANT_TURNS|TOTAL_CHARS|USER_CHARS|ASSISTANT_CHARS|WORD_COUNT|TYPE_TOKEN_RATIO|MEAN_TURN_CHARS|MAX_TURN_CHARS|ROLE_ALTERNATION_RATIO|DUPLICATE_TURN_RATIO|PARAGRAPH_COUNT|CODE_FENCE_COUNT|MARKDOWN_HEADER_COUNT|LIST_ITEM_COUNT|COLON_COUNT|BRACKET_COUNT|UPPERCASE_RATIO|DIGIT_RATIO|COMPRESSION_RATIO|SHAPE_SIGNATURE|SHAPE_SHA256|TEXT_SHA256,RECORD_ID,TIMESTAMP|ERA_2025_06_08,PERSPECTIVE_LABEL,EVALUATION_SESSION_ID,25,False,,RELATIONAL_TOPOLOGICAL
11,C:\RSOS\Training data\LMARENA_V12_V18_UPDATED\03_ARM_LEVEL\train-00000-of-00007__V12_V18_ARMS.parquet,True,.parquet,147680042,38754.0,47,RECORD_ID|BLIND_ID|PAIR_ID|ARM|SOURCE_SHARD|EVALUATION_SESSION_ID|EVALUATION_ORDER|TIMESTAMP|ERA_2025_06_08|LANGUAGE|IS_CODE|MODEL|PROVIDER|WINNER_RAW|PERSPECTIVE_LABEL|DEVELOPMENT_SPLIT|DATASET_ROLE|CONFIRMATORY_USE_ALLOWED|F3_PROSPECTIVE_ELIGIBLE|F1_CONSTRAINT_ORIGIN|F1_DOWNSTREAM_DATA_LOSS_RISK|NORMALIZED_CONVERSATION_JSON|CONVERSATION_TEXT|N_TURNS|N_USER_TURNS|N_ASSISTANT_TURNS|TOTAL_CHARS|USER_CHARS|ASSISTANT_CHARS|WORD_COUNT|TYPE_TOKEN_RATIO|MEAN_TURN_CHARS|MAX_TURN_CHARS|ROLE_ALTERNATION_RATIO|DUPLICATE_TURN_RATIO|PARAGRAPH_COUNT|CODE_FENCE_COUNT|MARKDOWN_HEADER_COUNT|LIST_ITEM_COUNT|COLON_COUNT|BRACKET_COUNT|UPPERCASE_RATIO|DIGIT_RATIO|COMPRESSION_RATIO|SHAPE_SIGNATURE|SHAPE_SHA256|TEXT_SHA256,RECORD_ID,TIMESTAMP|ERA_2025_06_08,PERSPECTIVE_LABEL,EVALUATION_SESSION_ID,25,False,,RELATIONAL_TOPOLOGICAL
11,C:\RSOS\Training data\LMARENA_V12_V18_UPDATED\06_DEVELOPMENT_SPLITS\DEVELOPMENT_HOLDOUT\train-00000-of-00007__DEVELOPMENT_HOLDOUT.parquet,True,.parquet,36603397,9714.0,47,RECORD_ID|BLIND_ID|PAIR_ID|ARM|SOURCE_SHARD|EVALUATION_SESSION_ID|EVALUATION_ORDER|TIMESTAMP|ERA_2025_06_08|LANGUAGE|IS_CODE|MODEL|PROVIDER|WINNER_RAW|PERSPECTIVE_LABEL|DEVELOPMENT_SPLIT|DATASET_ROLE|CONFIRMATORY_USE_ALLOWED|F3_PROSPECTIVE_ELIGIBLE|F1_CONSTRAINT_ORIGIN|F1_DOWNSTREAM_DATA_LOSS_RISK|NORMALIZED_CONVERSATION_JSON|CONVERSATION_TEXT|N_TURNS|N_USER_TURNS|N_ASSISTANT_TURNS|TOTAL_CHARS|USER_CHARS|ASSISTANT_CHARS|WORD_COUNT|TYPE_TOKEN_RATIO|MEAN_TURN_CHARS|MAX_TURN_CHARS|ROLE_ALTERNATION_RATIO|DUPLICATE_TURN_RATIO|PARAGRAPH_COUNT|CODE_FENCE_COUNT|MARKDOWN_HEADER_COUNT|LIST_ITEM_COUNT|COLON_COUNT|BRACKET_COUNT|UPPERCASE_RATIO|DIGIT_RATIO|COMPRESSION_RATIO|SHAPE_SIGNATURE|SHAPE_SHA256|TEXT_SHA256,RECORD_ID,TIMESTAMP|ERA_2025_06_08,PERSPECTIVE_LABEL,EVALUATION_SESSION_ID,25,False,,RELATIONAL_TOPOLOGICAL
11,C:\RSOS\Training data\LMARENA_V12_V18_UPDATED\06_DEVELOPMENT_SPLITS\DEVELOPMENT_TRAIN\train-00000-of-00007__DEVELOPMENT_TRAIN.parquet,True,.parquet,74349865,19406.0,47,RECORD_ID|BLIND_ID|PAIR_ID|ARM|SOURCE_SHARD|EVALUATION_SESSION_ID|EVALUATION_ORDER|TIMESTAMP|ERA_2025_06_08|LANGUAGE|IS_CODE|MODEL|PROVIDER|WINNER_RAW|PERSPECTIVE_LABEL|DEVELOPMENT_SPLIT|DATASET_ROLE|CONFIRMATORY_USE_ALLOWED|F3_PROSPECTIVE_ELIGIBLE|F1_CONSTRAINT_ORIGIN|F1_DOWNSTREAM_DATA_LOSS_RISK|NORMALIZED_CONVERSATION_JSON|CONVERSATION_TEXT|N_TURNS|N_USER_TURNS|N_ASSISTANT_TURNS|TOTAL_CHARS|USER_CHARS|ASSISTANT_CHARS|WORD_COUNT|TYPE_TOKEN_RATIO|MEAN_TURN_CHARS|MAX_TURN_CHARS|ROLE_ALTERNATION_RATIO|DUPLICATE_TURN_RATIO|PARAGRAPH_COUNT|CODE_FENCE_COUNT|MARKDOWN_HEADER_COUNT|LIST_ITEM_COUNT|COLON_COUNT|BRACKET_COUNT|UPPERCASE_RATIO|DIGIT_RATIO|COMPRESSION_RATIO|SHAPE_SIGNATURE|SHAPE_SHA256|TEXT_SHA256,RECORD_ID,TIMESTAMP|ERA_2025_06_08,PERSPECTIVE_LABEL,EVALUATION_SESSION_ID,25,False,,RELATIONAL_TOPOLOGICAL
11,C:\RSOS\Training data\LMARENA_V12_V18_UPDATED\06_DEVELOPMENT_SPLITS\DEVELOPMENT_VALIDATION\train-00000-of-00007__DEVELOPMENT_VALIDATION.parquet,True,.parquet,36926849,9634.0,47,RECORD_ID|BLIND_ID|PAIR_ID|ARM|SOURCE_SHARD|EVALUATION_SESSION_ID|EVALUATION_ORDER|TIMESTAMP|ERA_2025_06_08|LANGUAGE|IS_CODE|MODEL|PROVIDER|WINNER_RAW|PERSPECTIVE_LABEL|DEVELOPMENT_SPLIT|DATASET_ROLE|CONFIRMATORY_USE_ALLOWED|F3_PROSPECTIVE_ELIGIBLE|F1_CONSTRAINT_ORIGIN|F1_DOWNSTREAM_DATA_LOSS_RISK|NORMALIZED_CONVERSATION_JSON|CONVERSATION_TEXT|N_TURNS|N_USER_TURNS|N_ASSISTANT_TURNS|TOTAL_CHARS|USER_CHARS|ASSISTANT_CHARS|WORD_COUNT|TYPE_TOKEN_RATIO|MEAN_TURN_CHARS|MAX_TURN_CHARS|ROLE_ALTERNATION_RATIO|DUPLICATE_TURN_RATIO|PARAGRAPH_COUNT|CODE_FENCE_COUNT|MARKDOWN_HEADER_COUNT|LIST_ITEM_COUNT|COLON_COUNT|BRACKET_COUNT|UPPERCASE_RATIO|DIGIT_RATIO|COMPRESSION_RATIO|SHAPE_SIGNATURE|SHAPE_SHA256|TEXT_SHA256,RECORD_ID,TIMESTAMP|ERA_2025_06_08,PERSPECTIVE_LABEL,EVALUATION_SESSION_ID,25,False,,RELATIONAL_TOPOLOGICAL
9,C:\RSOS\Training data\LMARENA_V12_V18_UPDATED\05_F2_LINEAGE\F2_LINEAGE_PARENT_CANDIDATES.parquet,True,.parquet,1458640,19377.0,14,PAIR_ID|EVALUATION_SESSION_ID|EVALUATION_ORDER|TIMESTAMP|LANGUAGE|IS_CODE|TURN_BUCKET|SOURCE_SHARD|TRUE_PREDECESSOR_ID|FUTURE_PARENT_ID|HAS_TRUE_PREDECESSOR|HAS_FUTURE_PARENT|FALSE_PARENT_ID|LINEAGE_SCOPE,,TIMESTAMP,LINEAGE_SCOPE,EVALUATION_SESSION_ID,5,False,,HISTORICAL_LINEAGE
9,C:\RSOS\RSOS  Python Results\V12_RELATIONAL_TOPOLOGY_CAUSAL_MAP_JSON_R4\26_NATIVE_RAW.jsonl,True,.jsonl,704039,,16,cell_key|seed|frame|rep|status|attempt|attempt_failures|utc|prompt_sha256|text_sha256|text|parsed|labels|latency_seconds|input_tokens|output_tokens,,latency_seconds,labels,,6,False,,RELATIONAL_TOPOLOGICAL
9,C:\RSOS\RSOS  Python Results\V9_REPRESENTATIONAL_TRANSPORT_OPERATOR\06_RESPONSE_FEATURES.csv,True,.csv,1066649,,21,condition|seed|rep|response_id|response_sha256|latency_seconds|OUTPUT_TOKENS|WORD_COUNT|TYPE_TOKEN_RATIO|RETURN|RECURRENCE|GENERATIVE_REUSE|META_CONTROL|PRESERVATION|COMPRESSION|TRANSFORMATION|CAUSAL|TRAJECTORY|CONTROL|RELATIONAL|TOTAL,,latency_seconds|GENERATIVE_REUSE,META_CONTROL|CONTROL,,18,False,,RELATIONAL_TOPOLOGICAL
9,C:\RSOS\RSOS_EXPERIMENTS_WF1_A_V12_R_CORRECTIVE_CAUSAL_TOPOLOGY\ADJUDICATION\WF1_A_R1_SENSITIVITY_S2_OUTCOME_20260913_233429\03_S2_OUTCOME_COMPARISON.csv,True,.csv,878,,19,SCENARIO|SEEDS|DEV|CONF|HOLD|OBSERVED_MAIN_CELLS|CLASSIFICATION|PRIMARY_STRONG_GATE|HARD_AUC_CONFIRMATION|HARD_AUC_FINAL|PURE9_DELETE_CONF_EXCESS|PURE9_DELETE_CONF_HOLM_P|PURE9_DELETE_FINAL_EXCESS|PURE9_DELETE_FINAL_HOLM_P|PURE8_REVERSE_CONF_EXCESS|PURE8_REVERSE_CONF_HOLM_P|PURE8_REVERSE_FINAL_EXCESS|PURE8_REVERSE_FINAL_HOLM_P|NATIVE_TRIANGULATED,,NATIVE_TRIANGULATED,CLASSIFICATION,,17,False,,RELATIONAL_TOPOLOGICAL
9,C:\RSOS\RSOS_EXPERIMENTS_WF1_A_V12_R_CORRECTIVE_CAUSAL_TOPOLOGY\INPUTS\V12_ORIGINAL_RESULTS\26_NATIVE_RAW.jsonl,True,.jsonl,704039,,16,cell_key|seed|frame|rep|status|attempt|attempt_failures|utc|prompt_sha256|text_sha256|text|parsed|labels|latency_seconds|input_tokens|output_tokens,,latency_seconds,labels,,6,False,,RELATIONAL_TOPOLOGICAL
9,C:\RSOS\RSOS_EXPERIMENTS_WF1_A_V12_R_CORRECTIVE_CAUSAL_TOPOLOGY\OUTPUT\26_NATIVE_RAW.jsonl,True,.jsonl,704090,,16,cell_key|seed|frame|rep|status|attempt|attempt_failures|utc|prompt_sha256|text_sha256|text|parsed|labels|latency_seconds|input_tokens|output_tokens,,latency_seconds,labels,,6,False,,RELATIONAL_TOPOLOGICAL
9,C:\RSOS\RSOS_EXPERIMENTS_WF1_A_V12_R_CORRECTIVE_CAUSAL_TOPOLOGY\PUBLICATION\WF1_A_WF1_B_GITHUB_PROVENANCE_PACKAGE_v1\WF1_A\ADJUDICATION\WF1_A_R1_SENSITIVITY_S2_OUTCOME_20260913_233429\03_S2_OUTCOME_COMPARISON.csv,True,.csv,878,,19,SCENARIO|SEEDS|DEV|CONF|HOLD|OBSERVED_MAIN_CELLS|CLASSIFICATION|PRIMARY_STRONG_GATE|HARD_AUC_CONFIRMATION|HARD_AUC_FINAL|PURE9_DELETE_CONF_EXCESS|PURE9_DELETE_CONF_HOLM_P|PURE9_DELETE_FINAL_EXCESS|PURE9_DELETE_FINAL_HOLM_P|PURE8_REVERSE_CONF_EXCESS|PURE8_REVERSE_CONF_HOLM_P|PURE8_REVERSE_FINAL_EXCESS|PURE8_REVERSE_FINAL_HOLM_P|NATIVE_TRIANGULATED,,NATIVE_TRIANGULATED,CLASSIFICATION,,17,False,,RELATIONAL_TOPOLOGICAL
9,C:\RSOS\RSOS_EXPERIMENTS_WF1_A_V12_R_CORRECTIVE_CAUSAL_TOPOLOGY\PUBLICATION\WF1_A_WF1_B_GITHUB_PROVENANCE_PACKAGE_v1\WF1_B_EXTERNAL_POPULATION_PARQUET\FRESH_SHARD14_CONFIRMATION_R3\01_EXTERNAL_FEATURES\F2_B_EXTERNAL_FEATURES_AND_SCORES.parquet,True,.parquet,7034067,13777.0,107,BLIND_EXTERNAL_ID|CLUSTER_ID|SHARD|ROW_IN_SHARD|MODEL|LANGUAGE|TOXIC|SOURCE_REDACTED|SYSTEM_NAME_HITS|raw_chars|raw_turns|REDACTED_SPANS|N_TURNS|TOTAL_CHARS|TYPE_TOKEN_RATIO|UPPERCASE_RATIO|DIGIT_RATIO|COMPRESSION_RATIO|USER_CHAR_SHARE|MEAN_MAX_TURN_RATIO|WORDS_PER_1K_CHAR|TURNS_PER_1K_CHAR|PARAGRAPHS_PER_TURN|CODE_FENCES_PER_1K_CHAR|HEADERS_PER_1K_CHAR|LIST_ITEMS_PER_1K_CHAR|COLONS_PER_1K_CHAR|BRACKETS_PER_1K_CHAR|ROLE_ALTERNATION_RATIO|DUPLICATE_TURN_RATIO|USER_ASSISTANT_CHAR_RATIO|TURN_CHAR_CV|TURN_LENGTH_ENTROPY|TURN_LENGTH_SLOPE|QUESTION_PER_1K_CHAR|EXCLAM_PER_1K_CHAR|ARROW_PER_1K_CHAR|EQUAL_PER_1K_CHAR|SEMICOLON_PER_1K_CHAR|PIPE_PER_1K_CHAR|NUMBERED_LIST_PER_1K_CHAR|NESTED_LIST_PER_1K_CHAR|HEADER_LEVEL_MEAN|HEADER_LEVEL_MAX|SEM_RECURSION_PER_1K_CHAR|SEM_ORDER_PER_1K_CHAR|SEM_CONDITIONAL_PER_1K_CHAR|SEM_PRESERVE_PER_1K_CHAR|SEM_SWITCH_PER_1K_CHAR|SEM_TERMINAL_PER_1K_CHAR|SEM_META_PER_1K_CHAR|SEM_CONTROL_PER_1K_CHAR|SEM_CAUSAL_PER_1K_CHAR|SEM_RELATION_PER_1K_CHAR|SEM_REFERENCE_PER_1K_CHAR|RECURSION_FIRST_POS|RECURSION_SPAN|ORDER_FIRST_POS|ORDER_SPAN|CONDITIONAL_FIRST_POS|CONDITIONAL_SPAN|PRESERVE_FIRST_POS|PRESERVE_SPAN|SWITCH_FIRST_POS|SWITCH_SPAN|TERMINAL_FIRST_POS|TERMINAL_SPAN|META_FIRST_POS|META_SPAN|CONTROL_FIRST_POS|CONTROL_SPAN|CAUSAL_FIRST_POS|CAUSAL_SPAN|RELATION_FIRST_POS|RELATION_SPAN|REFERENCE_FIRST_POS|REFERENCE_SPAN|USER_TURN_MEAN|ASSISTANT_TURN_MEAN|RESPONSE_EXPANSION_RATIO|USER_LENGTH_SLOPE|ASSISTANT_LENGTH_SLOPE|USER_ASSISTANT_OPERATOR_COSINE|JOINT_MULTILAYER_V2_MARGIN|OPERATOR_RELATIONAL_V2_MARGIN|SURFACE_FREE_MARGIN|R1_COMPATIBLE_MARGIN|WINDOW8_MARGIN|WINDOW8_COUNT|WINDOW8_CHAR_MEDIAN|WINDOW12_MARGIN|WINDOW12_COUNT|WINDOW12_CHAR_MEDIAN|JOINT_MARGIN|OPERATOR_MARGIN|MAHALANOBIS|KNN5_DISTANCE|CENTROID_COSINE|JOINT_MARGIN_SIM_Z|OPERATOR_MARGIN_SIM_Z|MAHALANOBIS_SIM_Z|KNN5_DISTANCE_SIM_Z|CENTROID_COSINE_SIM_Z|COMPOSITE_MEDIAN_Z|COMPOSITE_MIN_Z|IS_ENGLISH|PRIMARY_ELIGIBLE,,USER_ASSISTANT_OPERATOR_COSINE|OPERATOR_RELATIONAL_V2_MARGIN|OPERATOR_MARGIN|OPERATOR_MARGIN_SIM_Z,SEM_CONTROL_PER_1K_CHAR|CONTROL_FIRST_POS|CONTROL_SPAN,,102,False,,RELATIONAL_TOPOLOGICAL
9,C:\RSOS\RSOS_EXPERIMENTS_WF1_A_V12_R_CORRECTIVE_CAUSAL_TOPOLOGY\PUBLICATION\WF1_A_WF1_B_GITHUB_PROVENANCE_PACKAGE_v1\WF1_B_EXTERNAL_POPULATION_PARQUET\FRESH_SHARD14_CONFIRMATION_R3\03_GEOMETRY\RARITY_AND_TOLERANCE_RESULTS.csv,True,.csv,9453,,11,POPULATION|MEASURE|REFERENCE|THRESHOLD|N_EXTERNAL|MATCHES|FRACTION|CI_LOW|CI_HIGH|ONE_IN|LINEAGE_ACTUAL_COVERAGE,,LINEAGE_ACTUAL_COVERAGE,LINEAGE_ACTUAL_COVERAGE,,8,False,,RELATIONAL_TOPOLOGICAL
9,C:\RSOS\RSOS_EXPERIMENTS_WF1_A_V12_R_CORRECTIVE_CAUSAL_TOPOLOGY\PUBLICATION\WF1_A_WF1_B_GITHUB_PROVENANCE_PACKAGE_v1\WF1_B_EXTERNAL_POPULATION_PARQUET\FRESH_SHARD14_CONFIRMATION_R3\07_AUDIT\F2_B_SUMMARY.json,True,.json,1827,,11,POPULATION|MEASURE|REFERENCE|THRESHOLD|N_EXTERNAL|MATCHES|FRACTION|CI_LOW|CI_HIGH|ONE_IN|LINEAGE_ACTUAL_COVERAGE,,LINEAGE_ACTUAL_COVERAGE,LINEAGE_ACTUAL_COVERAGE,,8,False,,RELATIONAL_TOPOLOGICAL
9,C:\RSOS\RSOS_EXPERIMENTS_WF1_A_V12_R_CORRECTIVE_CAUSAL_TOPOLOGY\PUBLICATION\WF1_A_WF1_B_GITHUB_PROVENANCE_PACKAGE_v1\WF1_B_EXTERNAL_POPULATION_PARQUET\WF1_B_FINAL_AUTHORITY_R3\07_AUDIT\F2_B_SUMMARY.json,True,.json,1827,,11,POPULATION|MEASURE|REFERENCE|THRESHOLD|N_EXTERNAL|MATCHES|FRACTION|CI_LOW|CI_HIGH|ONE_IN|LINEAGE_ACTUAL_COVERAGE,,LINEAGE_ACTUAL_COVERAGE,LINEAGE_ACTUAL_COVERAGE,,8,False,,RELATIONAL_TOPOLOGICAL
9,C:\RSOS\RSOS_EXPERIMENTS_WF1_A_V12_R_CORRECTIVE_CAUSAL_TOPOLOGY\WF1_B_EXTERNAL_POPULATION_PARQUET\07_OUTPUT\FRESH_SHARD14_CONFIRMATION_R3\01_EXTERNAL_FEATURES\F2_B_EXTERNAL_FEATURES_AND_SCORES.parquet,True,.parquet,7034067,13777.0,107,BLIND_EXTERNAL_ID|CLUSTER_ID|SHARD|ROW_IN_SHARD|MODEL|LANGUAGE|TOXIC|SOURCE_REDACTED|SYSTEM_NAME_HITS|raw_chars|raw_turns|REDACTED_SPANS|N_TURNS|TOTAL_CHARS|TYPE_TOKEN_RATIO|UPPERCASE_RATIO|DIGIT_RATIO|COMPRESSION_RATIO|USER_CHAR_SHARE|MEAN_MAX_TURN_RATIO|WORDS_PER_1K_CHAR|TURNS_PER_1K_CHAR|PARAGRAPHS_PER_TURN|CODE_FENCES_PER_1K_CHAR|HEADERS_PER_1K_CHAR|LIST_ITEMS_PER_1K_CHAR|COLONS_PER_1K_CHAR|BRACKETS_PER_1K_CHAR|ROLE_ALTERNATION_RATIO|DUPLICATE_TURN_RATIO|USER_ASSISTANT_CHAR_RATIO|TURN_CHAR_CV|TURN_LENGTH_ENTROPY|TURN_LENGTH_SLOPE|QUESTION_PER_1K_CHAR|EXCLAM_PER_1K_CHAR|ARROW_PER_1K_CHAR|EQUAL_PER_1K_CHAR|SEMICOLON_PER_1K_CHAR|PIPE_PER_1K_CHAR|NUMBERED_LIST_PER_1K_CHAR|NESTED_LIST_PER_1K_CHAR|HEADER_LEVEL_MEAN|HEADER_LEVEL_MAX|SEM_RECURSION_PER_1K_CHAR|SEM_ORDER_PER_1K_CHAR|SEM_CONDITIONAL_PER_1K_CHAR|SEM_PRESERVE_PER_1K_CHAR|SEM_SWITCH_PER_1K_CHAR|SEM_TERMINAL_PER_1K_CHAR|SEM_META_PER_1K_CHAR|SEM_CONTROL_PER_1K_CHAR|SEM_CAUSAL_PER_1K_CHAR|SEM_RELATION_PER_1K_CHAR|SEM_REFERENCE_PER_1K_CHAR|RECURSION_FIRST_POS|RECURSION_SPAN|ORDER_FIRST_POS|ORDER_SPAN|CONDITIONAL_FIRST_POS|CONDITIONAL_SPAN|PRESERVE_FIRST_POS|PRESERVE_SPAN|SWITCH_FIRST_POS|SWITCH_SPAN|TERMINAL_FIRST_POS|TERMINAL_SPAN|META_FIRST_POS|META_SPAN|CONTROL_FIRST_POS|CONTROL_SPAN|CAUSAL_FIRST_POS|CAUSAL_SPAN|RELATION_FIRST_POS|RELATION_SPAN|REFERENCE_FIRST_POS|REFERENCE_SPAN|USER_TURN_MEAN|ASSISTANT_TURN_MEAN|RESPONSE_EXPANSION_RATIO|USER_LENGTH_SLOPE|ASSISTANT_LENGTH_SLOPE|USER_ASSISTANT_OPERATOR_COSINE|JOINT_MULTILAYER_V2_MARGIN|OPERATOR_RELATIONAL_V2_MARGIN|SURFACE_FREE_MARGIN|R1_COMPATIBLE_MARGIN|WINDOW8_MARGIN|WINDOW8_COUNT|WINDOW8_CHAR_MEDIAN|WINDOW12_MARGIN|WINDOW12_COUNT|WINDOW12_CHAR_MEDIAN|JOINT_MARGIN|OPERATOR_MARGIN|MAHALANOBIS|KNN5_DISTANCE|CENTROID_COSINE|JOINT_MARGIN_SIM_Z|OPERATOR_MARGIN_SIM_Z|MAHALANOBIS_SIM_Z|KNN5_DISTANCE_SIM_Z|CENTROID_COSINE_SIM_Z|COMPOSITE_MEDIAN_Z|COMPOSITE_MIN_Z|IS_ENGLISH|PRIMARY_ELIGIBLE,,USER_ASSISTANT_OPERATOR_COSINE|OPERATOR_RELATIONAL_V2_MARGIN|OPERATOR_MARGIN|OPERATOR_MARGIN_SIM_Z,SEM_CONTROL_PER_1K_CHAR|CONTROL_FIRST_POS|CONTROL_SPAN,,102,False,,RELATIONAL_TOPOLOGICAL
9,C:\RSOS\RSOS_EXPERIMENTS_WF1_A_V12_R_CORRECTIVE_CAUSAL_TOPOLOGY\WF1_B_EXTERNAL_POPULATION_PARQUET\07_OUTPUT\FRESH_SHARD14_CONFIRMATION_R3\03_GEOMETRY\RARITY_AND_TOLERANCE_RESULTS.csv,True,.csv,9453,,11,POPULATION|MEASURE|REFERENCE|THRESHOLD|N_EXTERNAL|MATCHES|FRACTION|CI_LOW|CI_HIGH|ONE_IN|LINEAGE_ACTUAL_COVERAGE,,LINEAGE_ACTUAL_COVERAGE,LINEAGE_ACTUAL_COVERAGE,,8,False,,RELATIONAL_TOPOLOGICAL
9,C:\RSOS\RSOS_EXPERIMENTS_WF1_A_V12_R_CORRECTIVE_CAUSAL_TOPOLOGY\WF1_B_EXTERNAL_POPULATION_PARQUET\07_OUTPUT\FRESH_SHARD14_CONFIRMATION_R3\07_AUDIT\F2_B_SUMMARY.json,True,.json,1827,,11,POPULATION|MEASURE|REFERENCE|THRESHOLD|N_EXTERNAL|MATCHES|FRACTION|CI_LOW|CI_HIGH|ONE_IN|LINEAGE_ACTUAL_COVERAGE,,LINEAGE_ACTUAL_COVERAGE,LINEAGE_ACTUAL_COVERAGE,,8,False,,RELATIONAL_TOPOLOGICAL
9,C:\RSOS\RSOS_EXPERIMENTS_WF1_A_V12_R_CORRECTIVE_CAUSAL_TOPOLOGY\WF1_B_EXTERNAL_POPULATION_PARQUET\09_ADJUDICATION\WF1_B_FINAL_AUTHORITY_R3\07_AUDIT\F2_B_SUMMARY.json,True,.json,1827,,11,POPULATION|MEASURE|REFERENCE|THRESHOLD|N_EXTERNAL|MATCHES|FRACTION|CI_LOW|CI_HIGH|ONE_IN|LINEAGE_ACTUAL_COVERAGE,,LINEAGE_ACTUAL_COVERAGE,LINEAGE_ACTUAL_COVERAGE,,8,False,,RELATIONAL_TOPOLOGICAL
9,C:\RSOS\Training data\F1_DEV_R5_V12_SPECIFICITY_OPERATOR\04_ADVERSARIAL_NEAREST_CONTROLS\TOP100_NEAREST_OPERATOR_CONTROLS.csv,True,.csv,19392,,19,PARTITION|CONTROL_ID|Q|K|S|Z|O_ORDER_DIRECT_EDGE_COHERENCE|O_ORDER_ADJ_REACHABILITY|O_ORDER_ALL_FORWARD_REACHABILITY|O_K_INCIDENT_EDGE_SHARE|O_K_MUTUAL_REACHABILITY|O_S_SOURCE_EXISTS|O_S_TARGET_EXISTS|O_S_TARGET_REACHABLE|O_S_APPLICABLE|O_Z_SINKNESS|O_Z_REACHABLE_FROM_Q_FRAC|O_Z_Q_POSITION|OPERATOR_DISTANCE,,OPERATOR_DISTANCE,CONTROL_ID,,14,False,,RELATIONAL_TOPOLOGICAL
9,C:\RSOS\Training data\F2_BR0_FULL_FINGERPRINT_RECOVERY\01_CANONICAL_INPUTS\F1_DEV_R5_V12_SPECIFICITY_OPERATOR\04_ADVERSARIAL_NEAREST_CONTROLS\TOP100_NEAREST_OPERATOR_CONTROLS.csv,True,.csv,19392,,19,PARTITION|CONTROL_ID|Q|K|S|Z|O_ORDER_DIRECT_EDGE_COHERENCE|O_ORDER_ADJ_REACHABILITY|O_ORDER_ALL_FORWARD_REACHABILITY|O_K_INCIDENT_EDGE_SHARE|O_K_MUTUAL_REACHABILITY|O_S_SOURCE_EXISTS|O_S_TARGET_EXISTS|O_S_TARGET_REACHABLE|O_S_APPLICABLE|O_Z_SINKNESS|O_Z_REACHABLE_FROM_Q_FRAC|O_Z_Q_POSITION|OPERATOR_DISTANCE,,OPERATOR_DISTANCE,CONTROL_ID,,14,False,,RELATIONAL_TOPOLOGICAL
9,C:\RSOS\Training data\F2_BR0_FULL_FINGERPRINT_RECOVERY\01_CANONICAL_INPUTS\V9_REPRESENTATIONAL_TRANSPORT_OPERATOR\06_RESPONSE_FEATURES.csv,True,.csv,1066649,,21,condition|seed|rep|response_id|response_sha256|latency_seconds|OUTPUT_TOKENS|WORD_COUNT|TYPE_TOKEN_RATIO|RETURN|RECURRENCE|GENERATIVE_REUSE|META_CONTROL|PRESERVATION|COMPRESSION|TRANSFORMATION|CAUSAL|TRAJECTORY|CONTROL|RELATIONAL|TOTAL,,latency_seconds|GENERATIVE_REUSE,META_CONTROL|CONTROL,,18,False,,RELATIONAL_TOPOLOGICAL
9,C:\RSOS\Training data\F2_BR0_FULL_FINGERPRINT_RECOVERY\01_CANONICAL_INPUTS\V9_REPRESENTATIONAL_TRANSPORT_OPERATOR\07_SEED_LEVEL_RESULTS.csv,True,.csv,306778,,17,seed|condition|OUTPUT_TOKENS|WORD_COUNT|TYPE_TOKEN_RATIO|RETURN|RECURRENCE|GENERATIVE_REUSE|META_CONTROL|PRESERVATION|COMPRESSION|TRANSFORMATION|CAUSAL|TRAJECTORY|CONTROL|RELATIONAL|TOTAL,,GENERATIVE_REUSE,META_CONTROL|CONTROL,,16,False,,RELATIONAL_TOPOLOGICAL
9,C:\RSOS\Training data\F2_BR0_FULL_FINGERPRINT_RECOVERY\01_CANONICAL_INPUTS\V9_REPRESENTATIONAL_TRANSPORT_OPERATOR\13_TRANSPORT_EFFECT_VECTORS.csv,True,.csv,1967,,9,condition|RETURN|RECURRENCE|GENERATIVE_REUSE|META_CONTROL|PRESERVATION|COMPRESSION|TRANSFORMATION|CAUSAL,,GENERATIVE_REUSE,META_CONTROL,,8,False,,RELATIONAL_TOPOLOGICAL
9,C:\RSOS\Training data\F2_BR0_FULL_FINGERPRINT_RECOVERY\F2_BR1_REVIEW_BUNDLE\F1_DEV_R5_V12_SPECIFICITY_OPERATOR\04_ADVERSARIAL_NEAREST_CONTROLS\TOP100_NEAREST_OPERATOR_CONTROLS.csv,True,.csv,19392,,19,PARTITION|CONTROL_ID|Q|K|S|Z|O_ORDER_DIRECT_EDGE_COHERENCE|O_ORDER_ADJ_REACHABILITY|O_ORDER_ALL_FORWARD_REACHABILITY|O_K_INCIDENT_EDGE_SHARE|O_K_MUTUAL_REACHABILITY|O_S_SOURCE_EXISTS|O_S_TARGET_EXISTS|O_S_TARGET_REACHABLE|O_S_APPLICABLE|O_Z_SINKNESS|O_Z_REACHABLE_FROM_Q_FRAC|O_Z_Q_POSITION|OPERATOR_DISTANCE,,OPERATOR_DISTANCE,CONTROL_ID,,14,False,,RELATIONAL_TOPOLOGICAL
9,C:\RSOS\Training data\F2_BR0_FULL_FINGERPRINT_RECOVERY\F2_BR1_REVIEW_BUNDLE\V9_REPRESENTATIONAL_TRANSPORT_OPERATOR\06_RESPONSE_FEATURES.csv,True,.csv,1066649,,21,condition|seed|rep|response_id|response_sha256|latency_seconds|OUTPUT_TOKENS|WORD_COUNT|TYPE_TOKEN_RATIO|RETURN|RECURRENCE|GENERATIVE_REUSE|META_CONTROL|PRESERVATION|COMPRESSION|TRANSFORMATION|CAUSAL|TRAJECTORY|CONTROL|RELATIONAL|TOTAL,,latency_seconds|GENERATIVE_REUSE,META_CONTROL|CONTROL,,18,False,,RELATIONAL_TOPOLOGICAL
9,C:\RSOS\Training data\F2_BR0_FULL_FINGERPRINT_RECOVERY\F2_BR1_REVIEW_BUNDLE\V9_REPRESENTATIONAL_TRANSPORT_OPERATOR\07_SEED_LEVEL_RESULTS.csv,True,.csv,306778,,17,seed|condition|OUTPUT_TOKENS|WORD_COUNT|TYPE_TOKEN_RATIO|RETURN|RECURRENCE|GENERATIVE_REUSE|META_CONTROL|PRESERVATION|COMPRESSION|TRANSFORMATION|CAUSAL|TRAJECTORY|CONTROL|RELATIONAL|TOTAL,,GENERATIVE_REUSE,META_CONTROL|CONTROL,,16,False,,RELATIONAL_TOPOLOGICAL
9,C:\RSOS\Training data\F2_BR0_FULL_FINGERPRINT_RECOVERY\F2_BR1_REVIEW_BUNDLE\V9_REPRESENTATIONAL_TRANSPORT_OPERATOR\13_TRANSPORT_EFFECT_VECTORS.csv,True,.csv,1967,,9,condition|RETURN|RECURRENCE|GENERATIVE_REUSE|META_CONTROL|PRESERVATION|COMPRESSION|TRANSFORMATION|CAUSAL,,GENERATIVE_REUSE,META_CONTROL,,8,False,,RELATIONAL_TOPOLOGICAL
9,C:\RSOS\V11_STRUCTURAL_METRIC_REPAIR\V6_CLEAN\06_RESPONSE_FEATURE_VECTOR.csv,True,.csv,2193136,,24,seed|condition|rep|response_id|response_sha256|OUTPUT_TOKENS|CHAR_COUNT|WORD_COUNT|SENTENCE_COUNT|TYPE_TOKEN_RATIO|AVG_WORD_LENGTH|LATENCY_SECONDS|RETURN|GENERATIVE_REUSE|RECURRENCE|META_CONTROL|PRESERVATION|COMPRESSION|TRANSFORMATION|CAUSAL|TRAJECTORY_DENSITY|CONTROL_DENSITY|PRESERVATION_DENSITY|FINGERPRINT_MAGNITUDE,,LATENCY_SECONDS|GENERATIVE_REUSE,META_CONTROL|CONTROL_DENSITY,,21,False,,RELATIONAL_TOPOLOGICAL
9,C:\RSOS\V11_STRUCTURAL_METRIC_REPAIR\V6_CLEAN\07_SEED_LEVEL_VECTOR.csv,True,.csv,320144,,21,seed|condition|OUTPUT_TOKENS|CHAR_COUNT|WORD_COUNT|SENTENCE_COUNT|TYPE_TOKEN_RATIO|AVG_WORD_LENGTH|LATENCY_SECONDS|RETURN|GENERATIVE_REUSE|RECURRENCE|META_CONTROL|PRESERVATION|COMPRESSION|TRANSFORMATION|CAUSAL|TRAJECTORY_DENSITY|CONTROL_DENSITY|PRESERVATION_DENSITY|FINGERPRINT_MAGNITUDE,,LATENCY_SECONDS|GENERATIVE_REUSE,META_CONTROL|CONTROL_DENSITY,,20,False,,RELATIONAL_TOPOLOGICAL
9,C:\RSOS\V11_STRUCTURAL_METRIC_REPAIR\V6_ORIGINAL\06_RESPONSE_FEATURE_VECTOR.csv,True,.csv,2066327,,24,seed|condition|rep|response_id|response_sha256|OUTPUT_TOKENS|CHAR_COUNT|WORD_COUNT|SENTENCE_COUNT|TYPE_TOKEN_RATIO|AVG_WORD_LENGTH|LATENCY_SECONDS|RETURN|GENERATIVE_REUSE|RECURRENCE|META_CONTROL|PRESERVATION|COMPRESSION|TRANSFORMATION|CAUSAL|TRAJECTORY_DENSITY|CONTROL_DENSITY|PRESERVATION_DENSITY|FINGERPRINT_MAGNITUDE,,LATENCY_SECONDS|GENERATIVE_REUSE,META_CONTROL|CONTROL_DENSITY,,21,False,,RELATIONAL_TOPOLOGICAL
9,C:\RSOS\V11_STRUCTURAL_METRIC_REPAIR\V6_ORIGINAL\07_SEED_LEVEL_VECTOR.csv,True,.csv,299087,,21,seed|condition|OUTPUT_TOKENS|CHAR_COUNT|WORD_COUNT|SENTENCE_COUNT|TYPE_TOKEN_RATIO|AVG_WORD_LENGTH|LATENCY_SECONDS|RETURN|GENERATIVE_REUSE|RECURRENCE|META_CONTROL|PRESERVATION|COMPRESSION|TRANSFORMATION|CAUSAL|TRAJECTORY_DENSITY|CONTROL_DENSITY|PRESERVATION_DENSITY|FINGERPRINT_MAGNITUDE,,LATENCY_SECONDS|GENERATIVE_REUSE,META_CONTROL|CONTROL_DENSITY,,20,False,,RELATIONAL_TOPOLOGICAL
9,C:\RSOS\V6_CLEAN_CONFIRMATORY_BUILD\EXTRACTED\V9_REPRESENTATIONAL_TRANSPORT_OPERATOR\06_RESPONSE_FEATURES.csv,True,.csv,1066649,,21,condition|seed|rep|response_id|response_sha256|latency_seconds|OUTPUT_TOKENS|WORD_COUNT|TYPE_TOKEN_RATIO|RETURN|RECURRENCE|GENERATIVE_REUSE|META_CONTROL|PRESERVATION|COMPRESSION|TRANSFORMATION|CAUSAL|TRAJECTORY|CONTROL|RELATIONAL|TOTAL,,latency_seconds|GENERATIVE_REUSE,META_CONTROL|CONTROL,,18,False,,RELATIONAL_TOPOLOGICAL
8,C:\RSOS\RSOS_EXPERIMENTS_WF1_A_V12_R_CORRECTIVE_CAUSAL_TOPOLOGY\PUBLICATION\WF1_A_WF1_B_GITHUB_PROVENANCE_PACKAGE_v1\WF1_B_EXTERNAL_POPULATION_PARQUET\04_RUNNER\F2_B_FROZEN_PASSIVE_BASELINE\fixtures\WINDOW12_PARITY_EXPECTED.csv,True,.csv,1801,,54,conversation_id|y|partition|UPPERCASE_RATIO|DIGIT_RATIO|USER_CHAR_SHARE|MEAN_MAX_TURN_RATIO|PARAGRAPHS_PER_TURN|CODE_FENCES_PER_1K_CHAR|HEADERS_PER_1K_CHAR|LIST_ITEMS_PER_1K_CHAR|COLONS_PER_1K_CHAR|BRACKETS_PER_1K_CHAR|ROLE_ALTERNATION_RATIO|USER_ASSISTANT_CHAR_RATIO|TURN_CHAR_CV|TURN_LENGTH_SLOPE|QUESTION_PER_1K_CHAR|EXCLAM_PER_1K_CHAR|ARROW_PER_1K_CHAR|EQUAL_PER_1K_CHAR|SEMICOLON_PER_1K_CHAR|PIPE_PER_1K_CHAR|NUMBERED_LIST_PER_1K_CHAR|NESTED_LIST_PER_1K_CHAR|HEADER_LEVEL_MEAN|HEADER_LEVEL_MAX|SEM_RECURSION|RECURSION_FIRST|SEM_ORDER|ORDER_FIRST|SEM_CONDITIONAL|CONDITIONAL_FIRST|SEM_PRESERVE|PRESERVE_FIRST|SEM_SWITCH|SWITCH_FIRST|SEM_TERMINAL|TERMINAL_FIRST|SEM_META|META_FIRST|SEM_CONTROL|CONTROL_FIRST|SEM_CAUSAL|CAUSAL_FIRST|SEM_RELATION|RELATION_FIRST|SEM_REFERENCE|REFERENCE_FIRST|RESPONSE_EXPANSION_RATIO|USER_LENGTH_SLOPE|ASSISTANT_LENGTH_SLOPE|WINDOW_CHAR_MEDIAN|WINDOW_COUNT,conversation_id,,SEM_CONTROL|CONTROL_FIRST,conversation_id,52,False,,FROZEN_DETECTORS
8,C:\RSOS\RSOS_EXPERIMENTS_WF1_A_V12_R_CORRECTIVE_CAUSAL_TOPOLOGY\PUBLICATION\WF1_A_WF1_B_GITHUB_PROVENANCE_PACKAGE_v1\WF1_B_EXTERNAL_POPULATION_PARQUET\04_RUNNER\F2_B_FROZEN_PASSIVE_BASELINE\fixtures\WINDOW8_PARITY_EXPECTED.csv,True,.csv,1722,,54,conversation_id|y|partition|UPPERCASE_RATIO|DIGIT_RATIO|USER_CHAR_SHARE|MEAN_MAX_TURN_RATIO|PARAGRAPHS_PER_TURN|CODE_FENCES_PER_1K_CHAR|HEADERS_PER_1K_CHAR|LIST_ITEMS_PER_1K_CHAR|COLONS_PER_1K_CHAR|BRACKETS_PER_1K_CHAR|ROLE_ALTERNATION_RATIO|USER_ASSISTANT_CHAR_RATIO|TURN_CHAR_CV|TURN_LENGTH_SLOPE|QUESTION_PER_1K_CHAR|EXCLAM_PER_1K_CHAR|ARROW_PER_1K_CHAR|EQUAL_PER_1K_CHAR|SEMICOLON_PER_1K_CHAR|PIPE_PER_1K_CHAR|NUMBERED_LIST_PER_1K_CHAR|NESTED_LIST_PER_1K_CHAR|HEADER_LEVEL_MEAN|HEADER_LEVEL_MAX|SEM_RECURSION|RECURSION_FIRST|SEM_ORDER|ORDER_FIRST|SEM_CONDITIONAL|CONDITIONAL_FIRST|SEM_PRESERVE|PRESERVE_FIRST|SEM_SWITCH|SWITCH_FIRST|SEM_TERMINAL|TERMINAL_FIRST|SEM_META|META_FIRST|SEM_CONTROL|CONTROL_FIRST|SEM_CAUSAL|CAUSAL_FIRST|SEM_RELATION|RELATION_FIRST|SEM_REFERENCE|REFERENCE_FIRST|RESPONSE_EXPANSION_RATIO|USER_LENGTH_SLOPE|ASSISTANT_LENGTH_SLOPE|WINDOW_CHAR_MEDIAN|WINDOW_COUNT,conversation_id,,SEM_CONTROL|CONTROL_FIRST,conversation_id,52,False,,FROZEN_DETECTORS
8,C:\RSOS\RSOS_EXPERIMENTS_WF1_A_V12_R_CORRECTIVE_CAUSAL_TOPOLOGY\PUBLICATION\WF1_A_WF1_B_GITHUB_PROVENANCE_PACKAGE_v1\WF1_B_EXTERNAL_POPULATION_PARQUET\04_RUNNER\F2_B_FROZEN_PASSIVE_BASELINE\reference\WINDOW12_DETERMINISTIC_FEATURES.csv,True,.csv,352220,,54,conversation_id|y|partition|UPPERCASE_RATIO|DIGIT_RATIO|USER_CHAR_SHARE|MEAN_MAX_TURN_RATIO|PARAGRAPHS_PER_TURN|CODE_FENCES_PER_1K_CHAR|HEADERS_PER_1K_CHAR|LIST_ITEMS_PER_1K_CHAR|COLONS_PER_1K_CHAR|BRACKETS_PER_1K_CHAR|ROLE_ALTERNATION_RATIO|USER_ASSISTANT_CHAR_RATIO|TURN_CHAR_CV|TURN_LENGTH_SLOPE|QUESTION_PER_1K_CHAR|EXCLAM_PER_1K_CHAR|ARROW_PER_1K_CHAR|EQUAL_PER_1K_CHAR|SEMICOLON_PER_1K_CHAR|PIPE_PER_1K_CHAR|NUMBERED_LIST_PER_1K_CHAR|NESTED_LIST_PER_1K_CHAR|HEADER_LEVEL_MEAN|HEADER_LEVEL_MAX|SEM_RECURSION|RECURSION_FIRST|SEM_ORDER|ORDER_FIRST|SEM_CONDITIONAL|CONDITIONAL_FIRST|SEM_PRESERVE|PRESERVE_FIRST|SEM_SWITCH|SWITCH_FIRST|SEM_TERMINAL|TERMINAL_FIRST|SEM_META|META_FIRST|SEM_CONTROL|CONTROL_FIRST|SEM_CAUSAL|CAUSAL_FIRST|SEM_RELATION|RELATION_FIRST|SEM_REFERENCE|REFERENCE_FIRST|RESPONSE_EXPANSION_RATIO|USER_LENGTH_SLOPE|ASSISTANT_LENGTH_SLOPE|WINDOW_CHAR_MEDIAN|WINDOW_COUNT,conversation_id,,SEM_CONTROL|CONTROL_FIRST,conversation_id,52,False,,FROZEN_DETECTORS
8,C:\RSOS\RSOS_EXPERIMENTS_WF1_A_V12_R_CORRECTIVE_CAUSAL_TOPOLOGY\PUBLICATION\WF1_A_WF1_B_GITHUB_PROVENANCE_PACKAGE_v1\WF1_B_EXTERNAL_POPULATION_PARQUET\04_RUNNER\F2_B_FROZEN_PASSIVE_BASELINE\reference\WINDOW8_DETERMINISTIC_FEATURES.csv,True,.csv,389941,,54,conversation_id|y|partition|UPPERCASE_RATIO|DIGIT_RATIO|USER_CHAR_SHARE|MEAN_MAX_TURN_RATIO|PARAGRAPHS_PER_TURN|CODE_FENCES_PER_1K_CHAR|HEADERS_PER_1K_CHAR|LIST_ITEMS_PER_1K_CHAR|COLONS_PER_1K_CHAR|BRACKETS_PER_1K_CHAR|ROLE_ALTERNATION_RATIO|USER_ASSISTANT_CHAR_RATIO|TURN_CHAR_CV|TURN_LENGTH_SLOPE|QUESTION_PER_1K_CHAR|EXCLAM_PER_1K_CHAR|ARROW_PER_1K_CHAR|EQUAL_PER_1K_CHAR|SEMICOLON_PER_1K_CHAR|PIPE_PER_1K_CHAR|NUMBERED_LIST_PER_1K_CHAR|NESTED_LIST_PER_1K_CHAR|HEADER_LEVEL_MEAN|HEADER_LEVEL_MAX|SEM_RECURSION|RECURSION_FIRST|SEM_ORDER|ORDER_FIRST|SEM_CONDITIONAL|CONDITIONAL_FIRST|SEM_PRESERVE|PRESERVE_FIRST|SEM_SWITCH|SWITCH_FIRST|SEM_TERMINAL|TERMINAL_FIRST|SEM_META|META_FIRST|SEM_CONTROL|CONTROL_FIRST|SEM_CAUSAL|CAUSAL_FIRST|SEM_RELATION|RELATION_FIRST|SEM_REFERENCE|REFERENCE_FIRST|RESPONSE_EXPANSION_RATIO|USER_LENGTH_SLOPE|ASSISTANT_LENGTH_SLOPE|WINDOW_CHAR_MEDIAN|WINDOW_COUNT,conversation_id,,SEM_CONTROL|CONTROL_FIRST,conversation_id,52,False,,FROZEN_DETECTORS
8,C:\RSOS\RSOS_EXPERIMENTS_WF1_A_V12_R_CORRECTIVE_CAUSAL_TOPOLOGY\WF1_B_EXTERNAL_POPULATION_PARQUET\04_RUNNER\F2_B_FROZEN_PASSIVE_BASELINE\fixtures\WINDOW12_PARITY_EXPECTED.csv,True,.csv,1801,,54,conversation_id|y|partition|UPPERCASE_RATIO|DIGIT_RATIO|USER_CHAR_SHARE|MEAN_MAX_TURN_RATIO|PARAGRAPHS_PER_TURN|CODE_FENCES_PER_1K_CHAR|HEADERS_PER_1K_CHAR|LIST_ITEMS_PER_1K_CHAR|COLONS_PER_1K_CHAR|BRACKETS_PER_1K_CHAR|ROLE_ALTERNATION_RATIO|USER_ASSISTANT_CHAR_RATIO|TURN_CHAR_CV|TURN_LENGTH_SLOPE|QUESTION_PER_1K_CHAR|EXCLAM_PER_1K_CHAR|ARROW_PER_1K_CHAR|EQUAL_PER_1K_CHAR|SEMICOLON_PER_1K_CHAR|PIPE_PER_1K_CHAR|NUMBERED_LIST_PER_1K_CHAR|NESTED_LIST_PER_1K_CHAR|HEADER_LEVEL_MEAN|HEADER_LEVEL_MAX|SEM_RECURSION|RECURSION_FIRST|SEM_ORDER|ORDER_FIRST|SEM_CONDITIONAL|CONDITIONAL_FIRST|SEM_PRESERVE|PRESERVE_FIRST|SEM_SWITCH|SWITCH_FIRST|SEM_TERMINAL|TERMINAL_FIRST|SEM_META|META_FIRST|SEM_CONTROL|CONTROL_FIRST|SEM_CAUSAL|CAUSAL_FIRST|SEM_RELATION|RELATION_FIRST|SEM_REFERENCE|REFERENCE_FIRST|RESPONSE_EXPANSION_RATIO|USER_LENGTH_SLOPE|ASSISTANT_LENGTH_SLOPE|WINDOW_CHAR_MEDIAN|WINDOW_COUNT,conversation_id,,SEM_CONTROL|CONTROL_FIRST,conversation_id,52,False,,FROZEN_DETECTORS
8,C:\RSOS\RSOS_EXPERIMENTS_WF1_A_V12_R_CORRECTIVE_CAUSAL_TOPOLOGY\WF1_B_EXTERNAL_POPULATION_PARQUET\04_RUNNER\F2_B_FROZEN_PASSIVE_BASELINE\fixtures\WINDOW8_PARITY_EXPECTED.csv,True,.csv,1722,,54,conversation_id|y|partition|UPPERCASE_RATIO|DIGIT_RATIO|USER_CHAR_SHARE|MEAN_MAX_TURN_RATIO|PARAGRAPHS_PER_TURN|CODE_FENCES_PER_1K_CHAR|HEADERS_PER_1K_CHAR|LIST_ITEMS_PER_1K_CHAR|COLONS_PER_1K_CHAR|BRACKETS_PER_1K_CHAR|ROLE_ALTERNATION_RATIO|USER_ASSISTANT_CHAR_RATIO|TURN_CHAR_CV|TURN_LENGTH_SLOPE|QUESTION_PER_1K_CHAR|EXCLAM_PER_1K_CHAR|ARROW_PER_1K_CHAR|EQUAL_PER_1K_CHAR|SEMICOLON_PER_1K_CHAR|PIPE_PER_1K_CHAR|NUMBERED_LIST_PER_1K_CHAR|NESTED_LIST_PER_1K_CHAR|HEADER_LEVEL_MEAN|HEADER_LEVEL_MAX|SEM_RECURSION|RECURSION_FIRST|SEM_ORDER|ORDER_FIRST|SEM_CONDITIONAL|CONDITIONAL_FIRST|SEM_PRESERVE|PRESERVE_FIRST|SEM_SWITCH|SWITCH_FIRST|SEM_TERMINAL|TERMINAL_FIRST|SEM_META|META_FIRST|SEM_CONTROL|CONTROL_FIRST|SEM_CAUSAL|CAUSAL_FIRST|SEM_RELATION|RELATION_FIRST|SEM_REFERENCE|REFERENCE_FIRST|RESPONSE_EXPANSION_RATIO|USER_LENGTH_SLOPE|ASSISTANT_LENGTH_SLOPE|WINDOW_CHAR_MEDIAN|WINDOW_COUNT,conversation_id,,SEM_CONTROL|CONTROL_FIRST,conversation_id,52,False,,FROZEN_DETECTORS
8,C:\RSOS\RSOS_EXPERIMENTS_WF1_A_V12_R_CORRECTIVE_CAUSAL_TOPOLOGY\WF1_B_EXTERNAL_POPULATION_PARQUET\04_RUNNER\F2_B_FROZEN_PASSIVE_BASELINE\reference\WINDOW12_DETERMINISTIC_FEATURES.csv,True,.csv,352220,,54,conversation_id|y|partition|UPPERCASE_RATIO|DIGIT_RATIO|USER_CHAR_SHARE|MEAN_MAX_TURN_RATIO|PARAGRAPHS_PER_TURN|CODE_FENCES_PER_1K_CHAR|HEADERS_PER_1K_CHAR|LIST_ITEMS_PER_1K_CHAR|COLONS_PER_1K_CHAR|BRACKETS_PER_1K_CHAR|ROLE_ALTERNATION_RATIO|USER_ASSISTANT_CHAR_RATIO|TURN_CHAR_CV|TURN_LENGTH_SLOPE|QUESTION_PER_1K_CHAR|EXCLAM_PER_1K_CHAR|ARROW_PER_1K_CHAR|EQUAL_PER_1K_CHAR|SEMICOLON_PER_1K_CHAR|PIPE_PER_1K_CHAR|NUMBERED_LIST_PER_1K_CHAR|NESTED_LIST_PER_1K_CHAR|HEADER_LEVEL_MEAN|HEADER_LEVEL_MAX|SEM_RECURSION|RECURSION_FIRST|SEM_ORDER|ORDER_FIRST|SEM_CONDITIONAL|CONDITIONAL_FIRST|SEM_PRESERVE|PRESERVE_FIRST|SEM_SWITCH|SWITCH_FIRST|SEM_TERMINAL|TERMINAL_FIRST|SEM_META|META_FIRST|SEM_CONTROL|CONTROL_FIRST|SEM_CAUSAL|CAUSAL_FIRST|SEM_RELATION|RELATION_FIRST|SEM_REFERENCE|REFERENCE_FIRST|RESPONSE_EXPANSION_RATIO|USER_LENGTH_SLOPE|ASSISTANT_LENGTH_SLOPE|WINDOW_CHAR_MEDIAN|WINDOW_COUNT,conversation_id,,SEM_CONTROL|CONTROL_FIRST,conversation_id,52,False,,FROZEN_DETECTORS
8,C:\RSOS\RSOS_EXPERIMENTS_WF1_A_V12_R_CORRECTIVE_CAUSAL_TOPOLOGY\WF1_B_EXTERNAL_POPULATION_PARQUET\04_RUNNER\F2_B_FROZEN_PASSIVE_BASELINE\reference\WINDOW8_DETERMINISTIC_FEATURES.csv,True,.csv,389941,,54,conversation_id|y|partition|UPPERCASE_RATIO|DIGIT_RATIO|USER_CHAR_SHARE|MEAN_MAX_TURN_RATIO|PARAGRAPHS_PER_TURN|CODE_FENCES_PER_1K_CHAR|HEADERS_PER_1K_CHAR|LIST_ITEMS_PER_1K_CHAR|COLONS_PER_1K_CHAR|BRACKETS_PER_1K_CHAR|ROLE_ALTERNATION_RATIO|USER_ASSISTANT_CHAR_RATIO|TURN_CHAR_CV|TURN_LENGTH_SLOPE|QUESTION_PER_1K_CHAR|EXCLAM_PER_1K_CHAR|ARROW_PER_1K_CHAR|EQUAL_PER_1K_CHAR|SEMICOLON_PER_1K_CHAR|PIPE_PER_1K_CHAR|NUMBERED_LIST_PER_1K_CHAR|NESTED_LIST_PER_1K_CHAR|HEADER_LEVEL_MEAN|HEADER_LEVEL_MAX|SEM_RECURSION|RECURSION_FIRST|SEM_ORDER|ORDER_FIRST|SEM_CONDITIONAL|CONDITIONAL_FIRST|SEM_PRESERVE|PRESERVE_FIRST|SEM_SWITCH|SWITCH_FIRST|SEM_TERMINAL|TERMINAL_FIRST|SEM_META|META_FIRST|SEM_CONTROL|CONTROL_FIRST|SEM_CAUSAL|CAUSAL_FIRST|SEM_RELATION|RELATION_FIRST|SEM_REFERENCE|REFERENCE_FIRST|RESPONSE_EXPANSION_RATIO|USER_LENGTH_SLOPE|ASSISTANT_LENGTH_SLOPE|WINDOW_CHAR_MEDIAN|WINDOW_COUNT,conversation_id,,SEM_CONTROL|CONTROL_FIRST,conversation_id,52,False,,FROZEN_DETECTORS
8,C:\RSOS\RSOS_EXPERIMENTS_WF2_PROSPECTIVE_CROSS_SYSTEM_CONFIRMATION\00_CONTROL\PRECONSOLIDATION\RSOS_EXPERIMENTS_WF2_A_PROSPECTIVE_FROZEN_SIGNATURE\02_FROZEN_SIGNATURE\DETECTOR_PACKAGE\fixtures\WINDOW12_PARITY_EXPECTED.csv,True,.csv,1801,,54,conversation_id|y|partition|UPPERCASE_RATIO|DIGIT_RATIO|USER_CHAR_SHARE|MEAN_MAX_TURN_RATIO|PARAGRAPHS_PER_TURN|CODE_FENCES_PER_1K_CHAR|HEADERS_PER_1K_CHAR|LIST_ITEMS_PER_1K_CHAR|COLONS_PER_1K_CHAR|BRACKETS_PER_1K_CHAR|ROLE_ALTERNATION_RATIO|USER_ASSISTANT_CHAR_RATIO|TURN_CHAR_CV|TURN_LENGTH_SLOPE|QUESTION_PER_1K_CHAR|EXCLAM_PER_1K_CHAR|ARROW_PER_1K_CHAR|EQUAL_PER_1K_CHAR|SEMICOLON_PER_1K_CHAR|PIPE_PER_1K_CHAR|NUMBERED_LIST_PER_1K_CHAR|NESTED_LIST_PER_1K_CHAR|HEADER_LEVEL_MEAN|HEADER_LEVEL_MAX|SEM_RECURSION|RECURSION_FIRST|SEM_ORDER|ORDER_FIRST|SEM_CONDITIONAL|CONDITIONAL_FIRST|SEM_PRESERVE|PRESERVE_FIRST|SEM_SWITCH|SWITCH_FIRST|SEM_TERMINAL|TERMINAL_FIRST|SEM_META|META_FIRST|SEM_CONTROL|CONTROL_FIRST|SEM_CAUSAL|CAUSAL_FIRST|SEM_RELATION|RELATION_FIRST|SEM_REFERENCE|REFERENCE_FIRST|RESPONSE_EXPANSION_RATIO|USER_LENGTH_SLOPE|ASSISTANT_LENGTH_SLOPE|WINDOW_CHAR_MEDIAN|WINDOW_COUNT,conversation_id,,SEM_CONTROL|CONTROL_FIRST,conversation_id,52,False,,FROZEN_DETECTORS
8,C:\RSOS\RSOS_EXPERIMENTS_WF2_PROSPECTIVE_CROSS_SYSTEM_CONFIRMATION\00_CONTROL\PRECONSOLIDATION\RSOS_EXPERIMENTS_WF2_A_PROSPECTIVE_FROZEN_SIGNATURE\02_FROZEN_SIGNATURE\DETECTOR_PACKAGE\fixtures\WINDOW8_PARITY_EXPECTED.csv,True,.csv,1722,,54,conversation_id|y|partition|UPPERCASE_RATIO|DIGIT_RATIO|USER_CHAR_SHARE|MEAN_MAX_TURN_RATIO|PARAGRAPHS_PER_TURN|CODE_FENCES_PER_1K_CHAR|HEADERS_PER_1K_CHAR|LIST_ITEMS_PER_1K_CHAR|COLONS_PER_1K_CHAR|BRACKETS_PER_1K_CHAR|ROLE_ALTERNATION_RATIO|USER_ASSISTANT_CHAR_RATIO|TURN_CHAR_CV|TURN_LENGTH_SLOPE|QUESTION_PER_1K_CHAR|EXCLAM_PER_1K_CHAR|ARROW_PER_1K_CHAR|EQUAL_PER_1K_CHAR|SEMICOLON_PER_1K_CHAR|PIPE_PER_1K_CHAR|NUMBERED_LIST_PER_1K_CHAR|NESTED_LIST_PER_1K_CHAR|HEADER_LEVEL_MEAN|HEADER_LEVEL_MAX|SEM_RECURSION|RECURSION_FIRST|SEM_ORDER|ORDER_FIRST|SEM_CONDITIONAL|CONDITIONAL_FIRST|SEM_PRESERVE|PRESERVE_FIRST|SEM_SWITCH|SWITCH_FIRST|SEM_TERMINAL|TERMINAL_FIRST|SEM_META|META_FIRST|SEM_CONTROL|CONTROL_FIRST|SEM_CAUSAL|CAUSAL_FIRST|SEM_RELATION|RELATION_FIRST|SEM_REFERENCE|REFERENCE_FIRST|RESPONSE_EXPANSION_RATIO|USER_LENGTH_SLOPE|ASSISTANT_LENGTH_SLOPE|WINDOW_CHAR_MEDIAN|WINDOW_COUNT,conversation_id,,SEM_CONTROL|CONTROL_FIRST,conversation_id,52,False,,FROZEN_DETECTORS
8,C:\RSOS\RSOS_EXPERIMENTS_WF2_PROSPECTIVE_CROSS_SYSTEM_CONFIRMATION\00_CONTROL\PRECONSOLIDATION\RSOS_EXPERIMENTS_WF2_A_PROSPECTIVE_FROZEN_SIGNATURE\02_FROZEN_SIGNATURE\DETECTOR_PACKAGE\reference\WINDOW12_DETERMINISTIC_FEATURES.csv,True,.csv,352220,,54,conversation_id|y|partition|UPPERCASE_RATIO|DIGIT_RATIO|USER_CHAR_SHARE|MEAN_MAX_TURN_RATIO|PARAGRAPHS_PER_TURN|CODE_FENCES_PER_1K_CHAR|HEADERS_PER_1K_CHAR|LIST_ITEMS_PER_1K_CHAR|COLONS_PER_1K_CHAR|BRACKETS_PER_1K_CHAR|ROLE_ALTERNATION_RATIO|USER_ASSISTANT_CHAR_RATIO|TURN_CHAR_CV|TURN_LENGTH_SLOPE|QUESTION_PER_1K_CHAR|EXCLAM_PER_1K_CHAR|ARROW_PER_1K_CHAR|EQUAL_PER_1K_CHAR|SEMICOLON_PER_1K_CHAR|PIPE_PER_1K_CHAR|NUMBERED_LIST_PER_1K_CHAR|NESTED_LIST_PER_1K_CHAR|HEADER_LEVEL_MEAN|HEADER_LEVEL_MAX|SEM_RECURSION|RECURSION_FIRST|SEM_ORDER|ORDER_FIRST|SEM_CONDITIONAL|CONDITIONAL_FIRST|SEM_PRESERVE|PRESERVE_FIRST|SEM_SWITCH|SWITCH_FIRST|SEM_TERMINAL|TERMINAL_FIRST|SEM_META|META_FIRST|SEM_CONTROL|CONTROL_FIRST|SEM_CAUSAL|CAUSAL_FIRST|SEM_RELATION|RELATION_FIRST|SEM_REFERENCE|REFERENCE_FIRST|RESPONSE_EXPANSION_RATIO|USER_LENGTH_SLOPE|ASSISTANT_LENGTH_SLOPE|WINDOW_CHAR_MEDIAN|WINDOW_COUNT,conversation_id,,SEM_CONTROL|CONTROL_FIRST,conversation_id,52,False,,FROZEN_DETECTORS
8,C:\RSOS\RSOS_EXPERIMENTS_WF2_PROSPECTIVE_CROSS_SYSTEM_CONFIRMATION\00_CONTROL\PRECONSOLIDATION\RSOS_EXPERIMENTS_WF2_A_PROSPECTIVE_FROZEN_SIGNATURE\02_FROZEN_SIGNATURE\DETECTOR_PACKAGE\reference\WINDOW8_DETERMINISTIC_FEATURES.csv,True,.csv,389941,,54,conversation_id|y|partition|UPPERCASE_RATIO|DIGIT_RATIO|USER_CHAR_SHARE|MEAN_MAX_TURN_RATIO|PARAGRAPHS_PER_TURN|CODE_FENCES_PER_1K_CHAR|HEADERS_PER_1K_CHAR|LIST_ITEMS_PER_1K_CHAR|COLONS_PER_1K_CHAR|BRACKETS_PER_1K_CHAR|ROLE_ALTERNATION_RATIO|USER_ASSISTANT_CHAR_RATIO|TURN_CHAR_CV|TURN_LENGTH_SLOPE|QUESTION_PER_1K_CHAR|EXCLAM_PER_1K_CHAR|ARROW_PER_1K_CHAR|EQUAL_PER_1K_CHAR|SEMICOLON_PER_1K_CHAR|PIPE_PER_1K_CHAR|NUMBERED_LIST_PER_1K_CHAR|NESTED_LIST_PER_1K_CHAR|HEADER_LEVEL_MEAN|HEADER_LEVEL_MAX|SEM_RECURSION|RECURSION_FIRST|SEM_ORDER|ORDER_FIRST|SEM_CONDITIONAL|CONDITIONAL_FIRST|SEM_PRESERVE|PRESERVE_FIRST|SEM_SWITCH|SWITCH_FIRST|SEM_TERMINAL|TERMINAL_FIRST|SEM_META|META_FIRST|SEM_CONTROL|CONTROL_FIRST|SEM_CAUSAL|CAUSAL_FIRST|SEM_RELATION|RELATION_FIRST|SEM_REFERENCE|REFERENCE_FIRST|RESPONSE_EXPANSION_RATIO|USER_LENGTH_SLOPE|ASSISTANT_LENGTH_SLOPE|WINDOW_CHAR_MEDIAN|WINDOW_COUNT,conversation_id,,SEM_CONTROL|CONTROL_FIRST,conversation_id,52,False,,FROZEN_DETECTORS
8,C:\RSOS\RSOS_EXPERIMENTS_WF2_PROSPECTIVE_CROSS_SYSTEM_CONFIRMATION\02_INPUTS\00_FOUNDATION_FROZEN\DETECTOR_PACKAGE\fixtures\WINDOW12_PARITY_EXPECTED.csv,True,.csv,1801,,54,conversation_id|y|partition|UPPERCASE_RATIO|DIGIT_RATIO|USER_CHAR_SHARE|MEAN_MAX_TURN_RATIO|PARAGRAPHS_PER_TURN|CODE_FENCES_PER_1K_CHAR|HEADERS_PER_1K_CHAR|LIST_ITEMS_PER_1K_CHAR|COLONS_PER_1K_CHAR|BRACKETS_PER_1K_CHAR|ROLE_ALTERNATION_RATIO|USER_ASSISTANT_CHAR_RATIO|TURN_CHAR_CV|TURN_LENGTH_SLOPE|QUESTION_PER_1K_CHAR|EXCLAM_PER_1K_CHAR|ARROW_PER_1K_CHAR|EQUAL_PER_1K_CHAR|SEMICOLON_PER_1K_CHAR|PIPE_PER_1K_CHAR|NUMBERED_LIST_PER_1K_CHAR|NESTED_LIST_PER_1K_CHAR|HEADER_LEVEL_MEAN|HEADER_LEVEL_MAX|SEM_RECURSION|RECURSION_FIRST|SEM_ORDER|ORDER_FIRST|SEM_CONDITIONAL|CONDITIONAL_FIRST|SEM_PRESERVE|PRESERVE_FIRST|SEM_SWITCH|SWITCH_FIRST|SEM_TERMINAL|TERMINAL_FIRST|SEM_META|META_FIRST|SEM_CONTROL|CONTROL_FIRST|SEM_CAUSAL|CAUSAL_FIRST|SEM_RELATION|RELATION_FIRST|SEM_REFERENCE|REFERENCE_FIRST|RESPONSE_EXPANSION_RATIO|USER_LENGTH_SLOPE|ASSISTANT_LENGTH_SLOPE|WINDOW_CHAR_MEDIAN|WINDOW_COUNT,conversation_id,,SEM_CONTROL|CONTROL_FIRST,conversation_id,52,False,,FROZEN_DETECTORS
8,C:\RSOS\RSOS_EXPERIMENTS_WF2_PROSPECTIVE_CROSS_SYSTEM_CONFIRMATION\02_INPUTS\00_FOUNDATION_FROZEN\DETECTOR_PACKAGE\fixtures\WINDOW8_PARITY_EXPECTED.csv,True,.csv,1722,,54,conversation_id|y|partition|UPPERCASE_RATIO|DIGIT_RATIO|USER_CHAR_SHARE|MEAN_MAX_TURN_RATIO|PARAGRAPHS_PER_TURN|CODE_FENCES_PER_1K_CHAR|HEADERS_PER_1K_CHAR|LIST_ITEMS_PER_1K_CHAR|COLONS_PER_1K_CHAR|BRACKETS_PER_1K_CHAR|ROLE_ALTERNATION_RATIO|USER_ASSISTANT_CHAR_RATIO|TURN_CHAR_CV|TURN_LENGTH_SLOPE|QUESTION_PER_1K_CHAR|EXCLAM_PER_1K_CHAR|ARROW_PER_1K_CHAR|EQUAL_PER_1K_CHAR|SEMICOLON_PER_1K_CHAR|PIPE_PER_1K_CHAR|NUMBERED_LIST_PER_1K_CHAR|NESTED_LIST_PER_1K_CHAR|HEADER_LEVEL_MEAN|HEADER_LEVEL_MAX|SEM_RECURSION|RECURSION_FIRST|SEM_ORDER|ORDER_FIRST|SEM_CONDITIONAL|CONDITIONAL_FIRST|SEM_PRESERVE|PRESERVE_FIRST|SEM_SWITCH|SWITCH_FIRST|SEM_TERMINAL|TERMINAL_FIRST|SEM_META|META_FIRST|SEM_CONTROL|CONTROL_FIRST|SEM_CAUSAL|CAUSAL_FIRST|SEM_RELATION|RELATION_FIRST|SEM_REFERENCE|REFERENCE_FIRST|RESPONSE_EXPANSION_RATIO|USER_LENGTH_SLOPE|ASSISTANT_LENGTH_SLOPE|WINDOW_CHAR_MEDIAN|WINDOW_COUNT,conversation_id,,SEM_CONTROL|CONTROL_FIRST,conversation_id,52,False,,FROZEN_DETECTORS
8,C:\RSOS\RSOS_EXPERIMENTS_WF2_PROSPECTIVE_CROSS_SYSTEM_CONFIRMATION\02_INPUTS\00_FOUNDATION_FROZEN\DETECTOR_PACKAGE\reference\WINDOW12_DETERMINISTIC_FEATURES.csv,True,.csv,352220,,54,conversation_id|y|partition|UPPERCASE_RATIO|DIGIT_RATIO|USER_CHAR_SHARE|MEAN_MAX_TURN_RATIO|PARAGRAPHS_PER_TURN|CODE_FENCES_PER_1K_CHAR|HEADERS_PER_1K_CHAR|LIST_ITEMS_PER_1K_CHAR|COLONS_PER_1K_CHAR|BRACKETS_PER_1K_CHAR|ROLE_ALTERNATION_RATIO|USER_ASSISTANT_CHAR_RATIO|TURN_CHAR_CV|TURN_LENGTH_SLOPE|QUESTION_PER_1K_CHAR|EXCLAM_PER_1K_CHAR|ARROW_PER_1K_CHAR|EQUAL_PER_1K_CHAR|SEMICOLON_PER_1K_CHAR|PIPE_PER_1K_CHAR|NUMBERED_LIST_PER_1K_CHAR|NESTED_LIST_PER_1K_CHAR|HEADER_LEVEL_MEAN|HEADER_LEVEL_MAX|SEM_RECURSION|RECURSION_FIRST|SEM_ORDER|ORDER_FIRST|SEM_CONDITIONAL|CONDITIONAL_FIRST|SEM_PRESERVE|PRESERVE_FIRST|SEM_SWITCH|SWITCH_FIRST|SEM_TERMINAL|TERMINAL_FIRST|SEM_META|META_FIRST|SEM_CONTROL|CONTROL_FIRST|SEM_CAUSAL|CAUSAL_FIRST|SEM_RELATION|RELATION_FIRST|SEM_REFERENCE|REFERENCE_FIRST|RESPONSE_EXPANSION_RATIO|USER_LENGTH_SLOPE|ASSISTANT_LENGTH_SLOPE|WINDOW_CHAR_MEDIAN|WINDOW_COUNT,conversation_id,,SEM_CONTROL|CONTROL_FIRST,conversation_id,52,False,,FROZEN_DETECTORS
8,C:\RSOS\RSOS_EXPERIMENTS_WF2_PROSPECTIVE_CROSS_SYSTEM_CONFIRMATION\02_INPUTS\00_FOUNDATION_FROZEN\DETECTOR_PACKAGE\reference\WINDOW8_DETERMINISTIC_FEATURES.csv,True,.csv,389941,,54,conversation_id|y|partition|UPPERCASE_RATIO|DIGIT_RATIO|USER_CHAR_SHARE|MEAN_MAX_TURN_RATIO|PARAGRAPHS_PER_TURN|CODE_FENCES_PER_1K_CHAR|HEADERS_PER_1K_CHAR|LIST_ITEMS_PER_1K_CHAR|COLONS_PER_1K_CHAR|BRACKETS_PER_1K_CHAR|ROLE_ALTERNATION_RATIO|USER_ASSISTANT_CHAR_RATIO|TURN_CHAR_CV|TURN_LENGTH_SLOPE|QUESTION_PER_1K_CHAR|EXCLAM_PER_1K_CHAR|ARROW_PER_1K_CHAR|EQUAL_PER_1K_CHAR|SEMICOLON_PER_1K_CHAR|PIPE_PER_1K_CHAR|NUMBERED_LIST_PER_1K_CHAR|NESTED_LIST_PER_1K_CHAR|HEADER_LEVEL_MEAN|HEADER_LEVEL_MAX|SEM_RECURSION|RECURSION_FIRST|SEM_ORDER|ORDER_FIRST|SEM_CONDITIONAL|CONDITIONAL_FIRST|SEM_PRESERVE|PRESERVE_FIRST|SEM_SWITCH|SWITCH_FIRST|SEM_TERMINAL|TERMINAL_FIRST|SEM_META|META_FIRST|SEM_CONTROL|CONTROL_FIRST|SEM_CAUSAL|CAUSAL_FIRST|SEM_RELATION|RELATION_FIRST|SEM_REFERENCE|REFERENCE_FIRST|RESPONSE_EXPANSION_RATIO|USER_LENGTH_SLOPE|ASSISTANT_LENGTH_SLOPE|WINDOW_CHAR_MEDIAN|WINDOW_COUNT,conversation_id,,SEM_CONTROL|CONTROL_FIRST,conversation_id,52,False,,FROZEN_DETECTORS
8,C:\RSOS\Training data\F1_BR2_LMARENA_MATCHED_CONTROL\01_BR1_FROZEN\F1_BR1_RESULTS_PACKAGE\05_FEATURES\WINDOW12_CONVERSATION_FEATURES.csv,True,.csv,359617,,54,conversation_id|y|partition|UPPERCASE_RATIO|DIGIT_RATIO|USER_CHAR_SHARE|MEAN_MAX_TURN_RATIO|PARAGRAPHS_PER_TURN|CODE_FENCES_PER_1K_CHAR|HEADERS_PER_1K_CHAR|LIST_ITEMS_PER_1K_CHAR|COLONS_PER_1K_CHAR|BRACKETS_PER_1K_CHAR|ROLE_ALTERNATION_RATIO|USER_ASSISTANT_CHAR_RATIO|TURN_CHAR_CV|TURN_LENGTH_SLOPE|QUESTION_PER_1K_CHAR|EXCLAM_PER_1K_CHAR|ARROW_PER_1K_CHAR|EQUAL_PER_1K_CHAR|SEMICOLON_PER_1K_CHAR|PIPE_PER_1K_CHAR|NUMBERED_LIST_PER_1K_CHAR|NESTED_LIST_PER_1K_CHAR|HEADER_LEVEL_MEAN|HEADER_LEVEL_MAX|SEM_RECURSION|RECURSION_FIRST|SEM_ORDER|ORDER_FIRST|SEM_CONDITIONAL|CONDITIONAL_FIRST|SEM_PRESERVE|PRESERVE_FIRST|SEM_SWITCH|SWITCH_FIRST|SEM_TERMINAL|TERMINAL_FIRST|SEM_META|META_FIRST|SEM_CONTROL|CONTROL_FIRST|SEM_CAUSAL|CAUSAL_FIRST|SEM_RELATION|RELATION_FIRST|SEM_REFERENCE|REFERENCE_FIRST|RESPONSE_EXPANSION_RATIO|USER_LENGTH_SLOPE|ASSISTANT_LENGTH_SLOPE|WINDOW_CHAR_MEDIAN|WINDOW_COUNT,conversation_id,,SEM_CONTROL|CONTROL_FIRST,conversation_id,52,False,,FROZEN_DETECTORS
8,C:\RSOS\Training data\F1_BR2_LMARENA_MATCHED_CONTROL\01_BR1_FROZEN\F1_BR1_RESULTS_PACKAGE\05_FEATURES\WINDOW8_CONVERSATION_FEATURES.csv,True,.csv,397260,,54,conversation_id|y|partition|UPPERCASE_RATIO|DIGIT_RATIO|USER_CHAR_SHARE|MEAN_MAX_TURN_RATIO|PARAGRAPHS_PER_TURN|CODE_FENCES_PER_1K_CHAR|HEADERS_PER_1K_CHAR|LIST_ITEMS_PER_1K_CHAR|COLONS_PER_1K_CHAR|BRACKETS_PER_1K_CHAR|ROLE_ALTERNATION_RATIO|USER_ASSISTANT_CHAR_RATIO|TURN_CHAR_CV|TURN_LENGTH_SLOPE|QUESTION_PER_1K_CHAR|EXCLAM_PER_1K_CHAR|ARROW_PER_1K_CHAR|EQUAL_PER_1K_CHAR|SEMICOLON_PER_1K_CHAR|PIPE_PER_1K_CHAR|NUMBERED_LIST_PER_1K_CHAR|NESTED_LIST_PER_1K_CHAR|HEADER_LEVEL_MEAN|HEADER_LEVEL_MAX|SEM_RECURSION|RECURSION_FIRST|SEM_ORDER|ORDER_FIRST|SEM_CONDITIONAL|CONDITIONAL_FIRST|SEM_PRESERVE|PRESERVE_FIRST|SEM_SWITCH|SWITCH_FIRST|SEM_TERMINAL|TERMINAL_FIRST|SEM_META|META_FIRST|SEM_CONTROL|CONTROL_FIRST|SEM_CAUSAL|CAUSAL_FIRST|SEM_RELATION|RELATION_FIRST|SEM_REFERENCE|REFERENCE_FIRST|RESPONSE_EXPANSION_RATIO|USER_LENGTH_SLOPE|ASSISTANT_LENGTH_SLOPE|WINDOW_CHAR_MEDIAN|WINDOW_COUNT,conversation_id,,SEM_CONTROL|CONTROL_FIRST,conversation_id,52,False,,FROZEN_DETECTORS
8,C:\RSOS\Training data\F1_BR2_LMARENA_MATCHED_CONTROL\01_BR1_FROZEN\F1_BR1_RESULTS_PACKAGE\07_RESULTS\WINDOW12_HOLDOUT_SCORES.csv,True,.csv,186213,,55,conversation_id|y|partition|UPPERCASE_RATIO|DIGIT_RATIO|USER_CHAR_SHARE|MEAN_MAX_TURN_RATIO|PARAGRAPHS_PER_TURN|CODE_FENCES_PER_1K_CHAR|HEADERS_PER_1K_CHAR|LIST_ITEMS_PER_1K_CHAR|COLONS_PER_1K_CHAR|BRACKETS_PER_1K_CHAR|ROLE_ALTERNATION_RATIO|USER_ASSISTANT_CHAR_RATIO|TURN_CHAR_CV|TURN_LENGTH_SLOPE|QUESTION_PER_1K_CHAR|EXCLAM_PER_1K_CHAR|ARROW_PER_1K_CHAR|EQUAL_PER_1K_CHAR|SEMICOLON_PER_1K_CHAR|PIPE_PER_1K_CHAR|NUMBERED_LIST_PER_1K_CHAR|NESTED_LIST_PER_1K_CHAR|HEADER_LEVEL_MEAN|HEADER_LEVEL_MAX|SEM_RECURSION|RECURSION_FIRST|SEM_ORDER|ORDER_FIRST|SEM_CONDITIONAL|CONDITIONAL_FIRST|SEM_PRESERVE|PRESERVE_FIRST|SEM_SWITCH|SWITCH_FIRST|SEM_TERMINAL|TERMINAL_FIRST|SEM_META|META_FIRST|SEM_CONTROL|CONTROL_FIRST|SEM_CAUSAL|CAUSAL_FIRST|SEM_RELATION|RELATION_FIRST|SEM_REFERENCE|REFERENCE_FIRST|RESPONSE_EXPANSION_RATIO|USER_LENGTH_SLOPE|ASSISTANT_LENGTH_SLOPE|WINDOW_CHAR_MEDIAN|WINDOW_COUNT|score,conversation_id,,SEM_CONTROL|CONTROL_FIRST,conversation_id,53,False,,FROZEN_DETECTORS
8,C:\RSOS\Training data\F1_BR2_LMARENA_MATCHED_CONTROL\01_BR1_FROZEN\F1_BR1_RESULTS_PACKAGE\07_RESULTS\WINDOW12_VALIDATION_SCORES.csv,True,.csv,89878,,55,conversation_id|y|partition|UPPERCASE_RATIO|DIGIT_RATIO|USER_CHAR_SHARE|MEAN_MAX_TURN_RATIO|PARAGRAPHS_PER_TURN|CODE_FENCES_PER_1K_CHAR|HEADERS_PER_1K_CHAR|LIST_ITEMS_PER_1K_CHAR|COLONS_PER_1K_CHAR|BRACKETS_PER_1K_CHAR|ROLE_ALTERNATION_RATIO|USER_ASSISTANT_CHAR_RATIO|TURN_CHAR_CV|TURN_LENGTH_SLOPE|QUESTION_PER_1K_CHAR|EXCLAM_PER_1K_CHAR|ARROW_PER_1K_CHAR|EQUAL_PER_1K_CHAR|SEMICOLON_PER_1K_CHAR|PIPE_PER_1K_CHAR|NUMBERED_LIST_PER_1K_CHAR|NESTED_LIST_PER_1K_CHAR|HEADER_LEVEL_MEAN|HEADER_LEVEL_MAX|SEM_RECURSION|RECURSION_FIRST|SEM_ORDER|ORDER_FIRST|SEM_CONDITIONAL|CONDITIONAL_FIRST|SEM_PRESERVE|PRESERVE_FIRST|SEM_SWITCH|SWITCH_FIRST|SEM_TERMINAL|TERMINAL_FIRST|SEM_META|META_FIRST|SEM_CONTROL|CONTROL_FIRST|SEM_CAUSAL|CAUSAL_FIRST|SEM_RELATION|RELATION_FIRST|SEM_REFERENCE|REFERENCE_FIRST|RESPONSE_EXPANSION_RATIO|USER_LENGTH_SLOPE|ASSISTANT_LENGTH_SLOPE|WINDOW_CHAR_MEDIAN|WINDOW_COUNT|score,conversation_id,,SEM_CONTROL|CONTROL_FIRST,conversation_id,53,False,,FROZEN_DETECTORS
8,C:\RSOS\Training data\F1_BR2_LMARENA_MATCHED_CONTROL\01_BR1_FROZEN\F1_BR1_RESULTS_PACKAGE\07_RESULTS\WINDOW8_HOLDOUT_SCORES.csv,True,.csv,216570,,55,conversation_id|y|partition|UPPERCASE_RATIO|DIGIT_RATIO|USER_CHAR_SHARE|MEAN_MAX_TURN_RATIO|PARAGRAPHS_PER_TURN|CODE_FENCES_PER_1K_CHAR|HEADERS_PER_1K_CHAR|LIST_ITEMS_PER_1K_CHAR|COLONS_PER_1K_CHAR|BRACKETS_PER_1K_CHAR|ROLE_ALTERNATION_RATIO|USER_ASSISTANT_CHAR_RATIO|TURN_CHAR_CV|TURN_LENGTH_SLOPE|QUESTION_PER_1K_CHAR|EXCLAM_PER_1K_CHAR|ARROW_PER_1K_CHAR|EQUAL_PER_1K_CHAR|SEMICOLON_PER_1K_CHAR|PIPE_PER_1K_CHAR|NUMBERED_LIST_PER_1K_CHAR|NESTED_LIST_PER_1K_CHAR|HEADER_LEVEL_MEAN|HEADER_LEVEL_MAX|SEM_RECURSION|RECURSION_FIRST|SEM_ORDER|ORDER_FIRST|SEM_CONDITIONAL|CONDITIONAL_FIRST|SEM_PRESERVE|PRESERVE_FIRST|SEM_SWITCH|SWITCH_FIRST|SEM_TERMINAL|TERMINAL_FIRST|SEM_META|META_FIRST|SEM_CONTROL|CONTROL_FIRST|SEM_CAUSAL|CAUSAL_FIRST|SEM_RELATION|RELATION_FIRST|SEM_REFERENCE|REFERENCE_FIRST|RESPONSE_EXPANSION_RATIO|USER_LENGTH_SLOPE|ASSISTANT_LENGTH_SLOPE|WINDOW_CHAR_MEDIAN|WINDOW_COUNT|score,conversation_id,,SEM_CONTROL|CONTROL_FIRST,conversation_id,53,False,,FROZEN_DETECTORS
8,C:\RSOS\Training data\F1_BR2_LMARENA_MATCHED_CONTROL\01_BR1_FROZEN\F1_BR1_RESULTS_PACKAGE\07_RESULTS\WINDOW8_VALIDATION_SCORES.csv,True,.csv,96704,,55,conversation_id|y|partition|UPPERCASE_RATIO|DIGIT_RATIO|USER_CHAR_SHARE|MEAN_MAX_TURN_RATIO|PARAGRAPHS_PER_TURN|CODE_FENCES_PER_1K_CHAR|HEADERS_PER_1K_CHAR|LIST_ITEMS_PER_1K_CHAR|COLONS_PER_1K_CHAR|BRACKETS_PER_1K_CHAR|ROLE_ALTERNATION_RATIO|USER_ASSISTANT_CHAR_RATIO|TURN_CHAR_CV|TURN_LENGTH_SLOPE|QUESTION_PER_1K_CHAR|EXCLAM_PER_1K_CHAR|ARROW_PER_1K_CHAR|EQUAL_PER_1K_CHAR|SEMICOLON_PER_1K_CHAR|PIPE_PER_1K_CHAR|NUMBERED_LIST_PER_1K_CHAR|NESTED_LIST_PER_1K_CHAR|HEADER_LEVEL_MEAN|HEADER_LEVEL_MAX|SEM_RECURSION|RECURSION_FIRST|SEM_ORDER|ORDER_FIRST|SEM_CONDITIONAL|CONDITIONAL_FIRST|SEM_PRESERVE|PRESERVE_FIRST|SEM_SWITCH|SWITCH_FIRST|SEM_TERMINAL|TERMINAL_FIRST|SEM_META|META_FIRST|SEM_CONTROL|CONTROL_FIRST|SEM_CAUSAL|CAUSAL_FIRST|SEM_RELATION|RELATION_FIRST|SEM_REFERENCE|REFERENCE_FIRST|RESPONSE_EXPANSION_RATIO|USER_LENGTH_SLOPE|ASSISTANT_LENGTH_SLOPE|WINDOW_CHAR_MEDIAN|WINDOW_COUNT|score,conversation_id,,SEM_CONTROL|CONTROL_FIRST,conversation_id,53,False,,FROZEN_DETECTORS
8,C:\RSOS\Training data\F1_BR2_LMARENA_MATCHED_CONTROL\11_V2_BR1_FROZEN\F1_BR1_RESULTS_PACKAGE\05_FEATURES\WINDOW12_CONVERSATION_FEATURES.csv,True,.csv,359617,,54,conversation_id|y|partition|UPPERCASE_RATIO|DIGIT_RATIO|USER_CHAR_SHARE|MEAN_MAX_TURN_RATIO|PARAGRAPHS_PER_TURN|CODE_FENCES_PER_1K_CHAR|HEADERS_PER_1K_CHAR|LIST_ITEMS_PER_1K_CHAR|COLONS_PER_1K_CHAR|BRACKETS_PER_1K_CHAR|ROLE_ALTERNATION_RATIO|USER_ASSISTANT_CHAR_RATIO|TURN_CHAR_CV|TURN_LENGTH_SLOPE|QUESTION_PER_1K_CHAR|EXCLAM_PER_1K_CHAR|ARROW_PER_1K_CHAR|EQUAL_PER_1K_CHAR|SEMICOLON_PER_1K_CHAR|PIPE_PER_1K_CHAR|NUMBERED_LIST_PER_1K_CHAR|NESTED_LIST_PER_1K_CHAR|HEADER_LEVEL_MEAN|HEADER_LEVEL_MAX|SEM_RECURSION|RECURSION_FIRST|SEM_ORDER|ORDER_FIRST|SEM_CONDITIONAL|CONDITIONAL_FIRST|SEM_PRESERVE|PRESERVE_FIRST|SEM_SWITCH|SWITCH_FIRST|SEM_TERMINAL|TERMINAL_FIRST|SEM_META|META_FIRST|SEM_CONTROL|CONTROL_FIRST|SEM_CAUSAL|CAUSAL_FIRST|SEM_RELATION|RELATION_FIRST|SEM_REFERENCE|REFERENCE_FIRST|RESPONSE_EXPANSION_RATIO|USER_LENGTH_SLOPE|ASSISTANT_LENGTH_SLOPE|WINDOW_CHAR_MEDIAN|WINDOW_COUNT,conversation_id,,SEM_CONTROL|CONTROL_FIRST,conversation_id,52,False,,FROZEN_DETECTORS
8,C:\RSOS\Training data\F1_BR2_LMARENA_MATCHED_CONTROL\11_V2_BR1_FROZEN\F1_BR1_RESULTS_PACKAGE\05_FEATURES\WINDOW8_CONVERSATION_FEATURES.csv,True,.csv,397260,,54,conversation_id|y|partition|UPPERCASE_RATIO|DIGIT_RATIO|USER_CHAR_SHARE|MEAN_MAX_TURN_RATIO|PARAGRAPHS_PER_TURN|CODE_FENCES_PER_1K_CHAR|HEADERS_PER_1K_CHAR|LIST_ITEMS_PER_1K_CHAR|COLONS_PER_1K_CHAR|BRACKETS_PER_1K_CHAR|ROLE_ALTERNATION_RATIO|USER_ASSISTANT_CHAR_RATIO|TURN_CHAR_CV|TURN_LENGTH_SLOPE|QUESTION_PER_1K_CHAR|EXCLAM_PER_1K_CHAR|ARROW_PER_1K_CHAR|EQUAL_PER_1K_CHAR|SEMICOLON_PER_1K_CHAR|PIPE_PER_1K_CHAR|NUMBERED_LIST_PER_1K_CHAR|NESTED_LIST_PER_1K_CHAR|HEADER_LEVEL_MEAN|HEADER_LEVEL_MAX|SEM_RECURSION|RECURSION_FIRST|SEM_ORDER|ORDER_FIRST|SEM_CONDITIONAL|CONDITIONAL_FIRST|SEM_PRESERVE|PRESERVE_FIRST|SEM_SWITCH|SWITCH_FIRST|SEM_TERMINAL|TERMINAL_FIRST|SEM_META|META_FIRST|SEM_CONTROL|CONTROL_FIRST|SEM_CAUSAL|CAUSAL_FIRST|SEM_RELATION|RELATION_FIRST|SEM_REFERENCE|REFERENCE_FIRST|RESPONSE_EXPANSION_RATIO|USER_LENGTH_SLOPE|ASSISTANT_LENGTH_SLOPE|WINDOW_CHAR_MEDIAN|WINDOW_COUNT,conversation_id,,SEM_CONTROL|CONTROL_FIRST,conversation_id,52,False,,FROZEN_DETECTORS
8,C:\RSOS\Training data\F1_BR2_LMARENA_MATCHED_CONTROL\11_V2_BR1_FROZEN\F1_BR1_RESULTS_PACKAGE\07_RESULTS\WINDOW12_HOLDOUT_SCORES.csv,True,.csv,186213,,55,conversation_id|y|partition|UPPERCASE_RATIO|DIGIT_RATIO|USER_CHAR_SHARE|MEAN_MAX_TURN_RATIO|PARAGRAPHS_PER_TURN|CODE_FENCES_PER_1K_CHAR|HEADERS_PER_1K_CHAR|LIST_ITEMS_PER_1K_CHAR|COLONS_PER_1K_CHAR|BRACKETS_PER_1K_CHAR|ROLE_ALTERNATION_RATIO|USER_ASSISTANT_CHAR_RATIO|TURN_CHAR_CV|TURN_LENGTH_SLOPE|QUESTION_PER_1K_CHAR|EXCLAM_PER_1K_CHAR|ARROW_PER_1K_CHAR|EQUAL_PER_1K_CHAR|SEMICOLON_PER_1K_CHAR|PIPE_PER_1K_CHAR|NUMBERED_LIST_PER_1K_CHAR|NESTED_LIST_PER_1K_CHAR|HEADER_LEVEL_MEAN|HEADER_LEVEL_MAX|SEM_RECURSION|RECURSION_FIRST|SEM_ORDER|ORDER_FIRST|SEM_CONDITIONAL|CONDITIONAL_FIRST|SEM_PRESERVE|PRESERVE_FIRST|SEM_SWITCH|SWITCH_FIRST|SEM_TERMINAL|TERMINAL_FIRST|SEM_META|META_FIRST|SEM_CONTROL|CONTROL_FIRST|SEM_CAUSAL|CAUSAL_FIRST|SEM_RELATION|RELATION_FIRST|SEM_REFERENCE|REFERENCE_FIRST|RESPONSE_EXPANSION_RATIO|USER_LENGTH_SLOPE|ASSISTANT_LENGTH_SLOPE|WINDOW_CHAR_MEDIAN|WINDOW_COUNT|score,conversation_id,,SEM_CONTROL|CONTROL_FIRST,conversation_id,53,False,,FROZEN_DETECTORS
8,C:\RSOS\Training data\F1_BR2_LMARENA_MATCHED_CONTROL\11_V2_BR1_FROZEN\F1_BR1_RESULTS_PACKAGE\07_RESULTS\WINDOW12_VALIDATION_SCORES.csv,True,.csv,89878,,55,conversation_id|y|partition|UPPERCASE_RATIO|DIGIT_RATIO|USER_CHAR_SHARE|MEAN_MAX_TURN_RATIO|PARAGRAPHS_PER_TURN|CODE_FENCES_PER_1K_CHAR|HEADERS_PER_1K_CHAR|LIST_ITEMS_PER_1K_CHAR|COLONS_PER_1K_CHAR|BRACKETS_PER_1K_CHAR|ROLE_ALTERNATION_RATIO|USER_ASSISTANT_CHAR_RATIO|TURN_CHAR_CV|TURN_LENGTH_SLOPE|QUESTION_PER_1K_CHAR|EXCLAM_PER_1K_CHAR|ARROW_PER_1K_CHAR|EQUAL_PER_1K_CHAR|SEMICOLON_PER_1K_CHAR|PIPE_PER_1K_CHAR|NUMBERED_LIST_PER_1K_CHAR|NESTED_LIST_PER_1K_CHAR|HEADER_LEVEL_MEAN|HEADER_LEVEL_MAX|SEM_RECURSION|RECURSION_FIRST|SEM_ORDER|ORDER_FIRST|SEM_CONDITIONAL|CONDITIONAL_FIRST|SEM_PRESERVE|PRESERVE_FIRST|SEM_SWITCH|SWITCH_FIRST|SEM_TERMINAL|TERMINAL_FIRST|SEM_META|META_FIRST|SEM_CONTROL|CONTROL_FIRST|SEM_CAUSAL|CAUSAL_FIRST|SEM_RELATION|RELATION_FIRST|SEM_REFERENCE|REFERENCE_FIRST|RESPONSE_EXPANSION_RATIO|USER_LENGTH_SLOPE|ASSISTANT_LENGTH_SLOPE|WINDOW_CHAR_MEDIAN|WINDOW_COUNT|score,conversation_id,,SEM_CONTROL|CONTROL_FIRST,conversation_id,53,False,,FROZEN_DETECTORS
8,C:\RSOS\Training data\F1_BR2_LMARENA_MATCHED_CONTROL\11_V2_BR1_FROZEN\F1_BR1_RESULTS_PACKAGE\07_RESULTS\WINDOW8_HOLDOUT_SCORES.csv,True,.csv,216570,,55,conversation_id|y|partition|UPPERCASE_RATIO|DIGIT_RATIO|USER_CHAR_SHARE|MEAN_MAX_TURN_RATIO|PARAGRAPHS_PER_TURN|CODE_FENCES_PER_1K_CHAR|HEADERS_PER_1K_CHAR|LIST_ITEMS_PER_1K_CHAR|COLONS_PER_1K_CHAR|BRACKETS_PER_1K_CHAR|ROLE_ALTERNATION_RATIO|USER_ASSISTANT_CHAR_RATIO|TURN_CHAR_CV|TURN_LENGTH_SLOPE|QUESTION_PER_1K_CHAR|EXCLAM_PER_1K_CHAR|ARROW_PER_1K_CHAR|EQUAL_PER_1K_CHAR|SEMICOLON_PER_1K_CHAR|PIPE_PER_1K_CHAR|NUMBERED_LIST_PER_1K_CHAR|NESTED_LIST_PER_1K_CHAR|HEADER_LEVEL_MEAN|HEADER_LEVEL_MAX|SEM_RECURSION|RECURSION_FIRST|SEM_ORDER|ORDER_FIRST|SEM_CONDITIONAL|CONDITIONAL_FIRST|SEM_PRESERVE|PRESERVE_FIRST|SEM_SWITCH|SWITCH_FIRST|SEM_TERMINAL|TERMINAL_FIRST|SEM_META|META_FIRST|SEM_CONTROL|CONTROL_FIRST|SEM_CAUSAL|CAUSAL_FIRST|SEM_RELATION|RELATION_FIRST|SEM_REFERENCE|REFERENCE_FIRST|RESPONSE_EXPANSION_RATIO|USER_LENGTH_SLOPE|ASSISTANT_LENGTH_SLOPE|WINDOW_CHAR_MEDIAN|WINDOW_COUNT|score,conversation_id,,SEM_CONTROL|CONTROL_FIRST,conversation_id,53,False,,FROZEN_DETECTORS
8,C:\RSOS\Training data\F1_BR2_LMARENA_MATCHED_CONTROL\11_V2_BR1_FROZEN\F1_BR1_RESULTS_PACKAGE\07_RESULTS\WINDOW8_VALIDATION_SCORES.csv,True,.csv,96704,,55,conversation_id|y|partition|UPPERCASE_RATIO|DIGIT_RATIO|USER_CHAR_SHARE|MEAN_MAX_TURN_RATIO|PARAGRAPHS_PER_TURN|CODE_FENCES_PER_1K_CHAR|HEADERS_PER_1K_CHAR|LIST_ITEMS_PER_1K_CHAR|COLONS_PER_1K_CHAR|BRACKETS_PER_1K_CHAR|ROLE_ALTERNATION_RATIO|USER_ASSISTANT_CHAR_RATIO|TURN_CHAR_CV|TURN_LENGTH_SLOPE|QUESTION_PER_1K_CHAR|EXCLAM_PER_1K_CHAR|ARROW_PER_1K_CHAR|EQUAL_PER_1K_CHAR|SEMICOLON_PER_1K_CHAR|PIPE_PER_1K_CHAR|NUMBERED_LIST_PER_1K_CHAR|NESTED_LIST_PER_1K_CHAR|HEADER_LEVEL_MEAN|HEADER_LEVEL_MAX|SEM_RECURSION|RECURSION_FIRST|SEM_ORDER|ORDER_FIRST|SEM_CONDITIONAL|CONDITIONAL_FIRST|SEM_PRESERVE|PRESERVE_FIRST|SEM_SWITCH|SWITCH_FIRST|SEM_TERMINAL|TERMINAL_FIRST|SEM_META|META_FIRST|SEM_CONTROL|CONTROL_FIRST|SEM_CAUSAL|CAUSAL_FIRST|SEM_RELATION|RELATION_FIRST|SEM_REFERENCE|REFERENCE_FIRST|RESPONSE_EXPANSION_RATIO|USER_LENGTH_SLOPE|ASSISTANT_LENGTH_SLOPE|WINDOW_CHAR_MEDIAN|WINDOW_COUNT|score,conversation_id,,SEM_CONTROL|CONTROL_FIRST,conversation_id,53,False,,FROZEN_DETECTORS
8,C:\RSOS\Training data\F2_B_CORRECTED_RARITY_RUNNER\fixtures\WINDOW12_PARITY_EXPECTED.csv,True,.csv,1801,,54,conversation_id|y|partition|UPPERCASE_RATIO|DIGIT_RATIO|USER_CHAR_SHARE|MEAN_MAX_TURN_RATIO|PARAGRAPHS_PER_TURN|CODE_FENCES_PER_1K_CHAR|HEADERS_PER_1K_CHAR|LIST_ITEMS_PER_1K_CHAR|COLONS_PER_1K_CHAR|BRACKETS_PER_1K_CHAR|ROLE_ALTERNATION_RATIO|USER_ASSISTANT_CHAR_RATIO|TURN_CHAR_CV|TURN_LENGTH_SLOPE|QUESTION_PER_1K_CHAR|EXCLAM_PER_1K_CHAR|ARROW_PER_1K_CHAR|EQUAL_PER_1K_CHAR|SEMICOLON_PER_1K_CHAR|PIPE_PER_1K_CHAR|NUMBERED_LIST_PER_1K_CHAR|NESTED_LIST_PER_1K_CHAR|HEADER_LEVEL_MEAN|HEADER_LEVEL_MAX|SEM_RECURSION|RECURSION_FIRST|SEM_ORDER|ORDER_FIRST|SEM_CONDITIONAL|CONDITIONAL_FIRST|SEM_PRESERVE|PRESERVE_FIRST|SEM_SWITCH|SWITCH_FIRST|SEM_TERMINAL|TERMINAL_FIRST|SEM_META|META_FIRST|SEM_CONTROL|CONTROL_FIRST|SEM_CAUSAL|CAUSAL_FIRST|SEM_RELATION|RELATION_FIRST|SEM_REFERENCE|REFERENCE_FIRST|RESPONSE_EXPANSION_RATIO|USER_LENGTH_SLOPE|ASSISTANT_LENGTH_SLOPE|WINDOW_CHAR_MEDIAN|WINDOW_COUNT,conversation_id,,SEM_CONTROL|CONTROL_FIRST,conversation_id,52,False,,FROZEN_DETECTORS
8,C:\RSOS\Training data\F2_B_CORRECTED_RARITY_RUNNER\fixtures\WINDOW8_PARITY_EXPECTED.csv,True,.csv,1722,,54,conversation_id|y|partition|UPPERCASE_RATIO|DIGIT_RATIO|USER_CHAR_SHARE|MEAN_MAX_TURN_RATIO|PARAGRAPHS_PER_TURN|CODE_FENCES_PER_1K_CHAR|HEADERS_PER_1K_CHAR|LIST_ITEMS_PER_1K_CHAR|COLONS_PER_1K_CHAR|BRACKETS_PER_1K_CHAR|ROLE_ALTERNATION_RATIO|USER_ASSISTANT_CHAR_RATIO|TURN_CHAR_CV|TURN_LENGTH_SLOPE|QUESTION_PER_1K_CHAR|EXCLAM_PER_1K_CHAR|ARROW_PER_1K_CHAR|EQUAL_PER_1K_CHAR|SEMICOLON_PER_1K_CHAR|PIPE_PER_1K_CHAR|NUMBERED_LIST_PER_1K_CHAR|NESTED_LIST_PER_1K_CHAR|HEADER_LEVEL_MEAN|HEADER_LEVEL_MAX|SEM_RECURSION|RECURSION_FIRST|SEM_ORDER|ORDER_FIRST|SEM_CONDITIONAL|CONDITIONAL_FIRST|SEM_PRESERVE|PRESERVE_FIRST|SEM_SWITCH|SWITCH_FIRST|SEM_TERMINAL|TERMINAL_FIRST|SEM_META|META_FIRST|SEM_CONTROL|CONTROL_FIRST|SEM_CAUSAL|CAUSAL_FIRST|SEM_RELATION|RELATION_FIRST|SEM_REFERENCE|REFERENCE_FIRST|RESPONSE_EXPANSION_RATIO|USER_LENGTH_SLOPE|ASSISTANT_LENGTH_SLOPE|WINDOW_CHAR_MEDIAN|WINDOW_COUNT,conversation_id,,SEM_CONTROL|CONTROL_FIRST,conversation_id,52,False,,FROZEN_DETECTORS
8,C:\RSOS\Training data\F2_B_CORRECTED_RARITY_RUNNER\reference\WINDOW12_DETERMINISTIC_FEATURES.csv,True,.csv,352220,,54,conversation_id|y|partition|UPPERCASE_RATIO|DIGIT_RATIO|USER_CHAR_SHARE|MEAN_MAX_TURN_RATIO|PARAGRAPHS_PER_TURN|CODE_FENCES_PER_1K_CHAR|HEADERS_PER_1K_CHAR|LIST_ITEMS_PER_1K_CHAR|COLONS_PER_1K_CHAR|BRACKETS_PER_1K_CHAR|ROLE_ALTERNATION_RATIO|USER_ASSISTANT_CHAR_RATIO|TURN_CHAR_CV|TURN_LENGTH_SLOPE|QUESTION_PER_1K_CHAR|EXCLAM_PER_1K_CHAR|ARROW_PER_1K_CHAR|EQUAL_PER_1K_CHAR|SEMICOLON_PER_1K_CHAR|PIPE_PER_1K_CHAR|NUMBERED_LIST_PER_1K_CHAR|NESTED_LIST_PER_1K_CHAR|HEADER_LEVEL_MEAN|HEADER_LEVEL_MAX|SEM_RECURSION|RECURSION_FIRST|SEM_ORDER|ORDER_FIRST|SEM_CONDITIONAL|CONDITIONAL_FIRST|SEM_PRESERVE|PRESERVE_FIRST|SEM_SWITCH|SWITCH_FIRST|SEM_TERMINAL|TERMINAL_FIRST|SEM_META|META_FIRST|SEM_CONTROL|CONTROL_FIRST|SEM_CAUSAL|CAUSAL_FIRST|SEM_RELATION|RELATION_FIRST|SEM_REFERENCE|REFERENCE_FIRST|RESPONSE_EXPANSION_RATIO|USER_LENGTH_SLOPE|ASSISTANT_LENGTH_SLOPE|WINDOW_CHAR_MEDIAN|WINDOW_COUNT,conversation_id,,SEM_CONTROL|CONTROL_FIRST,conversation_id,52,False,,FROZEN_DETECTORS
8,C:\RSOS\Training data\F2_B_CORRECTED_RARITY_RUNNER\reference\WINDOW8_DETERMINISTIC_FEATURES.csv,True,.csv,389941,,54,conversation_id|y|partition|UPPERCASE_RATIO|DIGIT_RATIO|USER_CHAR_SHARE|MEAN_MAX_TURN_RATIO|PARAGRAPHS_PER_TURN|CODE_FENCES_PER_1K_CHAR|HEADERS_PER_1K_CHAR|LIST_ITEMS_PER_1K_CHAR|COLONS_PER_1K_CHAR|BRACKETS_PER_1K_CHAR|ROLE_ALTERNATION_RATIO|USER_ASSISTANT_CHAR_RATIO|TURN_CHAR_CV|TURN_LENGTH_SLOPE|QUESTION_PER_1K_CHAR|EXCLAM_PER_1K_CHAR|ARROW_PER_1K_CHAR|EQUAL_PER_1K_CHAR|SEMICOLON_PER_1K_CHAR|PIPE_PER_1K_CHAR|NUMBERED_LIST_PER_1K_CHAR|NESTED_LIST_PER_1K_CHAR|HEADER_LEVEL_MEAN|HEADER_LEVEL_MAX|SEM_RECURSION|RECURSION_FIRST|SEM_ORDER|ORDER_FIRST|SEM_CONDITIONAL|CONDITIONAL_FIRST|SEM_PRESERVE|PRESERVE_FIRST|SEM_SWITCH|SWITCH_FIRST|SEM_TERMINAL|TERMINAL_FIRST|SEM_META|META_FIRST|SEM_CONTROL|CONTROL_FIRST|SEM_CAUSAL|CAUSAL_FIRST|SEM_RELATION|RELATION_FIRST|SEM_REFERENCE|REFERENCE_FIRST|RESPONSE_EXPANSION_RATIO|USER_LENGTH_SLOPE|ASSISTANT_LENGTH_SLOPE|WINDOW_CHAR_MEDIAN|WINDOW_COUNT,conversation_id,,SEM_CONTROL|CONTROL_FIRST,conversation_id,52,False,,FROZEN_DETECTORS
8,C:\RSOS\Training data\F2_BR0_FULL_FINGERPRINT_RECOVERY\01_CANONICAL_INPUTS\F1_BR2_LMARENA_MATCHED_CONTROL\01_BR1_FROZEN\F1_BR1_RESULTS_PACKAGE\05_FEATURES\WINDOW12_CONVERSATION_FEATURES.csv,True,.csv,359617,,54,conversation_id|y|partition|UPPERCASE_RATIO|DIGIT_RATIO|USER_CHAR_SHARE|MEAN_MAX_TURN_RATIO|PARAGRAPHS_PER_TURN|CODE_FENCES_PER_1K_CHAR|HEADERS_PER_1K_CHAR|LIST_ITEMS_PER_1K_CHAR|COLONS_PER_1K_CHAR|BRACKETS_PER_1K_CHAR|ROLE_ALTERNATION_RATIO|USER_ASSISTANT_CHAR_RATIO|TURN_CHAR_CV|TURN_LENGTH_SLOPE|QUESTION_PER_1K_CHAR|EXCLAM_PER_1K_CHAR|ARROW_PER_1K_CHAR|EQUAL_PER_1K_CHAR|SEMICOLON_PER_1K_CHAR|PIPE_PER_1K_CHAR|NUMBERED_LIST_PER_1K_CHAR|NESTED_LIST_PER_1K_CHAR|HEADER_LEVEL_MEAN|HEADER_LEVEL_MAX|SEM_RECURSION|RECURSION_FIRST|SEM_ORDER|ORDER_FIRST|SEM_CONDITIONAL|CONDITIONAL_FIRST|SEM_PRESERVE|PRESERVE_FIRST|SEM_SWITCH|SWITCH_FIRST|SEM_TERMINAL|TERMINAL_FIRST|SEM_META|META_FIRST|SEM_CONTROL|CONTROL_FIRST|SEM_CAUSAL|CAUSAL_FIRST|SEM_RELATION|RELATION_FIRST|SEM_REFERENCE|REFERENCE_FIRST|RESPONSE_EXPANSION_RATIO|USER_LENGTH_SLOPE|ASSISTANT_LENGTH_SLOPE|WINDOW_CHAR_MEDIAN|WINDOW_COUNT,conversation_id,,SEM_CONTROL|CONTROL_FIRST,conversation_id,52,False,,FROZEN_DETECTORS
8,C:\RSOS\Training data\F2_BR0_FULL_FINGERPRINT_RECOVERY\01_CANONICAL_INPUTS\F1_BR2_LMARENA_MATCHED_CONTROL\01_BR1_FROZEN\F1_BR1_RESULTS_PACKAGE\05_FEATURES\WINDOW8_CONVERSATION_FEATURES.csv,True,.csv,397260,,54,conversation_id|y|partition|UPPERCASE_RATIO|DIGIT_RATIO|USER_CHAR_SHARE|MEAN_MAX_TURN_RATIO|PARAGRAPHS_PER_TURN|CODE_FENCES_PER_1K_CHAR|HEADERS_PER_1K_CHAR|LIST_ITEMS_PER_1K_CHAR|COLONS_PER_1K_CHAR|BRACKETS_PER_1K_CHAR|ROLE_ALTERNATION_RATIO|USER_ASSISTANT_CHAR_RATIO|TURN_CHAR_CV|TURN_LENGTH_SLOPE|QUESTION_PER_1K_CHAR|EXCLAM_PER_1K_CHAR|ARROW_PER_1K_CHAR|EQUAL_PER_1K_CHAR|SEMICOLON_PER_1K_CHAR|PIPE_PER_1K_CHAR|NUMBERED_LIST_PER_1K_CHAR|NESTED_LIST_PER_1K_CHAR|HEADER_LEVEL_MEAN|HEADER_LEVEL_MAX|SEM_RECURSION|RECURSION_FIRST|SEM_ORDER|ORDER_FIRST|SEM_CONDITIONAL|CONDITIONAL_FIRST|SEM_PRESERVE|PRESERVE_FIRST|SEM_SWITCH|SWITCH_FIRST|SEM_TERMINAL|TERMINAL_FIRST|SEM_META|META_FIRST|SEM_CONTROL|CONTROL_FIRST|SEM_CAUSAL|CAUSAL_FIRST|SEM_RELATION|RELATION_FIRST|SEM_REFERENCE|REFERENCE_FIRST|RESPONSE_EXPANSION_RATIO|USER_LENGTH_SLOPE|ASSISTANT_LENGTH_SLOPE|WINDOW_CHAR_MEDIAN|WINDOW_COUNT,conversation_id,,SEM_CONTROL|CONTROL_FIRST,conversation_id,52,False,,FROZEN_DETECTORS
8,C:\RSOS\Training data\F2_BR0_FULL_FINGERPRINT_RECOVERY\01_CANONICAL_INPUTS\F1_BR2_LMARENA_MATCHED_CONTROL\01_BR1_FROZEN\F1_BR1_RESULTS_PACKAGE\07_RESULTS\WINDOW12_HOLDOUT_SCORES.csv,True,.csv,186213,,55,conversation_id|y|partition|UPPERCASE_RATIO|DIGIT_RATIO|USER_CHAR_SHARE|MEAN_MAX_TURN_RATIO|PARAGRAPHS_PER_TURN|CODE_FENCES_PER_1K_CHAR|HEADERS_PER_1K_CHAR|LIST_ITEMS_PER_1K_CHAR|COLONS_PER_1K_CHAR|BRACKETS_PER_1K_CHAR|ROLE_ALTERNATION_RATIO|USER_ASSISTANT_CHAR_RATIO|TURN_CHAR_CV|TURN_LENGTH_SLOPE|QUESTION_PER_1K_CHAR|EXCLAM_PER_1K_CHAR|ARROW_PER_1K_CHAR|EQUAL_PER_1K_CHAR|SEMICOLON_PER_1K_CHAR|PIPE_PER_1K_CHAR|NUMBERED_LIST_PER_1K_CHAR|NESTED_LIST_PER_1K_CHAR|HEADER_LEVEL_MEAN|HEADER_LEVEL_MAX|SEM_RECURSION|RECURSION_FIRST|SEM_ORDER|ORDER_FIRST|SEM_CONDITIONAL|CONDITIONAL_FIRST|SEM_PRESERVE|PRESERVE_FIRST|SEM_SWITCH|SWITCH_FIRST|SEM_TERMINAL|TERMINAL_FIRST|SEM_META|META_FIRST|SEM_CONTROL|CONTROL_FIRST|SEM_CAUSAL|CAUSAL_FIRST|SEM_RELATION|RELATION_FIRST|SEM_REFERENCE|REFERENCE_FIRST|RESPONSE_EXPANSION_RATIO|USER_LENGTH_SLOPE|ASSISTANT_LENGTH_SLOPE|WINDOW_CHAR_MEDIAN|WINDOW_COUNT|score,conversation_id,,SEM_CONTROL|CONTROL_FIRST,conversation_id,53,False,,FROZEN_DETECTORS
8,C:\RSOS\Training data\F2_BR0_FULL_FINGERPRINT_RECOVERY\01_CANONICAL_INPUTS\F1_BR2_LMARENA_MATCHED_CONTROL\01_BR1_FROZEN\F1_BR1_RESULTS_PACKAGE\07_RESULTS\WINDOW12_VALIDATION_SCORES.csv,True,.csv,89878,,55,conversation_id|y|partition|UPPERCASE_RATIO|DIGIT_RATIO|USER_CHAR_SHARE|MEAN_MAX_TURN_RATIO|PARAGRAPHS_PER_TURN|CODE_FENCES_PER_1K_CHAR|HEADERS_PER_1K_CHAR|LIST_ITEMS_PER_1K_CHAR|COLONS_PER_1K_CHAR|BRACKETS_PER_1K_CHAR|ROLE_ALTERNATION_RATIO|USER_ASSISTANT_CHAR_RATIO|TURN_CHAR_CV|TURN_LENGTH_SLOPE|QUESTION_PER_1K_CHAR|EXCLAM_PER_1K_CHAR|ARROW_PER_1K_CHAR|EQUAL_PER_1K_CHAR|SEMICOLON_PER_1K_CHAR|PIPE_PER_1K_CHAR|NUMBERED_LIST_PER_1K_CHAR|NESTED_LIST_PER_1K_CHAR|HEADER_LEVEL_MEAN|HEADER_LEVEL_MAX|SEM_RECURSION|RECURSION_FIRST|SEM_ORDER|ORDER_FIRST|SEM_CONDITIONAL|CONDITIONAL_FIRST|SEM_PRESERVE|PRESERVE_FIRST|SEM_SWITCH|SWITCH_FIRST|SEM_TERMINAL|TERMINAL_FIRST|SEM_META|META_FIRST|SEM_CONTROL|CONTROL_FIRST|SEM_CAUSAL|CAUSAL_FIRST|SEM_RELATION|RELATION_FIRST|SEM_REFERENCE|REFERENCE_FIRST|RESPONSE_EXPANSION_RATIO|USER_LENGTH_SLOPE|ASSISTANT_LENGTH_SLOPE|WINDOW_CHAR_MEDIAN|WINDOW_COUNT|score,conversation_id,,SEM_CONTROL|CONTROL_FIRST,conversation_id,53,False,,FROZEN_DETECTORS
8,C:\RSOS\Training data\F2_BR0_FULL_FINGERPRINT_RECOVERY\01_CANONICAL_INPUTS\F1_BR2_LMARENA_MATCHED_CONTROL\01_BR1_FROZEN\F1_BR1_RESULTS_PACKAGE\07_RESULTS\WINDOW8_HOLDOUT_SCORES.csv,True,.csv,216570,,55,conversation_id|y|partition|UPPERCASE_RATIO|DIGIT_RATIO|USER_CHAR_SHARE|MEAN_MAX_TURN_RATIO|PARAGRAPHS_PER_TURN|CODE_FENCES_PER_1K_CHAR|HEADERS_PER_1K_CHAR|LIST_ITEMS_PER_1K_CHAR|COLONS_PER_1K_CHAR|BRACKETS_PER_1K_CHAR|ROLE_ALTERNATION_RATIO|USER_ASSISTANT_CHAR_RATIO|TURN_CHAR_CV|TURN_LENGTH_SLOPE|QUESTION_PER_1K_CHAR|EXCLAM_PER_1K_CHAR|ARROW_PER_1K_CHAR|EQUAL_PER_1K_CHAR|SEMICOLON_PER_1K_CHAR|PIPE_PER_1K_CHAR|NUMBERED_LIST_PER_1K_CHAR|NESTED_LIST_PER_1K_CHAR|HEADER_LEVEL_MEAN|HEADER_LEVEL_MAX|SEM_RECURSION|RECURSION_FIRST|SEM_ORDER|ORDER_FIRST|SEM_CONDITIONAL|CONDITIONAL_FIRST|SEM_PRESERVE|PRESERVE_FIRST|SEM_SWITCH|SWITCH_FIRST|SEM_TERMINAL|TERMINAL_FIRST|SEM_META|META_FIRST|SEM_CONTROL|CONTROL_FIRST|SEM_CAUSAL|CAUSAL_FIRST|SEM_RELATION|RELATION_FIRST|SEM_REFERENCE|REFERENCE_FIRST|RESPONSE_EXPANSION_RATIO|USER_LENGTH_SLOPE|ASSISTANT_LENGTH_SLOPE|WINDOW_CHAR_MEDIAN|WINDOW_COUNT|score,conversation_id,,SEM_CONTROL|CONTROL_FIRST,conversation_id,53,False,,FROZEN_DETECTORS
8,C:\RSOS\Training data\F2_BR0_FULL_FINGERPRINT_RECOVERY\01_CANONICAL_INPUTS\F1_BR2_LMARENA_MATCHED_CONTROL\01_BR1_FROZEN\F1_BR1_RESULTS_PACKAGE\07_RESULTS\WINDOW8_VALIDATION_SCORES.csv,True,.csv,96704,,55,conversation_id|y|partition|UPPERCASE_RATIO|DIGIT_RATIO|USER_CHAR_SHARE|MEAN_MAX_TURN_RATIO|PARAGRAPHS_PER_TURN|CODE_FENCES_PER_1K_CHAR|HEADERS_PER_1K_CHAR|LIST_ITEMS_PER_1K_CHAR|COLONS_PER_1K_CHAR|BRACKETS_PER_1K_CHAR|ROLE_ALTERNATION_RATIO|USER_ASSISTANT_CHAR_RATIO|TURN_CHAR_CV|TURN_LENGTH_SLOPE|QUESTION_PER_1K_CHAR|EXCLAM_PER_1K_CHAR|ARROW_PER_1K_CHAR|EQUAL_PER_1K_CHAR|SEMICOLON_PER_1K_CHAR|PIPE_PER_1K_CHAR|NUMBERED_LIST_PER_1K_CHAR|NESTED_LIST_PER_1K_CHAR|HEADER_LEVEL_MEAN|HEADER_LEVEL_MAX|SEM_RECURSION|RECURSION_FIRST|SEM_ORDER|ORDER_FIRST|SEM_CONDITIONAL|CONDITIONAL_FIRST|SEM_PRESERVE|PRESERVE_FIRST|SEM_SWITCH|SWITCH_FIRST|SEM_TERMINAL|TERMINAL_FIRST|SEM_META|META_FIRST|SEM_CONTROL|CONTROL_FIRST|SEM_CAUSAL|CAUSAL_FIRST|SEM_RELATION|RELATION_FIRST|SEM_REFERENCE|REFERENCE_FIRST|RESPONSE_EXPANSION_RATIO|USER_LENGTH_SLOPE|ASSISTANT_LENGTH_SLOPE|WINDOW_CHAR_MEDIAN|WINDOW_COUNT|score,conversation_id,,SEM_CONTROL|CONTROL_FIRST,conversation_id,53,False,,FROZEN_DETECTORS
8,C:\RSOS\Training data\F2_BR0_FULL_FINGERPRINT_RECOVERY\01_CANONICAL_INPUTS\F1_BR2_LMARENA_MATCHED_CONTROL\11_V2_BR1_FROZEN\F1_BR1_RESULTS_PACKAGE\05_FEATURES\WINDOW12_CONVERSATION_FEATURES.csv,True,.csv,359617,,54,conversation_id|y|partition|UPPERCASE_RATIO|DIGIT_RATIO|USER_CHAR_SHARE|MEAN_MAX_TURN_RATIO|PARAGRAPHS_PER_TURN|CODE_FENCES_PER_1K_CHAR|HEADERS_PER_1K_CHAR|LIST_ITEMS_PER_1K_CHAR|COLONS_PER_1K_CHAR|BRACKETS_PER_1K_CHAR|ROLE_ALTERNATION_RATIO|USER_ASSISTANT_CHAR_RATIO|TURN_CHAR_CV|TURN_LENGTH_SLOPE|QUESTION_PER_1K_CHAR|EXCLAM_PER_1K_CHAR|ARROW_PER_1K_CHAR|EQUAL_PER_1K_CHAR|SEMICOLON_PER_1K_CHAR|PIPE_PER_1K_CHAR|NUMBERED_LIST_PER_1K_CHAR|NESTED_LIST_PER_1K_CHAR|HEADER_LEVEL_MEAN|HEADER_LEVEL_MAX|SEM_RECURSION|RECURSION_FIRST|SEM_ORDER|ORDER_FIRST|SEM_CONDITIONAL|CONDITIONAL_FIRST|SEM_PRESERVE|PRESERVE_FIRST|SEM_SWITCH|SWITCH_FIRST|SEM_TERMINAL|TERMINAL_FIRST|SEM_META|META_FIRST|SEM_CONTROL|CONTROL_FIRST|SEM_CAUSAL|CAUSAL_FIRST|SEM_RELATION|RELATION_FIRST|SEM_REFERENCE|REFERENCE_FIRST|RESPONSE_EXPANSION_RATIO|USER_LENGTH_SLOPE|ASSISTANT_LENGTH_SLOPE|WINDOW_CHAR_MEDIAN|WINDOW_COUNT,conversation_id,,SEM_CONTROL|CONTROL_FIRST,conversation_id,52,False,,FROZEN_DETECTORS
8,C:\RSOS\Training data\F2_BR0_FULL_FINGERPRINT_RECOVERY\01_CANONICAL_INPUTS\F1_BR2_LMARENA_MATCHED_CONTROL\11_V2_BR1_FROZEN\F1_BR1_RESULTS_PACKAGE\05_FEATURES\WINDOW8_CONVERSATION_FEATURES.csv,True,.csv,397260,,54,conversation_id|y|partition|UPPERCASE_RATIO|DIGIT_RATIO|USER_CHAR_SHARE|MEAN_MAX_TURN_RATIO|PARAGRAPHS_PER_TURN|CODE_FENCES_PER_1K_CHAR|HEADERS_PER_1K_CHAR|LIST_ITEMS_PER_1K_CHAR|COLONS_PER_1K_CHAR|BRACKETS_PER_1K_CHAR|ROLE_ALTERNATION_RATIO|USER_ASSISTANT_CHAR_RATIO|TURN_CHAR_CV|TURN_LENGTH_SLOPE|QUESTION_PER_1K_CHAR|EXCLAM_PER_1K_CHAR|ARROW_PER_1K_CHAR|EQUAL_PER_1K_CHAR|SEMICOLON_PER_1K_CHAR|PIPE_PER_1K_CHAR|NUMBERED_LIST_PER_1K_CHAR|NESTED_LIST_PER_1K_CHAR|HEADER_LEVEL_MEAN|HEADER_LEVEL_MAX|SEM_RECURSION|RECURSION_FIRST|SEM_ORDER|ORDER_FIRST|SEM_CONDITIONAL|CONDITIONAL_FIRST|SEM_PRESERVE|PRESERVE_FIRST|SEM_SWITCH|SWITCH_FIRST|SEM_TERMINAL|TERMINAL_FIRST|SEM_META|META_FIRST|SEM_CONTROL|CONTROL_FIRST|SEM_CAUSAL|CAUSAL_FIRST|SEM_RELATION|RELATION_FIRST|SEM_REFERENCE|REFERENCE_FIRST|RESPONSE_EXPANSION_RATIO|USER_LENGTH_SLOPE|ASSISTANT_LENGTH_SLOPE|WINDOW_CHAR_MEDIAN|WINDOW_COUNT,conversation_id,,SEM_CONTROL|CONTROL_FIRST,conversation_id,52,False,,FROZEN_DETECTORS
8,C:\RSOS\Training data\F2_BR0_FULL_FINGERPRINT_RECOVERY\01_CANONICAL_INPUTS\F1_BR2_LMARENA_MATCHED_CONTROL\11_V2_BR1_FROZEN\F1_BR1_RESULTS_PACKAGE\07_RESULTS\WINDOW12_HOLDOUT_SCORES.csv,True,.csv,186213,,55,conversation_id|y|partition|UPPERCASE_RATIO|DIGIT_RATIO|USER_CHAR_SHARE|MEAN_MAX_TURN_RATIO|PARAGRAPHS_PER_TURN|CODE_FENCES_PER_1K_CHAR|HEADERS_PER_1K_CHAR|LIST_ITEMS_PER_1K_CHAR|COLONS_PER_1K_CHAR|BRACKETS_PER_1K_CHAR|ROLE_ALTERNATION_RATIO|USER_ASSISTANT_CHAR_RATIO|TURN_CHAR_CV|TURN_LENGTH_SLOPE|QUESTION_PER_1K_CHAR|EXCLAM_PER_1K_CHAR|ARROW_PER_1K_CHAR|EQUAL_PER_1K_CHAR|SEMICOLON_PER_1K_CHAR|PIPE_PER_1K_CHAR|NUMBERED_LIST_PER_1K_CHAR|NESTED_LIST_PER_1K_CHAR|HEADER_LEVEL_MEAN|HEADER_LEVEL_MAX|SEM_RECURSION|RECURSION_FIRST|SEM_ORDER|ORDER_FIRST|SEM_CONDITIONAL|CONDITIONAL_FIRST|SEM_PRESERVE|PRESERVE_FIRST|SEM_SWITCH|SWITCH_FIRST|SEM_TERMINAL|TERMINAL_FIRST|SEM_META|META_FIRST|SEM_CONTROL|CONTROL_FIRST|SEM_CAUSAL|CAUSAL_FIRST|SEM_RELATION|RELATION_FIRST|SEM_REFERENCE|REFERENCE_FIRST|RESPONSE_EXPANSION_RATIO|USER_LENGTH_SLOPE|ASSISTANT_LENGTH_SLOPE|WINDOW_CHAR_MEDIAN|WINDOW_COUNT|score,conversation_id,,SEM_CONTROL|CONTROL_FIRST,conversation_id,53,False,,FROZEN_DETECTORS
8,C:\RSOS\Training data\F2_BR0_FULL_FINGERPRINT_RECOVERY\01_CANONICAL_INPUTS\F1_BR2_LMARENA_MATCHED_CONTROL\11_V2_BR1_FROZEN\F1_BR1_RESULTS_PACKAGE\07_RESULTS\WINDOW12_VALIDATION_SCORES.csv,True,.csv,89878,,55,conversation_id|y|partition|UPPERCASE_RATIO|DIGIT_RATIO|USER_CHAR_SHARE|MEAN_MAX_TURN_RATIO|PARAGRAPHS_PER_TURN|CODE_FENCES_PER_1K_CHAR|HEADERS_PER_1K_CHAR|LIST_ITEMS_PER_1K_CHAR|COLONS_PER_1K_CHAR|BRACKETS_PER_1K_CHAR|ROLE_ALTERNATION_RATIO|USER_ASSISTANT_CHAR_RATIO|TURN_CHAR_CV|TURN_LENGTH_SLOPE|QUESTION_PER_1K_CHAR|EXCLAM_PER_1K_CHAR|ARROW_PER_1K_CHAR|EQUAL_PER_1K_CHAR|SEMICOLON_PER_1K_CHAR|PIPE_PER_1K_CHAR|NUMBERED_LIST_PER_1K_CHAR|NESTED_LIST_PER_1K_CHAR|HEADER_LEVEL_MEAN|HEADER_LEVEL_MAX|SEM_RECURSION|RECURSION_FIRST|SEM_ORDER|ORDER_FIRST|SEM_CONDITIONAL|CONDITIONAL_FIRST|SEM_PRESERVE|PRESERVE_FIRST|SEM_SWITCH|SWITCH_FIRST|SEM_TERMINAL|TERMINAL_FIRST|SEM_META|META_FIRST|SEM_CONTROL|CONTROL_FIRST|SEM_CAUSAL|CAUSAL_FIRST|SEM_RELATION|RELATION_FIRST|SEM_REFERENCE|REFERENCE_FIRST|RESPONSE_EXPANSION_RATIO|USER_LENGTH_SLOPE|ASSISTANT_LENGTH_SLOPE|WINDOW_CHAR_MEDIAN|WINDOW_COUNT|score,conversation_id,,SEM_CONTROL|CONTROL_FIRST,conversation_id,53,False,,FROZEN_DETECTORS
8,C:\RSOS\Training data\F2_BR0_FULL_FINGERPRINT_RECOVERY\01_CANONICAL_INPUTS\F1_BR2_LMARENA_MATCHED_CONTROL\11_V2_BR1_FROZEN\F1_BR1_RESULTS_PACKAGE\07_RESULTS\WINDOW8_HOLDOUT_SCORES.csv,True,.csv,216570,,55,conversation_id|y|partition|UPPERCASE_RATIO|DIGIT_RATIO|USER_CHAR_SHARE|MEAN_MAX_TURN_RATIO|PARAGRAPHS_PER_TURN|CODE_FENCES_PER_1K_CHAR|HEADERS_PER_1K_CHAR|LIST_ITEMS_PER_1K_CHAR|COLONS_PER_1K_CHAR|BRACKETS_PER_1K_CHAR|ROLE_ALTERNATION_RATIO|USER_ASSISTANT_CHAR_RATIO|TURN_CHAR_CV|TURN_LENGTH_SLOPE|QUESTION_PER_1K_CHAR|EXCLAM_PER_1K_CHAR|ARROW_PER_1K_CHAR|EQUAL_PER_1K_CHAR|SEMICOLON_PER_1K_CHAR|PIPE_PER_1K_CHAR|NUMBERED_LIST_PER_1K_CHAR|NESTED_LIST_PER_1K_CHAR|HEADER_LEVEL_MEAN|HEADER_LEVEL_MAX|SEM_RECURSION|RECURSION_FIRST|SEM_ORDER|ORDER_FIRST|SEM_CONDITIONAL|CONDITIONAL_FIRST|SEM_PRESERVE|PRESERVE_FIRST|SEM_SWITCH|SWITCH_FIRST|SEM_TERMINAL|TERMINAL_FIRST|SEM_META|META_FIRST|SEM_CONTROL|CONTROL_FIRST|SEM_CAUSAL|CAUSAL_FIRST|SEM_RELATION|RELATION_FIRST|SEM_REFERENCE|REFERENCE_FIRST|RESPONSE_EXPANSION_RATIO|USER_LENGTH_SLOPE|ASSISTANT_LENGTH_SLOPE|WINDOW_CHAR_MEDIAN|WINDOW_COUNT|score,conversation_id,,SEM_CONTROL|CONTROL_FIRST,conversation_id,53,False,,FROZEN_DETECTORS
8,C:\RSOS\Training data\F2_BR0_FULL_FINGERPRINT_RECOVERY\01_CANONICAL_INPUTS\F1_BR2_LMARENA_MATCHED_CONTROL\11_V2_BR1_FROZEN\F1_BR1_RESULTS_PACKAGE\07_RESULTS\WINDOW8_VALIDATION_SCORES.csv,True,.csv,96704,,55,conversation_id|y|partition|UPPERCASE_RATIO|DIGIT_RATIO|USER_CHAR_SHARE|MEAN_MAX_TURN_RATIO|PARAGRAPHS_PER_TURN|CODE_FENCES_PER_1K_CHAR|HEADERS_PER_1K_CHAR|LIST_ITEMS_PER_1K_CHAR|COLONS_PER_1K_CHAR|BRACKETS_PER_1K_CHAR|ROLE_ALTERNATION_RATIO|USER_ASSISTANT_CHAR_RATIO|TURN_CHAR_CV|TURN_LENGTH_SLOPE|QUESTION_PER_1K_CHAR|EXCLAM_PER_1K_CHAR|ARROW_PER_1K_CHAR|EQUAL_PER_1K_CHAR|SEMICOLON_PER_1K_CHAR|PIPE_PER_1K_CHAR|NUMBERED_LIST_PER_1K_CHAR|NESTED_LIST_PER_1K_CHAR|HEADER_LEVEL_MEAN|HEADER_LEVEL_MAX|SEM_RECURSION|RECURSION_FIRST|SEM_ORDER|ORDER_FIRST|SEM_CONDITIONAL|CONDITIONAL_FIRST|SEM_PRESERVE|PRESERVE_FIRST|SEM_SWITCH|SWITCH_FIRST|SEM_TERMINAL|TERMINAL_FIRST|SEM_META|META_FIRST|SEM_CONTROL|CONTROL_FIRST|SEM_CAUSAL|CAUSAL_FIRST|SEM_RELATION|RELATION_FIRST|SEM_REFERENCE|REFERENCE_FIRST|RESPONSE_EXPANSION_RATIO|USER_LENGTH_SLOPE|ASSISTANT_LENGTH_SLOPE|WINDOW_CHAR_MEDIAN|WINDOW_COUNT|score,conversation_id,,SEM_CONTROL|CONTROL_FIRST,conversation_id,53,False,,FROZEN_DETECTORS
8,C:\RSOS\Training data\F2_BR2_DETERMINISTIC_REFREEZE\03_RESULTS\WINDOW12_DETERMINISTIC_FEATURES.csv,True,.csv,352220,,54,conversation_id|y|partition|UPPERCASE_RATIO|DIGIT_RATIO|USER_CHAR_SHARE|MEAN_MAX_TURN_RATIO|PARAGRAPHS_PER_TURN|CODE_FENCES_PER_1K_CHAR|HEADERS_PER_1K_CHAR|LIST_ITEMS_PER_1K_CHAR|COLONS_PER_1K_CHAR|BRACKETS_PER_1K_CHAR|ROLE_ALTERNATION_RATIO|USER_ASSISTANT_CHAR_RATIO|TURN_CHAR_CV|TURN_LENGTH_SLOPE|QUESTION_PER_1K_CHAR|EXCLAM_PER_1K_CHAR|ARROW_PER_1K_CHAR|EQUAL_PER_1K_CHAR|SEMICOLON_PER_1K_CHAR|PIPE_PER_1K_CHAR|NUMBERED_LIST_PER_1K_CHAR|NESTED_LIST_PER_1K_CHAR|HEADER_LEVEL_MEAN|HEADER_LEVEL_MAX|SEM_RECURSION|RECURSION_FIRST|SEM_ORDER|ORDER_FIRST|SEM_CONDITIONAL|CONDITIONAL_FIRST|SEM_PRESERVE|PRESERVE_FIRST|SEM_SWITCH|SWITCH_FIRST|SEM_TERMINAL|TERMINAL_FIRST|SEM_META|META_FIRST|SEM_CONTROL|CONTROL_FIRST|SEM_CAUSAL|CAUSAL_FIRST|SEM_RELATION|RELATION_FIRST|SEM_REFERENCE|REFERENCE_FIRST|RESPONSE_EXPANSION_RATIO|USER_LENGTH_SLOPE|ASSISTANT_LENGTH_SLOPE|WINDOW_CHAR_MEDIAN|WINDOW_COUNT,conversation_id,,SEM_CONTROL|CONTROL_FIRST,conversation_id,52,False,,FROZEN_DETECTORS
8,C:\RSOS\Training data\F2_BR2_DETERMINISTIC_REFREEZE\03_RESULTS\WINDOW8_DETERMINISTIC_FEATURES.csv,True,.csv,389941,,54,conversation_id|y|partition|UPPERCASE_RATIO|DIGIT_RATIO|USER_CHAR_SHARE|MEAN_MAX_TURN_RATIO|PARAGRAPHS_PER_TURN|CODE_FENCES_PER_1K_CHAR|HEADERS_PER_1K_CHAR|LIST_ITEMS_PER_1K_CHAR|COLONS_PER_1K_CHAR|BRACKETS_PER_1K_CHAR|ROLE_ALTERNATION_RATIO|USER_ASSISTANT_CHAR_RATIO|TURN_CHAR_CV|TURN_LENGTH_SLOPE|QUESTION_PER_1K_CHAR|EXCLAM_PER_1K_CHAR|ARROW_PER_1K_CHAR|EQUAL_PER_1K_CHAR|SEMICOLON_PER_1K_CHAR|PIPE_PER_1K_CHAR|NUMBERED_LIST_PER_1K_CHAR|NESTED_LIST_PER_1K_CHAR|HEADER_LEVEL_MEAN|HEADER_LEVEL_MAX|SEM_RECURSION|RECURSION_FIRST|SEM_ORDER|ORDER_FIRST|SEM_CONDITIONAL|CONDITIONAL_FIRST|SEM_PRESERVE|PRESERVE_FIRST|SEM_SWITCH|SWITCH_FIRST|SEM_TERMINAL|TERMINAL_FIRST|SEM_META|META_FIRST|SEM_CONTROL|CONTROL_FIRST|SEM_CAUSAL|CAUSAL_FIRST|SEM_RELATION|RELATION_FIRST|SEM_REFERENCE|REFERENCE_FIRST|RESPONSE_EXPANSION_RATIO|USER_LENGTH_SLOPE|ASSISTANT_LENGTH_SLOPE|WINDOW_CHAR_MEDIAN|WINDOW_COUNT,conversation_id,,SEM_CONTROL|CONTROL_FIRST,conversation_id,52,False,,FROZEN_DETECTORS
8,C:\RSOS\Training data\F2_BR2_EXACT_SEGMENT_REFREEZE_RUNNER\frozen_inputs\legacy_window_features\WINDOW12_HOLDOUT.csv,True,.csv,176366,,54,conversation_id|y|partition|UPPERCASE_RATIO|DIGIT_RATIO|USER_CHAR_SHARE|MEAN_MAX_TURN_RATIO|PARAGRAPHS_PER_TURN|CODE_FENCES_PER_1K_CHAR|HEADERS_PER_1K_CHAR|LIST_ITEMS_PER_1K_CHAR|COLONS_PER_1K_CHAR|BRACKETS_PER_1K_CHAR|ROLE_ALTERNATION_RATIO|USER_ASSISTANT_CHAR_RATIO|TURN_CHAR_CV|TURN_LENGTH_SLOPE|QUESTION_PER_1K_CHAR|EXCLAM_PER_1K_CHAR|ARROW_PER_1K_CHAR|EQUAL_PER_1K_CHAR|SEMICOLON_PER_1K_CHAR|PIPE_PER_1K_CHAR|NUMBERED_LIST_PER_1K_CHAR|NESTED_LIST_PER_1K_CHAR|HEADER_LEVEL_MEAN|HEADER_LEVEL_MAX|SEM_RECURSION|RECURSION_FIRST|SEM_ORDER|ORDER_FIRST|SEM_CONDITIONAL|CONDITIONAL_FIRST|SEM_PRESERVE|PRESERVE_FIRST|SEM_SWITCH|SWITCH_FIRST|SEM_TERMINAL|TERMINAL_FIRST|SEM_META|META_FIRST|SEM_CONTROL|CONTROL_FIRST|SEM_CAUSAL|CAUSAL_FIRST|SEM_RELATION|RELATION_FIRST|SEM_REFERENCE|REFERENCE_FIRST|RESPONSE_EXPANSION_RATIO|USER_LENGTH_SLOPE|ASSISTANT_LENGTH_SLOPE|WINDOW_CHAR_MEDIAN|WINDOW_COUNT,conversation_id,,SEM_CONTROL|CONTROL_FIRST,conversation_id,52,False,,FROZEN_DETECTORS
8,C:\RSOS\Training data\F2_BR2_EXACT_SEGMENT_REFREEZE_RUNNER\frozen_inputs\legacy_window_features\WINDOW12_TRAIN.csv,True,.csv,87819,,54,conversation_id|y|partition|UPPERCASE_RATIO|DIGIT_RATIO|USER_CHAR_SHARE|MEAN_MAX_TURN_RATIO|PARAGRAPHS_PER_TURN|CODE_FENCES_PER_1K_CHAR|HEADERS_PER_1K_CHAR|LIST_ITEMS_PER_1K_CHAR|COLONS_PER_1K_CHAR|BRACKETS_PER_1K_CHAR|ROLE_ALTERNATION_RATIO|USER_ASSISTANT_CHAR_RATIO|TURN_CHAR_CV|TURN_LENGTH_SLOPE|QUESTION_PER_1K_CHAR|EXCLAM_PER_1K_CHAR|ARROW_PER_1K_CHAR|EQUAL_PER_1K_CHAR|SEMICOLON_PER_1K_CHAR|PIPE_PER_1K_CHAR|NUMBERED_LIST_PER_1K_CHAR|NESTED_LIST_PER_1K_CHAR|HEADER_LEVEL_MEAN|HEADER_LEVEL_MAX|SEM_RECURSION|RECURSION_FIRST|SEM_ORDER|ORDER_FIRST|SEM_CONDITIONAL|CONDITIONAL_FIRST|SEM_PRESERVE|PRESERVE_FIRST|SEM_SWITCH|SWITCH_FIRST|SEM_TERMINAL|TERMINAL_FIRST|SEM_META|META_FIRST|SEM_CONTROL|CONTROL_FIRST|SEM_CAUSAL|CAUSAL_FIRST|SEM_RELATION|RELATION_FIRST|SEM_REFERENCE|REFERENCE_FIRST|RESPONSE_EXPANSION_RATIO|USER_LENGTH_SLOPE|ASSISTANT_LENGTH_SLOPE|WINDOW_CHAR_MEDIAN|WINDOW_COUNT,conversation_id,,SEM_CONTROL|CONTROL_FIRST,conversation_id,52,False,,FROZEN_DETECTORS
8,C:\RSOS\Training data\F2_BR2_EXACT_SEGMENT_REFREEZE_RUNNER\frozen_inputs\legacy_window_features\WINDOW12_VALIDATION.csv,True,.csv,85265,,54,conversation_id|y|partition|UPPERCASE_RATIO|DIGIT_RATIO|USER_CHAR_SHARE|MEAN_MAX_TURN_RATIO|PARAGRAPHS_PER_TURN|CODE_FENCES_PER_1K_CHAR|HEADERS_PER_1K_CHAR|LIST_ITEMS_PER_1K_CHAR|COLONS_PER_1K_CHAR|BRACKETS_PER_1K_CHAR|ROLE_ALTERNATION_RATIO|USER_ASSISTANT_CHAR_RATIO|TURN_CHAR_CV|TURN_LENGTH_SLOPE|QUESTION_PER_1K_CHAR|EXCLAM_PER_1K_CHAR|ARROW_PER_1K_CHAR|EQUAL_PER_1K_CHAR|SEMICOLON_PER_1K_CHAR|PIPE_PER_1K_CHAR|NUMBERED_LIST_PER_1K_CHAR|NESTED_LIST_PER_1K_CHAR|HEADER_LEVEL_MEAN|HEADER_LEVEL_MAX|SEM_RECURSION|RECURSION_FIRST|SEM_ORDER|ORDER_FIRST|SEM_CONDITIONAL|CONDITIONAL_FIRST|SEM_PRESERVE|PRESERVE_FIRST|SEM_SWITCH|SWITCH_FIRST|SEM_TERMINAL|TERMINAL_FIRST|SEM_META|META_FIRST|SEM_CONTROL|CONTROL_FIRST|SEM_CAUSAL|CAUSAL_FIRST|SEM_RELATION|RELATION_FIRST|SEM_REFERENCE|REFERENCE_FIRST|RESPONSE_EXPANSION_RATIO|USER_LENGTH_SLOPE|ASSISTANT_LENGTH_SLOPE|WINDOW_CHAR_MEDIAN|WINDOW_COUNT,conversation_id,,SEM_CONTROL|CONTROL_FIRST,conversation_id,52,False,,FROZEN_DETECTORS
8,C:\RSOS\Training data\F2_BR2_EXACT_SEGMENT_REFREEZE_RUNNER\frozen_inputs\legacy_window_features\WINDOW8_HOLDOUT.csv,True,.csv,205524,,54,conversation_id|y|partition|UPPERCASE_RATIO|DIGIT_RATIO|USER_CHAR_SHARE|MEAN_MAX_TURN_RATIO|PARAGRAPHS_PER_TURN|CODE_FENCES_PER_1K_CHAR|HEADERS_PER_1K_CHAR|LIST_ITEMS_PER_1K_CHAR|COLONS_PER_1K_CHAR|BRACKETS_PER_1K_CHAR|ROLE_ALTERNATION_RATIO|USER_ASSISTANT_CHAR_RATIO|TURN_CHAR_CV|TURN_LENGTH_SLOPE|QUESTION_PER_1K_CHAR|EXCLAM_PER_1K_CHAR|ARROW_PER_1K_CHAR|EQUAL_PER_1K_CHAR|SEMICOLON_PER_1K_CHAR|PIPE_PER_1K_CHAR|NUMBERED_LIST_PER_1K_CHAR|NESTED_LIST_PER_1K_CHAR|HEADER_LEVEL_MEAN|HEADER_LEVEL_MAX|SEM_RECURSION|RECURSION_FIRST|SEM_ORDER|ORDER_FIRST|SEM_CONDITIONAL|CONDITIONAL_FIRST|SEM_PRESERVE|PRESERVE_FIRST|SEM_SWITCH|SWITCH_FIRST|SEM_TERMINAL|TERMINAL_FIRST|SEM_META|META_FIRST|SEM_CONTROL|CONTROL_FIRST|SEM_CAUSAL|CAUSAL_FIRST|SEM_RELATION|RELATION_FIRST|SEM_REFERENCE|REFERENCE_FIRST|RESPONSE_EXPANSION_RATIO|USER_LENGTH_SLOPE|ASSISTANT_LENGTH_SLOPE|WINDOW_CHAR_MEDIAN|WINDOW_COUNT,conversation_id,,SEM_CONTROL|CONTROL_FIRST,conversation_id,52,False,,FROZEN_DETECTORS
8,C:\RSOS\Training data\F2_BR2_EXACT_SEGMENT_REFREEZE_RUNNER\frozen_inputs\legacy_window_features\WINDOW8_TRAIN.csv,True,.csv,89600,,54,conversation_id|y|partition|UPPERCASE_RATIO|DIGIT_RATIO|USER_CHAR_SHARE|MEAN_MAX_TURN_RATIO|PARAGRAPHS_PER_TURN|CODE_FENCES_PER_1K_CHAR|HEADERS_PER_1K_CHAR|LIST_ITEMS_PER_1K_CHAR|COLONS_PER_1K_CHAR|BRACKETS_PER_1K_CHAR|ROLE_ALTERNATION_RATIO|USER_ASSISTANT_CHAR_RATIO|TURN_CHAR_CV|TURN_LENGTH_SLOPE|QUESTION_PER_1K_CHAR|EXCLAM_PER_1K_CHAR|ARROW_PER_1K_CHAR|EQUAL_PER_1K_CHAR|SEMICOLON_PER_1K_CHAR|PIPE_PER_1K_CHAR|NUMBERED_LIST_PER_1K_CHAR|NESTED_LIST_PER_1K_CHAR|HEADER_LEVEL_MEAN|HEADER_LEVEL_MAX|SEM_RECURSION|RECURSION_FIRST|SEM_ORDER|ORDER_FIRST|SEM_CONDITIONAL|CONDITIONAL_FIRST|SEM_PRESERVE|PRESERVE_FIRST|SEM_SWITCH|SWITCH_FIRST|SEM_TERMINAL|TERMINAL_FIRST|SEM_META|META_FIRST|SEM_CONTROL|CONTROL_FIRST|SEM_CAUSAL|CAUSAL_FIRST|SEM_RELATION|RELATION_FIRST|SEM_REFERENCE|REFERENCE_FIRST|RESPONSE_EXPANSION_RATIO|USER_LENGTH_SLOPE|ASSISTANT_LENGTH_SLOPE|WINDOW_CHAR_MEDIAN|WINDOW_COUNT,conversation_id,,SEM_CONTROL|CONTROL_FIRST,conversation_id,52,False,,FROZEN_DETECTORS
8,C:\RSOS\Training data\F2_BR2_EXACT_SEGMENT_REFREEZE_RUNNER\frozen_inputs\legacy_window_features\WINDOW8_VALIDATION.csv,True,.csv,91959,,54,conversation_id|y|partition|UPPERCASE_RATIO|DIGIT_RATIO|USER_CHAR_SHARE|MEAN_MAX_TURN_RATIO|PARAGRAPHS_PER_TURN|CODE_FENCES_PER_1K_CHAR|HEADERS_PER_1K_CHAR|LIST_ITEMS_PER_1K_CHAR|COLONS_PER_1K_CHAR|BRACKETS_PER_1K_CHAR|ROLE_ALTERNATION_RATIO|USER_ASSISTANT_CHAR_RATIO|TURN_CHAR_CV|TURN_LENGTH_SLOPE|QUESTION_PER_1K_CHAR|EXCLAM_PER_1K_CHAR|ARROW_PER_1K_CHAR|EQUAL_PER_1K_CHAR|SEMICOLON_PER_1K_CHAR|PIPE_PER_1K_CHAR|NUMBERED_LIST_PER_1K_CHAR|NESTED_LIST_PER_1K_CHAR|HEADER_LEVEL_MEAN|HEADER_LEVEL_MAX|SEM_RECURSION|RECURSION_FIRST|SEM_ORDER|ORDER_FIRST|SEM_CONDITIONAL|CONDITIONAL_FIRST|SEM_PRESERVE|PRESERVE_FIRST|SEM_SWITCH|SWITCH_FIRST|SEM_TERMINAL|TERMINAL_FIRST|SEM_META|META_FIRST|SEM_CONTROL|CONTROL_FIRST|SEM_CAUSAL|CAUSAL_FIRST|SEM_RELATION|RELATION_FIRST|SEM_REFERENCE|REFERENCE_FIRST|RESPONSE_EXPANSION_RATIO|USER_LENGTH_SLOPE|ASSISTANT_LENGTH_SLOPE|WINDOW_CHAR_MEDIAN|WINDOW_COUNT,conversation_id,,SEM_CONTROL|CONTROL_FIRST,conversation_id,52,False,,FROZEN_DETECTORS
7,C:\RSOS\RSOS_TRAINING_DATA_V12_V18_COMPARISON\04_F2_V15_V16_LINEAGE_RARITY\F2_EXTERNAL_CONTROL_MATCHING.csv,True,.csv,94,,11,CONTROL_ID|SOURCE_CORPUS|LENGTH|TURNS|TOKENS|COMPLEXITY|DEPTH|TOPIC|ERA|MATCH_SCORE|NOTES,,ERA,CONTROL_ID,,0,False,,HISTORICAL_LINEAGE
7,C:\RSOS\RSOS_TRAINING_DATA_V12_V18_COMPARISON\02_V12_RELATIONAL_TOPOLOGY\V12_CONDITION_REGISTRY.csv,True,.csv,91,,8,CONDITION_ID|STAGE|CONDITION_NAME|FAMILY|MANIPULATION|CONTROL_TYPE|FROZEN_STATUS|NOTES,,STAGE,CONTROL_TYPE,,0,False,,RELATIONAL_TOPOLOGICAL
7,C:\RSOS\RSOS_TRAINING_DATA_V12_V18_COMPARISON\02_V12_RELATIONAL_TOPOLOGY\V12_FEATURE_REGISTRY.csv,True,.csv,101,,8,FEATURE_ID|STAGE|FEATURE_NAME|FEATURE_CLASS|DEFINITION|PRIMARY_OR_DIAGNOSTIC|FROZEN_STATUS|NOTES,,STAGE,FEATURE_CLASS,,0,False,,RELATIONAL_TOPOLOGICAL
7,C:\RSOS\RSOS_TRAINING_DATA_V12_V18_COMPARISON\09_CONTROL_REGISTRY\GLOBAL_CONTROL_REGISTRY.csv,True,.csv,98,,8,CONTROL_ID|ORIGIN_STAGE|CONTROL_NAME|CONFOUND_TARGET|MATCHING_RULE|FROZEN|USED_IN_STAGE|NOTES,,ORIGIN_STAGE|USED_IN_STAGE,CONTROL_ID|CONTROL_NAME,,0,False,,RELATIONAL_TOPOLOGICAL
6,C:\RSOS\RSOS_TRAINING_DATA_V12_V18_COMPARISON\04_F2_V15_V16_LINEAGE_RARITY\F2_COMPRESSION_RECONSTRUCTION_TESTS.csv,True,.csv,108,,7,TEST_ID|SOURCE_ID|COMPRESSED_REPRESENTATION|TARGET_ID|RECONSTRUCTION_SCORE|NEGATIVE_CONTROL_SCORE|NOTES,SOURCE_ID,,NEGATIVE_CONTROL_SCORE,SOURCE_ID,0,False,,HISTORICAL_LINEAGE
6,C:\RSOS\Training data\F2_EXTERNAL_POPULATION_RARITY\06_RARITY_TAILS\LINEAGE_EXTERNAL_PERCENTILES.csv,True,.csv,25697,,5,MODEL|LINEAGE_CONVERSATION_ID|LINEAGE_SCORE|EXTERNAL_PERCENTILE|N_EXTERNAL_GE,LINEAGE_CONVERSATION_ID,,LINEAGE_CONVERSATION_ID|LINEAGE_SCORE,LINEAGE_CONVERSATION_ID,3,False,,HISTORICAL_LINEAGE
6,C:\RSOS\Training data\F2_EXTERNAL_POPULATION_RARITY\07_NUISANCE_CONTROL\CEM_PER_LINEAGE_RESULTS.csv,True,.csv,10449,,5,MODEL|LINEAGE_CONVERSATION_ID|CEM_CELL|N_EXTERNAL_CELL|WITHIN_CELL_PAIRWIN,LINEAGE_CONVERSATION_ID,,LINEAGE_CONVERSATION_ID,LINEAGE_CONVERSATION_ID,2,False,,HISTORICAL_LINEAGE
6,C:\RSOS\RSOS  Python Results\V9_REPRESENTATIONAL_TRANSPORT_OPERATOR\12_DAMAGE_CONTROLS.csv,True,.csv,856,,10,contrast|authentic|control|mean_authentic|mean_control|difference|permutation_p|wilcoxon_p|holm_p|PASS,,,control|mean_control,,7,False,,RELATIONAL_TOPOLOGICAL
6,C:\RSOS\RSOS  Python Results\V9_REPRESENTATIONAL_TRANSPORT_OPERATOR\14_PERMUTATION_CONTROLS.csv,True,.csv,389,,10,contrast|authentic|control|mean_authentic|mean_control|difference|permutation_p|wilcoxon_p|holm_p|PASS,,,control|mean_control,,7,False,,RELATIONAL_TOPOLOGICAL
6,C:\RSOS\RSOS_EXPERIMENTS_WF1_A_V12_R_CORRECTIVE_CAUSAL_TOPOLOGY\ADJUDICATION\WF1_A_R1_SENSITIVITY_S2_OUTCOME_20260913_233429\S2A_GROUP_COMPLETE\12_SURFACE_INVARIANCE_TESTS.csv,True,.csv,1321,,7,PARTITION|CONTROL|N|STRUCTURAL_MINUS_SURFACE|P|HOLM_P|PASS_001,,,CONTROL,,5,False,,RELATIONAL_TOPOLOGICAL
6,C:\RSOS\RSOS_EXPERIMENTS_WF1_A_V12_R_CORRECTIVE_CAUSAL_TOPOLOGY\ADJUDICATION\WF1_A_R1_SENSITIVITY_S2_OUTCOME_20260913_233429\S2A_GROUP_COMPLETE\28_MODEL_NATIVE_SUMMARY.csv,True,.csv,8487,,8,SCOPE|PARTITION|CONTROL|N|AUTH_ADVANTAGE|P|HOLM_P|PASS,,,CONTROL,,5,False,,RELATIONAL_TOPOLOGICAL
6,C:\RSOS\RSOS_EXPERIMENTS_WF1_A_V12_R_CORRECTIVE_CAUSAL_TOPOLOGY\ADJUDICATION\WF1_A_R1_SENSITIVITY_S2_OUTCOME_20260913_233429\S2B_SEED_COMPLETE\12_SURFACE_INVARIANCE_TESTS.csv,True,.csv,1312,,7,PARTITION|CONTROL|N|STRUCTURAL_MINUS_SURFACE|P|HOLM_P|PASS_001,,,CONTROL,,5,False,,RELATIONAL_TOPOLOGICAL
6,C:\RSOS\RSOS_EXPERIMENTS_WF1_A_V12_R_CORRECTIVE_CAUSAL_TOPOLOGY\ADJUDICATION\WF1_A_R1_SENSITIVITY_S2_OUTCOME_20260913_233429\S2B_SEED_COMPLETE\28_MODEL_NATIVE_SUMMARY.csv,True,.csv,8437,,8,SCOPE|PARTITION|CONTROL|N|AUTH_ADVANTAGE|P|HOLM_P|PASS,,,CONTROL,,5,False,,RELATIONAL_TOPOLOGICAL
6,C:\RSOS\RSOS_EXPERIMENTS_WF1_A_V12_R_CORRECTIVE_CAUSAL_TOPOLOGY\PUBLICATION\WF1_A_WF1_B_GITHUB_PROVENANCE_PACKAGE_v1\WF1_A\ADJUDICATION\WF1_A_R1_SENSITIVITY_S2_OUTCOME_20260913_233429\S2A_GROUP_COMPLETE\12_SURFACE_INVARIANCE_TESTS.csv,True,.csv,1321,,7,PARTITION|CONTROL|N|STRUCTURAL_MINUS_SURFACE|P|HOLM_P|PASS_001,,,CONTROL,,5,False,,RELATIONAL_TOPOLOGICAL
6,C:\RSOS\RSOS_EXPERIMENTS_WF1_A_V12_R_CORRECTIVE_CAUSAL_TOPOLOGY\PUBLICATION\WF1_A_WF1_B_GITHUB_PROVENANCE_PACKAGE_v1\WF1_A\ADJUDICATION\WF1_A_R1_SENSITIVITY_S2_OUTCOME_20260913_233429\S2A_GROUP_COMPLETE\28_MODEL_NATIVE_SUMMARY.csv,True,.csv,8487,,8,SCOPE|PARTITION|CONTROL|N|AUTH_ADVANTAGE|P|HOLM_P|PASS,,,CONTROL,,5,False,,RELATIONAL_TOPOLOGICAL
6,C:\RSOS\RSOS_EXPERIMENTS_WF1_A_V12_R_CORRECTIVE_CAUSAL_TOPOLOGY\PUBLICATION\WF1_A_WF1_B_GITHUB_PROVENANCE_PACKAGE_v1\WF1_A\ADJUDICATION\WF1_A_R1_SENSITIVITY_S2_OUTCOME_20260913_233429\S2B_SEED_COMPLETE\12_SURFACE_INVARIANCE_TESTS.csv,True,.csv,1312,,7,PARTITION|CONTROL|N|STRUCTURAL_MINUS_SURFACE|P|HOLM_P|PASS_001,,,CONTROL,,5,False,,RELATIONAL_TOPOLOGICAL
6,C:\RSOS\RSOS_EXPERIMENTS_WF1_A_V12_R_CORRECTIVE_CAUSAL_TOPOLOGY\PUBLICATION\WF1_A_WF1_B_GITHUB_PROVENANCE_PACKAGE_v1\WF1_A\ADJUDICATION\WF1_A_R1_SENSITIVITY_S2_OUTCOME_20260913_233429\S2B_SEED_COMPLETE\28_MODEL_NATIVE_SUMMARY.csv,True,.csv,8437,,8,SCOPE|PARTITION|CONTROL|N|AUTH_ADVANTAGE|P|HOLM_P|PASS,,,CONTROL,,5,False,,RELATIONAL_TOPOLOGICAL
6,C:\RSOS\RSOS_EXPERIMENTS_WF1_A_V12_R_CORRECTIVE_CAUSAL_TOPOLOGY\PUBLICATION\WF1_A_WF1_B_GITHUB_PROVENANCE_PACKAGE_v1\WF1_B_EXTERNAL_POPULATION_PARQUET\03_SIGNATURE_FREEZE\CORROBORATION_S2A\12_SURFACE_INVARIANCE_TESTS.csv,True,.csv,1321,,7,PARTITION|CONTROL|N|STRUCTURAL_MINUS_SURFACE|P|HOLM_P|PASS_001,,,CONTROL,,5,False,,RELATIONAL_TOPOLOGICAL
6,C:\RSOS\RSOS_EXPERIMENTS_WF1_A_V12_R_CORRECTIVE_CAUSAL_TOPOLOGY\PUBLICATION\WF1_A_WF1_B_GITHUB_PROVENANCE_PACKAGE_v1\WF1_B_EXTERNAL_POPULATION_PARQUET\03_SIGNATURE_FREEZE\CORROBORATION_S2A\28_MODEL_NATIVE_SUMMARY.csv,True,.csv,8487,,8,SCOPE|PARTITION|CONTROL|N|AUTH_ADVANTAGE|P|HOLM_P|PASS,,,CONTROL,,5,False,,RELATIONAL_TOPOLOGICAL
6,C:\RSOS\RSOS_EXPERIMENTS_WF1_A_V12_R_CORRECTIVE_CAUSAL_TOPOLOGY\PUBLICATION\WF1_A_WF1_B_GITHUB_PROVENANCE_PACKAGE_v1\WF1_B_EXTERNAL_POPULATION_PARQUET\03_SIGNATURE_FREEZE\PRIMARY_S2B\12_SURFACE_INVARIANCE_TESTS.csv,True,.csv,1312,,7,PARTITION|CONTROL|N|STRUCTURAL_MINUS_SURFACE|P|HOLM_P|PASS_001,,,CONTROL,,5,False,,RELATIONAL_TOPOLOGICAL
6,C:\RSOS\RSOS_EXPERIMENTS_WF1_A_V12_R_CORRECTIVE_CAUSAL_TOPOLOGY\PUBLICATION\WF1_A_WF1_B_GITHUB_PROVENANCE_PACKAGE_v1\WF1_B_EXTERNAL_POPULATION_PARQUET\03_SIGNATURE_FREEZE\PRIMARY_S2B\28_MODEL_NATIVE_SUMMARY.csv,True,.csv,8437,,8,SCOPE|PARTITION|CONTROL|N|AUTH_ADVANTAGE|P|HOLM_P|PASS,,,CONTROL,,5,False,,RELATIONAL_TOPOLOGICAL
6,C:\RSOS\RSOS_EXPERIMENTS_WF1_A_V12_R_CORRECTIVE_CAUSAL_TOPOLOGY\PUBLICATION\WF1_A_WF1_B_GITHUB_PROVENANCE_PACKAGE_v1\WF1_B_EXTERNAL_POPULATION_PARQUET\04_RUNNER\F2_B_FROZEN_PASSIVE_BASELINE\fixtures\PARITY_FIXTURES.jsonl,True,.jsonl,2175259,,3,set_label|conversation_id|messages,conversation_id,,set_label,conversation_id,0,False,,RELATIONAL_TOPOLOGICAL
6,C:\RSOS\RSOS_EXPERIMENTS_WF1_A_V12_R_CORRECTIVE_CAUSAL_TOPOLOGY\PUBLICATION\WF1_A_WF1_B_GITHUB_PROVENANCE_PACKAGE_v1\WF1_B_EXTERNAL_POPULATION_PARQUET\FRESH_SHARD14_CONFIRMATION_R3\02_PRIMARY\SEPARATION_RESULTS.csv,True,.csv,2410,,8,POPULATION|MEASURE|N_LINEAGE|N_EXTERNAL|AUC_LINEAGE_GT_EXTERNAL|CI_LOW|CI_HIGH|P,,,N_LINEAGE|AUC_LINEAGE_GT_EXTERNAL,,6,False,,RELATIONAL_TOPOLOGICAL
6,C:\RSOS\RSOS_EXPERIMENTS_WF1_A_V12_R_CORRECTIVE_CAUSAL_TOPOLOGY\PUBLICATION\WF1_A_WF1_B_GITHUB_PROVENANCE_PACKAGE_v1\WF1_B_EXTERNAL_POPULATION_PARQUET\FRESH_SHARD14_CONFIRMATION_R3\04_WINDOWS\WINDOW_EXTERNAL_RARITY.csv,True,.csv,3068,,14,POPULATION|WINDOW|TYPE|N_LINEAGE|N_EXTERNAL|AUC_LINEAGE_GT_EXTERNAL|CI_LOW|CI_HIGH|P|REFERENCE|THRESHOLD|MATCHES|FRACTION|ONE_IN,,,N_LINEAGE|AUC_LINEAGE_GT_EXTERNAL,,11,False,,RELATIONAL_TOPOLOGICAL
6,C:\RSOS\RSOS_EXPERIMENTS_WF1_A_V12_R_CORRECTIVE_CAUSAL_TOPOLOGY\PUBLICATION\WF1_A_WF1_B_GITHUB_PROVENANCE_PACKAGE_v1\WF1_B_EXTERNAL_POPULATION_PARQUET\FRESH_SHARD14_CONFIRMATION_R3\05_NUISANCE\CEM_RESULT.csv,True,.csv,223,,7,LINEAGE_TOTAL|LINEAGE_SUPPORTED|SUPPORT_RATE|EXTERNAL_SUPPORTED|MAX_ABS_WEIGHTED_SMD|GATE|MEAN_WITHIN_CELL_PAIRWIN_COMPOSITE_MIN_Z,,,LINEAGE_TOTAL|LINEAGE_SUPPORTED,,6,False,,RELATIONAL_TOPOLOGICAL
6,C:\RSOS\RSOS_EXPERIMENTS_WF1_A_V12_R_CORRECTIVE_CAUSAL_TOPOLOGY\PUBLICATION\WF1_A_WF1_B_GITHUB_PROVENANCE_PACKAGE_v1\WF1_B_EXTERNAL_POPULATION_PARQUET\WF1_B_FINAL_AUTHORITY_R3\02_PRIMARY\SEPARATION_RESULTS.csv,True,.csv,2410,,8,POPULATION|MEASURE|N_LINEAGE|N_EXTERNAL|AUC_LINEAGE_GT_EXTERNAL|CI_LOW|CI_HIGH|P,,,N_LINEAGE|AUC_LINEAGE_GT_EXTERNAL,,6,False,,RELATIONAL_TOPOLOGICAL
6,C:\RSOS\RSOS_EXPERIMENTS_WF1_A_V12_R_CORRECTIVE_CAUSAL_TOPOLOGY\PUBLICATION\WF1_A_WF1_B_GITHUB_PROVENANCE_PACKAGE_v1\WF1_B_EXTERNAL_POPULATION_PARQUET\WF1_B_FINAL_AUTHORITY_R3\05_NUISANCE\CEM_RESULT.csv,True,.csv,223,,7,LINEAGE_TOTAL|LINEAGE_SUPPORTED|SUPPORT_RATE|EXTERNAL_SUPPORTED|MAX_ABS_WEIGHTED_SMD|GATE|MEAN_WITHIN_CELL_PAIRWIN_COMPOSITE_MIN_Z,,,LINEAGE_TOTAL|LINEAGE_SUPPORTED,,6,False,,RELATIONAL_TOPOLOGICAL
6,C:\RSOS\RSOS_EXPERIMENTS_WF1_A_V12_R_CORRECTIVE_CAUSAL_TOPOLOGY\WF1_B_EXTERNAL_POPULATION_PARQUET\03_SIGNATURE_FREEZE\CORROBORATION_S2A\12_SURFACE_INVARIANCE_TESTS.csv,True,.csv,1321,,7,PARTITION|CONTROL|N|STRUCTURAL_MINUS_SURFACE|P|HOLM_P|PASS_001,,,CONTROL,,5,False,,RELATIONAL_TOPOLOGICAL
6,C:\RSOS\RSOS_EXPERIMENTS_WF1_A_V12_R_CORRECTIVE_CAUSAL_TOPOLOGY\WF1_B_EXTERNAL_POPULATION_PARQUET\03_SIGNATURE_FREEZE\CORROBORATION_S2A\28_MODEL_NATIVE_SUMMARY.csv,True,.csv,8487,,8,SCOPE|PARTITION|CONTROL|N|AUTH_ADVANTAGE|P|HOLM_P|PASS,,,CONTROL,,5,False,,RELATIONAL_TOPOLOGICAL
6,C:\RSOS\RSOS_EXPERIMENTS_WF1_A_V12_R_CORRECTIVE_CAUSAL_TOPOLOGY\WF1_B_EXTERNAL_POPULATION_PARQUET\03_SIGNATURE_FREEZE\PRIMARY_S2B\12_SURFACE_INVARIANCE_TESTS.csv,True,.csv,1312,,7,PARTITION|CONTROL|N|STRUCTURAL_MINUS_SURFACE|P|HOLM_P|PASS_001,,,CONTROL,,5,False,,RELATIONAL_TOPOLOGICAL
6,C:\RSOS\RSOS_EXPERIMENTS_WF1_A_V12_R_CORRECTIVE_CAUSAL_TOPOLOGY\WF1_B_EXTERNAL_POPULATION_PARQUET\03_SIGNATURE_FREEZE\PRIMARY_S2B\28_MODEL_NATIVE_SUMMARY.csv,True,.csv,8437,,8,SCOPE|PARTITION|CONTROL|N|AUTH_ADVANTAGE|P|HOLM_P|PASS,,,CONTROL,,5,False,,RELATIONAL_TOPOLOGICAL
6,C:\RSOS\RSOS_EXPERIMENTS_WF1_A_V12_R_CORRECTIVE_CAUSAL_TOPOLOGY\WF1_B_EXTERNAL_POPULATION_PARQUET\04_RUNNER\F2_B_FROZEN_PASSIVE_BASELINE\fixtures\PARITY_FIXTURES.jsonl,True,.jsonl,2175259,,3,set_label|conversation_id|messages,conversation_id,,set_label,conversation_id,0,False,,RELATIONAL_TOPOLOGICAL
6,C:\RSOS\RSOS_EXPERIMENTS_WF1_A_V12_R_CORRECTIVE_CAUSAL_TOPOLOGY\WF1_B_EXTERNAL_POPULATION_PARQUET\07_OUTPUT\FRESH_SHARD14_CONFIRMATION_R3\02_PRIMARY\SEPARATION_RESULTS.csv,True,.csv,2410,,8,POPULATION|MEASURE|N_LINEAGE|N_EXTERNAL|AUC_LINEAGE_GT_EXTERNAL|CI_LOW|CI_HIGH|P,,,N_LINEAGE|AUC_LINEAGE_GT_EXTERNAL,,6,False,,RELATIONAL_TOPOLOGICAL
6,C:\RSOS\RSOS_EXPERIMENTS_WF1_A_V12_R_CORRECTIVE_CAUSAL_TOPOLOGY\WF1_B_EXTERNAL_POPULATION_PARQUET\07_OUTPUT\FRESH_SHARD14_CONFIRMATION_R3\04_WINDOWS\WINDOW_EXTERNAL_RARITY.csv,True,.csv,3068,,14,POPULATION|WINDOW|TYPE|N_LINEAGE|N_EXTERNAL|AUC_LINEAGE_GT_EXTERNAL|CI_LOW|CI_HIGH|P|REFERENCE|THRESHOLD|MATCHES|FRACTION|ONE_IN,,,N_LINEAGE|AUC_LINEAGE_GT_EXTERNAL,,11,False,,RELATIONAL_TOPOLOGICAL
6,C:\RSOS\RSOS_EXPERIMENTS_WF1_A_V12_R_CORRECTIVE_CAUSAL_TOPOLOGY\WF1_B_EXTERNAL_POPULATION_PARQUET\07_OUTPUT\FRESH_SHARD14_CONFIRMATION_R3\05_NUISANCE\CEM_RESULT.csv,True,.csv,223,,7,LINEAGE_TOTAL|LINEAGE_SUPPORTED|SUPPORT_RATE|EXTERNAL_SUPPORTED|MAX_ABS_WEIGHTED_SMD|GATE|MEAN_WITHIN_CELL_PAIRWIN_COMPOSITE_MIN_Z,,,LINEAGE_TOTAL|LINEAGE_SUPPORTED,,6,False,,RELATIONAL_TOPOLOGICAL
6,C:\RSOS\RSOS_EXPERIMENTS_WF1_A_V12_R_CORRECTIVE_CAUSAL_TOPOLOGY\WF1_B_EXTERNAL_POPULATION_PARQUET\09_ADJUDICATION\WF1_B_FINAL_AUTHORITY_R3\02_PRIMARY\SEPARATION_RESULTS.csv,True,.csv,2410,,8,POPULATION|MEASURE|N_LINEAGE|N_EXTERNAL|AUC_LINEAGE_GT_EXTERNAL|CI_LOW|CI_HIGH|P,,,N_LINEAGE|AUC_LINEAGE_GT_EXTERNAL,,6,False,,RELATIONAL_TOPOLOGICAL
6,C:\RSOS\RSOS_EXPERIMENTS_WF1_A_V12_R_CORRECTIVE_CAUSAL_TOPOLOGY\WF1_B_EXTERNAL_POPULATION_PARQUET\09_ADJUDICATION\WF1_B_FINAL_AUTHORITY_R3\05_NUISANCE\CEM_RESULT.csv,True,.csv,223,,7,LINEAGE_TOTAL|LINEAGE_SUPPORTED|SUPPORT_RATE|EXTERNAL_SUPPORTED|MAX_ABS_WEIGHTED_SMD|GATE|MEAN_WITHIN_CELL_PAIRWIN_COMPOSITE_MIN_Z,,,LINEAGE_TOTAL|LINEAGE_SUPPORTED,,6,False,,RELATIONAL_TOPOLOGICAL
6,C:\RSOS\Training data\F1_BR2_LMARENA_MATCHED_CONTROL\01_BR1_FROZEN\F1_BR1_RESULTS_PACKAGE\07_RESULTS\LMARENA_RELATIONAL_GRAPH_CONTROL.csv,True,.csv,345,,4,COMPARISON|EDGE_VECTOR_PEARSON|SIGN_AGREEMENT|MEAN_ABS_DIFF,,,,,3,True,,RELATIONAL_TOPOLOGICAL
6,C:\RSOS\Training data\F1_BR2_LMARENA_MATCHED_CONTROL\11_V2_BR1_FROZEN\F1_BR1_RESULTS_PACKAGE\07_RESULTS\LMARENA_RELATIONAL_GRAPH_CONTROL.csv,True,.csv,345,,4,COMPARISON|EDGE_VECTOR_PEARSON|SIGN_AGREEMENT|MEAN_ABS_DIFF,,,,,3,True,,RELATIONAL_TOPOLOGICAL
6,C:\RSOS\Training data\F1_DEV_LMARENA_BLIND_R3_HARDENED\06_PLANTED_V12_GRAPH_CALIBRATION\PLANTED_V12_GRAPH_DATA.csv,True,.csv,820336,,13,CONDITION|LABEL|EDGE_COUNT|IN_SD|OUT_SD|SCC_COUNT|LARGEST_SCC_FRAC|TRANSITIVITY|SPECTRAL_RADIUS|TWO_CYCLES|THREE_CYCLES|REACHABILITY_FRAC|MEAN_REACHABLE_PATH,,,LABEL,,12,False,,RELATIONAL_TOPOLOGICAL
6,C:\RSOS\Training data\F1_DEV_R4_V12_GRAPH_CALIBRATION\03_CROSS_TOPOLOGY_GENERALIZATION\CROSS_TOPOLOGY_DATA.parquet,True,.parquet,77099,6000.0,14,BASE_GRAPH_ID|FAMILY|LABEL|D_RECIPROCITY|D_SCC_COUNT|D_LARGEST_SCC_FRAC|D_TRANSITIVITY|D_IN_DEGREE_SD|D_OUT_DEGREE_SD|D_SPECTRAL_RADIUS|D_TWO_CYCLES|D_THREE_CYCLES|D_REACHABILITY_FRAC|D_MEAN_REACHABLE_PATH,,,LABEL,,12,False,,RELATIONAL_TOPOLOGICAL
6,C:\RSOS\Training data\F1_DEV_R5_V12_SPECIFICITY_OPERATOR\01_GRAPH_SPECIFICITY\GRAPH_SPECIFICITY_SUMMARY.csv,True,.csv,196,,6,PARTITION|N_CONTROLS|MIN_DISTANCE|P01_DISTANCE|MEDIAN_DISTANCE|EXACT_6DP_COLLISIONS,,,N_CONTROLS,,5,False,,RELATIONAL_TOPOLOGICAL
6,C:\RSOS\Training data\F1_DEV_R5_V12_SPECIFICITY_OPERATOR\01_GRAPH_SPECIFICITY\MATCHED_NONISOMORPHIC_GRAPH_CONTROLS.parquet,True,.parquet,117911,6000.0,28,PARTITION|CONTROL_ID|ISOMORPHIC_TO_AUTH|EDGE_COUNT|EDGES|G_RECIPROCITY|G_SCC_COUNT|G_LARGEST_SCC_FRAC|G_TRANSITIVITY|G_IN_DEGREE_SD|G_OUT_DEGREE_SD|G_SPECTRAL_RADIUS|G_TWO_CYCLES|G_THREE_CYCLES|G_REACHABILITY_FRAC|G_MEAN_REACHABLE_PATH|O_ORDER_DIRECT_EDGE_COHERENCE|O_ORDER_ADJ_REACHABILITY|O_ORDER_ALL_FORWARD_REACHABILITY|O_K_INCIDENT_EDGE_SHARE|O_K_MUTUAL_REACHABILITY|O_S_SOURCE_EXISTS|O_S_TARGET_EXISTS|O_S_TARGET_REACHABLE|O_S_APPLICABLE|O_Z_SINKNESS|O_Z_REACHABLE_FROM_Q_FRAC|O_Z_Q_POSITION,,,CONTROL_ID,,25,False,,RELATIONAL_TOPOLOGICAL
6,C:\RSOS\Training data\F1_DEV_R5_V12_SPECIFICITY_OPERATOR\02_OPERATOR_SPECIFICITY\ALTERNATIVE_OPERATOR_CONTROLS.parquet,True,.parquet,430213,30000.0,18,PARTITION|CONTROL_ID|Q|K|S|Z|O_ORDER_DIRECT_EDGE_COHERENCE|O_ORDER_ADJ_REACHABILITY|O_ORDER_ALL_FORWARD_REACHABILITY|O_K_INCIDENT_EDGE_SHARE|O_K_MUTUAL_REACHABILITY|O_S_SOURCE_EXISTS|O_S_TARGET_EXISTS|O_S_TARGET_REACHABLE|O_S_APPLICABLE|O_Z_SINKNESS|O_Z_REACHABLE_FROM_Q_FRAC|O_Z_Q_POSITION,,,CONTROL_ID,,13,False,,RELATIONAL_TOPOLOGICAL
6,C:\RSOS\Training data\F1_DEV_R5_V12_SPECIFICITY_OPERATOR\02_OPERATOR_SPECIFICITY\OPERATOR_SPECIFICITY_SUMMARY.csv,True,.csv,226,,6,PARTITION|N_CONTROLS|MIN_DISTANCE|P01_DISTANCE|MEDIAN_DISTANCE|EXACT_6DP_COLLISIONS,,,N_CONTROLS,,5,False,,RELATIONAL_TOPOLOGICAL
6,C:\RSOS\Training data\F1_DEV_R5_V12_SPECIFICITY_OPERATOR\03_COMBINED_COLLISION\COMBINED_ADVERSARIAL_CONTROLS.parquet,True,.parquet,546420,30000.0,30,PARTITION|CONTROL_ID|EDGES|Q|K|S|Z|G_RECIPROCITY|G_SCC_COUNT|G_LARGEST_SCC_FRAC|G_TRANSITIVITY|G_IN_DEGREE_SD|G_OUT_DEGREE_SD|G_SPECTRAL_RADIUS|G_TWO_CYCLES|G_THREE_CYCLES|G_REACHABILITY_FRAC|G_MEAN_REACHABLE_PATH|O_ORDER_DIRECT_EDGE_COHERENCE|O_ORDER_ADJ_REACHABILITY|O_ORDER_ALL_FORWARD_REACHABILITY|O_K_INCIDENT_EDGE_SHARE|O_K_MUTUAL_REACHABILITY|O_S_SOURCE_EXISTS|O_S_TARGET_EXISTS|O_S_TARGET_REACHABLE|O_S_APPLICABLE|O_Z_SINKNESS|O_Z_REACHABLE_FROM_Q_FRAC|O_Z_Q_POSITION,,,CONTROL_ID,,24,False,,RELATIONAL_TOPOLOGICAL
6,C:\RSOS\Training data\F1_DEV_R5_V12_SPECIFICITY_OPERATOR\03_COMBINED_COLLISION\COMBINED_SPECIFICITY_SUMMARY.csv,True,.csv,223,,6,PARTITION|N_CONTROLS|MIN_DISTANCE|P01_DISTANCE|MEDIAN_DISTANCE|EXACT_6DP_COLLISIONS,,,N_CONTROLS,,5,False,,RELATIONAL_TOPOLOGICAL
6,C:\RSOS\Training data\F1_DEV_R5_V12_SPECIFICITY_OPERATOR\04_ADVERSARIAL_NEAREST_CONTROLS\TOP100_NEAREST_COMBINED_CONTROLS.csv,True,.csv,39032,,31,PARTITION|CONTROL_ID|EDGES|Q|K|S|Z|G_RECIPROCITY|G_SCC_COUNT|G_LARGEST_SCC_FRAC|G_TRANSITIVITY|G_IN_DEGREE_SD|G_OUT_DEGREE_SD|G_SPECTRAL_RADIUS|G_TWO_CYCLES|G_THREE_CYCLES|G_REACHABILITY_FRAC|G_MEAN_REACHABLE_PATH|O_ORDER_DIRECT_EDGE_COHERENCE|O_ORDER_ADJ_REACHABILITY|O_ORDER_ALL_FORWARD_REACHABILITY|O_K_INCIDENT_EDGE_SHARE|O_K_MUTUAL_REACHABILITY|O_S_SOURCE_EXISTS|O_S_TARGET_EXISTS|O_S_TARGET_REACHABLE|O_S_APPLICABLE|O_Z_SINKNESS|O_Z_REACHABLE_FROM_Q_FRAC|O_Z_Q_POSITION|COMBINED_DISTANCE,,,CONTROL_ID,,25,False,,RELATIONAL_TOPOLOGICAL
6,C:\RSOS\Training data\F1_DEV_R5_V12_SPECIFICITY_OPERATOR\04_ADVERSARIAL_NEAREST_CONTROLS\TOP100_NEAREST_GRAPH_CONTROLS.csv,True,.csv,30821,,29,PARTITION|CONTROL_ID|ISOMORPHIC_TO_AUTH|EDGE_COUNT|EDGES|G_RECIPROCITY|G_SCC_COUNT|G_LARGEST_SCC_FRAC|G_TRANSITIVITY|G_IN_DEGREE_SD|G_OUT_DEGREE_SD|G_SPECTRAL_RADIUS|G_TWO_CYCLES|G_THREE_CYCLES|G_REACHABILITY_FRAC|G_MEAN_REACHABLE_PATH|O_ORDER_DIRECT_EDGE_COHERENCE|O_ORDER_ADJ_REACHABILITY|O_ORDER_ALL_FORWARD_REACHABILITY|O_K_INCIDENT_EDGE_SHARE|O_K_MUTUAL_REACHABILITY|O_S_SOURCE_EXISTS|O_S_TARGET_EXISTS|O_S_TARGET_REACHABLE|O_S_APPLICABLE|O_Z_SINKNESS|O_Z_REACHABLE_FROM_Q_FRAC|O_Z_Q_POSITION|GRAPH_DISTANCE,,,CONTROL_ID,,26,False,,RELATIONAL_TOPOLOGICAL
6,C:\RSOS\Training data\F2_BR0_FULL_FINGERPRINT_RECOVERY\01_CANONICAL_INPUTS\F1_BR2_LMARENA_MATCHED_CONTROL\01_BR1_FROZEN\F1_BR1_RESULTS_PACKAGE\07_RESULTS\LMARENA_RELATIONAL_GRAPH_CONTROL.csv,True,.csv,345,,4,COMPARISON|EDGE_VECTOR_PEARSON|SIGN_AGREEMENT|MEAN_ABS_DIFF,,,,,3,True,,RELATIONAL_TOPOLOGICAL
6,C:\RSOS\Training data\F2_BR0_FULL_FINGERPRINT_RECOVERY\01_CANONICAL_INPUTS\F1_BR2_LMARENA_MATCHED_CONTROL\11_V2_BR1_FROZEN\F1_BR1_RESULTS_PACKAGE\07_RESULTS\LMARENA_RELATIONAL_GRAPH_CONTROL.csv,True,.csv,345,,4,COMPARISON|EDGE_VECTOR_PEARSON|SIGN_AGREEMENT|MEAN_ABS_DIFF,,,,,3,True,,RELATIONAL_TOPOLOGICAL
6,C:\RSOS\Training data\F2_BR0_FULL_FINGERPRINT_RECOVERY\01_CANONICAL_INPUTS\F1_DEV_LMARENA_BLIND_R3_HARDENED\06_PLANTED_V12_GRAPH_CALIBRATION\PLANTED_V12_GRAPH_DATA.csv,True,.csv,820336,,13,CONDITION|LABEL|EDGE_COUNT|IN_SD|OUT_SD|SCC_COUNT|LARGEST_SCC_FRAC|TRANSITIVITY|SPECTRAL_RADIUS|TWO_CYCLES|THREE_CYCLES|REACHABILITY_FRAC|MEAN_REACHABLE_PATH,,,LABEL,,12,False,,RELATIONAL_TOPOLOGICAL
6,C:\RSOS\Training data\F2_BR0_FULL_FINGERPRINT_RECOVERY\01_CANONICAL_INPUTS\F1_DEV_R4_V12_GRAPH_CALIBRATION\03_CROSS_TOPOLOGY_GENERALIZATION\CROSS_TOPOLOGY_DATA.parquet,True,.parquet,77099,6000.0,14,BASE_GRAPH_ID|FAMILY|LABEL|D_RECIPROCITY|D_SCC_COUNT|D_LARGEST_SCC_FRAC|D_TRANSITIVITY|D_IN_DEGREE_SD|D_OUT_DEGREE_SD|D_SPECTRAL_RADIUS|D_TWO_CYCLES|D_THREE_CYCLES|D_REACHABILITY_FRAC|D_MEAN_REACHABLE_PATH,,,LABEL,,12,False,,RELATIONAL_TOPOLOGICAL
6,C:\RSOS\Training data\F2_BR0_FULL_FINGERPRINT_RECOVERY\01_CANONICAL_INPUTS\F1_DEV_R5_V12_SPECIFICITY_OPERATOR\01_GRAPH_SPECIFICITY\GRAPH_SPECIFICITY_SUMMARY.csv,True,.csv,196,,6,PARTITION|N_CONTROLS|MIN_DISTANCE|P01_DISTANCE|MEDIAN_DISTANCE|EXACT_6DP_COLLISIONS,,,N_CONTROLS,,5,False,,RELATIONAL_TOPOLOGICAL
6,C:\RSOS\Training data\F2_BR0_FULL_FINGERPRINT_RECOVERY\01_CANONICAL_INPUTS\F1_DEV_R5_V12_SPECIFICITY_OPERATOR\01_GRAPH_SPECIFICITY\MATCHED_NONISOMORPHIC_GRAPH_CONTROLS.parquet,True,.parquet,117911,6000.0,28,PARTITION|CONTROL_ID|ISOMORPHIC_TO_AUTH|EDGE_COUNT|EDGES|G_RECIPROCITY|G_SCC_COUNT|G_LARGEST_SCC_FRAC|G_TRANSITIVITY|G_IN_DEGREE_SD|G_OUT_DEGREE_SD|G_SPECTRAL_RADIUS|G_TWO_CYCLES|G_THREE_CYCLES|G_REACHABILITY_FRAC|G_MEAN_REACHABLE_PATH|O_ORDER_DIRECT_EDGE_COHERENCE|O_ORDER_ADJ_REACHABILITY|O_ORDER_ALL_FORWARD_REACHABILITY|O_K_INCIDENT_EDGE_SHARE|O_K_MUTUAL_REACHABILITY|O_S_SOURCE_EXISTS|O_S_TARGET_EXISTS|O_S_TARGET_REACHABLE|O_S_APPLICABLE|O_Z_SINKNESS|O_Z_REACHABLE_FROM_Q_FRAC|O_Z_Q_POSITION,,,CONTROL_ID,,25,False,,RELATIONAL_TOPOLOGICAL
6,C:\RSOS\Training data\F2_BR0_FULL_FINGERPRINT_RECOVERY\01_CANONICAL_INPUTS\F1_DEV_R5_V12_SPECIFICITY_OPERATOR\02_OPERATOR_SPECIFICITY\ALTERNATIVE_OPERATOR_CONTROLS.parquet,True,.parquet,430213,30000.0,18,PARTITION|CONTROL_ID|Q|K|S|Z|O_ORDER_DIRECT_EDGE_COHERENCE|O_ORDER_ADJ_REACHABILITY|O_ORDER_ALL_FORWARD_REACHABILITY|O_K_INCIDENT_EDGE_SHARE|O_K_MUTUAL_REACHABILITY|O_S_SOURCE_EXISTS|O_S_TARGET_EXISTS|O_S_TARGET_REACHABLE|O_S_APPLICABLE|O_Z_SINKNESS|O_Z_REACHABLE_FROM_Q_FRAC|O_Z_Q_POSITION,,,CONTROL_ID,,13,False,,RELATIONAL_TOPOLOGICAL
6,C:\RSOS\Training data\F2_BR0_FULL_FINGERPRINT_RECOVERY\01_CANONICAL_INPUTS\F1_DEV_R5_V12_SPECIFICITY_OPERATOR\02_OPERATOR_SPECIFICITY\OPERATOR_SPECIFICITY_SUMMARY.csv,True,.csv,226,,6,PARTITION|N_CONTROLS|MIN_DISTANCE|P01_DISTANCE|MEDIAN_DISTANCE|EXACT_6DP_COLLISIONS,,,N_CONTROLS,,5,False,,RELATIONAL_TOPOLOGICAL
6,C:\RSOS\Training data\F2_BR0_FULL_FINGERPRINT_RECOVERY\01_CANONICAL_INPUTS\F1_DEV_R5_V12_SPECIFICITY_OPERATOR\03_COMBINED_COLLISION\COMBINED_ADVERSARIAL_CONTROLS.parquet,True,.parquet,546420,30000.0,30,PARTITION|CONTROL_ID|EDGES|Q|K|S|Z|G_RECIPROCITY|G_SCC_COUNT|G_LARGEST_SCC_FRAC|G_TRANSITIVITY|G_IN_DEGREE_SD|G_OUT_DEGREE_SD|G_SPECTRAL_RADIUS|G_TWO_CYCLES|G_THREE_CYCLES|G_REACHABILITY_FRAC|G_MEAN_REACHABLE_PATH|O_ORDER_DIRECT_EDGE_COHERENCE|O_ORDER_ADJ_REACHABILITY|O_ORDER_ALL_FORWARD_REACHABILITY|O_K_INCIDENT_EDGE_SHARE|O_K_MUTUAL_REACHABILITY|O_S_SOURCE_EXISTS|O_S_TARGET_EXISTS|O_S_TARGET_REACHABLE|O_S_APPLICABLE|O_Z_SINKNESS|O_Z_REACHABLE_FROM_Q_FRAC|O_Z_Q_POSITION,,,CONTROL_ID,,24,False,,RELATIONAL_TOPOLOGICAL
6,C:\RSOS\Training data\F2_BR0_FULL_FINGERPRINT_RECOVERY\01_CANONICAL_INPUTS\F1_DEV_R5_V12_SPECIFICITY_OPERATOR\03_COMBINED_COLLISION\COMBINED_SPECIFICITY_SUMMARY.csv,True,.csv,223,,6,PARTITION|N_CONTROLS|MIN_DISTANCE|P01_DISTANCE|MEDIAN_DISTANCE|EXACT_6DP_COLLISIONS,,,N_CONTROLS,,5,False,,RELATIONAL_TOPOLOGICAL
6,C:\RSOS\Training data\F2_BR0_FULL_FINGERPRINT_RECOVERY\01_CANONICAL_INPUTS\F1_DEV_R5_V12_SPECIFICITY_OPERATOR\04_ADVERSARIAL_NEAREST_CONTROLS\TOP100_NEAREST_COMBINED_CONTROLS.csv,True,.csv,39032,,31,PARTITION|CONTROL_ID|EDGES|Q|K|S|Z|G_RECIPROCITY|G_SCC_COUNT|G_LARGEST_SCC_FRAC|G_TRANSITIVITY|G_IN_DEGREE_SD|G_OUT_DEGREE_SD|G_SPECTRAL_RADIUS|G_TWO_CYCLES|G_THREE_CYCLES|G_REACHABILITY_FRAC|G_MEAN_REACHABLE_PATH|O_ORDER_DIRECT_EDGE_COHERENCE|O_ORDER_ADJ_REACHABILITY|O_ORDER_ALL_FORWARD_REACHABILITY|O_K_INCIDENT_EDGE_SHARE|O_K_MUTUAL_REACHABILITY|O_S_SOURCE_EXISTS|O_S_TARGET_EXISTS|O_S_TARGET_REACHABLE|O_S_APPLICABLE|O_Z_SINKNESS|O_Z_REACHABLE_FROM_Q_FRAC|O_Z_Q_POSITION|COMBINED_DISTANCE,,,CONTROL_ID,,25,False,,RELATIONAL_TOPOLOGICAL
6,C:\RSOS\Training data\F2_BR0_FULL_FINGERPRINT_RECOVERY\01_CANONICAL_INPUTS\F1_DEV_R5_V12_SPECIFICITY_OPERATOR\04_ADVERSARIAL_NEAREST_CONTROLS\TOP100_NEAREST_GRAPH_CONTROLS.csv,True,.csv,30821,,29,PARTITION|CONTROL_ID|ISOMORPHIC_TO_AUTH|EDGE_COUNT|EDGES|G_RECIPROCITY|G_SCC_COUNT|G_LARGEST_SCC_FRAC|G_TRANSITIVITY|G_IN_DEGREE_SD|G_OUT_DEGREE_SD|G_SPECTRAL_RADIUS|G_TWO_CYCLES|G_THREE_CYCLES|G_REACHABILITY_FRAC|G_MEAN_REACHABLE_PATH|O_ORDER_DIRECT_EDGE_COHERENCE|O_ORDER_ADJ_REACHABILITY|O_ORDER_ALL_FORWARD_REACHABILITY|O_K_INCIDENT_EDGE_SHARE|O_K_MUTUAL_REACHABILITY|O_S_SOURCE_EXISTS|O_S_TARGET_EXISTS|O_S_TARGET_REACHABLE|O_S_APPLICABLE|O_Z_SINKNESS|O_Z_REACHABLE_FROM_Q_FRAC|O_Z_Q_POSITION|GRAPH_DISTANCE,,,CONTROL_ID,,26,False,,RELATIONAL_TOPOLOGICAL
6,C:\RSOS\Training data\F2_BR0_FULL_FINGERPRINT_RECOVERY\01_CANONICAL_INPUTS\V9_REPRESENTATIONAL_TRANSPORT_OPERATOR\12_DAMAGE_CONTROLS.csv,True,.csv,856,,10,contrast|authentic|control|mean_authentic|mean_control|difference|permutation_p|wilcoxon_p|holm_p|PASS,,,control|mean_control,,7,False,,RELATIONAL_TOPOLOGICAL
6,C:\RSOS\Training data\F2_BR0_FULL_FINGERPRINT_RECOVERY\01_CANONICAL_INPUTS\V9_REPRESENTATIONAL_TRANSPORT_OPERATOR\14_PERMUTATION_CONTROLS.csv,True,.csv,389,,10,contrast|authentic|control|mean_authentic|mean_control|difference|permutation_p|wilcoxon_p|holm_p|PASS,,,control|mean_control,,7,False,,RELATIONAL_TOPOLOGICAL
6,C:\RSOS\Training data\F2_BR0_FULL_FINGERPRINT_RECOVERY\F2_BR1_REVIEW_BUNDLE\F1_DEV_LMARENA_BLIND_R3_HARDENED\06_PLANTED_V12_GRAPH_CALIBRATION\PLANTED_V12_GRAPH_DATA.csv,True,.csv,820336,,13,CONDITION|LABEL|EDGE_COUNT|IN_SD|OUT_SD|SCC_COUNT|LARGEST_SCC_FRAC|TRANSITIVITY|SPECTRAL_RADIUS|TWO_CYCLES|THREE_CYCLES|REACHABILITY_FRAC|MEAN_REACHABLE_PATH,,,LABEL,,12,False,,RELATIONAL_TOPOLOGICAL
6,C:\RSOS\Training data\F2_BR0_FULL_FINGERPRINT_RECOVERY\F2_BR1_REVIEW_BUNDLE\F1_DEV_R5_V12_SPECIFICITY_OPERATOR\01_GRAPH_SPECIFICITY\GRAPH_SPECIFICITY_SUMMARY.csv,True,.csv,196,,6,PARTITION|N_CONTROLS|MIN_DISTANCE|P01_DISTANCE|MEDIAN_DISTANCE|EXACT_6DP_COLLISIONS,,,N_CONTROLS,,5,False,,RELATIONAL_TOPOLOGICAL
6,C:\RSOS\Training data\F2_BR0_FULL_FINGERPRINT_RECOVERY\F2_BR1_REVIEW_BUNDLE\F1_DEV_R5_V12_SPECIFICITY_OPERATOR\02_OPERATOR_SPECIFICITY\OPERATOR_SPECIFICITY_SUMMARY.csv,True,.csv,226,,6,PARTITION|N_CONTROLS|MIN_DISTANCE|P01_DISTANCE|MEDIAN_DISTANCE|EXACT_6DP_COLLISIONS,,,N_CONTROLS,,5,False,,RELATIONAL_TOPOLOGICAL
6,C:\RSOS\Training data\F2_BR0_FULL_FINGERPRINT_RECOVERY\F2_BR1_REVIEW_BUNDLE\F1_DEV_R5_V12_SPECIFICITY_OPERATOR\03_COMBINED_COLLISION\COMBINED_SPECIFICITY_SUMMARY.csv,True,.csv,223,,6,PARTITION|N_CONTROLS|MIN_DISTANCE|P01_DISTANCE|MEDIAN_DISTANCE|EXACT_6DP_COLLISIONS,,,N_CONTROLS,,5,False,,RELATIONAL_TOPOLOGICAL
6,C:\RSOS\Training data\F2_BR0_FULL_FINGERPRINT_RECOVERY\F2_BR1_REVIEW_BUNDLE\F1_DEV_R5_V12_SPECIFICITY_OPERATOR\04_ADVERSARIAL_NEAREST_CONTROLS\TOP100_NEAREST_COMBINED_CONTROLS.csv,True,.csv,39032,,31,PARTITION|CONTROL_ID|EDGES|Q|K|S|Z|G_RECIPROCITY|G_SCC_COUNT|G_LARGEST_SCC_FRAC|G_TRANSITIVITY|G_IN_DEGREE_SD|G_OUT_DEGREE_SD|G_SPECTRAL_RADIUS|G_TWO_CYCLES|G_THREE_CYCLES|G_REACHABILITY_FRAC|G_MEAN_REACHABLE_PATH|O_ORDER_DIRECT_EDGE_COHERENCE|O_ORDER_ADJ_REACHABILITY|O_ORDER_ALL_FORWARD_REACHABILITY|O_K_INCIDENT_EDGE_SHARE|O_K_MUTUAL_REACHABILITY|O_S_SOURCE_EXISTS|O_S_TARGET_EXISTS|O_S_TARGET_REACHABLE|O_S_APPLICABLE|O_Z_SINKNESS|O_Z_REACHABLE_FROM_Q_FRAC|O_Z_Q_POSITION|COMBINED_DISTANCE,,,CONTROL_ID,,25,False,,RELATIONAL_TOPOLOGICAL
6,C:\RSOS\Training data\F2_BR0_FULL_FINGERPRINT_RECOVERY\F2_BR1_REVIEW_BUNDLE\F1_DEV_R5_V12_SPECIFICITY_OPERATOR\04_ADVERSARIAL_NEAREST_CONTROLS\TOP100_NEAREST_GRAPH_CONTROLS.csv,True,.csv,30821,,29,PARTITION|CONTROL_ID|ISOMORPHIC_TO_AUTH|EDGE_COUNT|EDGES|G_RECIPROCITY|G_SCC_COUNT|G_LARGEST_SCC_FRAC|G_TRANSITIVITY|G_IN_DEGREE_SD|G_OUT_DEGREE_SD|G_SPECTRAL_RADIUS|G_TWO_CYCLES|G_THREE_CYCLES|G_REACHABILITY_FRAC|G_MEAN_REACHABLE_PATH|O_ORDER_DIRECT_EDGE_COHERENCE|O_ORDER_ADJ_REACHABILITY|O_ORDER_ALL_FORWARD_REACHABILITY|O_K_INCIDENT_EDGE_SHARE|O_K_MUTUAL_REACHABILITY|O_S_SOURCE_EXISTS|O_S_TARGET_EXISTS|O_S_TARGET_REACHABLE|O_S_APPLICABLE|O_Z_SINKNESS|O_Z_REACHABLE_FROM_Q_FRAC|O_Z_Q_POSITION|GRAPH_DISTANCE,,,CONTROL_ID,,26,False,,RELATIONAL_TOPOLOGICAL
6,C:\RSOS\Training data\F2_BR0_FULL_FINGERPRINT_RECOVERY\F2_BR1_REVIEW_BUNDLE\V9_REPRESENTATIONAL_TRANSPORT_OPERATOR\12_DAMAGE_CONTROLS.csv,True,.csv,856,,10,contrast|authentic|control|mean_authentic|mean_control|difference|permutation_p|wilcoxon_p|holm_p|PASS,,,control|mean_control,,7,False,,RELATIONAL_TOPOLOGICAL
6,C:\RSOS\Training data\F2_BR0_FULL_FINGERPRINT_RECOVERY\F2_BR1_REVIEW_BUNDLE\V9_REPRESENTATIONAL_TRANSPORT_OPERATOR\14_PERMUTATION_CONTROLS.csv,True,.csv,389,,10,contrast|authentic|control|mean_authentic|mean_control|difference|permutation_p|wilcoxon_p|holm_p|PASS,,,control|mean_control,,7,False,,RELATIONAL_TOPOLOGICAL
6,C:\RSOS\V6_CLEAN_CONFIRMATORY_BUILD\EXTRACTED\V9_REPRESENTATIONAL_TRANSPORT_OPERATOR\12_DAMAGE_CONTROLS.csv,True,.csv,856,,10,contrast|authentic|control|mean_authentic|mean_control|difference|permutation_p|wilcoxon_p|holm_p|PASS,,,control|mean_control,,7,False,,RELATIONAL_TOPOLOGICAL
6,C:\RSOS\V6_CLEAN_CONFIRMATORY_BUILD\EXTRACTED\V9_REPRESENTATIONAL_TRANSPORT_OPERATOR\14_PERMUTATION_CONTROLS.csv,True,.csv,389,,10,contrast|authentic|control|mean_authentic|mean_control|difference|permutation_p|wilcoxon_p|holm_p|PASS,,,control|mean_control,,7,False,,RELATIONAL_TOPOLOGICAL
4,C:\RSOS\RSOS_EXPERIMENTS_WF1_A_V12_R_CORRECTIVE_CAUSAL_TOPOLOGY\ADJUDICATION\WF1_A_R1_SENSITIVITY_S2_OUTCOME_20260913_233429\S2A_GROUP_COMPLETE\11_GRAPH_CLASSIFIERS.csv,True,.csv,363,,5,CLASSIFIER|PARTITION|N|ROC_AUC|ACCURACY,,,CLASSIFIER,,3,False,,FROZEN_DETECTORS
4,C:\RSOS\RSOS_EXPERIMENTS_WF1_A_V12_R_CORRECTIVE_CAUSAL_TOPOLOGY\ADJUDICATION\WF1_A_R1_SENSITIVITY_S2_OUTCOME_20260913_233429\S2B_SEED_COMPLETE\11_GRAPH_CLASSIFIERS.csv,True,.csv,361,,5,CLASSIFIER|PARTITION|N|ROC_AUC|ACCURACY,,,CLASSIFIER,,3,False,,FROZEN_DETECTORS
4,C:\RSOS\RSOS_EXPERIMENTS_WF1_A_V12_R_CORRECTIVE_CAUSAL_TOPOLOGY\PUBLICATION\WF1_A_WF1_B_GITHUB_PROVENANCE_PACKAGE_v1\WF1_A\ADJUDICATION\WF1_A_R1_SENSITIVITY_S2_OUTCOME_20260913_233429\S2A_GROUP_COMPLETE\11_GRAPH_CLASSIFIERS.csv,True,.csv,363,,5,CLASSIFIER|PARTITION|N|ROC_AUC|ACCURACY,,,CLASSIFIER,,3,False,,FROZEN_DETECTORS
4,C:\RSOS\RSOS_EXPERIMENTS_WF1_A_V12_R_CORRECTIVE_CAUSAL_TOPOLOGY\PUBLICATION\WF1_A_WF1_B_GITHUB_PROVENANCE_PACKAGE_v1\WF1_A\ADJUDICATION\WF1_A_R1_SENSITIVITY_S2_OUTCOME_20260913_233429\S2B_SEED_COMPLETE\11_GRAPH_CLASSIFIERS.csv,True,.csv,361,,5,CLASSIFIER|PARTITION|N|ROC_AUC|ACCURACY,,,CLASSIFIER,,3,False,,FROZEN_DETECTORS
4,C:\RSOS\RSOS_EXPERIMENTS_WF1_A_V12_R_CORRECTIVE_CAUSAL_TOPOLOGY\PUBLICATION\WF1_A_WF1_B_GITHUB_PROVENANCE_PACKAGE_v1\WF1_B_EXTERNAL_POPULATION_PARQUET\03_SIGNATURE_FREEZE\CORROBORATION_S2A\11_GRAPH_CLASSIFIERS.csv,True,.csv,363,,5,CLASSIFIER|PARTITION|N|ROC_AUC|ACCURACY,,,CLASSIFIER,,3,False,,FROZEN_DETECTORS
4,C:\RSOS\RSOS_EXPERIMENTS_WF1_A_V12_R_CORRECTIVE_CAUSAL_TOPOLOGY\PUBLICATION\WF1_A_WF1_B_GITHUB_PROVENANCE_PACKAGE_v1\WF1_B_EXTERNAL_POPULATION_PARQUET\03_SIGNATURE_FREEZE\PRIMARY_S2B\11_GRAPH_CLASSIFIERS.csv,True,.csv,361,,5,CLASSIFIER|PARTITION|N|ROC_AUC|ACCURACY,,,CLASSIFIER,,3,False,,FROZEN_DETECTORS
4,C:\RSOS\RSOS_EXPERIMENTS_WF1_A_V12_R_CORRECTIVE_CAUSAL_TOPOLOGY\WF1_B_EXTERNAL_POPULATION_PARQUET\03_SIGNATURE_FREEZE\CORROBORATION_S2A\11_GRAPH_CLASSIFIERS.csv,True,.csv,363,,5,CLASSIFIER|PARTITION|N|ROC_AUC|ACCURACY,,,CLASSIFIER,,3,False,,FROZEN_DETECTORS
4,C:\RSOS\RSOS_EXPERIMENTS_WF1_A_V12_R_CORRECTIVE_CAUSAL_TOPOLOGY\WF1_B_EXTERNAL_POPULATION_PARQUET\03_SIGNATURE_FREEZE\PRIMARY_S2B\11_GRAPH_CLASSIFIERS.csv,True,.csv,361,,5,CLASSIFIER|PARTITION|N|ROC_AUC|ACCURACY,,,CLASSIFIER,,3,False,,FROZEN_DETECTORS
4,C:\RSOS\RSOS_EXPERIMENTS_WF2_PROSPECTIVE_CROSS_SYSTEM_CONFIRMATION\02_INPUTS\00_FOUNDATION_FROZEN\WF1_A_ACTIVE_AUTHORITY\11_GRAPH_CLASSIFIERS.csv,True,.csv,361,,5,CLASSIFIER|PARTITION|N|ROC_AUC|ACCURACY,,,CLASSIFIER,,3,False,,FROZEN_DETECTORS
4,C:\RSOS\RSOS_TRAINING_DATA_V12_V18_COMPARISON\04_F2_V15_V16_LINEAGE_RARITY\F2_EXTERNAL_POPULATION_RARITY.csv,True,.csv,112,,8,POPULATION|RSOS_THRESHOLD|N_CONTROLS|N_EXCEEDING|EMPIRICAL_TAIL_PROBABILITY|EFFECT_SIZE|PERMUTATION_P|NOTES,,,N_CONTROLS,,0,False,,HISTORICAL_LINEAGE
4,C:\RSOS\RSOS_TRAINING_DATA_V12_V18_COMPARISON\04_F2_V15_V16_LINEAGE_RARITY\F2_WILDCHAT_SIGNATURE_SCORES.csv,True,.csv,98,,7,CONTROL_ID|SOURCE_CORPUS|SIGNATURE_SCORE|THRESHOLD|EXCEEDS_RSOS_THRESHOLD|MATCH_STRATUM|NOTES,,,CONTROL_ID,,0,False,,HISTORICAL_LINEAGE
4,C:\RSOS\Training data\F2_EXTERNAL_POPULATION_RARITY\02_INPUT_MANIFEST\FROZEN_LINEAGE_THRESHOLDS_PRE_EXTERNAL.csv,True,.csv,403,,5,MODEL|REFERENCE|QUANTILE|THRESHOLD|N_LINEAGE,,,N_LINEAGE,,3,False,,HISTORICAL_LINEAGE
4,C:\RSOS\RSOS  Python Results\V12_RELATIONAL_TOPOLOGY_CAUSAL_MAP_CLEAN\26_NATIVE_FROZEN_PROMPTS.csv,True,.csv,165400,,5,SEED|FRAME|PROMPT_SHA256|LABELS|PROMPT,,,LABELS,,1,False,,RELATIONAL_TOPOLOGICAL
4,C:\RSOS\RSOS  Python Results\V12_RELATIONAL_TOPOLOGY_CAUSAL_MAP_JSON_R4\26_NATIVE_FROZEN_PROMPTS.csv,True,.csv,165400,,5,SEED|FRAME|PROMPT_SHA256|LABELS|PROMPT,,,LABELS,,1,False,,RELATIONAL_TOPOLOGICAL
4,C:\RSOS\RSOS  Python Results\V12_RELATIONAL_TOPOLOGY_CAUSAL_MAP_STRUCTURED_R3\26_NATIVE_FROZEN_PROMPTS.csv,True,.csv,165400,,5,SEED|FRAME|PROMPT_SHA256|LABELS|PROMPT,,,LABELS,,1,False,,RELATIONAL_TOPOLOGICAL
4,C:\RSOS\RSOS_EXPERIMENTS_WF1_A_V12_R_CORRECTIVE_CAUSAL_TOPOLOGY\ADJUDICATION\WF1_A_R1_SENSITIVITY_S2_OUTCOME_20260913_233429\02_MISSINGNESS_PRIMARY_IMPACT_MAP.csv,True,.csv,1094,,3,CONDITION|PERSISTENT_MISSING|EDGE_OR_HARD_CONTROL_ROLE,,,EDGE_OR_HARD_CONTROL_ROLE,,1,False,,RELATIONAL_TOPOLOGICAL
4,C:\RSOS\RSOS_EXPERIMENTS_WF1_A_V12_R_CORRECTIVE_CAUSAL_TOPOLOGY\INPUTS\V12_ORIGINAL_RESULTS\26_NATIVE_FROZEN_PROMPTS.csv,True,.csv,165400,,5,SEED|FRAME|PROMPT_SHA256|LABELS|PROMPT,,,LABELS,,1,False,,RELATIONAL_TOPOLOGICAL
4,C:\RSOS\RSOS_EXPERIMENTS_WF1_A_V12_R_CORRECTIVE_CAUSAL_TOPOLOGY\OUTPUT\26_NATIVE_FROZEN_PROMPTS.csv,True,.csv,165400,,5,SEED|FRAME|PROMPT_SHA256|LABELS|PROMPT,,,LABELS,,1,False,,RELATIONAL_TOPOLOGICAL
4,C:\RSOS\RSOS_EXPERIMENTS_WF1_A_V12_R_CORRECTIVE_CAUSAL_TOPOLOGY\PROTOCOL\PREFLIGHT_FREEZE\26_NATIVE_FROZEN_PROMPTS.csv,True,.csv,165400,,5,SEED|FRAME|PROMPT_SHA256|LABELS|PROMPT,,,LABELS,,1,False,,RELATIONAL_TOPOLOGICAL
4,C:\RSOS\RSOS_EXPERIMENTS_WF1_A_V12_R_CORRECTIVE_CAUSAL_TOPOLOGY\PUBLICATION\WF1_A_WF1_B_GITHUB_PROVENANCE_PACKAGE_v1\WF1_A\ADJUDICATION\WF1_A_R1_SENSITIVITY_S2_OUTCOME_20260913_233429\02_MISSINGNESS_PRIMARY_IMPACT_MAP.csv,True,.csv,1094,,3,CONDITION|PERSISTENT_MISSING|EDGE_OR_HARD_CONTROL_ROLE,,,EDGE_OR_HARD_CONTROL_ROLE,,1,False,,RELATIONAL_TOPOLOGICAL
4,C:\RSOS\RSOS_EXPERIMENTS_WF1_A_V12_R_CORRECTIVE_CAUSAL_TOPOLOGY\PUBLICATION\WF1_A_WF1_B_GITHUB_PROVENANCE_PACKAGE_v1\WF1_A\PROTOCOL\PREFLIGHT_FREEZE\26_NATIVE_FROZEN_PROMPTS.csv,True,.csv,165400,,5,SEED|FRAME|PROMPT_SHA256|LABELS|PROMPT,,,LABELS,,1,False,,RELATIONAL_TOPOLOGICAL
4,C:\RSOS\RSOS_EXPERIMENTS_WF1_A_V12_R_CORRECTIVE_CAUSAL_TOPOLOGY\PUBLICATION\WF1_A_WF1_B_GITHUB_PROVENANCE_PACKAGE_v1\WF1_A\SOURCE_PROVENANCE\26_NATIVE_FROZEN_PROMPTS.csv,True,.csv,165400,,5,SEED|FRAME|PROMPT_SHA256|LABELS|PROMPT,,,LABELS,,1,False,,RELATIONAL_TOPOLOGICAL
4,C:\RSOS\RSOS_TRAINING_DATA_V12_V18_COMPARISON\06_GEF1_FINAL_EVIDENCE_FUSION\GEF1_EVIDENCE_FAMILY_REGISTRY.csv,True,.csv,105,,9,EVIDENCE_FAMILY|EVIDENCE_ID|EXPERIMENT|INDEPENDENCE_GROUP|DIRECTION|EFFECT_SIZE|P_VALUE|STATUS|NOTES,,,INDEPENDENCE_GROUP,,0,False,,RELATIONAL_TOPOLOGICAL
4,C:\RSOS\RSOS_TRAINING_DATA_V12_V18_COMPARISON\07_COMPARISON_DATA\COMPARE_CONTROL_EVOLUTION.csv,True,.csv,57,,8,CONTROL_ID|V12|F1|F2|F3|CONFOUND_TARGET|STATUS|NOTES,,,CONTROL_ID,,0,False,,RELATIONAL_TOPOLOGICAL
4,C:\RSOS\Training data\F1_DEV_R5_V12_SPECIFICITY_OPERATOR\01_GRAPH_SPECIFICITY\GRAPH_FINGERPRINT_COLLISIONS.csv,True,.csv,427,,5,TEST|ROUND_DECIMALS|N_CONTROLS|N_COLLISIONS|COLLISION_RATE,,,N_CONTROLS,,4,False,,RELATIONAL_TOPOLOGICAL
4,C:\RSOS\Training data\F1_DEV_R5_V12_SPECIFICITY_OPERATOR\02_OPERATOR_SPECIFICITY\OPERATOR_SIGNATURE_COLLISIONS.csv,True,.csv,362,,5,TEST|ROUND_DECIMALS|N_CONTROLS|N_COLLISIONS|COLLISION_RATE,,,N_CONTROLS,,4,False,,RELATIONAL_TOPOLOGICAL
4,C:\RSOS\Training data\F1_DEV_R5_V12_SPECIFICITY_OPERATOR\03_COMBINED_COLLISION\COMBINED_SIGNATURE_COLLISIONS.csv,True,.csv,362,,5,TEST|ROUND_DECIMALS|N_CONTROLS|N_COLLISIONS|COLLISION_RATE,,,N_CONTROLS,,4,False,,RELATIONAL_TOPOLOGICAL
4,C:\RSOS\Training data\F2_BR0_FULL_FINGERPRINT_RECOVERY\01_CANONICAL_INPUTS\F1_DEV_R5_V12_SPECIFICITY_OPERATOR\01_GRAPH_SPECIFICITY\GRAPH_FINGERPRINT_COLLISIONS.csv,True,.csv,427,,5,TEST|ROUND_DECIMALS|N_CONTROLS|N_COLLISIONS|COLLISION_RATE,,,N_CONTROLS,,4,False,,RELATIONAL_TOPOLOGICAL
4,C:\RSOS\Training data\F2_BR0_FULL_FINGERPRINT_RECOVERY\01_CANONICAL_INPUTS\F1_DEV_R5_V12_SPECIFICITY_OPERATOR\02_OPERATOR_SPECIFICITY\OPERATOR_SIGNATURE_COLLISIONS.csv,True,.csv,362,,5,TEST|ROUND_DECIMALS|N_CONTROLS|N_COLLISIONS|COLLISION_RATE,,,N_CONTROLS,,4,False,,RELATIONAL_TOPOLOGICAL
4,C:\RSOS\Training data\F2_BR0_FULL_FINGERPRINT_RECOVERY\01_CANONICAL_INPUTS\F1_DEV_R5_V12_SPECIFICITY_OPERATOR\03_COMBINED_COLLISION\COMBINED_SIGNATURE_COLLISIONS.csv,True,.csv,362,,5,TEST|ROUND_DECIMALS|N_CONTROLS|N_COLLISIONS|COLLISION_RATE,,,N_CONTROLS,,4,False,,RELATIONAL_TOPOLOGICAL
4,C:\RSOS\Training data\F2_BR0_FULL_FINGERPRINT_RECOVERY\01_CANONICAL_INPUTS\V12_RELATIONAL_TOPOLOGY_CAUSAL_MAP_CLEAN\26_NATIVE_FROZEN_PROMPTS.csv,True,.csv,165400,,5,SEED|FRAME|PROMPT_SHA256|LABELS|PROMPT,,,LABELS,,1,False,,RELATIONAL_TOPOLOGICAL
4,C:\RSOS\Training data\F2_BR0_FULL_FINGERPRINT_RECOVERY\04_V12_AUTHENTIC_10_EDGE_TOPOLOGY.csv,True,.csv,194,,3,SOURCE|TARGET|EDGE_CLASS,,,EDGE_CLASS,,2,False,,RELATIONAL_TOPOLOGICAL
4,C:\RSOS\Training data\F2_BR0_FULL_FINGERPRINT_RECOVERY\F2_BR1_REVIEW_BUNDLE\04_V12_AUTHENTIC_10_EDGE_TOPOLOGY.csv,True,.csv,194,,3,SOURCE|TARGET|EDGE_CLASS,,,EDGE_CLASS,,2,False,,RELATIONAL_TOPOLOGICAL
4,C:\RSOS\Training data\F2_BR0_FULL_FINGERPRINT_RECOVERY\F2_BR1_REVIEW_BUNDLE\F1_DEV_R5_V12_SPECIFICITY_OPERATOR\01_GRAPH_SPECIFICITY\GRAPH_FINGERPRINT_COLLISIONS.csv,True,.csv,427,,5,TEST|ROUND_DECIMALS|N_CONTROLS|N_COLLISIONS|COLLISION_RATE,,,N_CONTROLS,,4,False,,RELATIONAL_TOPOLOGICAL
4,C:\RSOS\Training data\F2_BR0_FULL_FINGERPRINT_RECOVERY\F2_BR1_REVIEW_BUNDLE\F1_DEV_R5_V12_SPECIFICITY_OPERATOR\02_OPERATOR_SPECIFICITY\OPERATOR_SIGNATURE_COLLISIONS.csv,True,.csv,362,,5,TEST|ROUND_DECIMALS|N_CONTROLS|N_COLLISIONS|COLLISION_RATE,,,N_CONTROLS,,4,False,,RELATIONAL_TOPOLOGICAL
4,C:\RSOS\Training data\F2_BR0_FULL_FINGERPRINT_RECOVERY\F2_BR1_REVIEW_BUNDLE\F1_DEV_R5_V12_SPECIFICITY_OPERATOR\03_COMBINED_COLLISION\COMBINED_SIGNATURE_COLLISIONS.csv,True,.csv,362,,5,TEST|ROUND_DECIMALS|N_CONTROLS|N_COLLISIONS|COLLISION_RATE,,,N_CONTROLS,,4,False,,RELATIONAL_TOPOLOGICAL
4,C:\RSOS\Training data\F2_BR0_FULL_FINGERPRINT_RECOVERY\F2_BR1_REVIEW_BUNDLE\V12_RELATIONAL_TOPOLOGY_CAUSAL_MAP_CLEAN\26_NATIVE_FROZEN_PROMPTS.csv,True,.csv,165400,,5,SEED|FRAME|PROMPT_SHA256|LABELS|PROMPT,,,LABELS,,1,False,,RELATIONAL_TOPOLOGICAL
