conversation_id,y,partition,UPPERCASE_RATIO,DIGIT_RATIO,USER_CHAR_SHARE,MEAN_MAX_TURN_RATIO,PARAGRAPHS_PER_TURN,CODE_FENCES_PER_1K_CHAR,HEADERS_PER_1K_CHAR,LIST_ITEMS_PER_1K_CHAR,COLONS_PER_1K_CHAR,BRACKETS_PER_1K_CHAR,ROLE_ALTERNATION_RATIO,USER_ASSISTANT_CHAR_RATIO,TURN_CHAR_CV,TURN_LENGTH_SLOPE,QUESTION_PER_1K_CHAR,EXCLAM_PER_1K_CHAR,ARROW_PER_1K_CHAR,EQUAL_PER_1K_CHAR,SEMICOLON_PER_1K_CHAR,PIPE_PER_1K_CHAR,NUMBERED_LIST_PER_1K_CHAR,NESTED_LIST_PER_1K_CHAR,HEADER_LEVEL_MEAN,HEADER_LEVEL_MAX,SEM_RECURSION,RECURSION_FIRST,SEM_ORDER,ORDER_FIRST,SEM_CONDITIONAL,CONDITIONAL_FIRST,SEM_PRESERVE,PRESERVE_FIRST,SEM_SWITCH,SWITCH_FIRST,SEM_TERMINAL,TERMINAL_FIRST,SEM_META,META_FIRST,SEM_CONTROL,CONTROL_FIRST,SEM_CAUSAL,CAUSAL_FIRST,SEM_RELATION,RELATION_FIRST,SEM_REFERENCE,REFERENCE_FIRST,RESPONSE_EXPANSION_RATIO,USER_LENGTH_SLOPE,ASSISTANT_LENGTH_SLOPE,WINDOW_CHAR_MEDIAN,WINDOW_COUNT
683f2f8d-b408-8013-aac2-b2ae8a838260,1,TRAIN,0.0675659196633878,0.0091252235578988,0.4812269166220975,0.3421568304048374,37.9375,0.0,1.12584164447304,3.168753817009746,5.120919578451092,5.760676713898288,1.0,0.068394086052737,1.1164913298609291,-0.0520175780397127,0.5561991778433896,0.0,0.1568726978844451,0.5785717898218098,0.0410677618069815,0.5945929053553627,0.3797255489993659,0.1882186752572217,2.5591133004926108,3.0,1.3965549987191368,0.037789508669612996,0.9578444482556672,0.1441950448982455,1.0124143678005748,0.013328425949076177,0.1575337402572706,0.08255197152178242,0.093182940703461,0.21152176973364187,0.3991406810870463,0.17151941939962562,0.3099890183521424,0.1495286060584276,0.593814913472066,0.038366022097689814,0.0524534790903556,0.8044995804805521,0.3744001858152227,0.08291571536673563,0.1972168871457779,0.14972604595881472,5.984298807485454,-0.1407750144592252,-0.0050830227041681,13774.5,6
6841b285-eb80-8013-9c5b-05785cea7c60,1,TRAIN,0.0630925117579129,0.0161541913527861,0.2741746412860122,0.4017909661750229,58.5625,0.0175309421128291,0.9841512189045828,3.573532551352476,4.094490041740361,5.93570644480012,1.0,0.3815059139657071,0.8570427675086773,0.1091150452743186,0.5481134626218295,0.0,0.3469663768323408,0.0927954475493903,0.0,5.596436033514841,0.6404050754346653,0.4670258151995534,3.0,4.0,2.0476380231259785,0.05140355501181328,1.2240858325368695,0.04065108444060682,0.712387657824394,0.038954880566942435,0.5605363830623726,0.279015415815219,0.1383583133269022,0.29432338835899585,0.5494256822672178,0.0566812616644304,0.3725700293594404,0.015465814694185885,0.2796167431182345,0.2767229554954235,0.1007871971366987,0.32849557609925006,0.6095754029086288,0.03419921276285605,0.3964994233401914,0.12285918786226582,2.7184252779649327,0.2577074686848579,0.2468035967136453,15647.0,6
6841f9bc-5a50-8013-ae2f-34779cf03c56,1,TRAIN,0.0654070445533006,0.0145089806391415,0.1402136383254208,0.4754880071446797,83.875,0.0,2.1442849354897326,5.596947119752862,4.655248133509003,4.216073781291172,1.0,0.163089859437751,0.7093073504059966,0.1099821556703338,1.0069648401443316,0.0,1.0250323694432455,0.8391373667869431,0.0,3.816100308922406,0.5709266578831796,0.2907504997274214,2.639344262295082,4.0,2.615518744551003,0.010188844971453666,1.0059687479042316,0.07137924768308196,0.3952569169960474,0.0335563228312473,0.109031437397783,0.3407886794983569,0.1341291663872309,0.11873523532618571,0.3997819371252044,0.11682037768994291,1.0059687479042316,0.03112861458782909,0.8092360811394044,0.05935215612634968,0.3356549467147772,0.0349264037797565,0.3236944324557617,0.08658037690295754,0.1341291663872309,0.20935441370223978,5.309909130246647,-0.3771891344693778,0.1978382273464239,22770.0,5
68434d46-1784-8013-b184-a14a0151c36a,1,TRAIN,0.0810575246949448,0.0084253341080767,0.0921554127083451,0.3346282754418038,59.875,0.0,1.9341259457307007,8.134706183514421,5.461061493827863,5.57483360828261,1.0,0.1015164807620002,1.067060681155891,0.2333257455042112,0.2844302861368678,0.0,1.0239490300927243,0.1706581716821207,0.0568860572273735,5.57483360828261,0.79640480118323,3.5269355480971614,2.411764705882353,3.0,1.4221514306843392,0.1158200125149326,0.9101769156379772,0.1459127367882132,0.4550884578189886,0.03481426702315263,0.2275442289094943,0.33409181409636496,0.0568860572273735,0.23943341487001535,0.5119745150463622,0.05916149951646851,1.194607201774845,0.03225439444792082,0.79640480118323,0.07372433016667615,0.2275442289094943,0.031116673303373345,0.9670629728653508,0.11525115194265885,0.0568860572273735,0.6597076056658513,9.867037724180582,-0.666171923314781,0.4274271388279537,17579.0,1
684374e8-0f8c-8013-8c87-25147d86e173,1,TRAIN,0.0876371728954032,0.010590131225539,0.0798956563940791,0.3651170005318206,63.625,0.0,3.093909245328804,10.13103615627275,6.430478039310847,4.974520747391409,1.0,0.0868389819332717,1.029691288281327,0.1860197620348132,0.0606648871633098,0.0,0.970638194612958,0.4246542101431691,0.0606648871633098,0.0,1.7592817277359865,0.7279786459597185,2.5294117647058822,4.0,1.7592817277359865,0.2291919437029847,1.3346275175928173,0.12230041252123271,0.1819946614899296,0.03791555447706867,0.8493084202863382,0.22646202378063576,0.1819946614899296,0.12806357680174715,0.4246542101431691,0.0638801261829653,0.7886435331230284,0.03518563455471973,0.3639893229798592,0.08899538946857559,0.0606648871633098,0.03397233681145353,1.3346275175928173,0.16015530211113807,0.5459839844697889,0.10531424411550594,11.539573820395738,-1.0258751902587526,0.3307261096089163,16484.0,1
6844eaa8-244c-8013-b43a-b47396c6a72f,1,TRAIN,0.0796895468308565,0.0110714959156045,0.4006534777327035,0.2781401637882922,34.0625,0.0,0.6706429633823031,3.3229197555324044,5.191140534574926,7.1372585740992935,1.0,0.692819290777492,1.1993248991523684,0.1109614103207025,0.5788261041847624,0.0,0.6078843190263912,0.0293806557762369,0.0293806557762369,0.6342065139406665,0.7188494949023146,0.6178087687219076,2.9782608695652173,3.5,0.9148504590532308,0.10479489155810466,2.763517378097877,0.13141733508238468,0.5946020958019299,0.018306303395783412,0.2403786948467856,0.1247711311006312,0.0394757618822043,0.6874309174167061,0.4662312281074781,0.026563571654979013,0.6515513255635974,0.03876527633815016,0.2794238195649906,0.24463715762809093,0.1256892317472092,0.4146480286351705,0.5238550856506778,0.10017987206854262,0.3031877322554327,0.23981509845383425,1.5787804246997004,0.5826012404609794,0.1193490033791183,11682.0,6
68460973-1fa0-8013-8c35-d73c1acbe28e,1,TRAIN,0.0823075172861488,0.0131158992535746,0.0681999055309625,0.4034318696413925,40.5,0.0,2.0610367961292666,3.716975595919237,3.1417858986205665,4.013030614911475,1.0,0.074080195661411,1.0297422758415542,0.05820304434522,0.5292828377589275,0.0,0.6656067768577643,0.1484878946157691,0.0155753535605258,11.682467763808864,0.7540519967594554,0.5157515388941477,2.528148148148148,3.5,2.704177392643559,0.014616851204873667,0.7931836165073483,0.16475499014956876,0.4548174679998917,0.03550980355118028,0.4027981671684169,0.13434335400262792,0.1587215791054381,0.10007810015220144,0.4216740279954331,0.09372773668211515,0.888344960662357,0.017090279620138114,0.5243845232314841,0.30905502108060046,0.1042127367842356,0.2627406970664489,0.3477623939158027,0.09455624763485115,0.1015672205351315,0.7502745724389035,16.38218997023651,0.2377872633984391,0.0211539800382189,13997.0,6
68487a95-cb20-8013-9b98-5b11023ff6f7,1,TRAIN,0.1617493497265721,0.0322453639436939,0.1535192881491078,0.3666971573426595,34.5,1.8428060979531804,2.351479647910206,3.518067189940022,6.631241438328183,5.919856801981137,1.0,0.1815563469866964,0.9224699368645388,-0.0612669804661011,0.3365464231234011,0.0,0.3254743771877394,0.0,0.0,1.6259061039224985,0.9372502438603604,0.1738676866904285,2.4772727272727275,3.0,0.7908384851284392,0.0730392072426937,2.266495923501691,0.11711726455098723,0.3783641265753797,0.016451666760032,0.0813537260006508,0.20333172465621963,0.0,1.0,0.7908384851284392,0.12740024431783664,0.0,0.6758236981656959,0.3675120718398524,0.09455203018793465,0.0338730438317187,0.9668044170449157,0.3274340059217936,0.3175140132897175,0.1947621806322533,0.3139109439864002,5.555945783132531,-0.4159373493975906,-0.3011418364980697,7626.0,6
6848b1a3-cda8-8013-a656-17f5555e870d,1,TRAIN,0.0551908181586899,0.0162246158151784,0.0420599242305837,0.4080194715150324,50.625,0.024576062914721,1.6661509231536722,3.704663140273031,3.597387653649025,4.779269749283612,1.0,0.0441511196948325,0.9279935129320152,-0.0082326061135147,0.5732390418292184,0.0,0.3328687894179248,0.1372215000739208,0.0,14.085736433098614,0.6508535711291106,0.7046955555660537,2.438844086021505,3.0,2.3389824132351507,0.01866863220733062,0.717230127880597,0.2068157570329589,0.6641663867059462,0.030470146004034256,0.2654492270709306,0.1906149615905789,0.1049942374221597,0.06186026299894472,0.4405950829328678,0.20418739428499272,0.6502010237641052,0.09809058699838012,0.2703457909263275,0.33279023845568917,0.1474212370857703,0.17157872132086247,0.4374768974150266,0.21264742802209352,0.1262685134433698,0.2712521924032,27.906262677290712,0.008671539426935,-0.0239266198874371,15573.0,6
6848ef83-5428-8013-810c-e46a0461e449,1,TRAIN,0.0517821009145291,0.0132251029409276,0.0691960284974918,0.331501861519586,28.3125,0.0,2.0147166776553806,4.037084705183273,3.7275422125167,1.886019658478688,0.9285714285714286,0.0744714220632277,1.046691876047123,-0.0637037884873877,0.5154782679789234,0.0,0.7091784915645525,0.339726671210918,0.0,3.5562701323769934,0.4903814436896512,0.0,2.995423340961098,3.5,3.4017147626959314,0.020876795207332294,0.7477441293692826,0.1981006867313837,0.837042992751551,0.029400705953104074,0.1630915411057869,0.3063137138831472,0.0,0.770534778049633,0.6369592882204893,0.07070576031767065,0.2231063688586863,0.46041604494266997,0.7016959254013186,0.192234357330984,0.1089587673770182,0.5283938354402367,0.4717137217817416,0.22423429241853174,0.334050465449216,0.5339434799438825,13.888007054673722,-0.3177328843995515,0.00994013430873,7907.5,6
6849daa7-43d4-8013-838a-aa7a59e65224,1,TRAIN,0.0792222373689784,0.0266916236676825,0.0929401213369666,0.3751118079330006,41.3125,0.3632190119945734,1.5822384899656674,4.52448245070981,5.9266393014175165,4.91588480685162,1.0,0.1024709567939645,1.0423834701192627,0.0399892219519276,0.6822258420939431,0.0,0.2627003164688922,0.1453654948377897,0.0,5.193092318120785,0.8707108967339756,0.8033790011462374,2.4396135265700485,3.0,2.013204798153156,0.06287900229148212,1.164394811362624,0.11265135127272984,0.4620782572935193,0.023849934126637266,0.1992564196060587,0.08117722996913153,0.1074633436005917,0.5000365775507477,1.074633436005917,0.05209012552465252,0.1644566164861022,0.07121905087656097,0.6434053457595494,0.25280572270592616,0.0823048589615974,0.6914714605704202,0.1712257463993715,0.17645291215181988,0.1995707344514187,0.07238908949704019,9.777401734015896,0.5142144673736708,-0.0688424317094329,13120.5,6
684a0596-3604-8013-82eb-4503573121fc,1,TRAIN,0.0511671551133169,0.0157177232820682,0.0117170855516561,0.4036351142659766,59.9375,0.0,2.081429996350594,9.432595872385257,5.137707720662641,4.23580577785058,1.0,0.0118619312866267,0.99824106000068,0.0553834187192906,0.4115667280254483,0.0,0.7785137942179519,0.5056478442478123,0.0339052010578422,0.8550418970529556,0.0855090639607798,0.3051468095205805,2.9545454545454546,3.0,3.0072122844755667,0.017007254354592043,0.8609745793617564,0.042519065513791934,0.1939640595534517,0.03749175995236239,0.3184073954355431,0.09735900547881572,0.2301173495028371,0.06697460232171448,0.4316833243434294,0.012966369963061228,0.4735227470684146,0.020338073138251887,0.2555092515182087,0.08597147481627013,0.0153069034134394,0.659103865009691,0.3502924550361384,0.05392272470252779,0.0361532899493853,0.663232104121475,89.00640495867768,-0.2295427901524033,-0.0334486982047644,17542.5,6
684a2606-a438-8013-bbea-9c50a1706883,1,TRAIN,0.0683363108106518,0.0156399301443631,0.0687916668528191,0.3443035029652399,35.25,0.3475126942116198,1.5488039592188316,4.607252172106875,3.916324280394648,4.968262788520501,1.0,0.0746709840110734,1.0085088895613907,-0.0113635713044047,0.5817773353440512,0.0,0.6722139652639594,0.0,0.0292090197452973,3.3586480470337494,1.118253408782329,0.2628811777076761,2.1818181818181817,3.0,2.004320090204984,0.10158584911501685,1.3253633219074283,0.03704924179693969,0.5503068507860571,0.1545523611109419,0.1606742433850715,0.11530169766655873,0.1567601499952455,0.1859515838462242,0.3538317180197812,0.10292549486442479,0.2358762162255884,0.1959362088023202,0.3279258741969749,0.06611872556618292,0.0292090197452973,0.7041410137471535,0.2908886676720256,0.24483702979040206,0.1185050606238335,0.2694462288759727,15.85304013933972,-0.2972398294789933,-0.0801105047522358,11494.5,6
684b3155-ba10-8013-9bd8-8b2c1a2fcc25,1,TRAIN,0.0671171902076,0.0061887972337292,0.0254582806579148,0.3410723372780156,40.5,0.0452324950244255,1.971638215342422,3.9894945620635336,2.6726597518581627,4.032755784379432,1.0,0.0261488057590945,1.1865108511218905,0.1876992175999163,0.6115421828211535,0.0452324950244255,0.6112136373697321,0.362024232921115,0.0906292627745617,10.282889461309978,0.5205843745951704,0.2042854548756128,2.7255639097744364,3.5,2.5366337213334647,0.04240305338314915,1.1110709007983623,0.19210195461873958,0.2944218994730426,0.09844721945249281,0.0907935355002723,0.23135288133868076,0.022698383875068,0.1570946318334456,0.6791445162692258,0.1142907940677439,0.6340762939705109,0.09363649268005662,0.4077495461226724,0.3969239447506141,0.158724414399766,0.25390658611739736,0.1810942528234128,0.502880719372607,0.0679308788994936,0.4438882028494813,39.93677988677989,0.6251748251748253,0.1935717036199911,16541.0,2
684b45e8-e54c-8013-b1b1-5afdd4a0514c,1,TRAIN,0.091896145534935,0.0342050447970171,0.6177344371781213,0.2262389369170734,108.875,0.0677420368347343,0.6931533479448123,4.63934502627413,6.129793005295358,5.281448614017181,0.7857142857142857,1.9834554359357213,1.489603608996129,-0.033753978543418,0.2032261105042031,0.0,2.331888233264894,1.4575452054358675,0.027521925800888,1.081959951335906,1.9822282275904104,1.035721588200012,2.5875,4.0,2.9283512516090378,0.008075598775381417,1.356596825979046,0.016060492077660932,0.5056131893539919,0.02057139338531843,0.5223022770262159,0.012333375457945633,0.1241651833229549,0.044817862766847724,1.0181117410479508,0.022447474308763544,0.5564188965842483,0.01758191531013242,0.457565647120954,0.013367398996527446,0.0505623697079476,0.2524542922771148,0.2586216627627075,0.13720576308121454,0.1295545286720317,0.15631219191355114,0.6988050932875229,-0.0246138859992244,0.1023917273424739,38303.5,6
684b51df-8b24-8013-9161-b794292213f5,1,TRAIN,0.068642632100437,0.0207125104821997,0.1930151684525898,0.4238588041776612,38.6875,0.0613722842764207,1.4971451288540922,4.580310127501889,6.908298027822478,5.315271270338939,1.0,0.2518175442668041,0.951969754606394,0.0036405532511384,0.417794238111473,0.0,0.7176612965538162,0.3555376618173193,0.0320061451798745,3.506605704029792,0.8712029645163126,0.2315708220764183,2.985294117647059,3.0,2.6100455739219464,0.05442326161667424,1.418395391331538,0.05380693182267025,0.5973352697721024,0.11964149964017508,0.256149670484691,0.07471869773081723,0.0812809883768186,0.502427087150046,1.1199494523038496,0.06511728350968736,0.2653545722389437,0.3350138586812732,0.2622527686389612,0.09943004177328327,0.0626922873180849,0.6322001586639024,0.436818650194138,0.06732762005741344,0.0320061451798745,0.23578929321965408,5.296072915299484,0.1977097921907222,0.0328834096570943,12629.0,6
684ba9a7-b0f4-8013-8a24-ac4e90a68eb7,1,TRAIN,0.0888386013577633,0.0062048324695233,0.0599035500551972,0.386224856321839,37.875,0.0,1.3363546569054674,4.822497240137121,2.6146069374237406,2.5565045610365464,1.0,0.0637245812472958,0.966625536834894,0.1112698043644335,1.1039451513566905,0.0,0.8134332694207193,0.2905118819359711,0.0581023763871942,7.96002556504561,0.8715356458079135,2.1497879263261868,2.739130434782609,4.0,3.42804020684446,0.01289872755795712,1.684968915228633,0.028179652547789206,0.9296380221951078,0.09215036895009006,0.1162047527743884,0.022834233920167334,0.2905118819359711,0.04119458485852071,1.3363546569054674,0.1411306722444948,0.9296380221951078,0.029283597699145895,0.3486142583231654,0.34321073731915636,0.2324095055487769,0.34530242286909535,0.1743071291615827,0.4018941374702225,0.2905118819359711,0.17262216024635407,15.735408560311283,0.3766536964980546,0.0372898120672601,17211.0,1
684baf8d-8490-8013-966e-e158fe825c6f,1,TRAIN,0.0820820699197896,0.013273630793732,0.2177878722862601,0.3241667143929001,54.0625,0.1559941106072058,2.306941295036533,6.22639584383136,4.4021997302007225,4.928659349542286,1.0,0.359930978415188,1.053064346690654,0.0899444709217352,1.1339508797346098,0.0,1.1009805156630552,0.1979862160913748,0.0,3.932659097589653,1.3964835548416898,0.8519804526748971,2.9130608974358974,4.0,3.0463140117157974,0.02342290118207777,0.6944280412782398,0.07865309993596203,0.8339369698496683,0.03202176896993365,0.1979862160913748,0.03908242984693878,0.244489192281851,0.1142081109063996,0.4724932025279247,0.045773117310195684,0.7589745002939448,0.04916553812883178,0.2729486856470983,0.5413832199546486,0.0930059523809523,0.6890811011904762,0.4049941735953641,0.1107608214968086,0.1514832399008986,0.33128900672923495,19.40924894796264,0.1563544522807584,-0.056280537486948,17283.0,2
684c67e7-0cf8-8013-b5a1-c64b98cfc596,1,TRAIN,0.105004068873218,0.0204099522890224,0.0601521670123105,0.4509487782970405,42.9375,0.1318659281239487,1.2637343456626189,3.016749056679073,4.444127989220828,3.802438671840716,1.0,0.0640123898693429,0.9440007781936576,0.0896171233543534,0.3175149510277521,0.0,0.1795033740826203,0.0594609861604554,0.0,6.035110638564278,0.7306552267503135,0.5574865244020768,2.1684782608695654,3.0,3.4012136838571823,0.014888209094267787,0.8208620584518471,0.01680201354867071,0.7432987912245163,0.01302872850138049,0.3249376295108573,0.2535224637894547,0.1763389829257591,0.15657881316025343,0.4347053959620943,0.16354581453286066,0.7233557350391566,0.029169571784491213,0.5363314802720108,0.0578664992418321,0.0290900628345357,0.6948239211547323,0.3918312389413698,0.1470433432654947,0.1114926639798379,0.20940539447307743,15.692002758030984,0.113097713097713,-0.0057865320858323,15083.0,6
684c8058-26e8-8013-93d8-f99e41e8f053,1,TRAIN,0.1475918594591786,0.0216370261183263,0.0492444702914817,0.3602720567468335,31.9375,0.1103122677274786,1.486684314797239,4.937469808752168,5.768332824569256,5.38518343206977,1.0,0.0518345674491306,1.0671523438743835,0.0380186086679003,0.665462983581999,0.0,1.0356467627033,0.0521485189820609,0.0,7.535889845859957,0.9308286315215206,0.872774713416095,2.503496503496504,3.0,1.8702372637526448,0.05385885956440471,1.2961865347012385,0.02780017489810982,0.3354553769134495,0.0437954277607555,0.417501905793707,0.06430950214632325,0.0255728314238952,0.9994313011828935,0.530339658291192,0.08643611138390273,0.3098474817800967,0.2034682255635622,0.1994445165559391,0.14931953836104173,0.0,1.0,0.0685307017543859,0.7106480110618199,0.1032941818298514,0.6217948466543319,19.689205004035514,-0.1723888577684985,0.1760476688967012,10049.0,6
684c9070-1670-8013-9a9e-e98c3ca11ddd,1,TRAIN,0.1073398459166374,0.0247236224388792,0.0282032319717988,0.3982773092324867,24.125,0.0,2.077312608633184,4.0060405394333,5.4117827104223295,4.274981405525105,1.0,0.029033662004842,0.9753054990939992,0.1049116634789901,0.7854848374464086,0.0,0.0381679389312977,0.0,0.0,11.299074087872809,0.5429300947398816,0.2290076335877862,3.0,3.5,1.9594844006083247,0.0338408884470278,1.9294121091828125,0.06467613448567078,0.9235646154064848,0.1179332699098132,1.3811336974725172,0.02003465437767858,0.0,0.7126445412224057,0.6726572563585811,0.06166727871674815,0.1144355369566128,0.2485538254288997,0.2337994682782286,0.19648378945348033,0.0,1.0,0.3143296718917974,0.46113704516275966,0.3841907496647571,0.5642245096758811,35.191893158388,0.2653123912108615,0.0332003238630754,6515.0,6
684c9869-2fd4-8013-956c-e8ac2b349575,1,TRAIN,0.0308781033705743,0.0058932169668809,0.0142138663993655,0.3962202681115643,18.1875,0.0,0.7235654643796752,2.983257227784548,0.6424565339603283,2.898072566118805,1.0,0.0144261762347949,1.006452682805988,0.0790901938237927,0.4430762945315798,0.0,0.0,0.1162747897123699,0.0867152271938952,7.24083911087695,0.2167880679847381,0.5305568044895512,3.0,3.0,2.472128570860589,0.017062803090867266,0.981602692055082,0.10976772541905608,0.3943130942272583,0.016235883111977677,0.0323268895066916,0.880660337729984,0.1753939147493194,0.07620186008132743,0.2049534772677941,0.11857919753221229,1.8110948121686148,0.014993576908049231,0.0914460145436411,0.5917849432987504,0.0,1.0,0.3673917914279405,0.2676664704231611,0.0743331064267958,0.46704225920363074,72.82963177173704,0.1698834498834498,-0.0313173481460935,13685.0,4
684cbd2b-d1d8-8013-9b30-3905321a6bdf,1,TRAIN,0.0624379051323541,0.0077366837753975,0.0308702858213253,0.431271845291112,33.4375,0.0,1.6945086258052238,3.1138155501150453,3.4683528865051465,4.9189375863850335,0.9285714285714286,0.0318609250770973,0.977762896506518,0.107557081865867,0.7001097378332275,0.0,0.1800148229243903,0.2389933154341217,0.0,6.926192546783908,0.2192849661029893,0.0,2.4444444444444446,3.0,1.5681869423776855,0.027336511310808345,0.9414513153356444,0.08683265237730556,0.5480126615834777,0.030791826765614268,0.0876202980891551,0.19865902234247002,0.0393189950064876,0.5156687173210509,0.4676175727160458,0.13329383424280178,0.3834417791950074,0.05543219997498923,0.3022421067775258,0.14502854985070518,0.0286418055794237,0.8888411525462565,0.27699006389987,0.22263332908034494,0.3348417989929247,0.07002604428349515,31.8848019264686,0.0526873314846357,0.0660121744062403,11826.0,6
684d0505-133c-8013-be9f-03e1aab6703c,1,TRAIN,0.0591067328346048,0.0137767572772387,0.0226234952262349,0.4384255887351299,45.625,0.0,1.9344698343610205,4.292104944988514,2.745867189688989,4.352557127312296,0.8571428571428571,0.0231488036245221,0.9718051236551152,0.0607715236079312,0.6164191650322219,0.0,0.8405715886803026,0.1383700013837,0.1813565469713456,15.220700152207002,0.8302200083022001,0.0,2.375,4.0,1.6604400166044002,0.0506434205064342,1.1069600110696,0.009478345094783451,0.7284953768562622,0.005491734379377977,0.1383700013837,0.19434066694340668,0.1813565469713456,0.016811955168119553,0.4231652762664732,0.10252690122113409,0.3922667413841412,0.10481527604815276,0.9067827348567282,0.17434409382178698,0.1681143177360605,0.26290300262903005,0.1120762118240403,0.8502144735021447,0.1209043646475637,0.5454749229476044,43.58950617283951,-0.1901234567901237,0.0861290094172624,16542.0,3
684da487-c290-8013-8755-871264698b48,1,TRAIN,0.0756257265950899,0.0115652153663714,0.0286696881048564,0.3847849977151673,41.25,0.0,1.736755710306395,5.442374292244671,3.2969626202455604,3.329178990307535,1.0,0.0295201744443315,0.9891079227487772,0.0297085852817778,0.6842731895016219,0.0,1.2393269266542482,0.3338914660665522,0.0479691325520126,4.840601968459434,0.3366645242757108,0.0,2.4758771929824563,3.0,1.0789732491605166,0.050380056670213016,0.8673769196244682,0.06824408577951792,0.7673711476081543,0.018274648899738483,0.1468781051529275,0.1628116492454179,0.2303574287172288,0.1924062743481474,0.2606726432094515,0.11684839281150002,0.4285632837230224,0.11250250146293019,0.3099427909106456,0.1812510572860998,0.0811184977022098,0.7440388288623314,0.1416238310663973,0.6123163051084675,0.0895558425203264,0.3234381100374827,27.71360618432501,-0.0714331913218319,0.1418736233670369,15429.0,6
684df9c8-a6ac-8013-9939-18f4b5eae9b5,1,TRAIN,0.1054336002633134,0.0106907457041026,0.0286653793995449,0.4265918772615947,45.0,0.0,2.34261093221187,6.530724634636336,4.016932955311703,5.140613232676676,0.7142857142857143,0.0295134389674469,0.9701791350464564,0.017166102754849,0.4672059516145548,0.0,0.4057994600513875,0.4726058914669545,0.0,6.391692685566623,1.1748801708016543,0.6928657032158858,2.627692307692308,3.0,1.733740048041732,0.0694505081114057,1.3306641741224523,0.08322599684056287,0.9235114737425864,0.014485642088417352,0.2525122415481203,0.34431260534968783,0.1675625418868309,0.1251907438244929,0.2473056842642561,0.11759623164415405,0.3918623916182395,0.12236191869657984,0.5255977913160925,0.09540845587081229,0.0664459712454088,0.2544375614276789,0.2234771063975749,0.4295254744361513,0.1328919424908177,0.29364903981749824,34.116584600636195,0.1164312641367178,-0.0070062496747303,13922.5,6
684e419e-290c-8013-bd0e-208804671b40,1,TRAIN,0.0866189738097905,0.0079830666442749,0.3339549320273327,0.409661448552326,48.3125,0.0,1.3489743290754883,3.713878939655952,3.506796464354098,2.94604379684955,1.0,0.5481845141574295,0.940201563368566,-0.034440551803894,0.5203185962412733,0.0,1.1614540699036264,0.2167837866253548,0.200249794435964,2.1115915025116205,0.2158043130236137,0.0,3.0,3.0,2.317079456813075,0.04000356648423044,1.2133517918893624,0.09050627127700936,0.8698606310412984,0.021146283210421463,0.3577923225814276,0.16858178768915527,0.0466635557629491,0.294976645129437,0.7351653191355833,0.06822504911418296,0.3713878939655951,0.10164002346920349,0.7864241327579475,0.12106979422054968,0.0916351185374536,0.3943680908944971,0.0767931193365074,0.8010290277991092,0.154565712274756,0.1814921356910222,2.405239506591018,-0.1293944915371156,-0.1661075456474196,13353.5,6
684e5242-9a88-8013-8306-b2131590ab43,1,TRAIN,0.1066726073401745,0.0174064393559243,0.2311941363347467,0.390932368772129,39.625,0.2531408246452462,2.142081997535228,4.279487760510848,3.2061086444634297,3.3204633847267364,1.0,0.3920110043268501,1.0051552740261975,0.000343446972966,0.1070778455937466,0.0,1.044271537369177,0.2604177193148064,0.0,11.576910307205626,0.6668984176811124,0.6014063656550703,3.0,3.0,3.22793932847211,0.018704839165667814,1.9034949622291024,0.14146248066793116,0.7984076073934914,0.10042196379025138,0.708484211248817,0.05737734355637466,0.0535389227968733,1.0,0.7157611059183772,0.12442332715040014,0.2313101406365655,0.5463082901554404,1.0733791160474182,0.11820768509031751,0.0535389227968733,0.6604561516222294,0.452742726493619,0.2714270962350843,0.1387860843819393,0.5869726128793487,14.841136809798424,-0.5808243442345293,0.2223346108923185,10073.5,2
684e57eb-beec-8013-a5ad-da922d47b50e,1,TRAIN,0.1071489506910083,0.0117727350281521,0.6469637807997846,0.2057453416149068,23.375,0.0,0.0,3.904672142183923,5.116466944930658,11.040797091692474,1.0,1.8332697443723769,1.5072031069501135,-0.3036323963547681,0.0,0.0,1.211794802746735,0.0,0.5385754678874377,0.0,0.0,0.0,0.0,0.0,4.57789147704322,0.0016157264036623133,1.6157264036623131,0.2890803823885822,1.211794802746735,0.11673623266460213,0.6732193348592972,0.09788609128854181,0.0,1.0,1.3464386697185944,0.11013868318298102,0.4039316009155783,0.2419550289484314,0.4039316009155783,0.22323953143934294,0.0,1.0,0.4039316009155783,0.6064359768412548,0.1346438669718594,0.6054934697724519,0.5451895043731778,-1.129029571012079,0.4305576776165011,7427.0,1
684e783b-4174-8013-aa86-99181e36b679,1,TRAIN,0.0744988319935477,0.0083503964240538,0.0499176022144142,0.4178397997895379,47.25,0.0982640026203734,2.1449837234230342,3.218757979337574,4.509543024818796,4.270572079214974,1.0,0.0526091840972928,0.9513565231286684,0.0645466353193974,0.2491504605607732,0.0,0.7334023949231756,0.1588394575048111,0.0704762820252244,1.9922515587405496,1.3062946909391395,0.1259672904469778,2.644957983193277,3.0,1.9351402639720456,0.07173150858861875,1.4174455733197355,0.1214618405426461,0.470861910770932,0.023310946545145657,0.4646044753458789,0.2393609167021326,0.0722329341979657,0.4624968722561098,0.3673279516323345,0.09421205639586393,0.3816453660284067,0.22751486974794188,0.5365394663417957,0.056516733331034755,0.0621698928607504,0.5370241176073054,0.1043382548597006,0.2323255332085501,0.1364882902001553,0.3255220627539615,19.584392057218142,-0.2183924183924186,0.0264050858372926,13871.5,6
684e8c7b-ed90-8013-9f1f-5c35ff60984c,1,TRAIN,0.1245666873917227,0.0144060716247049,0.0551512975103861,0.4909877181355758,41.5625,0.313765964239861,2.364079521564161,2.8593815866876566,3.3844491135690635,1.3473914352070668,1.0,0.0584535897100005,0.8980535644505085,0.0800796722308656,0.9525836221287722,0.0,1.5181910891055252,0.360966516715787,0.0,11.185225024144016,0.635628722941397,0.0334941050375134,2.8,3.0,1.8893170379591515,0.06507836725853082,1.4717014279829483,0.007701712759107959,0.4930889583391257,0.028716471140621203,0.1045886547466203,0.8732114110015098,0.0793320221625592,0.8323892485920539,0.7839092575269488,0.11890226563529498,0.0,0.9981996122241714,2.150197960555216,0.0063752026839726025,0.1899742924356901,0.23468868100558715,0.0796578941613246,0.6803263659699303,0.0458379171250458,0.6426513933547695,17.616011909220283,-0.0277273612463488,-0.0056629611041261,10536.0,6
684e98c5-984c-8013-b0f2-8b18572ac6d4,1,TRAIN,0.093499158648871,0.0072423940152623,0.0574811561355011,0.3985967552014073,35.6875,0.0,1.5478155381520762,4.424346816384148,3.5035123751979684,3.64542993624478,1.0,0.0610626704027082,0.9935824374403492,0.1205195458284392,0.4705002870783897,0.0,0.0363504180298073,0.0953445813493353,0.0,4.105786705705963,0.6160240751977467,0.28951465669914,2.90625,3.5,0.5189551046454008,0.3204000446152276,1.0318994310396024,0.1793193225032816,0.5911033038392761,0.02487118300938783,0.1206254592591459,0.21442572281794897,0.3955429118938713,0.14143677096618476,0.2844047915383842,0.16875196322424146,0.646661533602762,0.19706921566052427,0.4705002870783897,0.1411270830946657,0.1935493711166774,0.39697803232844453,0.2578060375157756,0.2544986830580963,0.1337582261086756,0.20555807989014097,23.248477838340307,-0.339932184053746,0.19196449209784,11830.0,6
684f3f3a-303c-8013-a9ae-08f1d2e5e1d0,1,TRAIN,0.07442263179642,0.0109399179209285,0.0659200794801017,0.4843246111139003,45.25,0.0,2.065065916808104,4.519736914103111,3.766214693130629,1.8986502184747016,1.0,0.0709972096233502,0.8737126918930498,0.0602840098272847,0.3382846837648092,0.0,0.4680664479300043,0.2580881874023519,0.0,2.9388106522278608,0.2842576291079812,0.1176101615179551,3.293766578249337,4.0,1.681462418504474,0.06504365322779464,1.1952492600097662,0.10464195836124149,1.2071393192950302,0.045293391196684865,0.5119460476527072,0.08408360216851118,0.1469373912339773,0.26824833946862997,0.4057821075183206,0.07284938745589614,0.2162778435801187,0.060468843784120055,0.6612182605528978,0.276327552929803,0.1456845400085997,0.4999138350934087,0.1671851834362125,0.09085205894564188,0.1375923804059095,0.161285646219398,15.523128357974825,-0.3270604449474212,-0.0157611398353924,13625.0,6
684f94fa-4318-8013-8717-2a954db5cf5e,1,TRAIN,0.0575967496058195,0.0039348381957034,0.045750558819261,0.4460640707949305,30.25,0.0,2.03826498398931,4.023131786787452,3.69443258641909,2.455067013274808,1.0,0.0479528338938225,0.9587735569956002,-0.0258767871416929,0.345180021236839,0.0,0.7199232687211492,0.7653098354537017,0.3649336527185339,6.223182548299299,0.0,0.0,2.5727272727272728,3.0,1.999619111544624,0.04876211877719311,0.7539497207597377,0.19097309978011653,0.6601909144488813,0.02710442199888808,0.2766135596974119,0.30060213743758923,0.1334335516089506,0.382220732910065,0.3792654711741168,0.23761115550359077,0.2141523020559116,0.47536159516984144,0.3798833943145439,0.1309509301657682,0.1831881826431678,0.3572717278680885,0.2972555660471594,0.2732008020122314,0.1363926118486004,0.22451115013371395,21.038852149267832,-0.6202945849615671,0.0034912923750212,9415.0,6
68502c46-ce00-8013-945f-f27b99483b6c,1,TRAIN,0.0921257195956853,0.0105377371817414,0.0754330056075962,0.4037315110526163,44.1875,0.1028030978000137,1.561571600173147,3.222502753264962,3.217239271864321,4.773638825500753,1.0,0.0828367213757134,0.974337938826818,0.1357078773817783,0.8598574830227503,0.0,1.3445070011465512,0.0843739453256834,0.0905169961504601,10.628706970933637,0.2092197466837206,0.4306033831351832,2.35,3.0,2.7767222973121344,0.057333745679470235,0.8941251822894215,0.046210467622564144,1.352082839630361,0.026389820891335965,0.2013310262580031,0.27771963466147287,0.0281246484418944,0.2659922484334277,0.8685735359797334,0.09644326331039782,0.4024787346932887,0.09530988531421769,0.5785581879544566,0.06418520682582346,0.2901716061503708,0.20432842368066795,0.2004425877858318,1.0,0.1565404984925021,0.2834742647897613,15.092891715738524,0.0308006267033558,0.1007551668568419,15654.0,4
68530829-eb14-8013-bf1a-e25f5c93ba74,1,TRAIN,0.0748374009340799,0.0112209999146985,0.3375536634752515,0.4223211300322212,36.3125,0.081267498748818,1.3152605296389963,6.114166012045038,4.900736767471254,3.7016846193908894,1.0,0.553927810324487,0.7978553021411787,-0.1744013834015267,0.4606924684816001,0.0,0.2091526092831873,0.1148910486845621,0.0,0.9331259720062208,1.1179138386451932,1.804713554676424,2.9722222222222223,4.0,0.5338252967730028,0.18553094031647932,2.126321742430444,0.10346183038537954,1.2519835531201386,0.04197715590592695,0.0986888612737839,0.36923450399634794,0.0,1.0,0.342923448237471,0.10850437447552375,0.077760497667185,0.8710526315789473,0.6841763190269492,0.1883723549090762,0.0818365378555781,0.4339282446483954,0.3470707953924891,0.13674799926693346,0.376803559868142,0.3553708692060988,2.3294155588095977,-0.4620214182114406,-0.1739778602998611,12328.0,6
685310d2-c5f8-8013-b19c-30be933e7f3f,1,TRAIN,0.0449008836876044,0.0179349218549833,0.029054444944398,0.4234895539243365,45.625,0.0,2.2497910908272805,7.770426219418372,4.846899523003539,2.082950438032224,1.0,0.0299258474576271,0.955822837524544,0.1351338472422299,1.041475219016112,0.0,0.5513692335967653,0.2308047391906447,0.0,5.539313740575473,1.7695030004616097,2.26674018256448,3.347826086956522,4.0,0.2308047391906447,0.2631798117764637,1.615633174334513,0.17106687765470144,1.332556008994753,0.05088698259348713,0.2308047391906447,0.22962962962962963,0.1538698261270965,0.133174334513002,0.4616094783812894,0.08653285583409678,0.128559490904416,0.07354977688875211,1.164001715370949,0.10602148746564503,0.307739652254193,0.29170148486211994,0.064279745452208,0.39290660101554087,0.064279745452208,0.18464229199633547,33.632516703786195,0.2742474916387959,0.0926192548057905,12998.0,5
6853d0fc-b8a8-8013-b9b6-c838bf179f5d,1,TRAIN,0.0990735043972349,0.0105316492345553,0.8464472038319554,0.2422641927853341,183.375,0.0,0.3050919852335479,0.7017115660371602,4.16450559843793,6.147603502455991,0.8571428571428571,5.5129657228017885,1.4150667961310512,0.1514594761882967,0.1220367940934191,0.0,0.1220367940934191,0.0152545992616773,0.1372913933550965,1.6932605180461908,0.2288189889251609,0.0915275955700643,2.2,3.0,0.0762729963083869,0.6616834975745187,0.1220367940934191,0.04530615980718187,0.0305091985233547,0.04887573603441438,0.0,1.0,0.0,1.0,0.1067821948317417,0.020105561826890807,0.1830551911401287,0.030951581901943435,0.0915275955700643,0.0595234463190652,0.0,1.0,0.3508557830185801,0.10540928089819081,0.0610183970467095,0.0695762272325106,0.3022793357844904,0.3783613293922573,-0.3607274172711914,65554.0,1
68540c0e-580c-8013-b794-96b89709deff,1,TRAIN,0.0232904435837372,0.0015312713344874,0.161528654919941,0.348001162554302,15.6875,0.0,0.8036123038985099,2.647767624653892,2.9606421089950548,3.366777559686074,1.0,0.2005263192075054,0.9257837695295156,-0.05045649879652,0.8289268943594432,0.0846023688663282,0.0930405656866393,0.0,0.0,2.97729810197246,0.4230118443316413,0.0,3.0,3.0,2.0724274362302166,0.22282865989469886,2.910012928073188,0.4429407556720111,2.9184511248934992,0.045164157562544986,0.2538071065989848,0.2575356875902462,0.0930405656866393,0.640863416449572,0.1776429345529676,0.33625527938302924,0.7105717382118706,0.07698806121093163,0.2622453034192958,0.36697752605922984,0.3552858691059353,0.3226896500478269,0.812050500718821,0.2651608578497585,0.270683500239607,0.4686939434527464,6.539349555327215,-0.1864513576397503,-0.2203179149797298,5642.0,2
0644377e-833a-44f4-a93a-29bb43324fd4,0,TRAIN,0.0406814926316294,0.0068078906074871,0.097442956067658,0.3936303845304836,12.0,0.0,0.8107395927908748,4.637899154840547,6.310447798182995,2.732973129588623,0.9285714285714286,0.1086187416337712,1.029880458194147,-0.10317249223996,1.8923833623626585,1.7380578128579245,0.0,0.0,0.0,0.0,2.2220688509239634,0.6298815822625347,3.0,3.0,0.0,1.0,0.6352840356827778,0.5489732539305652,0.2368902472422141,0.02681452874031892,0.2364589043966469,0.2636073523207223,0.0,1.0,0.0828637719588995,0.26336082606458144,0.0,1.0,0.0,1.0,0.3521498532688387,0.030636938014207485,0.0,1.0,0.5137495269426346,0.30409150017666503,8.308626320570841,-0.3060152397196783,-0.0990572771271778,5721.0,6
13b9ed5b-2e0d-4642-b8bf-30bc30f8ad74,0,TRAIN,0.0418156661537002,0.0105744217715781,0.0496461593615499,0.2809165186230521,31.598214285714285,0.0,0.8545181456978151,8.63517478923615,7.444975423510454,0.7185870174694509,1.0,0.0523192400084383,1.1553446344206335,0.0872439199026423,0.0703993992584596,0.0234664664194865,0.0,0.0,0.0,3.0091348737238044,0.6614765944449432,4.332069192200015,3.3521739130434782,4.0,0.0,1.0,1.6929605132682084,0.07122433291239605,0.094884835223943,0.046390223178486414,0.0238061229348188,0.48041682396092417,0.0,1.0,0.0476122458696376,0.021384751859497078,0.0,1.0,0.0,1.0,0.0930545872965203,0.683371501872529,0.2248014347304258,0.525532567019225,0.2277028152773653,0.28545455318620033,19.75319079551545,-0.4350126780825545,0.2044637422041477,21155.0,4
1b623663-59de-48b2-96ac-1c4dc5e49e9c,0,TRAIN,0.0291445581691704,0.0112985973176415,0.0288670724911909,0.4741070285896811,11.375,0.0,0.2084401745547376,1.215573449065245,2.6567781598262994,0.0,1.0,0.0297369162320827,0.9611120092486496,0.0939024049031846,0.0,0.1012687828925673,0.0,0.0,0.0,0.0,1.215573449065245,0.0,3.0,3.0,0.0,1.0,0.0,1.0,0.0,0.01806905098265199,0.0,0.6213212338175915,0.0,1.0,0.2218751481076247,0.1375342020727835,0.0,0.3696498560464204,0.1697526951805185,0.07450239485938799,0.0,1.0,0.0,1.0,0.0293754773515069,0.572845507094062,34.22016711833785,-0.2854154154154156,0.0183541277802151,18091.5,6
2866d603-a8a7-4b9b-a044-91acc0787934,0,TRAIN,0.0245045557423718,0.0018147411453699,0.0102337342132147,0.400137584903828,18.625,0.0,1.2445052700763184,4.164281841655242,4.198505797081388,0.5196768554825909,1.0,0.0103422233097621,1.06924938688895,0.0699302411679597,0.0,0.0,0.0,0.0,0.0,0.0,0.2410509822827528,3.4199243344531074,3.0,3.0,0.0,0.5320073699626777,0.3396302659203898,0.2290607557288228,0.6727508343046444,0.09726807994681823,0.2085024946020756,0.12333654594190352,0.0236216752492086,0.9826144470165824,0.0537530480345527,0.01851535775301902,0.326610870848119,0.1081199806182119,0.0301313727853441,0.68476557791973,0.0236216752492086,0.5977464921812254,0.1913905168890024,0.5795050470697112,0.0236216752492086,0.3682697549647355,100.3571592342084,0.1926745385761778,-0.0511114293036437,18880.5,2
2aef21a7-4ca6-45b7-b7c1-3a5d62a2ce67,0,TRAIN,0.0622520845138832,0.0261591478696741,0.0765968903547149,0.3867293272234951,64.0,0.0,0.7403917345359089,8.245271589149896,0.7403917345359089,4.132091447925487,1.0,0.0829536756934067,1.06251105637436,0.0440717034785773,0.0,0.0338696020321761,0.0,0.0,0.7403917345359089,1.8289585097375105,0.0,0.0,3.8333333333333335,4.0,0.0,1.0,0.3048264182895851,0.14851585111395302,1.1105876018038636,0.04455812075116107,0.1016088060965283,0.12108382726502964,0.0,1.0,0.541913632514818,0.0722099915325995,0.2032176121930567,0.10190482600794239,0.2032176121930567,0.038171041490262486,0.0,1.0,0.4064352243861134,0.0876545300592718,0.0,0.039864521591871295,12.069511658600968,-0.5590214067278292,-0.0587300430123206,29525.0,3
32da43ab-9b09-4794-9cb3-0f1f0e3a815d,0,TRAIN,0.023853496197668,0.0176742286512587,0.0396849611502775,0.3452743823562211,10.9375,0.0,0.4105571847507331,3.5431753129536645,3.249421037965141,0.0952743902439024,1.0,0.0413369199312144,1.167895256178042,0.1111530672562941,0.0,0.0,0.0,0.0,0.0,0.0,1.8300793736917595,1.6353240271484737,1.5,1.5,0.0,1.0,0.1233201361148847,0.19249808972515275,0.2133450290995064,0.056952659749528775,0.0,0.7661250737388949,0.0,1.0,0.0431127398146152,0.17815046510671811,0.0,1.0,0.0,0.5301591454218526,0.0,1.0,0.2228652323488922,0.5910726238321307,0.4890619408319298,0.14876893181247727,24.48348610504874,-0.6692538889565821,0.045946847118657,9984.5,6
37320cdb-bf9e-402e-ad79-150b0082db90,0,TRAIN,0.0262366050080688,0.0240969610910971,0.2280883986406977,0.4928044052488071,6.6875,0.0,0.0,2.3935472417254906,2.4697166424927604,0.0,1.0,0.2992440102788904,0.7887367324739862,0.1150858151890079,0.0620578379049273,0.0,0.0,0.0,0.0,0.0,1.8003949416069145,0.0904159132007233,0.0,0.0,0.0,1.0,0.0995817566221868,0.7047561732268691,0.6793256604267814,0.0324485341191605,0.0,1.0,0.0,1.0,0.2804135830236334,0.0863008501399756,0.0,1.0,0.0,1.0,0.0,1.0,0.0,0.17213678187802695,0.0620578379049273,0.8176658036247759,3.536321927701349,0.1943646460236079,0.0615335612650866,5275.5,6
3bac6b92-61a1-4d89-8c60-7b1598cc3cd1,0,TRAIN,0.0330036334275333,0.0084014532243415,0.0352332457293035,0.4271419120079391,14.375,0.0,1.363473268747757,5.364806866952789,6.498007277768151,6.238086986657425,1.0,0.0365230716839775,0.9691843741726056,0.0800081393392265,0.0866400970369086,0.0,0.0,0.0,0.0,0.0,1.257618264486795,1.7413175969817165,3.0,3.0,0.0,1.0,0.8212877792378449,0.04041487839771102,0.5364806866952789,0.013233190271816882,0.0,1.0,0.0,1.0,0.2152852529601722,0.09045226130653267,0.071761750986724,0.9626251788268956,0.164257555847569,0.13475863403308502,0.0,1.0,0.0,0.2875536480686695,0.7153075822603719,0.07274837960723614,27.56572769953052,0.0617449664429528,-0.0072122052704577,11542.0,5
3d2bd91b-39b0-4e71-858a-26ce8f07b30c,0,TRAIN,0.0421872459108204,0.0130281398820699,0.0253341626739517,0.4491820572155536,32.5625,0.0,2.068718689726325,8.176161760128483,7.099387879774428,3.3377517136164103,1.0,0.0259945474721899,0.970720793690652,0.0848600883778978,0.1468900960180827,0.0,0.0,0.0,0.0,0.0,2.484809709346113,4.024954633444221,3.219063545150502,4.0,0.0,1.0,0.4495267154721963,0.1698822750766419,0.2421939128528569,0.016920188856997594,0.2159606935806775,0.15922968232298035,0.0,1.0,0.1310253208880756,0.5078781023229094,0.2040790592843703,0.28842144777933015,0.0,1.0,0.0,1.0,0.0654644476172436,0.3220660269907013,1.0564301126066975,0.17665495680684232,38.77051282051282,-0.0188370868999142,-0.014831639455412,16151.0,6
4dffecef-58a4-4d84-b376-64353a6482bd,0,TRAIN,0.0233921898503781,0.0076519443357794,0.0291812112610641,0.3562407992114506,17.9375,0.0,0.2621956612751924,4.038348751513519,0.2964962718260602,0.0,0.8571428571428571,0.0300989231570603,1.0804159909946736,0.0606755785493486,0.0,0.0171503052754339,0.0,0.0,0.0,0.0,4.004048140962651,0.0,3.0,3.0,0.0,1.0,0.4119232043890511,0.18714491852581822,0.0,0.041969222822639665,0.0594965086586558,0.10259429672595105,0.0,1.0,0.1315909663712057,0.05427491322096277,0.0,0.4210327015732963,0.0,1.0,0.0297482543293279,0.7430891029805635,0.0297482543293279,0.6765980498374864,0.0374565230393132,0.40779992300427237,26.85031540676702,-0.0100963552576456,0.1871477246358746,27182.5,6
553694be-77c0-4221-a5b9-e2c8fb0a04b1,0,TRAIN,0.0403397783471369,0.0148957566471414,0.1396884598508117,0.3318646399955777,14.875,0.0,0.665954777459886,1.9922816535632093,4.016523582520836,9.55637344518568,1.0,0.1787322710625473,1.0867212047043389,0.044975446591329,0.0370809848709581,0.0785197383932522,0.0,0.0,0.0,0.0,1.4592888859616049,0.2491694352159468,3.055555555555556,3.5,0.0,1.0,0.1199584919155462,0.3745165641849557,0.0785197383932522,0.14235112891162288,0.041438753522294,0.11219829805457143,0.0,0.6949868363317244,0.0962873713371251,0.055462581629181495,0.1377261248594191,0.37449578001116723,0.1651504337668347,0.2539648505455705,0.0,1.0,0.3053634162703371,0.2969349139408916,0.5583537060554373,0.2747520695972814,14.261671101575391,0.1260989552533016,-0.0363542822100996,12775.0,4
62f9f7f0-fd21-49a1-aff7-c29e291a94b8,0,TRAIN,0.0252314992430552,0.002715204956529,0.0178143582670743,0.4125902046702769,21.375,0.0,1.5309866866331132,4.299305167707981,4.241883462177205,1.2612026819345374,1.0,0.018141264273567,0.9839660891643542,0.0790946461590666,0.0281199032675327,0.0,0.0,0.0,0.0,0.0,0.8140800753826687,3.034699139428626,3.0,3.0,0.0281199032675327,0.5794114343479726,0.276026085950574,0.07257069850402188,0.8427527117819343,0.00845429542201381,0.1030124912871703,0.2036374791540502,0.0,0.5841851061439964,0.1310139517407602,0.15306747898201636,0.1686404577292347,0.3534780393706502,0.0980398458639019,0.35492016705559637,0.1030124912871703,0.11976384640050326,0.2242785568712984,0.2678545970932743,0.0561608446591036,0.6388176219386429,56.12852028029256,-0.3319277786302493,-0.0277518267235781,17793.5,4
66668939-474c-452b-b91a-bb24051ca62e,0,TRAIN,0.0284120989658701,0.0028588571630254,0.1023089314480042,0.4596914385049978,21.625,0.0,1.5950376606114312,1.654715940430226,5.110028060847733,0.7089056269384139,0.8571428571428571,0.113973520497687,0.9188041411819696,-0.0303978939040525,0.0,0.0295377344557672,0.0,0.0,0.0,0.0,0.0,0.0,3.0,3.0,0.0,1.0,0.3544528134692069,0.13179737114163342,0.0,0.24684684684684685,0.1476886722788362,0.14077684241618668,0.0886132033673017,1.0,0.0,0.028100948630749956,0.0,1.0,0.0,1.0,0.0,1.0,0.0,0.23193029094668438,0.0,1.0,8.782136602451839,-0.6133333333333338,-0.1119814411661595,27935.0,3
66dc257e-dce0-8013-9a33-1360aa943a9a,0,TRAIN,0.0311485804549062,0.0075372762625071,0.1001581988261188,0.2587339760250089,28.4375,0.0,1.5208583293449118,5.717136674688139,6.734680369692885,3.130583019870598,0.9285714285714286,0.1147076105710455,1.2727575024219355,0.0208793372924619,0.1156062661497867,0.0,0.0,0.0,0.0,0.0,0.8027374456057371,3.706593984708838,3.2215988779803646,4.0,0.0,0.6963323540786167,0.4700698414484393,0.11992506382314763,0.2370025695249034,0.01642176126239142,0.1828621034657777,0.6698574927844447,0.041672683647963,0.5869135248075081,0.1443616179653926,0.06891866987105863,0.0490725291981548,0.7680447305997966,0.0327150194654365,0.5325348143236074,0.0,1.0,0.4945552251772205,0.17273338147517664,0.1105429004791974,0.26006128891205504,23.174589221718847,0.1236684923479161,-0.00159008844867,12424.0,6
66e3e9bd-9cf4-8013-9694-6426b9c90d02,0,TRAIN,0.0536035527331905,0.0042998352003663,0.1047401270915056,0.2784572553641474,18.4375,0.0,0.580275563166894,2.6407468718280054,3.770105609925469,4.962991390573887,1.0,0.1173151038217482,1.1917628095210009,0.1247311149974927,0.1354963216641773,0.0,0.0,0.0,0.0,3.229858245110353,0.6023102767951387,2.32833546927932,3.0,3.0,0.0,1.0,0.4551908746883888,0.5057303360484502,0.1494849402136779,0.012564912971363251,0.0,0.26776584167762313,0.134577426879598,0.8657094097569588,0.0,0.18182721219568868,0.3806286847182644,0.3267285916307821,0.1037069031358993,0.587810175243521,0.0,1.0,0.7228001980063756,0.02495601918502269,0.1485660454290986,0.2243956107795238,8.770289392239947,-0.4727120721169828,0.3985325287252341,11089.5,4
66e689df-ccec-8013-9822-5ebf45d2442a,0,TRAIN,0.0310924369654214,0.0062751487759519,0.0571133471034181,0.3228473454779504,8.5,0.0,0.5162252941759164,1.0961176790690443,5.07190712934166,2.2259546960400898,1.0,0.0614621309059405,1.1326809523206307,-0.0233854285933863,0.1055899853357116,0.0,0.0,0.0,0.0,4.784363675505006,0.7925763637233445,0.2360876897133221,3.0,3.0,0.0,1.0,0.5685344982239604,0.26062376542941484,0.1287131208541371,0.182306303754059,0.0,0.4012046244856951,0.9663984932890136,1.0,0.0612594952217593,0.9609777015437393,0.0,0.3821540090858495,0.0,1.0,0.0,1.0,0.0,1.0,0.5348076854077715,0.3106554901749728,26.23268271524615,0.061970773407266,0.1706127827582068,10814.5,6
66e729ec-0d20-8013-bfc9-acc1990b9ce5,0,TRAIN,0.0631478397742293,0.0206649174669504,0.0424459014584946,0.3053584589595921,26.3125,0.0,1.1141553227992176,3.4740433185709767,3.687910334189583,7.215222612995211,1.0,0.0443910202796715,1.1992578681096422,-0.1203990460626418,0.1828500409694076,0.2178181028612235,0.0,0.0,0.0,5.39516920075363,1.1501162392839035,1.6332613635094868,3.0,3.0,0.0,1.0,0.3995523511255807,0.43229696189862954,0.6065136032620273,0.0016091561728158773,0.0291460215680559,0.8643835616438356,0.0,1.0,0.1839977193435737,0.05681170980462299,0.461482677679025,0.14710662703883481,0.2744444283570386,0.22029210277053562,0.0259915787284919,0.7733794250662785,0.6565415212932391,0.022296001903418104,0.1248482113771238,0.27113003990612605,30.16790379232753,-0.3007215619694399,-0.2346424221867656,19291.0,4
6703034d-ea88-8013-89e5-b70ea059f094,0,TRAIN,0.0319832687206692,0.0021856884918749,0.0135306822513022,0.3788348359629351,23.375,0.0,1.0799136069114472,2.3555336043463395,3.170318287400339,1.6322430786615605,1.0,0.0137171561051004,1.106244871047855,0.1250465984067869,0.037992477489457,0.0,0.0,0.0,0.0,3.3870301528294093,0.2659473424261996,1.4057216671099122,3.0,3.0,0.0,1.0,0.5318946848523993,0.10181743081371335,0.2987303958177745,0.010232908531609014,0.0627785799485215,0.32334107602486034,0.037992477489457,0.07917632308802856,0.0941678699227823,0.055349029326724496,0.0635243298183204,0.3096006990615858,0.0635243298183204,0.2107822651115079,0.1270486596366408,0.062421640515178,0.2659473424261996,0.47203634861627425,0.0746825989544436,0.11613144137415982,73.92857142857143,-0.2133333333333336,0.0734041867954909,24210.0,5
6704426f-b1f8-8013-af18-7e63336fc23c,0,TRAIN,0.0322668018131794,0.0050852122794568,0.0586945774915699,0.3183405062731833,14.5,0.0,0.4123556755135703,4.209837167021256,4.412676121055643,2.0063124157148784,1.0,0.0623772645720378,1.047684702957587,-0.1258255027044685,0.3612907834675544,0.0,0.0,0.0,0.0,0.0,1.7943310005432525,2.626005281900497,1.5,1.5,0.0,0.7170115459589144,0.4241433338304118,0.3654467466203603,0.8375392091869076,0.053333507876264806,0.0,0.7347967962029072,0.0988826263225551,0.4129902152671061,0.2293623246854098,0.06683371362329124,0.0988826263225551,0.7037724180581324,0.0,1.0,0.0374868795921427,0.9392860674379512,0.0,0.8422831535773962,0.2534899237869955,0.4763671702821226,16.215296495956874,-0.1797843231933046,-0.3535069688928103,8877.5,6
670c416b-b690-8013-9fdf-4e3708b76bc5,0,TRAIN,0.0250948957758843,0.0044173693886455,0.013444837340939,0.3447255274187896,21.6875,0.0,1.5138288753978002,3.15003167461649,3.5411137523308254,1.0780850360707552,1.0,0.0136300712523833,1.076533169828123,0.1195311648902965,0.0805233050029834,0.0,0.0,0.0,0.0,0.0,0.3606358297992688,0.1324408874181661,3.0,3.0,0.0,1.0,0.8097025375521887,0.022585844379657487,0.6811758844879527,0.0291161455942781,0.078260883342937,0.47073432784066205,0.1716362213736899,0.16017232225111777,0.3630992338628762,0.10607471196593708,0.2345648695075295,0.09025036755147801,0.0423534462298021,0.6864961068145857,0.1341460883954527,0.14268342535131412,0.1869557980406344,0.25525217943544465,0.0736720795617054,0.29572831507048203,74.79741379310346,-0.2408610723539966,0.057554346211791,19577.5,6
6713da4c-a7e0-8013-a6ac-4a7cdfb0a3e2,0,TRAIN,0.0486114723770722,0.0211953978823578,0.5566749906609197,0.4325804152896873,35.0625,0.0,0.2184087363494539,2.276731425010197,4.158140750257224,1.3137097962849438,1.0,3.718597684567448,0.9665394790796732,0.0742581774497495,0.6349554157659958,0.2338018297618301,0.0,0.0,0.0,0.1384019191732792,0.0699888017917133,1.226698329016905,1.5,1.5,0.0,1.0,0.5738835938379406,0.13333932544707533,0.5559774843543752,0.037972098194272594,0.1546704422153634,0.352285340867705,0.0,0.5771646681338634,0.0308813538385522,0.12733865856005688,0.0,0.5667589006021078,0.2963577819965203,0.16489067536197366,0.0,1.0,0.0760453040157252,0.35811570470504306,0.0811283739536164,0.40398829276662485,1.6854851311639794,-0.000634599539478,0.0832696140647402,15156.5,6
671825dd-b508-8013-8843-f2f01f408006,0,TRAIN,0.0267392474070629,0.0053946558463995,0.0197915414262558,0.3477194954639542,23.625,0.0,1.2727079919022968,2.9749690293785447,3.2281193546050773,1.641881422448643,1.0,0.0202068644190903,1.0684842760525428,0.0510658062954344,0.1269904690115824,0.0,0.0,0.0,0.0182788623236089,3.7591118253551183,0.2491635224603118,2.5245559091571503,3.0,3.0,0.0,1.0,0.8642933623592257,0.03205771044189461,0.4134409140222276,0.008446306873229462,0.2337163078518212,0.11570716224646699,0.1728192487527186,0.09710078824494335,0.1779024952922204,0.053504523950585366,0.0760069934086563,0.31524679202688455,0.0894398604404971,0.25368601661344337,0.1173821336187273,0.6049248035542457,0.0711609981168882,0.21868878132348618,0.1177454060186474,0.12250790738092783,51.73628817665515,0.0035420923989259,0.0334827671086559,26049.5,6
67198d5d-3ae8-8013-b90d-fd0b7144f0e2,0,TRAIN,0.0263592986007506,0.002283177374091,0.0328408776512886,0.3813907790203139,40.0625,0.0,1.246215360372149,4.042110739526821,2.722934865922982,0.4605808708305278,1.0,0.0344353107652872,1.0313247729306452,0.2076354139142916,0.2997685480520205,0.0,0.0,0.0,0.0,7.2573420737207215,0.0,4.012862421305119,3.0,3.0,0.0328910011392012,0.9346885054109388,0.5593607291298418,0.5808862240421175,1.0269064011502371,0.010256266002319948,0.0475151602500523,0.10971313118697779,0.5190240798330773,0.04658612009796285,0.1205825283634529,0.01469697857563896,0.0731207955542556,0.5252997952617724,0.0292483182217022,0.7728136882129277,0.1790791648068574,0.1797227912957039,0.1827218477243564,0.10382150456204095,0.628518277121468,0.22591751264745066,50.12809900114322,0.6433892704256616,0.2286893077378064,30781.0,2
671ad1d0-01d8-8013-86f9-83c6408c8342,0,TRAIN,0.0367795344525697,0.002384672314031,0.0647702061716928,0.3921407038899378,24.375,0.0,1.0995839263368086,4.1271740550486,3.7748599432677095,2.999779760857168,1.0,0.0698567996543802,1.0238682820171248,0.0919356153920167,0.0,0.0,0.0,0.0,0.0,0.0,0.4962384391323126,2.6129850496785467,3.0,3.0,0.043365386832298,0.7408793579637574,1.0054547714318958,0.025587006472608156,0.2910408269978611,0.02221473986072047,0.0,0.2763984566449891,0.0728047405863619,0.11322329592296818,0.1608188724626968,0.08470464889227827,0.0294924351903736,0.6526970831981597,0.0962586482307958,0.29376344657011644,0.1257335475233714,0.07933692451809717,0.0437754790907743,1.0,0.0633299474564718,0.22988850075294748,16.519017021390034,0.4891846860806482,-0.1275331090509113,24229.5,4
671c01e8-c9ec-8013-a069-18d554cc1670,0,TRAIN,0.0237527668993699,0.0051127819548872,0.0329764453961456,0.2647504664179104,12.75,0.0,0.9942828734775044,2.8585632612478253,3.081438004402054,2.494497432134996,1.0,0.0341034915479442,1.3058678518083204,0.0824245144747894,0.2141327623126338,0.0713775874375446,0.0,0.0,0.0,2.3190326321020374,0.4141129700182209,1.1995801469485678,3.0,3.0,0.0,1.0,0.1499475183685709,1.0,0.5248163142899985,0.021217573849152797,0.124285359184688,0.44336023477622893,0.0,1.0,0.3668378576669112,0.017768780926675665,0.0,1.0,0.0713775874375446,0.5889514659599139,0.1499475183685709,0.1984837186179468,0.2201027146001467,0.3568001199580147,0.2201027146001467,0.04325985904933273,29.50762527233116,0.1878962536023054,-0.0295924394565861,13338.0,5
671eac47-9c90-8013-8573-9c06c9af4619,0,TRAIN,0.0283157817217762,0.0049355964848922,0.0182522687876006,0.3509334290696482,28.625,0.0,1.2784454103809768,4.782769686497161,4.588559192413582,3.059039461609055,1.0,0.0185925733575694,1.0569542109990595,0.1322445956253554,0.3287431055265369,0.0,0.0,0.0,0.0,0.0,1.4275517487508922,3.3239580669905395,3.1818181818181817,4.0,0.0509839910268175,0.17072944951863736,0.7097013083189336,0.06026307739369838,1.0799802517896815,0.020889903727474696,0.1019679820536351,0.2557256090879205,0.2039359641072703,0.05516467829101662,0.2039359641072703,0.0715929429813347,0.0730540234503415,0.4681868674401382,0.1234263144902493,0.06928724380544508,0.1095810351755122,0.3714066552215363,0.0925697358676869,0.5513453468279437,0.0308565786225623,0.4815786225623303,54.23098591549296,-0.3376623376623381,0.0829221243894091,27377.0,3
671ec89b-817c-8013-bfa0-660181335ec9,0,TRAIN,0.0265812277491822,0.0056928731140637,0.0111350018490898,0.3754472501088476,34.6875,0.0,1.4205206801018098,4.146331182651869,3.916026762463108,2.1616746941522504,0.9285714285714286,0.0112612029599375,1.029835285569873,0.0400210402607605,0.1472605125624495,0.0,0.0,0.0,0.0,2.6175162065012554,0.2193535944138195,3.126095302021731,3.1956521739130435,3.5,0.0,1.0,0.48264606949825,0.1313168368024927,0.4551230393357873,0.02099779431704524,0.1632975679599764,0.07103461791579124,0.1326905356498978,0.0698368150242229,0.1762871627779242,0.04254847023944659,0.2539675971719096,0.09437341342381447,0.0261615738802846,0.5072949473144206,0.0420261069573599,0.35003521930245496,0.1692694525148591,0.3493328478057547,0.1115625302833581,0.10806494369419711,71.11824052331433,0.1562943079358524,-0.014813772294087,26992.0,6
671ffdde-3370-8013-b4d2-e751b6d4cc33,0,TRAIN,0.0247153144883719,0.0041911579142808,0.0173973041441947,0.4446829823241002,31.5,0.0,1.307109105125163,3.808626840097282,3.7936643993693777,2.1041472302167614,1.0,0.017736419148564,0.9920394770317188,-0.0112223486396408,0.0618108948987738,0.0,0.0,0.0,0.0,1.7911217380202464,0.866833103852833,2.883988549906224,3.3907563025210083,4.0,0.1013034565888771,0.3027121010263217,0.5082960963170653,0.13741784660416956,0.5814243716734802,0.010083360166857163,0.0865813037299357,0.08425698083922308,0.3260247227761609,0.09898519275997228,0.169387519046332,0.10048155397723568,0.0865813037299357,0.2655701402998509,0.0670007454481373,0.17440469146793075,0.0553265304472962,0.3918356857970619,0.0505059778098955,0.22605429857555798,0.0163993571451999,0.4871435718015372,63.00460009983638,0.0290084388185652,0.0194079545591143,29363.0,6
67216211-bb50-8013-9e95-8300b96107e1,0,TRAIN,0.0257634647418101,0.0029622315477659,0.0298784448362252,0.2564015205852819,15.625,0.0,1.3281140780092269,3.113917481186749,3.618817852834741,1.383963324971888,1.0,0.0308016070403673,1.3409896461870183,0.0594145915246832,0.345990831242972,0.0,0.0,0.0,0.0,0.0,0.5592059275828324,2.3197550338684234,3.0,3.0,0.0,1.0,0.8351118121926324,0.15403173424886332,0.7423216108378956,0.03887909436763478,0.0,1.0,0.086497707810743,0.3369950696306548,0.2097022228435621,0.17386039269959347,0.086497707810743,0.6024045854886062,0.0,0.8192446877609725,0.1855804027094739,0.5880979154052418,0.086497707810743,0.8486591815904241,0.069900740947854,0.6343492241017755,32.76175548589342,-0.1341692789968655,-0.0331052103294098,11561.0,3
6722c1fd-a050-8013-81fd-4e9fbe131254,0,TRAIN,0.0309403822756395,0.004704090194632,0.0189582153345432,0.3535374255313938,21.375,0.0,1.461779075985131,3.5783742906103013,3.776919050988722,2.1742354244355337,1.0,0.019343925725025,1.0260769582645002,0.1696755628349153,0.0872593082050085,0.0,0.0,0.0,0.0296190983946448,4.187591461066435,0.2882010490518186,2.1325750844144307,3.0,3.0,0.203338721315199,0.5995480175778158,0.4378945280039689,0.14559530817911298,0.7557146754504324,0.016185318672868126,0.0880583016944716,0.27882727792045103,0.202539727825736,0.1226542690739439,0.1464975049942983,0.13203889320020995,0.1761166033889432,0.37493782063647146,0.0288201049051818,0.52853190385613,0.1160794131101904,0.4679011792150285,0.0888572951839346,0.20068030607965515,0.0288201049051818,0.5788518070205776,54.93882886732182,-0.2635292681438078,0.1722413843139151,17115.0,2
67242be8-3614-8013-9d75-c343388b13ca,0,TRAIN,0.0565383526747806,0.0715397679026323,0.3833435394978567,0.6383674630261661,35.625,0.0,0.1670099649279073,0.4453599064744196,8.907198129488393,0.7793798363302344,1.0,0.6217045864933188,0.6100308267742455,0.1369591276029235,0.0,0.0,0.0,0.0,0.0556699883093024,5.566998830930245,0.2783499415465122,0.0,3.0,3.0,0.0,1.0,0.5566998830930245,0.0031175193453209377,0.3340199298558147,0.08768023158715137,0.1113399766186049,0.01770305628235818,0.1113399766186049,0.461448533095808,0.0,1.0,0.0556699883093024,0.6051327729221176,0.0,1.0,0.1113399766186049,0.4199743918053777,0.1670099649279073,0.08935033123643044,0.2226799532372098,0.004008239158269777,1.608746186255993,0.367572279529275,0.1622324573286371,17963.0,1
6724384b-2e10-8013-b600-39dd7623ce8a,0,TRAIN,0.0239714948962146,0.0036389672833463,0.1111763385245399,0.3195511226965814,16.5,0.0,1.8007827522142046,3.599077427143613,2.4426679365937147,1.3549324795120206,1.0,0.1257171620343398,1.1118062627455574,0.0240003474280191,0.0397045977924243,0.0885088925703648,0.0,0.0,0.0488042947779404,0.0,0.6749781624712141,3.241736047011794,3.392344497607656,4.0,0.0,1.0,1.5625551654596586,0.21078932624146046,0.8544840248967398,0.026177266515359014,0.1373131873483052,0.4007322659481781,0.3664410771173353,0.1296989345099691,0.1588183911696974,0.5829429047883745,0.0,0.719963471770031,0.4152453718952758,0.054794119937029165,0.0397045977924243,0.5444294449297229,0.1373131873483052,0.39332068289427874,0.7171708375484347,0.14005414164685992,8.341234567901235,-0.78610229276896,-0.0137845027953723,11419.0,2
67258b3f-eb78-8013-8b99-44fa0ab98087,0,TRAIN,0.0303966517721208,0.0035809648853228,0.030305759239378,0.4282913724564811,18.1875,0.0,1.4716664636332566,3.382010640839566,3.7306870879719054,0.8578241599151372,1.0,0.0312554116415544,0.971931707217052,0.0820459192744511,0.0600114044344119,0.0,0.0,0.0,0.0239360428933888,0.0,0.3248750311556476,2.5041200742849363,3.17741935483871,3.5,0.0,1.0,0.4968624119061615,0.11868060109916762,0.4373649101217548,0.017506887394666742,0.0532254811219636,0.5341423248623388,0.0600114044344119,0.08485017997817046,0.2276950196584521,0.09241966458828987,0.1303870051373161,0.3781429887423532,0.0529530808739266,0.8890336640795988,0.0539549900567069,0.7165996219635695,0.1983217495706207,0.5045668958363922,0.1365647805610039,0.16636272140204145,32.199203187251,0.2016012749003983,0.0594879987364878,16673.0,6
67269bab-e100-8013-add6-34b01fd01dda,0,TRAIN,0.0442484023339816,0.0404973603778827,0.2306263423695362,0.5338541666666666,35.375,0.0,0.3482904742555291,5.050211876705172,5.456550763336622,2.3219364950368604,1.0,0.299781181619256,0.7264218891312841,0.1526906697638404,0.116096824751843,0.0,0.0,0.0,0.4643872990073722,3.250711093051605,1.5092587217739597,3.5409531549312128,3.0,3.0,0.0,1.0,1.683403958901724,0.16839844430254833,0.6965809485110582,0.03152028792012539,0.2321936495036861,0.11232367794740813,0.2902420618796075,0.09827596215243513,0.2902420618796075,0.24200383119521682,0.116096824751843,0.15284146978580135,0.0580484123759215,0.383874151041969,0.0,1.0,0.0,1.0,0.0,0.8782724792476926,3.337531486146096,1.0051385390428214,-0.02451320754717,17227.0,1
672ba1b1-1988-8013-8b70-50a9faa8a7c7,0,TRAIN,0.0253129854701635,0.0032605473767414,0.0243231728571981,0.4453824075637346,17.375,0.0,1.18732797236764,3.2381671973662907,2.932988665738716,1.3168596769820675,1.0,0.0249305279872965,1.010699091309958,0.0654662133039605,0.1079389065788763,0.0,0.0,0.0,0.0,0.0,0.5965400676078744,2.5905337578930325,3.0,3.0,0.0837591088030823,0.361865184305683,0.387311669700608,0.07134761724863727,0.7456750845098429,0.028932181726635423,0.1421060110842688,0.1470809950582126,0.0947373407228459,0.22291696272085643,0.0947373407228459,0.06740561792430487,0.3479817061045933,0.10021873135812288,0.1421060110842688,0.3721417204120948,0.0994233446013123,0.428713461920859,0.0387311669700608,0.4487969775303241,0.0473686703614229,0.20983323438933563,40.2992,-0.123809523809524,-0.036063686936505,20116.0,5
672e38de-1350-8013-9045-5c79b57f02d0,0,TRAIN,0.0319110681352999,0.0022033347635844,0.0165698951026302,0.3919120790000814,20.5625,0.0,1.3363004497834186,3.98338999681484,3.799468455138509,1.25641627801867,1.0,0.0168759925579019,1.0657052905965445,0.0463183815107688,0.0261451579167538,0.0,0.0,0.0,0.4460069262252072,1.568709475005229,0.4457352953474909,3.0670418589657804,3.0,3.0,0.0786165610020723,0.7594710882569,0.0262357015426592,0.1797264332446869,0.1569614911264283,0.0063175525414783645,0.0785260173761668,0.15782735158972327,0.2885021733433463,0.03576453742666323,0.0262357015426592,0.2563064897566405,0.2883210860915354,0.4695695220189916,0.1569614911264283,0.49046942458088016,0.0261451579167538,0.5728927002719096,0.1309068768355799,0.2402956164878428,0.0522903158335076,0.540472704455135,66.06536977636213,-0.0841703864875174,-0.0941219210870934,19091.0,2
672e4ab9-c518-8013-bf5f-7f8052207516,0,TRAIN,0.0486183306376352,0.0147323696113275,0.0223798831446942,0.3963277888716593,34.125,0.0,1.521685971952028,6.327025135791068,5.048979041959528,5.900421949160476,1.0,0.0229311144765424,1.0028330620791943,0.0694874146461108,0.0202946787352356,0.0,0.0,0.0,0.1506863753919925,1.055323294232252,1.854713256068158,4.269365092370553,3.130494505494505,4.0,0.0811787149409424,0.6599626577911272,0.649325986229879,0.26213994434361393,0.695595270998805,0.000649118519634557,0.1536300723388808,0.09901954229689329,0.0202946787352356,0.6124731095506758,0.5999055379187427,0.18564329318577386,0.301372750783985,0.45652180885356963,0.231865090332935,0.22303599900450752,0.0,1.0,0.1246080360606411,0.11963517397209791,0.1014733936761781,0.5861712059098104,47.380624654505255,-0.1689552238805972,-0.0420560617439385,21905.0,2
673d47fc-4d60-8013-a98a-49795155275a,0,TRAIN,0.0288142141583499,0.016902897086397,0.027364315717658,0.3004365229305096,23.4375,0.0,2.252406087894154,7.316485542051673,5.121852684490508,3.492175369742361,1.0,0.0281479255193112,1.2831731273514004,0.3317659175212153,0.3573628078368833,0.0,0.0,0.0,0.0,0.0,0.3179505813953489,5.846829298148132,3.328125,3.5,0.0,1.0,0.3962166472686927,0.323225416807166,0.5762492243113322,0.013296028617673315,0.0467726847521047,0.24157679306704644,0.0,0.6128724563953488,0.0,0.13257587195881382,0.2311610775121282,0.3077572218364561,0.0,1.0,0.0233863423760523,0.9370445344129554,0.1830372196358257,0.29867891883932596,0.1361133867113256,0.31814243500619666,36.45440348182284,0.0626129009316548,0.5400774980217087,9294.5,4
673f885d-ba0c-8013-b3c5-7190caf949b0,0,TRAIN,0.0489097670961739,0.0129565344873684,0.0288733548141041,0.2974340846221106,20.125,0.0,0.9592200000430728,7.686209241192358,6.592102974225488,4.546712670096001,1.0,0.0297653589042205,1.210358572632305,-0.0760489804520059,0.0298329355608591,0.0704920344001128,0.0,0.0,0.0285861300097192,0.0,1.8636319000189443,4.11503792277999,3.079365079365079,4.0,0.0,1.0,0.3152494274967848,0.925234949343915,0.5545096633169698,0.007262916037475717,0.0,0.4958015844220737,0.0571722600194385,0.8104116945107398,0.3294980272412933,0.16371603205195545,0.2006499399219439,0.20269977983559584,0.1457422413381818,0.3250569023566605,0.0,1.0,0.5697012393248412,0.06310058111478628,0.075250206938069,0.7563774550380014,35.17796553162292,-0.1134433195308606,-0.0158648348550215,10191.0,6
673f97d4-cb30-8013-8167-0be41511915b,0,TRAIN,0.0487549648224266,0.0035796304654948,0.0292690774645573,0.4662093832623826,55.875,0.0,2.055020928643474,9.988350563247474,6.508725796328455,3.8848139883045016,0.9285714285714286,0.030384175106992,0.9508435355138648,0.0066674706311058,0.071378341741477,0.0,0.0,0.0,0.0,0.0,0.6477447120516362,5.534232124561164,3.13715644820296,4.0,0.0,1.0,0.1910541961610511,0.2537885327641259,0.6917705156270589,0.00963063171253743,0.3767687559437593,0.26604527790929,0.2414875633904853,0.5674233276986236,0.0461616581267599,0.025958913136746205,0.0955270980805255,0.32470438061873413,0.1186079271439055,0.3036102730724601,0.0,1.0,0.4932408285363277,0.012542951884536593,0.0241487563390485,0.1566264971061233,44.714300715455806,-0.2512215952844323,-0.024864693079915,21184.0,2
674045bc-3bfc-8013-bc73-f4fcee218e8f,0,TRAIN,0.0308603706031916,0.005976737673937,0.032415841255048,0.3990216609208263,19.4375,0.0,1.490376916706743,5.8024937362689215,4.154184172546231,3.684566883814191,1.0,0.0335091694751771,0.9996582119177996,0.1583259542705262,0.1081236935053701,0.0,0.0,0.0,0.0,1.1533193973906148,1.2953217549802358,3.455633058003433,3.185185185185185,3.5,0.0,1.0,0.3593310281424642,0.2535965937480428,1.769119696028079,0.021337126600284494,0.1006991905632582,0.9138108655554509,0.0,0.7951776832696604,0.3381388028582313,0.1553157777193864,0.1441649246738268,0.6327038131622577,0.4027967622530329,0.2073366225543685,0.0646579593948015,0.5623949308159835,0.1441649246738268,0.6511569235205075,0.0,0.7310523399120332,30.21220830084677,-0.0875704882957699,0.1532150873093787,10803.0,2
6740545e-eb44-8013-be0c-b139c2bce686,0,TRAIN,0.0586720091585575,0.0221331806907078,0.0169954003274343,0.4280181623931623,30.5,0.0,2.260856006860529,6.704607468620877,6.548686364699463,5.301317533328136,1.0,0.0172906091370558,0.9936456658089964,0.1029789763019092,0.0779605519607078,0.0,0.0,0.0779605519607078,0.0,3.4302642862711465,0.3898027598035394,2.9625009745068995,3.1724137931034484,4.0,0.0,1.0,0.1559211039214157,0.7757854525610042,0.701644967646371,0.011927964449988306,0.0779605519607078,0.16901847665081468,0.0,0.17283854369688936,0.8575660715677866,0.06494113978326967,0.2338816558821236,0.2656116005301318,0.2338816558821236,0.0035861853901925627,0.0779605519607078,0.7276058314492867,0.2338816558821236,0.0356279722460435,0.0,0.05223356981367428,58.627906976744185,-0.072558139534884,0.0245934153113841,12827.0,1
674346cd-390c-8013-b314-919b37375afc,0,TRAIN,0.0382576426930553,0.0024739353242622,0.0276755483586044,0.3178009736004493,24.125,0.0,1.6929191815103783,8.243780362137494,5.741204180774327,5.888414544383925,1.0,0.0284654402301461,1.0941728911714683,-0.0051971005649479,0.1472103636095981,0.0,0.0,0.0,0.0,0.0,0.5152362726335934,6.845281907846312,3.0,3.0,0.0,1.0,0.0,1.0,0.1472103636095981,0.17392904460474018,0.0,1.0,0.0,0.01950537317827175,0.0,0.011924039452377447,0.0,1.0,0.073605181804799,0.8794347122037391,0.073605181804799,0.0387899308111291,0.5888414544383925,0.09104960989253644,0.0,1.0,35.40482573726541,-0.4707774798927616,-0.1922762380736032,13586.0,1
6743f4b8-5588-8013-a657-3d813f8b4853,0,TRAIN,0.0276679702106494,0.010803131665628,0.0496859750756803,0.3158322675663086,10.5625,0.0,0.2374450908227472,2.549922661825191,5.763124339242469,0.949780363290989,1.0,0.0526579387504311,1.0440343136066677,0.057929038976587,0.2968063635284341,0.0,0.0,0.0,0.0,0.0,1.362697207711455,0.7716965451739286,1.5,1.5,0.0,1.0,0.9007241064148344,0.030194294627564677,0.1780838181170604,0.08399623458260515,0.0709723207948899,0.515144084427992,0.0,0.5595393565238038,0.0593612727056868,0.6387596249311278,0.0,1.0,0.2374450908227472,0.507004630179271,0.0593612727056868,0.8205508726107087,0.3432505558852468,0.41389742186704137,0.0709723207948899,0.5023420865862314,22.29913896197082,-0.2518855138324168,-0.0466018054576345,7734.0,2
67475176-3dd8-8013-af4d-f5cd9e0aafc3,0,TRAIN,0.0346961646324705,0.0034499888597988,0.0322898620322203,0.4010254179933932,31.1875,0.0,1.405129125138735,6.828366863556556,4.48982738782944,2.6165822083825416,1.0,0.0333851231259136,1.006595114730824,0.1093519645113369,0.1537928579079624,0.0,0.0,0.0,0.0210508588750421,4.064101972013116,0.8556741993658294,3.7970827335090216,3.2474489795918364,4.0,0.0572016931701178,0.6833191098273486,0.2417625956369888,0.10716699269861873,0.2698428322623635,0.014347714481292441,0.0614243219346289,0.3944278090499352,0.0,0.6885348396073386,0.0442591767361635,0.12337609752735641,0.190836379958099,0.5073306177178856,0.0749251930996542,0.5977285389014284,0.1303864124548629,0.3679469925017339,0.1500349646146035,0.342717030269436,0.1077486684492242,0.21546301579315533,30.67428824978267,0.0662266613129891,0.0382026249095072,19513.0,6
67489b05-c570-8013-8c1f-dcce42bf9bda,0,TRAIN,0.0299343092201333,0.0062237266285787,0.0220596066432754,0.3630677411260151,24.6875,0.0,2.2439510437464483,5.970989529218588,5.144366145561824,2.8418630998974064,1.0,0.022560629875121,1.1222926409026444,0.1682484497887339,0.1448766315949948,0.0,0.0,0.0,0.0450369302828319,1.892146033207988,1.528814945020254,2.285251066709129,3.325851393188855,4.0,0.0,1.0,0.531325330783684,0.10022119868823956,1.3827876671663455,0.008264765183397818,0.2402096581469917,0.42112939875219446,0.0,1.0,0.1396174656086618,0.008966527967147562,0.9638403248957992,0.1315051811310882,0.1418708029887449,0.6234462259052423,0.1378483751976956,0.2620453197362651,0.2529385203743033,0.17150027891780245,0.0472902676629149,0.6007416563658838,44.89974922378792,0.1470554602630072,0.1616427608925557,12420.0,4
6759d97d-678c-8013-a19f-0f1d176e06d6,0,TRAIN,0.0388008929520569,0.0036143297544381,0.0478814707742343,0.4142450569203115,19.125,0.0,2.800614328304273,5.330201463546843,5.691571054295781,1.9875327491191608,1.0,0.0502941734674511,0.9388632587631448,0.1564170777694553,0.1806847953744692,0.0,0.0,0.0,0.0,0.0,0.0,0.0,3.0,3.0,0.1806847953744692,0.608004336435089,0.5420543861234077,0.006414310235793658,0.5420543861234077,0.06730508627698979,0.3613695907489385,0.3561297316830789,0.1806847953744692,0.25711446381786973,0.0903423976872346,0.10470683891950493,0.0,1.0,0.0903423976872346,0.9232089619658506,0.0,1.0,0.1806847953744692,0.02403107778480441,0.0,1.0,19.99051233396585,-0.1905123339658447,0.1644423350735641,11069.0,1
676d8624-c200-8013-9084-ff6f07ab41f6,0,TRAIN,0.0399029691584253,0.007032968379618,0.0472281942810921,0.3609857477921643,10.6875,0.0,0.6787673119931253,6.424216752244512,5.198616072852083,1.1739568988635272,1.0,0.0498048262725942,1.0214798261143547,0.1843865068901025,0.1013376570733684,0.0,0.0,0.0,0.2122241086587436,0.0,1.497067459107646,2.904295959638364,3.0,3.0,0.0,1.0,0.8699439276434218,0.26581782184713715,1.1433606113430732,0.14898444985982484,0.0707413695529145,0.7095359366157329,0.2428203961791975,0.5778455579696131,0.5563821619113096,0.017001327540512697,0.0,1.0,0.3537068477645727,0.5318336162988115,0.0707413695529145,0.5453452178834182,0.0707413695529145,0.9751697792869269,0.1013376570733684,0.7174706120794487,22.45680284857572,0.116872333064237,0.2135620586008142,6001.0,2
67812790-db8a-43da-afdb-de84ee1da449,0,TRAIN,0.0228912848792175,0.0019213762141658,0.3267532448914794,0.7349655139833711,2.75,0.0,0.0,0.0,0.3793626707132018,0.0,0.9285714285714286,0.4951286683314737,0.3649599066351913,0.0136616811203342,1.2942757539702925,0.0,0.0,0.0,0.0,0.0,0.0,0.0,0.0,0.0,0.0,1.0,1.0157648769075167,0.213301881345544,0.0,0.6852830885466488,0.0,0.8319174757281553,0.0,1.0,0.0,0.996149169031212,0.0,1.0,0.0,1.0,0.0,1.0,0.0,1.0,0.0,1.0,2.14744661095636,0.0251851851851851,0.0086097432281664,2271.5,6
688d22b2-150b-4e12-985e-d9ee47d5841d,0,TRAIN,0.0469466297602497,0.0033204103443625,0.1666013400985963,0.3338294984402675,19.0625,0.0,1.2456867713463111,2.952923972198976,6.225806808660275,1.261097926270938,1.0,0.2004397875189394,1.1202741237136893,0.1719512004183536,1.2507714966254682,0.5207071353674549,0.0,0.0,0.0,0.0,1.1811695888795903,1.1811695888795903,3.0,3.0,0.0,1.0,0.8208000144883681,0.8990066225165563,1.2535599175316825,0.10816387706038957,0.0,1.0,0.0,1.0,0.5194310640455608,0.1925623360560658,0.0,1.0,0.0985027580772261,0.5210896309314587,0.0,1.0,0.0,1.0,0.2230613552272316,0.18202237276863864,5.077296843588734,0.2387068029930884,0.3821141325835786,5991.5,6
6dfc3508-05eb-4ff4-a14c-1d36fcc967a0,0,TRAIN,0.025187668371582,0.0048563569869038,0.0644229625728411,0.3338486857937029,12.3125,0.0,1.2023566189731876,1.5417836596069003,3.034088136903017,0.0,1.0,0.069724559437999,1.0912484950079342,0.1131351087757135,0.0200392769828864,0.0311468261384164,0.0,0.0,0.0,0.0,1.3393135239519094,0.0,1.5,1.5,0.0,1.0,0.2186596118988457,0.2132200445341111,0.0506175339137477,0.014349338121754183,0.1635287201043284,0.10037317532853987,0.0801571079315458,1.0,0.0,0.06766651536282278,0.0,1.0,0.0,1.0,0.0,1.0,0.0,1.0,0.2429630595877762,0.20223455953015956,17.75725456363064,-0.2319819760471155,0.0937225017584656,12965.5,4
71babdb4-4f9b-4e41-9aeb-358b61d97c25,0,TRAIN,0.0564715637421528,0.0091215233547048,0.0655044769073749,0.2481934384347273,20.625,0.0,1.8886593815007904,2.7201345211136045,13.93261024274442,3.680424911928041,1.0,0.0703088134955554,1.3065954285887802,0.1325192876987837,0.1733703190013869,3.366111362184232,0.0,0.0,0.0,0.0,1.185340024042048,0.0,3.0,3.0,0.0,1.0,0.7039714176205094,0.19006319418835246,0.0382526203044908,0.0784671131480936,0.0,1.0,0.0,1.0,0.3071316887178128,0.1999126225953685,0.0,1.0,0.0,1.0,0.0,1.0,0.0,1.0,0.0497314501690869,0.8469101123595506,12.304908417887184,-0.428332575068244,0.3644682215563976,8765.0,6
723c65c0-4a88-494a-8691-65b5bf1973cc,0,TRAIN,0.0341440192598064,0.0024938295157376,0.0561749948680821,0.3495814343578918,36.875,0.0,1.4346304149906022,0.0,8.155897864241885,0.0,1.0,0.0604935654544642,1.1152577438381424,-0.0653504001744461,0.0,0.0,0.0,0.0,0.0,0.0,0.0,0.0,3.0,3.0,0.0,1.0,0.0269952823498311,0.48575712496082907,0.0,0.2876207458642019,0.4055550906396166,0.22814366530020574,0.0,1.0,0.2949777867743413,0.04086690954611047,0.0,1.0,0.0132816235456622,0.9601616353696221,0.0,1.0,0.0137136588041689,1.0,0.0884988439988812,0.3138319874118939,23.10396780635032,-0.2406578947368423,0.0673024247463543,25145.5,6
741978b0-cbfa-429f-b38b-d7f27d77253b,0,TRAIN,0.0402038375267152,0.0177980530864528,0.0222960421606305,0.4480265756814418,19.25,0.0,1.3025786562223254,7.075964348324009,8.762449755718865,1.1985663262860764,1.0,0.0228431651043146,0.9727522339934258,0.0997126486358302,0.0,0.0,0.0,0.0,0.0,0.0,1.9264725050978475,4.497802307826209,3.0,3.0,0.1017397497202156,0.9611862854817377,0.5756087109000092,0.23298798172547852,1.122151404490224,0.03525173650697508,0.6800408746859875,0.17000632301317053,0.0,1.0,0.171342126084909,0.09664232789486858,0.163159173044312,0.3787553593649633,0.0,1.0,0.0401574170749337,0.9399646614729741,0.0401574170749337,0.5987686631555911,0.2328005689925756,0.20879797496191807,47.87098217615035,-0.0980343263389662,0.0192126226961341,11140.0,4
7c019691-39ea-4de7-a530-971f557fc604,0,TRAIN,0.0261515106372413,0.0,0.7156507051826823,0.2403395462413451,2.5625,0.0,0.0,0.3387916431394692,2.429057030146379,0.0,0.9285714285714286,2.731071680612965,1.5088149128689954,0.0856186752577213,2.079720333083528,1.314610163122237,0.0,0.0,0.0,0.0,0.0,0.0,0.0,0.0,0.0,1.0,0.2156101768003449,0.9591147786946737,1.01942017552478,0.17835701189938571,0.0,1.0,0.0,1.0,0.0,0.7419354838709677,0.0,1.0,0.0,1.0,0.0,1.0,0.0,1.0,0.0,1.0,0.4079158301431656,0.0853176952199042,0.0796342708623409,2657.0,6
89e2b339-fc6f-4701-93ca-b20b6a1bd77f,0,TRAIN,0.0441720179023156,0.0007505629221916,0.1068133603039123,0.6809643817204301,30.5,0.0,0.2713503379545118,0.0,15.565642113572451,62.410577729537714,0.7142857142857143,0.1195901345043776,0.6036345498225786,0.0454419956036003,0.0,0.0246682125413192,0.0,0.0,0.0,26.54299669445952,0.0,0.0,3.0,3.0,0.0246682125413192,0.49469633430361637,0.0740046376239577,0.019857911095762,0.0246682125413192,0.0476589866298288,0.0,0.012654793033696779,0.0,1.0,0.0246682125413192,0.020770634959790812,0.0493364250826385,0.1041491933494499,0.0740046376239577,0.04363806798559376,0.0,1.0,0.1233410627065962,0.0010360649267354089,0.0,1.0,5.018900184842884,-1.454944547134935,-0.008093251940447,40538.0,1
8e445eba-f9c8-4103-9ee8-a9e46af15249,0,TRAIN,0.0199307375181067,0.0158827377676431,0.0365723406548174,0.3214069065531023,8.5,0.0,0.2104284386275584,0.2507603814396434,3.097532677290012,0.2322136994410529,1.0,0.0380494801803305,1.1459476804182245,-0.0651467174863788,0.140119717510892,0.1184467813058304,0.0,0.0,0.0,6.719717010603584,0.1321667055754371,0.0556400459957713,3.0,3.0,0.0,1.0,0.171600001157922,0.7983576508286816,0.3206040058393745,0.0641164254456362,0.1919024969578828,0.08797713115317814,0.0,1.0,0.0572489652387659,0.1537580384300619,0.0,1.0,0.0604668037247551,0.9242424242424243,0.097560167721936,0.3428860878611949,0.0,0.02958947307156811,0.0737798413616243,0.3219603035189532,23.48214072317416,-0.1670329670329674,-0.1395340366428983,22152.0,6
934bcfbf-630f-4f47-bdda-701ed9a456ac,0,TRAIN,0.0368320940688224,0.0075220473802524,0.013063694737619,0.4479359618946811,21.0,0.0,3.09985976824858,4.1331463576647725,4.649789652372869,1.0332865894161931,1.0,0.0132376037693515,0.9868317819585908,0.1012862980076095,0.0,0.0,0.0,0.0,0.0,0.0,0.0,0.0,3.0,3.0,0.147612369916599,0.2995793047457377,0.8118680345412945,0.0012547051442910915,0.442837109749797,0.03874824710310724,0.0,1.0,0.0738061849582995,0.6960661303417226,0.0,0.09956454350874604,0.6642556646246955,0.30703372942652596,0.0738061849582995,0.15831426673555243,0.0738061849582995,0.5713336777621965,0.0,0.5391541811203779,0.147612369916599,0.1313750092257731,76.82758620689656,-0.1011494252873566,0.0193895870736083,13549.0,1
9c36f37d-f285-49b3-85aa-5d77f16cc0dd,0,TRAIN,0.0435734318352828,0.0116741611898996,0.1942327723260786,0.4500181312703977,70.375,0.0,1.849978320566556,0.0896780557797507,11.99595317242376,0.2312472900708194,1.0,0.2410696060420494,0.834302945488671,0.0721310790412468,0.0298926852599169,0.13426873888087,0.0,0.0,0.0,0.0,0.0896780557797507,0.0,3.924528301886793,4.0,0.0,1.0,0.0867177337765573,0.3194631273727319,0.067134369440435,0.13160861396155513,0.0,0.28100287890383,0.0,1.0,0.4335886688827865,0.0723402983289989,0.0,1.0,0.1007015541606525,0.004846762144236726,0.0,1.0,0.0289059112588524,1.0,0.1644646675072638,0.10362769186298598,4.150847457627119,-0.3484126984126988,0.1536621823617338,29791.0,5
9e843e80-da38-4f57-9944-ccc50c2a9b44,0,TRAIN,0.020037083557629,0.0,0.130817850986401,0.4616893782698625,15.625,0.0,0.0,1.3020833333333333,3.605769230769231,0.1915341888527102,1.0,0.1505234159779614,0.9497258781407804,0.1280476614007595,0.0,0.1001602564102564,0.0,0.0,0.0,0.0,0.0,0.0,0.0,0.0,0.0,1.0,0.0500801282051282,0.6142501436506417,0.3952048478461336,0.09505208333333333,0.4281385851666446,0.070388814403371,0.1317349492820445,1.0,0.0,0.11875119708868033,0.0,1.0,0.1001602564102564,0.6074506799463705,0.0,1.0,0.0957670944263551,0.7367362574219498,0.0957670944263551,0.23908253205128205,6.655906089508437,0.0895084372707261,0.1107764705882351,19968.0,3
aecf553f-caca-4a8b-946d-61c1b207ab04,0,TRAIN,0.0136717639056652,0.0018976619718759,0.1318906586662923,0.4242473354130109,4.875,0.0,0.0,0.6791017747193047,1.707276415259778,0.0,1.0,0.1535288398090064,0.8729430110084901,0.1277558137682792,0.0,0.0,0.0,0.0,0.0,0.0,0.0,0.0,0.0,0.0,0.0,1.0,0.0,1.0,0.2867369222684371,0.04298424810356389,0.0,1.0,0.0,1.0,0.0,1.0,1.316676624725173,0.16801905860756955,0.0,1.0,0.0,1.0,0.0452734516479536,0.8698878031125588,0.0,1.0,7.101575882151422,0.0429864489857172,0.1324130115827667,3527.0,6
b5d8aac4-45c1-4493-96a7-e672b1b826f6,0,TRAIN,0.0225776653960476,0.0015632127789086,0.0172780716511568,0.4181000623045431,14.3125,0.0,1.3240045548176842,3.072577472133891,4.277917183739108,0.7625183757685552,1.0,0.0175860639325139,1.007862897278298,0.0646364210458439,0.0510441980953753,0.0,0.0,0.0,0.0,0.0,0.2378043170506382,2.684235640164175,3.0,3.0,0.0,0.8093211542453809,0.2143304409396886,0.060460225685832814,0.7731672776591143,0.012571816554567447,0.0741193181022734,0.4091091080820335,0.0239498012166499,0.9778464320699269,0.0543507836990041,0.13072626599788548,0.153201555657586,0.19393275965090945,0.2088276126730949,0.10723305837066045,0.0918649296929494,0.135420724300573,0.0,0.3867939893500629,0.0554954193155332,0.2123103566777372,58.04137045074709,-0.3022025992167429,-0.0483604620708797,18029.5,6
b6c53268-d57d-4eca-a680-f62fe03487c9,0,TRAIN,0.0261847769767229,0.0171368222041411,0.050902622299248,0.303699910152882,7.6875,0.0,0.0,0.79247152055473,4.307552476662894,0.0,1.0,0.0536526458020896,1.3028057145483865,-0.0532296704537105,0.0,0.2473758320532514,0.0,0.0,0.0,0.0,0.79247152055473,0.0,0.0,0.0,0.0,1.0,0.0607754953202868,0.580284429318099,0.0,0.084675589717089,0.0,1.0,0.0165098233448902,1.0,0.0330196466897804,0.04841510534886659,0.0,1.0,0.0,1.0,0.0,1.0,0.1211093617536635,1.0,0.3467622760793974,0.08657167155984408,18.87693434888327,0.1847783340370346,-0.0374177215189874,8242.0,6
b72df399-08b9-4720-accc-a5abcd4fc5fd,0,TRAIN,0.0289200678098693,0.0037784658517028,0.0435511395938924,0.4411309330831683,21.0,0.0,0.9634979591307582,4.4945682362362245,4.483728368531413,0.2636378598214581,1.0,0.0456112262546084,0.9235518400124432,0.0619002869506203,0.032735367290821,0.0,0.0,0.0,0.0,0.0,1.3881161851621076,0.262794822941988,3.0,3.0,0.0,1.0,0.4226749455189276,0.16999164787073703,0.2501224122645621,0.019424611954097063,0.1209188690725394,0.37466218831345055,0.0587130108031939,0.1869737354643745,0.3279236007928475,0.02733825494752403,0.0915623636709425,0.369550668976025,0.2857779595219396,0.22915785078835377,0.0328493528677485,0.8395639649076863,0.2550867923721823,0.3333708959129581,0.1040658715943784,0.11661778313627981,22.607395762132604,-0.0790787041541006,-0.0235898627685579,15247.5,6
b9a6b1d3-ecbd-49b5-8e8c-93870a68b607,0,TRAIN,0.0419165611997808,0.0148799977203102,0.0169259932061271,0.4082077633292827,23.5625,0.0,0.1174168297455968,5.156216438216232,9.244162636332044,1.4355237691891816,1.0,0.0172364730089704,1.001631031111188,0.006760819471768,0.3271281623281097,0.9354271858378516,0.0,0.0,0.0,0.0,1.973404225398596,2.911831729131086,1.5,1.5,0.0,1.0,0.998612408360051,0.09570691434264797,0.0997022925046651,0.09326034360823493,0.0,1.0,0.2067983099029082,1.0,0.0951295577927684,0.19705942010829197,0.1443930325833208,0.3162126710014191,0.4387178882602061,0.07228928932852483,0.0,1.0,0.0,1.0,0.2067983099029082,0.5314112443651187,62.45117839607202,0.0095410143182121,-0.0226587356003563,19518.0,6
ba9022dc-3435-4b19-a7a6-8fb476c18139,0,TRAIN,0.0437684755972906,0.0028930325474107,0.0182679994017236,0.4170991493651612,28.875,0.0,1.059196283198247,5.7428902377244295,7.173936162962011,2.814421254795404,1.0,0.0186160075153727,0.9920432180923272,0.0883236430855268,0.0282517798621313,0.0,0.0,0.0,0.0,0.0,0.587740199184687,4.719098833064614,3.0,3.0,0.0,1.0,0.2373665398680808,0.46067494795873853,0.2088415176085048,0.009838984430750094,0.0788666630715882,0.5554356994649241,0.024026910139356,0.8422703130297209,0.159997239330744,0.09119561884907325,0.0590646226550073,0.6671908523525945,0.1472782813108603,0.2671278527580842,0.0548397529322321,0.18362256242798922,0.1882729265386077,0.36113612394486183,0.0627576421795359,0.5736741552391995,55.383720799324514,0.1062717900656044,0.0145700835033432,16962.5,4
c53e2c2c-9524-46fb-b163-425152689767,0,TRAIN,0.0505121554490702,0.0147406217518662,0.0320895522388059,0.3589270545763431,47.25,0.0,1.6729068748506335,8.523858838524655,6.469500924214418,0.3444316877152698,1.0,0.0331553973902728,1.0365076070749395,0.200939090389501,0.1478743068391867,0.0,0.0,0.0,0.1593244642714888,0.0,2.1508802676651,2.389866964072333,3.0,3.0,0.0796622321357444,0.9259937863458935,0.4436229205175601,0.09798454552696567,0.22181146025878,0.02047319365888632,0.1848428835489833,0.22465804066543438,0.11090573012939,0.6790470723306544,0.0,0.004805914972273568,0.1593244642714888,0.9072731617939934,0.2296211251435132,0.14633952043336254,0.0,1.0,0.0,0.28584103512014786,0.0739371534195933,0.04879448909299656,30.318345323741006,0.0187050359712228,0.24186984635463,17420.0,3
ca243085-e01a-49fe-8feb-9ed05368530c,0,TRAIN,0.0261038510347254,0.0047762731137043,0.1974649250183616,0.3745632103528122,2.1875,0.0,0.0,0.0,0.7184170346604078,0.0,0.9285714285714286,0.2473478702055618,0.8117136214500373,0.1305398313973332,2.946183573491172,0.5036727998858935,0.0,0.0,0.0,0.0,0.0,0.0,0.0,0.0,0.0,1.0,0.3209242618741976,0.9132343011478731,0.0,0.21691496544887726,0.0,0.8490884537474679,0.0,1.0,0.1604621309370988,0.8640885750962772,0.0,1.0,0.0,1.0,0.0,1.0,0.0,1.0,0.7184170346604078,0.6180967627151599,3.2584325396825395,0.1136349742599742,0.1137438385705482,1397.0,6
cc0a066a-e796-43ee-834d-1864d2d89abd,0,TRAIN,0.0417546328876378,0.0077410274454609,0.0510363271673724,0.2648879716981132,12.125,0.0,1.3938669852648349,7.566706491437674,7.964954201513341,2.779708130646282,1.0,0.05379375146817,1.2781337010997085,-0.0883748045684605,0.5973715651135005,1.1177785621837864,0.0,0.0,0.0,0.0,1.1296243998870377,3.388873199661113,3.7142857142857135,4.0,0.0,1.0,0.5883045064125191,0.5301327308669868,0.398247710075667,0.11482632024851737,0.0,0.8786327803270974,0.1991238550378335,0.7387495021903624,0.0,0.14255859926574413,0.0,1.0,0.0,1.0,0.0,0.3835125448028674,0.0,0.5439141485456086,0.0,1.0,18.82300884955752,-0.1620817843866172,0.0057233704292526,7195.0,5
d8dcd289-8c4f-4c9e-b3b5-ab6937b2e384,0,TRAIN,0.0482449930845573,0.0031411147578677,0.023862684882646,0.1953797797364861,25.9375,0.0,2.2596048954122026,0.5693031729163504,9.49330474450915,0.0,1.0,0.0245815230932482,1.6306128715874824,-0.2544202687865567,0.0,0.052578078446493,0.0,0.0,0.0,0.0,0.0,0.0,3.0,3.0,0.0,1.0,0.121443859040116,0.4364593361929406,0.0,0.19073964548297095,0.0,1.0,0.0723864351579015,1.0,0.3643315771203482,0.06299309706410514,0.0,1.0,0.0,1.0,0.0,1.0,0.1017374531392469,0.7054640360196365,0.1431097017540761,0.43630353346044026,39.985691475663145,0.13234028200918,-0.4285966684055371,13847.5,6
db639d4a-6fa2-444d-838a-f128ee0c9777,0,TRAIN,0.0343107901449291,0.0061092295880633,0.0411876222345547,0.3771433788603404,26.375,0.0,3.35739741482132,6.451946137694702,9.925211350878328,0.2888503474158906,1.0,0.0431457087470456,1.111014590963086,0.0746478778879681,0.0534416417272338,0.0,0.0,0.0,0.0,0.0,0.0,6.238179570785768,3.867992267329467,4.0,0.0,1.0,0.1288795453201082,0.3783282979278734,0.071032735454845,0.035603520026934544,0.0,1.0,0.0,0.7452117436543177,0.0,0.03018112189739796,0.0267208208636169,0.8776186404446344,0.0454917659903557,0.997315985806569,0.1117652102212524,0.3660861878333642,0.0267208208636169,0.19398400835237145,0.0,1.0,31.23126869391825,0.1265022990328205,-0.019835454278335,14141.5,4
e51ade19-5d95-4ecc-bd0f-5986a91d2ace,0,TRAIN,0.0457527686639806,0.0043047357361257,0.0177101939144641,0.3873337268294888,33.9375,0.0,2.304209802112854,8.657018844066377,7.593543688672573,0.3716315016500946,1.0,0.0180321883707304,1.023776196605052,0.0355762912819637,0.017286084701815,0.0687531920998291,0.0,0.0,0.0,0.0,1.3139580203149483,3.166558303666451,3.399305555555556,4.0,0.245183304359762,1.0,0.0654059969113577,0.18197156915768542,0.0,0.0445487644474533,0.1004740288934028,0.06039811129592867,0.0,1.0,0.0350680319820451,0.05990043693487018,0.0505203597049611,0.4565491174329144,0.060675929858625,0.6337597234226447,0.0,0.8750876700799551,0.0505203597049611,0.2404672971640713,0.3669681906873293,0.3793309396878082,56.31181666214873,0.1443850267379678,0.0803724644954108,17211.0,6
f99b20d3-7160-4871-8514-6f4b221bae7d,0,TRAIN,0.0316383661763329,0.0055964962057411,0.124770361351185,0.3171923553946722,31.5625,0.0,0.3182365966895735,1.151725388036669,2.7918145618454497,4.532164826925936,1.0,0.1494258086019715,1.10942161570574,0.0304436850035942,0.2115234682792214,0.2152983091547126,0.0,0.0,0.0,0.0,0.0,0.3702789434707479,3.0,3.0,0.0,1.0,0.2776458208016463,0.23877188780271544,0.953065231283314,0.0343565798374529,0.0523395791897833,0.6285690775940097,0.198160842399433,0.45569880698528353,0.3215871568896823,0.07291864123611967,0.1067787191550034,0.2972249233743175,0.2975825188148788,0.08776864042878363,0.0,0.5334204880136679,0.0785093687846749,0.47179848466991253,0.2900328370638964,0.09352631669965077,10.449821534635603,0.2216389749366376,-0.0280362685714385,14920.0,4
686b0607-68e8-8013-9849-6368b51d1e9c,1,VALIDATION,0.1206417556436282,0.0206733965917233,0.8669189152047807,0.3455514151180923,270.9375,0.0583360680353131,0.1317225870584394,0.8733979017965497,7.535577333538004,3.68228009482573,1.0,7.847823054537196,1.242699965134491,0.0521007900735356,0.4694114284517695,0.0,0.725957012201919,0.6378259189915031,0.2567044115250491,0.0582343349638947,0.0784404388828628,0.2543629137302882,2.245614035087719,3.0,3.736019392867156,0.006741380720661421,1.525751637778857,0.0036541059032613073,0.397580783095378,0.006971912051144183,0.4335107669544781,0.030493034364883563,0.0929186839530038,0.014884944947300804,0.8991087270884874,0.016495414052029526,0.939308222087018,0.0146093338984925,0.4673431407619839,0.07836428455971559,0.1132471259820864,0.35823785969613453,0.4848158706227186,0.010294325776717222,0.3886144472137691,0.04050354371795258,0.1593689372048339,0.2719647378845836,-0.125085105907454,76931.0,4
686deec5-0a08-8013-8808-a1b285539196,1,VALIDATION,0.0742183288625481,0.0118651461867964,0.0958436113356388,0.4098729478634917,34.375,0.0279142474318892,1.8524489651348268,5.57216947147857,5.204137385512097,5.605113911567836,1.0,0.1065008257839891,0.9649579304061308,-0.0196699550118268,0.8214129323483249,0.0,0.0838504108670132,0.1677008217340265,0.0,0.0,0.1257756163005198,1.8592920058762343,2.375,3.0,0.9604543975139934,0.11995797708889469,0.716752581350542,0.30107140714471414,0.3104903422064827,0.05016821086539491,0.1256679477291743,0.2947262499127188,0.0979514940213184,0.35659117534245044,0.3971679627861171,0.039130089268392954,0.4155452822142602,0.19766405102550816,0.3361928183641866,0.1512308853546881,0.0279142474318892,0.8510495757034391,0.358376290675271,0.09655572763907391,0.1410194024060025,0.4791214817943531,9.889833512177674,-0.1947900665642604,-0.0286807955081713,10308.0,6
686e3c0a-d268-8013-95b8-e15b8f27aa45,1,VALIDATION,0.082928462760408,0.0088828491532036,0.0842455287387491,0.4287047354928478,59.3125,0.0,1.4034037781183692,3.9738011323977513,2.815697976483042,4.953966185560486,1.0,0.0922599515850701,0.9553185733192268,-0.0527929427883251,0.7649053528870553,0.0,0.5480676451259163,0.1174413624694966,0.0,9.750924207355151,0.2479793102826707,0.3597022023812742,2.233695652173913,3.0,2.156292872051864,0.028100385613433237,0.7293329495764707,0.04330605182647341,0.7970222109678305,0.007578616564159584,0.1745807251946218,0.1916743681484403,0.1989375911017374,0.07623944174534694,0.2933008984732037,0.08313565536305126,0.5803898768116389,0.04867051787741307,0.4040842895264588,0.07898319522041827,0.269791617320681,0.13356426867967258,0.2883545184570429,0.1419626668266628,0.1550231874565477,0.1849158254748977,11.730087715078334,-0.3114934194715213,-0.0150282467151529,19352.0,6
686f328c-4640-8013-a5d2-adde98f79d6e,1,VALIDATION,0.0752156266362037,0.0093486663476139,0.0265909931653208,0.4160914161756997,53.4375,0.0,2.146048320296189,5.09780223732289,3.600816536324205,4.580658292577079,0.9285714285714286,0.0273330641582648,0.9640973734954964,0.0609160196872161,0.5699963269026987,0.0,1.1294032017967697,0.3797564133788755,0.0286090290095554,7.842276929908493,0.0872245159039367,0.3594325938907182,2.332437275985664,3.0,3.4110954655521533,0.018905870852340682,1.0992263655362833,0.10834352315445013,0.5019862401698609,0.06853945844532573,0.2672054692304911,0.25130261761382,0.2150368206820138,0.16655155395869597,0.2889650869588056,0.07130945903132832,0.4959876467417827,0.07839300164425142,0.2917013807646824,0.21989173692620195,0.118503349790264,0.34571749627910986,0.3262156247876854,0.2982390467052173,0.1175717305400837,0.3327939877305416,37.58532479264186,0.1095097024425645,-0.0158504157973459,17141.0,6
686faa01-018c-8013-9b5c-7941f2b26bd3,1,VALIDATION,0.0705754528002465,0.0070436926966539,0.0374045511553698,0.4326558648016543,45.875,0.0,1.65666729274781,3.555528098146775,3.2665815106795346,2.4743973755527024,1.0,0.0388605781774222,0.96748655017315,0.0075345922326286,0.3583094398216507,0.0,1.0784501165609772,0.2851988014184597,0.0,12.263203464244734,0.0,0.0,2.238636363636364,3.0,0.4083419609603909,0.1852885042684947,0.8503068926048547,0.07081925460702344,1.3103982314148093,0.03578618430084625,0.1758516301326617,0.19450894457636914,0.2249921681207384,0.22485336938166084,0.6461356492760089,0.05610467812929119,0.1175999424239554,0.07830728692150137,0.778718726791494,0.2279504171498405,0.1491565640131963,0.34025082614058577,0.1121552532362691,1.0,0.2716542875856266,0.2634320923340996,25.856422255818806,0.1717616277711588,0.0046001376594238,13014.5,6
686fc032-fee0-8013-921b-ac448f2a85a3,1,VALIDATION,0.0702228717573986,0.0035945363048166,0.07060554057367,0.4167773645058448,53.875,0.0,2.3094688221709005,4.391033048301364,3.5836585171617426,1.433463406864697,1.0,0.07597942223981,0.9736635380797344,-0.0617043774938511,0.8580534444716843,0.0,0.2888837531777213,0.4044372544488098,0.0,6.291311619017281,0.4044372544488098,0.462214005084354,2.310344827586207,3.0,0.6370948474954209,0.4426854633695401,1.2741896949908418,0.05271959863024608,0.9822047608042525,0.024208458516293045,0.1155535012710885,0.3796288922513339,0.231107002542177,0.291550529585092,0.3981842796846381,0.2551564864219161,0.5199907557198984,0.08640598869156646,0.8760054153062037,0.07979612964880146,0.2389105678107828,0.06554113243609143,0.2389105678107828,0.23445090387831488,0.0796368559369276,0.41171712502888835,13.225130890052355,-0.7580524344569296,-0.1320905459387485,12557.0,3
6872dfc3-dc88-8013-a8fd-6cb2a2d58393,1,VALIDATION,0.0455929394811029,0.0039340552579459,0.0492749763912704,0.2925842731929241,45.0625,0.0,1.7512079918635564,3.322757472359334,4.055343856067663,2.224677696438411,1.0,0.0266475457458943,1.3336741976873476,0.0645542667788588,0.9825727216742806,0.0,0.5190367276045169,0.0762325856187227,0.0,4.267942105724298,0.2143782774978599,0.1561686621551275,2.7225274725274726,3.0,0.5605380338267201,0.0849421228996287,0.6967275671103971,0.29604549244507755,1.3189943767417174,0.006362030414242057,0.1076223603005184,0.45089656245513077,0.221402070992897,0.1544024150786717,0.3788361831964007,0.14012887525831114,0.2023437931595213,0.06165107323730024,0.8741430596384301,0.15160145556946822,0.4472144618496603,0.10588874276841737,0.1789315479216442,0.8265482358746608,0.1649348595751382,0.17028265384745306,24.816990042090136,0.3791631293186682,-0.0585414987912975,12238.0,6
6876c2ed-7954-8013-bfc7-bf0c9bfaa385,1,VALIDATION,0.0932311903590608,0.004826992321079,0.041230920539497,0.4401764267323319,61.0625,0.0,1.9452405066624896,3.7362096978134254,3.3878378033694254,2.6046522478477168,1.0,0.0430279964526417,0.9632797776385392,0.1067566277780855,0.5466675713315998,0.0,0.2352454800134334,0.2287050365020929,0.0835307696980742,7.664882618621122,0.1625977464999222,0.0245784790837143,2.2174447174447174,3.0,1.1804437926541742,0.028774555885247497,0.6935267667232057,0.07304478375182764,0.5928936561910743,0.025398961273534824,0.1072253257158045,0.2566861169751906,0.2414835152388331,0.21368082133527733,0.5303466454264172,0.04568518689558278,0.297308598266912,0.16425223022596314,0.8165062296735146,0.0896621116084903,0.2735582899137622,0.31205570691065243,0.3125965543660182,0.1777515276637545,0.1443728512930696,0.21839023784004516,23.628367465867463,-0.1302958579881658,0.0755596878942019,21768.5,6
68781614-5d8c-8013-8c69-5a58de96d781,1,VALIDATION,0.0674198380345578,0.0100905089531344,0.0248586546921503,0.3602187107914942,33.25,0.0,2.133974171942341,5.075536366887377,3.9981162819339393,3.3850019978968606,1.0,0.0254988884465133,1.1182041241496754,-0.0280250799010434,0.9979763073831192,0.0,0.5270977321853827,0.0408563490766465,0.0,4.195310831369583,0.1446619731893142,0.0,2.3848039215686274,3.0,0.4653917752580809,0.6545523777288882,1.1286563544258983,0.15536575349186832,0.2263746713426073,0.06364823177123011,0.0408563490766465,0.9479490112763523,0.2480420827171462,0.020952826487025445,0.4526450046752576,0.12992819022835914,0.3138953460104346,0.40956572811551106,0.6218783774963779,0.2747834516699329,0.0964413154595428,0.6362150678215395,0.3562036892157146,0.6841395652884459,0.1136656839077819,0.3517106972606122,43.03114892703287,0.152457711442786,0.0318820829583928,11093.5,4
68794bb7-00b0-8013-9b73-2023d1728886,1,VALIDATION,0.0804092318599351,0.0086032856593941,0.0412207377038817,0.4997409569938847,57.4375,0.0,2.3536095273874187,3.17086421038633,3.322591279918706,3.962529042787204,1.0,0.0430680455720149,0.9229554325236466,0.0838912882521131,0.5859453300091233,0.0,0.733370472002663,0.4052413655486638,0.0,13.259537451093166,0.4578455362106545,0.1863236368148549,2.372685185185185,3.0,0.6606550901627359,0.04595052353005319,1.9193387177820047,0.07603075549891211,1.4963512415675757,0.010990688021439156,0.2759621197178377,0.2465910055281353,0.0936809509951503,0.4671427289894545,0.6418766896578474,0.10046568738548803,0.2973198873047638,0.048391619664952965,0.6651599656619882,0.10630390820701724,0.1919553680882016,0.3210704815251742,0.0936809509951503,0.29810766279595047,0.077587059114761,0.4708200621931646,24.348226891037434,-0.2520839048543042,-0.0028990377137174,17291.5,6
687daab5-a9bc-8013-92eb-f04e3c653cd6,1,VALIDATION,0.0684711093724719,0.018966261636258,0.0429263486181425,0.4595901882993122,58.5,0.0,1.8076007965037748,3.951996772423019,3.099827770757161,4.422598126799754,1.0,0.0448826522338009,0.9103231007539878,-0.0456647697808304,0.91632236647512,0.0,0.2837052688439858,0.1727852310096401,0.0587970624942237,10.361533847137604,0.0,0.3766236282580434,2.4014014014014013,3.5,2.209656808137656,0.029033363159449453,0.6293657274904858,0.1380821573308563,0.5352645617717542,0.05750914187378195,0.2078797540163104,0.17901275219826,0.106434098106836,0.26897609371774844,0.3639871028989737,0.10775867067381134,0.3725841721751571,0.019931841667303198,0.7177666055573722,0.11184287951531706,0.2103198250449951,0.4453050292986362,0.3391577183652036,0.12392579369113474,0.1376504294626561,0.3432917102597,28.51379769806756,0.0882508944171728,0.0412991384564429,18481.5,6
68828116-7f30-8326-8a5e-14084fb8c048,1,VALIDATION,0.0556053811659192,0.0109092611667759,0.1156247398651461,0.2899444712699179,66.875,0.0,1.415133605260967,3.24648297677516,4.328643969033547,3.957597173144876,1.0,0.13074787028757,1.1922639848055123,0.0510965408094053,0.4519433564326605,0.0,0.9187279151943464,0.3766194636938837,0.2497294597519354,8.515901060070671,0.8324315325064514,0.2259716782163302,2.264705882352941,3.0,1.9584212112081951,0.0443657728231395,1.4983767585116126,0.012202470623681832,0.4519433564326605,0.004495130275534837,0.3886925795053003,0.17713780918727914,0.0753238927387767,0.06614840989399293,0.3329726130025806,0.02351619079330725,0.3180212014134276,0.01490052443186548,0.6007067137809187,0.15750225971678217,0.0832431532506451,0.4183800882377424,0.3329726130025806,0.07788490509189515,0.0832431532506451,0.2404894697411138,12.764359528959387,0.1511111111111109,-0.1176012817578396,24026.0,3
6882913c-a018-8332-a8ce-47b0c6187a4a,1,VALIDATION,0.0341395235031595,0.0058760387368277,0.0366308224131386,0.4493832482208026,26.625,0.0,1.887064106131878,7.712298899286912,3.784366204774517,1.7759098919814835,1.0,0.0380353817921437,0.9448716653477192,0.098655224792205,0.7281219288425149,0.0,0.5253204847835057,0.5524497407685116,0.2395820078716156,0.0,0.0,2.69631152083374,2.3666666666666667,3.0,0.1494157001824882,0.4832862149504794,0.9093624581458222,0.08851104282163075,1.2984612289496344,0.007200315627930966,0.0572606504809894,0.24347191474568253,0.0886446264890631,0.20573511364759783,0.1973233213312759,0.13668419193161302,0.1069032660026103,0.15071925482571588,0.3325192081820696,0.150652298704657,0.7147132286313282,0.12980444688952106,0.1685286459608987,0.6577945452395837,0.2138065320052206,0.5710012842830381,26.665498749835507,0.2263078353871193,0.0032810303813633,10179.0,6
68893f91-c168-832b-b1d4-0dff93f08aea,1,VALIDATION,0.0346521508231545,0.0145018915510718,0.1575385256143273,0.3778092952214706,31.25,0.0,1.433760275281973,6.062574428927141,6.2129611928885495,2.309552163400816,1.0,0.1870210135970333,0.9740855056440232,0.1380519687549816,0.5735041101127892,0.0,0.1082602576594132,0.6690881284649206,0.3123698458975427,0.0,0.8329862557267805,1.8160963486904989,3.0,3.0,1.0412328196584757,0.19304456476468138,0.7288629737609329,0.2517683043395144,0.8329862557267805,0.08194502290712204,0.5052145357439284,0.03291111832846162,0.2165205153188264,0.36151603498542273,0.2867520550563946,0.08593003249856623,0.937109537692628,0.07725947521865889,0.5735041101127892,0.05037710656418029,0.5052145357439284,0.07517700957934194,0.4164931278633902,0.46281781686102086,0.0,1.0,5.355629139072848,-0.1461736887360278,0.018505716564743,10462.0,3
688962e8-54f8-832e-825e-b801b0737c4d,1,VALIDATION,0.11356226853298,0.019520700993078,0.8599934193512345,0.3685771030118315,273.5,0.0,0.0572546257780394,0.4262944958882579,8.242824644588929,2.714148671544828,1.0,6.566577166240995,1.070900967200323,-0.0999478527959857,0.3383414778357179,0.0,0.8733887656369154,0.1837581380307724,0.3377072127160742,0.6786655451430657,0.1104343615165964,0.0821190361050028,3.0,3.0,3.132287058093582,0.003964897883186254,0.8327606157830665,0.019691906263042437,0.3405267389044778,0.003657532715661534,0.3936809291169919,0.06779034538301054,0.0793229252455172,0.08053378372439338,0.3161240616844892,0.020961312122061756,0.5717530762039322,0.035000602760652554,0.3820072324452345,0.016372348642003404,0.0404013625441546,0.16645061138814823,0.5632256915670952,0.022239212548807126,0.1363078431404836,0.10738240586189018,0.164430195376834,-0.1656727104101226,0.0505045046514978,78163.5,6
688a39ee-8808-8325-b74c-a5df1a505ad4,1,VALIDATION,0.1203497304077732,0.0145475988178098,0.8170913254330974,0.3120834668693766,222.9375,0.0058375071509462,0.1149544743530293,0.7752138051386839,8.830783243366707,0.8722505317100713,1.0,4.554564174342873,1.2353686635505288,-0.0769720469678719,0.4432470169658818,0.0,1.1787994740210228,0.1360740631488362,0.191443129332068,0.0192476108902982,0.115479392762039,0.0625547353934692,2.46711259754738,3.0,3.7103135895088464,0.011560556065885217,1.659253926191912,0.0022717779496957266,0.35915395314047,0.010653503952533718,0.4253762959003528,0.015201071851398445,0.150789595798976,0.046707549230023265,0.8442908424066371,0.017458773296704557,0.8083557493342736,0.057896788221008466,1.0620427622073825,0.004270578996272844,0.1891517678347244,0.036397218169066485,0.345199653085437,0.013489565669803232,0.1440073010742167,0.04755459474936621,0.2247185963374943,-0.1164606763549976,0.0039680134277165,65088.0,6
688a7662-4a2c-8325-ac1b-9f3600999db0,1,VALIDATION,0.1064224307430637,0.0148363400536878,0.8359008633762922,0.3448005962917596,279.1875,0.0051346299985623,0.0051346299985623,0.3431866107786942,3.376547875040776,1.3488059229117009,1.0,5.437227184022812,1.1163220406233778,0.0266197645354219,0.125086829528201,0.0,1.126918763080755,0.2045293006826485,0.1046426023504747,1.7623943504531412,0.0478120411126978,0.0,1.5,1.5,5.926581989911034,0.0025388200055173372,1.5054171271247707,0.007070247471170015,0.3033839624950275,0.006693657870097843,0.2584257186485811,0.03648863710212727,0.2913021040957124,0.07418522609014451,0.543437180722624,0.0068227273049752445,0.5382730129190856,0.01963700391504534,1.1168315685377292,0.015195342744129476,0.0498864481020066,0.08140918529963168,0.4004853410263256,0.03067066987332095,0.1311328587790385,0.0251095276121488,0.1987323319707596,-0.085868964427459,-0.0190229567141474,89381.5,6
688a849b-ad5c-832d-93ef-a012bb26c771,1,VALIDATION,0.055846369453465,0.015384500970582,0.2784389024149503,0.3050495991047071,35.6875,0.0,1.0262873601616676,5.8379087983430695,3.664549426648225,3.4380376455589365,1.0,0.5233732246466801,1.123530129776643,-0.0091425631301442,0.6633159957592534,0.0,0.1209360419857603,0.0125764016399627,0.1301329844190338,0.2040816326530612,0.4728620394595938,1.902067137310936,2.7973856209150325,3.0,1.6875887158179714,0.03238556409109183,1.547396645051802,0.03072606689937286,0.4537633902492484,0.014682829603356175,0.2048705541417097,0.1727212918148649,0.0329012305060209,0.47507356292629643,0.4063782365016253,0.02398387897720341,0.1658289989398133,0.13019626070160517,0.4823698972894487,0.10585986956726583,0.094605392682009,0.4953506298013545,0.2196397335038231,0.29387172507694753,0.2587623953578224,0.11194975368273098,8.139186937440348,-0.0482743184565111,-0.0289491414960716,13723.5,6
688cd08b-35a4-8327-9a25-58b5a7bd5cca,1,VALIDATION,0.0768803891179107,0.0241127217670596,0.496902017395585,0.2983332571706649,63.6875,0.0,0.328680716557152,3.937573831517816,8.89866262121151,5.7732387651481805,1.0,0.9945876581332808,1.079939059803893,0.0550019891651869,0.5274497686213723,0.0,1.4729522489315237,0.1921315899919588,0.0399552501198657,0.0,0.7555427689755292,1.3217641111468834,3.0,3.0,2.763580365523627,0.027526159558511364,1.4128296920265095,0.05828736751074287,0.8169473960388671,0.013104810213897498,0.1454448282092191,0.09058233856650266,0.0497661266983004,0.37071182866243,0.8330657139590105,0.021812030181662622,0.7979557324405114,0.027425843476831385,0.6620419536584169,0.09635169394591783,0.1647107094630251,0.07392433883596812,0.1862662888999062,0.11167551175808914,0.2942408682926297,0.08347240890645935,1.019479182737539,0.4116550358736371,0.0586842398534587,20906.5,6
688d4554-b164-832f-93f6-92efcffd4b6a,1,VALIDATION,0.1004495854043554,0.0224627656140886,0.9088028064113504,0.2037835536698304,134.6875,0.0,0.3297777948743032,1.875051743524496,7.663359815999881,3.7854540404639616,1.0,10.060003926787497,1.8209955597876748,0.0634146339143357,0.3943778619369651,0.0,0.3939179582223481,0.2494141249814457,0.1912842017980528,0.9272424451975984,0.4955920043949312,0.5310612957270334,2.613131313131313,3.0,4.016493555016213,0.022587087328807175,0.8757133425968806,0.026962441445241885,0.2319622720482024,0.004539346776888246,0.6877107685206785,0.020999624352042872,0.1303663151730489,0.13215994160788874,0.4989433929977461,0.028268102726671396,0.5884720665413699,0.01980465648653056,0.5436277767173998,0.029985998689837087,0.0754596839998644,0.0638057770860042,0.2798340845059194,0.08366381764681814,0.1628642353061604,0.24237004774317394,0.1003801038950973,0.0047488404489045,0.1682271202275914,44390.5,6
688d7633-9160-8322-92da-256c381691a3,1,VALIDATION,0.0455847330470348,0.0103238475850525,0.0379166393541941,0.3478110335791334,24.9375,0.0,1.5337445143944255,6.282979901425475,3.5289893843735776,2.7746741371749537,0.6428571428571428,0.0394231153266878,0.9917862625932498,0.0268814317032753,0.5783072218195999,0.0,0.4241736725793322,0.3740255498207234,0.1570129249096117,1.431297709923664,0.9715921004975314,1.554068918908778,2.4838887527566773,3.0,1.629010156742045,0.06067722602665891,0.7880508996424469,0.16448049350319338,1.5258298645494714,0.031865682283746866,0.4880838548978364,0.0944998071754205,0.1745128374100492,0.12602868797170538,0.6823321641339646,0.013637504637321161,1.2530848266851622,0.03947120769029512,0.5355521621361344,0.13744449682187282,0.5515589370893779,0.1438663285788145,0.2625218668938526,0.19112426173526037,0.2970529537423872,0.1688313539734193,23.281326073030108,-0.1390421984592389,0.0434307875462666,10150.0,6
688ee768-561c-8326-a0c6-82f3fa33d175,1,VALIDATION,0.0817862518815855,0.0669844455594581,0.1521634615384615,0.4332852506310855,25.625,1.3235016071090944,1.8907165815844205,2.910905499532176,4.470319159995841,4.437505136001315,0.8571428571428571,0.1795235394214407,0.9078169490839124,-0.0532260098838474,0.9161104567464992,0.0,0.1643520420741227,0.0,0.0,0.0,0.5198045534878886,0.3287040841482455,2.5384615384615383,3.0,0.0,1.0,1.3087292239235702,0.18596433560686992,0.7211538461538461,0.0536438299199501,0.0,0.1771601436944602,0.0,1.0,0.2403846153846154,0.054893582052757,0.0,1.0,0.4108801051853069,0.40544431357152205,0.2403846153846154,0.7185096153846153,0.0,0.19905771495877503,0.2079218213951554,0.24462002287140036,5.592063492063492,0.1320481927710841,-0.1353677977681622,7641.0,5
68901893-52c8-8325-9eca-0990da9ef494,1,VALIDATION,0.040869826729688,0.0093788394592699,0.4195776785171943,0.3472005534762078,48.75,0.1219050084909022,1.142429280448826,4.844944144012258,3.4842692247329747,3.0759603891062346,1.0,0.8053580314922844,1.0502932596104844,-0.0189098962083785,0.5465910161653608,0.0,0.4260778892144441,0.0571833016527085,0.0,0.0,0.4892561385127861,1.3230462353465091,2.95,3.5,2.290832507578158,0.036641507889737815,1.1736526669560683,0.041740900641379274,0.6857171450520769,0.05112614552087393,0.3985993224964841,0.03964394623797027,0.0820292743671113,0.4281775748622902,0.6140652516229168,0.026772256754921425,0.6045488513466204,0.046083198495884485,0.3773909707284611,0.052999555468936976,0.0292491737108426,0.6532244951055319,0.235815634582365,0.06346915426995343,0.4518281125415644,0.06507047226254789,1.6117610590894411,-0.2475031821531456,0.0504221634776182,24472.5,6
689137a6-deac-8330-a98e-0b4649bad13d,1,VALIDATION,0.0737326772255397,0.0125138642704804,0.3791429705893057,0.3751380407293924,39.875,0.0284705614394715,0.9697979044048248,3.5500799540004806,5.013451746668359,4.001304535109815,1.0,0.6415469288708706,0.9862895189719568,0.078836583861974,0.5290548534068864,0.1239113880811933,0.0549601538884308,0.0569411228789431,0.0,1.7837728704540576,0.334851326011251,0.2777722229279228,2.849056603773585,3.0,0.1923605386095081,0.5723550425941193,1.331329103766621,0.27656330846309074,0.8772279371359937,0.031523357490370586,0.2193522147229151,0.06604023427777786,0.0,1.0,0.5490255596212488,0.11824463845128944,0.1923605386095081,0.19827483584216402,0.759608644880706,0.0796638276264273,0.048602200707648,0.7456553859143038,0.3855991582958131,0.1601623444942299,0.3263010690140085,0.11274478264186152,1.7778297810014243,0.1180399942166315,0.031919522704076,15887.5,6
689249ee-07e8-832f-ab4b-a342f82f7246,1,VALIDATION,0.0551115241635687,0.0150214592274678,0.1449504255505835,0.3833467959073774,37.875,0.0,1.3069048137660642,6.57961848413751,3.774354789350199,5.372830901038263,1.0,0.1695402298850574,0.9957736702906508,0.1582340398846105,0.3509695533912433,0.0,0.5100479445067837,0.0726058229870035,0.2178174689610106,0.0,1.122105477914924,1.6321534224217076,2.555555555555556,3.0,0.5264543300868649,0.3344894420075487,1.2283934368693517,0.14842395185147403,0.6141967184346758,0.05440028077564271,0.5100479445067837,0.08905437111088442,0.0,0.8229143977346983,0.4387119417390541,0.09195402298850575,0.4080383556054269,0.05045187329999123,0.3570335611547485,0.10502763885232956,0.0877423883478108,0.6150439265229072,0.2550239722533918,0.13407036939545494,0.3570335611547485,0.3525012706019023,5.907216494845361,-0.5625227410551855,0.266519754446718,13773.0,3
68925736-cf24-832b-9e6c-e1d2ec6db06e,1,VALIDATION,0.0735390570185297,0.0117686144058047,0.156047292386308,0.339998327943883,30.625,0.0257619084421773,0.5565041027736735,2.808218739704944,3.555301700178025,5.1711000107966445,1.0,0.2075062080465565,1.0640752534473727,0.0361820532231523,0.586046562380713,0.0,0.4144216623048536,0.3479240116874261,0.2727245634079845,0.0,0.6247388920927186,0.3753939065101375,2.3944444444444444,3.0,0.6817680046942552,0.07553858354165012,0.7210461260083314,0.11423090398435995,0.6494405602579598,0.00813753232914188,0.3563246980934267,0.0316217152076704,0.1135612021924446,0.10775638977843245,0.4204224610585034,0.05715822822214364,0.6590219190165879,0.028483430426893323,0.5693850569947622,0.033002332137998,0.0320885129541326,0.5337048110899701,0.3631467848549268,0.07853699392686758,0.15539293396263,0.5486318654440995,13.203087450923862,0.1626890756302519,0.1730653927258792,13130.0,6
68928bd6-b8b8-8327-adf3-fde9c4b9f448,1,VALIDATION,0.1022226081809523,0.011451350192181,0.0120642495463744,0.2705565882151144,35.375,0.4612608212919151,1.3910298815523925,2.0218162100414068,4.9764160516734925,10.820927520024876,1.0,0.0122670910138129,1.33683551262807,0.0293068286399122,0.4467843569903472,0.0,0.6762262387174223,0.6223914794481628,0.7124920322433728,0.0739328095090544,1.0458902862626942,0.2863615791756169,2.4546783625730995,3.0,0.4496449306992964,0.19380646963019285,0.960719256091686,0.2001862876401079,0.6681701766819834,0.03921820072079945,0.4477635931075457,0.07567716315083944,0.088669542266467,0.15969705290133626,0.7350874871386175,0.05795526508786907,0.5548100483916537,0.2158775292485971,1.087266288382842,0.06664663193694481,0.0,1.0,0.2450630279382355,0.14066185513479385,0.3543698275611832,0.045427941206612386,136.1516891891892,-0.0972972972972973,-0.1382591671128671,11335.0,6
68929c47-f410-832b-a58d-829a0ee6b2f7,1,VALIDATION,0.0841111923756608,0.0243647641012994,0.1363074053323957,0.3624962695704076,19.3125,0.4205478880640491,0.9512616012994436,4.9933910890348905,4.283290242536209,5.041049268564162,1.0,0.1623775322588939,0.9175821934188984,0.0158198509170623,0.7844761437228989,0.0,0.3325971360875041,0.0889415950192706,0.4107830315080274,0.6875821483116691,1.3511144672112194,0.9706587921020312,2.565217391304348,3.0,0.0,1.0,2.349547774804708,0.08846313691080755,1.405674842233271,0.024511326936534135,0.2294346009627076,0.3134466222881383,0.0,1.0,0.2346811607446756,0.1293872344070498,0.0,0.44976766680212865,0.8170027722001589,0.08394036867460589,0.0480861704173879,0.991825351029044,0.1698996527577092,0.9241656104773975,0.6651942721750083,0.21595988106192687,7.712835219511778,-0.2705383740708375,0.0372894351432749,7115.5,6
6892c319-b364-8332-bd0b-372b354b6e9e,1,VALIDATION,0.0704989688996355,0.0187259135179038,0.2594596751452311,0.3832887264360192,26.75,0.3322842881422213,0.937048192323523,2.817954970175431,3.642776241543182,4.818897890095472,1.0,0.3536560541999978,0.926165928286364,0.0026514051502896,0.5913811994286613,0.0,0.0,0.0,0.0,1.6503489845139363,0.7912072947599356,0.4856331930220114,2.5,3.0,0.2069904198164342,0.2522038119707459,0.9683292459221572,0.17948229959380962,1.0694447598449863,0.05298203848771079,0.1667264682309043,0.31731739354612465,0.1051870497665046,0.5110736561620007,0.9796443204933504,0.030263737697275084,0.0,0.108463894249922,0.3294372931188283,0.2764518349430013,0.420683819553527,0.05785064736626977,0.6712020321792281,0.24320688141571556,0.2523032979124293,0.2991745471018403,2.932906005221932,-0.3531982675157732,0.048420659306812,9886.0,6
6892ebe0-0f74-8330-ab12-a682e210c0dd,1,VALIDATION,0.0469622250942227,0.0175617062107297,0.075659104053669,0.4068870465867672,24.625,0.0328428796636889,1.908790097953836,5.467983342151921,2.684740882571388,3.9784613557062727,1.0,0.0819878394575523,0.932756771177512,0.1134809277254859,0.6339611653138737,0.0,1.180149191704984,0.0421123557651815,0.1185370914370333,0.0,0.4825742922369114,1.0963014784659746,2.4318181818181817,3.0,0.4976137201993688,0.11385225884468025,1.2401680516871738,0.14323629017577738,1.6000041891419643,0.05338595973548631,0.4976137201993688,0.19014202548282716,0.0908414923996041,0.2588621279619592,0.7143350250948256,0.13497265359972846,0.645710265281485,0.11570091832264794,0.4336764597719137,0.32162648835983293,0.2577085859503001,0.06760278372158228,0.0421123557651815,0.4428344252235192,0.3045855303361859,0.40111949233112,12.49203635734993,-0.3375102448207869,0.0947299822829486,10418.5,6
68939a07-39ac-832b-b141-b7093e47baea,1,VALIDATION,0.0636275277307727,0.0116293645248149,0.0917043637114059,0.3602256936629751,39.4375,0.0,0.8102050269462232,5.341870435658973,3.7980868479937646,4.4425090161163485,1.0,0.1010387610232996,1.0592064024811538,0.1796694277501692,0.397676235837511,0.0,0.6078597819794018,0.0,0.2163718346681801,0.0,1.0791731742435968,0.8522515273473792,2.393939393939394,3.0,0.5004116467250108,0.3040395694139711,1.525816445541075,0.07426056086770372,1.3309033489834752,0.0340637173670027,0.4615396340748453,0.35267335861188787,0.0979091751683529,0.528217436536973,0.3796884776994466,0.0854379125440996,0.1734886985291355,0.08401440807072721,0.7326376902490321,0.07191650179978978,0.0155269859014968,0.9682317868455376,0.3709012954681006,0.06359225756282592,0.3796884776994466,0.536841745451017,10.00850811778707,-0.237202167321493,0.1954392416144907,13818.5,6
6893a5e6-5e84-832f-8363-1fecb0ded29f,1,VALIDATION,0.0484372764067928,0.0087239053563616,0.3907382129647246,0.2578865704512709,50.52678571428572,0.0,0.3001408468875314,3.6379779758302337,2.7880668313328494,2.590498503216089,0.9166666666666669,0.9404755305856553,1.273190439349431,0.2069773400035665,0.420702299604196,0.0,0.7899633671789713,0.0,0.2051450375415418,0.0,1.3596282779668378,0.6312084220503291,2.0,2.0,0.4617313071125044,0.2803379121357024,1.936559952891416,0.136772041671989,1.1851000234124922,0.04516618627084174,0.2872030525581586,0.4264501453779002,0.0615435112624625,0.7547491076190866,0.6618252050375253,0.0710207858221107,0.484771380674919,0.06372237578719807,0.5463148919373817,0.17305950132050252,0.2976152770792709,0.05683898491445917,0.4232278694124565,0.19980706051104477,0.4437423731666107,0.4210287373716182,3.024305566679588,0.1999736760888112,0.0488278694841932,16422.5,2
6893a7a7-a7ec-8323-8df9-ad7744e6413e,1,VALIDATION,0.0400982502369211,0.0117980389303663,0.0357968869105071,0.4052000295655709,15.5625,0.0,1.0269664233035876,5.497010520037887,2.151818516145154,3.3671848284291386,1.0,0.037140807135306,0.9863102373091108,-0.030211956252461,0.6447931808704767,0.0,0.9056088888399498,0.167143583750657,0.0572868927589367,1.0207529660151464,1.034229420382263,0.3890104546559689,2.833333333333333,3.0,1.2215326036574647,0.06742201928474825,1.369194214809633,0.0904597129183251,1.1454087847308403,0.08788598625347438,0.3352089481858369,0.07002949692925559,0.1708251297859738,0.13907837107445717,0.757336557838113,0.1410170276440247,0.3075585797979741,0.24886321604643075,0.3815335885368046,0.07640849523139868,0.012156576707999,0.8517627036226598,0.2041634647868217,0.4455540390693641,0.6982404302912628,0.03382408651890523,27.51442710434054,0.2083505713404871,0.103959653785865,6367.5,6
6893aca3-7c0c-8329-bf15-112195834fc8,1,VALIDATION,0.0763950632372983,0.0127949959229576,0.0304243561645786,0.3998765664213645,53.3125,0.0391827259254023,1.5799400834299504,5.411741707013557,2.571639751460431,3.6394357029872326,1.0,0.0313891625656928,1.0063461092101105,-0.0592403495270364,0.6223663170747908,0.0,0.2216172796598576,0.2041801956116056,0.0173448503139417,7.777445099710707,0.6065726171645387,0.1832364935161809,2.8193979933110365,3.0,1.8570048443496496,0.023451450914790596,0.3356025887663714,0.28405336232444167,0.6912801466306331,0.06351155206826718,0.1043440429438838,0.3650449193777595,0.2940507369922569,0.24880087509331533,1.1191989664452882,0.08367542086817933,1.4638643462012042,0.058231765015685104,0.3744824089400813,0.08514278848031404,0.1229353765897614,0.11730266468547637,0.1657944130357453,0.49561167492566777,0.2043498880850145,0.1939399132473191,33.47644808743169,0.1373478260869564,0.0505118575859687,16394.5,6
6893e51b-1a4c-8320-a94e-6b08664e65cd,1,VALIDATION,0.1166086956521739,0.0123779637377963,0.0302590810205023,0.4054589478318292,53.125,0.1977717713758323,2.19256434699714,5.290646408465034,4.671115347950429,5.426304008682086,1.0,0.0312053844584948,1.0152197751785663,0.0772497876380352,1.2887472020619954,0.0,1.017432001627891,0.3813155386081983,0.0,6.959008579599618,0.3296196189597205,1.0852608017364174,2.333333333333333,3.0,1.45032632342277,0.05053245608085193,1.017432001627891,0.010547827806711055,0.3391440005426304,0.22770123277737492,0.2034864003255782,0.19989147391982637,0.0,0.03660629170638704,0.667302192564347,0.1288812710132507,0.2713152004341043,0.14766329783626128,0.2034864003255782,0.24127740705433745,0.2034864003255782,0.23794089609151572,0.4748016007596826,0.7075222139320355,0.067828800108526,0.29742928847588684,32.25,0.6771929824561405,-0.0599061416037545,14743.0,3
6893fcb9-22dc-832b-8a7d-e96aca327b6d,1,VALIDATION,0.0814769813337518,0.0124585040849931,0.0920203333563837,0.4034024409682422,51.8125,0.2710955524625829,1.3593779465475786,4.7010699430094025,4.378376803316611,4.03531778706753,1.0,0.1044585263611941,0.9686244607832306,0.0082747995674384,0.3197535944309985,0.0,0.8999695850297024,0.1585158006134796,0.0303711352730365,2.977333889873295,1.136520895516564,1.0487788139630374,2.613247863247864,4.0,2.5545879241548834,0.012459850275091541,1.1651278256940722,0.06456205393650458,0.6518787262823054,0.01119505483519783,0.2403581320865827,0.16175095060769012,0.1326985211457084,0.11166297149708433,0.688700390382083,0.026705781957642706,0.2579985713160216,0.044012867158883834,0.6081274097401841,0.11367891466201044,0.1369878864397491,0.23874724839684916,0.2515963506121405,0.29609186229278356,0.3095137904807378,0.14418090533451172,14.00254532695228,0.2344811817468608,-0.0290619761759614,16738.5,6
68940894-0c1c-8330-add1-c7a8fefd54e3,1,VALIDATION,0.0800862644301987,0.0114518140941521,0.0265767824713516,0.3553389286300695,35.4375,0.0,1.1008355021028458,4.368545184301471,2.857841394469258,4.136431322493211,0.8571428571428572,0.0273786763677512,1.092214269794485,0.0085756134578296,0.3474268787311629,0.0,0.181698941887568,0.0,0.0,11.786915888262287,0.6666414239051486,0.686738874421164,2.833333333333333,3.0,2.222601864003112,0.0564031113056986,0.753408623371683,0.1877243547063112,0.4065142943392706,0.02021703628781523,0.2588534282464717,0.32498589910856934,0.1580402254959576,0.1273930071854424,0.4065142943392706,0.2025707513963563,0.4268303146269057,0.0673956267929943,0.2901341700441162,0.1840175265066683,0.077193101378253,0.493846347058841,0.1543862027565061,0.23692035699893443,0.0865315266223757,0.35700345094939967,50.4537037037037,-0.2678703703703705,-0.1687396668599327,12659.0,4
68940d4a-3304-8327-8ac7-20ea64ea9fdd,1,VALIDATION,0.0943245093120495,0.015522735851382,0.0254864047257825,0.3910049001615034,44.625,0.0,1.636029104472443,4.678539823634589,3.7619611778003423,5.586455129162593,1.0,0.026175681264683,0.9899454592645708,0.1039133053495371,0.2839714077984495,0.0,0.5903114779155604,0.2632709082661177,0.0,17.47155746999779,0.4308476525731095,1.1238042303793825,2.5710227272727275,3.0,2.217148131917817,0.02603539721039927,0.6114689508914497,0.1973762697015059,0.4358026875661853,0.09278269099742766,0.2939577098760242,0.09697633527765753,0.0788222310505401,0.17415303280308367,0.408931192062976,0.05767757259087679,0.7992960423678944,0.09134922817482634,0.5006538128502518,0.1506987754916308,0.1476431094794765,0.22851276992461245,0.2605999141591653,0.057519553072516605,0.1707434753910088,0.12540060561528976,39.80166792666793,-0.1263496503496504,0.0267335775264296,13432.5,6
68941500-3874-8326-9bc4-7ff59faaaa0a,1,VALIDATION,0.0917663807431616,0.0345998133122913,0.0802298050905251,0.2765659804818452,36.9375,0.0,1.314429020832875,6.327133334799921,5.959409441890138,3.725636315638956,1.0,0.0906961194452629,1.157620641621849,0.0241997290317348,0.4636937105396308,0.0,0.7526343577446819,1.5079498207096818,0.0,5.097949710715621,0.8319675737510174,1.7695294454099475,2.9,3.0,1.7170072816067932,0.10284905240117033,1.3010234947312844,0.11479921959214201,0.5671568735288294,0.06937779109928063,0.3655927579910685,0.15596050938249334,0.045028818443804,0.6351314841498559,0.3602305475504322,0.2720470719581143,0.2701729106628242,0.3434011125899201,0.3259261499879006,0.23068332435048508,0.1377675605517302,0.44135549805310514,0.0477099236641221,0.5034819994720285,0.4690559209802671,0.34898358613634867,20.54339701333457,-0.4152053477298796,-0.0472874019533477,10792.0,2
6894173f-b0bc-8331-8dad-323e575d9771,1,VALIDATION,0.1279452309048374,0.0318183508484501,0.0259499548087792,0.4055915270590484,64.125,0.3281547924303161,1.539249566509251,5.464204642990215,4.99424768867935,3.590487890696614,1.0,0.0266428200069536,0.9808257968372645,0.1447553075253642,0.4103170232944738,0.0,0.1060363158032414,0.11948577832384,0.0,8.138593956316235,0.985005025183502,0.4392979845401127,2.4314814814814816,3.0,0.8795827419292426,0.10328604897908635,1.487780421635707,0.09584195122621261,0.8382910104574379,0.010760463481888392,0.3844313506010178,0.09470934838581897,0.0190905272803634,0.09806298224087531,1.248354745633867,0.07238003062711205,0.7207666752616808,0.025684247518191795,0.5345711686384192,0.015699237185831168,0.1566716057390376,0.18529278059094134,0.0598099534053577,0.1901449902447217,0.248657719270175,0.08759593854613063,37.76987272187922,-0.0583416583416585,0.0819413622418747,18016.0,6
68941abf-7518-832c-a5ef-8916c282656d,1,VALIDATION,0.1326963156193836,0.0446841845467031,0.4551889074312611,0.3931520652327934,61.8125,0.1352515111405223,1.1972949456025883,4.5786851572689145,4.919311866487873,5.12723170642046,1.0,0.8404399612652556,0.9189989936606664,0.0409363836411223,0.1976910228635406,0.0,0.4648608247945351,0.0915811354302778,0.0310887272275073,2.677889204241726,0.6454774979027954,1.3239520186025402,2.593406593406593,3.0,0.9541827070650496,0.07985215187746246,1.0906010199036826,0.06449418164844314,0.4193117492322988,0.015102838940098017,0.5089469640085968,0.0738820493648648,0.0614659599628944,0.25371403358802247,0.8621519823404635,0.03550508674566398,0.654173558117672,0.039129485067285155,0.6340280452803452,0.06844341014909788,0.0445123522000887,0.2986739766107466,0.0546331950638824,0.14938032288002118,0.5634638345824835,0.03480329696410244,1.2051911143182128,0.008111254581411,0.0811159457228805,18566.0,6
689464ea-6bfc-8327-af4c-a548a359a5f2,1,VALIDATION,0.1157545868653398,0.0512089951160113,0.4816267551225995,0.5542864714355292,101.25,0.0903711867278707,0.7336193169530218,3.083491713517811,5.49552681516078,3.88337472845473,1.0,1.020621636790111,0.6205038635948714,0.1042318811167733,0.0744102983852965,0.0,0.2485207635016446,0.0265830187676112,0.0,13.113455675299647,0.1674231713669171,0.7482593621687211,2.3383575883575887,3.0,1.5441521550199964,0.053821964473732914,0.8159546740995681,0.038454623273564074,0.1209167348761068,0.007840273588734157,0.3907371446378629,0.02612960610833977,0.0730894552584215,0.027548435915822737,0.4558461557249973,0.031133787687017092,0.3229587545919598,0.0062919373626933875,0.3149506177156539,0.1213040712576659,0.0186025745963241,0.5051622144504799,0.0637881679602595,0.061824918363586945,0.4226312286179927,0.050079515448555496,1.1912051844108205,0.2542814222017182,0.0990513185270386,45687.0,2
68947d8d-f970-832d-aec9-db125d6b90e5,1,VALIDATION,0.1091549295774647,0.0154929577464788,0.1464444965970429,0.2582053354890865,37.5,0.2346866932644919,0.2346866932644919,4.067902683251193,4.146131581006023,3.442071501212548,1.0,0.1715857011915673,1.229431128792423,0.0425351104749978,0.3911444887741531,0.0,0.7822889775483063,0.0,0.0,8.918094344050692,1.0169756708127982,0.6258311820386451,3.0,3.0,0.7822889775483063,0.2729406242666041,1.3298912618321208,0.1419854494250176,0.0782288977548306,0.048501916607994994,0.5476022842838145,0.26957678166314636,0.0782288977548306,0.0998200735351639,1.1734334663224597,0.08198388484706251,0.6258311820386451,0.04498161620902762,0.7040600797934757,0.12031604474692952,0.0782288977548306,0.043417038253931,0.0782288977548306,0.498396307596026,0.0782288977548306,0.7267464601423766,5.835741037988229,-0.7646869983948644,0.0699367378747592,12783.0,1
68947e22-3674-8321-bfc3-b90b9e7b27d3,1,VALIDATION,0.1092582926518191,0.0281312130689327,0.3361659831664295,0.4062532029837757,66.1875,0.3395272740236058,0.9580197919297552,3.0669831936968395,4.143107715887406,4.063345155500402,1.0,0.6212818015803581,0.8174360945732451,0.1346121986241899,0.2579570166724837,0.0,0.274076506601638,0.0268477998228045,0.0811460302210712,10.122116667705637,0.2969567314295713,0.4903504070650591,2.5404761904761903,3.0,1.2061696609946235,0.08250936213950531,1.1098035882549162,0.09805633675195317,0.3717581281713963,0.010387448057853674,0.5319957245177998,0.02528253953338524,0.0710870745518824,0.09166694862496441,0.8547494899382735,0.017210161633068766,0.4353706338765538,0.030619505807834926,0.5561857330791742,0.037556180766785,0.0636125057051574,0.11618745039079992,0.0675800807000286,0.049905898461621065,0.5410333299028945,0.08192177280354673,3.112731787236616,0.2675158440956583,0.0689065684116245,25423.5,4
6894834b-a200-8332-ba08-e69942b8f6a6,1,VALIDATION,0.1098426966292134,0.0228314606741573,0.1926068699662697,0.3407171015581002,46.625,0.2065120121153713,0.9637227232050664,5.231637640256075,5.300474977627865,2.960005506986989,1.0,0.2385743519781719,0.9189571882008568,0.0408894136166863,0.0688373373717904,0.0,0.0,0.0688373373717904,0.0,7.296757761409789,1.2390720726922282,1.3079094100640187,2.0,3.0,1.4455840848075998,0.13533420527294004,0.4818613616025332,0.3421215667377986,0.2065120121153713,0.042679149170510085,0.3441866868589522,0.38638397466785984,0.2753493494871618,0.2119501617677428,1.101397397948647,0.0721415295656364,0.6195360363461141,0.03958146898877951,0.8260480484614855,0.10277414469608316,0.0688373373717904,0.038204722241343705,0.0,0.1992152543539616,0.0688373373717904,0.47965856680663593,4.194991055456172,-0.6905187835420397,0.1186183368869935,14527.0,1
6894844d-97d8-832c-b580-4a63f71c1661,1,VALIDATION,0.0930851063829787,0.0220433199156603,0.6809200188560653,0.3590117919205597,112.25,0.0392834695160276,0.5892520427404148,1.708830923947203,3.339094908862351,3.1033940917661846,1.0,2.134141836985964,0.8653668015857111,0.2469941674734916,0.1374921433060968,0.0,0.2357008170961659,0.0,0.0196417347580138,9.585166561910748,0.2160590823381521,1.021370207416719,2.3666666666666667,3.0,2.455216844751728,0.030051854179761157,1.021370207416719,0.03653362664990572,0.3142677561282213,0.012177875549968574,0.1374921433060968,0.10172454431175361,0.0589252042740414,0.062283940917661845,0.3731929604022627,0.02058453802639849,0.2553425518541797,0.011293997485857951,0.5892520427404148,0.02351115650534255,0.0196417347580138,0.010901162790697675,0.0785669390320553,0.040422690131992456,0.333909490886235,0.14505421118793213,0.4685264251096238,0.6803831063927994,0.4004433224555139,50912.0,1
68948779-48e0-8331-a19e-a534a3b00dc1,1,VALIDATION,0.1119193131116193,0.0354317423418694,0.4928655547339304,0.3672044741289128,94.875,0.0273875058198449,0.4929751047572097,1.917125407389149,3.2865006983813982,3.0126256401829483,1.0,0.9719161806005616,0.8033093499007546,0.1708368878697043,0.2191000465587599,0.0,0.0,0.0,0.0273875058198449,12.817352723687454,0.5203626105770548,0.6299126338564347,2.4444444444444446,3.0,2.464875523786049,0.05729466217511571,1.3419877851724042,0.04562758469586175,0.3012625640182949,0.01698025360830389,0.3012625640182949,0.09522635773560102,0.0547750116396899,0.036041957658916005,0.6299126338564347,0.028702106099197548,0.4382000931175198,0.015747815846410867,0.7394626571358146,0.03278284446635445,0.0273875058198449,0.015200065730013968,0.1095500232793799,0.06375811354859913,0.3286500698381398,0.11439761180949251,1.0289001278274883,0.3586505863391319,0.3532436666126506,36513.0,1
68950d4c-e414-8320-9359-5ccafb05e810,1,VALIDATION,0.0391179013368301,0.0077222758222659,0.0285972217425542,0.2876215741315852,13.375,0.0,0.7121624312110441,4.148906476777558,2.9855078075916075,3.128548860373756,1.0,0.029462796582912,1.1172300783169602,0.0877615527659252,0.5194383704029569,0.0,0.4954564699835808,0.0373468778010158,0.0690607734806629,0.0,0.7101669008020846,1.1843871003710933,2.1875,3.0,0.7300386096562107,0.41191696060101335,1.2145564426482984,0.0642190702143526,1.3266537666705749,0.032977946783986675,0.4777251900310932,0.1282348105757602,0.2490288025551992,0.19324288253949956,0.5443370209604503,0.07496691468723644,0.7005489435017502,0.10498587718265759,0.5230051408595027,0.06549289456043203,0.135401554546673,0.4914812598947369,0.4621131231803442,0.48397747696822135,0.7431295350071482,0.06913748626491592,35.33483907396951,0.0615866282886429,-0.009918877338414,6822.5,6
68951f08-1958-832a-9c72-0c4f2785cd15,1,VALIDATION,0.0342090657751036,0.012101422379878,0.0357105995528286,0.3654578969545943,28.625,0.0,0.9460335606523712,6.243415161950712,2.972591239633793,4.852835311190914,1.0,0.0370379998839392,1.0419487165043924,-0.0387090999795576,0.3934218665130899,0.0,0.2048030877713113,0.2561377900300382,0.2740809559596581,1.2683916793505834,0.72071949747717,1.343826691683761,2.090909090909091,2.5,0.7369809080275442,0.11326966080898476,0.9478169673638608,0.1857266965899999,1.1781227144848847,0.05876649944853595,0.3184126992022377,0.3295783509989798,0.0913603186532193,0.4644903976454318,0.6107200820740516,0.07116213432913655,0.325391721776317,0.1969711444053476,0.4935188587383319,0.19453898584170004,0.0400256163944924,0.8631062001227747,0.2636612229781491,0.252465180377177,0.3242484477120066,0.12438329241755479,27.195052412557946,-0.2504953379953382,-0.1541761634068639,12159.0,6
6895704a-cbd4-8328-adc6-3d94d0b0416a,1,VALIDATION,0.0299726082320778,0.0047878370199064,0.0305020168044141,0.2661085159371553,18.5625,0.0,0.7678178978407508,3.869096536619197,1.7263741949156557,1.9704433212044004,1.0,0.0314660775297351,1.204814047703047,-0.0175200322236402,0.5534794868477977,0.0,0.0,0.0,0.0,3.72336439124886,0.6636988245301887,0.5396656386849865,2.9333333333333336,3.0,1.2966724553632814,0.03546433678223486,0.4442250611737914,0.3719592316235999,1.0288668099434288,0.012326463590615528,0.2423806771837898,0.23419791405697088,0.0487947692007416,0.360766506504574,0.0434518119405579,0.14340410357266675,0.4124381365057563,0.07487347460609921,0.1321558895741995,0.2886714002745068,0.0,1.0,0.1300427380015216,0.1837370341864721,0.1268129323140157,0.18126442048858848,32.15764191559477,-0.0307220198592886,-0.1518570727769809,10877.0,6
689647c2-3744-832c-997f-324d92557f1f,1,VALIDATION,0.0543237593917685,0.012857744299163,0.0344285773189897,0.31751638001638,20.5,0.1515763212434763,1.4413435658499765,6.179803972481705,4.114000972289743,12.837206880634668,1.0,0.0356618058141603,1.0995749073966945,0.071795250514888,0.514222110206195,0.2126883811375789,1.8716907516262875,3.579471257930542,2.707162097802857,3.172635534965732,1.3986369344951135,0.4283511393560106,2.195187165775401,3.0,0.1626898047722342,0.7971738862149821,0.9017539178952984,0.06959898279478846,1.7111915907801445,0.015421436713730273,0.0,0.45330142043935906,0.0,1.0,0.665681019364595,0.09982940158926118,0.0,0.8910063198833252,0.4951960591421068,0.2577623061506613,0.102844422041239,0.7310707340787554,0.2373192723140528,0.4300124413634808,0.4716844339786792,0.22649927054451016,28.404748351130653,0.3191133004926109,-0.051855536770645,8441.0,6
68965c8a-8094-8327-94e4-8f2167ecd870,1,VALIDATION,0.0637480432670892,0.0276462716067633,0.0229822038475462,0.3633351992591719,33.0625,0.0,0.9548600378271654,5.033815040286862,2.717816908008161,3.626529916706615,1.0,0.0235241651668105,1.042151864853272,-0.0277109431197182,0.1960583940855492,0.0,0.8976960941163004,0.0,0.6721142491440528,3.6596063870394273,0.3252135485925748,0.6950122649223222,2.5083333333333333,3.0,0.5328798035587904,0.1336594843621405,0.9022681323127064,0.11820487531448157,1.0239551748028537,0.05869400662216636,0.4281144598323794,0.08130341823104177,0.5873481452480347,0.013136919352990013,0.8063908552273756,0.05058638815002569,1.650504541686641,0.006153204569278959,0.6112514465112292,0.23410725046419323,0.0729969976038774,0.9317116616726026,0.4778423308755712,0.23147104638487415,0.3465412812585173,0.064977409992871,42.81290935734116,0.4941736073072187,-0.0740389448981968,15252.5,6
68982d65-68b8-8321-acdf-7556b721e7e8,1,VALIDATION,0.103036775848273,0.0571826486491028,0.0675956771566693,0.3902016171512853,17.75,1.178798597934009,1.124686309708103,4.349368864075251,3.82775072296576,2.8358457967238784,1.0,0.0730141799367529,0.958005657984675,0.0270561147997429,0.7756143568009095,0.1725165276373323,0.2361089249173618,0.0897021887334051,0.0,0.4194581954109544,0.9581422175043408,0.7307444884307048,2.3666666666666667,3.0,0.3886969685090873,0.27407585718720673,0.8908030319192779,0.1842537597980921,0.8741425159790621,0.16535851075284902,0.1357404642323876,0.7601424076833914,0.0,1.0,0.6049254099586066,0.16810296066076838,0.0,1.0,0.4576780853294107,0.20961944060884813,0.0678702321161938,0.8601589667163438,0.415513302384172,0.981268691956556,0.5404732500917886,0.288874563696325,15.374360933371534,0.0806513227007925,-0.1229616594385334,6018.5,6
68984b95-2b2c-832b-81a6-65ab61b41c67,1,VALIDATION,0.0574728169109205,0.0237725400148578,0.4706165445698091,0.272316746299965,52.625,0.0,1.8180845944067163,6.256349927811347,5.07994224907759,5.347307630607989,1.0,0.8890797050207092,1.1221018497504205,-0.2463229862395367,0.3208384578364793,0.0,0.5347307630607989,0.2138923052243195,0.2138923052243195,8.448746056360623,0.0,1.015988449815518,2.647058823529412,3.0,0.3208384578364793,0.31025078872787554,0.6416769156729587,0.17223677878188332,1.2298807550398376,0.026362226618897384,0.1069461526121597,0.4838778674937169,0.1604192289182396,0.05341960322977381,0.6416769156729587,0.054863376290037964,0.4812576867547189,0.16127479813913695,0.4277846104486391,0.00491952302015935,0.0534730763060798,0.5317362707876584,0.1604192289182396,0.0027805999679161543,0.2138923052243195,0.11854981017057911,1.1248010911570812,-1.161082064105479,0.0329021827000806,18701.0,1
6898542f-0024-832a-8237-9f01b66c5d2d,1,VALIDATION,0.0586740759359523,0.0159944884233951,0.1138113185711774,0.359708373734109,31.25,0.0465614378171998,1.2228458802109226,5.064971385702146,4.949519083449092,4.614561125921506,1.0,0.1355521929019227,1.0282543767940564,0.0288525920441479,0.3931488948479459,0.0,0.4323856727644206,0.2535871646617876,0.3927468798695152,0.0,0.8684647869426207,1.0160457504927751,2.435049019607843,3.0,1.297098680357179,0.312422664686731,1.0938888474459596,0.2280046448853149,1.8455463465004065,0.007192578871892926,0.2308671082301731,0.17902678037983233,0.2426313156653663,0.2546711142056778,0.228009812513278,0.03275573247034945,0.0597514340344168,0.24519659808353497,0.3998493324064793,0.2076626382896215,0.0479064084279064,0.7168293436778124,0.182384013002364,0.4309767711483601,0.3370230403412281,0.15877994822860775,13.213987379807692,-0.0917510121457492,-0.0188662783836506,12570.5,6
68985f35-4010-8328-b525-854bf1ad75f1,1,VALIDATION,0.0356627582759154,0.0224145183894709,0.0365823579393173,0.3322167532943492,13.25,0.118548748920351,0.3856598033565312,3.8944438518221047,3.0272832905092923,5.439544891495114,1.0,0.0379964431432534,1.058584310360512,0.074708138504502,0.61287695274721,0.0,0.4241479198673816,0.1102733608355643,0.718887067749473,0.4938598060336447,0.7283737293618242,0.4379236862871352,2.52188940092166,3.0,0.2651113467656416,0.8433191940615059,1.5183056072239562,0.06836941880481322,1.8205735251600184,0.03516825380473158,0.5252530770081278,0.11199080431729824,0.306438476373605,0.14266307953801968,0.7467500093185289,0.09261949812690151,0.2841800602725124,0.32286809476899037,0.8411448661726565,0.14534891686066334,0.1388204554799486,0.418644043382216,0.0388865989002869,0.2282377858394492,1.2748317759112309,0.02621289497846338,27.00521448248721,0.0062049062049061,0.1538030142125683,6810.5,6
6899ceb6-53a4-832e-94cf-366d1c24dad0,1,VALIDATION,0.0260830474598117,0.0105498290610068,0.0586075902346953,0.4022302179814755,24.125,0.0,1.245453961389416,5.545533922273796,2.703358279861776,3.256809370325045,1.0,0.0622894545929693,0.9438690739475863,0.1376755441470976,0.2366369899513704,0.0,0.6561590122652796,0.2588493702810034,0.150363233252348,0.999085988027673,0.2078760155653197,0.4647774316712078,2.2771739130434785,3.0,0.5112651933274955,0.05329449710777413,1.3648481083925896,0.0878714753396948,1.4990188410076015,0.010734087161639917,0.2408424613074317,0.2372014247721974,0.3321899759437066,0.14603628324584472,0.2351290290429817,0.14931102304175722,0.5135978084501625,0.0377536812258812,0.6835008397930316,0.09484044667912864,0.2733958510771359,0.3147577543142854,0.3540225653614146,0.05938156035273164,0.3322124001440902,0.10363265498348187,16.24215667209542,0.0416932063044626,0.1026968717793432,11689.0,6
689a1e1d-e680-8323-8be3-682ea2c7e8f7,1,VALIDATION,0.0287703636633474,0.0152001147424488,0.028102135481478,0.4006425606641124,19.0,0.0,1.2186030192361947,5.343471211959253,2.284940610620077,3.8390579371671727,1.0,0.0289179158244404,0.9935813489269616,0.0808166219351212,0.1604670347620375,0.0,0.5896863495975464,0.1550628004341758,0.2027034965233752,2.4292329001625923,0.907451938382738,0.5204744424706669,2.2,3.0,0.52219968541522,0.27729974542559804,1.2184146543978205,0.1391173752261865,1.3202937033392672,0.04118043426185833,0.2647587667587057,0.1355197121148174,0.2110481229588672,0.11290118180212104,0.2399002015161692,0.1651656094399981,0.2579858140200136,0.2540029854536538,0.7368886913668206,0.10744045576882433,0.1458503220752364,0.628668957040343,0.2456308050127738,0.4232217033829653,0.3546237663092507,0.35314944159251244,34.971428571428575,0.1665379113018597,-0.0124245311182809,9355.5,6
689b4817-69f4-8320-909c-4abc65a3c707,1,VALIDATION,0.0355240423086048,0.0058958829490713,0.0368676267783668,0.4192344772772023,27.25,0.0,1.4312255872851982,5.585913767694592,3.8106470188061152,2.664365267666879,1.0,0.0382883986203669,0.9827469181329614,0.1532833801631581,0.4994914411729316,0.0,0.2892196081269491,0.0642756138321121,0.0899819060756784,0.0,0.4186747910762055,0.734394677578316,2.4342105263157894,3.0,0.4819712817310275,0.06303991444631338,1.0992187198254992,0.12488004083778986,1.6094385115711265,0.01685896255195799,0.1436280975648529,0.26961148438827975,0.4606074756008778,0.07862878092230982,0.1020339239898049,0.006981273869803878,0.3145756837964288,0.22402098615064603,0.5813955453608523,0.03621875983486912,0.311449827133817,0.18085973592634458,0.298201365299739,0.27953753613231325,0.2257551507931526,0.09813463450395218,26.41682648211457,-0.1990816560802023,0.1556341076176828,10380.5,6
689c1cc8-8738-8324-b895-bcd37d66fbb6,1,VALIDATION,0.0345756689508276,0.0061381806279093,0.0381528190020903,0.4216669246166683,26.0,0.0,1.7446938148600326,5.251938297415226,2.2842692658808232,3.195784423045682,1.0,0.0397183297365026,0.9800988786067876,0.0904769420546987,0.4471554728056865,0.0,0.4048432630572399,0.0951511030468662,0.5005628636733588,4.0740229250103575,0.8140309660965526,0.9723481531890086,2.3205128205128203,3.0,0.1280243585406826,0.3974869893790852,0.9584681867527224,0.12713381666493498,1.4140425618968504,0.009214398911166948,0.0972581166188004,0.1937178400835569,0.2649909937295062,0.04904018563380105,0.1945162332376009,0.05023007315393111,0.5470430573032713,0.14674821771878446,0.5567851950850778,0.09877194718220952,0.2860359220990622,0.3507692631857543,0.4035790599685775,0.26602889111922684,0.1441865521447839,0.23903140864399813,26.135943621188893,0.2087916420264142,-0.0029297573608469,11666.5,6
689de80d-a614-8325-929c-cf5b4a25a15b,1,VALIDATION,0.046791027902139,0.0084384930742546,0.0396417597218663,0.3956665850906142,19.875,0.0,0.8661999236194703,5.145795273747769,2.2867243756175006,2.08662589958484,1.0,0.0412853732645082,0.9906866994083215,0.042070813703059,0.4269475470012739,0.0,0.5638406206939786,0.0640532923392262,0.127192577602517,0.0,0.7887508350365351,0.8849745058795929,2.75,3.0,0.3184384475442603,0.36643627707896576,1.5974431945502623,0.17568788826536136,1.298410443759992,0.057639344823782274,0.3703071454262298,0.23719954722804565,0.1588544114346349,0.28625530547170763,0.224557201962403,0.11561911264181143,0.3750788491193044,0.06916442799641528,0.4009138817368491,0.11929941104590616,0.185660993329432,0.5292401149490342,0.1605039096231768,0.21346884027938798,0.5087703104100683,0.17321713308772813,24.422846823116217,0.2085008305647839,0.0689210986344914,8450.0,6
689ecd15-a1a0-832d-9549-7fd7bf4ad6ad,1,VALIDATION,0.0276332991356705,0.0085713239163671,0.0570632275075135,0.3661458798246152,18.9375,0.0,0.7795731183919095,5.809197644266025,1.9492039706249635,2.603898711825252,1.0,0.0605417985209837,0.985998717989758,-0.0452301389934952,0.6363268967444121,0.0,0.6910738878296732,0.0,0.0825354902608121,0.0,1.1172805403115222,0.1837109614206981,2.5928571428571425,3.0,0.175593976937582,0.6571521837824004,1.7659434167886467,0.03475477032141323,1.939341741030736,0.04193192562029288,0.677800416455679,0.11579312815472073,0.1370989854675075,0.7540745064661218,0.389528904925717,0.10170526041279189,0.0993765270935706,0.7100205744145771,0.5167698206424745,0.26504124046479627,0.0612369871402326,0.783129175946548,0.0536768652710681,0.9274288781535158,0.3390057944274415,0.09538252705553923,16.706766917293233,-0.029378216719989,-0.0728894372589063,7111.5,6
689f71f0-6ca0-8325-88c6-8086a3e3275b,1,VALIDATION,0.0472532840775893,0.0067014549569199,0.0147439589801263,0.28650774275413,41.4375,0.0202757502027575,1.6272417709399016,3.0873210450789146,1.891746822593793,5.034365557657875,1.0,0.0149662594815768,1.210135632997488,-0.0756362366402416,0.4221840672704071,0.0,0.2049345647322011,0.0731421884142773,0.2350507709665287,6.381925453776331,0.7557265426954117,0.477068725471847,2.229578392621871,3.0,0.8836222196537354,0.04679563462106842,1.813743702468988,0.06794818264750055,0.9718125951315426,0.0006698471951127493,0.4424598174731645,0.10513504725103846,0.1099666857720537,0.07930212505048176,0.1875199114771661,0.037207305729326894,0.3205417799261801,0.15555484742894793,0.3022906170781647,0.304143758078266,0.0365710942071386,0.7361761263897015,0.4544048018832733,0.10967000207217184,0.1852611842990202,0.08264751112496838,68.00463980463981,-0.2179292437520288,0.0525721065745466,17472.0,4
689f7893-ad60-8322-a630-c920ce41cec8,1,VALIDATION,0.0275447005182679,0.0031766955578012,0.0293472240297829,0.3879901752093732,27.875,0.0,1.5026466125633853,6.320574300229298,3.293891766252321,2.605988693915027,1.0,0.0303254718214136,1.0091365216296946,-0.021064162299137,0.4886228801090676,0.0,0.0408296586640535,0.128167741559471,0.08433892394959,0.0,0.4596714881098309,0.8577831819603017,2.168181818181818,3.0,0.1080620550793827,0.6699656898509286,1.1001851737292667,0.2174733658946883,1.3230494915232849,0.02694179828155053,0.1080620550793827,0.23425272006297504,0.2878609584827355,0.16356982746891505,0.2655279125720394,0.10748712267967016,0.0714744245380422,0.47623469248208394,1.2725778479592331,0.11606101446363477,0.32561650359991,0.18261111478921968,0.5136289173699167,0.09923655065461191,0.6316647296326655,0.25225202626104204,37.02857772738725,-0.1424639762776262,0.0948451103912313,12279.5,6
68a0d8cc-a1f8-832f-baac-4445400734a9,1,VALIDATION,0.0606777457081139,0.0061435025566165,0.0275896612901827,0.3573299192094666,46.5625,0.064812832973206,1.4151589941225458,5.891645886292901,3.39626948456604,8.590149842282667,1.0,0.0284078510690324,1.1102938867450691,-0.0890622752906295,0.3852554767886575,0.0,1.0612839926253197,0.6275680572846623,0.063798115126296,0.0,0.9984072028400058,0.7025737924660431,2.293103448275862,3.0,0.6628407298464024,0.1663204303809303,0.5949456914022007,0.054273826368479904,0.5661713293407107,0.05687473281866875,0.2222321351587278,0.1002446169134711,0.141832037636006,0.2545780875310313,0.1880532249008641,0.11742845027396806,2.3777295015488336,0.04643213371745441,0.4834959067331068,0.03214999097911957,0.0962718296062418,0.12457322425857895,0.1443073181451628,0.1576108664704773,0.4476015237309824,0.11586559893196048,37.06668233082706,-0.0499686009620307,0.1576670765518373,14101.5,6
68a25739-7f14-8321-a1a4-71579d70320b,1,VALIDATION,0.1063704756996109,0.0244176332930783,0.1029042596176003,0.4053709335651614,32.8125,2.1383979938942623,3.0595124774927744,1.8518359236947075,5.419988629181914,9.043984149378216,1.0,0.1186700604123347,0.92596726408142,0.1029736422627825,0.3554402010510142,0.0672766415500538,1.0370798442841598,0.5507475135482147,0.657318538149163,1.609450411457742,0.3618388706570411,0.1345532831001076,1.912037037037037,3.0,0.0,1.0,1.8091943532852053,0.24110480477541832,0.6296383397150785,0.05288712702081491,0.3073131578410014,0.1777428655590032,0.0,1.0,0.2947877777242262,0.0821245766109303,0.2016043760329224,0.2076544932405117,0.3618388706570411,0.24826306065146653,0.0,1.0,0.4217712736237685,0.2591786878440989,0.6294307931598575,0.1781738002266493,12.351069741594888,0.2265563970028449,0.0818646373520716,7579.5,6
68a26b4b-5e88-832e-92b5-40aba867506c,1,VALIDATION,0.0514577027029151,0.009791725219242,0.1244769940554881,0.3638280173609374,34.375,0.1653798262623423,1.7665604650435385,6.180674373899452,4.1536256513705165,6.603383135867438,1.0,0.1546016659731679,1.0145290238192683,-0.0386453761194278,0.7276751404723214,0.0,1.311859417978536,0.2911933158569832,0.0946776475276909,0.1345412144586958,1.3155200562772196,1.136131770332292,2.251748251748252,3.0,0.0,1.0,1.7382537845016994,0.056650683889109585,1.0872801720507688,0.02962833556897737,0.284032942583073,0.09254030654558693,0.2117197683537939,0.15236805791163027,0.1900607181650008,0.03442535770621577,0.0946776475276909,0.0888237558359814,0.991623546763142,0.029530906314901302,0.110843388732124,0.47956709541926146,0.3801214363300017,0.19428818779171392,0.4516836856641417,0.12037010943362686,16.31961285840596,-0.1586206896551726,-0.0731418017601944,12509.0,6
68a326ea-f1cc-8322-8839-a689df8b8e01,1,VALIDATION,0.0719796389087727,0.0153503539330311,0.6491088055333866,0.664535379369139,39.375,0.0,0.5985634477254589,2.859803139132748,6.650704974727321,4.185717045527722,1.0,1.8502369668246448,0.3569984885157188,-0.0531476221020799,0.4655493482309125,0.2660281989890928,0.1995211492418196,0.0643956468542726,0.0,1.5961691939345573,0.1995211492418196,0.8371434091055445,2.090909090909091,3.0,0.0,1.0,1.6098911713568165,0.07228143280711595,1.5961691939345573,0.036179835062516624,0.0665070497472732,0.3541116620516453,0.0,1.0,0.3205385046878756,0.014263963458610465,0.0,0.41425719621353596,1.263633945198191,0.07761372705506783,0.0801346261719689,0.22894462697331516,0.3990422984836393,0.013703021075406684,0.931098696461825,0.06105347166799681,0.5403300194731987,-0.0234908270984936,-0.0121396054628227,15036.0,3
68a34f44-940c-8320-8cac-0057fcf2f421,1,VALIDATION,0.0334897343356092,0.0223303079224944,0.0623069623039567,0.3923858715579396,16.0,0.0,1.158263693301701,5.811960643276185,3.1355231508441217,8.140820201453948,1.0,0.067410852310531,0.975102022968904,0.0395765977850164,0.8077659565542954,0.0,1.2721345017380128,0.6593572254018725,0.0,0.0,0.8710174275031564,0.5434113723053324,3.0,3.0,0.1930439488836168,0.647332645533307,1.3775058086170762,0.04535333967070293,1.42094152587372,0.07281526140404523,0.3584599886030712,0.2115766445097301,0.0,0.49734434405775796,0.0,0.15371712888634337,0.1736543872643504,0.5019369686233286,0.6736815490868813,0.2300658563189099,0.2438740603378496,0.5321501970674121,0.0763591936469151,0.6349744233257771,0.374805543322551,0.6567521173668187,21.72452816801476,-0.0549302757979548,-0.0526739584062724,5903.5,6
68a370d7-c924-8329-8b01-bcb3388bc8bd,1,VALIDATION,0.053195185369455,0.0119466591867672,0.3177534910054109,0.3025125854148857,35.75,0.0,0.8851443152427338,4.574783934828675,3.265272567255686,10.039809377441207,1.0,0.789176180106596,1.2269068416784896,-0.0072497733590435,0.7152129140355191,0.0,1.23775584146758,0.5099828577470508,0.0333111259160559,0.0,1.077831478727611,0.7528456447896851,2.8157894736842106,3.0,0.1545036604559283,0.6284270163252361,1.5209497116740878,0.13363008081182423,1.1583612032669863,0.052078184436182326,0.2767643827952382,0.1152869221157401,0.0905783347122992,0.4192507605844597,0.0957865262339382,0.12334696673725262,0.1515280689939217,0.6499232433601276,0.6288023461776446,0.20885149225227645,0.038519317437695,0.7093116481502691,0.1754171370003248,0.19906172002230502,0.5094074343905357,0.10867091630904148,18.12987026707235,-0.2778313049357677,0.0777616165034843,11870.5,6
68a4a7ff-bd4c-832d-83ad-961524e4b572,1,VALIDATION,0.0269727403156384,0.0025824964131994,0.2520841300191204,0.4815742924528302,35.375,0.0,1.2237093690248566,5.965583173996176,2.141491395793499,0.3059273422562141,1.0,0.3370832481079975,0.6724651235611224,0.0980512192633405,0.4588910133843212,0.0,0.0,0.0,0.0764818355640535,0.0,0.9177820267686424,0.0,2.4375,3.0,0.0,1.0,0.9177820267686424,0.28290630975143405,0.3059273422562141,0.047418738049713194,0.0,1.0,0.0764818355640535,0.47487571701720843,0.6118546845124283,0.0801529636711281,0.2294455066921606,0.04397705544933078,1.988527724665392,0.1455449330783939,0.152963671128107,0.04244741873804971,0.2294455066921606,1.0,0.7648183556405354,0.3237476099426386,2.9684178560583057,-0.4770118433039786,0.3033452685421994,13075.0,1
68a4ab2d-f450-832b-843b-fb610a966522,1,VALIDATION,0.0353790696072799,0.008916495636734,0.0764244731507383,0.398628206582976,23.1875,0.0,1.0617514225010076,5.7532224742684255,3.441401559739493,8.733246670210466,1.0,0.0835747947269625,0.9336205366132262,-0.0057672702140749,0.4968001372268783,0.0,1.1159601040751197,0.3157801284278845,0.0382819079702932,1.6962843295638126,1.2097633714367697,1.7903148953845198,2.226923076923077,3.0,1.386433992493851,0.10078700371168442,1.6128209948177472,0.1946115303301127,0.8481251576120716,0.06636580014320773,0.1988932934285119,0.24381779970002027,0.2999046989811596,0.15739757033786644,0.3067730784805114,0.2876625342859659,0.3163177065241089,0.12226155733024086,0.4512890724075377,0.11506917174553319,0.0403877221324717,0.8392390357246587,0.1262400439713563,0.32425015066894175,0.4513931447492835,0.325018742042811,18.337599206349207,-0.3961594287266662,-0.048186279869406,10010.5,6
68a4ac5a-92b8-8320-8eb5-bdd1488027e2,1,VALIDATION,0.036478288633461,0.0062260536398467,0.2333914994391125,0.5535270568746549,46.25,0.0,0.8724915866882712,4.113174622958994,2.243549794341269,2.8667580705471765,1.0,0.3044715447154471,0.665905900435162,-0.050632535575487,0.4985666209647265,0.0,0.5608874485853172,0.0,0.0,0.0,1.1840957247912254,1.7449831733765424,2.0,2.0,0.4362457933441356,0.7006730649383024,0.623208276205908,0.20160787735261124,0.4985666209647265,0.048859528854543186,0.2492833104823632,0.23794091985541568,0.0623208276205908,0.09965100336532469,0.2492833104823632,0.047301508164028415,0.0623208276205908,0.10152062819394242,1.3710582076529976,0.029851676430262993,0.1246416552411816,0.46198429515143963,0.1246416552411816,0.2485354605509161,0.311604138102954,0.005110307864888446,3.2862105825761625,-0.8996258685195089,-0.0040660323656177,16046.0,1
68a830d4-a1c4-8321-a18c-fc0fc963d019,1,VALIDATION,0.0297018946487971,0.0045597029150355,0.0387721433400946,0.4084469861335341,22.75,0.0,1.2386747802569302,5.198441410811663,4.16894885713965,5.91538121640628,1.0,0.0403704672707894,0.9703343419124691,0.0827474483171997,0.7740774987296928,0.0,1.3493588295869428,0.2647635536220469,0.1693783605899292,0.0,0.4954889927424392,0.6476852461359279,2.9444444444444446,3.0,1.587847933152565,0.05084010113625978,0.4704498920923026,0.2037863341722974,0.8900210839946112,0.031000257495503745,0.3528305019091362,0.09728894843710445,0.2212203369177811,0.2935790053944498,0.4043272481406356,0.11320521654973531,0.14331242601819,0.3569857783188534,0.4888438133874239,0.08987183419591876,0.1483368473324351,0.5545964252116651,0.5088308240829524,0.06566288795189051,0.424314258836164,0.1570515328784304,25.493480413732392,-0.1508765243902441,-0.0216624742656899,8502.0,6
68a87978-35f0-8322-a750-0c6eb57e4d79,1,VALIDATION,0.0442374828677122,0.0197053034861059,0.0477563850207291,0.4396392458018616,18.375,0.0,1.0784621498388858,6.424636376349882,4.208311028391593,9.359419044959017,1.0,0.0501658052312293,0.9493687479673224,0.052375825755868,0.5134079718271769,0.0,1.5421440703941447,0.5993070839652412,0.2662552575389085,0.0,0.6743290079790494,1.3265095297814902,2.45,3.0,0.7380476516237577,0.17431974384698581,0.9086402221521884,0.15858176511899544,0.8393558706104693,0.037741042197238756,0.3905304957118534,0.13328796515473929,0.0652485971551611,1.0,0.6964936162778559,0.14539778272374088,0.057012542759407,0.6990646604310695,0.570420514586584,0.1324084871684951,0.1582348294585794,0.7188404693632686,0.3294570820468602,0.11494171949272375,0.8723000881934859,0.04031650336494641,20.14629321940027,-0.1511559478772595,-0.0171107760821865,8216.5,6
68a8aaa5-9190-832c-81eb-12f5bb1482ce,1,VALIDATION,0.0625624729178435,0.0157126578178986,0.0261411257339736,0.3697833149183823,33.5,0.0,1.219892060783892,4.015794215052788,2.706523050805929,6.540180258031422,1.0,0.0269160211315822,1.0157054453036345,0.0255127613276125,0.5363018567846436,0.0,0.1991439958285719,0.2767789041117813,0.0,15.624662985983754,0.6901500516868703,1.1974397664009258,2.6666666666666665,3.0,1.2698355650584143,0.05143094193705686,0.8424950800928306,0.20869194134677588,0.4476461640466993,0.07174090835255968,0.3195493626189265,0.3358982779374135,0.0966709785387243,0.1954049141944078,0.3539051936439057,0.1310298040909297,0.3588753355368224,0.10286969278783253,0.6740823953596373,0.03725591094655352,0.032761106014939,0.7263137203511991,0.0991424379577963,0.21138404945948966,0.2105458812498071,0.08210854483813862,41.70864138617056,0.0551892551892552,-0.0193601376842901,14007.0,6
68a98628-c124-8332-802d-6766616706bd,1,VALIDATION,0.0429586145285362,0.015955942235071,0.2054150093662765,0.3700341676990022,53.9375,0.0215824232744852,1.3027664051860994,3.730419225933845,3.198869424141724,5.144857457760538,1.0,0.2938324177713124,0.9738003317778564,-0.0668624663907365,0.3260263545359765,0.0,0.8437802255306202,0.2310963774583135,0.2157148250013482,0.0,0.7910547661619081,0.8912926853497534,2.680769230769231,3.0,0.5916872945635387,0.18471465004706275,0.953702436345762,0.1254646027926038,0.9942234945611972,0.0448743486736669,0.5701670995908427,0.16445951320423235,0.0241277807267287,0.2052919982402422,0.2351426351891721,0.06083551413717257,0.3269766581755667,0.1508746038795276,0.6657693940459095,0.02244657244985126,0.0647472698234557,0.7845904673762147,0.4745648051357757,0.15248469546727114,0.2783923477487929,0.298301539114004,7.268493999586868,-0.4962627521272985,-0.0321360493978268,19633.0,6
68a9c918-205c-8321-83d0-25515635ff32,1,VALIDATION,0.0388696439568071,0.0052994697667043,0.1824693812265014,0.3360242381559352,40.25,0.0,1.2199183082123453,4.6873163655689805,3.8951079253104224,4.092070090109752,1.0,0.268335543244717,1.141572708417821,0.068949797756753,0.4398382164286047,0.0,0.5094090274820401,0.2400287717302157,0.0744336491375059,0.0,0.7215424412066037,0.9101901691358264,2.63755980861244,3.0,2.5290997220076505,0.12155913621906836,0.9281585980063812,0.07181891452469721,0.4255246363060338,0.022859981486317224,0.2700206308019937,0.05631584837975634,0.0729979379227226,0.38452639064906696,0.558323605610123,0.12560002118330915,0.3527286373388882,0.05851937025150408,0.4800575434604315,0.09653366762913718,0.0627830511677974,0.6329346534237563,0.1659275036671794,0.10767648344421636,0.2662827665464468,0.0997044329029981,18.35460485511113,-0.0837698179682913,-0.035727091674602,14834.0,6
68a9f0df-b7b0-8333-8020-10527d469055,1,VALIDATION,0.0461313425346534,0.0074007892453683,0.1169484022415423,0.4501452218030446,38.5,0.0,1.5760745536101988,7.168677230284837,3.691167830774528,6.362790918972257,1.0,0.1345032636453127,0.9472073676027468,0.0995361187937617,0.40464702226199,0.0,0.7127212018101223,0.5278888724158759,0.085397991952476,0.0,0.946699352590836,1.6725947400415726,2.220647773279352,3.0,0.5163344432902658,0.42092470638217616,0.6439187296436846,0.18611629912821426,1.2644743761887978,0.029176175129083097,0.0863654786138188,0.13873627384572235,0.1560045334453882,0.24619439562776474,0.2538320414819139,0.15208340660796216,0.1826190834323008,0.6542929827725423,0.8529434741849242,0.08472909107612003,0.0816135409831872,0.6646038309958897,0.4147870267796141,0.15192365746438571,0.2207616969010285,0.29516921460635454,8.556873824055803,-0.2186439249549446,0.0213076497602918,12298.0,6
68ab2ea6-4670-8320-8b75-aadd6eb6330f,1,VALIDATION,0.0577115126674255,0.0098811543784362,0.1974429344701144,0.3934577216857384,32.0,0.1860349446162867,0.3725931514475074,1.762584036948016,2.8652154222321204,10.595212026526486,1.0,0.246048719440953,0.9739064869017074,-0.0033738229830571,0.2586987875947992,0.0,0.4133202003501799,9.962577573779097,0.3667503542966331,0.0,0.3364326869541176,0.3644262790138859,2.196428571428571,3.0,2.4095073151390096,0.04816156559508157,0.6421024660851682,0.08396970265455647,0.1793203413564095,0.06987275898019049,0.4423984321225221,0.059285731659764376,0.1635508863097856,0.23865132130541283,0.3777237352238223,0.03742052929595478,0.1326885781339427,0.08602625779627901,0.409015247048364,0.0494260891769353,0.0,1.0,0.0778150651886856,0.13694669674201257,0.2075046340535274,0.5819677378795788,4.06861535604688,-0.2151779222603401,0.1410048883407384,16619.0,6
68ab3459-6258-8322-a83d-4d1b10eecb66,1,VALIDATION,0.0463743596427364,0.0089241516764518,0.1215016875103645,0.2980309559667775,27.0625,0.3313531040685428,0.4966689610653618,5.003881217768146,3.036642229634458,10.988378210218546,1.0,0.1399675923193385,1.172947508658106,-0.0482895014647463,0.3122018089717673,0.0,0.4181782760754953,2.108741376534267,0.3187896091064257,0.0,0.7954667052655695,2.397825829429738,2.75,3.0,2.107661208711884,0.11560948491355479,1.2370100361103318,0.07893211271567514,0.6826943870664648,0.03735766990687665,0.2565103164111494,0.10664339132168593,0.5164756944084814,0.1918277989700652,0.4644614443324386,0.10688935269674303,0.2796419567932818,0.07649802206094408,0.6871512442361316,0.1802189475346209,0.0606953869239413,0.3472955989955899,0.0,0.2196859886861927,0.4181782760754953,0.21231088774912016,7.919693402836164,0.3120808651030931,-0.0323971960978434,11911.5,6
68ab4b99-b6dc-8323-b0e4-431a6a790c39,1,VALIDATION,0.0654072126154121,0.0066640470626972,0.2645751698313463,0.4810315231907356,22.0,0.1478649146569109,0.3276834377232145,1.0122715064266643,1.3974044710331657,14.904467982021185,1.0,0.3600195661090808,0.7715279371938225,-0.0811411596864025,0.3123196531187742,0.0,0.1851639914638268,4.316565522205828,0.1561598265593871,0.0,0.1616945589780904,0.0376562735351709,3.0,3.0,1.8807466708535607,0.058724448974974766,0.5917307260853348,0.25414742415292374,0.2011407956685231,0.031303209650282035,0.3751061328142101,0.07881910901275233,0.1731155786952518,0.08305631448151782,0.3702542373512538,0.03234083395231759,0.3779294765925868,0.07633550969958094,0.4065759111040799,0.0487840779832306,0.0808472794890452,0.6306923842062016,0.0,0.16767081813257528,0.3421348332473073,0.16833806306916402,2.7857236461544232,0.0464458081311485,-0.0599923945335712,12823.5,6
68ab72ce-2bcc-8330-9162-bfc64134abb2,1,VALIDATION,0.0309797666023003,0.005792964486609,0.1026047864603993,0.5017800632911392,31.5,0.0,0.5950019833399445,5.487240513023933,2.908898585217506,5.200126063662149,1.0,0.1143446548294408,0.9102180129259696,0.0961840944497625,0.5515285219035613,0.0,1.7188946185376173,1.3394264103372202,0.2363693665300976,0.0,1.1030570438071226,0.9255586407510248,3.0,3.0,0.7933359777865926,0.16365835954512462,1.0577813037154569,0.33438386385124486,0.7091080995902931,0.029750099166997224,0.3387369949189451,0.19506411807403823,0.1575795776867317,0.07737720783934188,0.1322226629644321,0.07012291207059565,0.2644453259288642,0.07882893781756593,1.0242672549637566,0.023873306019539867,0.2644453259288642,0.30562559092341635,0.3305566574110802,0.8611662038873463,0.2363693665300976,0.7656791679798298,8.760490639122015,-0.2126282557221787,0.0107375898240686,15126.0,3
68ac5552-c8b0-832e-ac0b-e8caded0ce94,1,VALIDATION,0.0609301901859194,0.0199123839469241,0.6232487574604018,0.2472859307891937,82.3125,0.2850209652206079,0.2761265253391349,1.5652817315869392,3.250323252816808,12.162471750681306,1.0,2.0137763858894315,1.3484678924074471,0.1165081488003488,0.4435730139304268,0.0,0.549222161698345,4.284828837823053,0.53479186335276,0.0,0.2734021974654795,0.0097854539227438,3.0,3.0,2.6698919835600927,0.07992792780587711,0.7948168872348139,0.16991816971711482,0.4795071432654432,0.015568004903404212,0.338095796333029,0.12675912745262014,0.1861481157050849,0.05547434427004232,0.352952900645201,0.03055794130148927,0.3510013962853684,0.16277484480687093,0.5386526445366946,0.04085342892598956,0.0632097604247969,0.31316273069878053,0.4364786766132325,0.03778418228943338,0.1385664657133688,0.12789464883189833,0.6774974869354585,0.0084814924010793,0.1231403227957849,33740.5,6
68acb631-986c-8327-a241-26d405921bfb,1,VALIDATION,0.0625723752334841,0.0178274313556949,0.4602239095106001,0.4332128555192984,69.5,0.1682896793684095,0.8034319156372183,3.8596657494819535,3.35917668066385,7.221469377485551,1.0,0.8859653504389182,0.936339729938507,-0.1387705089228967,0.3086886760015232,0.0,0.6893607387678669,0.1833029799541455,0.0,0.0,1.1356821804003023,0.9374302603785531,3.0,3.0,0.4044786718927395,0.24110739285697574,0.7907521686414258,0.10296528955858761,0.5317622309993759,0.04275629692158399,0.2490770344290642,0.19840341507980358,0.0832641999558904,0.18434191006104217,0.2761201411411633,0.09456555041826642,0.1689873415736544,0.06590058216476558,0.3870729542457163,0.04353055741610588,0.09905565889915,0.368600752023607,0.2971232243968009,0.13508741473869512,0.2251004142033524,0.13430235552379666,1.2268328741616048,-0.2228292098921938,-0.1234932094825307,17781.0,6
68acd431-95a0-8327-ab7a-a680dbd0a990,1,VALIDATION,0.0656436487638533,0.0172871080799469,0.4343089003268587,0.4533065618591934,83.75,0.3381297666904609,1.5779389112221511,3.0695927062812114,5.936055904121426,7.28857497088327,1.0,0.7678002125398512,0.7139187216759391,0.0883735079901934,0.4508396889206146,0.0,0.5259796370740504,0.4132697148438967,0.4581481651165986,0.0,0.6909547738693468,0.1878498703835894,2.380952380952381,3.0,1.2370000458148167,0.13194574895743322,0.7330370641865579,0.03711000137444449,0.7138295074576398,0.030318969079911336,0.3665185320932789,0.013744444953497961,0.1127099222301536,0.19938608145874376,0.3665185320932789,0.041004260777935585,0.0751399481534357,0.051162060301507536,0.5955926146515784,0.08338296605122096,0.0751399481534357,0.2933417085427136,0.7788518806982178,0.12553391959798996,0.3005597926137431,0.06120148777097344,1.302500648957342,0.4594910212625316,-0.0488621151271754,26617.0,3
68ada870-0d10-832a-85c0-2875eb345278,1,VALIDATION,0.0770567284738039,0.0209832116763098,0.0307806499204453,0.3252463185223017,33.5625,0.4735792552742798,1.906121007002492,5.278010117795734,5.211242477481496,9.641938551159472,1.0,0.0318374613606817,1.1409691879761463,0.0269235574744822,0.4098642804545566,0.0995150736372959,0.4830023571320077,0.5970904418237759,0.048206710374084,0.0,1.2672330264534466,1.6031412256254003,2.513157894736842,3.0,1.003971212579549,0.07836309699892574,0.5665897103077508,0.6247126639420503,0.992049083483832,0.03616518564690993,0.276251038059201,0.26885718387330454,0.048206710374084,0.31790098223662994,0.084216089997449,0.048630120055626724,0.0,0.9073467026610105,0.8739879206486683,0.029462134096977198,0.0,1.0,0.265394805745089,0.14892207915813918,0.2531388506013624,0.5308670626853591,34.41356107660456,-0.5196815676668711,-0.0573811422785613,10058.5,4
68adb5f2-0f64-8321-8804-431c132b0876,1,VALIDATION,0.0630026680333428,0.0220303181039377,0.0261181580834005,0.3980694661010572,34.375,0.0,2.039383218706494,7.398830960785522,2.877931579767924,12.140250803107888,1.0,0.0268222263302641,0.959657158707832,0.1039474777060449,0.4446560207760769,0.0,1.004325229568455,0.3571828963740537,0.0,3.0616292235911,1.669065378828821,1.6475995343981154,2.652472527472528,3.0,0.2020025405466098,0.39262168667508723,0.8496254523932859,0.13116729899396634,1.027119409351681,0.038871733975326984,0.2550067845742336,0.23657885468012785,0.1050084592151107,0.36482401829660727,0.2867483032584742,0.0589077771736571,0.147893022120806,0.06769633448389713,0.5206135895808748,0.04310335419497094,0.0213146900844061,0.9395089095404553,0.3460179392080473,0.2115349525060896,0.3165604222946215,0.052012410220529146,37.76823244185165,-0.1484577114427862,0.0311568499175802,11988.0,6
68ae1d8d-1978-8331-ade0-73ddd83b5434,1,VALIDATION,0.047682119205298,0.0224386443319049,0.182774035131902,0.367908787541713,47.5,0.0,1.3221683561040103,3.7146634766731728,3.0220990996663097,8.562614115721212,1.0,0.2236690037753294,0.8986863988974627,0.0461673205437378,0.5666435811874331,0.0,1.4480891519234402,1.3221683561040103,0.0629603979097147,8.81445570736007,0.5666435811874331,0.5036831832777183,2.952380952380953,3.0,0.8184851728262922,0.28584020651010517,0.9444059686457218,0.18233331234653402,0.6296039790971479,0.0493609519612164,0.0,0.24031983882138136,0.2518415916388591,0.10067367625763395,0.0629603979097147,0.04778694201347353,0.3148019895485739,0.10256248819492539,1.5110495498331549,0.030158030598753383,0.0,1.0,0.3777623874582887,0.3128502172133728,0.5036831832777183,0.005162752628596613,4.47448275862069,-1.1009655172413804,0.209371146732429,15883.0,1
68ae4ff1-d1f0-8321-a88b-7e16558a2181,1,VALIDATION,0.0569620030249989,0.0119576732717978,0.0417067742919151,0.363770556038364,39.8125,0.0,1.7177426471126247,4.434130665973499,2.5706168366590445,3.7367398351150936,1.0,0.0435252846694337,1.026914953479324,0.0481589392088135,0.5410007991717607,0.0,0.4033717714705509,0.1996084563703855,0.0,11.522165699483695,0.4152778924581574,0.1021172305807066,2.517777777777778,3.0,3.5759467950226567,0.03762947078480033,0.5598242660095842,0.16839371167106687,0.7073651870386138,0.05399689431011852,0.1879780448763653,0.10844527487568958,0.128402699778262,0.150857118977165,0.7377163362545183,0.09047690391120912,0.6105187808630771,0.03332605982819689,0.6677832944609986,0.18900734500905228,0.3037868497257465,0.4342642064385899,0.2501796590092553,0.24190360129450175,0.0926021504246939,0.333660134614564,23.09241126261776,-0.1918540642964964,-0.0848647434515037,13401.5,6
68b0b977-fd38-8329-9365-07ad186bc0a7,1,VALIDATION,0.0360500060624327,0.0141793024621973,0.0527136887261433,0.3680006055388073,35.875,0.0,1.327832509122024,3.6994892462615496,3.681179601198112,9.650150926685072,1.0,0.0564184967125082,1.0517129976351232,0.0558015891324949,0.0545448783418011,0.0,0.5410958861448701,0.4340136158936107,1.0466283988974063,0.0,0.6942215308506969,0.3430068323348204,1.810032894736842,2.5,0.3496907947144839,0.14972284139320738,0.8658441461643819,0.07182829424298626,0.7609449615359622,0.019860802171853414,0.2177345031544185,0.14336159060677323,0.2008085207312046,0.0665402139732267,0.2432851468645746,0.07602166252387593,0.6221733951080144,0.16113357681191434,1.6077695055623566,0.05588649574168543,0.0687199644062578,0.27302585632909016,0.1429354710529788,0.03552819944939554,0.250989311131009,0.09109248175081763,23.88754376266814,0.0461937227443029,-0.070466814361116,24085.0,4
68b0c9ab-24c4-8329-92ac-0df77d9d2498,1,VALIDATION,0.0376668958280565,0.008140250360612,0.252711165419276,0.4350316551100392,49.875,0.0,0.6723305421429009,2.6587616893832897,3.727335453077541,5.498701695433023,1.0,0.3382052330335241,0.9670293407561352,0.0927403331804982,0.0763708568810141,0.0,0.6873377119291278,0.1778308899369056,0.4328629555882607,0.2845294238990489,0.4328629555882607,0.0,1.2272727272727273,2.0,1.818024413470695,0.12165877501145562,1.1280961334096298,0.008158260443063843,1.0463500367857437,0.006567893691767222,0.2861113381836017,0.029338060020781126,0.1527417137620283,0.03681026730973596,0.519435546705913,0.0064007193656502905,0.5195281462013324,0.012343660590206817,0.7929371372516962,0.0037030981770620453,0.4582251412860852,0.18252634794562395,0.183362875129882,0.26737363241855633,0.4582251412860852,0.018057712744216463,2.9585601935874166,0.1374470659407138,0.0015802407689673,32722.0,5
68b1e518-7238-8328-946e-bb6c754479c4,1,VALIDATION,0.0768643031784841,0.0130649529980349,0.0206485681402748,0.371931564592115,49.375,0.0416545174324155,1.4858841010401187,4.017390347256618,2.6966044796654005,5.723405426228606,1.0,0.0210853784998271,0.9860649609327784,0.1010396825396825,0.8528784648187633,0.0,0.3998172264107836,0.5140507196710076,0.0,11.556876341423148,0.4952947003467062,0.3301964668978042,2.697674418604651,4.0,2.09124429035276,0.054774960018277356,0.8124026809288472,0.16974215853709335,0.5503274448296737,0.0209564422784039,0.1354004468214745,0.13064773540256452,0.0677002234107372,0.16606762107828205,0.3748906568917399,0.14815717331708803,0.4998542091889865,0.06842586246287412,0.8528784648187633,0.021243803890531928,0.0571167466301119,0.8200822481151474,0.2855837331505597,0.134876637222053,0.3301964668978042,0.11008224185196466,47.88741721854305,-0.2900343642611686,0.0303139261512928,17508.0,5
68b1ea96-01d0-832f-ad57-3b0b752211ff,1,VALIDATION,0.0891556931025704,0.0203969401834163,0.0290958238618104,0.3614020775783433,33.6875,0.2887075491008085,1.3604049176408806,3.6326462678104416,3.497682174429153,4.209157587106367,1.0,0.0299775619257612,1.0228640002485947,0.0873778741002265,0.7834246622715597,0.0,0.3738915503627527,0.5739970651515185,0.0582241630276564,12.71454585782518,0.7138271617400208,1.0776940845356864,2.746498599439776,3.5,2.077000577834478,0.031301386955227495,0.6106522142300812,0.22916035342331426,0.6173439469807858,0.02355448037530755,0.230154171060844,0.27233592677360485,0.057538542765211,0.7739624925153011,0.6643197801817775,0.13717644128665857,0.330140276346231,0.056353647264671736,0.6123584788030176,0.05883460804935609,0.1323326448294616,0.46657562067523684,0.057538542765211,0.2849014825936066,0.2355532081450951,0.04874680415204749,33.95570894449238,0.0475258551511559,-0.008292059820422,12130.5,6
68b332b3-abf4-832b-a25a-067e949b6b02,1,VALIDATION,0.0578001697695461,0.0048931116389548,0.0529697378209982,0.3879133506567792,37.875,0.0,1.479075161100622,4.9087421910046665,2.6921142595349714,2.780194270590237,1.0,0.0559374434416527,1.128992458596957,0.1237399953156066,0.632642181034239,0.0,0.53094440876116,0.0295595625184747,0.1064433721260289,11.239857936222329,0.2660843077654724,0.3547147502216967,2.249701314217443,3.0,1.8800736271640512,0.06134563123347899,0.4712239923803574,0.13328015192120324,0.6088914264956405,0.059962922894899365,0.1013184725757417,0.4602816267105991,0.4077328366322477,0.16670430256641022,0.4944163399374827,0.09962734328069764,0.5957348125132245,0.1363295950121758,0.3486619566944982,0.14787281293360766,0.2199378676429964,0.1824343547697986,0.2261475188220759,0.28829825139871335,0.1252497823522637,0.4585176735931781,17.95569965870307,0.1210771241830064,0.0871119199660959,14327.0,6
68b4a01e-0568-8326-9138-ad245ce13457,1,VALIDATION,0.0753892529077315,0.0094383478444028,0.1026688491462004,0.4068318240589218,46.5625,0.0,1.5599659268450228,3.7364347146310166,2.7115872068648814,5.813756406137711,1.0,0.1192172359040948,0.963232494716547,0.0112148542690264,0.1994066771498426,0.0,0.9340916785971908,0.166444740346205,0.0418095158458065,9.317793339496092,0.6922869230578894,0.5953212504584492,2.359447004608295,3.0,1.5452421651327266,0.06768427136378617,0.6539178509856366,0.18581742313153293,0.7951216097231271,0.046853875284283864,0.0971498589559337,0.2463476684929854,0.1147223849672064,0.18374326219760997,0.3648804604792183,0.07885918344444089,0.5446641555704737,0.04977896445936387,0.6368078448932751,0.02547644173897148,0.0723672784113935,0.5074972500434204,0.2323856648581363,0.06751268925664937,0.2484529208367884,0.16283592360354587,13.556267996556535,-0.4345259753385894,-0.0077421706032663,13640.0,6
688a2be3-cac4-8323-af64-7e55785d8916,0,VALIDATION,0.0390268626457171,0.0106436898124683,0.0243970835670218,0.3777035623409669,16.625,0.0,1.682557487380819,6.590016825574874,6.449803701626472,5.32809871003926,1.0,0.02501078050884,1.0560392374515457,0.1936708437761068,1.4021312394840155,0.0,0.1402131239484015,0.0,0.2804262478968031,0.0,0.4206393718452046,0.0,3.0,3.0,0.1402131239484015,0.8515143017386427,1.4021312394840155,0.37703309029725185,2.243409983174425,0.010515984296130118,0.1402131239484015,0.7205552439708357,0.1402131239484015,0.6988222097588335,0.1402131239484015,0.024397083567021874,0.4206393718452046,0.3555804823331464,0.2804262478968031,0.3358104318564218,0.2804262478968031,0.5452888390353338,0.0,1.0,0.0,1.0,40.66666666666666,0.0350877192982454,0.2207650273224042,7132.0,1
68948f03-856c-8326-8dcd-3591316d105b,0,VALIDATION,0.0228494623655914,0.0029898345624875,0.0450214058831653,0.4102929210740439,13.875,0.0,0.9984310369419483,5.5240988813699765,3.1763568567877365,2.852660105548424,1.0,0.0471507087069713,0.9611423127731674,0.1204288239480269,0.9630818619582664,0.0,0.0,0.0,0.0,0.0,0.5524098881369977,1.381024720342494,3.0,3.0,0.0,1.0,0.6639004149377593,0.22937759336099586,2.139495079161318,0.15917843388960207,0.1659751037344398,0.22994061593702528,0.0,1.0,0.0,0.029534510433386837,0.1426330052774211,0.6680577849117175,0.3319502074688796,0.6570155902004454,2.282128084438739,0.07367576243980738,0.0,0.4101244813278008,0.0,1.0,21.396284829721363,-0.1746130030959755,0.0536819460532846,6230.0,5
68957983-cba8-832d-946e-2143d4f7f6ba,0,VALIDATION,0.0177719728683163,0.0024021560059705,0.0413003800474038,0.4111455438126937,17.125,0.0,1.8588567502472688,6.377849850305578,4.373811111083264,2.766425193082404,0.9285714285714286,0.0431186564583631,0.9572511576494522,-0.0102128608269974,0.8568382145447426,0.0,0.0,0.0,0.0672766415500538,0.0,1.0593042831993786,0.7196589327554921,3.0,3.0,0.0,1.0,0.663445797274832,0.19885031540923442,1.6508830196458455,0.04640887240126024,0.0643169539490609,0.447784749814751,0.0,1.0,0.2549461711030021,0.020208512755861788,0.5092026046155814,0.13754472725581082,0.1938739914054288,0.19994663096670315,0.6263204655557422,0.03516834495837995,0.0,1.0,0.0,0.8771797670909723,23.85515921616656,-0.1264004203888598,-0.0308443510103218,7548.0,6
68963d70-2e10-832e-8d0e-9d12fb31c268,0,VALIDATION,0.0534178361249434,0.0042251395805039,0.0426919291338582,0.4543979409131602,21.625,0.0,1.4763779527559056,7.874015748031496,2.4606299212598426,7.135826771653544,1.0,0.0446015424164524,0.9260036937515592,0.0957775549574588,0.3690944881889764,0.0,1.968503937007874,0.0,0.0,0.0,1.1072834645669292,2.4606299212598426,2.5,3.0,0.1230314960629921,0.8688484251968503,2.2145669291338583,0.12721456692913385,3.0757874015748032,0.051304133858267716,0.1230314960629921,0.1045767716535433,0.0,1.0,0.6151574803149606,0.13164370078740156,0.0,1.0,0.6151574803149606,0.009965551181102362,0.2460629921259842,0.4876968503937008,0.4921259842519685,0.2204724409448819,0.1230314960629921,0.6988188976377953,22.607558139534884,0.1209302325581394,0.0135270669924134,8128.0,1
68963ed3-84fc-8327-9d48-1c4dd760fdc4,0,VALIDATION,0.0566225991519082,0.0049887752556747,0.0448375154257507,0.2381770015698587,10.25,0.0,0.0,4.936240230357877,1.851090086384204,9.461127108185932,1.0,0.0469524014645703,1.3608517133980005,-0.1745279780295224,0.6170300287947347,0.0,0.0,0.0,0.0,4.936240230357877,0.6170300287947347,0.6170300287947347,0.0,0.0,0.0,1.0,0.8227067050596463,0.20547099958864665,2.2624434389140275,0.011723570547099958,0.0,0.8772110242698478,0.0,0.7895927601809954,0.4113533525298231,0.5347593582887701,0.2056766762649115,0.4292472233648704,0.0,1.0,0.0,1.0,0.0,1.0,0.8227067050596463,0.26100370218017277,21.58139534883721,-0.388837209302326,-0.5562068965517246,4862.0,1
689c903a-f7e4-832d-86e2-585e29fc0f87,0,VALIDATION,0.0199158031088082,0.0037240932642487,0.0140127388535031,0.3129571143617021,10.5,0.0,0.3979835500132661,4.9632038336471,4.9084637834969485,2.396029436933082,1.0,0.0142149472323928,1.1143316158402128,-0.1682822113043861,0.1711449597809344,0.0,0.6369426751592356,0.0,0.0,0.0,0.3422899195618689,0.0,2.0,2.0,0.3422899195618689,0.8368988533287695,1.882594557590279,0.07773945343592464,3.08060927605682,0.0870488322717622,0.1711449597809344,0.3435924648447864,0.3422899195618689,0.24165668321067946,0.2123142250530785,0.2856195277261873,0.2653223666755107,0.055850358185195015,0.6369426751592356,0.18386840010612895,0.5134348793428033,0.2218683651804671,0.0,0.16834704165561157,0.3979835500132661,0.3632696390658174,73.65079365079364,-0.0941176470588238,-0.1612694997310383,5843.0,3
689f548b-4a5c-8320-885b-001a87c14d1a,0,VALIDATION,0.0177015250544662,0.0061274509803921,0.0470056497175141,0.3365940925700365,16.125,0.0,0.5649717514124294,3.728813559322034,2.372881355932204,2.485875706214689,0.7142857142857143,0.0493300130439938,1.0135058972834112,-0.012417677689644,0.5649717514124294,0.1129943502824858,1.1299435028248588,0.1129943502824858,0.1129943502824858,0.0,1.2429378531073447,0.2259887005649717,3.0,3.0,0.4519774011299435,0.03683615819209039,1.581920903954802,0.07423728813559322,1.807909604519774,0.001694915254237288,0.2259887005649717,0.008926553672316383,0.1129943502824858,0.3981920903954802,0.0,0.23627118644067796,0.4519774011299435,0.005988700564971751,0.5649717514124294,0.23299435028248588,0.0,1.0,0.1129943502824858,0.5526553672316384,0.2259887005649717,0.1719774011299435,20.411622276029057,0.2004842615012106,0.0094899169632263,8850.0,1
68b5df00-83c8-832c-9208-ec73ca31cae7,1,HOLDOUT,0.0530267169911604,0.0207878312080549,0.0232189207017256,0.3776885293469592,28.9375,0.0,1.6271538955359055,6.233978517571792,2.591766049566103,7.90151761599841,1.0,0.0237810900607824,0.988042212576714,0.0457758722732917,0.5837974047316007,0.0,0.7761085754000505,0.0,0.527834682160887,4.033241355073985,1.854693626796308,1.590084968557218,2.18609022556391,3.0,0.0316896945113449,0.9626378501711244,0.9098556827564652,0.23003030781887673,0.6473641988779011,0.05968909324654213,0.0,0.584729591361817,0.0,0.597374182605799,0.1762937706108049,0.20786362767338518,0.1318913100969567,0.10428386735733977,1.0059527490289433,0.035900567968949554,0.0,1.0,0.2623703714012079,0.5406795786229119,0.2807329748639179,0.1740250186640039,43.244447472407685,-0.1430827727405676,-0.0863707304511651,11987.0,6
68b72f6a-4260-8321-9047-a8edf5a76dd9,1,HOLDOUT,0.0387106979346291,0.0160612280209019,0.0595579561274451,0.4349511500830592,44.0,0.0,1.501205696118228,7.733338442939917,4.639376750466063,5.616985668799707,1.0,0.0633413576245288,0.903989101701069,-0.0643706933286037,0.4423869721957461,0.0,2.5605730007548706,0.8832753016153834,0.0992570542079127,2.1762095922248044,0.272445734022505,1.990530395951301,1.4058823529411764,3.0,0.4087373322468935,0.09018609445000247,0.3531423478444753,0.12938310758437788,0.4424001698072856,0.04191242616031826,0.0224034411685634,0.589827375863311,0.4764500705963177,0.14088680949247062,0.151812273770513,0.11256784473563722,0.2403448133275202,0.13195449863408626,0.4850886801770665,0.09007079330253348,0.257773008026502,0.5454332998675187,0.2499102008786696,0.28153181493474394,0.1189862426317709,0.6864928246696832,15.8641427726885,-0.1983032445883497,-0.0659574284614264,16857.5,6
68ba9e45-d9ac-8330-ba80-5a305f542e97,1,HOLDOUT,0.031587905307524,0.008593720980676,0.0886063563997516,0.4429685511304468,23.0,0.0,1.0890754054376794,5.941330119218758,2.97430535159701,4.179871165517099,1.0,0.0974128159135745,0.9110606144534426,-0.0435182427895833,0.6630041294406284,0.0,0.8428844908545972,0.5308817921896566,0.7130774594889429,0.0,1.388338446549493,1.4645087801568977,2.507575757575758,3.0,0.0167084377610693,1.0,0.4850656708586611,0.14730072876525968,0.835575147778344,0.02704550281231595,0.1713095170553044,0.2889031365728246,0.0494071146245059,0.2907101753474006,0.4179871165517098,0.10870140233049422,0.1254435271549326,0.2936010849957752,0.7133536320139191,0.026823984068322454,0.0724952878062926,0.8810352327098738,0.3647128361087171,0.51573368383229,0.1922772781992099,0.2593043423224261,10.526968629961589,-0.0899350649350651,0.0489412186390981,9325.5,6
68bcb67c-eb7c-8326-911f-69fecf6c564c,1,HOLDOUT,0.046523807408372,0.0127821823027302,0.0320339330251431,0.4139666916340517,28.1875,0.0,1.773768047636397,7.911370705066981,3.163628794001287,6.454009494693178,1.0,0.0330990371076509,0.9531933024104609,0.0473227225650824,0.5962281138199825,0.0,1.129567662518952,0.9346526489383632,0.0405087904075184,0.0,0.6163292295097453,2.3169969924289897,2.2132867132867133,3.0,0.778291901046392,0.15562654314803312,0.610092145097527,0.24676478612185376,1.0032588263660327,0.029794083117046687,0.1340716646590154,0.6868829231676807,0.0910138409125689,0.1428827255574855,0.5174687184813715,0.07310183773717834,0.1787501844115966,0.4605990629567674,1.112402151834748,0.14340379214063753,0.1793652566577843,0.151123873425988,0.1361200714476134,0.49160722045044597,0.2436678146912982,0.449984295816682,30.51299228888471,-0.0624532523132165,-0.0438135825305626,10460.0,6
68bde332-e1cc-8329-95a8-baaaac306d53,1,HOLDOUT,0.0346361833611736,0.0124899723683037,0.0642552030401778,0.4518014587228198,34.875,0.0,1.5774342472598175,8.110910979049896,5.683853275037698,5.168942369379313,1.0,0.068745104062668,0.888238293537513,0.0767053728345827,0.4376200168180391,0.0,1.4877892466674596,0.9999065298604468,0.2014919204903082,0.0,0.2134416180302947,2.5333134149543586,2.053571428571429,2.5,0.1849879879719461,0.28620318083954577,0.9545638450582834,0.27374231124220594,0.7607577899131683,0.014761601080530228,0.0375968117903601,0.24233077437705478,0.2166413381420501,0.1048386161553943,0.3976695995389296,0.12478829586570281,0.305231914876243,0.49856269466478376,0.9648261366892577,0.025404192269398905,0.2609220692372995,0.2851621245164906,0.2103092173782276,0.39182338481380835,0.1480579802143117,0.06558138007164471,14.844524476179572,-0.2511853523612169,0.0507432985329411,13161.0,6
68c18649-3048-8320-8d95-36ee48bfad64,1,HOLDOUT,0.0350857064774775,0.010592831112655,0.0312766227986521,0.3755766301321694,35.5625,0.0,1.6788135998013565,7.450092283719632,4.307317019709363,7.928218809932407,1.0,0.0323299276571847,0.9872711354256144,0.0319496745814839,0.5804233792010511,0.0,0.9663486308751352,0.4529697924870605,0.6113963733307635,0.0,0.584379470421632,1.0995517877615926,3.3146153846153847,4.0,0.0779801554599218,0.9339282479750093,1.71791113603917,0.15929335434484454,0.7965596146380771,0.07063555580962544,0.1275744825030603,0.44595590292662846,0.256037964942019,0.11692520605300802,0.4537465401808527,0.07942475980520428,0.2021968866370446,0.30186771276127145,0.740084393545778,0.23680922104291452,0.1411199499966549,0.3297927654983218,0.2768192907710289,0.3469579397523058,0.2074471000246235,0.07040477431188538,32.51684377468405,0.0020005923585741,-0.0213009337749825,15391.5,6
68c2e64f-9d34-832a-81a1-d832f39f7e9f,1,HOLDOUT,0.028962206776776,0.003958544613362,0.1411414073834688,0.47190570442314,30.9375,0.0,1.442988392751709,6.41027191558865,4.23687063273039,4.653075705656274,0.9285714285714286,0.1669083507595878,0.7900167826388282,0.0639330098812848,0.4102118333636551,0.0,1.5009444352592074,0.6136571003815138,0.223428890217974,0.0,0.6457192238414524,0.7391626175454368,3.0,3.0,0.0,0.9788478847884788,1.392512889125507,0.10747112381030026,1.179894291902546,0.028249186386884936,0.1752391045802031,0.31338702514067396,0.1505818659254075,0.4864589995145038,0.1291918318178347,0.10865749474093789,0.3604601033964291,0.10850436134350078,0.6625852926819764,0.10456568499088291,0.239026762991659,0.3444326544562254,0.7762152782531925,0.10613083358596467,0.541146383077306,0.12957845262044257,6.7217230613376096,-0.1938077665197293,0.0964788557539276,13221.5,6
68c34f54-b95c-8327-b102-04c487270761,1,HOLDOUT,0.0413766226712291,0.0196943635272204,0.0380593241220155,0.3667491969470741,28.875,0.0,1.510099122458673,8.087229308344424,4.076672034681076,7.01040526621922,1.0,0.0395893363575335,1.0071209240941097,0.0658870539648681,0.7513996278041222,0.0,2.285339133892484,0.7391132880501505,0.146982458303213,0.0,1.2008819455172834,1.5799876410433968,2.335294117647059,3.0,1.218944129962932,0.0983021950003082,1.1293102306589955,0.08122561844471957,0.8834336501298332,0.02055729220523926,0.1221841250212599,0.3635596948159546,0.1740758955450691,0.11821351120693924,0.3328761775888588,0.07815531118455288,0.3073421029749205,0.2411978638393733,0.5660268877377793,0.09354286118704448,0.1024473676583068,0.23825238678244381,0.0939249534755152,0.32523291441830765,0.1581968014833746,0.6022154694499384,25.84184860793772,-0.2878411910669979,-0.0196068252880104,10657.0,6
68c55edf-c99c-8320-929f-3c3a13528504,1,HOLDOUT,0.0295770299475146,0.0038900895338067,0.1625573966859652,0.4663980998509687,57.0,0.0,1.0980235575963266,5.689758434817328,2.9446995408265124,4.591734877221002,1.0,0.1941232566456073,0.8064123991268901,0.0698178117919493,0.3992812936713915,0.0,0.8983829107606308,0.2495508085446196,0.0499101617089239,0.0,0.5989219405070872,2.695148732281893,2.0,2.0,0.0,1.0,0.6488321022160112,0.19340187662208025,0.9482930724695549,0.039129566779796364,0.0499101617089239,0.4992014374126572,0.0998203234178478,0.07980634857256938,0.0998203234178478,0.03788181273707327,0.1996406468356957,0.0813036534238371,1.0481133958874027,0.023906967458574565,0.2495508085446196,0.7111698941904572,0.1497304851267718,0.34043721301657015,0.1996406468356957,0.0040926332601317625,5.155193607867241,-1.0180700676090972,0.211338301043219,20036.0,1
68c5b659-cd98-8326-9d4c-aa1362c86b88,1,HOLDOUT,0.0301361318853205,0.0087676460802317,0.0532035745428663,0.4163769403588062,27.1875,0.0,2.012680862443383,7.596732815329241,4.067766660498485,4.178085042842495,1.0,0.0562026328746848,0.9340264031034792,0.088816315521887,0.6436607755993478,0.0,2.10911276002082,0.3036189355544343,0.0890406911757893,0.9141026012505284,0.4370271742562877,1.518563535124858,1.748015873015873,3.0,0.4431788085441444,0.3171717248183784,0.4928550539426401,0.5421922100659133,0.7029242493761877,0.04705411405828011,0.080644494869715,0.4556614768667584,0.3613506236578676,0.2535801342952527,0.2104909772948135,0.05687632920680543,0.2704409256084807,0.4379917069735799,1.1658960845181938,0.07903457394446234,0.4553787494543151,0.2617874034228878,0.1149386496921586,0.5474262780851806,0.7798470187330044,0.06995293540179981,17.898815072657264,-0.2397940965661044,0.0278983483833002,11234.0,6
68c5e7c6-00cc-832a-85e0-30929e6e9788,1,HOLDOUT,0.0365061933365639,0.012397837698626,0.0377130152263064,0.4252165182374864,31.5,0.0,1.7087810037252924,7.511091473912509,3.817438447451365,6.962571611630356,1.0,0.0394380563526422,0.968093468867476,0.095281277613736,0.5039002691531732,0.0,2.2905476859538165,1.061213023586658,0.0796941851268049,0.4847544718600028,1.4575720627803952,2.1866352342509794,2.35,3.0,0.8357003468097337,0.18797720007385046,0.9152341865423012,0.10838211288678914,1.1405042609652758,0.013132460177104803,0.1920380576049641,0.2109340523277416,0.2612926877485476,0.12345234870862765,0.231191776167273,0.062494610699590294,0.197962832277769,0.07945940011623817,0.7717912898812058,0.0660218151804051,0.1804777931823593,0.2521199625564191,0.179568028317022,0.58649700159871,0.1747197616752381,0.2815200309830583,30.68087345435412,-0.1376761191367935,0.0083790163103617,11127.0,6
68c7f8ae-27f0-8325-8df9-8b73e1efc66f,1,HOLDOUT,0.0395325161449549,0.0155071944596514,0.0343599684491784,0.4003766549717628,28.4375,0.0,1.882247552296079,6.464569361338006,2.810632029453848,7.184285339057849,1.0,0.0355902115190878,0.9802984727017312,0.1230677094400271,0.442328548014424,0.0,2.7164440133227883,1.0340922193092046,0.1351864433694147,3.1364032692434782,0.9842848560347272,1.2193931327541732,1.84,3.0,0.0,1.0,0.4615942257316825,0.16240731280790188,1.3008640677424856,0.02338417970491033,0.1494351232803566,0.2730111067416251,0.2201718688811372,0.101445341890888,0.1151957981892821,0.05885740660667523,0.4405168333265511,0.11393345525019205,0.5469784663133426,0.13802461723655549,0.2124511468955223,0.3518669980105974,0.327764380170236,0.22128552234899784,0.3413467670262214,0.17776920913013786,28.388029064836942,0.2170370370370369,0.0780116003928986,12344.0,6
68c9c389-91a0-8333-bf56-70f7ba25b691,1,HOLDOUT,0.0385755341709812,0.0081163118162273,0.0488548215340626,0.4360215393802964,38.125,0.0,1.7449564531875028,7.5282273319174,3.756424914240775,5.877717051376263,1.0,0.0514136811952861,0.9381755361130888,0.0542800027832745,0.3438700448293443,0.0,2.1496556904078283,0.568036303525582,0.105855935796703,0.0,1.4828424826518969,2.5585843706228166,2.2425925925925925,3.0,0.1584427893622443,0.29402712062483627,0.3546356081801827,0.32715107625566175,0.5926579982863516,0.026826500543731105,0.0,0.8493786788750817,0.2300401949465336,0.13427905415861052,0.1368694576922494,0.06752929605299898,0.0947281556288953,0.4963342767446607,0.8519253550203706,0.06014753680633744,0.1328240143983665,0.7199697397353272,0.1815618566284133,0.2234677697506346,0.3303831775001726,0.21868480038611032,19.903216399848365,-0.2098576546915853,-0.0486572074476832,15061.0,6
68cbc8ef-d014-832c-b131-12e1c59913d4,1,HOLDOUT,0.0283652887618794,0.0040391715163501,0.0557574556186952,0.4588438790486375,22.625,0.0,1.941576206240772,7.761827320370989,2.7486076556953027,3.35153285339055,0.9285714285714286,0.0590925242941247,0.8608390556180736,0.1155870263992075,0.6259568089214269,0.0,1.273693202708604,0.5440860048774996,0.0,0.0,0.908407204182093,0.7835495464240878,2.571428571428572,3.0,0.1326725618855558,0.7604235550654288,1.273964113284514,0.19560246917890262,1.3081329743283163,0.026620307229993125,0.1340663467910854,0.15948254984457344,0.1716679625435485,0.38316457460759845,0.2881172529673061,0.1271159629809439,0.1203595992803366,0.292397305154923,1.2661492091569635,0.029460664527786284,0.5888816632619607,0.14023897377035374,0.3907339794937299,0.4440485121386865,0.4084103932633601,0.33654109706376123,17.241012658227845,-0.222367552700039,0.0638410530926412,7459.0,6
68cf5918-1848-8322-a9e9-87de448056f4,1,HOLDOUT,0.0224519999946771,0.003711825187451,0.031351849748289,0.4457092064270326,24.0,0.0,2.403295577221966,7.992427767971396,3.5315883243281805,3.935823765453464,1.0,0.0323707990126409,0.9587495614152566,0.0790225646702765,0.6124498845333086,0.0,1.7217546642678196,1.0242201639277682,0.0,0.0,0.7457756420438637,0.6700588614445815,1.9583333333333333,3.0,0.2449799538133234,0.23351334979948765,0.7842147387362763,0.23995545713507938,1.1225354008236963,0.01380628279155848,0.1224899769066617,0.4295480399014848,0.1633170009907851,0.2685113753711317,0.1733035277391781,0.13508908761854405,0.2732076517459638,0.04653477051045769,0.4079795328524337,0.35540867747326094,0.3254580419374613,0.16495033071973106,0.4089764107369844,0.6904408735063865,0.1050731801761626,0.49067399384724397,31.25409171933236,-0.3063142677904156,-0.0089517064434541,8523.0,6
68daaf7a-3680-8331-b013-24a611c9f85a,1,HOLDOUT,0.0343506270016819,0.0123015741146347,0.0599893789987999,0.3931264609334225,33.0625,0.0,1.5248702366782303,5.026605706425337,4.199689171406194,6.309128929146377,1.0,0.0639498745778963,0.92988154156528,0.0562597999693805,0.3829553584910979,0.0,0.9745725763314064,0.4099124428128576,0.7973405651816907,7.643073186216801,0.3573159169548093,1.1790282588405914,2.270833333333333,3.0,0.1645205949237892,0.24049395700256443,0.7058752375216664,0.15964455476010844,0.5970805703577551,0.021320833363512766,0.0539141686435195,0.39531383535539777,0.1266781553585263,0.1342875072171158,0.2070726330285486,0.03330130042456116,0.3049344721770967,0.10181096118571731,0.7394980467853551,0.02067600225580908,0.2144978595690621,0.507334864310297,0.2425209334268233,0.3736980946599412,0.4612735826849767,0.0656325027945651,16.223659567991106,-0.3525063751312529,-0.0148212488700971,14630.5,6
68dd680d-d870-8331-8c79-e93e1efa0e7e,1,HOLDOUT,0.0206233024209159,0.009030809295722,0.1368964857160366,0.4620149899422571,28.5625,0.0,1.0864332018057743,3.1341843515475776,2.834811425290078,3.624335332321616,1.0,0.1589980335816591,0.7893675546454904,0.1069450545099548,0.4980277350261812,0.0,0.4996722403610237,0.2340044246135077,0.3857281398320177,2.935583311468404,0.0,0.0,2.28695652173913,3.0,0.3686467808012329,0.07598878949427391,1.5246620376042943,0.04737888356320384,1.444722081023436,0.009303426175259605,0.2098630695981883,0.12114625227316334,0.2546102243506289,0.1908617515356692,0.365029849469652,0.07378203934864332,0.6295892087945651,0.07839854032558884,0.9567815348990696,0.08725792364354718,0.3706082590748739,0.06886467222207404,0.0692738892473796,0.3785249621121151,0.5295838188925088,0.2334157914811576,6.407635777784639,0.2601602854324057,0.045534486650377,14511.5,6
68df59a6-65c8-832e-ab96-92a871261b4f,1,HOLDOUT,0.036568671200605,0.0062683243456263,0.1035170317834827,0.4382650754808669,37.25,0.0,1.311336395818929,6.212572809677326,3.013934931511846,4.844944675511918,0.9285714285714286,0.1188646506563465,0.8691874837906638,-0.030688654886825,0.3891425600945025,0.0,1.7287899372796376,0.4296065668267794,0.2181477652755849,1.955416021673164,1.149480368889822,1.6308092901181734,2.418181818181818,3.0,0.2598366740905716,0.5352635486265775,1.3630587502205014,0.1205063123159335,0.5926874958385968,0.05880522974056113,0.1630809290118173,0.284948599038402,0.200200453881899,0.20419537794910536,0.2260616310826852,0.030133459033629822,0.2744395036220624,0.2647336483059604,1.2212696144645654,0.13944763750946612,0.088841879271654,0.28098734633910555,0.1259614041417357,0.38043425505103157,0.4521232621653704,0.062328485869736924,11.53282809220802,-0.3375873676205818,-0.0849752637231963,16402.0,2
68dff30a-cc7c-8327-a63d-9a0758a839cf,1,HOLDOUT,0.0371746906446507,0.0184022956677653,0.0789028879271053,0.399317819133019,33.9375,0.0,1.510694207394408,3.8264127246925055,2.9246807061646187,5.735924377444428,1.0,0.086440356853768,0.9382818192864312,-0.0392334323698883,0.4045120411152532,0.0,0.82976354686206,0.3477896440426231,0.3678487890765644,6.497436421382277,0.1429597729884524,0.2318930200200974,2.128787878787879,3.0,0.3425394584374936,0.21126086752572953,0.5357836417875748,0.07418586495764229,0.9145591395768032,0.016726738279884024,0.0219086846025764,0.20649126566066942,0.2220892869864367,0.05629207603786257,0.2017112657866172,0.07162809534149481,0.8429475252330192,0.040087891687292085,0.4675713206185408,0.058312695457020086,0.1006436242636356,0.19036800573273174,0.2470004125496853,0.31978851303342404,0.3340945713613571,0.1480111129255997,13.07415514592934,-0.0164178444589405,-0.0012847826941392,17302.5,6
68e098fa-7128-832c-bcb1-7188bf86c0ba,1,HOLDOUT,0.071241144056678,0.0380040234409166,0.3808393268626492,0.5249889997066588,87.25,0.0,0.6982752601075344,1.990084491306473,5.656029606871028,5.4465470288387685,1.0,0.6151243444425647,0.7338779166446212,0.293490317377169,0.1047412890161301,0.0,4.5387891906989735,31.10816283779066,0.1396550520215068,12.98791983800014,0.0,0.9426716011451716,2.35,3.0,3.0374973814677744,0.014978004329306613,0.488792682075274,0.1743942462118567,0.1047412890161301,0.046470218560156415,0.1047412890161301,0.4319530759025208,0.0,0.41714964038824104,1.9202569652957195,0.02108791285524754,1.0823266531666782,0.018574121918860414,0.244396341037637,0.014000418965156065,0.0,1.0,0.0349137630053767,0.17205502409049647,0.1745688150268836,0.17512743523496963,1.62585969738652,0.8467675378266851,0.3976085730400451,28642.0,1
68e1ca1b-a068-8325-85b3-51614438ac7b,1,HOLDOUT,0.0226005378710482,0.0104715584317919,0.1045163481638288,0.438629979676745,35.25,0.0,1.3293767968151329,2.953448281614924,2.655518889928937,3.5360886878677693,1.0,0.116774127046235,0.8457649867763197,0.0137564713944633,0.0891981090000891,0.0,0.8346333615683216,0.1028084877201735,1.0551105319181509,7.138189170572154,0.3214671913763507,0.0,3.0,3.0,0.257071325235834,0.4097087457426376,0.840436796065744,0.13223266462828945,0.9294845872596325,0.027339600496257617,0.1858969174519265,0.21360068210856453,0.1160889029415659,0.06832326423910583,0.3368371591393687,0.14855626967551677,0.3990764106887002,0.0941430343266176,0.6643556578772667,0.14338902743886364,0.1507103190111165,0.3297320168795557,0.2083478564026247,0.2513698539702659,0.4437522522409884,0.04102132283335877,8.615130455951011,-0.3767061982546433,-0.0688398946645598,16445.0,6
68e576b1-9f6c-8328-aa31-4ee6c0679415,1,HOLDOUT,0.0214841594141747,0.0084783125738388,0.0651907501459873,0.3858064099962554,31.0,0.0,1.1057373136884183,2.793072688338524,1.6887469035359426,3.073455052573918,1.0,0.0699696059160712,0.9673481344610037,-0.0423702970177677,0.2261772490419182,0.0,0.4845387645259915,0.1639302336166358,1.2339598083898755,12.71060050020206,0.780142598169812,0.5696487643290006,2.9347826086956523,3.0,0.1972729819750188,0.3794339635328424,1.050246678883171,0.06962870902097555,1.0135212760804002,0.03663610126124328,0.192951136769241,0.15334339592320567,0.1698449162343803,0.2675323659716814,0.1829156922700461,0.08400985455773533,0.5220922130467488,0.04935286774422697,0.2882470442374315,0.10033610844269783,0.2189861940777724,0.11874956174142351,0.3543310742345509,0.2815743612774002,0.4338087942648083,0.09595596275696942,15.08826690651297,-0.0856880797127537,-0.1441599210187752,13958.5,6
68eb0175-ca54-8332-8b00-b50b4a482dda,1,HOLDOUT,0.0511126838090744,0.0177714869859243,0.1003600075791069,0.3453045906790015,38.125,0.1894776732141729,1.010547590475589,5.305374849996842,2.715846649403145,6.947514684519674,1.0,0.1115635750895176,1.0055856747792502,0.0197745722831025,0.3157961220236215,0.0,0.1894776732141729,0.0,0.0,1.7052990589275565,0.9473883660708646,1.831617507737005,2.6875,3.0,0.4421145708330701,0.7014463462388681,0.5684330196425188,0.1252447419945683,0.6947514684519674,0.023242594580938546,0.2526368976188972,0.02197941009284406,0.3157961220236215,0.2922377313206594,0.1894776732141729,0.04989578727973221,0.3789553464283458,0.5694435672329944,0.1263184488094486,0.3709972841533506,0.0631592244047243,0.7119939367144571,0.4421145708330701,0.07105412745531485,0.2526368976188972,0.48108381229078506,8.978562421185371,0.6461538461538461,-0.203539325842697,15833.0,1
68eb0f1c-b2ec-8326-a952-3a0498a3a005,1,HOLDOUT,0.057598128859014,0.0328186696421221,0.0317530814313306,0.4114930478387922,47.9375,0.0632520065550373,1.4026811197950133,1.2048625477737498,1.6285876495657363,6.325656253982846,0.9285714285714286,0.0327996087984204,0.8339107365119223,-0.0291426384532148,0.1521534136424902,0.0,0.9878820986800252,0.3886339600834392,0.7938367723715463,24.15463982914586,0.2821849070347248,0.0,2.69116186693148,3.0,1.253268512036489,0.041041772889519004,0.4796374125901399,0.1633906872328426,0.2895057794399761,0.07027954470161582,0.1085600840656907,0.1164622198103756,0.1338932147339787,0.0666558170434703,0.3786874807713168,0.05121326736050265,1.4703306546012354,0.03634774628308589,0.1343828088298136,0.1507505884860991,0.0,1.0,0.1484623181298396,0.24546064045621446,0.2635897436631407,0.08327918036412928,23.92311522048364,-0.6954249226503338,0.0979951191760952,20385.5,4
68f6089e-1534-8330-b38b-77e0aa96ad18,1,HOLDOUT,0.020788630550142,0.0039791939356514,0.069216381829157,0.4814140961926444,29.4375,0.0,1.60188312269453,2.840559483588034,2.192557876629258,2.428811206723695,1.0,0.07473738546074,0.8802527663207811,0.0767558177792007,0.2153247371580103,0.0,0.0871687587168758,0.0,1.2321896584666283,4.25981195380774,0.7644970441360064,0.0,3.0,3.0,0.1213801532670475,0.26217766187540004,1.6708007505553517,0.022985697279630332,1.6407999880663875,0.02601449157630224,0.2483314069201612,0.1953619057122481,0.2091859329136262,0.1027924023232576,0.1724671255404897,0.08256725852794301,0.2521332913423614,0.08537792684429094,0.3608194382551,0.18771895023224647,0.1229523701433813,0.34273602180805957,0.6310654927940492,0.28681853100649785,0.4055240682323107,0.07856037514434397,14.458790170364315,-0.1903738460164252,0.0495502010605333,11857.5,6
68fdcd42-b568-832d-8d33-e7f125fee15a,1,HOLDOUT,0.0688122843549252,0.0113428193830054,0.0603450038947165,0.4161164002015517,36.125,0.0,1.0906987489639062,3.106991627073648,4.1061422646686125,6.487922511327136,1.0,0.0642262605140912,0.9914433182525892,-0.006272377426042,0.0687049124012366,0.0,0.6154148469851701,0.1949108236473231,3.5682276932474446,5.86033382425135,1.0809038229990309,0.3017404486142613,2.802380952380952,3.5,0.053461641272387,0.9335204490777866,0.8242184707023382,0.2882168314057953,0.4515737455493163,0.015592216445095853,0.0,1.0,0.0650348322438191,0.08779159535201317,0.4680010102353367,0.03556070176552739,0.8578255729390611,0.036086779592693255,0.5303030663464083,0.22258403571244212,0.0,1.0,0.1494673094291804,0.0185553031158305,0.5961082008389385,0.028582898362431733,15.625519904524127,-0.3512810554801698,-0.1473666039419088,17434.5,6
68fded15-6b4c-832a-b923-7614a2675015,1,HOLDOUT,0.0297385725168757,0.0153040899525983,0.0382731415866036,0.3278772697707327,32.75,0.0,1.3932113156005834,4.920693446057105,4.412273881799841,5.953046726184423,1.0,0.0398254320685416,1.076732478810176,0.0338758342892741,0.2447488109927157,0.0,0.6753774741923726,0.2390558367678727,1.9853132709582928,6.518097799136174,0.9560718687871792,0.1881113619262603,2.234375,2.5,0.5141872700988743,0.09285645006714702,0.6295012580214829,0.03669211188962882,0.8055094092666693,0.017336955928430986,0.1972363348531052,0.17527407643545773,0.3004169887430802,0.0968408605081873,0.2553452045551368,0.0733783504424918,0.4479866218015202,0.07262537254636091,0.7740268451032168,0.06037446424634149,0.1128546551258805,0.7761442447992116,0.4502516494615817,0.08810259516952253,0.3267220890500079,0.11828954625446075,25.67176626046102,-0.1218511647083077,-0.1073330566291799,15670.0,4
68fe6c90-e520-8330-adc0-c79ca762a98a,1,HOLDOUT,0.0212169296427426,0.0113719146213611,0.0502967114509139,0.3975232205709006,29.6875,0.0,1.4803988569706636,3.170943983505318,2.1006962377885943,6.257609114052748,1.0,0.0534653018263303,1.053890839539009,0.0343591249815683,0.1858369338499645,0.0,0.9905711458391682,0.2650970132984521,0.5628262464794562,9.26246448750484,0.6840383676915774,0.188148376579498,2.6858552631578947,3.0,0.2230295625398206,0.28249765410323396,0.7343878549411542,0.07929863899049375,0.7930138931874816,0.01480600229243512,0.1735780042752334,0.09057637371870274,0.0913127610678901,0.2947697963456646,0.1228178270692134,0.25334350701257174,0.4440928501842208,0.11430703906780305,0.4235190895462414,0.02807533465158841,0.1326882430714388,0.4119754214292942,0.4438630913451057,0.24236807334408034,0.3826293283424468,0.2323962577253625,23.08897359171653,0.1788614990025646,0.0302583488169879,12393.0,6
68ffd0df-bd20-832a-b88c-e3c77dafc495,1,HOLDOUT,0.0513236704271015,0.0132326031216337,0.0661061301574234,0.4190231303033443,38.3125,0.0,1.0984887182603056,2.4388495235885688,2.2116083775391293,4.342449355651625,1.0,0.0707958453361725,0.9640488371102732,0.0363317957285869,0.1834212464848181,0.0,0.9678700197455072,0.2445504026553329,0.7627765372069218,16.999929110236806,0.8407562036802286,0.0,2.753869969040248,3.0,0.7249149591363478,0.040898169419869096,1.2839487253937274,0.11633374250710167,0.8212350948961367,0.03847212830981667,0.1873179633075924,0.09225936006496542,0.1507218758515282,0.13955029642017713,0.5363546465616734,0.05218703672950483,0.4534562145905362,0.036900417927430956,0.6383738083006588,0.07685713357210382,0.1211710484283604,0.4781502470853706,0.2904549885642529,0.2650647825962628,0.5348483660161787,0.026687034148909744,14.182370662674598,0.2204409659754959,0.010963320412759,16030.5,6
68fffcee-45c8-8333-aae1-3d3b5d323781,1,HOLDOUT,0.0326405612363751,0.0160253177289959,0.090810364322658,0.4053882550946143,34.875,0.0,0.9245452878315524,2.5760706429769584,1.346642487135553,4.57246614646748,1.0,0.099895548109358,0.909248925823498,-0.0099195927992331,0.170207009615283,0.0,0.7077287045995112,0.269245713794534,1.3040780677491457,17.8084477995562,0.8743545611015491,0.3659271597317891,2.740530303030303,3.0,0.4230962301528862,0.1706249803747179,0.5727388987778137,0.09410392069294887,0.9564115129193468,0.019948742448734635,0.0735800344234079,0.24922522575878842,0.1001838684726848,0.07087291031661418,0.1324623685745275,0.035053944236754606,0.7805190097176009,0.08142854424073843,0.5727388987778137,0.014254781028877415,0.1293702803114065,0.6271883093940034,0.1792810939156677,0.2669322739821,0.3735342689962398,0.08835819450632887,10.035730357851984,0.1180479010318948,-0.0100330655963169,21000.5,6
6903826b-19f4-8328-951a-e4375d3ccb3c,1,HOLDOUT,0.0402578800731869,0.0157517217283963,0.0589544660036867,0.4236835168302009,39.0625,0.0,0.8994393844054089,2.2623702230505947,2.976181046018785,6.066653601883392,1.0,0.0630773244423754,0.9544437516365324,-0.0493259597610271,0.1023948860115784,0.0,0.303467716086774,0.0896263226935199,0.5938013509141369,12.489517774107206,0.4589358914253429,0.2938946504347348,2.7846153846153845,3.0,1.2021181169620951,0.12911128240115816,0.6143693160694707,0.27705738482092834,0.6023582532715418,0.03588769893897396,0.298436912360963,0.28199705031086697,0.170987502007916,0.19097070000509211,0.3594569206383552,0.03648446745691872,0.5382899213915834,0.040720834292526084,0.5377353649685062,0.052260147339812435,0.1627701100274939,0.23513603978759562,0.2087918850079749,0.05436280295983133,0.3241430083264189,0.25322925342499314,17.93870942791247,0.2032722439988002,-0.0472909004947522,21419.5,6
6904e667-1b3c-8327-9b89-5954350136b1,1,HOLDOUT,0.0510156884380705,0.017668790891874,0.0496907843860944,0.445333929394464,37.9375,0.0,1.340254899493127,2.22030297174252,2.715678865377241,3.771143336061933,1.0,0.0526489038943832,0.9627591882803176,-0.0779743704975347,0.1789072425342593,0.0,0.9481906710946866,0.171432585958577,1.069881598876944,13.892277878360556,0.4597512842530242,0.2042188276765942,2.761904761904762,3.5,0.7770526465885876,0.16530688853608694,1.3355094601797637,0.03480579240914529,0.5663050808560268,0.032640777292519435,0.1724412037440645,0.38688088328537285,0.1503809167938196,0.0670101883551199,0.3080642367907227,0.04423369576883959,0.3376954688089459,0.13133851993291254,0.4773964367641072,0.0345647263864304,0.2112385844094466,0.29177933589676597,0.2776453746128421,0.04962253891411223,0.4953521470678875,0.08954850220586008,22.11801393421368,0.2604131005363458,-0.0061372086040469,17480.5,6
69066112-a654-832c-bef9-71130247a0ce,1,HOLDOUT,0.0350808146649669,0.0066281026606214,0.0653077886297711,0.3688809044936555,29.8125,0.0,0.8252505587217704,3.9742674823664905,2.3457663353218603,4.526778438880031,1.0,0.0700650290185427,0.9828836015844188,0.105196049436037,0.2678205291666282,0.0,0.2200035057577027,0.0291664236131365,0.820229244085056,4.967758366401827,1.2185530206959163,0.2983963288604231,3.0,3.0,0.072679957465832,0.19451638557851256,1.246308281268075,0.13155181401931576,1.662698246377725,0.016040413550126833,0.2133395641840079,0.29421430548157584,0.1660494646167415,0.3310286875149607,0.1357131129055933,0.10087358731195284,0.1491044016941725,0.1201827901398112,0.2865498258809756,0.14827331467580024,0.1332658612284256,0.7025557048656936,0.1925545299056785,0.11824935121729474,0.4642429886989779,0.08369187300552297,14.945909892586473,0.0344955228354125,0.0277838090626384,13660.0,6
69077a30-9c80-832e-9b10-19486be65461,1,HOLDOUT,0.0436636056052112,0.0387894647411539,0.0834502311149015,0.2879966696473224,20.5625,0.0,0.8048324000040727,6.895197392204537,4.2216031625539285,7.515579078106496,1.0,0.0927727379896811,1.2237352070817566,0.285358219327715,0.2419519783302155,0.0,0.8148775665839478,0.0789764650134259,0.0789764650134259,11.925446217027329,5.186465794023215,0.0,2.7272727272727275,3.0,0.197441162533565,0.8244748065076607,0.276417627546991,0.8254225240878219,0.4049274916470051,0.27201477251949824,0.1579529300268519,0.5601405781077239,0.0,0.9030563891960196,0.0394882325067129,0.2702113042726209,0.0394882325067129,0.9584978676354446,0.5578578383839196,0.3113121371086047,0.0394882325067129,0.7577002053388091,0.2024637458235025,0.9827041541620597,0.276417627546991,0.11819690118119065,13.932088565763385,-0.10356344306788,0.4910083232754095,8355.5,2
6907a874-7920-832c-9bfb-63d2fc118ea7,1,HOLDOUT,0.0302061726151159,0.0123124986578509,0.2396092886030762,0.4249325641418299,41.875,0.0222518914107699,0.5279665563552852,0.9495440287725164,3.072497007729467,3.363038168780391,1.0,0.3154372358374001,0.8304769370752295,0.0818561105451421,0.1562651622380383,0.0,0.8961811271094949,0.1381930830537909,1.0084577454763952,4.510219303209172,0.0,0.0,3.0,3.0,0.3538091865350145,0.7343065348170121,0.9203744628485176,0.11060662086689371,0.386870603299526,0.02026798861784922,0.1370245940989383,0.11264571085033456,0.15120580147974,0.23795375061760587,0.3347822158868466,0.07543433605188893,0.4978597559949421,0.08619152368530761,0.2816889728276958,0.21385688457173269,0.0487531899743995,0.28826003593764116,0.2870535123027047,0.13118532869780147,0.3995103946951418,0.03925541940865175,3.184959949816638,0.2523443223443223,-0.0131396399767253,19995.5,6
69093a89-b398-8333-a754-58c17981a10d,1,HOLDOUT,0.0181726143324684,0.0089928649720667,0.1421975101127073,0.3730633781137542,28.0625,0.0,1.1786193516497168,2.4044083081742755,1.712168617015354,3.3307004715901334,0.9285714285714286,0.0868194072955252,0.9870898383632496,0.0502724247208305,0.477458101215241,0.0,0.2324855304247995,0.0831357004739477,0.7988117063327156,8.062946819543447,0.4478585504624055,0.0,2.8823529411764706,3.0,0.6436116924351136,0.3843474579361193,1.2749508915738756,0.06654372603817561,1.1154167182858692,0.0365123863408767,0.361716071788667,0.3024328372003789,0.0745027302500371,0.18988307717197583,0.3056647195158627,0.13873977505112475,0.6336944415522132,0.13375627441202323,0.5217084050897833,0.16788373249603805,0.2288128842528832,0.28274104421478613,0.4245704346190913,0.2688310123101546,0.1982204809243076,0.05710977606433627,4.296847990489056,-0.1030303030303031,0.156637742313749,13275.5,6
690bf51f-3bd0-8330-8f23-f5c629620aae,1,HOLDOUT,0.0278245259732974,0.0286098956580276,0.2228104499942456,0.3588762701733413,38.75,0.0,0.9597729928225672,1.12392290721392,1.7943582039726258,3.087965281255216,0.8571428571428571,0.2867086264346538,0.9221547882568634,-0.1040650673947546,0.1665070973650251,0.0,0.6905282541143976,0.2301760847047991,1.8732048453565333,16.232682356868636,0.4172926055750292,0.0,2.9565217391304346,3.0,0.8763144717075614,0.04623602069771324,0.5842096478050409,0.0557502921048239,0.6660283894601007,0.085917662240353,0.3452641270571988,0.09126481758545286,0.0832535486825125,0.11821899515940577,0.0832535486825125,0.09078799483827998,0.6676681689200468,0.0054114806643633185,0.4028081482333985,0.04318978467701552,0.2503755633450175,0.5038390919712903,0.4578945177538192,0.08749947966532073,0.2877201058809989,0.0555299804350328,3.489790643577152,-0.4822951667097443,-0.1965291099710019,23964.0,3
690fc165-d44c-8325-ac95-028d11fc01a4,1,HOLDOUT,0.0232346320923147,0.0081473358501636,0.1632753087390714,0.4151964062980169,28.3125,0.0,0.1346559540374343,2.306319129667636,2.550551004748772,2.1195125890958444,1.0,0.2147257435382661,0.8147673141821303,0.0365876362972136,0.1346559540374343,0.0,0.4275674947521385,0.1122132950311952,1.6965729888780914,9.074286200515154,0.917511645268308,0.8490266946159943,1.5,1.5,0.3328455374724959,0.23066311444207327,1.0982098909518168,0.10607155834593054,1.1605865467158476,0.019996919294751996,0.373936507863884,0.16193760793545076,0.0673279770187171,0.5358858117509763,0.5310351209075574,0.08668834256769209,0.2381235801928533,0.12074186832256939,1.191774874597863,0.015143706774709071,0.2206322424413006,0.796781533375547,0.251820570323316,0.14429721779657895,0.2830088982053314,0.016544457382389754,9.665608073585531,-0.1157001381312483,0.0257712261133,15407.0,2
6910bd6e-2514-832f-adf2-21c464472e97,1,HOLDOUT,0.0204037422082198,0.0148057430514539,0.2721767974787521,0.4867763132175355,39.875,0.0,0.7247164841796095,1.4247259950269124,1.4571356531050197,3.63191815595178,1.0,0.3762704438749037,0.7553752780981515,0.0737657660305179,0.1611754708981953,0.0,0.4961027731756047,0.1108513731605361,0.976764386513568,11.898193750088444,0.3417682262417648,0.0,2.894736842105263,3.0,0.7656496942915973,0.10305480539273479,0.6488814971238122,0.11258329048581506,0.6448764474912495,0.03339524253326809,0.36154555727798,0.076385892329802,0.2432620438513078,0.17612195326633415,0.2272541161794794,0.07442871304079267,0.872412628453952,0.08398911747743282,0.5653596055194952,0.01805923902184204,0.1624149944959459,0.40292460761827953,0.2432620438513078,0.3197701527327068,0.4146087789814702,0.1163510332830171,2.719365907630099,0.0133866449394917,-0.0961098713254289,22335.0,6
69154da7-8574-8331-97ef-9c9cbdf64420,1,HOLDOUT,0.0599894399090207,0.0208816705336426,0.0397267661333812,0.4327147525676937,135.375,0.0,3.6401222362034873,9.392414165018875,4.595225273739006,2.297612636869503,1.0,0.0413722094819113,0.9675770597594604,0.127323839619157,0.5607230028365987,0.0,0.7639762717957936,0.0659674120984233,0.0,7.32364028002154,0.8987956138774043,0.0,2.29126213592233,3.0,1.2206067133369234,0.015760186681026744,0.4947555907381753,0.12540405039910285,0.3231017770597738,0.06255617472586734,0.0359001974510859,0.5372464548555017,0.3231017770597738,0.05274094597268949,0.0898795613877404,0.22387363130497218,1.041105726081493,0.052804242315297505,0.7639762717957936,0.010016155088852988,0.5607230028365987,0.11039646414671152,0.1649185302460584,0.19044791872814829,0.224698903469351,0.0027046638960353587,24.24971623155505,-0.3736662883087404,0.0714114615468368,27855.0,3
691569e9-3cfc-8325-9406-0d68eb69e889,1,HOLDOUT,0.0671125930142723,0.0165476963011031,0.0124245971009273,0.3631186174391201,55.5,0.0,3.81619937694704,8.124958546129866,5.492032051859188,7.382731610695957,1.0,0.0125820568927789,1.11682419873742,0.0345274579996051,0.5408328826392645,0.0,1.350499684883407,0.1557632398753894,0.0165815480533262,0.0,0.3601332493022418,0.0,2.316326530612245,3.0,0.1801639491937663,0.24484280695432845,0.8112493239588967,0.0342311503468156,1.144126815679512,0.024607896160086535,0.0331630961066525,0.4928384830195478,0.3601332493022418,0.25718403747410146,0.2818863169065463,0.15724716062736616,0.0900819745968831,0.831186379605441,0.3813756052265039,0.13591894939311533,0.1801639491937663,0.23608808118325927,0.1800666246511209,0.4049454828660436,0.9464575446187128,0.04135514018691589,81.22222222222223,-0.2933333333333335,0.0058252427184463,11107.0,5
6917b806-3574-8330-9cc0-36b41f804b7e,1,HOLDOUT,0.0625959354086081,0.0087800085958126,0.2780225524606078,0.3803310355276115,194.5,0.0248923406267891,2.663480447066437,7.741517934931421,3.061757897095064,2.88751151270754,1.0,0.385098093300693,1.007874885522572,0.3932015469136416,0.0497846812535782,0.0,1.5931098001145048,0.4729544719089936,0.0,0.0,0.8712319219376198,0.0,2.317757009345794,3.0,1.5682174594877156,0.037438080302690864,0.1991387250143131,0.1260299205934334,0.3484927687750479,0.010180967316356758,0.0,0.3434645159684365,0.2987080875214696,0.07465212953974062,0.0995693625071565,0.077440071689941,1.6677868219948722,0.04293928758121126,0.3484927687750479,0.16595723495880318,0.2987080875214696,0.11532621412391407,0.4231697906554153,0.07736539466806064,0.0995693625071565,0.20700470465237847,2.597169980297332,1.1178219595199717,0.5902620689655174,40173.0,1
6918199a-7e04-832d-9314-37fbe7cd92ff,1,HOLDOUT,0.0535559033211615,0.0059003051881993,0.0200198873052701,0.4765486725663717,74.375,0.0,3.911342894393742,9.673074568384964,3.3145508783559827,2.1186440677966103,1.0,0.020430253010418,0.9656670931397884,0.0658739394575739,0.2786097374103225,0.0,0.8358292122309675,0.4285539365740173,0.0,0.0,0.0,0.0,2.090909090909091,3.0,1.140808344198175,0.20257496740547587,1.6297262059973925,0.10566849372094637,1.5909844216108715,0.015749670436411574,0.1988730527013589,0.33854822671528007,0.1387636161798376,0.11137424252977642,0.3482621717629031,0.18501823002983095,0.8963494132985658,0.09526141790131015,1.248872545618539,0.03336351605488612,0.3314550878355982,0.08235620620273364,0.0693818080899188,1.0,0.2775272323596753,0.2540743155149935,49.42809364548495,-0.0441471571906356,-0.0410789160773516,14413.0,5
691838ae-f99c-832a-ad44-2ae362a700c6,1,HOLDOUT,0.0947372307917043,0.0123356681011756,0.2114086895437125,0.3769089028278976,93.4375,0.204960287851498,2.6170940376292933,4.145346840373001,4.407851192255781,6.348510995031809,1.0,0.297237832732201,0.988738450801804,0.1655464414467467,1.3516111156056998,0.1856879086912691,1.1568746638018417,0.258661751957379,0.0,0.0,0.6818510485173075,0.0,2.192028985507246,3.0,0.0473460007116793,0.7482220261454626,1.9710670959794307,0.1178778682553103,1.9666064357917843,0.02857062726227945,0.069744726336165,0.15058961750994632,0.1473081242318346,0.08842004855490601,0.4053827156728374,0.01530924817185536,0.0,0.34471318865082146,2.150086110609169,0.03047847144115311,0.0473460007116793,0.9452542313916328,0.2020686971712618,0.08791076144809844,0.3684499449280856,0.14727909918066806,5.90304907401468,0.1659244557464491,0.0502956973937122,19038.0,6
69186c23-2d84-832b-b800-87a2ee0772ea,1,HOLDOUT,0.0611058669140194,0.0082018717869965,0.1099351136433985,0.39187343470483,140.4375,0.0,3.299003291079508,7.646163801980927,3.129886225472116,3.2278684760043865,1.0,0.1243017917130379,0.9625864011128634,0.0743081379212893,0.2364924428828866,0.0,1.658946408625856,0.5425307578027769,0.0254313268616971,0.6347728571126298,0.5985749732915422,0.0,2.15214431586113,3.0,1.0721858969299305,0.04035202922187347,0.94989738992765,0.04237131824342282,0.5654570477282626,0.018845867237122164,0.0591231107207216,0.18009472817407063,0.3584831335099205,0.04439255341976233,0.1551309194843536,0.038093182438877236,1.255783471018883,0.03459338825122263,0.7955210833500772,0.01060651076810052,0.2693153353150294,0.06448638178050224,0.3992112267429282,0.6962599684824216,0.2213287549250693,0.14293682736579422,8.538458866899981,-0.3842750263693676,0.1102093371988907,32155.0,6
69195a92-f0cc-8332-a20a-51d5a4516d19,1,HOLDOUT,0.0530609513838313,0.0102567539491173,0.0794006840071076,0.5009729491900481,119.3125,0.0,4.680443344711248,6.723064837774976,3.3613960940460257,0.9362409439087598,1.0,0.0862959542376028,0.85428073419521,0.076497285606036,0.2083092028938228,0.0,0.7604431502916036,0.0728630301810471,0.0595668257838182,3.653939014955923,0.1833544149340155,0.0,2.4004619069343063,3.0,0.4996324513238379,0.06580551416711766,0.6167602964135462,0.06004044837573644,1.1148226962395429,0.004836728791711249,0.1012875603324067,0.20194089106195723,0.1689109988678837,0.1546473123981701,0.1866895863664913,0.13428085533025833,0.9303524530603648,0.08071640048406109,1.3293740924576616,0.026326092307968178,0.8994407973023837,0.04660867953595674,0.1908439399943781,0.6081399203270693,0.3696134574727558,0.04293410628943313,11.67807462101488,0.027175910184954,0.0054472069118168,28086.5,6
691ae0f5-8e80-8328-b7e4-13482eb55856,1,HOLDOUT,0.0428142223828345,0.004695422213692,0.0811405341060146,0.4773722263340826,127.4375,0.0,3.610724629003336,9.800324884920588,3.211097816139254,1.1983098082286654,1.0,0.0883232531760803,0.8708269687963828,0.082040159698642,0.3350531400712124,0.0,0.3379259615078161,0.1892644220045836,0.0,0.0,0.2646029320005785,0.0,2.3376672749391725,3.0,1.3907124923484186,0.009929459317918141,0.5181725333443169,0.14277834261815886,0.8908170792447767,0.02144193581464158,0.1938941531078254,0.1820378643744133,0.1905705682814346,0.05699786153962125,0.4860095367138001,0.052505024006532,0.8036051376829763,0.06147203435549449,1.1815375233448946,0.03790448603117734,0.666309162124141,0.052820530110531824,0.2432216747066345,0.2489324319568491,0.3120091418253841,0.0879961278125687,11.35759229014311,-0.1105512293481166,0.0240708277099661,26961.0,6
691ca3c0-f0ac-8325-8633-1288242e8c86,1,HOLDOUT,0.0497373329235577,0.0070495109302304,0.1579139634957714,0.4606298837539189,132.875,0.0,2.891688612692443,8.097622693082734,3.165012676123302,1.4178647347355735,1.0,0.187745681586841,0.8113848234035627,0.1113636288334266,0.2839056664621436,0.0,0.7005618412931647,0.2393036278507838,0.0,4.622106766757705,0.5613007738202846,0.0,2.253113026819923,3.0,0.9913614807770664,0.027500369257946508,0.6871891390706704,0.037874604979124926,0.5877134816864842,0.013150330756037738,0.0640684632186442,0.08419945922374594,0.2296816595716044,0.057878935500542655,0.4428581910089643,0.02547471184926197,1.303156794594865,0.041477149045486404,0.6339017608283011,0.024807318440536776,0.3860869400822789,0.05093961056733032,1.3711320606760635,0.1147752863889425,0.3288141492405917,0.04998643426563562,5.36739396128068,0.1433821016581229,0.194051715673644,28586.0,6
691da14c-25d4-8329-8966-78ce63f75189,1,HOLDOUT,0.0893104333450189,0.0165663796268936,0.4154908335695377,0.3707443285386199,145.6875,0.0895180968040821,1.5370891150244288,1.6863310091922394,6.786359922645942,7.909041556114485,1.0,0.7108930015026576,0.7956240755352129,0.068856265598344,1.423247286461124,0.6185459502955981,1.9026405080784867,0.6136992599286866,0.108873786630299,0.0,0.4032962076657105,0.1351594881960713,2.1689655172413795,3.0,0.011460398592663,0.5752597490217245,2.015692606689924,0.038494181291262225,2.4709548238419323,0.020228891837956314,0.3125707349262584,0.034545625597146606,0.1206159246468765,0.020749753731982318,0.4920492279544571,0.015331233831163877,0.0238120740251034,0.0696166510909079,1.7671117800251648,0.0055162574192258946,0.1443320307592174,0.2575940007138078,0.2179567420632391,0.029933476578746475,0.2574764300772509,0.060722794926733305,1.4068637261957524,0.2078003504197663,-0.062481169236723,34930.0,6
691f558b-a7dc-832a-8fae-bab194f7b27d,1,HOLDOUT,0.0755596895797371,0.0117197896473702,0.0465160499065467,0.4420288754578034,106.5,0.0,4.306723557167544,9.11936580813126,3.3015851642160388,1.9247875484015928,1.0,0.0488023768023552,0.9545254207186722,0.0988605245610316,0.1348343523609481,0.0,0.854130668206811,0.4260251703681506,0.0387768411123434,6.05048126979983,0.3885978676463802,0.0,2.414414414414414,3.0,0.0931684350431498,0.4284349985984615,0.6918689319802211,0.04407342142374012,0.66478544082953,0.02042380284331704,0.0368696414428464,0.17276495204714987,0.2551134984900466,0.08210545531580771,0.1709523668500901,0.08635165074710752,0.7902142713616133,0.02629762874774578,0.6477231552181655,0.05790463735475638,0.4167627403789531,0.07579249045263285,0.2155351733182401,0.3265309480791504,0.2451272239605706,0.0271287085300368,20.675419401896427,-0.0225468402667515,0.0153411680337772,23239.0,6
692091ca-ecb8-832f-a281-48442427ada4,1,HOLDOUT,0.0562516867795041,0.0070941126575933,0.1252256785154053,0.5372600926538716,156.625,0.0,4.710736167985468,7.544828036711631,3.3252255303426828,2.463130022476061,1.0,0.1431568262561326,0.7541153233797652,0.0939828012998744,0.4143605528753663,0.0,1.1699867606761292,0.2771021275285569,0.0,0.0,0.4926260044952122,0.0,2.472636815920398,3.0,0.0887915470447213,0.2222452422529375,1.2623541365189814,0.16794591240160694,1.2007758859570798,0.0029005238701275637,0.0307891252809507,0.20859632377844145,0.1633079661625894,0.05222588757879609,0.2367774587859235,0.07452570515286945,0.3386803780904585,0.05320573537577163,0.954462883709474,0.015644903158376064,0.3694695033714092,0.2211843093706111,0.4310477539333107,0.11752209119738909,0.1479859117412022,0.049782460709740434,6.989593188268685,0.0465116279069765,0.0460373123860287,32479.0,3
69224691-0bdc-8325-b20a-ac4e5f3cc4c8,1,HOLDOUT,0.0559329306178918,0.0068317236306802,0.0306312785318879,0.4522836960445839,96.25,0.0,5.222336799334809,7.824609795621567,3.293591627963235,3.105472549486864,1.0,0.0316032204373109,0.96368380450102,0.0814115671120178,0.3734571834372623,0.0,1.009977032777359,0.4972336894638101,0.0,0.6463825661387875,0.2029366576692159,0.0,2.294694000602955,3.0,1.0126963781102798,0.09858700458388256,0.8618088698944842,0.11656907768983343,0.8775441717310535,0.006699368897172245,0.0770732709896208,0.20458536942930394,0.1191455164122102,0.061872181477225646,0.4572170321741681,0.10227655309996384,1.0363145337456297,0.044041896105789735,0.9316462932986044,0.021189947642920468,0.4459422338783204,0.14786045248675855,0.6262527900551471,0.0857540984661662,0.3224293694710115,0.020866841134700175,31.86009768740032,-0.1163072100313481,-0.0037482398246157,20560.5,6
6925e053-ca9c-8326-a5b8-74e12c839569,1,HOLDOUT,0.0561170778167747,0.0110953721549587,0.0711043174249587,0.475403040499272,118.8125,0.0,3.6054944976132326,7.12557519664741,3.2076421018511274,2.9110266814530448,1.0,0.0765979308849972,0.8771446437429838,0.0410090318164624,0.4305238616448757,0.0,1.9816730335599613,0.3316407454439818,0.0,1.4467200932640192,0.6136669245913482,0.0,2.2094114662607813,3.0,0.3205749878365943,0.08889714508460808,1.0227280286000373,0.08177641209342003,0.8562749135700214,0.009542234174289444,0.0466189266987947,0.32778189761485665,0.3851546915406938,0.03734517627710096,0.1609807375787895,0.07485737736075673,1.0159023866050882,0.009860390506485886,0.7974476097921122,0.013356473503700301,0.4713724465937366,0.08853720305855534,0.4997211901803592,0.12124571436556898,0.3009087477472176,0.011731359063694487,13.191028998971513,-0.179767062812774,-0.0827218673009985,26406.5,6
6927b12b-bfb8-8325-80c6-6add963de8be,1,HOLDOUT,0.0754624386560966,0.0187995469988674,0.1072883796452314,0.4690494442315063,141.125,0.0,3.032995312643608,7.046328760595023,3.4380637914014365,3.3359430847261464,1.0,0.1201866977829638,0.8356793590956088,0.0751009290335133,0.1702011777921503,0.0,1.072271070126528,0.4289084280506112,0.0,7.689715388621672,0.6467644756101713,0.0,2.191919191919192,3.0,1.1641800189945162,0.023804417756808922,0.8373758373758374,0.08339108339108339,0.3982721117612818,0.022762783002971722,0.0,1.0,0.1361609422337202,0.014000796544223523,0.2382816489090104,0.23235864792184363,1.47054318188781,0.009098985937930824,1.055247302311332,0.045716036354971575,0.1225452651573174,0.3281455837750069,0.2450905303146349,0.12101524601524602,0.1361609422337202,0.015716430256425967,8.326664761360389,-0.1517004858531012,0.0140854207965397,32641.0,3
6928a1f2-a0f0-8329-9e93-e2c4354d586c,1,HOLDOUT,0.0578951207018025,0.0150506724817273,0.1337264908707007,0.4591519174543936,141.5,0.0,3.6156076743960943,6.812262358088111,2.69091974422909,2.778061572510004,1.0,0.1639411312638583,0.8299307737141864,0.0344560238322223,0.2338891928693243,0.0,0.8404692931756901,0.4564002384485925,0.0372412472268027,7.310993550718044,0.2438674033022205,0.0,2.364764052741152,3.0,1.3187529994650533,0.11429049511800718,0.888683361595523,0.0644804764759086,0.4500831504369128,0.020412736474214287,0.0703349380569615,0.13409369345684644,0.134667382087134,0.047847986294058786,0.1654566833859153,0.06936196002696846,1.0844080832260103,0.02159625753389534,0.5965463638207501,0.0310233136249646,0.372654500593265,0.08928851963297016,0.7546497554163103,0.17356148958204626,0.2193884761939775,0.023026095124907168,10.747361728502309,-0.1587273784742627,0.0894322722875038,33818.5,6
692b82a9-7764-832d-b3d5-f63b59792646,1,HOLDOUT,0.0634562309160158,0.0174371166003961,0.1516815591817959,0.4589367880615315,153.625,0.0139361168404035,3.1509671614861343,8.09290602317239,4.481852680597727,3.836574316260655,1.0,0.1788280455502032,0.7983615786311375,0.1181325325728512,0.4050355506971976,0.0,1.2936633180070765,0.5754011419833872,0.1538719785138764,1.724944520368402,0.3842527476211486,0.0,2.1585723598435465,3.0,0.8927473952686471,0.07016910619281576,0.9726426080880756,0.0968009266266097,0.431406807409371,0.02359012615681856,0.043897132464819,0.24489801847793985,0.1184803837942022,0.026026958559347453,0.2261737465321394,0.020820082699707494,1.616927438242482,0.02663517607280525,0.5990205057105246,0.009520659713221392,0.3770151934951371,0.5198797345074141,0.4417373198327277,0.026526824068226623,0.304315580032151,0.0026160152110089128,5.598366258787593,0.3700400329683269,0.0537315961303089,35811.0,6
692babda-5438-8328-9643-61eac55f9b65,1,HOLDOUT,0.0412239694007649,0.0066581668791613,0.1746061375345329,0.4023770885923789,128.875,0.0,2.202643171806168,10.00522661091615,2.501306652729037,1.8666467557679385,1.0,0.2115523792292382,0.9015421737852022,-0.070072675995227,0.1119988053460763,0.0,0.4479952213843052,0.485328156499664,0.0,1.8666467557679385,0.5226610916150227,0.0,2.0508474576271185,3.0,1.6799820801911445,0.1311879339953707,0.4479952213843052,0.25412528933024714,0.485328156499664,0.029269021130441275,0.0373329351153587,0.10076159187635332,0.1119988053460763,0.05969536324945867,0.3733293511535877,0.028335697752557305,0.6719928320764578,0.060815351302919436,1.3813185992682744,0.01788247592025685,0.4106622862689464,0.10244157395654446,0.0746658702307175,0.17460613753453297,0.5599940267303816,0.003061300679459419,4.729353872486093,-0.7221223791185284,-0.1832888486767702,26786.0,1
692c182f-8848-8329-aa72-e1c484f0883d,1,HOLDOUT,0.0675788718929254,0.0187710437710437,0.0243935739316433,0.4017235926628716,137.375,0.0,4.180849489418382,13.243526145724298,4.574080212131256,3.5452498442964595,1.0,0.0250046650494495,1.0282901356593233,0.127845099858483,0.7281663860192054,0.0,0.7665405068749103,0.1325820351342393,0.0369986680479502,0.0,1.2287807764074092,0.0,2.341880341880342,3.0,0.5749053801561825,0.09657306694579712,1.6134109869353062,0.011332089382423884,0.8623580702342739,0.02549208228503774,0.1437263450390456,0.2708650977792509,0.1437263450390456,0.05555187272124627,0.1820415965048013,0.11687391783409413,0.9581756335936378,0.081841053722066,1.1805446245868092,0.01605540689438061,0.3699866804795028,0.26077458699312794,0.0958175633593637,0.5016611295681063,0.6228141618358646,0.0029499502817368246,40.21200750469043,-0.1014634146341465,0.0778235647129425,25412.0,5
692db1a2-ee20-832a-b527-b36a57210cb0,1,HOLDOUT,0.0609859496939224,0.0055745461868222,0.107133350089968,0.4865660802490225,163.9375,0.0278951981769011,3.38010533440489,7.86865640933502,3.624014206806909,3.721454037965765,1.0,0.1199933118783616,0.8308012909086893,0.0503054318686903,0.461718681499508,0.0,1.2315844035040109,0.5530851693716795,0.0,1.156759428984044,0.6898817159814916,0.0,2.144838546557827,3.0,0.5886468790100131,0.09322593435456628,0.829834636040953,0.1128987652279965,0.5532460755391881,0.013778822485019581,0.0904787424838508,0.07496785569077212,0.3765965039466125,0.03951079669841759,0.2406128281016991,0.03587934201945148,1.9480222630022856,0.01562384776172198,0.5114499930547,0.027200776138190823,0.3015868283050128,0.07067874464363567,0.681984443753441,0.08821710623493888,0.2722357676239989,0.024380066943550625,8.340776097398255,-0.2797436153963627,0.0255969420835682,33154.5,6
692f5d5a-5c6c-832f-afd8-7791e3ae7169,1,HOLDOUT,0.0380716551884237,0.0368335525806701,0.4932003050330452,0.3727251184834123,37.75,0.0,0.889679715302491,0.0,5.274529740721912,3.1774275546517536,1.0,0.973288186606471,0.8137080929205497,-0.2386674295886577,0.0,0.0,0.4448398576512455,0.1270971021860701,5.592272496187086,0.0,0.0,0.0,1.0,1.0,0.0,1.0,1.0167768174885612,0.027834265378749366,0.2541942043721403,0.02402135231316726,0.0,1.0,0.1906456532791052,0.06513726487036095,0.4448398576512455,0.024974580579562786,0.0,0.5393365531265887,0.063548551093035,0.9464285714285714,0.0,1.0,0.0,1.0,0.0,1.0,1.0274555297757153,-0.5610724413508642,-0.448274996863631,15736.0,1
692f808d-76ec-8331-b1ab-4e1eb2ad3360,1,HOLDOUT,0.0756207674943566,0.0087879897473452,0.0402476780185758,0.40970041862899,76.625,0.0,3.2164395800759435,9.23226433430515,3.529148983694438,1.9147917663954048,1.0,0.0419386300547678,1.096251120171973,0.0408476890251851,0.3573821755639937,0.0,0.8934554389099844,0.1340183158364976,0.0,0.0,0.0,0.0,2.108108108108108,3.0,0.0719994240046079,0.9723522211822305,1.7869108778199687,0.10827959762703121,1.0833118390508123,0.035023453205271386,0.2879976960184319,0.21892452529120793,0.0893455438909984,0.07143176234085324,0.5039959680322558,0.12001943634596696,0.0893455438909984,0.40024479804161567,1.3563108345300785,0.021398257761894125,0.3599971200230398,0.3511175898931001,0.0797829902664751,0.2,0.5039959680322558,0.2867681196801651,23.967625899280577,0.2906474820143884,0.0299635114831506,13889.0,5
69305a19-e310-8325-9a5c-98c6d8fe99e6,1,HOLDOUT,0.0650709093972296,0.0060529505257366,0.0657666887702046,0.4587961071581998,109.5625,0.0205592105263157,4.099773326530808,10.579060210405816,3.583454620406515,3.002022578901041,1.0,0.0704141430979416,0.8952702066996541,0.1117456398425641,0.1636899754180848,0.0,1.2050314239380486,0.2249806981531378,0.0133639813973378,0.0,0.3778070580847621,0.0,2.2662597114317427,3.0,0.4080493753565499,0.07035575344903186,2.003012393735605,0.009926206196949599,0.9134154505153138,0.02498386451462921,0.7065122947656745,0.1328550217806663,0.124753805914263,0.09314468589718158,0.21660830793523,0.05755382097337739,0.9555801306378686,0.09251411097317803,0.7922093002433003,0.03743413478712973,0.6041251075251166,0.09316954571561178,0.5248508422213516,0.13796141135582743,0.3181779571893151,0.07158539331064233,14.272339352071109,0.2541225627770074,-0.0089532617712242,23545.5,6
6932383e-a550-832e-a437-aeedb5883fbc,1,HOLDOUT,0.0629115738169181,0.0134421888162103,0.0368326955216508,0.3897101784773275,111.1875,0.0,3.810523958788398,7.876949691312014,3.078470727691002,2.957938001193324,1.0,0.0385524761803033,1.035315079135624,0.0395567408682824,0.3280687650661979,0.0,0.7072024921187994,0.1102223372448816,0.0670869421293287,4.050401979499192,0.6858099248712575,0.0,2.313936781609195,3.0,0.8716280986665925,0.11270219061993855,0.6445863180806225,0.10134378846554898,0.4676398930897953,0.0029041810604374073,0.0708719582625603,0.2817749996480355,0.5557564246462923,0.035188135732206194,0.2103761225533237,0.025304111354423856,2.177366410933434,0.0161716345269253,0.7945480179991067,0.009695976477849297,0.3001369349789212,0.16808917487932387,0.9637982816773192,0.11480698401861524,0.263708321484188,0.11274033759582516,33.37580249437743,-0.1402180610148822,-0.0459897000416673,26290.5,6
69337a14-0af4-832d-a473-20e5896b3be1,1,HOLDOUT,0.0582123778818135,0.0085764235749082,0.030235431058934,0.4215048962414544,93.875,0.0,3.6890156789971216,8.760004270895053,2.9975100081468806,2.7177904203963053,1.0,0.0312266427539821,0.9663842121971332,0.0578040430001983,0.8925418743213939,0.0,0.5896445975442535,0.0948856627763544,0.0,0.0,0.9173927689536006,0.0,2.56803631707601,3.0,0.250689508937299,0.26243395804049324,1.40755775070163,0.07982062992694364,1.1507362825979264,0.05304092986440405,0.1549029700207676,0.11664430449724139,0.0485723103262953,0.3480016722659504,0.265837369947102,0.04422962446832338,0.2560958003867867,0.1190038975636675,1.1767142981746432,0.03278402929043067,0.4879820611391901,0.0931305134397849,0.1186070784704431,1.0,0.168223043255467,0.1915746744946358,33.86963207282951,0.0716119545063828,-0.0416159688743371,20599.0,4
6934d3fd-d9c8-8327-8cbb-ed2f22efe02a,1,HOLDOUT,0.0629676032549488,0.0114633717059966,0.0391790255904397,0.4410842046271723,150.0,0.0,5.2504245971716985,4.825328089877871,3.7775822451043775,2.3094118103106487,1.0,0.0408715809492108,0.9736977987816468,0.1002906362134829,0.599689311696655,0.0,0.8017825033971369,0.2711736293724576,0.0450487275712188,2.858636638347586,0.6805930915773549,0.0,2.394862248696948,3.0,0.3021988857201078,0.214601656598457,1.3771989874508133,0.05900698695201415,0.9330111254349462,0.004976699307702136,0.2099409005291132,0.07410515767036036,0.1153351932651437,0.13225970299127748,0.225243637856094,0.03473683450398424,0.3873422801012597,0.08759100615711335,0.6612982964239604,0.013327406963467296,0.3664156035651273,0.0792977400099692,0.1020218012455342,0.7331016299137104,0.3030683733896503,0.07413040626966641,26.057297268935123,-0.1033987097301609,0.0332009256477407,29626.0,6
693782d3-5da0-8330-96dc-191d211d9f9c,1,HOLDOUT,0.0611248786178751,0.0037399929922417,0.1228171140064361,0.4964410800619234,159.625,0.0,3.4536579595752195,8.521319985206194,3.48599852987309,1.408694824952195,1.0,0.1401805076568575,0.7706557861792839,0.1120921907614365,0.5589063634570264,0.0,1.2801594052512586,0.2429558585044085,0.0137953868226465,1.0041414348277131,0.6660764242145703,0.0,2.3085528864781093,3.0,0.17673032419838,0.3022478474987733,0.8086084277151415,0.09437142175860772,0.8829086387850336,0.028544491116579168,0.0575721851701476,0.09457749270745813,0.1775826435897655,0.11162516160851274,0.1320545377428235,0.1519115927150201,0.6111014905326468,0.03197841096909178,0.508307668037763,0.020556536149345217,0.6114604162536912,0.06171162259501113,0.3314081552150859,0.2700067818208851,0.1586073343041941,0.10844513043256858,7.206082269225183,-0.1202377460574442,0.0597101973188255,34761.0,6
6937eac0-58f8-8333-8b99-4e70c64d575a,1,HOLDOUT,0.047321412503035,0.0423340406095753,0.4783497615420091,0.4154708271976365,45.125,0.0,1.7554292366799995,3.0213921849721186,3.339098705054004,1.3503249223190517,1.0,1.1400549020039124,0.8321539186250636,0.0117579149295166,0.0337586928634123,0.0,0.5327849695571515,0.292664027443561,2.650012375148421,0.0,0.0,0.0,2.2303240740740744,3.0,0.1875778567836198,0.1833685192143156,1.058082788915876,0.04669854189509636,0.2531873474484122,0.026905389890588993,0.1463297345000364,0.1587150500405527,0.2975704465326227,0.060697684180564385,0.2326337919151634,0.03499760516970901,0.1894800537912918,0.032327544673448116,0.1200604710567952,0.4157661226706608,0.0675173857268246,0.8146310174870028,0.0643208345264178,0.12976151888745652,0.2700695429072986,0.7000877726014448,1.386401009340358,-0.3034971409358203,0.0420317823702064,24327.5,4
6937eda0-34dc-8328-a7b7-0ec0976eb833,1,HOLDOUT,0.0425699727243152,0.0094645703239097,0.1929649503285619,0.4427915738722268,177.0,0.0,2.861015999835632,9.812268935365392,3.370623172570661,1.5844997435347792,1.0,0.2391689646286902,0.8784312637781079,0.1084941116350626,0.2714017382000226,0.0,0.7530355598263594,0.1182421589495172,0.0098324549673562,3.4160110436438824,0.4863180284942763,0.0,2.317232837933475,3.0,0.0734080505674254,0.47595842605815475,0.8063433397926967,0.016740208627864666,0.4159860761204102,0.0054458563069077915,0.0843857219837645,0.08952231622745431,0.2524442079564709,0.05591574645292885,0.1282964076491212,0.02889757562563606,0.673994083728528,0.006413505337466309,0.6503655070659825,0.04033606427280204,0.4400633856235595,0.0511475456510114,0.2295796768269669,0.5146164864788358,0.2381110265690059,0.01629629053657425,4.187732627250715,-0.3759914208727639,0.1447328849079818,38011.0,4
69390d0c-8f78-8329-878e-711bb13f3bc6,1,HOLDOUT,0.0648666317680402,0.0060478224746415,0.0734738657145554,0.506361846755364,142.8125,0.0,4.735780507143437,7.631914965276666,4.034693171111111,2.477574984350245,1.0,0.0793561158382185,0.8602036109934967,0.0735525415225338,0.7416306001047506,0.0,1.356563501165742,0.3106233111334903,0.0364630873753595,0.0,0.6205702367887952,0.0,2.368381173114637,3.0,0.2522017725549923,0.2098849022492557,0.9956353873830353,0.04502411351405244,0.8858658987814116,0.017999180084607894,0.2007504760268608,0.11618537865532633,0.1903051586622588,0.0560191641337186,0.1765419511682884,0.03709111904743832,0.6105257939651987,0.08235297355676341,0.5685037557378225,0.017339786026852235,0.5584012407057938,0.03552273781364247,0.432503152838772,0.2818995087213121,0.2294805617712519,0.025339942346322704,12.733068934573708,-0.4561199293453345,0.0088255636234843,27464.0,6
693d0da2-8304-832f-81b1-c3abcf628232,1,HOLDOUT,0.0463096960926193,0.0098671227470069,0.0766675185279836,0.425099565532223,61.5,0.0,3.936170212765958,10.74468085106383,4.663363450888954,5.111167901865576,1.0,0.0830411515039675,0.9490191186901876,0.012745053307174,0.0851861316977596,0.0,0.1748761294083357,0.1063829787234042,0.0,0.0,1.0492567764500147,1.457301078402798,2.4473684210526314,3.0,0.1063829787234042,0.8206936753133197,2.5065578548528125,0.12414893617021276,1.6904692509472456,0.02197802197802198,0.5111167901865576,0.19925036204105973,0.0582920431361119,0.33404255319148934,0.757796560769455,0.18404255319148935,0.0,0.14797872340425533,2.4468085106382977,0.02792188866219761,0.0,1.0,0.1748761294083357,0.7445642669775575,0.3407445267910384,0.04480790527302155,12.079152731326644,-0.1232432432432434,-0.0943239501615138,11739.0,3
6940b547-2588-832b-aa19-5d79692f4677,1,HOLDOUT,0.0662302469879738,0.0241332470088094,0.0394115489173169,0.4395319860422171,74.58928571428572,0.0,1.437078584830157,3.036195038084676,3.671400243990152,2.8754318645366674,1.0,0.0410855792886112,0.9203743350830144,-0.1187294026813332,0.0,0.0,0.7904843628489028,0.0512123352131613,0.0223553608155235,0.0,0.0,0.0,2.340909090909091,3.0,0.4968940429120744,0.10372438158424713,1.1605472742608092,0.02634103798216702,0.2773849583226132,0.03422852330883798,0.2052653220305657,0.023503737843328515,0.4889153274613239,0.2867021536244489,0.4785916414113833,0.046679906663426626,0.1980039444786472,0.10446543595240557,0.818352239882969,0.010652471238990605,0.0,1.0,0.2804571181097858,0.15628709334681806,0.5202941038053825,0.005829247646246527,24.10920637403281,-0.0600203352224643,-0.0099413889841761,19359.0,6
69416cbc-ab28-832e-b813-346ada0aadbb,1,HOLDOUT,0.0640321432204251,0.0168853626284203,0.1437140408862774,0.4329233813966638,116.0,0.0,2.489084751295548,5.222997510915248,2.489084751295548,4.325294813726691,1.0,0.1678421654593976,0.8100102250988449,0.031245869776482,0.2448280083241523,0.0,0.0,0.2856326763781777,0.0,18.77014730485168,0.8160933610805076,0.3672420124862284,2.0,3.0,0.6120700208103806,0.13012608642428694,0.5712653527563554,0.11853756069694373,0.8977026971885584,0.0319908597543559,0.1224140041620761,0.15073244379156975,0.1632186722161015,0.06524666421838658,0.3672420124862284,0.030970743053005265,0.53046068470233,0.06647080426000734,1.8362100624311424,0.01954543599787816,0.4488513485942792,0.5199738850124455,0.1632186722161015,0.36569143510017543,0.53046068470233,0.003345982780430081,5.962205171923842,-0.8735436203466899,0.0566798532005145,24507.0,1
694352f8-23bc-8325-8444-6d926981c10b,1,HOLDOUT,0.0789160885719098,0.0086145281824614,0.0592386680890617,0.4401702269090758,107.375,0.0,3.482258826211392,9.904978232364927,3.412050659373987,3.7066591816196457,1.0,0.0630249289898254,0.9162083639151168,0.0879259377487025,0.3971103735443358,0.0,0.8616734015669978,0.0,0.023191094619666,3.0278981957796267,1.132152123490985,0.4786060012733708,2.539705882352941,4.0,0.2459057722237351,0.24134148850366022,1.252648951144041,0.055794009999670574,1.1770131666771042,0.01663080430827999,0.5714107342166234,0.07591177951973944,0.1031124978854431,0.2137870828604229,0.5774563793075489,0.018179150880499307,0.1324103624504223,0.10543624387081599,1.0502108881584538,0.023877672066845677,0.2857053671083117,0.12237692630179907,0.2250267470612565,0.3113698515812379,0.2205680727225844,0.03953333460639439,16.136087009255114,0.0068164333825912,0.1214458769576878,19087.0,6
694722a1-c764-8327-9fe3-6dccc1bb5f13,1,HOLDOUT,0.1245407081644885,0.0078525042215075,0.0345209498353982,0.4087960829333543,88.8125,0.0,3.748412895146699,12.089014388462129,4.41976130462617,3.731617891353204,1.0,0.0358770949712256,0.9674933931645332,0.1002939582182081,0.2849428083072942,0.0,0.9914918171084096,0.3413192394550751,0.0,0.0,0.8567412138362133,0.4989893901484531,2.28109056122449,3.5,1.114230517892382,0.05033322385325338,1.2664773594097465,0.0701098022725787,1.7889349777636565,0.014611920106034496,0.3599170906696489,0.13055684354880331,0.328597829554681,0.21390542642668453,0.6479007141069619,0.11945868563149217,0.5386594734842394,0.2983666032978429,1.7303945965810528,0.019211992001442156,0.3413414398557835,0.21635309389790425,0.0,1.0,0.4762571040186713,0.07420272141103688,31.082248873441507,0.1388745415482105,0.0171423209978516,13909.0,6
69483672-6f88-832c-860c-e5fdb3ec7133,1,HOLDOUT,0.0534076129417612,0.0234894735082251,0.2218310517162252,0.3625912132245473,58.375,0.0,2.2187890062430853,5.338917375552771,4.420719296208849,3.742559117036614,0.8571428571428571,0.2893480600580507,1.001527683140489,0.0179014053568845,0.0715458299701953,0.0,0.5698020172044485,0.1329181142466161,0.0306861421382103,0.4085968783198496,0.0,0.0,2.22463768115942,3.0,0.1072431185276833,0.6639328167611688,1.4639941523125042,0.03719960309330219,0.8278638175041337,0.05246609087419342,0.1840341003008189,0.15795104451629785,0.1584418571103295,0.875132793985454,0.2653894072104926,0.09118351442008471,0.1447068737278543,0.3431921743542506,0.4902620058587107,0.07498956481970748,0.0339835519608509,0.9493645075783321,0.1326367980207632,0.41379362353481586,0.8001384588649185,0.014201470679600701,6.17119680956441,-0.2395636570284945,0.0034940652038553,15503.5,6
69496114-d678-832b-b342-eb9ba8686bec,1,HOLDOUT,0.0821525690568198,0.0088560885608856,0.1114348991723977,0.3787020630299962,109.0,0.0,3.1472199557057934,11.889497610444108,3.263783657768971,3.865596193874517,1.0,0.1254154276718558,0.8597483755226925,0.0284714896452168,0.2973535533749628,0.0,0.5051093756071026,0.0835282325425994,0.0,3.613474763958504,1.6318918288844857,0.6993822123790652,2.271604938271605,3.0,0.1486767766874814,0.14329268292682926,1.3987644247581303,0.13322753090544603,1.5930372615300927,0.0211864406779661,0.125292348813899,0.4972494796312816,0.077709134708785,0.3927031122508451,0.3758770464416973,0.059253215215448574,0.2719819714807475,0.0886661227027237,1.4867677668748145,0.07656853999405293,0.1942728367719625,0.21121342813847768,0.1165637020631775,0.8681089208152355,0.5429335115268961,0.12867975022301517,7.980802792321117,-0.3765853658536588,-0.0882221736278156,23944.0,3
694acdaf-ed38-8330-89f3-d6d0624328ef,1,HOLDOUT,0.12015870011191,0.0042666138631024,0.0767758829757859,0.4785786824785371,104.375,0.0,3.083720068434757,10.66788319906125,3.900902141547528,2.5022426864505416,1.0,0.0832053016236583,0.8621414263786306,0.06387298140877,0.2117645847417244,0.0,0.4280750065799318,0.2552866969432809,0.0,0.0,1.0724230113522886,0.3333809452447408,2.463977676306444,4.0,0.1532055798623552,0.25487604567789357,1.5393639122166696,0.07280002724025751,1.662286518264355,0.006981452509762773,0.2692979414982068,0.20437555319382028,0.1815298308566168,0.3102743942415389,0.4238908380642284,0.0511413735250319,0.3901121208086872,0.08364607961917128,1.5965952163623784,0.04034722376791902,0.2549922436941665,0.33961355814969213,0.2421512303237166,0.49074599125536916,0.4556069877136305,0.03447604847673104,12.11739111606931,-0.1165117160410121,0.0231371513626716,17702.0,6
694c5d34-691c-832d-86f0-1982fcfd921a,1,HOLDOUT,0.064243819217318,0.0119721603009846,0.02788185080247,0.4065791575415918,94.25,0.0,2.808694062576303,11.883824695212596,3.0126616146431213,6.025162258829597,1.0,0.0287291185581928,0.9762858768622128,0.0396915173173761,0.2019629804579903,0.0,0.4320669884996473,0.0524110631096721,0.0627388692583224,4.505242899453175,0.9554414467988894,0.187061423326194,2.2788461538461537,3.0,0.0289720709236296,0.8300285413850083,1.7068290912305282,0.037400652317615544,1.1271218308437263,0.05761253818036152,0.0667446776805346,0.3124349484076649,0.2817341569723774,0.23766837558790144,0.6232873136329129,0.09419821332193704,0.225387325577902,0.10550760416534152,1.3653872460762255,0.024288481369433804,0.2789848966248481,0.28007042254379294,0.0854634839073357,0.841340419107295,0.4240826757920279,0.02386685777259758,37.14885283018868,-0.0295984905660379,-0.1093313591352717,17761.5,6
694c5ff2-bca8-832e-8b98-2de705fdb38b,1,HOLDOUT,0.1248312332009338,0.0056204448492803,0.049805585665371,0.4484730311770843,87.4375,0.0,3.539158701421155,11.59435702679728,3.5767925625892354,2.751189398027492,1.0,0.0524217272019494,0.9172259433217154,0.0893429055872537,0.6477050852201351,0.0,0.6148038547141141,0.2204008286689066,0.0,0.0,1.1135165520613373,1.1238687178782658,2.3666666666666667,3.0,0.1315784929316695,0.5393544147917297,1.846290095282716,0.015752264359364082,2.186945822907344,0.037951076408234044,0.4320034912360636,0.12473864361952007,0.0995974448568442,0.14594647219365936,0.5283191140355327,0.10395262334420076,0.5490013937020723,0.07926623450834681,1.841542586965641,0.01773217348228104,0.1991948897136884,0.21249311509268035,0.2269285021872886,0.50454067647909,0.3313619224026268,0.10637424465616988,19.158224483823385,-0.118105472636816,-0.0042319805262615,15090.0,6
694f44f9-9448-8330-861e-1d95c09325d6,1,HOLDOUT,0.0549840821198642,0.0129901630482981,0.0782742546768695,0.4707539964802676,114.375,0.0,2.89574712100427,9.99319982111241,4.092498726383802,3.291222519320162,1.0,0.0849678620614019,0.86006583479845,0.0557863908854266,0.4220480283041942,0.0,0.8383862287439939,0.3207819737550973,0.0,2.555280458982156,0.8414132599467197,0.5228427140988494,2.190603627713351,3.0,0.1539585552135692,0.420463333338068,1.1643444317755356,0.06117016660481073,1.5048659723694482,0.024122051979505527,0.3002794155406816,0.15528010537708692,0.0696633512397333,0.3017426396036461,0.3476039430910108,0.08872397889267862,0.577011211006435,0.06503406492759575,1.352777258407612,0.025967189692003706,0.3168379048270482,0.02202187646433035,0.1158359813143269,0.44804132799072616,0.3812754331299616,0.14262925932438342,11.864274087685097,-0.2986396966709835,0.007355595916824,20651.5,6
69508cb5-801c-832a-862f-cda4c06c06f4,1,HOLDOUT,0.0295952735906355,0.0060485776391645,0.0592636525388932,0.4493110236220472,105.25,0.0,2.616341411108728,11.086272183949998,3.6598660644759375,4.334139331173867,1.0,0.0630001454968718,0.9026143503768655,0.0602940335221097,0.5474702313061728,0.0,0.5018477120306584,0.0778694907335306,0.0,1.029380227321467,0.389347453667653,0.0,2.4339622641509435,3.0,0.3649801542041151,0.07253980564806789,2.1024762498053264,0.06254847392673023,1.2774305397144032,0.028924677220676126,0.2144542140253056,0.15130042049524997,0.2144542140253056,0.2771177353634999,0.729144327686039,0.11481878618914862,0.3431267424404889,0.02805784935444135,1.7792782517450614,0.06441899721702632,0.4106026734796295,0.12126465623431726,0.3114779629341224,0.06759071795670456,0.2281125963775719,0.07522192804859056,15.907407407407408,-0.0049382716049384,-0.0491622135676117,21919.0,3
695307d1-6b48-8333-aaa1-c19965d19a8c,1,HOLDOUT,0.0471699258968064,0.0117563258571484,0.1034018511929615,0.4511768505025683,175.0,0.0,2.699856360706467,5.969223445159594,2.455735953571728,3.215078657904771,1.0,0.1157882131674636,0.8495460927381815,0.0784631661916061,0.2161115236450864,0.0,0.5109077671547645,0.0,0.0826606648733846,8.664359130913732,0.8977923298571042,0.2800465835367804,2.336972891566265,3.0,0.1838282223673513,0.13252272803739099,0.6457977417343868,0.1307853707371656,0.9075987963103178,0.015594935911946136,0.2175439287502188,0.14548983777835645,0.0925965842594903,0.1362646708857582,0.3087268649491072,0.028182588484761024,0.6963953168881325,0.03440504258628474,2.46485430582302,0.01871626797644398,0.1407145335478452,0.24571012838793924,0.2168127537654315,0.34932782288092074,0.4680070130437044,0.030798101099936845,8.98698553834901,0.1145489737355537,0.0702262767584687,27848.5,6
6953290d-f444-8325-9567-00c26dd15416,1,HOLDOUT,0.0397785544393651,0.0152610898209165,0.063289678192134,0.3799784253635457,87.1875,0.0,2.306685043150069,8.350176414511147,3.974397968842316,4.8516041713409175,1.0,0.0678636809456526,0.9601577380744164,0.0288255221975489,0.386582200480934,0.0,0.5285282089554022,0.1517405079717976,0.0,7.472014942159859,1.1533533905205962,0.470319300282089,2.5439137134052388,3.0,0.0673687635804871,0.5172633711237604,1.601676869936344,0.034204617648274496,1.094533097562745,0.020039921429853336,0.379351269929494,0.0963883728422971,0.2153377684223471,0.08603237338108963,0.4454507542116493,0.06458118148225825,0.5082733842243825,0.17675839062685744,2.076266104900321,0.03587704762553703,0.1194829278992968,0.21274516538237484,0.3584487836978905,0.12966011293802943,0.4408754143798167,0.05392200867363642,15.85199315432427,-0.0793689237076488,0.1027024077997799,19847.0,6
6954a332-4f4c-832c-b203-ffab10ebce32,1,HOLDOUT,0.0269034104027527,0.0050870813777141,0.0856845470169732,0.4579555551929175,123.75,0.0,3.161141541420279,9.075476451353737,3.1203496438083738,3.9942942848975616,1.0,0.0953417159536884,0.9259497717892872,-0.059574532163281,0.4951630578653359,0.0,0.2506025253103899,0.0523015177565347,0.1290183517362626,2.796034714405026,0.309779410670317,0.4287043059481606,2.538433908045977,3.5,0.3180400794714927,0.12163052126987692,0.9566523103127142,0.06159271567853761,1.2364766651727028,0.018974749579649276,0.1363782315689721,0.08851208694501855,0.1137895723225871,0.16626591164453258,0.3285264860991578,0.07822488686773514,0.5787063059980619,0.03500536822225131,0.8195362307104039,0.013238052796496893,0.4575916316257513,0.1531249332861736,0.1583761926928882,0.20821648652345415,0.4450607009624371,0.0513954108577431,13.063546740628423,-0.2014130608870618,-0.0954774563512522,26412.5,6
6955c04b-aeb8-8331-997c-ca99f3c3f749,1,HOLDOUT,0.0398439018519226,0.0146831231187018,0.0961180950325803,0.3954784866894861,137.0625,0.0,2.1615809595401645,7.700134776845967,4.401392193417026,6.995388659405059,1.0,0.1076729456007226,0.8860007103762282,0.1084735165979024,0.6701347890003774,0.0,0.7473862868508565,0.2778131962070744,0.0666907700378287,9.288975124375318,0.9267272150423144,0.3361915505681245,2.7751131221719456,4.0,0.2543441139060653,0.05089804957113421,1.434926054611336,0.048723717047294106,1.069790020984241,0.004717348934762304,0.2451522362829052,0.26498646516939434,0.420386613905892,0.03138704598246121,0.3007928902649746,0.08910280289416193,1.173737689757819,0.022235573317642164,0.8835055273054948,0.0038969026462571292,0.3210348839438941,0.10669975539192288,0.5119153164342203,0.031613694863434925,0.5473139767373703,0.03353527230600634,10.65217081329229,-0.1515857898913538,0.0862416277143912,34823.5,2
6956015b-a104-8326-827b-164d4a6b0462,1,HOLDOUT,0.0901074265152761,0.0060081343192062,0.024675160176907,0.4521120222649101,92.6875,0.0296208530805687,3.588384931232122,11.021667125964914,3.7704990225671193,8.43046915268081,0.7142857142857142,0.0254409141438518,0.9682756595933056,-0.0024005934069139,0.2193457856139184,0.0,0.5033539545616178,0.146831333395362,0.069754111363707,3.578843625285572,0.4379481361711231,0.7677102496487145,2.5461647727272725,3.0,0.0193229247178852,0.5402110063379193,1.1092152013176877,0.15666282375514576,0.7328837349693287,0.040924801744979866,0.0,0.7979788220745092,0.3290186784208776,0.04450630917161546,0.2445613789368293,0.16184238409358817,0.3890613251571145,0.07049896099400431,0.2865540329626624,0.15833113870739612,0.0193229247178852,0.9048539186891328,0.2344926628239375,0.23611985407700292,0.3335814482339763,0.0018407383125724948,51.079412605762926,0.0680860651120873,0.014049469418348,21139.5,4
69561d81-e7bc-832f-9f6b-24a43e4ef0a6,1,HOLDOUT,0.0323677820294763,0.0079848901938422,0.0582557510550587,0.4497145668231337,96.125,0.0,3.1096475122783964,10.844348433267736,3.668539300305808,5.196332516540247,0.9285714285714286,0.0618826514152338,0.9195345653577962,0.0304340544748669,0.4438956683612782,0.0,0.9255956053687158,0.4033444405634174,0.0,3.3634611352873423,0.697819754648958,0.4405852235525104,2.524731182795698,3.5,0.4367846891561972,0.13176778156027266,1.5694620162599158,0.11628583022657846,1.6022540548019468,0.018167679796925754,0.2398566244721669,0.11216039050158441,0.1656062401082941,0.15339153275368966,0.6299608086287591,0.0508182086020434,1.1132808248632748,0.06426570384359216,1.8890193030425424,0.016670638463308858,0.2162260118084857,0.32299975509749324,0.2914508317910045,0.74870978633097,0.4860403120602063,0.0360662669542736,16.294840771003564,-0.1958183761663446,-0.010467721026396,19426.0,6
695726f4-9868-8329-95fe-4d71d983d464,1,HOLDOUT,0.1061022847720355,0.0180302476716431,0.3252955567948147,0.4265617575799377,74.5,0.590376276837318,1.6144120920179033,3.626039418076599,4.41361364692953,8.574122253943688,1.0,0.5332919061786481,0.8819958588207657,0.0662656939892079,1.183746623534938,0.0220584991397185,1.0792526027169704,0.349626630745778,0.0,0.6731476968572564,0.7690605599256541,0.3336052517150043,2.33459595959596,3.0,0.0,1.0,1.4446351122802437,0.09793472694487361,1.8847704562781924,0.15413882989682345,0.2102992192960021,0.39648601845757675,0.222677301272879,0.2323970301178487,0.4375073614550365,0.020764321201213985,0.0,1.0,2.7340640587092127,0.0597163596916071,0.0220584991397185,0.8510664560086896,0.6097471911558002,0.1825559965866625,0.3365738484286282,0.03699165028521194,2.589951316773336,-0.1510864273715247,0.0455472961746087,18954.5,6
695b2708-bb9c-832f-b01e-1b1e578450d1,1,HOLDOUT,0.0336973103089931,0.007000568632482,0.0459266532075248,0.4336114369855245,93.0,0.0,2.610925474068204,7.479962910570175,4.087450504774226,5.808820421782036,1.0,0.0482212607044564,0.9448376293739408,0.0962467456224128,0.3235751514664491,0.0,0.6178743156109472,0.1170415767703956,0.2438362818058027,6.70336381481535,0.4495124593754578,0.1984368439508519,2.3241959064327484,3.0,0.1525273175358401,0.3034795336818241,1.3760065070964151,0.053551910397247125,1.244926786566927,0.00573769822164641,0.3168558056894231,0.10513493406342758,0.1260464481300376,0.09934709210155343,0.3583802482080249,0.046833342897246236,0.4286127549284885,0.096285869504534,1.8004210733498167,0.019424193165212995,0.409650152610951,0.1543620908111722,0.5798965703155092,0.05628561484433402,0.330117209618779,0.04323925231214558,21.603273435536565,-0.3581020712061733,0.0127624023386784,21156.5,6
695b53b1-09c0-8331-a21e-a40926c0df11,1,HOLDOUT,0.0306185207065017,0.0140072345615342,0.0587539248721427,0.4706081960572866,112.8125,0.1113253745422526,2.982145686396376,8.775209413238937,3.7889524605836575,4.5063690932221085,1.0,0.0624297535831348,0.9234814949723926,0.065036606887298,0.5935052509372702,0.0,0.7434657389973738,0.1337805588953255,0.0,6.809339211020369,0.834374325469925,0.5803598734020274,2.4817623690863124,3.0,0.1378920189634884,0.4471774206335364,1.72937105081852,0.0910624786129703,1.2849554043017672,0.014210572618282919,0.2955004368490574,0.19577095455495694,0.1047505537158149,0.07468383079605696,0.3577289101872248,0.051392753872927875,0.4651024727248933,0.059188828068207876,1.5911346764296428,0.023928011972450293,0.515499779417556,0.11879775175314883,0.363134315057265,0.18589069655919827,0.2987456680326416,0.11823022420249052,16.075318265607855,-0.0587874026994217,-0.0103429599814413,23238.0,6
695e4fe4-b8b4-8327-ab90-276040578345,1,HOLDOUT,0.0433063478154956,0.0118832267709949,0.4455532964647891,0.4325737734632054,200.9375,0.0,2.119948229361201,3.949819841213408,3.4772357886725054,4.252196053941605,1.0,0.8074333159734395,0.8942334092825724,0.0025927530150981,0.1418381023510864,0.0,0.9941120975843812,0.1619071425793593,0.1650534360238286,2.262949723754873,0.3113866302850399,0.2531081139291048,2.516249254621348,3.5,0.0567579839564098,0.885611726811159,1.079248159186605,0.0467587863459949,1.42166956854739,0.011975947453278164,0.3193257618782497,0.03525761428492454,0.1218991409790392,0.06506553245365974,0.3168348437627731,0.027256465980797576,0.4898056328834769,0.027282957784942705,2.5134752152113085,0.004169774350264072,0.0841370957135205,0.2584916773150818,0.400492057286235,0.14102801251040448,0.3094672713821357,0.017944428577591758,1.6262011171657675,-0.1868798289337222,0.0387683712055506,44745.0,6
695fa184-6bb4-8333-b93b-4c92835afc6f,1,HOLDOUT,0.0617357287535319,0.0133098876920447,0.0549363262393055,0.4145526751849332,98.875,0.0,2.608515717384793,6.020976240182921,3.399122808220337,6.365443881101502,1.0,0.0581323340866414,0.9972900461795732,0.0149064783945406,0.2932822877392135,0.0,1.3135502095990468,0.1976542166822444,0.0612995504699632,9.621594578817168,0.6468831563082138,0.0,2.421933667083855,3.5,0.1847340527074722,0.2557612063578553,1.6806671812801768,0.01148739105941611,1.3497560957575478,0.06614530586733576,0.2758900340055045,0.12675787982792938,0.2932822877392135,0.03540387853512218,0.4366666722402056,0.018415120395626865,0.6535183454309088,0.026381014964198302,1.5016155755471696,0.048059218357586975,0.2565486433943581,0.07544049719238988,0.1433555234587613,0.23930394198273233,0.4068266004905996,0.03864743308039304,17.23918258629094,-0.0066574015959832,-0.0276132070335462,23955.5,6
69620104-790c-832d-9aeb-235f1c506764,1,HOLDOUT,0.0272689518454975,0.0123954301926064,0.0941995523761083,0.4480402843694243,99.9375,0.0,2.530693352517389,7.783155048453148,3.850186775138556,4.649038347621191,1.0,0.1041738162723242,0.8841454213637516,0.0981482109931485,0.1992807247571323,0.0,0.7046635997756832,0.3234639572637951,0.0942555953660406,3.876336127680344,0.7852237751056883,0.362359627744335,2.571949602122016,3.5,0.1788167657217078,0.2657606054269403,1.290477998354981,0.05215945985803405,1.5029166625885184,0.014744814665835118,0.2510392587074843,0.049980962546955665,0.1509978105336041,0.03412033816077781,0.3663383881396881,0.029883219095553214,0.2694904340037187,0.1115650158584096,1.4655893763854302,0.007354800143027338,0.5640179568885927,0.20229180906527827,0.3524502207982838,0.9295188443821198,0.3195649059899282,0.03650183329689358,9.785135221482085,0.189010989010989,0.0913958980921685,22686.5,6
69653997-63cc-8326-adf6-adbe7a181603,1,HOLDOUT,0.0371401813712291,0.0078814680971455,0.0333347235693552,0.4364593562892071,99.25,0.0,3.1370722908919504,11.000053454480105,3.717465238993584,5.527303275125248,1.0,0.0344861791790281,0.9505372821557634,0.0692763054270132,0.1488598617010839,0.0,0.7741898825748582,0.1624488804710335,0.0,2.959119758124183,0.5786212916572404,0.3016940193991378,2.359102787456446,3.0,0.1033550236293054,0.3179598628941516,1.635722876582329,0.05764634992022569,1.3712668813337725,0.020466075579662155,0.252770501909394,0.08315739950115805,0.1858396297541231,0.21737597712355794,0.6538929506331864,0.07868184842583781,0.2557920067856147,0.1206719473861928,1.388336269024196,0.01046604260837493,0.2132438212949274,0.1848498362484144,0.3066781873225946,0.618578304510343,0.3946693365746506,0.0668600341316498,29.131456475160697,-0.0779056394871247,0.066128008726233,19273.0,6
6966fa47-2290-832b-9a39-9419fe50f982,1,HOLDOUT,0.0404706085599841,0.0076702609105824,0.0535721851573515,0.3406770959316704,92.0,0.0,2.5297090537553046,9.808209478560538,3.838001828804714,4.516503375992894,1.0,0.056649026032404,1.0803847653750056,-0.0547686815117072,0.2166891850583205,0.0,0.8507128898768264,0.2303201558849727,0.054947605830463,0.0,0.590537080489693,0.7637210572766209,2.396934865900384,3.0,0.0122028603504661,0.8840728266705715,1.2175546030713642,0.04811336274926459,1.4843749765850185,0.0516291245593538,0.2181452005338219,0.19181641515354683,0.2299451223724672,0.042723415467570566,0.4463218057796247,0.12637815168244546,0.3976435745165403,0.13261358096981699,1.2960898367650175,0.046414699993805805,0.3094331753874368,0.372277183232763,0.2381659558003068,0.2529238308872138,0.3347672061029018,0.014450567624506607,17.95229698484247,-0.4609643677668854,-0.0860261753142951,19182.5,6
696d449c-9444-8327-a8e3-fc0da44e1692,1,HOLDOUT,0.0328962062045024,0.0110310356540559,0.0939059036827477,0.4567383061193918,107.375,0.0,3.0105968858756675,8.01301339785552,3.833078724199325,4.379807921194716,1.0,0.1036448468524904,0.9138512704351324,0.0719400797728288,0.3011589238761093,0.0,0.7847983210547338,0.3877850106112085,0.1286930906677358,0.7543848620104356,0.4827412881325189,0.3477669301060386,2.4051962410171366,3.0,0.0967296348247826,0.10091203533646431,1.673198787388634,0.03739574991318249,1.2471199174428538,0.0051484780615417055,0.3794155719397499,0.09610575030816004,0.2082969791195787,0.08606359711271941,0.3394994894878106,0.048502597368998285,0.1610995222095588,0.22092180194699718,1.3647701887777783,0.024952063839965035,0.505436324789615,0.13295846283363255,0.2791376334463068,0.09148660841622434,0.3094129851936693,0.025612445222245015,9.66357432889691,-0.2103594909454422,0.0144348731858197,20737.5,6
6973801a-17e4-832c-b89f-5b7b56aecb55,1,HOLDOUT,0.0298280465892909,0.0148191363077699,0.1399576394037674,0.3958401639344262,104.75,0.0,2.068067826359733,5.0648017016925655,3.878004987042417,5.7238920566997,1.0,0.1627787624833551,0.8618439247794086,-0.0351674497684048,0.2588458920972839,0.0,0.7401149168018626,0.1036898723228031,0.1826261334966732,3.777630302720915,0.7050892507102731,0.6592327556599726,2.455592105263158,3.5,0.2297113562280043,0.37650577455856293,1.6001410483756373,0.005922743918506286,1.4098324913005629,0.017978189780495507,0.4196543899786661,0.06592875630842521,0.2285347396441267,0.07306406665555956,0.3601495091889413,0.034605910817155076,0.4242305770274666,0.024434058398062283,1.4213626313597556,0.022111450762368284,0.2687873172318038,0.13970882344188834,0.2521449970850267,0.0806819476081877,0.2703208143503257,0.039597267450243584,6.157417617156527,-0.0633794080988698,0.0885208415293658,28269.5,6
6982cb68-f4c0-838b-ab0c-4cda364a4b46,1,HOLDOUT,0.0686083270705081,0.0155181059328297,0.0588809229023125,0.4358808082201921,118.1875,0.0208995151312489,2.308057951027842,5.382090164687029,3.171758151267972,5.786537160204544,1.0,0.0637810878345927,0.9579451462546916,0.0661123900408561,0.2013301681239148,0.0,0.9404877467683324,0.0899443943027104,0.0551222335529035,13.50701605182454,0.9498294917950754,0.1960296774918705,2.1416142169566825,3.0,0.2592559599452735,0.35267632414141487,0.9733950374882948,0.062262447308690794,1.2080486480228414,0.0035021054736458657,0.2448028345845761,0.03914674395219769,0.0831407054271755,0.21538187367879708,0.4513206497764008,0.0747495856614561,0.5126247909512793,0.026198904863051205,2.0728514093069546,0.005885871068870956,0.0324069949931591,0.8021476245548571,0.2861445097492538,0.0513757234430265,0.3290030801202075,0.02527377794568099,23.05841168993192,-0.2577358303676925,0.058048371110649,30561.0,4
6983170e-0ef4-838b-8a6f-bd2ddc7fae89,1,HOLDOUT,0.0310339234570209,0.0073610123195709,0.0867149706441655,0.3985882556025938,116.6875,0.0,2.758960541196425,9.071435709746396,3.807769290326597,4.842493818986393,1.0,0.0954425125648869,0.9407034562539214,0.0905902175187448,0.3146505977499068,0.0,0.5872394714885674,0.3191623999393036,0.1758592182370397,2.776357411462877,0.5613432525200862,0.7030317224309207,2.404044117647059,3.0,0.0919555087532875,0.14238561777923642,1.0596096141452347,0.08466057956739301,1.1558385753639546,0.021500272730859443,0.2160274932586358,0.13608827591490305,0.1899338436054678,0.15150677912432767,0.4405635191831778,0.06352627768539176,0.2443636086877702,0.11142252518772261,1.27265323202647,0.006814241789612933,0.3454809564224683,0.18178945470740893,0.3149720917444436,0.18844217808206631,0.3101799612633708,0.013647693867250545,11.15057380477813,-0.2076454111056191,0.1704596311011875,24498.5,6
698a8fc6-3f44-838e-9ab4-5fd12d86464d,1,HOLDOUT,0.0412273330984197,0.0136882335402379,0.5821155563298996,0.2214023919753086,216.125,0.0,1.7422741032732976,4.442798963346909,3.941895158655836,3.462769780255679,1.0,1.3930786470005734,1.3952130090103485,-0.2839385547292318,0.2613411154909946,0.0,0.9582507568003136,0.1742274103273297,0.2395626892000784,2.76586013894636,0.5444606572729055,0.9146939042184812,2.575,3.0,0.1960058366182459,0.6065291722020166,1.2413702985822244,0.10118256854759675,1.2413702985822244,0.018010758542587713,0.6533527887274866,0.07770542500598906,0.0653352788727486,0.035999738658884506,0.4137900995274081,0.017466297885314806,0.3920116732364919,0.036653091447611995,2.308513186837119,0.011324781671276433,0.0871137051636648,0.6792908944399678,0.2613411154909946,0.14132020820175534,0.3920116732364919,0.0024609621708735325,0.7178028885729253,-1.1602185138067804,0.2680150125104252,45917.0,1
698b52ae-7750-8396-b842-1cd509e0e362,1,HOLDOUT,0.0472935210117777,0.0059270815760867,0.0548434040571186,0.4222385343761978,92.625,0.0,2.173622036562154,4.597256343576671,2.979246304697281,3.020618535567836,1.0,0.0580294680974143,0.945988337096922,0.0934417856142706,0.5323134408507824,0.0,0.8832105848991936,0.2248344189070365,0.0218971708855215,4.469562880538472,0.5314388072087417,0.1751773670841727,2.373697426239799,3.0,0.3493513490558628,0.20143641832748074,1.5089586550418592,0.07751619568536408,1.0518288263616895,0.029715176592769555,0.0827091737090466,0.1524421305983761,0.1007682203312888,0.04895698627382257,0.2785717212212838,0.13840305933150504,0.2640029379005379,0.11685900404530264,1.0144289580913906,0.0486600269248591,0.2834416339541035,0.18989995241960814,0.168214342467533,0.25609836711020983,0.1540734368863669,0.12639314990453154,17.284662613257034,-0.0104084093423988,0.0554006961297604,21608.0,6
698f83f2-194c-838e-977d-dd1ce7e5b3a2,1,HOLDOUT,0.0594615786722425,0.0086727149194676,0.0753543635352973,0.4798593350383631,136.625,0.0,2.9530294608115617,11.221511951083937,3.96492565764392,1.528627015008338,1.0,0.0814984594574284,0.8790324661805092,0.1072251814858757,0.6253474152306837,0.0,0.6099885627144491,0.1389660922734852,0.0,0.0,0.4440497335701598,0.0,2.074074074074074,3.0,0.8768585589020206,0.0563943161634103,1.5541740674955595,0.16172321768966832,0.8768585589020206,0.029889439573008006,0.4516397998888271,0.12690307028672926,0.4757675716823141,0.06096073198627526,0.4123318954580056,0.03304998731286476,0.8246637909160112,0.06210446054136485,0.697792438467394,0.013987566607460035,0.3431185665268776,0.08195525291828794,0.0762485703393061,0.332244354224816,0.2537427048972342,0.008436944937833037,12.28578024007387,-0.0912442396313365,0.0273120138288676,28784.0,3
69912686-e42c-8388-bf9a-b93c32b88046,1,HOLDOUT,0.069246305023903,0.0105647598994364,0.0580423307887693,0.3919936753883231,150.4375,0.0,3.781234012153301,8.05803301782766,3.342085639484944,2.363425435471033,1.0,0.0616229595361981,0.9785449610132412,-0.0408060305557205,0.3152829338005696,0.0,1.13553408324691,0.2298823350036715,0.0303420080899645,1.933982841355242,0.5412406272992437,0.0,2.303657694962043,3.0,0.0731884206907859,0.43952131734518163,0.9284167699115844,0.03529201939460122,0.7637811050701941,0.015896625862257315,0.292110617649376,0.056956889068693575,0.1184456951367683,0.08799954194557014,0.2710576281691462,0.057691236415949615,0.7744149681462376,0.02345399056481689,0.90605736680408,0.008539378703786606,0.3086158465748928,0.2025345692519765,0.2317628413628778,0.20693067231735052,0.3093019181204003,0.024868355657255696,16.26501962672601,-0.3767425695776688,-0.1097737629679745,32826.5,6
6993581e-2f84-8395-8954-317d83c1ba9c,1,HOLDOUT,0.0699679611223058,0.0075126002673222,0.059423068950261,0.462689029904105,154.1875,0.0,3.913243098436022,10.816163160853478,3.3731639069611714,3.065971001529867,1.0,0.0631999711761041,0.936830396990298,0.0931534681476514,0.3496110157593384,0.0,1.3664289264508915,0.3450338069321882,0.0527312582027582,1.677213019326381,0.590759407567135,0.0,2.354379562043796,3.0,0.224040727752831,0.08390067053393176,0.9979930848389668,0.034788895897135005,0.7379591045919884,0.021800800823472584,0.4956321712984299,0.04827725914623242,0.1669442255970319,0.07274127994456177,0.3701013655933262,0.045764291488155986,0.9925043458211829,0.01737294407998854,0.6039507106923598,0.01641764539717469,0.4240568086778707,0.20679187546896666,0.5334566998706178,0.031383850483478214,0.2800386203136606,0.008384333216472958,15.93721969389493,0.1919422485868167,0.040061330495396,34201.0,6
69952531-2ca4-838d-a6f0-d8235f45c718,1,HOLDOUT,0.0534752573502432,0.0066445753776342,0.0971294972615941,0.4459975408771683,142.9375,0.0,4.8830094018042205,8.440834225634173,3.2432044804464293,2.003520035370129,1.0,0.1097149323995164,0.912545897390975,0.1113128866715731,0.2636209573675255,0.0,0.9526816624430045,0.1647630983547034,0.040696207444538,0.893968902653172,0.5356353166895658,0.0,2.3568162020905925,3.0,0.3168992471835129,0.11360187184043485,1.0204797993278245,0.044254818027505166,0.725450844604866,0.009092972440674259,0.2091074027719262,0.1490228846059993,0.1468296217069195,0.07811179350754802,0.2044719594049325,0.06571317458780984,0.6262973700200944,0.02490398508022476,0.7512830041961333,0.029181730939155465,0.3761834077475277,0.10057786780546427,0.5083535069066967,0.080149922376197,0.2096842418702527,0.01654565913728137,11.358794326241137,0.1146495726495725,0.002419154562494,30376.0,6
6997c5fe-6da8-8396-a983-29d32242f5c0,1,HOLDOUT,0.075532441724554,0.0052267998263006,0.051670248207806,0.4427401653016322,158.8125,0.0,3.5792157125411643,8.728889001249104,3.8764736085329226,3.2173622102417827,0.7857142857142857,0.055380051584115,0.924935856593894,0.024611229320704,0.1742007068283985,0.0,1.1225382222441436,0.4556844978603834,0.0461662795966539,2.030994223066232,0.4726444620889616,0.0,2.257079537059837,3.0,0.0301832120974314,0.7572967915245541,1.8715486313245888,0.015988154540963997,0.5420387589475355,0.00765200167960493,0.0813518763906187,0.27222160032734505,0.1504757753253134,0.020410390179634873,0.4757955158896255,0.031988664487374044,0.1266266945367658,0.14675043545392347,0.8545496162514852,0.06470164695538992,0.136794739852242,0.49710721911315225,0.1851535667512935,0.19684510806231914,0.3103437223935532,0.028041489204965794,26.22913017935388,-0.2971079875409029,0.1098614204647044,35430.5,4
699b4102-7498-8387-bea9-6fc4983dd5cf,1,HOLDOUT,0.0446402951424472,0.0041401926624308,0.2232539760940432,0.3303952293897449,113.375,0.0,1.712272383022161,4.577035793078468,1.94277058842899,2.3708386841845304,1.0,0.2874342886213328,0.9518033093766074,-0.1229983594781696,0.0658566301162369,0.0,1.3500609173828575,0.0658566301162369,0.1317132602324739,5.531956929763904,0.5597813559880142,0.1317132602324739,2.1346153846153846,3.0,0.1317132602324739,0.16355494089367448,2.7989067799400704,0.14402845006421022,0.3622114656393032,0.025815799005564886,0.0329283150581184,0.14458823142019822,0.2304982054068293,0.05265237577793144,0.2634265204649478,0.024992591129111924,1.0537060818597912,0.053640225229675,1.251275972208502,0.01577266291283875,0.3951397806974217,0.11715894497678554,0.1975698903487108,0.3054101221640489,0.5268530409298956,0.002700121834765715,3.480153460233141,-0.6843736166445332,-0.2783972864108545,30369.0,1
699b4744-9ae0-8385-aa0a-3a270d22ecef,1,HOLDOUT,0.0667147645493972,0.0052203108602382,0.0524853384482083,0.4385953196591963,143.0,0.0,4.550378011096906,8.14751400871103,3.762768458576564,2.352052840433895,1.0,0.0556552157155838,0.93385681902748,-0.0746811001148133,0.4166325588502705,0.0,1.202212921910799,0.2377409158350032,0.036004118000498,0.8988250618866857,0.3717488722598713,0.0,2.464089128823965,3.0,0.1263711170184407,0.38074161630275516,1.2701234747588857,0.09355467238263446,0.938306269989694,0.0168606365005916,0.110395605632137,0.21545074898407476,0.0905400439313957,0.13630937002062515,0.2295513009738888,0.05611950531949862,0.2032281539612466,0.16607087771566958,0.8902289456697805,0.014305646036605127,0.3481050005602131,0.14900617548879674,0.5433567425346133,0.13842622477867922,0.3970371485149766,0.0015479876160990713,19.7576328352254,0.2218399108480958,0.0408836268017786,29523.5,6
699c384b-93d8-8392-8821-690834cce9d3,1,HOLDOUT,0.0370088168063568,0.003265483835855,0.0271324702961518,0.3693956476140534,56.5,0.0,0.0,4.6107465862741615,3.9900691611987935,3.901400957616599,1.0,0.0278917145200984,1.223329522435782,-0.0930580376947158,0.7093456286575635,0.0,2.216705089554885,0.1773364071643908,0.0886682035821954,0.0,0.2660046107465862,0.0,0.0,0.0,0.0,1.0,0.9753502394041496,0.11721936513566235,1.862032275226104,0.03325057634332328,0.0886682035821954,0.5098421705976237,0.0,0.04282674233020039,0.0,0.04761482532363894,1.241354850150736,0.005763433232842703,1.9507004788083,0.08450079801383224,0.3546728143287817,0.15605603830466394,0.4433410179109771,0.012058875687178578,0.4433410179109771,0.2506650115268665,36.1980198019802,0.3815181518151814,-0.4058351568198396,11278.0,1
699f3baf-8f18-838a-af68-366a140ccbb4,1,HOLDOUT,0.0768236741832365,0.0087091912568005,0.0707370410012768,0.4551432242660319,131.0,0.0,4.151914374941294,7.539550055775764,3.1580918227226915,2.134826954763031,1.0,0.0761387783903206,0.8831260034811836,0.0865884871753512,0.2635564141012101,0.0,1.1780955563729716,0.3754791862014139,0.0163778702217563,2.1336983027919745,1.0464018259337455,0.0,2.4545454545454546,3.0,0.0880808335310212,0.2106283260774175,1.0148745839498543,0.05766261127821055,0.8082561490949165,0.019710265995116823,0.0613893448416343,0.5660466249465308,0.3468052570266097,0.028942598870690808,0.2830726827902926,0.029972912089080494,0.3762219145010887,0.06387570909259277,0.5429676960329111,0.017931599925262606,0.4676308234653274,0.20466983823415186,0.1157945317213132,0.19429053468774765,0.323893040133297,0.022038698048168527,13.18568494745432,0.1023721643134426,0.0096093202729819,30330.5,6
69a230d3-b9f0-8386-ac75-74414854330a,1,HOLDOUT,0.0681326891710581,0.007771817319127,0.0671021187879986,0.4748024113019438,167.4375,0.0,4.567041080689682,8.9908848188518,3.7491578874875966,1.997380037108006,1.0,0.07210554811516,0.8775436273105004,0.0772029467767206,0.3717390966587928,0.0,0.6508552793297997,0.2957156582589437,0.0,1.4709145250769005,0.5479162125537067,0.0,2.4251989592898684,3.0,0.1261809998750665,0.5772059665809075,1.3419645547448271,0.020980001890024105,0.9351897332190596,0.011982407193482808,0.1244123495764046,0.10607909038575547,0.0771534324500183,0.1594042221751683,0.3085573705695786,0.00970341690887868,0.4401705226096262,0.06644520035157761,0.6489586566168455,0.018828057140755854,0.555257596307816,0.0749593206119358,0.2782795920973689,0.17940972415829648,0.3979484884531854,0.019429926470793266,14.40534420289855,-0.2669407547965426,0.0078488919752322,35335.0,6
69a62529-b488-8384-adbb-76818a331be3,1,HOLDOUT,0.0655869150708845,0.011964733478929,0.0463580322499658,0.4318325925043986,107.75,0.0,3.160774926134032,9.911368815977395,6.766605620584087,7.529846367746762,1.0,0.0486182741085636,0.9596738692496636,0.0261981611567842,0.5543314755547621,0.0,1.979628869910907,0.4228598492993847,0.1404663503270862,0.0,1.3302748066682626,0.2775137991475385,1.9298724954462656,3.0,0.1007663216670858,0.6059832407334301,2.457088976862325,0.02414742554376796,0.9534655775284242,0.02724800189181606,0.3997078876585729,0.2045337958677897,0.1644872740830169,0.03430053094243829,0.3796340209468606,0.11642207720796424,0.629904893182995,0.013393576582746178,1.001489313070572,0.032824973510101205,0.0711334206568822,0.2743235121557879,0.1203990097554191,0.20964975920699325,0.5180153077132702,0.05266647600898023,20.679170447052293,-0.341223652115401,0.0052800593205237,17296.0,6
69a87432-4cfc-8393-b1de-11ffb49d90fa,1,HOLDOUT,0.075319282368331,0.0067959314050052,0.0258357231519924,0.4643107529192044,140.6875,0.0,3.722066244360944,8.196984731922715,3.624376697901644,3.514120605909344,1.0,0.0265307259300942,0.9597537881697558,0.0692940993601288,0.4089835789293427,0.0,0.7783857105021639,0.247028520433432,0.015039855617386,3.500663403759229,0.3462337496623482,0.0,2.244888075764098,3.0,0.3135613184397023,0.19118814237021448,1.2224478649301425,0.048770316526765854,0.5861252074699914,0.023266943059840166,0.0848744551238371,0.21597415667457012,0.3201463285603751,0.01981679700166546,0.2838912496051426,0.023187962177178473,0.6630140131579206,0.042510278855315956,0.8859620493243592,0.015311783325515835,0.2556549291713266,0.15703971233325614,0.5523123549313769,0.2160525104299541,0.348491507745663,0.015672960843550125,38.32669075538588,-0.0744094874056651,-0.005033364331113,29384.0,6
69b0e87b-82e0-8390-bfd9-44c881aea4b3,1,HOLDOUT,0.0416205561943007,0.007462882887581,0.0798816546561441,0.4644522143980513,112.375,0.0,2.4356389582098945,5.129435323720831,4.736680261672882,1.3555350813659406,1.0,0.0868250626264279,0.871034468801994,-0.0598261900530331,0.5221047006077627,0.0,0.5868387589776088,0.0860887855423312,0.0,4.833223923218553,0.2809828060135283,0.0,1.4895238095238097,3.0,0.1523858492007065,0.3967702000122605,1.1501189085345147,0.0585728605566449,1.373892391819211,0.012398309914283437,0.1050989518187536,0.3667927455225252,0.0627891223404758,0.31317183299154067,0.1019519843213601,0.13082006632875248,0.4782557640435582,0.07530764452182794,0.4907558137031804,0.0953513679066256,0.1909324635288398,0.27006590993177615,0.2412606284199253,0.20604487579541456,0.2897676262106583,0.0812861724047185,11.543603938484374,-0.3452172053255045,-0.0198920976585243,19030.5,6
69b241cf-b030-838c-b5f0-4d5b0f29afe6,1,HOLDOUT,0.0336362056098854,0.0073395662603392,0.058021836053865,0.4457617972532384,55.0,0.2512199792458903,2.1729988286094275,5.190916491988645,3.382204435283895,1.935013916681311,1.0,0.0617645153535039,0.9271393144858424,0.065027413550338,0.2713350783042534,0.0,0.3012747271446863,0.0,0.0,2.5391467826854286,1.1157441032839468,0.0,1.96625,3.0,0.9543629363971294,0.06399290022286136,1.3502267616665402,0.062169078022756924,1.6497159876096203,0.059993532625709674,0.0905138625043405,0.43594183755006705,0.031187624750499,0.14715828922093116,0.1980560821929808,0.12743988123059086,1.3954347182669018,0.016333373930235352,0.572667423457081,0.05616724281996585,0.4167292997045859,0.17435130359548381,0.0905138625043405,0.10895294037637773,0.8099792024844628,0.055455071610478364,17.031301870670877,-0.1376907049541323,-0.0655634271217366,13355.0,6
69b4da18-b5e8-8393-a726-f1e0e6893b54,1,HOLDOUT,0.0376010330154393,0.005322923632708,0.1361124556444861,0.493800087810727,98.125,0.0715461114688416,2.819466148911091,6.652136065555503,3.5091930833739458,1.30498561348492,1.0,0.1616756758894218,0.8469129796075505,0.1025649739743132,0.386897372365798,0.0,1.0589826104546225,0.1135970311332101,0.0,1.430567261762961,1.192768826898707,0.0,1.6165158371040724,3.0,0.1845732112461304,0.6515096969719426,1.61636422612224,0.10494455982331863,1.588762790847606,0.016971444518010206,0.1691265467492772,0.291856413876523,0.0728567908082174,0.18143181719757218,0.2799636490540113,0.06986883572003613,0.3981666666818964,0.113653909281173,0.8908476800469475,0.024165407423405363,0.3067518720571212,0.1458670827772946,0.12596542628659,0.18947141841156762,0.3261981902522587,0.13969135738742255,7.576606016718774,0.0436367272227341,0.0506348757772501,17620.0,6
69ba27b1-ac1c-8391-868b-3bcd85fca150,1,HOLDOUT,0.0984375780311863,0.0141766173066752,0.0480479660006099,0.4265563824739018,126.5625,0.504260306305475,6.380590552100296,9.067010352819208,6.135135555111823,4.815144062718573,1.0,0.0504882781435887,0.9188670249040228,0.0509025811410438,0.1371035515265108,0.0,1.6238710990620917,0.9118861144890564,0.0,14.27413387683148,0.3158747307120067,0.0348991414811195,2.478659837814768,3.5,0.3889129141538625,0.13604979037644688,1.271336635716451,0.07757526945369024,1.2204416558489393,0.025058049373496157,0.2278405691855387,0.2889944012479278,0.1614270763942872,0.05057482995616,0.912511515672231,0.1073369480208925,1.2057837430438791,0.0288906136563516,1.2914166111542975,0.039860840958560906,0.094911291500662,0.2877705526018173,0.1200243000390849,0.44927572137036786,0.4438901902130913,0.1876877512210646,19.98030339720506,-0.1328741378681168,-0.0070411379869222,16307.0,6
69cc7d4b-6f4c-8391-b0e1-3396ff70aa11,1,HOLDOUT,0.0431434935614099,0.0081988626120329,0.0645775694490421,0.4523696132339963,139.1875,0.0,4.917054441636859,11.61071572335748,6.675218519401447,4.517881423116743,1.0,0.0690696205445199,0.8984201667667939,0.0373922951546099,0.1501399902784949,0.0,1.0179848558703397,0.186422932161151,0.0,6.534401000354958,0.8586544034996141,0.7777641181735065,1.8661330049261085,3.0,0.4012436097196646,0.25158668659849515,0.7679476805082392,0.21137880335273662,1.135250581698263,0.028786653500540535,0.1511756023281867,0.22661448040016335,0.2531263710397965,0.07258830925978307,0.6407885563818072,0.06047388777734138,2.670695296435361,0.044155862566862464,0.9068273075213245,0.20717033102990434,0.2237430365650715,0.4847133549193444,0.5089924279351699,0.35638423675435904,0.1840417380342782,0.08687537739506687,14.611350542739164,0.0526944094157207,-0.0552116103456929,19903.0,6
69d1df31-7154-8396-8451-08d6eb5b458c,1,HOLDOUT,0.0462087421944692,0.0147190008920606,0.0533766054412374,0.475900841662283,134.25,0.0428192172647084,4.419279105095981,9.463047015500557,7.223618090452262,7.733738433917967,1.0,0.0563904289466005,0.9120447050510306,0.105471564967821,0.214096086323542,0.0,1.256281407035176,0.4710113899117924,0.0,8.30692814935343,1.17387101229112,0.856384345294168,2.65625,4.0,0.314070351758794,0.06849882612898771,0.9420227798235848,0.15723216579600924,0.6851074762353344,0.03357026633553139,0.2569153035882504,0.11736747452256573,0.2093802345058626,0.20430276381909548,0.5524098881369977,0.032499785903913676,0.4710113899117924,0.06975250492420998,1.381024720342494,0.015053169451733186,0.0856384345294168,0.299570770519263,0.2093802345058626,0.0486285594639866,0.3853729553823756,0.004764535285181604,17.7987012987013,-0.26397146254459,0.0530674846625764,19104.0,3
69d3132e-93d0-838f-a1f3-1a95eff13c4c,1,HOLDOUT,0.0586215602120676,0.0104830018614676,0.0691570178655629,0.4206552999178307,120.25,0.0,4.878804305738403,10.73345259391771,6.804478897502153,6.997558991049634,0.8571428571428571,0.0742992232353934,0.9141709131538612,-0.0484357493751615,0.3872066909316193,0.0,1.4239218877135882,0.1220504475183075,0.0,7.260864990003157,0.3661513425549227,1.2919896640826871,2.424657534246576,4.0,0.3667417614082884,0.19263628966639545,1.550387596899225,0.05637729419964377,1.100225284224865,0.03189585028478438,0.2583979328165374,0.1113100081366965,0.1722652885443583,0.07689924881901959,0.8136696501220504,0.031173049719704513,0.7744133818632386,0.14595390929180257,1.2205044751830756,0.03639742894757221,0.0,1.0,0.2583979328165374,0.4344589096826688,0.2619584010059202,0.08317199721211183,13.4874715261959,-0.1232116788321171,-0.0703761406632542,19006.0,5
69d65649-2ac0-8390-a8d3-9bd9208505ab,1,HOLDOUT,0.0483317445185891,0.0056244041944709,0.1086168192022103,0.5055806938159879,86.125,0.0,3.876257920238539,10.706268347435676,6.216542911414264,4.105798696855196,1.0,0.1218637992831541,0.8496543128650493,0.0361404705080123,0.3453634950785702,0.0,2.072180970471421,0.6842997828091993,0.0,0.0,0.6708907938874394,0.1487608223498259,2.6346153846153846,3.0,0.0745434215430488,0.3595233983767916,1.3417815877748789,0.19400794336038682,1.4163250093179276,0.02332569694445271,0.5218039508013418,0.08146142631876468,0.2236302646291464,0.04757371098747434,1.1181513231457323,0.029873942324296323,0.80330844068906,0.04846627592157329,1.3388474011484337,0.014251286781113325,0.2236302646291464,0.20350543947504748,0.1490868430860976,0.20472464371783047,0.1785129868197911,0.05829295564666418,8.223107569721115,0.1251194657147791,-0.0475093298718158,13415.0,3
69dc4b24-d084-8394-b367-1e22f8875543,1,HOLDOUT,0.0417239414296189,0.0056500008570577,0.0882834186915264,0.4317634617518354,93.0625,0.0,3.87616887489672,10.450376619488654,6.423551425726227,4.677525626541275,0.8571428571428572,0.0968494608950139,1.017193306750654,-0.0451067797373215,0.559319357129321,0.0,1.8691469590393988,0.225177436609885,0.0,0.0,0.8164170660990269,0.5529684967884012,2.879769475357711,4.0,0.1361208246566959,0.5008765554900574,1.651096565781836,0.04296865979505281,1.4037507727563256,0.041366246965246316,0.1840674119071142,0.12816864467157638,0.1705502141428227,0.04281613401317305,0.9773109145481856,0.03339926594951614,1.5389109613518062,0.006558051983849573,1.5531407891684967,0.08921401631943571,0.2440879678935697,0.1920139275593009,0.2315963740422542,0.5172204561145278,0.3832980820960935,0.11253339351644416,10.361842519574846,0.0500383259236546,0.0364266370420113,12858.0,6
69e121c1-acd8-8393-8efb-92d83e9ea6b9,1,HOLDOUT,0.0499137581423503,0.0060465046844468,0.1807679772129091,0.4535457744715477,62.4375,0.0,5.081999994622987,6.925513887518669,4.656575200837657,6.418711872972067,0.8571428571428571,0.2211138016399557,0.8164020205164828,0.0557524265969852,0.1339684409545052,0.0,2.7991376817710103,0.2639011644387127,0.0930556491462115,4.337644526843303,0.4472527544853971,0.6740337553716229,2.7086286594761173,4.0,0.3437042262288822,0.08208601988941092,2.6424407504615988,0.10159712904620838,1.8385886197435983,0.02231663106446743,0.5382960034580723,0.06251243445348614,0.126682835661946,0.047100368480002174,1.312239103273409,0.01749907615219879,1.7457331869522954,0.02514870545387933,2.5086465146581647,0.04586961769102005,0.1044386422976501,0.612769411128145,0.2468374205661433,0.45091085826216193,0.5458941622811118,0.1194782735826079,4.577392623655028,-0.126328445334428,0.016775725883409,11666.5,6
69e1acd6-86e0-838a-9e38-a40391a2a5aa,1,HOLDOUT,0.0346108346783575,0.0179946997955029,0.073239617733673,0.455138464974317,146.9375,0.0,6.733708601747329,7.306591008228005,5.584711283109293,7.544903098650886,1.0,0.0792604671496005,0.8984009428894918,-0.0529040943649307,0.253367521057508,0.0,1.6724293507115533,0.3227495347079564,0.0259767248545303,12.493927874916938,0.3044065831759527,0.0,1.8900790166812995,3.0,0.2129603348096901,0.22749844076530484,2.006862378725991,0.039224507711584415,0.939702310862183,0.0245963722038227,0.0808652397582764,0.1800001107852794,0.1133232230500311,0.027470716011484417,0.7889109143308356,0.07263192220124187,1.355213609473394,0.00021998968394135315,0.5861445074452276,0.03292498918172673,0.2730797620682494,0.11632647223996209,0.4859860391457921,0.2588969459562494,0.3982017466751986,0.036785782262190536,13.163558923027498,-0.0775021554184663,0.0847046497343388,17370.5,6
69f54b03-1d20-83eb-84c1-0d2b17f2bfd2,1,HOLDOUT,0.0397076813920946,0.0116462035515149,0.0470908847726764,0.4453609874488204,85.625,0.0,3.854689153822368,10.20414350670378,5.421778327854197,9.146689968789126,1.0,0.0494306786635665,0.9230636534641696,0.0482558317385944,0.2031908129066804,0.0,1.9580768678899856,0.1541476961762997,0.0914307764603978,6.2474907246454885,0.5616664189358245,0.7559631664871552,2.6384615384615384,4.0,0.452125725704675,0.09680659557007035,1.6463641758970886,0.0701766495909567,1.2029068554810802,0.03659281577526097,0.2805669096551726,0.08724343469395818,0.2899638833983927,0.02594531395188828,0.7682275740026047,0.09467335993986216,1.3130121839180402,0.012744058828306773,0.9969316594847224,0.05256740761060235,0.111571298338465,0.45328752952677426,0.1899746889823782,0.15583264599358593,0.6553412943150063,0.04583860442573817,20.388058598177626,0.0129462977622581,-0.0854574999531918,17752.5,6
6a065893-97ac-838a-9e45-0291cf9b4414,1,HOLDOUT,0.0196005839534433,0.0025833012997468,0.0614719514325008,0.4734280368875587,103.6875,0.0,2.1041651876163896,9.312168536761057,7.0645639492455325,0.599977133169675,1.0,0.0655016232262779,0.8879788922466707,0.0685786100393276,0.3163847397926572,0.0,0.1687047309082801,0.032419114309797,0.0,0.0,0.0,0.0,1.9819444444444445,3.0,0.1974422588415212,0.4923423503267032,2.052359281693337,0.02657989175659753,0.3915810646007192,0.029569172130645797,0.1502219602422373,0.2370009229273727,0.1174496598909952,0.1976843072140731,0.1263113178378786,0.0773476060762534,1.2778495480582346,0.03581273906324947,0.3170173608646027,0.036890673535839774,0.4713220720105401,0.11305249511129412,0.4191596636078896,0.1304331015802543,0.2059966155105697,0.07465704272479412,15.300187883182808,-0.0927294119324869,-0.0148089769433369,18963.0,6
6a077205-226c-8395-8609-a82424f0f284,1,HOLDOUT,0.0366877256076501,0.0041995757477072,0.0713603139548526,0.4722278956654382,183.625,0.0,2.7220881865022326,5.709270725672788,6.818456934935835,0.2003675039682145,1.0,0.0768467473308621,0.8641336018021055,-0.0179968643424021,0.2061525106301143,0.0,0.1314765660349155,0.0,0.0,15.758989978743434,0.0,0.0,1.4405032325703302,3.0,0.3941609250012431,0.06504340117063091,1.3178570537952343,0.02529319971188492,0.3118287039921193,0.01153901299590928,0.1594690000351115,0.1829514690174792,0.0965419966646199,0.11016794071791865,0.1689588402499673,0.09267511503745636,0.950526417966779,0.020425141224411816,0.3472497754567349,0.14035808992879484,0.5718563162994637,0.09734858779828535,0.3357783906066194,0.15904341949997472,0.275739680984405,0.07474968650668679,13.03004195100024,-0.202598203430281,-0.0288918406629376,30017.5,6
6a2489e9-b794-83eb-80dd-bb92841a63bb,1,HOLDOUT,0.0494748059065306,0.0053280560207033,0.077503774534474,0.486342479176874,26.5,0.0,1.509813789632612,10.442878711625566,5.284348263714142,1.7614494212380474,1.0,0.0840267357795662,0.8620587021959389,0.0915441859907292,2.0130850528434827,0.0,0.0,0.0,0.0,0.0,1.887267237040765,1.509813789632612,3.1666666666666665,4.0,0.0,1.0,1.509813789632612,0.19476597886260694,2.642174131857071,0.004529441368897836,0.1258178158027176,0.12594363361852037,0.0,1.0,0.2516356316054353,0.01610468042274786,0.0,1.0,0.6290890790135883,0.5353548062405636,0.1258178158027176,0.563286361348767,0.2516356316054353,1.0,0.1258178158027176,0.12003019627579266,11.95432300163132,0.7027732463295269,-0.0337336244541486,7948.0,1
6a275b51-56e8-83eb-a153-17fc860f233a,1,HOLDOUT,0.0515115915255879,0.0083598193606871,0.2104238869421938,0.5110651001219861,49.125,0.8291342197773814,1.53610724665609,7.600182653456579,5.461065152076388,0.9536367818386868,1.0,0.2672210838817961,0.7647930233429511,0.1017378957811382,2.314189618965419,0.0,0.0676406926406926,0.0,0.0,0.0,1.0935374825995163,0.7189119276968454,3.0,3.0,0.0,1.0,1.033054000826946,0.3959339391509362,2.088402167744478,0.017152988590900253,0.1965414367675281,0.2925080819574605,0.0513136288998357,0.9900064822817631,0.1522895541842564,0.3402070141912291,0.0,1.0,0.7321467323769407,0.1350593425403696,0.2883777914858342,0.24358991897615492,0.4015712634604172,0.62283069516174,0.1189543215405284,0.09491596498202431,3.79245903091505,0.3539908685846306,-0.019690068683211,9500.0,6
6a277af3-a960-83ed-81f4-c7bfa08e82bb,1,HOLDOUT,0.0348529640578808,0.007157305119029,0.0554853387259858,0.4339591567852437,20.875,0.0,0.5055611729019212,10.490394337714864,2.7805864509605662,0.5055611729019212,1.0,0.0587526766595289,0.9086902508973542,0.1079365079365079,1.5166835187057637,0.0,0.0,0.0,0.0,0.0,2.527805864509605,4.044489383215369,3.0,3.0,0.0,1.0,0.3791708796764408,0.21941354903943378,3.665318503538928,0.01289180990899899,0.2527805864509606,0.5446157735085946,0.0,1.0,0.5055611729019212,0.028311425682507583,0.0,1.0,0.3791708796764408,0.3501011122345804,0.0,1.0,0.1263902932254803,1.0,0.3791708796764408,0.1672143579373104,17.130733944954127,-0.192660550458716,0.0628196545722317,7912.0,1
68bee070-97b4-8330-a608-88ab28bc7db6,0,HOLDOUT,0.0506381226842321,0.0152326060107039,0.0202463303526235,0.2985074626865671,17.5,0.3374388392103931,1.6871941960519656,8.942129239075417,6.411337944997469,11.81035937236376,1.0,0.0206682741991043,1.1519766970063157,-0.0961068211068209,1.181035937236376,0.0,1.0123165176311792,0.3374388392103931,0.1687194196051965,0.0,1.518474776446769,4.217985490129914,3.2,4.0,0.0,1.0,0.8435970980259828,0.009448287497891008,1.0123165176311792,0.17192508857769528,0.0,1.0,0.0,1.0,0.1687194196051965,0.05129070355997976,0.0,1.0,0.3374388392103931,0.34081322760249705,0.1687194196051965,0.037624430571958835,0.5061582588155896,0.11860975198245317,0.0,0.2940779483718576,49.5982905982906,-0.153846153846154,-0.3987592624504569,5927.0,1
68c153f1-ecd0-8325-92aa-a895d70980c1,0,HOLDOUT,0.0667878237164925,0.0813266696955929,0.0988505747126436,0.3250499500499501,3.875,0.0,0.0,4.597701149425287,7.2796934865900385,16.85823754789272,1.0,0.1097405359421522,1.0207463060118858,0.2304666776430125,0.3831417624521073,0.0,0.0,0.0,0.3831417624521073,0.0,0.0,0.0,0.0,0.0,0.0,1.0,0.3831417624521073,1.0,0.3831417624521073,0.60727969348659,0.0,1.0,0.0,1.0,0.0,1.0,0.0,1.0,0.0,1.0,0.0,1.0,0.0,1.0,0.0,1.0,9.2078431372549,-0.142745098039216,0.3737649063032368,2610.0,1
68ca063a-fa5c-832d-bba9-842fa6f3b4d0,0,HOLDOUT,0.0631371847612233,0.0196744768377749,0.0489398780133604,0.3472839256865913,24.125,1.1617775196049958,1.887888469358118,7.115887307580598,6.099331977926227,10.74644205634621,1.0,0.0514660965180207,1.0914126832852709,0.039665233734139,0.5808887598024979,0.0,1.7426662794074934,0.0,0.0,0.0,0.2904443799012489,1.887888469358118,2.4615384615384617,3.0,0.0,1.0,0.7261109497531223,0.4050246877722916,1.5974440894568689,0.01757188498402556,0.1452221899506244,0.48431600348533255,0.5808887598024979,0.08234098170200406,0.4356665698518733,0.053006099331977925,0.0,0.04806854487365669,0.1452221899506244,0.38454835898925355,0.0,1.0,0.1452221899506244,1.0,0.1452221899506244,0.7799883822248039,19.59580838323353,-0.6035928143712578,-0.0714438502673799,6886.0,1
68cb055b-3630-8330-b16c-af50f3e243ba,0,HOLDOUT,0.0548449376174373,0.0110971457693759,0.0572238841573715,0.4400679708689572,17.6875,0.9289680785619204,1.758394050812871,7.663917962880497,4.505426495769967,7.193063366166145,1.0,0.0607105584184868,0.9232970228893232,0.0314592612792776,0.8427165691605059,0.0,2.873155745087176,0.0,0.0,0.0,3.569950489263962,1.413388013207213,3.0,3.0,0.0,1.0,2.4286076011705475,0.1338957923103491,2.090109491508974,0.11260650550335458,0.4445481439166276,0.4173878475383771,0.0,1.0,1.161141412947054,0.3110730316239622,0.0862515094014145,0.854579955149215,0.0995421063109695,0.9969141947043599,0.0862515094014145,0.6808694152147663,1.2739741161675784,1.0,0.2986263189329086,0.3138231033914684,16.631038356604076,-0.2734371154977801,-0.1017160032948491,5410.0,2
68cea54e-ae3c-832a-aaed-8dd73602dedd,0,HOLDOUT,0.0425153408141401,0.0190552096514811,0.0234332479419148,0.2581536230062004,18.125,0.0,1.1579556920120504,4.955612147725742,2.363622038887688,7.937797628422334,0.8571428571428571,0.0240940035076206,1.3577141062974452,-0.2419704942818391,0.8818769671980969,0.0,1.301087656602812,0.0434555883886667,0.0434555883886667,8.9720868409393,0.482266538750255,0.9560229445506692,1.973684210526316,2.0,0.0,1.0,1.2533770017392247,0.4181433223451215,0.2845888577637943,0.024177018158775362,0.0434555883886667,0.5837389188249609,0.0869111767773335,0.8449939162176257,0.0869111767773335,0.1382059453714157,0.0,1.0,0.3715000345411278,0.49883884819470814,0.2649885968069211,0.8749265182751061,0.8341663123345097,0.3708207256933082,0.3084441851955879,0.44272595808501525,50.701756668835394,-0.3748948167425724,-0.4799582735942208,8010.0,2
68d54d51-d110-832e-9fe0-178f1cfd0dad,0,HOLDOUT,0.0231765193627045,0.010581023206315,0.0225079732995244,0.2490177953122077,17.875,0.0,1.8112701866429872,6.240901977707884,3.014098141045392,7.365018861305277,1.0,0.0230294043578438,1.3476820966472078,-0.1398952853860182,0.6037567288809957,0.0,1.743491957010345,0.406669377795852,0.1339946248120884,0.0,0.4744476074284939,0.6746586274200288,2.466666666666667,3.0,0.0,1.0,0.2711129185305679,0.7223803714246984,0.33889114816321,0.005739903184575065,0.1355564592652839,0.4954130807082262,0.1324327903588928,0.7865845583366442,0.2711129185305679,0.1688388013965385,0.2695510840773724,0.3781728195673514,0.2002110199915348,0.6746835898430997,0.2017728544447304,0.6130039467556632,0.0,0.3490758167761378,0.0662163951794464,0.8147265262879089,44.194188310495576,-0.6580948532383093,-0.4810099018284964,7464.0,2
68d5e8f8-bd44-8329-b2dc-210e9f9e7e9b,0,HOLDOUT,0.0218385278060526,0.0155248412843427,0.0288364137079701,0.4370636494085681,14.75,0.0,0.9449354776290508,7.994702698790579,3.120100856821129,7.994702698790579,0.9285714285714286,0.0298027903053843,0.9633895995348474,-0.0128032096381047,1.086543083616438,0.0697641970140923,1.401521576159455,0.0697641970140923,0.0697641970140923,0.0,1.963793576190599,1.8940293791765064,3.0,3.0,0.0,1.0,1.5030490537417895,0.0503194067716306,2.105401182177986,0.06294986736839628,0.0,1.0,0.0697641970140923,0.5714385377424306,0.0697641970140923,0.351839337256939,0.4545068865712016,0.31126391402007314,0.2113718030014796,0.758296343267808,0.0697641970140923,0.8389144690944608,0.1754500985148321,0.959084426534319,0.0,1.0,39.21511871801326,-0.2421344072489306,0.111492170685587,5949.0,2
68db0b80-08e0-8323-b75d-4bb01232d68e,0,HOLDOUT,0.0403127939012706,0.0337642490578765,0.0501469832114993,0.3582881248907161,6.375,0.0,0.5656108597285069,3.698940511084724,2.827100929567723,10.629670686596684,1.0,0.0530911702231009,1.036711245256455,-0.0218409315295849,1.0658995004346048,0.0,0.2262443438914027,0.1453065969195001,0.339366515837104,2.0361990950226247,0.9049773755656108,0.0,1.5,1.5,0.0,1.0,0.8718395815170009,0.6726242371403661,1.3408971663241114,0.14904725554630677,0.0,1.0,0.1453065969195001,0.3741555122484914,0.0,0.09588065660171922,0.2262443438914027,0.2568285881853244,0.2262443438914027,0.8389140271493213,0.1453065969195001,0.8006393490264458,0.4037353657847016,0.415540080293401,0.1453065969195001,0.9545190351641964,21.40955156950673,-0.0883109118086697,-0.2305514273923363,3930.5,2
68dc1774-2400-8323-b815-7ec236d3d9e0,0,HOLDOUT,0.068034362178052,0.0131503139625044,0.2601979952947467,0.4615035131689297,45.4375,0.316626181195334,2.5729966536573623,3.4179622621453394,4.268237688168861,18.491552810086297,1.0,0.3537058146925009,0.7911566165297932,0.256813270873996,0.7499425231125537,0.0,0.4785378685114029,2.9650172108550183,0.0,0.0,1.0324701130251284,1.3143434126252664,1.5525,3.5,0.1973188592237016,0.4668937658011111,1.1924189294038872,0.05793629990574193,1.4657864549423478,0.045993362677750546,0.0399872040946897,0.6025671785028791,0.1179987413467589,0.6961139081183134,0.237960353630828,0.09725456765100116,0.2399232245681382,0.1879431558616158,0.5552408251385988,0.1725306177668206,0.0399872040946897,0.9790067178502879,0.3972548796971501,0.06669719685924544,0.3172804715077707,0.08458874028781527,2.8901062231858705,0.916402706897744,0.2873426600610723,12608.0,2
68dd5e75-3954-8331-886b-340ef8965b34,0,HOLDOUT,0.0770474137931034,0.0381196120689655,0.0365386719177332,0.4698559670781893,29.375,0.9845749917952084,1.4221638770375231,8.095394376982824,2.5161360901433105,7.220216606498195,1.0,0.0379286849875085,0.9324937037271676,0.0779088074905898,0.4375888852423148,0.0,4.047697188491412,0.3281916639317361,0.0,0.0,3.063122196696204,3.39131386062794,2.6923076923076925,3.0,0.0,1.0,1.5315610983481018,0.4538890712175911,1.7503555409692593,0.09550377420413521,0.1093972213105787,0.5683185647084564,0.0,1.0,0.0,0.23968931189147796,0.0,1.0,0.3281916639317361,0.008314188819603982,0.3281916639317361,0.003938299967180834,1.203369434416366,0.03577289136855924,0.2187944426211574,0.045509244065200745,26.595166163142,-0.3468277945619339,-0.0096785186868115,9141.0,1
68e1a90f-499c-8329-81e5-216125173508,0,HOLDOUT,0.0281204194953055,0.0185790681604003,0.0492881713808909,0.3695265134167866,29.8125,0.0,1.3817344423228717,3.253197693293605,2.2850858663325275,6.14524453630488,1.0,0.0519075163410855,0.9868900218232074,0.0414461160893436,0.2628273746307989,0.0,0.7662648415269333,0.3398792899893519,0.6660499217304315,8.754135291929686,0.2217013998859821,0.0,2.54,3.0,0.3715509185444922,0.17063785234140605,0.7199388326510355,0.24782311738671453,1.1779960127437572,0.1528667975009435,0.3441336020479476,0.2847001410810366,0.0316716285551403,0.6840706960651282,0.1541038307171058,0.20221247683254,0.3219163196824839,0.26474280102273207,0.280790344937667,0.2715991193252091,0.1857754592722461,0.5164278937856494,0.6660499217304315,0.04904520416978232,0.2354100581342544,0.4344727084329192,19.81261317103408,-0.2449140754262066,-0.0856011029885406,13402.5,2
68e2af3f-3e60-8331-966a-37ee2db43148,0,HOLDOUT,0.0252075276113455,0.0166228260137539,0.0735880349707411,0.4409915864854048,41.125,0.0,1.3043938859391568,3.236310473152578,1.9222095292037693,5.253314040240725,1.0,0.0796454944466699,0.87923084561967,-0.010267758850405,0.1120768436725349,0.0,0.5422142234657175,0.1826098935415458,1.102908989363915,8.866345662770982,0.4873079835962526,0.0,2.78476084538376,3.0,0.2549962241580308,0.5077671123666199,0.9327381695285129,0.1236572131427576,0.500704215228131,0.019617314730719596,0.2466894724302265,0.22766833908896225,0.0597176648214858,0.2629207975648642,0.0891744811287793,0.06598301340645948,0.1884531027531059,0.20333928222039532,0.5350984597451254,0.08515739459712543,0.1412481886117987,0.1434987775612987,0.3257460288548532,0.3005568767335258,0.4244787838311379,0.08537550785055859,11.751831588508054,-0.1776448534713094,-0.1186497820071254,17892.0,6
68e577f4-8284-832c-b353-a6b8d4480119,0,HOLDOUT,0.0292365373969112,0.0336038438993413,0.0318334576480328,0.3349907377188587,16.625,0.0,1.9412137970062344,4.264370904835214,4.224502301705497,7.588638055031648,1.0,0.0329678698185287,1.1910674644421206,-0.012222300636408,0.6484664923749466,0.0,0.493177759974685,0.8436238279049249,0.0,12.44465484463174,0.2266545784224841,0.0,3.0,3.0,0.0,1.0,1.1856985355979537,0.39348312626773785,0.5288606829857964,0.1701427693631655,0.0,1.0,0.0,1.0,0.1909716554113728,0.1285575141748057,0.1154201292705447,0.5756001846722069,0.0,1.0,0.2266545784224841,0.5649743124811121,0.0,0.7162973222530009,0.0,1.0,33.463402895425844,-0.209286924380102,-0.2139475137895022,5475.0,2
68e5b74f-5eec-832f-9638-80d60e8b834d,0,HOLDOUT,0.0246815286624203,0.0,0.0325041459369817,0.4150110375275938,5.25,0.0,0.0,5.970149253731344,1.658374792703151,2.6533996683250414,0.8571428571428571,0.0336076817558299,0.9570875138497232,0.0338145896656535,1.658374792703151,0.0,0.0,0.0,0.0,0.0,0.0,0.0,0.0,0.0,0.0,1.0,0.0,1.0,0.0,1.0,0.0,1.0,0.0,1.0,0.0,1.0,0.0,1.0,0.0,1.0,0.0,1.0,0.0,1.0,0.0,1.0,30.66315789473684,-0.3157894736842108,0.1033985581874355,3015.0,1
68fe33dc-c958-832e-bc46-720cfed4b251,0,HOLDOUT,0.0629384745988552,0.0092449495679853,0.1361385760632524,0.4977254151846543,25.6875,0.0,1.2130941011521346,2.213469067555186,2.1247996370098083,5.794196002958132,0.7142857142857143,0.1628234331500472,0.7655434972198354,0.0233127196036701,0.5742192077887418,0.0,0.6474749965216997,0.0,0.0491062659595364,8.667254183512362,0.1964250638381457,0.1356566836509798,2.8321678321678325,3.0,0.0,1.0,1.1310194429823182,0.19693359047465817,0.8365714200413568,0.02100461852835206,0.1808467509125408,0.36172027589156425,0.0474473334598595,0.7854269617754888,0.7453048954740698,0.05052286387563394,0.0,0.5081156944105443,0.5018647178726585,0.11772725275650378,0.1514436341821674,0.5506092527057663,0.160632242517931,0.44033351317845343,0.3595227174930798,0.2755144885416998,7.986010827565968,-0.2565892545741414,0.0122403123729207,9876.0,6
6900d67f-74f0-8329-9a61-26255d1871a8,0,HOLDOUT,0.0598648213710975,0.0302542645638879,0.5794267345298687,0.6779475982532751,8.625,0.0,0.0,0.0,2.1430484864720065,5.357621216180016,1.0,1.378585086042065,0.4395289724603249,-0.0306213736165426,0.8036431824270024,0.0,0.0,2.4109295472810075,0.0,0.0,0.0,0.0,0.0,0.0,0.0,1.0,0.0,1.0,0.0,0.38842753817305115,0.0,1.0,0.0,1.0,0.0,0.9732118939190999,0.0,1.0,0.0,1.0,0.0,1.0,0.0,1.0,1.0715242432360033,0.025984462898473077,0.725,-0.170740740740741,0.1583652618135375,3733.0,1
6903caa1-61a4-8331-987e-dda6580e8349,0,HOLDOUT,0.0253786850950328,0.0112091448573979,0.062504581715729,0.3839051579769066,31.8125,0.0,1.6804669131394143,2.3920644850995254,1.938040522119166,3.778209908394884,1.0,0.0668413838137717,0.9567530425089894,0.1001071366537518,0.4846387070410988,0.0,0.9856595036297786,0.0730357184079794,1.531813917299906,15.873275705255256,0.3248248706709777,0.0,2.65,3.0,0.2378624041218078,0.281211933416681,2.506039624360072,0.01823004707696899,1.3194569069397948,0.03672855764956209,0.3340495419339284,0.020864570366362942,0.1536139659603567,0.11625921261508966,0.3452103824645412,0.17091367064447205,0.1829119908978922,0.3562956365408923,0.2573955121397341,0.33887663174432764,0.0974246524475253,0.7048547723771839,0.2085917044492128,0.27230420745734857,0.1947701004072513,0.1703818501295324,15.627603767294548,-0.3711824734208521,0.058969486475429,13693.0,4
69051287-9510-832e-9bd9-6180cab7f1da,0,HOLDOUT,0.0555852904971705,0.0453634639735284,0.1338560338387172,0.4060162327393865,42.75,0.0,1.1778334089356166,1.300140887890204,1.1680948809421583,4.044391370842211,1.0,0.1586667788977619,0.9117764134041686,0.1914766775350679,0.238461213025151,0.0,0.0645900992055246,0.0,0.0,1.318562891756706,0.2034423028136368,0.0,2.879934210526316,3.0,0.0,1.0,0.8204403697099956,0.053257354905575316,0.4951145156131615,0.015680239883539653,1.4334496809860204,0.02662871066561963,0.0288783643294443,0.782430403141966,0.2479036701388637,0.22601893062688794,0.0889363215937388,0.6105478477410174,0.4400791507578829,0.010956988456441684,0.0,1.0,0.1334044823906083,0.3609473084595192,0.2479104636105061,0.04744089378524097,7.788250276521621,0.2366136390069912,0.1923955420258639,14139.5,4
6906121e-009c-832d-9e7e-de91ba283b71,0,HOLDOUT,0.0315762340507797,0.0173991493749194,0.0091782744843969,0.439250118652112,18.571428571428573,0.0,0.8638375985314761,3.995248893208077,2.2675736961451247,9.286254184213368,0.6666666666666666,0.0092643051771117,0.9411098850543148,0.1007833603457591,0.6478781988986071,0.0,0.5398984990821726,0.0,0.431918799265738,7.882518086599719,0.0,0.3239390994493035,3.0,3.0,0.0,1.0,0.431918799265738,0.13659432026778964,2.5915127955944284,0.062196307094266275,0.0,1.0,0.0,1.0,0.5398984990821726,0.21066839434186374,0.7558578987150416,0.43191879926573806,0.215959399632869,0.20170607925709966,0.6478781988986071,0.08303638915883814,0.0,1.0,0.215959399632869,0.05355793110895152,82.87951807228916,0.0903614457831326,0.2073266463148712,9261.0,1
69093035-5330-8326-a3b2-2d80dadf1c37,0,HOLDOUT,0.0310018492331121,0.0160992059175459,0.0246616809116809,0.3688551524710831,29.125,0.0,1.86965811965812,6.232193732193732,3.561253561253561,6.588319088319088,0.7142857142857143,0.0252875661858681,1.004299963938749,-0.1375755647470568,0.8012820512820512,0.0,0.6232193732193733,0.3561253561253561,0.7122507122507122,0.0,0.6232193732193733,0.8012820512820512,2.7142857142857144,4.0,0.178062678062678,0.21616809116809116,2.6709401709401708,0.021100427350427352,1.86965811965812,0.052973646723646725,0.4451566951566951,0.2127849002849003,0.0,0.08751780626780627,0.2670940170940171,0.06169871794871795,0.0,0.7737713675213675,0.5341880341880343,0.010505698005698005,0.089031339031339,0.4620726495726496,0.178062678062678,0.6119123931623932,0.2670940170940171,0.10541310541310542,39.96715328467153,-0.2394160583941609,-0.1855903570450188,11232.0,1
690a8f0b-711c-832b-b855-f37ca4ba901a,0,HOLDOUT,0.0299406491452532,0.0189425471401382,0.0256358713114384,0.3093059446000622,9.5625,0.0,0.7768227202052755,4.279905507100178,2.9221325450716824,12.32517601044989,1.0,0.0263175165902606,1.210303814074916,0.1583984477500689,0.4017418017375111,0.0,0.0,0.0,0.2299301727635224,0.0,0.5743129642019557,0.5743129642019557,3.0,3.0,0.0,1.0,0.5028639787775486,0.39802905600293537,1.3261209517390296,0.131148479686331,0.1170872997763007,0.5599272324625695,0.045134500812421,0.6456063038350035,0.1321667027271294,0.291561474115247,0.0,1.0,0.6464422198280376,0.19547290771377923,0.1170872997763007,0.8541684793428698,0.394884959522905,0.36916609478709683,0.2162113102160435,0.6877140050828,38.85581622678397,0.3066038419717288,0.1484298914050714,6940.5,6
690ad6be-130c-8328-bbbd-df141a1fa44c,0,HOLDOUT,0.0410124959948734,0.0035245113745594,0.0770844257996853,0.2778021015761821,9.375,0.0,0.0,1.8353434714210803,2.097535395909806,4.719454640797063,1.0,0.0835464620630861,1.162286658073589,0.2763580872327916,0.7865757734661772,0.0,0.0,0.0,0.0,0.0,1.8353434714210803,0.0,0.0,0.0,0.0,1.0,0.0,1.0,1.3109596224436288,0.12191924488725747,0.0,1.0,0.0,1.0,0.0,0.04011536444677504,0.0,1.0,0.5243838489774515,0.1942842160461458,0.5243838489774515,0.24410068169900367,0.0,1.0,0.2621919244887257,0.15810173046670162,12.082474226804123,-0.6089347079037807,0.4953356086461888,3814.0,1
690bb121-5ec8-8320-951f-c4542aec678e,0,HOLDOUT,0.0284373274434014,0.0143567090005521,0.0257530466773971,0.3414126335637963,15.625,0.0,1.2646585421936078,6.323292710968039,3.90894458496206,12.416647505173604,1.0,0.0264369172666115,1.1977169542481612,0.2006563987924015,0.6898137502874224,0.0,0.0,0.0,0.2299379167624741,0.0,1.0347206254311336,1.839503334099793,2.727272727272727,3.0,0.0,1.0,1.0347206254311336,0.03541043918142102,1.839503334099793,0.10634628650264429,0.3449068751437112,0.22212002759255,0.3449068751437112,0.4572315474821798,0.0,0.27810991032421245,0.0,0.7779949413658312,0.5748447919061853,0.042423545642676475,0.2299379167624741,0.30018395033341,0.0,1.0,0.114968958381237,0.06990112669579214,38.32579185520362,0.2117647058823528,0.2320661157024793,8698.0,1
6910b561-10a8-8332-8bce-bad87345c4bb,0,HOLDOUT,0.0319870954545877,0.018822860407341,0.0319667515658446,0.4615534000803069,29.3125,0.0,1.6725033407751286,4.721103835628215,2.463301584763027,4.390079388292016,1.0,0.0330266315882885,0.94295089298837,0.0710872839649101,0.3432290604355144,0.0,0.5219440993060354,0.1905526123731913,0.603058178842836,13.66096888498855,1.1369094655944467,0.2825816661015033,2.75,3.0,0.2536942743224895,0.1286302378196798,1.3333040393743487,0.05485254400958425,1.2827486428336583,0.006479917078662801,0.2184230847424365,0.18458684896868388,0.1878762992458254,0.2636985394097373,0.1479413132395792,0.05336133048502588,0.2184230847424365,0.1296490835019054,0.5195772630884474,0.01793933722807025,0.1632171441464637,0.40712849889053554,0.3670692809917498,0.4262060723838881,0.4375712550470233,0.16980522353919986,30.57922850076104,0.0952499352499351,-0.038333237419612,11504.0,6
691111a0-25f4-832c-a065-ba60fb91b34a,0,HOLDOUT,0.0373315387139082,0.0273690251113936,0.0467627252510599,0.3926765106151333,17.5625,0.0,1.304951632985346,3.851301122161141,2.542424532655353,10.4085532676042,1.0,0.0490824377551893,0.9976212522749364,0.0282739696950344,0.4265149392972902,0.0,0.5505590993814212,0.0478881333205631,0.3271471540199724,6.605641894678625,0.1436643999616895,0.0,3.0,3.0,0.0471297954566877,1.0,0.4744030726178534,0.4564833910601481,1.4857305288207503,0.13135564929148208,0.0783208020050125,0.5277255343798274,0.1519430242313265,0.372563246032365,0.0471297954566877,0.1558108406979553,0.0,1.0,0.618754043847944,0.5205476827732447,0.057683433317951,0.8430504945340969,0.1936876686409147,0.39331394589511626,0.2096264575492776,0.32097922532505974,20.709615384615383,-0.0140765765765767,-0.142448923900982,7526.0,6
69118401-0218-832b-9103-08b7cf0892c3,0,HOLDOUT,0.0322730805117372,0.0287898746634016,0.0142464118734428,0.4011958215752609,33.5625,0.0,1.3976686676433336,2.0804763330888227,1.4839342997442748,5.845860657531508,1.0,0.014486259171889,1.011221137692088,0.067763640305364,0.0591594844266484,0.0,1.417250639445475,0.0271061476742925,1.2275076057254273,20.25778876099705,0.4487467145329828,0.0,2.6363636363636367,3.0,0.0862656321009409,0.2472471143082599,0.643436937331094,0.13723056612587387,0.5373825489178995,0.012313937643675704,0.5152235903216703,0.25060749987469555,0.1454251165275894,0.28033218412812877,0.0271061476742925,0.7555345717739894,0.0320533367523559,0.5790435284313097,0.1503723056056528,0.09258446453901786,0.1232661579313603,0.5997070092866124,0.1183189688532969,0.06453727009984883,0.510276401243607,0.10044763494369627,83.49349578217655,0.3021715526601519,-0.0590665005508658,17022.5,2
6912455e-0cec-8325-b6cd-5bf1b33e66ed,0,HOLDOUT,0.0245655605745635,0.0055542183112167,0.0577122642027536,0.4897799630409865,22.875,0.0,2.1180858343279865,1.4128032904564156,2.766273484911882,0.8239487358734696,1.0,0.0612546531392943,0.8924956542155096,0.0905038575938449,0.588854554582946,0.0,0.2955463786481098,0.0,0.4086170638668243,0.0,0.2910699732215625,0.0,3.0,3.0,0.5843781491563986,0.29874968193688756,2.298323325044108,0.23420020582346357,1.9960623382561773,0.029029654983953122,0.3504030692225118,0.4808948674322895,0.3537603732924223,0.15213488686154697,0.2921890745781993,0.32589263565404697,0.3548794746490591,0.3501291380793261,0.1746419839329374,0.5329491209686809,0.2350941812905236,0.47667123384364773,0.2339750799338868,0.1073564293471316,0.2328559785772499,0.6793573174991268,16.41971990677557,0.1100753774119721,0.0071205351041168,8508.0,2
69127c1b-fa8c-8325-b33a-3a3ba4bb92f7,0,HOLDOUT,0.0528516668602625,0.0140550586595423,0.0526656793780081,0.3684046530951392,27.5,0.0,2.2213994816734544,5.606166783461807,2.7767493520918176,4.442798963346909,1.0,0.0555989837795583,1.001875406013425,0.1522733387140167,0.8016032064128257,0.0,1.1106997408367272,0.1851166234727878,0.7007708479327259,3.665241295051924,1.480932987782303,0.7635919364691509,2.761904761904762,3.0,0.2335902826442419,0.6111815237290522,2.748930971288943,0.010995723885155772,2.112378538234051,0.060810810810810814,0.1603206412825651,0.11410885307171222,0.2335902826442419,0.14383561643835616,0.7635919364691509,0.1513439218081857,0.0,1.0,0.7041261794113505,0.20433741726517393,0.0,1.0,0.1527183872938302,0.444248496993988,0.7404664938911515,0.0978743284279374,18.075971731448764,0.067289719626168,0.1463350785340313,8562.0,5
6914d0cf-f6cc-8326-b2dc-e33d0d1f8760,0,HOLDOUT,0.049339718473371,0.0272819619793934,0.0179764362929673,0.3590258379888268,16.0,0.0,1.336086481234058,4.494109073241831,7.530669257864691,9.959917405562978,1.0,0.0183077684314695,1.0780109784295744,-0.0171812950806385,0.4858496295396575,0.0,0.1214624073849143,0.0,0.2429248147698287,0.0,0.3643872221547431,0.971699259079315,3.0,3.0,0.0,1.0,0.3643872221547431,0.7284100570873314,2.064860925543544,0.08733147090975343,0.0,1.0,0.3643872221547431,0.6054901008137982,0.0,0.2001700473703389,0.0,0.30632819142475404,0.2429248147698287,0.2607797886554111,0.0,1.0,0.0,1.0,0.0,1.0,55.73103448275862,-0.2731034482758623,-0.2282390793218663,8233.0,1
6917d787-8f7c-8331-841e-8a02ab1b09f9,0,HOLDOUT,0.0975713906688248,0.0170081356151902,0.0634600923983164,0.3629423662341985,49.0,1.2781099584441986,3.35998538038006,2.89141195146542,6.38330308363523,8.698007979196603,1.0,0.0679744561627394,1.0923054623235715,0.1150323236919896,0.2212803149139614,0.0384615384615384,1.4064215454126276,0.3590319016710399,0.0,0.0,0.6194206104816288,0.0,1.6893261776982706,3.0,0.0,1.0,1.6047715418764297,0.05337212143108216,0.6417455761060307,0.0739111061704539,0.0,1.0,0.1957383004881487,0.21735746446142953,1.0429011330682532,0.026083224832826272,0.0773266764327782,0.4298352653365044,1.328133552429998,0.01774153036679893,0.2083621046816738,0.337856593017556,0.1630578851148066,1.0,0.1738841220963257,0.6109604995665042,19.6847105054438,0.0008647342995167,-0.0261960888415724,10811.5,6
691baccc-2f3c-832e-9193-01dc973430aa,0,HOLDOUT,0.030560271646859,0.0046726720940315,0.0924119337330164,0.4034090909090909,118.875,0.0,2.803083391730904,7.910887225513498,3.121785093476179,3.508635140930178,1.0,0.1018254309502404,0.9728883585570502,0.0804828973843058,0.3508635140930178,0.0,1.5608925467380894,0.2339090093953452,0.0,0.9356360375813808,0.4678180187906904,0.0,2.2,3.0,0.8868707651920962,0.0027670367873993402,0.4256979672922061,0.13129234807903792,0.8186815328837083,0.034462594050914196,0.0354748306076838,0.08674125765077385,0.2483238142537869,0.18454006882117138,0.1064244918230515,0.14746887083614177,0.4256979672922061,0.16080740714463088,0.5068028536899146,0.043779969591828775,0.1949241744961209,0.2416280067053916,0.1949241744961209,0.20658064013098903,0.212848983646103,0.2393841569406506,9.830899308224442,-0.1528158295281584,0.0735340729001583,25651.0,3
691efb60-d6f4-832f-8acb-bba18de3ac09,0,HOLDOUT,0.1178717843865558,0.0276639727400719,0.0913017785984598,0.3554668152982759,27.6875,0.3783569123852072,1.886442827766768,1.9057104014954465,6.250609771132105,13.006298002310029,1.0,0.1005690130734051,1.0031014631893724,0.0357498934326077,1.910527185779613,0.1125450180072028,1.5922216087645344,0.8203187115822896,0.7627350800292112,0.0,0.0,0.0,2.0294117647058822,3.0,0.0,1.0,0.9259692278323332,0.21766608811956453,1.7505301780644245,0.036361508723096174,0.3398453557121891,0.08278602580272615,0.2806404962388384,0.13927517209415413,0.2277877797781778,0.0232909302961691,0.0,1.0,0.5126550520188071,0.1121129102961322,0.0186150409530901,0.8482666666666667,0.3367935508561558,0.21454050132266278,0.2242352637257434,0.19860852568875653,10.056031216371412,-0.3202373281480767,0.0327287885360603,11663.0,6
691f3020-14c0-8327-af6c-8c374f674997,0,HOLDOUT,0.0481061653303842,0.0022117777163395,0.0700892857142857,0.3811349693251534,15.75,0.0,2.008928571428571,0.0,2.6785714285714284,3.125,1.0,0.0753901560624249,1.0001140993944375,-0.0819094460945566,1.1160714285714286,1.7857142857142856,0.0,0.0,0.0,0.0,0.0,0.0,3.0,3.0,0.0,1.0,1.5625,0.08839285714285715,2.232142857142857,0.1497767857142857,0.0,1.0,0.0,1.0,0.2232142857142857,0.578125,0.0,1.0,0.6696428571428571,0.4720982142857143,0.2232142857142857,0.48526785714285714,0.0,1.0,0.0,1.0,13.382636655948554,-0.767845659163988,-0.3125420470927441,4480.0,1
6920ae4a-f928-8328-a28a-8ec26430f95c,0,HOLDOUT,0.0545731127590796,0.0114495076711701,0.0484629294755877,0.4408524904214559,28.25,0.0,5.244122965641953,7.814848211602044,3.456567478208596,7.2332730560578655,1.0,0.0509408857631629,1.002605302304791,0.0725451143702094,0.5424954792043399,0.0,0.3616636528028933,0.4508566275924255,0.0,0.0,0.744047619047619,0.0,2.310344827586207,3.0,0.0,1.0,0.5580357142857143,0.3743218806509946,3.25497287522604,0.012648809523809524,0.300571085061617,0.15464382326420198,0.0,1.0,0.0,0.3288247670574091,0.0,1.0,1.6274864376130198,0.08816964285714286,0.1860119047619047,0.2880650994575045,0.0,1.0,0.1502855425308085,0.16871609403254972,19.841509433962266,0.1886792452830187,-0.0394066184861165,5530.0,3
6920b66a-c5bc-8324-8966-314335aa63ff,0,HOLDOUT,0.0912483039348711,0.0213704206241519,0.0357240250886283,0.2254805322819122,20.625,0.2727024815925825,5.45404963185165,9.817289337332973,4.9086446686664855,7.63566948459231,1.0,0.037057991513437,1.4013251812939025,-0.1847514962269059,0.8181074447777476,0.0,4.090537223888737,0.2727024815925825,0.0,0.0,2.999727297518408,0.0,2.4,3.0,0.0,1.0,0.8181074447777476,0.12162530679029179,3.817834742296155,0.04008726479410963,0.0,0.007908371966184892,1.3635124079629124,0.0670848104717753,0.2727024815925825,0.09899100081810744,0.0,1.0,0.545404963185165,0.32124352331606215,0.545404963185165,0.021543496045814018,0.8181074447777476,0.20507226615762203,0.0,1.0,27.59375,-0.3562500000000003,-0.5818799546998873,3667.0,1
6921bfb5-cdf0-8328-8ac8-3c64ba4306bf,0,HOLDOUT,0.067772952853598,0.0260545905707196,0.0429296053445502,0.1987204724409448,37.125,0.0,2.598045280217741,7.17555363107757,4.70122479277496,5.690956328096004,1.0,0.0448610213316095,1.5870617185221094,-0.2525531262529776,0.7422986514907831,0.0,1.6083137448966969,0.0,0.0,0.0,0.4948657676605221,0.0,2.142857142857143,3.0,0.0,1.0,0.3711493257453915,0.15711988123221576,1.3608808610664356,0.011134479772361747,0.247432883830261,0.08239515031547692,0.8660150934059136,0.15266608932327105,0.1237164419151305,0.00964988246938018,0.0,1.0,0.7422986514907831,0.06594086354076457,1.3608808610664356,0.07571446245205987,0.7422986514907831,0.14771743164666584,0.4948657676605221,0.06754917728566126,22.47674418604652,-0.7232558139534889,-0.7128815312985002,8083.0,1
692399d6-4c0c-8325-8e44-c0f2e2bb7a49,0,HOLDOUT,0.0342323651452282,0.0375172890733056,0.0196969696969696,0.3288607342378292,6.5,0.0,0.0,0.7575757575757576,0.7575757575757576,21.51515151515152,1.0,0.0200958417066007,1.1149082530509828,0.2336244068384216,0.0,0.0,0.0,0.0,0.0,13.333333333333334,0.4545454545454545,0.303030303030303,0.0,0.0,0.0,1.0,0.0,1.0,0.6060606060606061,0.16984848484848486,0.0,1.0,0.0,1.0,0.0,1.0,0.0,1.0,0.0,1.0,0.0,1.0,0.0,1.0,0.0,1.0,50.91338582677165,-0.3433070866141733,0.3109186514073615,6600.0,1
69249ab9-4978-8331-9a8f-d92cbc3063eb,0,HOLDOUT,0.0657025308565016,0.0501184390973694,0.0923733333333333,0.2988769780500255,26.125,0.2133333333333333,1.7066666666666666,3.306666666666666,0.5333333333333333,8.746666666666666,0.5714285714285714,0.1017865538316878,1.1572217232026003,-0.1406002195925337,0.32,0.0,0.0,0.0,0.0,0.1066666666666666,0.0,0.0,2.5625,3.0,0.0,1.0,0.2133333333333333,0.20490666666666665,1.0666666666666669,0.20341333333333333,0.0,0.44768,0.0,1.0,0.0,0.15093333333333334,0.32,0.21770666666666666,0.5333333333333333,0.022933333333333333,0.0,1.0,0.0,0.4269866666666667,0.1066666666666666,0.025173333333333332,9.85515643105446,0.224797219003476,-0.3433744855967082,9375.0,1
6924a26f-78a8-8333-bd0f-dd9282690278,0,HOLDOUT,0.0628893367533895,0.0133659526224715,0.0939341253742876,0.4246980292434837,123.375,0.0,4.1986778631409685,10.04539746933256,3.675119441381845,1.9653385742361984,1.0,0.1036780383795309,0.9565531583484376,0.0944485733218127,0.7108384152044596,0.0,1.2073795035255483,0.5360014293371449,0.0,1.5454457645127018,0.0748250963373115,0.0,1.96875,3.0,0.1786671431123816,0.12978412959706687,1.1597889932283287,0.019365750528541226,1.384264282240263,0.008048511576626241,0.735023888276369,0.06932285152760408,0.0422832980972515,0.1263176701804538,0.3380662609871535,0.062059306481213175,0.1931807205640877,0.07293868921775898,0.8604886078790827,0.01758389763926821,0.6253350008933357,0.048686796498124,0.0965903602820438,0.2607497243660419,0.5611882225298365,0.031239477720827566,9.658599382080329,-0.0514395393474089,0.0464962901896124,23650.0,5
6924ca4d-8ac0-832c-96a4-6ada28323dc1,0,HOLDOUT,0.072891032581947,0.0100895757456442,0.5746617366218357,0.2602166003892038,78.75,0.0,0.7720125147291861,2.6004632075088376,5.16029417740035,12.230303522815,1.0,1.35119900640107,1.1473774600255155,0.2242608635065146,1.3408638413717442,0.2031611880866279,1.1377026532851162,0.3656901385559303,0.4469546137905814,0.0,0.4469546137905814,0.0,1.631578947368421,3.0,0.0,1.0,1.38149607898907,0.06651497297956198,2.0722441184836047,0.011458291008085816,0.1625289504693023,0.10032099467717687,0.3656901385559303,0.013652431839421397,0.2031611880866279,0.0501808134573971,0.0406322376173255,0.8998415342732924,1.5440250294583722,0.07200032505790094,0.0,1.0,0.3656901385559303,0.1414814513835277,0.2437934257039535,0.37536061110885377,0.7400282885431401,0.907892503536068,-0.0492354740061165,24611.0,1
692703cc-3e7c-8326-a7f6-2f740a4bf3f7,0,HOLDOUT,0.0582732647606706,0.0392931987045151,0.3252673914965084,0.3020714634543383,117.75,0.5181011592513438,1.2170703937811629,1.2170703937811629,1.3806108361113918,22.76324207832441,1.0,0.4820843704965282,1.2912199696218467,0.0746675044507279,0.1010203050813213,0.0,0.0673468700542142,39.99100202454448,0.0647626449064179,0.0,0.0,0.0,2.161290322580645,3.0,0.0,1.0,0.4748931490414657,0.05155106534550871,0.5387749604337138,0.0684096078382364,0.7744890056234637,0.024043136214973924,0.1104923539291081,0.012693478401657923,2.6518164942985947,0.017784931883318283,0.0662954123574648,0.4669699317653528,0.4318636881158965,0.0038867731930430686,0.0,1.0,0.2693874802168569,0.28351120997775503,0.3926033528326331,0.008176434190754,2.0745447132372927,0.3526315789473684,-0.0431478537360893,29697.0,5
692739b3-4ac0-8333-aaaf-87dbe54e887c,0,HOLDOUT,0.0350260032816975,0.0,0.2257613611112779,0.3779346610803412,4.8125,0.0,1.6233766233766236,0.0,2.9686888582352697,1.1404118788615212,1.0,0.3069091393890144,0.8772889330559281,0.1418417279740528,2.197031052713654,0.0,0.0,0.0,0.0,0.0,0.0,0.0,1.5,1.5,0.0,1.0,0.8029790081039887,0.5427798542187523,2.2018064872591,0.09611113793269926,0.0,1.0,0.0,1.0,0.0,0.9445196211096076,0.0,1.0,0.0,1.0,0.0,1.0,0.0,1.0,0.0,1.0,4.161976382629354,0.0977528848100411,0.1407404945153289,1358.0,4
69277132-bb08-832d-ad98-2f064a730761,0,HOLDOUT,0.0174813855616704,0.0411136290061508,0.0163777808107001,0.3804573804573805,10.5,0.0,1.3648150675583457,4.094445202675038,2.5931486283608574,7.642964378326736,1.0,0.0166527893422148,1.0058782410722094,0.1467343221441582,0.2729630135116692,0.0,0.0,0.0,0.4094445202675037,2.047222601337519,0.0,0.2729630135116692,2.6,3.0,0.0,1.0,0.2729630135116692,1.0,2.047222601337519,0.022519448614712705,0.0,1.0,0.0,1.0,0.4094445202675037,0.0051862972567217145,0.0,1.0,0.1364815067558346,0.9467722123652245,0.1364815067558346,0.256585232700969,0.1364815067558346,0.310222464856012,0.2729630135116692,0.10741094581684182,61.56410256410256,0.0034188034188031,0.1163404137165069,7327.0,1
692b64fb-cbb4-832c-a946-0e45ffd78bec,0,HOLDOUT,0.0395299145299145,0.0551282051282051,0.0318788958147818,0.4235649546827794,12.625,0.0,2.6714158504007126,4.808548530721282,3.3837934105075687,11.754229741763137,1.0,0.0329346826126954,0.97978425567755,0.061273011344338,0.8904719501335707,0.0,0.0,0.8904719501335707,0.0,3.205699020480855,0.0,0.0,2.7333333333333334,3.0,0.0,1.0,0.1780943900267141,0.18664292074799643,3.205699020480855,0.07889581478183437,0.0,1.0,0.0,1.0,0.0,0.1444345503116652,0.5342831700801425,0.37809439002671413,0.1780943900267141,0.8055209260908281,0.0,1.0,0.1780943900267141,0.24292074799643812,0.1780943900267141,0.21852181656277828,30.863636363636363,-0.5363636363636366,-0.043298969072165,5615.0,1
69331c07-42dc-832c-8354-6652f8d730c7,0,HOLDOUT,0.0411755817467512,0.01095497129042,0.0563722512452921,0.4566773978685612,81.25,0.0,4.495201069128903,10.205321346130482,3.8877414651925646,5.224152593852509,0.8571428571428571,0.0597437713255649,0.902731549708378,-0.0922978975850442,0.2429838415745353,0.0,0.8504434455108735,0.1822378811809014,0.0,0.0,0.7289515247236058,0.0,1.9864864864864864,3.0,0.1214919207872676,0.06439071801725185,2.06536265338355,0.011784716316364961,1.5186490098408456,0.022536751306038147,0.1214919207872676,0.10630543068885918,0.0,0.1242862349653748,0.1822378811809014,0.373587656420848,0.7896974851172397,0.0666383185518163,1.761632851415381,0.0863807556797473,0.9111894059045074,0.0786660187097558,0.0,0.8519620945207144,0.1214919207872676,0.007714736969991496,16.78918918918919,-0.7943783783783788,-0.0566645202833229,16462.0,1
693ed33f-9944-8325-9e81-54ae554074ba,0,HOLDOUT,0.0209012748295286,0.0098576934479691,0.0587188612099644,0.4377418314703353,81.125,0.0,2.270217204564977,10.860228248864892,4.049576635169959,3.681433304699963,0.8571428571428571,0.0623859191655801,0.9229388738971058,-0.0409399288535006,0.2454288869799975,0.0,0.9817155479199902,0.3067861087249969,0.0,0.0,0.6135722174499938,0.4295005522149957,2.1621621621621623,3.0,0.3067861087249969,0.18186280525217818,1.2885016566449872,0.03153761197692968,1.902073874094981,0.007485581052889925,0.0613572217449993,0.11302000245428886,0.2454288869799975,0.2594796907596024,0.3681433304699963,0.11436986133267886,1.8407166523499816,0.0025770033132899743,1.0430727696649895,0.1898392440790281,0.2454288869799975,0.16437599705485337,0.0,0.06473186894097435,0.0613572217449993,0.35366302613817646,16.07651991614256,0.0268343815513624,-0.0139531851079092,16298.0,1
693f772c-1e9c-8328-a0b4-c55a4bb83242,0,HOLDOUT,0.0625592179782337,0.0051080812768743,0.0362828262199904,0.4286768464219355,122.8125,0.0,3.8752961951918232,10.360458869117402,3.542879625341561,4.5134497544835925,0.8571428571428571,0.0377512676050948,0.8693304617858288,-0.0248970559758512,0.2741710307082427,0.0,0.3695984339140373,0.1287135488383342,0.018097582163023,7.986396549017928,0.3004193484012727,0.0,2.313577586206897,3.0,0.0639173399842324,0.1965468569617429,1.3485942077358308,0.02775497817717021,1.2955108970754234,0.020289910995252465,0.1514959082323051,0.28415489977712305,0.2768783289711401,0.11796229452787094,0.5726096076670609,0.05006022851536521,0.2942295230803076,0.02165590841812185,0.4088517318792394,0.15962985068222335,0.4379702793985372,0.2995305693009764,0.191892029722937,0.7882399460265552,0.3895146517369267,0.2515034747140299,21.38038321896832,-0.0427688470571102,-0.025341228557488,23518.0,6
694160a3-91a4-8325-b19b-fd2ece1bf48e,0,HOLDOUT,0.029031240138845,0.0138845061533606,0.0253569883167459,0.4091553287981859,61.25,0.0,3.634790134141064,13.24102120294245,5.279099956728689,6.231068801384682,1.0,0.0260190036408844,0.9734221468456242,0.0309103204842727,0.0865426222414539,0.0,0.8654262224145391,0.1730852444829078,0.0865426222414539,0.0,0.6057983556901775,0.4327131112072696,2.357142857142857,3.0,0.0865426222414539,0.24171354392038077,2.336650800519256,0.0015577672003461705,1.7308524448290783,0.028212894850713977,0.2596278667243617,0.4182604932929468,0.1730852444829078,0.9019472090004327,0.1730852444829078,0.0042405884898312415,0.0865426222414539,0.018347035915188232,1.211596711380355,0.11224578104716573,0.0865426222414539,0.3836434443963652,0.3461704889658156,0.21774123755949806,0.2596278667243617,0.07615750757247945,38.820689655172416,-0.1296551724137933,-0.12492449813466,11555.0,1
69416c52-a6b8-832b-b36f-cbdf2ac07d3d,0,HOLDOUT,0.0418037781840341,0.0257160268129189,0.0153703321642252,0.4088031735313977,21.375,0.0,2.0631318341242006,6.498865277491232,2.4757582009490404,10.93459872085826,0.7142857142857143,0.0156119027661357,1.044717151635511,0.191469175674812,0.10315659170621,0.0,0.0,0.0,0.30946977511863,3.0946977511863007,0.0,0.20631318341242,3.2,4.0,0.0,1.0,0.10315659170621,0.6329688467093048,1.6505054672993604,0.16680420878894162,0.20631318341242,0.08768310295027852,0.4126263668248401,0.26511244068495976,0.10315659170621,0.007014648236022282,0.10315659170621,0.430266144006602,0.5157829585310502,0.38621827934805036,0.0,1.0,0.0,1.0,0.4126263668248401,0.018361873323705386,65.34931506849315,0.2246575342465752,0.1025888271669635,9694.0,1
6948b229-9038-832c-8549-524dc0e32869,0,HOLDOUT,0.0689699133095359,0.0043345232024477,0.234594264795607,0.34524311410905,52.0,0.0,3.355704697986577,7.829977628635347,8.033353670937565,5.287777099857636,1.0,0.3065373372309328,0.9665197546952274,-0.1110351945805287,0.0,0.0,0.0,0.0,0.2033760423022168,0.0,0.4067520846044336,0.0,2.6666666666666665,3.0,0.0,1.0,0.8135041692088673,0.14714256660565386,0.6101281269066504,0.15456579214968477,0.3050640634533252,0.20002033760423021,0.0,0.3663819402074436,0.1016880211511084,0.15802318486882244,0.0,1.0,0.2033760423022168,0.4031930038641448,0.0,1.0,0.0,0.36282285946715476,0.1016880211511084,0.1841570063046573,3.2651909722222223,0.3666666666666667,-0.2781337232487043,9834.0,1
6949d2c6-a990-8325-9f3b-7f45f5bc2f7a,0,HOLDOUT,0.0359062567189851,0.0036551279294775,0.0248933762729567,0.4038407428249859,64.625,0.0,3.133431978414136,10.967011924449476,4.961267299155714,2.08895465227609,1.0,0.0255311551508659,0.9847238865774244,0.0994683189422781,0.2611193315345112,0.0,1.3055966576725564,0.0870397771781704,0.0,0.0,1.1315171033162157,1.653755766385238,2.361111111111111,3.0,0.0,1.0,1.1315171033162157,0.14352859256680303,2.698233092523284,0.012620767690834712,0.4351988858908521,0.3438941596309513,0.0,0.39298459395943947,0.609278440247193,0.21255113586909216,0.1740795543563408,0.49403777526329534,2.263034206632431,0.06258159979110453,0.5222386630690224,0.29471668552528507,0.0870397771781704,1.0,0.1740795543563408,0.1457045869962573,39.57243816254417,-0.0720848056537104,0.0210375926422,11489.0,1
694b4617-c238-832f-ab43-23d28e3e8139,0,HOLDOUT,0.0759148825360416,0.0098799418044731,0.0172197602439183,0.4250514700235649,115.0625,0.0,3.669096456253823,12.723774535798864,3.571501942057167,5.675610365715831,0.7857142857142857,0.0175235043749517,0.901130983668009,0.0931294479521038,0.0899723242657865,0.0,0.1933511626617609,0.098373801473278,0.0471991035051668,4.581728937702115,0.2494722934919921,0.0692488804764323,2.258928571428571,3.0,0.0,1.0,1.1065959744025569,0.043869262258179165,0.9117285694348504,0.02265260951661945,0.1156523896886963,0.47947471733479485,0.1638102626694565,0.20496422491114918,0.1904865324295108,0.13618611299646274,0.245819329085772,0.03322153093638473,0.3621777017697496,0.08315323972956379,0.3102600419559563,0.2716272001767343,0.1515367113767346,0.25241489279891166,0.2744463759196206,0.15231249126918567,37.45918735637046,0.1163769403206023,0.0200990195711414,18690.0,6
694d3adc-f600-8329-961d-e724882aacdf,0,HOLDOUT,0.0232240437158469,0.0,0.1541666666666666,0.5150625978090767,6.125,0.0,0.0,0.0,2.651515151515152,1.5151515151515151,0.7142857142857143,0.182347670250896,0.722815772101207,0.0178322753332249,0.0,1.5151515151515151,0.0,0.0,0.0,0.0,0.0,0.0,0.0,0.0,0.0,1.0,0.0,1.0,2.2727272727272725,0.029166666666666667,0.0,1.0,0.0,1.0,0.3787878787878788,0.5484848484848485,0.0,1.0,0.0,1.0,0.0,1.0,0.0,1.0,0.0,1.0,5.517326732673268,-0.4732673267326736,0.0604755495737998,2640.0,1
694d8a60-1e98-8333-bfeb-bfa9945309e5,0,HOLDOUT,0.0252714612650338,0.0070604275210595,0.081841638445412,0.3861979815599302,101.5,0.0,2.902757619738752,11.690934211924752,3.615328994938539,4.8889361249867145,1.0,0.0891406490141834,0.9436898435301256,0.0793102313489322,0.4434768585711982,0.0,0.9565309809756616,0.0,0.0,6.618833083041325,0.6674453529117303,0.8343066911396629,2.5416666666666665,4.0,0.2015803902596355,0.5808337364941139,1.128850185453959,0.09071117561683599,0.7660054829866151,0.0291485244315433,0.111240892151955,0.22381667500973357,0.2015803902596355,0.05156426382841477,0.5241090146750524,0.09454120303176906,0.0556204460759775,0.10691890742905728,1.0628122010840684,0.009958071278825996,0.4251248804336274,0.28004894599254687,0.2418964683115626,1.0,0.4434768585711982,0.23217132532681475,11.23334977799704,-0.1914110429447855,-0.0236083310792536,18818.0,3
694f3c4f-07d8-8329-8ec1-1cc3c92cdd61,0,HOLDOUT,0.0632067265874166,0.016555300688142,0.0101058057514921,0.4492152168129821,65.125,0.0,3.66907326310806,14.268242967794537,2.916440586001085,6.628003314001656,0.8333333333333334,0.0102096752089899,0.8676447255818737,0.0560988114658586,0.2367144040714877,0.0,1.220835594139989,0.1630656339176518,0.0,6.196494088870771,0.2712967986977753,2.2487868386791336,2.391304347826087,3.0,0.0,1.0,1.4202864244289264,0.041425020712510356,0.946857616285951,0.021093326098752033,0.1630656339176518,0.4685973955507325,0.0678241996744438,1.0,0.3261312678353037,0.18075149213239283,0.2445984508764777,0.3055849979616796,0.3391209983722192,0.10010851871947911,0.0678241996744438,0.7683125339120999,0.0815328169588259,0.6875339120998373,0.5707297187117815,0.17138122854775714,54.23214285714285,0.1753424657534244,-0.0475469213039184,12265.0,3
695077db-4d28-8333-9b62-560dc51f92f0,0,HOLDOUT,0.0396108949416342,0.0074512972439177,0.0232693803474202,0.4489638107021342,72.75,0.0,3.500129634430905,12.428369427699636,3.4353124189784805,4.018754186202277,1.0,0.0238253251924608,0.9562172506994884,0.1383134032117842,0.223264121455682,0.0,0.430459300073178,0.1721837200292712,0.0,1.166709878143635,0.0,0.3721068690928034,2.508771929824561,3.0,0.2582755800439069,0.12094892403422348,1.592699410270759,0.007648431423386052,1.1163206072784104,0.018148820326678767,0.3240860772621208,0.07953072336012446,0.3240860772621208,0.149144412756028,0.8186351120041676,0.05295566502463054,0.388903292714545,0.3784677210267047,0.6697923643670461,0.04796473943479388,0.223264121455682,0.5225345443588308,0.215229650036589,1.0,0.3240860772621208,0.009981851179673321,42.31741573033708,-0.0719101123595508,0.0936185707783339,15428.0,3
6952d6be-839c-8327-8502-65f57436b6a2,0,HOLDOUT,0.0718761856471357,0.0302348291004058,0.0369193343200209,0.4398678875624345,77.57142857142857,0.0,2.2521365336470778,8.405284962420813,3.89231674175274,3.95827252129361,1.0,0.038928323694684,0.8873187283831991,0.120564225865295,0.1638001638001638,0.0,0.7288875851896941,0.1246624100964463,0.0700623554963917,20.39946292030647,0.1365001365001365,0.1638001638001638,2.060606060606061,3.0,0.0273000273000273,0.9735189735189735,0.7520810365341999,0.010731860118814508,0.7170498587860039,0.04586013055851212,0.0819000819000819,0.5713410594724965,0.097362382796419,0.7154067119736566,0.1092001092001092,0.23127152425828248,0.362149503885649,0.2570148341114501,0.3234937516448061,0.10289093001206782,0.1911001911001911,0.5611793611793612,0.5728185718376988,1.0,0.4012872575893664,0.004047903753641861,41.7880626223092,0.2213866368465193,0.1322349067291138,16294.0,2
69547e13-bb7c-832d-9d71-43fb84de7ecb,0,HOLDOUT,0.0710399406454804,0.0079757635711635,0.0053100109323754,0.72145003756574,131.2,0.0,2.2385340205112185,12.181789786037792,4.84148055598938,3.019417981154667,0.25,0.0053386370773578,0.4964004068445726,0.2011976047904191,0.0,0.0,0.7288250299338851,0.0,0.1561767921286896,6.61148420011453,0.0,1.5097089905773335,2.1627906976744184,3.0,0.0,1.0,0.7808839606434483,0.04825862876776511,0.5726482378051955,0.02597740642407205,0.0520589307095632,0.44192826279348224,0.1041178614191264,0.7614659794887813,0.2082357228382529,0.09094695194960696,0.0,1.0,0.5205893070956322,0.010307668280493518,0.0520589307095632,0.36878546514654587,0.3123535842573793,0.012129730855328232,0.6767660992243218,0.005362069863085012,46.82107843137255,0.0,-0.0678218080929699,19209.0,1
6957c565-427c-832b-a4a2-04fe4c69dca9,0,HOLDOUT,0.0378737901443797,0.0046492901508172,0.073211225580919,0.3700944257926584,47.375,0.0,3.0733853192808613,6.4461339101368855,3.825361750020377,4.5168628400125135,0.7142857142857143,0.0790067178898004,1.0223136508077504,-0.0223205859300962,0.7246814802205057,0.0,0.8993408786193442,0.4811591735772172,0.1603863911924057,0.0,0.3136362787815951,0.2922267679719462,2.447004608294931,3.5,0.0,1.0,3.4084311088721053,0.08101898479667992,3.6162708974993127,0.007495711244183695,0.6831135224950644,0.11459842089192282,0.1045454262605317,0.5422827286038593,0.7104084730140732,0.07178207546147614,0.2233638597274961,0.530154121063212,1.7902941897416156,0.08929976583129975,0.4181817050421269,0.1897607622064346,0.529863634905875,0.26120159095293255,0.5500220818216675,0.04414847826462512,12.714410212926325,-0.3021046853622372,-0.1136889612994142,9610.0,2
6959824c-3af4-8333-a3d0-d8e7a85f4f6a,0,HOLDOUT,0.02842603965608,0.0174592033690121,0.111677678827923,0.299470648992942,43.25,0.0,1.7236426314277506,6.75093363975869,3.7345590347601263,6.248204538925596,1.0,0.1257276843467011,1.129162809725617,0.2678396069213055,0.7900028727377191,0.0,0.7181844297615628,0.2154553289284688,0.6463659867854065,3.4472852628555013,0.8618213157138753,0.7900028727377191,2.6666666666666665,3.0,0.2872737719046251,0.1926888825050273,1.2209135305946566,0.02721918988796323,2.2263717322608443,0.006679115196782534,0.2154553289284688,0.018170066072967537,0.3590922148807814,0.3656276931916116,0.7181844297615628,0.23893995978167193,0.7900028727377191,0.17645791439241598,1.077276644642344,0.095590347601264,0.2872737719046251,0.3853777650100546,0.1436368859523125,0.2841855788566504,0.2154553289284688,0.09638035047400173,7.967139175257732,0.4701030927835053,0.3991589162959968,13924.0,1
6959b817-0ca4-8330-9f5c-eca0373983c9,0,HOLDOUT,0.0250749849469102,0.0068246002775789,0.0446825230323198,0.448362149082415,94.9375,0.0,2.8744176826246406,11.001778688218868,4.7167707404103485,4.17496792529791,1.0,0.0468526548223378,0.9348620658069008,0.0325348904451931,0.47019030627416,0.0,1.1138368520170483,0.2009830746414455,0.0675748579967217,0.0,0.4185428457914646,0.223509142766367,2.3930669800235016,3.0,0.2449068403741044,0.12196737608966339,2.2540210523178748,0.03973568446034289,1.5728764000396471,0.021681025541950436,0.244008631822411,0.07028959715560365,0.1847086415559372,0.12285930924109106,0.5969213198832866,0.06655395899045216,0.359838800653619,0.08008488224222828,0.8697591436217662,0.06060582961266012,0.418315056159785,0.03942179039248024,0.2343183890362549,0.3486676182438488,0.4186014900941532,0.1807025159989306,22.27220255210473,-0.2064060878588727,0.0099401767689534,17419.5,6
6960d1c8-7b2c-8330-a0cd-cc8efca52bcc,0,HOLDOUT,0.0692890245280886,0.0125466259749067,0.0294173287930382,0.3638085399449036,51.375,0.0,2.932273931138857,11.066969353007943,4.4457056375331065,8.986000756715852,0.8571428571428571,0.0303118908382066,1.2348555391574598,0.0777860410610055,0.1891789632992811,0.0,0.0945894816496405,0.3783579265985622,0.0,7.945516458569807,0.2837684449489216,1.70261066969353,2.548387096774193,3.0,0.0,1.0,1.0404842981460465,0.3117669315172153,1.135073779795687,0.26456678017404467,0.0,0.5684827847143398,0.0,1.0,0.0,0.14566780174044647,0.2837684449489216,0.021093454407869847,0.7567158531971245,0.4962164207340144,0.0,1.0,0.2837684449489216,1.0,0.6621263715474839,0.03036322360953462,55.68946796959827,-0.0211726384364821,-0.0514720218366152,10572.0,1
6969a9a6-b03c-8328-9722-4905f69953b5,0,HOLDOUT,0.0301157191116222,0.0116078487745274,0.1058005261045967,0.3721617315097597,68.875,0.0,1.9171608185830844,4.636854072852111,3.2709863510660444,6.598600026751081,1.0,0.1183246073298429,1.0466948003764236,0.0452198248878994,0.3865711142168961,0.0,0.5796067591065138,0.2229256765794284,0.416307353772042,4.6685896101579,0.8025324356859423,0.2676261559963127,2.510204081632653,3.0,0.0,1.0,1.992328050194772,0.02072615896993666,0.4757798328823337,0.08087743546301664,0.1189449582205834,0.12367302030985161,0.208153676886021,0.10477506799233136,0.1486811977757293,0.011745814624282614,0.1784174373308751,0.08185830843996611,0.5869003834415838,0.060568119571171454,0.0892087186654375,0.4704570460019626,0.5947247911029172,0.09387730827559547,0.1783405412635427,0.025781319694311456,14.107921767271703,-0.1357112705783031,-0.0733057397895573,25558.0,3
696d7bbf-8a4c-832c-a150-be49ecd0f81a,0,HOLDOUT,0.0334251827003713,0.0041931232778243,0.0169309062438833,0.3645744073121965,44.125,0.0,2.8381287923272653,15.071442552358585,3.914660403210021,8.220786846741044,0.7142857142857143,0.0172242134607726,1.1991846197305545,0.1291137941808786,0.4893325504012527,0.0,0.2935995302407516,0.1957330201605011,0.0,0.0,0.9786651008025052,4.697592483852025,2.2758620689655173,3.0,0.0,1.0,0.0978665100802505,0.09316891759639852,1.663730671364259,0.07985907222548444,0.0,1.0,0.0978665100802505,0.05128205128205128,0.0,0.26560970835779996,0.4893325504012527,0.11900567625758465,0.5871990604815032,0.10951262477980035,0.4893325504012527,0.4778821687218634,0.2935995302407516,0.20561753767860638,0.3914660403210022,0.540614601683304,59.06470588235294,0.4470588235294118,0.3265411811572553,10218.0,1
696e7b44-2260-8328-bd82-8559ace5c761,0,HOLDOUT,0.0691544885177453,0.0074808629088378,0.0942475058374018,0.4001246317697711,79.125,0.0,4.599165074647988,11.391778107974243,4.316139531592727,3.82084483124602,1.0,0.1040625,0.952677246964751,-0.0960066881063624,0.5660510861105216,0.0,1.2736149437486737,0.0707563857638152,0.2122691572914455,0.0,0.2830255430552608,0.5660510861105216,2.6769230769230767,3.0,0.1415127715276304,0.5710040331139885,1.8396660298591947,0.05717115969716267,1.4151277152763035,0.2303120356612184,0.3537819288190759,0.19924998231090357,0.778320243401967,0.5782211844618977,0.778320243401967,0.21771739899525933,0.0707563857638152,0.24573692775773012,1.6981532583315644,0.03155734805066157,0.2122691572914455,0.32866341187292153,0.1415127715276304,0.47038845255784334,0.4952947003467062,0.00969362484964268,9.629044394281417,-0.7262603461249065,-0.3263577400953352,14133.0,1
69715270-d26c-832c-a64d-86f43f7355fd,0,HOLDOUT,0.0451009066978648,0.0052646972799064,0.0131693618669507,0.4191773591034595,67.25,0.0,2.8565895226106326,7.795100222717149,3.7765081824343953,6.826764791323715,1.0,0.0133457632108336,0.9984850473790462,0.1427671955109355,0.2420838578483586,0.0,0.6778348019754042,0.5325844872663891,0.3873341725573738,10.506439430618766,0.5810012588360608,0.0,2.2033898305084745,4.0,0.0,1.0,1.4040863755204802,0.10646848068170814,0.7262515735450761,0.09276653432749105,0.1452503147090152,0.3706303863658371,0.2420838578483586,0.03437590781446693,0.2905006294180304,0.293211968625932,1.210419289241793,0.002033504405926213,0.6778348019754042,0.1509150769826668,0.0484167715696717,0.5305993996320325,0.1452503147090152,0.10985765469158516,1.1620025176721216,0.0592621284012782,75.7546468401487,0.0014869888475834,0.1063892433015996,20654.0,1
697164fe-55d4-8325-9911-b532a3d84f4f,0,HOLDOUT,0.1059862377867711,0.0069067023366626,0.4862347786992452,0.5236631973858631,185.1875,0.0488114414018645,1.6895398667947212,1.56845342935317,4.671106404122625,13.000226205192618,1.0,0.9509335963344036,0.5922053183162441,-0.0322313096061866,1.8062444225841645,0.1248696448778946,1.5217993927831506,0.6299297860399165,0.0,0.2587883875961737,0.4670215392707788,0.4058457053178977,2.5102739726027394,3.0,0.0,1.0,2.357821332177542,0.011238454399444014,2.1697250536672907,0.004467718484796452,0.2525932475131617,0.030014259443842495,0.185089937025152,0.08309711413253042,0.4264883588312081,0.010643494424547732,0.0,0.2974799897270339,2.4194498802423,0.007313138207502809,0.032394311489539,0.4472366327607824,0.6733709711099736,0.020540162794315926,0.2552496382586401,0.011295125470563046,1.0618659758037312,-0.0624775502488052,-0.0604343927125015,48089.0,6
697580b2-7088-832f-8104-9b550bb54dda,0,HOLDOUT,0.0374830239927569,0.0063377093707559,0.031966849193429,0.4214615576635047,67.375,0.0,2.9598934438360223,11.173597750480983,4.809826846233535,4.883824182329437,1.0,0.0330249980888311,0.964506170806309,-0.0313558754367223,0.2219920082877016,0.0,0.5179813526713039,0.0,0.1479946721918011,0.0,0.8879680331508066,0.7399733609590056,2.375,3.0,0.4439840165754033,0.15458043510433625,0.9619653692467072,0.06378570371466627,1.9239307384934143,0.09560455823590351,1.3319520497262098,0.16967589166789995,0.813970697054906,0.04839425780671896,0.3699866804795028,0.1464407281337872,1.3319520497262098,0.02182921414829066,1.7019387302057123,0.013837501849933402,0.3699866804795028,0.7013467515169454,0.0,0.3644368802723102,0.2219920082877016,0.01753736865472843,30.484848484848484,0.3328671328671328,0.1145129224652087,13514.0,1
6977f4a7-cffc-8386-a30d-ec5f2101eaa4,0,HOLDOUT,0.0802385739208915,0.0127924120737323,0.0313899146275191,0.4327954962347654,84.8125,0.0,4.232905303996824,15.39205500012507,3.2118509874650965,6.123515818644012,0.9285714285714286,0.0324100429239776,0.969328750097438,-0.0478796852541532,0.3092713218466074,0.0,0.9023379326914176,0.4511689663457087,0.0,1.1270326839478344,1.29346966777989,0.45753797455781,2.5783635839815613,3.5,0.1009674378781687,0.7726799735124397,1.921097477033532,0.14260962549404174,1.0110324574558502,0.06367256671381255,0.1341705576128374,0.10898446821520433,0.1814697724458712,0.2588919261958821,0.471634069656175,0.12550102251139533,0.3756775613159448,0.5110288198357752,0.883230908055114,0.04892378154310971,0.1073364460902699,0.5075940535608866,0.3029023136345062,0.5038825895446128,0.4652650614440738,0.06096368206717222,31.07714666596963,-0.355103641163709,-0.0405675178268118,14602.0,2
697809db-e9f8-8331-8d3f-d9b13dbff011,0,HOLDOUT,0.0393403750808363,0.0199396421642595,0.0393589856476182,0.4436366479049405,50.125,0.0,2.641542660913974,12.415250506295676,3.874262569340495,8.80514220304658,1.0,0.0409753414611788,0.9508923709400527,0.1605202433396265,0.6163599542132605,0.0,1.232719908426521,0.0,0.0,1.5849255965483844,0.7044113762437263,0.9685656423351237,2.3,3.0,0.0,1.0,0.5283085321827948,0.11605177423615391,2.2893369727921105,0.16993924451879897,0.0,1.0,0.1761028440609315,0.20278242493616272,0.440257110152329,0.10196354671127938,0.6163599542132605,0.48947785506735936,0.9685656423351237,0.0036101083032490976,0.0,1.0,0.3522056881218631,0.0808312054239676,0.2641542660913974,0.20110944791758387,24.563063063063066,0.299099099099099,0.1467815881166329,11357.0,1
697ac29a-1c8c-8332-834b-ecfa96993831,0,HOLDOUT,0.0730074171557896,0.0125737084848452,0.0848120839845017,0.4220113570185427,59.9375,0.0259443752594437,2.276372870828979,5.447662649317294,4.046732000823921,5.402440435283889,1.0,0.0960376713534575,0.901415571499334,-0.034002868038231,0.2107570392851121,0.0,0.4313170367486787,0.0,0.0421514078570224,9.547530095475302,1.0732598817492909,0.551235954867443,2.352564102564102,3.0,0.4280493840225272,0.32921168153566766,0.710169859150257,0.2555799566538648,0.8495634625927514,0.011703459124052802,0.0778331257783312,0.5687785388127854,0.1459289088947974,0.3128015557911415,0.1978176594136849,0.12955859864573774,0.6680184512932346,0.3392367744839838,0.5545036075935945,0.2966752958944844,0.2853881278538812,0.6163345786633458,0.3372768783727688,0.7621679119966791,0.2334993773349938,0.5625259443752595,17.438468127155634,-0.4991621646369384,-0.1849934116070043,15567.0,2
6982a1d2-42c8-8391-86ea-0906db481803,0,HOLDOUT,0.0416032470826991,0.0024353120243531,0.0503780342220453,0.4220892713094918,16.125,0.0,0.3183446080382013,0.7958615200955034,0.5950314870828581,4.138479904496617,1.0,0.0530550666331405,0.9535836695375132,-0.0631330309901737,0.0,0.0,0.0,0.0,0.0,9.371745921555016,0.0,0.0,3.0,3.0,0.0878040214241812,0.9860391605935552,2.578469777359052,0.02642901044867855,0.3512160856967249,0.15988857938718662,0.0,0.6358933545563072,0.0795861520095503,0.8230799840827696,0.477516912057302,0.07775567051333068,0.0,1.0,1.432550736171906,0.10099482690011938,0.0495859572569048,0.43516636088659694,0.0,0.5359746119898845,0.3183446080382013,0.04561908067635246,18.933333333333334,-0.3769031141868514,0.034896911857387,12565.0,3
6983e191-96b4-8397-9ffb-e2baeed2e51b,0,HOLDOUT,0.0538156153506837,0.0076459344214086,0.0278985507246376,0.3706541218637992,39.125,0.0,4.2270531400966185,9.782608695652174,2.898550724637681,7.487922705314009,1.0,0.0287027833001988,1.004164450333276,0.0562126941916619,0.8454106280193238,0.0,2.5362318840579707,0.7246376811594203,0.0,1.8115942028985508,3.381642512077295,0.0,2.685714285714285,4.0,0.3623188405797101,0.3894927536231884,1.5700483091787438,0.3903381642512077,1.8115942028985508,0.07596618357487922,0.2415458937198067,0.7789855072463768,1.328502415458937,0.42681159420289855,0.3623188405797101,0.7832125603864735,3.381642512077295,0.2816425120772947,1.6908212560386475,0.2683574879227053,0.0,1.0,0.0,1.0,1.6908212560386475,0.31171497584541064,35.28508771929825,-0.1157894736842108,-0.0696581727781233,8280.0,1
69853263-58e4-838d-bcd7-50db2e41fade,0,HOLDOUT,0.0294757665677546,0.0032311242993735,0.0747004933051444,0.457886372665872,80.0,0.0,2.005746191792704,9.107171897869572,3.469398818236028,4.770423375074538,1.0,0.0807358800093742,0.8799269763788652,0.042588575560376,0.2168374261397517,0.0,0.4336748522795034,0.3794654957445655,0.0,0.8673497045590068,0.5963029218843172,1.4094432699083863,2.351351351351352,3.0,0.1084187130698758,0.32753293218409496,1.463652626443324,0.06944218572125549,1.3552339133734483,0.023689488805767874,0.4336748522795034,0.02938147124193636,0.2168374261397517,0.21700005420935653,0.3252561392096276,0.1333550170759473,0.4878842088144414,0.09448690844039681,0.6505122784192552,0.025749444354095517,0.3794654957445655,0.04689109340272131,0.1626280696048138,0.09996205345042554,0.4878842088144414,0.2690952458394319,12.41090909090909,-0.0997818181818183,-0.0792030471725756,18447.0,1
698e12ba-f8a8-838b-820e-79153375a743,0,HOLDOUT,0.040876083391895,0.0051534317170297,0.0468214320697423,0.3929892141756548,39.0,0.0,2.74267802918993,7.444411793515526,4.114017043784896,7.640317367029092,0.8571428571428571,0.0491264131551901,0.9895779379639652,-0.085118697547633,0.0,0.0,1.175433441081399,0.2938583602703497,0.0979527867567832,0.0,0.0,0.0,2.821428571428572,4.0,0.0,1.0,0.7836222940542659,0.016749926535409933,0.8815750808110491,0.04417670682730924,0.0,0.6481535899696347,0.0979527867567832,0.9893231462435106,0.0979527867567832,0.04525418748163385,0.2938583602703497,0.2665295327652072,0.8815750808110491,0.023508668821627974,0.8815750808110491,0.1571162699578803,2.154961308649231,0.09961798413164855,0.3918111470271329,0.3224605740033304,20.477894736842103,-0.5970526315789476,-0.0595867173845997,10209.0,1
69906193-a688-838a-a867-405bace4db89,0,HOLDOUT,0.0559662090813094,0.0042238648363252,0.4693877551020408,0.6114016736401674,2.125,0.0,0.0,0.0,0.0,0.0,1.0,0.8860353130016051,0.5748547547588964,0.0025255611226527,5.1020408163265305,6.802721088435374,0.0,0.0,0.0,0.0,0.0,0.0,0.0,0.0,0.0,1.0,0.8503401360544217,0.2185374149659864,0.8503401360544217,0.29846938775510207,0.0,1.0,0.0,1.0,0.0,1.0,0.0,0.05102040816326531,0.0,1.0,0.0,1.0,0.0,1.0,0.0,1.0,1.1293260473588342,-0.0546448087431696,0.0812903225806449,1176.0,1
699130f3-7530-8395-8e73-b16547cb003e,0,HOLDOUT,0.0437843406593406,0.0082018927444794,0.026465398941384,0.4714871659169092,75.14285714285714,0.0,2.3386342376052385,0.9354536950420954,4.207278591964098,4.443573155590407,1.0,0.0271866818822581,0.9518806899143378,-0.0688384140266984,0.2804852394642732,0.0,1.6435081428357987,0.7012130986606829,0.0701213098660683,0.0,0.9354536950420954,0.0,2.311111111111111,3.0,0.0,1.0,0.588119976475201,0.05430307782787689,1.036192731848124,0.035271018862632356,0.0779544745868412,0.36231884057971014,0.0740137665605802,0.026200873362445413,0.1494098311668907,0.037262238852510135,2.0335179861159807,0.00023386342376052386,0.8964589870013447,0.04653882132834425,0.3920799843168006,0.1239354549529359,0.2220412996817408,0.9226948964255375,0.0779544745868412,0.5404249351377883,34.108374384236456,0.3283582089552238,-0.0448453608247423,13511.0,5
6993eb5d-03e4-8397-b7e1-78eeced835f1,0,HOLDOUT,0.0391448652869972,0.0048031496062992,0.0246987951807228,0.4467394406392694,74.375,0.0,2.927210043582905,4.066265060240964,3.35195530726257,2.553870710295291,1.0,0.0253262296347772,0.9869742295056814,0.1057498620950397,0.0753012048192771,0.0,2.033132530120482,0.4553437845573408,0.0,0.0,0.7805893449554413,0.0,2.5454545454545454,3.0,0.0,1.0,0.585442008716581,0.05249463344825343,0.8778930566640064,0.06843166590776036,0.1300982241592402,0.5737951807228916,0.0,0.04631024096385542,0.1596169193934556,0.07773343974461293,1.1971268954509178,0.025369153711051844,0.7805893449554413,0.23109939759036144,0.4518072289156626,0.17206703910614526,0.2394253790901835,0.38898643256185156,0.2601964483184804,0.03733819033370195,39.84,0.063157894736842,0.0223238300161374,13280.0,3
6995dc2e-6c54-838e-ae1c-17eb1814d2e3,0,HOLDOUT,0.0412180349932705,0.0168236877523553,0.0198216055500495,0.2713011381113503,12.375,0.0,1.5574118646467507,3.2564066260795697,1.4158289678606826,7.362310632875548,1.0,0.0202253683906385,1.3670748639711543,0.0438127632005183,0.2831657935721365,0.0,0.0,0.0,0.1415828967860682,0.0,0.8494973807164095,0.4247486903582047,3.0,3.0,0.0,1.0,1.5574118646467507,0.08169333144556137,2.123743451791024,0.03143140308650715,0.0,1.0,0.0,1.0,0.0,0.9733824154042192,0.0,1.0,3.2564066260795697,0.02647600169899476,0.0,1.0,0.1415828967860682,0.45632167634149795,0.0,1.0,50.503649635036496,-0.5868613138686135,-0.0905911258852437,7063.0,1
6999f5a6-e368-8390-ab4d-806f30045b02,0,HOLDOUT,0.0244580322401334,0.0043013643390012,0.022731226442447,0.4427803000394789,73.875,0.0,1.2811942959001783,0.2899391127863148,3.008021390374332,3.230837789661319,0.8571428571428571,0.0232613339662948,0.958024259301457,-0.0648701720866668,0.588235294117647,0.0,1.7268270944741533,0.4705882352941176,0.0,0.0,0.2899391127863148,0.0,3.0,3.0,0.1671122994652406,0.48211898395721925,0.5897385492431688,0.0821047113557434,1.448306595365419,0.010811873402791428,0.1965795164143896,0.183,0.0655265054714632,0.024470861119164976,0.2319512902290519,0.17385249554367202,1.0514596734289956,0.0,0.8518445711290217,0.10281240939402725,0.3711034141514102,0.03296635329045027,0.3342245989304813,0.24251359674988532,0.2785204991087344,0.009220063786604813,43.31362467866324,-0.1704641350210972,0.0055789661107481,17000.0,5
699dc307-8ab4-8387-a854-8300b2f73dd5,0,HOLDOUT,0.0298662361623616,0.0017297047970479,0.0628113127902068,0.4306013179571664,45.0,0.0,0.4221190375685943,0.2532714225411566,4.874784935958707,5.096212986556542,1.0,0.067027027027027,0.9277030973896324,0.1106364492071536,0.0,0.0,1.5196285352469396,0.0,0.0,0.0,0.2532714225411566,0.0,3.0,3.0,0.1688476150274377,0.1140497320094895,0.7646721468170522,0.25884339383706206,0.9558401835213152,0.03993246095398902,0.191168036704263,0.23819537373351177,0.0844238075137188,0.05171095392850315,0.0955840183521315,0.2514140987758548,1.1422546349178455,0.03182777543267201,0.9286618826509077,0.0333588224048939,0.0878657411475265,0.6372902205430103,0.3376952300548755,0.1502743773744196,0.2867520550563946,0.22766013531324136,14.975708502024291,-0.1002217294900223,0.077606560331621,11381.0,3
699f927f-3a14-8385-9c6f-406488fe58aa,0,HOLDOUT,0.0581814212422224,0.0173561838227267,0.0299095549386585,0.4673366834170854,37.125,0.0,2.955135667592012,4.298379152861109,2.5969374048535867,7.163965254768514,1.0,0.030834564254062,0.9498029348426852,0.0909882232462877,0.2686486970538193,0.0,0.0,0.0,0.0,6.447568729291662,1.074594788215277,0.2686486970538193,2.272727272727273,3.0,0.0,1.0,0.4477478284230321,0.1086236231754276,1.6118921823229155,0.08731082654249127,0.0895495656846064,0.03089460016118922,0.0895495656846064,0.11354884928808096,0.0,0.19674039580908032,0.1790991313692128,0.6333840780872213,0.4477478284230321,0.10611623533625862,0.0895495656846064,0.8681830393122594,0.2686486970538193,0.3217515895047909,0.0,0.8135578042446494,32.716012084592144,-0.762537764350454,0.0263366885215624,11167.0,1
69a3274e-c88c-8390-b1ff-6a84a46e557e,0,HOLDOUT,0.0538151976643257,0.0106525684526157,0.0115812023028517,0.3763611615245009,33.5,0.0,1.74052751372339,3.681885125184094,2.2760744410228946,5.7571294684696745,0.8571428571428571,0.0117176916824708,1.0389335357716627,0.1659889459768905,0.2008300977373142,0.0,0.066943365912438,0.0,0.3347168295621904,4.552148882045789,0.4016601954746285,0.0,2.769230769230769,3.0,0.066943365912438,0.09238184495916454,0.2677734636497523,0.11387066541705718,0.6024902932119427,0.14995313964386128,0.0,1.0,0.0,0.058977105368857946,0.0,0.31155442495648683,0.6694336591243808,0.020417726603293614,0.6024902932119427,0.48694604364707456,0.0,1.0,0.2677734636497523,0.08341143392689784,0.1338867318248761,0.3637702503681885,86.82941176470588,0.0094117647058823,0.2177359257502877,14938.0,1
69a357c0-551c-8386-8433-53373a2e2f3d,0,HOLDOUT,0.0368518031060805,0.0,0.0334845538993303,0.3486722993361497,18.875,0.0,2.160293799956794,12.313674659753726,3.240440699935191,6.9129401598617415,1.0,0.0346523585960205,1.0423453500071644,0.1924130967834992,0.2160293799956794,0.0,0.0,0.0,0.2160293799956794,0.0,0.0,0.6480881399870383,3.0,3.0,0.0,1.0,0.0,1.0,1.2961762799740766,0.0818751350183625,0.0,1.0,0.0,1.0,0.0,0.11060704255778786,0.0,1.0,0.6480881399870383,0.37761935623244763,0.4320587599913588,0.1572693886368546,0.0,0.33830200907323393,0.0,1.0,29.407894736842103,0.1736842105263157,0.2187024608501117,4629.0,1
69b4075c-74e8-8385-8336-6e7b36dee1f9,0,HOLDOUT,0.0367513493983422,0.0143304607811838,0.0377011204869533,0.4050335812314433,33.125,0.0,0.0,4.288361273220311,3.957267789371497,4.506447926317142,0.7857142857142857,0.0393020157435792,0.9508411228913594,-0.0076185153901063,0.1775568181818181,0.1183712121212121,0.0,0.0,0.0,7.801528747991011,0.8723466123873219,0.0,0.0,0.0,0.0,1.0,0.2772722591574365,0.16486549152934254,1.388183094312839,0.08205716844220043,0.0,0.48869247412920946,0.0,0.05659307343572392,0.0,0.3490441257864337,2.5083448918485294,0.007239009180578312,0.4589342135456198,0.2887151421348988,0.5106259469413063,0.38043970664209126,0.1318811570928829,0.2960629668889184,0.5232656457801489,0.22868436418795318,28.0023450011439,-0.2637115839243501,-0.1288602902863687,6412.5,4
69b6055b-2f34-838a-9b29-83c3e152009e,0,HOLDOUT,0.0308405029781601,0.0080741230972865,0.0377088830255057,0.3095708446866485,32.875,0.109938434476693,1.4291996481970095,6.046613896218118,2.52858399296394,2.418645558487247,1.0,0.0391910420475319,1.119411160389441,0.2190298057830239,0.5496921723834653,0.0,0.109938434476693,0.0,0.0,7.475813544415127,1.759014951627089,0.2198768689533861,2.3846153846153846,3.0,0.0,1.0,0.3298153034300791,0.48988566402814426,0.9894459102902377,0.04540457343887423,0.0,0.265391380826737,0.0,0.0679419525065963,0.2198768689533861,0.08432277924362357,1.759014951627089,0.004727352682497801,0.0,1.0,0.0,1.0,0.0,1.0,0.3298153034300791,0.20998240985048372,25.73235294117647,0.1364705882352941,0.2803063207223681,9096.0,1
69bb0473-a228-838e-9b1b-afd71436bb06,0,HOLDOUT,0.0297302257294916,0.0048632776656267,0.0248590086078955,0.5250438511011498,74.42857142857143,0.0,1.7809439002671414,11.427723360047493,5.78806767586821,5.194419709112497,0.8333333333333334,0.0254946727549467,0.8426364997812806,0.0318856718634002,0.0,0.0,3.1908578213119623,0.2968239833778569,0.0,0.0,0.6678539626001782,2.077767883644998,3.0,3.0,0.4452359750667853,0.2385722766399525,1.632531908578213,0.25422974176313445,1.4099139210448204,0.04749183734045711,0.0742059958444642,0.5419263876521223,0.0,0.038141881864054615,0.2968239833778569,0.1352775304244583,1.4099139210448204,0.010314633422380528,0.8162659542891065,0.2246957554170377,0.2226179875333926,0.1383941822499258,0.5194419709112497,0.1597655090531315,0.3710299792223211,0.01491540516473731,29.58783783783784,-0.0765765765765764,-0.0541676181776663,13476.0,1
69bb446f-d9e4-8386-8c1e-03e694b21d87,0,HOLDOUT,0.0544539506794162,0.0104659855469723,0.0346455111468166,0.4417903066271019,78.25,0.0,2.238012644771443,9.36418004406673,5.429650613786591,6.452628265659427,1.0,0.0358926342072409,0.9720477487890522,-0.0681901776718746,0.2238012644771443,0.0,3.1130749146414947,1.1046394858405302,0.0,3.615183771841735,1.2050612572805786,1.1749566385050076,3.085714285714286,4.0,0.8392547417892912,0.09774520226039277,3.4129692832764507,0.11598992760465848,0.8655964746616305,0.02439433782800873,0.4476025289542886,0.05067673906200818,0.1119006322385721,0.020538243626062325,0.4016870857601928,0.17477179729304376,1.809883537928864,0.00015738117721120554,0.3934529430280138,0.1538633693280367,0.1573811772112055,0.06909033679571923,0.0786905886056027,0.03194837897387472,0.3012653143201446,0.4318136171922073,37.46588693957115,0.1918128654970759,0.0398104265402842,12708.0,3
69bf17bf-89f0-838b-bf61-b71e59a8bd33,0,HOLDOUT,0.0315413710855956,0.0097881310808227,0.0533504474766202,0.4098702193338466,83.625,0.2113460926595152,4.039222327678447,10.46461815159036,6.295176186790637,4.4873611274328615,0.7857142857142857,0.0564109218756102,0.9793327634877383,0.0239364817319046,0.3358790939048452,0.0,2.722052590138314,0.5029186172134036,0.0,0.0,0.4783720264218832,1.148330166943845,2.0338308457711443,3.5,0.4415521402346029,0.12282407527030169,2.2559538591121906,0.06313806946495999,2.360726881798084,0.014689453463480176,0.4161055257992183,0.021378480537380604,0.1179463417255177,0.061310945790251564,1.0501438037777642,0.09133596158255833,1.83326167379316,0.026505647661879118,1.254903236917467,0.0881510779148036,0.3538390251765532,0.25321374118260626,0.1179463417255177,0.28654935205324855,0.5906317322714532,0.26397899966453175,18.09267055393586,-0.3142841593780373,0.0616966816461791,13789.5,2
69c4aaac-e4d4-8390-9847-95be15fef056,0,HOLDOUT,0.0411700975081256,0.0077510543713666,0.0520390665772012,0.4343916518650089,96.5,0.0,5.2933721016923885,11.40684410646388,7.977335420860359,3.23514387876724,0.8571428571428571,0.054900110114834,0.9825721568713056,-0.0102065571497885,0.4545867806164197,0.0,1.8729780350757703,0.5455041367397035,0.0,0.0,0.6709908297919929,0.2236636099306642,2.647058823529412,4.0,0.4473272198613285,0.11918951132300358,2.182016546958814,0.023752766899369997,1.4473012089221862,0.019235070454037127,0.2727520683698518,0.2988251319598161,0.4473272198613285,0.025795869678669946,0.8182562051095553,0.043419036267665585,1.714754342801759,0.005618934105227311,1.2770304784607525,0.11995572961008003,0.4545867806164197,0.24974997727066098,0.1702707304614336,0.5528218892119585,0.3727726832177738,0.1496679720756002,18.289208633093526,0.2187499999999999,0.020656622833754,11746.0,3
69c52829-f540-8392-afa4-4e176b564f3f,0,HOLDOUT,0.0367549668874172,0.0121273370389085,0.2947253942359978,0.4728470437017995,9.375,0.0,0.0,1.249479383590171,1.9032082653616096,2.7118644067796613,0.7142857142857143,0.418048592364057,0.7934302480626094,-0.1635842920246588,1.665972511453561,0.0,0.8329862557267805,0.4164931278633902,0.0,0.0,0.0,0.0,0.0,0.0,0.0,1.0,0.0,1.0,0.0,0.19898305084745763,0.0,1.0,0.0,0.10453977509371096,0.2718868950516585,0.09322033898305085,4.350190320826536,0.0008329862557267805,0.4164931278633902,0.5077051228654728,0.0,1.0,0.0,1.0,0.0,1.0,2.3959296947271045,0.1503184713375795,-0.3311538461538464,2950.0,3
69cabdf7-ff70-838a-b89b-e5748314c68e,0,HOLDOUT,0.0382062348409188,0.0135629191040091,0.3161573571065673,0.3412720373152028,4.4375,0.0,0.0,0.0,2.3823704586063137,0.5955926146515784,1.0,0.5577557577557577,1.126028787025889,-0.2804347231715651,2.3823704586063137,0.0,0.8933889219773674,0.0,0.0,0.0,0.0,0.0,0.0,0.0,0.2977963073257892,1.0,1.0921169443437333,0.16016857577659185,0.0,1.0,0.0,1.0,0.0,0.570577724836212,0.0,0.4176251646455751,3.8713519952352593,0.5279928528886242,0.2977963073257892,0.9785586658725431,0.0,1.0,0.0,1.0,0.0,1.0,3.44317273301073,-0.5776393856511682,-0.6567194399276101,1343.0,2
69d7ec5a-65a0-8389-aae9-591f4f07de6a,0,HOLDOUT,0.0462962962962962,0.0065044383226201,0.0226593625498007,0.3602809190450547,87.625,0.0,4.1085657370517925,10.084661354581671,5.291334661354582,7.345617529880479,1.0,0.0231861902031976,1.0192292147908244,0.1067921719351003,0.0,0.0,4.793326693227092,0.7470119521912351,0.0,1.1205179282868527,0.3112549800796813,0.1867529880478087,2.606060606060606,3.0,0.0,1.0,0.4357569721115538,0.17087898406374502,1.6807768924302788,0.03647908366533865,0.0,1.0,0.1245019920318725,0.042579681274900395,0.4357569721115538,0.025522908366533866,2.2410358565737054,0.011889940239043825,0.249003984063745,0.19826942231075698,0.0622509960159362,0.3507843625498008,0.5602589641434264,0.020169322709163346,0.3112549800796813,0.10601344621513945,43.4792243767313,-0.5927977839335186,0.0476554536187562,16064.0,1
69d8ed67-0ebc-8392-bb16-5f039af2eba2,0,HOLDOUT,0.0600505689001264,0.0101137800252844,0.1033057851239669,0.439207650273224,7.875,0.0,0.0,3.0991735537190084,3.0991735537190084,4.132231404958678,1.0,0.1152737752161383,0.8252158561798397,0.0170332518699548,2.5826446280991737,0.5165289256198348,0.0,0.5165289256198348,0.0,0.0,0.0,0.0,0.0,0.0,0.0,1.0,0.5165289256198348,1.0,0.5165289256198348,0.01962809917355372,0.5165289256198348,0.6678719008264463,0.0,0.11415289256198347,1.5495867768595042,0.19163223140495866,8.264462809917356,0.04442148760330578,1.0330578512396695,0.7825413223140496,0.0,1.0,0.0,1.0,0.0,1.0,8.791878172588833,-0.0791878172588835,-0.1284064665127023,1936.0,1
69dafc93-f2f4-8392-8d48-cec9f7c5b3eb,0,HOLDOUT,0.087413594470046,0.0251296082949308,0.0237627197039777,0.441767170891251,103.25,0.0,4.914431082331175,13.933857539315447,6.302035152636448,7.284921369102683,1.0,0.0243425728500355,0.963826616976228,0.1125681344317471,0.2312673450508788,0.0,2.370490286771508,0.5203515263644773,0.0,9.366327474560594,0.2312673450508788,2.0814061054579094,2.8823529411764706,4.0,0.0,1.0,0.7516188714153561,0.030064754856614247,0.6359851988899168,0.09441489361702128,0.2312673450508788,0.06943802035152637,0.2312673450508788,0.033822849213691025,0.5203515263644773,0.07256012950971323,1.3297872340425532,0.014627659574468085,0.4047178538390379,0.07782146160962072,0.4047178538390379,0.25271739130434784,0.1156336725254394,0.0008094357076780758,0.3469010175763182,0.011043015726179464,41.375,-0.5568627450980398,0.0603992654463597,17296.0,1
69db2310-9a1c-838a-8f1b-3ba46238b25a,0,HOLDOUT,0.0450080371494909,0.0103553106593197,0.0293753663779066,0.4630098962104755,89.0,0.0,4.559369504331401,13.703142499505896,6.239242685025817,6.071645415907711,0.7142857142857143,0.0302664250721428,0.9530040155453496,-0.0204920547272837,0.2759128115515497,0.0,2.483215303963948,0.2759128115515497,0.0,1.3176098557217208,0.7357674974707993,0.1434308663224325,2.5,3.0,0.3035822707953856,0.38379472086820565,3.0963831609460435,0.01857429718875502,1.5179113539769278,0.028333224776916563,0.2276867030965391,0.1408075048284742,0.2151462994836488,0.03706428768509151,0.4302925989672977,0.08849423193685489,1.5777395295467584,0.015267175572519083,1.2908777969018934,0.025597603074317722,0.0717154331612162,0.9504446356855996,0.1434308663224325,0.2647039666514688,0.5518256231030995,0.04539586919104992,33.254464285714285,-0.095483870967742,0.0320915829970909,13944.0,5
69df73b9-c0e8-838e-a7a7-4cca94bec15f,0,HOLDOUT,0.0384396355353075,0.0074031890660592,0.0347705146036161,0.3867636494252873,15.625,0.0,0.9272137227630968,7.417709782104775,2.7816411682892905,7.417709782104775,1.0,0.0360317079029546,1.0019484260427365,0.182449390250644,1.3908205841446453,0.0,2.5498377375985166,0.2318034306907742,0.0,0.0,0.0,0.0,3.0,3.0,0.2318034306907742,0.27932313398238295,0.9272137227630968,0.20282800185442745,0.6954102920723226,0.2897542883634678,0.0,0.3822438572090867,0.0,0.060037088548910524,0.0,0.33240611961057026,3.708854891052388,0.0076495132127955496,0.2318034306907742,0.49258229021789524,0.0,1.0,0.2318034306907742,1.0,0.0,0.6655076495132128,28.29931972789116,0.3455782312925169,0.1915384615384614,4314.0,1
69e7eaa9-46e4-8386-b972-a9f4b8859eb8,0,HOLDOUT,0.0316814159292035,0.003362831858407,0.1511161991986262,0.3029947916666666,26.375,0.0,0.8586147681740126,6.296508299942759,2.575844304522038,3.291356611333715,1.0,0.1780475467880627,1.1078518581298051,-0.1258790867729413,1.001717229536348,0.0,1.7172295363480252,0.2862049227246708,0.0,0.0,1.001717229536348,0.7155123068116771,3.0,3.0,0.1431024613623354,1.0,1.1448196908986834,0.06010303377218088,2.003434459072696,0.04879793932455638,0.4293073840870063,0.3473096737263881,0.0,0.14811104751001716,0.8586147681740126,0.33328563251287924,1.1448196908986834,0.09387521465369204,1.287922152261019,0.18317115054378935,0.2862049227246708,0.03949627933600458,0.2862049227246708,0.46350887235260446,0.1431024613623354,0.08729250143102461,5.62962962962963,-0.3430199430199433,-0.4148448043184889,6988.0,1
69e8c1df-6410-8394-9389-61320421cbe1,0,HOLDOUT,0.0324870552864539,0.0107825259652739,0.0607195917576383,0.4805049668874172,54.75,0.0,1.432469304229195,9.004092769440655,4.843110504774898,9.41336971350614,1.0,0.0646492434662998,0.8913875906198383,0.0502471118989149,0.2046384720327421,0.0,2.114597544338336,0.0860881542699724,0.1291906207609327,1.2278308321964528,0.8867667121418826,1.159618008185539,3.1904761904761907,4.0,0.2583812415218655,0.17434274271687875,1.9099590723055933,0.016959366391184574,1.3774104683195594,0.02703168044077135,0.2046384720327421,0.14376721763085398,0.2583812415218655,0.054838154269972454,0.1364256480218281,0.28654479684774886,1.2960436562073672,0.022156191460499967,0.7751437245655964,0.21833214908597637,0.0,1.0,0.2583812415218655,0.5712809250048446,0.2728512960436562,0.04747755312964279,15.514407684098186,-0.3583023082650785,-0.0291510142749813,14660.0,3
69e9541f-a814-838d-b096-818fa0b1f213,0,HOLDOUT,0.0295959595959595,0.0117171717171717,0.053459884805711,0.4245933278191343,47.875,0.0,0.4056136935182932,10.951569724993917,4.380627889997567,5.840837186663421,1.0,0.0564841004542727,0.9417531706382258,0.0267161410018553,0.2433682161109759,0.0,3.7316459803682975,0.9734728644439036,0.0,0.0,1.7035775127768311,3.8938914577756143,3.0,3.0,0.0,1.0,0.9734728644439036,0.0027581731159243934,2.5959276385170766,0.0013790865579621967,0.3244909548146346,0.5064492577269408,0.0811227387036586,0.04656445201590006,0.0811227387036586,0.0018658229901841487,1.3790865579621967,0.014764338444065871,0.7301046483329277,0.012736269976474406,0.1622454774073173,0.6431410724426057,0.0,1.0,0.4056136935182932,0.15754035856250506,17.78048780487805,0.1292682926829267,-0.1367626886145405,12327.0,1
69f4ab6c-26a0-83eb-9990-f1a1dd82d9a7,0,HOLDOUT,0.0355865826664396,0.0056189341052273,0.0322092222986923,0.5345360824742268,27.428571428571427,0.0,0.0,6.744666207845836,3.8540949759119054,8.258774948382657,0.8333333333333334,0.0332859174964438,0.8071994152604193,0.1611792257886761,0.0,0.0,3.3035099793530627,3.0282174810736406,0.0,0.0,1.5141087405368203,1.1011699931176877,0.0,0.0,0.0,1.0,1.1011699931176877,0.22684101858224365,1.5141087405368203,0.10433585684790089,0.1376462491397109,0.2591878871300757,0.1376462491397109,0.06317962835512732,0.1376462491397109,0.20977288368891947,3.3035099793530627,0.02161046111493462,0.5505849965588439,0.10295939435650378,0.4129387474191328,0.4379903647625602,0.1376462491397109,1.0,0.4129387474191328,0.1889883000688231,22.71659482758621,-0.7758620689655172,-0.0159954461363314,7265.0,1
6a05c34f-fe2c-8389-b4a2-e9fdc8b53968,0,HOLDOUT,0.0314871446369917,0.0091743119266055,0.0320383693045563,0.3662120359955005,36.0,0.0,0.0,9.496402877697845,3.9328537170263793,0.9592326139088728,1.0,0.0331020812685827,0.9964085228718664,0.1431222517803435,0.0,0.0,0.671462829736211,0.4796163069544364,0.0,0.0,0.671462829736211,0.0,0.0,0.0,0.0,1.0,1.1510791366906474,0.027913669064748202,0.2877697841726618,0.09880095923261391,0.0,1.0,0.0,0.11856115107913669,0.0,0.8454676258992806,1.630695443645084,0.0747242206235012,0.1918465227817745,0.24383693045563548,0.3836930455635491,0.0657074340527578,0.2877697841726618,0.017937649880095923,0.3836930455635491,0.11443645083932853,30.47432024169184,-0.2042296072507555,0.1236839496381479,10425.0,1
6a0a30b7-a218-838b-812d-6f24a305e531,0,HOLDOUT,0.0321487782022633,0.0093138186656529,0.0378369039391845,0.4846579476861167,36.57142857142857,0.0,0.0,16.932752781809388,7.947477539737388,3.870343492985002,1.0,0.0393318965517241,0.9332396448849318,0.1002603940126775,0.1826039320713373,0.0,0.0608679773571124,0.0608679773571124,0.0,0.0,0.4260758414997869,0.0,0.0,0.0,0.0,1.0,0.0,0.8027737461699725,0.6450572488308337,0.1287145818935729,0.0,1.0,0.0608679773571124,0.06756345486639478,0.1727712508638562,0.07774706288873531,1.935171746492501,0.038042485848195265,0.3043398867855621,0.1430414449282374,0.6450572488308337,0.20810761458396737,0.1727712508638562,0.48859709744298546,0.1727712508638562,0.40124170673808507,25.76388888888889,0.2195367573011077,0.0228401062933436,6201.0,3
6a0b17ca-0524-838f-83fc-ad6ff7d0a0fa,0,HOLDOUT,0.0240304323622193,0.0067730562256448,0.0926318414162822,0.428019096288327,38.125,0.0,0.0,11.002200440088018,5.485600299214562,0.2493454681461164,1.0,0.1021025147725711,0.9775312625841632,0.0634147618673579,0.0,0.0,0.0,0.0,0.0,0.0,0.0,0.0,0.0,0.0,0.2493454681461164,0.47699788056352077,1.3714000748036406,0.23764752950590118,1.246727340730582,0.047103155911446065,1.2002400480096018,0.03800760152030406,0.0,0.0678135627125425,0.0,0.14397864656932013,1.491599937195792,0.008801760352070413,0.4000800160032006,0.06280420788192809,0.4710315591144607,0.27165433086617324,0.1246727340730582,1.0,0.2000400080016003,0.8155631126225245,9.82972972972973,0.1266666666666666,-0.0663077541181198,8021.0,3
6a0e1556-40e0-83eb-82cf-90d488bc9b80,0,HOLDOUT,0.0235166425470332,0.0080800771828268,0.021274419556101,0.3175377015080603,43.375,0.0,0.0,17.285465889332105,5.216324025774778,2.659302444512632,1.0,0.0217391304347826,1.0787517632572414,0.2036165131354486,0.1022808632504858,0.0,0.0,0.0,0.0,3.579830213767004,0.0,0.8182469060038867,0.0,0.0,0.2045617265009716,0.5771709113224915,1.22737035900583,0.027104428761378745,0.613685179502915,0.05686815996727013,0.0,0.06198220312979442,0.0,1.0,0.3068425897514575,0.017796870205584535,2.352459854761174,0.048072005727728344,0.2045617265009716,0.1632402577477754,0.5114043162524292,0.06965326787358085,0.3068425897514575,0.03784391940267976,0.1022808632504858,0.6344481947427636,46.65853658536585,0.6029268292682927,0.2281233664401462,9777.0,1
6a0ef5b6-0544-83eb-89c1-205b942173af,0,HOLDOUT,0.0169683257918552,0.0093325791855203,0.0364690254800144,0.3755446623093681,31.5,0.0,0.0,14.007970051926096,4.105784325564545,2.173650525298877,1.0,0.0378540987716219,1.0357447613136657,0.1581546324113401,0.0,0.0,0.966066900132834,0.0,0.0,0.0,0.0,0.0,0.0,0.0,0.1207583625166042,0.4044197560681077,1.5698587127158556,0.0032604757879483156,0.966066900132834,0.10807873445236083,0.1207583625166042,0.42205047699553194,0.1207583625166042,0.7514792899408284,0.3622750875498128,0.3666223886004106,1.0868252626494386,0.1778770679869581,0.1207583625166042,0.2546793865475184,0.2415167250332085,0.06146600652095158,0.2415167250332085,0.4571911604878638,0.0,1.0,26.672240802675585,0.1190635451505015,0.1476112852664575,8281.0,1
6a1dbb11-d57c-83eb-bd23-bf096686b5d3,0,HOLDOUT,0.0254304635761589,0.022251655629139,0.0711278528694881,0.3583015267175573,12.375,0.0,0.886328384666519,9.749612231331708,3.1021493463328165,4.431641923332594,1.0,0.0765926986399427,0.9766302383636748,-0.0753704055967703,1.772656769333038,0.0,0.6647462884998893,0.0,0.0,0.0,0.6647462884998893,0.0,3.0,3.0,0.0,1.0,2.658985153999557,0.2162641258586306,2.8805672501661865,0.05428761356082429,0.2215820961666297,0.6213161976512298,0.0,1.0,1.1079104808331486,0.08132062929315312,0.0,1.0,2.437403057832927,0.15134057168180812,0.2215820961666297,0.4325282517172612,0.0,1.0,0.2215820961666297,0.4529138045645912,13.169811320754716,-0.7572327044025161,-0.2976122254059217,4513.0,1
6a1dcf1e-96d0-83eb-bbfe-938fcedd82b8,0,HOLDOUT,0.0351527998586822,0.0077724783607136,0.0397282528430069,0.4160925196850393,19.75,0.0,1.329198050509526,9.156697681287843,3.544528134692069,4.430660168365086,1.0,0.0413782495000769,0.9431376466986754,0.0400439300498437,0.7384433613941811,0.0,0.5907546891153448,0.0,0.0,0.0,2.363018756461379,2.806084773297888,3.0,3.0,0.1476886722788362,0.9184758529020824,1.9199527396248708,0.16275291685127752,1.7722640673460346,0.09924678777137794,0.5907546891153448,0.33510559740067936,0.0,1.0,0.1476886722788362,0.15389159651454734,0.2953773445576724,0.1618667848176045,0.4430660168365086,0.3894550287992911,0.0,1.0,0.0,1.0,1.1815093782306896,0.0717766947275144,24.428571428571427,-0.2586466165413536,-0.0936903662665438,6771.0,1
6a1dd114-b71c-83eb-b407-049e42e0e8c3,0,HOLDOUT,0.0272654370489174,0.0170077832228307,0.0678087080656673,0.4130105900151286,13.125,0.0,0.0,0.9485416172634574,8.089459909588388,1.9034023316678563,1.0,0.0727597651263722,0.9601625910314516,-0.0091697308093874,2.5918585150175333,0.0,0.0,1.9034023316678563,0.0,0.0,0.0,0.0,0.0,0.0,0.0,1.0,0.237925291458482,0.8000948541617263,1.4275517487508922,0.07628524046434494,0.0,0.8496722061289831,0.0,1.0,0.0,0.1266961427046806,0.0,1.0,0.4559963520291837,0.3438212494300046,0.3049245311785333,0.8849893289068058,0.0,1.0,0.0,1.0,13.879432624113475,-0.2361445783132532,-0.1684210526315792,4203.0,5
6a1e0bf1-c8a8-83eb-a2ee-0c251337c75d,0,HOLDOUT,0.0284237726098191,0.0051679586563307,0.038676844783715,0.4650047370914258,21.25,0.0,0.89058524173028,7.506361323155216,1.78117048346056,2.035623409669211,1.0,0.0402382528127068,0.9557923929004528,0.0311073111276855,0.2544529262086514,0.0,0.2544529262086514,0.0,0.0,0.0,1.653944020356234,1.272264631043257,3.0,3.0,0.0,1.0,0.6361323155216285,0.6436386768447837,1.5267175572519085,0.017811704834605598,0.381679389312977,0.6326972010178117,0.0,0.10776081424936387,0.1272264631043257,0.6732824427480916,1.0178117048346056,0.06463104325699745,0.5089058524173028,0.029134860050890585,0.6361323155216285,0.02340966921119593,0.0,0.4291348600508906,0.1272264631043257,0.7260814249363867,25.089700996677745,0.2086378737541528,-0.1324152542372883,7860.0,1
6a1ed8a8-66b4-838c-bc09-81e52726d890,0,HOLDOUT,0.0288924558587479,0.012573568753344,0.0408492960996999,0.3893088552915766,8.625,0.0,0.0,5.077313639510732,3.000230786983614,3.692591737825986,1.0,0.0425992779783393,1.0342375763803524,0.2312925170068026,0.6923609508423725,0.0,0.0,0.0,0.0,0.0,0.6923609508423725,0.4615739672282483,0.0,0.0,0.0,1.0,0.6923609508423725,0.47311331640895454,1.6155088852988693,0.08516039695361181,0.0,1.0,0.0,1.0,0.0,0.006923609508423725,0.0,1.0,0.2307869836141241,0.20978536810523887,0.0,1.0,1.384721901684745,0.11031617816755135,0.0,0.6655896607431341,23.86206896551724,0.4459770114942529,0.2957610789980732,4333.0,1
6a2088f3-c7c0-8395-b1b0-6c9227eeedd8,0,HOLDOUT,0.0582737768004398,0.0067802822063404,0.0307342922028766,0.4607541899441341,22.875,0.0,3.1794095382286147,9.689629068887209,6.813020439061317,1.514004542013626,1.0,0.031713794719575,0.9447188554744712,0.0606533004229276,2.27100681302044,0.0,0.0,0.0,0.1514004542013626,0.0,2.27100681302044,0.757002271006813,3.095238095238096,4.0,0.0,1.0,1.2112036336109009,0.1376230128690386,4.239212717638153,0.015594246782740349,0.0,0.44511733535200604,0.3028009084027252,0.07736563209689629,0.4542013626040878,0.030582891748675248,1.514004542013626,0.042694928084784256,1.2112036336109009,0.18652535957607874,0.1514004542013626,0.6457229371688115,0.4542013626040878,0.15336866010598033,0.0,0.6852384557153671,31.99,-0.3720000000000003,-0.0507658643326041,6605.0,1
6a249233-5ec4-83ed-b540-8aa2b2950013,0,HOLDOUT,0.0429407937540663,0.0217957059206245,0.1432051976177585,0.3796334431630972,11.375,0.0,0.5414185165132648,5.414185165132647,7.309149972929074,5.414185165132647,1.0,0.1671934260429835,0.8943962581756287,0.1901403903031242,2.165674066053059,1.0828370330265296,0.2707092582566324,1.0828370330265296,0.0,0.0,1.6242555495397943,0.0,3.0,3.0,0.0,1.0,0.8121277747698972,0.08175419599350298,2.165674066053059,0.020844612885760692,0.0,0.18002165674066054,0.0,1.0,0.0,0.06334596643205198,0.0,1.0,0.5414185165132648,0.7560909583107742,0.2707092582566324,0.33324309691391446,0.2707092582566324,1.0,0.8121277747698972,0.31321061180292364,6.009505703422053,-0.5064638783269967,0.3832964251819044,3694.0,1
6a26cad1-5f9c-83ed-9a70-d62af14c02f3,0,HOLDOUT,0.0421287937408649,0.0515003009199552,0.6327069876688197,0.3817279659116394,33.75,0.0,0.2935995302407516,0.6605989430416912,1.688197298884322,1.7615971814445095,1.0,1.7229662202678393,0.9699842290504944,-0.3437090191881993,0.1467997651203758,0.0,0.0,0.1467997651203758,0.0,0.0,0.0,0.0,3.0,3.0,0.0,1.0,0.4403992953611274,0.7931591309453905,1.3211978860833824,0.07024368761009982,1.5413975337639458,0.05226071638285379,0.0,0.34740164415736935,0.2201996476805637,0.07178508514386377,0.0,1.0,0.1467997651203758,0.44216089254257196,0.0,1.0,0.2201996476805637,0.9228567234292425,0.0733998825601879,0.40751614797416325,0.5802483462922131,-0.7669954740628991,-0.4992000000000003,13624.0,1
6a2875cb-c7d4-83eb-abc1-8e4a0000d44f,0,HOLDOUT,0.0273426616623308,0.0128396431247113,0.1937155364681684,0.3745311712888413,9.25,0.0,0.0,2.145333106337885,6.949839111870096,2.272434072833456,1.0,0.2432373120154838,0.877728338288849,0.0949352039885377,0.4367765887748416,0.0,0.0,1.3231675551729505,0.0,0.0,0.0,0.0,0.0,0.0,0.0,1.0,1.354605330804149,0.20574591710902332,1.0983603663613168,0.2818121914012078,0.0999200639488409,0.83103517186251,0.0,1.0,0.5523896303927649,0.4473419863566531,0.0,1.0,0.6476776220781169,0.16134967551162552,0.3996802557953637,0.8393453573814296,0.0,0.9188687486350732,0.0999200639488409,0.9775179856115108,4.394809323283438,-0.1873311184939093,0.102477463932073,3786.5,4
