"RUN_ID","ERROR","SOURCE_PATH","DESTINATION_PATH","SOURCE_LENGTH","DESTINATION_LENGTH","SOURCE_EXTENSION","SOURCE_EXISTS","DESTINATION_EXISTS"
"RUN-006","[Errno 2] No such file or directory: 'C:\\RSOS\\RSOS_CANONICAL_EXPERIMENT_CHAIN\\90_RUN_RECORDS\\RUN-006__F1_Development_R3_LM_Arena_Blind_Hardened\\09_FREEZE\\SOURCE\\Training data\\F1_DEV_LMARENA_BLIND_R3_HARDENED\\05_POSTFREEZE_NUISANCE_AUDIT\\COMPLETE_CONTINUOUS_FEATURE_NUISANCE_PREDICTABILITY.csv.phase8g.partial'","C:\RSOS\Training data\F1_DEV_LMARENA_BLIND_R3_HARDENED\05_POSTFREEZE_NUISANCE_AUDIT\COMPLETE_CONTINUOUS_FEATURE_NUISANCE_PREDICTABILITY.csv","C:\RSOS\RSOS_CANONICAL_EXPERIMENT_CHAIN\90_RUN_RECORDS\RUN-006__F1_Development_R3_LM_Arena_Blind_Hardened\09_FREEZE\SOURCE\Training data\F1_DEV_LMARENA_BLIND_R3_HARDENED\05_POSTFREEZE_NUISANCE_AUDIT\COMPLETE_CONTINUOUS_FEATURE_NUISANCE_PREDICTABILITY.csv","139","254",".csv","True","False"
"RUN-006","[Errno 2] No such file or directory: 'C:\\RSOS\\RSOS_CANONICAL_EXPERIMENT_CHAIN\\90_RUN_RECORDS\\RUN-006__F1_Development_R3_LM_Arena_Blind_Hardened\\05_OUTPUTS\\SOURCE\\Training data\\F1_DEV_LMARENA_BLIND_R3_HARDENED\\06_PLANTED_V12_GRAPH_CALIBRATION\\PLANTED_V12_GRAPH_CALIBRATION_RESULT.csv.phase8g.partial'","C:\RSOS\Training data\F1_DEV_LMARENA_BLIND_R3_HARDENED\06_PLANTED_V12_GRAPH_CALIBRATION\PLANTED_V12_GRAPH_CALIBRATION_RESULT.csv","C:\RSOS\RSOS_CANONICAL_EXPERIMENT_CHAIN\90_RUN_RECORDS\RUN-006__F1_Development_R3_LM_Arena_Blind_Hardened\05_OUTPUTS\SOURCE\Training data\F1_DEV_LMARENA_BLIND_R3_HARDENED\06_PLANTED_V12_GRAPH_CALIBRATION\PLANTED_V12_GRAPH_CALIBRATION_RESULT.csv","128","244",".csv","True","False"
"RUN-007","[Errno 2] No such file or directory: 'C:\\RSOS\\RSOS_CANONICAL_EXPERIMENT_CHAIN\\90_RUN_RECORDS\\RUN-007__F1_Development_R4_V12_Graph_Calibration\\06_DIAGNOSTIC\\SOURCE\\Training data\\F1_DEV_R4_V12_GRAPH_CALIBRATION\\03_CROSS_TOPOLOGY_GENERALIZATION\\CROSS_TOPOLOGY_GENERALIZATION_RESULT.csv.phase8g.partial'","C:\RSOS\Training data\F1_DEV_R4_V12_GRAPH_CALIBRATION\03_CROSS_TOPOLOGY_GENERALIZATION\CROSS_TOPOLOGY_GENERALIZATION_RESULT.csv","C:\RSOS\RSOS_CANONICAL_EXPERIMENT_CHAIN\90_RUN_RECORDS\RUN-007__F1_Development_R4_V12_Graph_Calibration\06_DIAGNOSTIC\SOURCE\Training data\F1_DEV_R4_V12_GRAPH_CALIBRATION\03_CROSS_TOPOLOGY_GENERALIZATION\CROSS_TOPOLOGY_GENERALIZATION_RESULT.csv","127","244",".csv","True","False"
"RUN-010","[Errno 2] No such file or directory: 'C:\\RSOS\\RSOS_CANONICAL_EXPERIMENT_CHAIN\\90_RUN_RECORDS\\RUN-010__F2_BR0_Full_Fingerprint_Recovery\\09_FREEZE\\SOURCE\\Training data\\F2_BR0_FULL_FINGERPRINT_RECOVERY\\01_CANONICAL_INPUTS\\F1_BR2_LMARENA_MATCHED_CONTROL\\00_MANIFEST\\BR1_R1_MODEL_SHA256.txt.phase8g.partial'","C:\RSOS\Training data\F2_BR0_FULL_FINGERPRINT_RECOVERY\01_CANONICAL_INPUTS\F1_BR2_LMARENA_MATCHED_CONTROL\00_MANIFEST\BR1_R1_MODEL_SHA256.txt","C:\RSOS\RSOS_CANONICAL_EXPERIMENT_CHAIN\90_RUN_RECORDS\RUN-010__F2_BR0_Full_Fingerprint_Recovery\09_FREEZE\SOURCE\Training data\F2_BR0_FULL_FINGERPRINT_RECOVERY\01_CANONICAL_INPUTS\F1_BR2_LMARENA_MATCHED_CONTROL\00_MANIFEST\BR1_R1_MODEL_SHA256.txt","141","247",".txt","True","False"
"RUN-010","[Errno 2] No such file or directory: 'C:\\RSOS\\RSOS_CANONICAL_EXPERIMENT_CHAIN\\90_RUN_RECORDS\\RUN-010__F2_BR0_Full_Fingerprint_Recovery\\09_FREEZE\\SOURCE\\Training data\\F2_BR0_FULL_FINGERPRINT_RECOVERY\\01_CANONICAL_INPUTS\\F1_BR2_LMARENA_MATCHED_CONTROL\\00_MANIFEST\\FROZEN_INPUT_SHA256.csv.phase8g.partial'","C:\RSOS\Training data\F2_BR0_FULL_FINGERPRINT_RECOVERY\01_CANONICAL_INPUTS\F1_BR2_LMARENA_MATCHED_CONTROL\00_MANIFEST\FROZEN_INPUT_SHA256.csv","C:\RSOS\RSOS_CANONICAL_EXPERIMENT_CHAIN\90_RUN_RECORDS\RUN-010__F2_BR0_Full_Fingerprint_Recovery\09_FREEZE\SOURCE\Training data\F2_BR0_FULL_FINGERPRINT_RECOVERY\01_CANONICAL_INPUTS\F1_BR2_LMARENA_MATCHED_CONTROL\00_MANIFEST\FROZEN_INPUT_SHA256.csv","141","247",".csv","True","False"
"RUN-010","[Errno 2] No such file or directory: 'C:\\RSOS\\RSOS_CANONICAL_EXPERIMENT_CHAIN\\90_RUN_RECORDS\\RUN-010__F2_BR0_Full_Fingerprint_Recovery\\09_FREEZE\\SOURCE\\Training data\\F2_BR0_FULL_FINGERPRINT_RECOVERY\\01_CANONICAL_INPUTS\\F1_BR2_LMARENA_MATCHED_CONTROL\\00_MANIFEST\\INPUT_MANIFEST_CROSSCHECK.csv.phase8g.partial'","C:\RSOS\Training data\F2_BR0_FULL_FINGERPRINT_RECOVERY\01_CANONICAL_INPUTS\F1_BR2_LMARENA_MATCHED_CONTROL\00_MANIFEST\INPUT_MANIFEST_CROSSCHECK.csv","C:\RSOS\RSOS_CANONICAL_EXPERIMENT_CHAIN\90_RUN_RECORDS\RUN-010__F2_BR0_Full_Fingerprint_Recovery\09_FREEZE\SOURCE\Training data\F2_BR0_FULL_FINGERPRINT_RECOVERY\01_CANONICAL_INPUTS\F1_BR2_LMARENA_MATCHED_CONTROL\00_MANIFEST\INPUT_MANIFEST_CROSSCHECK.csv","147","253",".csv","True","False"
"RUN-010","[WinError 206] Имя файла или его расширение имеет слишком большую длину: 'C:\\RSOS\\RSOS_CANONICAL_EXPERIMENT_CHAIN\\90_RUN_RECORDS\\RUN-010__F2_BR0_Full_Fingerprint_Recovery\\09_FREEZE\\SOURCE\\Training data\\F2_BR0_FULL_FINGERPRINT_RECOVERY\\01_CANONICAL_INPUTS\\F1_BR2_LMARENA_MATCHED_CONTROL\\01_BR1_FROZEN\\F1_BR1_RESULTS_PACKAGE'","C:\RSOS\Training data\F2_BR0_FULL_FINGERPRINT_RECOVERY\01_CANONICAL_INPUTS\F1_BR2_LMARENA_MATCHED_CONTROL\01_BR1_FROZEN\F1_BR1_RESULTS_PACKAGE\00_MANIFEST\COMPLETE_CURRENT_OUTPUT_SHA256.csv","C:\RSOS\RSOS_CANONICAL_EXPERIMENT_CHAIN\90_RUN_RECORDS\RUN-010__F2_BR0_Full_Fingerprint_Recovery\09_FREEZE\SOURCE\Training data\F2_BR0_FULL_FINGERPRINT_RECOVERY\01_CANONICAL_INPUTS\F1_BR2_LMARENA_MATCHED_CONTROL\01_BR1_FROZEN\F1_BR1_RESULTS_PACKAGE\00_MANIFEST\COMPLETE_CURRENT_OUTPUT_SHA256.csv","189","295",".csv","True","False"
"RUN-010","[WinError 206] Имя файла или его расширение имеет слишком большую длину: 'C:\\RSOS\\RSOS_CANONICAL_EXPERIMENT_CHAIN\\90_RUN_RECORDS\\RUN-010__F2_BR0_Full_Fingerprint_Recovery\\09_FREEZE\\SOURCE\\Training data\\F2_BR0_FULL_FINGERPRINT_RECOVERY\\01_CANONICAL_INPUTS\\F1_BR2_LMARENA_MATCHED_CONTROL\\01_BR1_FROZEN\\F1_BR1_RESULTS_PACKAGE'","C:\RSOS\Training data\F2_BR0_FULL_FINGERPRINT_RECOVERY\01_CANONICAL_INPUTS\F1_BR2_LMARENA_MATCHED_CONTROL\01_BR1_FROZEN\F1_BR1_RESULTS_PACKAGE\00_MANIFEST\INPUT_SHA256.txt","C:\RSOS\RSOS_CANONICAL_EXPERIMENT_CHAIN\90_RUN_RECORDS\RUN-010__F2_BR0_Full_Fingerprint_Recovery\09_FREEZE\SOURCE\Training data\F2_BR0_FULL_FINGERPRINT_RECOVERY\01_CANONICAL_INPUTS\F1_BR2_LMARENA_MATCHED_CONTROL\01_BR1_FROZEN\F1_BR1_RESULTS_PACKAGE\00_MANIFEST\INPUT_SHA256.txt","171","277",".txt","True","False"
"RUN-010","[WinError 206] Имя файла или его расширение имеет слишком большую длину: 'C:\\RSOS\\RSOS_CANONICAL_EXPERIMENT_CHAIN\\90_RUN_RECORDS\\RUN-010__F2_BR0_Full_Fingerprint_Recovery\\07_ADJUDICATION\\SOURCE\\Training data\\F2_BR0_FULL_FINGERPRINT_RECOVERY\\01_CANONICAL_INPUTS\\F1_BR2_LMARENA_MATCHED_CONTROL\\01_BR1_FROZEN\\F1_BR1_RESULTS_PACKAGE'","C:\RSOS\Training data\F2_BR0_FULL_FINGERPRINT_RECOVERY\01_CANONICAL_INPUTS\F1_BR2_LMARENA_MATCHED_CONTROL\01_BR1_FROZEN\F1_BR1_RESULTS_PACKAGE\00_MANIFEST\PACKAGE_STATUS.txt","C:\RSOS\RSOS_CANONICAL_EXPERIMENT_CHAIN\90_RUN_RECORDS\RUN-010__F2_BR0_Full_Fingerprint_Recovery\07_ADJUDICATION\SOURCE\Training data\F2_BR0_FULL_FINGERPRINT_RECOVERY\01_CANONICAL_INPUTS\F1_BR2_LMARENA_MATCHED_CONTROL\01_BR1_FROZEN\F1_BR1_RESULTS_PACKAGE\00_MANIFEST\PACKAGE_STATUS.txt","173","285",".txt","True","False"
"RUN-010","[WinError 206] Имя файла или его расширение имеет слишком большую длину: 'C:\\RSOS\\RSOS_CANONICAL_EXPERIMENT_CHAIN\\90_RUN_RECORDS\\RUN-010__F2_BR0_Full_Fingerprint_Recovery\\05_OUTPUTS\\SOURCE\\Training data\\F2_BR0_FULL_FINGERPRINT_RECOVERY\\01_CANONICAL_INPUTS\\F1_BR2_LMARENA_MATCHED_CONTROL\\01_BR1_FROZEN\\F1_BR1_RESULTS_PACKAGE'","C:\RSOS\Training data\F2_BR0_FULL_FINGERPRINT_RECOVERY\01_CANONICAL_INPUTS\F1_BR2_LMARENA_MATCHED_CONTROL\01_BR1_FROZEN\F1_BR1_RESULTS_PACKAGE\05_FEATURES\build_f1_features.py","C:\RSOS\RSOS_CANONICAL_EXPERIMENT_CHAIN\90_RUN_RECORDS\RUN-010__F2_BR0_Full_Fingerprint_Recovery\05_OUTPUTS\SOURCE\Training data\F2_BR0_FULL_FINGERPRINT_RECOVERY\01_CANONICAL_INPUTS\F1_BR2_LMARENA_MATCHED_CONTROL\01_BR1_FROZEN\F1_BR1_RESULTS_PACKAGE\05_FEATURES\build_f1_features.py","175","282",".py","True","False"
"RUN-010","[WinError 206] Имя файла или его расширение имеет слишком большую длину: 'C:\\RSOS\\RSOS_CANONICAL_EXPERIMENT_CHAIN\\90_RUN_RECORDS\\RUN-010__F2_BR0_Full_Fingerprint_Recovery\\05_OUTPUTS\\SOURCE\\Training data\\F2_BR0_FULL_FINGERPRINT_RECOVERY\\01_CANONICAL_INPUTS\\F1_BR2_LMARENA_MATCHED_CONTROL\\01_BR1_FROZEN\\F1_BR1_RESULTS_PACKAGE'","C:\RSOS\Training data\F2_BR0_FULL_FINGERPRINT_RECOVERY\01_CANONICAL_INPUTS\F1_BR2_LMARENA_MATCHED_CONTROL\01_BR1_FROZEN\F1_BR1_RESULTS_PACKAGE\05_FEATURES\EARLY_NEG_DROPOUT_FEATURES.csv","C:\RSOS\RSOS_CANONICAL_EXPERIMENT_CHAIN\90_RUN_RECORDS\RUN-010__F2_BR0_Full_Fingerprint_Recovery\05_OUTPUTS\SOURCE\Training data\F2_BR0_FULL_FINGERPRINT_RECOVERY\01_CANONICAL_INPUTS\F1_BR2_LMARENA_MATCHED_CONTROL\01_BR1_FROZEN\F1_BR1_RESULTS_PACKAGE\05_FEATURES\EARLY_NEG_DROPOUT_FEATURES.csv","185","292",".csv","True","False"
"RUN-010","[WinError 206] Имя файла или его расширение имеет слишком большую длину: 'C:\\RSOS\\RSOS_CANONICAL_EXPERIMENT_CHAIN\\90_RUN_RECORDS\\RUN-010__F2_BR0_Full_Fingerprint_Recovery\\05_OUTPUTS\\SOURCE\\Training data\\F2_BR0_FULL_FINGERPRINT_RECOVERY\\01_CANONICAL_INPUTS\\F1_BR2_LMARENA_MATCHED_CONTROL\\01_BR1_FROZEN\\F1_BR1_RESULTS_PACKAGE'","C:\RSOS\Training data\F2_BR0_FULL_FINGERPRINT_RECOVERY\01_CANONICAL_INPUTS\F1_BR2_LMARENA_MATCHED_CONTROL\01_BR1_FROZEN\F1_BR1_RESULTS_PACKAGE\05_FEATURES\EARLY_NEG_FEATURES.csv","C:\RSOS\RSOS_CANONICAL_EXPERIMENT_CHAIN\90_RUN_RECORDS\RUN-010__F2_BR0_Full_Fingerprint_Recovery\05_OUTPUTS\SOURCE\Training data\F2_BR0_FULL_FINGERPRINT_RECOVERY\01_CANONICAL_INPUTS\F1_BR2_LMARENA_MATCHED_CONTROL\01_BR1_FROZEN\F1_BR1_RESULTS_PACKAGE\05_FEATURES\EARLY_NEG_FEATURES.csv","177","284",".csv","True","False"
"RUN-010","[WinError 206] Имя файла или его расширение имеет слишком большую длину: 'C:\\RSOS\\RSOS_CANONICAL_EXPERIMENT_CHAIN\\90_RUN_RECORDS\\RUN-010__F2_BR0_Full_Fingerprint_Recovery\\05_OUTPUTS\\SOURCE\\Training data\\F2_BR0_FULL_FINGERPRINT_RECOVERY\\01_CANONICAL_INPUTS\\F1_BR2_LMARENA_MATCHED_CONTROL\\01_BR1_FROZEN\\F1_BR1_RESULTS_PACKAGE'","C:\RSOS\Training data\F2_BR0_FULL_FINGERPRINT_RECOVERY\01_CANONICAL_INPUTS\F1_BR2_LMARENA_MATCHED_CONTROL\01_BR1_FROZEN\F1_BR1_RESULTS_PACKAGE\05_FEATURES\EARLY_POS_DROPOUT_FEATURES.csv","C:\RSOS\RSOS_CANONICAL_EXPERIMENT_CHAIN\90_RUN_RECORDS\RUN-010__F2_BR0_Full_Fingerprint_Recovery\05_OUTPUTS\SOURCE\Training data\F2_BR0_FULL_FINGERPRINT_RECOVERY\01_CANONICAL_INPUTS\F1_BR2_LMARENA_MATCHED_CONTROL\01_BR1_FROZEN\F1_BR1_RESULTS_PACKAGE\05_FEATURES\EARLY_POS_DROPOUT_FEATURES.csv","185","292",".csv","True","False"
"RUN-010","[WinError 206] Имя файла или его расширение имеет слишком большую длину: 'C:\\RSOS\\RSOS_CANONICAL_EXPERIMENT_CHAIN\\90_RUN_RECORDS\\RUN-010__F2_BR0_Full_Fingerprint_Recovery\\05_OUTPUTS\\SOURCE\\Training data\\F2_BR0_FULL_FINGERPRINT_RECOVERY\\01_CANONICAL_INPUTS\\F1_BR2_LMARENA_MATCHED_CONTROL\\01_BR1_FROZEN\\F1_BR1_RESULTS_PACKAGE'","C:\RSOS\Training data\F2_BR0_FULL_FINGERPRINT_RECOVERY\01_CANONICAL_INPUTS\F1_BR2_LMARENA_MATCHED_CONTROL\01_BR1_FROZEN\F1_BR1_RESULTS_PACKAGE\05_FEATURES\EARLY_POS_FEATURES.csv","C:\RSOS\RSOS_CANONICAL_EXPERIMENT_CHAIN\90_RUN_RECORDS\RUN-010__F2_BR0_Full_Fingerprint_Recovery\05_OUTPUTS\SOURCE\Training data\F2_BR0_FULL_FINGERPRINT_RECOVERY\01_CANONICAL_INPUTS\F1_BR2_LMARENA_MATCHED_CONTROL\01_BR1_FROZEN\F1_BR1_RESULTS_PACKAGE\05_FEATURES\EARLY_POS_FEATURES.csv","177","284",".csv","True","False"
"RUN-010","[WinError 206] Имя файла или его расширение имеет слишком большую длину: 'C:\\RSOS\\RSOS_CANONICAL_EXPERIMENT_CHAIN\\90_RUN_RECORDS\\RUN-010__F2_BR0_Full_Fingerprint_Recovery\\05_OUTPUTS\\SOURCE\\Training data\\F2_BR0_FULL_FINGERPRINT_RECOVERY\\01_CANONICAL_INPUTS\\F1_BR2_LMARENA_MATCHED_CONTROL\\01_BR1_FROZEN\\F1_BR1_RESULTS_PACKAGE'","C:\RSOS\Training data\F2_BR0_FULL_FINGERPRINT_RECOVERY\01_CANONICAL_INPUTS\F1_BR2_LMARENA_MATCHED_CONTROL\01_BR1_FROZEN\F1_BR1_RESULTS_PACKAGE\05_FEATURES\extract_segment_features.py","C:\RSOS\RSOS_CANONICAL_EXPERIMENT_CHAIN\90_RUN_RECORDS\RUN-010__F2_BR0_Full_Fingerprint_Recovery\05_OUTPUTS\SOURCE\Training data\F2_BR0_FULL_FINGERPRINT_RECOVERY\01_CANONICAL_INPUTS\F1_BR2_LMARENA_MATCHED_CONTROL\01_BR1_FROZEN\F1_BR1_RESULTS_PACKAGE\05_FEATURES\extract_segment_features.py","182","289",".py","True","False"
"RUN-010","[WinError 206] Имя файла или его расширение имеет слишком большую длину: 'C:\\RSOS\\RSOS_CANONICAL_EXPERIMENT_CHAIN\\90_RUN_RECORDS\\RUN-010__F2_BR0_Full_Fingerprint_Recovery\\05_OUTPUTS\\SOURCE\\Training data\\F2_BR0_FULL_FINGERPRINT_RECOVERY\\01_CANONICAL_INPUTS\\F1_BR2_LMARENA_MATCHED_CONTROL\\01_BR1_FROZEN\\F1_BR1_RESULTS_PACKAGE'","C:\RSOS\Training data\F2_BR0_FULL_FINGERPRINT_RECOVERY\01_CANONICAL_INPUTS\F1_BR2_LMARENA_MATCHED_CONTROL\01_BR1_FROZEN\F1_BR1_RESULTS_PACKAGE\05_FEATURES\LATER_HOLD_NEG_DROPOUT_FEATURES.csv","C:\RSOS\RSOS_CANONICAL_EXPERIMENT_CHAIN\90_RUN_RECORDS\RUN-010__F2_BR0_Full_Fingerprint_Recovery\05_OUTPUTS\SOURCE\Training data\F2_BR0_FULL_FINGERPRINT_RECOVERY\01_CANONICAL_INPUTS\F1_BR2_LMARENA_MATCHED_CONTROL\01_BR1_FROZEN\F1_BR1_RESULTS_PACKAGE\05_FEATURES\LATER_HOLD_NEG_DROPOUT_FEATURES.csv","190","297",".csv","True","False"
"RUN-010","[WinError 206] Имя файла или его расширение имеет слишком большую длину: 'C:\\RSOS\\RSOS_CANONICAL_EXPERIMENT_CHAIN\\90_RUN_RECORDS\\RUN-010__F2_BR0_Full_Fingerprint_Recovery\\05_OUTPUTS\\SOURCE\\Training data\\F2_BR0_FULL_FINGERPRINT_RECOVERY\\01_CANONICAL_INPUTS\\F1_BR2_LMARENA_MATCHED_CONTROL\\01_BR1_FROZEN\\F1_BR1_RESULTS_PACKAGE'","C:\RSOS\Training data\F2_BR0_FULL_FINGERPRINT_RECOVERY\01_CANONICAL_INPUTS\F1_BR2_LMARENA_MATCHED_CONTROL\01_BR1_FROZEN\F1_BR1_RESULTS_PACKAGE\05_FEATURES\LATER_HOLD_NEG_FEATURES.csv","C:\RSOS\RSOS_CANONICAL_EXPERIMENT_CHAIN\90_RUN_RECORDS\RUN-010__F2_BR0_Full_Fingerprint_Recovery\05_OUTPUTS\SOURCE\Training data\F2_BR0_FULL_FINGERPRINT_RECOVERY\01_CANONICAL_INPUTS\F1_BR2_LMARENA_MATCHED_CONTROL\01_BR1_FROZEN\F1_BR1_RESULTS_PACKAGE\05_FEATURES\LATER_HOLD_NEG_FEATURES.csv","182","289",".csv","True","False"
"RUN-010","[WinError 206] Имя файла или его расширение имеет слишком большую длину: 'C:\\RSOS\\RSOS_CANONICAL_EXPERIMENT_CHAIN\\90_RUN_RECORDS\\RUN-010__F2_BR0_Full_Fingerprint_Recovery\\05_OUTPUTS\\SOURCE\\Training data\\F2_BR0_FULL_FINGERPRINT_RECOVERY\\01_CANONICAL_INPUTS\\F1_BR2_LMARENA_MATCHED_CONTROL\\01_BR1_FROZEN\\F1_BR1_RESULTS_PACKAGE'","C:\RSOS\Training data\F2_BR0_FULL_FINGERPRINT_RECOVERY\01_CANONICAL_INPUTS\F1_BR2_LMARENA_MATCHED_CONTROL\01_BR1_FROZEN\F1_BR1_RESULTS_PACKAGE\05_FEATURES\LATER_HOLD_POS_DROPOUT_FEATURES.csv","C:\RSOS\RSOS_CANONICAL_EXPERIMENT_CHAIN\90_RUN_RECORDS\RUN-010__F2_BR0_Full_Fingerprint_Recovery\05_OUTPUTS\SOURCE\Training data\F2_BR0_FULL_FINGERPRINT_RECOVERY\01_CANONICAL_INPUTS\F1_BR2_LMARENA_MATCHED_CONTROL\01_BR1_FROZEN\F1_BR1_RESULTS_PACKAGE\05_FEATURES\LATER_HOLD_POS_DROPOUT_FEATURES.csv","190","297",".csv","True","False"
"RUN-010","[WinError 206] Имя файла или его расширение имеет слишком большую длину: 'C:\\RSOS\\RSOS_CANONICAL_EXPERIMENT_CHAIN\\90_RUN_RECORDS\\RUN-010__F2_BR0_Full_Fingerprint_Recovery\\05_OUTPUTS\\SOURCE\\Training data\\F2_BR0_FULL_FINGERPRINT_RECOVERY\\01_CANONICAL_INPUTS\\F1_BR2_LMARENA_MATCHED_CONTROL\\01_BR1_FROZEN\\F1_BR1_RESULTS_PACKAGE'","C:\RSOS\Training data\F2_BR0_FULL_FINGERPRINT_RECOVERY\01_CANONICAL_INPUTS\F1_BR2_LMARENA_MATCHED_CONTROL\01_BR1_FROZEN\F1_BR1_RESULTS_PACKAGE\05_FEATURES\LATER_HOLD_POS_FEATURES.csv","C:\RSOS\RSOS_CANONICAL_EXPERIMENT_CHAIN\90_RUN_RECORDS\RUN-010__F2_BR0_Full_Fingerprint_Recovery\05_OUTPUTS\SOURCE\Training data\F2_BR0_FULL_FINGERPRINT_RECOVERY\01_CANONICAL_INPUTS\F1_BR2_LMARENA_MATCHED_CONTROL\01_BR1_FROZEN\F1_BR1_RESULTS_PACKAGE\05_FEATURES\LATER_HOLD_POS_FEATURES.csv","182","289",".csv","True","False"
"RUN-010","[WinError 206] Имя файла или его расширение имеет слишком большую длину: 'C:\\RSOS\\RSOS_CANONICAL_EXPERIMENT_CHAIN\\90_RUN_RECORDS\\RUN-010__F2_BR0_Full_Fingerprint_Recovery\\05_OUTPUTS\\SOURCE\\Training data\\F2_BR0_FULL_FINGERPRINT_RECOVERY\\01_CANONICAL_INPUTS\\F1_BR2_LMARENA_MATCHED_CONTROL\\01_BR1_FROZEN\\F1_BR1_RESULTS_PACKAGE'","C:\RSOS\Training data\F2_BR0_FULL_FINGERPRINT_RECOVERY\01_CANONICAL_INPUTS\F1_BR2_LMARENA_MATCHED_CONTROL\01_BR1_FROZEN\F1_BR1_RESULTS_PACKAGE\05_FEATURES\LATER_VAL_NEG_DROPOUT_FEATURES.csv","C:\RSOS\RSOS_CANONICAL_EXPERIMENT_CHAIN\90_RUN_RECORDS\RUN-010__F2_BR0_Full_Fingerprint_Recovery\05_OUTPUTS\SOURCE\Training data\F2_BR0_FULL_FINGERPRINT_RECOVERY\01_CANONICAL_INPUTS\F1_BR2_LMARENA_MATCHED_CONTROL\01_BR1_FROZEN\F1_BR1_RESULTS_PACKAGE\05_FEATURES\LATER_VAL_NEG_DROPOUT_FEATURES.csv","189","296",".csv","True","False"
"RUN-010","[WinError 206] Имя файла или его расширение имеет слишком большую длину: 'C:\\RSOS\\RSOS_CANONICAL_EXPERIMENT_CHAIN\\90_RUN_RECORDS\\RUN-010__F2_BR0_Full_Fingerprint_Recovery\\05_OUTPUTS\\SOURCE\\Training data\\F2_BR0_FULL_FINGERPRINT_RECOVERY\\01_CANONICAL_INPUTS\\F1_BR2_LMARENA_MATCHED_CONTROL\\01_BR1_FROZEN\\F1_BR1_RESULTS_PACKAGE'","C:\RSOS\Training data\F2_BR0_FULL_FINGERPRINT_RECOVERY\01_CANONICAL_INPUTS\F1_BR2_LMARENA_MATCHED_CONTROL\01_BR1_FROZEN\F1_BR1_RESULTS_PACKAGE\05_FEATURES\LATER_VAL_NEG_FEATURES.csv","C:\RSOS\RSOS_CANONICAL_EXPERIMENT_CHAIN\90_RUN_RECORDS\RUN-010__F2_BR0_Full_Fingerprint_Recovery\05_OUTPUTS\SOURCE\Training data\F2_BR0_FULL_FINGERPRINT_RECOVERY\01_CANONICAL_INPUTS\F1_BR2_LMARENA_MATCHED_CONTROL\01_BR1_FROZEN\F1_BR1_RESULTS_PACKAGE\05_FEATURES\LATER_VAL_NEG_FEATURES.csv","181","288",".csv","True","False"
"RUN-010","[WinError 206] Имя файла или его расширение имеет слишком большую длину: 'C:\\RSOS\\RSOS_CANONICAL_EXPERIMENT_CHAIN\\90_RUN_RECORDS\\RUN-010__F2_BR0_Full_Fingerprint_Recovery\\05_OUTPUTS\\SOURCE\\Training data\\F2_BR0_FULL_FINGERPRINT_RECOVERY\\01_CANONICAL_INPUTS\\F1_BR2_LMARENA_MATCHED_CONTROL\\01_BR1_FROZEN\\F1_BR1_RESULTS_PACKAGE'","C:\RSOS\Training data\F2_BR0_FULL_FINGERPRINT_RECOVERY\01_CANONICAL_INPUTS\F1_BR2_LMARENA_MATCHED_CONTROL\01_BR1_FROZEN\F1_BR1_RESULTS_PACKAGE\05_FEATURES\LATER_VAL_POS_DROPOUT_FEATURES.csv","C:\RSOS\RSOS_CANONICAL_EXPERIMENT_CHAIN\90_RUN_RECORDS\RUN-010__F2_BR0_Full_Fingerprint_Recovery\05_OUTPUTS\SOURCE\Training data\F2_BR0_FULL_FINGERPRINT_RECOVERY\01_CANONICAL_INPUTS\F1_BR2_LMARENA_MATCHED_CONTROL\01_BR1_FROZEN\F1_BR1_RESULTS_PACKAGE\05_FEATURES\LATER_VAL_POS_DROPOUT_FEATURES.csv","189","296",".csv","True","False"
"RUN-010","[WinError 206] Имя файла или его расширение имеет слишком большую длину: 'C:\\RSOS\\RSOS_CANONICAL_EXPERIMENT_CHAIN\\90_RUN_RECORDS\\RUN-010__F2_BR0_Full_Fingerprint_Recovery\\05_OUTPUTS\\SOURCE\\Training data\\F2_BR0_FULL_FINGERPRINT_RECOVERY\\01_CANONICAL_INPUTS\\F1_BR2_LMARENA_MATCHED_CONTROL\\01_BR1_FROZEN\\F1_BR1_RESULTS_PACKAGE'","C:\RSOS\Training data\F2_BR0_FULL_FINGERPRINT_RECOVERY\01_CANONICAL_INPUTS\F1_BR2_LMARENA_MATCHED_CONTROL\01_BR1_FROZEN\F1_BR1_RESULTS_PACKAGE\05_FEATURES\LATER_VAL_POS_FEATURES.csv","C:\RSOS\RSOS_CANONICAL_EXPERIMENT_CHAIN\90_RUN_RECORDS\RUN-010__F2_BR0_Full_Fingerprint_Recovery\05_OUTPUTS\SOURCE\Training data\F2_BR0_FULL_FINGERPRINT_RECOVERY\01_CANONICAL_INPUTS\F1_BR2_LMARENA_MATCHED_CONTROL\01_BR1_FROZEN\F1_BR1_RESULTS_PACKAGE\05_FEATURES\LATER_VAL_POS_FEATURES.csv","181","288",".csv","True","False"
"RUN-010","[WinError 206] Имя файла или его расширение имеет слишком большую длину: 'C:\\RSOS\\RSOS_CANONICAL_EXPERIMENT_CHAIN\\90_RUN_RECORDS\\RUN-010__F2_BR0_Full_Fingerprint_Recovery\\05_OUTPUTS\\SOURCE\\Training data\\F2_BR0_FULL_FINGERPRINT_RECOVERY\\01_CANONICAL_INPUTS\\F1_BR2_LMARENA_MATCHED_CONTROL\\01_BR1_FROZEN\\F1_BR1_RESULTS_PACKAGE'","C:\RSOS\Training data\F2_BR0_FULL_FINGERPRINT_RECOVERY\01_CANONICAL_INPUTS\F1_BR2_LMARENA_MATCHED_CONTROL\01_BR1_FROZEN\F1_BR1_RESULTS_PACKAGE\05_FEATURES\WINDOW12_CONVERSATION_FEATURES.csv","C:\RSOS\RSOS_CANONICAL_EXPERIMENT_CHAIN\90_RUN_RECORDS\RUN-010__F2_BR0_Full_Fingerprint_Recovery\05_OUTPUTS\SOURCE\Training data\F2_BR0_FULL_FINGERPRINT_RECOVERY\01_CANONICAL_INPUTS\F1_BR2_LMARENA_MATCHED_CONTROL\01_BR1_FROZEN\F1_BR1_RESULTS_PACKAGE\05_FEATURES\WINDOW12_CONVERSATION_FEATURES.csv","189","296",".csv","True","False"
"RUN-010","[WinError 206] Имя файла или его расширение имеет слишком большую длину: 'C:\\RSOS\\RSOS_CANONICAL_EXPERIMENT_CHAIN\\90_RUN_RECORDS\\RUN-010__F2_BR0_Full_Fingerprint_Recovery\\05_OUTPUTS\\SOURCE\\Training data\\F2_BR0_FULL_FINGERPRINT_RECOVERY\\01_CANONICAL_INPUTS\\F1_BR2_LMARENA_MATCHED_CONTROL\\01_BR1_FROZEN\\F1_BR1_RESULTS_PACKAGE'","C:\RSOS\Training data\F2_BR0_FULL_FINGERPRINT_RECOVERY\01_CANONICAL_INPUTS\F1_BR2_LMARENA_MATCHED_CONTROL\01_BR1_FROZEN\F1_BR1_RESULTS_PACKAGE\05_FEATURES\WINDOW8_CONVERSATION_FEATURES.csv","C:\RSOS\RSOS_CANONICAL_EXPERIMENT_CHAIN\90_RUN_RECORDS\RUN-010__F2_BR0_Full_Fingerprint_Recovery\05_OUTPUTS\SOURCE\Training data\F2_BR0_FULL_FINGERPRINT_RECOVERY\01_CANONICAL_INPUTS\F1_BR2_LMARENA_MATCHED_CONTROL\01_BR1_FROZEN\F1_BR1_RESULTS_PACKAGE\05_FEATURES\WINDOW8_CONVERSATION_FEATURES.csv","188","295",".csv","True","False"
"RUN-010","[WinError 206] Имя файла или его расширение имеет слишком большую длину: 'C:\\RSOS\\RSOS_CANONICAL_EXPERIMENT_CHAIN\\90_RUN_RECORDS\\RUN-010__F2_BR0_Full_Fingerprint_Recovery\\09_FREEZE\\SOURCE\\Training data\\F2_BR0_FULL_FINGERPRINT_RECOVERY\\01_CANONICAL_INPUTS\\F1_BR2_LMARENA_MATCHED_CONTROL\\01_BR1_FROZEN\\F1_BR1_RESULTS_PACKAGE'","C:\RSOS\Training data\F2_BR0_FULL_FINGERPRINT_RECOVERY\01_CANONICAL_INPUTS\F1_BR2_LMARENA_MATCHED_CONTROL\01_BR1_FROZEN\F1_BR1_RESULTS_PACKAGE\06_MODELS\FROZEN_FEATURE_SETS.json","C:\RSOS\RSOS_CANONICAL_EXPERIMENT_CHAIN\90_RUN_RECORDS\RUN-010__F2_BR0_Full_Fingerprint_Recovery\09_FREEZE\SOURCE\Training data\F2_BR0_FULL_FINGERPRINT_RECOVERY\01_CANONICAL_INPUTS\F1_BR2_LMARENA_MATCHED_CONTROL\01_BR1_FROZEN\F1_BR1_RESULTS_PACKAGE\06_MODELS\FROZEN_FEATURE_SETS.json","177","283",".json","True","False"
"RUN-010","[WinError 206] Имя файла или его расширение имеет слишком большую длину: 'C:\\RSOS\\RSOS_CANONICAL_EXPERIMENT_CHAIN\\90_RUN_RECORDS\\RUN-010__F2_BR0_Full_Fingerprint_Recovery\\09_FREEZE\\SOURCE\\Training data\\F2_BR0_FULL_FINGERPRINT_RECOVERY\\01_CANONICAL_INPUTS\\F1_BR2_LMARENA_MATCHED_CONTROL\\01_BR1_FROZEN\\F1_BR1_RESULTS_PACKAGE'","C:\RSOS\Training data\F2_BR0_FULL_FINGERPRINT_RECOVERY\01_CANONICAL_INPUTS\F1_BR2_LMARENA_MATCHED_CONTROL\01_BR1_FROZEN\F1_BR1_RESULTS_PACKAGE\07_RESULTS\FROZEN_THRESHOLD_HOLDOUT.csv","C:\RSOS\RSOS_CANONICAL_EXPERIMENT_CHAIN\90_RUN_RECORDS\RUN-010__F2_BR0_Full_Fingerprint_Recovery\09_FREEZE\SOURCE\Training data\F2_BR0_FULL_FINGERPRINT_RECOVERY\01_CANONICAL_INPUTS\F1_BR2_LMARENA_MATCHED_CONTROL\01_BR1_FROZEN\F1_BR1_RESULTS_PACKAGE\07_RESULTS\FROZEN_THRESHOLD_HOLDOUT.csv","182","288",".csv","True","False"
"RUN-010","[WinError 206] Имя файла или его расширение имеет слишком большую длину: 'C:\\RSOS\\RSOS_CANONICAL_EXPERIMENT_CHAIN\\90_RUN_RECORDS\\RUN-010__F2_BR0_Full_Fingerprint_Recovery\\05_OUTPUTS\\SOURCE\\Training data\\F2_BR0_FULL_FINGERPRINT_RECOVERY\\01_CANONICAL_INPUTS\\F1_BR2_LMARENA_MATCHED_CONTROL\\01_BR1_FROZEN\\F1_BR1_RESULTS_PACKAGE'","C:\RSOS\Training data\F2_BR0_FULL_FINGERPRINT_RECOVERY\01_CANONICAL_INPUTS\F1_BR2_LMARENA_MATCHED_CONTROL\01_BR1_FROZEN\F1_BR1_RESULTS_PACKAGE\07_RESULTS\HOLDOUT_SCORES_INTERNAL.csv","C:\RSOS\RSOS_CANONICAL_EXPERIMENT_CHAIN\90_RUN_RECORDS\RUN-010__F2_BR0_Full_Fingerprint_Recovery\05_OUTPUTS\SOURCE\Training data\F2_BR0_FULL_FINGERPRINT_RECOVERY\01_CANONICAL_INPUTS\F1_BR2_LMARENA_MATCHED_CONTROL\01_BR1_FROZEN\F1_BR1_RESULTS_PACKAGE\07_RESULTS\HOLDOUT_SCORES_INTERNAL.csv","181","288",".csv","True","False"
"RUN-010","[WinError 206] Имя файла или его расширение имеет слишком большую длину: 'C:\\RSOS\\RSOS_CANONICAL_EXPERIMENT_CHAIN\\90_RUN_RECORDS\\RUN-010__F2_BR0_Full_Fingerprint_Recovery\\05_OUTPUTS\\SOURCE\\Training data\\F2_BR0_FULL_FINGERPRINT_RECOVERY\\01_CANONICAL_INPUTS\\F1_BR2_LMARENA_MATCHED_CONTROL\\01_BR1_FROZEN\\F1_BR1_RESULTS_PACKAGE'","C:\RSOS\Training data\F2_BR0_FULL_FINGERPRINT_RECOVERY\01_CANONICAL_INPUTS\F1_BR2_LMARENA_MATCHED_CONTROL\01_BR1_FROZEN\F1_BR1_RESULTS_PACKAGE\07_RESULTS\PRIMARY_CLASSIFICATION_RESULTS.csv","C:\RSOS\RSOS_CANONICAL_EXPERIMENT_CHAIN\90_RUN_RECORDS\RUN-010__F2_BR0_Full_Fingerprint_Recovery\05_OUTPUTS\SOURCE\Training data\F2_BR0_FULL_FINGERPRINT_RECOVERY\01_CANONICAL_INPUTS\F1_BR2_LMARENA_MATCHED_CONTROL\01_BR1_FROZEN\F1_BR1_RESULTS_PACKAGE\07_RESULTS\PRIMARY_CLASSIFICATION_RESULTS.csv","188","295",".csv","True","False"
"RUN-010","[WinError 206] Имя файла или его расширение имеет слишком большую длину: 'C:\\RSOS\\RSOS_CANONICAL_EXPERIMENT_CHAIN\\90_RUN_RECORDS\\RUN-010__F2_BR0_Full_Fingerprint_Recovery\\03_RUNNER\\SOURCE\\Training data\\F2_BR0_FULL_FINGERPRINT_RECOVERY\\01_CANONICAL_INPUTS\\F1_BR2_LMARENA_MATCHED_CONTROL\\01_BR1_FROZEN\\F1_BR1_RESULTS_PACKAGE'","C:\RSOS\Training data\F2_BR0_FULL_FINGERPRINT_RECOVERY\01_CANONICAL_INPUTS\F1_BR2_LMARENA_MATCHED_CONTROL\01_BR1_FROZEN\F1_BR1_RESULTS_PACKAGE\07_RESULTS\run_f1_br1_analysis.py","C:\RSOS\RSOS_CANONICAL_EXPERIMENT_CHAIN\90_RUN_RECORDS\RUN-010__F2_BR0_Full_Fingerprint_Recovery\03_RUNNER\SOURCE\Training data\F2_BR0_FULL_FINGERPRINT_RECOVERY\01_CANONICAL_INPUTS\F1_BR2_LMARENA_MATCHED_CONTROL\01_BR1_FROZEN\F1_BR1_RESULTS_PACKAGE\07_RESULTS\run_f1_br1_analysis.py","176","282",".py","True","False"
"RUN-010","[WinError 206] Имя файла или его расширение имеет слишком большую длину: 'C:\\RSOS\\RSOS_CANONICAL_EXPERIMENT_CHAIN\\90_RUN_RECORDS\\RUN-010__F2_BR0_Full_Fingerprint_Recovery\\03_RUNNER\\SOURCE\\Training data\\F2_BR0_FULL_FINGERPRINT_RECOVERY\\01_CANONICAL_INPUTS\\F1_BR2_LMARENA_MATCHED_CONTROL\\01_BR1_FROZEN\\F1_BR1_RESULTS_PACKAGE'","C:\RSOS\Training data\F2_BR0_FULL_FINGERPRINT_RECOVERY\01_CANONICAL_INPUTS\F1_BR2_LMARENA_MATCHED_CONTROL\01_BR1_FROZEN\F1_BR1_RESULTS_PACKAGE\07_RESULTS\run_primary_fast.py","C:\RSOS\RSOS_CANONICAL_EXPERIMENT_CHAIN\90_RUN_RECORDS\RUN-010__F2_BR0_Full_Fingerprint_Recovery\03_RUNNER\SOURCE\Training data\F2_BR0_FULL_FINGERPRINT_RECOVERY\01_CANONICAL_INPUTS\F1_BR2_LMARENA_MATCHED_CONTROL\01_BR1_FROZEN\F1_BR1_RESULTS_PACKAGE\07_RESULTS\run_primary_fast.py","173","279",".py","True","False"
"RUN-010","[WinError 206] Имя файла или его расширение имеет слишком большую длину: 'C:\\RSOS\\RSOS_CANONICAL_EXPERIMENT_CHAIN\\90_RUN_RECORDS\\RUN-010__F2_BR0_Full_Fingerprint_Recovery\\03_RUNNER\\SOURCE\\Training data\\F2_BR0_FULL_FINGERPRINT_RECOVERY\\01_CANONICAL_INPUTS\\F1_BR2_LMARENA_MATCHED_CONTROL\\01_BR1_FROZEN\\F1_BR1_RESULTS_PACKAGE'","C:\RSOS\Training data\F2_BR0_FULL_FINGERPRINT_RECOVERY\01_CANONICAL_INPUTS\F1_BR2_LMARENA_MATCHED_CONTROL\01_BR1_FROZEN\F1_BR1_RESULTS_PACKAGE\07_RESULTS\run_secondary_fast.py","C:\RSOS\RSOS_CANONICAL_EXPERIMENT_CHAIN\90_RUN_RECORDS\RUN-010__F2_BR0_Full_Fingerprint_Recovery\03_RUNNER\SOURCE\Training data\F2_BR0_FULL_FINGERPRINT_RECOVERY\01_CANONICAL_INPUTS\F1_BR2_LMARENA_MATCHED_CONTROL\01_BR1_FROZEN\F1_BR1_RESULTS_PACKAGE\07_RESULTS\run_secondary_fast.py","175","281",".py","True","False"
"RUN-010","[WinError 206] Имя файла или его расширение имеет слишком большую длину: 'C:\\RSOS\\RSOS_CANONICAL_EXPERIMENT_CHAIN\\90_RUN_RECORDS\\RUN-010__F2_BR0_Full_Fingerprint_Recovery\\05_OUTPUTS\\SOURCE\\Training data\\F2_BR0_FULL_FINGERPRINT_RECOVERY\\01_CANONICAL_INPUTS\\F1_BR2_LMARENA_MATCHED_CONTROL\\01_BR1_FROZEN\\F1_BR1_RESULTS_PACKAGE'","C:\RSOS\Training data\F2_BR0_FULL_FINGERPRINT_RECOVERY\01_CANONICAL_INPUTS\F1_BR2_LMARENA_MATCHED_CONTROL\01_BR1_FROZEN\F1_BR1_RESULTS_PACKAGE\07_RESULTS\VALIDATION_SCORES_INTERNAL.csv","C:\RSOS\RSOS_CANONICAL_EXPERIMENT_CHAIN\90_RUN_RECORDS\RUN-010__F2_BR0_Full_Fingerprint_Recovery\05_OUTPUTS\SOURCE\Training data\F2_BR0_FULL_FINGERPRINT_RECOVERY\01_CANONICAL_INPUTS\F1_BR2_LMARENA_MATCHED_CONTROL\01_BR1_FROZEN\F1_BR1_RESULTS_PACKAGE\07_RESULTS\VALIDATION_SCORES_INTERNAL.csv","184","291",".csv","True","False"
"RUN-010","[WinError 206] Имя файла или его расширение имеет слишком большую длину: 'C:\\RSOS\\RSOS_CANONICAL_EXPERIMENT_CHAIN\\90_RUN_RECORDS\\RUN-010__F2_BR0_Full_Fingerprint_Recovery\\05_OUTPUTS\\SOURCE\\Training data\\F2_BR0_FULL_FINGERPRINT_RECOVERY\\01_CANONICAL_INPUTS\\F1_BR2_LMARENA_MATCHED_CONTROL\\01_BR1_FROZEN\\F1_BR1_RESULTS_PACKAGE'","C:\RSOS\Training data\F2_BR0_FULL_FINGERPRINT_RECOVERY\01_CANONICAL_INPUTS\F1_BR2_LMARENA_MATCHED_CONTROL\01_BR1_FROZEN\F1_BR1_RESULTS_PACKAGE\07_RESULTS\WINDOW12_HOLDOUT_SCORES.csv","C:\RSOS\RSOS_CANONICAL_EXPERIMENT_CHAIN\90_RUN_RECORDS\RUN-010__F2_BR0_Full_Fingerprint_Recovery\05_OUTPUTS\SOURCE\Training data\F2_BR0_FULL_FINGERPRINT_RECOVERY\01_CANONICAL_INPUTS\F1_BR2_LMARENA_MATCHED_CONTROL\01_BR1_FROZEN\F1_BR1_RESULTS_PACKAGE\07_RESULTS\WINDOW12_HOLDOUT_SCORES.csv","181","288",".csv","True","False"
"RUN-010","[WinError 206] Имя файла или его расширение имеет слишком большую длину: 'C:\\RSOS\\RSOS_CANONICAL_EXPERIMENT_CHAIN\\90_RUN_RECORDS\\RUN-010__F2_BR0_Full_Fingerprint_Recovery\\05_OUTPUTS\\SOURCE\\Training data\\F2_BR0_FULL_FINGERPRINT_RECOVERY\\01_CANONICAL_INPUTS\\F1_BR2_LMARENA_MATCHED_CONTROL\\01_BR1_FROZEN\\F1_BR1_RESULTS_PACKAGE'","C:\RSOS\Training data\F2_BR0_FULL_FINGERPRINT_RECOVERY\01_CANONICAL_INPUTS\F1_BR2_LMARENA_MATCHED_CONTROL\01_BR1_FROZEN\F1_BR1_RESULTS_PACKAGE\07_RESULTS\WINDOW12_VALIDATION_SCORES.csv","C:\RSOS\RSOS_CANONICAL_EXPERIMENT_CHAIN\90_RUN_RECORDS\RUN-010__F2_BR0_Full_Fingerprint_Recovery\05_OUTPUTS\SOURCE\Training data\F2_BR0_FULL_FINGERPRINT_RECOVERY\01_CANONICAL_INPUTS\F1_BR2_LMARENA_MATCHED_CONTROL\01_BR1_FROZEN\F1_BR1_RESULTS_PACKAGE\07_RESULTS\WINDOW12_VALIDATION_SCORES.csv","184","291",".csv","True","False"
"RUN-010","[WinError 206] Имя файла или его расширение имеет слишком большую длину: 'C:\\RSOS\\RSOS_CANONICAL_EXPERIMENT_CHAIN\\90_RUN_RECORDS\\RUN-010__F2_BR0_Full_Fingerprint_Recovery\\05_OUTPUTS\\SOURCE\\Training data\\F2_BR0_FULL_FINGERPRINT_RECOVERY\\01_CANONICAL_INPUTS\\F1_BR2_LMARENA_MATCHED_CONTROL\\01_BR1_FROZEN\\F1_BR1_RESULTS_PACKAGE'","C:\RSOS\Training data\F2_BR0_FULL_FINGERPRINT_RECOVERY\01_CANONICAL_INPUTS\F1_BR2_LMARENA_MATCHED_CONTROL\01_BR1_FROZEN\F1_BR1_RESULTS_PACKAGE\07_RESULTS\WINDOW8_HOLDOUT_SCORES.csv","C:\RSOS\RSOS_CANONICAL_EXPERIMENT_CHAIN\90_RUN_RECORDS\RUN-010__F2_BR0_Full_Fingerprint_Recovery\05_OUTPUTS\SOURCE\Training data\F2_BR0_FULL_FINGERPRINT_RECOVERY\01_CANONICAL_INPUTS\F1_BR2_LMARENA_MATCHED_CONTROL\01_BR1_FROZEN\F1_BR1_RESULTS_PACKAGE\07_RESULTS\WINDOW8_HOLDOUT_SCORES.csv","180","287",".csv","True","False"
"RUN-010","[WinError 206] Имя файла или его расширение имеет слишком большую длину: 'C:\\RSOS\\RSOS_CANONICAL_EXPERIMENT_CHAIN\\90_RUN_RECORDS\\RUN-010__F2_BR0_Full_Fingerprint_Recovery\\05_OUTPUTS\\SOURCE\\Training data\\F2_BR0_FULL_FINGERPRINT_RECOVERY\\01_CANONICAL_INPUTS\\F1_BR2_LMARENA_MATCHED_CONTROL\\01_BR1_FROZEN\\F1_BR1_RESULTS_PACKAGE'","C:\RSOS\Training data\F2_BR0_FULL_FINGERPRINT_RECOVERY\01_CANONICAL_INPUTS\F1_BR2_LMARENA_MATCHED_CONTROL\01_BR1_FROZEN\F1_BR1_RESULTS_PACKAGE\07_RESULTS\WINDOW8_VALIDATION_SCORES.csv","C:\RSOS\RSOS_CANONICAL_EXPERIMENT_CHAIN\90_RUN_RECORDS\RUN-010__F2_BR0_Full_Fingerprint_Recovery\05_OUTPUTS\SOURCE\Training data\F2_BR0_FULL_FINGERPRINT_RECOVERY\01_CANONICAL_INPUTS\F1_BR2_LMARENA_MATCHED_CONTROL\01_BR1_FROZEN\F1_BR1_RESULTS_PACKAGE\07_RESULTS\WINDOW8_VALIDATION_SCORES.csv","183","290",".csv","True","False"
"RUN-010","[WinError 206] Имя файла или его расширение имеет слишком большую длину: 'C:\\RSOS\\RSOS_CANONICAL_EXPERIMENT_CHAIN\\90_RUN_RECORDS\\RUN-010__F2_BR0_Full_Fingerprint_Recovery\\09_FREEZE\\SOURCE\\Training data\\F2_BR0_FULL_FINGERPRINT_RECOVERY\\01_CANONICAL_INPUTS\\F1_BR2_LMARENA_MATCHED_CONTROL\\01_BR1_FROZEN\\F1_BR1_RESULTS_PACKAGE'","C:\RSOS\Training data\F2_BR0_FULL_FINGERPRINT_RECOVERY\01_CANONICAL_INPUTS\F1_BR2_LMARENA_MATCHED_CONTROL\01_BR1_FROZEN\F1_BR1_RESULTS_PACKAGE\PACKAGE_SHA256_MANIFEST.csv","C:\RSOS\RSOS_CANONICAL_EXPERIMENT_CHAIN\90_RUN_RECORDS\RUN-010__F2_BR0_Full_Fingerprint_Recovery\09_FREEZE\SOURCE\Training data\F2_BR0_FULL_FINGERPRINT_RECOVERY\01_CANONICAL_INPUTS\F1_BR2_LMARENA_MATCHED_CONTROL\01_BR1_FROZEN\F1_BR1_RESULTS_PACKAGE\PACKAGE_SHA256_MANIFEST.csv","170","276",".csv","True","False"
"RUN-010","[WinError 206] Имя файла или его расширение имеет слишком большую длину: 'C:\\RSOS\\RSOS_CANONICAL_EXPERIMENT_CHAIN\\90_RUN_RECORDS\\RUN-010__F2_BR0_Full_Fingerprint_Recovery\\07_ADJUDICATION\\SOURCE\\Training data\\F2_BR0_FULL_FINGERPRINT_RECOVERY\\01_CANONICAL_INPUTS\\F1_BR2_LMARENA_MATCHED_CONTROL\\01_BR1_FROZEN\\F1_BR1_RESULTS_PACKAGE'","C:\RSOS\Training data\F2_BR0_FULL_FINGERPRINT_RECOVERY\01_CANONICAL_INPUTS\F1_BR2_LMARENA_MATCHED_CONTROL\01_BR1_FROZEN\F1_BR1_RESULTS_PACKAGE\PACKAGE_STATUS.txt","C:\RSOS\RSOS_CANONICAL_EXPERIMENT_CHAIN\90_RUN_RECORDS\RUN-010__F2_BR0_Full_Fingerprint_Recovery\07_ADJUDICATION\SOURCE\Training data\F2_BR0_FULL_FINGERPRINT_RECOVERY\01_CANONICAL_INPUTS\F1_BR2_LMARENA_MATCHED_CONTROL\01_BR1_FROZEN\F1_BR1_RESULTS_PACKAGE\PACKAGE_STATUS.txt","161","273",".txt","True","False"
"RUN-010","[Errno 2] No such file or directory: 'C:\\RSOS\\RSOS_CANONICAL_EXPERIMENT_CHAIN\\90_RUN_RECORDS\\RUN-010__F2_BR0_Full_Fingerprint_Recovery\\05_OUTPUTS\\SOURCE\\Training data\\F2_BR0_FULL_FINGERPRINT_RECOVERY\\01_CANONICAL_INPUTS\\F1_BR2_LMARENA_MATCHED_CONTROL\\11_V2_MANIFEST\\BR2_V2_SUMMARY.json.phase8g.partial'","C:\RSOS\Training data\F2_BR0_FULL_FINGERPRINT_RECOVERY\01_CANONICAL_INPUTS\F1_BR2_LMARENA_MATCHED_CONTROL\11_V2_MANIFEST\BR2_V2_SUMMARY.json","C:\RSOS\RSOS_CANONICAL_EXPERIMENT_CHAIN\90_RUN_RECORDS\RUN-010__F2_BR0_Full_Fingerprint_Recovery\05_OUTPUTS\SOURCE\Training data\F2_BR0_FULL_FINGERPRINT_RECOVERY\01_CANONICAL_INPUTS\F1_BR2_LMARENA_MATCHED_CONTROL\11_V2_MANIFEST\BR2_V2_SUMMARY.json","140","247",".json","True","False"
"RUN-010","[Errno 2] No such file or directory: 'C:\\RSOS\\RSOS_CANONICAL_EXPERIMENT_CHAIN\\90_RUN_RECORDS\\RUN-010__F2_BR0_Full_Fingerprint_Recovery\\05_OUTPUTS\\SOURCE\\Training data\\F2_BR0_FULL_FINGERPRINT_RECOVERY\\01_CANONICAL_INPUTS\\F1_BR2_LMARENA_MATCHED_CONTROL\\11_V2_MANIFEST\\BR2_V2_SUMMARY.txt.phase8g.partial'","C:\RSOS\Training data\F2_BR0_FULL_FINGERPRINT_RECOVERY\01_CANONICAL_INPUTS\F1_BR2_LMARENA_MATCHED_CONTROL\11_V2_MANIFEST\BR2_V2_SUMMARY.txt","C:\RSOS\RSOS_CANONICAL_EXPERIMENT_CHAIN\90_RUN_RECORDS\RUN-010__F2_BR0_Full_Fingerprint_Recovery\05_OUTPUTS\SOURCE\Training data\F2_BR0_FULL_FINGERPRINT_RECOVERY\01_CANONICAL_INPUTS\F1_BR2_LMARENA_MATCHED_CONTROL\11_V2_MANIFEST\BR2_V2_SUMMARY.txt","139","246",".txt","True","False"
"RUN-010","[Errno 2] No such file or directory: 'C:\\RSOS\\RSOS_CANONICAL_EXPERIMENT_CHAIN\\90_RUN_RECORDS\\RUN-010__F2_BR0_Full_Fingerprint_Recovery\\09_FREEZE\\SOURCE\\Training data\\F2_BR0_FULL_FINGERPRINT_RECOVERY\\01_CANONICAL_INPUTS\\F1_BR2_LMARENA_MATCHED_CONTROL\\11_V2_MANIFEST\\FINAL_V2_ZIP_SHA256.txt.phase8g.partial'","C:\RSOS\Training data\F2_BR0_FULL_FINGERPRINT_RECOVERY\01_CANONICAL_INPUTS\F1_BR2_LMARENA_MATCHED_CONTROL\11_V2_MANIFEST\FINAL_V2_ZIP_SHA256.txt","C:\RSOS\RSOS_CANONICAL_EXPERIMENT_CHAIN\90_RUN_RECORDS\RUN-010__F2_BR0_Full_Fingerprint_Recovery\09_FREEZE\SOURCE\Training data\F2_BR0_FULL_FINGERPRINT_RECOVERY\01_CANONICAL_INPUTS\F1_BR2_LMARENA_MATCHED_CONTROL\11_V2_MANIFEST\FINAL_V2_ZIP_SHA256.txt","144","250",".txt","True","False"
"RUN-010","[Errno 2] No such file or directory: 'C:\\RSOS\\RSOS_CANONICAL_EXPERIMENT_CHAIN\\90_RUN_RECORDS\\RUN-010__F2_BR0_Full_Fingerprint_Recovery\\05_OUTPUTS\\SOURCE\\Training data\\F2_BR0_FULL_FINGERPRINT_RECOVERY\\01_CANONICAL_INPUTS\\F1_BR2_LMARENA_MATCHED_CONTROL\\11_V2_MANIFEST\\PORTABLE_SCORE_EQUIVALENCE.csv.phase8g.partial'","C:\RSOS\Training data\F2_BR0_FULL_FINGERPRINT_RECOVERY\01_CANONICAL_INPUTS\F1_BR2_LMARENA_MATCHED_CONTROL\11_V2_MANIFEST\PORTABLE_SCORE_EQUIVALENCE.csv","C:\RSOS\RSOS_CANONICAL_EXPERIMENT_CHAIN\90_RUN_RECORDS\RUN-010__F2_BR0_Full_Fingerprint_Recovery\05_OUTPUTS\SOURCE\Training data\F2_BR0_FULL_FINGERPRINT_RECOVERY\01_CANONICAL_INPUTS\F1_BR2_LMARENA_MATCHED_CONTROL\11_V2_MANIFEST\PORTABLE_SCORE_EQUIVALENCE.csv","151","258",".csv","True","False"
"RUN-010","[Errno 2] No such file or directory: 'C:\\RSOS\\RSOS_CANONICAL_EXPERIMENT_CHAIN\\90_RUN_RECORDS\\RUN-010__F2_BR0_Full_Fingerprint_Recovery\\09_FREEZE\\SOURCE\\Training data\\F2_BR0_FULL_FINGERPRINT_RECOVERY\\01_CANONICAL_INPUTS\\F1_BR2_LMARENA_MATCHED_CONTROL\\11_V2_MANIFEST\\V2_INPUT_SHA256.csv.phase8g.partial'","C:\RSOS\Training data\F2_BR0_FULL_FINGERPRINT_RECOVERY\01_CANONICAL_INPUTS\F1_BR2_LMARENA_MATCHED_CONTROL\11_V2_MANIFEST\V2_INPUT_SHA256.csv","C:\RSOS\RSOS_CANONICAL_EXPERIMENT_CHAIN\90_RUN_RECORDS\RUN-010__F2_BR0_Full_Fingerprint_Recovery\09_FREEZE\SOURCE\Training data\F2_BR0_FULL_FINGERPRINT_RECOVERY\01_CANONICAL_INPUTS\F1_BR2_LMARENA_MATCHED_CONTROL\11_V2_MANIFEST\V2_INPUT_SHA256.csv","140","246",".csv","True","False"
"RUN-010","[Errno 2] No such file or directory: 'C:\\RSOS\\RSOS_CANONICAL_EXPERIMENT_CHAIN\\90_RUN_RECORDS\\RUN-010__F2_BR0_Full_Fingerprint_Recovery\\09_FREEZE\\SOURCE\\Training data\\F2_BR0_FULL_FINGERPRINT_RECOVERY\\01_CANONICAL_INPUTS\\F1_BR2_LMARENA_MATCHED_CONTROL\\11_V2_MANIFEST\\V2_OUTPUT_SHA256_MANIFEST.csv.phase8g.partial'","C:\RSOS\Training data\F2_BR0_FULL_FINGERPRINT_RECOVERY\01_CANONICAL_INPUTS\F1_BR2_LMARENA_MATCHED_CONTROL\11_V2_MANIFEST\V2_OUTPUT_SHA256_MANIFEST.csv","C:\RSOS\RSOS_CANONICAL_EXPERIMENT_CHAIN\90_RUN_RECORDS\RUN-010__F2_BR0_Full_Fingerprint_Recovery\09_FREEZE\SOURCE\Training data\F2_BR0_FULL_FINGERPRINT_RECOVERY\01_CANONICAL_INPUTS\F1_BR2_LMARENA_MATCHED_CONTROL\11_V2_MANIFEST\V2_OUTPUT_SHA256_MANIFEST.csv","150","256",".csv","True","False"
"RUN-010","[Errno 2] No such file or directory: 'C:\\RSOS\\RSOS_CANONICAL_EXPERIMENT_CHAIN\\90_RUN_RECORDS\\RUN-010__F2_BR0_Full_Fingerprint_Recovery\\05_OUTPUTS\\SOURCE\\Training data\\F2_BR0_FULL_FINGERPRINT_RECOVERY\\01_CANONICAL_INPUTS\\F1_BR2_LMARENA_MATCHED_CONTROL\\13_V2_LMARENA_FEATURES\\LMARENA_EXACT_BR1_FEATURES.parquet.phase8g.partial'","C:\RSOS\Training data\F2_BR0_FULL_FINGERPRINT_RECOVERY\01_CANONICAL_INPUTS\F1_BR2_LMARENA_MATCHED_CONTROL\13_V2_LMARENA_FEATURES\LMARENA_EXACT_BR1_FEATURES.parquet","C:\RSOS\RSOS_CANONICAL_EXPERIMENT_CHAIN\90_RUN_RECORDS\RUN-010__F2_BR0_Full_Fingerprint_Recovery\05_OUTPUTS\SOURCE\Training data\F2_BR0_FULL_FINGERPRINT_RECOVERY\01_CANONICAL_INPUTS\F1_BR2_LMARENA_MATCHED_CONTROL\13_V2_LMARENA_FEATURES\LMARENA_EXACT_BR1_FEATURES.parquet","163","270",".parquet","True","False"
"RUN-010","[Errno 2] No such file or directory: 'C:\\RSOS\\RSOS_CANONICAL_EXPERIMENT_CHAIN\\90_RUN_RECORDS\\RUN-010__F2_BR0_Full_Fingerprint_Recovery\\05_OUTPUTS\\SOURCE\\Training data\\F2_BR0_FULL_FINGERPRINT_RECOVERY\\01_CANONICAL_INPUTS\\F1_BR2_LMARENA_MATCHED_CONTROL\\15_V2_RESULTS\\BR2_V2_PRIMARY_RESULTS.csv.phase8g.partial'","C:\RSOS\Training data\F2_BR0_FULL_FINGERPRINT_RECOVERY\01_CANONICAL_INPUTS\F1_BR2_LMARENA_MATCHED_CONTROL\15_V2_RESULTS\BR2_V2_PRIMARY_RESULTS.csv","C:\RSOS\RSOS_CANONICAL_EXPERIMENT_CHAIN\90_RUN_RECORDS\RUN-010__F2_BR0_Full_Fingerprint_Recovery\05_OUTPUTS\SOURCE\Training data\F2_BR0_FULL_FINGERPRINT_RECOVERY\01_CANONICAL_INPUTS\F1_BR2_LMARENA_MATCHED_CONTROL\15_V2_RESULTS\BR2_V2_PRIMARY_RESULTS.csv","146","253",".csv","True","False"
"RUN-010","[Errno 2] No such file or directory: 'C:\\RSOS\\RSOS_CANONICAL_EXPERIMENT_CHAIN\\90_RUN_RECORDS\\RUN-010__F2_BR0_Full_Fingerprint_Recovery\\05_OUTPUTS\\SOURCE\\Training data\\F2_BR0_FULL_FINGERPRINT_RECOVERY\\01_CANONICAL_INPUTS\\F1_BR2_LMARENA_MATCHED_CONTROL\\15_V2_RESULTS\\MATCHED_CONTROL_RESULTS.csv.phase8g.partial'","C:\RSOS\Training data\F2_BR0_FULL_FINGERPRINT_RECOVERY\01_CANONICAL_INPUTS\F1_BR2_LMARENA_MATCHED_CONTROL\15_V2_RESULTS\MATCHED_CONTROL_RESULTS.csv","C:\RSOS\RSOS_CANONICAL_EXPERIMENT_CHAIN\90_RUN_RECORDS\RUN-010__F2_BR0_Full_Fingerprint_Recovery\05_OUTPUTS\SOURCE\Training data\F2_BR0_FULL_FINGERPRINT_RECOVERY\01_CANONICAL_INPUTS\F1_BR2_LMARENA_MATCHED_CONTROL\15_V2_RESULTS\MATCHED_CONTROL_RESULTS.csv","147","254",".csv","True","False"
"RUN-010","[Errno 2] No such file or directory: 'C:\\RSOS\\RSOS_CANONICAL_EXPERIMENT_CHAIN\\90_RUN_RECORDS\\RUN-010__F2_BR0_Full_Fingerprint_Recovery\\05_OUTPUTS\\SOURCE\\Training data\\F2_BR0_FULL_FINGERPRINT_RECOVERY\\01_CANONICAL_INPUTS\\F1_BR2_LMARENA_MATCHED_CONTROL\\15_V2_RESULTS\\PROVIDER_STRATIFIED_AUC.csv.phase8g.partial'","C:\RSOS\Training data\F2_BR0_FULL_FINGERPRINT_RECOVERY\01_CANONICAL_INPUTS\F1_BR2_LMARENA_MATCHED_CONTROL\15_V2_RESULTS\PROVIDER_STRATIFIED_AUC.csv","C:\RSOS\RSOS_CANONICAL_EXPERIMENT_CHAIN\90_RUN_RECORDS\RUN-010__F2_BR0_Full_Fingerprint_Recovery\05_OUTPUTS\SOURCE\Training data\F2_BR0_FULL_FINGERPRINT_RECOVERY\01_CANONICAL_INPUTS\F1_BR2_LMARENA_MATCHED_CONTROL\15_V2_RESULTS\PROVIDER_STRATIFIED_AUC.csv","147","254",".csv","True","False"
"RUN-010","[Errno 2] No such file or directory: 'C:\\RSOS\\RSOS_CANONICAL_EXPERIMENT_CHAIN\\90_RUN_RECORDS\\RUN-010__F2_BR0_Full_Fingerprint_Recovery\\08_PACKAGE\\SOURCE\\Training data\\F2_BR0_FULL_FINGERPRINT_RECOVERY\\01_CANONICAL_INPUTS\\F1_BR2_LMARENA_MATCHED_CONTROL\\F1_BR2_LMARENA_MATCHED_CONTROL_COMPLETE_V2.zip.phase8g.partial'","C:\RSOS\Training data\F2_BR0_FULL_FINGERPRINT_RECOVERY\01_CANONICAL_INPUTS\F1_BR2_LMARENA_MATCHED_CONTROL\F1_BR2_LMARENA_MATCHED_CONTROL_COMPLETE_V2.zip","C:\RSOS\RSOS_CANONICAL_EXPERIMENT_CHAIN\90_RUN_RECORDS\RUN-010__F2_BR0_Full_Fingerprint_Recovery\08_PACKAGE\SOURCE\Training data\F2_BR0_FULL_FINGERPRINT_RECOVERY\01_CANONICAL_INPUTS\F1_BR2_LMARENA_MATCHED_CONTROL\F1_BR2_LMARENA_MATCHED_CONTROL_COMPLETE_V2.zip","152","259",".zip","True","False"
"RUN-010","[Errno 2] No such file or directory: 'C:\\RSOS\\RSOS_CANONICAL_EXPERIMENT_CHAIN\\90_RUN_RECORDS\\RUN-010__F2_BR0_Full_Fingerprint_Recovery\\03_RUNNER\\SOURCE\\Training data\\F2_BR0_FULL_FINGERPRINT_RECOVERY\\01_CANONICAL_INPUTS\\F1_BR2_LMARENA_MATCHED_CONTROL\\RUN_F1_BR2_LMARENA_MATCHED_CONTROL.ps1.phase8g.partial'","C:\RSOS\Training data\F2_BR0_FULL_FINGERPRINT_RECOVERY\01_CANONICAL_INPUTS\F1_BR2_LMARENA_MATCHED_CONTROL\RUN_F1_BR2_LMARENA_MATCHED_CONTROL.ps1","C:\RSOS\RSOS_CANONICAL_EXPERIMENT_CHAIN\90_RUN_RECORDS\RUN-010__F2_BR0_Full_Fingerprint_Recovery\03_RUNNER\SOURCE\Training data\F2_BR0_FULL_FINGERPRINT_RECOVERY\01_CANONICAL_INPUTS\F1_BR2_LMARENA_MATCHED_CONTROL\RUN_F1_BR2_LMARENA_MATCHED_CONTROL.ps1","144","250",".ps1","True","False"
"RUN-010","[Errno 2] No such file or directory: 'C:\\RSOS\\RSOS_CANONICAL_EXPERIMENT_CHAIN\\90_RUN_RECORDS\\RUN-010__F2_BR0_Full_Fingerprint_Recovery\\03_RUNNER\\SOURCE\\Training data\\F2_BR0_FULL_FINGERPRINT_RECOVERY\\01_CANONICAL_INPUTS\\F1_BR2_LMARENA_MATCHED_CONTROL\\RUN_F1_BR2_LMARENA_MATCHED_CONTROL.py.phase8g.partial'","C:\RSOS\Training data\F2_BR0_FULL_FINGERPRINT_RECOVERY\01_CANONICAL_INPUTS\F1_BR2_LMARENA_MATCHED_CONTROL\RUN_F1_BR2_LMARENA_MATCHED_CONTROL.py","C:\RSOS\RSOS_CANONICAL_EXPERIMENT_CHAIN\90_RUN_RECORDS\RUN-010__F2_BR0_Full_Fingerprint_Recovery\03_RUNNER\SOURCE\Training data\F2_BR0_FULL_FINGERPRINT_RECOVERY\01_CANONICAL_INPUTS\F1_BR2_LMARENA_MATCHED_CONTROL\RUN_F1_BR2_LMARENA_MATCHED_CONTROL.py","143","249",".py","True","False"
"RUN-010","[Errno 2] No such file or directory: 'C:\\RSOS\\RSOS_CANONICAL_EXPERIMENT_CHAIN\\90_RUN_RECORDS\\RUN-010__F2_BR0_Full_Fingerprint_Recovery\\03_RUNNER\\SOURCE\\Training data\\F2_BR0_FULL_FINGERPRINT_RECOVERY\\01_CANONICAL_INPUTS\\F1_BR2_LMARENA_MATCHED_CONTROL\\RUN_F1_BR2_V2_EXACT_EXTRACTOR.ps1.phase8g.partial'","C:\RSOS\Training data\F2_BR0_FULL_FINGERPRINT_RECOVERY\01_CANONICAL_INPUTS\F1_BR2_LMARENA_MATCHED_CONTROL\RUN_F1_BR2_V2_EXACT_EXTRACTOR.ps1","C:\RSOS\RSOS_CANONICAL_EXPERIMENT_CHAIN\90_RUN_RECORDS\RUN-010__F2_BR0_Full_Fingerprint_Recovery\03_RUNNER\SOURCE\Training data\F2_BR0_FULL_FINGERPRINT_RECOVERY\01_CANONICAL_INPUTS\F1_BR2_LMARENA_MATCHED_CONTROL\RUN_F1_BR2_V2_EXACT_EXTRACTOR.ps1","139","245",".ps1","True","False"
"RUN-010","[Errno 2] No such file or directory: 'C:\\RSOS\\RSOS_CANONICAL_EXPERIMENT_CHAIN\\90_RUN_RECORDS\\RUN-010__F2_BR0_Full_Fingerprint_Recovery\\03_RUNNER\\SOURCE\\Training data\\F2_BR0_FULL_FINGERPRINT_RECOVERY\\01_CANONICAL_INPUTS\\F1_BR2_LMARENA_MATCHED_CONTROL\\RUN_F1_BR2_V2_EXACT_EXTRACTOR.py.phase8g.partial'","C:\RSOS\Training data\F2_BR0_FULL_FINGERPRINT_RECOVERY\01_CANONICAL_INPUTS\F1_BR2_LMARENA_MATCHED_CONTROL\RUN_F1_BR2_V2_EXACT_EXTRACTOR.py","C:\RSOS\RSOS_CANONICAL_EXPERIMENT_CHAIN\90_RUN_RECORDS\RUN-010__F2_BR0_Full_Fingerprint_Recovery\03_RUNNER\SOURCE\Training data\F2_BR0_FULL_FINGERPRINT_RECOVERY\01_CANONICAL_INPUTS\F1_BR2_LMARENA_MATCHED_CONTROL\RUN_F1_BR2_V2_EXACT_EXTRACTOR.py","138","244",".py","True","False"
"RUN-010","[Errno 2] No such file or directory: 'C:\\RSOS\\RSOS_CANONICAL_EXPERIMENT_CHAIN\\90_RUN_RECORDS\\RUN-010__F2_BR0_Full_Fingerprint_Recovery\\09_FREEZE\\SOURCE\\Training data\\F2_BR0_FULL_FINGERPRINT_RECOVERY\\01_CANONICAL_INPUTS\\F1_DEV_LMARENA_BLIND_R1\\00_MANIFEST\\F1_FROZEN_SPEC_BEFORE_DEVELOPMENT_HOLDOUT.json.phase8g.partial'","C:\RSOS\Training data\F2_BR0_FULL_FINGERPRINT_RECOVERY\01_CANONICAL_INPUTS\F1_DEV_LMARENA_BLIND_R1\00_MANIFEST\F1_FROZEN_SPEC_BEFORE_DEVELOPMENT_HOLDOUT.json","C:\RSOS\RSOS_CANONICAL_EXPERIMENT_CHAIN\90_RUN_RECORDS\RUN-010__F2_BR0_Full_Fingerprint_Recovery\09_FREEZE\SOURCE\Training data\F2_BR0_FULL_FINGERPRINT_RECOVERY\01_CANONICAL_INPUTS\F1_DEV_LMARENA_BLIND_R1\00_MANIFEST\F1_FROZEN_SPEC_BEFORE_DEVELOPMENT_HOLDOUT.json","157","263",".json","True","False"
"RUN-010","[Errno 2] No such file or directory: 'C:\\RSOS\\RSOS_CANONICAL_EXPERIMENT_CHAIN\\90_RUN_RECORDS\\RUN-010__F2_BR0_Full_Fingerprint_Recovery\\03_RUNNER\\SOURCE\\Training data\\F2_BR0_FULL_FINGERPRINT_RECOVERY\\01_CANONICAL_INPUTS\\F1_DEV_LMARENA_BLIND_R1\\00_MANIFEST\\RUN_F1_DEV_LMARENA_BLIND_R1.py.phase8g.partial'","C:\RSOS\Training data\F2_BR0_FULL_FINGERPRINT_RECOVERY\01_CANONICAL_INPUTS\F1_DEV_LMARENA_BLIND_R1\00_MANIFEST\RUN_F1_DEV_LMARENA_BLIND_R1.py","C:\RSOS\RSOS_CANONICAL_EXPERIMENT_CHAIN\90_RUN_RECORDS\RUN-010__F2_BR0_Full_Fingerprint_Recovery\03_RUNNER\SOURCE\Training data\F2_BR0_FULL_FINGERPRINT_RECOVERY\01_CANONICAL_INPUTS\F1_DEV_LMARENA_BLIND_R1\00_MANIFEST\RUN_F1_DEV_LMARENA_BLIND_R1.py","141","247",".py","True","False"
"RUN-010","[Errno 2] No such file or directory: 'C:\\RSOS\\RSOS_CANONICAL_EXPERIMENT_CHAIN\\90_RUN_RECORDS\\RUN-010__F2_BR0_Full_Fingerprint_Recovery\\05_OUTPUTS\\SOURCE\\Training data\\F2_BR0_FULL_FINGERPRINT_RECOVERY\\01_CANONICAL_INPUTS\\F1_DEV_LMARENA_BLIND_R1\\01_CALIBRATION\\F1_CALIBRATION_FEATURE_IMPORTANCE.csv.phase8g.partial'","C:\RSOS\Training data\F2_BR0_FULL_FINGERPRINT_RECOVERY\01_CANONICAL_INPUTS\F1_DEV_LMARENA_BLIND_R1\01_CALIBRATION\F1_CALIBRATION_FEATURE_IMPORTANCE.csv","C:\RSOS\RSOS_CANONICAL_EXPERIMENT_CHAIN\90_RUN_RECORDS\RUN-010__F2_BR0_Full_Fingerprint_Recovery\05_OUTPUTS\SOURCE\Training data\F2_BR0_FULL_FINGERPRINT_RECOVERY\01_CANONICAL_INPUTS\F1_DEV_LMARENA_BLIND_R1\01_CALIBRATION\F1_CALIBRATION_FEATURE_IMPORTANCE.csv","151","258",".csv","True","False"
"RUN-010","[Errno 2] No such file or directory: 'C:\\RSOS\\RSOS_CANONICAL_EXPERIMENT_CHAIN\\90_RUN_RECORDS\\RUN-010__F2_BR0_Full_Fingerprint_Recovery\\05_OUTPUTS\\SOURCE\\Training data\\F2_BR0_FULL_FINGERPRINT_RECOVERY\\01_CANONICAL_INPUTS\\F1_DEV_LMARENA_BLIND_R1\\02_BLIND_DISCOVERY\\F1_BLIND_FEATURE_RELATION_GRAPH_PREHOLDOUT.csv.phase8g.partial'","C:\RSOS\Training data\F2_BR0_FULL_FINGERPRINT_RECOVERY\01_CANONICAL_INPUTS\F1_DEV_LMARENA_BLIND_R1\02_BLIND_DISCOVERY\F1_BLIND_FEATURE_RELATION_GRAPH_PREHOLDOUT.csv","C:\RSOS\RSOS_CANONICAL_EXPERIMENT_CHAIN\90_RUN_RECORDS\RUN-010__F2_BR0_Full_Fingerprint_Recovery\05_OUTPUTS\SOURCE\Training data\F2_BR0_FULL_FINGERPRINT_RECOVERY\01_CANONICAL_INPUTS\F1_DEV_LMARENA_BLIND_R1\02_BLIND_DISCOVERY\F1_BLIND_FEATURE_RELATION_GRAPH_PREHOLDOUT.csv","164","271",".csv","True","False"
"RUN-010","[Errno 2] No such file or directory: 'C:\\RSOS\\RSOS_CANONICAL_EXPERIMENT_CHAIN\\90_RUN_RECORDS\\RUN-010__F2_BR0_Full_Fingerprint_Recovery\\05_OUTPUTS\\SOURCE\\Training data\\F2_BR0_FULL_FINGERPRINT_RECOVERY\\01_CANONICAL_INPUTS\\F1_DEV_LMARENA_BLIND_R1\\02_BLIND_DISCOVERY\\F1_PRIMARY_DERIVED_BLIND_FEATURE_MATRIX.parquet.phase8g.partial'","C:\RSOS\Training data\F2_BR0_FULL_FINGERPRINT_RECOVERY\01_CANONICAL_INPUTS\F1_DEV_LMARENA_BLIND_R1\02_BLIND_DISCOVERY\F1_PRIMARY_DERIVED_BLIND_FEATURE_MATRIX.parquet","C:\RSOS\RSOS_CANONICAL_EXPERIMENT_CHAIN\90_RUN_RECORDS\RUN-010__F2_BR0_Full_Fingerprint_Recovery\05_OUTPUTS\SOURCE\Training data\F2_BR0_FULL_FINGERPRINT_RECOVERY\01_CANONICAL_INPUTS\F1_DEV_LMARENA_BLIND_R1\02_BLIND_DISCOVERY\F1_PRIMARY_DERIVED_BLIND_FEATURE_MATRIX.parquet","165","272",".parquet","True","False"
"RUN-010","[Errno 2] No such file or directory: 'C:\\RSOS\\RSOS_CANONICAL_EXPERIMENT_CHAIN\\90_RUN_RECORDS\\RUN-010__F2_BR0_Full_Fingerprint_Recovery\\05_OUTPUTS\\SOURCE\\Training data\\F2_BR0_FULL_FINGERPRINT_RECOVERY\\01_CANONICAL_INPUTS\\F1_DEV_LMARENA_BLIND_R1\\04_DEVELOPMENT_HOLDOUT\\F1_BLIND_CLUSTER_METRICS.csv.phase8g.partial'","C:\RSOS\Training data\F2_BR0_FULL_FINGERPRINT_RECOVERY\01_CANONICAL_INPUTS\F1_DEV_LMARENA_BLIND_R1\04_DEVELOPMENT_HOLDOUT\F1_BLIND_CLUSTER_METRICS.csv","C:\RSOS\RSOS_CANONICAL_EXPERIMENT_CHAIN\90_RUN_RECORDS\RUN-010__F2_BR0_Full_Fingerprint_Recovery\05_OUTPUTS\SOURCE\Training data\F2_BR0_FULL_FINGERPRINT_RECOVERY\01_CANONICAL_INPUTS\F1_DEV_LMARENA_BLIND_R1\04_DEVELOPMENT_HOLDOUT\F1_BLIND_CLUSTER_METRICS.csv","150","257",".csv","True","False"
"RUN-010","[Errno 2] No such file or directory: 'C:\\RSOS\\RSOS_CANONICAL_EXPERIMENT_CHAIN\\90_RUN_RECORDS\\RUN-010__F2_BR0_Full_Fingerprint_Recovery\\05_OUTPUTS\\SOURCE\\Training data\\F2_BR0_FULL_FINGERPRINT_RECOVERY\\01_CANONICAL_INPUTS\\F1_DEV_LMARENA_BLIND_R1\\04_DEVELOPMENT_HOLDOUT\\F1_FEATURE_RELATION_GRAPH_HOLDOUT.csv.phase8g.partial'","C:\RSOS\Training data\F2_BR0_FULL_FINGERPRINT_RECOVERY\01_CANONICAL_INPUTS\F1_DEV_LMARENA_BLIND_R1\04_DEVELOPMENT_HOLDOUT\F1_FEATURE_RELATION_GRAPH_HOLDOUT.csv","C:\RSOS\RSOS_CANONICAL_EXPERIMENT_CHAIN\90_RUN_RECORDS\RUN-010__F2_BR0_Full_Fingerprint_Recovery\05_OUTPUTS\SOURCE\Training data\F2_BR0_FULL_FINGERPRINT_RECOVERY\01_CANONICAL_INPUTS\F1_DEV_LMARENA_BLIND_R1\04_DEVELOPMENT_HOLDOUT\F1_FEATURE_RELATION_GRAPH_HOLDOUT.csv","159","266",".csv","True","False"
"RUN-010","[Errno 2] No such file or directory: 'C:\\RSOS\\RSOS_CANONICAL_EXPERIMENT_CHAIN\\90_RUN_RECORDS\\RUN-010__F2_BR0_Full_Fingerprint_Recovery\\09_FREEZE\\SOURCE\\Training data\\F2_BR0_FULL_FINGERPRINT_RECOVERY\\01_CANONICAL_INPUTS\\F1_DEV_LMARENA_BLIND_R1\\05_POSTFREEZE_UNBLIND_AUDIT\\F1_POSTFREEZE_CONFOUND_AUDIT.csv.phase8g.partial'","C:\RSOS\Training data\F2_BR0_FULL_FINGERPRINT_RECOVERY\01_CANONICAL_INPUTS\F1_DEV_LMARENA_BLIND_R1\05_POSTFREEZE_UNBLIND_AUDIT\F1_POSTFREEZE_CONFOUND_AUDIT.csv","C:\RSOS\RSOS_CANONICAL_EXPERIMENT_CHAIN\90_RUN_RECORDS\RUN-010__F2_BR0_Full_Fingerprint_Recovery\09_FREEZE\SOURCE\Training data\F2_BR0_FULL_FINGERPRINT_RECOVERY\01_CANONICAL_INPUTS\F1_DEV_LMARENA_BLIND_R1\05_POSTFREEZE_UNBLIND_AUDIT\F1_POSTFREEZE_CONFOUND_AUDIT.csv","159","265",".csv","True","False"
"RUN-010","[Errno 2] No such file or directory: 'C:\\RSOS\\RSOS_CANONICAL_EXPERIMENT_CHAIN\\90_RUN_RECORDS\\RUN-010__F2_BR0_Full_Fingerprint_Recovery\\05_OUTPUTS\\SOURCE\\Training data\\F2_BR0_FULL_FINGERPRINT_RECOVERY\\01_CANONICAL_INPUTS\\F1_DEV_LMARENA_BLIND_R1\\05_POSTFREEZE_UNBLIND_AUDIT\\F1_PRESERVE_FIRST_FEATURE_MISSINGNESS.csv.phase8g.partial'","C:\RSOS\Training data\F2_BR0_FULL_FINGERPRINT_RECOVERY\01_CANONICAL_INPUTS\F1_DEV_LMARENA_BLIND_R1\05_POSTFREEZE_UNBLIND_AUDIT\F1_PRESERVE_FIRST_FEATURE_MISSINGNESS.csv","C:\RSOS\RSOS_CANONICAL_EXPERIMENT_CHAIN\90_RUN_RECORDS\RUN-010__F2_BR0_Full_Fingerprint_Recovery\05_OUTPUTS\SOURCE\Training data\F2_BR0_FULL_FINGERPRINT_RECOVERY\01_CANONICAL_INPUTS\F1_DEV_LMARENA_BLIND_R1\05_POSTFREEZE_UNBLIND_AUDIT\F1_PRESERVE_FIRST_FEATURE_MISSINGNESS.csv","168","275",".csv","True","False"
"RUN-010","[Errno 2] No such file or directory: 'C:\\RSOS\\RSOS_CANONICAL_EXPERIMENT_CHAIN\\90_RUN_RECORDS\\RUN-010__F2_BR0_Full_Fingerprint_Recovery\\07_ADJUDICATION\\SOURCE\\Training data\\F2_BR0_FULL_FINGERPRINT_RECOVERY\\01_CANONICAL_INPUTS\\F1_DEV_LMARENA_BLIND_R1\\06_STATUS_LEDGER\\F1_DEV_STATUS_LEDGER.csv.phase8g.partial'","C:\RSOS\Training data\F2_BR0_FULL_FINGERPRINT_RECOVERY\01_CANONICAL_INPUTS\F1_DEV_LMARENA_BLIND_R1\06_STATUS_LEDGER\F1_DEV_STATUS_LEDGER.csv","C:\RSOS\RSOS_CANONICAL_EXPERIMENT_CHAIN\90_RUN_RECORDS\RUN-010__F2_BR0_Full_Fingerprint_Recovery\07_ADJUDICATION\SOURCE\Training data\F2_BR0_FULL_FINGERPRINT_RECOVERY\01_CANONICAL_INPUTS\F1_DEV_LMARENA_BLIND_R1\06_STATUS_LEDGER\F1_DEV_STATUS_LEDGER.csv","140","252",".csv","True","False"
"RUN-010","[Errno 2] No such file or directory: 'C:\\RSOS\\RSOS_CANONICAL_EXPERIMENT_CHAIN\\90_RUN_RECORDS\\RUN-010__F2_BR0_Full_Fingerprint_Recovery\\09_FREEZE\\SOURCE\\Training data\\F2_BR0_FULL_FINGERPRINT_RECOVERY\\01_CANONICAL_INPUTS\\F1_DEV_LMARENA_BLIND_R2_HARDENED\\00_MANIFEST\\INPUT_SPLIT_SHA256.csv.phase8g.partial'","C:\RSOS\Training data\F2_BR0_FULL_FINGERPRINT_RECOVERY\01_CANONICAL_INPUTS\F1_DEV_LMARENA_BLIND_R2_HARDENED\00_MANIFEST\INPUT_SPLIT_SHA256.csv","C:\RSOS\RSOS_CANONICAL_EXPERIMENT_CHAIN\90_RUN_RECORDS\RUN-010__F2_BR0_Full_Fingerprint_Recovery\09_FREEZE\SOURCE\Training data\F2_BR0_FULL_FINGERPRINT_RECOVERY\01_CANONICAL_INPUTS\F1_DEV_LMARENA_BLIND_R2_HARDENED\00_MANIFEST\INPUT_SPLIT_SHA256.csv","142","248",".csv","True","False"
"RUN-010","[Errno 2] No such file or directory: 'C:\\RSOS\\RSOS_CANONICAL_EXPERIMENT_CHAIN\\90_RUN_RECORDS\\RUN-010__F2_BR0_Full_Fingerprint_Recovery\\09_FREEZE\\SOURCE\\Training data\\F2_BR0_FULL_FINGERPRINT_RECOVERY\\01_CANONICAL_INPUTS\\F1_DEV_LMARENA_BLIND_R2_HARDENED\\00_MANIFEST\\R2_FROZEN_SPEC_BEFORE_HOLDOUT.json.phase8g.partial'","C:\RSOS\Training data\F2_BR0_FULL_FINGERPRINT_RECOVERY\01_CANONICAL_INPUTS\F1_DEV_LMARENA_BLIND_R2_HARDENED\00_MANIFEST\R2_FROZEN_SPEC_BEFORE_HOLDOUT.json","C:\RSOS\RSOS_CANONICAL_EXPERIMENT_CHAIN\90_RUN_RECORDS\RUN-010__F2_BR0_Full_Fingerprint_Recovery\09_FREEZE\SOURCE\Training data\F2_BR0_FULL_FINGERPRINT_RECOVERY\01_CANONICAL_INPUTS\F1_DEV_LMARENA_BLIND_R2_HARDENED\00_MANIFEST\R2_FROZEN_SPEC_BEFORE_HOLDOUT.json","154","260",".json","True","False"
"RUN-010","[Errno 2] No such file or directory: 'C:\\RSOS\\RSOS_CANONICAL_EXPERIMENT_CHAIN\\90_RUN_RECORDS\\RUN-010__F2_BR0_Full_Fingerprint_Recovery\\09_FREEZE\\SOURCE\\Training data\\F2_BR0_FULL_FINGERPRINT_RECOVERY\\01_CANONICAL_INPUTS\\F1_DEV_LMARENA_BLIND_R2_HARDENED\\00_MANIFEST\\R2_FROZEN_SPEC_SHA256.txt.phase8g.partial'","C:\RSOS\Training data\F2_BR0_FULL_FINGERPRINT_RECOVERY\01_CANONICAL_INPUTS\F1_DEV_LMARENA_BLIND_R2_HARDENED\00_MANIFEST\R2_FROZEN_SPEC_SHA256.txt","C:\RSOS\RSOS_CANONICAL_EXPERIMENT_CHAIN\90_RUN_RECORDS\RUN-010__F2_BR0_Full_Fingerprint_Recovery\09_FREEZE\SOURCE\Training data\F2_BR0_FULL_FINGERPRINT_RECOVERY\01_CANONICAL_INPUTS\F1_DEV_LMARENA_BLIND_R2_HARDENED\00_MANIFEST\R2_FROZEN_SPEC_SHA256.txt","145","251",".txt","True","False"
"RUN-010","[Errno 2] No such file or directory: 'C:\\RSOS\\RSOS_CANONICAL_EXPERIMENT_CHAIN\\90_RUN_RECORDS\\RUN-010__F2_BR0_Full_Fingerprint_Recovery\\05_OUTPUTS\\SOURCE\\Training data\\F2_BR0_FULL_FINGERPRINT_RECOVERY\\01_CANONICAL_INPUTS\\F1_DEV_LMARENA_BLIND_R2_HARDENED\\04_PHYSICALLY_SEALED_HOLDOUT\\HARDENED_HOLDOUT_RESULTS.csv.phase8g.partial'","C:\RSOS\Training data\F2_BR0_FULL_FINGERPRINT_RECOVERY\01_CANONICAL_INPUTS\F1_DEV_LMARENA_BLIND_R2_HARDENED\04_PHYSICALLY_SEALED_HOLDOUT\HARDENED_HOLDOUT_RESULTS.csv","C:\RSOS\RSOS_CANONICAL_EXPERIMENT_CHAIN\90_RUN_RECORDS\RUN-010__F2_BR0_Full_Fingerprint_Recovery\05_OUTPUTS\SOURCE\Training data\F2_BR0_FULL_FINGERPRINT_RECOVERY\01_CANONICAL_INPUTS\F1_DEV_LMARENA_BLIND_R2_HARDENED\04_PHYSICALLY_SEALED_HOLDOUT\HARDENED_HOLDOUT_RESULTS.csv","165","272",".csv","True","False"
"RUN-010","[Errno 2] No such file or directory: 'C:\\RSOS\\RSOS_CANONICAL_EXPERIMENT_CHAIN\\90_RUN_RECORDS\\RUN-010__F2_BR0_Full_Fingerprint_Recovery\\05_OUTPUTS\\SOURCE\\Training data\\F2_BR0_FULL_FINGERPRINT_RECOVERY\\01_CANONICAL_INPUTS\\F1_DEV_LMARENA_BLIND_R2_HARDENED\\05_POSTFREEZE_AUDIT\\DIRECT_CONTINUOUS_FEATURE_PREDICTABILITY.csv.phase8g.partial'","C:\RSOS\Training data\F2_BR0_FULL_FINGERPRINT_RECOVERY\01_CANONICAL_INPUTS\F1_DEV_LMARENA_BLIND_R2_HARDENED\05_POSTFREEZE_AUDIT\DIRECT_CONTINUOUS_FEATURE_PREDICTABILITY.csv","C:\RSOS\RSOS_CANONICAL_EXPERIMENT_CHAIN\90_RUN_RECORDS\RUN-010__F2_BR0_Full_Fingerprint_Recovery\05_OUTPUTS\SOURCE\Training data\F2_BR0_FULL_FINGERPRINT_RECOVERY\01_CANONICAL_INPUTS\F1_DEV_LMARENA_BLIND_R2_HARDENED\05_POSTFREEZE_AUDIT\DIRECT_CONTINUOUS_FEATURE_PREDICTABILITY.csv","172","279",".csv","True","False"
"RUN-010","[Errno 2] No such file or directory: 'C:\\RSOS\\RSOS_CANONICAL_EXPERIMENT_CHAIN\\90_RUN_RECORDS\\RUN-010__F2_BR0_Full_Fingerprint_Recovery\\09_FREEZE\\SOURCE\\Training data\\F2_BR0_FULL_FINGERPRINT_RECOVERY\\01_CANONICAL_INPUTS\\F1_DEV_LMARENA_BLIND_R2_HARDENED\\05_POSTFREEZE_AUDIT\\POSTFREEZE_CLUSTER_ASSOCIATION_AUDIT.csv.phase8g.partial'","C:\RSOS\Training data\F2_BR0_FULL_FINGERPRINT_RECOVERY\01_CANONICAL_INPUTS\F1_DEV_LMARENA_BLIND_R2_HARDENED\05_POSTFREEZE_AUDIT\POSTFREEZE_CLUSTER_ASSOCIATION_AUDIT.csv","C:\RSOS\RSOS_CANONICAL_EXPERIMENT_CHAIN\90_RUN_RECORDS\RUN-010__F2_BR0_Full_Fingerprint_Recovery\09_FREEZE\SOURCE\Training data\F2_BR0_FULL_FINGERPRINT_RECOVERY\01_CANONICAL_INPUTS\F1_DEV_LMARENA_BLIND_R2_HARDENED\05_POSTFREEZE_AUDIT\POSTFREEZE_CLUSTER_ASSOCIATION_AUDIT.csv","168","274",".csv","True","False"
"RUN-010","[Errno 2] No such file or directory: 'C:\\RSOS\\RSOS_CANONICAL_EXPERIMENT_CHAIN\\90_RUN_RECORDS\\RUN-010__F2_BR0_Full_Fingerprint_Recovery\\09_FREEZE\\SOURCE\\Training data\\F2_BR0_FULL_FINGERPRINT_RECOVERY\\01_CANONICAL_INPUTS\\F1_DEV_LMARENA_BLIND_R2_HARDENED\\07_FROZEN_MODELS\\ALL_FROZEN_MODEL.joblib.phase8g.partial'","C:\RSOS\Training data\F2_BR0_FULL_FINGERPRINT_RECOVERY\01_CANONICAL_INPUTS\F1_DEV_LMARENA_BLIND_R2_HARDENED\07_FROZEN_MODELS\ALL_FROZEN_MODEL.joblib","C:\RSOS\RSOS_CANONICAL_EXPERIMENT_CHAIN\90_RUN_RECORDS\RUN-010__F2_BR0_Full_Fingerprint_Recovery\09_FREEZE\SOURCE\Training data\F2_BR0_FULL_FINGERPRINT_RECOVERY\01_CANONICAL_INPUTS\F1_DEV_LMARENA_BLIND_R2_HARDENED\07_FROZEN_MODELS\ALL_FROZEN_MODEL.joblib","148","254",".joblib","True","False"
"RUN-010","[Errno 2] No such file or directory: 'C:\\RSOS\\RSOS_CANONICAL_EXPERIMENT_CHAIN\\90_RUN_RECORDS\\RUN-010__F2_BR0_Full_Fingerprint_Recovery\\09_FREEZE\\SOURCE\\Training data\\F2_BR0_FULL_FINGERPRINT_RECOVERY\\01_CANONICAL_INPUTS\\F1_DEV_LMARENA_BLIND_R2_HARDENED\\07_FROZEN_MODELS\\CODE_FROZEN_MODEL.joblib.phase8g.partial'","C:\RSOS\Training data\F2_BR0_FULL_FINGERPRINT_RECOVERY\01_CANONICAL_INPUTS\F1_DEV_LMARENA_BLIND_R2_HARDENED\07_FROZEN_MODELS\CODE_FROZEN_MODEL.joblib","C:\RSOS\RSOS_CANONICAL_EXPERIMENT_CHAIN\90_RUN_RECORDS\RUN-010__F2_BR0_Full_Fingerprint_Recovery\09_FREEZE\SOURCE\Training data\F2_BR0_FULL_FINGERPRINT_RECOVERY\01_CANONICAL_INPUTS\F1_DEV_LMARENA_BLIND_R2_HARDENED\07_FROZEN_MODELS\CODE_FROZEN_MODEL.joblib","149","255",".joblib","True","False"
"RUN-010","[Errno 2] No such file or directory: 'C:\\RSOS\\RSOS_CANONICAL_EXPERIMENT_CHAIN\\90_RUN_RECORDS\\RUN-010__F2_BR0_Full_Fingerprint_Recovery\\09_FREEZE\\SOURCE\\Training data\\F2_BR0_FULL_FINGERPRINT_RECOVERY\\01_CANONICAL_INPUTS\\F1_DEV_LMARENA_BLIND_R2_HARDENED\\07_FROZEN_MODELS\\NONCODE_FROZEN_MODEL.joblib.phase8g.partial'","C:\RSOS\Training data\F2_BR0_FULL_FINGERPRINT_RECOVERY\01_CANONICAL_INPUTS\F1_DEV_LMARENA_BLIND_R2_HARDENED\07_FROZEN_MODELS\NONCODE_FROZEN_MODEL.joblib","C:\RSOS\RSOS_CANONICAL_EXPERIMENT_CHAIN\90_RUN_RECORDS\RUN-010__F2_BR0_Full_Fingerprint_Recovery\09_FREEZE\SOURCE\Training data\F2_BR0_FULL_FINGERPRINT_RECOVERY\01_CANONICAL_INPUTS\F1_DEV_LMARENA_BLIND_R2_HARDENED\07_FROZEN_MODELS\NONCODE_FROZEN_MODEL.joblib","152","258",".joblib","True","False"
"RUN-010","[Errno 2] No such file or directory: 'C:\\RSOS\\RSOS_CANONICAL_EXPERIMENT_CHAIN\\90_RUN_RECORDS\\RUN-010__F2_BR0_Full_Fingerprint_Recovery\\08_PACKAGE\\SOURCE\\Training data\\F2_BR0_FULL_FINGERPRINT_RECOVERY\\01_CANONICAL_INPUTS\\F1_DEV_LMARENA_BLIND_R2_HARDENED\\F1_DEV_LMARENA_BLIND_R2_HARDENED_RESULTS.zip.phase8g.partial'","C:\RSOS\Training data\F2_BR0_FULL_FINGERPRINT_RECOVERY\01_CANONICAL_INPUTS\F1_DEV_LMARENA_BLIND_R2_HARDENED\F1_DEV_LMARENA_BLIND_R2_HARDENED_RESULTS.zip","C:\RSOS\RSOS_CANONICAL_EXPERIMENT_CHAIN\90_RUN_RECORDS\RUN-010__F2_BR0_Full_Fingerprint_Recovery\08_PACKAGE\SOURCE\Training data\F2_BR0_FULL_FINGERPRINT_RECOVERY\01_CANONICAL_INPUTS\F1_DEV_LMARENA_BLIND_R2_HARDENED\F1_DEV_LMARENA_BLIND_R2_HARDENED_RESULTS.zip","152","259",".zip","True","False"
"RUN-010","[Errno 2] No such file or directory: 'C:\\RSOS\\RSOS_CANONICAL_EXPERIMENT_CHAIN\\90_RUN_RECORDS\\RUN-010__F2_BR0_Full_Fingerprint_Recovery\\09_FREEZE\\SOURCE\\Training data\\F2_BR0_FULL_FINGERPRINT_RECOVERY\\01_CANONICAL_INPUTS\\F1_DEV_LMARENA_BLIND_R3_HARDENED\\00_MANIFEST\\COMPLETE_PACKAGE_SHA256_MANIFEST.csv.phase8g.partial'","C:\RSOS\Training data\F2_BR0_FULL_FINGERPRINT_RECOVERY\01_CANONICAL_INPUTS\F1_DEV_LMARENA_BLIND_R3_HARDENED\00_MANIFEST\COMPLETE_PACKAGE_SHA256_MANIFEST.csv","C:\RSOS\RSOS_CANONICAL_EXPERIMENT_CHAIN\90_RUN_RECORDS\RUN-010__F2_BR0_Full_Fingerprint_Recovery\09_FREEZE\SOURCE\Training data\F2_BR0_FULL_FINGERPRINT_RECOVERY\01_CANONICAL_INPUTS\F1_DEV_LMARENA_BLIND_R3_HARDENED\00_MANIFEST\COMPLETE_PACKAGE_SHA256_MANIFEST.csv","156","262",".csv","True","False"
"RUN-010","[Errno 2] No such file or directory: 'C:\\RSOS\\RSOS_CANONICAL_EXPERIMENT_CHAIN\\90_RUN_RECORDS\\RUN-010__F2_BR0_Full_Fingerprint_Recovery\\09_FREEZE\\SOURCE\\Training data\\F2_BR0_FULL_FINGERPRINT_RECOVERY\\01_CANONICAL_INPUTS\\F1_DEV_LMARENA_BLIND_R3_HARDENED\\00_MANIFEST\\COMPLETE_ZIP_SHA256.txt.phase8g.partial'","C:\RSOS\Training data\F2_BR0_FULL_FINGERPRINT_RECOVERY\01_CANONICAL_INPUTS\F1_DEV_LMARENA_BLIND_R3_HARDENED\00_MANIFEST\COMPLETE_ZIP_SHA256.txt","C:\RSOS\RSOS_CANONICAL_EXPERIMENT_CHAIN\90_RUN_RECORDS\RUN-010__F2_BR0_Full_Fingerprint_Recovery\09_FREEZE\SOURCE\Training data\F2_BR0_FULL_FINGERPRINT_RECOVERY\01_CANONICAL_INPUTS\F1_DEV_LMARENA_BLIND_R3_HARDENED\00_MANIFEST\COMPLETE_ZIP_SHA256.txt","143","249",".txt","True","False"
"RUN-010","[Errno 2] No such file or directory: 'C:\\RSOS\\RSOS_CANONICAL_EXPERIMENT_CHAIN\\90_RUN_RECORDS\\RUN-010__F2_BR0_Full_Fingerprint_Recovery\\09_FREEZE\\SOURCE\\Training data\\F2_BR0_FULL_FINGERPRINT_RECOVERY\\01_CANONICAL_INPUTS\\F1_DEV_LMARENA_BLIND_R3_HARDENED\\00_MANIFEST\\OUTPUT_SHA256_MANIFEST.csv.phase8g.partial'","C:\RSOS\Training data\F2_BR0_FULL_FINGERPRINT_RECOVERY\01_CANONICAL_INPUTS\F1_DEV_LMARENA_BLIND_R3_HARDENED\00_MANIFEST\OUTPUT_SHA256_MANIFEST.csv","C:\RSOS\RSOS_CANONICAL_EXPERIMENT_CHAIN\90_RUN_RECORDS\RUN-010__F2_BR0_Full_Fingerprint_Recovery\09_FREEZE\SOURCE\Training data\F2_BR0_FULL_FINGERPRINT_RECOVERY\01_CANONICAL_INPUTS\F1_DEV_LMARENA_BLIND_R3_HARDENED\00_MANIFEST\OUTPUT_SHA256_MANIFEST.csv","146","252",".csv","True","False"
"RUN-010","[Errno 2] No such file or directory: 'C:\\RSOS\\RSOS_CANONICAL_EXPERIMENT_CHAIN\\90_RUN_RECORDS\\RUN-010__F2_BR0_Full_Fingerprint_Recovery\\09_FREEZE\\SOURCE\\Training data\\F2_BR0_FULL_FINGERPRINT_RECOVERY\\01_CANONICAL_INPUTS\\F1_DEV_LMARENA_BLIND_R3_HARDENED\\00_MANIFEST\\R3_FROZEN_SPEC_BEFORE_HOLDOUT.json.phase8g.partial'","C:\RSOS\Training data\F2_BR0_FULL_FINGERPRINT_RECOVERY\01_CANONICAL_INPUTS\F1_DEV_LMARENA_BLIND_R3_HARDENED\00_MANIFEST\R3_FROZEN_SPEC_BEFORE_HOLDOUT.json","C:\RSOS\RSOS_CANONICAL_EXPERIMENT_CHAIN\90_RUN_RECORDS\RUN-010__F2_BR0_Full_Fingerprint_Recovery\09_FREEZE\SOURCE\Training data\F2_BR0_FULL_FINGERPRINT_RECOVERY\01_CANONICAL_INPUTS\F1_DEV_LMARENA_BLIND_R3_HARDENED\00_MANIFEST\R3_FROZEN_SPEC_BEFORE_HOLDOUT.json","154","260",".json","True","False"
"RUN-010","[Errno 2] No such file or directory: 'C:\\RSOS\\RSOS_CANONICAL_EXPERIMENT_CHAIN\\90_RUN_RECORDS\\RUN-010__F2_BR0_Full_Fingerprint_Recovery\\09_FREEZE\\SOURCE\\Training data\\F2_BR0_FULL_FINGERPRINT_RECOVERY\\01_CANONICAL_INPUTS\\F1_DEV_LMARENA_BLIND_R3_HARDENED\\00_MANIFEST\\R3_FROZEN_SPEC_SHA256.txt.phase8g.partial'","C:\RSOS\Training data\F2_BR0_FULL_FINGERPRINT_RECOVERY\01_CANONICAL_INPUTS\F1_DEV_LMARENA_BLIND_R3_HARDENED\00_MANIFEST\R3_FROZEN_SPEC_SHA256.txt","C:\RSOS\RSOS_CANONICAL_EXPERIMENT_CHAIN\90_RUN_RECORDS\RUN-010__F2_BR0_Full_Fingerprint_Recovery\09_FREEZE\SOURCE\Training data\F2_BR0_FULL_FINGERPRINT_RECOVERY\01_CANONICAL_INPUTS\F1_DEV_LMARENA_BLIND_R3_HARDENED\00_MANIFEST\R3_FROZEN_SPEC_SHA256.txt","145","251",".txt","True","False"
"RUN-010","[Errno 2] No such file or directory: 'C:\\RSOS\\RSOS_CANONICAL_EXPERIMENT_CHAIN\\90_RUN_RECORDS\\RUN-010__F2_BR0_Full_Fingerprint_Recovery\\05_OUTPUTS\\SOURCE\\Training data\\F2_BR0_FULL_FINGERPRINT_RECOVERY\\01_CANONICAL_INPUTS\\F1_DEV_LMARENA_BLIND_R3_HARDENED\\02_MATCHED_NULLS\\HARDENED_NULL_RESULTS.csv.phase8g.partial'","C:\RSOS\Training data\F2_BR0_FULL_FINGERPRINT_RECOVERY\01_CANONICAL_INPUTS\F1_DEV_LMARENA_BLIND_R3_HARDENED\02_MATCHED_NULLS\HARDENED_NULL_RESULTS.csv","C:\RSOS\RSOS_CANONICAL_EXPERIMENT_CHAIN\90_RUN_RECORDS\RUN-010__F2_BR0_Full_Fingerprint_Recovery\05_OUTPUTS\SOURCE\Training data\F2_BR0_FULL_FINGERPRINT_RECOVERY\01_CANONICAL_INPUTS\F1_DEV_LMARENA_BLIND_R3_HARDENED\02_MATCHED_NULLS\HARDENED_NULL_RESULTS.csv","150","257",".csv","True","False"
"RUN-010","[Errno 2] No such file or directory: 'C:\\RSOS\\RSOS_CANONICAL_EXPERIMENT_CHAIN\\90_RUN_RECORDS\\RUN-010__F2_BR0_Full_Fingerprint_Recovery\\09_FREEZE\\SOURCE\\Training data\\F2_BR0_FULL_FINGERPRINT_RECOVERY\\01_CANONICAL_INPUTS\\F1_DEV_LMARENA_BLIND_R3_HARDENED\\05_POSTFREEZE_NUISANCE_AUDIT\\COMPLETE_CONTINUOUS_FEATURE_NUISANCE_PREDICTABILITY.csv.phase8g.partial'","C:\RSOS\Training data\F2_BR0_FULL_FINGERPRINT_RECOVERY\01_CANONICAL_INPUTS\F1_DEV_LMARENA_BLIND_R3_HARDENED\05_POSTFREEZE_NUISANCE_AUDIT\COMPLETE_CONTINUOUS_FEATURE_NUISANCE_PREDICTABILITY.csv","C:\RSOS\RSOS_CANONICAL_EXPERIMENT_CHAIN\90_RUN_RECORDS\RUN-010__F2_BR0_Full_Fingerprint_Recovery\09_FREEZE\SOURCE\Training data\F2_BR0_FULL_FINGERPRINT_RECOVERY\01_CANONICAL_INPUTS\F1_DEV_LMARENA_BLIND_R3_HARDENED\05_POSTFREEZE_NUISANCE_AUDIT\COMPLETE_CONTINUOUS_FEATURE_NUISANCE_PREDICTABILITY.csv","192","298",".csv","True","False"
"RUN-010","[Errno 2] No such file or directory: 'C:\\RSOS\\RSOS_CANONICAL_EXPERIMENT_CHAIN\\90_RUN_RECORDS\\RUN-010__F2_BR0_Full_Fingerprint_Recovery\\05_OUTPUTS\\SOURCE\\Training data\\F2_BR0_FULL_FINGERPRINT_RECOVERY\\01_CANONICAL_INPUTS\\F1_DEV_LMARENA_BLIND_R3_HARDENED\\06_PLANTED_V12_GRAPH_CALIBRATION\\PLANTED_V12_GRAPH_CALIBRATION_RESULT.csv.phase8g.partial'","C:\RSOS\Training data\F2_BR0_FULL_FINGERPRINT_RECOVERY\01_CANONICAL_INPUTS\F1_DEV_LMARENA_BLIND_R3_HARDENED\06_PLANTED_V12_GRAPH_CALIBRATION\PLANTED_V12_GRAPH_CALIBRATION_RESULT.csv","C:\RSOS\RSOS_CANONICAL_EXPERIMENT_CHAIN\90_RUN_RECORDS\RUN-010__F2_BR0_Full_Fingerprint_Recovery\05_OUTPUTS\SOURCE\Training data\F2_BR0_FULL_FINGERPRINT_RECOVERY\01_CANONICAL_INPUTS\F1_DEV_LMARENA_BLIND_R3_HARDENED\06_PLANTED_V12_GRAPH_CALIBRATION\PLANTED_V12_GRAPH_CALIBRATION_RESULT.csv","181","288",".csv","True","False"
"RUN-010","[Errno 2] No such file or directory: 'C:\\RSOS\\RSOS_CANONICAL_EXPERIMENT_CHAIN\\90_RUN_RECORDS\\RUN-010__F2_BR0_Full_Fingerprint_Recovery\\09_FREEZE\\SOURCE\\Training data\\F2_BR0_FULL_FINGERPRINT_RECOVERY\\01_CANONICAL_INPUTS\\F1_DEV_LMARENA_BLIND_R3_HARDENED\\08_FROZEN_MODELS\\FROZEN_PIPELINE.joblib.phase8g.partial'","C:\RSOS\Training data\F2_BR0_FULL_FINGERPRINT_RECOVERY\01_CANONICAL_INPUTS\F1_DEV_LMARENA_BLIND_R3_HARDENED\08_FROZEN_MODELS\FROZEN_PIPELINE.joblib","C:\RSOS\RSOS_CANONICAL_EXPERIMENT_CHAIN\90_RUN_RECORDS\RUN-010__F2_BR0_Full_Fingerprint_Recovery\09_FREEZE\SOURCE\Training data\F2_BR0_FULL_FINGERPRINT_RECOVERY\01_CANONICAL_INPUTS\F1_DEV_LMARENA_BLIND_R3_HARDENED\08_FROZEN_MODELS\FROZEN_PIPELINE.joblib","147","253",".joblib","True","False"
"RUN-010","[Errno 2] No such file or directory: 'C:\\RSOS\\RSOS_CANONICAL_EXPERIMENT_CHAIN\\90_RUN_RECORDS\\RUN-010__F2_BR0_Full_Fingerprint_Recovery\\08_PACKAGE\\SOURCE\\Training data\\F2_BR0_FULL_FINGERPRINT_RECOVERY\\01_CANONICAL_INPUTS\\F1_DEV_LMARENA_BLIND_R3_HARDENED\\F1_DEV_LMARENA_BLIND_R3_HARDENED_COMPLETE.zip.phase8g.partial'","C:\RSOS\Training data\F2_BR0_FULL_FINGERPRINT_RECOVERY\01_CANONICAL_INPUTS\F1_DEV_LMARENA_BLIND_R3_HARDENED\F1_DEV_LMARENA_BLIND_R3_HARDENED_COMPLETE.zip","C:\RSOS\RSOS_CANONICAL_EXPERIMENT_CHAIN\90_RUN_RECORDS\RUN-010__F2_BR0_Full_Fingerprint_Recovery\08_PACKAGE\SOURCE\Training data\F2_BR0_FULL_FINGERPRINT_RECOVERY\01_CANONICAL_INPUTS\F1_DEV_LMARENA_BLIND_R3_HARDENED\F1_DEV_LMARENA_BLIND_R3_HARDENED_COMPLETE.zip","153","260",".zip","True","False"
"RUN-010","[Errno 2] No such file or directory: 'C:\\RSOS\\RSOS_CANONICAL_EXPERIMENT_CHAIN\\90_RUN_RECORDS\\RUN-010__F2_BR0_Full_Fingerprint_Recovery\\08_PACKAGE\\SOURCE\\Training data\\F2_BR0_FULL_FINGERPRINT_RECOVERY\\01_CANONICAL_INPUTS\\F1_DEV_LMARENA_BLIND_R3_HARDENED\\F1_DEV_LMARENA_BLIND_R3_HARDENED_RESULTS.zip.phase8g.partial'","C:\RSOS\Training data\F2_BR0_FULL_FINGERPRINT_RECOVERY\01_CANONICAL_INPUTS\F1_DEV_LMARENA_BLIND_R3_HARDENED\F1_DEV_LMARENA_BLIND_R3_HARDENED_RESULTS.zip","C:\RSOS\RSOS_CANONICAL_EXPERIMENT_CHAIN\90_RUN_RECORDS\RUN-010__F2_BR0_Full_Fingerprint_Recovery\08_PACKAGE\SOURCE\Training data\F2_BR0_FULL_FINGERPRINT_RECOVERY\01_CANONICAL_INPUTS\F1_DEV_LMARENA_BLIND_R3_HARDENED\F1_DEV_LMARENA_BLIND_R3_HARDENED_RESULTS.zip","152","259",".zip","True","False"
"RUN-010","[Errno 2] No such file or directory: 'C:\\RSOS\\RSOS_CANONICAL_EXPERIMENT_CHAIN\\90_RUN_RECORDS\\RUN-010__F2_BR0_Full_Fingerprint_Recovery\\03_RUNNER\\SOURCE\\Training data\\F2_BR0_FULL_FINGERPRINT_RECOVERY\\01_CANONICAL_INPUTS\\F1_DEV_LMARENA_BLIND_R3_HARDENED\\RUN_F1_DEV_LMARENA_BLIND_R3_HARDENED.ps1.phase8g.partial'","C:\RSOS\Training data\F2_BR0_FULL_FINGERPRINT_RECOVERY\01_CANONICAL_INPUTS\F1_DEV_LMARENA_BLIND_R3_HARDENED\RUN_F1_DEV_LMARENA_BLIND_R3_HARDENED.ps1","C:\RSOS\RSOS_CANONICAL_EXPERIMENT_CHAIN\90_RUN_RECORDS\RUN-010__F2_BR0_Full_Fingerprint_Recovery\03_RUNNER\SOURCE\Training data\F2_BR0_FULL_FINGERPRINT_RECOVERY\01_CANONICAL_INPUTS\F1_DEV_LMARENA_BLIND_R3_HARDENED\RUN_F1_DEV_LMARENA_BLIND_R3_HARDENED.ps1","148","254",".ps1","True","False"
"RUN-010","[Errno 2] No such file or directory: 'C:\\RSOS\\RSOS_CANONICAL_EXPERIMENT_CHAIN\\90_RUN_RECORDS\\RUN-010__F2_BR0_Full_Fingerprint_Recovery\\03_RUNNER\\SOURCE\\Training data\\F2_BR0_FULL_FINGERPRINT_RECOVERY\\01_CANONICAL_INPUTS\\F1_DEV_LMARENA_BLIND_R3_HARDENED\\RUN_F1_DEV_LMARENA_BLIND_R3_HARDENED.py.phase8g.partial'","C:\RSOS\Training data\F2_BR0_FULL_FINGERPRINT_RECOVERY\01_CANONICAL_INPUTS\F1_DEV_LMARENA_BLIND_R3_HARDENED\RUN_F1_DEV_LMARENA_BLIND_R3_HARDENED.py","C:\RSOS\RSOS_CANONICAL_EXPERIMENT_CHAIN\90_RUN_RECORDS\RUN-010__F2_BR0_Full_Fingerprint_Recovery\03_RUNNER\SOURCE\Training data\F2_BR0_FULL_FINGERPRINT_RECOVERY\01_CANONICAL_INPUTS\F1_DEV_LMARENA_BLIND_R3_HARDENED\RUN_F1_DEV_LMARENA_BLIND_R3_HARDENED.py","147","253",".py","True","False"
"RUN-010","[Errno 2] No such file or directory: 'C:\\RSOS\\RSOS_CANONICAL_EXPERIMENT_CHAIN\\90_RUN_RECORDS\\RUN-010__F2_BR0_Full_Fingerprint_Recovery\\09_FREEZE\\SOURCE\\Training data\\F2_BR0_FULL_FINGERPRINT_RECOVERY\\01_CANONICAL_INPUTS\\F1_DEV_R4_V12_GRAPH_CALIBRATION\\00_MANIFEST\\COMPLETE_PACKAGE_SHA256_MANIFEST.csv.phase8g.partial'","C:\RSOS\Training data\F2_BR0_FULL_FINGERPRINT_RECOVERY\01_CANONICAL_INPUTS\F1_DEV_R4_V12_GRAPH_CALIBRATION\00_MANIFEST\COMPLETE_PACKAGE_SHA256_MANIFEST.csv","C:\RSOS\RSOS_CANONICAL_EXPERIMENT_CHAIN\90_RUN_RECORDS\RUN-010__F2_BR0_Full_Fingerprint_Recovery\09_FREEZE\SOURCE\Training data\F2_BR0_FULL_FINGERPRINT_RECOVERY\01_CANONICAL_INPUTS\F1_DEV_R4_V12_GRAPH_CALIBRATION\00_MANIFEST\COMPLETE_PACKAGE_SHA256_MANIFEST.csv","155","261",".csv","True","False"
"RUN-010","[Errno 2] No such file or directory: 'C:\\RSOS\\RSOS_CANONICAL_EXPERIMENT_CHAIN\\90_RUN_RECORDS\\RUN-010__F2_BR0_Full_Fingerprint_Recovery\\09_FREEZE\\SOURCE\\Training data\\F2_BR0_FULL_FINGERPRINT_RECOVERY\\01_CANONICAL_INPUTS\\F1_DEV_R4_V12_GRAPH_CALIBRATION\\00_MANIFEST\\FINAL_ZIP_SHA256.txt.phase8g.partial'","C:\RSOS\Training data\F2_BR0_FULL_FINGERPRINT_RECOVERY\01_CANONICAL_INPUTS\F1_DEV_R4_V12_GRAPH_CALIBRATION\00_MANIFEST\FINAL_ZIP_SHA256.txt","C:\RSOS\RSOS_CANONICAL_EXPERIMENT_CHAIN\90_RUN_RECORDS\RUN-010__F2_BR0_Full_Fingerprint_Recovery\09_FREEZE\SOURCE\Training data\F2_BR0_FULL_FINGERPRINT_RECOVERY\01_CANONICAL_INPUTS\F1_DEV_R4_V12_GRAPH_CALIBRATION\00_MANIFEST\FINAL_ZIP_SHA256.txt","139","245",".txt","True","False"
"RUN-010","[Errno 2] No such file or directory: 'C:\\RSOS\\RSOS_CANONICAL_EXPERIMENT_CHAIN\\90_RUN_RECORDS\\RUN-010__F2_BR0_Full_Fingerprint_Recovery\\09_FREEZE\\SOURCE\\Training data\\F2_BR0_FULL_FINGERPRINT_RECOVERY\\01_CANONICAL_INPUTS\\F1_DEV_R4_V12_GRAPH_CALIBRATION\\00_MANIFEST\\OUTPUT_SHA256_MANIFEST.csv.phase8g.partial'","C:\RSOS\Training data\F2_BR0_FULL_FINGERPRINT_RECOVERY\01_CANONICAL_INPUTS\F1_DEV_R4_V12_GRAPH_CALIBRATION\00_MANIFEST\OUTPUT_SHA256_MANIFEST.csv","C:\RSOS\RSOS_CANONICAL_EXPERIMENT_CHAIN\90_RUN_RECORDS\RUN-010__F2_BR0_Full_Fingerprint_Recovery\09_FREEZE\SOURCE\Training data\F2_BR0_FULL_FINGERPRINT_RECOVERY\01_CANONICAL_INPUTS\F1_DEV_R4_V12_GRAPH_CALIBRATION\00_MANIFEST\OUTPUT_SHA256_MANIFEST.csv","145","251",".csv","True","False"
"RUN-010","[Errno 2] No such file or directory: 'C:\\RSOS\\RSOS_CANONICAL_EXPERIMENT_CHAIN\\90_RUN_RECORDS\\RUN-010__F2_BR0_Full_Fingerprint_Recovery\\09_FREEZE\\SOURCE\\Training data\\F2_BR0_FULL_FINGERPRINT_RECOVERY\\01_CANONICAL_INPUTS\\F1_DEV_R4_V12_GRAPH_CALIBRATION\\00_MANIFEST\\POWERSHELL_RUNNER_SHA256.txt.phase8g.partial'","C:\RSOS\Training data\F2_BR0_FULL_FINGERPRINT_RECOVERY\01_CANONICAL_INPUTS\F1_DEV_R4_V12_GRAPH_CALIBRATION\00_MANIFEST\POWERSHELL_RUNNER_SHA256.txt","C:\RSOS\RSOS_CANONICAL_EXPERIMENT_CHAIN\90_RUN_RECORDS\RUN-010__F2_BR0_Full_Fingerprint_Recovery\09_FREEZE\SOURCE\Training data\F2_BR0_FULL_FINGERPRINT_RECOVERY\01_CANONICAL_INPUTS\F1_DEV_R4_V12_GRAPH_CALIBRATION\00_MANIFEST\POWERSHELL_RUNNER_SHA256.txt","147","253",".txt","True","False"
"RUN-010","[Errno 2] No such file or directory: 'C:\\RSOS\\RSOS_CANONICAL_EXPERIMENT_CHAIN\\90_RUN_RECORDS\\RUN-010__F2_BR0_Full_Fingerprint_Recovery\\05_OUTPUTS\\SOURCE\\Training data\\F2_BR0_FULL_FINGERPRINT_RECOVERY\\01_CANONICAL_INPUTS\\F1_DEV_R4_V12_GRAPH_CALIBRATION\\02_AUTHENTIC_EDGE_PERTURBATIONS\\AUTHENTIC_V12_PERTURBATION_SUMMARY.csv.phase8g.partial'","C:\RSOS\Training data\F2_BR0_FULL_FINGERPRINT_RECOVERY\01_CANONICAL_INPUTS\F1_DEV_R4_V12_GRAPH_CALIBRATION\02_AUTHENTIC_EDGE_PERTURBATIONS\AUTHENTIC_V12_PERTURBATION_SUMMARY.csv","C:\RSOS\RSOS_CANONICAL_EXPERIMENT_CHAIN\90_RUN_RECORDS\RUN-010__F2_BR0_Full_Fingerprint_Recovery\05_OUTPUTS\SOURCE\Training data\F2_BR0_FULL_FINGERPRINT_RECOVERY\01_CANONICAL_INPUTS\F1_DEV_R4_V12_GRAPH_CALIBRATION\02_AUTHENTIC_EDGE_PERTURBATIONS\AUTHENTIC_V12_PERTURBATION_SUMMARY.csv","177","284",".csv","True","False"
"RUN-010","[WinError 206] Имя файла или его расширение имеет слишком большую длину: 'C:\\RSOS\\RSOS_CANONICAL_EXPERIMENT_CHAIN\\90_RUN_RECORDS\\RUN-010__F2_BR0_Full_Fingerprint_Recovery\\06_DIAGNOSTIC\\SOURCE\\Training data\\F2_BR0_FULL_FINGERPRINT_RECOVERY\\01_CANONICAL_INPUTS\\F1_DEV_R4_V12_GRAPH_CALIBRATION\\03_CROSS_TOPOLOGY_GENERALIZATION'","C:\RSOS\Training data\F2_BR0_FULL_FINGERPRINT_RECOVERY\01_CANONICAL_INPUTS\F1_DEV_R4_V12_GRAPH_CALIBRATION\03_CROSS_TOPOLOGY_GENERALIZATION\CROSS_TOPOLOGY_GENERALIZATION_RESULT.csv","C:\RSOS\RSOS_CANONICAL_EXPERIMENT_CHAIN\90_RUN_RECORDS\RUN-010__F2_BR0_Full_Fingerprint_Recovery\06_DIAGNOSTIC\SOURCE\Training data\F2_BR0_FULL_FINGERPRINT_RECOVERY\01_CANONICAL_INPUTS\F1_DEV_R4_V12_GRAPH_CALIBRATION\03_CROSS_TOPOLOGY_GENERALIZATION\CROSS_TOPOLOGY_GENERALIZATION_RESULT.csv","180","290",".csv","True","False"
"RUN-010","[Errno 2] No such file or directory: 'C:\\RSOS\\RSOS_CANONICAL_EXPERIMENT_CHAIN\\90_RUN_RECORDS\\RUN-010__F2_BR0_Full_Fingerprint_Recovery\\08_PACKAGE\\SOURCE\\Training data\\F2_BR0_FULL_FINGERPRINT_RECOVERY\\01_CANONICAL_INPUTS\\F1_DEV_R4_V12_GRAPH_CALIBRATION\\F1_DEV_R4_V12_GRAPH_CALIBRATION_COMPLETE.zip.phase8g.partial'","C:\RSOS\Training data\F2_BR0_FULL_FINGERPRINT_RECOVERY\01_CANONICAL_INPUTS\F1_DEV_R4_V12_GRAPH_CALIBRATION\F1_DEV_R4_V12_GRAPH_CALIBRATION_COMPLETE.zip","C:\RSOS\RSOS_CANONICAL_EXPERIMENT_CHAIN\90_RUN_RECORDS\RUN-010__F2_BR0_Full_Fingerprint_Recovery\08_PACKAGE\SOURCE\Training data\F2_BR0_FULL_FINGERPRINT_RECOVERY\01_CANONICAL_INPUTS\F1_DEV_R4_V12_GRAPH_CALIBRATION\F1_DEV_R4_V12_GRAPH_CALIBRATION_COMPLETE.zip","151","258",".zip","True","False"
"RUN-010","[Errno 2] No such file or directory: 'C:\\RSOS\\RSOS_CANONICAL_EXPERIMENT_CHAIN\\90_RUN_RECORDS\\RUN-010__F2_BR0_Full_Fingerprint_Recovery\\03_RUNNER\\SOURCE\\Training data\\F2_BR0_FULL_FINGERPRINT_RECOVERY\\01_CANONICAL_INPUTS\\F1_DEV_R4_V12_GRAPH_CALIBRATION\\RUN_F1_DEV_R4_V12_GRAPH_CALIBRATION.ps1.phase8g.partial'","C:\RSOS\Training data\F2_BR0_FULL_FINGERPRINT_RECOVERY\01_CANONICAL_INPUTS\F1_DEV_R4_V12_GRAPH_CALIBRATION\RUN_F1_DEV_R4_V12_GRAPH_CALIBRATION.ps1","C:\RSOS\RSOS_CANONICAL_EXPERIMENT_CHAIN\90_RUN_RECORDS\RUN-010__F2_BR0_Full_Fingerprint_Recovery\03_RUNNER\SOURCE\Training data\F2_BR0_FULL_FINGERPRINT_RECOVERY\01_CANONICAL_INPUTS\F1_DEV_R4_V12_GRAPH_CALIBRATION\RUN_F1_DEV_R4_V12_GRAPH_CALIBRATION.ps1","146","252",".ps1","True","False"
"RUN-010","[Errno 2] No such file or directory: 'C:\\RSOS\\RSOS_CANONICAL_EXPERIMENT_CHAIN\\90_RUN_RECORDS\\RUN-010__F2_BR0_Full_Fingerprint_Recovery\\03_RUNNER\\SOURCE\\Training data\\F2_BR0_FULL_FINGERPRINT_RECOVERY\\01_CANONICAL_INPUTS\\F1_DEV_R4_V12_GRAPH_CALIBRATION\\RUN_F1_DEV_R4_V12_GRAPH_CALIBRATION.py.phase8g.partial'","C:\RSOS\Training data\F2_BR0_FULL_FINGERPRINT_RECOVERY\01_CANONICAL_INPUTS\F1_DEV_R4_V12_GRAPH_CALIBRATION\RUN_F1_DEV_R4_V12_GRAPH_CALIBRATION.py","C:\RSOS\RSOS_CANONICAL_EXPERIMENT_CHAIN\90_RUN_RECORDS\RUN-010__F2_BR0_Full_Fingerprint_Recovery\03_RUNNER\SOURCE\Training data\F2_BR0_FULL_FINGERPRINT_RECOVERY\01_CANONICAL_INPUTS\F1_DEV_R4_V12_GRAPH_CALIBRATION\RUN_F1_DEV_R4_V12_GRAPH_CALIBRATION.py","145","251",".py","True","False"
"RUN-010","[Errno 2] No such file or directory: 'C:\\RSOS\\RSOS_CANONICAL_EXPERIMENT_CHAIN\\90_RUN_RECORDS\\RUN-010__F2_BR0_Full_Fingerprint_Recovery\\09_FREEZE\\SOURCE\\Training data\\F2_BR0_FULL_FINGERPRINT_RECOVERY\\01_CANONICAL_INPUTS\\F1_DEV_R5_V12_SPECIFICITY_OPERATOR\\00_MANIFEST\\AUTHENTIC_V12_FROZEN_SIGNATURE.csv.phase8g.partial'","C:\RSOS\Training data\F2_BR0_FULL_FINGERPRINT_RECOVERY\01_CANONICAL_INPUTS\F1_DEV_R5_V12_SPECIFICITY_OPERATOR\00_MANIFEST\AUTHENTIC_V12_FROZEN_SIGNATURE.csv","C:\RSOS\RSOS_CANONICAL_EXPERIMENT_CHAIN\90_RUN_RECORDS\RUN-010__F2_BR0_Full_Fingerprint_Recovery\09_FREEZE\SOURCE\Training data\F2_BR0_FULL_FINGERPRINT_RECOVERY\01_CANONICAL_INPUTS\F1_DEV_R5_V12_SPECIFICITY_OPERATOR\00_MANIFEST\AUTHENTIC_V12_FROZEN_SIGNATURE.csv","156","262",".csv","True","False"
"RUN-010","[Errno 2] No such file or directory: 'C:\\RSOS\\RSOS_CANONICAL_EXPERIMENT_CHAIN\\90_RUN_RECORDS\\RUN-010__F2_BR0_Full_Fingerprint_Recovery\\09_FREEZE\\SOURCE\\Training data\\F2_BR0_FULL_FINGERPRINT_RECOVERY\\01_CANONICAL_INPUTS\\F1_DEV_R5_V12_SPECIFICITY_OPERATOR\\00_MANIFEST\\FINAL_ZIP_SHA256.txt.phase8g.partial'","C:\RSOS\Training data\F2_BR0_FULL_FINGERPRINT_RECOVERY\01_CANONICAL_INPUTS\F1_DEV_R5_V12_SPECIFICITY_OPERATOR\00_MANIFEST\FINAL_ZIP_SHA256.txt","C:\RSOS\RSOS_CANONICAL_EXPERIMENT_CHAIN\90_RUN_RECORDS\RUN-010__F2_BR0_Full_Fingerprint_Recovery\09_FREEZE\SOURCE\Training data\F2_BR0_FULL_FINGERPRINT_RECOVERY\01_CANONICAL_INPUTS\F1_DEV_R5_V12_SPECIFICITY_OPERATOR\00_MANIFEST\FINAL_ZIP_SHA256.txt","142","248",".txt","True","False"
"RUN-010","[Errno 2] No such file or directory: 'C:\\RSOS\\RSOS_CANONICAL_EXPERIMENT_CHAIN\\90_RUN_RECORDS\\RUN-010__F2_BR0_Full_Fingerprint_Recovery\\09_FREEZE\\SOURCE\\Training data\\F2_BR0_FULL_FINGERPRINT_RECOVERY\\01_CANONICAL_INPUTS\\F1_DEV_R5_V12_SPECIFICITY_OPERATOR\\00_MANIFEST\\OUTPUT_SHA256_MANIFEST.csv.phase8g.partial'","C:\RSOS\Training data\F2_BR0_FULL_FINGERPRINT_RECOVERY\01_CANONICAL_INPUTS\F1_DEV_R5_V12_SPECIFICITY_OPERATOR\00_MANIFEST\OUTPUT_SHA256_MANIFEST.csv","C:\RSOS\RSOS_CANONICAL_EXPERIMENT_CHAIN\90_RUN_RECORDS\RUN-010__F2_BR0_Full_Fingerprint_Recovery\09_FREEZE\SOURCE\Training data\F2_BR0_FULL_FINGERPRINT_RECOVERY\01_CANONICAL_INPUTS\F1_DEV_R5_V12_SPECIFICITY_OPERATOR\00_MANIFEST\OUTPUT_SHA256_MANIFEST.csv","148","254",".csv","True","False"
"RUN-010","[Errno 2] No such file or directory: 'C:\\RSOS\\RSOS_CANONICAL_EXPERIMENT_CHAIN\\90_RUN_RECORDS\\RUN-010__F2_BR0_Full_Fingerprint_Recovery\\09_FREEZE\\SOURCE\\Training data\\F2_BR0_FULL_FINGERPRINT_RECOVERY\\01_CANONICAL_INPUTS\\F1_DEV_R5_V12_SPECIFICITY_OPERATOR\\00_MANIFEST\\POWERSHELL_RUNNER_SHA256.txt.phase8g.partial'","C:\RSOS\Training data\F2_BR0_FULL_FINGERPRINT_RECOVERY\01_CANONICAL_INPUTS\F1_DEV_R5_V12_SPECIFICITY_OPERATOR\00_MANIFEST\POWERSHELL_RUNNER_SHA256.txt","C:\RSOS\RSOS_CANONICAL_EXPERIMENT_CHAIN\90_RUN_RECORDS\RUN-010__F2_BR0_Full_Fingerprint_Recovery\09_FREEZE\SOURCE\Training data\F2_BR0_FULL_FINGERPRINT_RECOVERY\01_CANONICAL_INPUTS\F1_DEV_R5_V12_SPECIFICITY_OPERATOR\00_MANIFEST\POWERSHELL_RUNNER_SHA256.txt","150","256",".txt","True","False"
"RUN-010","[Errno 2] No such file or directory: 'C:\\RSOS\\RSOS_CANONICAL_EXPERIMENT_CHAIN\\90_RUN_RECORDS\\RUN-010__F2_BR0_Full_Fingerprint_Recovery\\09_FREEZE\\SOURCE\\Training data\\F2_BR0_FULL_FINGERPRINT_RECOVERY\\01_CANONICAL_INPUTS\\F1_DEV_R5_V12_SPECIFICITY_OPERATOR\\00_MANIFEST\\PYTHON_RUNNER_SHA256.txt.phase8g.partial'","C:\RSOS\Training data\F2_BR0_FULL_FINGERPRINT_RECOVERY\01_CANONICAL_INPUTS\F1_DEV_R5_V12_SPECIFICITY_OPERATOR\00_MANIFEST\PYTHON_RUNNER_SHA256.txt","C:\RSOS\RSOS_CANONICAL_EXPERIMENT_CHAIN\90_RUN_RECORDS\RUN-010__F2_BR0_Full_Fingerprint_Recovery\09_FREEZE\SOURCE\Training data\F2_BR0_FULL_FINGERPRINT_RECOVERY\01_CANONICAL_INPUTS\F1_DEV_R5_V12_SPECIFICITY_OPERATOR\00_MANIFEST\PYTHON_RUNNER_SHA256.txt","146","252",".txt","True","False"
"RUN-010","[Errno 2] No such file or directory: 'C:\\RSOS\\RSOS_CANONICAL_EXPERIMENT_CHAIN\\90_RUN_RECORDS\\RUN-010__F2_BR0_Full_Fingerprint_Recovery\\05_OUTPUTS\\SOURCE\\Training data\\F2_BR0_FULL_FINGERPRINT_RECOVERY\\01_CANONICAL_INPUTS\\F1_DEV_R5_V12_SPECIFICITY_OPERATOR\\00_MANIFEST\\R5_SUMMARY.json.phase8g.partial'","C:\RSOS\Training data\F2_BR0_FULL_FINGERPRINT_RECOVERY\01_CANONICAL_INPUTS\F1_DEV_R5_V12_SPECIFICITY_OPERATOR\00_MANIFEST\R5_SUMMARY.json","C:\RSOS\RSOS_CANONICAL_EXPERIMENT_CHAIN\90_RUN_RECORDS\RUN-010__F2_BR0_Full_Fingerprint_Recovery\05_OUTPUTS\SOURCE\Training data\F2_BR0_FULL_FINGERPRINT_RECOVERY\01_CANONICAL_INPUTS\F1_DEV_R5_V12_SPECIFICITY_OPERATOR\00_MANIFEST\R5_SUMMARY.json","137","244",".json","True","False"
"RUN-010","[Errno 2] No such file or directory: 'C:\\RSOS\\RSOS_CANONICAL_EXPERIMENT_CHAIN\\90_RUN_RECORDS\\RUN-010__F2_BR0_Full_Fingerprint_Recovery\\05_OUTPUTS\\SOURCE\\Training data\\F2_BR0_FULL_FINGERPRINT_RECOVERY\\01_CANONICAL_INPUTS\\F1_DEV_R5_V12_SPECIFICITY_OPERATOR\\01_GRAPH_SPECIFICITY\\GRAPH_SPECIFICITY_SUMMARY.csv.phase8g.partial'","C:\RSOS\Training data\F2_BR0_FULL_FINGERPRINT_RECOVERY\01_CANONICAL_INPUTS\F1_DEV_R5_V12_SPECIFICITY_OPERATOR\01_GRAPH_SPECIFICITY\GRAPH_SPECIFICITY_SUMMARY.csv","C:\RSOS\RSOS_CANONICAL_EXPERIMENT_CHAIN\90_RUN_RECORDS\RUN-010__F2_BR0_Full_Fingerprint_Recovery\05_OUTPUTS\SOURCE\Training data\F2_BR0_FULL_FINGERPRINT_RECOVERY\01_CANONICAL_INPUTS\F1_DEV_R5_V12_SPECIFICITY_OPERATOR\01_GRAPH_SPECIFICITY\GRAPH_SPECIFICITY_SUMMARY.csv","160","267",".csv","True","False"
"RUN-010","[Errno 2] No such file or directory: 'C:\\RSOS\\RSOS_CANONICAL_EXPERIMENT_CHAIN\\90_RUN_RECORDS\\RUN-010__F2_BR0_Full_Fingerprint_Recovery\\05_OUTPUTS\\SOURCE\\Training data\\F2_BR0_FULL_FINGERPRINT_RECOVERY\\01_CANONICAL_INPUTS\\F1_DEV_R5_V12_SPECIFICITY_OPERATOR\\02_OPERATOR_SPECIFICITY\\OPERATOR_SPECIFICITY_SUMMARY.csv.phase8g.partial'","C:\RSOS\Training data\F2_BR0_FULL_FINGERPRINT_RECOVERY\01_CANONICAL_INPUTS\F1_DEV_R5_V12_SPECIFICITY_OPERATOR\02_OPERATOR_SPECIFICITY\OPERATOR_SPECIFICITY_SUMMARY.csv","C:\RSOS\RSOS_CANONICAL_EXPERIMENT_CHAIN\90_RUN_RECORDS\RUN-010__F2_BR0_Full_Fingerprint_Recovery\05_OUTPUTS\SOURCE\Training data\F2_BR0_FULL_FINGERPRINT_RECOVERY\01_CANONICAL_INPUTS\F1_DEV_R5_V12_SPECIFICITY_OPERATOR\02_OPERATOR_SPECIFICITY\OPERATOR_SPECIFICITY_SUMMARY.csv","166","273",".csv","True","False"
"RUN-010","[Errno 2] No such file or directory: 'C:\\RSOS\\RSOS_CANONICAL_EXPERIMENT_CHAIN\\90_RUN_RECORDS\\RUN-010__F2_BR0_Full_Fingerprint_Recovery\\05_OUTPUTS\\SOURCE\\Training data\\F2_BR0_FULL_FINGERPRINT_RECOVERY\\01_CANONICAL_INPUTS\\F1_DEV_R5_V12_SPECIFICITY_OPERATOR\\03_COMBINED_COLLISION\\COMBINED_SPECIFICITY_SUMMARY.csv.phase8g.partial'","C:\RSOS\Training data\F2_BR0_FULL_FINGERPRINT_RECOVERY\01_CANONICAL_INPUTS\F1_DEV_R5_V12_SPECIFICITY_OPERATOR\03_COMBINED_COLLISION\COMBINED_SPECIFICITY_SUMMARY.csv","C:\RSOS\RSOS_CANONICAL_EXPERIMENT_CHAIN\90_RUN_RECORDS\RUN-010__F2_BR0_Full_Fingerprint_Recovery\05_OUTPUTS\SOURCE\Training data\F2_BR0_FULL_FINGERPRINT_RECOVERY\01_CANONICAL_INPUTS\F1_DEV_R5_V12_SPECIFICITY_OPERATOR\03_COMBINED_COLLISION\COMBINED_SPECIFICITY_SUMMARY.csv","164","271",".csv","True","False"
"RUN-010","[Errno 2] No such file or directory: 'C:\\RSOS\\RSOS_CANONICAL_EXPERIMENT_CHAIN\\90_RUN_RECORDS\\RUN-010__F2_BR0_Full_Fingerprint_Recovery\\08_PACKAGE\\SOURCE\\Training data\\F2_BR0_FULL_FINGERPRINT_RECOVERY\\01_CANONICAL_INPUTS\\F1_DEV_R5_V12_SPECIFICITY_OPERATOR\\F1_DEV_R5_V12_SPECIFICITY_OPERATOR_COMPLETE.zip.phase8g.partial'","C:\RSOS\Training data\F2_BR0_FULL_FINGERPRINT_RECOVERY\01_CANONICAL_INPUTS\F1_DEV_R5_V12_SPECIFICITY_OPERATOR\F1_DEV_R5_V12_SPECIFICITY_OPERATOR_COMPLETE.zip","C:\RSOS\RSOS_CANONICAL_EXPERIMENT_CHAIN\90_RUN_RECORDS\RUN-010__F2_BR0_Full_Fingerprint_Recovery\08_PACKAGE\SOURCE\Training data\F2_BR0_FULL_FINGERPRINT_RECOVERY\01_CANONICAL_INPUTS\F1_DEV_R5_V12_SPECIFICITY_OPERATOR\F1_DEV_R5_V12_SPECIFICITY_OPERATOR_COMPLETE.zip","157","264",".zip","True","False"
"RUN-010","[Errno 2] No such file or directory: 'C:\\RSOS\\RSOS_CANONICAL_EXPERIMENT_CHAIN\\90_RUN_RECORDS\\RUN-010__F2_BR0_Full_Fingerprint_Recovery\\03_RUNNER\\SOURCE\\Training data\\F2_BR0_FULL_FINGERPRINT_RECOVERY\\01_CANONICAL_INPUTS\\F1_DEV_R5_V12_SPECIFICITY_OPERATOR\\RUN_F1_DEV_R5_V12_SPECIFICITY_OPERATOR.ps1.phase8g.partial'","C:\RSOS\Training data\F2_BR0_FULL_FINGERPRINT_RECOVERY\01_CANONICAL_INPUTS\F1_DEV_R5_V12_SPECIFICITY_OPERATOR\RUN_F1_DEV_R5_V12_SPECIFICITY_OPERATOR.ps1","C:\RSOS\RSOS_CANONICAL_EXPERIMENT_CHAIN\90_RUN_RECORDS\RUN-010__F2_BR0_Full_Fingerprint_Recovery\03_RUNNER\SOURCE\Training data\F2_BR0_FULL_FINGERPRINT_RECOVERY\01_CANONICAL_INPUTS\F1_DEV_R5_V12_SPECIFICITY_OPERATOR\RUN_F1_DEV_R5_V12_SPECIFICITY_OPERATOR.ps1","152","258",".ps1","True","False"
"RUN-010","[Errno 2] No such file or directory: 'C:\\RSOS\\RSOS_CANONICAL_EXPERIMENT_CHAIN\\90_RUN_RECORDS\\RUN-010__F2_BR0_Full_Fingerprint_Recovery\\03_RUNNER\\SOURCE\\Training data\\F2_BR0_FULL_FINGERPRINT_RECOVERY\\01_CANONICAL_INPUTS\\F1_DEV_R5_V12_SPECIFICITY_OPERATOR\\RUN_F1_DEV_R5_V12_SPECIFICITY_OPERATOR.py.phase8g.partial'","C:\RSOS\Training data\F2_BR0_FULL_FINGERPRINT_RECOVERY\01_CANONICAL_INPUTS\F1_DEV_R5_V12_SPECIFICITY_OPERATOR\RUN_F1_DEV_R5_V12_SPECIFICITY_OPERATOR.py","C:\RSOS\RSOS_CANONICAL_EXPERIMENT_CHAIN\90_RUN_RECORDS\RUN-010__F2_BR0_Full_Fingerprint_Recovery\03_RUNNER\SOURCE\Training data\F2_BR0_FULL_FINGERPRINT_RECOVERY\01_CANONICAL_INPUTS\F1_DEV_R5_V12_SPECIFICITY_OPERATOR\RUN_F1_DEV_R5_V12_SPECIFICITY_OPERATOR.py","151","257",".py","True","False"
"RUN-010","[Errno 2] No such file or directory: 'C:\\RSOS\\RSOS_CANONICAL_EXPERIMENT_CHAIN\\90_RUN_RECORDS\\RUN-010__F2_BR0_Full_Fingerprint_Recovery\\03_RUNNER\\SOURCE\\Training data\\F2_BR0_FULL_FINGERPRINT_RECOVERY\\01_CANONICAL_INPUTS\\V11_OPENAI_RELATIONAL_GRAPH_FINGERPRINT_FINAL\\00_FROZEN_RUNNER.py.phase8g.partial'","C:\RSOS\Training data\F2_BR0_FULL_FINGERPRINT_RECOVERY\01_CANONICAL_INPUTS\V11_OPENAI_RELATIONAL_GRAPH_FINGERPRINT_FINAL\00_FROZEN_RUNNER.py","C:\RSOS\RSOS_CANONICAL_EXPERIMENT_CHAIN\90_RUN_RECORDS\RUN-010__F2_BR0_Full_Fingerprint_Recovery\03_RUNNER\SOURCE\Training data\F2_BR0_FULL_FINGERPRINT_RECOVERY\01_CANONICAL_INPUTS\V11_OPENAI_RELATIONAL_GRAPH_FINGERPRINT_FINAL\00_FROZEN_RUNNER.py","140","246",".py","True","False"
"RUN-010","[Errno 2] No such file or directory: 'C:\\RSOS\\RSOS_CANONICAL_EXPERIMENT_CHAIN\\90_RUN_RECORDS\\RUN-010__F2_BR0_Full_Fingerprint_Recovery\\09_FREEZE\\SOURCE\\Training data\\F2_BR0_FULL_FINGERPRINT_RECOVERY\\01_CANONICAL_INPUTS\\V11_OPENAI_RELATIONAL_GRAPH_FINGERPRINT_FINAL\\00_RUNNER_SHA256.txt.phase8g.partial'","C:\RSOS\Training data\F2_BR0_FULL_FINGERPRINT_RECOVERY\01_CANONICAL_INPUTS\V11_OPENAI_RELATIONAL_GRAPH_FINGERPRINT_FINAL\00_RUNNER_SHA256.txt","C:\RSOS\RSOS_CANONICAL_EXPERIMENT_CHAIN\90_RUN_RECORDS\RUN-010__F2_BR0_Full_Fingerprint_Recovery\09_FREEZE\SOURCE\Training data\F2_BR0_FULL_FINGERPRINT_RECOVERY\01_CANONICAL_INPUTS\V11_OPENAI_RELATIONAL_GRAPH_FINGERPRINT_FINAL\00_RUNNER_SHA256.txt","141","247",".txt","True","False"
"RUN-010","[Errno 2] No such file or directory: 'C:\\RSOS\\RSOS_CANONICAL_EXPERIMENT_CHAIN\\90_RUN_RECORDS\\RUN-010__F2_BR0_Full_Fingerprint_Recovery\\09_FREEZE\\SOURCE\\Training data\\F2_BR0_FULL_FINGERPRINT_RECOVERY\\01_CANONICAL_INPUTS\\V11_OPENAI_RELATIONAL_GRAPH_FINGERPRINT_FINAL\\00A_VALID_TEXT_COMPLETENESS.json.phase8g.partial'","C:\RSOS\Training data\F2_BR0_FULL_FINGERPRINT_RECOVERY\01_CANONICAL_INPUTS\V11_OPENAI_RELATIONAL_GRAPH_FINGERPRINT_FINAL\00A_VALID_TEXT_COMPLETENESS.json","C:\RSOS\RSOS_CANONICAL_EXPERIMENT_CHAIN\90_RUN_RECORDS\RUN-010__F2_BR0_Full_Fingerprint_Recovery\09_FREEZE\SOURCE\Training data\F2_BR0_FULL_FINGERPRINT_RECOVERY\01_CANONICAL_INPUTS\V11_OPENAI_RELATIONAL_GRAPH_FINGERPRINT_FINAL\00A_VALID_TEXT_COMPLETENESS.json","153","259",".json","True","False"
"RUN-010","[Errno 2] No such file or directory: 'C:\\RSOS\\RSOS_CANONICAL_EXPERIMENT_CHAIN\\90_RUN_RECORDS\\RUN-010__F2_BR0_Full_Fingerprint_Recovery\\09_FREEZE\\SOURCE\\Training data\\F2_BR0_FULL_FINGERPRINT_RECOVERY\\01_CANONICAL_INPUTS\\V11_OPENAI_RELATIONAL_GRAPH_FINGERPRINT_FINAL\\03_FROZEN_SPECIFICATION.json.phase8g.partial'","C:\RSOS\Training data\F2_BR0_FULL_FINGERPRINT_RECOVERY\01_CANONICAL_INPUTS\V11_OPENAI_RELATIONAL_GRAPH_FINGERPRINT_FINAL\03_FROZEN_SPECIFICATION.json","C:\RSOS\RSOS_CANONICAL_EXPERIMENT_CHAIN\90_RUN_RECORDS\RUN-010__F2_BR0_Full_Fingerprint_Recovery\09_FREEZE\SOURCE\Training data\F2_BR0_FULL_FINGERPRINT_RECOVERY\01_CANONICAL_INPUTS\V11_OPENAI_RELATIONAL_GRAPH_FINGERPRINT_FINAL\03_FROZEN_SPECIFICATION.json","149","255",".json","True","False"
"RUN-010","[Errno 2] No such file or directory: 'C:\\RSOS\\RSOS_CANONICAL_EXPERIMENT_CHAIN\\90_RUN_RECORDS\\RUN-010__F2_BR0_Full_Fingerprint_Recovery\\09_FREEZE\\SOURCE\\Training data\\F2_BR0_FULL_FINGERPRINT_RECOVERY\\01_CANONICAL_INPUTS\\V11_OPENAI_RELATIONAL_GRAPH_FINGERPRINT_FINAL\\04_FROZEN_SPECIFICATION_SHA256.txt.phase8g.partial'","C:\RSOS\Training data\F2_BR0_FULL_FINGERPRINT_RECOVERY\01_CANONICAL_INPUTS\V11_OPENAI_RELATIONAL_GRAPH_FINGERPRINT_FINAL\04_FROZEN_SPECIFICATION_SHA256.txt","C:\RSOS\RSOS_CANONICAL_EXPERIMENT_CHAIN\90_RUN_RECORDS\RUN-010__F2_BR0_Full_Fingerprint_Recovery\09_FREEZE\SOURCE\Training data\F2_BR0_FULL_FINGERPRINT_RECOVERY\01_CANONICAL_INPUTS\V11_OPENAI_RELATIONAL_GRAPH_FINGERPRINT_FINAL\04_FROZEN_SPECIFICATION_SHA256.txt","155","261",".txt","True","False"
"RUN-010","[Errno 2] No such file or directory: 'C:\\RSOS\\RSOS_CANONICAL_EXPERIMENT_CHAIN\\90_RUN_RECORDS\\RUN-010__F2_BR0_Full_Fingerprint_Recovery\\09_FREEZE\\SOURCE\\Training data\\F2_BR0_FULL_FINGERPRINT_RECOVERY\\01_CANONICAL_INPUTS\\V11_OPENAI_RELATIONAL_GRAPH_FINGERPRINT_FINAL\\05_FROZEN_PROMPTS.csv.phase8g.partial'","C:\RSOS\Training data\F2_BR0_FULL_FINGERPRINT_RECOVERY\01_CANONICAL_INPUTS\V11_OPENAI_RELATIONAL_GRAPH_FINGERPRINT_FINAL\05_FROZEN_PROMPTS.csv","C:\RSOS\RSOS_CANONICAL_EXPERIMENT_CHAIN\90_RUN_RECORDS\RUN-010__F2_BR0_Full_Fingerprint_Recovery\09_FREEZE\SOURCE\Training data\F2_BR0_FULL_FINGERPRINT_RECOVERY\01_CANONICAL_INPUTS\V11_OPENAI_RELATIONAL_GRAPH_FINGERPRINT_FINAL\05_FROZEN_PROMPTS.csv","142","248",".csv","True","False"
"RUN-010","[Errno 2] No such file or directory: 'C:\\RSOS\\RSOS_CANONICAL_EXPERIMENT_CHAIN\\90_RUN_RECORDS\\RUN-010__F2_BR0_Full_Fingerprint_Recovery\\05_OUTPUTS\\SOURCE\\Training data\\F2_BR0_FULL_FINGERPRINT_RECOVERY\\01_CANONICAL_INPUTS\\V11_OPENAI_RELATIONAL_GRAPH_FINGERPRINT_FINAL\\06_RESPONSE_GRAPH_FEATURES.csv.phase8g.partial'","C:\RSOS\Training data\F2_BR0_FULL_FINGERPRINT_RECOVERY\01_CANONICAL_INPUTS\V11_OPENAI_RELATIONAL_GRAPH_FINGERPRINT_FINAL\06_RESPONSE_GRAPH_FEATURES.csv","C:\RSOS\RSOS_CANONICAL_EXPERIMENT_CHAIN\90_RUN_RECORDS\RUN-010__F2_BR0_Full_Fingerprint_Recovery\05_OUTPUTS\SOURCE\Training data\F2_BR0_FULL_FINGERPRINT_RECOVERY\01_CANONICAL_INPUTS\V11_OPENAI_RELATIONAL_GRAPH_FINGERPRINT_FINAL\06_RESPONSE_GRAPH_FEATURES.csv","151","258",".csv","True","False"
"RUN-010","[Errno 2] No such file or directory: 'C:\\RSOS\\RSOS_CANONICAL_EXPERIMENT_CHAIN\\90_RUN_RECORDS\\RUN-010__F2_BR0_Full_Fingerprint_Recovery\\05_OUTPUTS\\SOURCE\\Training data\\F2_BR0_FULL_FINGERPRINT_RECOVERY\\01_CANONICAL_INPUTS\\V11_OPENAI_RELATIONAL_GRAPH_FINGERPRINT_FINAL\\07_SEED_LEVEL_GRAPH_VECTOR.csv.phase8g.partial'","C:\RSOS\Training data\F2_BR0_FULL_FINGERPRINT_RECOVERY\01_CANONICAL_INPUTS\V11_OPENAI_RELATIONAL_GRAPH_FINGERPRINT_FINAL\07_SEED_LEVEL_GRAPH_VECTOR.csv","C:\RSOS\RSOS_CANONICAL_EXPERIMENT_CHAIN\90_RUN_RECORDS\RUN-010__F2_BR0_Full_Fingerprint_Recovery\05_OUTPUTS\SOURCE\Training data\F2_BR0_FULL_FINGERPRINT_RECOVERY\01_CANONICAL_INPUTS\V11_OPENAI_RELATIONAL_GRAPH_FINGERPRINT_FINAL\07_SEED_LEVEL_GRAPH_VECTOR.csv","151","258",".csv","True","False"
"RUN-010","[Errno 2] No such file or directory: 'C:\\RSOS\\RSOS_CANONICAL_EXPERIMENT_CHAIN\\90_RUN_RECORDS\\RUN-010__F2_BR0_Full_Fingerprint_Recovery\\05_OUTPUTS\\SOURCE\\Training data\\F2_BR0_FULL_FINGERPRINT_RECOVERY\\01_CANONICAL_INPUTS\\V11_OPENAI_RELATIONAL_GRAPH_FINGERPRINT_FINAL\\08_CONDITION_RESULTS.csv.phase8g.partial'","C:\RSOS\Training data\F2_BR0_FULL_FINGERPRINT_RECOVERY\01_CANONICAL_INPUTS\V11_OPENAI_RELATIONAL_GRAPH_FINGERPRINT_FINAL\08_CONDITION_RESULTS.csv","C:\RSOS\RSOS_CANONICAL_EXPERIMENT_CHAIN\90_RUN_RECORDS\RUN-010__F2_BR0_Full_Fingerprint_Recovery\05_OUTPUTS\SOURCE\Training data\F2_BR0_FULL_FINGERPRINT_RECOVERY\01_CANONICAL_INPUTS\V11_OPENAI_RELATIONAL_GRAPH_FINGERPRINT_FINAL\08_CONDITION_RESULTS.csv","145","252",".csv","True","False"
"RUN-010","[Errno 2] No such file or directory: 'C:\\RSOS\\RSOS_CANONICAL_EXPERIMENT_CHAIN\\90_RUN_RECORDS\\RUN-010__F2_BR0_Full_Fingerprint_Recovery\\05_OUTPUTS\\SOURCE\\Training data\\F2_BR0_FULL_FINGERPRINT_RECOVERY\\01_CANONICAL_INPUTS\\V12_RELATIONAL_TOPOLOGY_CAUSAL_MAP_CLEAN\\00D_PREFLIGHT_SUMMARY.json.phase8g.partial'","C:\RSOS\Training data\F2_BR0_FULL_FINGERPRINT_RECOVERY\01_CANONICAL_INPUTS\V12_RELATIONAL_TOPOLOGY_CAUSAL_MAP_CLEAN\00D_PREFLIGHT_SUMMARY.json","C:\RSOS\RSOS_CANONICAL_EXPERIMENT_CHAIN\90_RUN_RECORDS\RUN-010__F2_BR0_Full_Fingerprint_Recovery\05_OUTPUTS\SOURCE\Training data\F2_BR0_FULL_FINGERPRINT_RECOVERY\01_CANONICAL_INPUTS\V12_RELATIONAL_TOPOLOGY_CAUSAL_MAP_CLEAN\00D_PREFLIGHT_SUMMARY.json","142","249",".json","True","False"
"RUN-010","[Errno 2] No such file or directory: 'C:\\RSOS\\RSOS_CANONICAL_EXPERIMENT_CHAIN\\90_RUN_RECORDS\\RUN-010__F2_BR0_Full_Fingerprint_Recovery\\09_FREEZE\\SOURCE\\Training data\\F2_BR0_FULL_FINGERPRINT_RECOVERY\\01_CANONICAL_INPUTS\\V12_RELATIONAL_TOPOLOGY_CAUSAL_MAP_CLEAN\\03_FROZEN_SPECIFICATION.json.phase8g.partial'","C:\RSOS\Training data\F2_BR0_FULL_FINGERPRINT_RECOVERY\01_CANONICAL_INPUTS\V12_RELATIONAL_TOPOLOGY_CAUSAL_MAP_CLEAN\03_FROZEN_SPECIFICATION.json","C:\RSOS\RSOS_CANONICAL_EXPERIMENT_CHAIN\90_RUN_RECORDS\RUN-010__F2_BR0_Full_Fingerprint_Recovery\09_FREEZE\SOURCE\Training data\F2_BR0_FULL_FINGERPRINT_RECOVERY\01_CANONICAL_INPUTS\V12_RELATIONAL_TOPOLOGY_CAUSAL_MAP_CLEAN\03_FROZEN_SPECIFICATION.json","144","250",".json","True","False"
"RUN-010","[Errno 2] No such file or directory: 'C:\\RSOS\\RSOS_CANONICAL_EXPERIMENT_CHAIN\\90_RUN_RECORDS\\RUN-010__F2_BR0_Full_Fingerprint_Recovery\\09_FREEZE\\SOURCE\\Training data\\F2_BR0_FULL_FINGERPRINT_RECOVERY\\01_CANONICAL_INPUTS\\V12_RELATIONAL_TOPOLOGY_CAUSAL_MAP_CLEAN\\04_FROZEN_SPECIFICATION_SHA256.txt.phase8g.partial'","C:\RSOS\Training data\F2_BR0_FULL_FINGERPRINT_RECOVERY\01_CANONICAL_INPUTS\V12_RELATIONAL_TOPOLOGY_CAUSAL_MAP_CLEAN\04_FROZEN_SPECIFICATION_SHA256.txt","C:\RSOS\RSOS_CANONICAL_EXPERIMENT_CHAIN\90_RUN_RECORDS\RUN-010__F2_BR0_Full_Fingerprint_Recovery\09_FREEZE\SOURCE\Training data\F2_BR0_FULL_FINGERPRINT_RECOVERY\01_CANONICAL_INPUTS\V12_RELATIONAL_TOPOLOGY_CAUSAL_MAP_CLEAN\04_FROZEN_SPECIFICATION_SHA256.txt","150","256",".txt","True","False"
"RUN-010","[Errno 2] No such file or directory: 'C:\\RSOS\\RSOS_CANONICAL_EXPERIMENT_CHAIN\\90_RUN_RECORDS\\RUN-010__F2_BR0_Full_Fingerprint_Recovery\\09_FREEZE\\SOURCE\\Training data\\F2_BR0_FULL_FINGERPRINT_RECOVERY\\01_CANONICAL_INPUTS\\V12_RELATIONAL_TOPOLOGY_CAUSAL_MAP_CLEAN\\26_NATIVE_FROZEN_PROMPTS.csv.phase8g.partial'","C:\RSOS\Training data\F2_BR0_FULL_FINGERPRINT_RECOVERY\01_CANONICAL_INPUTS\V12_RELATIONAL_TOPOLOGY_CAUSAL_MAP_CLEAN\26_NATIVE_FROZEN_PROMPTS.csv","C:\RSOS\RSOS_CANONICAL_EXPERIMENT_CHAIN\90_RUN_RECORDS\RUN-010__F2_BR0_Full_Fingerprint_Recovery\09_FREEZE\SOURCE\Training data\F2_BR0_FULL_FINGERPRINT_RECOVERY\01_CANONICAL_INPUTS\V12_RELATIONAL_TOPOLOGY_CAUSAL_MAP_CLEAN\26_NATIVE_FROZEN_PROMPTS.csv","144","250",".csv","True","False"
"RUN-010","[Errno 2] No such file or directory: 'C:\\RSOS\\RSOS_CANONICAL_EXPERIMENT_CHAIN\\90_RUN_RECORDS\\RUN-010__F2_BR0_Full_Fingerprint_Recovery\\03_RUNNER\\SOURCE\\Training data\\F2_BR0_FULL_FINGERPRINT_RECOVERY\\01_CANONICAL_INPUTS\\V6_CLEAN_FINGERPRINT_CONFIRMATORY_REPLICATION\\00_FROZEN_RUNNER.py.phase8g.partial'","C:\RSOS\Training data\F2_BR0_FULL_FINGERPRINT_RECOVERY\01_CANONICAL_INPUTS\V6_CLEAN_FINGERPRINT_CONFIRMATORY_REPLICATION\00_FROZEN_RUNNER.py","C:\RSOS\RSOS_CANONICAL_EXPERIMENT_CHAIN\90_RUN_RECORDS\RUN-010__F2_BR0_Full_Fingerprint_Recovery\03_RUNNER\SOURCE\Training data\F2_BR0_FULL_FINGERPRINT_RECOVERY\01_CANONICAL_INPUTS\V6_CLEAN_FINGERPRINT_CONFIRMATORY_REPLICATION\00_FROZEN_RUNNER.py","140","246",".py","True","False"
"RUN-010","[Errno 2] No such file or directory: 'C:\\RSOS\\RSOS_CANONICAL_EXPERIMENT_CHAIN\\90_RUN_RECORDS\\RUN-010__F2_BR0_Full_Fingerprint_Recovery\\09_FREEZE\\SOURCE\\Training data\\F2_BR0_FULL_FINGERPRINT_RECOVERY\\01_CANONICAL_INPUTS\\V6_CLEAN_FINGERPRINT_CONFIRMATORY_REPLICATION\\00_RUNNER_SHA256.txt.phase8g.partial'","C:\RSOS\Training data\F2_BR0_FULL_FINGERPRINT_RECOVERY\01_CANONICAL_INPUTS\V6_CLEAN_FINGERPRINT_CONFIRMATORY_REPLICATION\00_RUNNER_SHA256.txt","C:\RSOS\RSOS_CANONICAL_EXPERIMENT_CHAIN\90_RUN_RECORDS\RUN-010__F2_BR0_Full_Fingerprint_Recovery\09_FREEZE\SOURCE\Training data\F2_BR0_FULL_FINGERPRINT_RECOVERY\01_CANONICAL_INPUTS\V6_CLEAN_FINGERPRINT_CONFIRMATORY_REPLICATION\00_RUNNER_SHA256.txt","141","247",".txt","True","False"
"RUN-010","[Errno 2] No such file or directory: 'C:\\RSOS\\RSOS_CANONICAL_EXPERIMENT_CHAIN\\90_RUN_RECORDS\\RUN-010__F2_BR0_Full_Fingerprint_Recovery\\09_FREEZE\\SOURCE\\Training data\\F2_BR0_FULL_FINGERPRINT_RECOVERY\\01_CANONICAL_INPUTS\\V6_CLEAN_FINGERPRINT_CONFIRMATORY_REPLICATION\\00A_VALID_TEXT_COMPLETENESS.json.phase8g.partial'","C:\RSOS\Training data\F2_BR0_FULL_FINGERPRINT_RECOVERY\01_CANONICAL_INPUTS\V6_CLEAN_FINGERPRINT_CONFIRMATORY_REPLICATION\00A_VALID_TEXT_COMPLETENESS.json","C:\RSOS\RSOS_CANONICAL_EXPERIMENT_CHAIN\90_RUN_RECORDS\RUN-010__F2_BR0_Full_Fingerprint_Recovery\09_FREEZE\SOURCE\Training data\F2_BR0_FULL_FINGERPRINT_RECOVERY\01_CANONICAL_INPUTS\V6_CLEAN_FINGERPRINT_CONFIRMATORY_REPLICATION\00A_VALID_TEXT_COMPLETENESS.json","153","259",".json","True","False"
"RUN-010","[Errno 2] No such file or directory: 'C:\\RSOS\\RSOS_CANONICAL_EXPERIMENT_CHAIN\\90_RUN_RECORDS\\RUN-010__F2_BR0_Full_Fingerprint_Recovery\\09_FREEZE\\SOURCE\\Training data\\F2_BR0_FULL_FINGERPRINT_RECOVERY\\01_CANONICAL_INPUTS\\V6_CLEAN_FINGERPRINT_CONFIRMATORY_REPLICATION\\03_FROZEN_SPECIFICATION.json.phase8g.partial'","C:\RSOS\Training data\F2_BR0_FULL_FINGERPRINT_RECOVERY\01_CANONICAL_INPUTS\V6_CLEAN_FINGERPRINT_CONFIRMATORY_REPLICATION\03_FROZEN_SPECIFICATION.json","C:\RSOS\RSOS_CANONICAL_EXPERIMENT_CHAIN\90_RUN_RECORDS\RUN-010__F2_BR0_Full_Fingerprint_Recovery\09_FREEZE\SOURCE\Training data\F2_BR0_FULL_FINGERPRINT_RECOVERY\01_CANONICAL_INPUTS\V6_CLEAN_FINGERPRINT_CONFIRMATORY_REPLICATION\03_FROZEN_SPECIFICATION.json","149","255",".json","True","False"
"RUN-010","[Errno 2] No such file or directory: 'C:\\RSOS\\RSOS_CANONICAL_EXPERIMENT_CHAIN\\90_RUN_RECORDS\\RUN-010__F2_BR0_Full_Fingerprint_Recovery\\09_FREEZE\\SOURCE\\Training data\\F2_BR0_FULL_FINGERPRINT_RECOVERY\\01_CANONICAL_INPUTS\\V6_CLEAN_FINGERPRINT_CONFIRMATORY_REPLICATION\\04_FROZEN_SPECIFICATION_SHA256.txt.phase8g.partial'","C:\RSOS\Training data\F2_BR0_FULL_FINGERPRINT_RECOVERY\01_CANONICAL_INPUTS\V6_CLEAN_FINGERPRINT_CONFIRMATORY_REPLICATION\04_FROZEN_SPECIFICATION_SHA256.txt","C:\RSOS\RSOS_CANONICAL_EXPERIMENT_CHAIN\90_RUN_RECORDS\RUN-010__F2_BR0_Full_Fingerprint_Recovery\09_FREEZE\SOURCE\Training data\F2_BR0_FULL_FINGERPRINT_RECOVERY\01_CANONICAL_INPUTS\V6_CLEAN_FINGERPRINT_CONFIRMATORY_REPLICATION\04_FROZEN_SPECIFICATION_SHA256.txt","155","261",".txt","True","False"
"RUN-010","[Errno 2] No such file or directory: 'C:\\RSOS\\RSOS_CANONICAL_EXPERIMENT_CHAIN\\90_RUN_RECORDS\\RUN-010__F2_BR0_Full_Fingerprint_Recovery\\05_OUTPUTS\\SOURCE\\Training data\\F2_BR0_FULL_FINGERPRINT_RECOVERY\\01_CANONICAL_INPUTS\\V6_CLEAN_FINGERPRINT_CONFIRMATORY_REPLICATION\\06_RESPONSE_FEATURE_VECTOR.csv.phase8g.partial'","C:\RSOS\Training data\F2_BR0_FULL_FINGERPRINT_RECOVERY\01_CANONICAL_INPUTS\V6_CLEAN_FINGERPRINT_CONFIRMATORY_REPLICATION\06_RESPONSE_FEATURE_VECTOR.csv","C:\RSOS\RSOS_CANONICAL_EXPERIMENT_CHAIN\90_RUN_RECORDS\RUN-010__F2_BR0_Full_Fingerprint_Recovery\05_OUTPUTS\SOURCE\Training data\F2_BR0_FULL_FINGERPRINT_RECOVERY\01_CANONICAL_INPUTS\V6_CLEAN_FINGERPRINT_CONFIRMATORY_REPLICATION\06_RESPONSE_FEATURE_VECTOR.csv","151","258",".csv","True","False"
"RUN-010","[Errno 2] No such file or directory: 'C:\\RSOS\\RSOS_CANONICAL_EXPERIMENT_CHAIN\\90_RUN_RECORDS\\RUN-010__F2_BR0_Full_Fingerprint_Recovery\\05_OUTPUTS\\SOURCE\\Training data\\F2_BR0_FULL_FINGERPRINT_RECOVERY\\01_CANONICAL_INPUTS\\V6_CLEAN_FINGERPRINT_CONFIRMATORY_REPLICATION\\07_SEED_LEVEL_VECTOR.csv.phase8g.partial'","C:\RSOS\Training data\F2_BR0_FULL_FINGERPRINT_RECOVERY\01_CANONICAL_INPUTS\V6_CLEAN_FINGERPRINT_CONFIRMATORY_REPLICATION\07_SEED_LEVEL_VECTOR.csv","C:\RSOS\RSOS_CANONICAL_EXPERIMENT_CHAIN\90_RUN_RECORDS\RUN-010__F2_BR0_Full_Fingerprint_Recovery\05_OUTPUTS\SOURCE\Training data\F2_BR0_FULL_FINGERPRINT_RECOVERY\01_CANONICAL_INPUTS\V6_CLEAN_FINGERPRINT_CONFIRMATORY_REPLICATION\07_SEED_LEVEL_VECTOR.csv","145","252",".csv","True","False"
"RUN-010","[Errno 2] No such file or directory: 'C:\\RSOS\\RSOS_CANONICAL_EXPERIMENT_CHAIN\\90_RUN_RECORDS\\RUN-010__F2_BR0_Full_Fingerprint_Recovery\\05_OUTPUTS\\SOURCE\\Training data\\F2_BR0_FULL_FINGERPRINT_RECOVERY\\01_CANONICAL_INPUTS\\V6_CLEAN_FINGERPRINT_CONFIRMATORY_REPLICATION\\08_CONDITION_RESULTS.csv.phase8g.partial'","C:\RSOS\Training data\F2_BR0_FULL_FINGERPRINT_RECOVERY\01_CANONICAL_INPUTS\V6_CLEAN_FINGERPRINT_CONFIRMATORY_REPLICATION\08_CONDITION_RESULTS.csv","C:\RSOS\RSOS_CANONICAL_EXPERIMENT_CHAIN\90_RUN_RECORDS\RUN-010__F2_BR0_Full_Fingerprint_Recovery\05_OUTPUTS\SOURCE\Training data\F2_BR0_FULL_FINGERPRINT_RECOVERY\01_CANONICAL_INPUTS\V6_CLEAN_FINGERPRINT_CONFIRMATORY_REPLICATION\08_CONDITION_RESULTS.csv","145","252",".csv","True","False"
"RUN-010","[Errno 2] No such file or directory: 'C:\\RSOS\\RSOS_CANONICAL_EXPERIMENT_CHAIN\\90_RUN_RECORDS\\RUN-010__F2_BR0_Full_Fingerprint_Recovery\\05_OUTPUTS\\SOURCE\\Training data\\F2_BR0_FULL_FINGERPRINT_RECOVERY\\01_CANONICAL_INPUTS\\V6_CLEAN_FINGERPRINT_CONFIRMATORY_REPLICATION\\09_COORDINATE_CONTRASTS.csv.phase8g.partial'","C:\RSOS\Training data\F2_BR0_FULL_FINGERPRINT_RECOVERY\01_CANONICAL_INPUTS\V6_CLEAN_FINGERPRINT_CONFIRMATORY_REPLICATION\09_COORDINATE_CONTRASTS.csv","C:\RSOS\RSOS_CANONICAL_EXPERIMENT_CHAIN\90_RUN_RECORDS\RUN-010__F2_BR0_Full_Fingerprint_Recovery\05_OUTPUTS\SOURCE\Training data\F2_BR0_FULL_FINGERPRINT_RECOVERY\01_CANONICAL_INPUTS\V6_CLEAN_FINGERPRINT_CONFIRMATORY_REPLICATION\09_COORDINATE_CONTRASTS.csv","148","255",".csv","True","False"
"RUN-010","[Errno 2] No such file or directory: 'C:\\RSOS\\RSOS_CANONICAL_EXPERIMENT_CHAIN\\90_RUN_RECORDS\\RUN-010__F2_BR0_Full_Fingerprint_Recovery\\07_ADJUDICATION\\SOURCE\\Training data\\F2_BR0_FULL_FINGERPRINT_RECOVERY\\01_CANONICAL_INPUTS\\V6_CLEAN_FINGERPRINT_CONFIRMATORY_REPLICATION\\16_FINAL_SUMMARY.json.phase8g.partial'","C:\RSOS\Training data\F2_BR0_FULL_FINGERPRINT_RECOVERY\01_CANONICAL_INPUTS\V6_CLEAN_FINGERPRINT_CONFIRMATORY_REPLICATION\16_FINAL_SUMMARY.json","C:\RSOS\RSOS_CANONICAL_EXPERIMENT_CHAIN\90_RUN_RECORDS\RUN-010__F2_BR0_Full_Fingerprint_Recovery\07_ADJUDICATION\SOURCE\Training data\F2_BR0_FULL_FINGERPRINT_RECOVERY\01_CANONICAL_INPUTS\V6_CLEAN_FINGERPRINT_CONFIRMATORY_REPLICATION\16_FINAL_SUMMARY.json","142","254",".json","True","False"
"RUN-010","[Errno 2] No such file or directory: 'C:\\RSOS\\RSOS_CANONICAL_EXPERIMENT_CHAIN\\90_RUN_RECORDS\\RUN-010__F2_BR0_Full_Fingerprint_Recovery\\09_FREEZE\\SOURCE\\Training data\\F2_BR0_FULL_FINGERPRINT_RECOVERY\\01_CANONICAL_INPUTS\\V6_STRUCTURAL_FINGERPRINT_VECTOR\\04_FROZEN_SPECIFICATION_SHA256.txt.phase8g.partial'","C:\RSOS\Training data\F2_BR0_FULL_FINGERPRINT_RECOVERY\01_CANONICAL_INPUTS\V6_STRUCTURAL_FINGERPRINT_VECTOR\04_FROZEN_SPECIFICATION_SHA256.txt","C:\RSOS\RSOS_CANONICAL_EXPERIMENT_CHAIN\90_RUN_RECORDS\RUN-010__F2_BR0_Full_Fingerprint_Recovery\09_FREEZE\SOURCE\Training data\F2_BR0_FULL_FINGERPRINT_RECOVERY\01_CANONICAL_INPUTS\V6_STRUCTURAL_FINGERPRINT_VECTOR\04_FROZEN_SPECIFICATION_SHA256.txt","142","248",".txt","True","False"
"RUN-010","[Errno 2] No such file or directory: 'C:\\RSOS\\RSOS_CANONICAL_EXPERIMENT_CHAIN\\90_RUN_RECORDS\\RUN-010__F2_BR0_Full_Fingerprint_Recovery\\05_OUTPUTS\\SOURCE\\Training data\\F2_BR0_FULL_FINGERPRINT_RECOVERY\\01_CANONICAL_INPUTS\\V6_STRUCTURAL_FINGERPRINT_VECTOR\\06_RESPONSE_FEATURE_VECTOR.csv.phase8g.partial'","C:\RSOS\Training data\F2_BR0_FULL_FINGERPRINT_RECOVERY\01_CANONICAL_INPUTS\V6_STRUCTURAL_FINGERPRINT_VECTOR\06_RESPONSE_FEATURE_VECTOR.csv","C:\RSOS\RSOS_CANONICAL_EXPERIMENT_CHAIN\90_RUN_RECORDS\RUN-010__F2_BR0_Full_Fingerprint_Recovery\05_OUTPUTS\SOURCE\Training data\F2_BR0_FULL_FINGERPRINT_RECOVERY\01_CANONICAL_INPUTS\V6_STRUCTURAL_FINGERPRINT_VECTOR\06_RESPONSE_FEATURE_VECTOR.csv","138","245",".csv","True","False"
"RUN-010","[Errno 2] No such file or directory: 'C:\\RSOS\\RSOS_CANONICAL_EXPERIMENT_CHAIN\\90_RUN_RECORDS\\RUN-010__F2_BR0_Full_Fingerprint_Recovery\\09_FREEZE\\SOURCE\\Training data\\F2_BR0_FULL_FINGERPRINT_RECOVERY\\01_CANONICAL_INPUTS\\V7_CROSSMODEL_DEPLOYMENT_LOCALIZATION\\03_FROZEN_SPECIFICATION.json.phase8g.partial'","C:\RSOS\Training data\F2_BR0_FULL_FINGERPRINT_RECOVERY\01_CANONICAL_INPUTS\V7_CROSSMODEL_DEPLOYMENT_LOCALIZATION\03_FROZEN_SPECIFICATION.json","C:\RSOS\RSOS_CANONICAL_EXPERIMENT_CHAIN\90_RUN_RECORDS\RUN-010__F2_BR0_Full_Fingerprint_Recovery\09_FREEZE\SOURCE\Training data\F2_BR0_FULL_FINGERPRINT_RECOVERY\01_CANONICAL_INPUTS\V7_CROSSMODEL_DEPLOYMENT_LOCALIZATION\03_FROZEN_SPECIFICATION.json","141","247",".json","True","False"
"RUN-010","[Errno 2] No such file or directory: 'C:\\RSOS\\RSOS_CANONICAL_EXPERIMENT_CHAIN\\90_RUN_RECORDS\\RUN-010__F2_BR0_Full_Fingerprint_Recovery\\09_FREEZE\\SOURCE\\Training data\\F2_BR0_FULL_FINGERPRINT_RECOVERY\\01_CANONICAL_INPUTS\\V7_CROSSMODEL_DEPLOYMENT_LOCALIZATION\\04_FROZEN_SPECIFICATION_SHA256.txt.phase8g.partial'","C:\RSOS\Training data\F2_BR0_FULL_FINGERPRINT_RECOVERY\01_CANONICAL_INPUTS\V7_CROSSMODEL_DEPLOYMENT_LOCALIZATION\04_FROZEN_SPECIFICATION_SHA256.txt","C:\RSOS\RSOS_CANONICAL_EXPERIMENT_CHAIN\90_RUN_RECORDS\RUN-010__F2_BR0_Full_Fingerprint_Recovery\09_FREEZE\SOURCE\Training data\F2_BR0_FULL_FINGERPRINT_RECOVERY\01_CANONICAL_INPUTS\V7_CROSSMODEL_DEPLOYMENT_LOCALIZATION\04_FROZEN_SPECIFICATION_SHA256.txt","147","253",".txt","True","False"
"RUN-010","[Errno 2] No such file or directory: 'C:\\RSOS\\RSOS_CANONICAL_EXPERIMENT_CHAIN\\90_RUN_RECORDS\\RUN-010__F2_BR0_Full_Fingerprint_Recovery\\05_OUTPUTS\\SOURCE\\Training data\\F2_BR0_FULL_FINGERPRINT_RECOVERY\\01_CANONICAL_INPUTS\\V7_CROSSMODEL_DEPLOYMENT_LOCALIZATION\\06_RESPONSE_FEATURES.csv.phase8g.partial'","C:\RSOS\Training data\F2_BR0_FULL_FINGERPRINT_RECOVERY\01_CANONICAL_INPUTS\V7_CROSSMODEL_DEPLOYMENT_LOCALIZATION\06_RESPONSE_FEATURES.csv","C:\RSOS\RSOS_CANONICAL_EXPERIMENT_CHAIN\90_RUN_RECORDS\RUN-010__F2_BR0_Full_Fingerprint_Recovery\05_OUTPUTS\SOURCE\Training data\F2_BR0_FULL_FINGERPRINT_RECOVERY\01_CANONICAL_INPUTS\V7_CROSSMODEL_DEPLOYMENT_LOCALIZATION\06_RESPONSE_FEATURES.csv","137","244",".csv","True","False"
"RUN-010","[Errno 2] No such file or directory: 'C:\\RSOS\\RSOS_CANONICAL_EXPERIMENT_CHAIN\\90_RUN_RECORDS\\RUN-010__F2_BR0_Full_Fingerprint_Recovery\\05_OUTPUTS\\SOURCE\\Training data\\F2_BR0_FULL_FINGERPRINT_RECOVERY\\01_CANONICAL_INPUTS\\V7_CROSSMODEL_DEPLOYMENT_LOCALIZATION\\07_SEED_LEVEL_RESULTS.csv.phase8g.partial'","C:\RSOS\Training data\F2_BR0_FULL_FINGERPRINT_RECOVERY\01_CANONICAL_INPUTS\V7_CROSSMODEL_DEPLOYMENT_LOCALIZATION\07_SEED_LEVEL_RESULTS.csv","C:\RSOS\RSOS_CANONICAL_EXPERIMENT_CHAIN\90_RUN_RECORDS\RUN-010__F2_BR0_Full_Fingerprint_Recovery\05_OUTPUTS\SOURCE\Training data\F2_BR0_FULL_FINGERPRINT_RECOVERY\01_CANONICAL_INPUTS\V7_CROSSMODEL_DEPLOYMENT_LOCALIZATION\07_SEED_LEVEL_RESULTS.csv","138","245",".csv","True","False"
"RUN-010","[Errno 2] No such file or directory: 'C:\\RSOS\\RSOS_CANONICAL_EXPERIMENT_CHAIN\\90_RUN_RECORDS\\RUN-010__F2_BR0_Full_Fingerprint_Recovery\\05_OUTPUTS\\SOURCE\\Training data\\F2_BR0_FULL_FINGERPRINT_RECOVERY\\01_CANONICAL_INPUTS\\V7_CROSSMODEL_DEPLOYMENT_LOCALIZATION\\08_MODEL_CONDITION_RESULTS.csv.phase8g.partial'","C:\RSOS\Training data\F2_BR0_FULL_FINGERPRINT_RECOVERY\01_CANONICAL_INPUTS\V7_CROSSMODEL_DEPLOYMENT_LOCALIZATION\08_MODEL_CONDITION_RESULTS.csv","C:\RSOS\RSOS_CANONICAL_EXPERIMENT_CHAIN\90_RUN_RECORDS\RUN-010__F2_BR0_Full_Fingerprint_Recovery\05_OUTPUTS\SOURCE\Training data\F2_BR0_FULL_FINGERPRINT_RECOVERY\01_CANONICAL_INPUTS\V7_CROSSMODEL_DEPLOYMENT_LOCALIZATION\08_MODEL_CONDITION_RESULTS.csv","143","250",".csv","True","False"
"RUN-010","[Errno 2] No such file or directory: 'C:\\RSOS\\RSOS_CANONICAL_EXPERIMENT_CHAIN\\90_RUN_RECORDS\\RUN-010__F2_BR0_Full_Fingerprint_Recovery\\05_OUTPUTS\\SOURCE\\Training data\\F2_BR0_FULL_FINGERPRINT_RECOVERY\\01_CANONICAL_INPUTS\\V7_CROSSMODEL_DEPLOYMENT_LOCALIZATION\\09_MODEL_STRUCTURAL_CONTRASTS.csv.phase8g.partial'","C:\RSOS\Training data\F2_BR0_FULL_FINGERPRINT_RECOVERY\01_CANONICAL_INPUTS\V7_CROSSMODEL_DEPLOYMENT_LOCALIZATION\09_MODEL_STRUCTURAL_CONTRASTS.csv","C:\RSOS\RSOS_CANONICAL_EXPERIMENT_CHAIN\90_RUN_RECORDS\RUN-010__F2_BR0_Full_Fingerprint_Recovery\05_OUTPUTS\SOURCE\Training data\F2_BR0_FULL_FINGERPRINT_RECOVERY\01_CANONICAL_INPUTS\V7_CROSSMODEL_DEPLOYMENT_LOCALIZATION\09_MODEL_STRUCTURAL_CONTRASTS.csv","146","253",".csv","True","False"
"RUN-010","[Errno 2] No such file or directory: 'C:\\RSOS\\RSOS_CANONICAL_EXPERIMENT_CHAIN\\90_RUN_RECORDS\\RUN-010__F2_BR0_Full_Fingerprint_Recovery\\05_OUTPUTS\\SOURCE\\Training data\\F2_BR0_FULL_FINGERPRINT_RECOVERY\\01_CANONICAL_INPUTS\\V7_CROSSMODEL_DEPLOYMENT_LOCALIZATION\\10_MODEL_EFFECT_VECTORS.csv.phase8g.partial'","C:\RSOS\Training data\F2_BR0_FULL_FINGERPRINT_RECOVERY\01_CANONICAL_INPUTS\V7_CROSSMODEL_DEPLOYMENT_LOCALIZATION\10_MODEL_EFFECT_VECTORS.csv","C:\RSOS\RSOS_CANONICAL_EXPERIMENT_CHAIN\90_RUN_RECORDS\RUN-010__F2_BR0_Full_Fingerprint_Recovery\05_OUTPUTS\SOURCE\Training data\F2_BR0_FULL_FINGERPRINT_RECOVERY\01_CANONICAL_INPUTS\V7_CROSSMODEL_DEPLOYMENT_LOCALIZATION\10_MODEL_EFFECT_VECTORS.csv","140","247",".csv","True","False"
"RUN-010","[Errno 2] No such file or directory: 'C:\\RSOS\\RSOS_CANONICAL_EXPERIMENT_CHAIN\\90_RUN_RECORDS\\RUN-010__F2_BR0_Full_Fingerprint_Recovery\\05_OUTPUTS\\SOURCE\\Training data\\F2_BR0_FULL_FINGERPRINT_RECOVERY\\01_CANONICAL_INPUTS\\V7_CROSSMODEL_DEPLOYMENT_LOCALIZATION\\11_CROSS_MODEL_VECTOR_SIMILARITY.csv.phase8g.partial'","C:\RSOS\Training data\F2_BR0_FULL_FINGERPRINT_RECOVERY\01_CANONICAL_INPUTS\V7_CROSSMODEL_DEPLOYMENT_LOCALIZATION\11_CROSS_MODEL_VECTOR_SIMILARITY.csv","C:\RSOS\RSOS_CANONICAL_EXPERIMENT_CHAIN\90_RUN_RECORDS\RUN-010__F2_BR0_Full_Fingerprint_Recovery\05_OUTPUTS\SOURCE\Training data\F2_BR0_FULL_FINGERPRINT_RECOVERY\01_CANONICAL_INPUTS\V7_CROSSMODEL_DEPLOYMENT_LOCALIZATION\11_CROSS_MODEL_VECTOR_SIMILARITY.csv","149","256",".csv","True","False"
"RUN-010","[Errno 2] No such file or directory: 'C:\\RSOS\\RSOS_CANONICAL_EXPERIMENT_CHAIN\\90_RUN_RECORDS\\RUN-010__F2_BR0_Full_Fingerprint_Recovery\\07_ADJUDICATION\\SOURCE\\Training data\\F2_BR0_FULL_FINGERPRINT_RECOVERY\\01_CANONICAL_INPUTS\\V7_CROSSMODEL_DEPLOYMENT_LOCALIZATION\\16_FINAL_SUMMARY.json.phase8g.partial'","C:\RSOS\Training data\F2_BR0_FULL_FINGERPRINT_RECOVERY\01_CANONICAL_INPUTS\V7_CROSSMODEL_DEPLOYMENT_LOCALIZATION\16_FINAL_SUMMARY.json","C:\RSOS\RSOS_CANONICAL_EXPERIMENT_CHAIN\90_RUN_RECORDS\RUN-010__F2_BR0_Full_Fingerprint_Recovery\07_ADJUDICATION\SOURCE\Training data\F2_BR0_FULL_FINGERPRINT_RECOVERY\01_CANONICAL_INPUTS\V7_CROSSMODEL_DEPLOYMENT_LOCALIZATION\16_FINAL_SUMMARY.json","134","246",".json","True","False"
"RUN-010","[Errno 2] No such file or directory: 'C:\\RSOS\\RSOS_CANONICAL_EXPERIMENT_CHAIN\\90_RUN_RECORDS\\RUN-010__F2_BR0_Full_Fingerprint_Recovery\\09_FREEZE\\SOURCE\\Training data\\F2_BR0_FULL_FINGERPRINT_RECOVERY\\01_CANONICAL_INPUTS\\V8_COMPOSITIONAL_STRUCTURAL_CONTROL_CODE\\03_FROZEN_SPECIFICATION.json.phase8g.partial'","C:\RSOS\Training data\F2_BR0_FULL_FINGERPRINT_RECOVERY\01_CANONICAL_INPUTS\V8_COMPOSITIONAL_STRUCTURAL_CONTROL_CODE\03_FROZEN_SPECIFICATION.json","C:\RSOS\RSOS_CANONICAL_EXPERIMENT_CHAIN\90_RUN_RECORDS\RUN-010__F2_BR0_Full_Fingerprint_Recovery\09_FREEZE\SOURCE\Training data\F2_BR0_FULL_FINGERPRINT_RECOVERY\01_CANONICAL_INPUTS\V8_COMPOSITIONAL_STRUCTURAL_CONTROL_CODE\03_FROZEN_SPECIFICATION.json","144","250",".json","True","False"
"RUN-010","[Errno 2] No such file or directory: 'C:\\RSOS\\RSOS_CANONICAL_EXPERIMENT_CHAIN\\90_RUN_RECORDS\\RUN-010__F2_BR0_Full_Fingerprint_Recovery\\09_FREEZE\\SOURCE\\Training data\\F2_BR0_FULL_FINGERPRINT_RECOVERY\\01_CANONICAL_INPUTS\\V8_COMPOSITIONAL_STRUCTURAL_CONTROL_CODE\\04_FROZEN_SPECIFICATION_SHA256.txt.phase8g.partial'","C:\RSOS\Training data\F2_BR0_FULL_FINGERPRINT_RECOVERY\01_CANONICAL_INPUTS\V8_COMPOSITIONAL_STRUCTURAL_CONTROL_CODE\04_FROZEN_SPECIFICATION_SHA256.txt","C:\RSOS\RSOS_CANONICAL_EXPERIMENT_CHAIN\90_RUN_RECORDS\RUN-010__F2_BR0_Full_Fingerprint_Recovery\09_FREEZE\SOURCE\Training data\F2_BR0_FULL_FINGERPRINT_RECOVERY\01_CANONICAL_INPUTS\V8_COMPOSITIONAL_STRUCTURAL_CONTROL_CODE\04_FROZEN_SPECIFICATION_SHA256.txt","150","256",".txt","True","False"
"RUN-010","[Errno 2] No such file or directory: 'C:\\RSOS\\RSOS_CANONICAL_EXPERIMENT_CHAIN\\90_RUN_RECORDS\\RUN-010__F2_BR0_Full_Fingerprint_Recovery\\05_OUTPUTS\\SOURCE\\Training data\\F2_BR0_FULL_FINGERPRINT_RECOVERY\\01_CANONICAL_INPUTS\\V8_COMPOSITIONAL_STRUCTURAL_CONTROL_CODE\\06_RESPONSE_FEATURES.csv.phase8g.partial'","C:\RSOS\Training data\F2_BR0_FULL_FINGERPRINT_RECOVERY\01_CANONICAL_INPUTS\V8_COMPOSITIONAL_STRUCTURAL_CONTROL_CODE\06_RESPONSE_FEATURES.csv","C:\RSOS\RSOS_CANONICAL_EXPERIMENT_CHAIN\90_RUN_RECORDS\RUN-010__F2_BR0_Full_Fingerprint_Recovery\05_OUTPUTS\SOURCE\Training data\F2_BR0_FULL_FINGERPRINT_RECOVERY\01_CANONICAL_INPUTS\V8_COMPOSITIONAL_STRUCTURAL_CONTROL_CODE\06_RESPONSE_FEATURES.csv","140","247",".csv","True","False"
"RUN-010","[Errno 2] No such file or directory: 'C:\\RSOS\\RSOS_CANONICAL_EXPERIMENT_CHAIN\\90_RUN_RECORDS\\RUN-010__F2_BR0_Full_Fingerprint_Recovery\\05_OUTPUTS\\SOURCE\\Training data\\F2_BR0_FULL_FINGERPRINT_RECOVERY\\01_CANONICAL_INPUTS\\V8_COMPOSITIONAL_STRUCTURAL_CONTROL_CODE\\07_SEED_LEVEL_RESULTS.csv.phase8g.partial'","C:\RSOS\Training data\F2_BR0_FULL_FINGERPRINT_RECOVERY\01_CANONICAL_INPUTS\V8_COMPOSITIONAL_STRUCTURAL_CONTROL_CODE\07_SEED_LEVEL_RESULTS.csv","C:\RSOS\RSOS_CANONICAL_EXPERIMENT_CHAIN\90_RUN_RECORDS\RUN-010__F2_BR0_Full_Fingerprint_Recovery\05_OUTPUTS\SOURCE\Training data\F2_BR0_FULL_FINGERPRINT_RECOVERY\01_CANONICAL_INPUTS\V8_COMPOSITIONAL_STRUCTURAL_CONTROL_CODE\07_SEED_LEVEL_RESULTS.csv","141","248",".csv","True","False"
"RUN-010","[Errno 2] No such file or directory: 'C:\\RSOS\\RSOS_CANONICAL_EXPERIMENT_CHAIN\\90_RUN_RECORDS\\RUN-010__F2_BR0_Full_Fingerprint_Recovery\\05_OUTPUTS\\SOURCE\\Training data\\F2_BR0_FULL_FINGERPRINT_RECOVERY\\01_CANONICAL_INPUTS\\V8_COMPOSITIONAL_STRUCTURAL_CONTROL_CODE\\08_FACTORIAL_CONDITION_RESULTS.csv.phase8g.partial'","C:\RSOS\Training data\F2_BR0_FULL_FINGERPRINT_RECOVERY\01_CANONICAL_INPUTS\V8_COMPOSITIONAL_STRUCTURAL_CONTROL_CODE\08_FACTORIAL_CONDITION_RESULTS.csv","C:\RSOS\RSOS_CANONICAL_EXPERIMENT_CHAIN\90_RUN_RECORDS\RUN-010__F2_BR0_Full_Fingerprint_Recovery\05_OUTPUTS\SOURCE\Training data\F2_BR0_FULL_FINGERPRINT_RECOVERY\01_CANONICAL_INPUTS\V8_COMPOSITIONAL_STRUCTURAL_CONTROL_CODE\08_FACTORIAL_CONDITION_RESULTS.csv","150","257",".csv","True","False"
"RUN-010","[Errno 2] No such file or directory: 'C:\\RSOS\\RSOS_CANONICAL_EXPERIMENT_CHAIN\\90_RUN_RECORDS\\RUN-010__F2_BR0_Full_Fingerprint_Recovery\\07_ADJUDICATION\\SOURCE\\Training data\\F2_BR0_FULL_FINGERPRINT_RECOVERY\\01_CANONICAL_INPUTS\\V8_COMPOSITIONAL_STRUCTURAL_CONTROL_CODE\\16_FINAL_SUMMARY.json.phase8g.partial'","C:\RSOS\Training data\F2_BR0_FULL_FINGERPRINT_RECOVERY\01_CANONICAL_INPUTS\V8_COMPOSITIONAL_STRUCTURAL_CONTROL_CODE\16_FINAL_SUMMARY.json","C:\RSOS\RSOS_CANONICAL_EXPERIMENT_CHAIN\90_RUN_RECORDS\RUN-010__F2_BR0_Full_Fingerprint_Recovery\07_ADJUDICATION\SOURCE\Training data\F2_BR0_FULL_FINGERPRINT_RECOVERY\01_CANONICAL_INPUTS\V8_COMPOSITIONAL_STRUCTURAL_CONTROL_CODE\16_FINAL_SUMMARY.json","137","249",".json","True","False"
"RUN-010","[Errno 2] No such file or directory: 'C:\\RSOS\\RSOS_CANONICAL_EXPERIMENT_CHAIN\\90_RUN_RECORDS\\RUN-010__F2_BR0_Full_Fingerprint_Recovery\\09_FREEZE\\SOURCE\\Training data\\F2_BR0_FULL_FINGERPRINT_RECOVERY\\01_CANONICAL_INPUTS\\V9_REPRESENTATIONAL_TRANSPORT_OPERATOR\\03_FROZEN_SPECIFICATION.json.phase8g.partial'","C:\RSOS\Training data\F2_BR0_FULL_FINGERPRINT_RECOVERY\01_CANONICAL_INPUTS\V9_REPRESENTATIONAL_TRANSPORT_OPERATOR\03_FROZEN_SPECIFICATION.json","C:\RSOS\RSOS_CANONICAL_EXPERIMENT_CHAIN\90_RUN_RECORDS\RUN-010__F2_BR0_Full_Fingerprint_Recovery\09_FREEZE\SOURCE\Training data\F2_BR0_FULL_FINGERPRINT_RECOVERY\01_CANONICAL_INPUTS\V9_REPRESENTATIONAL_TRANSPORT_OPERATOR\03_FROZEN_SPECIFICATION.json","142","248",".json","True","False"
"RUN-010","[Errno 2] No such file or directory: 'C:\\RSOS\\RSOS_CANONICAL_EXPERIMENT_CHAIN\\90_RUN_RECORDS\\RUN-010__F2_BR0_Full_Fingerprint_Recovery\\09_FREEZE\\SOURCE\\Training data\\F2_BR0_FULL_FINGERPRINT_RECOVERY\\01_CANONICAL_INPUTS\\V9_REPRESENTATIONAL_TRANSPORT_OPERATOR\\04_FROZEN_SPECIFICATION_SHA256.txt.phase8g.partial'","C:\RSOS\Training data\F2_BR0_FULL_FINGERPRINT_RECOVERY\01_CANONICAL_INPUTS\V9_REPRESENTATIONAL_TRANSPORT_OPERATOR\04_FROZEN_SPECIFICATION_SHA256.txt","C:\RSOS\RSOS_CANONICAL_EXPERIMENT_CHAIN\90_RUN_RECORDS\RUN-010__F2_BR0_Full_Fingerprint_Recovery\09_FREEZE\SOURCE\Training data\F2_BR0_FULL_FINGERPRINT_RECOVERY\01_CANONICAL_INPUTS\V9_REPRESENTATIONAL_TRANSPORT_OPERATOR\04_FROZEN_SPECIFICATION_SHA256.txt","148","254",".txt","True","False"
"RUN-010","[Errno 2] No such file or directory: 'C:\\RSOS\\RSOS_CANONICAL_EXPERIMENT_CHAIN\\90_RUN_RECORDS\\RUN-010__F2_BR0_Full_Fingerprint_Recovery\\05_OUTPUTS\\SOURCE\\Training data\\F2_BR0_FULL_FINGERPRINT_RECOVERY\\01_CANONICAL_INPUTS\\V9_REPRESENTATIONAL_TRANSPORT_OPERATOR\\06_RESPONSE_FEATURES.csv.phase8g.partial'","C:\RSOS\Training data\F2_BR0_FULL_FINGERPRINT_RECOVERY\01_CANONICAL_INPUTS\V9_REPRESENTATIONAL_TRANSPORT_OPERATOR\06_RESPONSE_FEATURES.csv","C:\RSOS\RSOS_CANONICAL_EXPERIMENT_CHAIN\90_RUN_RECORDS\RUN-010__F2_BR0_Full_Fingerprint_Recovery\05_OUTPUTS\SOURCE\Training data\F2_BR0_FULL_FINGERPRINT_RECOVERY\01_CANONICAL_INPUTS\V9_REPRESENTATIONAL_TRANSPORT_OPERATOR\06_RESPONSE_FEATURES.csv","138","245",".csv","True","False"
"RUN-010","[Errno 2] No such file or directory: 'C:\\RSOS\\RSOS_CANONICAL_EXPERIMENT_CHAIN\\90_RUN_RECORDS\\RUN-010__F2_BR0_Full_Fingerprint_Recovery\\05_OUTPUTS\\SOURCE\\Training data\\F2_BR0_FULL_FINGERPRINT_RECOVERY\\01_CANONICAL_INPUTS\\V9_REPRESENTATIONAL_TRANSPORT_OPERATOR\\07_SEED_LEVEL_RESULTS.csv.phase8g.partial'","C:\RSOS\Training data\F2_BR0_FULL_FINGERPRINT_RECOVERY\01_CANONICAL_INPUTS\V9_REPRESENTATIONAL_TRANSPORT_OPERATOR\07_SEED_LEVEL_RESULTS.csv","C:\RSOS\RSOS_CANONICAL_EXPERIMENT_CHAIN\90_RUN_RECORDS\RUN-010__F2_BR0_Full_Fingerprint_Recovery\05_OUTPUTS\SOURCE\Training data\F2_BR0_FULL_FINGERPRINT_RECOVERY\01_CANONICAL_INPUTS\V9_REPRESENTATIONAL_TRANSPORT_OPERATOR\07_SEED_LEVEL_RESULTS.csv","139","246",".csv","True","False"
"RUN-010","[Errno 2] No such file or directory: 'C:\\RSOS\\RSOS_CANONICAL_EXPERIMENT_CHAIN\\90_RUN_RECORDS\\RUN-010__F2_BR0_Full_Fingerprint_Recovery\\05_OUTPUTS\\SOURCE\\Training data\\F2_BR0_FULL_FINGERPRINT_RECOVERY\\01_CANONICAL_INPUTS\\V9_REPRESENTATIONAL_TRANSPORT_OPERATOR\\08_CONDITION_RESULTS.csv.phase8g.partial'","C:\RSOS\Training data\F2_BR0_FULL_FINGERPRINT_RECOVERY\01_CANONICAL_INPUTS\V9_REPRESENTATIONAL_TRANSPORT_OPERATOR\08_CONDITION_RESULTS.csv","C:\RSOS\RSOS_CANONICAL_EXPERIMENT_CHAIN\90_RUN_RECORDS\RUN-010__F2_BR0_Full_Fingerprint_Recovery\05_OUTPUTS\SOURCE\Training data\F2_BR0_FULL_FINGERPRINT_RECOVERY\01_CANONICAL_INPUTS\V9_REPRESENTATIONAL_TRANSPORT_OPERATOR\08_CONDITION_RESULTS.csv","138","245",".csv","True","False"
"RUN-010","[Errno 2] No such file or directory: 'C:\\RSOS\\RSOS_CANONICAL_EXPERIMENT_CHAIN\\90_RUN_RECORDS\\RUN-010__F2_BR0_Full_Fingerprint_Recovery\\05_OUTPUTS\\SOURCE\\Training data\\F2_BR0_FULL_FINGERPRINT_RECOVERY\\01_CANONICAL_INPUTS\\V9_REPRESENTATIONAL_TRANSPORT_OPERATOR\\13_TRANSPORT_EFFECT_VECTORS.csv.phase8g.partial'","C:\RSOS\Training data\F2_BR0_FULL_FINGERPRINT_RECOVERY\01_CANONICAL_INPUTS\V9_REPRESENTATIONAL_TRANSPORT_OPERATOR\13_TRANSPORT_EFFECT_VECTORS.csv","C:\RSOS\RSOS_CANONICAL_EXPERIMENT_CHAIN\90_RUN_RECORDS\RUN-010__F2_BR0_Full_Fingerprint_Recovery\05_OUTPUTS\SOURCE\Training data\F2_BR0_FULL_FINGERPRINT_RECOVERY\01_CANONICAL_INPUTS\V9_REPRESENTATIONAL_TRANSPORT_OPERATOR\13_TRANSPORT_EFFECT_VECTORS.csv","145","252",".csv","True","False"
"RUN-010","[Errno 2] No such file or directory: 'C:\\RSOS\\RSOS_CANONICAL_EXPERIMENT_CHAIN\\90_RUN_RECORDS\\RUN-010__F2_BR0_Full_Fingerprint_Recovery\\07_ADJUDICATION\\SOURCE\\Training data\\F2_BR0_FULL_FINGERPRINT_RECOVERY\\01_CANONICAL_INPUTS\\V9_REPRESENTATIONAL_TRANSPORT_OPERATOR\\16_FINAL_SUMMARY.json.phase8g.partial'","C:\RSOS\Training data\F2_BR0_FULL_FINGERPRINT_RECOVERY\01_CANONICAL_INPUTS\V9_REPRESENTATIONAL_TRANSPORT_OPERATOR\16_FINAL_SUMMARY.json","C:\RSOS\RSOS_CANONICAL_EXPERIMENT_CHAIN\90_RUN_RECORDS\RUN-010__F2_BR0_Full_Fingerprint_Recovery\07_ADJUDICATION\SOURCE\Training data\F2_BR0_FULL_FINGERPRINT_RECOVERY\01_CANONICAL_INPUTS\V9_REPRESENTATIONAL_TRANSPORT_OPERATOR\16_FINAL_SUMMARY.json","135","247",".json","True","False"
