"Filename","SizeBytes","SHA256","ModifiedUtc"
"00042121c7c08d29962fe218.json","3375","81686A61EC0B46676BA95B0F5C1996452733A1A5394E20972FD5B61C1FB101F1","2026-09-15 12:35:55"
"000ff86a486b9bceb679de5d.json","1995","11EDEB714D311865AF4CA5D2BA370EA8D5A72850AAE1B0E5571ACA426C219A33","2026-09-15 00:09:27"
"001993342a879f34558cb478.json","3374","6BCF24A73470D6A96A00907BB3DCECD7246F36302A89894B23BF2FEC44D56F46","2026-09-15 12:35:57"
"0038b633004d492ecc5d09f5.json","1980","760F5B9EE4A55EBA8F870CB0B87B5AB391364AC76E8C6F4011C702D10679A37C","2026-09-15 00:10:48"
"004b54a192b5c52743b5681a.json","3374","AA9EACE2115FC713FF43F6F0A949DC8CC5E581DE9C105F353E59F8EA5170D969","2026-09-15 12:35:59"
"004c14024d990e200dba4215.json","3388","A4C537A09667CD455EFE13435F972A6FD378DAEFF7F5D5735DE784EF17264A5E","2026-09-15 12:36:01"
"0054e8c15a6265795e815e43.json","3374","F40A615D8569DCAB0F0CECEBBA1DB5B3296D0804152CE36F43E8C9F20524FE91","2026-09-15 12:36:03"
"0073ae474eb43f0a6009a5a3.json","1753","BC0AA793496E7DDB97176B5B43BB12B37FE1C1AFF35D2F5C406AFA82959C31BD","2026-09-15 00:14:56"
"00805f6651aa36648cf05fef.json","3376","C5607E5FFF6F6F119D8634008F98D25CE5A897B5FF53043A8B3B6C459B570A81","2026-09-15 12:36:06"
"008f6a297d0cc0fe8d083637.json","1827","EF9576C9B2438C44C0CEEDDD0EDCB8199270C0A1F6AB571D8F4B467F1EED9613","2026-09-15 00:16:18"
"00f9b5d02a28b26495b31f06.json","3374","CD47AFECAD07FD0397DDA0AEF337706D83776848FEF9B505FA99D6199ADA29E6","2026-09-15 12:36:08"
"00fdecc809ec1446595a4fdc.json","3374","5D3B36434F5E1EC1ACD25F0A74EA1A561918C0A066CD8738691FCE9A99A00EB3","2026-09-15 12:36:09"
"01452390f776e991a679a177.json","1787","D4481418F221F0C978EAC60563F27406135A005D126E1C0974DA0B51789826D8","2026-09-15 00:18:58"
"01491f8f2263094187942d62.json","1982","5FFE33E00462712D765FC0639D566DDEF04327733D899242C26E320C158B6969","2026-09-15 00:18:59"
"015f695a28c585c7c81c047c.json","1827","DB614823590D5027D3CBD805B101A1D4F5887D4AB609A4AD677D9D7894C2AF24","2026-09-15 00:19:01"
"018090853823da5e030a3278.json","3375","8BD83CDDBAD1041858CD342956263251AAA5FFF7B8B28481D7D22FC76F70BC0C","2026-09-15 12:36:12"
"018b3cecef8930d5353921df.json","3374","42C0134CF28F745D8931F6754797F17C863334A4D9C1A468E16B793A31FBE4F4","2026-09-15 12:36:14"
"01c442a2b1234a5ad0ef88a3.json","1827","3D910230D2781BE49E96C93943B3BB5F51AEF63DA09498CBB81CFC479FB9AF60","2026-09-15 00:21:38"
"01c4465a3f9e50d739dc734b.json","3385","C6C2C7A12681CCA325C20F4604144C31EAD040E6866A321C3D2BECF2DB205255","2026-09-15 12:36:15"
"01d3abb56ce27697891b9441.json","2150","E8A67BA4BBE3D52D1F25F3C97992E5F3FF7F01E73BDB8DEEF60699DAF7A115C1","2026-09-15 00:23:04"
"020c9b831cab3613d8ac79b0.json","1837","56DC760727E6DA13E941AB42E81D564F2B9EBFF67B090DE3326271FCD563D3F6","2026-09-15 00:23:06"
"024dc3597bebc165b17779d1.json","3383","4C09A6760461DD72F3CC1120B35737746FF4B394425FA4427002BFB1244340ED","2026-09-15 12:36:17"
"025a5537b86df6b979502176.json","1869","928C54A2082D7B2A0A59F4B30BE60BB4CDD6934CA8851BC46C649CAD53853B3E","2026-09-15 00:24:25"
"02649c685fed56f194c128df.json","1827","241B3721883DDD50804184E68D54238DE0763EE87A25119A4944360F3B927C0A","2026-09-15 00:24:27"
"0283b647fdd25049908f8a96.json","3375","AD12B6FD96389C1496177AFF9AEC4163C3F14F789940BC7707D7967205B6169D","2026-09-15 12:36:19"
"02aee6d487bf307eb896de13.json","1981","64F9178DBFBA17ED9D4F3A36E177750189C8C0AA8FBED6E8B34D69DBD82F7D15","2026-09-15 00:25:47"
"02e962cf2d324f6a8d097663.json","1995","67FAC49E00FDC81A60F7C70EDABAE4BD19F5A9DBE1892D1B9F9808738F1A541A","2026-09-15 00:25:48"
"036baff27a76afea5a320827.json","1981","8FB39574B670DD10DC9A1EC2114B1EBFCD32011F461BD9ED4E05A0F5009B1EAF","2026-09-15 00:25:49"
"037590835ea74d7a828d6678.json","3374","99538615B33CF13DECD6C0E340900AE459BDE0CC502E9F6C6447FC94A904EE73","2026-09-15 12:36:21"
"03923b1c969cd318291c1df9.json","1842","E7A3A221237B82DC7C7F205B1EB9AE5C69C9A49984D6E6FD788D6CF24471AE95","2026-09-15 00:27:08"
"03bdfe961747a4f2b900272e.json","1990","E5CCC20C632ECC95F0875E2818147871844852F51CAD74A67B7A6742A986E630","2026-09-15 00:27:12"
"03efcf972b92936be1eed5a5.json","1826","E49B9BA3627DE5E061D72C4C2797F0094D289A79D863270A86CFF3539A7649E5","2026-09-15 00:27:14"
"03ffec3be744eaf9d8ca4000.json","3374","4114AAEE9A4163195DB5ED6D4905DC46B90C9A3D3B8FC4E19F0982481FE21884","2026-09-15 12:36:23"
"043c030eafb6ae286bd019bf.json","3383","B2EA679E0E81951213487798D7474573C7C3815E8B40F24BE89005BE87C45191","2026-09-15 12:36:25"
"04dc0f4aacc3b993679cdbab.json","1982","5B3FD20EA91D247F97E5AFD5D0EB39CD190475B9E664494E7895892F46BBF6EA","2026-09-15 00:29:52"
"04eed35e3828375fa4ab0c94.json","1827","2670D21E246190D054851F5A4A20CB11145FAD50EB420ACDE01598A2F09A4735","2026-09-15 00:29:54"
"051074fc5f529971a3230bdf.json","1840","C7252E2DEAAB9FC15718D444D6D9295EDE4EF2802D5130AB3A58C470F4BFB8AD","2026-09-15 00:29:56"
"05221e02519b678da61c8df0.json","3374","8D89157A25E893ACA7F1992FBED42CDAA8C650B3F9FB37D055CE6F8715E54C31","2026-09-15 12:36:27"
"05363b2d516b7528e4f5d90a.json","1981","DEBEB00E13ED9514C868D56F4000BFE13E0EFAB79C4F5555CE31A7365102CD3F","2026-09-15 00:31:17"
"056900499eb4726ddc21e722.json","3385","CD22C912D88F30CB98DAD1121C3D9ED5000414986FD7518C285F5D165DC09B26","2026-09-15 12:36:29"
"056c7d5a067b37e9e41c1e25.json","1990","1D9E2E7368A2142785BE6AC02B29DCC9A4BF7C82FD0616FDF391AB8CD0546499","2026-09-15 00:32:38"
"056e070a2521440a80166eb2.json","1828","66485177EAADCCE146E3A2B3AAF6AD59D12BB09C851916348472711AD5067D4A","2026-09-15 00:32:40"
"05d1d160ee4d9f11b5e7712e.json","1826","A961663DC9BFD220D6A1A06BE46D841E3D1902E170782539270878F04003A771","2026-09-15 00:32:42"
"05e324a25de4939808b659d4.json","1827","38BD6046FB665E19DC7AD86B31348C4B09EE94F0DA1646F08E95B769C9CC563D","2026-09-15 00:32:44"
"05f99155c44508307a5b2c12.json","3383","AF2293D6A6DBF7D4E7BC2B88A6BC2A770B1A5F62A992CE2A16C00628B5963E11","2026-09-15 12:36:31"
"06323782a7f779d0103e5090.json","3385","34A8670FC89095714F4DB84CBE165943505DC6077BF68A6C1ECC90343A221CED","2026-09-15 12:36:33"
"067f9a424e4fc6e3c37dbff1.json","3374","104C54CB2FEBCB9F411CCB7E5130473828F0AB62A8A7B8B734782CAC61D4EB0A","2026-09-15 12:36:35"
"06b088a89d15bd925b4f5d33.json","3384","6F43E8AE64BD82C58227676ADE437DB51D2C2D27716BE6AA4FE4F605EA7526A6","2026-09-15 12:36:37"
"06b4c5276947f84a2b1f1b66.json","1983","5FC24DA9E48CD53064AF7A9D826C1DC59905EC8F80CB619D0A8A07A94425FEFE","2026-09-15 00:37:56"
"06bef26b215b03a226f5ab5d.json","1980","E92A6ABF4A871F95F093BD78E7AF2C3B8B538850174C40090D5EE46636E55206","2026-09-15 00:37:59"
"0703c6fc54ebf1b2dd111880.json","1826","BA5C437FFBB1DCC79145C2E8ADADF900EF9D231EBC1E779C170BAE1129B168A1","2026-09-15 00:38:01"
"0708a674803269a4e6b2a1a5.json","1826","299AFE9CACB8625DB07291917FB490E47074C20856CB7E8FB54CA95CAB95901D","2026-09-15 00:38:03"
"071d37cd6acb49b2a9916ace.json","1827","0B4F4E7F743D535A54DFF400D8817B08E9470B9A66D9427CB2E513E0F2A73129","2026-09-15 00:38:05"
"075d096bac04dc22df33297b.json","1981","30C1AE25C8478A9303C5DECD2F0E0F796A7977B361FFEDFE2CB444B205CA8833","2026-09-15 00:38:06"
"075fde20246aa7c7b5d3e81b.json","1841","8867B648A66F40B165632D18BAD21CE31B5D61B400526C9FE9C1AF2831F94319","2026-09-15 00:38:08"
"076765eaf041952bf19b1c27.json","1826","E7E01F2C6CC93020EEF3BCF2D50D86EFBB9BF1AC9267BE1DDEA1F6237282082C","2026-09-15 00:38:11"
"076ed4f80f2642f7d44d4489.json","3385","D6B4937BE16742E4362F2696CADA598C852E9D2530C6905A19F1B4E2E846A78E","2026-09-15 12:36:39"
"077e26c1ce15b4f3899a6d0c.json","1837","687FFB2826EFA7887E1A93613E43583D434EB79B3C813C9583477ACA3735C644","2026-09-15 00:39:31"
"078da70bf63ba3063a18abc2.json","3385","0561A0D1230A94CE00310736CD9C65216A7AAB7E2DE3BBB2D215F6B6CBFEBDED","2026-09-15 12:36:41"
"07959de4277f0ed1e1af63a5.json","1987","23ACC1A8F4BBAFC1303DA2DC4C97F5E806632CDD51A8D1DBD925EDBF84A7F402","2026-09-15 00:40:54"
"07ada3da7fecf34288a88a75.json","2029","69BE1283161B612089033999B747072EFF8EC24D4C70F996B0AFA4F6D3D867B9","2026-09-15 00:40:56"
"07cdbc1ee49aa2b654651c79.json","2440","4516D30CFEA938F81D933F460356D67AEA155ABFA37E570280942CD0618FD810","2026-09-15 00:41:01"
"07f9e4bae1a6e6cff679b27b.json","3374","1F6C7E7F25CFA1E41ACFECEC5782D284350B0C5A4F9190BB5CB2835DF0CEC886","2026-09-15 12:36:43"
"081555f39e2bc664e9cd955a.json","1876","90216136D4C63D858D5820CD86D3CDB19F4F7D089E99832CCC17018F1B62ADCE","2026-09-15 00:42:21"
"081cdf8c3ab130ee87a281eb.json","1981","9450A5C7298807A910D76BDB73EA1B2B2C157A22D7B5416EFCBA4F10104C909B","2026-09-15 00:42:24"
"0822a0c73695b96221bb61e2.json","3374","9A53C94701585C07D1964A91061AF798023B16B2548E86E61B276BA249C465B1","2026-09-15 12:36:45"
"083d8f0fe993bf058e85dd4d.json","3381","024D0695A02B90B2A904BB365B2512C5509E1C312F2983D994E637133D37CA11","2026-09-15 12:36:46"
"0844c94ec9556202ff98ecdc.json","2440","713DAE080B9622B3BDC84E47C12C0948569C43102A73A2C6853E307B9DB26377","2026-09-15 00:45:01"
"086e894485c64d607a8003c0.json","1981","DA8BC6FCA4460A24758A4E12B2DDA25B14965616CF25E9AE381AB9144AEB9CD3","2026-09-15 00:45:02"
"08b047836f47704560e57062.json","1988","BD481BF38001D0DC342722EE644A3E9D6F521D8B8EBA4771BE635F211A999635","2026-09-15 00:45:09"
"08e13ad966e165e4c1cd043b.json","3384","870E874D326E3C6BFD0ECF8E57DA04BE61B41573B5092D9381E4C1B5541DB622","2026-09-15 12:36:48"
"08e47b98bcff898b90b5c6cd.json","3374","91DE322494501D78B234780A32E374C0A05E344F1D7BFC2054BD23CA9E1E63DE","2026-09-15 12:36:51"
"0924a5233c53a43c5efe90b5.json","3375","707168587FED07A2E758BD118D771622C8DC963F73144333495669249F7E84FB","2026-09-15 12:36:53"
"0981511ed5000f3e1592b9b0.json","1982","6EBCE5286D59F85A6EACCAC5CCD4B267A11F54E96D14EF6A326908DD06EB10F0","2026-09-15 00:49:17"
"098c9a6c09eb8c7875915584.json","1981","7038B684F81D7ABCB4CD814A1A3E2E386B66C9249364F188FFE46917579AAFBB","2026-09-15 00:49:24"
"0a12d0946a1231b0f1812a84.json","1982","DE2C877A48181246DE3F1978C5E9CA873F75EEC7280F5137EE55FB5E8C261533","2026-09-15 00:49:28"
"0a22325f8b29270c842ef64e.json","3388","FC30702F75C7CB686FEE95A80ED82D9BC35E8E8561D7B0192BE5D8937D0EE1F9","2026-09-15 12:36:55"
"0a23f8228c34ab4aa7792b8f.json","1826","9D1CB9562229DA6028E1A5358448EC08432AE515D459B41A069BC335464E2E5E","2026-09-15 00:50:48"
"0a4c0c4afd676e621970635e.json","1826","FB04D9571BE486D8EDB583DD3A418F612528C82E7C09885368F62A832CC7E9F2","2026-09-15 00:50:50"
"0ab693f35e674c0b0636ff58.json","3384","FEF35FA3F6073E3C094B6457B912791BC4DFE5A4A278F354CE62E2C31FB58403","2026-09-15 12:36:57"
"0abadd2cec826784e7277b92.json","3375","A8DF5DB50AEF68A6759F386D11D8384A56F0FA7B57316B905565B1B4445BFD17","2026-09-15 12:36:59"
"0b14660976248f6854d33730.json","3389","CFEC8A885881999305DA610276D027295022D5D58E1BD94CD5DB5B97769F6487","2026-09-15 12:37:01"
"0b40ad55113e31f2db94eb90.json","1981","64DC2E0982ECE6597DDF63D9C7F6991C99516D8E32BF368A34597476DA173A02","2026-09-15 00:54:49"
"0b4a536e504e3fdb11c9bc03.json","1826","BE7509C0F33FB07E5534AF68D3F877B74679A5AFA14816BC6F3E1E5E152FBE7A","2026-09-15 00:54:51"
"0b5c01b16720843a60d32d58.json","3374","407151FBDE063A8E7110CB6251265F9A379F669DC96CFAB110BE79CE8CFB5398","2026-09-15 12:37:03"
"0b88204cbbdbf794972171d8.json","3374","5EFE6B33D08F56DA277A3676BED2B421AB0837A4AE807A05EEDCD3491A4C9ED4","2026-09-15 12:37:05"
"0b9fb275b48a58ba5ca588ea.json","3385","BB5EC9F6F8C6C1C2090001B931C96992FE0774D5D83A43DE97FC2013CA4F5901","2026-09-15 12:37:07"
"0bbb4b801ec5ecbc5e73972c.json","1990","34D8A0DC7A9C2B107528455AFC7924C27B0BAFE3F014AD1D89EBE31E385452ED","2026-09-15 00:58:48"
"0bc11a4a881a8724778313d5.json","3383","218EDCCE462BD451925A4744127A63393F3436DA805159C76F4261F51EEF6DEE","2026-09-15 12:37:08"
"0bd7e2f554de5a0644f12fe6.json","1982","401772AEACF2FCE276D61BF052F39DB4C87A2E5995F9E8774FDF03FA5D7E04F2","2026-09-15 01:00:07"
"0c134c69c2040f54c3c1ba1f.json","3376","01C5BE69CAD158E268B74B6860BAE6395D41022EC6771FB74B259EC47AB752CA","2026-09-15 12:37:10"
"0c334a02370ecd297ade5675.json","3383","65BBD501EA87D53701211CEDD9FD5DF99BE3D138242A4C1CD1F5B85EBA580B5C","2026-09-15 12:37:12"
"0c38e89b7e33f059332c1da3.json","1827","4DCFE18B3D2B8A5FEC57FD6E4DC51F6558D61B6F838E581DF99E98A8A4BFDA28","2026-09-15 01:02:49"
"0c3a505213a0bfaf6d992f3d.json","3374","FDC35BB147222364DDF09B7795FDB88DC375695AC72034FDD40C719C602A6E36","2026-09-15 12:37:14"
"0cdfd44985a4c844c84fcff6.json","1835","2B8695BBD7DEBBD3A437A7C2A25D8AAED50D92A5F9B0854823221D18D41C97F0","2026-09-15 01:04:09"
"0d28594f6a6c2040f4e2166b.json","3374","D6D1DCDBBEBBA4C7A94A8B51EA4A63F0DBBBC6437CB2CBF4FBD0F61CA64B9CEC","2026-09-15 12:37:16"
"0d555f43e6bd1aae2a43325f.json","3375","FBE08DB04B3E9D34BFC235BEB41F06A434C4FE75BAB3FF7BE1FA7C2FC3834973","2026-09-15 12:37:18"
"0d57ddec74d0ed308f8ee40a.json","2010","93F5D4EDE74278D1545F643B87E2DB2464D6CA68FE369731067ACDCA36641258","2026-09-15 01:06:46"
"0d847709c79743e09e6bae62.json","1826","D602768CB2E1ED4BBB6A52F29D19949EB000AF017472D53D13BAD94E84484601","2026-09-15 01:06:49"
"0dbdea8180243e4cc1ce77d6.json","1981","0AE93915B40D4B791BD5214D639882519C911D5B9A3CAA092D21A0B30F9EF427","2026-09-15 01:06:52"
"0dcf08d59a494e827a4929b0.json","1995","330DAB172AABBD27ECB8EA23B2C427D70BBFCF101FE057BCF7CF84B2DD73A93A","2026-09-15 01:06:54"
"0dd41f2e7499690836de98d7.json","3385","A66F7E52BBA98E63FCFE8618B270A5C6A6F7AE88737013A6418B11D5506F6AB4","2026-09-15 12:37:19"
"0df0559a20af4bd3b1a0f45a.json","1860","237E4F0F09E47A6CEF94C2321CAA69501CBE34AFE388B8047D777BA508C5D424","2026-09-15 01:08:14"
"0df1f7f9825a799423feac33.json","3384","BDF3C539F48285BDD144BDB10AA02A2A315EF07804CA57858451E55A07ED426B","2026-09-15 12:37:21"
"0e0deca1d55d2c4ee106d937.json","3375","EDD5A0ADC92B5595F958A4ABE7A63A3D529A1641BCA47E03603907063287CC9B","2026-09-15 12:37:24"
"0e50493980ba7216648af26f.json","1837","CFB97370D94C3DFE18130F805698FFD57A0C8DB0542915983E776F469186340D","2026-09-15 01:10:53"
"0e68b44a4da193f5a7b5393a.json","3375","C5516A7289A65E70216EB6549791D9FF4E943095BE3927097BF4571341E3F7EE","2026-09-15 12:37:26"
"0f380452c81c008990991d79.json","1991","3ADEBA695A99225E31A2A35185C6CBD6A1EFC2B79C6F3531DF8AE7C0FC07C702","2026-09-15 01:12:19"
"0f5b391663964d21c051084f.json","3389","2D59CCFE2112C114A9880D9F528176B00E380F43FCA831692D2E5DBC24548590","2026-09-15 12:37:28"
"0f7113a030cb620adbf92983.json","1840","9E00773DA3CE63F65BEF5D6DFF8CA9F26D29E14AACFE58B011A0FF5C8E263A11","2026-09-15 01:13:39"
"0fc5cc6354ca83f1d373afaa.json","1982","908AD52F467303E449E3A527461718770089B802719674EC0BF4E13565AE01B6","2026-09-15 01:13:44"
"1047ad86e2d0f20574eea8bd.json","1995","C693BAB3E1D5E359FA209B568F4639523A1B57155C7EFFF5096D87EB2402FA73","2026-09-15 01:13:48"
"10c86f8e74ecbfa165ff84d2.json","1988","53EFBB7C2DBF14028523854174F429F3424739C36139B8A8B7A790382EE8D847","2026-09-15 01:13:55"
"10ca3268c7998d604672c689.json","1981","594621E7BB39FFA6327B0D59DE02614485CCFB67ED90C35392BE944460FEACA9","2026-09-15 01:13:57"
"11557be4c6281be8f28152d8.json","3374","3248F936D798AE84DA1DE6A4661EF7E1647DF55B0B75915ECF80DF9829AC29A6","2026-09-15 12:37:30"
"116ad07bd35fbe486abab7a4.json","1990","83E2BF65BC475EDD011BD130AEF56E6530BDDB6CCD48B0310F8CC24D8222BFC0","2026-09-15 01:15:22"
"118a1b6263eda83884f25d58.json","3375","7A4782404C2DCAF87425C07A3B55B6AB88D485A059A54B9557F517671B012AB9","2026-09-15 12:37:32"
"119f895c9136115b4d21eeaf.json","1982","AC61049D657F89FF3C81CEF992FF51B6013BFE3959A773219192D3FCD4500B1B","2026-09-15 01:16:48"
"11a0e1be0d80372899327c99.json","3375","3725F26921ABEA2C283C2941A8C0FC439F6773AC55F11BDB2D36506E86AA8D24","2026-09-15 12:37:34"
"11ac1646d455470925b8cf92.json","3389","A1F66A8D9478BD653F563125B824BCDF22474537C9138BA05E7B944D10D93728","2026-09-15 12:37:36"
"11f56454782615ff0f99ec23.json","1840","263ECD576510757236505DE92272DDB59261C2B27DC2322AF37C736DFE4EBD6D","2026-09-15 01:19:29"
"1200c61aaaf0b5aced4393da.json","1982","F415B6363C058A9CBE0AC20C3DD22748A955428251DDCEDA6CBD1492F42B1073","2026-09-15 01:19:31"
"122c63bd31637afa05237d9f.json","1837","2FC12B13BF8BE5FB1CDE42A20FF092321E086CCF506646797A32092277C6E809","2026-09-15 01:19:33"
"12601527ce2256f6182235cb.json","3375","828EE873C52766E5C2F3B362308F6108884D060B7B4E33E0702BBC8F3A414A20","2026-09-15 12:37:38"
"1274275edeeea4bc8f01b1b6.json","1827","573EF66A86B97754F4C8702D4FBC52A2C98C4D16AED7FFF2C4DE32AA4676F5D3","2026-09-15 01:20:54"
"1276d9a77c526e254322f62d.json","3374","3ED8D37852F88B47DF55088AC7DBEE4C8B0A3F0175FCC9E70CADA2F4C68D8389","2026-09-15 12:37:40"
"129b78d1be3b9baccc14be4d.json","1826","DAE0231B4BF972D83CF9B9B43F13EB6DF916C035B9ED6765D9434E4CCAB2646C","2026-09-15 01:22:17"
"1301e9d852300e3645b8c1f7.json","1840","6D5A2622AF987445E013B794A4A19F62FBC61C5CD38AC7B35BC0A2AC89250008","2026-09-15 01:22:19"
"1353f19bde56eb823ed04c15.json","1827","379C2C96C1BC204A6ED45AED306AAA8589F4636DC187ECEF54E003204A9D9A8F","2026-09-15 01:22:21"
"137feddfdecef78b6c118ca7.json","1981","B5F57A480287FF8B3A807C2FEB1C477C49CEAB4C029AABB69CDBB3B2B66FDC54","2026-09-15 01:22:23"
"1382c5d6166abe1124603521.json","1826","30719ED38390495C52AA53DA1D2F070C891497592DEB221C5178023E93D0946E","2026-09-15 01:22:25"
"140e23b7a91a427797111419.json","1835","3DD4F1B7364A61C0C06F4E0B4AA865B4564D491923229AE6336DBF340CF04DD0","2026-09-15 01:22:27"
"14128d9d99b14214596315d0.json","1826","772E978F22CC770783689F2D6FD5010584F505C3F5B8D12251BF0D4545740E68","2026-09-15 01:22:29"
"141963f519e59984cdf32fdf.json","3381","757B91DEFAAF2B81C340C769CD1741EA91411D873AC7A646994D09966B7A6589","2026-09-15 12:37:42"
"1435354b8ac0b55c156dd1ce.json","1991","EA7A9FC50AA82215B601563692DEE69C7B9880BEE8B6C1565E1A936168207722","2026-09-15 01:23:48"
"1444461d49d31286effbe3db.json","1826","199799FBBB041E72E28568AB8F0F87B70BC2C190D83EFBED4B1CC56F01E56498","2026-09-15 01:23:50"
"14592dacf352b5e9eb7566a5.json","3374","BB911D9C6606E650160F18B1465B185A0686154A0E894D64BC358E3EE0E1325C","2026-09-15 12:37:44"
"14ad75e26959508b053eb64f.json","3375","FAE8B2659AF5539CD18AB45DBC5C7B7AD4E696AAD6D1164883CDC5D5F23BDFC4","2026-09-15 12:37:46"
"14bd7a67c7878fc7eb671cd6.json","1990","C3F819852F32B802E7BB7933B5E2ED92D0E7AF5F3B89D64BBF56983473221F2C","2026-09-15 01:26:30"
"14c934519be54368a0b20067.json","3374","BFEF2C9A3441D1D2951CCBC93500BB1407BE3A1F344109CA9F887997D7BEA7A7","2026-09-15 12:37:48"
"14cf52b8db9e55545772ec50.json","1980","A581470C8A9E0C0B39EB046B9E7F93726A857763059FE794C173BF749FF56442","2026-09-15 01:27:50"
"14fa65b52a871a6287fc9456.json","1826","20A8A447C9FA861DAAE0E02BC9BC11478CC7780145650D4CFA6B37D047DCDB67","2026-09-15 01:27:53"
"15191cf6d1a87d781c46d3f4.json","3374","BFC7050CFD86776FF8E8A6FB03F9E1F48AA03E59512130FA2F53688BBC319749","2026-09-15 12:37:50"
"1538a27d3a4d5bd7dbb3260c.json","1990","F0AECF710E18858CEFA30D280045FDC61F00F9A4D7F22549715E48347A850F6F","2026-09-15 01:29:13"
"153d328facd233e7cb5644ff.json","3375","96C2093F2CBC6AC96DD88B0DEF61B3F83F0FAD3342C87141D82DB6F21106B00B","2026-09-15 12:37:52"
"15804f204a09eeaa1a3c6563.json","3374","43487FDBDD91B402D0CE04894FFC9E452328554B0FF0C70B7B4ACA6252F30C7E","2026-09-15 12:37:54"
"1617ed6a8b495d990b8e3887.json","1991","0B5D43FD6B8CC3B022B1A5295B8FFFE9B10C80FB2399B046672DB805B8586949","2026-09-15 01:31:56"
"162b65459af9fdedfc9de1da.json","3374","75B4807AF709A89252A6FE34DDC5BDF8C0FC37A2990315AA655E2DFC8A2D7092","2026-09-15 12:37:58"
"1640fd700114b1b2d1fa3ebe.json","1752","EAE6A3ABCB627B6C167641CF3227D653ADA6FC12F4B4AA9E7E8C0511DA9FEDD7","2026-09-15 01:33:17"
"164a21f5e7e1542f898d429c.json","3374","C3FB67AFF65C6F94EA46A33EA2B89324611B5B3687F51290EE9B444DB08DB9D9","2026-09-15 12:38:00"
"16663507520866d61a8e4ce4.json","1777","034C7566604570272A19E0F5FDC269D60E1053DC03139D157AB15C3C6AC481B6","2026-09-15 01:34:39"
"166e671930875e2a487fa42f.json","1827","4D6E0F322BA8CA81168CF761C328BF9636251DFFFE9D18B3A5DFA42E3E7542DD","2026-09-15 01:34:41"
"1699c9ecfb81af1474fffb29.json","1827","7BE0AD9E9C29C1FEF358328C4813E14315041B64EDF3B0A1A5BA969B80F0401A","2026-09-15 01:34:43"
"16ae9e3ac50a2dc8595042a8.json","1767","709140C88B2B4404EBBA8237A4419D693E18EEE5310A64D7FC74525B53CF9B66","2026-09-15 01:34:45"
"16c1ebd35c6202b63bf0aece.json","3375","0D6EE1F1F5A11A84B993ED45B8E135C7664BCEC507097321F34A4D2E649A7F01","2026-09-15 12:38:02"
"16fbd02ec5779c1c7d6dc7a7.json","1833","50A8FEF6E7E7681C175D9730F8B48C78EF4430581EA4CCEA938E85780CFCD956","2026-09-15 01:36:08"
"16fe4e354cc0d8c28f64c0ec.json","2891","82041B5DC690CCF6938DD228FFEF619212209A120BD2D0016A86B6C05EF18B1F","2026-09-15 01:36:11"
"174c98229e0bda3b4d6a4ab8.json","1981","CB52B71950260DC939226D125868865A1DD0EA2B5F2A3923B79371004B1E8332","2026-09-15 01:36:13"
"1784ad515d4fd07c440008cf.json","1982","0DD62BE5587484AE37613269D53AE520A13F89CA13AC9D15130EA161787EE139","2026-09-15 01:36:16"
"17878bd7dc862b3d7039814c.json","3374","652BE389422C776CC92FC45403399FB5833AE8847CD3300C6DC87B7A0E4D33EE","2026-09-15 12:38:05"
"17c7dbd71a7fc777184bd61d.json","3375","B89B46CB27C83E6B403C4642FDF94E207555621025E62B544A6A1DC663E1782E","2026-09-15 12:38:07"
"17c8f6ad4c1ad222d80debe2.json","3375","E4E1E6052172C00EFF9A4FA01C2A9CC9BFFFB5F7785ADC40A747D2B16B79163B","2026-09-15 12:38:09"
"1871381222ae9550a9a13403.json","1981","936EEAF310130869C6521ACB5FD5975DB1CBC534A71069174033141F1769A551","2026-09-15 01:40:14"
"18ae7db51c9175010375112b.json","1827","E0B692DE197933AC75E9A2F6076C61B4085C9A17B6A95331319410F7778A97AD","2026-09-15 01:40:17"
"18b7a847aaa04ff35403af3c.json","1826","2225CC0FD292D187F684BF6D251C629170F272030FE7C1E1EEDF9504FFA3D5C3","2026-09-15 01:40:19"
"18f040eef3d930486151710f.json","1995","2424A2B40618B9414086E5CEE722C988BFBA81E9A604274BA077F404376B6B46","2026-09-15 01:40:21"
"1928ab761e5923930d7b9616.json","1991","D1D1913772C5C1C2FADF9DD787635F93ABCEDADD8050372E4492F0356598EF77","2026-09-15 01:40:23"
"192abaf4831d70b240a24265.json","3374","6144E0852ABB643074715CDF975810BDC6E904A335D86030CD273EA599C4ED9F","2026-09-15 12:38:11"
"192f095898f32a19cac2e834.json","1753","A9932609B560F90517C1EBC71CBFC8B92CED612EFF273E2163A5550F80E95DDE","2026-09-15 01:41:44"
"193304a1d0cbf6f540a1e1fc.json","1981","FE8138A8475CDAA26C21F8C557211E8C55C1EC58448094C307E907778036631B","2026-09-15 01:41:45"
"194f9e31db5500d8f5b66e11.json","1826","E8B13000C7460F30F74509EE79E2AD32409CB77B99FFE2FE08C79995784E1972","2026-09-15 01:41:47"
"19632ef3a17c8ae8c61d3484.json","1875","1D8FF9C5AEA6BEADCA23CC9B487BCBB4D962C4325DB58D9D1239E206776C18A8","2026-09-15 01:41:49"
"196d56eeec6b053738edb8fa.json","1996","8279F72CBC5CC99C59905C66CCCD5CC7EA42DA8576B632A13281DC1398C191CD","2026-09-15 01:41:51"
"1970896a6ddb590dec2b145a.json","1827","DDF74F5D9CEEC0FDD90E66EC105EC332E66B6ED63216A400E7BA594DE9DF1F32","2026-09-15 01:41:53"
"19aa219934cea26272e13762.json","1827","D02CE9498BC78F4488EE87F286AFD3B6721723B5C13597B8ECAD93BEEA5BCB6D","2026-09-15 01:41:55"
"19cf2a9cecbda8447cdc4dc2.json","1767","602D0165F460EA9BBD7B449E405EF473FCC315E84D5E64A02C615C3399A71599","2026-09-15 01:41:57"
"19dfeb8a70a61b7bd640824d.json","1826","76DD05B2098291DDE7005905703734373F23927FB18B46861E67F67EA7F865B0","2026-09-15 01:41:59"
"1a6deb5168edb436f1ed0066.json","1753","8231F101165A50ED1348C276B4DAA1BA27D69B46A94F8C31A4BD1D505834DF72","2026-09-15 01:42:01"
"1a9daa12e644d5414a21a047.json","1827","4E6253622CA17A91D738D160D1EF70F013E23F2B737925923D9566FF898E2939","2026-09-15 01:42:03"
"1aa6e932fc7f812db0fba906.json","1876","B13D6BF53FA023EDF1527EDEB6CD40C94A8B670AEF6F916DD23433088C0EBC88","2026-09-15 01:42:05"
"1ab86d5f548170ab3aff7547.json","1990","963402BE870614B194365D26E0572ADC670FCB41A77E6706D943498A3E6DF29A","2026-09-15 01:42:07"
"1ae19e2386844491f61b6522.json","3384","0D045C9FB7AE47074E8D5042FB1E8065882375EA6A3550A2963BB7EB2661FA2F","2026-09-15 12:38:13"
"1ae24fb965d27daae7dff4e9.json","3375","7AA03A1BBFA85FF56D6F897A3829021AFEB9A7C03EDE0ABEDF99D1C5CF1B6DF2","2026-09-15 12:38:15"
"1af014a1b89d6cf23cfa7868.json","1827","602D1AB2102FF86CB2CC250D9715A69935873D428F6A2EC492C5B59BC0C471CE","2026-09-15 01:44:45"
"1af0cb51ea88554e7ee439ba.json","3375","1643D15B54DB314984EB3B818517C3870851713F8FEDC75BEE8112BF1BAB2140","2026-09-15 12:38:17"
"1b0dde8e5ee4631debffd39b.json","1826","9BF5A863E3F4DDBA5C10716C91501707902F272C311B7562B786CED7A91DFAD3","2026-09-15 01:46:05"
"1b119a90fb4f97231b4b6d11.json","1835","D2D339E5740B32F35362029A2E2CEDF54D7BF5F160E4EF3B693E9B7C6256EE3B","2026-09-15 01:46:07"
"1b5d15244291b49254304e36.json","3374","E34E737A6FE8347AE43FB241A2001C98727E92DF5B7CBF45C40735CD5C7ED1C9","2026-09-15 12:38:19"
"1b80d09a50480b24be65339b.json","3375","BA008B4640D5D5F94C7FE61A8445DF33EF93A967614F3CBEFCCCF61B16C95CA9","2026-09-15 12:38:20"
"1b97714c226c0756b00fc800.json","3389","3CA237D920BBC9B7A5CDC30BB852D8F4C17D4DF68666D3565A132A286DC01168","2026-09-15 12:38:23"
"1bcd0d9c6a220bd812260c0d.json","1982","AAFC294C9D5ECDBA62F7F9E4417BF56D2F986BFD34060E921E206A6DE43CEBDE","2026-09-15 01:50:12"
"1bf6cdf727a2386ce1588562.json","1990","C89F3E7F4EEFC20475EDC568D31A760DA04A96DDA6EEB52584A27AD32A998D88","2026-09-15 13:35:23"
"1bfb7b14e5b554a5bf1fbe68.json","3374","D1BF0FBF8800FE0BDD475B6C5A153E9FB8820FACEB7F10337935BE94B55AB868","2026-09-15 12:38:25"
"1c274795c3411b3f999c6ce5.json","3385","BA40C40E1AC377B29B26C0C909BF84483FD44C01A8C80015DEC29A6EF0E9AAFF","2026-09-15 12:38:27"
"1c4a1927256e289ae0ea949b.json","3375","A67101F70807E01EBFD1BCE9542520570CE2F02F49E8FDAC49C4033D5B08A08D","2026-09-15 12:38:29"
"1c990c46de84b39fb2721f13.json","3384","08D237AAED61D3535466993167BC696996BE291A84DBA9EECF614022CBBCE1EF","2026-09-15 12:38:30"
"1cbc59c4fc8802ffd92bea7f.json","1762","13A0F935C24F03DBC5DBA7DED67700F3A82806614E15AEEC529CCAAB2DA66AE0","2026-09-15 01:55:35"
"1d1be5ba2b40d0f890382b87.json","3374","C54CB6A88F7EB4995897CBA1E49989EA2C0EE91C248615F080038B70C476FA85","2026-09-15 12:38:33"
"1d1eb6736a4833131df5ae91.json","1835","3EACD28BAB720045D218A6659E4CA4B7808B955F7C1A804760BC314F03160669","2026-09-15 01:57:06"
"1d46a10116edc3e19e02f1ca.json","1841","43BBC58D95E42DA8BFF41D2D07ABE5884B6945028E7507D4D56CDD210BC960CD","2026-09-15 01:57:09"
"1d4abbd86f7dc29db77f941d.json","3374","78D28F569600E929FEC83D5D4E305CF22FE2125212839565C9819B8F682ADF93","2026-09-15 12:38:37"
"1d6e268e8c225ae8946eb623.json","1990","41228D2A1EF371E9EA6DC372CD8C425509907F2DBC9C3755B6C095A49D624932","2026-09-15 01:58:29"
"1d89825f65b8684cb1d87bec.json","1981","B91FD800B0F68056FF8DA379253B96C7754392660D338FC5BE5523757B6AD4EF","2026-09-15 01:58:38"
"1d9ec49987d3cdf16c7bb93b.json","1826","E4D45E857E24A89E4ACAE488988F6F2B3E5827784AE1706BD1CF37A0C4F6E03E","2026-09-15 01:58:40"
"1df1985ee6d54d904784727e.json","1826","D01EF0D019A2196457D6EA9B53B8AD2AE834243834B633825E366EC214D21A39","2026-09-15 01:58:42"
"1e04a49a9d3ee746d1e3dcd3.json","1982","72DB00DD8FB7FF72B651F3EB1B72F396A4A325A6969822225512F28701AA7C86","2026-09-15 01:58:45"
"1e371aee7d9fbe2e1047c2c4.json","1840","3FC954B867C9162ACC07B3A629D26916FE14DF75E34B7B0A5F4A2CDC49475704","2026-09-15 01:58:47"
"1e47b4a74808c5c09d022d06.json","1992","8C50057B36518554C6C40045DDE51551F21BAE55742B14EF4EF8B0C61D0679C2","2026-09-15 01:58:48"
"1e6c5d4a42ebedde51dc9cd4.json","1836","3F7A67529422CD49FE0B4DEB6F144633A7B209245A673A1C97804C47A867E621","2026-09-15 01:58:50"
"1e9ee8f7eaf45efbf467715d.json","3385","5B5E0301DE92ADF1668F294A1D7B7701D8BB075FEC8817BFB56C41524BF3646E","2026-09-15 12:38:39"
"1ea6f9787693cf7ed93c94be.json","1826","99488883716709533FA842E86E6A6644E9921CFB60ADF5FB970E3F998BCC9461","2026-09-15 02:00:11"
"1eb5054555f916ec239e0cda.json","1827","1A43510ECEF50B6F4DEA384356FACFABF079340ADB3BF01981C1242C9C1DFCB7","2026-09-15 02:00:13"
"1f04c82a2de9dcfc82616618.json","1980","349C9A45F2CF975BE1E96B482BF091E962F5030A81F4EDFC8C13536D420889CA","2026-09-15 02:00:15"
"1f3c61f8fc839dea46242717.json","1982","6CAFC1986EDD007891C7813F6929409BE4A33EAF2C8A2C51EC74BE9F98038D42","2026-09-15 02:00:19"
"1fa0b5c847c77fbf16d88b59.json","1835","5A9DF0ADCB892695A706A51D3E4BCFD1B5AC5B1A21B7F87B9FC82F4230639B8C","2026-09-15 02:00:21"
"1feee52dc5d03cb7e4246782.json","1874","D60441089B1CE507034BD9B9BB323272D96837A0CD6F74979D9E92B7F68996C1","2026-09-15 02:00:23"
"1ff5616c99b4d68b414e11bc.json","1981","E5365161A5EFA05CBA747F28EF7A9733F91B1B8A6534DFE9522C9B670E257514","2026-09-15 02:00:26"
"202a5cc0198c0807b6a1f0e8.json","1753","460CEFDE0A454F0E76393236F8DDC92CC205DF6C93F0F4F90FE268B7F8C2B7C5","2026-09-15 02:00:28"
"204a11495d7e9c92665c4a15.json","3376","9454F85FC3489AFF37D64DD2C2840A239C2ADC806232F747461037F9F781FAEA","2026-09-15 12:38:41"
"20ba8b4d672d6b2dae536785.json","1835","D1D79E9244942DBB6285FEC5A9279F2E83C7033233C8865FA6D9C79DE941181D","2026-09-15 02:01:50"
"20de2b5b4b1444bb6e214f37.json","1860","05115BB3F71C999F2ABE7C2E8B84E60E3507DE7125DA85F25DC5E86F9A922367","2026-09-15 02:01:52"
"20e6fb26a023c7d8480858ed.json","1841","252F08376002CE022419AC37B9FA7082BAF00DE9494D2969C8E4F3FAAB1011FE","2026-09-15 02:01:55"
"216093534747f45abf38be6f.json","1981","B8832017918B5A3E89B07AC78F8D9CDDC5B9065481A1786E6D5615F57919B9A7","2026-09-15 02:01:56"
"217898c86595aeeff2524d21.json","3375","0F9AD644F51C24B61E9057A99DB919C1612BA1505EB4E7F98FE86E9BB3AD20EF","2026-09-15 12:38:45"
"2186ca0b50b0fb9bb8fec570.json","3381","34AFA7C3B8D336F6210D8333A9CFD979E99DCB0DC6DA259C90E20ECFD7DADBF3","2026-09-15 12:38:47"
"219a53738ce10b0733ae7be1.json","1990","21D41CAB3509223BFE20EDC9B22A6F209E7C71D5142DA86C39264E2C4333A8B7","2026-09-15 02:04:33"
"21ab6f4c18b040ab896290b7.json","3375","8BFDEE99C6F0E3CC3940C809763632DD437EDBB9F727190B36E50DFCE1D7ED95","2026-09-15 12:38:50"
"21df18311f4e6c2723e3c933.json","3375","CA5B71092CC2F2413EB3880B75C361D6500067AD2E04A8328B0A2C0415C3D367","2026-09-15 12:38:52"
"2208b3c035e631c39512b7be.json","1753","94BCF38A8490226C7FF3BD4332E3A820AFF79741ADF6F726CFD87A9746725034","2026-09-15 02:07:15"
"2211c019e5273b1f984e8012.json","1826","6E2471F70F9EBFEC7D7BFE7F7A458E38F5D0A2B593D41F8D48072736CF2B6CD4","2026-09-15 02:07:17"
"2226d506a3af897163b8bbe1.json","1837","5C93DB5C052CEFE7199EFFB278B0C237DF8B97CCFE028F8FB47C33F6C82A47D6","2026-09-15 02:07:18"
"22391eb4f2e1838d6cb7e471.json","1827","B54932BDEB444A24C25071E1CAC1F14028ED81460EABDD7A7316565F7DB8AB29","2026-09-15 02:07:20"
"224f7c7c9c34fd3f2d8bd9ff.json","3375","DE2DBD5E100E012B92ED867E89CDEE8D6F056871FD4BAD8C7D2DA0A287437C1F","2026-09-15 12:38:54"
"228b57819f3ed9b71cfe50cc.json","1981","5D936CD8B3DE37B680CA6C77CD394985FE60ACDD8AA2D0E7231B97E9BA1EEE4E","2026-09-15 02:08:40"
"2292237995e48b59d7ab5b1b.json","1787","7E14E00B36BE24401E1DC7A0119D9B6FC72EAEB091614945FDBDA45E53F5CA68","2026-09-15 02:08:42"
"22bcc12392d7ea5635b4b77b.json","1827","9B4114D62FFC926C7E644F6A5295F5B91DDA8392D10CCB6063D67560E08CCE39","2026-09-15 02:08:44"
"22c11d9feb874389447dd356.json","3374","BD5D9ACB155D035627870648188CD426D538A1DE0C0842B54CE450A98AC0047E","2026-09-15 12:38:56"
"22cc25d4547d6743cca1665f.json","3374","D9D70BB5F061E5431AC783CC8112C0C183932F8A90ABB8E620EED265C49AE8FE","2026-09-15 12:38:58"
"22d70f86d451552450b4d93e.json","1981","EDE0E8B73AB55448E4003D225C7F20633C655ED5BE7EB8EC18CAAD29F7735AF4","2026-09-15 02:11:29"
"22d78fce6df826bbb8d4ba46.json","1982","5F843E797D969A427211370FA29CEBE6F60AD610119645F4DF1863759345F0AE","2026-09-15 02:11:38"
"22e1e577fc571fc77f4296fc.json","1981","05EEA9EBFA558D5F9E9C22227B8930D7394F4AACFA4FAE42EAD324B65CA7CD86","2026-09-15 02:11:40"
"230e84ef2bed5caa331be317.json","3375","1667D4F5D27EB2D9C55DBB4D35481F41C6F096C80AFD4B665098BAB46416172C","2026-09-15 12:39:00"
"231e78ae3a57bbc48123eec2.json","1981","C4002C7E6D7E020F3D45D50D24286C75276CB322F09FC72787DCEAA91E128E3B","2026-09-15 02:13:00"
"2354d0ce351eefdda23e9810.json","3374","2CF53497A1FBD1A6A0B66651E1ED31C5D2100C502F2391341E606071B303DF06","2026-09-15 12:39:01"
"236fc116e898b4abee887e60.json","1982","F71DB36D0ED92C6FD9AC164635665181C641E40595818D385C3B573DC340E4DC","2026-09-15 02:14:25"
"2372e3f55ad488840926e194.json","1827","1FCB0876701C34F2F5E9D06C824ECD56F9D492A9F5E1DB6E30617FF7CA104B9A","2026-09-15 02:14:27"
"239b7d688c9c2ccab7d1ffa7.json","1752","78DD062C4D6D86D453B3DA4F08F074D07236D4383ACBB0F080A712DC14A5ECFB","2026-09-15 02:14:29"
"23a4056e729a036c5aadcae7.json","3384","28FE1E10988F0128F760B8445489FB04149C7EE9BDC3D04845C211DFEBFAF7B6","2026-09-15 12:39:04"
"23af6af54bdaca902d940355.json","1990","C675106357EF5673EA72A9EA7E3DCCECAD0D118A9F0CA95D06BA6F8D2F829088","2026-09-15 02:15:52"
"2434fb15a7ad757245905be5.json","3376","D0A8C84C13B836B138588312516671C787BDD42E262E025EB72AC4EB4680BDB6","2026-09-15 12:39:06"
"244a3e814c26e6464e93faa5.json","1982","4D5D3F082401D92A7E2303FEA3A8A7664DB6717EF4FA0268ADA1BBFA148635FA","2026-09-15 02:17:14"
"246945e3298674235aa0a0eb.json","1981","688FA9CAABC3DE68ADEB6A98969D9AEB9A5EAA08D7C412E93712476DC132BB39","2026-09-15 13:35:27"
"24d39f2b05496bea4a9303e2.json","1982","1DC78B6535350DA1E9494474CC56A677D83548EBCA05B01FB4ED3D3139B42A8A","2026-09-15 02:17:25"
"24e44993c9a65a06d8bad116.json","3374","8F1088A62740287438544F6BD40DAAE01584C7B4670D49B3F24ADC50EAD5FA43","2026-09-15 12:39:09"
"2510deae6e48aaeea821a73e.json","1826","101E53730E35E02C426ECC3D91625869F15909C79F6D9056DA898A68634BC56F","2026-09-15 02:18:46"
"2528121dc9c8859d482cb8a5.json","1826","6EA96E699202938646B54E5C5789720697210CEBFBFC6E950E1DBDC9EBDAD33B","2026-09-15 02:18:48"
"254cef93d87af46165338654.json","1991","207443C3B0A45FC1BC4E2625CB0F7766E75310285AA8656DEAFAF060F8EF6D75","2026-09-15 02:18:50"
"2559fd16e99c042de07813ff.json","1981","8B4662DA77A57B788CE3BD4AE1744F54C111173D3C6C8BD6AE6E06E8447EC7A7","2026-09-15 02:18:53"
"258c1fdb81113df1eb96f60e.json","3383","6B027A7C82A0E6A94E8F412D6E55C7E172BEFB10A6384AAB95B85FF939B038CC","2026-09-15 12:39:11"
"25bb7cef001a20aea6f29aff.json","3389","70628D0E3558120CEB050C53D931F8ECD579BA4A1AEAD999F32122B052E57EC9","2026-09-15 12:39:13"
"25f033ed24c51b493c98b319.json","1982","3AAD8DA0F4BF0C5A83AD18F26A922247E155AA4CCA5516916583D1574785D06F","2026-09-15 02:21:33"
"2623e5557904f07725fa1cfb.json","3374","A46C9FACED72FB1FE9CB41501C83300A4323687981F33D54188240FD6732DA18","2026-09-15 12:39:15"
"26264025b4eb7e92daa0c447.json","1991","68A77369A2172A7B9B0A77DDA3DD6B4F7CC1293A190AE7ACB40A370B20920A11","2026-09-15 02:22:57"
"26d610e665d0a697c74a0880.json","2440","AF9D949325E675854290F5DAD01A66E21C8F755DB736BFD156CD76BC3677F797","2026-09-15 02:22:58"
"26e8eeb6012007b3e559d9f1.json","1991","CA721D6A929F7ED7B05B7221E2518C5FCF2BBC6B01309C24ABE6819959B83A3F","2026-09-15 02:23:01"
"27625ce9c6ee8ff61e20a3ab.json","1826","C9DD39C734F530DC522AD247DCED103B50046BE24B34847A28A22D2AAF229D80","2026-09-15 02:23:03"
"276ae1e90bf6b5bea83c42d3.json","1763","1E6F0800BA364A15977DCC333EA407661E23A707349373ADE0A8E90A67367731","2026-09-15 02:23:05"
"27968327961c2cd4ccb53fe8.json","1860","48D616DF5D1EEF52DD44283867BA4A4ECDD51B57B191A7BEB1BA58C1A1C20FDC","2026-09-15 02:23:07"
"27b5182f1bee543c84e710c7.json","1996","C34999F11A89964E07B25DAF71701A8FD12C42E3A6B81D4D2F5846099120FE72","2026-09-15 02:23:08"
"2807504438fc933fb7891aa9.json","1982","D2A28F4CA2D91965EEFDFCD20BFCB3084BEA86B231968DA65C7EBA4529FAB275","2026-09-15 02:23:11"
"28470553237542ebe3987002.json","1827","1A6BD1C97B8D25AC3BA15CE2CA6E587ED80CD3F947762901D9A7CE02154CD6B4","2026-09-15 02:23:13"
"287cb6851e0c12648cba6436.json","1988","57BD6D610DCDCA2EB97EFD13AA22A0C28A395C9FB48E90C45C50B3A2843D9E77","2026-09-15 02:23:17"
"28b71105ee247247fad247ae.json","1981","6481F8A0FE1C65CAC2B3DA342028D6D431D8AC49BA2F2CCBE28E49DAD1C9E47D","2026-09-15 02:23:18"
"2916c4d2708195beee1957f0.json","1981","B8924A97DC80AAFA0450FA41D2F51A47E070CE458FA1CCC02D13707A7F731DAB","2026-09-15 02:23:21"
"291bc9b5f6754ed8a0f32188.json","1842","77BECEFC8E38BE7251C6D4E8F988064B979EF97B5CB85E1B56F2AD70533FFAA0","2026-09-15 02:23:23"
"29504d239469aaf433b8bfe9.json","3375","43A49FA909D82B9C3DE4DC06E75BE950C39C67ABAF28AEDFC5E882975CA2E943","2026-09-15 12:39:17"
"29772af62fd004ef5caac397.json","3374","9A674B9853DC7AB9EB71B3DD7CC6DFF0CB390F6DF9636E8A7E19328AD6AF8359","2026-09-15 12:39:19"
"297cb5aad744f0fcbff14f80.json","3381","83E174E6F1325838FA27901B6641F70E89450C4A7E5CCCF9980F6D7178766556","2026-09-15 12:39:20"
"2997273a1e16a0d2becade57.json","3381","9DCE030ADA80339D9D1A1AF212AC715218A4BD70ABAB5081B83222AD5BB53A52","2026-09-15 12:39:22"
"29c770c128623db93d23f635.json","1980","13490992AE41EBC92A1CE9DF065FA4F7F37BDD039070C88419D2CD95FC5CADBF","2026-09-15 02:28:36"
"29f60065c0004c92a59155df.json","3374","AA28A40D93CC6D68C20378F0BAC1BC382AA12D20E2DFC4103EDF4C09B923678F","2026-09-15 12:39:24"
"2a17e8abe2a6ca1d29dcc368.json","1826","BAB64CFE19BA46816F8AEDB15A6148FD969F6B1FDCF561B1CB24B1F87B98C4C2","2026-09-15 02:29:56"
"2a212fca346683a68685aeea.json","3374","96EE537EBAC7BD584CDB76379DB0A0487E70A66A1F55313196169B799358629C","2026-09-15 12:39:27"
"2ac6c05712f7517d0a482c05.json","3383","DE6BC3CC35D0B27E771CF5831B5B4F4C9BE4628807EA16667FCB65EAE86F0478","2026-09-15 12:39:31"
"2ae3d515151df0b385badcbb.json","3383","05DE5DCD2D286CD8733A86D9B4B6BE67FC4CCF1142F6EF87914ED9D819D47780","2026-09-15 12:39:32"
"2b0ab2207652ac76bbfb5dd5.json","1841","65FB955477DEF579205A3DE5BC5396B187265251EE76102494A944BCE75C9DDD","2026-09-15 02:33:58"
"2b45a51e5e88534179176491.json","1982","90737D2BA318AE6427029BDBA150747FD47A1596E98E864A299631EE3C2A254F","2026-09-15 02:34:01"
"2b4c9732f648cafb11bb2b07.json","1826","352BDA1A9588DC45BB57F055850ED6A04FD3801245296A7AA7BA1F12B0EDED67","2026-09-15 02:34:03"
"2b55e74c40733de4633980a1.json","3383","38D6D100CE1345FFA6BAC9B070BD8E1EE3528AEB6C981A345FB4670981D533FA","2026-09-15 12:39:34"
"2b7b4da57abb4995135c20e9.json","1860","56C47570A4DFD3F84AB8CF37957F899BEDEB0574E7E7951AE412CCA728D131B6","2026-09-15 02:35:24"
"2c30d35f757573544b2aa22b.json","1982","4B97421C4C0B14546B79A17C97624169296506AA9CDF604621E2F157C56CAAF4","2026-09-15 02:35:25"
"2c70e0f2a4173577f02a34b1.json","1982","8D5F1387E38A806D3845F1FEAC1DEB78D494B254EA18AF16943236B4D33A68C9","2026-09-15 02:35:27"
"2c7106990391219eddd1f8a3.json","1980","6C4EE7EFCE8137C6AAE06D1299570D7C217A984443C83D831237315F8E363861","2026-09-15 02:35:29"
"2ccbccef4c7614ae9931eb58.json","3383","5397FD5ED94BC5BA021EFF752386DCAAE5B3A3B4429D35F1CDAAAF50B275D89E","2026-09-15 12:39:36"
"2cdcab4d9e824459723617fb.json","3388","0E9D7E9620F1C18E0CD1A3B32E615FEAC40CC675AA7964BE81B07FB667DD00E2","2026-09-15 12:39:38"
"2d0c5d27794a8cdeeec837ef.json","1827","5D5719E5A185F695E7FBBE168E77A93B95AA6BB704AB4F8B977CF4A53D9D1016","2026-09-15 02:38:10"
"2d1badafb4525d36238b31f6.json","1836","D2C60941785B333FC6EC276D8CE85BFEE880FE78F64A6C20817F2533B489CEEF","2026-09-15 02:38:12"
"2d1f7af0def4b2f2bc7ef426.json","3385","34725F81606998E678ADB10507E862546B189660A49F9602CE780093D9C07DB3","2026-09-15 12:39:40"
"2d335d3ccb566ba367128ba2.json","1835","2C75E98AC0F08A59F72A3C96B5F71B440C925414AF207C7DE0986A416B0E67EE","2026-09-15 02:39:33"
"2d569d3ae10bebf85328bf94.json","3383","301606128DDAE5322BAC232AAA348FC73D953A26F42016CAD9BA112F2F491E3B","2026-09-15 12:39:42"
"2d79879c29eabb6f1f17d7a3.json","1990","24EA860259BA05464D198CAA80C722969CD3192A65D9EE25F7E5D0998BBDA8A7","2026-09-15 02:41:02"
"2d97b96672dd456116eaed41.json","1826","514012FE822744832BB1594FE9C9E5E204CAEF3BD9FA620A7B27C6D21AFF8587","2026-09-15 02:41:04"
"2de2e085b038e2a1dd8affe9.json","3375","E6F4CBEF4D8478CEBB4E187803D17D4D46932C643EB3E260EA020C2C33452501","2026-09-15 12:39:44"
"2df4d5816277dd9d66e68951.json","1833","EE3F6DA0E7696ECC1235FAC3E845A2479BAA29F742E996EBCA0496429C01E1CB","2026-09-15 02:42:25"
"2e078b484a53946b5623f583.json","1996","5A958FEFD5AEB7C3A9B15E61EAA22F22F26FCE5F2B508A869FA9A8BCBC739D07","2026-09-15 02:42:27"
"2e3a263ec81afd1abfdc25dc.json","1981","B28E281BD3595C62D008A07E127907BF7180B41303E71FA27F8393D03E8E2164","2026-09-15 02:42:30"
"2e49c671a042e9de18a48321.json","3384","9410FC2ED833391462CDF40A96DF287A404C301EDCE311C4D4F16606D9A1FA13","2026-09-15 12:39:46"
"2e4c426c6f9caf3b836a84dd.json","3384","85758F0B6322B64E55AB9939F7493DF7FAE9028CA6571306A37EB0437AC1F96F","2026-09-15 12:39:48"
"2e661484a4601745bbfc9028.json","1752","BE36CEB8D35787890B190541A289FFACC60BF81ABE771BE7D8357CB086D51F5B","2026-09-15 02:45:09"
"2e6720d07647409cf1bbea9f.json","1876","1EAB150AF55A2FBB57CFF9E024ED3A1FB6E2FECC4A6EEF8211FF97D74ED78483","2026-09-15 02:45:12"
"2e912f5be9265e849f8dce9d.json","1841","03767DA7AB1C2EAF3173522CA9288A17B334209A56C5E64FFF8974AB7DAB8C02","2026-09-15 02:45:14"
"2eb21837ce60c62d7f27ad6f.json","1992","8E5436B2A2866716E204F5C1171DB259FC0262094CBA1A4937092A972A8B3852","2026-09-15 02:45:19"
"2eb7354bea5e1afcf41c2229.json","1871","4CBF0453D220F4D2E2BB8E39CD96532BAE9BAFD9554A5F594EE0DBAA88AF587B","2026-09-15 02:45:21"
"2efce4e163dd6bd5d035999f.json","1876","CE9264132C66782CF82F4ABE522229FB35AEFED30315056F14DB4066502C02EF","2026-09-15 02:45:24"
"2f079b2c5e947607881421a1.json","3374","A1B14A752595E886F8FB017B914C7BB7DE0A8E0A9685E3C94899D6B6EB1A1715","2026-09-15 12:39:50"
"2f392643c26682104d62f884.json","3048","D2E3CBC802927605D1C4E77AD4BD5A259166A7C66078601F3763D48CBC77D1B4","2026-09-15 13:35:29"
"2f6fc966ed0d7701af1c9e1c.json","1837","9EEA7A72EA6E4EC4401B2616239E6777D524BE7696842A93216CF3ED5DC7AD99","2026-09-15 02:46:49"
"2f718554784a0884538a901b.json","1982","E20B390AE069E2E0F7090CA96F5FDFCD91B93ECC888FEF178FD4B6460436691C","2026-09-15 02:46:52"
"2f810e34539c466eea68fb69.json","3375","099E1CF6537BC17F523603CDE8F28A6F0133E494A9C478CE7DFD4BB5B07A90D4","2026-09-15 12:39:52"
"2f8c65447f825bf195257565.json","3375","4B313D2DE13C38A7A74B8248865CD2008C6A69E7CE15CDE471275ED8577B0A4D","2026-09-15 12:39:54"
"2f96f4933313f7a7cf482e42.json","1982","CD3B7406993260408914DA361D12E1144EAF9CE64A19B21CBCEEEB37CF48ACA3","2026-09-15 02:49:32"
"2fa5b7c239576e4ac59ea2ad.json","1752","2ABE1A602CD85F265EA32B6630C1B11E17446FF61EB06E0B676668ED2DB40DA7","2026-09-15 02:49:34"
"2fb113c67b628c5eacd6f995.json","1826","402F09EA71DF43A2853F9D786C51280B42DAFDB475564C433286B545CFEF8731","2026-09-15 02:49:36"
"3004481bf2d0a488730e5abc.json","3383","8954E296644B7A7A61BAB2ADA0C87FB05B440D271128147C212AF5077E20DFB4","2026-09-15 12:39:58"
"3036cbe74ddc7d1f94ad274d.json","3381","68728B990826CA6D0B0E26F1510809FC9E9056E710B3A8317E652F68DCD40A4B","2026-09-15 12:39:59"
"3041828dcba8f49436083d0d.json","1826","2A102B0AC4A5C2DFA620019F7A17C4730A0A9BD8F767BFF5049670FDA1D87E3D","2026-09-15 02:52:16"
"30712465e6e2f784d81355ff.json","1827","45CBEEE96501E57AF6376A9CCAAB48DB73F26245121B7E29220DEA71A0F0F1ED","2026-09-15 02:52:18"
"3089c5402cfa39ec38d38271.json","3376","BC14D2E87F39C0E1795CB16476C7C7824BF2F20DF04D977C70365A606416E5EB","2026-09-15 12:40:02"
"30c80ec40095feba90e6e702.json","1990","2190C41BA11FC2475444212933563C75506017462C705665EBC6BE85C42C89F7","2026-09-15 02:53:43"
"30c93e0c3dcb057c1f1bf258.json","1981","085415F6D8B18CA26F1399763CE59998EFAE5ECD3D0D9DEA97725226902343CE","2026-09-15 02:53:44"
"313f569136dd8cfd593ecbe9.json","1982","0B7A085CC3B81BFE4A9B9CC88FBA5B7973AD1A7BE6621098B1A77888ECE6DBD5","2026-09-15 02:54:01"
"316f1ea8490d710a7e38e524.json","1826","DF98A84F8CC7B2EAFDC98CC298D0602ED59F692974EE9E50D8FCFD9E6D79BFAF","2026-09-15 02:54:03"
"31b63757051a26631d7e036e.json","3375","777CFAB598038F4763A49290A96D4ED4560290C39B33C37D286A4AC159087876","2026-09-15 12:40:04"
"31bc42eb8000e37e2b9bec04.json","1981","570B201E6716D73BB0FB0D8871CB56A864272E275A0132932F4D29C3E1A1ED0E","2026-09-15 02:55:23"
"31c252ab1e87ac2fdfca6c1d.json","1827","D0796F8CB4BF73976E5BF10C7F7829A7E7F5FD0084C550D22DC605EF8A6262AC","2026-09-15 02:55:26"
"31eb4d801ade9e51275b6d5f.json","1996","A4F92D8AD0319A98B213D1F7F731178CCB5FF1B4B225FD60C0831C8B917E9ADB","2026-09-15 02:55:30"
"322870b3552640eeb9a69f1a.json","3383","220D0B9830A7F66207B2FDF717FC70E6D5FA55B2B6BFD4EA4BBAC554FB779350","2026-09-15 12:40:06"
"323c39219e51cc923967ff56.json","3374","88FFAA6EBAF7ECA2FCACBA34AB33959CD830B52DEABB9405A119221836736AF3","2026-09-15 12:40:07"
"325698160a125eb71fb10de6.json","3375","DB0DBC0D9837D85C132D4DF4DABEF021DFD777474DB62E78243D855830C9C18E","2026-09-15 12:40:09"
"325b7d979fdb85d06380e00f.json","3389","6447013B09DAA542781A162EF62F9C913E2F2AFCA4B14CE028E7056F3AE4CB78","2026-09-15 12:40:12"
"3268aa95fa95dac5f3727839.json","1981","5809B8331B7D75822B176C8D1E6FAB65C047503D028F24226458EE0C76D51115","2026-09-15 03:00:44"
"326c3e1fb896bb5b4c050821.json","1995","139D0804A383D1E2952DD5A4328475040820B6A4E2EE991B40153E074BCA50F5","2026-09-15 03:00:48"
"3281bdfaeb675f14c2d3dd57.json","1982","E1F61D60E8E94BC2E4CBD04E8C0A0B510C61F201DEB5A1006BABD624341B4F63","2026-09-15 03:00:49"
"3284ffe99a3d5940ed047ac2.json","1827","B406F4264B0C1D2B73A6F711236F359E44A0455F32F4E82A6D95D7456DB9F8D1","2026-09-15 03:00:52"
"32922917d1016347889daafb.json","1982","E48FCD03566A472EFF85EE62659E8C51B47CF3F866493F4C12A851452F85EE58","2026-09-15 03:00:55"
"32957dd030a5d76385e0f940.json","1981","39EBCF431BB62E0EDE1CAADB155219B346102FE88B966C04901E86D5F13E5902","2026-09-15 03:00:57"
"32a3c1b323b7b81909ca7ff7.json","3389","670A0E5AE58F44E8712AC0D5B737EBDFDA685EEADA3EDCF9E20E5B6E527A8480","2026-09-15 12:40:14"
"32bd614bfcb20ad29c05abb4.json","1990","FFFEE5AF34D5905BF06595EE44E4E0239ECC87D3E7DC5ABD7AFEC114D7C9F9E7","2026-09-15 03:02:19"
"32e55f3bae3780104a8e03fa.json","3384","5795D767F52690873732645C5FE56C7EB067ED29155C497D5D5A9F2B0C46EEAE","2026-09-15 12:40:16"
"3351d6fb4a9883beab8f1041.json","3375","A88FD10264479F44F38A92AC135C66056D2121597B753501060362607CB567B6","2026-09-15 12:40:18"
"3353d8ca096c97429c1197d7.json","1826","811DAF9BABC67D6DACD5B700A9B924F07C669928696F67B501C18FD994644953","2026-09-15 03:04:58"
"33b35c37e8255dc7d9c1ead9.json","1827","C69D381D4AD036697D5D31FCA06EEB7707385AA47AC749FE7EA27F037EC5C932","2026-09-15 03:05:00"
"344361054fc377626c234288.json","1754","4E9797C2115AC4CCB3534774C0DE2920AC3292640332651AECFB06C05F685E6D","2026-09-15 03:05:02"
"34a70e160c6e3a694d9c51f8.json","3375","9F0EC8DD86703323C882F9A781163F466473C2A97D1626E9F1FA8424647E1E6F","2026-09-15 12:40:20"
"34af4a12d94d849ba6b257e3.json","1982","34B88ABB8FF48522143ABCC10CF94DC7D05BF9696B5152F9AD160BD18512C1BD","2026-09-15 03:06:23"
"350b0cfa5d042d638dc3754b.json","1981","D04DA29B2EE5AFBB33BC14C26FB29553B4406711721F779E7A11EF017A6AB83A","2026-09-15 03:06:29"
"353b891074cf86b21d66201a.json","3375","E48D9759BBC4521D67E7A4A68688A7CCE7B7F752D9068338530278EAB76BC5E8","2026-09-15 12:40:22"
"3542a0288acc9aa3ea46594a.json","1833","784C1B99B4C559DA2E86DFF3AC59139DA43C32971940CFFE0FCCAD2B5186E72F","2026-09-15 03:07:49"
"3571f745b9d15756b148edd6.json","3389","65A5FD81C312D776B15B0CAD7FACA0B50837260C19D1C1F980E3932095D29D46","2026-09-15 12:40:24"
"35c9b3a660a47a289d73ece2.json","3384","34753051EFF5D37D0EE36F145C95EA47DE80362C2507B1BCBBBC067F2C72846E","2026-09-15 12:40:26"
"360ad9f41ba6ef0a8db14bb6.json","3375","71568ABB6870A5D34EAB3640FD32FFFF92E6767879645BF602DDE9C29BFC9BCD","2026-09-15 12:40:28"
"360b9f45d1d3cff8604c3067.json","1981","58E5790193922183231372F5C9196E6E52A4E657DF4210AC3F1A024E5F745A83","2026-09-15 03:11:45"
"363474f12eba357b1632d169.json","1982","7A64AA1D50BB9AEB8407D2F91713E686FA7FA4F37B19D9898E4046A4E9730D5A","2026-09-15 03:11:46"
"36353191c2e1a02e99deea2e.json","1989","10E9E77F1CA3985E786FC83B417D240544C12243064987BCE0B3452634CA3F7F","2026-09-15 03:11:47"
"36641d3dd745e063b619d43b.json","3388","1954894370C9EBBE04953E069CC6E87F927C5774D1C5AEE693ACF96E0B6A3FE4","2026-09-15 12:40:31"
"3697b409724f3e1a2c1a48c9.json","1982","D186B71736B1B2CA6ACBE550884A749BE8AC22B8E8D3283201C66EFEBCC496C0","2026-09-15 03:13:07"
"36dcbf4d94637dc058eec477.json","1827","CD5E41DFBCA26C416E26EDBD0ED988B8DCCFBFE83CD627646EB5F1CC24C8B5E2","2026-09-15 03:13:09"
"36eff2e70b79409b44a007b9.json","3375","B430C4360A3265FAEDEB1539BF830461B70FB2E46EBFBE29ABC6B74AF5E085FC","2026-09-15 12:40:33"
"3702ca9977b38bfb1c4b5f96.json","1983","0ED7C36A7C5170CB433A1E586CF6D55CA48D25DFB9652A2822F0B81992FFEDD2","2026-09-15 03:14:28"
"3704efe7b3f0d7abbd2959e6.json","1981","E4A53620C805015302161045C94FD4CC79F2425127345DBDE57531C3BC6E5E0D","2026-09-15 03:14:29"
"37080404c546007476c400b3.json","3388","D9BF87F36ED542EBE73EDC52FA3C3ED1C29D58B9179B5DAB40EA81D6F7878571","2026-09-15 12:40:35"
"370ee8713e41e7f12528cce3.json","3376","0A5BE4628E1E6D2972DFDBABF593C9B6891D0BFDA75F000372C04DDE7ADC044D","2026-09-15 12:40:37"
"371be0244b9acd858740b603.json","1981","DF66D2CA29860CFC6CD2C7B563F9DC9EAFEA7402F108E3AD6A0D65CCAF8112FA","2026-09-15 03:17:10"
"3796b07b09b658b5275dbb7e.json","1991","370D7D91BCB24D36EEF066BF5D890C63B6C019177131AF078476F933A8A1D07F","2026-09-15 03:17:12"
"379faef68973ee6c2430ae51.json","1827","C7D3EAC7E1C3247D468AF1A59FE3E123A321FFD570781103FAB03D1DC4CFDC0A","2026-09-15 03:17:14"
"37b6bafc5d5cbba68d5a7c4e.json","1982","017BF7DE233DECC3BDE9C4FA9EC799D98BC14B84BE38404C6C9225EB57B1716A","2026-09-15 03:17:15"
"37fd1667be599e96e8c7e621.json","1827","13BDD1C76E557503F10607D0B3DF554C4E7B717DD115ADD4FE4F04247FFD8071","2026-09-15 03:17:17"
"3820df06ef3c4e2e54f33687.json","3375","C5E4AB8FC0905C8CCD7395C05C0A79CF476E41BD35B5060A2AFB2273B3788C97","2026-09-15 12:40:39"
"382a15f5993a86d05a9ebe00.json","1981","BD7F2ED2D9D633217EB06A73F105607C28842C1AF3B20AE79AF277D7BB59D6F6","2026-09-15 03:18:39"
"386812a75492711d28fce28f.json","3374","5F9577773AD8A09C9A8908F5A979F5266BF782CA772C6954A1D4CC2FC3AD2959","2026-09-15 12:40:40"
"388198453475803d705b9710.json","3375","65EFEE24FF0B0D71B2C1A18AD768C0A727E34A7CDC7A38D5B2DB4350AB6E4A7A","2026-09-15 12:40:42"
"38c93d328f6f17e4d4dab3c1.json","3374","E25D3D1581C94811ADC80173AD27DF041115CCB181CBA8BD7F23C41FEAA9E9FE","2026-09-15 12:40:44"
"3947d268fe20d4766064ead1.json","1826","0514B78907A439395A87EAE6A12962E75D4AA5197AAC38499078ACAEC82C3967","2026-09-15 03:22:35"
"394cf00bc75c7dc131159326.json","1828","2A725C3D0E71B2380408294C137CD59B7E01E72A565BB5819A552595CFD647AC","2026-09-15 03:22:37"
"396ca41989b0cbd96d34368f.json","1981","304BAD9A7E6EC82B7561E02E51CE919E70CDEF8C46C6F4CEFE07B277B597285B","2026-09-15 03:22:38"
"397c81991c064e65514824e9.json","1996","C88A1C562FCBA380EC040EFA900402E9B5E3D4FEF8E1E3534E3494F87A988E8F","2026-09-15 03:22:40"
"39cae98ea95906aeabbe0a52.json","1826","E2D6B11C19F9175D37A63DFAF42D65912F1D15FFDB002C96FF36FC718DD44866","2026-09-15 03:22:42"
"39e3f68fe5610917e05d2b03.json","1981","A31AE93AADD08B80B76E935C3913C65A89BF2E79A4795A45672CA743799FC3B2","2026-09-15 03:22:47"
"3a05e9aa4be9ec71dc2ba0b6.json","3374","7AA998AD789CE5C065F2AC93632FD2F3DEC3EF5603E81AFE69FCAFB0B18495FC","2026-09-15 12:40:48"
"3a100c2cd8c37fcbd72936f3.json","1752","E7423DEC8D3FEFB5A05F6269104C2BC02865193628D3C44360D780DF48A9FD4C","2026-09-15 03:24:06"
"3a3838a8cde32a7ed57a28fc.json","3375","2F78DF28B8717ADE273D1680B23FB8E18A78F8A3D41B92190628236F682001AC","2026-09-15 12:40:50"
"3a403eda8701574c1abd412c.json","1981","0658B4A815CC1BCBB7EAE06A008D85DD4710698E0F91F01486B01B394AF510F9","2026-09-15 03:25:27"
"3a81731b0757408cd86ba7dc.json","1826","0374CB0F1D59C70DF03EA6FC6A541BBCAABD29B453E3D7D1BA39B26DEB9BCC4D","2026-09-15 03:25:29"
"3ab2daedd65c87335a5864d3.json","3376","3C85C155371954B5223177F689B21FB2BABC99BB44B336E9EE027A501F80CBE4","2026-09-15 12:40:52"
"3ad69b8190c8f8247fecd489.json","3389","AC4D188A3633BC75DE429E18E9230764FAC602F1E4B21F72F930129137E3AC10","2026-09-15 12:40:54"
"3af027d1e36797e8be267a94.json","3374","58D292861A9FB15F9341F646C64FB0A15A81BBA65CB4D6EE0B0E8726DC43F2B7","2026-09-15 12:40:56"
"3b605e0f149a5740010834bd.json","3389","A3F6297D1702AAAC1E973BE48AD345CA4861DD9A003185CC66ADCB15EB275451","2026-09-15 12:40:59"
"3bf9528bda7a43227f967d1d.json","3384","19CC13D759F1CDE64D3FBCC155719A739A44ECBB4EF2FE5703DFFEF26CAE7E9E","2026-09-15 12:41:01"
"3c2bd115f9797bc56caa2370.json","1981","96DAE78608F0FA5B26BFF29F649629565EDC51C417B419CAEDA2526D10081F52","2026-09-15 03:32:13"
"3c396aa1f5852fc13c930af4.json","3374","C12B2CD6FAD1668C4F56921EBABBF08FAC37DCA62574A698C7F235B68D99F07C","2026-09-15 12:41:03"
"3c577af1a47ef5abb9bbef7f.json","1828","EB61D9BC185A1B07375B39A423E07DA71338E5B4A3490A533D114038E8E360AE","2026-09-15 03:33:34"
"3cb61458373d6c44dd13cc81.json","1753","D746CE9EB08EA06DDEC570CD6E33DF42FBD498AFDCEC3009F4DD4D278B22D207","2026-09-15 03:33:35"
"3ccbd9271eb5afe14e5c516d.json","1837","C8C72B2EE3B66C01C4AA56FA02578BEA44428177D49E94312EBB68AF4BD9435C","2026-09-15 03:33:37"
"3d1d3cac47e2e0c1448a0a03.json","1826","DC080CD718C5E47142797EB9BC5B08E93B5AD4253A1B8076EFBF058E756DC7DB","2026-09-15 03:33:39"
"3d2c577f141a8e76e8365a1a.json","1990","74B0CD286B76FADA00F42C593637D977317E7A1A55512E3E70B554A4DB29C6CB","2026-09-15 03:33:41"
"3d40e885544c15aaabb477f3.json","1826","68F968C5F5965C05D5B742419D9FCC09BD5F4958F037BD232699F03F7ED6EC6D","2026-09-15 03:33:43"
"3d55e9f4835a0f485f407e30.json","3375","09657A2B4446D6903B75EB489A8C1AEB4C955FE46C3A555C726B1CE40D3B43B4","2026-09-15 12:41:05"
"3d81889e61b0a16fb80e2c86.json","1826","B211E8DC9BAE22A4A727C23210E247446FC38B711364C2075AB61CBF7BA981A9","2026-09-15 03:35:02"
"3d864e70555b6d055c335db4.json","3375","6DA992AE2A04866572186DF9284F44BA6709B694EE0B768DBA434FD8AC4AD4C8","2026-09-15 12:41:06"
"3dd3bbe384948ac879ab5e00.json","3385","414EB386D6CE7EE2448094203AB6867E028E2D053B497920AE2A96F5DEEFAB67","2026-09-15 12:41:09"
"3e1c748758668d141a228d90.json","1992","3C2CFD09E116A4DBA7D9854935618B5DC52C8C527F1B3175E9211A30E5A8B41A","2026-09-15 03:37:38"
"3e2ce01dc41991913dbc6298.json","1827","F661A0B2216A96B414DFFC861D605BF0B2CE677A6886C3A5303F409E6B264FE3","2026-09-15 03:37:40"
"3e3ad2726cab070bbb427197.json","1982","641E33D9F9AAA58F26AE849D82501C97567E1B2970ED0EA437B009BA0E425FC7","2026-09-15 03:37:41"
"3e901c3249482576c2d33670.json","1826","6B12AC5E75E4888985738B75411520D04DE7B2465E77BBA21B66B2B845619297","2026-09-15 03:37:43"
"3eadbc08397ad214015b302e.json","1982","33DD6D51C055D9DC6181C3BC59F5E4F4C8F8A24A7888E0D4AAB9459AB40A096E","2026-09-15 03:37:44"
"3eb4d8db85367ffe2962b11f.json","1836","1610AC6691200240AA5EAB10BBBE7A752861AD44F46031754F5C5FF641552CAF","2026-09-15 03:37:46"
"3f16b9bfb95b098db4f02dd9.json","3375","044016E67E4A3887B92DD870FE9F195E2749024AB0EA984193ED879E041E9C65","2026-09-15 12:41:11"
"3f20ca9e74a744c85dcc2601.json","1826","18EAF0952D90D9533769EB01CE6E0526AE0EDFCC1A11CC5193A44CCB64EFD0F0","2026-09-15 03:39:06"
"3f679b1341f25192badbbac9.json","1828","918CC32D5197955DA726F6F3C8EC901C57311A7FD8A88D4E3819371BB1245D12","2026-09-15 03:39:08"
"3f7088e1189f37627de19220.json","1992","08E12C778A576A62D8B5BB219AB3B4F82DFF135CBDD50423CDEC2ABF3A4BEC16","2026-09-15 03:39:10"
"3f796ebe92d8f8dfe5cfe28d.json","1992","0D86B709E1013E6040CA69A4C10AD3A7AA079B3144D6CCE397843407A98A33DF","2026-09-15 03:39:11"
"3f8a2dfff14d689429b7e724.json","1835","B7FB8C947BF2965D83D75733EE900341AE57EF65221E8FF0BB1D5555EA67C996","2026-09-15 03:39:13"
"3f9eff7146730d3453a1c6f2.json","1995","7F88FBE19197583BFE94D4B53D48EB5E9C19F6932904B2D6FF3ED03DE58BD316","2026-09-15 03:39:14"
"3ff240e9d3d6af7bea409fbb.json","1840","D1CC82D95172E3D84477DB2BA8E9BD58AD0AFD223C3DA5B26A7D1702D3DC8079","2026-09-15 03:39:16"
"4032ffd82cdc9a98a5dcab3d.json","1827","778E2DD10384FFAC848CFA8D59F3C03FF7F86AC0411102785E4C4C85493D99DA","2026-09-15 03:39:19"
"406775cc46ca5def1290dfbc.json","1981","8BED5EDCAAA2FE1D8F7E3DBDB1AFF6B20EC26BAFE48EFD38F895F94A80C601D6","2026-09-15 03:39:19"
"408441270fac88c7dd47b6e5.json","1840","B373CE9B4820095FCFB8724ADADF7F87F46EAC3B891530B6A38C181819472A68","2026-09-15 03:39:21"
"40d208eb8ac1e6047b598646.json","1776","3CB47F5DDF1FEA39AFE95B81457B01B5A1B200CBB37D5CC6EF460C5A0AFB0819","2026-09-15 03:39:23"
"40dc769b4f0b5f86636993f2.json","1827","8A05E6BCCDA87EA82B7864A3EEBE820B650C84A5C299677EFE9C3EA34F968702","2026-09-15 03:39:25"
"4194594619a56ae6d57bfe7e.json","1827","A2E1F1AF7D193BACC08AC85DD291ADEB9FC216DB211E81759CA7F2E6A25D7178","2026-09-15 03:39:27"
"41a56888f038e87a1b5f7982.json","1982","584E047014FE31156F6F46B486D26AAF4052B543A19764C9FD6F76C80BC8900C","2026-09-15 03:39:29"
"41dff4c8c6fd3278a839c99d.json","1861","27F8227C0D79820498FDD5D5CBB4A5DFEDE70649BCF3CB63A84E0D9C7879A1D9","2026-09-15 03:39:31"
"41e680f3e57284b861e182bc.json","1987","717B8C19DCA7EB9C43808474A4409D749A2103048790CAC3C878A74DDE3E7051","2026-09-15 03:39:32"
"41e87a2a197a82704e1229bf.json","3383","6D4BE218C002D6FFE2C3C334800C9E8F6EE0545D56C7C431DB01178EE383D620","2026-09-15 12:41:13"
"41f54215d192f9e0ade08c45.json","1982","759F113C7AA6D580D770F09E2AFD21DF7913B8EFF709592E9A78F3B0F019EF71","2026-09-15 03:41:01"
"422491098a16a39dab5d34fb.json","3374","946243CBBB003330F74218DC2B97B3AF36C10E14851EB58D950B338751AD3F8A","2026-09-15 12:41:15"
"4239379833d5338741f64e4c.json","1826","C4D4BF40AC163973AF63CCCCCFB419ED12160963DD208DCC26179E4DCFB5FEF9","2026-09-15 03:42:22"
"424cf1007d6584bc66220297.json","1826","AAFED34292CCC283CBB6E1DDD891EA67FCDE4BA673C017A53395221DA0F3BE56","2026-09-15 03:42:24"
"42551c8858c1efd658f9a75e.json","1826","26238D2143470CB6D923016A4E98C1D175C4A18D833906AA76945AA6A69ED4C1","2026-09-15 03:42:26"
"4255c68822b4b5b8eaf308d4.json","1989","AF505E51DCC131441AECB80BF25D32135F06FF0F67F9FD1108E4243404A9E49E","2026-09-15 03:42:27"
"428f8e5c45019b22fdb1aa3f.json","1826","DA94EECF1E2ABB1F4F0B5ED47CEADBC884E74A91E8026F47A711FFA2AACE024F","2026-09-15 03:42:29"
"4297c99ae02276dc80772996.json","3374","B53C25369CC5DF1FC739BCA29D52BE4E99DFCA30DAA69FE27B5F686920EEFC9D","2026-09-15 12:41:17"
"42996ddf82f0d64599f833aa.json","1990","1F22C8BAFBF33A26CDD7A88EB5298F9DD06D73EDF90FC9B3B60A0DA5EBAF25AD","2026-09-15 03:43:51"
"429b3ca28a5a94182127168d.json","3375","2CE74A6FC734EA4E25F9D9F4ABDB7D34112B169488F384391F06A2C2925EEA37","2026-09-15 12:41:20"
"42b0bcd20d5ba89d964d6500.json","3384","0747B72EEAB49F15CA1E74AB3DB60C2B35F0FBC3D3BFF97BE214D85EBC09CD8D","2026-09-15 12:41:22"
"42e99fdad97f700538be011d.json","1827","EDDAD4D32A1EB4B7615AB140513CF178F264BD980A34DCFE38FABA2D06958C0F","2026-09-15 03:46:32"
"42ed37a765c271ac84075200.json","3376","1F5055B561A1ADC47224835EC433ED7753CA2C1573D4AFA23DE09D7B4593E889","2026-09-15 12:41:24"
"42fbf2be06af84de23abea19.json","1860","5452CA33BBE991F642C29BED47CE3F37C98A0445A1D7B62A9D700B6DBE2E5C42","2026-09-15 03:47:53"
"4373bcf0244875b30b00e2b0.json","1835","CFBC72BFA73045ADBD02A3FF38FC2B36077DB59F94F9A10AC703C8A411B25633","2026-09-15 03:47:55"
"43b7efa7de4c9706ab5ee573.json","3383","5C5C3D51116054DABA6D44BC1EE1E184573B99213B3774AB6496979C76659EBC","2026-09-15 12:41:26"
"440a2a9aa5a24206bbc69ec5.json","1826","1AE1C72BB248DD081AEFDF4731AD8E7043D0A5293A9C1167BEA07E363A314E82","2026-09-15 03:49:15"
"440d0ee6c81a8cbbb8c7ad5e.json","3374","FCE558C1238B35A497E666D59DE90E5B473114D8F23EB6967BF27D1E506EFF9C","2026-09-15 12:41:28"
"4417fd1cd39006c7136087d5.json","3375","9EB8E3CAAB55D61A9B11BD2DBB3DF2EFB476611242C13866A72D36EBFF396BC9","2026-09-15 12:41:29"
"442b5ba65e51ee376df81d7d.json","3383","34B34DFCCAD3315D5A6ED998C148908397EE624B6D520E2F04B2C097C9E51248","2026-09-15 12:41:32"
"44507a4a977e51bc329f0649.json","3375","E240FBF86214010DCBD65364743916899D17E7511A9FDB207A7893E8AC5A4BF0","2026-09-15 12:41:33"
"4474cde7a830a52c8a250e27.json","1983","1ACDEB1B4744C0BFDF46693324CAA73934F65C24D9FA24ED115251CFD78FE352","2026-09-15 03:54:39"
"447f4137149082df57f4a3d1.json","1981","436410B71F6BE2E73CB7B7A81ACE403BCE261F3DFE3BD2A33DD7CEDC20C59F3B","2026-09-15 03:54:40"
"44b131d2259b81cb55dd3b27.json","3375","4F9D21B4A29BC4106316617C9B39C4FAB0A7B5306F351ED068FC66FED3DFD0FC","2026-09-15 12:41:35"
"44da7660d104a0b17d191670.json","1981","0958F8BEE61C9E0E80F442C7689901E4E85A892A41A6FF51F68D3325D550EBF3","2026-09-15 03:56:04"
"44eca6badb900ed5179b489e.json","1826","B2555D6F74B5DA2E2E92B2827602FB560C061154DD753745AE3CF569D0148249","2026-09-15 03:56:07"
"45107462bfc144c876315b50.json","1990","E2C1D77E7B9F58D3CBFBF29DB666F2BDD99DB092C258881E0A66105881B01E3F","2026-09-15 03:56:08"
"453c34db888a99a3b9f29d2a.json","1777","F83EE46B770B63AC11967597603B6A789A97DE3779E3246F54F3F543A6CEF1C8","2026-09-15 03:56:09"
"454fca2c0c72f430a4910a39.json","1837","BB843B2123FE09A4362AE05487F0166FE7FFA5446C897E1DFB7B09F60C82BF30","2026-09-15 03:56:11"
"455b31a0651cb6d22550dab4.json","1991","571C7CA5170286BBFE36EBE33DD3D26760BD7A2289D0B1BB361E5DFAF10EB69B","2026-09-15 03:56:12"
"4561d1ba751dab10e2ee86fb.json","1828","4F95993C2FB5409844FC36E5DEB5FF5A202F1CCFB6756C380B2B33AD3EB3CB4A","2026-09-15 03:56:15"
"45648b6b3983f0cca52f0878.json","3375","C9D3737BF053A3F37BC1118DDE075494FEE33B19B3643C99C9EF80D8F4A07DBF","2026-09-15 12:41:39"
"45866c5db7a97cc68ad3c780.json","3375","C765DE5471035AC94ACD20EAB1ECA936750C38F297F29DE284C051463AD5ADAE","2026-09-15 12:41:41"
"458699815d931ca7e04b2723.json","3375","E5DE83549DDE83EDEF78CF7C57D4B1A03F0853A82F9470E172B82AC300C448AD","2026-09-15 12:41:44"
"459963390d777c355d9038e0.json","3374","A25606FD109A8105F099D77951E0BE1AED5124BCBBF6EEAE69CD8B38661F666A","2026-09-15 12:41:46"
"45bfeed9ba5612d98f0f2074.json","3388","9EE8A1F4879451616488836AB4A606C9FC17AE83C344D19B42DC5327645D0304","2026-09-15 12:41:48"
"45ef3c4a54ef97aac7fcc269.json","3375","551246BB593BE2816A75ED383F360AA92A045B1E50E489A59B79B9AD84DFF447","2026-09-15 12:41:50"
"45f3d57c100b09434d9d5f44.json","3384","1F223937E3F91E46426A8A37A6300408F46896109E20B71AC6CE1DE299B9A1F9","2026-09-15 12:41:52"
"4648426113a368973e6f2db6.json","3375","5FD0707BE754918968CAE7439459D756CF955B0EE52F45163650D2BB72B78EDF","2026-09-15 12:41:56"
"4648c37e6a72e8b2a4b37372.json","3383","5F5491AA1731BD6F496073AA8671F0E9A982E7E59F7D578F621CBA14B8BBBA88","2026-09-15 12:41:58"
"464adec3c070637614a0a1ec.json","1988","D6C6F8D67B19EDE1ED5392D18BC10E569D94D90C06BA6FD75F50EDD2B97DC849","2026-09-15 04:08:01"
"4671dbe50525176992f0d465.json","1827","7E858053C34A0F791B01AFDF4BEBE66E35297F667B3D3A9FD57C7A6C2DED3F78","2026-09-15 04:08:04"
"46732f5220e35e1b01bd8ed3.json","3389","26B163FFE140F736C219B3B0AA44403DD58EC91D0544C950E257991F2050C25E","2026-09-15 12:42:01"
"46a711ffe96da4c789c01872.json","1826","9B459C142B42B6D9AA15FBB615E222E89FE09118D325F8231C656295DE033F56","2026-09-15 04:09:25"
"46c0794f7150977f98968dbc.json","1870","17586B445F979B5277FE7F90E7BFA92C95C9514217AB7442EC280B1E3CB354D1","2026-09-15 04:09:27"
"46e2693a4b37e8129c494986.json","3374","15DDDA661ABB6EC713D22F3C4D26C8FCDCF6579614DF97E621EB99E74E5030EF","2026-09-15 12:42:03"
"46ea566db2ce764bed54d194.json","1826","49B8978FC416BF62E01F1AF4BE285AD8828AD49E5A30A8604C13975C4C9695E8","2026-09-15 04:10:47"
"4764cbb72958d7d5b6fe3b09.json","1753","B9C4000DA0B386716776D4F968A9398E94FCC9856A196B6F827A38E704B65E5B","2026-09-15 04:10:49"
"47bf66cd3ada1a441e1f3ba1.json","3375","07EB3691C295ED3D8B02B71FE6C04488985BB9A5207E3A46DE0CF7E4EC9A341F","2026-09-15 12:42:05"
"48108c644b157f101b949e56.json","3375","1895455B0738D863A88737DC556767C6BD7E4BDDB203C035DC6CE7411E340898","2026-09-15 12:42:07"
"48122ba504f45ae555c7fbd4.json","1836","923EA2B92FD0F9C91DEE513652575654A82A3FE5771453E398DDB04357B2377C","2026-09-15 04:13:28"
"4860d60f9f80056aa7325109.json","1988","C1300D278EC3CF7A0AF52728E21FED70FE01266A67EB11BC8DDA52AE50E03516","2026-09-15 04:13:29"
"4873c4a50e545f8e59d4e9df.json","1826","4622AB6609EDE873198D227F5AA8A4F6DAB5A090C55FEF62FC753BAF8162F92B","2026-09-15 04:13:31"
"48784e97d4474904e8bf7900.json","3375","DDD35B911280549F938B6CA4173D061EDF5A43A182868E834B387D05F3BA478F","2026-09-15 12:42:09"
"489e399ce80124783f2a8e10.json","1827","E7D9C7C7E120F1317F76F98A3E7F38081A8D34D2B37D31F30362D787E50C2D2E","2026-09-15 04:14:53"
"48e32bbc26887e8ee4f72fab.json","3375","FE681C6D2CB2CE4E71DEDCCE9F15C8CA7A4453F0E4A483E16329F97B0760CBED","2026-09-15 12:42:10"
"48e7f57996c3f02b4a5b7549.json","1826","346DC8DB10FB9B4458CA39469379F378FE2A7016B8E292612589C5155FDF9DE5","2026-09-15 04:16:12"
"48f8287784b94a8f01b261ca.json","1826","329B64B54B0BB4FBF6C2AD7F320541DFBC33786061585137C4E68DFAD549A855","2026-09-15 04:16:14"
"493bf6c34064f36586208707.json","3375","BBF741B8150148E1018AD615D47D42724ED209A9B72D433417564924AFD0B4BC","2026-09-15 12:42:13"
"494d498861917eb0f7ede222.json","1871","143530E85D1F1D5E4D35830F2AFFC2C3069726E406360089BC26D5FA02445E2B","2026-09-15 04:17:35"
"495208c37f3b94ce79a3f1a8.json","1826","30FBC6E8CDE22B3274E2CCFDB2B6545A9AA7AC38B840BF9387AE97F3ABFA191E","2026-09-15 04:17:37"
"4955f97bad46237b1fca942c.json","3381","5CC87AA34231588ACA2F3C9463C2C16FC397632549DC0898C980FE70177F5528","2026-09-15 12:42:16"
"4957603528204fffccf397d5.json","1827","BC71E96C9D0D81299A865AAE787B64C21B9AC76DFAFE59A7656DBFEA483B016F","2026-09-15 04:18:58"
"49749ba4f5cd9ec70d563530.json","1991","D200F998F1AEC20943EBB4DDF46894ED666258127A5FE57330BB0EB485800863","2026-09-15 04:18:59"
"497d481ba9ffcef12cbd2929.json","1827","6A20B30995C290EC2F3801D5352006DFCF99BC6744E85D92883841811829E0B5","2026-09-15 04:19:00"
"49ad1628b7538d302d23b01d.json","1826","7185B15F0D71DDF31D724BE44C483B1056BA5A1FB183AE13E7E00B2D4F5D621B","2026-09-15 04:19:03"
"49b42f8bad5457a2645be7d2.json","3383","B7C9343E15B0A62D96C981868F949C84533F0BD0843EF2930000A21BAAF723C7","2026-09-15 12:42:18"
"49c38d98c40db6e5f8a9e72f.json","1992","26CF224EC2EF53823683DE6DF87196F053F24CE0F5403C156789BA684023DA84","2026-09-15 04:20:22"
"49c8c5ff99d32aebe68cb398.json","3252","A7B6E4AEA37094D65E8EE13B431E45C71936387C990D29EA050F4D8EDDEBC945","2026-09-15 04:20:24"
"49d8788270d60ae80d9da2af.json","1835","3B4E7AA181B6D02BDBBA3C8B3A5196CCAB56A64C35E30824C49EBFBD7BB35024","2026-09-15 04:20:26"
"49e79dff3f0d4afbfc22813a.json","1982","BBA0F88267EB815D081923A8ADDE513EE11609669210979246AF1A18C7AF2833","2026-09-15 04:20:27"
"4a31d7d6e434112057a7b21a.json","3374","3D32B8F965137F165AEB0F1BC5519005A9610182FFE968294A5E5EB8265F1F6F","2026-09-15 12:42:20"
"4a75f2d5d3f906b1173ef48e.json","1981","DC24A5C40E3A90E8031A9B68D367EABF608347270AAB96BB6C8415DCCA0E9A82","2026-09-15 04:21:46"
"4a7f1b6db17abb3be721f926.json","1990","0A4A3C364850CCD42B4FC91E6A40241C69184B83BE27EB3CE465DFF2AA064AD3","2026-09-15 04:21:47"
"4a8ae437ee941ec575381f4f.json","1876","07C106C2A1BA18A59880A6EF39CDC92DF285C6F4428F04E589BDA9DE3A8D35E7","2026-09-15 04:21:49"
"4acd87500ab7f028674eed4d.json","1827","C0A5533F7EEF10F469439D4BA8FB55566B8F06600CDB26648F6B2F06E9357C5E","2026-09-15 04:21:51"
"4ae84f642f0669bbf05e5cc4.json","1992","36E2E5D006A6710BC29316FC91108917FDA604AA690E99A5CD7B8DCB0AD9BD3E","2026-09-15 04:21:52"
"4af9d5f1ee222ae4be7a2707.json","1776","303EA664F85D2472B9F891DEE37179423EE1F634050126B9A81758F118424BD3","2026-09-15 04:21:54"
"4afaa6d448aab8a5b202ba6e.json","3374","226E6C95968AB4D83650B8BD651BA68363EC259D1B0D4598331603DFD532D0CC","2026-09-15 12:42:22"
"4b256a404c98ecbbe4ee8aca.json","1763","7C134DCF1E885DAEEAA6ED60DCAFC8519B3FC862A35FA9C0923733A97B3E97BE","2026-09-15 04:23:14"
"4b29af7fcb120718f61f2186.json","3374","1E6C035A38BC83189E93039751D844DF53C9D0E5B909DE01778BA1DF7280041F","2026-09-15 12:42:24"
"4b3e5b2dc6f7da49628e2f63.json","3374","E8AC271887FF7CC47AA9E6E59CFE376878994CC87A899CA96E629B42A7F22CCF","2026-09-15 12:42:26"
"4b54c4775bb00e323a682fb0.json","3376","888492F88832633F0EC13C943CFC658AC53C36F7D954A9858985B6D816F6051A","2026-09-15 12:42:27"
"4b7b337b8ee1fddb1dd6d477.json","1876","DCBEE0D70B7B8EB731D2B7B9F6BE035FA105319973A850E273A488CFC8DC0634","2026-09-15 04:27:11"
"4b9c5e9fd581b061088cc624.json","1785","75208FF1960875DCB03DE973E184E290F3CC5E67431F869ECC0D8239D4F9BDDE","2026-09-15 04:27:13"
"4bb2f0c6f0f11c627ad92b01.json","1992","B84974330C6C4216CB3FAD629F9AA1D0CEE7E0870A4610B65F4F49F3CE8C8522","2026-09-15 04:27:14"
"4beedd095d637500aa3aa717.json","3374","C67A36F5D51AA453F226915303D6BE6F1FABAFCDB56FEF4EBEDA72BCD5F94314","2026-09-15 12:42:30"
"4c48e679dd6614d51fe00ac2.json","1828","ABE0FAE54DA89170ED6C121E0DAFEE4B8C03A8B832BF7E17023EE912D1D703A0","2026-09-15 04:28:36"
"4c4de92aad6bd796a8a563c5.json","3374","8BDB045007E28582D255DF567A2543CE1EE5EB1C15EEECC9F0490112629F199A","2026-09-15 12:42:31"
"4d0af825daca0c5d28f69eea.json","3375","BF5A7F12654BFF6C69E08F984BF1CAB1BE33605C72014F0126B6EB30C62B6913","2026-09-15 12:42:35"
"4d1fdbbcda7a299328c247da.json","1981","619EC1A7DBFE5676298AC9DD826ADA8C34DEC188F8A815064E23146E10111BEE","2026-09-15 04:31:19"
"4d27959b4e3b494312cfdd2d.json","3374","1BBF54850C344DD93619EAD575E0F48E647B2B83A4998375BBCAE3662B87D53C","2026-09-15 12:42:37"
"4d3b6492117baf9c188b2c5c.json","1837","A637EEBEF6C53D176EF999E626576DDB5C8DD2AEF6ACA4A7E6150C75AF1BDAA8","2026-09-15 04:32:42"
"4d597e2af23763410581e34f.json","3389","5B1FBFF43559EEA80499BE2DB06F4555960F290B13C82FCF84AB5D2BCD039122","2026-09-15 12:42:39"
"4d798958b6dff7b06270d74f.json","1982","989E43FA9F655EDAE077A4A7DE66B837451139F3D8C1472F462F5DE093028589","2026-09-15 04:34:02"
"4da6ad498ecb00e0b0523408.json","1837","12673173CFC45BBF8E2C272A827E249201B6F16849F19E5BDEEBF69968538A83","2026-09-15 04:34:04"
"4ddb9d8be7000aeb18bbb23d.json","1982","9B885535A1EF2EA50D312E8D37AA35C80B514705EF949ADD5060AAA22D18FC78","2026-09-15 04:34:05"
"4df29b9fb58d11664e9be7c8.json","1752","16CBD5C5E3982A92B3C1732A3EE3A472E12A1A756B6FE158269E3FAD62E88AB3","2026-09-15 04:34:07"
"4df6e805bed297aece055f3b.json","1842","E5C5FC662811DA0EEF6EC75003362F40F38C70193345767BA0786C594072EA9A","2026-09-15 04:34:09"
"4e1252a971034659ca853783.json","1837","A7D9BE2D597EE6458E82DC6D8CC52B1571D313CC9CFD567C3D81BEB0DA8E2896","2026-09-15 04:34:11"
"4e1ba80b5a618b650fcb5810.json","1992","47C74FCA5779F907D6EF0266A44DBC47937668EF16614806B477F5A0EFE20EFE","2026-09-15 04:34:13"
"4e2d1e09de1c596f396a6d0d.json","3374","E4E93785314590D7EAE2B0A522F44494EB224F79D3817654E2454F9B5428FAA5","2026-09-15 12:42:41"
"4e38e0d5d165fa6be21f9c1c.json","1980","6F9BB08419D755A2DB6041FBA032D61DBF6FCBE03F54DB09022CBFFD230C19BC","2026-09-15 04:35:31"
"4eb4fadcebf79c69e26e64ca.json","1835","36B98F5BB3174070B9E13F4C11A2C84E2522975FBD132E9322FA6F908155606E","2026-09-15 04:35:33"
"4ec824f208b0fdecd82ef617.json","1996","8A4C0D5F68D126B96D841F95259CEF69E6DD7059AF08A8CEAA1419A2AC450EC7","2026-09-15 04:35:34"
"4ef1fecc094dc414b035183f.json","1826","718776131172AA1322D6A2CD9E53508C5E7AE9185B4F1C976FE45D033281772E","2026-09-15 04:35:36"
"4ef6caf3e45b15d1cdee2f9b.json","3374","02BC2F161ABC57017D54F5F3150FFBAD74FEAFB1D66688639DF287F67C419B5D","2026-09-15 12:42:43"
"4f4b5336259dd5b0a7f221d2.json","1835","88FD3A483808937AFBB2C78A870F9EA23AFC71D46B980A4E46F38D384667223B","2026-09-15 04:36:57"
"4f50a2f675f40dd81ae054be.json","1826","B2928E3921936DB836EA3C70EFDEC3AC8D0BDA8A6F2494ED7BDCE22EE27A2B8F","2026-09-15 04:36:59"
"4f85381aafa347dba46296a4.json","1826","1FA7D4F6CE32E7A75B8DBF4CF3AB29B50835A7FCE6C76529A1959D776CFC3235","2026-09-15 04:37:01"
"4fc3034b75bd94c67f293a4f.json","1982","248614A1327B5928242D1AC548DC004DFFE3C4CD3E59A0EFDC361A9A9C742F9D","2026-09-15 04:37:02"
"4fc7dee753e7f28e0c8e3319.json","1988","C8E8763C8AC8CE2BA86702C52EE59D2133625C910B3D0C47E8DAA5E67EE386A1","2026-09-15 04:37:03"
"4ff18c452acbfbceebfabae7.json","3389","6E0E886145978FE5707DF4D4241953C9D169C362B1D0EAA28DBEF75B14ADC3A3","2026-09-15 12:42:45"
"5012b511691d448c52ccdc6f.json","1992","C6B70707B80FE5F6E4DD39A12E12CB78E69A6736F0220F6831CED9659A44CBA6","2026-09-15 04:38:22"
"502217f6972818544ae7b223.json","1837","0BC8A80793CC3375E1925FCCA41426B21E3D2932CDA45746C86DA0D8A4D2A348","2026-09-15 04:38:25"
"504ed51db2fb883bfc345ac8.json","3374","DD5952500850C9F8C44040986E99F17D56B5BDA2EB8156F0E4A92E0C9ECAF152","2026-09-15 12:42:47"
"506ac707144ca01b4b869c7b.json","1991","C7244A19F53913AE17AEF77DA6B6DD784DD3117C98DF668BF3ED61B8225D9EF2","2026-09-15 04:39:51"
"5099fc7a5e156c4a8c7fa068.json","1826","2CFBF81EF68F7FDA5A09998CC1F7604447E52A53D5703DA902FBDD4E97E1EE53","2026-09-15 04:39:53"
"50b68a8888a1fd81ec0a017b.json","3374","89E027F1AA4D3D1431D7A0021221540355E1718F647ADDF73A6A5AB9CEFE827A","2026-09-15 12:42:49"
"50c30d681cf4f035bf79430b.json","3375","521169AF0396C8232F3DAAB620FBCC2A26F49F8DD9C1D4D2E0C6C242B58D30AE","2026-09-15 12:42:52"
"50de252d76d2a71959d027c4.json","1836","D43656C1F2CD6151FEFD9A3DF52A7AE04DB3C680DBF75553F71DBB70ADDB0A12","2026-09-15 04:42:31"
"5163cda53c94a7c28015307e.json","1826","66BEC0B60827E7D2E148C1BFDFC6933F8AC263160F34B9B1CF2A70E58CCB8002","2026-09-15 04:42:32"
"51727f3144568b2b515318e6.json","1827","BC67705D8F5BFF6A0F8EB93016ABFB88442E0483894EFC7BA82D8A3C1A838E8D","2026-09-15 04:42:35"
"5175b8644e377f3dd22244f7.json","1761","417435D7F482B819784EE414837B143BC559DE93EC0305E5512D1F40E1953656","2026-09-15 04:42:37"
"51812fee5c9deac36fe07bb0.json","3375","7EC4ED1ED81127C2628B8C7BB61A113355ED240D1BE5509AA99FED52CF68EB59","2026-09-15 12:42:55"
"51d07eb62d08cb1d734cc16b.json","1827","A73D4642ABCEB91807EC8321B10312FACEA74A58432BA1E173DF2ACEB7B1221D","2026-09-15 04:43:57"
"51e20b98b0310df3d424a998.json","1995","65EAC69C06152447F5048734BFF181833ADC9A4AF81DFD5B8114D64760D693AA","2026-09-15 04:43:58"
"51eed3884d6df96e14c3d692.json","1783","FC4B994EC9AC46170F2BCA07F82D2610A33E844A3F43140DCB96A50C99B56C50","2026-09-15 04:44:00"
"52c0eb2c6fa8f2dcec81cfe5.json","3381","4FD9FDF8FB214EBE3BC598AA0A477107C1D6D4C8DD0855A851BB643FFF7A4935","2026-09-15 12:42:59"
"52fc35f8c9255aa37d965efd.json","3389","2B72F2B34AE5593606F05BB483230104A69A5284BB9D461B88D3E945E1491254","2026-09-15 12:43:01"
"52fe89e33e034f2af12761c0.json","1988","0120D08F0E86F95AE4C5DC2634CF2D2515048AD09B0100BE4927D96E9894E209","2026-09-15 04:46:37"
"5324b69b5d938e0dd178a90c.json","1826","9019724E36D2BD040D14FBEC1CD796AF3AFC1D97AF7B6791EE578340CE7CD001","2026-09-15 04:46:40"
"53252321465c80faec650ada.json","1982","39C457D1C3EC743D95BB99905C1820CA45E7E7BEAA35CB28B65C96E5C0044B5E","2026-09-15 04:46:41"
"5325d43fc3e9b716befc1807.json","1826","6EF39F4AADEF9F37A82A043C2FC6CCD210C3973CA8AAF04546E95394A161D51A","2026-09-15 04:46:43"
"5343d4ae111f4b4cd1821ab2.json","1826","C2F8E70E4A53D917283CF5B68C0BCF32070D4F92761515E019540A6B7107F53F","2026-09-15 04:46:45"
"536ff4cc9d84138e45437ab4.json","3384","FD573F433D93C40C4595F513A3C4D7F093A8A2BC2C0B0D9D345437D5EA2E5B06","2026-09-15 12:43:03"
"538a10fbc6803512607f6ff2.json","1982","2F8298C387E72391961FF6FB900FE45AEFCFB788C7CA827295D07D33AB324104","2026-09-15 04:48:04"
"539623ce8eb502ae4b2c5f4f.json","2440","A5B532F6C564CC5F553113CF11C26CD009977A30E474CC37CBE8FB55F8711A87","2026-09-15 04:48:05"
"53da937b20c9ebd979a42f13.json","1982","2B044A1CB0AA973ED85BC95C02ACDE961784F269570941865B94E8A62A5E20FF","2026-09-15 04:48:08"
"53f623bf72aaeb5bf3f0f555.json","3376","7227E45CB855A5EE5E96283C51712BCD8044D9F5E81A59E59ED03270796683B3","2026-09-15 12:43:05"
"540d015d6e8d450a144b0739.json","3383","47FD776B5AC3C639870578793E92CB859EC3FE5323CF3A5233BE6701793488A0","2026-09-15 12:43:07"
"5440078a5d03230f24f2aebf.json","1981","75B4AD62486AA9A1C7C5342C9A2208C813541B3050557922ED732963D63F6A8D","2026-09-15 04:50:47"
"5440732e401eefc1b4391c40.json","1981","B7DCBF811E420409C002A8A7B7193C959FA240CE64B9900E5C44FF9CFC205793","2026-09-15 04:50:48"
"54581bd16e1a4fb1c55e7060.json","1991","676FFA9F2FA3CFFEAE4CB8ADC25B78EAA29D7B833C2B39AB8007937DD2741547","2026-09-15 04:50:49"
"549435de938c906698dc0c4b.json","3385","4986911CD6EB96F7534A12AE33D3DEA619AE50B277B1F30A7B4F1DF159606EB1","2026-09-15 12:43:09"
"54d1e40b59ad902d47077716.json","1836","4453E4DE8DE11F3E3BFCD86A585ABDC0B9C20B61030B8063540F5CDE3DEBB74E","2026-09-15 04:52:10"
"551c799a3828f2eca6a8f8ae.json","3375","69F31F6E7BAF9FE56F5FE2436619E8F65715E1951DD03EDAC524A259CF55B5B3","2026-09-15 12:43:11"
"556638801057ae421059819b.json","1826","C84F60820C7E0CF262D3A4AA705B5AD8BAC39C5BE081F7F1F6829D2B66F6CE4B","2026-09-15 04:53:30"
"556a8fe83b3e5e0f7059b54e.json","1981","21140A8F4613FF900F50FF09F4A667931DE3AE2ACC4251DA221D6433EDD258B9","2026-09-15 04:53:31"
"5572bea90590e988a2b5d8a0.json","1833","88598A7E186C03C320E877E2A76C66E21125E8B6FDCF3FCD26B4BEA3FDB58475","2026-09-15 04:53:33"
"55a8007eb871b94686fcbcd2.json","2440","2EDF0BD3A0E19A1B00FAD5E9EE20D0FD9ABD00579BA46E78D3D1C8FF3A33E531","2026-09-15 04:53:34"
"55c4982d93418a7c648b209f.json","3375","987F89F830E661C530061B46FEAF1C20261CDC8D6D0C8EE09A607CECCFCEF3D4","2026-09-15 12:43:13"
"55dc4be57d9b8725a1c94ad3.json","1990","DC4E376FB58D09F203C5E64D850E784553D93CF72CCF7E9DC41B56C97D80E05C","2026-09-15 04:54:55"
"56147619a6b59558fc43ec64.json","3374","DF163FCDC5AF5FCADB6B3C60036A5E8C1FB599953C63116B7E6A6F13DBA08D0D","2026-09-15 12:43:16"
"5637502e78c079c43535718a.json","3383","1DD26326C259CAEA85C95D10511DD3E8FE4180F8EE9E1243FCF1EA7EAA43091F","2026-09-15 12:43:17"
"56637f01b7e2a6a0903b7e58.json","1827","217E92DF04DF88268BA4B3F944201B9DF616444CA6A5DACA43ECDA905B9FE163","2026-09-15 04:57:32"
"56a70d993f829ad87fd062a9.json","1995","B5BE35C545C9BE51E7DAE4240E9F498865ABEF488C0563B2456F1C7EB9FF8079","2026-09-15 04:57:34"
"56c29f78794f4792a86f9441.json","1827","F2CC11BD825F0FDFB96075A2D0321AA721B5561353B7438BF3CEB907E85809E8","2026-09-15 04:57:36"
"56c7daabc4cc4b4631942398.json","1836","F346B73AA09DFB6BA23C8530790D5A194500F57518C4F362EB1715E61E0296E3","2026-09-15 04:57:38"
"56e41bf27e105d7a7d13cc16.json","3375","6002E25959608C035C5A911B4BDC5FDC5FCF9EEDB30D97B65DBBACAFDFF87F35","2026-09-15 12:43:21"
"56fe4634165157ab4dbefbe3.json","1826","DF51BB614976D430D9B2D045E7FDE9F8635FE76B24293CF5C5442F4EEAE63F41","2026-09-15 04:58:58"
"573d07d976b18589cad494dc.json","3375","A7C5FFF268AD921B2C637EBC681084515891234F8D23D99E03398C6B0B687660","2026-09-15 12:43:23"
"582d853cc874fe08df3e6acf.json","1827","6F479CDCF9B451A8FD505AB7DD7A2E838B35E101E97848A69DF8B66DBDE85FBA","2026-09-15 05:00:17"
"5885a8867a737c79665d9c13.json","1828","9CE57F4C96B257CB7416D8422924CD1CBCC50A2FC7923C0EE9FA3A833BD3BACA","2026-09-15 05:00:19"
"5885aeda7884d9903458f154.json","3375","1178B9EB0CC498B850BDABFF4A9715040A44D9500727EDFAF71D035BE331C04C","2026-09-15 12:43:25"
"589aabeea9fe45b553bbdcca.json","1990","A1235C151DFB0CCFC39AE3EC8C597C6806A464BA13CD35CCA975C5947421EA64","2026-09-15 05:01:40"
"58a246ce27acfe5bb7564c78.json","3375","6629210F69848C17565B0040A02B27D5BFB9D6C66ACE038000AF4DD661363180","2026-09-15 12:43:28"
"58c6368a13b83517f5765b8a.json","1995","75627AB580F8107DF024E41A80032C8B41D9D85848F1EC396560015B12622EF0","2026-09-15 05:03:00"
"58fccdc9882622a7739d0b44.json","1827","11662C1E4825B62FEDC1E0E59587A461A0ED22E9C0571C529F1DB3CC931FE96B","2026-09-15 05:03:02"
"590908b4d84f5272e8d24ee6.json","1871","5ADAAD37FFBA55BD55874F9393B50609FD974BECA68C890C0A0F3CB9706FD6D8","2026-09-15 05:03:04"
"59862611f7dd9073ee8a21fa.json","1981","72CC73C4423D223438B79585D943EE359FDC0632A323F6457D096F7DA57F5BF1","2026-09-15 05:03:07"
"59f03d8e9a55dfb50d5046c6.json","1981","7300C933C78E40F85F601D0A6C573AEF36A207CA43BEE7890D91D34411DD54FC","2026-09-15 05:03:08"
"5a1ffc2b824acaedb11446ae.json","1826","F5F0718E0A4B78383E7C77E52885ED1A7719161D6A48D6CB118D8665C5CF2D22","2026-09-15 05:03:10"
"5a6bed2d9f84fa18365fb230.json","3374","06819A026CE2D874F9788D1355962561635D82EDBF53E0666BA8F24E22B89947","2026-09-15 12:43:31"
"5ab53e86a5cfd4b8f85082a2.json","3389","ACC638AAFF7366052ED7629480040877342DA88BEA3F70DF6DED347B712A0634","2026-09-15 12:43:35"
"5ad8f1dbd5f8226cc9bb2b5f.json","1981","7982DB4EE109E21FBD0499FEE8DFA4802418CD0020C3DFFF4B50FD43611B902C","2026-09-15 05:05:51"
"5ad99e6da1724d6afd9565ee.json","3374","06F710EE84900D54BD83AEFB5D278638B8A2EF2B321D8DD6DA440635E0E209AA","2026-09-15 12:43:38"
"5aee1ae26e65fdd16f1171dc.json","1990","192ADFEE95C607B1E28EFC3EC90633527994494B1BA7A39C2E938D5FF54E5F83","2026-09-15 05:07:10"
"5b1026cbc5fd561b70d49e4c.json","1837","89E5351F16722E7269E4D019ECD54EAF0E0C782FF3795FC19E0DEFA978732C8B","2026-09-15 05:07:13"
"5b175d9c5efec96235955f57.json","1833","D7D23AFCD8311A9C3FD791B3DE5C76AC3BE6D53D2BC562E62131AB010B6C26DE","2026-09-15 05:07:15"
"5b1e7d1a15e694a42ad0afe6.json","3376","3A74F681DD0E6F7FCB6ADA2F617459C11C3592A7A4C1BC0731EE70B518BCA259","2026-09-15 12:43:40"
"5b3a82a5334d4cb2780949cb.json","1981","9ACBC25D5C287EC448354BF259864D13A5EBEE6F668DFC33377EF654EEE3CC43","2026-09-15 05:08:33"
"5b4f22a649ba5bd99b7d55d9.json","1991","345BC75B6E7206EF1147438AE3DE868A0578FE6E3E1B038F4E7CF72325F9F0BC","2026-09-15 05:08:35"
"5b573da53641e4e7172c39f3.json","1826","2616A0E27C28AFC76EC3CF8C3574F0E175FAA3F01D5ED68000F5C21F1F42A37C","2026-09-15 05:08:37"
"5b623915d4d63fda941dd898.json","1995","2CCB7509D3C8BCA460BF823FA02CEC17460AADADC527915A6368A2E99707275A","2026-09-15 05:08:38"
"5b8ea1b92c8197ff3447eb63.json","1982","841C868A6777A0BBF641726B9A5660392FF79444DE825AF8FE469AAC7AE6BEB4","2026-09-15 05:08:40"
"5ba09d3bb3bd507cedc11ea6.json","1827","56BF0AA4D0D92FECE9EFA7801010B7728975CE2A7238F4450DCE19447A0A1E81","2026-09-15 05:08:41"
"5be4307fde9a8868632b5e64.json","1826","48C1973352C26708AEE56F13EB9C6C571F5C000BF77D7EB4C065022ED8C2D18C","2026-09-15 05:08:43"
"5c10cb2c09ed6ffc71e7996d.json","1826","19855DB9B25AB3BDFE621A3974C3E3BF100221D76D432BD5D1198C399218B848","2026-09-15 05:08:45"
"5c2b262e2f505c0f40064079.json","1982","C3C53466B1CB7BAC9FA5C95BAB6D14C7C609031848C1D21AC09B3418F7463918","2026-09-15 05:08:46"
"5ca377c584637a094fd4d9a6.json","3385","A021A6CC8EB91C26FD405041CC31200773E2E01352B386663B34BFD0AB54BC1E","2026-09-15 12:43:43"
"5cbcb541c1649ffc630cef13.json","1982","70885992A58988A21AD3896D3D78B66E0A8E79CF23A09D342A98701DAF59017F","2026-09-15 05:10:05"
"5d03b31462202f4fc6c71bd0.json","3375","A41E42155E660EA54E6D82E1254CC15B2A9FBFC2DF45DE183FF8F2858115D1B5","2026-09-15 12:43:45"
"5d2984c774f0e8d150c06c7b.json","1836","6F55A64EF7540A8DC35A3AB86AA317D8820E0D8813EE439DBEE287E6DB10BD8A","2026-09-15 05:11:25"
"5d5f17dfee69b320d33e0ed0.json","1981","B2518C9DF8B46DB7443A1B6BAD343143009137209DA30BD30B635B3D1AC757E4","2026-09-15 05:11:26"
"5d6852cb0ae4dce9341e79e9.json","1752","A08D116A07D121A64113B6C981049FC1465B30314408DBE6907A0D78E084F832","2026-09-15 05:11:29"
"5d71398e4c69e3dbd0ce32b8.json","1840","6AAA0061573776DACE8DCF992E0B07C9A27B44111C261DFC516EAB2617C5809C","2026-09-15 05:11:31"
"5d8720ed47a295451a7da50c.json","1982","6B5AF55C1A132ECC46AE4C496DDFEB241BBAEDA0E7F5C27AB0AC9F06F61CC84F","2026-09-15 05:11:32"
"5d9d740d0efa9c1106d92e2f.json","3374","5C8DFEF230DB64B49BDB3D7E4879BF4EAE4609C59A5F29B9E938CCF5311868F2","2026-09-15 12:43:47"
"5dc83ab8aad09978a7363cb2.json","3385","0AF1149A06D3CA324678897A35C39EF38CFFE10AF4FFD8342373FA9FCD603994","2026-09-15 12:43:49"
"5ddc822d53601150f3c14c1a.json","1826","F1F2F594BB7E3C6605CC71BC494FA74A03D7BC18E42F274F9854CB20BA59A23D","2026-09-15 05:14:11"
"5de2dc260f6ce5de36d55f60.json","1981","5FAD651E1E53FC865437EDA68A8BAD4B29D21C1AC62887740063E5999F2C7442","2026-09-15 05:14:12"
"5e24b68fb48ae1f1163bd30d.json","1992","9F7EBB998EB033D34CA1369D462A91A6A82544D6A93D926964E4F8DB66DBD773","2026-09-15 05:14:13"
"5e4022f1c4f4cdef25882381.json","3375","9342AB7FFFF8C0594389C91CDCA4605013F3E85EED75040A26F49CD06508D266","2026-09-15 12:43:51"
"5e6a888e361a9c25023ca9b2.json","1988","0BE18AE6F43C8CF2868C9D331801DA217FAE433C0D63D5080B29ABED553A006B","2026-09-15 05:15:32"
"5e7c665e30231a7c5b9ebecc.json","1982","818657FDEA91E1190AAE2C25742374E0F3C98B1C6E610819DB9F1D2FACD6D0C6","2026-09-15 13:35:40"
"5e7fc170875f745c90056502.json","3389","F0A38F2F872144BA0B33CE51A6D49EF63CC101498E4E220FF0509AC6297CFBB1","2026-09-15 12:43:53"
"5e96e65caa8bae729fffbaf5.json","3388","B209D0565D9457D41885062C4395A87E5E542AD3835D819DF0C7C88E8B9A82E2","2026-09-15 12:43:55"
"5e994e3ca29a07505bfbf7a0.json","1981","8A7F653986C9BB83B6F077144A2FBF02EE6BB0331E231F18C5698BF442A7CCB2","2026-09-15 05:18:16"
"5ec39917591d46a98844343a.json","1842","73ED082CCFB25EB8DAEE23D77E66CB77A016C305746A042ADA47FF6A39042DD1","2026-09-15 05:18:18"
"5ed9b6b175bdd43990bffa07.json","1982","CE25281BDF4C8F2DCE44F0F625CE77B7D2C3989583D58E42D8D42D1CF73B12D1","2026-09-15 05:18:19"
"5ee6261ed843fd41252a0c9c.json","3389","0599F742A834F73C04E46D3A3FA95716D8B03A8B647727737FD117686B009A23","2026-09-15 12:43:57"
"5eeed474139b06e3b0fb13c7.json","1982","3C729A8A1D506AD3990911D75864BE03D9935173A0AE638CBF90CB77E10ECDC2","2026-09-15 05:19:42"
"5f54335b73f647efa0620228.json","3374","70DB97D4BD608633A6D9D9A48B8E67C6E532059533FF4611E656B8E9AC87F327","2026-09-15 12:44:00"
"5f552c776761f6cc129fe216.json","1826","A98A97AA162A6203580D04602CFECBF95B0992B90EBE508831FE62E2071DFB06","2026-09-15 05:21:03"
"5fb7648436a191304e90103d.json","3375","373EB479CDCBC08E1F1AA871F424A0BDF8DE2467E5E73ABE675AF2F75EEAE7CC","2026-09-15 12:44:03"
"6023b62855ae470577128735.json","1981","4DF96D7B4C4CBC959C7FF4A274F9B6AE3EBCEB59E6253587C2F84F20560099ED","2026-09-15 05:22:23"
"602da68e8eef423808e51360.json","3383","20F775896D80CA8BA983F04AF6F282650BB600F0CFB825D93B04C27FFD07FE14","2026-09-15 12:44:04"
"6066967b4468714a822b0d6f.json","1826","6CB3272333E7D89A899B39047EB52D8DF4A3078DDDA6CAD6DF3B8BB23526C21A","2026-09-15 05:23:44"
"60775f454ecdddbdf22a2c91.json","3383","7C3B2585B2945BD5B215914C70AB78392B9ECBD8ED47AE06DD58CC7EB52DD092","2026-09-15 12:44:06"
"60863a5f1aed7f645866a3e0.json","1826","9995C1B823EBF89EFD53ADDDFF7A4A98FF650322D7DF854B27F630B960EFCCDD","2026-09-15 05:25:05"
"60a94ebb4d7d4a2df48ee5c9.json","1826","EC2CDFBB3021BFF0C216846B4930AF65357BB9080D86F02E4A9F23A1EB30E848","2026-09-15 05:25:07"
"60e1413ff2e4207d6a09bbc6.json","3375","A551108D0DF953740AB106FD427D205CAC0D176ADE8AA72B504F5589E87F629C","2026-09-15 12:44:08"
"60fd1c400deef3fec2aaacf4.json","1826","71750DF0D0DF6460C88FE9AB8222106359DEAA818D45F039B4593107B86A42BD","2026-09-15 05:26:26"
"618f5d681bbc1cc0ce3042f9.json","1980","50B1848A2B2B29A70D297B039D1A1BB567F12E586C921EA563D573944FDFC9FD","2026-09-15 05:26:27"
"61a8b4f6d15b176033c298e1.json","1860","105CC89D24CACD99730CC738E7EB48EC3D000E8DE9E9F0788906C8F33957D1DD","2026-09-15 05:26:29"
"61aaacad9b68b2cde49131de.json","1982","5074E6059B6388F3A46A086FE66798027C934CE6DEEE10C8B358326BC9ADB7D1","2026-09-15 05:26:30"
"61cc894d2061b8c28d572cb0.json","3374","19D0239B2B19BAFCC34B7958D3E7C8743C6131173B2B5568DD0C8F9393A392DA","2026-09-15 12:44:10"
"61d607647f2cf292a3f3e057.json","1981","AFE1320B6AFEED4E4A589928A03807B9B6EC38DA46F4730CBCDF9CA48F8B72EE","2026-09-15 05:27:53"
"62426713140038e73fadaa42.json","1990","29B1C33CEF88B75198791DDBD914F8E328E4E04B8B7C951764D0F73372E67B4D","2026-09-15 05:27:54"
"6245686dabb3bb66726e3380.json","3375","C58BAC29DCCB32C647DBE47D9D9965B927F20C6C1659D0E8FB6555266784A566","2026-09-15 12:44:12"
"62590630c4263786329eaf58.json","1996","905A31266979E685AB351D70F31F0FF4CB9BB74CC4B1D75AD19AB32757DD4253","2026-09-15 05:29:18"
"626b6dcdbae682d2444142bb.json","1982","E86A9D599FF7B9E977AD4403EA8B489AC9C8FDDF3B86037BB2C1E5A6AB80FE5A","2026-09-15 05:29:19"
"626df630d728e415594b7eb6.json","1982","82BA7E92B0B319608899CFAE377CE823AE8906A359A96A602A8D50480324A0FD","2026-09-15 05:29:20"
"628b0b362cd8ffb1737cd6e4.json","3384","BF9F97CAEA6E876854470978216E44AD0C93DF0E1709645BD30002DCC516F492","2026-09-15 12:44:15"
"63331bad40f55375b9bf42df.json","1836","94EF268F804A7684CCD5A4B659BFAE079DB285A6520084734AA52539A5DF2CF5","2026-09-15 05:30:43"
"634890242866514505d0b7f6.json","1826","39DFE6ABEEBC6C787CDADD2395E4021AA6A31041266BD9944CC1938943170B96","2026-09-15 05:30:45"
"63706415900633ddbcf426ca.json","3375","C38E25C50C4EB827800BA2C8CA53E483E5F7F47724C112373245B0F52EE39B5C","2026-09-15 12:44:17"
"6383b8b956f3777699c21428.json","3374","1A038AB79B5C3F90742B03E278CE085D771B5794B8B39B3D9CEA7E03DA55048F","2026-09-15 12:44:19"
"63e4fa23c00f1a7d2ea191b1.json","3375","6E4634635BECE4F250F0203F06D4E33929402AA1AEC1F3852AC528B6F2F4149D","2026-09-15 12:44:21"
"647f2b3c6cc540cd67a84fba.json","1826","DD2FE19313A4D1A2267068A7294EC307231649A064D4A4FB11BED0F7F816C170","2026-09-15 05:34:46"
"649e0326e72fe2c4a864495e.json","1983","C70BB859A99FBD092AD0ADD3B4E58EB810D05C55E4304FD54402BBE0607E2901","2026-09-15 05:34:48"
"64ed64a4f0b15ba9d53835d5.json","3375","D418E6633DC4E362954D004079F1BAB77532FCD34AED10BA35E5107F810DD74F","2026-09-15 12:44:22"
"65091ab61457111b69d2b415.json","1995","858643E87356BFFD217A79C6B6ED014FB5F6E5CF213B63F9F9DA51B94B551253","2026-09-15 05:36:08"
"651483639fa05b977ce8712b.json","1826","7ACB25AFF50A4EB12A6412FA214CCE0906AF81C78EBA51DD5AF00C01560A7BB1","2026-09-15 05:36:10"
"65294e1a479db9907ab763aa.json","3389","8DEA79323FDEF03C8F268DBE18CB13448F85687E6434C3E6D71C73A3A5406AF9","2026-09-15 12:44:25"
"653846c0b17b8bd8a763760e.json","1981","B65B5F8FA6A281E34440E600B4917602874519D72786851C3ADD7731BE59A450","2026-09-15 05:37:34"
"655f4638a05f3a1a419c0dff.json","1826","9D5DEA0E6CF49E0FFCCBC8823FF721C7DD5D920949057F7E9443663A73780E21","2026-09-15 05:37:37"
"65a9e5fefc032ca9ef250e0c.json","3375","4A8F7B9613A556805AA1ADFC1BB11AB44D1EA94E59E7977E5F9384B4CCAC9BD1","2026-09-15 12:44:28"
"660cb0ff9f3bd7fae336c2da.json","1981","965FE25D5A67656C1BEAC889D4ABFDF59D6E6F649CD2C69F9D3D4E24B5640F9B","2026-09-15 05:38:55"
"66e50eea0a8a60e8db7f31e2.json","3374","8149602BFECA3A0FC230DD4D581C3C34DE7643974737DDE5CC160EA19B9FCD5C","2026-09-15 12:44:30"
"6794fd71c5fae2f27b83587e.json","1981","76D4B62B8C95A580DF3D3DDC59E498530B8C49CDC3A936794EB306439148E92B","2026-09-15 05:40:14"
"6819afe4151139a78609691f.json","3384","C59D9DD2726CA224F9EA370FF38B7D17AE9C20AD325334EB3FD81006594D5D92","2026-09-15 12:44:31"
"681c7b21ae5da91781b6dae4.json","1826","20745B6760AC07B3E20F3885856321217823B9DDBDD3B79B7114D34B0E0794DA","2026-09-15 05:41:35"
"683234dfdcc3fbecb5672a00.json","1827","7B8D61FCD5F6C1A851AA5BE58885C7047192D3FA5B33962EE43088CE0ACFF479","2026-09-15 05:41:37"
"6844be80b48749b80afe56a0.json","3374","FC9D7493006A2AFD24F55FFAD39C1ECB876568854B67223E223868ED11B0D18A","2026-09-15 12:44:33"
"685a3c047fe1be59205cfe27.json","1981","55A88542DBF2D0E44A1EF8C8C5356B2A78007F12645B19BDA843B0C41B727BA0","2026-09-15 05:42:57"
"685d62ca2b3fcba1bc1d198b.json","3374","E869F6CAE31AB5D451E1F807297FA1D5440CCB9ABA5BCA697CD1E0C5D2923E31","2026-09-15 12:44:35"
"6865de2a5ad460b1b252a472.json","3384","C62A5D2C6FFB56B3A8424531B93AAD45BEABB58FF649E58D9FEB6812A5F8DA2D","2026-09-15 12:44:38"
"6890c84019cc4eb257f054ca.json","3388","940C33A7F283B9A494DDB659F8B2AD4E0321AD43EB7210795C82A3E57A75D3B1","2026-09-15 12:44:40"
"68cdae26796a80f15dea2410.json","1752","27DEB3E3A01D1AF29AA3C9AA0AB22C27D1DAD93F92E2CCB60E63AE270CCEAFA8","2026-09-15 05:46:59"
"68e3b00cde28363a01da3bfd.json","1981","AD44174A8C03D5195CB72E0A65D822C2AA919C0DBDA40BC2A5C0AC9D32FA2EBA","2026-09-15 05:47:01"
"68f0f1408ea12046d625ae9b.json","1991","C75AEE04F22822315DC16B4C665068BB40D9CD8771A8A4A3BEC0377629E68782","2026-09-15 05:47:08"
"68fb2c13db833c975d324b22.json","1981","5A43C0F16D28DFE421027DBC551A40B91377387EE93370F57B30C5C9011C1DB0","2026-09-15 05:47:09"
"692667f7f31b9fa7be91ee4d.json","3389","61306CADA67D7192B31A3CECD15CBE759562EF22BEBD7C06D7FBB50EA032313A","2026-09-15 12:44:41"
"6988b4191a85cded04412103.json","1836","288A188C0F3140E9877B980F66CA21AB52E541AA5462EA56EF1281D2A73E8AEA","2026-09-15 05:48:28"
"69c8aaa57ce6782a03a13d40.json","3389","184F6C354F7EB082CAF417374D90F5B4BE04EED23AF8DC1B7D63A0B1B0ACB8FB","2026-09-15 12:44:44"
"69ca248dbf5b3b299873045d.json","1827","16F30AA6BFEE1323F592F2674CE65D595832DB2842F0F1955EF5BAA0ED2E4EDA","2026-09-15 05:49:49"
"69d63a52ef0f9c277dc1c51c.json","1836","DA51B6E7D049B9E5B7D17C603912F383EB8ECDB7DEE401179578710E69392BC0","2026-09-15 05:49:52"
"69ed7ec1f2b63dd195a953d5.json","1827","7B5EA302E961CB7A87F20DA023A73C764F0E48C168E85C773E0188C37C135766","2026-09-15 05:49:54"
"6a3d703955425a1da27ed377.json","1835","615BCF9B03F49E69D65D6F7EA98A1D52A252DF93EB6372F34EFEC2D9593426BD","2026-09-15 05:49:55"
"6a4b21da1ceb95c16ae7a504.json","1982","6F5E919BEE2FBC471AB0D6E7E811DC00CCD217927D5CA25D9DB94B66C2E42100","2026-09-15 05:49:59"
"6ab92c52b96e3e92545fc242.json","1827","F28E1AF2BCEDCC324897B874B54CA6A3FF5896AFC9DB2522DC6E569C513756C1","2026-09-15 05:50:01"
"6ac828cb8a0ce04a3ed8e9cb.json","1777","8E7F03AB83A70E827C9B2BDEC9965C976C2032F2E9714913BCC330B527F8C737","2026-09-15 05:50:03"
"6ae3f5fe52cf06d211c84542.json","1827","66DAC236F663328EEBDDC0F719BAC8B537668EB0F32A0F5D71B2D59D8F800E43","2026-09-15 05:50:05"
"6ae6c1e1453d32b0858f05f3.json","1991","44C720058128217FBFFC06608F29FB734B97B393636983084040AA2C6E36A5E2","2026-09-15 05:50:06"
"6af13154001752bcecbe5e6d.json","3375","2CFCEF23131A7720825A15C43F5D0D1E5BB04452BD47D51616E47C82A1D4096F","2026-09-15 12:44:46"
"6b02dd5f3748a50083255c5a.json","1982","8318EEE544962B8C0ECF7CABBC4BCD1EA21CCD3D70A609D9CF3108FA303D1AFF","2026-09-15 05:51:30"
"6b074d70f059f705a984975d.json","1826","DB255EB97DE717DB8FAEC60B65BA142E2533CBFC949F7FA3FB9A6B8AE6669322","2026-09-15 05:51:32"
"6b1184c9e0848eef96c4517e.json","1826","6C67A49CD3206EFB49AC60715B5EFC4B03AB5C8A6F64111DF7EA231C2D8B15C5","2026-09-15 05:51:34"
"6b1ce9256ac753c0d250314a.json","1826","EE3F6FC4DF73CB47295BE77CF5C83684F9FB353230F3041AC5CC6C2B117279CB","2026-09-15 05:51:36"
"6b6e3624e69efb2abe3fecd3.json","1826","77C8B12CC4C556CD5228E6D26D5317BB4A46CCB55B6609E004979E89DFA99279","2026-09-15 05:51:38"
"6bdf42ad6b6dcfd1e58aaf93.json","3385","68A1A4BDDE1EFBFC28E4BBA053F7611D0F13F510B5CD6BD5874D9E72D887EA69","2026-09-15 12:44:49"
"6c47c92342be78a24f01da5d.json","1981","E1DBC394A039D92931F381E57A56441E7B144380ACE4748D3DFF727951E98E15","2026-09-15 05:52:59"
"6c54ca7ac389d644d3bc169e.json","1982","2C9319231F9FE0DBCD31C81CC8AC29A9651B8BB140914C536FD26B15563F94FC","2026-09-15 05:53:01"
"6c6d3e685d7016f8507c4545.json","3389","8898E972C425ACDA7875FEE184F607B30724AB355B0E7A9A08063260A95A69F3","2026-09-15 12:44:51"
"6c777e3eed6bebe06a4bc0fc.json","3375","72E4EAF9ED168FD76B83E1E315C644133CFCD419C0A1C0C8F15709D3E5CE7D3C","2026-09-15 12:44:53"
"6c77812bbbb6a06d9bf574e8.json","3384","8B263D545A4C191FB1CCE457B1A6057110F0A30C36C9E70A0AB3D79B5A833587","2026-09-15 12:44:55"
"6c8747a8ee96fbda7e132575.json","3389","AA1E4BC59FAB4EE2A0BCCAA3E71878685E13C93B45347F117E4094375979EC3F","2026-09-15 12:44:57"
"6c89d4b08e3b64f9644a86b9.json","3375","B249B669217A65B059FB698108B3C73FB26305CD8616A3BF2D1DF8D0C1014DAB","2026-09-15 12:44:59"
"6cb22875c5d3213e1258f1b1.json","1981","71855B46F121ED64B85E9D8623B64951D7345428188D1CF01EFEEE651362B404","2026-09-15 05:59:34"
"6cd3d0bbf8df67b2599b781e.json","1982","7384725C2680DD6F38292722D457E4E7B39C4BF24ECE81F7103F0E92F0E576AD","2026-09-15 05:59:38"
"6cdc0814a14df5b67485a89b.json","1990","52E3D65C0090B13128756BC462E0803924E4653883DEE74CD197B61EE538D6B9","2026-09-15 05:59:39"
"6d11ee1a8b370dd7e880fb8e.json","1871","906EC2FBBD8224F7B1DC91B3C0224D5CA0C48550B2DF0D311C0C893F7C082371","2026-09-15 05:59:41"
"6d6c37a5993cc8da9404bffe.json","1827","9EA800E4BDAF596AC25BBF80D05D998C2DA15F80853A8174880B16C2234E05EA","2026-09-15 05:59:43"
"6dcc7fdd64b6ef22948be1aa.json","3384","0BA9C06D57CEA2711718A72178BD9AA63FB89FD7D92AD7DE8C601EBABCF8AC40","2026-09-15 12:45:01"
"6dfc3efc42298142df20df9b.json","1826","3D9AADC5B3FAF62CF5251F70A33E9ED7913A596074179186D2A6E3B14074F88C","2026-09-15 06:01:07"
"6e06c60d3b7aec2186faee2c.json","1981","56342DCB446F92AF9584E10748E572E26FFC6E266A671F7BDA191A794C553802","2026-09-15 06:01:09"
"6e0a302cfaaa56155bef055a.json","1996","9006D23A4CA4E6A0490250540478EBBEF41168FA99BCB2ADF3CA6018F78CECDD","2026-09-15 06:01:10"
"6e10b519159c2b2743dc5987.json","3374","4DD2E78D390E7CAF16073CB28CCDD42F6D4A52BFF273F864EE60D153FB48791C","2026-09-15 12:45:03"
"6e3e94985131663c133c46c9.json","1753","86C3969E409BA72F246483965D36E3B4BBF8853DD953163C1E61668FDC1C0EB0","2026-09-15 06:02:31"
"6e453a3ca0f2cf6bdd94613d.json","1826","EDEDC24B77914ACD075FC008DF6B197F8F67C3BD89C33CE29F7C7D49A5A3ED0F","2026-09-15 06:02:33"
"6e70782add1936a0d0fc210f.json","1981","7383263F493E7FA573403008AA0FD306855E86C57CFD08CCD116F27A56AA03C3","2026-09-15 06:02:34"
"6e81d0de7cc12e140c39d099.json","1827","C0BBA6F32A5C5F0132C294CDB7AC797AA02547638A459CF38972A6218184CCEF","2026-09-15 06:02:37"
"6edb98a13d80adafa9108c04.json","1982","101E5450D446604EBF1B2DCF4A6677B1FA49C5F5D67CB5CC816A310F893DA56A","2026-09-15 06:02:38"
"6f0c4b280475cd303e751789.json","3374","3FCFAA69EAE75E74D6F2CE9AC14CCFF07E9F647340B6E9058F903F256873F19A","2026-09-15 12:45:05"
"6f145912ed4e5b12adab4889.json","1841","BAAF8B6F63A3D2EA39F886B3D86B4A17D03E0F34D1234B3948C4BCA4BA483E12","2026-09-15 06:03:58"
"6f2f6bb6510b7c8a2f052f15.json","3375","2C48A38959E1610A882C57184DD1829BD1C94197E55C39689129162CB37088D8","2026-09-15 12:45:07"
"6f5096e098e7bef1746744f4.json","1833","E68167EEA6A8B2B4191FAFB15A6E37C8B3469AB3C0D5F07792B5061FDD726A7E","2026-09-15 06:05:18"
"6f50c17db5e136c0f71196f2.json","1827","E51AC2684177C11A645020BBDE93E00AF7C9C10DB5E627F70BED3815CC7F7071","2026-09-15 06:05:20"
"6f5b438ec3d0a96c8f51e0af.json","1833","6427C453CFA833FD69EADE31DE465B58708ADE7E4FA54ADE41A061F2EF9CB9DA","2026-09-15 06:05:22"
"6f6253e9b7314c103c2029d8.json","1982","D5D210BA22EDF63F178DD9F84D63C8E8C25308FA9DB05E2278CB205913F366EE","2026-09-15 06:05:25"
"6f8f445f22861a70ff797307.json","1827","7479507DCD6C86F5132CD0A4D2E3E19B83D9536068DFA282261BF78D6D06AAF2","2026-09-15 06:05:27"
"6fca9061f256265e501cc63c.json","3374","65ECF75472AA7B31FB466D33BA8A6AE2D50358BE17259F811FB91BBC0901E466","2026-09-15 12:45:09"
"6feba4d265f8ec4a6db82b66.json","1876","11E7B6027CBA2D31275F638AE68E5EA7198DE1E451532B72CA986013D9AF54D3","2026-09-15 06:06:47"
"6ffa37634752737182150589.json","1981","291CFFEA4C9765DB41A479FC8DE63C404973833CC577E79CBBE88754DA59013E","2026-09-15 06:06:48"
"701de615e3be3c1e69247085.json","1981","F61FD95EBCE7D036D4DA82C69CAEDA9FBF7D90899FB2327D9A377C1356E1EFDC","2026-09-15 06:06:49"
"7039828f1a2f28e40672957f.json","3374","84D32CE1829A7DD05BEA22C0DFA18E1ACDDD4FD8D6419E6DFA1D5CD143FD01F8","2026-09-15 12:45:11"
"7065d2762d1921a0eadbd275.json","1827","602103FCB0D4F3AC4448AA53EE31641B81CC9E86ACAFAB21A1C8FBFBD91210C1","2026-09-15 06:08:10"
"70ed7947b646164682f4efea.json","3385","77E7FBF8E210365BB43F5D81A0B2DD238A08BAB9C0DBCA4945A4ACAD16BD4E35","2026-09-15 12:45:13"
"710becc38693bdc408d4c6bf.json","3375","AA6833ED69B7BF80CEC0783F309E1A15218610E07E1CD4F887DCCC0FF7B07D7C","2026-09-15 12:45:16"
"7112ea32f6026fef4e47b676.json","3374","4B06F7536DA02C3B9B02F1B0EE1060EC4E1A9BABE627756DAB7CF2B3756A8C59","2026-09-15 12:45:18"
"71244fc69083f4c277dc0d7a.json","1827","D3087718010BDE8C41F50ECEE41CE840FDC0FECB776EAF397ABDF82EFFEF82E3","2026-09-15 06:12:07"
"7145bc74a5545fee96a521e1.json","3383","63D7059D8C68FF17CBCCF11D27027F3672BAB4FFE4BB1ACDCB4F2BF3EFDC2AAF","2026-09-15 12:45:20"
"718a141396dc2bf06a9f05ed.json","1842","A99CFDEE298D5F742801859273B1A7B7916E084AEA3B960129E5C76DD2B4F8CC","2026-09-15 06:13:29"
"71cb133b0c328669bf673493.json","1992","F416CF2A42C9616430DF78967A961E12A44722C74273103FA8883D7C752C5302","2026-09-15 06:13:31"
"725b874a1abd148d9a75965e.json","3385","76BEFCC4B0EAD0A085CE4A0A8C7B984F0E8581EE113EDB2A435D0F4C8C0180A8","2026-09-15 12:45:22"
"73464322f611384ed9be1f31.json","1996","8E383440604CF198A1092CFCA7F0ACC71261369186C90A40E718A1FACA3DCEAF","2026-09-15 06:14:51"
"734804d4654e15cd39f22620.json","1991","6ACEC4F1FAD868428A8C261C3BA1100F24077BA24750543C04329E4BDFC656EC","2026-09-15 06:14:52"
"736938f359fdce97a37b0f5f.json","3381","456A1B96BF9A0AD647E30674B240134618CBC7302B6B925C3893A7B1366B19E4","2026-09-15 12:45:24"
"736ba1341b86df013049ab41.json","3389","7D3556CCB3C1383EC045151EAB990CB9C752966840DEF8B0315CA5B3E1D46AE4","2026-09-15 12:45:27"
"73b59e7a5575cb07f96e830e.json","1982","CD7E1A57BE8DB27B25C7CBBBB5B67D1164DE0C4F4ED9BCF170D3C5092E3D78F4","2026-09-15 06:17:33"
"73cdd6da683d750b436605a8.json","1982","88FD2E6EAD269486912166B9011937F552CA4BE207BBDECAFCE51D953CAE7194","2026-09-15 06:17:35"
"73efa1429890933fe4c9b04d.json","3376","1691D9B1EBFEE0165E217FD4E27DD949AD22B54ED2123C7725907AE50E7574A2","2026-09-15 12:45:29"
"740d4db3e47b85767facdcd4.json","1833","8C67F39ADD341FDDA0EEC2E63E290F38593C457AC4943339E502A5FEB83EB746","2026-09-15 06:18:59"
"743936901f61cfceca0f5d20.json","1982","16C2654CBA15D77ACA26F508A64D335B0079E3E85C95FE86251D1F20F8DE5592","2026-09-15 06:19:01"
"744a0d3a21442e10910cbe9c.json","1981","ADEB53115A35B7BE74C461FF4B76F44D4514C71B40BE659768179E790CD96FF8","2026-09-15 06:19:14"
"74603b7df60f70feb7cfb04c.json","1981","0CC219D3394AFC3585FBAAF1FBFB0596590A5F56C05AA90F1B1D62C2B469AFCF","2026-09-15 06:19:15"
"749b86958c444b77e1a18a03.json","1981","7D0C597CD4F358659A6888EE1AC798575BFFA8BB81C89E0EE83FF3B8C47AB51D","2026-09-15 06:19:17"
"74ca85af5f77f2b102f1e3aa.json","3383","AD484212C5E52D8625C100A2C278176004C6505A46F7E77631ED2433224F7321","2026-09-15 12:45:32"
"74ce91eedf9034a5b0da77ba.json","3375","3B30073713B7F6AA75BC56EB52D245FAE8DBCCDC7365607AF4FC30082EB99ADB","2026-09-15 12:45:34"
"74cf336d8babeba647d632ad.json","1827","BC826ECFCE65E502BE9D8DFA0DBC812FEC02BF003E2AB33D4C458BB05CE875BB","2026-09-15 06:21:56"
"74df636b28e9ec6a043f2361.json","1826","D16E4D15415D37C528909AA8820B77B18AB33AA54F2558B78F155EEFF48DB2D9","2026-09-15 06:21:58"
"74f764ee9fb85b60cb008f17.json","3375","5415AD5ACA5D5FC14937C5A5DEF9EBD12572E26B414F4B7A3C320E4B9E1EDF37","2026-09-15 12:45:36"
"7523177025ae57e8b54a621f.json","1753","732FD9F180736D43B39ACC8F2F76C426ADCA7EFD7B7DA7864284723F5ADDF0A6","2026-09-15 06:23:20"
"752aa2bf2eae3cf7fa70cbed.json","3375","A66B8710F26BB45CBF6ADCE474BDCA61275CD36BFF3969DB7A8F82A3F7F20539","2026-09-15 12:45:37"
"7582a7979cffd22a692563eb.json","1981","6A9705ACC2D1B481461CA0E12E2E1420866F156E0CEE583FD329CF4D25F212A3","2026-09-15 06:24:40"
"75866f7ac6019f507367801e.json","1827","DB96027F85548522DA0B35EBF87848240892AAC1BF308AA577D046089D141C89","2026-09-15 06:24:42"
"75a6bf887767e856df998b20.json","3385","2B5FF2F0124495E2BF89F5D5A02DA74F190F0DAA9EA1ADF2B7042A05BF4C8F12","2026-09-15 12:45:39"
"75a96310a325a6756cb4976e.json","1982","C79F429004FE62F6F4A65B01A7DCE34A626B47E72F357BB0931BDBFF15A9A5B6","2026-09-15 06:26:04"
"75b7f09f8941aa5cd146a256.json","3374","DFECB1060C8A7B7314CD93207BC3ECC4A4256AF9D83FD986EBA840AB87062699","2026-09-15 12:45:41"
"75ca676be32d669195cc91e0.json","3385","8ADC348DC02EFBF40AA03B52E0EABC0E36761825B65D1B8EB87065A6D06AA786","2026-09-15 12:45:43"
"760d12f9432ea91ef5857475.json","1982","4CBF62902A9DE40EC0F59EE5764C2F03DD99E820B1A1EC327C2C750F723E71B1","2026-09-15 06:28:42"
"761ca95f03c7a67a614bb559.json","1828","70FEE8347303368056B3FF6E7FB537D838B2FD1D158F2C855BC4FE02E19C997A","2026-09-15 06:28:45"
"7627afa5aaee3f2558db9b6c.json","1982","D1BAE34ECFD2B2EA1A728CB83B873727C24506BA805E1980424D2521885E8903","2026-09-15 06:28:46"
"762fca13260da1a4d75e8be5.json","1995","4A3FFC4B3D94C2B41E20CF7BC0CA36C98D58BD881F4BE4996BB038AC50FEB747","2026-09-15 06:28:47"
"765f9db8d1ea1af07a1aef0c.json","1981","AC0F845F5FB6570A563A6EF4C6A6A50588EF1061CEF503C0E1BE8735E9981406","2026-09-15 06:28:48"
"765fd5e5dea3f3263885cef0.json","3374","524A71464FF073C8892F473660356A0E76B6416F5FE2BDD73605C3E241F21361","2026-09-15 12:45:46"
"7682ef9ed29f943d44f0507c.json","3374","7A395879A1FF42D5581F54E5B16656B15C7BC05FE0387EA74BB05F35C0907613","2026-09-15 12:45:48"
"76a6245946ba22bf9d85a818.json","1829","F40C6494E05708EEDC73EC33129B00A0A6681D9CDA2575BD3F8E6E32078B1298","2026-09-15 06:31:29"
"76adf0c2fa6fc246ab96d5ea.json","2440","1E1B97A175F1A5B245938CA70BC69A14B2D7C8CC381A204D620E02663BF77012","2026-09-15 06:31:31"
"76b04bf61817aa4d9297b2db.json","3375","415AC38D8BD0029F8787061306DA219296B9512097B6DEC1C5BCD4E123295546","2026-09-15 12:45:50"
"76b35f4253794d10d89b441e.json","3375","95BA02105C93806CB9A43AE1145AD93ABB7D16A6A3A57044A48662CC9569049B","2026-09-15 12:45:52"
"76c69bdeb59cfb933ffc0312.json","3374","26AFEFDB305D61D60CC5625028B4E7AC2EC2E739CB1486F93DD002DBAED9124B","2026-09-15 12:45:54"
"76de9151078fa117d9f7f7e0.json","1835","12378D5D59AF841424F2F3EE6036117DEE1DD85EE82FA9A5FCA70B783B04FBB4","2026-09-15 06:35:34"
"76e18e3f307559dbbcc0664b.json","3384","E584F03F855F8B6C29C765DF2F8DC2785F597A8C1D0A254DAA9243EA56359968","2026-09-15 12:45:56"
"77437863581e7002a68995fe.json","3253","432427678F7AB61B77630EE1790B999FDC356FEA6B92651C9D9A822CAF86BAC4","2026-09-15 06:36:55"
"77637873da7f8efce810018c.json","3383","46D4E8E6BF701F60DFD66A0F1DB44B458129CCA528FD3365E295B407F78EF500","2026-09-15 12:45:58"
"77c0d5f9cbff91d3117ff42a.json","1981","CECDE5CF2D1ADAC9033E4E230C79B2F33BCEAE43D522C549FF4A514E94987A8E","2026-09-15 06:38:16"
"77ccae92ee6057aed66d3846.json","1983","38712B90F85D3A43244CACCAE5B6C507972204DA6550DBC65452ABE31D4AE838","2026-09-15 06:38:22"
"77d423c9055e62c72eb8d0e2.json","1980","A847BF794B14A8BF2BF5220F74DA3490484CBF97E88F614F3E946197BA143D69","2026-09-15 06:38:23"
"77f118a56b32dcecb2fe765b.json","1833","7E9DE5C56B2D079ADC19F6B7BBC503D76A87A04E3A0842F9AB34CE6D753AC481","2026-09-15 06:38:25"
"782fb826f658e8709bc681c8.json","3381","A56318655A79683DA358882ECFE358E7C34A6D3DE1CE13649BC67FD4E51B05FF","2026-09-15 12:46:01"
"78406ad33bca0fdbbe01a056.json","1827","CE4BE228407EF95D36DCD75AD4204A4F4472AB014ECD1E5040EB0513FF4BF99D","2026-09-15 06:39:46"
"7887c614b6effe6aabf217c3.json","3384","D55AB2CD892D1680733475E7E3D8F51D5A5F73CB94D8DFD463101A7A18DDACA8","2026-09-15 12:46:03"
"78eb3a342a08e5851d2449b5.json","3375","7F93E1602CE5D31C99043DD1B928EC7F15AB32818EAD2FE2A16B71F8B596FEE2","2026-09-15 12:46:05"
"7911d0b6967b62d19dd82e4d.json","2868","FE608CB627F873D31B34C7157B0492174BD046A7D94F432C1B8FD6A38A96F962","2026-09-15 06:42:26"
"793e9e48d960a5de812a3e4d.json","1861","B5F6C3E21A9AC09E8F3B19E84E5DFBC4BCCF18EDCB4952ABD664F4BFB5A26F89","2026-09-15 06:42:29"
"794d4c849f33f8a3328bf582.json","1876","2320D473F354A2AA331DECE9DBEFF2B96BFB9629DDB6AFC6800F1962AB8F56F0","2026-09-15 06:42:32"
"7956ebb7271f3394acfad713.json","1990","EAE4C285194239098F42A6006274948797B37BCFC79B3AA7FFC59F83A3986825","2026-09-15 06:42:33"
"795e6308330501a501e2138f.json","3374","74BEC58AC16019D9D51891D9F227286BFC9C704377AA558E8164D9955988EE9B","2026-09-15 12:46:07"
"7976a52b54cc3f7ef155c8ba.json","3374","C9A7967E60D7BCD7573270D1D2C48F059E51AE5A2EC552707FA01BB1CC7B1EEF","2026-09-15 12:46:09"
"79ab54787252d7f4d110203f.json","1840","5C3F983FB61FC4276046E44A90B1620D2386882813F3DFD65CA0B3D9F6B3462E","2026-09-15 06:45:14"
"7a395b945177bde36c4d83de.json","1982","98FFFC2E89D0F511FFA1EAC0355E78A2825964068C337CAF2BA6D88698333035","2026-09-15 06:45:16"
"7a88636c545567fe5e168ce5.json","3374","DE20DA7C3664C417A7512395ACB043B8DBFAEF26C917ECC0DF30BAF9B3368A9F","2026-09-15 12:46:11"
"7a8f0472a6fac757d3a800a5.json","3383","6E64B4094113F4E259909E2F9512A5872DDFDC59FFA57E2345A7804D2FA00FE8","2026-09-15 12:46:13"
"7ae61b419da2705d53398d55.json","1827","9CAFC48C658656F7BCFD387215F51B5053A0CAC346184457EA39549A87442DD9","2026-09-15 06:47:56"
"7b0c213a55855a58ddae7554.json","1776","AF0848B3A8F8DE088629EF90EC9EA3601BBF8B5351D9D63572A38F735668457D","2026-09-15 06:47:58"
"7b14f08c7b0c5394a166e40e.json","3374","970C33CA51F845462BD679098EC558EF6966A89096E9C9EBFC156FBA69AB3D1F","2026-09-15 12:46:14"
"7b5305d26e050677bbfaad31.json","1826","2472E9AD63B1818549763D4E51362CC1E99E13FFB4613BF4ADB1FBB4A83995FE","2026-09-15 06:49:22"
"7b67e2c7ee29c16f87baf186.json","1841","4A6A074C2C096BF61C6CE3D117AD3F5BD5AE8215D8B23B45B00996EB7419E7ED","2026-09-15 06:49:24"
"7b6c114c5f7821238c2af655.json","3375","B3943AFB64F7690DCDEC96BB16247B12D8179D491B188C32D5440CEBD906BAC1","2026-09-15 12:46:16"
"7b6f4941f8b78b960acc5918.json","1981","DED56C57837A7F0D18E61882E72F5C63F9CF800473580D074CD695CBB604FEBE","2026-09-15 06:50:45"
"7bc55c65a481d6db4f83667d.json","3374","C6C7E4869428A77703CBAF02F276445D3438299A57451A086450924C3D2CC7B0","2026-09-15 12:46:18"
"7bc64718692b06e60127512f.json","1753","5C2B06CC47E611ED519B513F653B683839E16DB760450CECFE3C1FADD2014EC2","2026-09-15 06:52:06"
"7bd2fe4dfb05f606bfd147a0.json","3374","B1348E0C1547FA48EE348BC53737C4412AF8BCBE8996BC5A74B027A0896F33AE","2026-09-15 12:46:20"
"7be6577f6cb6378165ac357c.json","1837","ED0235E8F60A48ADDEDCD5DE7563390D683A42A96075DE8BE2D6871C8289AF67","2026-09-15 06:53:26"
"7bfcd66568a461b5e6e813aa.json","3389","70EB4D6501B325C71936E5FA78E76422F1FB245E002AEE0DF03F5108D5A3123B","2026-09-15 12:46:22"
"7c79e37cff0285e4fedabd8b.json","3375","0E88BFBD4CB05F7D089B6067D90D0A8BCCF6EE1D3D050DAE66DD8C6FDCC94DB5","2026-09-15 12:46:24"
"7cb347fa2f7bbc3fae67051e.json","1981","AB738E10FB9025096BE2955987A52FDA53322DB8C32C7BD3F13F5A638E82DAEF","2026-09-15 06:56:05"
"7ceafa27447acc605889a4ea.json","3374","ED167873E2E86534CFDFBEBB5A67671232870E8243359C22214DA559A6D2F49D","2026-09-15 12:46:26"
"7d1f53880b850ca44085b3ce.json","1860","3679E02965AA89F48C9486EF7BC49C72A9FD7522782873F3470CF8D643012929","2026-09-15 06:57:27"
"7d4f40bc7ef353cf9eb46995.json","3374","3B42043947A95CDB887EEB7C9A325683BC0032AF7A267176D607BB5C489296A6","2026-09-15 12:46:30"
"7d50a69246a48af6533d79f5.json","1981","10DB75E5813DED6F9C6ACD82F5E9B75808FC7211BF623FD48D6594DE7C141B94","2026-09-15 06:58:47"
"7dad3bc9f668c6865544c67b.json","3374","60CE314B164A9DF25DCD27B18BB544E1A65C98DDB8F9BDF647F93917675B579D","2026-09-15 12:46:32"
"7dde68b20cb654a531d17a01.json","3384","E8F5CB9503920314B051294E6224E855BB5CBFB4CBD8B183A6143F625B6263CB","2026-09-15 12:46:33"
"7e07c62724bc94ff761e7334.json","1826","837719DCC4BDF96E038EE52A1CDC1D89DDC4995DDC9715568721B401CF57288C","2026-09-15 07:01:30"
"7e1db9cec58c8af9f5e1d7fa.json","1995","737CB9EB2E5DFF1B4FCCFDFC4994295793F78B702D9993D24334AE1CB287D78E","2026-09-15 07:01:31"
"7e4c3bf00a89ffe6ae389c89.json","1827","08115C0AA143A56628F32BED7D9DDF24408F5850395DC16BE5C79231A78E6A15","2026-09-15 07:01:34"
"7e6cce56f1394483d74d3ad3.json","3385","D24E86936F1E69D914184254591F96BAC56E0BB7943F7DAD02BE3835189709D2","2026-09-15 12:46:35"
"7e7479e4bd46b50310073f19.json","1981","A30601D6E4FA0B70739DE887C81AE0EE3AAD26FC289ED7FC39771E8149B75932","2026-09-15 07:02:57"
"7eb8d7b4a597d889152c47c5.json","3389","8BBE93DF54F78A564D752A888D42D1885C7EDCBF4D2167A8A410B27B85F65E28","2026-09-15 12:46:37"
"7eba3d5d22abe1d47a520413.json","3384","5CEF6B35617EC0633C55FD6626587B4D55B40A693FAB478FD41295170E832244","2026-09-15 12:46:40"
"7ec8f23f968d1d9e273988c4.json","1992","C7C456C51CA39D0F697A2D46733FA7C2C5AE6226A1BE5C1AB308099EFB1C5C76","2026-09-15 07:05:36"
"7ecaa9151e228ef83977fcd4.json","1982","61369BCA8478B30A5BA43E2ADD529DF5DAD64682E1473314C0B2087AAA788B2A","2026-09-15 07:05:37"
"7efdae8c55ff4729dcdb967c.json","1826","5D319489D047F9719DE60D5B1D3B68C7F3657A947360EB6C034A891F8687F37C","2026-09-15 07:05:39"
"7f08ecca2b5ec232b86c6df0.json","3374","775D412C91A68D0D3DB59CB2CD3E0759EEB8179A28919FBDE1D695737DFBCDC6","2026-09-15 12:46:42"
"7f27bcd2f3c9c799b887e08c.json","1981","1F08AB3690ACBD3FE827972879FE826ACC9E7587D9E2FF499E9FF4C3C97F78B8","2026-09-15 07:07:03"
"7f916e6177dd245de851bf63.json","3384","0237A40758A430DF5D88A88A096D581D358D5751CC4079A289BC403208EFA7C6","2026-09-15 12:46:44"
"7fa822dc440b356e51142feb.json","1981","527DDBF44853772A871F7EC6B2494437E1AD1C2969ED0DB1586912774D905C86","2026-09-15 07:08:24"
"7faa4e8a6f243cf4128bd27f.json","3375","28C25F434EC0A945777A86FBBB25011AC7FFA7CCDAF85755EE954F841E9F58EF","2026-09-15 12:46:46"
"8025e828ad89172fc5e6ce6e.json","1826","E31923B28FD8BC7E04643ADA3C9AA3888372C2EE65BDA27F202B82B4A33AD1E1","2026-09-15 07:09:46"
"8027afaf78e57cb2bb708bf4.json","1990","837B3B32F7C6F9A1C3C18FD27ED07A91D03EFF0383AAA791B741287D658F36A0","2026-09-15 07:09:47"
"804020ede2b2c692a7d66584.json","1980","32990487419213812FE09306FE1A38B05975EC16B1C367D58BEF18F1B26351E7","2026-09-15 07:09:49"
"8074c3554caaca00f1815601.json","1991","E8D25E5136C2A2367679EBC119C12C701AF6E9748592F4546A0C7E40FC31E16F","2026-09-15 07:09:51"
"8077ad283b828043b2e45fc9.json","1833","F30DD1386C621D7B44CDA1E06E73F50BAC383C59E0C4D54EB744F3881CB2D48C","2026-09-15 07:09:53"
"8098577d4860f922014090f0.json","3375","6006D038F94C48E1C6227254B52EF5C260248FB464E2DC4CB3B0DAFC95B1F599","2026-09-15 12:46:48"
"80a4853b9129ea4ffb18aab7.json","1982","684323C509557A19B41CE2D90C56D33D149E54B5169893AD5214971319D0EA70","2026-09-15 07:11:13"
"80a7d4df27b2d4caa99cc427.json","3374","CF892E3BC75043688B6B04E0ACBB3242F92AE1E9A6505DBC2B15B50DFEE65F0E","2026-09-15 12:46:50"
"80d1afade0fa244aa5b499a0.json","3375","5AA4AEB7D4FA71A02E6B58B48291F157F21A3612B9B5069705C7C9ABF638DE92","2026-09-15 12:46:52"
"80e596dab721b40198524e8c.json","3375","F45A8ED5030D6CADA0999CF386D8899DFAA19CCABAF74600B64013AD0F910924","2026-09-15 12:46:54"
"80e6d88faf8111c7a6bc45bd.json","1763","5E3CD21638A512DB032F3BE53CDD4E4D2826FD9EE0B01CF226B258911D9D5AAF","2026-09-15 07:15:11"
"80ffa481edb705dd28255066.json","1981","6C17619D534FAEA0289EEE4C22632EA62CC1D522FD4654825E935B48D50F2D67","2026-09-15 07:15:13"
"810b29e8ffa400906958c47b.json","3375","802794186390E7A57A7AA4F146199304F886E8DB12B93D46D8000596F6A0C325","2026-09-15 12:46:57"
"811cace37d3b21e337cc4659.json","3389","6F107372269023947F755CBA1DDDD11501AEDC150AB42ACC00C80ABE3E821023","2026-09-15 12:46:59"
"811e3f9629d5891bae76bea7.json","1826","3E6FAE659C255CFD454C7096D66DB4475C059A75B5B10DC4149226CBE0EFCEA9","2026-09-15 07:17:54"
"825a023dd34b12a3ab762f89.json","1982","81DEE6A9C9510F436951C4BA95284AC426DA15087E2BD0E976252AF13755EE0A","2026-09-15 07:17:55"
"827ca1d392938104c42018aa.json","1982","BCBA09F9C57D39D1CF7011537278D86298FACC85A31D34A7A8D864C64C73C166","2026-09-15 07:17:57"
"82ddf92b4cdcd139f37fcbe1.json","1753","445AF498E217B7C29B7A4EA677502C8814683557A7BAEE3F5E78F5C82A7612A6","2026-09-15 07:18:01"
"83051e1223119afb7737b502.json","1982","77F5321A8F3F8627F663B73D7BC483EED5001899A64263909364110E307BFE83","2026-09-15 07:18:06"
"832bfc4f3734571852f2a1b6.json","1841","090317A36A464F69AE201F68A82488E5453F916B361B9071689303E69675282B","2026-09-15 07:18:08"
"835e54dbadde08504975a3f0.json","1835","A42E80950ABB7CE32A3A1B244F8634DC237F85BF79E56D86A42A2D8D57D28074","2026-09-15 07:18:10"
"83902b36d70f5a5a06dd6f5f.json","1995","35602067C8905DDE6958F64F61CEB517A5E4EA07F1CE0F8E8F48F2A0A09BB9A3","2026-09-15 07:18:14"
"8390629be4d48a68a2c32742.json","3374","661BBCAD9B581AA5E0C5E1BBC0E611B9D2BDFF0B22858090ED2AABF3C79421CF","2026-09-15 12:47:01"
"83a3fed2cecc5007ac026ad1.json","3374","7BC6F656B5AD2D7EB991C1365400D9CC526103CABA3299B0944F97939943CC19","2026-09-15 12:47:04"
"83c61e8a5b0e70829dd07398.json","3374","D7340AAD3AE92F940E4C5B818A0B74AB0C6BE19A3538FE4433EA2820144739E9","2026-09-15 12:47:06"
"84175f9efe32def35ad0284b.json","1983","01C5EA5C48995A06F121A288D1683A36FD66A24F72C23258F1D7F338E35A95F1","2026-09-15 07:22:12"
"845ac3f42f6d06aecb53a260.json","1992","660EBB600B87E8D11E46F27E05087C12602C9E82A7112B9AA3CCF15EB87F6074","2026-09-15 07:22:13"
"84dfd8ba7faf8091513820d3.json","3374","8E72A92D26A451CC58BD115E6E2BED413F6143CCB543B76926B55FC252D98254","2026-09-15 12:47:08"
"856380a5c5a24e3050eec0da.json","1767","A9A635345C92FFA100D10E672D5060E3438F0076D05D8D786BBDCC987268FD78","2026-09-15 07:23:36"
"85a4ec7b6005960d786dc66d.json","1981","2212605342D2950BDCFD67D8B2E91849E31D3FEECFD11649C13C33A1D39FE0F0","2026-09-15 07:23:38"
"85aa30132c3cdfae5ba94e18.json","3376","CD698BBCEB05E09FB342555A2ED470649C6A6379BAC62FA071BA2BE52B728002","2026-09-15 12:47:10"
"85e6c7027f8c7d56f3013816.json","1995","225129E365BAE32B4C38E647C39F314F9D978A0EC8D844D6197EF05CFD496B38","2026-09-15 07:24:58"
"85ebbe8d2f2531f866a57055.json","1981","C343BCE44AC346ED22E75376EEF97C903CC349A3F57311083F8E0640C2E4FCB9","2026-09-15 07:25:00"
"864a28bc2f117a17e249013b.json","1827","13C6FB4EE913C6E2711A7285B2A0EA589780D546F09BFB189C14D084968D0D8E","2026-09-15 07:25:02"
"869731330c85049c18383c4c.json","1981","CEC80FBD05C0355FFB420BC6EBD7D362776858825597784F31CDF1578737DB4E","2026-09-15 07:25:04"
"870d674cae629dba51f008d7.json","3374","1299AC8E101FB003ECB8087CD52C7813CAFAC708CEE5AB95BD40F05C2BC51D67","2026-09-15 12:47:12"
"8718b4dbdba54db0cc554838.json","1981","A4BA8108BC0474FA9310CB9DBA243D52C5E259926777EA51E06ED0C75C137BBD","2026-09-15 07:26:25"
"87419c3bd9a5607836d9ea1e.json","3374","D93A4469DACB5FBE81A73E484B0D15AA8D99E2037C65159B55086F275F3B19BA","2026-09-15 12:47:14"
"8742f0402e930a6713006e7a.json","1826","73D996765AB0F611B20C122EE820E48C26067291D5A2645D13EF7C0B5D206321","2026-09-15 07:27:45"
"879e102550fb36b612b16c86.json","3389","8CD07EE1C94DB590F3B10D8D3A6496C073C72A2DFF0E00540C915E8449CE2773","2026-09-15 12:47:15"
"8834ab65d61d7869f00edb4a.json","3374","F4BB805229F2E64D1B85C79CDB093749BE5158CD577C1DE2D37D03F4DD431403","2026-09-15 12:47:18"
"883fd6ffae575a8203ad9ba7.json","1759","6EC5A1CADE568AAAF4EC5AB37FCF1AECBF608075D53E891A1C34C810A30675FC","2026-09-15 07:30:27"
"88615976805e0a344acdc491.json","1981","F13700593569D37EBA30CB1C9575EB8021E76AD3C9F28AF14AB14FD1E31F0B83","2026-09-15 07:30:32"
"88aeb35e24c458e2fc8fbdfc.json","1981","BA95DA64717289C8EE627688615CBFE2A6617B873AC03E8EC2A9A46BA9ABF999","2026-09-15 07:30:34"
"88cebb852ed40ffb6f139f61.json","3384","1D35320DD9DEDC9D6D9C9D2B318495C427EEA9165893FEBFEDDA13C26EC0B0B5","2026-09-15 12:47:20"
"891cf57bbaa8e2552470b440.json","3375","CD17838E807967AE7D22CC90DD9A911EF8A0618BF832CFE59A51A02D17400280","2026-09-15 12:47:23"
"8922249b2deb0265f37876cd.json","1826","4FF51E986F240942F1EFFAC3AED744E9D3C8CA5B8304153A0BFC970DD878FA10","2026-09-15 07:33:20"
"893819c589b52b5b69878b01.json","1980","5086E744CD2CE7EC8B41DBE2C7E77D65C41B21336A6C9FCFDD114337EFCCF855","2026-09-15 07:33:24"
"894149c6e9af23e706886e0e.json","3374","C09F1DA7D0710FF85EC98215602EE95A69DF05D03D294E2F17B705C371EF656D","2026-09-15 12:47:25"
"8944f75f899cd44ba275693d.json","1982","31BA8E0173EBE9BC9B92A8439BD050B69D5AD6EB371AC499BAA3155DE1715889","2026-09-15 07:34:48"
"895df217d2e5d8cbff83e143.json","1982","CDE6B4072D4185D30A8F11C0262B0305FE643F0C6DDF82C2BE0A812025277CD5","2026-09-15 07:34:50"
"895f9bbcc94ec426e5d06b36.json","1827","4DE73C54CC60993F90F18C2930E9B69576300CAB85E6D361A79C45CC1D5BE771","2026-09-15 07:34:54"
"8961ccc47d3b671f04f9d49c.json","1991","50BABFCF9164998A181521D4F52CDCF4E33E1855A9158C159FF42D51CC7E265B","2026-09-15 07:34:57"
"89dedd0aaf4edac15e669414.json","1992","20C89ED361227ADB36D6EDFD28EC72D2519E30F0BF5B9E28D04E006B0491F4FE","2026-09-15 07:34:59"
"89febd4e50a03c195112340b.json","1860","B86ED618530A501F52A6E412C889900E8B8BADEC8EC82F46C4B942F230D1445E","2026-09-15 07:35:01"
"8a3b608f8b90838a2485b5db.json","1981","46A5F6EE0FC47B527F2DCA2249F3C727B0DE21D3E5A96167489512B21DA58EEC","2026-09-15 07:35:04"
"8a66e5983f5256139cf5381e.json","1990","D80717F87BDD2A933BB746FE2545CDFBBFCAB398F1F0AFED20E7C8E15BC14053","2026-09-15 07:35:06"
"8a931616111ca7738490322f.json","1860","5FC0CFDEB125C13FAAFB598D690E1BD72980BABC93C3C786067D22819932F98F","2026-09-15 07:35:09"
"8aac82db0dbe45aa557fd2a6.json","3374","529E36AF4D207A218EEF276BE09F86060C38BDD7BA8F1B334E7182D449B7593A","2026-09-15 12:47:28"
"8aad432c4d8379b1021eb289.json","3375","12A8F06DE029C190DA03A02871686074E218C6ABC047D5BEE3702ACFC3C5D638","2026-09-15 12:47:30"
"8ac8f32cedfca9c750f1188a.json","1836","CC79FCC6738C317BDF3EAABF3C62256B9B4F702DD8D1405E8282DBB51F2F5628","2026-09-15 07:37:51"
"8ad946f99b4a31bff7fee692.json","2440","0DB85E36B6514AF1AC5ABE8260946861A2BA336E140E95719723B61A69674EAC","2026-09-15 07:37:54"
"8b018499f34e4d41f49e90c0.json","1827","20C407CDC9BB35E33B4117F93287A1329B46944477E6D3AF3D6FF67F683BFBCC","2026-09-15 07:37:56"
"8b151a47a06e942207ab5549.json","1991","90DE6E88D0B35C37D5AE401D8F01E3D91DEE58868296BD69F187ECCA0E0B3C96","2026-09-15 07:38:00"
"8b3d9a4f8c1c09a4a1d3ed60.json","1826","853399ADFDD3797A6CACE9BAB6C4C83EFAD392243C7476A0C303B4E9C8A40DFB","2026-09-15 07:38:03"
"8b3fdd79686326f837567326.json","1785","FD94B95998D5E58DF5407D6E3AD5ECD2EB4A10F70D239AF3D418F4EE1307A23E","2026-09-15 07:38:05"
"8b456cd957acffa357a216f3.json","1980","F20FE7925130962B434D3095E686A496CC5309A62B02AA0E444A0CFA529854F8","2026-09-15 07:38:06"
"8b4795e60ff70e089541b575.json","1826","79718C8D5041FC8E32964D935013FB8FBA99A4B04FAED4CDC35F3DB5CE323182","2026-09-15 07:38:08"
"8b50222278996195d400607a.json","3388","72D8694CE6307053D1AD4F0C8F84FC9087305A75FC663A6ABB2F6EFD3169C4E2","2026-09-15 12:47:33"
"8ba1f3b0a2e2106bba3c2a06.json","1981","3AE39DCDB753C6BAFF1B476110D5AB4F2D598D97C042276DA1D8B65C0CB5FD6F","2026-09-15 07:39:42"
"8bc0dfc4bf468694aca65adf.json","3374","2FCBFCAC2539C95FE59C863ED6285A160FCE1F22DF65882C346DA70B78A80C46","2026-09-15 12:47:35"
"8bd1fb4ed5cc7a3c65786f3c.json","1827","5D601BCBFC26306A297C50C016C5BB68FB592CFE941A0FFC66CDBFEB61137126","2026-09-15 07:41:05"
"8bd348680ef90f8793489f23.json","3375","12C009DBAE69EEA1D0E42D04150881E4DDA3BFA5AF4491F8A75F6E0F06CE59B0","2026-09-15 12:47:37"
"8be16ca5840eae2f241ff03b.json","1827","513962043B52B76D7906D609A5BEE73664F1C43A82DC827FBC7387B19B44A1D2","2026-09-15 07:42:27"
"8bf3794351bd9b63ac9a652c.json","3375","0744A875894835320CABACFE8C685BF3205A7F43059DDB3366C46EE7CA940256","2026-09-15 12:47:39"
"8bf470d139776738cf3fc44b.json","1991","5FE308F10C192C088DBFE474228E376DAA4A57F0FA2BF116470B9D2E6E7BF792","2026-09-15 07:43:48"
"8c3772aa6c365ee23256aea8.json","1827","F672F2461B05383455559DB0E4FD8E85CF5A679985C09B5F3018D7A847ECAA82","2026-09-15 07:43:51"
"8c39b54acd48e8df3a62f1e3.json","1996","4BC9DFCA74E28536C54B19FF26FCB3CBC2C07E2BFDC44A444BF078A0AC083512","2026-09-15 07:43:52"
"8c94e2080e3d3736b160dc7d.json","1981","4B83B3204D16D0BFE27D1091EFB9AF572CCB57A7DC60A08EDCC1ADF3136A8100","2026-09-15 07:43:54"
"8cb5953b40cbd1a74ac00f9d.json","3385","DF5706BEB063942C8A44382FB5CDDFA3480ED8BECB29EC089BAF4C95255F6DA6","2026-09-15 12:47:41"
"8ce35c2cb86e127a6ce43c45.json","1827","7B09DB90C0DD921E9A3FE766BA238ABB65E04376B643F7963A186BA66E89EE36","2026-09-15 07:45:20"
"8cfbff88fd4268c11986c886.json","3375","27FA59EA67F220662F760E458AD67E12146749DA900CB39DB7D3223AE82B8A34","2026-09-15 12:47:43"
"8d037ba8c397d79be8390e6f.json","1990","77CC66E2A26EBD48A3BFAF7F02CF8E291A1DDF38A47524E85F5A67CAFF021D38","2026-09-15 07:46:44"
"8d450b53748f001612d1317b.json","1827","AC38F31F18D23501886A6EED25489B5A773846E27093FC408F1F9A6E2AB1C2EE","2026-09-15 07:46:46"
"8d45bfcd07f04b828328b4b0.json","1982","3242B2E636F56A926EDF2B0E4D1E9FCDDE45A8B5B43498A254D52D8C0761FCE3","2026-09-15 07:46:47"
"8dc6aa52f7a03f5065efe7b0.json","1983","2FEC6625B7299C72184D3B7F4D6774EB04BEB2981596EC056ACE8A8E6F493AD6","2026-09-15 07:46:53"
"8e2b7b9241bccbc3a38c037e.json","1833","2AB732AB8B696BC91168930C5C7AD6B92F9FC3D0D4312478736839A43952EB6F","2026-09-15 07:46:55"
"8eaf36114776acbcf0b84e4f.json","1981","934B7526B8677EB80DFBBD42615657CA10F7C366E91D3203722B0CB13278D62C","2026-09-15 07:46:59"
"8efc9dc45843971c31684b25.json","1981","F8EBE185BD27F858088DAD27447E608F3AB91FEF6E4F29C19BB8706D1E39D279","2026-09-15 07:47:00"
"8effbd5e8f345be011f423e9.json","1981","5A346F1C454B38984D107DB4C9C72E5C7EB425CCF77F413707F75D0B1360D386","2026-09-15 07:47:01"
"8f0281085f1bd2ce7a390234.json","1790","2E231BC0D44E8F5C0F17CD98A391C67D95AA4EC15A0662A971CD39818E96C502","2026-09-15 07:47:03"
"8f2ce630dbc1e7fda2e0e004.json","1761","7BCEA49C1F5467AC55118FBCAABCC1B10C759A96D43A6E98ED6771BF58192A4C","2026-09-15 07:47:06"
"8f4f0d3a3b1e8b7f7f652204.json","1981","602C5EBC6ABE7ACB2E9D051E41524BAE707EB7B188B19A0881477653DF5D9013","2026-09-15 07:47:09"
"8f6ee121c95b6017ddf63f8a.json","3374","0D6A5B834BD0D1ACB83D44AA3C2D658E0ECFC53A855023711C6E2DFDFF7EE606","2026-09-15 12:47:45"
"8f89b39a271ecb8eb74c538f.json","1762","95594618129E8DF62789CC9E33B7207BD4ABFD27C87BBB026EF89BFD13B79F13","2026-09-15 07:48:29"
"8f8f4ba291e651b342099b91.json","1981","489694961FCA232C197245C72E94F231375F4636A560170BB9164F250D709077","2026-09-15 07:48:31"
"8fc0992fa37d3d9a064cc81a.json","1835","0DBE1DB06BA517EE6FDE807A00AA1BF61257B76EB81CD75FAAC9A5429F45EAE3","2026-09-15 07:48:33"
"8fd9175ac1499271b8af6294.json","3374","B0A15B8B286F2FA58D7D4F5A9437BD7684742D0A36F56D99F2AADEAE3FF42399","2026-09-15 12:47:47"
"9051926aad231316c3828bef.json","1826","12B2AB3BD57976D2AB18D4161457276C1F5C995C6A19B2DC3854253A877DBE75","2026-09-15 07:49:55"
"9066338540c239c156357455.json","1860","F9B69416BF1D7F1B173CF17CD263A39E64DE9527E87F9443DE79183AE68578CC","2026-09-15 07:49:57"
"906886ec777618ee50597a31.json","1990","AD0D336CCF218781EDF8A771E273F21C9F9C5187D4BC5048EAFFAFDFF84F0127","2026-09-15 07:49:58"
"9092a1f4abd7f2aadc15ac09.json","1876","CE615C4F19C2DAD75D73AC821117F624238CFC621CA76E92A696CE3D3AACD236","2026-09-15 07:50:00"
"91085f4bb10ce9eaead42e12.json","1981","C225B839BB75388A4E98E405640CE24734BD1321897195F19F8ADF6846887CE0","2026-09-15 07:50:02"
"911dacae38e1a173cf2f8b65.json","3375","F931E945D2B40C5CDA0CE01C8198F0C11562ACA2D28E69A39C22C08099504472","2026-09-15 12:47:49"
"91313fbb43223888dc5b301f.json","1826","A0FD852DDCD46C129422B16A75B5CE833BAE67715A0A547EF41F78414E1E63DA","2026-09-15 07:51:23"
"919160435e58f8d6598a3f99.json","3374","5CDA6949A55E84B16BA305FBC83A36F8510D55C0630F4A30E267BE5FD0FB5B6A","2026-09-15 12:47:52"
"919439df37537899aa602e47.json","1827","95DF668752E83914F55579F66122BEC353BB771D4BB9E577D4EDED1B10CA3004","2026-09-15 12:47:57"
"91b532012c57c25a91a140c4.json","1992","0207955789DB7D4F72ADE61F37938F80AFA47065720B5FBF77A9494F8B18E55F","2026-09-15 12:47:59"
"91e67fe21300313b42d2c904.json","3375","A4BB99E1A5770AE2B18FC23F323713C68FCD074EFD3ED15E25D5AC55E42B0085","2026-09-15 12:48:01"
"91f8949f97807b9a3002eced.json","1991","77CAB36106D9E8A1C4A4D972359DC5FE24E36790809F34ABE9BA6C322DC3FA20","2026-09-15 12:48:03"
"9208004120ed065c67ec1bdf.json","1982","8F047A3BAD91525C34BEF4F420EFBF83A51DC63E18682BD4345787629541BFDA","2026-09-15 12:48:05"
"925d2e5ba39e50b0f7d1d671.json","1826","C7A77A779C4FE10DDA166BE07912AD4F32F9DC872A2A253265D5D8B8C221295B","2026-09-15 12:48:08"
"92a5dc8129b4b752863f58fe.json","1991","712CD44817F0349220A422F6BE56176293AC84B61AE69662C6F24270441E8357","2026-09-15 12:48:09"
"9310f56b8882118df485c416.json","1988","31EED70BE402C2DE51B5568DFB28BADC39FF1F4BF97E52DCFB612D2FC7A88F5B","2026-09-15 12:48:11"
"932af693024eac9e0683154e.json","1835","C4238FBE782475CD1B03E92441725F96CDCDB8904C5F18F3D44C230E41C870F7","2026-09-15 12:48:15"
"934e1e0705cf10b6a3674833.json","3374","4DBCA9F265FA98547B7815C1D7E45337E4F4452A2E0D330D4276079AB18E9073","2026-09-15 12:48:16"
"935cb8709451c290e72a9c91.json","1990","76A30C1B8219C0D47D9DDDF09EFC1670B65C9EA01D02BE0658E2508D6B73EEDD","2026-09-15 13:35:42"
"9371c39588506a6f1d3f1cfd.json","3384","6DAD9C04ED0A1CA5CA59BD8920985946F2A2D52DA54B0C82500D2913036F5D2A","2026-09-15 12:48:25"
"9380cff36f485d75775f4845.json","1981","9741D5F95A756F36B3CC90B14769FEB770601CD58B9EA2B75A0A92BF6AB715FA","2026-09-15 12:48:31"
"9382e97bfac2c6ad51f1a1e7.json","1776","726D45B1A4F3BB76FA92CC5FDABF67EDF7661BD3B1EFCED70B16800B061691ED","2026-09-15 12:48:33"
"93b6451eb8d29c3494c564c7.json","1826","B2CC75F90777CCA97E6FE3DC1C3BF64CD796C5E904E5A7563808D97E87C0A516","2026-09-15 12:48:36"
"93f54718ba074e337b35d25f.json","1983","F3506E0D1BB6AB7E3280F517C37C7B4DA04B39E500478A94942E66177218312B","2026-09-15 12:48:48"
"93f631181242d021c4ed8924.json","1777","77461D03976D46D69254A2625D79511B3CA05E249F3F2FEDA0F85054E94E4177","2026-09-15 12:48:50"
"941b78cf4b982031e900faf0.json","1981","C88AFC59F6C333E19861942507FC6CC8212F69F093B7175A1A185810D65BEE47","2026-09-15 12:48:52"
"949007ac96631fb906fe0841.json","1826","EB15B1DBB2D7CDF53CD29C4AB944555A6B0B97E30C61FA30EF42FF861280D798","2026-09-15 12:48:54"
"94c7da4d299b6f25776d5a4a.json","1836","B4740DE1B8428206CC013BB3DA33B59B77248D85A8A994232966BF3D5356AC3C","2026-09-15 12:48:56"
"94e227ad77d098b982bf0209.json","1981","0F5D8E184560A846EB29F1304AE7E552CC07CAF52297BE84170992A485113532","2026-09-15 12:48:58"
"94ee36588cdd745f3b5fa7ba.json","1827","87034BCF1E057F082B12703656238AAD66B3143580B645563C7ACBACDAEB296E","2026-09-15 12:49:00"
"94f78abe7be05c9a7617f6a1.json","1981","F0F8E135EB2CBA3356405F55E1BB8EBC57D8DC53C225129E8E8B1DBD8C3AE1E5","2026-09-15 12:49:02"
"94f8258e2ab6de34e0ff842b.json","1992","71391E4DBC9AD4EA8FB80C1E84791E3C74CB2015E128AA595CFE25BF5A781794","2026-09-15 12:49:04"
"951150dde44dc20d480dde86.json","3374","00C3CEDEC6542F85E648DE62DC096DDDD7BF2DE95F45FC9C7D71D59DC4CF170B","2026-09-15 12:49:06"
"95229ef4781ce6321e5ee114.json","1827","829C06AFA7024D3EBC7C941909A4ADF44EBE4855E4F3ADA7804B021D0F406A3B","2026-09-15 12:49:08"
"9532ef10788453992d4b01eb.json","1826","9D43B474863DF154C3F2653C534BF0598134E4897A46A8C58AA569026D9E6D59","2026-09-15 12:49:11"
"95335d4e9d7690f435db4eaa.json","1753","A0A8A4B169913DDC87CC1641639196E9E1772B3757E5583CE0C487DEC8BDA35B","2026-09-15 12:49:13"
"955d86a6026dda6a40eafb28.json","3374","5D8920CA85EEA70E39773059747DE42733B0416A2F2B742CB53CAD30CF7FB157","2026-09-15 12:49:15"
"957d01ba48ff7a647b267c6f.json","3388","62A40A2BA10DCAC1E3C12AAE631AB7336DBE71D21EC3569D79C8B2B70094E8DF","2026-09-15 12:49:18"
"9596d02b7eada9b7b3078a8e.json","1982","41A37B1CA987D820816E3D3AF06CF98C7B1F3C0A02CC24F0B5608AEF730CD258","2026-09-15 12:49:19"
"95a18f7265a46dc0c9b72dbf.json","3389","6F804C1B09FCF2E709D3D3E3F0102FAC0F854F328BA18BC2118E1AE981CF95BB","2026-09-15 12:49:22"
"95e4da5963480a0ca5552003.json","1827","F6CAD67081413BD0D8C4B37A56B3F86736323BC59F81A05AA819BBBA18B5BA8A","2026-09-15 12:49:24"
"95fa4f7302b70915ee5b8173.json","1982","436C35AF499053E8FD94898115E18B1A3B6F77FDD3F53C6BC90E87FC8D65D25D","2026-09-15 12:49:26"
"96600ab7cfbaa42af7d1661f.json","2440","50AE8266E452069BE50FEC0DE427FEEECC7893B837D26D83092ACEAEE1181003","2026-09-15 12:49:28"
"966aebc406f6b2630a916fa1.json","1992","132904A8DA22E9430E1424062BC548EADA5CAB3386B372250ABE4E669A2CB775","2026-09-15 12:49:29"
"96dd9d481361bac31c188488.json","1981","EF8FE6A564372B81619048BFE6C0B72AB5BBA61F8BECB6288BD42A936801C2EC","2026-09-15 12:49:30"
"97113a48e0e150683a56c6a9.json","2440","1C6B09883ADCF391E15CA36BBCF4EF08E29CAF192C677B918F29AB589939DE94","2026-09-15 13:35:45"
"9741b7a64389864b8510b549.json","3384","073484C76A1882AB59BE3DDA89F444C30E90A3ACD7BC0FA8E182C5A4F7C3BC4E","2026-09-15 12:49:37"
"97a42611fef59ef08145e447.json","1981","9CDA1D2D7C0C70263AC5B839E4757984A4EBBB06B7A7FFBAAD3456913FEB0496","2026-09-15 12:49:38"
"97b0c2e6c6ba1a47843eee8e.json","3385","0E098721C167F7F9E4E5F4E8357A62A846817F00C8872D767F11F281DAE27D1B","2026-09-15 12:49:40"
"97e5bed8b1e06953a1d95883.json","1981","5AC54900DEFC855D7790D73ADEC39A63F9B87D69DCF7144B4D889E8D87CD140F","2026-09-15 12:49:44"
"982d5b01a39de2c5ea64a2fc.json","1826","222BC0CC7A673C8E47A16903A3CE02F462C5B47907AFCD9F890E72618EAD3CCB","2026-09-15 12:49:46"
"9878f109f97f31081b56cd09.json","1826","9D7CCF8F560AD62CEB609378A02B2695B4FE882A273D81D25EEDEBA32FFFAA87","2026-09-15 12:49:48"
"98b83d5296bb7ce865218cf3.json","3374","C3954A2277D3FA73B5AD04B31CA3FE2B17BD248042EF50C644E4DD0FA994BE38","2026-09-15 12:49:50"
"98db3ddc7f61a2bb04340ad3.json","1992","15BC3EEF15CB95CE394117D5ECA304A96843E545426F4C95B895E397A0D82821","2026-09-15 12:52:01"
"98de02b5e8889c4d0ffe866b.json","3385","5C53700AA8E779085C3179CEAA8B141F39FDCD8EC1F798C4A1FF923D5E65A811","2026-09-15 12:52:03"
"98e68a802d98f75688417029.json","3375","C0CB378DE68D2EFF36B864E92E5EB645307797155A589F5707C01406567ABD25","2026-09-15 12:52:16"
"9935c02cfe0c9a3d8f4a498c.json","3374","ABFE00F9C45201E6996D9B8055D58B43DE70ED6015595A90215BA6879166AABB","2026-09-15 12:52:18"
"994a3f466c7a14b5d2cb9ea5.json","1992","477E59A11AFDC4EB93E41AC955F119840CFC5758B9F97A2505DCB9EF74BAA50F","2026-09-15 12:52:20"
"994be23113b8bd1eb990782c.json","3375","13ACA0D386640D89E46B5E31FE25BAB1C8951B3C69ED3DB250F36E1169E404FB","2026-09-15 12:52:23"
"999cdacb8b1a045a13451146.json","3388","B8ACCE38552677B1C657DD92EC4B3DC0C4D8FF4C50AFEECF3E0E57B0A709F651","2026-09-15 12:52:25"
"99be20a47d6ab31860e44617.json","1826","1D62CC108EA7FBB84C59544F8F8F452F3038080AD9A993C292D07F0FDD02BB5C","2026-09-15 12:52:29"
"9a02f073c75db87b64979161.json","3389","116CAED0EA3937609566C09ADE4F5E7DA7CC22D09830EA6B856AC563BACACE62","2026-09-15 12:52:31"
"9a0c6080908e11608234528e.json","1827","7CE3EF7EE80A46276762A537A516F54E95F73252518E9373BA1D4D3EB8E70114","2026-09-15 12:52:33"
"9a1c8d70a4a905b501ecceae.json","1827","CCFC8841C4CA1C44790CB993589D8982A52B4EA5C8E3BC6AB161483C745CB28C","2026-09-15 12:52:35"
"9a660cc075902889e8f37ee2.json","1991","682B8E2F6EA482029BD2137058BCD6782C1520427FE4576EE6F094EEFC368A2A","2026-09-15 12:52:39"
"9aa867be3392009458745f56.json","1996","9E70CABE2B2D59345F71BE877893F31C12DF62076CA7C41661EBE9EB3126733E","2026-09-15 12:52:40"
"9adf7684f03ae08b60f5d2fe.json","1982","3F36B12C8DE910163720ED5C960920590C64B02A0C8060C35C5120301D2B194D","2026-09-15 12:52:43"
"9b74944f29781c5b24ee4d32.json","1983","950EE78D696EF4B715BA3EA2A92B3C4C6BFF28609CAB3B84448759A1AB1C7E17","2026-09-15 12:52:45"
"9b79ea0a7330cd1ce0503ec8.json","1837","34C066D95ACFC8ECEDD388C948A03617E94ED61C57A15B81737623B25C15AD26","2026-09-15 12:52:47"
"9b8edb81dd04723b306a0d2d.json","1827","53DAC7115FD9D8019655966D3ECD93497D702751DAFA0F159672C1EC21179686","2026-09-15 12:52:50"
"9be9b25e1dbd28c8b95e0326.json","3374","20B138E2F48EAB31C61C1532272D094A2568DED58DA131EFF009239DD8E4FB04","2026-09-15 12:52:52"
"9bfbac48a54df36c42a5441a.json","1995","5CB5502947E6CBAD050693673FAA41DDD9BCE202E01BFCE9FC1A85EB5BD3430D","2026-09-15 12:52:53"
"9c175115842e58538ee07ff6.json","3381","0403C123D7CB558FF52D7D8FF353992F979C1F7AEA23A505AD93F59A5508616B","2026-09-15 12:52:55"
"9c188b3de7318a68ebe2c783.json","1988","FF571C70D372DD3BDAB537B85A49671B9C4005C2A3825BABD13D570936066766","2026-09-15 12:52:59"
"9c1b2dbede2ba1e99608a1c6.json","1828","9EB85B0B3977834569ADA4D378528AD103E6F7F5ABCDC22E162CD82E495F39D7","2026-09-15 12:53:00"
"9c3534d4b46b6d993e334416.json","1982","7A477288623717D32B79A3311D08322A53AA62C46E272655B2D8CDFC0F8FF880","2026-09-15 12:53:02"
"9c51a1794d8532649a67db76.json","1874","C65AAA30CF8C4103BA257236C71C5CFA5971547A549EEAF656602A841C1A24BE","2026-09-15 12:53:03"
"9c71fb31916abff2bb4252b9.json","1981","CD5A50C56742F9792256DB4A0753E7B2E46BA96635406E3D11C6CBB44766D50E","2026-09-15 12:53:05"
"9c7da6753ec4f55ff5dd1ef3.json","1837","3A60D6C133CE0B011AA4143511683F5CF4342E65956EF4675A5A5A2058B903B2","2026-09-15 12:53:07"
"9c8a968fb9496cacc1b7c2da.json","3375","A6F384E283D8DA3087F4E136A6BB09DD03B817BDDCB8EBBE744E15A93DE8071E","2026-09-15 12:53:09"
"9cae80600c24a17beef83f9b.json","1981","98863D3CC9C38615A4A2B17905BAC757B4CF176049F8AABE561E05F6DC5F7B39","2026-09-15 12:53:11"
"9cbe5729f038c9b1ce39dc9e.json","1981","91C5C182A12460880EF40CE7138AAB1AF053616FECA0925936D645479ED91F1F","2026-09-15 12:53:15"
"9cc2005b15cd7a03942c3499.json","1763","82DAB6146B3629E0EF7920084E98C4D02CD4C3F783DDC437C144A167898CDFC2","2026-09-15 12:53:17"
"9cdfd8b4814530feef02dab3.json","1827","D7202331626FF4CE0B01ACE6DE66B57DDBDA93191AE7C89E52038B1BD1934955","2026-09-15 12:53:19"
"9ceb8809b928b92e52e6f280.json","1983","9175F7A84DBC01C0CAB61F51C9711347B99E067D92F6F6A2B25985A18CBD3C40","2026-09-15 12:53:21"
"9cf2dc4eff28e7fb21207b05.json","1992","21A47BBB6AEF269A42B5FE522A9C26E941D812FD54D515667C60FD284166705B","2026-09-15 12:53:22"
"9d55ba19946034e4db524898.json","1982","72A494D6B2F949ED4684A20302DC6140BCBE789C1DBE145303262BC71F66077B","2026-09-15 12:53:24"
"9da713d99239c61b25c427cd.json","3375","7B6E2BBDBB71A010B0D3E70D547081C263056DBD81D50F216605C3B4AA6F165F","2026-09-15 12:53:26"
"9dab7e957eb9492424ca2f20.json","3374","3E8C9DE9D081C038F4FD88FDAC98CE984D7027D2999C9B7D0F40F35E54B0D0BA","2026-09-15 12:53:28"
"9e62cb99c4ecb5533d314f65.json","3384","2A9754837053D4ECE4E1CCBFC98A6F063AE347A80A64A707B3F7229AC70EF0CD","2026-09-15 12:53:32"
"9e782867f738d076f2080fc2.json","1827","0CC5B700347C0B268CBD2AAA005DF3785D623D9CC60538FB0FA026EB15F4E2F8","2026-09-15 12:53:34"
"9e87667b783678c9b3917cba.json","1835","918A9E1D21D54A266B5254CD4D0AA546FD8C50D3CDB10CF45D08EACF9C9332A2","2026-09-15 12:53:36"
"9eda5bf1f861508f121b659d.json","3374","22A263639AEF7BE2229D750E456C3568FF17C67A2D2C0775A43F3E4555136282","2026-09-15 12:53:38"
"9ef0c369124005bcb99818a6.json","3374","C1DB8044DA082B33EB300FABBDA167F21FDCFCFF96B08D860C801C522585A15B","2026-09-15 12:53:40"
"9f27309dd1f51d7890b63847.json","1836","E2C6B0EEB95F4E440A832533498EE623FCA4B767A3506FD40E3A7CE9A61CF34E","2026-09-15 12:53:43"
"9f2819e18a9562ab58317288.json","3374","038335CF8A96D77D0C7A2B35C9264DD69EB42E0C7154C017F26AA8C09CEC1B82","2026-09-15 12:53:45"
"9f2e818587e54db016764341.json","1752","D056F134D9531EF8F6AE4D02490A8B9B3E93298AD8C014C407EC9F3554E8DDE4","2026-09-15 12:53:47"
"9f2ee11739363c715e51e0b4.json","3385","549DEED5B875C415358F79B4F39A0D24A0E6AEC5C765CEA05D8693DC581AF396","2026-09-15 12:53:50"
"9f32b3da74944e773f734dc9.json","3374","C1225C62DED1129A0E347C70E131C68E04746E98DD943B235C7759D63D9E5C7B","2026-09-15 12:53:52"
"9f361febe471475991a33541.json","3383","36127CAB926CDB89B27E91193E11D930A6357C658D1CB105D25DFDDA5DAFB89C","2026-09-15 12:53:55"
"9f44970e2197c0229dc3bed6.json","1982","A2A95273E203A8F6614FB0B77CD2CAE0421ECDFDF9B8B4E92147B31237909F37","2026-09-15 12:53:56"
"9f5c3d1b03f3559aab598819.json","1835","11638AB616A4C8C4A708D59B6C0BB249AEBE1EC237B573A4B818AD5BCC887206","2026-09-15 12:53:58"
"9f6289a163686760dedf38d6.json","3385","3D4C9F38B7E83870C6A1B7A090F210A1AF6299155FC0FC13F79D6B0790BAE54B","2026-09-15 12:54:00"
"9f82977d0b102a96817f4eac.json","3374","37F57DCF631F2B9169E58D4417A603744D8046A8016C228FD0E0C10FC95FF0E4","2026-09-15 12:54:02"
"9f8e6ccc8140ddd6f0656539.json","3384","9EC2352D7CBA0C1A914D7B9F6D58BAECE9AA499F471A57E8FDFBB20A7BA7D8A7","2026-09-15 12:54:05"
"9fc398d85897627a52095ee4.json","1835","1F367292FBDA65DBC9AC56DD72012B879661614229065153034B9FAABED1D60A","2026-09-15 12:54:07"
"9feff9fe59d2ce5dc2cd8623.json","1988","0FDA8ACC08F29FAE1AD946D805D63D344CA420D6A8EC726F3159D2B874CF7CED","2026-09-15 12:54:09"
"a01c6955b37fc4e64b9a5375.json","3374","2FFD3DC9EE6E14D704437D1859F5EDEE24CC94EA6BBEEAD23CB2BB874A33139F","2026-09-15 12:54:11"
"a05d03a9fa53eb59d8baa2b9.json","1982","9C9FEE28E1F23C8CA21E8C50488EF832CD72ABDE545D0DE48D48E3FFF1843FD7","2026-09-15 12:54:14"
"a05e855262df27aec216b7e9.json","1837","7F12FED5C584D88EA120C982C000493B17D1C52B0C989C722517819B3E753BC9","2026-09-15 12:54:16"
"a08932131ded9abeec45add1.json","3374","4D70121C0196BC8B721E2C67619845D119185A21DBE2B22248B6C499AC42179E","2026-09-15 12:54:18"
"a08d9349069fcc386acdc3e9.json","1841","CF1258E8AE69309B8D22A2B179B3082376ED0E00A3A60728DC98D206D86267C3","2026-09-15 12:54:21"
"a0a7aaf20e10c0b27c2fc238.json","1826","F66EB4AE4277F9FA9C4AB305F4CE44EEF1EFEF04D2E65C50D2D25CC125A9F8B8","2026-09-15 12:54:23"
"a0b53c4e0926508cf1cf2ac1.json","3389","0E0030820E9B7EB135D475ABF8825E9524188288F3BAE9E4EA2178B35295F15F","2026-09-15 12:54:25"
"a0bb27b4fc6d4ae74ab6198b.json","1841","E40C801C42FA2F9EC24BBC80F238FAD85F5A1846C8173FE75BC2AFD593AC5D4E","2026-09-15 12:54:27"
"a0dd18a59a92e0143bb32536.json","1835","3B645AEBD3FE4E60CB403918EE68813818B2ECE206C9DC4D64929CF1735F90F8","2026-09-15 12:54:40"
"a10fd4dcdfa8731b4a655c3f.json","3383","FD5D06B8016BD0CC9415748D0B3BC30A418FFF559FCCBC5F648A2A7B1FF72F14","2026-09-15 12:54:42"
"a162ad7c1ba526a2fea5e2a3.json","1867","F3623F3B529B1D8E80479A25DEA3DDD61FE680405654D409BF23C421836907E2","2026-09-15 12:54:45"
"a16f56f7b95f77be96f69b48.json","1991","CBA3C7ABF5C00685B340379B9CCC836FE59A6012587CFD97D052D7884ECD6902","2026-09-15 12:54:46"
"a1a3758cf7094d6fee443a1d.json","1840","285C85A80301CB414A7C63CCB4B23200E74E534698072DBA4CBABF9AE9892EF7","2026-09-15 12:54:49"
"a20bfecd3a9220287256028b.json","1860","4A2E423F04C61CE6656DC425496E341BF67E406BD809501D111A29DFD86A5953","2026-09-15 12:54:51"
"a213326332cec7ffc82e7437.json","3389","6C6BE28C0C57DD145DD488448BF0665B91D6621E58B818644F6795477076C0FF","2026-09-15 12:54:53"
"a24bf80a1d3c5454573a5504.json","1827","9D1456EE0FA3102BB34325D453DBA1AA2CFC097D138F5536BBECAE78F98492AD","2026-09-15 12:54:55"
"a25d18417b78ede1bcefbe99.json","1827","C3593B33A6DBDCC32C2E14DF36A02FD9E492C8BEEA4CC1F610A657EF5A5912AB","2026-09-15 12:54:57"
"a28aebe55633017320995f00.json","1762","DD7686682C0595478E422CC3773499AEC1A8991D3A62346EAFAB3679E2C8FD71","2026-09-15 12:54:59"
"a2b0440ac464ca4c2aef6856.json","1981","8F59FF53B07805D272534424FABB01440951D0C177EEEB5381B1996B155B60AE","2026-09-15 12:55:00"
"a2c86727c25080c032cdce62.json","3381","4E30FEFE6FC31F7713CE0DC6123A6AFE44DB076D05640E0F0A438EE993C08438","2026-09-15 12:55:02"
"a3829732066d94247e54b49e.json","1837","4872A0F5D87BD5C5073C4080461134FEF2FCFBD6418638AAE599E095D086F1F6","2026-09-15 12:55:05"
"a3ba901f1280772f2518dd40.json","1827","8CE420D0C89B7CF76BD0C7274A95571EB7547CD678998B047E63BAEA42BEAE30","2026-09-15 12:55:07"
"a3c6758e885e89629d9203af.json","1836","E404BA845ED25C5583744C4DF98F769CEB80418A69A27A92EC6C82129E4AE909","2026-09-15 12:55:09"
"a41a4309ff1766f847c3d765.json","3375","EA93E0EE75C4DF7BC09444C78A36658013A55389C23A926FB6FD24996E45C78A","2026-09-15 12:55:11"
"a48d979687720d8f75c4f49a.json","1991","9085E90D3F1133397FE967300ABDA414CA4C01740E10E72DA1EF43F159EC9023","2026-09-15 12:55:13"
"a4a15834350e92af35b99ff9.json","1981","7BEE66E9055EA912D1FFC4FABA72C4F8259687103B59E75A953CF8F42B5B2565","2026-09-15 12:55:14"
"a4b53f2934ce5066074871c0.json","1752","FF909B0D68D67F94F3D30C0616518DC15A5959BFB976ACB23A213D6018C9BF09","2026-09-15 12:55:17"
"a4c9fab63659e2c4cd862003.json","1981","F0285E178DA4180C37AED60472AD34BE18D3A01BCEE3F01EACC1B46FBBE71D30","2026-09-15 12:55:19"
"a4e3a07ae4e74423a9bc297a.json","1982","9AEADFA09F1871CC19632FE34F9DD809D9A9523CC2D59095B15C428932B1707E","2026-09-15 12:55:22"
"a4f419d7fbace5fd1aa16286.json","3389","53947E8F22417DA58A465A1C37357F433FC50D65C1FCFDFDF3147A0786C9AEA0","2026-09-15 12:55:24"
"a50f8e604957b48edd4d2a12.json","1982","BEB743D7CD48C791BFF47384DCD557B1FA37924042611AC2B61110C9A40B4566","2026-09-15 12:55:29"
"a527653d41af1b4d0d451459.json","1981","833C477059A7D9F4A6C5B27BF5D57B29F002A2ECAADA8B7C0DDC10992319B6F5","2026-09-15 12:55:31"
"a5335e62794c24197021444d.json","1870","AA575800EEC4FCAF47E7DCC1AED13C81CD8E6AD9D48235CDCC2E865824109356","2026-09-15 12:55:34"
"a57dcd2f083afa7468eac7da.json","1752","041E0559AD592BE4B630E4F952A04EEE3D01F345B368425A682311DC8B4BD849","2026-09-15 12:55:36"
"a64c526d31ac834f2be9ea14.json","1982","CCC05C89FE11715757EBB79A02ECCB8DD9AFD415ED0F8A1DE241857F0F6B5E9E","2026-09-15 12:55:39"
"a652307222972c95f53d0eec.json","1996","E7CAD256666DC5BCE3C8D3B62C41C08B95642F0436147505F856BABEFD40A1D2","2026-09-15 12:55:40"
"a669f751652b10ccc644f105.json","1995","02DDC7F5CED7DFC8C96BB2D5F79DAD45417F711FC1AADE3F78CF97053D153B33","2026-09-15 12:55:42"
"a66c18594c66231638b3eaf2.json","3374","A511DFC07473E4AA9E8B72B2A7166B94D246861C6398CFD15B31C06B8E3EBEA7","2026-09-15 12:55:43"
"a6a5dcce1bb5a929c5eb843e.json","3384","B345FD9B7BAF80B3C107705BEA1C486059221C05FCAFD9BAE58CCBA3E8BE97AB","2026-09-15 12:55:46"
"a7052a66f57699c71a13fea2.json","1762","6E6886C8197FF075CB783F9C53FFDCCE705E88A0322C6BE8C86A4FCD64659648","2026-09-15 12:55:48"
"a71a25e871cf25541191fabf.json","3385","2FC4039FF5EED4DFCE3FF0195E9B900CDCF5FCA31F116CA73BA7FC848976A75D","2026-09-15 12:55:50"
"a737ef9444b8fe947e8c2e92.json","3385","0845E02F407ADB8823B3CED4D04D99749B06F64438EC873DE67D3974591E6EA9","2026-09-15 12:55:52"
"a73d7b9cfbccdbf16968bf25.json","3375","11006AE38EAA26A74805D0373A6E7072292A43CB218B55F756EE93BA91B6B23F","2026-09-15 12:55:54"
"a78053073ab122c908419d41.json","1870","D129BC4153FED6862AB37C80D8C05B5CC3947538AFB36A1933BB49E15BB9A0E5","2026-09-15 12:55:57"
"a7c7bf559faa8fe7a77a56b4.json","1833","5EE9BE64121EDE59145309C866AF0C7387A666F215A24078879C19268CBE3DB3","2026-09-15 12:55:59"
"a7e8f0f141065464dd701f0b.json","3374","566A77B539EB8D911CC6A945B510B673B38221C4BD3D1992EBF0D5C6DA0C2AAC","2026-09-15 12:56:00"
"a82006a67aad87908ac6718f.json","1982","110912B6BAB92CE3869C1B0898B103B56AF449AA8228C74FFCB40C09D8BBD4F8","2026-09-15 12:56:02"
"a8bcb635f6650bdb11f4edef.json","1981","2ABC8CCDD9213D24DC1D50FD93E519F98C23D7AE81D6801F93B25F0E896C2669","2026-09-15 12:56:03"
"a8d0f10c14553bba63eb03b9.json","3374","2CDB14CEB8DB767579E53426DC77FD0B86EB2BBCEC8D96970416BCC392AF027A","2026-09-15 12:56:05"
"a8ffe7fbc744be8e8ce1599e.json","3384","543C2DA81CAEFC49124777E5485FA70534401DC6C9420DABCD12774129CCDFAF","2026-09-15 12:56:09"
"a918ce431eabef9e8b3d8046.json","3388","E1BE1711F5A9A314B94054DE513719412A0532AD51040B7D736BE8AE096951AB","2026-09-15 12:56:11"
"a92b92421a27119adf78eee7.json","1827","CBFE60615F7521984EE26CE897389AD3C824BEB70D0F74B9AE5BB3EB1F021F7A","2026-09-15 12:56:13"
"a95c0447974bf69eb19db14c.json","1981","7E69B88371940B54DD1F4E27C54DC090EA2D8782489412A132247672AD344DC7","2026-09-15 12:56:15"
"a9699b00ef3acdbabb97a528.json","1841","7C16A077DED10D9B45A8EAE20198B4DA2289D29688A66DFB01D6EB22A2E07D90","2026-09-15 12:56:17"
"a972ce613745d74d7990fc63.json","3385","01631A28E3746C40695806426E0356ED496F8477A7AE7FC3E264CAA02E1538E0","2026-09-15 12:56:19"
"a98c94068a58499964ada2c9.json","3375","D415374B750B987591A8EBA56E3C587364F5B67D38D4092B783F18CDC51A5888","2026-09-15 12:56:21"
"a98ca87e374d12eaeebd3ded.json","3375","DC5CC0DABDCD3E73D78E2BE530AE85EE51EFBC4FFD69630F54058A183CB2D2AE","2026-09-15 12:56:26"
"a9974d306b305d3fe3e79435.json","1827","1A0BAD7C90EA5624970851F69DC34479CE5526B865EAED28848DE95D6079319B","2026-09-15 12:56:28"
"a9ea38ac25aef84b7d541f30.json","1827","DA79CB6DD8AE06F08A469C0F8BAD3326F55A5A71F9EDDC28ACE6BFFED12481EB","2026-09-15 12:56:31"
"a9f2364dbdb2421ba5ed8c93.json","1982","D13E07DAB00351A1F6D1078C437EC3C6DC19A7002940529805205A48B6302495","2026-09-15 12:56:35"
"aa23a1e03f424b9149f1fc97.json","3376","DFDBEF96E1F8308DAE06FDC4BE7146B69CFC6085D88B163EEC6652055BE2BFFD","2026-09-15 12:56:36"
"aa76b42c9a1fba84c5af0038.json","1776","DABAD6DE4E057965E4141D332E910A907BE503FBB29AE3D7EDE5C5AAAE6CEB59","2026-09-15 12:56:39"
"aaa8c03646141ad5223758bf.json","3375","F7EEFD077222DD0500312E4FD8F4F88B4A8E6431FCD0DBC09321A76A568FF8D3","2026-09-15 12:56:41"
"ab6446d503b60149e91002bf.json","3388","CFF966254F4144913E5A31EB534B468CD994FA49F7DF4FD872666A19E34350D0","2026-09-15 12:56:44"
"ab89c85cf18333e9f2af6292.json","3389","CD8DD99367EB00EA2BEC8D305CD4111C3A53BD3C7569010F54C3D07959CE060E","2026-09-15 12:56:46"
"abd0bf59a8752a4f3bc4e958.json","1982","B1540A16A9039A73C7E031A8B080CA25C672FC1371EC2925BD3A0D2E15610AE9","2026-09-15 12:56:48"
"abe608817356bf6cf52ec522.json","1827","7752DAC062246E80574C9BEC1C514AAA59EBBA933A53508043D09E8F94E03C5B","2026-09-15 12:56:50"
"abe7b3d822d7175afd9ed7d0.json","1982","62D096CB3B06421512185BCF81414500637F40A1445A7DDC01211DA675E59638","2026-09-15 12:56:52"
"abecc99fbe23117182dc0cbd.json","1827","3795A1D28BF64FEC8A2A0825F61B5F1174AE1CB2172A6A6E5752915B66D0D4C8","2026-09-15 12:56:54"
"ac17d83ae93e36647c975cdc.json","3384","F8A65BA25A7C2D71C579B68AA61A70D8AC4C2CE21CC4765622DB3362F22CCEA0","2026-09-15 12:56:56"
"ac1de5686972525ce904a74a.json","1826","6D92853B7144CC2C6E719FE2036CBF0AF9C302112A7690E7187333C707288EC6","2026-09-15 12:56:59"
"ac45a5f751ac9facec341199.json","1826","95EFE844120E163EB14C58FFDDBB6BF4398CFD72431334D200AEA96EC65606EF","2026-09-15 12:57:01"
"ac55e157c037e95e41b83608.json","1827","78B4406C95F5F99E4EAFC6E94E0E252FF13BD6073EE1F8A0A116ED6BB0E5242D","2026-09-15 12:57:03"
"ac9244b923f2ccf3173c5d89.json","1827","FF72E862B9B944D8E8B30E64CADBA1063BC942582A0C0DAEF98B63CE81BFFFCB","2026-09-15 12:57:05"
"ac931e36d9cea8f0c8014e6d.json","3381","77BBD606C645051A595C8FDB3BEF4A428AD629D2E2786AA031127937E83AD9AB","2026-09-15 12:57:07"
"aca796dca68fd257b6c6f152.json","1990","16E5ECC234D12EA90AF0028AF25B757B34B8BFC09B3EC10B105FA8CCE7B4AC42","2026-09-15 12:57:09"
"acb095712d378d45a72eb89b.json","3375","E39E0C48F5741323428A62A6AE2868C865B79AB9C90227B5DFD30D8AC56A9A6D","2026-09-15 12:57:10"
"acb1f78ca470254847f0724f.json","3375","61D2EAA124461D8DFC9847F2FF0D268339AF2E068CEE6A143F623CAE411F01ED","2026-09-15 12:57:12"
"acc7bec1986f997256ff0a41.json","3389","846C2616882465B79601ACCAE4E08364A9A95E48983E6B5BBD359176F032597F","2026-09-15 12:57:14"
"acd08eb0f7624ec5674a2461.json","1752","CC2991AD3E93B85196DA0B9B2DB9639024E7ECB89AF1F260FC1E092AB1B26DDC","2026-09-15 12:57:16"
"ad537a4186ad812488bdc895.json","1995","072A150AB60651455839AE221F9E287074ABC7A378A042F931858BD10035C800","2026-09-15 12:57:17"
"ad66ff36b806123ea39602c6.json","1876","A54F3457989F9EE4124E10D55BEC7BDC57F1824C54A514B287FCC12037245F97","2026-09-15 12:57:20"
"ad8228d6e27371e0af2fd03a.json","1990","D4E42937781011492150449B94F79AC1E52EFFFF31DBB3495447C365EDDA10A8","2026-09-15 12:57:21"
"ad94fd1671d7b70508046cf4.json","3374","66D41DE27D0C5EB280713D4B0184304443DD2328DABD3ADE065ECFF3DE1F8835","2026-09-15 12:57:24"
"ad9896cb5de5cb1e31d38c65.json","1828","5A07DE82E59B4846063A114F43D47AD8A00AC44D349F6A6CD7A0BF0167E55C29","2026-09-15 12:57:26"
"adab14ce11397e409f18cf7f.json","1981","DD59A1BAED791CFE3C49AEA9989F55917D556C81C49ED26BD4FDD6AD3CF4370E","2026-09-15 12:57:27"
"adc78d39389896532c1b3ed5.json","1981","32B84467A9E567851F43C891CEFC4B242C1A1829EA5E29B3348F0EF744ADD22A","2026-09-15 12:57:32"
"ae1866292f6ca63cfbd4a077.json","3385","A21C0C67F8C8AB0B06271111621E8D335573371ABEFD0A5CBFC74E0A7B8EE7B4","2026-09-15 12:57:35"
"ae1cba0d34449c9e0f669fa1.json","3384","3F2B100CA3218DC1DC8ACA4EE8A85D065D6D610BCECDEF6A9F8995B496E1AE00","2026-09-15 12:57:37"
"ae8b4cb01ae7f39379714eb0.json","1981","469DD42A4DA78630F44A48AD83B151EDD1FAC4A50938B322C30286AF79BB4A41","2026-09-15 12:57:39"
"ae96870a16668754e7fb5f9e.json","1841","BB181CAC6B68C469B2474E4D232600C34A81D4F89B3959A0742CC6EC9A79E0CD","2026-09-15 12:57:41"
"af0f76e6d4f01735b5c7f5c1.json","3374","EC4EF7AC8E6E360BA6B81302A401AECBA818C6CC2C5605ED135FEFD8D7EF3A34","2026-09-15 12:57:43"
"af78872091da327f2d3061ee.json","1833","134AD20458C89142104AFE384D9D84F717042E443C46D8F17482F73B3EB1F167","2026-09-15 12:57:45"
"af90b46a60acaee625143bf8.json","1983","43B857D6D43EDC3E9E70B6201A839B0FD09DEC0680F647CAFA431A3AE65A4782","2026-09-15 12:57:50"
"afb4b19da2b5e7f432294a47.json","1981","B586F8BD755C05FCDFFAB398D12FBC9792F656AD9530BD2712B9D828E82D54C9","2026-09-15 12:57:51"
"afebb3d678310c447aa88bc5.json","1981","7470991482CAD0DF23BAC43ADDCDECD58FE08EBC51051DC1026AA6267DB606EF","2026-09-15 12:57:53"
"b02a1b0e506e935e0d7b3c93.json","1776","50D23DE7CA668AD69E9D98F78B22150F0B16B0C92DD0461B73B1048D209322E3","2026-09-15 12:57:55"
"b061b07f3284807758c5c120.json","1828","6E9929AAFDA194580661E0CD2524E4547A8C1F50B1668975CB5654539223D235","2026-09-15 12:57:57"
"b066c28fe9c376e2eb839106.json","3375","87BC73BB7EF76EC6F782E1E5E9C6887E1C875E7D175FFC8CC9CB9265C49ECB38","2026-09-15 12:57:59"
"b08adae41f523b75e0d0fec7.json","1981","F120E3C6B569F2138D801BFD494599B0CA0AAE57DA454CF509916F8569FFF420","2026-09-15 12:58:00"
"b0a1cdf1a02ff00d362ccc49.json","3374","0CD9F2B515CE36CD4081933D577A115FC3CD3524877B480565E5C2A509179358","2026-09-15 12:58:03"
"b0baab404b03e4c304cbd24a.json","1826","CED35F50E97204FC10C10D73DE4BD9379D04E5A44912FF594B8B301C33BB5040","2026-09-15 12:58:05"
"b0f44144cc12c0509ea6c632.json","1870","2DFAEDA8D4843377EEB6E90A1279B77D0FBA0DDE9474C0C8880505C2CABE7C73","2026-09-15 12:58:07"
"b138b717c42203bccc62fee7.json","1826","E8EA4BA57AE95D5DE7050A55BD70B96C2C10ED87DB0C36E410217063BFDA06D7","2026-09-15 12:58:09"
"b16802ff58a87c3a8d0953c3.json","1752","8DCA5840E59629B48B59A5A5CA8F4ADDFC5C60FA178B384C38F311698B67732D","2026-09-15 12:58:11"
"b182f48ffe39de3b460c3209.json","3383","D2D08B8C79270062F5A739FAEFDB68EE01E930557F64EE4CD564B89F138ECDA7","2026-09-15 12:58:13"
"b1d897646ceb55ae1431cd48.json","3374","85004BAC1C86002254639494B37A61FF51C513BC3F284138FAB0994DF12CADA4","2026-09-15 12:58:16"
"b1e9dfc1891f86465011ecd9.json","3375","CA28934964FD97523C9F6090252906068DD47320A087B692408FE8D433825043","2026-09-15 12:58:17"
"b20b675b797cc8a5a4b163a2.json","1833","A69D2AA9ACB8CC8B67E109DD59EC70C037A71BE86D9CA8238B89547FB285FF28","2026-09-15 12:58:19"
"b251d0191ffcf974f76706e6.json","1841","14632008B3E892203E811ABEA707B644F831C9383D69BD0B28A9DB4018553E6A","2026-09-15 12:58:21"
"b299d2bfab278d0109a62b14.json","3374","E2221F8E1B8B0C3594DE6E4B3849943460A0F4F85A73763858B4B9DDA654E1D5","2026-09-15 12:58:23"
"b2ae223a3e88cb010ce612c2.json","3381","CBC03FB81130015B282C01EDE48B74E8782FBCF3E04DD3054F9E513A1C6785B2","2026-09-15 12:58:25"
"b2d0c5ed0f9331fc0281c6ad.json","1981","C32D5C6BF9746F3F046C768CC10EA09FC21D4498E3D2C58FB6DC4B9556F784DA","2026-09-15 12:58:26"
"b2d192f622735194bf701ee1.json","1990","4FB7FA0247888D733E235FB0497857A8990B241D151498EA9E3678DADE416A15","2026-09-15 12:58:27"
"b30b9cc7ab8751375a43ac67.json","3374","585ACC00F86954A7BE9985E59B74CD9638FADBD6B853715AE9300D129286C4EE","2026-09-15 12:58:29"
"b33d4020be4aeaff60f6236d.json","1982","32159ED42665804D742AC7EA67E3AFBA8B402D0B441EF9EB6A0F1960EC8A9EF8","2026-09-15 12:58:32"
"b395228d62ccedeeafec1878.json","1982","6B98401986994E936C9359DABF09169FF645F79F71F5020233967C23B3660ADD","2026-09-15 12:58:34"
"b39ffc05d33e3705aac827e7.json","1991","3CB92448B83A248946BCC9B866CE14D0AD4DD2BC704791B173D71080C5184378","2026-09-15 12:58:36"
"b3df3b1fcb33f43e75321003.json","1860","51F640797CB3CC47C43046127BE36290425DD47B836293A8186A8BA0503406A9","2026-09-15 12:58:38"
"b446d5b308e2e7a398da8791.json","1837","ADA54C1857DA1223D71F2F84E54602B2CDA2AA646B5ACAE2CB5FA6D81F362F73","2026-09-15 12:58:41"
"b456e8d7d2e9420f6bd4e5c8.json","3383","D98FAE963581B3D8F845D491BEFD1DECC1B1FB234D2B2521FEFE0CFE5D6B10CA","2026-09-15 12:58:43"
"b48c7df765c174d34d6ec731.json","3374","790AFC8CA22BCFDD7AFE8B7C7AD6B21271032ECA58E485C46FF4C97B8C9AF3FC","2026-09-15 12:58:45"
"b550ed6497317b7cfc1f8034.json","1827","B84AFB4282D24578B6B07D705B5754FC6D2EC6B9F8747FD0710A79C708492889","2026-09-15 12:58:48"
"b5e77711d2b1b7af4b36c67a.json","3385","54AB155FA80B45CA72AE82421A228499C373EE5FC926A06950A2CD30029AAA1D","2026-09-15 12:58:49"
"b627b0a4717194eaec220973.json","1836","32F9B8978D08847ADD871334AC1AA380285A021D2BC94F0CAB0769E840B27AB5","2026-09-15 12:58:51"
"b64b0b432e0bd4d9d244b694.json","1871","446207A7532D7807C6FDA5878A66A7907E607073BCFA1368E723552304728AD8","2026-09-15 12:58:54"
"b6f0cd4cd95711909f0e6012.json","1981","D44033B35B94F23D2910BE041C8546052FBA5597BD35A96055A4E426E42CDFDF","2026-09-15 12:58:55"
"b6f68c2cdb5ea4e003471264.json","1981","0AE47FB9C1D025A373339F5EE20355ACE51A7969D12123C234AACE84BB422E01","2026-09-15 12:58:56"
"b781a8d872cc67c4bd04290b.json","1991","B95E5FAD4E49FE0669C2ACD707D4515894B0166E259FC4F4A2275DE6A9A52E60","2026-09-15 12:58:57"
"b78838cd9d95ae4aa8e4ffe8.json","3374","FFA60D429D1E04627F30EFDD606D5D23FDD2ACA1601F8275F1B215E5C29D669A","2026-09-15 12:58:59"
"b7adb15eb5f5599537d00799.json","1837","D95E5B24134C61B195847275FC759C07E9816373567AF9BC339EE4DCD3BC3E54","2026-09-15 12:59:01"
"b7e1f0a2cb9317e3db233e61.json","1981","F9A19C9F42C7D47EE94FFA1810756C06A6D6B84C4B035A257D83167C9066B19A","2026-09-15 12:59:03"
"b7e67a70c8f6f8959e90846a.json","1827","CD07416465E87B2A4C355C40ADF089F420A723F1EB4E2DABCD0D9AD976746C6B","2026-09-15 12:59:05"
"b7e72fda891fe6e8db75dfe7.json","3381","243D44052265CDEF09597BCF0CBADEDCB8A00E3998C942AAB0C010DCE644CDD4","2026-09-15 12:59:08"
"b7e760b626f96aeb11f367d1.json","3375","6C102721836AE243A09BF0E302D9EF12EBE53B62E979F3EDBEE531852BB35243","2026-09-15 12:59:11"
"b7ed21e00953be6254c2e4b8.json","1827","D65F7249AD00382DF49118CD0D7E29302E496AA9E0011CC6B80D90839EECB672","2026-09-15 12:59:13"
"b81905f51adf60dd33e6113d.json","3375","721591DA74F7CF9F812EB1BD56AABE1A318E50B2F2C440AB5C35B85157DF5385","2026-09-15 12:59:20"
"b82efa837301a1c198da7b2d.json","3389","3F1AEDAAAEEA5934D797D0E2409CC7451A06EE4D14D6DCDA010CE2EC7E462352","2026-09-15 12:59:22"
"b8535c88f5996e6489e2920d.json","1860","262CD66965AB34A46DDB19CC1B101B983B9B0C3DEA78A4C6E8277C1A87A4E27F","2026-09-15 12:59:24"
"b86d60d1d2ec91856a49bc6b.json","1982","81761EEE126EFE3BA42E991BB3D9470F4FFF00CAC1ABA158854898749678C396","2026-09-15 12:59:26"
"b8bcdceb5bd3eb653a0406d8.json","1981","A9563758BF60F5E5CCCDA4AE322D783E975968B45A275A81E1F31E52D4198A70","2026-09-15 12:59:28"
"b8fa7d9ef5d47ea4399892e6.json","3383","3ED8641B0F9355030BA627D180987857D33F04F3D164E334D981B4E23D399370","2026-09-15 12:59:29"
"b9011c0836eed5d4e4022171.json","1876","8D1FBE53FBC3401B7228501B7E07039D47CE161292560CC5FF3298C567F8C738","2026-09-15 12:59:32"
"b91754bf91838c181f141d5d.json","1982","2220314F2B3284C58EE9C4B498CB5542C1A7992E72584D0E18E05554BBE7E5A1","2026-09-15 12:59:35"
"b934c5e8d879f614f33ae3ec.json","1981","BD24A28F026845CE89EEC100A481CAA522EDAB1DDBD37DC2CD9BDF47215A7001","2026-09-15 12:59:40"
"b945cf22d8c260eecd05dd81.json","2009","1D607DDF69CA4F6CBB099676BED7675F65F4A307CDE8C3D66E75074128976FDA","2026-09-15 12:59:41"
"b962d1cf598f8be52acba289.json","1983","A4BA826CA6209D70CA10D8CECB1C22E0F79EF5C54B104E362F324FB3C2C675DB","2026-09-15 12:59:44"
"b97e89742c4cc1e271462411.json","1827","31E08CEAFB406F79BB4F056B42BA7D4AC4C6CDFB8C200B457BF00DDB1BB6AAB1","2026-09-15 12:59:46"
"b9c84679d594e313f14578fa.json","1981","3E0BACED87A9EFA45D294F94FC22FF4C8B034C45EE4C7613BEBF97293AD7879B","2026-09-15 12:59:50"
"b9d529d77177a820f54c38ee.json","3375","3D2884B68BDCDA1045CF8B93E4087326E80D7B0D00FF4C6AD39EB9EBAC48F719","2026-09-15 12:59:52"
"b9e913d1c3ec921a7356a13f.json","1827","EA39F530CEF88004586D13E4A2C636B6E4C8F30FD295B199678FF96CC839A863","2026-09-15 12:59:55"
"ba669f60998781224da9161c.json","3375","779EDDE2A06BA4B3639B379597D9412B398A0576941F8EE7F2A0EEA02EDE1C81","2026-09-15 12:59:57"
"baf1f7376f133ca15d20ea41.json","1981","9194D9252BB42501E68B5656F8F2AEAD7441A9ED0075B39599195A5C1B70FD16","2026-09-15 13:00:00"
"baf5eb31b0f92ef83f8175c3.json","3375","9419A128AB9B4B5497945EFBFB6C7E4ECD41BEBDFA0A6B47DE3DF7ADD7C2FC57","2026-09-15 13:00:02"
"bb5bf8fe69d00ac892c6271f.json","2440","30D966C909C62C1969774DCF5D1A76B238B19D83B7A568DDD7EDC8C7882717DB","2026-09-15 13:00:03"
"bb6bbed1810725533ce92f58.json","1826","D76B6043C1AC112ED1D8B0E80E6B0C286C46FC9524176287FDD48FF92148E099","2026-09-15 13:00:05"
"bbfa2f0b30e71dc8178405b3.json","3375","0185AEB393E3097AEB259686D831EF016F5FB639E1FB563C754C85A99E0DAD0C","2026-09-15 13:00:07"
"bbfb2f0ba31e091e73fa5dec.json","1754","F818E44A46C71A54BB6BD0DC676B7FD2D234FB41632E204E0E77CD6E9B08BA0F","2026-09-15 13:00:10"
"bc315ecb229f80ddd2f439a8.json","3389","3C919F7A24A403FADD5C9F92DBE29611C53DFC99025DADA914AD6B47C29CB1D0","2026-09-15 13:00:12"
"bc33ea1ff4c0938688de9eba.json","3385","CF8B7038A6B93FC019A4317D75563B23EE4F07D41BC8BE142F9260F70AEED524","2026-09-15 13:00:14"
"bc3ea767de6d57580f22055f.json","1981","C93B1677CFED898C567836CD1C47EF02038AED0D6858670D4B15AFD492989759","2026-09-15 13:00:16"
"bc54cbaf64ad8f60fa9efc92.json","3374","1E66FD903C3E35DF0EF4F94D37171FC30EA09CFF5345EE06F107798FD87B87F9","2026-09-15 13:00:18"
"bc74ebe1ddd6eb76d42ad47f.json","1988","E14DCB466B4AD8333C0954C97F7C1307B78B9A879F98EDB9A55CE0A593F39DE8","2026-09-15 13:00:19"
"bd37a7752be6731db8bc57bf.json","1860","905997D074D66D40FA7CED750A6F062EE0BAB42A70A56A9655CFEF04354E76A4","2026-09-15 13:00:23"
"bd563ce4e8a446a71989cf05.json","1982","586E93E179C61C8FDEABFDC1A5DD58897008662052AFFFDF6E840E2F3D3F5914","2026-09-15 13:00:26"
"bdacf3194d2b904916f1e0fa.json","1752","5F412BC02A26F2478C8AD67C246B8F6CA890B84D9AC15FD7ED973D70C7ADB83B","2026-09-15 13:35:50"
"bdfa9d48dcf15e5b5d70ec17.json","1982","B41DC96FB1E30F051155FA0317775AAF382A31EF7D3EF48E7B8FF1740358BFCE","2026-09-15 13:00:39"
"be05f85a4485d80d50274067.json","1981","0B2BC2A895B16C13AB6F6957D4FE71F2BECC91261CF9CBD20C84CC8619AB9E0A","2026-09-15 13:00:47"
"be4bd16d13803182732d7e5f.json","1827","19E0EA6B7E065B619D566E3C675898C3E3158D2D9C2AE92AAF9C9F417F867B7F","2026-09-15 13:00:49"
"be4c05ef0fab5dab98af0a8d.json","3374","86600439BF1D4122EC046546BFFEB2D822852C9A0FA9E01D053A42E24013924A","2026-09-15 13:00:51"
"be60eb3ef9c9f1c290041790.json","3374","FC025570BDF8F8355DA2C651795B37848CF4C177B59316B1E59ECE7EC7D5F6D6","2026-09-15 13:00:53"
"bec985a03af06bf192736d75.json","1995","9976F7DBCC08BD0542CA152D70D6DE102E51B4309381F9E3C5B8EEBA0E2646EC","2026-09-15 13:00:55"
"bee9b209470cca0be0e11a68.json","3374","60DDA1F7C0429A000A95CCE14D40241107E7878F12E9233E27289529857C5755","2026-09-15 13:00:57"
"bf0cbe4327016d19c51f1bb1.json","1835","3F14B709FB6B66F787B1D57AADEF978AC1B52035C8BD17A9FB3C48BAD8C7F638","2026-09-15 13:00:59"
"bf313f7ef069e66ce95323ae.json","3375","2FCEE21BCA599EC99483BC9853C2E8EBA6577C91C5D05452CA804B7C3C9834D9","2026-09-15 13:01:22"
"bf3a07f593beb1643ad4d21e.json","3374","0F3B3AD41017DD6E50E2C050BD385EC93723A6D9B2BB5A3F9887168B64635D6C","2026-09-15 13:01:24"
"bfde27d38a4fe3c51db41b06.json","3375","2CF653AD185EB2E81E206DCBCDF522D604DCBB451D8B8574C8293376671B3DCE","2026-09-15 13:01:26"
"bfef86f18010e2926bd48fbf.json","1981","B82B17FE2B6FE1492D5E8BA8CB60486B7644A99D85A538D0C294388F2B5AAB00","2026-09-15 13:01:27"
"c0095eea3d97f6fead01ae1a.json","1837","F77083CA0AB3956F257339BECF02012DDC4C1AC6223FF19643185B0E58D4A7BE","2026-09-15 13:01:30"
"c00efed30a5c0cca3602660c.json","1982","0CAA6340027512995AFB1858D2B95495B84B8D371B86046D3B1DEAC954ABF8B5","2026-09-15 13:01:32"
"c01d7497bddcb289993086bf.json","1981","28C77DD07AC06CBE67A59133AF228184CC259B4BA87509ED9CAE881535E1B029","2026-09-15 13:01:34"
"c02ba3cc86a2331dcf2260c0.json","3375","AF67F7016D73036FD6C25C57263AC7C4A312A1056B21517873BBBC3BAE615F6A","2026-09-15 13:01:36"
"c036ec85557a11044a8683fe.json","1981","7D9D2B2256C190249372A7BEED948D62D6360047CF8D62EEBBB2B3509F1AD178","2026-09-15 13:01:41"
"c06b844e4e14b90ff08dc99a.json","1981","CC63C25994FC117F31F69C223B30E9FC7AED6034F34B296D84D93D43A1D1E66C","2026-09-15 13:01:42"
"c072922c2124062ec9ceb92e.json","1826","D4132523782B7F43ED35A6E7F0B126020236CA36E00F69DB696A2367DFBD213A","2026-09-15 13:01:44"
"c07e1bebef14fce7baec19a0.json","1990","6BDC14DE8ADFD2027B39BEFB14AE8F4708F40E243A626D5AD030C33867761F61","2026-09-15 13:01:46"
"c087608e01e51291fdc64207.json","1982","B18BA23E96863BCE1ED9C4D2CEF0D798EEBB95B519C1F1FF817BDC68064435F0","2026-09-15 13:01:47"
"c0960f892ba6f56bd9e51ee8.json","1827","78F8C5F86D7205509A1D3CB3B0124BDF6E12D8083B97DB657926D9A633730726","2026-09-15 13:01:49"
"c0ab6351534fea4297aa200f.json","1827","891FF67200ED2DFABADD6EC8CAB8C1ED3967C9B80311FAE1A0107DA976BEDE76","2026-09-15 13:01:51"
"c0e86bbd6111a991ab7c1259.json","1753","C2F1399D2CF1F1782C376F397B73691FB33420952DCD3A929E57DE8806BCF9C5","2026-09-15 13:01:53"
"c10654cdd71a7ee1aaeba6e5.json","3389","92672D1387551B6BDA2063AD534A11D1B3358BFB00AE36C74B2CE495F3B0455B","2026-09-15 13:01:56"
"c12e8e86d0b359b0a453be65.json","1841","757B8E1C834AA5918CA5EAC4C2AF68BB77F9044C6DE175E5AFDC718D227A1DCA","2026-09-15 13:01:58"
"c15176d9adf3dcc48b3f1101.json","1840","9A52DF835F96D2DE91A5FADCF3D035445463A8F3274883364D055B271DDC3C3C","2026-09-15 13:02:01"
"c1a34bd8a94eb89b874a9684.json","1836","AB5FB0BACF8394C014D4BAB91ADF86AA3242EDDB1B6D508B889948AFA1DB6329","2026-09-15 13:02:03"
"c1bd12900c67f37ecdade487.json","1836","61944123BD3B0E968A68F9D671D3AD7E60D6B30936E8C58AE7B1B70500D8B2FA","2026-09-15 13:02:05"
"c1c405320c779a9b24baaa21.json","1981","F583BF27629F111B35E6BEA6A3D6546AD18FD9FEB0E9E25F081C966A8BE0C6D4","2026-09-15 13:02:06"
"c202d6e31309b21959a55068.json","3389","21A34700101829F9158E1AF28712D4A68CB5000387316B3C3AE3F833F2923C6B","2026-09-15 13:02:08"
"c206b7eb8354d920f3280770.json","1827","F65FCADB344CBD6C64CDA587CECFCEDE192110E8F29E394BC3BC2CCB3324B724","2026-09-15 13:02:10"
"c2161d94b4020f4c49689596.json","1826","AEEF8BB112B97EF972B8B90C61A259467828AAB1EAF4F88B5BF3D69CE1DCB59C","2026-09-15 13:02:13"
"c249773875e16e41fd2f95f5.json","1982","05E4A40675EA62F3A87E0EF86C1BCEC1F8FD439FA764602D28E7E5C030E96BEB","2026-09-15 13:02:15"
"c2581c2542561f53120a5dc3.json","1827","CAC91D3964E2FF2E3D8769C2BD1AC14D9CDFCB7B42BAA52B95BD5C1958ECDDD0","2026-09-15 13:02:17"
"c2828d9db9bbb8cf75d97f40.json","3374","29AA451FDCFE287522B71F9A3C6F8A1570822350036535E97B7985C560946420","2026-09-15 13:02:20"
"c28c6d63fb969593f4ea2e45.json","3383","ACCCE27A0958BB6E8B2E7A59E67AB35AC23BDF5292C696A4A0EDF772259697A7","2026-09-15 13:02:22"
"c2a258c2407fc30adb2ffb38.json","1981","B80179E86D177582D10DD5EFCD7F0246BD8FF05D55EB3D1672E1506BE190D7F5","2026-09-15 13:37:27"
"c2c36c2c08ac0838714b46f5.json","1982","8DB66EBCEFAB622BFBB7F3F4A2AAA2168E5DC6B4C3B39145AFEE63907F4B237C","2026-09-15 13:02:26"
"c2e3efbec5ebc3a128028162.json","1752","C8B1D9F05A64F096A281EF6240912969218E68E8162E539B0F062AF3C28604E8","2026-09-15 13:02:28"
"c2e6a4bc981800b57a14f671.json","1827","E9303A45041A6CB71B0D9612CB7BDD34EC800B5D328F49206138FB30E6F4E318","2026-09-15 13:02:34"
"c2e9fa309fc4f70dd8f4423b.json","3385","97801C3C90DC061AF2344D2865F7EB726EC635F9A285E876D9AC8D3B6C2CF189","2026-09-15 13:02:36"
"c2f39d248db20da238406e78.json","3384","8E8FA0C8190BBD2616E3D503F0833E9D9379DA1A351A6B92D6F6DD216DF82E9A","2026-09-15 13:02:39"
"c313276807853c985bfd1918.json","2440","8225A106C9ADC8782AEC3B92283FFB05F59B20A52181B9BD44DD49B8A16C2288","2026-09-15 13:02:48"
"c33246344cba4c4b2a959ac1.json","1752","A9BB6EDF3140D5BA46AED740AD5F05012A8232787E66D104705597EA3C33ED90","2026-09-15 13:02:50"
"c349770a2d3cc8a7bae04547.json","1981","8EF712334460D88465AB3A3D6CC0C4DDEF3DEFD416E0BAAC95EB5A1FDE0BFF87","2026-09-15 13:02:56"
"c34b1387ab4063916df26703.json","1827","399BC693BC54FF4E1262371696C9FCB9877E32EE3F1CA02B636B17A12247285A","2026-09-15 13:02:59"
"c35197fca7189fc0858776a1.json","1988","615F33049D412298939B38DA884396C13D1FF3987AD5A3F6A87448D10D7492EE","2026-09-15 13:03:00"
"c352640cf0af931d42988bb5.json","1995","3ABC6857EC85CF5FF3DB03AF52ECBB826B7D8DF2A7307FF2A580DCB56039C6ED","2026-09-15 13:03:02"
"c364f8e89766a19a066dc9d7.json","3374","15B38407AF785630C13FA99458448B7357111FEB3DD340FD3CDFFB21B0E92DEC","2026-09-15 13:03:04"
"c38308ccedac5e272730e5d6.json","3374","84FF6E43DC72E804D24EE35F234C5ED0841C236F9578539FB3324849DC11D673","2026-09-15 13:03:06"
"c38dee76cd40f56dde577f1c.json","1982","817DE8BB5FED88C1CDFD73A03B43C83295DDA4264E9D6023AB13E3AE02ABDD96","2026-09-15 13:03:09"
"c3adde4f3b5b143ea0edf8ee.json","1827","3D5EA4A41E8A5FC5EE7A53EC31D335071E16389277875956EE33939253BDB5CA","2026-09-15 13:03:11"
"c3adf5f0db80fc7ece281c79.json","1826","9F6209ADB49DE5555665E5736EC2E5BA725A3A94C37DC52AE1407DE4F6638417","2026-09-15 13:03:14"
"c3b4cb75e96a452bc8ad1e28.json","1826","154E6E9EE817C940BC66CC1A79061F9E3CA373B8B68AFC86DC43EBB6E9AE7623","2026-09-15 13:03:15"
"c3d69f8c6654235ed6abd203.json","1860","FE6B2F8D2D8033BAABBEFD5864C59A0EAEE59C651AE4802A89C8C7707B4EE0FB","2026-09-15 13:03:18"
"c4088a799120842d57e58552.json","1982","1A90EE394D5A46A39C9706769A9BA82D1C3B3F6580785FF9575C2C4D54852D1B","2026-09-15 13:03:19"
"c457fb76f561a50f9b0a33c1.json","1836","153EE36E709B0940B0ADDAC661EB5AE7919A116976DCFC95C9A587971F80CCD0","2026-09-15 13:03:22"
"c45d123dd6fa0a50f205e831.json","3375","DED1A4B6DE0992BAD732F26E8AEBEECBDEDDA108D034C2DCBF76D3C59413C36C","2026-09-15 13:03:24"
"c48a64b43e7625b8a9ec8484.json","1762","41736529FCE9A7BFEB6191CA31120221D6FE6355BC72B1DE04BBCCDAE04E46C4","2026-09-15 13:03:26"
"c4de5bb4073017286981bb55.json","1990","50219F8D01274E24177D851FB39AE8928D456FA0FE7440D9BCF2EEB608F4C7B4","2026-09-15 13:03:27"
"c4dfb7f317ed9100afa4bc38.json","3389","7CE9E74EFDC67CC2C7B74017A8CAEC962B9A6951C10B57E8E93DA45931B04FF8","2026-09-15 13:03:29"
"c5277b56640d7471db6491de.json","1826","8790DDFB5DA96C5CC3223630EF772CD49FD40A0C5E3499DA78E816384D5EB611","2026-09-15 13:03:31"
"c541871e75cfdfa4cc441d4e.json","1981","3F8988017CA30A25BA5A159B20990992D19401AE72FAA717D4C58F3D575BC12B","2026-09-15 13:03:36"
"c55cb67d7a31a452ba53069d.json","3388","8136F024FA45F6668B403D09BFF6582554F25C9C090CCA250ECFEB7204F49A46","2026-09-15 13:03:38"
"c5b2e945c728d93eb29cbacc.json","1981","FDC94DC889FBBAB8F047867CE64A9A0E62B6A23C8CDE5C936C34EF0771B6D72B","2026-09-15 13:03:41"
"c604acb4206382cf4b8710a4.json","1826","489C363B58EEAA8C58E0CADE3C7673922D842F5D0B3C8E01982348C5509FFFE7","2026-09-15 13:03:44"
"c63c3704cc0b5fede7ef002b.json","1990","6A1D5424C8DC436C7A97F97F376F4768ECDDAD73DFD40CBFEB0BA2BE5AFBCA34","2026-09-15 13:03:45"
"c63cf86b2b02628946483dde.json","1992","6CE2D6A6A63DFF43A1A03BA703305FFB8B660DC5C1FC138B24D54FE068B05363","2026-09-15 13:03:46"
"c64e654f3870d08a7ccba99f.json","1982","0591530006909FAC868B7EA954AB5D36DC307638F487E56773E29C3828355E63","2026-09-15 13:03:47"
"c6725d4044acd6283110c275.json","1982","A26DE3367D2396846B8D4EF55F147A11491FB9C4EADBDB4912297F52CD147031","2026-09-15 13:03:49"
"c67bbd515c9b20753e539f3d.json","1982","FB3687001997822D09567FD0EEB967CE99DDDCA0583DC1D0E8EE73C47214F4B4","2026-09-15 13:03:51"
"c67bc33f0a4abfc5232ce6a8.json","1990","A2FABC5BBE69C9F737ED3A5CF1DAC92CD317A8329BAAA19E424AF0F8AD4E6012","2026-09-15 13:03:53"
"c680f490af3ab2173cf9e81c.json","3385","EA5498DBFEE29BF2B1707D896A7859526888E3849CC0C7A220A5FF6CD5F05553","2026-09-15 13:03:55"
"c69798b71899477b224fbf05.json","1981","3D983948B283966468C65B3711B47BEAEB27FBAB2D4BA80C98ADBAD34B4E697C","2026-09-15 13:04:00"
"c6cc1a6c79b1d3f5b7c19110.json","2039","5F8DF43404902698622CD2646238FD22CBEB06F9AD5636B22B6F77874259A64A","2026-09-15 13:04:01"
"c6d9c560525aec9b395905bc.json","1982","5C93496B00C0AE01CF298D0DE69942B15EBF7AC9F2D11E6AE37544240D832040","2026-09-15 13:04:04"
"c6e4ce6d7e8e7d45a29032d4.json","1982","8FC077C5047D0D01521628D0D4CE9E9A69D511EB969CAE3CE308540E3CCD6B63","2026-09-15 13:04:05"
"c725ca75c8e8bd40342f2683.json","1981","F0F59358D0DF441484BE44778C6650F5D3089491EEDC5AC3823EBCEE409E9985","2026-09-15 13:37:29"
"c74a2a9672b648b9780d4610.json","1876","C0DF1DC404FAA48B9DBD141611CE6B5C1B9B99398DB0DDEDB8AE3589F04A1C72","2026-09-15 13:04:11"
"c75dcc9233e286543df18d1e.json","3375","20CAA33E1F4EA63450AC2435084ABD0ECD91CE51C9460D9823B0474F7B084117","2026-09-15 13:04:13"
"c75f25a861bb64799a02055d.json","1982","1E03BC18C015C0F0D83F45A89610405A353AD7092B20E673E40E963159E8BAD2","2026-09-15 13:04:23"
"c78e4a1a480657442a4719a8.json","1826","3B155F1C82455D02EC98D3E9C8595022130BFED4787FAA224F01EB9DB202D977","2026-09-15 13:04:26"
"c78e56c4cca1fbabd961e9cb.json","3383","937E8D12A41AB39467A3F944010D64E8B4879F2D48ABA880867CB9F880051D25","2026-09-15 13:04:28"
"c7c05c375c5bb37c9b2d7b6b.json","1991","71AE1B9D2DB3E3F0CB767D02034C2D4AC0C5785879C07369109DD32E216F9D4A","2026-09-15 13:04:30"
"c7c78a8f378e257dc798789c.json","3375","DE88B6633309809EB7B3AA76221400CE0E1594A9DF1D52CF077DE0A77053BDAF","2026-09-15 13:04:32"
"c7d19b4a97d8443be7611c7b.json","1992","49294AAB84C231134037F78586F2279FBBB4E3348735E4253F9A01D7B7DB08D8","2026-09-15 13:04:34"
"c7ed769164bbfaf2c1b5ac66.json","1827","86086F0B26D8DDC1ECF8F7FBEEF46E18A62B3A2CC440060B7F860C9545304A11","2026-09-15 13:04:36"
"c83ff4daeeef08df55ef5214.json","1827","69CF18C51C7000F51C615919F7C7B7A2F91DCE9D474BF824EE55B35D01122BFE","2026-09-15 13:04:38"
"c85beb7791925a30b4e1d675.json","1981","BFFA82E4DA545C5D161AFAA0BE8E2B719897B3603376C53A625BE4A20D77090A","2026-09-15 13:04:39"
"c8751beac994fdda69e57c86.json","1982","0C193D7FB17F0CB2876847386C44D1E9AE884E4199B788DA2630BA419B4D41A6","2026-09-15 13:04:41"
"c8c391edc1d877a9bbb10b71.json","3381","7EE6A7BECC00C2A2E8AEB922B564404F8DAD8C9B17573A82EAF46A5F3FCA67E0","2026-09-15 13:04:42"
"c8e4d1cdbe762af0c0c5627e.json","1991","A4B8A26309948D27F46D7A2048604CBE950E64A4EDFB079226FC041DE83227DB","2026-09-15 13:04:44"
"c9097cf03dec3829da05ec03.json","1982","BE979172762411B299CC648E3B29AC5EAFAC3C2B41E31ECB74388F6A47EAA245","2026-09-15 13:04:47"
"c90a824bfefe78b536a28eb5.json","3376","F376A88A1B8E2FA515B3152EE494736A10AC67392A741D8E72E38652A2658C55","2026-09-15 13:04:49"
"c90e6f7dac69662f7fe4d6e3.json","2030","34F26544F237231BE7FCD1B540CF1593651B34D0B57F9559EFF7775BA5CA6F40","2026-09-15 13:04:51"
"c913290c87a6b4717913713c.json","1982","16E69418DD964689B973A9619BFE13B8F1E9D8495018F53D1C42D48DBB724FCD","2026-09-15 13:04:53"
"c91bbf7437dad3f3a1badbdc.json","1776","82E7A01331EA04B082677CF9A903F51FF8835EB43A6931E786EC5335CAF3671D","2026-09-15 13:04:56"
"c965885334b5d0e0034bc1a2.json","1982","E6B5591318A0D07176C53EB2C5E91AE48F5F303904CE9AE0F9155AFA9D26EEF9","2026-09-15 13:04:57"
"c9b3e02af33fde8e16eef24f.json","3374","1EA850950F5F1707FC0FCEB73F1265BB74D3AECDD83A3FBFD8D1D8A4D9D2C31C","2026-09-15 13:05:00"
"c9b7cca13e0e9f10327fed1d.json","1981","D525D8CFB2E7CD438EA4A33E476D3B0814927FEC86D9D0333EBC9A6FA93EBBB0","2026-09-15 13:05:02"
"c9bd7562646f2635d9eb9feb.json","3374","A04E322C383980472E222D366BA174F29703C548F3AE22F181AB9A794339EEB4","2026-09-15 13:05:04"
"c9de6366851baebe84f47b45.json","3374","0A1434EF5B8DE3310EE7C4B0FA8BC5FC75F1DDC2A93B52862551711BAAB0CE11","2026-09-15 13:05:06"
"c9e71038fc8ba15cb03917a4.json","1992","BBC0C91CFCFF7E7B98F4FB4525CA88BF017FBE1D2A731216DAF14FF986514F2B","2026-09-15 13:05:07"
"c9ed24709bd153d5f546d4c7.json","1752","E7A26724971ED6AB686BEFEB2DF6543C1BDBF2C7C724DE63B00645EE4D48001B","2026-09-15 13:05:09"
"ca3ca07d096e6461dc647eb6.json","1996","9CC7F80DB8A55AF7EABAF8C210E2C82B6B4C928F9B34CD5E5818C903C62717E1","2026-09-15 13:05:15"
"ca6da915b57da007a75c2458.json","1826","502CDD5CA322322B242D1A89553FD3F1413CD9BCE2CB1A318B38CB2AABF52C10","2026-09-15 13:05:17"
"ca85e16f1162bb6a99d656de.json","1981","657E5A07C4CA4A1B240A5758D9DE0170274D7EB782CA18235B922B8B3286B7F7","2026-09-15 13:05:26"
"caea981b703a9998eef51f76.json","1982","404049EA2356BFAF16299B97E2624BEB57438902A93FE5E84B9529D6E7F55420","2026-09-15 13:05:28"
"cb7323a8971772c91ddceb8a.json","3385","E3777783CBB4AD4470ADD86B7389ADE7D7BEA27A57D56B140E816A4D468F7ABC","2026-09-15 13:05:30"
"cb77d6c8fa4f2d7f8eb412d3.json","1982","044B629266DE9D35DA99DABE1ABEFC2F4092F344E88A50454FE818213770BA9B","2026-09-15 13:05:32"
"cb87120f26f586072981f460.json","3385","97637A3C63AC67D434DBFF38D9E6BB96A372731883E5826590FE343BEFBCAE0A","2026-09-15 13:05:34"
"cba7d26f0d9ed1e1765061ef.json","1982","86DA8D63A5102D6B0083063087D842D6B60444691058B1375041C9C267A7AF98","2026-09-15 13:05:37"
"cbb225687cdb8a108b9bc44c.json","1869","0B9139DD26FC108E5FE0FAF73382810637A2E0B5DF136B56A39DC026691EC71B","2026-09-15 13:05:42"
"cbc139b30cbedd3ffaf31f68.json","1981","C94239DBE42EAF3C7C1CD0AB639F93C9176C947D40E74FD42373F6EF7B077E52","2026-09-15 13:05:47"
"cbd7d988e2034b5dc9c956a1.json","3374","587AD3079655EF7592805A5E776615DE183BBC8958D2B15E8DFCFEBE4B0A50CE","2026-09-15 13:05:49"
"cbfad96a31d999f6b9794ae8.json","1876","403135B8B2CF9D76C7A958BDC864DB626C563A1BDBBA2A757AD10F1D854994DB","2026-09-15 13:05:52"
"cc2bd9d846771f4818795bfc.json","3388","2A6868275BDB90624D8157202613C4F1E67BF121FBDAC7FA5A403908B7F34484","2026-09-15 13:05:54"
"cc39cce7815460946b71efbd.json","1828","7CC5FE0F458901740513F52777E67E40EBBFBA6FBB5E753E48F3EBAD61363D16","2026-09-15 13:05:56"
"cc7ad6a0df7e3e7d02677f34.json","3374","9A73396027B25E098DADF468EA6EABB2AAD3CDFA2B3E3B4739E167B4A9F811DB","2026-09-15 13:05:58"
"cc9a4ea97d2b7e8e5feb1fa3.json","1827","5EDE42221295DCC1866461DA98BC50B87E78FC21F3E0ADB793F7EEE527E4C57A","2026-09-15 13:06:00"
"ccac8d1505468bf89eba2e90.json","3375","27DFAB4B114C3A6983C7B6DD33D4EFCA73F87F3D7A71D1E5053E548FB817905A","2026-09-15 13:06:02"
"ccd262be3e9a614f9111ea96.json","3388","560EEE44C7EC1CD909A02DED4089257B224274C5DCDD363C93646051D5E4C4A6","2026-09-15 13:06:04"
"ccd391375c48d6939aeb0222.json","1826","C7EE33611D5EFD2701405F8032EBAC3A2D211040509B8AF1DA4433C91246FE1D","2026-09-15 13:06:07"
"cce60b70b128c3e3b417320a.json","1982","634BC6772EAB35AD3662BD8829EFDB1F426DA1F1C3857D8EE672BD527A106749","2026-09-15 13:06:09"
"ccf36fc4ee9a80cb5136edac.json","3375","030CFF4BB0315AFD7479E76AF40E18D577071DE16D223829A67634550981C5DD","2026-09-15 13:06:11"
"cd1fa8b6b8da81b1f808b0f9.json","1867","5141DB4D945DC40ACEAA65059EE22EB736B813F861F2FFD3FB50C0B5E91E907A","2026-09-15 13:06:14"
"cd23188e116c576b14cc4d78.json","3375","3F4746884907117D3C1920D0F94D571E2476FA5BCF67F64FDD9D0709C90F1920","2026-09-15 13:06:16"
"cd3cd9467746089e94301218.json","1828","0BC924E47E9C291F1A54C56525D45D496AE67AE2A0E79C2D888E19730EA86BEE","2026-09-15 13:06:18"
"cd540d7451373ade56563e4d.json","1753","77F05B248895FC06825F6DF3D6586034E463D9B184759914D8C30EDD4B257335","2026-09-15 13:06:20"
"cd7c9d10b8d49cc19b0f194e.json","1836","0BE5433CB8EEDA13956A790AEBD8436C5B6D72592333852667CE38712D905D1F","2026-09-15 13:06:22"
"cda346fa7f61ca53e02e87a2.json","1826","9A0A9EB581637519F78F0312E7353FCBB36A0D83F851A3372BE6E20BC62C3EF2","2026-09-15 13:06:25"
"cdb32961e7e8709ef49423f8.json","1982","EBD87CFBED66B27A54C01CB5D05484C7EE7D01773B127BB0A01AB8B29EFA62AF","2026-09-15 13:06:26"
"cdd12a5fef89af7c788a15e3.json","1835","397622630AE5542034D5E6810C6D4D7D1E27CD0F8343D665DD5AE27E33CE8F4C","2026-09-15 13:06:28"
"cdecf9527ff032faff99e53e.json","1981","63EE57B61F243C44592398C020870F106119A6A170912FF9047309D20A3EDF9A","2026-09-15 13:06:29"
"cdef86b354cea679cab7fbb0.json","1991","3FB7086405C0EC5E0728D9C6FC61BA9859B81E0A4F546D289433F814DDF1D56D","2026-09-15 13:06:31"
"cdfd0d030ad7349b7f336ff8.json","3381","EBDC1D065625C53FC7DA70C076D3C73B9F82AF0C27501EA2E80F2394EAC85313","2026-09-15 13:06:33"
"cdfe0e55ade3163aa117260d.json","1983","30768C5C4E474F3B7B594841A5145A4E5350E35976ED84977B41362D5B406D45","2026-09-15 13:06:36"
"ce589d5916ea95a8ce0bb9af.json","1981","E7227FDC14F3D6096F5D51EA664811E78AD9669979F881510C6785A8F5E45257","2026-09-15 13:06:37"
"ce612729321723cd6fbb6333.json","3374","D551213EC4F76C5EBECEB78A7F64978D6F858E7E76B7E3B7DE9F4DF5B67BBE6F","2026-09-15 13:06:39"
"ce72f737c9ba3f61ea3f7505.json","1982","F53BBB2A2D3B48C34AFD6DBDCB7C53FBCD144FE80278975E3D6AAA99372AAB35","2026-09-15 13:06:41"
"ceda346e3f2160af82564468.json","3374","B429ED3EEC87CB2D3F3CE3B2D21CC1169973C7A8614A849EECB12721E5659BE7","2026-09-15 13:06:43"
"cf24fdd7f18cd72499bb33c5.json","1982","A5522AC7D575854A2DFCF06DFA112DD3C4BC61B79DDDB2790C39DF3D9DC36E6C","2026-09-15 13:06:44"
"cf341917474375c514c882c9.json","1982","3D78874390B9E353DFD7BCB47877207F1AAE6E8C0862195499279C77AC9AE9CF","2026-09-15 13:06:45"
"cf363697ffa8d7fab7230ee4.json","1776","3055272CDE2A03D997D2DAEB0A070671739977E8626EAAFFC3479974EB004A34","2026-09-15 13:06:48"
"cf478dbcd4f8428b2bc708db.json","1992","2880077AB087F675EE844F04FC09573855F904929D05CB86711D25B11D2EAA82","2026-09-15 13:06:49"
"cf4d23b10f5999f238e37d63.json","3375","89A93B43BA228D971310B9D6006254C5D6765801508130B2942641AC3EB6309E","2026-09-15 13:06:51"
"cf8b4b7c6b7f6ed2d1132d8b.json","1996","84E45A2AF772D7C1685CE85AE7C34EB68B51C3CAF2DB358EA95B8819A12C3E35","2026-09-15 13:06:53"
"cfa7cfa7624d4ccd79cccf1b.json","3384","36B57616E82838B69C8111A307ED1A1CA6ECBF7BDF5844B3B75811C2AEBC1DC9","2026-09-15 13:06:54"
"cfadcb7b29fc35a3b30aa770.json","1826","D5E5A2F1D5164E2F192F2B1D2B392194D55A56187DF3EDF54E5D801FD8148456","2026-09-15 13:06:57"
"cfaea347dffec9257182154b.json","1827","478E50F7D43CE360D19C8F970EBC64D7AAA343C405FF43380F849B4AFEF3DE04","2026-09-15 13:07:01"
"cfd477f20ac9ac1ab567943c.json","3375","B5332B35EA605F2589C012739CC93CD923839386285F866AF79A6254DA2B231E","2026-09-15 13:07:09"
"cfe6ea79734f6cb8dbeee75b.json","1996","F89BF5905A574D0D17E186A6BE1BEB7B3C3C3B1490B569900DD73EC143F04123","2026-09-15 13:07:10"
"cff3d915f6fb199aac0eaba5.json","1991","E619F177D20EDDD175C764BFCD0E89D8AE0B4F8606027436D3D182E09D019AD2","2026-09-15 13:07:12"
"d07557acae3410f67b88c1d6.json","1861","FE217FBECC5AABD926F6C8A7295C0AD2E59470C995A3C2CD10AD761CCE875F11","2026-09-15 13:07:14"
"d0e3ca9fc531cf04c34117be.json","3374","7A89B03DFEE2B8857340069825E04CEEBD62A54B9EC1AD7EC945C569A9688C42","2026-09-15 13:07:17"
"d10182afbe55b4fd9fd4f691.json","1827","400AE7E2E8D896988DC21675220C16279B567CF58EEA7AFF184D9DAF39B08EB6","2026-09-15 13:07:19"
"d15626add0dc4cbb14d3cb25.json","3374","C3EE284484F529F3BEC1E1F145B86146E8A30E5309C8E618FDB13FD601954224","2026-09-15 13:07:21"
"d16fe47038b35fd0165d896f.json","3374","85BD4884085CE37AA62C0AA6D888EE0CBFBCDED2ACB301A54AFBD00703841046","2026-09-15 13:07:27"
"d1869e37d5580faa6f0dda65.json","3375","E29B80F455C8670FF91B0EAD6DC41384AC5FE9F4D2CBD20428B0B80CD56FF740","2026-09-15 13:07:29"
"d18e98a8789cc1f6bec43f7b.json","1981","E1345EB0335B6B19999728EC75F67CE6EE8D9EED203F7CFCFBC3D33419F2239C","2026-09-15 13:07:35"
"d1918950b00da51391eaef7d.json","3376","6BA8D40B14846B4822F8E2A1B1AC7A20E867228B0A52CD5B6B03BEB908A3181F","2026-09-15 13:07:38"
"d1c78ded55cf1ed8d1fd08d5.json","1836","30EC74B616AF21F71D40C254DA3C0E3839FFB0FD9466D46C9D5BD26719E2B5C9","2026-09-15 13:07:42"
"d1fa46848d0d4827c2e214ae.json","3384","3D745D6CE90833A29D6655BFE2F770611099EF51EDC0200DFC3AABD9128D4931","2026-09-15 13:07:44"
"d236d65395669c24139e9084.json","1828","EA2D109167095016C4AD3B05C4DB0F3FAA7C04764E22B81BD49A4A13B0829EE6","2026-09-15 13:07:46"
"d24768c864f8af320e5bfc73.json","1983","4305D41485C6F07CEFCE880A67C397E03AA6932213A9EE077D6AD6E896293640","2026-09-15 13:07:48"
"d257d3702306231a9d5f1540.json","1991","1FC99CDE1F5B23E5C389906FA02066FDB5D12B01C206C6C8DE9A78077311B758","2026-09-15 13:07:51"
"d2805c7ee95861d5d0596911.json","1981","FF199E2BDA786FEAB74F0890764950630F485B45ED802F6F23CE27E8C3F557B4","2026-09-15 13:07:54"
"d2a4c569d02839883a830f89.json","1837","5DEB8BD0237852AEE1493DBB4B72FA425170C51E7454DF83B2227C9D2608598F","2026-09-15 13:07:56"
"d2ca5f416dafc9da70fc0a6a.json","3375","D9DCFAF40C2A1754C97603B7C25B224B35A255BDD1D385194046DB985D7D1075","2026-09-15 13:07:57"
"d2d08f5e28f43d17c65f6827.json","1981","69DE117B60AA791968524C768C61FA20F9BF5208AC52CC63F97EBCE9220515AF","2026-09-15 13:08:00"
"d339c0f74906297399b6651a.json","1996","4B7B47E3F1B2775836488CB26645DDFBD032E4C3D8E1735E3807F052AA2BEF11","2026-09-15 13:08:01"
"d34a6978c20da7c7177a4de4.json","3389","DBBA96518BE11F142DD40326114A7A6B2A638AF8B2A2F6168E57DB994B522133","2026-09-15 13:08:04"
"d3543dc8aafee3de470927dd.json","1990","9BB804FA4D92572B5A14B14AA611F0D97AC17D010A89B0314F39A1D0042B0119","2026-09-15 13:08:05"
"d37ac1fd750427852eb66d76.json","3374","CF1FF3E25AE708D08CDF8874061EB0A771325C569883C21D5807F6529E6C7F01","2026-09-15 13:08:07"
"d394aebe0dd4479f070442a1.json","1827","A2AA2788EB3B178986E059FEE12BD90BBF350F5525D86826A82183A0545B601D","2026-09-15 13:08:10"
"d3950a7681c4275be250b0c2.json","3374","A2F09F8F3AAE761EA3B305EDFED46186E9312DDB270B1E2242D8889125B9D75A","2026-09-15 13:08:12"
"d3e72c9bc6ef07504f6c5288.json","1991","93A6FD02A9566EA092812295C64AE0BA65BDF4F8EE2E205A8BD90A24947E7134","2026-09-15 13:08:15"
"d3f89a3d66b33fe6b0a1e371.json","3375","BDA23C25E4CDF979C86EDFA73C94E48492F9C6B924D691BEE8596CA0E0D60EED","2026-09-15 13:08:17"
"d44b6e2ea51e0b3cf8461abe.json","3374","CF5B929100E297572B50C70D3398C6331E8CDE009C792759F032EF9CD3EF24AA","2026-09-15 13:08:20"
"d461697b8202ccfe14154d5a.json","1836","BAEA59761B092445565D387B62D835D8DA72F51BB3D2983AFF930E8B02705957","2026-09-15 13:08:22"
"d48c2986a18c20d40738fdbb.json","3381","DCC31D9CC186BF3776DC08C5EECDD8E3AA831B7821467464A7485643B5874928","2026-09-15 13:08:24"
"d4b34d73faaa1e6c1d4f20bf.json","3374","3946E56DD92150A81C6D72932FF64302F6F433C0D89B68EF8AD0444CFCEC14C5","2026-09-15 13:08:26"
"d4c48790679ace4ff9973edb.json","1826","2FFC320830B10DDBCF163D608360EE402B5365A5A0B5C890E5E56187C9AB3061","2026-09-15 13:08:30"
"d4d9d9e9403ac3848cbe8518.json","3374","9E7EF1C94122D4CE6B33B4CCB7B206A1353FF9745FF318AF97462CA522EDF5DD","2026-09-15 13:08:31"
"d4e04e059c90a519567eaa3c.json","1981","BDF84752B7CE12CA6A81073BD98FCEA2C7E83DE74279122736E27B2B72C4C6E7","2026-09-15 13:08:33"
"d4eef76c51473b779edd6d53.json","3374","7157123F80C02753CB975FE1E6117EBD0008A2E95BD478D091D9B16D888D4EFF","2026-09-15 13:08:35"
"d5115acd38e1ca811658eb1b.json","1827","C2701ABA90B07AD17930DE766DDA32A4A2157F651B9EECB172EBE366C52C41D8","2026-09-15 13:08:37"
"d5175c29318eadd0f683b075.json","3374","FC31A2E4D16E1864C4CB433EE97D84B2A0601303806202DEAEFC12B04F0B3B83","2026-09-15 13:08:39"
"d551aef31584f2b5fa75ee73.json","1982","75137C7168F5B344507D2D4A883C0BCBC218279D5FA23FF023FB4025AAC38998","2026-09-15 13:08:40"
"d5668a0cacd37c905cc91a89.json","1990","3B6A66A7A0D53A56F0D985CE8DF37C2ECD2F6803428FA9135312EE749667E516","2026-09-15 13:08:41"
"d6c9b275edff81a985854e56.json","3374","AC5BD864DB078AA18EAD8CB625C75D8EC9CE82419C980BE84445452585078191","2026-09-15 13:08:44"
"d6dda4f67a6a1498fdd3f345.json","1982","3777A344B4B613852646E0AD926859E7B0E46019DFA2D75A8B5B3F1D29862D2F","2026-09-15 13:08:47"
"d6f13a2ed2047bf48a2f8882.json","1988","EDEF0FAE323334FB84BFBB41B0C4BAAEAE22A6C5358A084BBE176B2B8D845D4A","2026-09-15 13:36:03"
"d73fa0e1d3fe24934561834c.json","3376","CD4BCCDB0004A40BCF0890C13180C056976FF93E959B9A5142A70181B9B000D7","2026-09-15 13:08:53"
"d759123c888bd4f2354285ed.json","1982","088C726BB56AF74E6509D53CF5F6A3AAB2EB7205CA0A13DFC35CFC248153FBDD","2026-09-15 13:09:00"
"d764c66098d8df140d893332.json","1826","0252B2D355DB173E540CDCBB87DB96DD28E83012BA218EDB8B8D5C68D64ED2A9","2026-09-15 13:09:04"
"d765b2acb136581125e103d0.json","3376","C30CA30CE51589E0EE7ABED56D52DA51C2DF73D8A86EFFF6211F1A4272C3E22D","2026-09-15 13:09:05"
"d7790e478c71a832dc5c390c.json","3374","CD542EDE92A729B58D5C425D772DBED3A2AE087CB52C27B3AB22981A45C3C55E","2026-09-15 13:09:08"
"d79cc246ed20531a1106a8b8.json","3376","562C0BB77647A4ACCB517F548C400E5A12E69472D155BFC583A9E27B45EF65EC","2026-09-15 13:09:10"
"d7c4e48b0838c1b91c8bf7e0.json","3388","927A8FBD9800A9F69371B04A0F54C878AE4B5DC7CF318BC00C56E3B15288ADC3","2026-09-15 13:09:12"
"d7d47990b8e145af1f24cefd.json","1988","61C1986CD0F368DADA5CE2CFAEF42695DB71EC50A60484100C4EC019E8C1C821","2026-09-15 13:09:15"
"d7e9db0dc40577c7b53f793e.json","1982","BD31E7A6DA997E6293D682071F271C7230C3D0839111101FFD8F931E194472F2","2026-09-15 13:09:18"
"d7ee403e1b8d65e070879b09.json","1982","49BEEA1E800DDDA3041FB661EBFE613EA8CCB765C0D8DD6EFCA498CE450D63DE","2026-09-15 13:09:20"
"d8198e0cea1c58c34767cdcc.json","1835","5A3A2431A34A9C25E8C37DD386C99C4FB0D2BD9E97D61E7A0B34DF9F34F8B395","2026-09-15 13:09:22"
"d881a67d27afc04a48d757c0.json","1981","267F75693DD96530343E7D7C8EB9D73FC4E2C952E09927C47E5227BC9CD38873","2026-09-15 13:09:24"
"d8c6815ced2f28e7dbc20f71.json","3385","80ACB9370BDE5BA1CAEB696747A6EC97E3CFC69ABB5BF5F1208899368DC7CF3F","2026-09-15 13:09:26"
"d8c6fcc3fc9e7d7c8e9cdfc4.json","3374","2A8E8718A08C2A2DBF6488B4DE6278F214C12FE36875BBDDE174B4BD49FDBC66","2026-09-15 13:09:28"
"d92bc5c5f7c296290073a8d3.json","1827","E4FDCE07C88579CC66B63E8D40C2B6FEBEE2FE69E177D5570F40778EEB3E1DAB","2026-09-15 13:09:30"
"d944b55a74f0440790395866.json","3375","69713CE14B2830F87778FFE8789A8F5EC6F20D0AE401FE7F402EE71A2F6C1030","2026-09-15 13:09:33"
"d94e3c820460aa74b8219203.json","1988","95EE4F67D3622A2546DC4B6468CC4B9F118E502111D1E273271BA84C9213155E","2026-09-15 13:09:34"
"d971ab5f9793b20dde3e5640.json","1992","EC5A48172EE03B03E1301CE5FED451BDEA5B55DE4E62A1E44D9BF64B86963E1B","2026-09-15 13:09:35"
"d97deae3fefd09132d79f502.json","1981","9A24AB2C81C91001C11DA597FD5576B47188ECBA86AB34351F361DA7FC344A6B","2026-09-15 13:09:37"
"d98311671aefa5c9ba593ad9.json","3374","13AAB7C575ADB15402BD335BC1DFF7152095F7AE072B0B22CB65D77ED8C6B542","2026-09-15 13:09:39"
"d99ecd4b1ca0bf561c4770ce.json","3375","C2A7AEB82FFF6E8E84027891A8086CCA608B016E769085CE2C3F18FD76D52C39","2026-09-15 13:09:44"
"d9e592ead27a36c102e7972a.json","3383","4AFE34DB4E6D307E30CB8A55B68D4A1C16C07CF3A9641FDE6568607B92284E65","2026-09-15 13:09:47"
"da09a4867ccb4fcc8b769b91.json","3374","FB271815D4C63CF92A09C0E04B1890253A4864F4E06E81828876C7F609E11675","2026-09-15 13:09:49"
"da0dff82c45088a74daeee3c.json","1981","F78308B444C87C139EC70D305FB175A932DAEDF7AF391EE8763121EF5FADD4F2","2026-09-15 13:09:52"
"da2fa428a1d015a0b5fc8847.json","1827","08E477D92E5956719AE2EBAB63ECCDDB0B34ACEEDE01F67CDCB1770C044E5E23","2026-09-15 13:09:54"
"da76d3ee4e2e0f338e93a875.json","3375","F693C32B5C010F1D1B4F0D0132D690D2D5E56CA5D7B611592011C79E65564E34","2026-09-15 13:09:57"
"da811779ffe0e7bd3322a6f2.json","1981","65D86914FD699AAF9472A9EE571FE62F579540522976E5A0A7B34C9777FA813E","2026-09-15 13:09:59"
"da82c50fe63ea4504cfdf8ee.json","1995","EEAA02C3EAC491AF74F5A399BB5AB86E53902710CCAE11A0E9AA649A7BCF2933","2026-09-15 13:10:12"
"dad539c8daccf2afda2c917c.json","1826","4FA9A1478B1825C8928F4AC7AEFF03CA08F855A74D9AD2A5BBA7F5C176DC58B4","2026-09-15 13:10:14"
"dae09a0899a18b52f874b2f3.json","3374","775A4273DF5A6F996F73AEA1B96BEA6B34651FF32BA9EAAC745638645B0B24B9","2026-09-15 13:10:16"
"db325b6c32f4c627fa2e2e02.json","3385","1C0FDDF55ED93566049F0C5773224901114F9BB3E6329510753D8B7C429A3FBD","2026-09-15 13:10:18"
"db7bb753ce15fa5ade873f91.json","1827","AC451B26AD7DCF0B361F2A6DE858BAA3CDCA79D18640B7F3718BB7EC0BF91E54","2026-09-15 13:10:21"
"db84d8e385569d25e95edd75.json","1995","6D629C7A317852BCFF8A0330BB961F218312598F79839AE1FEE8991710F3F7EE","2026-09-15 13:10:22"
"dbb223d745707f4c43c5ebb6.json","1826","2C8802B43D2A3A1BE7A3702E1C9C98DAAC2FC0B22D6F24714A48338FE7B6A102","2026-09-15 13:10:24"
"dbd3c0bea966508bb85e8a12.json","1981","6B95327A321D327B089E7924F23BE64FC996A842326460DDCA6FCE5E602D685B","2026-09-15 13:10:26"
"dbe09b51d324822289093160.json","1981","E20A702D191297FE9E69958F2DEA179AAACE07E52210886D50E231CD42D84BEA","2026-09-15 13:10:31"
"dbeceeb7c8408c965f84b43f.json","3375","B06939E9F9DF864C632CFB5136D20048136629809BBBDF659FB4801D8E55ADDE","2026-09-15 13:10:34"
"dc3dc84d28b080f44b104630.json","1981","38C0B6BB02C99ACD6769AB27E7E0AB88CA9EBFB66B5ADDECF2F211CE18EF6727","2026-09-15 13:10:37"
"dc9718b21b2ec0dfabc1341e.json","1874","6197CFCBF12E3E42F931A4E4F3741ED1B31B7CF8F46068E862AA0D9032B6CCCB","2026-09-15 13:10:40"
"dca94a9b9e646d2d4bb7a1c8.json","1861","500B0D5D150A3A2BA8E30F26D1A79F292747B443147366C3BCD5D748237CF40E","2026-09-15 13:10:43"
"dcdd5e0ce68da6234f3af730.json","1996","CC7CB7C397D01E813D2AE5A0F9949F3B7FDF4F94B48B0EA99C9FD8F49D20BA67","2026-09-15 13:10:48"
"dcf43dae1e081ff38264d1a8.json","3375","C8A6D815730C79E63F97A16DC9BD579555DFA6AD145939570B33485FE0E40ED4","2026-09-15 13:10:51"
"dd5966082b5a331422fcf21b.json","1827","EFE9FDA009997C02CF2D5B8625654C7D1B4000AA182996E3D364303B902071F4","2026-09-15 13:10:53"
"dd90c945b5b1e62b69c88bba.json","1982","3C7C3BB7EADFF2B2CFDA295684D72555789D1A121F81DE1FCED1818880F0F6DA","2026-09-15 13:10:56"
"de33a0ca4ed6d7354a9232e0.json","3374","9A09D765BDB9819EB903F6BFBEDD683078019BC40B26B4B1E6BD3EA67A70789D","2026-09-15 13:10:58"
"de37ae71abac861773949da6.json","1983","7B301DE6A573A85180911F79CDF9263DA76733171C7D0F6CB710502821B64913","2026-09-15 13:11:03"
"de6feb64a386094ce31d3665.json","3374","F33BE2D9C012889D62BBA836B0A06034A6DC873EA3C0B2D7AD9B4F449A28AD7E","2026-09-15 13:11:05"
"deaf6f9141c1494d16d1935d.json","1983","8328CF209FAA4B0CFA5B6C40F59C2B559C6E0157888FA8ED3F7235C574C785D4","2026-09-15 13:11:06"
"deb01d6ad17760cc0cfd9c5d.json","3375","070FB29DCBC8E1E5F4A4C79B72B1CBB0E84BD32E6E9DD9D27C8DBECD5051F019","2026-09-15 13:11:08"
"df15f06ed7f5578bcf06b6fb.json","1981","0D9C266F1A183CD962ACB65B293DEE5622AEC817600DB7FE5CA01BC347FF278C","2026-09-15 13:11:10"
"df1c54f8c9671b814a44ce1f.json","3383","967CCD18DB27B968DCF6A835E18D99F25207500025B75088A47990579BA5D375","2026-09-15 13:11:12"
"df5309445a5339f9e4cdc5d1.json","3375","78DE3D3EEA682A3E9C530E4C2DA9357992D608FA3B59F570DE34B84F6924C910","2026-09-15 13:11:14"
"df6b2ff2f21bb4d6d7903396.json","1835","D6AF9DC7BCF87E64EE8296998DE0F5932303419A142239BCBA77495B278BBBD5","2026-09-15 13:11:17"
"df8243ab5c411a6dab142e18.json","3383","EC339475772037ABC35C4D4626FEC182EDDD959C946CE45E7DE139CBE371E548","2026-09-15 13:11:19"
"dfa26c8ff4e5fb422ae4f703.json","2440","B612B7DC41704293A6DF7392538CD64635503F0D577030804B82247C63FD5D5E","2026-09-15 13:11:21"
"dfa8669af7e996f3b7aa736d.json","1827","1D7AC9141FA692800ED97497D9A4BBD73FB8A9B4420CE6368A3EDE1B1794EB2D","2026-09-15 13:11:23"
"dfcee4fe650bb1345965c14d.json","3375","C66D1441987BC56C8F424201B9FA7FF1FDBD76AAC82ED8CD612A52C7F62B2301","2026-09-15 13:11:25"
"dfde4e25a9a2ea006a0f7455.json","1981","65E01AD545BA26114480F2C718193AA05506A77B3767C5ED294711E17D219C3A","2026-09-15 13:11:28"
"e0321a12987622020606dd23.json","1861","EA8D2ECCAB4E07A5F96C2F4F2DC2B4ED681B1BF54B28111349B11B0F135E7370","2026-09-15 13:11:30"
"e04e04a2fce2857fddbd2830.json","1981","5A46AE0A92D50DE3406DBF380EC8AA0B5741571D34DC3A491D46F14B8DB60C21","2026-09-15 13:11:34"
"e050c9ed43386fe3ae8b0841.json","1752","48DF7B8F89FA299B961F0534C128D223A43ECAAE365AE03C8B129E816679D668","2026-09-15 13:11:36"
"e07bb19b634cc09e8be05548.json","1981","CAD86805407E493A3E286575E3DC56353FFA4E90F79218ABD914442CF1EBEA0C","2026-09-15 13:11:39"
"e0d1a6f946f8a35b44091567.json","1981","88B9B1FEDA46FB00B3F0D8C2D56DC8A7E8F842CF81DCCC9CEBEE83E184493757","2026-09-15 13:11:41"
"e11a994f9efd7618c8fa1fd0.json","3388","BAC677EE8601050D81CFEF14236478324C912759F9FFBE74A6616D20D220BB3F","2026-09-15 13:11:43"
"e129b566f399285b66ad1e37.json","1835","25166402A5BEE95DA77FCC2C0E361323206058F2050DE3E86958839A9A7A6854","2026-09-15 13:11:45"
"e146ffd0afdb01fb6d6d585d.json","1837","751AB7262D8F31BF36C607180DFC08996C16CBC0059965EC69C217D56F95A550","2026-09-15 13:11:47"
"e166a877a5812d7f18f4018d.json","3375","F17588CB6C46184EE91D9FD38258AF042672335ED3E6BEAAB94D643D00168206","2026-09-15 13:11:49"
"e1e3ddf7e27dd4fb82567afb.json","3374","2178638E36215A2ABE8A4D86E7805F2C5EB9118A6C4B6E61089B4C82C8044411","2026-09-15 13:11:51"
"e2023433f0452413aa45322d.json","1990","2F009DD800A1125B60816F1BFB762F9CCC2907E3F6AEAF5B3A75D80AD19DB459","2026-09-15 13:11:52"
"e21fc808d72ac5ca4d3efbe2.json","1753","7A7BF9431F171221B38B8CB7DDF947762CE4D69E123FCCC235324C92360C1D91","2026-09-15 13:11:54"
"e260ab54ee83f1a7bbd59191.json","1787","8285B9F6718B564859DA88AF7BAC39F0D096D76BD2112A298DFFE7FB0ADD29C0","2026-09-15 13:11:57"
"e2738f7eb544e239438f2f55.json","1826","BA1AEA7ACA95980271CD3B39A4338193E4EAD32250F1102CEABBAE589747B9B2","2026-09-15 13:11:58"
"e29453a3a63e787ac5980350.json","1826","F8B3B5DF49DF3D870DA608501755FFFBDC7AE7F2923EB496874F2B366ADCD2B8","2026-09-15 13:12:00"
"e2b310aefeb5b38b5f05d87f.json","1990","F74930467E12041D583DF4A3B4FC3C2B78396F2B5C23C109DAFCCA2145C6108D","2026-09-15 13:12:02"
"e2be44cd0a875cbc4d9bd046.json","3374","E29F296CF337973B075ADDF14FC4AFB33B8B7F21C73DF71EDA3D818252F58546","2026-09-15 13:12:04"
"e2c6dc17bedef972b81a17aa.json","1861","B05017D06370521337F1BE5ECEFFAEB981E8CF081DD51DC8BF44CB6C66962A84","2026-09-15 13:12:06"
"e38106b743970aca6377e2ef.json","1992","9EC9E9E4D95251AA76F4BAD4D5FA7CBCDF684C9A83DD5F028F1C823272B41598","2026-09-15 13:12:08"
"e3a0b3a23267c93836e1818c.json","1981","4F5A28BB7F7A33FC54BA229EC9E74EAFDDA778C979BBA8B114CEE1F904C1A2FD","2026-09-15 13:12:09"
"e3c3e3ee6c06dc0428bd04da.json","1827","AE2C386C4FE0FAD8804CA7642E68683124C4E017DCDC2327520965E502D71772","2026-09-15 13:12:11"
"e3f215f44c4b8a230de8c6ac.json","1990","912A506F8A03574B0E90757C074C076ABD505841E41483363F9F7969E336D293","2026-09-15 13:12:12"
"e44df2417604ef29263741b1.json","1982","1AB1DCB43D3886D66A4A692B07E9ACEEE2862AEB701DC4E0C19C0332788E5058","2026-09-15 13:12:16"
"e464aad30d71119581624d91.json","2440","A581BA9D249993AEE1BA46D25921E82B1932AD707DCE8F6CB51C95877E6BA366","2026-09-15 13:12:17"
"e47139f69b0fab68b80ce626.json","1842","F2B5291AC67D1D544409A120F3149B25F29387B3828782D290018270114DE509","2026-09-15 13:12:20"
"e499774b8e7a892b5ad394b0.json","1996","ED10FE70E785670DA9EEE39C25F5CD6F8E25E160277E2F62FC9530896E72F936","2026-09-15 13:12:22"
"e4b42a9fd46fae2f8c5ef627.json","1827","8C94432A71BDB6AD16E3273DC3032ABE0EB194D87B91EB733A87AD3A3F4F2176","2026-09-15 13:12:24"
"e4cdf7951db5f1d2536c8bea.json","3381","42A1BA9290012C90C27DE25E5CBB353D6346CD616DD47482BC549502DFCBD318","2026-09-15 13:12:26"
"e4f8532b92d55495c94add8a.json","3384","D82BA199DA27D9491F21B63EEC983A5F4F3BD7510C1A4BDC41530D5D5B1546B3","2026-09-15 13:12:28"
"e4fd786a45f261f944f901f7.json","1836","4926F9011F5A8B9A2166F93E7F5228BBB2F75D3414D0EA468D35CAFADFDF2B41","2026-09-15 13:12:30"
"e53a3339e9a70b94015987d7.json","1837","F1B58300C638042E3B6C9AF3DB07B8E0A9663832D9A9C65F9961F6B6806B8FDB","2026-09-15 13:12:32"
"e553f8cf3e5b8f85c2770a3d.json","3374","C4016DEEADB8B8DA5A63D3BCF39A1A9E98215C68AD6D2D769255CFA1250D6036","2026-09-15 13:12:34"
"e581578075aefb6f459283a9.json","1826","B4978971FE305D4226B8DEA66F9B4F348EB3DC1AC78244CA7505A404A530ED24","2026-09-15 13:12:36"
"e59efcf621197f94ef859ba5.json","3374","5812391FD2E2F6AAA08FF9001982A905C6F1D31CFFB0C683BF63F186DADFDEE4","2026-09-15 13:12:38"
"e5ae147832b3c9972ae2cb93.json","1759","21BE95161C7842EE5B1CC7482A64CB530B529204BBA718C82FD77F5EBAC28827","2026-09-15 13:12:40"
"e5fda72b5f8489d75b2b04fb.json","1860","9B13E6DF9543B8F379FB51D4B946B817751783EBE004F9CB4AD08E9E25E318B4","2026-09-15 13:12:43"
"e620df76210aaa317ea44188.json","1826","01711C1702455C3DBEC2FE3A5E3AF91339A9E3C5FABA4E41B120E8C09E8CC0F4","2026-09-15 13:12:45"
"e621eccb9b4a7742ac22bcf1.json","1983","700D67B74323AFBE8E6E373769D60BA764D6F42D166754D4308034770ADC4716","2026-09-15 13:12:48"
"e63477fb9c8f2c0247a723a5.json","1833","B028343193D77D82CBF407D6E9833E77D7583012421416F01C6FAC0D390A628E","2026-09-15 13:12:50"
"e63caac9a8b538b71d1608dc.json","1982","CC21EC3A9BC6ABBA8940C4EC15B89362BB3BEEEE00EC62585EBC1DC239B5CC04","2026-09-15 13:12:52"
"e6427e369ff6dbb2ded594dd.json","1982","BA819112C3CC9D041794206B73E0657104D4A08EAC38556C3224967C9F32AF54","2026-09-15 13:12:54"
"e69b30ce19762592fe3fe413.json","1827","88EE20B3070B7C62F9F21A5DCC3116706C0AC287DEB80D8F639360162CCB0FE3","2026-09-15 13:12:56"
"e6aa9f0b45086840786874e4.json","3375","361447B5E8CFC5DB3A97AA174BD222CDFE7E58304F8A2FBA926AB8CC434CD79F","2026-09-15 13:12:58"
"e6ecfcf43b67d8c0cec65eaa.json","1992","FA5990F54998AFDBFB30305DB55F573390DE334726C3CD27A99C7A13FEDD7698","2026-09-15 13:12:59"
"e70d11ed618e34769478a470.json","3375","C2B57C73F6F7E3AD51E72492BA253A05FAA646AA4E8E77088CB5814915CE8723","2026-09-15 13:13:01"
"e72972a09d15a13a1067248f.json","1981","2577DD63FA46ECF3F1FA684D045B0A0966658B77C00564A8F4E09C1640461C5D","2026-09-15 13:13:04"
"e7336df670428e9af1352226.json","1992","67C996BF7E142310DFBD690142BD31A733EBB39EC563F0A8319DDC96DBABA833","2026-09-15 13:13:05"
"e7478ba6cb2487dd3d8f2744.json","1826","9B4B3ECB58D460E1414CD3A3A4A96D217E895AFF6E33AB21CDC5FDA1C842FD69","2026-09-15 13:13:07"
"e74a2d1e9ab5e8107be8bd5c.json","1842","695E951F1A5C4E4AE873C8A63C2CD88B89D2AC41928399C22E71C41E9F7BAC74","2026-09-15 13:13:09"
"e76e67c0140feb4fd168ac98.json","3385","B44DAD12CC43B223DA83AD7331EF8358D8093F5FBDF87D4514DF02CF9FE4E710","2026-09-15 13:13:11"
"e770e529ee6a4c982db2e7bf.json","1992","3806C589453F75DD5B9204FFE29BF008D60E3620F872C50232642A3565A14E23","2026-09-15 13:13:12"
"e777ef9f051e829a4ccdf770.json","3374","2C2BC4E0D38E77D894CC3AC43043B9F9DEB10713D2607F32E99107E887C77915","2026-09-15 13:13:14"
"e7b47925f3e29c44386adfa4.json","1826","1BA030EB0B378C19C00D58F2150EE35F81F36C3223DCAA4D8775D8B27E0C5006","2026-09-15 13:13:16"
"e7b6cb1be41ff10248b93742.json","1837","39E4996CB8191E7AAF22CFEDA8AEEEB18D4D5F1385FB7A080344F6C2BC0C153E","2026-09-15 13:13:18"
"e7b905bd0b7bc64415258200.json","1991","16D56F18A9F2942D742C66079FA68E454D38FE4823BCEBEF6E1ED1F95A832516","2026-09-15 13:13:19"
"e7c1a0ef491678d33a244d40.json","1996","432B0936867665BF3D13088D656C275434A2BE44F7B98C4B97D55530F11FCC20","2026-09-15 13:13:21"
"e808a0d2bd83fee998209dd1.json","1981","2857D95C55B4F52F4E7BC576E87F1CB541F18F3AA37788B2B416B6B8B3628B9F","2026-09-15 13:13:22"
"e813503c5b7804678640e1c0.json","1982","42C53914E8817828AE192F0C398C51ABB7C5D8F3C8531C7124AAE01ADFC73BC7","2026-09-15 13:13:23"
"e819727e4da0f6617b6705f5.json","3383","D706B3309A70D31AE30C3EE6D543E4B63B2D6380ED8D3A0651EC6DD33FC87479","2026-09-15 13:13:25"
"e827d2337cba918bfbcb3b91.json","1990","9BAA139FE85EDB2FB6FEC9B4B2AC630FC463117C801BE74BA758C6614F2E4C59","2026-09-15 13:13:27"
"e82f3a74b179817552bb37b3.json","1827","91C3A9EE245B7F56EE9A2710BC6C46ADFC918B766DE955D31E17A8E788F7887E","2026-09-15 13:13:29"
"e836478c2aca9b1c683bf572.json","1991","F88920FE73A380882C3B7446767B3CE5BE8197382B3FD7CEB15701E20E6092D6","2026-09-15 13:13:30"
"e8420bd0e4b35db83ac3c94b.json","1840","0633AC36EE71141C811978C478BB896C1AEE38F136CD87DBCC02081FF70E72F4","2026-09-15 13:13:34"
"e85e5d85c9c777ea421a6d9e.json","1861","7E0FD6B80B1F134189822E515C894E662B5940699508ECA49FE55120E487CB55","2026-09-15 13:13:37"
"e88df1e159b1838c40a6eb3c.json","1840","571D056E50CE2268906F4709B306E0EAF990C709B0A0EE011961DEEC1C44B9FD","2026-09-15 13:13:39"
"e8b635ba608525f530fd6096.json","1982","EDA5EB6F726E739EC2B15F52E6B08967556A2098B5494715E02D841EAA71F344","2026-09-15 13:13:40"
"e8f6eea685269bef93f843ea.json","1981","CE38663355C039B4AC5891CDD3A2EC216CC62D8EB981FDA936AEE254180B0B22","2026-09-15 13:13:42"
"e90c3b01b13b6840f350f0e1.json","1759","64C2D315B764CA51A2C8C18A45553483CA076D5CD824DB93780FBD69D2E55C55","2026-09-15 13:13:44"
"e92e5c7afb4fb336d49102aa.json","1981","C18BFB9D90659E9F2CACF9CC66BD245DCD4E4B448A626F32A476D295A4F8250C","2026-09-15 13:13:46"
"e9375a9abb4536f041739268.json","1860","C7CC2A17CCC0256FC3BDC9E79D25561784CE927EB57425ABCB50D7F5D33630C4","2026-09-15 13:13:48"
"e950f56c82965693883c2ef3.json","1981","9D0BFFE97A154F147F26C0295EA1B4A8DA99F82D21BB95EA2F42368FF0C6D0BA","2026-09-15 13:13:53"
"e962a1607b7fd9fc71e56963.json","1836","EEC33DDF77053B9D3721D82B903836D2DCDAF8A2C67D3CAB5C419851FF8159A9","2026-09-15 13:13:55"
"e98a325bbd77a602a4c49bc8.json","3374","5D64E3AC526CBE730B4A020EBDA80EBBC069ED413D2B982FA319646243854A72","2026-09-15 13:13:57"
"e98c96352adfe6db1ae4a370.json","1982","ACB3974228C94D7F5EE70409E9452078C35F0285A41BF781ED8999D128FEA407","2026-09-15 13:14:01"
"e9cb260726b59c95a1b04517.json","1874","5291AF450715F8E1A22B594BFE89BAF12A878BDC06877C5D5253511248DB2A24","2026-09-15 13:14:04"
"e9d45df095278eacf378c8b0.json","1981","3BA4C0B13E4577A576A8EB0BDE8A462AD47755811E6C679C0524B904061981B7","2026-09-15 13:14:06"
"ea5c4a43ce5bfd00a711d346.json","3374","90A8AF43093256A42227F6FD2C4AA23ADF3A0D4EDFE47398DFD445958E8CC055","2026-09-15 13:14:08"
"ea6bd9ca306feb631ef1a89f.json","1827","CC23739063FB594EE5076079992DD02B2606146DB275941BE68A6FBEABE52103","2026-09-15 13:14:10"
"ea82d653495456a40f01d811.json","1827","48DBD317517A84BF01EBE927CE6D9B3E595CF88532E597EDCC43F0B178024E01","2026-09-15 13:14:13"
"eaa28ef8c98e1f7c32cbf573.json","1991","8E56DEDAC534E8033EB447BE48C7B8DD12CFE0432148F179A9CFAD95AB0EB688","2026-09-15 13:14:14"
"eaf9f8ecd154f854fcac1b21.json","1981","FD351CB70E749B11615A543A07C7151190FF8291BFB6D46EB5BE7B732E791BBA","2026-09-15 13:14:16"
"eb1f6e3cc69fbc9cfd2bf828.json","1840","033A34B631E60222A312A3AF1C7BB7161BE159E218C96B16225F3BF6DE1073C9","2026-09-15 13:14:20"
"eb4468a77e649b1afac551be.json","3374","5F138EDC57FD3ED4FC2BAF6F9FADBB0C6358F706C4A50A34A12016859D40BCA1","2026-09-15 13:14:22"
"eb4e3be02a7bcf93d3323070.json","3381","B1DFF9D8764E2C2F001F7C8BBD7B6630744182DBA80CE836873BC05FAEE67791","2026-09-15 13:14:24"
"eb61342425203f14b52084c5.json","3384","931C8284E454C588F3F5EB1855086D9048FCE6AE37206B230CA8CE11BCB46E37","2026-09-15 13:14:26"
"eb67e21d3d8913cdc88cd4a7.json","3374","AEA43A0FFA0F63D71121E40291D8988C71E885DB8515B903B3640F0BFD9D8618","2026-09-15 13:14:28"
"eb805c0c4002f08837a6fa0a.json","1982","3F1465EE294CBE3DA74FBEEFC4BC02664A52F2C7ECCF5E1AEFBFDD5249C8B2F3","2026-09-15 13:14:29"
"eb94d00355b4be9894bae501.json","1981","0D040A905F744B360E6A2B6952B1492935E7C3ED03F125A0846B497589C8C79F","2026-09-15 13:14:33"
"eba638a5847e8a141e141a7c.json","1835","FEAB3956CCAE9BDF185C970EE2E850C9DCDE11146FB65F43142FD542D7CE8A29","2026-09-15 13:14:36"
"ebf761b1dc181eef34a3bd10.json","3383","20DB7030D20C17A9A4ED3B8C8A5B991EFFDD2DA175C91818591536A272B2B534","2026-09-15 13:14:38"
"ebf9ab116c15faf1d333904a.json","1826","A83A4272CA9D175692E2C55CAB9DEC11677DF9A7E8F9A513EB7F7CCEAB508761","2026-09-15 13:14:40"
"ec07909e6acc74de9a82c771.json","3374","84673FDFC87167B52C2045AA25D1DE99DCB534DB5B0C8ED084D8EFD3F1F77326","2026-09-15 13:14:42"
"ec1f6dfd25e6070625a2e86c.json","1761","ACD1E5CAD18C96B05446DEFF04C286D95551727ABCB5DA21073CE37791DE937E","2026-09-15 13:14:44"
"ecb3367a65373d544f585de6.json","1835","D9F97F9AD453AEF2585D238B9D7C4A9B10628839953074E7E7F03442A19F4F34","2026-09-15 13:14:46"
"ece9c8782bab09a38278a888.json","3375","0D442731BA5C6063AC35E8E1075B87DA6BA5BC2C73EB9F109928A9C8BFC28592","2026-09-15 13:14:49"
"ededcdb44662f4ff5863c5e2.json","3384","D9DF18421766F788A6F18B5C3E5533FEAAA86B17DEEB4FE2A0296E239BBC36A9","2026-09-15 13:14:51"
"ee185f0d66e00d654b765fba.json","3375","BF86183F1554841DC9005517B261320C95B8887FA29EC58B7D3E0255F59FF628","2026-09-15 13:14:53"
"ee1c0b49f7673dc6d6ca866b.json","3383","D48B395A17722650DB45F2468CCDAD1CFBF43647BB1D3ED81620C59A5E98057B","2026-09-15 13:14:55"
"ee6b371cca796f21eab0ad05.json","1827","A3E988F14BF221C7D6C556C19A8EEF4963707C3C5F5158D6B2EE727CAFA05368","2026-09-15 13:14:58"
"eeac23469f6b7e9e3728b2d3.json","1827","A4A2F0CDEB520DC658A8909EB5A68CEB36767F182DD6431081E5B3BBA616DF1C","2026-09-15 13:15:00"
"eeb4df922cfe5e5fdd9812d3.json","1826","1A1C95FDA94BA93A9E3FBE3001F0CC9B3CDCB81B43E035B493F400652AA9F49F","2026-09-15 13:15:02"
"eee1d2c17dd6b9e2834742b8.json","1835","CD881197E79C44A0F5841A51F33403A59740274CC2D0DCFD82CF0400EBE137DA","2026-09-15 13:15:04"
"eee8b704bb16577c2bb12a17.json","1870","B96CF5865A3C5CAEDFA860DCA2AC5E156493695C71BACD9794693CDE0574AB6F","2026-09-15 13:15:06"
"ef081ac65ebd3b329019fdbb.json","1991","A9612D98F02E3733207892C15D57FF299882FDCF76591CD85DE295306D0A72AA","2026-09-15 13:15:10"
"ef431f4b090da470905225d2.json","1836","085AF3964A658B727D63BDC7675A235C97249D4B6188F50FB943CBB0C9C5CBFC","2026-09-15 13:15:12"
"ef694573ac6c34b345816772.json","1837","5CDD4301AC8B5D3EA7EC68C895185D5F5940D3C8468AFDD68356D7C9B2F4BF4B","2026-09-15 13:15:14"
"efb7db2f655737816d1389db.json","1826","6A8A1BE24F674A7B03E73760A127268D8FA91C4CAFA7BDB92B0CD739C2894013","2026-09-15 13:15:16"
"efea38af4be53062b2e6ad8b.json","1982","A93615A4264305A04364D12D56C64296EF981A50FD16B2611D8538AFCBAFDD6D","2026-09-15 13:15:18"
"eff3a068e2aaec209c1f6094.json","3374","DC438ED0DD3438188B748EAF54EC498DEE257ACD7CF708155AC59833A9BF8B66","2026-09-15 13:15:21"
"f09a519a3dc274902a87cf3b.json","1981","EC0FBE1754BD63773538B0439CA32A104B5F1B00B1F5C992ADFC54117E90AA5F","2026-09-15 13:15:22"
"f0a3b9a0ded496524bc4ab3e.json","3375","2D6C125F64D98708CF29676B5BC07E28C027D4E68B74C7C53883C32DDF7CB5A9","2026-09-15 13:15:25"
"f0a98c5e33f841af7c8bb445.json","3376","69E48C10E1523B1A53C2A23D1202CCC1A50C8FE8BCDFC584C0E5906721889D3F","2026-09-15 13:15:27"
"f0d93eee22f8ce0383a6e46e.json","1982","198C1E4489BEF86BDB649C117102587ED3233B336618E91DA88455C59818E4E1","2026-09-15 13:15:28"
"f0fcc7386c724a78334d68a5.json","1837","BE6C255AF624947539F5D03E64FD61C622A43C8A6670A6613D2F353A8F3EA408","2026-09-15 13:15:31"
"f16f50479c6b0c4d57c94e50.json","1982","C31DC23A3B7470090F6BC05FACDBC4FA639CD664DA40A48C2FFD02FA68320A55","2026-09-15 13:15:32"
"f1c349830a158d7276ddd9a3.json","1990","28F8FCF4980A142E5DDA1D07DAEE983D4B9C83652E03096C07645EE89149F421","2026-09-15 13:15:34"
"f232778c28adeedbcbe3fab4.json","3375","0DF91F76E80A54653EEE67FA96FDA0FFDE6AC5BD9093C954893BA8EFCDAF4655","2026-09-15 13:15:36"
"f244032bf8413524e53263f1.json","1827","116647C38F62920AAE78CB2B49DB5090F64057021D3F9BA65150AFF9C2562900","2026-09-15 13:15:37"
"f26e73484b498bbda77d97f9.json","2440","FD0C143D4E63314606DD372BE68FEB6E56AAB954F25BEA5FFBC43CAD2AF65FCF","2026-09-15 13:15:43"
"f29a229a6a981fd241a2b4ad.json","1835","02CD554641291A8EF086269D827579B9D999CD67DE07E1A80049A4F5E1F16BE0","2026-09-15 13:15:45"
"f2bbc9645d266a4881234476.json","1837","A562957DD5D723CEA7888281F294B87C151311B339CD35EFEF78E09E80E93744","2026-09-15 13:15:47"
"f36ba3c2102d9cc015d42b1c.json","1827","83B2B470841D91DC33629A46463A7DFE2B11B31E97D3317C41FEDB0508454311","2026-09-15 13:15:49"
"f371b5725549d5a3abbaf6d2.json","3375","80DAB3CE210A8FA4E19DF8CE1D65410D4AB9DB1F39406BA5A2EE1549846AC5BD","2026-09-15 13:15:51"
"f4477bbae2d4932f6c849516.json","1828","FE9960A59E6CA054DC4C5D731FED640EE90ADE2ED7714FD68CB52703A3345EF0","2026-09-15 13:15:53"
"f467e541cf346394f45dfcca.json","1836","0BE1453FBFD387001F4F5F3A8455FF84A1E6B6259DB5A4F4BACB1E1A8B3D014B","2026-09-15 13:15:56"
"f4ce61a1c6d6967da9f67c84.json","1841","91B0FC78C7C6AC74441C7131623ECF5F0C5941CDC475A49D6011A9D4AA5DEE39","2026-09-15 13:15:58"
"f4e3e2e13f6044123675e22b.json","1982","B53F114364B97080E80C105C57400EFE9C9CCD0ABE31E978359211ADE685AEEB","2026-09-15 13:15:59"
"f5040d9b6eff2e10cc676a36.json","3385","E31627E884558810772899FDD6D33334C1283CA44CC5363DA489548347BBE81C","2026-09-15 13:16:01"
"f50d9ebfa9fb035c770f1914.json","3374","516F6D70BBDD232F6CBAF3ADA83801BEAEB6F34778A9521699BBA095C327AAE0","2026-09-15 13:16:03"
"f55f02ac8c13ca9c1c238e7b.json","1981","5F6A0C2B5ACC99E7CF534B03A3ACDDA767E48DB026BAE2CF64282603496D1C00","2026-09-15 13:16:04"
"f56b70c979627db3d1f1a2ad.json","3375","3180710A54EDAA7DF276708502C75EC52145631708776B89A569F3CCE87CA04D","2026-09-15 13:16:06"
"f5738c6c08705a75773fb4ed.json","2440","0A75C8EB5E4EBAC8D64A5F21F1773FC16F1054591E4F6BA319326F3164A414A3","2026-09-15 13:16:08"
"f57e5171c6a09dda2df7da2c.json","1827","3C98BE6E62C3C31598B66B9BEC8B10EBBA1C863A5FFFC3AC31382B1C75E649FC","2026-09-15 13:16:10"
"f59181d0134fbca26a2fda89.json","1992","ABBDD96610D7D7F09AD099F9853C230A5EE146D23450EE84470B6296D57B241B","2026-09-15 13:16:12"
"f5b3c0762184dbe6ee3d2abb.json","1827","CEC2347E0CD850158A9F929CCC85882448C50E1D9BEF15AB5C85CF35AAB4689C","2026-09-15 13:16:14"
"f5d5e6637c09f30ba934b8de.json","3374","76D3A90A55C96192AABA03CB76EAEC8A85579BFBF52E46540165BF0F7D18184D","2026-09-15 13:16:16"
"f5d7e0bb7e95bedcba6b4ff0.json","1990","BB54EA68B4C05722A9DE90919812DA9F3A7A09D41A6AC76F1E43A34A4282396C","2026-09-15 13:16:20"
"f605f5a0796e402193a611b6.json","3374","D29E24356FAAC9104140C54DE1008998C2E312DBC3223B434F0FDB6689881A70","2026-09-15 13:16:22"
"f623faf2bde31f152f84da29.json","3375","4DF62361DBD344480D77AA9D5BAC327FDEB232B78BB8D1D9B9212BCA054ECDFA","2026-09-15 13:16:24"
"f63243ab4cb9a79f21c7b5f1.json","1827","CA5347B8795CE10B7C9A92C11930187F42F20749C5EC880B0346D57CC87D645B","2026-09-15 13:16:26"
"f664342c8211aff8f49a55e0.json","1776","7A25AC79D8CA0CB7C31BA634E225BBD1F11151EB09F3909D03A2EADCB4DC868C","2026-09-15 13:16:28"
"f66fd0078cbdad3d33c764dd.json","1982","FEFC60E4000C1C83E10D1E8529AB3A14A8B681AC95FBA37E563501ECF591B244","2026-09-15 13:16:36"
"f68ce848ef0fce26fbe0dc53.json","1840","5F914F23ADAE3D138874E04FF73249EA49D09C55D08C465984CB5A0327784A3B","2026-09-15 13:16:38"
"f68f13427c1f94e50dd13244.json","1982","550914C5FDC2FB569B9C7BD144D166BF002B870FDA45888462BBBA11B4B01C64","2026-09-15 13:16:39"
"f69d52e1a9e2298c2a489bc0.json","3383","6AA6AF35C666CD21A684B52C6A49CDE95EE6861B0A5DF636EE938083DF467F71","2026-09-15 13:16:42"
"f6a414cd177431fc171e9079.json","1836","8DE78FA4149E3A7AAA5538504396CD8A5D5DDD896885174C222AE007532CB69B","2026-09-15 13:16:44"
"f6ab7a9f6e0499f9b85e2f30.json","3375","3B43D18F7C86D92FBDFB7283E3834D24B2BD7486D2FA16341062A98636CA6D45","2026-09-15 13:16:46"
"f6d1a5542ded06383e721823.json","1992","95D9BAFE2EDF896602850C730943F1EB0C9886BE0E7E0B76935653C6724722B8","2026-09-15 13:16:47"
"f728afaa0f6bc34a94e5cce9.json","1981","91400FD57F598A7380C255349B3C8B358F2BCE655D90BF8C71D0464B375336DB","2026-09-15 13:16:53"
"f76afaa9d0ab17021b1734c3.json","3375","413D9DBE6BA62016CC41068302BCA05259B87140256230C6E47277E03C85C96B","2026-09-15 13:16:55"
"f7de9764b9268ebe5a8c9ed1.json","3375","0B5B0D3519B8E0346CC301B9CE05565733570D8F6982AB4A461B7C8DB51E480C","2026-09-15 13:16:56"
"f819246c2c68844351aaee41.json","3374","966990F75861508A5C3BAF868A05040CF82CD0B287ECBE4E0AC2369CE5544BAD","2026-09-15 13:16:58"
"f847e206ea712c1ff90afe1b.json","1982","7CB8607FFECF9F78B40A9F05632EB6255909BF340C71F90D342B980BDA0BC78E","2026-09-15 13:17:01"
"f87840d8bfff2a93e0e66731.json","1835","CCC57318FEA75ED426E791EB75F97D604B02FFD10FB0E5768885A5096EFA957A","2026-09-15 13:17:04"
"f8a44345c6ca5269cbdf261d.json","1826","D5E98CF4710BE863A3C48040A7A4FCAECC935FA3FCCE13A0A8EB7F17CF660EF6","2026-09-15 13:17:07"
"f8c323c162ac63b77e69aadc.json","1981","4380863D808AE57913852D16BCA434FDCE1D34E2BC7824628E43A912DEB687E2","2026-09-15 13:17:08"
"f8d087354a5fc9d2b589bd06.json","1828","2A250A293ADE8498D0FB5AA56A1DDDBDAFC88C33F099EC2247143E6A4EFF0A25","2026-09-15 13:17:10"
"f8dcbbc0b81d2f6288ecf4bd.json","1988","23F53235CEF758EDE767A3331BF79390460F64AD2223817EB3A3E1B0447A2EF9","2026-09-15 13:17:12"
"f8f2d589a1844e7b84c9254d.json","1835","CE774F463683047DDB9F834842CADDCCAD112E5265FC2127F16D86680EF4766D","2026-09-15 13:17:14"
"f916e3337a26c0e5c619e255.json","1982","56CE61838027F80F8DA591F00139984307469B3343136588658DDFF89F42EA4A","2026-09-15 13:17:20"
"f9220147abac0750f1fa1fce.json","1827","584BCB15F20C7284A72136A0734AFA34CB808ABDCA17449DC95D8B5DE17C7438","2026-09-15 13:17:24"
"f927f70f968efe3820df2955.json","1990","E9CBC4728DA3812E59AB5532695C30B9540A550B2B1709E355149DFBF0E4997A","2026-09-15 13:17:25"
"f95e3f8eada11cdddc116316.json","1828","734701B7E896C333B99B150D7ECD955D264AF08D7215FA78945678058D4DA8AB","2026-09-15 13:17:27"
"f97c6e18d9fc8488970671fc.json","1828","A456DB4AD253664CE0F39F7A72AC815021888DBFED401C9BF4CA41FA4DB38021","2026-09-15 13:17:29"
"fa0d92a237faf9dbe3c577d1.json","3375","BEC835EC447EED2B6C9A800D5946C6A9CB9E8AF1EACB891F32F4EF2990116145","2026-09-15 13:17:31"
"fa1f0bb157d6f23501048821.json","1981","B247910027EA3B7027DAEF282AB12DC11D554ABFBFEA40421C7142E92A7AB7A4","2026-09-15 13:17:38"
"fabfcd29b9474c001a819982.json","3375","C0DDECC65832888F99C2F0E5D3B9B0C4CD8C7297D019B6570120A3490CADC6F1","2026-09-15 13:17:40"
"fac0a5356f363402bfd89d28.json","1875","DE62CFC3152F0FC92A4DB40C3E3F0383CC1844744718A3479B24619BC2FE5CA7","2026-09-15 13:17:44"
"fad19fd46ec3ece67f42fe09.json","1981","23BCB9857025553B25A77F9044A996FA36B62E76757A76B17342EA79085668E1","2026-09-15 13:17:53"
"fad53ad0888f967c33c3351c.json","3375","140E8564D698D4EFABE3790417F18F4BFA68FDC59C50C59E0BB57781275C42AC","2026-09-15 13:17:56"
"fad919f9a67490c0dd9df92f.json","3385","1DAEAC385B68ECFC14C0884EE423C6D528E78512C167154571A559B4B15C2C2D","2026-09-15 13:18:00"
"fafcb7ff162d9f4e8a74689b.json","3375","CA6F3D51E8825C69BB4E07F66596AAEDB91BEB80F8795F6B01544B6E1AED7838","2026-09-15 13:18:02"
"fb258f01b8f6fb93c051441a.json","1982","54EB61C473B2997CAF9AC0B2A0F53825A73634C777F2FE497F9942620AD03458","2026-09-15 13:18:03"
"fb3888a35771b773a80371d5.json","1995","6FE355F0C34ECB79F19A5F420D616F76DA396008058A3B7636407F636DB25B38","2026-09-15 13:18:04"
"fb5012c9f55c5b5102349103.json","1835","81A5D82A01B3F44770D1D2A7BF804FE7B599D03060F8009BC6B1C44BB4E172F7","2026-09-15 13:18:06"
"fb676cbfde85e693cba8046f.json","1827","00FDD321A0A222BCAE2E391DC04B6F248EC95C7CCFD5E693DB0EF69DD9D3030C","2026-09-15 13:18:08"
"fb96bb9bf2f33bbba228d1e8.json","1982","39EF431F181F8DBD9B72B8232E94D74732ABC678EBEC6741E1FD5E35F1A60911","2026-09-15 13:18:10"
"fba27d246c18342483783783.json","3375","783682DC7BB49A1754B622DA0B53452C266BAD18C846D442C04BDE5F6D8533AB","2026-09-15 13:18:12"
"fbb5496c71a287658fa6c8c6.json","3388","B87566DA7ED4AF1EA55DE1E4A5E234AB2244369D3D7F5405052BD868277A2EAD","2026-09-15 13:18:14"
"fbf3c7b0dddb529471c3669a.json","3388","D525AEA3BF239A7D2C1D6E88A6DBB43466F988463228CFFBE8AA02B0483E543F","2026-09-15 13:18:15"
"fc06ded435d33b9ef03df7c8.json","1981","DEBD730C69389A119E8CBCEAB48F938D93F6D2AF177ED53F03D5DDCA79BBA1D3","2026-09-15 13:18:19"
"fc3196df44ae5d1fb8f6d37a.json","1982","288A6C61F7A92D98BFA9697EF2305C9E300AD60BAB19634EBFD3BBB00D463D6E","2026-09-15 13:18:22"
"fc67be5de972ffde6a599c6a.json","1827","12533E2DAB7EC0A1D491D8D334FCACA24BCE24B38E620A16C2A05FF72A3147FE","2026-09-15 13:18:24"
"fcab01eb9428232424f7280f.json","1982","B1149EBA96624B7E68BBCB5FFC909D58CBEC24BA8863318AC42BFA604E522A59","2026-09-15 13:18:26"
"fcaf99dfcf46054bbff23564.json","1991","DC6B0F16D4812C584BC6C29B9DE03F4851606DCEE26223F0624F4C3A1A16B6BF","2026-09-15 13:18:27"
"fcbfc50ec2abd2a197b4d5e6.json","3375","221D87F191E174C0BD5EE65FAA7B8842081766C8B87F74374BCBBC41A3759E24","2026-09-15 13:18:30"
"fd0cd00109d0d1b9eff7766f.json","3374","6ED18A7432C4A080D966E2301B4F59AF75E27AD8F0351730F90BB7614E9EE156","2026-09-15 13:18:32"
"fd6e2b28d3fe455542b50703.json","1983","A41314432528FCD38EA16401071415B09B03A7B8C7B4C2AF73400D7921EE3787","2026-09-15 13:18:34"
"fd7eb9124cc740fc9581562d.json","3374","2571F8DA6210C8401DC2D570CDA3489E591CD982B86302F47A5BDCF49803FD7C","2026-09-15 13:18:36"
"fda30845d808b151dec8f2ae.json","1981","F4B02DC4394E34B72969466AA7778972FEFE99B9652C71CB40E25ACC19FC8A7D","2026-09-15 13:18:40"
"fdc8258dad31c25b77c87f93.json","1996","D9FF0C2F2C7F4CDDD10CD7D6968AC307BAD168A46B78C67C27E5F6A765CC6DA8","2026-09-15 13:18:42"
"fe1f18c48d5d711382c2537f.json","3375","4194F6DCCC1C583CC4D214C5E6193B62DFA3959036097F2CBE6C84584E0BEF3D","2026-09-15 13:18:43"
"fe4e02343ee7d4d0bef45678.json","1826","0B6F63AE8C334C63ADA06B87C40F66C8331EDAF5F2145B18B321CB9BD5486FF3","2026-09-15 13:18:46"
"fe50cd1271d177f16a2945ec.json","1982","B05F746916381C8B463879F087FF3310A778DE77126E8A6EA23474386D89AD07","2026-09-15 13:18:48"
"fea984709a3f0a9733f8770d.json","1836","E9AC09B1583D4F24B846184E0C8D475F259D5A7DA1A3DD8712A174A6231707E3","2026-09-15 13:18:51"
"febd89217c3332f133b0bb1e.json","1981","B95FE51AE12538A8596A1F60B4526A080458A678F188FDEB6E29BE4FABB9678D","2026-09-15 13:18:54"
"fece75bad44b4729a08b7cc9.json","1827","9B7369CAA925155B8D6B0D2D28E6F42BE6649F84FDB04817C576196D4513243B","2026-09-15 13:18:56"
"fee2a4f295b1236c0318cf0e.json","1860","226B10CBEDBFA9DF02071E8BC4A4A4153B4296D33948DFF9CE9A5A0AAFFC01F7","2026-09-15 13:18:58"
"ffa8446614c8c3c3181c8c40.json","1981","5323F11956886E2BE3E2B34F9F433F55B3CA6592B31D0D0AE469499F333DBBF1","2026-09-15 13:18:59"
"ffbc81724b405f07044d25c1.json","1836","08727893D0B6AF33DA0CC5BA596A200D97C9563B1B3A4CE0469CBBDA0F6A631C","2026-09-15 13:19:01"
"ffc7abf7fa96b1e10963f5e8.json","1836","B8D03C839531BC7FC09677998C3C448BBF010E57A776795D86881F93720DD63C","2026-09-15 13:19:04"
"ffd21849ba30a31518b89e52.json","1982","8D292DC309A9D762F47C00D028CB379357E540FD7F906C62AB92CC6D130228BF","2026-09-15 13:19:05"
