DESTINATION_PATH,SIZE_BYTES,SHA256,SOURCE_PATH
C:\RSOS\RSOS_CANONICAL_EXPERIMENT_CHAIN\033_EXP-016__WF2_Prospective_Cross_System_Confirmation\00_CONTROL\SOURCE\BOUNDARY1_BUILD_REPORT.txt,518,8662702a63b3b115f024c2def65e4c3a4c49661f3de860f7ba2b90ccacc9e9a1,C:\RSOS\RSOS_EXPERIMENTS_WF2_PROSPECTIVE_CROSS_SYSTEM_CONFIRMATION\00_CONTROL\BOUNDARY1_BUILD_REPORT.txt
C:\RSOS\RSOS_CANONICAL_EXPERIMENT_CHAIN\033_EXP-016__WF2_Prospective_Cross_System_Confirmation\00_CONTROL\SOURCE\BOUNDARY1_R1_BUILD_REPORT.txt,786,b2c4df723f84eafaaa850f3e250fa184c90d09d969227d604cc870d798379f27,C:\RSOS\RSOS_EXPERIMENTS_WF2_PROSPECTIVE_CROSS_SYSTEM_CONFIRMATION\00_CONTROL\BOUNDARY1_R1_BUILD_REPORT.txt
C:\RSOS\RSOS_CANONICAL_EXPERIMENT_CHAIN\033_EXP-016__WF2_Prospective_Cross_System_Confirmation\00_CONTROL\SOURCE\BOUNDARY1_SCORER_PARITY.txt,94,8cedb2c03a8373afab79f1ec376d905a0360975dcc744d881ae156db17a6c009,C:\RSOS\RSOS_EXPERIMENTS_WF2_PROSPECTIVE_CROSS_SYSTEM_CONFIRMATION\00_CONTROL\BOUNDARY1_SCORER_PARITY.txt
C:\RSOS\RSOS_CANONICAL_EXPERIMENT_CHAIN\033_EXP-016__WF2_Prospective_Cross_System_Confirmation\00_CONTROL\SOURCE\PHASE0_FOUNDATION_FILE_CANDIDATES.csv,497772,4720ecc0bab23fd15db0bfd6a0f58db15c61fcb9a5006479529e4b51cc4b3271,C:\RSOS\RSOS_EXPERIMENTS_WF2_PROSPECTIVE_CROSS_SYSTEM_CONFIRMATION\00_CONTROL\PHASE0_FOUNDATION_FILE_CANDIDATES.csv
C:\RSOS\RSOS_CANONICAL_EXPERIMENT_CHAIN\033_EXP-016__WF2_Prospective_Cross_System_Confirmation\00_CONTROL\SOURCE\PHASE0_FOUNDATION_ZIP_MEMBER_CANDIDATES.csv,649296,fd1360abd3f01f07bcfb3284332edfdbe809c0509334cfcfe71f47227ea24e86,C:\RSOS\RSOS_EXPERIMENTS_WF2_PROSPECTIVE_CROSS_SYSTEM_CONFIRMATION\00_CONTROL\PHASE0_FOUNDATION_ZIP_MEMBER_CANDIDATES.csv
C:\RSOS\RSOS_CANONICAL_EXPERIMENT_CHAIN\033_EXP-016__WF2_Prospective_Cross_System_Confirmation\00_CONTROL\SOURCE\PHASE0_REPORT.txt,16244,02cc6e63b0606096537cc94e82138a71f7786ad5ace50df6a983f8f787b0613b,C:\RSOS\RSOS_EXPERIMENTS_WF2_PROSPECTIVE_CROSS_SYSTEM_CONFIRMATION\00_CONTROL\PHASE0_REPORT.txt
C:\RSOS\RSOS_CANONICAL_EXPERIMENT_CHAIN\033_EXP-016__WF2_Prospective_Cross_System_Confirmation\00_CONTROL\SOURCE\PHASE0_REQUIREMENT_MATRIX.csv,2464,a6a9e1d6bdc88a1dd63bc6ef005567fd022f25682285740b26d15ad6e4696a41,C:\RSOS\RSOS_EXPERIMENTS_WF2_PROSPECTIVE_CROSS_SYSTEM_CONFIRMATION\00_CONTROL\PHASE0_REQUIREMENT_MATRIX.csv
C:\RSOS\RSOS_CANONICAL_EXPERIMENT_CHAIN\033_EXP-016__WF2_Prospective_Cross_System_Confirmation\00_CONTROL\SOURCE\PHASE0_RETURN_FOR_ADJUDICATION.txt,18785,c58288fa6c190d9b5a64f529f2ce480a455a847240716290f4127555129f0563,C:\RSOS\RSOS_EXPERIMENTS_WF2_PROSPECTIVE_CROSS_SYSTEM_CONFIRMATION\00_CONTROL\PHASE0_RETURN_FOR_ADJUDICATION.txt
C:\RSOS\RSOS_CANONICAL_EXPERIMENT_CHAIN\033_EXP-016__WF2_Prospective_Cross_System_Confirmation\00_CONTROL\SOURCE\PHASE0_SUMMARY.json,954,17939a06dfa15b98e7807df07d4a7f9b2b47c01479ea313428ef7735f7dceb78,C:\RSOS\RSOS_EXPERIMENTS_WF2_PROSPECTIVE_CROSS_SYSTEM_CONFIRMATION\00_CONTROL\PHASE0_SUMMARY.json
C:\RSOS\RSOS_CANONICAL_EXPERIMENT_CHAIN\033_EXP-016__WF2_Prospective_Cross_System_Confirmation\00_CONTROL\SOURCE\PHASE0B_AUTHORITY_RESOLUTION_REPORT.txt,17415,7d7c5dc8ab095aef563b2f6fb895ce07fe1e4c37f23c5ddccd189cce8f857ed3,C:\RSOS\RSOS_EXPERIMENTS_WF2_PROSPECTIVE_CROSS_SYSTEM_CONFIRMATION\00_CONTROL\PHASE0B_AUTHORITY_RESOLUTION_REPORT.txt
C:\RSOS\RSOS_CANONICAL_EXPERIMENT_CHAIN\033_EXP-016__WF2_Prospective_Cross_System_Confirmation\00_CONTROL\SOURCE\PHASE0B_AUTHORITY_RESOLUTION_SUMMARY.json,2173,f199a571a30c7e0e0fe4e5dafc61dddc17decdb18de207120e831ed8855e7037,C:\RSOS\RSOS_EXPERIMENTS_WF2_PROSPECTIVE_CROSS_SYSTEM_CONFIRMATION\00_CONTROL\PHASE0B_AUTHORITY_RESOLUTION_SUMMARY.json
C:\RSOS\RSOS_CANONICAL_EXPERIMENT_CHAIN\033_EXP-016__WF2_Prospective_Cross_System_Confirmation\00_CONTROL\SOURCE\PHASE0C_FOUNDATION_AUTHORITY_STAGING_REPORT.txt,1661,38af08d6fd8b238aae0243e647326e6f48eabc2499f85fe24918a710bf57b385,C:\RSOS\RSOS_EXPERIMENTS_WF2_PROSPECTIVE_CROSS_SYSTEM_CONFIRMATION\00_CONTROL\PHASE0C_FOUNDATION_AUTHORITY_STAGING_REPORT.txt
C:\RSOS\RSOS_CANONICAL_EXPERIMENT_CHAIN\033_EXP-016__WF2_Prospective_Cross_System_Confirmation\00_CONTROL\SOURCE\PHASE0C_FOUNDATION_AUTHORITY_STAGING_SUMMARY.json,2142,8b9ff92d8da709e84c82ae071826bdf36a38e8a765e9dd498b0495e5e5c5910d,C:\RSOS\RSOS_EXPERIMENTS_WF2_PROSPECTIVE_CROSS_SYSTEM_CONFIRMATION\00_CONTROL\PHASE0C_FOUNDATION_AUTHORITY_STAGING_SUMMARY.json
C:\RSOS\RSOS_CANONICAL_EXPERIMENT_CHAIN\033_EXP-016__WF2_Prospective_Cross_System_Confirmation\00_CONTROL\SOURCE\PHASE0D_DESIGN_PREFLIGHT_REPORT.txt,68694,e77faea7ed012090bd5dbc97988e7fb8915b0510eac6ecd0775d15895b67ed3b,C:\RSOS\RSOS_EXPERIMENTS_WF2_PROSPECTIVE_CROSS_SYSTEM_CONFIRMATION\00_CONTROL\PHASE0D_DESIGN_PREFLIGHT_REPORT.txt
C:\RSOS\RSOS_CANONICAL_EXPERIMENT_CHAIN\033_EXP-016__WF2_Prospective_Cross_System_Confirmation\00_CONTROL\SOURCE\PHASE0D_DESIGN_PREFLIGHT_SUMMARY.json,23871,5d76a67b006100a243203b4f290e1fb9e4e7e993d3718cbc621adbf4e0fb43c5,C:\RSOS\RSOS_EXPERIMENTS_WF2_PROSPECTIVE_CROSS_SYSTEM_CONFIRMATION\00_CONTROL\PHASE0D_DESIGN_PREFLIGHT_SUMMARY.json
C:\RSOS\RSOS_CANONICAL_EXPERIMENT_CHAIN\033_EXP-016__WF2_Prospective_Cross_System_Confirmation\00_CONTROL\SOURCE\POSTRUN_PARSE_AUDIT\WF2_ACTIVE_BAD_PARSE_FILES.txt,0,e3b0c44298fc1c149afbf4c8996fb92427ae41e4649b934ca495991b7852b855,C:\RSOS\RSOS_EXPERIMENTS_WF2_PROSPECTIVE_CROSS_SYSTEM_CONFIRMATION\00_CONTROL\POSTRUN_PARSE_AUDIT\WF2_ACTIVE_BAD_PARSE_FILES.txt
C:\RSOS\RSOS_CANONICAL_EXPERIMENT_CHAIN\033_EXP-016__WF2_Prospective_Cross_System_Confirmation\00_CONTROL\SOURCE\POSTRUN_PARSE_AUDIT\WF2_ACTIVE_PARSE_AUDIT.csv,328205,a29837f2a413295306945175ba87c2360f0bc839582ebe273862b9bf97fc7576,C:\RSOS\RSOS_EXPERIMENTS_WF2_PROSPECTIVE_CROSS_SYSTEM_CONFIRMATION\00_CONTROL\POSTRUN_PARSE_AUDIT\WF2_ACTIVE_PARSE_AUDIT.csv
C:\RSOS\RSOS_CANONICAL_EXPERIMENT_CHAIN\033_EXP-016__WF2_Prospective_Cross_System_Confirmation\00_CONTROL\SOURCE\POSTRUN_PARSE_AUDIT\WF2_AUDIT_ACTIVE_PARSEABILITY.py,2591,b88d551b65505eabf7ce8a4885327d295c3e219dc204c7056ed95b278f22c99c,C:\RSOS\RSOS_EXPERIMENTS_WF2_PROSPECTIVE_CROSS_SYSTEM_CONFIRMATION\00_CONTROL\POSTRUN_PARSE_AUDIT\WF2_AUDIT_ACTIVE_PARSEABILITY.py
C:\RSOS\RSOS_CANONICAL_EXPERIMENT_CHAIN\033_EXP-016__WF2_Prospective_Cross_System_Confirmation\00_CONTROL\SOURCE\POSTRUN_VALIDATION_AUDIT\WF2_ACTIVE_VALIDATION_AUDIT.csv,179155,4c94d2e3faac293febf491f7ab376031a79be9645546b206ee4e271f3d6358eb,C:\RSOS\RSOS_EXPERIMENTS_WF2_PROSPECTIVE_CROSS_SYSTEM_CONFIRMATION\00_CONTROL\POSTRUN_VALIDATION_AUDIT\WF2_ACTIVE_VALIDATION_AUDIT.csv
C:\RSOS\RSOS_CANONICAL_EXPERIMENT_CHAIN\033_EXP-016__WF2_Prospective_Cross_System_Confirmation\00_CONTROL\SOURCE\POSTRUN_VALIDATION_AUDIT\WF2_AUDIT_ACTIVE_VALIDATION.py,5748,9add2dc755af6477ec13e12a70a78c6756ba2bb44beac3e25e468d0481d41750,C:\RSOS\RSOS_EXPERIMENTS_WF2_PROSPECTIVE_CROSS_SYSTEM_CONFIRMATION\00_CONTROL\POSTRUN_VALIDATION_AUDIT\WF2_AUDIT_ACTIVE_VALIDATION.py
C:\RSOS\RSOS_CANONICAL_EXPERIMENT_CHAIN\033_EXP-016__WF2_Prospective_Cross_System_Confirmation\00_CONTROL\SOURCE\POSTRUN_VALIDATION_AUDIT\WF2_FROZEN_VALIDATOR_PROMPT_CONTRACT.txt,5618,61519ba8f2572f50156d8cdac5199e1deb9c21cd06a1742a24ff23279c845dbe,C:\RSOS\RSOS_EXPERIMENTS_WF2_PROSPECTIVE_CROSS_SYSTEM_CONFIRMATION\00_CONTROL\POSTRUN_VALIDATION_AUDIT\WF2_FROZEN_VALIDATOR_PROMPT_CONTRACT.txt
C:\RSOS\RSOS_CANONICAL_EXPERIMENT_CHAIN\033_EXP-016__WF2_Prospective_Cross_System_Confirmation\00_CONTROL\SOURCE\POSTRUN_VALIDATION_AUDIT\WF2_INSPECT_FROZEN_VALIDATOR_CONTRACT.py,667,fd6639eacd68b27a9f0bcc615e2180c049cc255568a01fb0934565d3cf72ccc9,C:\RSOS\RSOS_EXPERIMENTS_WF2_PROSPECTIVE_CROSS_SYSTEM_CONFIRMATION\00_CONTROL\POSTRUN_VALIDATION_AUDIT\WF2_INSPECT_FROZEN_VALIDATOR_CONTRACT.py
C:\RSOS\RSOS_CANONICAL_EXPERIMENT_CHAIN\033_EXP-016__WF2_Prospective_Cross_System_Confirmation\00_CONTROL\SOURCE\POSTRUN_VALIDATION_AUDIT\WF2_INSPECT_INSTRUCTION_AND_PLUS.py,1935,d35a72c80e8b883527796824c509f80900665d63a3b22cbd8e0a7f49fec9da1a,C:\RSOS\RSOS_EXPERIMENTS_WF2_PROSPECTIVE_CROSS_SYSTEM_CONFIRMATION\00_CONTROL\POSTRUN_VALIDATION_AUDIT\WF2_INSPECT_INSTRUCTION_AND_PLUS.py
C:\RSOS\RSOS_CANONICAL_EXPERIMENT_CHAIN\033_EXP-016__WF2_Prospective_Cross_System_Confirmation\00_CONTROL\SOURCE\POSTRUN_VALIDATION_AUDIT\WF2_INSTRUCTION_PLUS_INSPECTION.txt,15396,aa2557b69c6eb255feb72ecc978a711c79378600ac92572c98561faf4767143c,C:\RSOS\RSOS_EXPERIMENTS_WF2_PROSPECTIVE_CROSS_SYSTEM_CONFIRMATION\00_CONTROL\POSTRUN_VALIDATION_AUDIT\WF2_INSTRUCTION_PLUS_INSPECTION.txt
C:\RSOS\RSOS_CANONICAL_EXPERIMENT_CHAIN\033_EXP-016__WF2_Prospective_Cross_System_Confirmation\00_CONTROL\SOURCE\WF2_A_PRECONSOLIDATION_DESTINATION_MANIFEST.csv,5159,b2795e21cb28f1c18646b1357df79f50d80fb9d346144218c91eff8181a883dd,C:\RSOS\RSOS_EXPERIMENTS_WF2_PROSPECTIVE_CROSS_SYSTEM_CONFIRMATION\00_CONTROL\WF2_A_PRECONSOLIDATION_DESTINATION_MANIFEST.csv
C:\RSOS\RSOS_CANONICAL_EXPERIMENT_CHAIN\033_EXP-016__WF2_Prospective_Cross_System_Confirmation\00_CONTROL\SOURCE\WF2_A_PRECONSOLIDATION_MIGRATION_RECORD.txt,1151,37f41e43aceae364e99e8bac4ebefb056fad0b9a5e8f37b1227563b624b425bd,C:\RSOS\RSOS_EXPERIMENTS_WF2_PROSPECTIVE_CROSS_SYSTEM_CONFIRMATION\00_CONTROL\WF2_A_PRECONSOLIDATION_MIGRATION_RECORD.txt
C:\RSOS\RSOS_CANONICAL_EXPERIMENT_CHAIN\033_EXP-016__WF2_Prospective_Cross_System_Confirmation\00_CONTROL\SOURCE\WF2_A_PRECONSOLIDATION_SOURCE_MANIFEST.csv,5159,b2795e21cb28f1c18646b1357df79f50d80fb9d346144218c91eff8181a883dd,C:\RSOS\RSOS_EXPERIMENTS_WF2_PROSPECTIVE_CROSS_SYSTEM_CONFIRMATION\00_CONTROL\WF2_A_PRECONSOLIDATION_SOURCE_MANIFEST.csv
C:\RSOS\RSOS_CANONICAL_EXPERIMENT_CHAIN\033_EXP-016__WF2_Prospective_Cross_System_Confirmation\00_CONTROL\SOURCE\WF2_ACTIVE_FINAL_PARSE_VALID_FREEZE\WF2_ACTIVE_1680_FINAL_SHA256.csv,216770,d6821cd3168ef200c50803756092c2bacb7aba36c03f4351350f4c5bca679a85,C:\RSOS\RSOS_EXPERIMENTS_WF2_PROSPECTIVE_CROSS_SYSTEM_CONFIRMATION\00_CONTROL\WF2_ACTIVE_FINAL_PARSE_VALID_FREEZE\WF2_ACTIVE_1680_FINAL_SHA256.csv
C:\RSOS\RSOS_CANONICAL_EXPERIMENT_CHAIN\033_EXP-016__WF2_Prospective_Cross_System_Confirmation\00_CONTROL\SOURCE\WF2_ACTIVE_FINAL_PARSE_VALID_FREEZE\WF2_ACTIVE_FINAL_PARSE_VALID_FREEZE_RECORD.txt,644,4c828b446d076e834837c502c7ed14ea37ab59c6e2d061968831b36f1775acd8,C:\RSOS\RSOS_EXPERIMENTS_WF2_PROSPECTIVE_CROSS_SYSTEM_CONFIRMATION\00_CONTROL\WF2_ACTIVE_FINAL_PARSE_VALID_FREEZE\WF2_ACTIVE_FINAL_PARSE_VALID_FREEZE_RECORD.txt
C:\RSOS\RSOS_CANONICAL_EXPERIMENT_CHAIN\033_EXP-016__WF2_Prospective_Cross_System_Confirmation\00_CONTROL\SOURCE\WF2_ACTIVE_FINAL_PARSE_VALID_FREEZE\WF2_ACTIVE_PARSE_AUDIT_FINAL.csv,328205,a29837f2a413295306945175ba87c2360f0bc839582ebe273862b9bf97fc7576,C:\RSOS\RSOS_EXPERIMENTS_WF2_PROSPECTIVE_CROSS_SYSTEM_CONFIRMATION\00_CONTROL\WF2_ACTIVE_FINAL_PARSE_VALID_FREEZE\WF2_ACTIVE_PARSE_AUDIT_FINAL.csv
C:\RSOS\RSOS_CANONICAL_EXPERIMENT_CHAIN\033_EXP-016__WF2_Prospective_Cross_System_Confirmation\00_CONTROL\SOURCE\WF2_ACTIVE_SCORE_PRE_ADJUDICATION_AUDIT\WF2_ACTIVE_CAUSAL_SCORE_R1_CONSOLE.txt,6280,460d613dd413814501871f764f0cd95a0d8757cb7137ee746863813bb2c3da03,C:\RSOS\RSOS_EXPERIMENTS_WF2_PROSPECTIVE_CROSS_SYSTEM_CONFIRMATION\00_CONTROL\WF2_ACTIVE_SCORE_PRE_ADJUDICATION_AUDIT\WF2_ACTIVE_CAUSAL_SCORE_R1_CONSOLE.txt
C:\RSOS\RSOS_CANONICAL_EXPERIMENT_CHAIN\033_EXP-016__WF2_Prospective_Cross_System_Confirmation\00_CONTROL\SOURCE\WF2_ACTIVE_SCORE_PRE_ADJUDICATION_AUDIT\WF2_AUDIT_MODEL_SKLEARN_VERSIONS.py,786,6dc53ff03f2d8418a267ec9831925ca73478bbf5bb28df76fdfe84ce7a7fde42,C:\RSOS\RSOS_EXPERIMENTS_WF2_PROSPECTIVE_CROSS_SYSTEM_CONFIRMATION\00_CONTROL\WF2_ACTIVE_SCORE_PRE_ADJUDICATION_AUDIT\WF2_AUDIT_MODEL_SKLEARN_VERSIONS.py
C:\RSOS\RSOS_CANONICAL_EXPERIMENT_CHAIN\033_EXP-016__WF2_Prospective_Cross_System_Confirmation\00_CONTROL\SOURCE\WF2_ACTIVE_SCORE_PRE_ADJUDICATION_AUDIT\WF2_FINAL_ADJUDICATION_CONSOLE.txt,3390,d3b73563c75184192fa713614ab03f67d67ed719395cb04f2bff65db8e8d0b4d,C:\RSOS\RSOS_EXPERIMENTS_WF2_PROSPECTIVE_CROSS_SYSTEM_CONFIRMATION\00_CONTROL\WF2_ACTIVE_SCORE_PRE_ADJUDICATION_AUDIT\WF2_FINAL_ADJUDICATION_CONSOLE.txt
C:\RSOS\RSOS_CANONICAL_EXPERIMENT_CHAIN\033_EXP-016__WF2_Prospective_Cross_System_Confirmation\00_CONTROL\SOURCE\WF2_ACTIVE_SCORE_PRE_ADJUDICATION_AUDIT\WF2_FINAL_ADJUDICATION_TECHNICAL_FAILURE_01_MISSING_PYARROW.txt,2530,c458ab3735e21e557ed1c91de10745f1810f5e4ffa41f2bcb331ad42b3d49625,C:\RSOS\RSOS_EXPERIMENTS_WF2_PROSPECTIVE_CROSS_SYSTEM_CONFIRMATION\00_CONTROL\WF2_ACTIVE_SCORE_PRE_ADJUDICATION_AUDIT\WF2_FINAL_ADJUDICATION_TECHNICAL_FAILURE_01_MISSING_PYARROW.txt
C:\RSOS\RSOS_CANONICAL_EXPERIMENT_CHAIN\033_EXP-016__WF2_Prospective_Cross_System_Confirmation\00_CONTROL\SOURCE\WF2_ACTIVE_SCORE_PRE_ADJUDICATION_AUDIT\WF2_MODEL_VERSION_AUDIT_SKLEARN_1_8_0.txt,2902,3d34e4a62ab310ef679a060b416cff475ae57e5cda7096fe86fb9f9a449da14f,C:\RSOS\RSOS_EXPERIMENTS_WF2_PROSPECTIVE_CROSS_SYSTEM_CONFIRMATION\00_CONTROL\WF2_ACTIVE_SCORE_PRE_ADJUDICATION_AUDIT\WF2_MODEL_VERSION_AUDIT_SKLEARN_1_8_0.txt
C:\RSOS\RSOS_CANONICAL_EXPERIMENT_CHAIN\033_EXP-016__WF2_Prospective_Cross_System_Confirmation\00_CONTROL\SOURCE\WF2_ACTIVE_SCORE_PRE_ADJUDICATION_AUDIT\WF2_MODEL_VERSION_AUDIT_SKLEARN_1_9_1.txt,1750,1ea720e611bd176011fff46ed183559db582f5dad010a88fb504b525e596ee54,C:\RSOS\RSOS_EXPERIMENTS_WF2_PROSPECTIVE_CROSS_SYSTEM_CONFIRMATION\00_CONTROL\WF2_ACTIVE_SCORE_PRE_ADJUDICATION_AUDIT\WF2_MODEL_VERSION_AUDIT_SKLEARN_1_9_1.txt
C:\RSOS\RSOS_CANONICAL_EXPERIMENT_CHAIN\033_EXP-016__WF2_Prospective_Cross_System_Confirmation\00_CONTROL\SOURCE\WF2_ACTIVE_SCORE_PRE_ADJUDICATION_AUDIT\WF2_PASSIVE_ADJUDICATION_TECHNICAL_FAILURE_02_SKLEARN_MISMATCH.txt,3390,d3b73563c75184192fa713614ab03f67d67ed719395cb04f2bff65db8e8d0b4d,C:\RSOS\RSOS_EXPERIMENTS_WF2_PROSPECTIVE_CROSS_SYSTEM_CONFIRMATION\00_CONTROL\WF2_ACTIVE_SCORE_PRE_ADJUDICATION_AUDIT\WF2_PASSIVE_ADJUDICATION_TECHNICAL_FAILURE_02_SKLEARN_MISMATCH.txt
C:\RSOS\RSOS_CANONICAL_EXPERIMENT_CHAIN\033_EXP-016__WF2_Prospective_Cross_System_Confirmation\00_CONTROL\SOURCE\WF2_ACTIVE_SCORE_PRE_ADJUDICATION_AUDIT\WF2_PASSIVE_ENV_REQUIREMENTS.txt,117,77210458e6b50b115872d3f14685f9b395dbabafe43f91d3ddf3e1f9b1bf8f0f,C:\RSOS\RSOS_EXPERIMENTS_WF2_PROSPECTIVE_CROSS_SYSTEM_CONFIRMATION\00_CONTROL\WF2_ACTIVE_SCORE_PRE_ADJUDICATION_AUDIT\WF2_PASSIVE_ENV_REQUIREMENTS.txt
C:\RSOS\RSOS_CANONICAL_EXPERIMENT_CHAIN\033_EXP-016__WF2_Prospective_Cross_System_Confirmation\00_CONTROL\SOURCE\WF2_ACTIVE_SCORE_PRE_ADJUDICATION_AUDIT\WF2_TEST_PASSIVE_MODEL_PARITY.py,618,f6a902ef9d668f8aa14da6358177d2e99f306f64e6e6eecbf7e0bc2d32806b49,C:\RSOS\RSOS_EXPERIMENTS_WF2_PROSPECTIVE_CROSS_SYSTEM_CONFIRMATION\00_CONTROL\WF2_ACTIVE_SCORE_PRE_ADJUDICATION_AUDIT\WF2_TEST_PASSIVE_MODEL_PARITY.py
C:\RSOS\RSOS_CANONICAL_EXPERIMENT_CHAIN\033_EXP-016__WF2_Prospective_Cross_System_Confirmation\00_CONTROL\SOURCE\WF2_ACTIVE_SCORE_PRE_ADJUDICATION_AUDIT\WF2_VALIDATION_CONTRACT_AUDIT_SHA256.csv,648,cb7a06c8645c787c8b373ce7e1edbe27e5cdd5d6f4b12b884a091dd32ecd7415,C:\RSOS\RSOS_EXPERIMENTS_WF2_PROSPECTIVE_CROSS_SYSTEM_CONFIRMATION\00_CONTROL\WF2_ACTIVE_SCORE_PRE_ADJUDICATION_AUDIT\WF2_VALIDATION_CONTRACT_AUDIT_SHA256.csv
C:\RSOS\RSOS_CANONICAL_EXPERIMENT_CHAIN\033_EXP-016__WF2_Prospective_Cross_System_Confirmation\00_CONTROL\SOURCE\WF2_MIXED_VERSION_BRIDGE\WF2_MIXED_VERSION_BRIDGE_SHA256.csv,457,229ab6182efa690db71c9d4b240d628830821e6ffb391b525347cee1b9eca19e,C:\RSOS\RSOS_EXPERIMENTS_WF2_PROSPECTIVE_CROSS_SYSTEM_CONFIRMATION\00_CONTROL\WF2_MIXED_VERSION_BRIDGE\WF2_MIXED_VERSION_BRIDGE_SHA256.csv
C:\RSOS\RSOS_CANONICAL_EXPERIMENT_CHAIN\033_EXP-016__WF2_Prospective_Cross_System_Confirmation\00_CONTROL\SOURCE\WF2_MIXED_VERSION_BRIDGE\WF2_PASSIVE_MIXED_VERSION_FINAL_CONSOLE.txt,1432,8f2af52ff57568ae038db82dbc9c14c4bbf9384baf6b70a46310f7f495eaae35,C:\RSOS\RSOS_EXPERIMENTS_WF2_PROSPECTIVE_CROSS_SYSTEM_CONFIRMATION\00_CONTROL\WF2_MIXED_VERSION_BRIDGE\WF2_PASSIVE_MIXED_VERSION_FINAL_CONSOLE.txt
C:\RSOS\RSOS_CANONICAL_EXPERIMENT_CHAIN\033_EXP-016__WF2_Prospective_Cross_System_Confirmation\00_CONTROL\SOURCE\WF2_MIXED_VERSION_BRIDGE\WF2_RUN_PASSIVE_MIXED_VERSION.py,4137,c794b7a88ffdd081b4c0cddf432a0f9d793ef30edbd18fa5c02c647e15961a73,C:\RSOS\RSOS_EXPERIMENTS_WF2_PROSPECTIVE_CROSS_SYSTEM_CONFIRMATION\00_CONTROL\WF2_MIXED_VERSION_BRIDGE\WF2_RUN_PASSIVE_MIXED_VERSION.py
C:\RSOS\RSOS_CANONICAL_EXPERIMENT_CHAIN\033_EXP-016__WF2_Prospective_Cross_System_Confirmation\00_CONTROL\SOURCE\WF2_MIXED_VERSION_BRIDGE\WF2_SKLEARN18_MODEL_WORKER.py,1705,138e07983c2831ca007d8ed5557723f18cf5b4ef5eef85b42d23069d8e0581fd,C:\RSOS\RSOS_EXPERIMENTS_WF2_PROSPECTIVE_CROSS_SYSTEM_CONFIRMATION\00_CONTROL\WF2_MIXED_VERSION_BRIDGE\WF2_SKLEARN18_MODEL_WORKER.py
C:\RSOS\RSOS_CANONICAL_EXPERIMENT_CHAIN\033_EXP-016__WF2_Prospective_Cross_System_Confirmation\00_CONTROL\SOURCE\WF2_MODEL_ACCESS_PREFLIGHT_R2.py,2533,4808cb0bbfef3c879be615645c942e938f80a33933c32d34126d7c943382758a,C:\RSOS\RSOS_EXPERIMENTS_WF2_PROSPECTIVE_CROSS_SYSTEM_CONFIRMATION\00_CONTROL\WF2_MODEL_ACCESS_PREFLIGHT_R2.py
C:\RSOS\RSOS_CANONICAL_EXPERIMENT_CHAIN\033_EXP-016__WF2_Prospective_Cross_System_Confirmation\00_CONTROL\SOURCE\WF2_PHASE0B_ERROR_LOG.txt,421,1a975272c7963bb3bd50febbedf0e7bc1fe63b1fb58f08bde85c2ba469364b62,C:\RSOS\RSOS_EXPERIMENTS_WF2_PROSPECTIVE_CROSS_SYSTEM_CONFIRMATION\00_CONTROL\WF2_PHASE0B_ERROR_LOG.txt
C:\RSOS\RSOS_CANONICAL_EXPERIMENT_CHAIN\033_EXP-016__WF2_Prospective_Cross_System_Confirmation\00_CONTROL\SOURCE\WF2_PROVIDER_PREFLIGHT_R2.py,3357,f47ed1a810dabb4de498e6427ed8a8ea93748c4169233d53cd298ef072344675,C:\RSOS\RSOS_EXPERIMENTS_WF2_PROSPECTIVE_CROSS_SYSTEM_CONFIRMATION\00_CONTROL\WF2_PROVIDER_PREFLIGHT_R2.py
C:\RSOS\RSOS_CANONICAL_EXPERIMENT_CHAIN\033_EXP-016__WF2_Prospective_Cross_System_Confirmation\01_PROTOCOL\SOURCE\WF2_ACTIVE_CAUSAL_R1_DECISION_RULES.json,3908,dee19787c172ba15dce7caa5deae9f56e33f7a976183dc5ea2799943b6def5cb,C:\RSOS\RSOS_EXPERIMENTS_WF2_PROSPECTIVE_CROSS_SYSTEM_CONFIRMATION\01_PROTOCOL\WF2_ACTIVE_CAUSAL_R1_DECISION_RULES.json
C:\RSOS\RSOS_CANONICAL_EXPERIMENT_CHAIN\033_EXP-016__WF2_Prospective_Cross_System_Confirmation\01_PROTOCOL\SOURCE\WF2_ENDPOINTS_AND_DECISION_RULES.json,2013,7a3b26175fd292a1cebd07ed1972f70ae9f57b6725cfe764cfaa5107f4ca54a5,C:\RSOS\RSOS_EXPERIMENTS_WF2_PROSPECTIVE_CROSS_SYSTEM_CONFIRMATION\01_PROTOCOL\WF2_ENDPOINTS_AND_DECISION_RULES.json
C:\RSOS\RSOS_CANONICAL_EXPERIMENT_CHAIN\033_EXP-016__WF2_Prospective_Cross_System_Confirmation\01_PROTOCOL\SOURCE\WF2_FAILURE_POLICY.json,460,0a4e6d12b2ab9c2ca8726b90f89a156abc2823f4b58e93856e971a5926a13524,C:\RSOS\RSOS_EXPERIMENTS_WF2_PROSPECTIVE_CROSS_SYSTEM_CONFIRMATION\01_PROTOCOL\WF2_FAILURE_POLICY.json
C:\RSOS\RSOS_CANONICAL_EXPERIMENT_CHAIN\033_EXP-016__WF2_Prospective_Cross_System_Confirmation\01_PROTOCOL\SOURCE\WF2_PERTURBATION_MATRIX.json,727,6dd449b726cf459f82c8354b772f56be1d9a22e9c6c1cceeff5867ed295d0e6b,C:\RSOS\RSOS_EXPERIMENTS_WF2_PROSPECTIVE_CROSS_SYSTEM_CONFIRMATION\01_PROTOCOL\WF2_PERTURBATION_MATRIX.json
C:\RSOS\RSOS_CANONICAL_EXPERIMENT_CHAIN\033_EXP-016__WF2_Prospective_Cross_System_Confirmation\01_PROTOCOL\SOURCE\WF2_UNIFIED_PREREGISTRATION.json,2699,3a1c183dfc1ec8a23bb3e32d877ce70ff8c6e3b1fea715acbe9094a2a507f73b,C:\RSOS\RSOS_EXPERIMENTS_WF2_PROSPECTIVE_CROSS_SYSTEM_CONFIRMATION\01_PROTOCOL\WF2_UNIFIED_PREREGISTRATION.json
C:\RSOS\RSOS_CANONICAL_EXPERIMENT_CHAIN\033_EXP-016__WF2_Prospective_Cross_System_Confirmation\01_PROTOCOL\SOURCE\08_FINAL_FREEZE\PROTOCOL\WF2_UNIFIED_PREREGISTRATION.json,2699,3a1c183dfc1ec8a23bb3e32d877ce70ff8c6e3b1fea715acbe9094a2a507f73b,C:\RSOS\RSOS_EXPERIMENTS_WF2_PROSPECTIVE_CROSS_SYSTEM_CONFIRMATION\08_FINAL_FREEZE\PROTOCOL\WF2_UNIFIED_PREREGISTRATION.json
C:\RSOS\RSOS_CANONICAL_EXPERIMENT_CHAIN\033_EXP-016__WF2_Prospective_Cross_System_Confirmation\02_INPUTS\SOURCE\00_FOUNDATION_FROZEN\00_DETECTOR_MANIFEST.csv,3070,77dc27347433430ec948db83861a2b7fd8d6fa46dc697d205b316833a72085a2,C:\RSOS\RSOS_EXPERIMENTS_WF2_PROSPECTIVE_CROSS_SYSTEM_CONFIRMATION\02_INPUTS\00_FOUNDATION_FROZEN\00_DETECTOR_MANIFEST.csv
C:\RSOS\RSOS_CANONICAL_EXPERIMENT_CHAIN\033_EXP-016__WF2_Prospective_Cross_System_Confirmation\02_INPUTS\SOURCE\00_FOUNDATION_FROZEN\DETECTOR_PACKAGE\fixtures\PARITY_EXPECTED_V2.csv,8909,e3f43927438e094f17f1f520c8c6e4ec6fcf0c0ab0a7ccec1bce70f0c0f105b8,C:\RSOS\RSOS_EXPERIMENTS_WF2_PROSPECTIVE_CROSS_SYSTEM_CONFIRMATION\02_INPUTS\00_FOUNDATION_FROZEN\DETECTOR_PACKAGE\fixtures\PARITY_EXPECTED_V2.csv
C:\RSOS\RSOS_CANONICAL_EXPERIMENT_CHAIN\033_EXP-016__WF2_Prospective_Cross_System_Confirmation\02_INPUTS\SOURCE\00_FOUNDATION_FROZEN\DETECTOR_PACKAGE\fixtures\PARITY_FIXTURES.jsonl,2175259,08e45941ee3eef94cc2d5c9043857fd5ef4584da21d5755949792806f6a3ce06,C:\RSOS\RSOS_EXPERIMENTS_WF2_PROSPECTIVE_CROSS_SYSTEM_CONFIRMATION\02_INPUTS\00_FOUNDATION_FROZEN\DETECTOR_PACKAGE\fixtures\PARITY_FIXTURES.jsonl
C:\RSOS\RSOS_CANONICAL_EXPERIMENT_CHAIN\033_EXP-016__WF2_Prospective_Cross_System_Confirmation\02_INPUTS\SOURCE\00_FOUNDATION_FROZEN\DETECTOR_PACKAGE\fixtures\WINDOW12_PARITY_EXPECTED.csv,1801,9291a08b8cefa966236d219212120de1955032027899cc3a12bb47b5702513aa,C:\RSOS\RSOS_EXPERIMENTS_WF2_PROSPECTIVE_CROSS_SYSTEM_CONFIRMATION\02_INPUTS\00_FOUNDATION_FROZEN\DETECTOR_PACKAGE\fixtures\WINDOW12_PARITY_EXPECTED.csv
C:\RSOS\RSOS_CANONICAL_EXPERIMENT_CHAIN\033_EXP-016__WF2_Prospective_Cross_System_Confirmation\02_INPUTS\SOURCE\00_FOUNDATION_FROZEN\DETECTOR_PACKAGE\fixtures\WINDOW8_PARITY_EXPECTED.csv,1722,9372efca700cde42b71013c48f47ae4061f95e21938487b17a3ec903399089ec,C:\RSOS\RSOS_EXPERIMENTS_WF2_PROSPECTIVE_CROSS_SYSTEM_CONFIRMATION\02_INPUTS\00_FOUNDATION_FROZEN\DETECTOR_PACKAGE\fixtures\WINDOW8_PARITY_EXPECTED.csv
C:\RSOS\RSOS_CANONICAL_EXPERIMENT_CHAIN\033_EXP-016__WF2_Prospective_Cross_System_Confirmation\02_INPUTS\SOURCE\00_FOUNDATION_FROZEN\DETECTOR_PACKAGE\fixtures\WINDOW_PARITY_FIXTURE.json,94422,a18e152d90dd0e4c82afe28d30a34b33b2c0d6584a8db2a8a7e0c344ff1812bd,C:\RSOS\RSOS_EXPERIMENTS_WF2_PROSPECTIVE_CROSS_SYSTEM_CONFIRMATION\02_INPUTS\00_FOUNDATION_FROZEN\DETECTOR_PACKAGE\fixtures\WINDOW_PARITY_FIXTURE.json
C:\RSOS\RSOS_CANONICAL_EXPERIMENT_CHAIN\033_EXP-016__WF2_Prospective_Cross_System_Confirmation\02_INPUTS\SOURCE\00_FOUNDATION_FROZEN\DETECTOR_PACKAGE\frozen_models\JOINT_MULTILAYER_V2.joblib,5117,30d242abbcaa8eb450caf0be64cbaaf58137ae86460c454c42c340a0501eb9a1,C:\RSOS\RSOS_EXPERIMENTS_WF2_PROSPECTIVE_CROSS_SYSTEM_CONFIRMATION\02_INPUTS\00_FOUNDATION_FROZEN\DETECTOR_PACKAGE\frozen_models\JOINT_MULTILAYER_V2.joblib
C:\RSOS\RSOS_CANONICAL_EXPERIMENT_CHAIN\033_EXP-016__WF2_Prospective_Cross_System_Confirmation\02_INPUTS\SOURCE\00_FOUNDATION_FROZEN\DETECTOR_PACKAGE\frozen_models\OPERATOR_RELATIONAL_V2.joblib,3725,ef3849d44125232e4eccb8441eebeab1b3b15e83f92fa39674c752a710462c77,C:\RSOS\RSOS_EXPERIMENTS_WF2_PROSPECTIVE_CROSS_SYSTEM_CONFIRMATION\02_INPUTS\00_FOUNDATION_FROZEN\DETECTOR_PACKAGE\frozen_models\OPERATOR_RELATIONAL_V2.joblib
C:\RSOS\RSOS_CANONICAL_EXPERIMENT_CHAIN\033_EXP-016__WF2_Prospective_Cross_System_Confirmation\02_INPUTS\SOURCE\00_FOUNDATION_FROZEN\DETECTOR_PACKAGE\frozen_models\R1_COMPATIBLE.joblib,2333,e5e7a55e176caa1f6b36baa9abca505e02724e47e50ed8f5e3356f4598dbcc9c,C:\RSOS\RSOS_EXPERIMENTS_WF2_PROSPECTIVE_CROSS_SYSTEM_CONFIRMATION\02_INPUTS\00_FOUNDATION_FROZEN\DETECTOR_PACKAGE\frozen_models\R1_COMPATIBLE.joblib
C:\RSOS\RSOS_CANONICAL_EXPERIMENT_CHAIN\033_EXP-016__WF2_Prospective_Cross_System_Confirmation\02_INPUTS\SOURCE\00_FOUNDATION_FROZEN\DETECTOR_PACKAGE\frozen_models\SURFACE_FREE.joblib,2989,f80ed5be818e2eea05faa9b6972e83b9a7ad35b856b225034a7b6b4ac32c535c,C:\RSOS\RSOS_EXPERIMENTS_WF2_PROSPECTIVE_CROSS_SYSTEM_CONFIRMATION\02_INPUTS\00_FOUNDATION_FROZEN\DETECTOR_PACKAGE\frozen_models\SURFACE_FREE.joblib
C:\RSOS\RSOS_CANONICAL_EXPERIMENT_CHAIN\033_EXP-016__WF2_Prospective_Cross_System_Confirmation\02_INPUTS\SOURCE\00_FOUNDATION_FROZEN\DETECTOR_PACKAGE\frozen_models\WINDOW12_DETERMINISTIC_V2.joblib,4093,2ca6d519fdb5cfd920d135d2bb856d98203fe99a480db883ebb7705a9f9b38cc,C:\RSOS\RSOS_EXPERIMENTS_WF2_PROSPECTIVE_CROSS_SYSTEM_CONFIRMATION\02_INPUTS\00_FOUNDATION_FROZEN\DETECTOR_PACKAGE\frozen_models\WINDOW12_DETERMINISTIC_V2.joblib
C:\RSOS\RSOS_CANONICAL_EXPERIMENT_CHAIN\033_EXP-016__WF2_Prospective_Cross_System_Confirmation\02_INPUTS\SOURCE\00_FOUNDATION_FROZEN\DETECTOR_PACKAGE\frozen_models\WINDOW8_DETERMINISTIC_V2.joblib,4077,8b7aea8f243c0915e66677e975fcfd11f67ca63e05bb0508f83c6bba49040618,C:\RSOS\RSOS_EXPERIMENTS_WF2_PROSPECTIVE_CROSS_SYSTEM_CONFIRMATION\02_INPUTS\00_FOUNDATION_FROZEN\DETECTOR_PACKAGE\frozen_models\WINDOW8_DETERMINISTIC_V2.joblib
C:\RSOS\RSOS_CANONICAL_EXPERIMENT_CHAIN\033_EXP-016__WF2_Prospective_Cross_System_Confirmation\02_INPUTS\SOURCE\00_FOUNDATION_FROZEN\DETECTOR_PACKAGE\README.txt,743,ac918a3bb13676b9d969acf52ab4c9f09d3cb3f357f479fdb3f230841e10007b,C:\RSOS\RSOS_EXPERIMENTS_WF2_PROSPECTIVE_CROSS_SYSTEM_CONFIRMATION\02_INPUTS\00_FOUNDATION_FROZEN\DETECTOR_PACKAGE\README.txt
C:\RSOS\RSOS_CANONICAL_EXPERIMENT_CHAIN\033_EXP-016__WF2_Prospective_Cross_System_Confirmation\02_INPUTS\SOURCE\00_FOUNDATION_FROZEN\DETECTOR_PACKAGE\reference\BR1_LATER_HOLD_POS_FEATURES.csv,188434,9e06966680278f94682c216549603a0af7caf3bb68db3247f60d25cb8cb68783,C:\RSOS\RSOS_EXPERIMENTS_WF2_PROSPECTIVE_CROSS_SYSTEM_CONFIRMATION\02_INPUTS\00_FOUNDATION_FROZEN\DETECTOR_PACKAGE\reference\BR1_LATER_HOLD_POS_FEATURES.csv
C:\RSOS\RSOS_CANONICAL_EXPERIMENT_CHAIN\033_EXP-016__WF2_Prospective_Cross_System_Confirmation\02_INPUTS\SOURCE\00_FOUNDATION_FROZEN\DETECTOR_PACKAGE\reference\EARLY_NEG_V2_FEATURES.csv,93038,6073e8f6f759e73822ccd71032a91cb95a2cd48c8a1b24654775319be31d5f89,C:\RSOS\RSOS_EXPERIMENTS_WF2_PROSPECTIVE_CROSS_SYSTEM_CONFIRMATION\02_INPUTS\00_FOUNDATION_FROZEN\DETECTOR_PACKAGE\reference\EARLY_NEG_V2_FEATURES.csv
C:\RSOS\RSOS_CANONICAL_EXPERIMENT_CHAIN\033_EXP-016__WF2_Prospective_Cross_System_Confirmation\02_INPUTS\SOURCE\00_FOUNDATION_FROZEN\DETECTOR_PACKAGE\reference\EARLY_POS_V2_FEATURES.csv,54865,b7c77654d4f8c59ce46a823c7b40699ecd137306c8e5e0e7068aa5050dfca0e3,C:\RSOS\RSOS_EXPERIMENTS_WF2_PROSPECTIVE_CROSS_SYSTEM_CONFIRMATION\02_INPUTS\00_FOUNDATION_FROZEN\DETECTOR_PACKAGE\reference\EARLY_POS_V2_FEATURES.csv
C:\RSOS\RSOS_CANONICAL_EXPERIMENT_CHAIN\033_EXP-016__WF2_Prospective_Cross_System_Confirmation\02_INPUTS\SOURCE\00_FOUNDATION_FROZEN\DETECTOR_PACKAGE\reference\FROZEN_FEATURE_SETS.json,3952,7b1997a28afe9c3153b61d0f420e3686905cef8f78831ef703418606ce9e788d,C:\RSOS\RSOS_EXPERIMENTS_WF2_PROSPECTIVE_CROSS_SYSTEM_CONFIRMATION\02_INPUTS\00_FOUNDATION_FROZEN\DETECTOR_PACKAGE\reference\FROZEN_FEATURE_SETS.json
C:\RSOS\RSOS_CANONICAL_EXPERIMENT_CHAIN\033_EXP-016__WF2_Prospective_Cross_System_Confirmation\02_INPUTS\SOURCE\00_FOUNDATION_FROZEN\DETECTOR_PACKAGE\reference\LATER_HOLD_NEG_V2_FEATURES.csv,198584,c1740ea5626305bdcc39aa24679b10f444e7088d880fb90656b8d390e636e46f,C:\RSOS\RSOS_EXPERIMENTS_WF2_PROSPECTIVE_CROSS_SYSTEM_CONFIRMATION\02_INPUTS\00_FOUNDATION_FROZEN\DETECTOR_PACKAGE\reference\LATER_HOLD_NEG_V2_FEATURES.csv
C:\RSOS\RSOS_CANONICAL_EXPERIMENT_CHAIN\033_EXP-016__WF2_Prospective_Cross_System_Confirmation\02_INPUTS\SOURCE\00_FOUNDATION_FROZEN\DETECTOR_PACKAGE\reference\LATER_HOLD_POS_V2_FEATURES.csv,185024,792f0ebd83a3f5b9544f56b6af8fd618f1b8f0ec892011081efe2300d0f4f848,C:\RSOS\RSOS_EXPERIMENTS_WF2_PROSPECTIVE_CROSS_SYSTEM_CONFIRMATION\02_INPUTS\00_FOUNDATION_FROZEN\DETECTOR_PACKAGE\reference\LATER_HOLD_POS_V2_FEATURES.csv
C:\RSOS\RSOS_CANONICAL_EXPERIMENT_CHAIN\033_EXP-016__WF2_Prospective_Cross_System_Confirmation\02_INPUTS\SOURCE\00_FOUNDATION_FROZEN\DETECTOR_PACKAGE\reference\WINDOW12_DETERMINISTIC_FEATURES.csv,352220,53c15ffdcc8bbf047e8342f44d14e22f8bb14c23ed47b09ca2cd6d169c4f61df,C:\RSOS\RSOS_EXPERIMENTS_WF2_PROSPECTIVE_CROSS_SYSTEM_CONFIRMATION\02_INPUTS\00_FOUNDATION_FROZEN\DETECTOR_PACKAGE\reference\WINDOW12_DETERMINISTIC_FEATURES.csv
C:\RSOS\RSOS_CANONICAL_EXPERIMENT_CHAIN\033_EXP-016__WF2_Prospective_Cross_System_Confirmation\02_INPUTS\SOURCE\00_FOUNDATION_FROZEN\DETECTOR_PACKAGE\reference\WINDOW8_DETERMINISTIC_FEATURES.csv,389941,03616cc81753f92d05f4fb5f1026a4d43e38f72ec04ce319c941173e38029e04,C:\RSOS\RSOS_EXPERIMENTS_WF2_PROSPECTIVE_CROSS_SYSTEM_CONFIRMATION\02_INPUTS\00_FOUNDATION_FROZEN\DETECTOR_PACKAGE\reference\WINDOW8_DETERMINISTIC_FEATURES.csv
C:\RSOS\RSOS_CANONICAL_EXPERIMENT_CHAIN\033_EXP-016__WF2_Prospective_Cross_System_Confirmation\02_INPUTS\SOURCE\00_FOUNDATION_FROZEN\DETECTOR_PACKAGE\RUN_WF1_B_FRESH14_ADAPTER.py,36647,bfc040d5a74c164f857e0121f369a1582ac3715cd603c7be934436154e1fc7d9,C:\RSOS\RSOS_EXPERIMENTS_WF2_PROSPECTIVE_CROSS_SYSTEM_CONFIRMATION\02_INPUTS\00_FOUNDATION_FROZEN\DETECTOR_PACKAGE\RUN_WF1_B_FRESH14_ADAPTER.py
C:\RSOS\RSOS_CANONICAL_EXPERIMENT_CHAIN\033_EXP-016__WF2_Prospective_Cross_System_Confirmation\02_INPUTS\SOURCE\00_FOUNDATION_FROZEN\DETECTOR_PACKAGE\RUN_WF1_B_FRESH14_ADAPTER_R3.py,36431,b481a78ee2bc02e1166f6747a88eb6e7d7693ef6d02ef427798906e4948dfecf,C:\RSOS\RSOS_EXPERIMENTS_WF2_PROSPECTIVE_CROSS_SYSTEM_CONFIRMATION\02_INPUTS\00_FOUNDATION_FROZEN\DETECTOR_PACKAGE\RUN_WF1_B_FRESH14_ADAPTER_R3.py
C:\RSOS\RSOS_CANONICAL_EXPERIMENT_CHAIN\033_EXP-016__WF2_Prospective_Cross_System_Confirmation\02_INPUTS\SOURCE\00_FOUNDATION_FROZEN\SOURCE_RECORDS\01_BUILD_FROZEN_PROSPECTIVE_SET.py,1996,7a2a1e3d70b4343df058ec9acfc426ce87154911e3374910ee28dc15f41b92d1,C:\RSOS\RSOS_EXPERIMENTS_WF2_PROSPECTIVE_CROSS_SYSTEM_CONFIRMATION\02_INPUTS\00_FOUNDATION_FROZEN\SOURCE_RECORDS\01_BUILD_FROZEN_PROSPECTIVE_SET.py
C:\RSOS\RSOS_CANONICAL_EXPERIMENT_CHAIN\033_EXP-016__WF2_Prospective_Cross_System_Confirmation\02_INPUTS\SOURCE\00_FOUNDATION_FROZEN\SOURCE_RECORDS\WF2_A_PREREGISTRATION.txt,775,34c9f3bccdc9c50239b9e90d303eba018fced1471cafd4cb371c1def3ce10df0,C:\RSOS\RSOS_EXPERIMENTS_WF2_PROSPECTIVE_CROSS_SYSTEM_CONFIRMATION\02_INPUTS\00_FOUNDATION_FROZEN\SOURCE_RECORDS\WF2_A_PREREGISTRATION.txt
C:\RSOS\RSOS_CANONICAL_EXPERIMENT_CHAIN\033_EXP-016__WF2_Prospective_Cross_System_Confirmation\02_INPUTS\SOURCE\00_FOUNDATION_FROZEN\SOURCE_RECORDS\WF2_A_PROSPECTIVE_SET_FREEZE.txt,332,d700b4b7dc44113e58db3f8f17ca2e2cd1c4bb2f6f610cd5e339ec8e2b3d479c,C:\RSOS\RSOS_EXPERIMENTS_WF2_PROSPECTIVE_CROSS_SYSTEM_CONFIRMATION\02_INPUTS\00_FOUNDATION_FROZEN\SOURCE_RECORDS\WF2_A_PROSPECTIVE_SET_FREEZE.txt
C:\RSOS\RSOS_CANONICAL_EXPERIMENT_CHAIN\033_EXP-016__WF2_Prospective_Cross_System_Confirmation\02_INPUTS\SOURCE\00_FOUNDATION_FROZEN\WF1_A_ACTIVE_AUTHORITY\03_FROZEN_SPECIFICATION.json,5888,08cd747e5d12ed1adda61e1c707801235fc566ddf2116c84501d748f6925a613,C:\RSOS\RSOS_EXPERIMENTS_WF2_PROSPECTIVE_CROSS_SYSTEM_CONFIRMATION\02_INPUTS\00_FOUNDATION_FROZEN\WF1_A_ACTIVE_AUTHORITY\03_FROZEN_SPECIFICATION.json
C:\RSOS\RSOS_CANONICAL_EXPERIMENT_CHAIN\033_EXP-016__WF2_Prospective_Cross_System_Confirmation\02_INPUTS\SOURCE\00_FOUNDATION_FROZEN\WF1_A_ACTIVE_AUTHORITY\05_FROZEN_PROMPTS.csv,7879757,c540a97e7b38bd859a1d7944cfb27362b8b28ab9719858b1f588b7c3dbf02bf5,C:\RSOS\RSOS_EXPERIMENTS_WF2_PROSPECTIVE_CROSS_SYSTEM_CONFIRMATION\02_INPUTS\00_FOUNDATION_FROZEN\WF1_A_ACTIVE_AUTHORITY\05_FROZEN_PROMPTS.csv
C:\RSOS\RSOS_CANONICAL_EXPERIMENT_CHAIN\033_EXP-016__WF2_Prospective_Cross_System_Confirmation\02_INPUTS\SOURCE\00_FOUNDATION_FROZEN\WF1_A_ACTIVE_AUTHORITY\07_SEED_LEVEL_GRAPH_VECTOR.csv,630289,74624e47e858fe71c229f49f5fa7f5453ce8c45faae1b1944790364de7374725,C:\RSOS\RSOS_EXPERIMENTS_WF2_PROSPECTIVE_CROSS_SYSTEM_CONFIRMATION\02_INPUTS\00_FOUNDATION_FROZEN\WF1_A_ACTIVE_AUTHORITY\07_SEED_LEVEL_GRAPH_VECTOR.csv
C:\RSOS\RSOS_CANONICAL_EXPERIMENT_CHAIN\033_EXP-016__WF2_Prospective_Cross_System_Confirmation\02_INPUTS\SOURCE\00_FOUNDATION_FROZEN\WF1_A_ACTIVE_AUTHORITY\09_PRIMARY_CONTRASTS.csv,4207,6dccb640c659732da892433c4ffbddfdd4dddea4a786d1cefd2e83772b1375ec,C:\RSOS\RSOS_EXPERIMENTS_WF2_PROSPECTIVE_CROSS_SYSTEM_CONFIRMATION\02_INPUTS\00_FOUNDATION_FROZEN\WF1_A_ACTIVE_AUTHORITY\09_PRIMARY_CONTRASTS.csv
C:\RSOS\RSOS_CANONICAL_EXPERIMENT_CHAIN\033_EXP-016__WF2_Prospective_Cross_System_Confirmation\02_INPUTS\SOURCE\00_FOUNDATION_FROZEN\WF1_A_ACTIVE_AUTHORITY\11_GRAPH_CLASSIFIERS.csv,361,c69e2d1883964ee3de0ca64201e980c21a2c9e09aa841d4ce67d69944dfb2798,C:\RSOS\RSOS_EXPERIMENTS_WF2_PROSPECTIVE_CROSS_SYSTEM_CONFIRMATION\02_INPUTS\00_FOUNDATION_FROZEN\WF1_A_ACTIVE_AUTHORITY\11_GRAPH_CLASSIFIERS.csv
C:\RSOS\RSOS_CANONICAL_EXPERIMENT_CHAIN\033_EXP-016__WF2_Prospective_Cross_System_Confirmation\02_INPUTS\SOURCE\00_FOUNDATION_FROZEN\WF1_A_ACTIVE_AUTHORITY\12_SURFACE_INVARIANCE_TESTS.csv,1312,187ca37bfd145639602b78fc878c835b0d745c8276896b32a931ae0e816c75e3,C:\RSOS\RSOS_EXPERIMENTS_WF2_PROSPECTIVE_CROSS_SYSTEM_CONFIRMATION\02_INPUTS\00_FOUNDATION_FROZEN\WF1_A_ACTIVE_AUTHORITY\12_SURFACE_INVARIANCE_TESTS.csv
C:\RSOS\RSOS_CANONICAL_EXPERIMENT_CHAIN\033_EXP-016__WF2_Prospective_Cross_System_Confirmation\02_INPUTS\SOURCE\00_FOUNDATION_FROZEN\WF1_A_ACTIVE_AUTHORITY\16_FINAL_SUMMARY.json,1675,cc006b8af056c6be1595bbc000c1ddb94cbed0856bcba8153e4af06ad7137881,C:\RSOS\RSOS_EXPERIMENTS_WF2_PROSPECTIVE_CROSS_SYSTEM_CONFIRMATION\02_INPUTS\00_FOUNDATION_FROZEN\WF1_A_ACTIVE_AUTHORITY\16_FINAL_SUMMARY.json
C:\RSOS\RSOS_CANONICAL_EXPERIMENT_CHAIN\033_EXP-016__WF2_Prospective_Cross_System_Confirmation\02_INPUTS\SOURCE\00_FOUNDATION_FROZEN\WF1_A_ACTIVE_AUTHORITY\21_DEVELOPMENT_DISTANCE_SCALES.csv,981,6761fdc6627bedce4797fe7caddd22cae0e6a972890f2b0ba2a85ad5be62b777,C:\RSOS\RSOS_EXPERIMENTS_WF2_PROSPECTIVE_CROSS_SYSTEM_CONFIRMATION\02_INPUTS\00_FOUNDATION_FROZEN\WF1_A_ACTIVE_AUTHORITY\21_DEVELOPMENT_DISTANCE_SCALES.csv
C:\RSOS\RSOS_CANONICAL_EXPERIMENT_CHAIN\033_EXP-016__WF2_Prospective_Cross_System_Confirmation\02_INPUTS\SOURCE\00_FOUNDATION_FROZEN\WF1_A_ACTIVE_AUTHORITY\21A_DEVELOPMENT_PRECISION_MATRIX.csv,6056,8302753d150de7ec93576f5bb00b6f7dba74e469b89ee606784dcbeaf468108b,C:\RSOS\RSOS_EXPERIMENTS_WF2_PROSPECTIVE_CROSS_SYSTEM_CONFIRMATION\02_INPUTS\00_FOUNDATION_FROZEN\WF1_A_ACTIVE_AUTHORITY\21A_DEVELOPMENT_PRECISION_MATRIX.csv
C:\RSOS\RSOS_CANONICAL_EXPERIMENT_CHAIN\033_EXP-016__WF2_Prospective_Cross_System_Confirmation\02_INPUTS\SOURCE\00_FOUNDATION_FROZEN\WF1_A_ACTIVE_AUTHORITY\21B_DISTANCE_MODEL.json,186,94da18cb31081d5e63de8ee38c10bf3711db1387233bd96d19191cfd96399d83,C:\RSOS\RSOS_EXPERIMENTS_WF2_PROSPECTIVE_CROSS_SYSTEM_CONFIRMATION\02_INPUTS\00_FOUNDATION_FROZEN\WF1_A_ACTIVE_AUTHORITY\21B_DISTANCE_MODEL.json
C:\RSOS\RSOS_CANONICAL_EXPERIMENT_CHAIN\033_EXP-016__WF2_Prospective_Cross_System_Confirmation\02_INPUTS\SOURCE\00_FOUNDATION_FROZEN\WF1_A_ACTIVE_AUTHORITY\24A_EDGE_REPLICATION.csv,2147,ce4b468cc3ad34a017a00938bd4fb542984e79d53f4c0fc68a704604b0be9870,C:\RSOS\RSOS_EXPERIMENTS_WF2_PROSPECTIVE_CROSS_SYSTEM_CONFIRMATION\02_INPUTS\00_FOUNDATION_FROZEN\WF1_A_ACTIVE_AUTHORITY\24A_EDGE_REPLICATION.csv
C:\RSOS\RSOS_CANONICAL_EXPERIMENT_CHAIN\033_EXP-016__WF2_Prospective_Cross_System_Confirmation\02_INPUTS\SOURCE\00_FOUNDATION_FROZEN\WF1_A_ACTIVE_AUTHORITY\RUN_WF1_A_V12_R_CORRECTIVE_CAUSAL_TOPOLOGY_R1.py,124186,17c25511463d842b7b312aa3bf31bb31703cb1d2336bcaa6f8d5915bb016a1f2,C:\RSOS\RSOS_EXPERIMENTS_WF2_PROSPECTIVE_CROSS_SYSTEM_CONFIRMATION\02_INPUTS\00_FOUNDATION_FROZEN\WF1_A_ACTIVE_AUTHORITY\RUN_WF1_A_V12_R_CORRECTIVE_CAUSAL_TOPOLOGY_R1.py
C:\RSOS\RSOS_CANONICAL_EXPERIMENT_CHAIN\033_EXP-016__WF2_Prospective_Cross_System_Confirmation\02_INPUTS\SOURCE\00_FOUNDATION_FROZEN\WF1_B_FINAL_AUTHORITY_R3.zip,72985,a5da5ffbb3c2ba71bbc2c17894fa97f8fec5b4c712e0714534517c5b54cedee3,C:\RSOS\RSOS_EXPERIMENTS_WF2_PROSPECTIVE_CROSS_SYSTEM_CONFIRMATION\02_INPUTS\00_FOUNDATION_FROZEN\WF1_B_FINAL_AUTHORITY_R3.zip
C:\RSOS\RSOS_CANONICAL_EXPERIMENT_CHAIN\033_EXP-016__WF2_Prospective_Cross_System_Confirmation\02_INPUTS\SOURCE\00_FOUNDATION_FROZEN\WF2_A_FROZEN_40_MATCHED_PAIRS.jsonl,14870521,c43e54e5697fe6e35982ef4a559f909068f76e822edb7c6b172f536ef74090b5,C:\RSOS\RSOS_EXPERIMENTS_WF2_PROSPECTIVE_CROSS_SYSTEM_CONFIRMATION\02_INPUTS\00_FOUNDATION_FROZEN\WF2_A_FROZEN_40_MATCHED_PAIRS.jsonl
C:\RSOS\RSOS_CANONICAL_EXPERIMENT_CHAIN\033_EXP-016__WF2_Prospective_Cross_System_Confirmation\02_INPUTS\SOURCE\00_FOUNDATION_FROZEN\WF2_FOUNDATION_AUTHORITY_DECISION.json,2142,8b9ff92d8da709e84c82ae071826bdf36a38e8a765e9dd498b0495e5e5c5910d,C:\RSOS\RSOS_EXPERIMENTS_WF2_PROSPECTIVE_CROSS_SYSTEM_CONFIRMATION\02_INPUTS\00_FOUNDATION_FROZEN\WF2_FOUNDATION_AUTHORITY_DECISION.json
C:\RSOS\RSOS_CANONICAL_EXPERIMENT_CHAIN\033_EXP-016__WF2_Prospective_Cross_System_Confirmation\02_INPUTS\SOURCE\00_FOUNDATION_FROZEN\WF2_FOUNDATION_STAGED_MANIFEST.csv,4129,15c14a1c8be81867ad871af21f147d5cf9434ebd616132ffdd7b4a4a5ba4ac76,C:\RSOS\RSOS_EXPERIMENTS_WF2_PROSPECTIVE_CROSS_SYSTEM_CONFIRMATION\02_INPUTS\00_FOUNDATION_FROZEN\WF2_FOUNDATION_STAGED_MANIFEST.csv
C:\RSOS\RSOS_CANONICAL_EXPERIMENT_CHAIN\033_EXP-016__WF2_Prospective_Cross_System_Confirmation\02_INPUTS\SOURCE\01_EXECUTION_PLAN\WF2_EXECUTION_CONTEXTS_BLINDED.jsonl,525853,9e1500e2455caf204ebd48f882f14d41e39e4c407ce5bcb8680d196b15e3d3cd,C:\RSOS\RSOS_EXPERIMENTS_WF2_PROSPECTIVE_CROSS_SYSTEM_CONFIRMATION\02_INPUTS\01_EXECUTION_PLAN\WF2_EXECUTION_CONTEXTS_BLINDED.jsonl
C:\RSOS\RSOS_CANONICAL_EXPERIMENT_CHAIN\033_EXP-016__WF2_Prospective_Cross_System_Confirmation\02_INPUTS\SOURCE\01_EXECUTION_PLAN\WF2_EXECUTION_PLAN.jsonl,206000,f6094a89e1071a3aaae8246b2bd56ac2f79f51595848f0219fb44cdbc997d485,C:\RSOS\RSOS_EXPERIMENTS_WF2_PROSPECTIVE_CROSS_SYSTEM_CONFIRMATION\02_INPUTS\01_EXECUTION_PLAN\WF2_EXECUTION_PLAN.jsonl
C:\RSOS\RSOS_CANONICAL_EXPERIMENT_CHAIN\033_EXP-016__WF2_Prospective_Cross_System_Confirmation\02_INPUTS\SOURCE\01_EXECUTION_PLAN\WF2_LABEL_KEY.jsonl,15975,39d8511f04a21055f3d17014f90a8f1d0ab0ed802b59f7a274cec2e4a41cd741,C:\RSOS\RSOS_EXPERIMENTS_WF2_PROSPECTIVE_CROSS_SYSTEM_CONFIRMATION\02_INPUTS\01_EXECUTION_PLAN\WF2_LABEL_KEY.jsonl
C:\RSOS\RSOS_CANONICAL_EXPERIMENT_CHAIN\033_EXP-016__WF2_Prospective_Cross_System_Confirmation\02_INPUTS\SOURCE\01_EXECUTION_PLAN\WF2_PAIRWISE_CONTEXT_GEOMETRY.json,10151,1dd73586a22ad82c371726c491215b2b6710b1b28b36bc618d650eb0a2ddf0b2,C:\RSOS\RSOS_EXPERIMENTS_WF2_PROSPECTIVE_CROSS_SYSTEM_CONFIRMATION\02_INPUTS\01_EXECUTION_PLAN\WF2_PAIRWISE_CONTEXT_GEOMETRY.json
C:\RSOS\RSOS_CANONICAL_EXPERIMENT_CHAIN\033_EXP-016__WF2_Prospective_Cross_System_Confirmation\02_INPUTS\SOURCE\01_EXECUTION_PLAN\WF2_PROBE_SETS.json,2105,a4ae4b01555e73f1f513c50e40b2d3da3d43cece7a804f3ef20b1efc62d49a8f,C:\RSOS\RSOS_EXPERIMENTS_WF2_PROSPECTIVE_CROSS_SYSTEM_CONFIRMATION\02_INPUTS\01_EXECUTION_PLAN\WF2_PROBE_SETS.json
C:\RSOS\RSOS_CANONICAL_EXPERIMENT_CHAIN\033_EXP-016__WF2_Prospective_Cross_System_Confirmation\02_INPUTS\SOURCE\02_ACTIVE_CAUSAL_PLAN\WF2_ACTIVE_CAUSAL_EXECUTION_PLAN.jsonl,523580,caad24cfb159d2e83e046964841740a8bd0341be7de6008195021bce60142e04,C:\RSOS\RSOS_EXPERIMENTS_WF2_PROSPECTIVE_CROSS_SYSTEM_CONFIRMATION\02_INPUTS\02_ACTIVE_CAUSAL_PLAN\WF2_ACTIVE_CAUSAL_EXECUTION_PLAN.jsonl
C:\RSOS\RSOS_CANONICAL_EXPERIMENT_CHAIN\033_EXP-016__WF2_Prospective_Cross_System_Confirmation\02_INPUTS\SOURCE\02_ACTIVE_CAUSAL_PLAN\WF2_ACTIVE_CAUSAL_FROZEN_PROMPTS.csv,1624440,928d328c0cce252ec79597493d61305ec4e8b0c0177b4e37d38975fdc9c18bca,C:\RSOS\RSOS_EXPERIMENTS_WF2_PROSPECTIVE_CROSS_SYSTEM_CONFIRMATION\02_INPUTS\02_ACTIVE_CAUSAL_PLAN\WF2_ACTIVE_CAUSAL_FROZEN_PROMPTS.csv
C:\RSOS\RSOS_CANONICAL_EXPERIMENT_CHAIN\033_EXP-016__WF2_Prospective_Cross_System_Confirmation\03_RUNNER\SOURCE\WF2_EXECUTE_ACTIVE_CAUSAL_R1.py,8038,dd299ea25f87c4b142340c9a038eb042b6d5a3008080adc61cf0d3e899aa22bb,C:\RSOS\RSOS_EXPERIMENTS_WF2_PROSPECTIVE_CROSS_SYSTEM_CONFIRMATION\03_RUNNER\WF2_EXECUTE_ACTIVE_CAUSAL_R1.py
C:\RSOS\RSOS_CANONICAL_EXPERIMENT_CHAIN\033_EXP-016__WF2_Prospective_Cross_System_Confirmation\03_RUNNER\SOURCE\WF2_EXECUTE_ACTIVE_CAUSAL_R2.py,7890,3478650882d641e18300590fb6dd5387989f5807b8bdf4ad7f381971e9bcbcf9,C:\RSOS\RSOS_EXPERIMENTS_WF2_PROSPECTIVE_CROSS_SYSTEM_CONFIRMATION\03_RUNNER\WF2_EXECUTE_ACTIVE_CAUSAL_R2.py
C:\RSOS\RSOS_CANONICAL_EXPERIMENT_CHAIN\033_EXP-016__WF2_Prospective_Cross_System_Confirmation\03_RUNNER\SOURCE\WF2_EXECUTE_GENERATION.py,7196,953cdf0382cd59658f1a145d54d72b729120307576581d3f6e108a5bfd2f7858,C:\RSOS\RSOS_EXPERIMENTS_WF2_PROSPECTIVE_CROSS_SYSTEM_CONFIRMATION\03_RUNNER\WF2_EXECUTE_GENERATION.py
C:\RSOS\RSOS_CANONICAL_EXPERIMENT_CHAIN\033_EXP-016__WF2_Prospective_Cross_System_Confirmation\03_RUNNER\SOURCE\WF2_EXECUTE_GENERATION_R2.py,7048,b6b8afb7552310c3703ec94fa532c881aed71aa3b36f04af397bcefe6d498f56,C:\RSOS\RSOS_EXPERIMENTS_WF2_PROSPECTIVE_CROSS_SYSTEM_CONFIRMATION\03_RUNNER\WF2_EXECUTE_GENERATION_R2.py
C:\RSOS\RSOS_CANONICAL_EXPERIMENT_CHAIN\033_EXP-016__WF2_Prospective_Cross_System_Confirmation\03_RUNNER\SOURCE\WF2_PHASE0_FOUNDATION_INVENTORY.py,22215,29bed2f745f87da9eb924ead792e23323f6585dd5dc5b98f6fc5ef49bb3cc3e5,C:\RSOS\RSOS_EXPERIMENTS_WF2_PROSPECTIVE_CROSS_SYSTEM_CONFIRMATION\03_RUNNER\WF2_PHASE0_FOUNDATION_INVENTORY.py
C:\RSOS\RSOS_CANONICAL_EXPERIMENT_CHAIN\033_EXP-016__WF2_Prospective_Cross_System_Confirmation\03_RUNNER\SOURCE\WF2_PHASE0B_CHECK_WF1B_AUTHORITY.py,6081,6ea8a94e706b467e2c549641c7571f1f4f83801a812f05b0d3b2fa520b2ab4fb,C:\RSOS\RSOS_EXPERIMENTS_WF2_PROSPECTIVE_CROSS_SYSTEM_CONFIRMATION\03_RUNNER\WF2_PHASE0B_CHECK_WF1B_AUTHORITY.py
C:\RSOS\RSOS_CANONICAL_EXPERIMENT_CHAIN\033_EXP-016__WF2_Prospective_Cross_System_Confirmation\03_RUNNER\SOURCE\WF2_PHASE0B_FINAL_AUTHORITY_RESOLUTION.py,17544,a593d7b57cd441d9332f22c0186eab0f6f8c34e50c99e36f5577950c8100c899,C:\RSOS\RSOS_EXPERIMENTS_WF2_PROSPECTIVE_CROSS_SYSTEM_CONFIRMATION\03_RUNNER\WF2_PHASE0B_FINAL_AUTHORITY_RESOLUTION.py
C:\RSOS\RSOS_CANONICAL_EXPERIMENT_CHAIN\033_EXP-016__WF2_Prospective_Cross_System_Confirmation\03_RUNNER\SOURCE\WF2_PHASE0C_STAGE_FOUNDATION_AUTHORITY.py,16946,31136d4812ec5c07b3c94ef9f40c5df8d475cce676b496db647eefc8a50add30,C:\RSOS\RSOS_EXPERIMENTS_WF2_PROSPECTIVE_CROSS_SYSTEM_CONFIRMATION\03_RUNNER\WF2_PHASE0C_STAGE_FOUNDATION_AUTHORITY.py
C:\RSOS\RSOS_CANONICAL_EXPERIMENT_CHAIN\033_EXP-016__WF2_Prospective_Cross_System_Confirmation\03_RUNNER\SOURCE\WF2_PHASE0D_DESIGN_PREFLIGHT.py,20245,5603243603927b5d73cf86d86d90940ee5f06e9889e0bb9dd65f63967b3a9a9b,C:\RSOS\RSOS_EXPERIMENTS_WF2_PROSPECTIVE_CROSS_SYSTEM_CONFIRMATION\03_RUNNER\WF2_PHASE0D_DESIGN_PREFLIGHT.py
C:\RSOS\RSOS_CANONICAL_EXPERIMENT_CHAIN\033_EXP-016__WF2_Prospective_Cross_System_Confirmation\03_RUNNER\SOURCE\WF2_SCORE_ACTIVE_CAUSAL_R1.py,14277,0007d5367899e8194e8e6a28e6dbf870eb9a0c0bf98609041c5c664496e49f0d,C:\RSOS\RSOS_EXPERIMENTS_WF2_PROSPECTIVE_CROSS_SYSTEM_CONFIRMATION\03_RUNNER\WF2_SCORE_ACTIVE_CAUSAL_R1.py
C:\RSOS\RSOS_CANONICAL_EXPERIMENT_CHAIN\033_EXP-016__WF2_Prospective_Cross_System_Confirmation\03_RUNNER\SOURCE\WF2_SCORE_AND_ADJUDICATE.py,13448,89dd3e22c9fcc365cff0545d10168dd730a3a9ad80f00632e8e1c1e60e3c6caa,C:\RSOS\RSOS_EXPERIMENTS_WF2_PROSPECTIVE_CROSS_SYSTEM_CONFIRMATION\03_RUNNER\WF2_SCORE_AND_ADJUDICATE.py
C:\RSOS\RSOS_CANONICAL_EXPERIMENT_CHAIN\033_EXP-016__WF2_Prospective_Cross_System_Confirmation\04_RAW\SOURCE\ACTIVE_CAUSAL\00042121c7c08d29962fe218.json,3375,81686a61ec0b46676ba95b0f5c1996452733a1a5394e20972fd5b61c1fb101f1,C:\RSOS\RSOS_EXPERIMENTS_WF2_PROSPECTIVE_CROSS_SYSTEM_CONFIRMATION\04_RAW\ACTIVE_CAUSAL\00042121c7c08d29962fe218.json
C:\RSOS\RSOS_CANONICAL_EXPERIMENT_CHAIN\033_EXP-016__WF2_Prospective_Cross_System_Confirmation\04_RAW\SOURCE\ACTIVE_CAUSAL\000ff86a486b9bceb679de5d.json,1995,11edeb714d311865af4ca5d2ba370ea8d5a72850aae1b0e5571aca426c219a33,C:\RSOS\RSOS_EXPERIMENTS_WF2_PROSPECTIVE_CROSS_SYSTEM_CONFIRMATION\04_RAW\ACTIVE_CAUSAL\000ff86a486b9bceb679de5d.json
C:\RSOS\RSOS_CANONICAL_EXPERIMENT_CHAIN\033_EXP-016__WF2_Prospective_Cross_System_Confirmation\04_RAW\SOURCE\ACTIVE_CAUSAL\001993342a879f34558cb478.json,3374,6bcf24a73470d6a96a00907bb3dcecd7246f36302a89894b23bf2fec44d56f46,C:\RSOS\RSOS_EXPERIMENTS_WF2_PROSPECTIVE_CROSS_SYSTEM_CONFIRMATION\04_RAW\ACTIVE_CAUSAL\001993342a879f34558cb478.json
C:\RSOS\RSOS_CANONICAL_EXPERIMENT_CHAIN\033_EXP-016__WF2_Prospective_Cross_System_Confirmation\04_RAW\SOURCE\ACTIVE_CAUSAL\0038b633004d492ecc5d09f5.json,1980,760f5b9ee4a55eba8f870cb0b87b5ab391364ac76e8c6f4011c702d10679a37c,C:\RSOS\RSOS_EXPERIMENTS_WF2_PROSPECTIVE_CROSS_SYSTEM_CONFIRMATION\04_RAW\ACTIVE_CAUSAL\0038b633004d492ecc5d09f5.json
C:\RSOS\RSOS_CANONICAL_EXPERIMENT_CHAIN\033_EXP-016__WF2_Prospective_Cross_System_Confirmation\04_RAW\SOURCE\ACTIVE_CAUSAL\004b54a192b5c52743b5681a.json,3374,aa9eace2115fc713ff43f6f0a949dc8cc5e581de9c105f353e59f8ea5170d969,C:\RSOS\RSOS_EXPERIMENTS_WF2_PROSPECTIVE_CROSS_SYSTEM_CONFIRMATION\04_RAW\ACTIVE_CAUSAL\004b54a192b5c52743b5681a.json
C:\RSOS\RSOS_CANONICAL_EXPERIMENT_CHAIN\033_EXP-016__WF2_Prospective_Cross_System_Confirmation\04_RAW\SOURCE\ACTIVE_CAUSAL\004c14024d990e200dba4215.json,3388,a4c537a09667cd455efe13435f972a6fd378daeff7f5d5735de784ef17264a5e,C:\RSOS\RSOS_EXPERIMENTS_WF2_PROSPECTIVE_CROSS_SYSTEM_CONFIRMATION\04_RAW\ACTIVE_CAUSAL\004c14024d990e200dba4215.json
C:\RSOS\RSOS_CANONICAL_EXPERIMENT_CHAIN\033_EXP-016__WF2_Prospective_Cross_System_Confirmation\04_RAW\SOURCE\ACTIVE_CAUSAL\0054e8c15a6265795e815e43.json,3374,f40a615d8569dcab0f0cecebba1db5b3296d0804152ce36f43e8c9f20524fe91,C:\RSOS\RSOS_EXPERIMENTS_WF2_PROSPECTIVE_CROSS_SYSTEM_CONFIRMATION\04_RAW\ACTIVE_CAUSAL\0054e8c15a6265795e815e43.json
C:\RSOS\RSOS_CANONICAL_EXPERIMENT_CHAIN\033_EXP-016__WF2_Prospective_Cross_System_Confirmation\04_RAW\SOURCE\ACTIVE_CAUSAL\0073ae474eb43f0a6009a5a3.json,1753,bc0aa793496e7ddb97176b5b43bb12b37fe1c1aff35d2f5c406afa82959c31bd,C:\RSOS\RSOS_EXPERIMENTS_WF2_PROSPECTIVE_CROSS_SYSTEM_CONFIRMATION\04_RAW\ACTIVE_CAUSAL\0073ae474eb43f0a6009a5a3.json
C:\RSOS\RSOS_CANONICAL_EXPERIMENT_CHAIN\033_EXP-016__WF2_Prospective_Cross_System_Confirmation\04_RAW\SOURCE\ACTIVE_CAUSAL\00805f6651aa36648cf05fef.json,3376,c5607e5fff6f6f119d8634008f98d25ce5a897b5ff53043a8b3b6c459b570a81,C:\RSOS\RSOS_EXPERIMENTS_WF2_PROSPECTIVE_CROSS_SYSTEM_CONFIRMATION\04_RAW\ACTIVE_CAUSAL\00805f6651aa36648cf05fef.json
C:\RSOS\RSOS_CANONICAL_EXPERIMENT_CHAIN\033_EXP-016__WF2_Prospective_Cross_System_Confirmation\04_RAW\SOURCE\ACTIVE_CAUSAL\008f6a297d0cc0fe8d083637.json,1827,ef9576c9b2438c44c0ceeddd0edcb8199270c0a1f6ab571d8f4b467f1eed9613,C:\RSOS\RSOS_EXPERIMENTS_WF2_PROSPECTIVE_CROSS_SYSTEM_CONFIRMATION\04_RAW\ACTIVE_CAUSAL\008f6a297d0cc0fe8d083637.json
C:\RSOS\RSOS_CANONICAL_EXPERIMENT_CHAIN\033_EXP-016__WF2_Prospective_Cross_System_Confirmation\04_RAW\SOURCE\ACTIVE_CAUSAL\00f9b5d02a28b26495b31f06.json,3374,cd47afecad07fd0397dda0aef337706d83776848fef9b505fa99d6199ada29e6,C:\RSOS\RSOS_EXPERIMENTS_WF2_PROSPECTIVE_CROSS_SYSTEM_CONFIRMATION\04_RAW\ACTIVE_CAUSAL\00f9b5d02a28b26495b31f06.json
C:\RSOS\RSOS_CANONICAL_EXPERIMENT_CHAIN\033_EXP-016__WF2_Prospective_Cross_System_Confirmation\04_RAW\SOURCE\ACTIVE_CAUSAL\00fdecc809ec1446595a4fdc.json,3374,5d3b36434f5e1ec1acd25f0a74ea1a561918c0a066cd8738691fce9a99a00eb3,C:\RSOS\RSOS_EXPERIMENTS_WF2_PROSPECTIVE_CROSS_SYSTEM_CONFIRMATION\04_RAW\ACTIVE_CAUSAL\00fdecc809ec1446595a4fdc.json
C:\RSOS\RSOS_CANONICAL_EXPERIMENT_CHAIN\033_EXP-016__WF2_Prospective_Cross_System_Confirmation\04_RAW\SOURCE\ACTIVE_CAUSAL\01452390f776e991a679a177.json,1787,d4481418f221f0c978eac60563f27406135a005d126e1c0974da0b51789826d8,C:\RSOS\RSOS_EXPERIMENTS_WF2_PROSPECTIVE_CROSS_SYSTEM_CONFIRMATION\04_RAW\ACTIVE_CAUSAL\01452390f776e991a679a177.json
C:\RSOS\RSOS_CANONICAL_EXPERIMENT_CHAIN\033_EXP-016__WF2_Prospective_Cross_System_Confirmation\04_RAW\SOURCE\ACTIVE_CAUSAL\01491f8f2263094187942d62.json,1982,5ffe33e00462712d765fc0639d566ddef04327733d899242c26e320c158b6969,C:\RSOS\RSOS_EXPERIMENTS_WF2_PROSPECTIVE_CROSS_SYSTEM_CONFIRMATION\04_RAW\ACTIVE_CAUSAL\01491f8f2263094187942d62.json
C:\RSOS\RSOS_CANONICAL_EXPERIMENT_CHAIN\033_EXP-016__WF2_Prospective_Cross_System_Confirmation\04_RAW\SOURCE\ACTIVE_CAUSAL\015f695a28c585c7c81c047c.json,1827,db614823590d5027d3cbd805b101a1d4f5887d4ab609a4ad677d9d7894c2af24,C:\RSOS\RSOS_EXPERIMENTS_WF2_PROSPECTIVE_CROSS_SYSTEM_CONFIRMATION\04_RAW\ACTIVE_CAUSAL\015f695a28c585c7c81c047c.json
C:\RSOS\RSOS_CANONICAL_EXPERIMENT_CHAIN\033_EXP-016__WF2_Prospective_Cross_System_Confirmation\04_RAW\SOURCE\ACTIVE_CAUSAL\018090853823da5e030a3278.json,3375,8bd83cddbad1041858cd342956263251aaa5fff7b8b28481d7d22fc76f70bc0c,C:\RSOS\RSOS_EXPERIMENTS_WF2_PROSPECTIVE_CROSS_SYSTEM_CONFIRMATION\04_RAW\ACTIVE_CAUSAL\018090853823da5e030a3278.json
C:\RSOS\RSOS_CANONICAL_EXPERIMENT_CHAIN\033_EXP-016__WF2_Prospective_Cross_System_Confirmation\04_RAW\SOURCE\ACTIVE_CAUSAL\018b3cecef8930d5353921df.json,3374,42c0134cf28f745d8931f6754797f17c863334a4d9c1a468e16b793a31fbe4f4,C:\RSOS\RSOS_EXPERIMENTS_WF2_PROSPECTIVE_CROSS_SYSTEM_CONFIRMATION\04_RAW\ACTIVE_CAUSAL\018b3cecef8930d5353921df.json
C:\RSOS\RSOS_CANONICAL_EXPERIMENT_CHAIN\033_EXP-016__WF2_Prospective_Cross_System_Confirmation\04_RAW\SOURCE\ACTIVE_CAUSAL\01c442a2b1234a5ad0ef88a3.json,1827,3d910230d2781be49e96c93943b3bb5f51aef63da09498cbb81cfc479fb9af60,C:\RSOS\RSOS_EXPERIMENTS_WF2_PROSPECTIVE_CROSS_SYSTEM_CONFIRMATION\04_RAW\ACTIVE_CAUSAL\01c442a2b1234a5ad0ef88a3.json
C:\RSOS\RSOS_CANONICAL_EXPERIMENT_CHAIN\033_EXP-016__WF2_Prospective_Cross_System_Confirmation\04_RAW\SOURCE\ACTIVE_CAUSAL\01c4465a3f9e50d739dc734b.json,3385,c6c2c7a12681cca325c20f4604144c31ead040e6866a321c3d2becf2db205255,C:\RSOS\RSOS_EXPERIMENTS_WF2_PROSPECTIVE_CROSS_SYSTEM_CONFIRMATION\04_RAW\ACTIVE_CAUSAL\01c4465a3f9e50d739dc734b.json
C:\RSOS\RSOS_CANONICAL_EXPERIMENT_CHAIN\033_EXP-016__WF2_Prospective_Cross_System_Confirmation\04_RAW\SOURCE\ACTIVE_CAUSAL\01d3abb56ce27697891b9441.json,2150,e8a67ba4bbe3d52d1f25f3c97992e5f3ff7f01e73bdb8deef60699daf7a115c1,C:\RSOS\RSOS_EXPERIMENTS_WF2_PROSPECTIVE_CROSS_SYSTEM_CONFIRMATION\04_RAW\ACTIVE_CAUSAL\01d3abb56ce27697891b9441.json
C:\RSOS\RSOS_CANONICAL_EXPERIMENT_CHAIN\033_EXP-016__WF2_Prospective_Cross_System_Confirmation\04_RAW\SOURCE\ACTIVE_CAUSAL\020c9b831cab3613d8ac79b0.json,1837,56dc760727e6da13e941ab42e81d564f2b9ebff67b090de3326271fcd563d3f6,C:\RSOS\RSOS_EXPERIMENTS_WF2_PROSPECTIVE_CROSS_SYSTEM_CONFIRMATION\04_RAW\ACTIVE_CAUSAL\020c9b831cab3613d8ac79b0.json
C:\RSOS\RSOS_CANONICAL_EXPERIMENT_CHAIN\033_EXP-016__WF2_Prospective_Cross_System_Confirmation\04_RAW\SOURCE\ACTIVE_CAUSAL\024dc3597bebc165b17779d1.json,3383,4c09a6760461dd72f3cc1120b35737746ff4b394425fa4427002bfb1244340ed,C:\RSOS\RSOS_EXPERIMENTS_WF2_PROSPECTIVE_CROSS_SYSTEM_CONFIRMATION\04_RAW\ACTIVE_CAUSAL\024dc3597bebc165b17779d1.json
C:\RSOS\RSOS_CANONICAL_EXPERIMENT_CHAIN\033_EXP-016__WF2_Prospective_Cross_System_Confirmation\04_RAW\SOURCE\ACTIVE_CAUSAL\025a5537b86df6b979502176.json,1869,928c54a2082d7b2a0a59f4b30be60bb4cdd6934ca8851bc46c649cad53853b3e,C:\RSOS\RSOS_EXPERIMENTS_WF2_PROSPECTIVE_CROSS_SYSTEM_CONFIRMATION\04_RAW\ACTIVE_CAUSAL\025a5537b86df6b979502176.json
C:\RSOS\RSOS_CANONICAL_EXPERIMENT_CHAIN\033_EXP-016__WF2_Prospective_Cross_System_Confirmation\04_RAW\SOURCE\ACTIVE_CAUSAL\02649c685fed56f194c128df.json,1827,241b3721883ddd50804184e68d54238de0763ee87a25119a4944360f3b927c0a,C:\RSOS\RSOS_EXPERIMENTS_WF2_PROSPECTIVE_CROSS_SYSTEM_CONFIRMATION\04_RAW\ACTIVE_CAUSAL\02649c685fed56f194c128df.json
C:\RSOS\RSOS_CANONICAL_EXPERIMENT_CHAIN\033_EXP-016__WF2_Prospective_Cross_System_Confirmation\04_RAW\SOURCE\ACTIVE_CAUSAL\0283b647fdd25049908f8a96.json,3375,ad12b6fd96389c1496177aff9aec4163c3f14f789940bc7707d7967205b6169d,C:\RSOS\RSOS_EXPERIMENTS_WF2_PROSPECTIVE_CROSS_SYSTEM_CONFIRMATION\04_RAW\ACTIVE_CAUSAL\0283b647fdd25049908f8a96.json
C:\RSOS\RSOS_CANONICAL_EXPERIMENT_CHAIN\033_EXP-016__WF2_Prospective_Cross_System_Confirmation\04_RAW\SOURCE\ACTIVE_CAUSAL\02aee6d487bf307eb896de13.json,1981,64f9178dbfba17ed9d4f3a36e177750189c8c0aa8fbed6e8b34d69dbd82f7d15,C:\RSOS\RSOS_EXPERIMENTS_WF2_PROSPECTIVE_CROSS_SYSTEM_CONFIRMATION\04_RAW\ACTIVE_CAUSAL\02aee6d487bf307eb896de13.json
C:\RSOS\RSOS_CANONICAL_EXPERIMENT_CHAIN\033_EXP-016__WF2_Prospective_Cross_System_Confirmation\04_RAW\SOURCE\ACTIVE_CAUSAL\02e962cf2d324f6a8d097663.json,1995,67fac49e00fdc81a60f7c70edabae4bd19f5a9dbe1892d1b9f9808738f1a541a,C:\RSOS\RSOS_EXPERIMENTS_WF2_PROSPECTIVE_CROSS_SYSTEM_CONFIRMATION\04_RAW\ACTIVE_CAUSAL\02e962cf2d324f6a8d097663.json
C:\RSOS\RSOS_CANONICAL_EXPERIMENT_CHAIN\033_EXP-016__WF2_Prospective_Cross_System_Confirmation\04_RAW\SOURCE\ACTIVE_CAUSAL\036baff27a76afea5a320827.json,1981,8fb39574b670dd10dc9a1ec2114b1ebfcd32011f461bd9ed4e05a0f5009b1eaf,C:\RSOS\RSOS_EXPERIMENTS_WF2_PROSPECTIVE_CROSS_SYSTEM_CONFIRMATION\04_RAW\ACTIVE_CAUSAL\036baff27a76afea5a320827.json
C:\RSOS\RSOS_CANONICAL_EXPERIMENT_CHAIN\033_EXP-016__WF2_Prospective_Cross_System_Confirmation\04_RAW\SOURCE\ACTIVE_CAUSAL\037590835ea74d7a828d6678.json,3374,99538615b33cf13decd6c0e340900ae459bde0cc502e9f6c6447fc94a904ee73,C:\RSOS\RSOS_EXPERIMENTS_WF2_PROSPECTIVE_CROSS_SYSTEM_CONFIRMATION\04_RAW\ACTIVE_CAUSAL\037590835ea74d7a828d6678.json
C:\RSOS\RSOS_CANONICAL_EXPERIMENT_CHAIN\033_EXP-016__WF2_Prospective_Cross_System_Confirmation\04_RAW\SOURCE\ACTIVE_CAUSAL\03923b1c969cd318291c1df9.json,1842,e7a3a221237b82dc7c7f205b1eb9ae5c69c9a49984d6e6fd788d6cf24471ae95,C:\RSOS\RSOS_EXPERIMENTS_WF2_PROSPECTIVE_CROSS_SYSTEM_CONFIRMATION\04_RAW\ACTIVE_CAUSAL\03923b1c969cd318291c1df9.json
C:\RSOS\RSOS_CANONICAL_EXPERIMENT_CHAIN\033_EXP-016__WF2_Prospective_Cross_System_Confirmation\04_RAW\SOURCE\ACTIVE_CAUSAL\03bdfe961747a4f2b900272e.json,1990,e5ccc20c632ecc95f0875e2818147871844852f51cad74a67b7a6742a986e630,C:\RSOS\RSOS_EXPERIMENTS_WF2_PROSPECTIVE_CROSS_SYSTEM_CONFIRMATION\04_RAW\ACTIVE_CAUSAL\03bdfe961747a4f2b900272e.json
C:\RSOS\RSOS_CANONICAL_EXPERIMENT_CHAIN\033_EXP-016__WF2_Prospective_Cross_System_Confirmation\04_RAW\SOURCE\ACTIVE_CAUSAL\03efcf972b92936be1eed5a5.json,1826,e49b9ba3627de5e061d72c4c2797f0094d289a79d863270a86cff3539a7649e5,C:\RSOS\RSOS_EXPERIMENTS_WF2_PROSPECTIVE_CROSS_SYSTEM_CONFIRMATION\04_RAW\ACTIVE_CAUSAL\03efcf972b92936be1eed5a5.json
C:\RSOS\RSOS_CANONICAL_EXPERIMENT_CHAIN\033_EXP-016__WF2_Prospective_Cross_System_Confirmation\04_RAW\SOURCE\ACTIVE_CAUSAL\03ffec3be744eaf9d8ca4000.json,3374,4114aaee9a4163195db5ed6d4905dc46b90c9a3d3b8fc4e19f0982481fe21884,C:\RSOS\RSOS_EXPERIMENTS_WF2_PROSPECTIVE_CROSS_SYSTEM_CONFIRMATION\04_RAW\ACTIVE_CAUSAL\03ffec3be744eaf9d8ca4000.json
C:\RSOS\RSOS_CANONICAL_EXPERIMENT_CHAIN\033_EXP-016__WF2_Prospective_Cross_System_Confirmation\04_RAW\SOURCE\ACTIVE_CAUSAL\043c030eafb6ae286bd019bf.json,3383,b2ea679e0e81951213487798d7474573c7c3815e8b40f24be89005be87c45191,C:\RSOS\RSOS_EXPERIMENTS_WF2_PROSPECTIVE_CROSS_SYSTEM_CONFIRMATION\04_RAW\ACTIVE_CAUSAL\043c030eafb6ae286bd019bf.json
C:\RSOS\RSOS_CANONICAL_EXPERIMENT_CHAIN\033_EXP-016__WF2_Prospective_Cross_System_Confirmation\04_RAW\SOURCE\ACTIVE_CAUSAL\04dc0f4aacc3b993679cdbab.json,1982,5b3fd20ea91d247f97e5afd5d0eb39cd190475b9e664494e7895892f46bbf6ea,C:\RSOS\RSOS_EXPERIMENTS_WF2_PROSPECTIVE_CROSS_SYSTEM_CONFIRMATION\04_RAW\ACTIVE_CAUSAL\04dc0f4aacc3b993679cdbab.json
C:\RSOS\RSOS_CANONICAL_EXPERIMENT_CHAIN\033_EXP-016__WF2_Prospective_Cross_System_Confirmation\04_RAW\SOURCE\ACTIVE_CAUSAL\04eed35e3828375fa4ab0c94.json,1827,2670d21e246190d054851f5a4a20cb11145fad50eb420acde01598a2f09a4735,C:\RSOS\RSOS_EXPERIMENTS_WF2_PROSPECTIVE_CROSS_SYSTEM_CONFIRMATION\04_RAW\ACTIVE_CAUSAL\04eed35e3828375fa4ab0c94.json
C:\RSOS\RSOS_CANONICAL_EXPERIMENT_CHAIN\033_EXP-016__WF2_Prospective_Cross_System_Confirmation\04_RAW\SOURCE\ACTIVE_CAUSAL\051074fc5f529971a3230bdf.json,1840,c7252e2deaab9fc15718d444d6d9295ede4ef2802d5130ab3a58c470f4bfb8ad,C:\RSOS\RSOS_EXPERIMENTS_WF2_PROSPECTIVE_CROSS_SYSTEM_CONFIRMATION\04_RAW\ACTIVE_CAUSAL\051074fc5f529971a3230bdf.json
C:\RSOS\RSOS_CANONICAL_EXPERIMENT_CHAIN\033_EXP-016__WF2_Prospective_Cross_System_Confirmation\04_RAW\SOURCE\ACTIVE_CAUSAL\05221e02519b678da61c8df0.json,3374,8d89157a25e893aca7f1992fbed42cdaa8c650b3f9fb37d055ce6f8715e54c31,C:\RSOS\RSOS_EXPERIMENTS_WF2_PROSPECTIVE_CROSS_SYSTEM_CONFIRMATION\04_RAW\ACTIVE_CAUSAL\05221e02519b678da61c8df0.json
C:\RSOS\RSOS_CANONICAL_EXPERIMENT_CHAIN\033_EXP-016__WF2_Prospective_Cross_System_Confirmation\04_RAW\SOURCE\ACTIVE_CAUSAL\05363b2d516b7528e4f5d90a.json,1981,debeb00e13ed9514c868d56f4000bfe13e0efab79c4f5555ce31a7365102cd3f,C:\RSOS\RSOS_EXPERIMENTS_WF2_PROSPECTIVE_CROSS_SYSTEM_CONFIRMATION\04_RAW\ACTIVE_CAUSAL\05363b2d516b7528e4f5d90a.json
C:\RSOS\RSOS_CANONICAL_EXPERIMENT_CHAIN\033_EXP-016__WF2_Prospective_Cross_System_Confirmation\04_RAW\SOURCE\ACTIVE_CAUSAL\056900499eb4726ddc21e722.json,3385,cd22c912d88f30cb98dad1121c3d9ed5000414986fd7518c285f5d165dc09b26,C:\RSOS\RSOS_EXPERIMENTS_WF2_PROSPECTIVE_CROSS_SYSTEM_CONFIRMATION\04_RAW\ACTIVE_CAUSAL\056900499eb4726ddc21e722.json
C:\RSOS\RSOS_CANONICAL_EXPERIMENT_CHAIN\033_EXP-016__WF2_Prospective_Cross_System_Confirmation\04_RAW\SOURCE\ACTIVE_CAUSAL\056c7d5a067b37e9e41c1e25.json,1990,1d9e2e7368a2142785be6ac02b29dcc9a4bf7c82fd0616fdf391ab8cd0546499,C:\RSOS\RSOS_EXPERIMENTS_WF2_PROSPECTIVE_CROSS_SYSTEM_CONFIRMATION\04_RAW\ACTIVE_CAUSAL\056c7d5a067b37e9e41c1e25.json
C:\RSOS\RSOS_CANONICAL_EXPERIMENT_CHAIN\033_EXP-016__WF2_Prospective_Cross_System_Confirmation\04_RAW\SOURCE\ACTIVE_CAUSAL\056e070a2521440a80166eb2.json,1828,66485177eaadcce146e3a2b3aaf6ad59d12bb09c851916348472711ad5067d4a,C:\RSOS\RSOS_EXPERIMENTS_WF2_PROSPECTIVE_CROSS_SYSTEM_CONFIRMATION\04_RAW\ACTIVE_CAUSAL\056e070a2521440a80166eb2.json
C:\RSOS\RSOS_CANONICAL_EXPERIMENT_CHAIN\033_EXP-016__WF2_Prospective_Cross_System_Confirmation\04_RAW\SOURCE\ACTIVE_CAUSAL\05d1d160ee4d9f11b5e7712e.json,1826,a961663dc9bfd220d6a1a06be46d841e3d1902e170782539270878f04003a771,C:\RSOS\RSOS_EXPERIMENTS_WF2_PROSPECTIVE_CROSS_SYSTEM_CONFIRMATION\04_RAW\ACTIVE_CAUSAL\05d1d160ee4d9f11b5e7712e.json
C:\RSOS\RSOS_CANONICAL_EXPERIMENT_CHAIN\033_EXP-016__WF2_Prospective_Cross_System_Confirmation\04_RAW\SOURCE\ACTIVE_CAUSAL\05e324a25de4939808b659d4.json,1827,38bd6046fb665e19dc7ad86b31348c4b09ee94f0da1646f08e95b769c9cc563d,C:\RSOS\RSOS_EXPERIMENTS_WF2_PROSPECTIVE_CROSS_SYSTEM_CONFIRMATION\04_RAW\ACTIVE_CAUSAL\05e324a25de4939808b659d4.json
C:\RSOS\RSOS_CANONICAL_EXPERIMENT_CHAIN\033_EXP-016__WF2_Prospective_Cross_System_Confirmation\04_RAW\SOURCE\ACTIVE_CAUSAL\05f99155c44508307a5b2c12.json,3383,af2293d6a6dbf7d4e7bc2b88a6bc2a770b1a5f62a992ce2a16c00628b5963e11,C:\RSOS\RSOS_EXPERIMENTS_WF2_PROSPECTIVE_CROSS_SYSTEM_CONFIRMATION\04_RAW\ACTIVE_CAUSAL\05f99155c44508307a5b2c12.json
C:\RSOS\RSOS_CANONICAL_EXPERIMENT_CHAIN\033_EXP-016__WF2_Prospective_Cross_System_Confirmation\04_RAW\SOURCE\ACTIVE_CAUSAL\06323782a7f779d0103e5090.json,3385,34a8670fc89095714f4db84cbe165943505dc6077bf68a6c1ecc90343a221ced,C:\RSOS\RSOS_EXPERIMENTS_WF2_PROSPECTIVE_CROSS_SYSTEM_CONFIRMATION\04_RAW\ACTIVE_CAUSAL\06323782a7f779d0103e5090.json
C:\RSOS\RSOS_CANONICAL_EXPERIMENT_CHAIN\033_EXP-016__WF2_Prospective_Cross_System_Confirmation\04_RAW\SOURCE\ACTIVE_CAUSAL\067f9a424e4fc6e3c37dbff1.json,3374,104c54cb2febcb9f411ccb7e5130473828f0ab62a8a7b8b734782cac61d4eb0a,C:\RSOS\RSOS_EXPERIMENTS_WF2_PROSPECTIVE_CROSS_SYSTEM_CONFIRMATION\04_RAW\ACTIVE_CAUSAL\067f9a424e4fc6e3c37dbff1.json
C:\RSOS\RSOS_CANONICAL_EXPERIMENT_CHAIN\033_EXP-016__WF2_Prospective_Cross_System_Confirmation\04_RAW\SOURCE\ACTIVE_CAUSAL\06b088a89d15bd925b4f5d33.json,3384,6f43e8ae64bd82c58227676ade437db51d2c2d27716be6aa4fe4f605ea7526a6,C:\RSOS\RSOS_EXPERIMENTS_WF2_PROSPECTIVE_CROSS_SYSTEM_CONFIRMATION\04_RAW\ACTIVE_CAUSAL\06b088a89d15bd925b4f5d33.json
C:\RSOS\RSOS_CANONICAL_EXPERIMENT_CHAIN\033_EXP-016__WF2_Prospective_Cross_System_Confirmation\04_RAW\SOURCE\ACTIVE_CAUSAL\06b4c5276947f84a2b1f1b66.json,1983,5fc24da9e48cd53064af7a9d826c1dc59905ec8f80cb619d0a8a07a94425fefe,C:\RSOS\RSOS_EXPERIMENTS_WF2_PROSPECTIVE_CROSS_SYSTEM_CONFIRMATION\04_RAW\ACTIVE_CAUSAL\06b4c5276947f84a2b1f1b66.json
C:\RSOS\RSOS_CANONICAL_EXPERIMENT_CHAIN\033_EXP-016__WF2_Prospective_Cross_System_Confirmation\04_RAW\SOURCE\ACTIVE_CAUSAL\06bef26b215b03a226f5ab5d.json,1980,e92a6abf4a871f95f093bd78e7af2c3b8b538850174c40090d5ee46636e55206,C:\RSOS\RSOS_EXPERIMENTS_WF2_PROSPECTIVE_CROSS_SYSTEM_CONFIRMATION\04_RAW\ACTIVE_CAUSAL\06bef26b215b03a226f5ab5d.json
C:\RSOS\RSOS_CANONICAL_EXPERIMENT_CHAIN\033_EXP-016__WF2_Prospective_Cross_System_Confirmation\04_RAW\SOURCE\ACTIVE_CAUSAL\0703c6fc54ebf1b2dd111880.json,1826,ba5c437ffbb1dcc79145c2e8adadf900ef9d231ebc1e779c170bae1129b168a1,C:\RSOS\RSOS_EXPERIMENTS_WF2_PROSPECTIVE_CROSS_SYSTEM_CONFIRMATION\04_RAW\ACTIVE_CAUSAL\0703c6fc54ebf1b2dd111880.json
C:\RSOS\RSOS_CANONICAL_EXPERIMENT_CHAIN\033_EXP-016__WF2_Prospective_Cross_System_Confirmation\04_RAW\SOURCE\ACTIVE_CAUSAL\0708a674803269a4e6b2a1a5.json,1826,299afe9cacb8625db07291917fb490e47074c20856cb7e8fb54ca95cab95901d,C:\RSOS\RSOS_EXPERIMENTS_WF2_PROSPECTIVE_CROSS_SYSTEM_CONFIRMATION\04_RAW\ACTIVE_CAUSAL\0708a674803269a4e6b2a1a5.json
C:\RSOS\RSOS_CANONICAL_EXPERIMENT_CHAIN\033_EXP-016__WF2_Prospective_Cross_System_Confirmation\04_RAW\SOURCE\ACTIVE_CAUSAL\071d37cd6acb49b2a9916ace.json,1827,0b4f4e7f743d535a54dff400d8817b08e9470b9a66d9427cb2e513e0f2a73129,C:\RSOS\RSOS_EXPERIMENTS_WF2_PROSPECTIVE_CROSS_SYSTEM_CONFIRMATION\04_RAW\ACTIVE_CAUSAL\071d37cd6acb49b2a9916ace.json
C:\RSOS\RSOS_CANONICAL_EXPERIMENT_CHAIN\033_EXP-016__WF2_Prospective_Cross_System_Confirmation\04_RAW\SOURCE\ACTIVE_CAUSAL\075d096bac04dc22df33297b.json,1981,30c1ae25c8478a9303c5decd2f0e0f796a7977b361ffedfe2cb444b205ca8833,C:\RSOS\RSOS_EXPERIMENTS_WF2_PROSPECTIVE_CROSS_SYSTEM_CONFIRMATION\04_RAW\ACTIVE_CAUSAL\075d096bac04dc22df33297b.json
C:\RSOS\RSOS_CANONICAL_EXPERIMENT_CHAIN\033_EXP-016__WF2_Prospective_Cross_System_Confirmation\04_RAW\SOURCE\ACTIVE_CAUSAL\075fde20246aa7c7b5d3e81b.json,1841,8867b648a66f40b165632d18bad21ce31b5d61b400526c9fe9c1af2831f94319,C:\RSOS\RSOS_EXPERIMENTS_WF2_PROSPECTIVE_CROSS_SYSTEM_CONFIRMATION\04_RAW\ACTIVE_CAUSAL\075fde20246aa7c7b5d3e81b.json
C:\RSOS\RSOS_CANONICAL_EXPERIMENT_CHAIN\033_EXP-016__WF2_Prospective_Cross_System_Confirmation\04_RAW\SOURCE\ACTIVE_CAUSAL\076765eaf041952bf19b1c27.json,1826,e7e01f2c6cc93020eef3bcf2d50d86efbb9bf1ac9267be1ddea1f6237282082c,C:\RSOS\RSOS_EXPERIMENTS_WF2_PROSPECTIVE_CROSS_SYSTEM_CONFIRMATION\04_RAW\ACTIVE_CAUSAL\076765eaf041952bf19b1c27.json
C:\RSOS\RSOS_CANONICAL_EXPERIMENT_CHAIN\033_EXP-016__WF2_Prospective_Cross_System_Confirmation\04_RAW\SOURCE\ACTIVE_CAUSAL\076ed4f80f2642f7d44d4489.json,3385,d6b4937be16742e4362f2696cada598c852e9d2530c6905a19f1b4e2e846a78e,C:\RSOS\RSOS_EXPERIMENTS_WF2_PROSPECTIVE_CROSS_SYSTEM_CONFIRMATION\04_RAW\ACTIVE_CAUSAL\076ed4f80f2642f7d44d4489.json
C:\RSOS\RSOS_CANONICAL_EXPERIMENT_CHAIN\033_EXP-016__WF2_Prospective_Cross_System_Confirmation\04_RAW\SOURCE\ACTIVE_CAUSAL\077e26c1ce15b4f3899a6d0c.json,1837,687ffb2826efa7887e1a93613e43583d434eb79b3c813c9583477aca3735c644,C:\RSOS\RSOS_EXPERIMENTS_WF2_PROSPECTIVE_CROSS_SYSTEM_CONFIRMATION\04_RAW\ACTIVE_CAUSAL\077e26c1ce15b4f3899a6d0c.json
C:\RSOS\RSOS_CANONICAL_EXPERIMENT_CHAIN\033_EXP-016__WF2_Prospective_Cross_System_Confirmation\04_RAW\SOURCE\ACTIVE_CAUSAL\078da70bf63ba3063a18abc2.json,3385,0561a0d1230a94ce00310736cd9c65216a7aab7e2de3bbb2d215f6b6cbfebded,C:\RSOS\RSOS_EXPERIMENTS_WF2_PROSPECTIVE_CROSS_SYSTEM_CONFIRMATION\04_RAW\ACTIVE_CAUSAL\078da70bf63ba3063a18abc2.json
C:\RSOS\RSOS_CANONICAL_EXPERIMENT_CHAIN\033_EXP-016__WF2_Prospective_Cross_System_Confirmation\04_RAW\SOURCE\ACTIVE_CAUSAL\07959de4277f0ed1e1af63a5.json,1987,23acc1a8f4bbafc1303da2dc4c97f5e806632cdd51a8d1dbd925edbf84a7f402,C:\RSOS\RSOS_EXPERIMENTS_WF2_PROSPECTIVE_CROSS_SYSTEM_CONFIRMATION\04_RAW\ACTIVE_CAUSAL\07959de4277f0ed1e1af63a5.json
C:\RSOS\RSOS_CANONICAL_EXPERIMENT_CHAIN\033_EXP-016__WF2_Prospective_Cross_System_Confirmation\04_RAW\SOURCE\ACTIVE_CAUSAL\07ada3da7fecf34288a88a75.json,2029,69be1283161b612089033999b747072eff8ec24d4c70f996b0afa4f6d3d867b9,C:\RSOS\RSOS_EXPERIMENTS_WF2_PROSPECTIVE_CROSS_SYSTEM_CONFIRMATION\04_RAW\ACTIVE_CAUSAL\07ada3da7fecf34288a88a75.json
C:\RSOS\RSOS_CANONICAL_EXPERIMENT_CHAIN\033_EXP-016__WF2_Prospective_Cross_System_Confirmation\04_RAW\SOURCE\ACTIVE_CAUSAL\07cdbc1ee49aa2b654651c79.json,2440,4516d30cfea938f81d933f460356d67aea155abfa37e570280942cd0618fd810,C:\RSOS\RSOS_EXPERIMENTS_WF2_PROSPECTIVE_CROSS_SYSTEM_CONFIRMATION\04_RAW\ACTIVE_CAUSAL\07cdbc1ee49aa2b654651c79.json
C:\RSOS\RSOS_CANONICAL_EXPERIMENT_CHAIN\033_EXP-016__WF2_Prospective_Cross_System_Confirmation\04_RAW\SOURCE\ACTIVE_CAUSAL\07f9e4bae1a6e6cff679b27b.json,3374,1f6c7e7f25cfa1e41acfecec5782d284350b0c5a4f9190bb5cb2835df0cec886,C:\RSOS\RSOS_EXPERIMENTS_WF2_PROSPECTIVE_CROSS_SYSTEM_CONFIRMATION\04_RAW\ACTIVE_CAUSAL\07f9e4bae1a6e6cff679b27b.json
C:\RSOS\RSOS_CANONICAL_EXPERIMENT_CHAIN\033_EXP-016__WF2_Prospective_Cross_System_Confirmation\04_RAW\SOURCE\ACTIVE_CAUSAL\081555f39e2bc664e9cd955a.json,1876,90216136d4c63d858d5820cd86d3cdb19f4f7d089e99832ccc17018f1b62adce,C:\RSOS\RSOS_EXPERIMENTS_WF2_PROSPECTIVE_CROSS_SYSTEM_CONFIRMATION\04_RAW\ACTIVE_CAUSAL\081555f39e2bc664e9cd955a.json
C:\RSOS\RSOS_CANONICAL_EXPERIMENT_CHAIN\033_EXP-016__WF2_Prospective_Cross_System_Confirmation\04_RAW\SOURCE\ACTIVE_CAUSAL\081cdf8c3ab130ee87a281eb.json,1981,9450a5c7298807a910d76bdb73ea1b2b2c157a22d7b5416efcba4f10104c909b,C:\RSOS\RSOS_EXPERIMENTS_WF2_PROSPECTIVE_CROSS_SYSTEM_CONFIRMATION\04_RAW\ACTIVE_CAUSAL\081cdf8c3ab130ee87a281eb.json
C:\RSOS\RSOS_CANONICAL_EXPERIMENT_CHAIN\033_EXP-016__WF2_Prospective_Cross_System_Confirmation\04_RAW\SOURCE\ACTIVE_CAUSAL\0822a0c73695b96221bb61e2.json,3374,9a53c94701585c07d1964a91061af798023b16b2548e86e61b276ba249c465b1,C:\RSOS\RSOS_EXPERIMENTS_WF2_PROSPECTIVE_CROSS_SYSTEM_CONFIRMATION\04_RAW\ACTIVE_CAUSAL\0822a0c73695b96221bb61e2.json
C:\RSOS\RSOS_CANONICAL_EXPERIMENT_CHAIN\033_EXP-016__WF2_Prospective_Cross_System_Confirmation\04_RAW\SOURCE\ACTIVE_CAUSAL\083d8f0fe993bf058e85dd4d.json,3381,024d0695a02b90b2a904bb365b2512c5509e1c312f2983d994e637133d37ca11,C:\RSOS\RSOS_EXPERIMENTS_WF2_PROSPECTIVE_CROSS_SYSTEM_CONFIRMATION\04_RAW\ACTIVE_CAUSAL\083d8f0fe993bf058e85dd4d.json
C:\RSOS\RSOS_CANONICAL_EXPERIMENT_CHAIN\033_EXP-016__WF2_Prospective_Cross_System_Confirmation\04_RAW\SOURCE\ACTIVE_CAUSAL\0844c94ec9556202ff98ecdc.json,2440,713dae080b9622b3bdc84e47c12c0948569c43102a73a2c6853e307b9db26377,C:\RSOS\RSOS_EXPERIMENTS_WF2_PROSPECTIVE_CROSS_SYSTEM_CONFIRMATION\04_RAW\ACTIVE_CAUSAL\0844c94ec9556202ff98ecdc.json
C:\RSOS\RSOS_CANONICAL_EXPERIMENT_CHAIN\033_EXP-016__WF2_Prospective_Cross_System_Confirmation\04_RAW\SOURCE\ACTIVE_CAUSAL\086e894485c64d607a8003c0.json,1981,da8bc6fca4460a24758a4e12b2dda25b14965616cf25e9ae381ab9144aeb9cd3,C:\RSOS\RSOS_EXPERIMENTS_WF2_PROSPECTIVE_CROSS_SYSTEM_CONFIRMATION\04_RAW\ACTIVE_CAUSAL\086e894485c64d607a8003c0.json
C:\RSOS\RSOS_CANONICAL_EXPERIMENT_CHAIN\033_EXP-016__WF2_Prospective_Cross_System_Confirmation\04_RAW\SOURCE\ACTIVE_CAUSAL\08b047836f47704560e57062.json,1988,bd481bf38001d0dc342722ee644a3e9d6f521d8b8eba4771be635f211a999635,C:\RSOS\RSOS_EXPERIMENTS_WF2_PROSPECTIVE_CROSS_SYSTEM_CONFIRMATION\04_RAW\ACTIVE_CAUSAL\08b047836f47704560e57062.json
C:\RSOS\RSOS_CANONICAL_EXPERIMENT_CHAIN\033_EXP-016__WF2_Prospective_Cross_System_Confirmation\04_RAW\SOURCE\ACTIVE_CAUSAL\08e13ad966e165e4c1cd043b.json,3384,870e874d326e3c6bfd0ecf8e57da04be61b41573b5092d9381e4c1b5541db622,C:\RSOS\RSOS_EXPERIMENTS_WF2_PROSPECTIVE_CROSS_SYSTEM_CONFIRMATION\04_RAW\ACTIVE_CAUSAL\08e13ad966e165e4c1cd043b.json
C:\RSOS\RSOS_CANONICAL_EXPERIMENT_CHAIN\033_EXP-016__WF2_Prospective_Cross_System_Confirmation\04_RAW\SOURCE\ACTIVE_CAUSAL\08e47b98bcff898b90b5c6cd.json,3374,91de322494501d78b234780a32e374c0a05e344f1d7bfc2054bd23ca9e1e63de,C:\RSOS\RSOS_EXPERIMENTS_WF2_PROSPECTIVE_CROSS_SYSTEM_CONFIRMATION\04_RAW\ACTIVE_CAUSAL\08e47b98bcff898b90b5c6cd.json
C:\RSOS\RSOS_CANONICAL_EXPERIMENT_CHAIN\033_EXP-016__WF2_Prospective_Cross_System_Confirmation\04_RAW\SOURCE\ACTIVE_CAUSAL\0924a5233c53a43c5efe90b5.json,3375,707168587fed07a2e758bd118d771622c8dc963f73144333495669249f7e84fb,C:\RSOS\RSOS_EXPERIMENTS_WF2_PROSPECTIVE_CROSS_SYSTEM_CONFIRMATION\04_RAW\ACTIVE_CAUSAL\0924a5233c53a43c5efe90b5.json
C:\RSOS\RSOS_CANONICAL_EXPERIMENT_CHAIN\033_EXP-016__WF2_Prospective_Cross_System_Confirmation\04_RAW\SOURCE\ACTIVE_CAUSAL\0981511ed5000f3e1592b9b0.json,1982,6ebce5286d59f85a6eaccac5ccd4b267a11f54e96d14ef6a326908dd06eb10f0,C:\RSOS\RSOS_EXPERIMENTS_WF2_PROSPECTIVE_CROSS_SYSTEM_CONFIRMATION\04_RAW\ACTIVE_CAUSAL\0981511ed5000f3e1592b9b0.json
C:\RSOS\RSOS_CANONICAL_EXPERIMENT_CHAIN\033_EXP-016__WF2_Prospective_Cross_System_Confirmation\04_RAW\SOURCE\ACTIVE_CAUSAL\098c9a6c09eb8c7875915584.json,1981,7038b684f81d7abcb4cd814a1a3e2e386b66c9249364f188ffe46917579aafbb,C:\RSOS\RSOS_EXPERIMENTS_WF2_PROSPECTIVE_CROSS_SYSTEM_CONFIRMATION\04_RAW\ACTIVE_CAUSAL\098c9a6c09eb8c7875915584.json
C:\RSOS\RSOS_CANONICAL_EXPERIMENT_CHAIN\033_EXP-016__WF2_Prospective_Cross_System_Confirmation\04_RAW\SOURCE\ACTIVE_CAUSAL\0a12d0946a1231b0f1812a84.json,1982,de2c877a48181246de3f1978c5e9ca873f75eec7280f5137ee55fb5e8c261533,C:\RSOS\RSOS_EXPERIMENTS_WF2_PROSPECTIVE_CROSS_SYSTEM_CONFIRMATION\04_RAW\ACTIVE_CAUSAL\0a12d0946a1231b0f1812a84.json
C:\RSOS\RSOS_CANONICAL_EXPERIMENT_CHAIN\033_EXP-016__WF2_Prospective_Cross_System_Confirmation\04_RAW\SOURCE\ACTIVE_CAUSAL\0a22325f8b29270c842ef64e.json,3388,fc30702f75c7cb686fee95a80ed82d9bc35e8e8561d7b0192be5d8937d0ee1f9,C:\RSOS\RSOS_EXPERIMENTS_WF2_PROSPECTIVE_CROSS_SYSTEM_CONFIRMATION\04_RAW\ACTIVE_CAUSAL\0a22325f8b29270c842ef64e.json
C:\RSOS\RSOS_CANONICAL_EXPERIMENT_CHAIN\033_EXP-016__WF2_Prospective_Cross_System_Confirmation\04_RAW\SOURCE\ACTIVE_CAUSAL\0a23f8228c34ab4aa7792b8f.json,1826,9d1cb9562229da6028e1a5358448ec08432ae515d459b41a069bc335464e2e5e,C:\RSOS\RSOS_EXPERIMENTS_WF2_PROSPECTIVE_CROSS_SYSTEM_CONFIRMATION\04_RAW\ACTIVE_CAUSAL\0a23f8228c34ab4aa7792b8f.json
C:\RSOS\RSOS_CANONICAL_EXPERIMENT_CHAIN\033_EXP-016__WF2_Prospective_Cross_System_Confirmation\04_RAW\SOURCE\ACTIVE_CAUSAL\0a4c0c4afd676e621970635e.json,1826,fb04d9571be486d8edb583dd3a418f612528c82e7c09885368f62a832cc7e9f2,C:\RSOS\RSOS_EXPERIMENTS_WF2_PROSPECTIVE_CROSS_SYSTEM_CONFIRMATION\04_RAW\ACTIVE_CAUSAL\0a4c0c4afd676e621970635e.json
C:\RSOS\RSOS_CANONICAL_EXPERIMENT_CHAIN\033_EXP-016__WF2_Prospective_Cross_System_Confirmation\04_RAW\SOURCE\ACTIVE_CAUSAL\0ab693f35e674c0b0636ff58.json,3384,fef35fa3f6073e3c094b6457b912791bc4dfe5a4a278f354ce62e2c31fb58403,C:\RSOS\RSOS_EXPERIMENTS_WF2_PROSPECTIVE_CROSS_SYSTEM_CONFIRMATION\04_RAW\ACTIVE_CAUSAL\0ab693f35e674c0b0636ff58.json
C:\RSOS\RSOS_CANONICAL_EXPERIMENT_CHAIN\033_EXP-016__WF2_Prospective_Cross_System_Confirmation\04_RAW\SOURCE\ACTIVE_CAUSAL\0abadd2cec826784e7277b92.json,3375,a8df5db50aef68a6759f386d11d8384a56f0fa7b57316b905565b1b4445bfd17,C:\RSOS\RSOS_EXPERIMENTS_WF2_PROSPECTIVE_CROSS_SYSTEM_CONFIRMATION\04_RAW\ACTIVE_CAUSAL\0abadd2cec826784e7277b92.json
C:\RSOS\RSOS_CANONICAL_EXPERIMENT_CHAIN\033_EXP-016__WF2_Prospective_Cross_System_Confirmation\04_RAW\SOURCE\ACTIVE_CAUSAL\0b14660976248f6854d33730.json,3389,cfec8a885881999305da610276d027295022d5d58e1bd94cd5db5b97769f6487,C:\RSOS\RSOS_EXPERIMENTS_WF2_PROSPECTIVE_CROSS_SYSTEM_CONFIRMATION\04_RAW\ACTIVE_CAUSAL\0b14660976248f6854d33730.json
C:\RSOS\RSOS_CANONICAL_EXPERIMENT_CHAIN\033_EXP-016__WF2_Prospective_Cross_System_Confirmation\04_RAW\SOURCE\ACTIVE_CAUSAL\0b40ad55113e31f2db94eb90.json,1981,64dc2e0982ece6597ddf63d9c7f6991c99516d8e32bf368a34597476da173a02,C:\RSOS\RSOS_EXPERIMENTS_WF2_PROSPECTIVE_CROSS_SYSTEM_CONFIRMATION\04_RAW\ACTIVE_CAUSAL\0b40ad55113e31f2db94eb90.json
C:\RSOS\RSOS_CANONICAL_EXPERIMENT_CHAIN\033_EXP-016__WF2_Prospective_Cross_System_Confirmation\04_RAW\SOURCE\ACTIVE_CAUSAL\0b4a536e504e3fdb11c9bc03.json,1826,be7509c0f33fb07e5534af68d3f877b74679a5afa14816bc6f3e1e5e152fbe7a,C:\RSOS\RSOS_EXPERIMENTS_WF2_PROSPECTIVE_CROSS_SYSTEM_CONFIRMATION\04_RAW\ACTIVE_CAUSAL\0b4a536e504e3fdb11c9bc03.json
C:\RSOS\RSOS_CANONICAL_EXPERIMENT_CHAIN\033_EXP-016__WF2_Prospective_Cross_System_Confirmation\04_RAW\SOURCE\ACTIVE_CAUSAL\0b5c01b16720843a60d32d58.json,3374,407151fbde063a8e7110cb6251265f9a379f669dc96cfab110be79ce8cfb5398,C:\RSOS\RSOS_EXPERIMENTS_WF2_PROSPECTIVE_CROSS_SYSTEM_CONFIRMATION\04_RAW\ACTIVE_CAUSAL\0b5c01b16720843a60d32d58.json
C:\RSOS\RSOS_CANONICAL_EXPERIMENT_CHAIN\033_EXP-016__WF2_Prospective_Cross_System_Confirmation\04_RAW\SOURCE\ACTIVE_CAUSAL\0b88204cbbdbf794972171d8.json,3374,5efe6b33d08f56da277a3676bed2b421ab0837a4ae807a05eedcd3491a4c9ed4,C:\RSOS\RSOS_EXPERIMENTS_WF2_PROSPECTIVE_CROSS_SYSTEM_CONFIRMATION\04_RAW\ACTIVE_CAUSAL\0b88204cbbdbf794972171d8.json
C:\RSOS\RSOS_CANONICAL_EXPERIMENT_CHAIN\033_EXP-016__WF2_Prospective_Cross_System_Confirmation\04_RAW\SOURCE\ACTIVE_CAUSAL\0b9fb275b48a58ba5ca588ea.json,3385,bb5ec9f6f8c6c1c2090001b931c96992fe0774d5d83a43de97fc2013ca4f5901,C:\RSOS\RSOS_EXPERIMENTS_WF2_PROSPECTIVE_CROSS_SYSTEM_CONFIRMATION\04_RAW\ACTIVE_CAUSAL\0b9fb275b48a58ba5ca588ea.json
C:\RSOS\RSOS_CANONICAL_EXPERIMENT_CHAIN\033_EXP-016__WF2_Prospective_Cross_System_Confirmation\04_RAW\SOURCE\ACTIVE_CAUSAL\0bbb4b801ec5ecbc5e73972c.json,1990,34d8a0dc7a9c2b107528455afc7924c27b0bafe3f014ad1d89ebe31e385452ed,C:\RSOS\RSOS_EXPERIMENTS_WF2_PROSPECTIVE_CROSS_SYSTEM_CONFIRMATION\04_RAW\ACTIVE_CAUSAL\0bbb4b801ec5ecbc5e73972c.json
C:\RSOS\RSOS_CANONICAL_EXPERIMENT_CHAIN\033_EXP-016__WF2_Prospective_Cross_System_Confirmation\04_RAW\SOURCE\ACTIVE_CAUSAL\0bc11a4a881a8724778313d5.json,3383,218edcce462bd451925a4744127a63393f3436da805159c76f4261f51eef6dee,C:\RSOS\RSOS_EXPERIMENTS_WF2_PROSPECTIVE_CROSS_SYSTEM_CONFIRMATION\04_RAW\ACTIVE_CAUSAL\0bc11a4a881a8724778313d5.json
C:\RSOS\RSOS_CANONICAL_EXPERIMENT_CHAIN\033_EXP-016__WF2_Prospective_Cross_System_Confirmation\04_RAW\SOURCE\ACTIVE_CAUSAL\0bd7e2f554de5a0644f12fe6.json,1982,401772aeacf2fce276d61bf052f39db4c87a2e5995f9e8774fdf03fa5d7e04f2,C:\RSOS\RSOS_EXPERIMENTS_WF2_PROSPECTIVE_CROSS_SYSTEM_CONFIRMATION\04_RAW\ACTIVE_CAUSAL\0bd7e2f554de5a0644f12fe6.json
C:\RSOS\RSOS_CANONICAL_EXPERIMENT_CHAIN\033_EXP-016__WF2_Prospective_Cross_System_Confirmation\04_RAW\SOURCE\ACTIVE_CAUSAL\0c134c69c2040f54c3c1ba1f.json,3376,01c5be69cad158e268b74b6860bae6395d41022ec6771fb74b259ec47ab752ca,C:\RSOS\RSOS_EXPERIMENTS_WF2_PROSPECTIVE_CROSS_SYSTEM_CONFIRMATION\04_RAW\ACTIVE_CAUSAL\0c134c69c2040f54c3c1ba1f.json
C:\RSOS\RSOS_CANONICAL_EXPERIMENT_CHAIN\033_EXP-016__WF2_Prospective_Cross_System_Confirmation\04_RAW\SOURCE\ACTIVE_CAUSAL\0c334a02370ecd297ade5675.json,3383,65bbd501ea87d53701211cedd9fd5df99be3d138242a4c1cd1f5b85eba580b5c,C:\RSOS\RSOS_EXPERIMENTS_WF2_PROSPECTIVE_CROSS_SYSTEM_CONFIRMATION\04_RAW\ACTIVE_CAUSAL\0c334a02370ecd297ade5675.json
C:\RSOS\RSOS_CANONICAL_EXPERIMENT_CHAIN\033_EXP-016__WF2_Prospective_Cross_System_Confirmation\04_RAW\SOURCE\ACTIVE_CAUSAL\0c38e89b7e33f059332c1da3.json,1827,4dcfe18b3d2b8a5fec57fd6e4dc51f6558d61b6f838e581df99e98a8a4bfda28,C:\RSOS\RSOS_EXPERIMENTS_WF2_PROSPECTIVE_CROSS_SYSTEM_CONFIRMATION\04_RAW\ACTIVE_CAUSAL\0c38e89b7e33f059332c1da3.json
C:\RSOS\RSOS_CANONICAL_EXPERIMENT_CHAIN\033_EXP-016__WF2_Prospective_Cross_System_Confirmation\04_RAW\SOURCE\ACTIVE_CAUSAL\0c3a505213a0bfaf6d992f3d.json,3374,fdc35bb147222364ddf09b7795fdb88dc375695ac72034fdd40c719c602a6e36,C:\RSOS\RSOS_EXPERIMENTS_WF2_PROSPECTIVE_CROSS_SYSTEM_CONFIRMATION\04_RAW\ACTIVE_CAUSAL\0c3a505213a0bfaf6d992f3d.json
C:\RSOS\RSOS_CANONICAL_EXPERIMENT_CHAIN\033_EXP-016__WF2_Prospective_Cross_System_Confirmation\04_RAW\SOURCE\ACTIVE_CAUSAL\0cdfd44985a4c844c84fcff6.json,1835,2b8695bbd7debbd3a437a7c2a25d8aaed50d92a5f9b0854823221d18d41c97f0,C:\RSOS\RSOS_EXPERIMENTS_WF2_PROSPECTIVE_CROSS_SYSTEM_CONFIRMATION\04_RAW\ACTIVE_CAUSAL\0cdfd44985a4c844c84fcff6.json
C:\RSOS\RSOS_CANONICAL_EXPERIMENT_CHAIN\033_EXP-016__WF2_Prospective_Cross_System_Confirmation\04_RAW\SOURCE\ACTIVE_CAUSAL\0d28594f6a6c2040f4e2166b.json,3374,d6d1dcdbbebba4c7a94a8b51ea4a63f0dbbbc6437cb2cbf4fbd0f61ca64b9cec,C:\RSOS\RSOS_EXPERIMENTS_WF2_PROSPECTIVE_CROSS_SYSTEM_CONFIRMATION\04_RAW\ACTIVE_CAUSAL\0d28594f6a6c2040f4e2166b.json
C:\RSOS\RSOS_CANONICAL_EXPERIMENT_CHAIN\033_EXP-016__WF2_Prospective_Cross_System_Confirmation\04_RAW\SOURCE\ACTIVE_CAUSAL\0d555f43e6bd1aae2a43325f.json,3375,fbe08db04b3e9d34bfc235beb41f06a434c4fe75bab3ff7be1fa7c2fc3834973,C:\RSOS\RSOS_EXPERIMENTS_WF2_PROSPECTIVE_CROSS_SYSTEM_CONFIRMATION\04_RAW\ACTIVE_CAUSAL\0d555f43e6bd1aae2a43325f.json
C:\RSOS\RSOS_CANONICAL_EXPERIMENT_CHAIN\033_EXP-016__WF2_Prospective_Cross_System_Confirmation\04_RAW\SOURCE\ACTIVE_CAUSAL\0d57ddec74d0ed308f8ee40a.json,2010,93f5d4ede74278d1545f643b87e2db2464d6ca68fe369731067acdca36641258,C:\RSOS\RSOS_EXPERIMENTS_WF2_PROSPECTIVE_CROSS_SYSTEM_CONFIRMATION\04_RAW\ACTIVE_CAUSAL\0d57ddec74d0ed308f8ee40a.json
C:\RSOS\RSOS_CANONICAL_EXPERIMENT_CHAIN\033_EXP-016__WF2_Prospective_Cross_System_Confirmation\04_RAW\SOURCE\ACTIVE_CAUSAL\0d847709c79743e09e6bae62.json,1826,d602768cb2e1ed4bbb6a52f29d19949eb000af017472d53d13bad94e84484601,C:\RSOS\RSOS_EXPERIMENTS_WF2_PROSPECTIVE_CROSS_SYSTEM_CONFIRMATION\04_RAW\ACTIVE_CAUSAL\0d847709c79743e09e6bae62.json
C:\RSOS\RSOS_CANONICAL_EXPERIMENT_CHAIN\033_EXP-016__WF2_Prospective_Cross_System_Confirmation\04_RAW\SOURCE\ACTIVE_CAUSAL\0dbdea8180243e4cc1ce77d6.json,1981,0ae93915b40d4b791bd5214d639882519c911d5b9a3caa092d21a0b30f9ef427,C:\RSOS\RSOS_EXPERIMENTS_WF2_PROSPECTIVE_CROSS_SYSTEM_CONFIRMATION\04_RAW\ACTIVE_CAUSAL\0dbdea8180243e4cc1ce77d6.json
C:\RSOS\RSOS_CANONICAL_EXPERIMENT_CHAIN\033_EXP-016__WF2_Prospective_Cross_System_Confirmation\04_RAW\SOURCE\ACTIVE_CAUSAL\0dcf08d59a494e827a4929b0.json,1995,330dab172aabbd27ecb8ea23b2c427d70bbfcf101fe057bcf7cf84b2dd73a93a,C:\RSOS\RSOS_EXPERIMENTS_WF2_PROSPECTIVE_CROSS_SYSTEM_CONFIRMATION\04_RAW\ACTIVE_CAUSAL\0dcf08d59a494e827a4929b0.json
C:\RSOS\RSOS_CANONICAL_EXPERIMENT_CHAIN\033_EXP-016__WF2_Prospective_Cross_System_Confirmation\04_RAW\SOURCE\ACTIVE_CAUSAL\0dd41f2e7499690836de98d7.json,3385,a66f7e52bba98e63fcfe8618b270a5c6a6f7ae88737013a6418b11d5506f6ab4,C:\RSOS\RSOS_EXPERIMENTS_WF2_PROSPECTIVE_CROSS_SYSTEM_CONFIRMATION\04_RAW\ACTIVE_CAUSAL\0dd41f2e7499690836de98d7.json
C:\RSOS\RSOS_CANONICAL_EXPERIMENT_CHAIN\033_EXP-016__WF2_Prospective_Cross_System_Confirmation\04_RAW\SOURCE\ACTIVE_CAUSAL\0df0559a20af4bd3b1a0f45a.json,1860,237e4f0f09e47a6cef94c2321caa69501cbe34afe388b8047d777ba508c5d424,C:\RSOS\RSOS_EXPERIMENTS_WF2_PROSPECTIVE_CROSS_SYSTEM_CONFIRMATION\04_RAW\ACTIVE_CAUSAL\0df0559a20af4bd3b1a0f45a.json
C:\RSOS\RSOS_CANONICAL_EXPERIMENT_CHAIN\033_EXP-016__WF2_Prospective_Cross_System_Confirmation\04_RAW\SOURCE\ACTIVE_CAUSAL\0df1f7f9825a799423feac33.json,3384,bdf3c539f48285bdd144bdb10aa02a2a315ef07804ca57858451e55a07ed426b,C:\RSOS\RSOS_EXPERIMENTS_WF2_PROSPECTIVE_CROSS_SYSTEM_CONFIRMATION\04_RAW\ACTIVE_CAUSAL\0df1f7f9825a799423feac33.json
C:\RSOS\RSOS_CANONICAL_EXPERIMENT_CHAIN\033_EXP-016__WF2_Prospective_Cross_System_Confirmation\04_RAW\SOURCE\ACTIVE_CAUSAL\0e0deca1d55d2c4ee106d937.json,3375,edd5a0adc92b5595f958a4abe7a63a3d529a1641bca47e03603907063287cc9b,C:\RSOS\RSOS_EXPERIMENTS_WF2_PROSPECTIVE_CROSS_SYSTEM_CONFIRMATION\04_RAW\ACTIVE_CAUSAL\0e0deca1d55d2c4ee106d937.json
C:\RSOS\RSOS_CANONICAL_EXPERIMENT_CHAIN\033_EXP-016__WF2_Prospective_Cross_System_Confirmation\04_RAW\SOURCE\ACTIVE_CAUSAL\0e50493980ba7216648af26f.json,1837,cfb97370d94c3dfe18130f805698ffd57a0c8db0542915983e776f469186340d,C:\RSOS\RSOS_EXPERIMENTS_WF2_PROSPECTIVE_CROSS_SYSTEM_CONFIRMATION\04_RAW\ACTIVE_CAUSAL\0e50493980ba7216648af26f.json
C:\RSOS\RSOS_CANONICAL_EXPERIMENT_CHAIN\033_EXP-016__WF2_Prospective_Cross_System_Confirmation\04_RAW\SOURCE\ACTIVE_CAUSAL\0e68b44a4da193f5a7b5393a.json,3375,c5516a7289a65e70216eb6549791d9ff4e943095be3927097bf4571341e3f7ee,C:\RSOS\RSOS_EXPERIMENTS_WF2_PROSPECTIVE_CROSS_SYSTEM_CONFIRMATION\04_RAW\ACTIVE_CAUSAL\0e68b44a4da193f5a7b5393a.json
C:\RSOS\RSOS_CANONICAL_EXPERIMENT_CHAIN\033_EXP-016__WF2_Prospective_Cross_System_Confirmation\04_RAW\SOURCE\ACTIVE_CAUSAL\0f380452c81c008990991d79.json,1991,3adeba695a99225e31a2a35185c6cbd6a1efc2b79c6f3531df8ae7c0fc07c702,C:\RSOS\RSOS_EXPERIMENTS_WF2_PROSPECTIVE_CROSS_SYSTEM_CONFIRMATION\04_RAW\ACTIVE_CAUSAL\0f380452c81c008990991d79.json
C:\RSOS\RSOS_CANONICAL_EXPERIMENT_CHAIN\033_EXP-016__WF2_Prospective_Cross_System_Confirmation\04_RAW\SOURCE\ACTIVE_CAUSAL\0f5b391663964d21c051084f.json,3389,2d59ccfe2112c114a9880d9f528176b00e380f43fca831692d2e5dbc24548590,C:\RSOS\RSOS_EXPERIMENTS_WF2_PROSPECTIVE_CROSS_SYSTEM_CONFIRMATION\04_RAW\ACTIVE_CAUSAL\0f5b391663964d21c051084f.json
C:\RSOS\RSOS_CANONICAL_EXPERIMENT_CHAIN\033_EXP-016__WF2_Prospective_Cross_System_Confirmation\04_RAW\SOURCE\ACTIVE_CAUSAL\0f7113a030cb620adbf92983.json,1840,9e00773da3ce63f65bef5d6dff8ca9f26d29e14aacfe58b011a0ff5c8e263a11,C:\RSOS\RSOS_EXPERIMENTS_WF2_PROSPECTIVE_CROSS_SYSTEM_CONFIRMATION\04_RAW\ACTIVE_CAUSAL\0f7113a030cb620adbf92983.json
C:\RSOS\RSOS_CANONICAL_EXPERIMENT_CHAIN\033_EXP-016__WF2_Prospective_Cross_System_Confirmation\04_RAW\SOURCE\ACTIVE_CAUSAL\0fc5cc6354ca83f1d373afaa.json,1982,908ad52f467303e449e3a527461718770089b802719674ec0bf4e13565ae01b6,C:\RSOS\RSOS_EXPERIMENTS_WF2_PROSPECTIVE_CROSS_SYSTEM_CONFIRMATION\04_RAW\ACTIVE_CAUSAL\0fc5cc6354ca83f1d373afaa.json
C:\RSOS\RSOS_CANONICAL_EXPERIMENT_CHAIN\033_EXP-016__WF2_Prospective_Cross_System_Confirmation\04_RAW\SOURCE\ACTIVE_CAUSAL\1047ad86e2d0f20574eea8bd.json,1995,c693bab3e1d5e359fa209b568f4639523a1b57155c7efff5096d87eb2402fa73,C:\RSOS\RSOS_EXPERIMENTS_WF2_PROSPECTIVE_CROSS_SYSTEM_CONFIRMATION\04_RAW\ACTIVE_CAUSAL\1047ad86e2d0f20574eea8bd.json
C:\RSOS\RSOS_CANONICAL_EXPERIMENT_CHAIN\033_EXP-016__WF2_Prospective_Cross_System_Confirmation\04_RAW\SOURCE\ACTIVE_CAUSAL\10c86f8e74ecbfa165ff84d2.json,1988,53efbb7c2dbf14028523854174f429f3424739c36139b8a8b7a790382ee8d847,C:\RSOS\RSOS_EXPERIMENTS_WF2_PROSPECTIVE_CROSS_SYSTEM_CONFIRMATION\04_RAW\ACTIVE_CAUSAL\10c86f8e74ecbfa165ff84d2.json
C:\RSOS\RSOS_CANONICAL_EXPERIMENT_CHAIN\033_EXP-016__WF2_Prospective_Cross_System_Confirmation\04_RAW\SOURCE\ACTIVE_CAUSAL\10ca3268c7998d604672c689.json,1981,594621e7bb39ffa6327b0d59de02614485ccfb67ed90c35392be944460feaca9,C:\RSOS\RSOS_EXPERIMENTS_WF2_PROSPECTIVE_CROSS_SYSTEM_CONFIRMATION\04_RAW\ACTIVE_CAUSAL\10ca3268c7998d604672c689.json
C:\RSOS\RSOS_CANONICAL_EXPERIMENT_CHAIN\033_EXP-016__WF2_Prospective_Cross_System_Confirmation\04_RAW\SOURCE\ACTIVE_CAUSAL\11557be4c6281be8f28152d8.json,3374,3248f936d798ae84da1de6a4661ef7e1647df55b0b75915ecf80df9829ac29a6,C:\RSOS\RSOS_EXPERIMENTS_WF2_PROSPECTIVE_CROSS_SYSTEM_CONFIRMATION\04_RAW\ACTIVE_CAUSAL\11557be4c6281be8f28152d8.json
C:\RSOS\RSOS_CANONICAL_EXPERIMENT_CHAIN\033_EXP-016__WF2_Prospective_Cross_System_Confirmation\04_RAW\SOURCE\ACTIVE_CAUSAL\116ad07bd35fbe486abab7a4.json,1990,83e2bf65bc475edd011bd130aef56e6530bddb6ccd48b0310f8cc24d8222bfc0,C:\RSOS\RSOS_EXPERIMENTS_WF2_PROSPECTIVE_CROSS_SYSTEM_CONFIRMATION\04_RAW\ACTIVE_CAUSAL\116ad07bd35fbe486abab7a4.json
C:\RSOS\RSOS_CANONICAL_EXPERIMENT_CHAIN\033_EXP-016__WF2_Prospective_Cross_System_Confirmation\04_RAW\SOURCE\ACTIVE_CAUSAL\118a1b6263eda83884f25d58.json,3375,7a4782404c2dcaf87425c07a3b55b6ab88d485a059a54b9557f517671b012ab9,C:\RSOS\RSOS_EXPERIMENTS_WF2_PROSPECTIVE_CROSS_SYSTEM_CONFIRMATION\04_RAW\ACTIVE_CAUSAL\118a1b6263eda83884f25d58.json
C:\RSOS\RSOS_CANONICAL_EXPERIMENT_CHAIN\033_EXP-016__WF2_Prospective_Cross_System_Confirmation\04_RAW\SOURCE\ACTIVE_CAUSAL\119f895c9136115b4d21eeaf.json,1982,ac61049d657f89ff3c81cef992ff51b6013bfe3959a773219192d3fcd4500b1b,C:\RSOS\RSOS_EXPERIMENTS_WF2_PROSPECTIVE_CROSS_SYSTEM_CONFIRMATION\04_RAW\ACTIVE_CAUSAL\119f895c9136115b4d21eeaf.json
C:\RSOS\RSOS_CANONICAL_EXPERIMENT_CHAIN\033_EXP-016__WF2_Prospective_Cross_System_Confirmation\04_RAW\SOURCE\ACTIVE_CAUSAL\11a0e1be0d80372899327c99.json,3375,3725f26921abea2c283c2941a8c0fc439f6773ac55f11bdb2d36506e86aa8d24,C:\RSOS\RSOS_EXPERIMENTS_WF2_PROSPECTIVE_CROSS_SYSTEM_CONFIRMATION\04_RAW\ACTIVE_CAUSAL\11a0e1be0d80372899327c99.json
C:\RSOS\RSOS_CANONICAL_EXPERIMENT_CHAIN\033_EXP-016__WF2_Prospective_Cross_System_Confirmation\04_RAW\SOURCE\ACTIVE_CAUSAL\11ac1646d455470925b8cf92.json,3389,a1f66a8d9478bd653f563125b824bcdf22474537c9138ba05e7b944d10d93728,C:\RSOS\RSOS_EXPERIMENTS_WF2_PROSPECTIVE_CROSS_SYSTEM_CONFIRMATION\04_RAW\ACTIVE_CAUSAL\11ac1646d455470925b8cf92.json
C:\RSOS\RSOS_CANONICAL_EXPERIMENT_CHAIN\033_EXP-016__WF2_Prospective_Cross_System_Confirmation\04_RAW\SOURCE\ACTIVE_CAUSAL\11f56454782615ff0f99ec23.json,1840,263ecd576510757236505de92272ddb59261c2b27dc2322af37c736dfe4ebd6d,C:\RSOS\RSOS_EXPERIMENTS_WF2_PROSPECTIVE_CROSS_SYSTEM_CONFIRMATION\04_RAW\ACTIVE_CAUSAL\11f56454782615ff0f99ec23.json
C:\RSOS\RSOS_CANONICAL_EXPERIMENT_CHAIN\033_EXP-016__WF2_Prospective_Cross_System_Confirmation\04_RAW\SOURCE\ACTIVE_CAUSAL\1200c61aaaf0b5aced4393da.json,1982,f415b6363c058a9cbe0ac20c3dd22748a955428251ddceda6cbd1492f42b1073,C:\RSOS\RSOS_EXPERIMENTS_WF2_PROSPECTIVE_CROSS_SYSTEM_CONFIRMATION\04_RAW\ACTIVE_CAUSAL\1200c61aaaf0b5aced4393da.json
C:\RSOS\RSOS_CANONICAL_EXPERIMENT_CHAIN\033_EXP-016__WF2_Prospective_Cross_System_Confirmation\04_RAW\SOURCE\ACTIVE_CAUSAL\122c63bd31637afa05237d9f.json,1837,2fc12b13bf8be5fb1cde42a20ff092321e086ccf506646797a32092277c6e809,C:\RSOS\RSOS_EXPERIMENTS_WF2_PROSPECTIVE_CROSS_SYSTEM_CONFIRMATION\04_RAW\ACTIVE_CAUSAL\122c63bd31637afa05237d9f.json
C:\RSOS\RSOS_CANONICAL_EXPERIMENT_CHAIN\033_EXP-016__WF2_Prospective_Cross_System_Confirmation\04_RAW\SOURCE\ACTIVE_CAUSAL\12601527ce2256f6182235cb.json,3375,828ee873c52766e5c2f3b362308f6108884d060b7b4e33e0702bbc8f3a414a20,C:\RSOS\RSOS_EXPERIMENTS_WF2_PROSPECTIVE_CROSS_SYSTEM_CONFIRMATION\04_RAW\ACTIVE_CAUSAL\12601527ce2256f6182235cb.json
C:\RSOS\RSOS_CANONICAL_EXPERIMENT_CHAIN\033_EXP-016__WF2_Prospective_Cross_System_Confirmation\04_RAW\SOURCE\ACTIVE_CAUSAL\1274275edeeea4bc8f01b1b6.json,1827,573ef66a86b97754f4c8702d4fbc52a2c98c4d16aed7fff2c4de32aa4676f5d3,C:\RSOS\RSOS_EXPERIMENTS_WF2_PROSPECTIVE_CROSS_SYSTEM_CONFIRMATION\04_RAW\ACTIVE_CAUSAL\1274275edeeea4bc8f01b1b6.json
C:\RSOS\RSOS_CANONICAL_EXPERIMENT_CHAIN\033_EXP-016__WF2_Prospective_Cross_System_Confirmation\04_RAW\SOURCE\ACTIVE_CAUSAL\1276d9a77c526e254322f62d.json,3374,3ed8d37852f88b47df55088ac7dbee4c8b0a3f0175fcc9e70cada2f4c68d8389,C:\RSOS\RSOS_EXPERIMENTS_WF2_PROSPECTIVE_CROSS_SYSTEM_CONFIRMATION\04_RAW\ACTIVE_CAUSAL\1276d9a77c526e254322f62d.json
C:\RSOS\RSOS_CANONICAL_EXPERIMENT_CHAIN\033_EXP-016__WF2_Prospective_Cross_System_Confirmation\04_RAW\SOURCE\ACTIVE_CAUSAL\129b78d1be3b9baccc14be4d.json,1826,dae0231b4bf972d83cf9b9b43f13eb6df916c035b9ed6765d9434e4ccab2646c,C:\RSOS\RSOS_EXPERIMENTS_WF2_PROSPECTIVE_CROSS_SYSTEM_CONFIRMATION\04_RAW\ACTIVE_CAUSAL\129b78d1be3b9baccc14be4d.json
C:\RSOS\RSOS_CANONICAL_EXPERIMENT_CHAIN\033_EXP-016__WF2_Prospective_Cross_System_Confirmation\04_RAW\SOURCE\ACTIVE_CAUSAL\1301e9d852300e3645b8c1f7.json,1840,6d5a2622af987445e013b794a4a19f62fbc61c5cd38ac7b35bc0a2ac89250008,C:\RSOS\RSOS_EXPERIMENTS_WF2_PROSPECTIVE_CROSS_SYSTEM_CONFIRMATION\04_RAW\ACTIVE_CAUSAL\1301e9d852300e3645b8c1f7.json
C:\RSOS\RSOS_CANONICAL_EXPERIMENT_CHAIN\033_EXP-016__WF2_Prospective_Cross_System_Confirmation\04_RAW\SOURCE\ACTIVE_CAUSAL\1353f19bde56eb823ed04c15.json,1827,379c2c96c1bc204a6ed45aed306aaa8589f4636dc187ecef54e003204a9d9a8f,C:\RSOS\RSOS_EXPERIMENTS_WF2_PROSPECTIVE_CROSS_SYSTEM_CONFIRMATION\04_RAW\ACTIVE_CAUSAL\1353f19bde56eb823ed04c15.json
C:\RSOS\RSOS_CANONICAL_EXPERIMENT_CHAIN\033_EXP-016__WF2_Prospective_Cross_System_Confirmation\04_RAW\SOURCE\ACTIVE_CAUSAL\137feddfdecef78b6c118ca7.json,1981,b5f57a480287ff8b3a807c2feb1c477c49ceab4c029aabb69cdbb3b2b66fdc54,C:\RSOS\RSOS_EXPERIMENTS_WF2_PROSPECTIVE_CROSS_SYSTEM_CONFIRMATION\04_RAW\ACTIVE_CAUSAL\137feddfdecef78b6c118ca7.json
C:\RSOS\RSOS_CANONICAL_EXPERIMENT_CHAIN\033_EXP-016__WF2_Prospective_Cross_System_Confirmation\04_RAW\SOURCE\ACTIVE_CAUSAL\1382c5d6166abe1124603521.json,1826,30719ed38390495c52aa53da1d2f070c891497592deb221c5178023e93d0946e,C:\RSOS\RSOS_EXPERIMENTS_WF2_PROSPECTIVE_CROSS_SYSTEM_CONFIRMATION\04_RAW\ACTIVE_CAUSAL\1382c5d6166abe1124603521.json
C:\RSOS\RSOS_CANONICAL_EXPERIMENT_CHAIN\033_EXP-016__WF2_Prospective_Cross_System_Confirmation\04_RAW\SOURCE\ACTIVE_CAUSAL\140e23b7a91a427797111419.json,1835,3dd4f1b7364a61c0c06f4e0b4aa865b4564d491923229ae6336dbf340cf04dd0,C:\RSOS\RSOS_EXPERIMENTS_WF2_PROSPECTIVE_CROSS_SYSTEM_CONFIRMATION\04_RAW\ACTIVE_CAUSAL\140e23b7a91a427797111419.json
C:\RSOS\RSOS_CANONICAL_EXPERIMENT_CHAIN\033_EXP-016__WF2_Prospective_Cross_System_Confirmation\04_RAW\SOURCE\ACTIVE_CAUSAL\14128d9d99b14214596315d0.json,1826,772e978f22cc770783689f2d6fd5010584f505c3f5b8d12251bf0d4545740e68,C:\RSOS\RSOS_EXPERIMENTS_WF2_PROSPECTIVE_CROSS_SYSTEM_CONFIRMATION\04_RAW\ACTIVE_CAUSAL\14128d9d99b14214596315d0.json
C:\RSOS\RSOS_CANONICAL_EXPERIMENT_CHAIN\033_EXP-016__WF2_Prospective_Cross_System_Confirmation\04_RAW\SOURCE\ACTIVE_CAUSAL\141963f519e59984cdf32fdf.json,3381,757b91defaaf2b81c340c769cd1741ea91411d873ac7a646994d09966b7a6589,C:\RSOS\RSOS_EXPERIMENTS_WF2_PROSPECTIVE_CROSS_SYSTEM_CONFIRMATION\04_RAW\ACTIVE_CAUSAL\141963f519e59984cdf32fdf.json
C:\RSOS\RSOS_CANONICAL_EXPERIMENT_CHAIN\033_EXP-016__WF2_Prospective_Cross_System_Confirmation\04_RAW\SOURCE\ACTIVE_CAUSAL\1435354b8ac0b55c156dd1ce.json,1991,ea7a9fc50aa82215b601563692dee69c7b9880bee8b6c1565e1a936168207722,C:\RSOS\RSOS_EXPERIMENTS_WF2_PROSPECTIVE_CROSS_SYSTEM_CONFIRMATION\04_RAW\ACTIVE_CAUSAL\1435354b8ac0b55c156dd1ce.json
C:\RSOS\RSOS_CANONICAL_EXPERIMENT_CHAIN\033_EXP-016__WF2_Prospective_Cross_System_Confirmation\04_RAW\SOURCE\ACTIVE_CAUSAL\1444461d49d31286effbe3db.json,1826,199799fbbb041e72e28568ab8f0f87b70bc2c190d83efbed4b1cc56f01e56498,C:\RSOS\RSOS_EXPERIMENTS_WF2_PROSPECTIVE_CROSS_SYSTEM_CONFIRMATION\04_RAW\ACTIVE_CAUSAL\1444461d49d31286effbe3db.json
C:\RSOS\RSOS_CANONICAL_EXPERIMENT_CHAIN\033_EXP-016__WF2_Prospective_Cross_System_Confirmation\04_RAW\SOURCE\ACTIVE_CAUSAL\14592dacf352b5e9eb7566a5.json,3374,bb911d9c6606e650160f18b1465b185a0686154a0e894d64bc358e3ee0e1325c,C:\RSOS\RSOS_EXPERIMENTS_WF2_PROSPECTIVE_CROSS_SYSTEM_CONFIRMATION\04_RAW\ACTIVE_CAUSAL\14592dacf352b5e9eb7566a5.json
C:\RSOS\RSOS_CANONICAL_EXPERIMENT_CHAIN\033_EXP-016__WF2_Prospective_Cross_System_Confirmation\04_RAW\SOURCE\ACTIVE_CAUSAL\14ad75e26959508b053eb64f.json,3375,fae8b2659af5539cd18ab45dbc5c7b7ad4e696aad6d1164883cdc5d5f23bdfc4,C:\RSOS\RSOS_EXPERIMENTS_WF2_PROSPECTIVE_CROSS_SYSTEM_CONFIRMATION\04_RAW\ACTIVE_CAUSAL\14ad75e26959508b053eb64f.json
C:\RSOS\RSOS_CANONICAL_EXPERIMENT_CHAIN\033_EXP-016__WF2_Prospective_Cross_System_Confirmation\04_RAW\SOURCE\ACTIVE_CAUSAL\14bd7a67c7878fc7eb671cd6.json,1990,c3f819852f32b802e7bb7933b5e2ed92d0e7af5f3b89d64bbf56983473221f2c,C:\RSOS\RSOS_EXPERIMENTS_WF2_PROSPECTIVE_CROSS_SYSTEM_CONFIRMATION\04_RAW\ACTIVE_CAUSAL\14bd7a67c7878fc7eb671cd6.json
C:\RSOS\RSOS_CANONICAL_EXPERIMENT_CHAIN\033_EXP-016__WF2_Prospective_Cross_System_Confirmation\04_RAW\SOURCE\ACTIVE_CAUSAL\14c934519be54368a0b20067.json,3374,bfef2c9a3441d1d2951ccbc93500bb1407be3a1f344109ca9f887997d7bea7a7,C:\RSOS\RSOS_EXPERIMENTS_WF2_PROSPECTIVE_CROSS_SYSTEM_CONFIRMATION\04_RAW\ACTIVE_CAUSAL\14c934519be54368a0b20067.json
C:\RSOS\RSOS_CANONICAL_EXPERIMENT_CHAIN\033_EXP-016__WF2_Prospective_Cross_System_Confirmation\04_RAW\SOURCE\ACTIVE_CAUSAL\14cf52b8db9e55545772ec50.json,1980,a581470c8a9e0c0b39eb046b9e7f93726a857763059fe794c173bf749ff56442,C:\RSOS\RSOS_EXPERIMENTS_WF2_PROSPECTIVE_CROSS_SYSTEM_CONFIRMATION\04_RAW\ACTIVE_CAUSAL\14cf52b8db9e55545772ec50.json
C:\RSOS\RSOS_CANONICAL_EXPERIMENT_CHAIN\033_EXP-016__WF2_Prospective_Cross_System_Confirmation\04_RAW\SOURCE\ACTIVE_CAUSAL\14fa65b52a871a6287fc9456.json,1826,20a8a447c9fa861daae0e02bc9bc11478cc7780145650d4cfa6b37d047dcdb67,C:\RSOS\RSOS_EXPERIMENTS_WF2_PROSPECTIVE_CROSS_SYSTEM_CONFIRMATION\04_RAW\ACTIVE_CAUSAL\14fa65b52a871a6287fc9456.json
C:\RSOS\RSOS_CANONICAL_EXPERIMENT_CHAIN\033_EXP-016__WF2_Prospective_Cross_System_Confirmation\04_RAW\SOURCE\ACTIVE_CAUSAL\15191cf6d1a87d781c46d3f4.json,3374,bfc7050cfd86776ff8e8a6fb03f9e1f48aa03e59512130fa2f53688bbc319749,C:\RSOS\RSOS_EXPERIMENTS_WF2_PROSPECTIVE_CROSS_SYSTEM_CONFIRMATION\04_RAW\ACTIVE_CAUSAL\15191cf6d1a87d781c46d3f4.json
C:\RSOS\RSOS_CANONICAL_EXPERIMENT_CHAIN\033_EXP-016__WF2_Prospective_Cross_System_Confirmation\04_RAW\SOURCE\ACTIVE_CAUSAL\1538a27d3a4d5bd7dbb3260c.json,1990,f0aecf710e18858cefa30d280045fdc61f00f9a4d7f22549715e48347a850f6f,C:\RSOS\RSOS_EXPERIMENTS_WF2_PROSPECTIVE_CROSS_SYSTEM_CONFIRMATION\04_RAW\ACTIVE_CAUSAL\1538a27d3a4d5bd7dbb3260c.json
C:\RSOS\RSOS_CANONICAL_EXPERIMENT_CHAIN\033_EXP-016__WF2_Prospective_Cross_System_Confirmation\04_RAW\SOURCE\ACTIVE_CAUSAL\153d328facd233e7cb5644ff.json,3375,96c2093f2cbc6ac96dd88b0def61b3f83f0fad3342c87141d82db6f21106b00b,C:\RSOS\RSOS_EXPERIMENTS_WF2_PROSPECTIVE_CROSS_SYSTEM_CONFIRMATION\04_RAW\ACTIVE_CAUSAL\153d328facd233e7cb5644ff.json
C:\RSOS\RSOS_CANONICAL_EXPERIMENT_CHAIN\033_EXP-016__WF2_Prospective_Cross_System_Confirmation\04_RAW\SOURCE\ACTIVE_CAUSAL\15804f204a09eeaa1a3c6563.json,3374,43487fdbdd91b402d0ce04894ffc9e452328554b0ff0c70b7b4aca6252f30c7e,C:\RSOS\RSOS_EXPERIMENTS_WF2_PROSPECTIVE_CROSS_SYSTEM_CONFIRMATION\04_RAW\ACTIVE_CAUSAL\15804f204a09eeaa1a3c6563.json
C:\RSOS\RSOS_CANONICAL_EXPERIMENT_CHAIN\033_EXP-016__WF2_Prospective_Cross_System_Confirmation\04_RAW\SOURCE\ACTIVE_CAUSAL\1617ed6a8b495d990b8e3887.json,1991,0b5d43fd6b8cc3b022b1a5295b8fffe9b10c80fb2399b046672db805b8586949,C:\RSOS\RSOS_EXPERIMENTS_WF2_PROSPECTIVE_CROSS_SYSTEM_CONFIRMATION\04_RAW\ACTIVE_CAUSAL\1617ed6a8b495d990b8e3887.json
C:\RSOS\RSOS_CANONICAL_EXPERIMENT_CHAIN\033_EXP-016__WF2_Prospective_Cross_System_Confirmation\04_RAW\SOURCE\ACTIVE_CAUSAL\162b65459af9fdedfc9de1da.json,3374,75b4807af709a89252a6fe34ddc5bdf8c0fc37a2990315aa655e2dfc8a2d7092,C:\RSOS\RSOS_EXPERIMENTS_WF2_PROSPECTIVE_CROSS_SYSTEM_CONFIRMATION\04_RAW\ACTIVE_CAUSAL\162b65459af9fdedfc9de1da.json
C:\RSOS\RSOS_CANONICAL_EXPERIMENT_CHAIN\033_EXP-016__WF2_Prospective_Cross_System_Confirmation\04_RAW\SOURCE\ACTIVE_CAUSAL\1640fd700114b1b2d1fa3ebe.json,1752,eae6a3abcb627b6c167641cf3227d653ada6fc12f4b4aa9e7e8c0511da9fedd7,C:\RSOS\RSOS_EXPERIMENTS_WF2_PROSPECTIVE_CROSS_SYSTEM_CONFIRMATION\04_RAW\ACTIVE_CAUSAL\1640fd700114b1b2d1fa3ebe.json
C:\RSOS\RSOS_CANONICAL_EXPERIMENT_CHAIN\033_EXP-016__WF2_Prospective_Cross_System_Confirmation\04_RAW\SOURCE\ACTIVE_CAUSAL\164a21f5e7e1542f898d429c.json,3374,c3fb67aff65c6f94ea46a33ea2b89324611b5b3687f51290ee9b444db08db9d9,C:\RSOS\RSOS_EXPERIMENTS_WF2_PROSPECTIVE_CROSS_SYSTEM_CONFIRMATION\04_RAW\ACTIVE_CAUSAL\164a21f5e7e1542f898d429c.json
C:\RSOS\RSOS_CANONICAL_EXPERIMENT_CHAIN\033_EXP-016__WF2_Prospective_Cross_System_Confirmation\04_RAW\SOURCE\ACTIVE_CAUSAL\16663507520866d61a8e4ce4.json,1777,034c7566604570272a19e0f5fdc269d60e1053dc03139d157ab15c3c6ac481b6,C:\RSOS\RSOS_EXPERIMENTS_WF2_PROSPECTIVE_CROSS_SYSTEM_CONFIRMATION\04_RAW\ACTIVE_CAUSAL\16663507520866d61a8e4ce4.json
C:\RSOS\RSOS_CANONICAL_EXPERIMENT_CHAIN\033_EXP-016__WF2_Prospective_Cross_System_Confirmation\04_RAW\SOURCE\ACTIVE_CAUSAL\166e671930875e2a487fa42f.json,1827,4d6e0f322ba8ca81168cf761c328bf9636251dfffe9d18b3a5dfa42e3e7542dd,C:\RSOS\RSOS_EXPERIMENTS_WF2_PROSPECTIVE_CROSS_SYSTEM_CONFIRMATION\04_RAW\ACTIVE_CAUSAL\166e671930875e2a487fa42f.json
C:\RSOS\RSOS_CANONICAL_EXPERIMENT_CHAIN\033_EXP-016__WF2_Prospective_Cross_System_Confirmation\04_RAW\SOURCE\ACTIVE_CAUSAL\1699c9ecfb81af1474fffb29.json,1827,7be0ad9e9c29c1fef358328c4813e14315041b64edf3b0a1a5ba969b80f0401a,C:\RSOS\RSOS_EXPERIMENTS_WF2_PROSPECTIVE_CROSS_SYSTEM_CONFIRMATION\04_RAW\ACTIVE_CAUSAL\1699c9ecfb81af1474fffb29.json
C:\RSOS\RSOS_CANONICAL_EXPERIMENT_CHAIN\033_EXP-016__WF2_Prospective_Cross_System_Confirmation\04_RAW\SOURCE\ACTIVE_CAUSAL\16ae9e3ac50a2dc8595042a8.json,1767,709140c88b2b4404ebba8237a4419d693e18eee5310a64d7fc74525b53cf9b66,C:\RSOS\RSOS_EXPERIMENTS_WF2_PROSPECTIVE_CROSS_SYSTEM_CONFIRMATION\04_RAW\ACTIVE_CAUSAL\16ae9e3ac50a2dc8595042a8.json
C:\RSOS\RSOS_CANONICAL_EXPERIMENT_CHAIN\033_EXP-016__WF2_Prospective_Cross_System_Confirmation\04_RAW\SOURCE\ACTIVE_CAUSAL\16c1ebd35c6202b63bf0aece.json,3375,0d6ee1f1f5a11a84b993ed45b8e135c7664bcec507097321f34a4d2e649a7f01,C:\RSOS\RSOS_EXPERIMENTS_WF2_PROSPECTIVE_CROSS_SYSTEM_CONFIRMATION\04_RAW\ACTIVE_CAUSAL\16c1ebd35c6202b63bf0aece.json
C:\RSOS\RSOS_CANONICAL_EXPERIMENT_CHAIN\033_EXP-016__WF2_Prospective_Cross_System_Confirmation\04_RAW\SOURCE\ACTIVE_CAUSAL\16fbd02ec5779c1c7d6dc7a7.json,1833,50a8fef6e7e7681c175d9730f8b48c78ef4430581ea4ccea938e85780cfcd956,C:\RSOS\RSOS_EXPERIMENTS_WF2_PROSPECTIVE_CROSS_SYSTEM_CONFIRMATION\04_RAW\ACTIVE_CAUSAL\16fbd02ec5779c1c7d6dc7a7.json
C:\RSOS\RSOS_CANONICAL_EXPERIMENT_CHAIN\033_EXP-016__WF2_Prospective_Cross_System_Confirmation\04_RAW\SOURCE\ACTIVE_CAUSAL\16fe4e354cc0d8c28f64c0ec.json,2891,82041b5dc690ccf6938dd228ffef619212209a120bd2d0016a86b6c05ef18b1f,C:\RSOS\RSOS_EXPERIMENTS_WF2_PROSPECTIVE_CROSS_SYSTEM_CONFIRMATION\04_RAW\ACTIVE_CAUSAL\16fe4e354cc0d8c28f64c0ec.json
C:\RSOS\RSOS_CANONICAL_EXPERIMENT_CHAIN\033_EXP-016__WF2_Prospective_Cross_System_Confirmation\04_RAW\SOURCE\ACTIVE_CAUSAL\174c98229e0bda3b4d6a4ab8.json,1981,cb52b71950260dc939226d125868865a1dd0ea2b5f2a3923b79371004b1e8332,C:\RSOS\RSOS_EXPERIMENTS_WF2_PROSPECTIVE_CROSS_SYSTEM_CONFIRMATION\04_RAW\ACTIVE_CAUSAL\174c98229e0bda3b4d6a4ab8.json
C:\RSOS\RSOS_CANONICAL_EXPERIMENT_CHAIN\033_EXP-016__WF2_Prospective_Cross_System_Confirmation\04_RAW\SOURCE\ACTIVE_CAUSAL\1784ad515d4fd07c440008cf.json,1982,0dd62be5587484ae37613269d53ae520a13f89ca13ac9d15130ea161787ee139,C:\RSOS\RSOS_EXPERIMENTS_WF2_PROSPECTIVE_CROSS_SYSTEM_CONFIRMATION\04_RAW\ACTIVE_CAUSAL\1784ad515d4fd07c440008cf.json
C:\RSOS\RSOS_CANONICAL_EXPERIMENT_CHAIN\033_EXP-016__WF2_Prospective_Cross_System_Confirmation\04_RAW\SOURCE\ACTIVE_CAUSAL\17878bd7dc862b3d7039814c.json,3374,652be389422c776cc92fc45403399fb5833ae8847cd3300c6dc87b7a0e4d33ee,C:\RSOS\RSOS_EXPERIMENTS_WF2_PROSPECTIVE_CROSS_SYSTEM_CONFIRMATION\04_RAW\ACTIVE_CAUSAL\17878bd7dc862b3d7039814c.json
C:\RSOS\RSOS_CANONICAL_EXPERIMENT_CHAIN\033_EXP-016__WF2_Prospective_Cross_System_Confirmation\04_RAW\SOURCE\ACTIVE_CAUSAL\17c7dbd71a7fc777184bd61d.json,3375,b89b46cb27c83e6b403c4642fdf94e207555621025e62b544a6a1dc663e1782e,C:\RSOS\RSOS_EXPERIMENTS_WF2_PROSPECTIVE_CROSS_SYSTEM_CONFIRMATION\04_RAW\ACTIVE_CAUSAL\17c7dbd71a7fc777184bd61d.json
C:\RSOS\RSOS_CANONICAL_EXPERIMENT_CHAIN\033_EXP-016__WF2_Prospective_Cross_System_Confirmation\04_RAW\SOURCE\ACTIVE_CAUSAL\17c8f6ad4c1ad222d80debe2.json,3375,e4e1e6052172c00eff9a4fa01c2a9cc9bfffb5f7785adc40a747d2b16b79163b,C:\RSOS\RSOS_EXPERIMENTS_WF2_PROSPECTIVE_CROSS_SYSTEM_CONFIRMATION\04_RAW\ACTIVE_CAUSAL\17c8f6ad4c1ad222d80debe2.json
C:\RSOS\RSOS_CANONICAL_EXPERIMENT_CHAIN\033_EXP-016__WF2_Prospective_Cross_System_Confirmation\04_RAW\SOURCE\ACTIVE_CAUSAL\1871381222ae9550a9a13403.json,1981,936eeaf310130869c6521acb5fd5975db1cbc534a71069174033141f1769a551,C:\RSOS\RSOS_EXPERIMENTS_WF2_PROSPECTIVE_CROSS_SYSTEM_CONFIRMATION\04_RAW\ACTIVE_CAUSAL\1871381222ae9550a9a13403.json
C:\RSOS\RSOS_CANONICAL_EXPERIMENT_CHAIN\033_EXP-016__WF2_Prospective_Cross_System_Confirmation\04_RAW\SOURCE\ACTIVE_CAUSAL\18ae7db51c9175010375112b.json,1827,e0b692de197933ac75e9a2f6076c61b4085c9a17b6a95331319410f7778a97ad,C:\RSOS\RSOS_EXPERIMENTS_WF2_PROSPECTIVE_CROSS_SYSTEM_CONFIRMATION\04_RAW\ACTIVE_CAUSAL\18ae7db51c9175010375112b.json
C:\RSOS\RSOS_CANONICAL_EXPERIMENT_CHAIN\033_EXP-016__WF2_Prospective_Cross_System_Confirmation\04_RAW\SOURCE\ACTIVE_CAUSAL\18b7a847aaa04ff35403af3c.json,1826,2225cc0fd292d187f684bf6d251c629170f272030fe7c1e1eedf9504ffa3d5c3,C:\RSOS\RSOS_EXPERIMENTS_WF2_PROSPECTIVE_CROSS_SYSTEM_CONFIRMATION\04_RAW\ACTIVE_CAUSAL\18b7a847aaa04ff35403af3c.json
C:\RSOS\RSOS_CANONICAL_EXPERIMENT_CHAIN\033_EXP-016__WF2_Prospective_Cross_System_Confirmation\04_RAW\SOURCE\ACTIVE_CAUSAL\18f040eef3d930486151710f.json,1995,2424a2b40618b9414086e5cee722c988bfba81e9a604274ba077f404376b6b46,C:\RSOS\RSOS_EXPERIMENTS_WF2_PROSPECTIVE_CROSS_SYSTEM_CONFIRMATION\04_RAW\ACTIVE_CAUSAL\18f040eef3d930486151710f.json
C:\RSOS\RSOS_CANONICAL_EXPERIMENT_CHAIN\033_EXP-016__WF2_Prospective_Cross_System_Confirmation\04_RAW\SOURCE\ACTIVE_CAUSAL\1928ab761e5923930d7b9616.json,1991,d1d1913772c5c1c2fadf9dd787635f93abcedadd8050372e4492f0356598ef77,C:\RSOS\RSOS_EXPERIMENTS_WF2_PROSPECTIVE_CROSS_SYSTEM_CONFIRMATION\04_RAW\ACTIVE_CAUSAL\1928ab761e5923930d7b9616.json
C:\RSOS\RSOS_CANONICAL_EXPERIMENT_CHAIN\033_EXP-016__WF2_Prospective_Cross_System_Confirmation\04_RAW\SOURCE\ACTIVE_CAUSAL\192abaf4831d70b240a24265.json,3374,6144e0852abb643074715cdf975810bdc6e904a335d86030cd273ea599c4ed9f,C:\RSOS\RSOS_EXPERIMENTS_WF2_PROSPECTIVE_CROSS_SYSTEM_CONFIRMATION\04_RAW\ACTIVE_CAUSAL\192abaf4831d70b240a24265.json
C:\RSOS\RSOS_CANONICAL_EXPERIMENT_CHAIN\033_EXP-016__WF2_Prospective_Cross_System_Confirmation\04_RAW\SOURCE\ACTIVE_CAUSAL\192f095898f32a19cac2e834.json,1753,a9932609b560f90517c1ebc71cbfc8b92ced612eff273e2163a5550f80e95dde,C:\RSOS\RSOS_EXPERIMENTS_WF2_PROSPECTIVE_CROSS_SYSTEM_CONFIRMATION\04_RAW\ACTIVE_CAUSAL\192f095898f32a19cac2e834.json
C:\RSOS\RSOS_CANONICAL_EXPERIMENT_CHAIN\033_EXP-016__WF2_Prospective_Cross_System_Confirmation\04_RAW\SOURCE\ACTIVE_CAUSAL\193304a1d0cbf6f540a1e1fc.json,1981,fe8138a8475cdaa26c21f8c557211e8c55c1ec58448094c307e907778036631b,C:\RSOS\RSOS_EXPERIMENTS_WF2_PROSPECTIVE_CROSS_SYSTEM_CONFIRMATION\04_RAW\ACTIVE_CAUSAL\193304a1d0cbf6f540a1e1fc.json
C:\RSOS\RSOS_CANONICAL_EXPERIMENT_CHAIN\033_EXP-016__WF2_Prospective_Cross_System_Confirmation\04_RAW\SOURCE\ACTIVE_CAUSAL\194f9e31db5500d8f5b66e11.json,1826,e8b13000c7460f30f74509ee79e2ad32409cb77b99ffe2fe08c79995784e1972,C:\RSOS\RSOS_EXPERIMENTS_WF2_PROSPECTIVE_CROSS_SYSTEM_CONFIRMATION\04_RAW\ACTIVE_CAUSAL\194f9e31db5500d8f5b66e11.json
C:\RSOS\RSOS_CANONICAL_EXPERIMENT_CHAIN\033_EXP-016__WF2_Prospective_Cross_System_Confirmation\04_RAW\SOURCE\ACTIVE_CAUSAL\19632ef3a17c8ae8c61d3484.json,1875,1d8ff9c5aea6beadca23cc9b487bcbb4d962c4325db58d9d1239e206776c18a8,C:\RSOS\RSOS_EXPERIMENTS_WF2_PROSPECTIVE_CROSS_SYSTEM_CONFIRMATION\04_RAW\ACTIVE_CAUSAL\19632ef3a17c8ae8c61d3484.json
C:\RSOS\RSOS_CANONICAL_EXPERIMENT_CHAIN\033_EXP-016__WF2_Prospective_Cross_System_Confirmation\04_RAW\SOURCE\ACTIVE_CAUSAL\196d56eeec6b053738edb8fa.json,1996,8279f72cbc5cc99c59905c66cccd5cc7ea42da8576b632a13281dc1398c191cd,C:\RSOS\RSOS_EXPERIMENTS_WF2_PROSPECTIVE_CROSS_SYSTEM_CONFIRMATION\04_RAW\ACTIVE_CAUSAL\196d56eeec6b053738edb8fa.json
C:\RSOS\RSOS_CANONICAL_EXPERIMENT_CHAIN\033_EXP-016__WF2_Prospective_Cross_System_Confirmation\04_RAW\SOURCE\ACTIVE_CAUSAL\1970896a6ddb590dec2b145a.json,1827,ddf74f5d9ceec0fdd90e66ec105ec332e66b6ed63216a400e7ba594de9df1f32,C:\RSOS\RSOS_EXPERIMENTS_WF2_PROSPECTIVE_CROSS_SYSTEM_CONFIRMATION\04_RAW\ACTIVE_CAUSAL\1970896a6ddb590dec2b145a.json
C:\RSOS\RSOS_CANONICAL_EXPERIMENT_CHAIN\033_EXP-016__WF2_Prospective_Cross_System_Confirmation\04_RAW\SOURCE\ACTIVE_CAUSAL\19aa219934cea26272e13762.json,1827,d02ce9498bc78f4488ee87f286afd3b6721723b5c13597b8ecad93beea5bcb6d,C:\RSOS\RSOS_EXPERIMENTS_WF2_PROSPECTIVE_CROSS_SYSTEM_CONFIRMATION\04_RAW\ACTIVE_CAUSAL\19aa219934cea26272e13762.json
C:\RSOS\RSOS_CANONICAL_EXPERIMENT_CHAIN\033_EXP-016__WF2_Prospective_Cross_System_Confirmation\04_RAW\SOURCE\ACTIVE_CAUSAL\19cf2a9cecbda8447cdc4dc2.json,1767,602d0165f460ea9bbd7b449e405ef473fcc315e84d5e64a02c615c3399a71599,C:\RSOS\RSOS_EXPERIMENTS_WF2_PROSPECTIVE_CROSS_SYSTEM_CONFIRMATION\04_RAW\ACTIVE_CAUSAL\19cf2a9cecbda8447cdc4dc2.json
C:\RSOS\RSOS_CANONICAL_EXPERIMENT_CHAIN\033_EXP-016__WF2_Prospective_Cross_System_Confirmation\04_RAW\SOURCE\ACTIVE_CAUSAL\19dfeb8a70a61b7bd640824d.json,1826,76dd05b2098291dde7005905703734373f23927fb18b46861e67f67ea7f865b0,C:\RSOS\RSOS_EXPERIMENTS_WF2_PROSPECTIVE_CROSS_SYSTEM_CONFIRMATION\04_RAW\ACTIVE_CAUSAL\19dfeb8a70a61b7bd640824d.json
C:\RSOS\RSOS_CANONICAL_EXPERIMENT_CHAIN\033_EXP-016__WF2_Prospective_Cross_System_Confirmation\04_RAW\SOURCE\ACTIVE_CAUSAL\1a6deb5168edb436f1ed0066.json,1753,8231f101165a50ed1348c276b4daa1ba27d69b46a94f8c31a4bd1d505834df72,C:\RSOS\RSOS_EXPERIMENTS_WF2_PROSPECTIVE_CROSS_SYSTEM_CONFIRMATION\04_RAW\ACTIVE_CAUSAL\1a6deb5168edb436f1ed0066.json
C:\RSOS\RSOS_CANONICAL_EXPERIMENT_CHAIN\033_EXP-016__WF2_Prospective_Cross_System_Confirmation\04_RAW\SOURCE\ACTIVE_CAUSAL\1a9daa12e644d5414a21a047.json,1827,4e6253622ca17a91d738d160d1ef70f013e23f2b737925923d9566ff898e2939,C:\RSOS\RSOS_EXPERIMENTS_WF2_PROSPECTIVE_CROSS_SYSTEM_CONFIRMATION\04_RAW\ACTIVE_CAUSAL\1a9daa12e644d5414a21a047.json
C:\RSOS\RSOS_CANONICAL_EXPERIMENT_CHAIN\033_EXP-016__WF2_Prospective_Cross_System_Confirmation\04_RAW\SOURCE\ACTIVE_CAUSAL\1aa6e932fc7f812db0fba906.json,1876,b13d6bf53fa023edf1527edeb6cd40c94a8b670aef6f916dd23433088c0ebc88,C:\RSOS\RSOS_EXPERIMENTS_WF2_PROSPECTIVE_CROSS_SYSTEM_CONFIRMATION\04_RAW\ACTIVE_CAUSAL\1aa6e932fc7f812db0fba906.json
C:\RSOS\RSOS_CANONICAL_EXPERIMENT_CHAIN\033_EXP-016__WF2_Prospective_Cross_System_Confirmation\04_RAW\SOURCE\ACTIVE_CAUSAL\1ab86d5f548170ab3aff7547.json,1990,963402be870614b194365d26e0572adc670fcb41a77e6706d943498a3e6df29a,C:\RSOS\RSOS_EXPERIMENTS_WF2_PROSPECTIVE_CROSS_SYSTEM_CONFIRMATION\04_RAW\ACTIVE_CAUSAL\1ab86d5f548170ab3aff7547.json
C:\RSOS\RSOS_CANONICAL_EXPERIMENT_CHAIN\033_EXP-016__WF2_Prospective_Cross_System_Confirmation\04_RAW\SOURCE\ACTIVE_CAUSAL\1ae19e2386844491f61b6522.json,3384,0d045c9fb7ae47074e8d5042fb1e8065882375ea6a3550a2963bb7eb2661fa2f,C:\RSOS\RSOS_EXPERIMENTS_WF2_PROSPECTIVE_CROSS_SYSTEM_CONFIRMATION\04_RAW\ACTIVE_CAUSAL\1ae19e2386844491f61b6522.json
C:\RSOS\RSOS_CANONICAL_EXPERIMENT_CHAIN\033_EXP-016__WF2_Prospective_Cross_System_Confirmation\04_RAW\SOURCE\ACTIVE_CAUSAL\1ae24fb965d27daae7dff4e9.json,3375,7aa03a1bbfa85ff56d6f897a3829021afeb9a7c03ede0abedf99d1c5cf1b6df2,C:\RSOS\RSOS_EXPERIMENTS_WF2_PROSPECTIVE_CROSS_SYSTEM_CONFIRMATION\04_RAW\ACTIVE_CAUSAL\1ae24fb965d27daae7dff4e9.json
C:\RSOS\RSOS_CANONICAL_EXPERIMENT_CHAIN\033_EXP-016__WF2_Prospective_Cross_System_Confirmation\04_RAW\SOURCE\ACTIVE_CAUSAL\1af014a1b89d6cf23cfa7868.json,1827,602d1ab2102ff86cb2cc250d9715a69935873d428f6a2ec492c5b59bc0c471ce,C:\RSOS\RSOS_EXPERIMENTS_WF2_PROSPECTIVE_CROSS_SYSTEM_CONFIRMATION\04_RAW\ACTIVE_CAUSAL\1af014a1b89d6cf23cfa7868.json
C:\RSOS\RSOS_CANONICAL_EXPERIMENT_CHAIN\033_EXP-016__WF2_Prospective_Cross_System_Confirmation\04_RAW\SOURCE\ACTIVE_CAUSAL\1af0cb51ea88554e7ee439ba.json,3375,1643d15b54db314984eb3b818517c3870851713f8fedc75bee8112bf1bab2140,C:\RSOS\RSOS_EXPERIMENTS_WF2_PROSPECTIVE_CROSS_SYSTEM_CONFIRMATION\04_RAW\ACTIVE_CAUSAL\1af0cb51ea88554e7ee439ba.json
C:\RSOS\RSOS_CANONICAL_EXPERIMENT_CHAIN\033_EXP-016__WF2_Prospective_Cross_System_Confirmation\04_RAW\SOURCE\ACTIVE_CAUSAL\1b0dde8e5ee4631debffd39b.json,1826,9bf5a863e3f4ddba5c10716c91501707902f272c311b7562b786ced7a91dfad3,C:\RSOS\RSOS_EXPERIMENTS_WF2_PROSPECTIVE_CROSS_SYSTEM_CONFIRMATION\04_RAW\ACTIVE_CAUSAL\1b0dde8e5ee4631debffd39b.json
C:\RSOS\RSOS_CANONICAL_EXPERIMENT_CHAIN\033_EXP-016__WF2_Prospective_Cross_System_Confirmation\04_RAW\SOURCE\ACTIVE_CAUSAL\1b119a90fb4f97231b4b6d11.json,1835,d2d339e5740b32f35362029a2e2cedf54d7bf5f160e4ef3b693e9b7c6256ee3b,C:\RSOS\RSOS_EXPERIMENTS_WF2_PROSPECTIVE_CROSS_SYSTEM_CONFIRMATION\04_RAW\ACTIVE_CAUSAL\1b119a90fb4f97231b4b6d11.json
C:\RSOS\RSOS_CANONICAL_EXPERIMENT_CHAIN\033_EXP-016__WF2_Prospective_Cross_System_Confirmation\04_RAW\SOURCE\ACTIVE_CAUSAL\1b5d15244291b49254304e36.json,3374,e34e737a6fe8347ae43fb241a2001c98727e92df5b7cbf45c40735cd5c7ed1c9,C:\RSOS\RSOS_EXPERIMENTS_WF2_PROSPECTIVE_CROSS_SYSTEM_CONFIRMATION\04_RAW\ACTIVE_CAUSAL\1b5d15244291b49254304e36.json
C:\RSOS\RSOS_CANONICAL_EXPERIMENT_CHAIN\033_EXP-016__WF2_Prospective_Cross_System_Confirmation\04_RAW\SOURCE\ACTIVE_CAUSAL\1b80d09a50480b24be65339b.json,3375,ba008b4640d5d5f94c7fe61a8445df33ef93a967614f3cbefcccf61b16c95ca9,C:\RSOS\RSOS_EXPERIMENTS_WF2_PROSPECTIVE_CROSS_SYSTEM_CONFIRMATION\04_RAW\ACTIVE_CAUSAL\1b80d09a50480b24be65339b.json
C:\RSOS\RSOS_CANONICAL_EXPERIMENT_CHAIN\033_EXP-016__WF2_Prospective_Cross_System_Confirmation\04_RAW\SOURCE\ACTIVE_CAUSAL\1b97714c226c0756b00fc800.json,3389,3ca237d920bbc9b7a5cdc30bb852d8f4c17d4df68666d3565a132a286dc01168,C:\RSOS\RSOS_EXPERIMENTS_WF2_PROSPECTIVE_CROSS_SYSTEM_CONFIRMATION\04_RAW\ACTIVE_CAUSAL\1b97714c226c0756b00fc800.json
C:\RSOS\RSOS_CANONICAL_EXPERIMENT_CHAIN\033_EXP-016__WF2_Prospective_Cross_System_Confirmation\04_RAW\SOURCE\ACTIVE_CAUSAL\1bcd0d9c6a220bd812260c0d.json,1982,aafc294c9d5ecdba62f7f9e4417bf56d2f986bfd34060e921e206a6de43cebde,C:\RSOS\RSOS_EXPERIMENTS_WF2_PROSPECTIVE_CROSS_SYSTEM_CONFIRMATION\04_RAW\ACTIVE_CAUSAL\1bcd0d9c6a220bd812260c0d.json
C:\RSOS\RSOS_CANONICAL_EXPERIMENT_CHAIN\033_EXP-016__WF2_Prospective_Cross_System_Confirmation\04_RAW\SOURCE\ACTIVE_CAUSAL\1bf6cdf727a2386ce1588562.json,1990,c89f3e7f4eefc20475edc568d31a760da04a96dda6eeb52584a27ad32a998d88,C:\RSOS\RSOS_EXPERIMENTS_WF2_PROSPECTIVE_CROSS_SYSTEM_CONFIRMATION\04_RAW\ACTIVE_CAUSAL\1bf6cdf727a2386ce1588562.json
C:\RSOS\RSOS_CANONICAL_EXPERIMENT_CHAIN\033_EXP-016__WF2_Prospective_Cross_System_Confirmation\04_RAW\SOURCE\ACTIVE_CAUSAL\1bfb7b14e5b554a5bf1fbe68.json,3374,d1bf0fbf8800fe0bdd475b6c5a153e9fb8820faceb7f10337935be94b55ab868,C:\RSOS\RSOS_EXPERIMENTS_WF2_PROSPECTIVE_CROSS_SYSTEM_CONFIRMATION\04_RAW\ACTIVE_CAUSAL\1bfb7b14e5b554a5bf1fbe68.json
C:\RSOS\RSOS_CANONICAL_EXPERIMENT_CHAIN\033_EXP-016__WF2_Prospective_Cross_System_Confirmation\04_RAW\SOURCE\ACTIVE_CAUSAL\1c274795c3411b3f999c6ce5.json,3385,ba40c40e1ac377b29b26c0c909bf84483fd44c01a8c80015dec29a6ef0e9aaff,C:\RSOS\RSOS_EXPERIMENTS_WF2_PROSPECTIVE_CROSS_SYSTEM_CONFIRMATION\04_RAW\ACTIVE_CAUSAL\1c274795c3411b3f999c6ce5.json
C:\RSOS\RSOS_CANONICAL_EXPERIMENT_CHAIN\033_EXP-016__WF2_Prospective_Cross_System_Confirmation\04_RAW\SOURCE\ACTIVE_CAUSAL\1c4a1927256e289ae0ea949b.json,3375,a67101f70807e01ebfd1bce9542520570ce2f02f49e8fdac49c4033d5b08a08d,C:\RSOS\RSOS_EXPERIMENTS_WF2_PROSPECTIVE_CROSS_SYSTEM_CONFIRMATION\04_RAW\ACTIVE_CAUSAL\1c4a1927256e289ae0ea949b.json
C:\RSOS\RSOS_CANONICAL_EXPERIMENT_CHAIN\033_EXP-016__WF2_Prospective_Cross_System_Confirmation\04_RAW\SOURCE\ACTIVE_CAUSAL\1c990c46de84b39fb2721f13.json,3384,08d237aaed61d3535466993167bc696996be291a84dba9eecf614022cbbce1ef,C:\RSOS\RSOS_EXPERIMENTS_WF2_PROSPECTIVE_CROSS_SYSTEM_CONFIRMATION\04_RAW\ACTIVE_CAUSAL\1c990c46de84b39fb2721f13.json
C:\RSOS\RSOS_CANONICAL_EXPERIMENT_CHAIN\033_EXP-016__WF2_Prospective_Cross_System_Confirmation\04_RAW\SOURCE\ACTIVE_CAUSAL\1cbc59c4fc8802ffd92bea7f.json,1762,13a0f935c24f03dbc5dba7ded67700f3a82806614e15aeec529ccaab2da66ae0,C:\RSOS\RSOS_EXPERIMENTS_WF2_PROSPECTIVE_CROSS_SYSTEM_CONFIRMATION\04_RAW\ACTIVE_CAUSAL\1cbc59c4fc8802ffd92bea7f.json
C:\RSOS\RSOS_CANONICAL_EXPERIMENT_CHAIN\033_EXP-016__WF2_Prospective_Cross_System_Confirmation\04_RAW\SOURCE\ACTIVE_CAUSAL\1d1be5ba2b40d0f890382b87.json,3374,c54cb6a88f7eb4995897cba1e49989ea2c0ee91c248615f080038b70c476fa85,C:\RSOS\RSOS_EXPERIMENTS_WF2_PROSPECTIVE_CROSS_SYSTEM_CONFIRMATION\04_RAW\ACTIVE_CAUSAL\1d1be5ba2b40d0f890382b87.json
C:\RSOS\RSOS_CANONICAL_EXPERIMENT_CHAIN\033_EXP-016__WF2_Prospective_Cross_System_Confirmation\04_RAW\SOURCE\ACTIVE_CAUSAL\1d1eb6736a4833131df5ae91.json,1835,3eacd28bab720045d218a6659e4ca4b7808b955f7c1a804760bc314f03160669,C:\RSOS\RSOS_EXPERIMENTS_WF2_PROSPECTIVE_CROSS_SYSTEM_CONFIRMATION\04_RAW\ACTIVE_CAUSAL\1d1eb6736a4833131df5ae91.json
C:\RSOS\RSOS_CANONICAL_EXPERIMENT_CHAIN\033_EXP-016__WF2_Prospective_Cross_System_Confirmation\04_RAW\SOURCE\ACTIVE_CAUSAL\1d46a10116edc3e19e02f1ca.json,1841,43bbc58d95e42da8bff41d2d07abe5884b6945028e7507d4d56cdd210bc960cd,C:\RSOS\RSOS_EXPERIMENTS_WF2_PROSPECTIVE_CROSS_SYSTEM_CONFIRMATION\04_RAW\ACTIVE_CAUSAL\1d46a10116edc3e19e02f1ca.json
C:\RSOS\RSOS_CANONICAL_EXPERIMENT_CHAIN\033_EXP-016__WF2_Prospective_Cross_System_Confirmation\04_RAW\SOURCE\ACTIVE_CAUSAL\1d4abbd86f7dc29db77f941d.json,3374,78d28f569600e929fec83d5d4e305cf22fe2125212839565c9819b8f682adf93,C:\RSOS\RSOS_EXPERIMENTS_WF2_PROSPECTIVE_CROSS_SYSTEM_CONFIRMATION\04_RAW\ACTIVE_CAUSAL\1d4abbd86f7dc29db77f941d.json
C:\RSOS\RSOS_CANONICAL_EXPERIMENT_CHAIN\033_EXP-016__WF2_Prospective_Cross_System_Confirmation\04_RAW\SOURCE\ACTIVE_CAUSAL\1d6e268e8c225ae8946eb623.json,1990,41228d2a1ef371e9ea6dc372cd8c425509907f2dbc9c3755b6c095a49d624932,C:\RSOS\RSOS_EXPERIMENTS_WF2_PROSPECTIVE_CROSS_SYSTEM_CONFIRMATION\04_RAW\ACTIVE_CAUSAL\1d6e268e8c225ae8946eb623.json
C:\RSOS\RSOS_CANONICAL_EXPERIMENT_CHAIN\033_EXP-016__WF2_Prospective_Cross_System_Confirmation\04_RAW\SOURCE\ACTIVE_CAUSAL\1d89825f65b8684cb1d87bec.json,1981,b91fd800b0f68056ff8da379253b96c7754392660d338fc5be5523757b6ad4ef,C:\RSOS\RSOS_EXPERIMENTS_WF2_PROSPECTIVE_CROSS_SYSTEM_CONFIRMATION\04_RAW\ACTIVE_CAUSAL\1d89825f65b8684cb1d87bec.json
C:\RSOS\RSOS_CANONICAL_EXPERIMENT_CHAIN\033_EXP-016__WF2_Prospective_Cross_System_Confirmation\04_RAW\SOURCE\ACTIVE_CAUSAL\1d9ec49987d3cdf16c7bb93b.json,1826,e4d45e857e24a89e4acae488988f6f2b3e5827784ae1706bd1cf37a0c4f6e03e,C:\RSOS\RSOS_EXPERIMENTS_WF2_PROSPECTIVE_CROSS_SYSTEM_CONFIRMATION\04_RAW\ACTIVE_CAUSAL\1d9ec49987d3cdf16c7bb93b.json
C:\RSOS\RSOS_CANONICAL_EXPERIMENT_CHAIN\033_EXP-016__WF2_Prospective_Cross_System_Confirmation\04_RAW\SOURCE\ACTIVE_CAUSAL\1df1985ee6d54d904784727e.json,1826,d01ef0d019a2196457d6ea9b53b8ad2ae834243834b633825e366ec214d21a39,C:\RSOS\RSOS_EXPERIMENTS_WF2_PROSPECTIVE_CROSS_SYSTEM_CONFIRMATION\04_RAW\ACTIVE_CAUSAL\1df1985ee6d54d904784727e.json
C:\RSOS\RSOS_CANONICAL_EXPERIMENT_CHAIN\033_EXP-016__WF2_Prospective_Cross_System_Confirmation\04_RAW\SOURCE\ACTIVE_CAUSAL\1e04a49a9d3ee746d1e3dcd3.json,1982,72db00dd8fb7ff72b651f3eb1b72f396a4a325a6969822225512f28701aa7c86,C:\RSOS\RSOS_EXPERIMENTS_WF2_PROSPECTIVE_CROSS_SYSTEM_CONFIRMATION\04_RAW\ACTIVE_CAUSAL\1e04a49a9d3ee746d1e3dcd3.json
C:\RSOS\RSOS_CANONICAL_EXPERIMENT_CHAIN\033_EXP-016__WF2_Prospective_Cross_System_Confirmation\04_RAW\SOURCE\ACTIVE_CAUSAL\1e371aee7d9fbe2e1047c2c4.json,1840,3fc954b867c9162acc07b3a629d26916fe14df75e34b7b0a5f4a2cdc49475704,C:\RSOS\RSOS_EXPERIMENTS_WF2_PROSPECTIVE_CROSS_SYSTEM_CONFIRMATION\04_RAW\ACTIVE_CAUSAL\1e371aee7d9fbe2e1047c2c4.json
C:\RSOS\RSOS_CANONICAL_EXPERIMENT_CHAIN\033_EXP-016__WF2_Prospective_Cross_System_Confirmation\04_RAW\SOURCE\ACTIVE_CAUSAL\1e47b4a74808c5c09d022d06.json,1992,8c50057b36518554c6c40045dde51551f21bae55742b14ef4ef8b0c61d0679c2,C:\RSOS\RSOS_EXPERIMENTS_WF2_PROSPECTIVE_CROSS_SYSTEM_CONFIRMATION\04_RAW\ACTIVE_CAUSAL\1e47b4a74808c5c09d022d06.json
C:\RSOS\RSOS_CANONICAL_EXPERIMENT_CHAIN\033_EXP-016__WF2_Prospective_Cross_System_Confirmation\04_RAW\SOURCE\ACTIVE_CAUSAL\1e6c5d4a42ebedde51dc9cd4.json,1836,3f7a67529422cd49fe0b4deb6f144633a7b209245a673a1c97804c47a867e621,C:\RSOS\RSOS_EXPERIMENTS_WF2_PROSPECTIVE_CROSS_SYSTEM_CONFIRMATION\04_RAW\ACTIVE_CAUSAL\1e6c5d4a42ebedde51dc9cd4.json
C:\RSOS\RSOS_CANONICAL_EXPERIMENT_CHAIN\033_EXP-016__WF2_Prospective_Cross_System_Confirmation\04_RAW\SOURCE\ACTIVE_CAUSAL\1e9ee8f7eaf45efbf467715d.json,3385,5b5e0301de92adf1668f294a1d7b7701d8bb075fec8817bfb56c41524bf3646e,C:\RSOS\RSOS_EXPERIMENTS_WF2_PROSPECTIVE_CROSS_SYSTEM_CONFIRMATION\04_RAW\ACTIVE_CAUSAL\1e9ee8f7eaf45efbf467715d.json
C:\RSOS\RSOS_CANONICAL_EXPERIMENT_CHAIN\033_EXP-016__WF2_Prospective_Cross_System_Confirmation\04_RAW\SOURCE\ACTIVE_CAUSAL\1ea6f9787693cf7ed93c94be.json,1826,99488883716709533fa842e86e6a6644e9921cfb60adf5fb970e3f998bcc9461,C:\RSOS\RSOS_EXPERIMENTS_WF2_PROSPECTIVE_CROSS_SYSTEM_CONFIRMATION\04_RAW\ACTIVE_CAUSAL\1ea6f9787693cf7ed93c94be.json
C:\RSOS\RSOS_CANONICAL_EXPERIMENT_CHAIN\033_EXP-016__WF2_Prospective_Cross_System_Confirmation\04_RAW\SOURCE\ACTIVE_CAUSAL\1eb5054555f916ec239e0cda.json,1827,1a43510ecef50b6f4dea384356facfabf079340adb3bf01981c1242c9c1dfcb7,C:\RSOS\RSOS_EXPERIMENTS_WF2_PROSPECTIVE_CROSS_SYSTEM_CONFIRMATION\04_RAW\ACTIVE_CAUSAL\1eb5054555f916ec239e0cda.json
C:\RSOS\RSOS_CANONICAL_EXPERIMENT_CHAIN\033_EXP-016__WF2_Prospective_Cross_System_Confirmation\04_RAW\SOURCE\ACTIVE_CAUSAL\1f04c82a2de9dcfc82616618.json,1980,349c9a45f2cf975be1e96b482bf091e962f5030a81f4edfc8c13536d420889ca,C:\RSOS\RSOS_EXPERIMENTS_WF2_PROSPECTIVE_CROSS_SYSTEM_CONFIRMATION\04_RAW\ACTIVE_CAUSAL\1f04c82a2de9dcfc82616618.json
C:\RSOS\RSOS_CANONICAL_EXPERIMENT_CHAIN\033_EXP-016__WF2_Prospective_Cross_System_Confirmation\04_RAW\SOURCE\ACTIVE_CAUSAL\1f3c61f8fc839dea46242717.json,1982,6cafc1986edd007891c7813f6929409be4a33eaf2c8a2c51ec74be9f98038d42,C:\RSOS\RSOS_EXPERIMENTS_WF2_PROSPECTIVE_CROSS_SYSTEM_CONFIRMATION\04_RAW\ACTIVE_CAUSAL\1f3c61f8fc839dea46242717.json
C:\RSOS\RSOS_CANONICAL_EXPERIMENT_CHAIN\033_EXP-016__WF2_Prospective_Cross_System_Confirmation\04_RAW\SOURCE\ACTIVE_CAUSAL\1fa0b5c847c77fbf16d88b59.json,1835,5a9df0adcb892695a706a51d3e4bcfd1b5ac5b1a21b7f87b9fc82f4230639b8c,C:\RSOS\RSOS_EXPERIMENTS_WF2_PROSPECTIVE_CROSS_SYSTEM_CONFIRMATION\04_RAW\ACTIVE_CAUSAL\1fa0b5c847c77fbf16d88b59.json
C:\RSOS\RSOS_CANONICAL_EXPERIMENT_CHAIN\033_EXP-016__WF2_Prospective_Cross_System_Confirmation\04_RAW\SOURCE\ACTIVE_CAUSAL\1feee52dc5d03cb7e4246782.json,1874,d60441089b1ce507034bd9b9bb323272d96837a0cd6f74979d9e92b7f68996c1,C:\RSOS\RSOS_EXPERIMENTS_WF2_PROSPECTIVE_CROSS_SYSTEM_CONFIRMATION\04_RAW\ACTIVE_CAUSAL\1feee52dc5d03cb7e4246782.json
C:\RSOS\RSOS_CANONICAL_EXPERIMENT_CHAIN\033_EXP-016__WF2_Prospective_Cross_System_Confirmation\04_RAW\SOURCE\ACTIVE_CAUSAL\1ff5616c99b4d68b414e11bc.json,1981,e5365161a5efa05cba747f28ef7a9733f91b1b8a6534dfe9522c9b670e257514,C:\RSOS\RSOS_EXPERIMENTS_WF2_PROSPECTIVE_CROSS_SYSTEM_CONFIRMATION\04_RAW\ACTIVE_CAUSAL\1ff5616c99b4d68b414e11bc.json
C:\RSOS\RSOS_CANONICAL_EXPERIMENT_CHAIN\033_EXP-016__WF2_Prospective_Cross_System_Confirmation\04_RAW\SOURCE\ACTIVE_CAUSAL\202a5cc0198c0807b6a1f0e8.json,1753,460cefde0a454f0e76393236f8ddc92cc205df6c93f0f4f90fe268b7f8c2b7c5,C:\RSOS\RSOS_EXPERIMENTS_WF2_PROSPECTIVE_CROSS_SYSTEM_CONFIRMATION\04_RAW\ACTIVE_CAUSAL\202a5cc0198c0807b6a1f0e8.json
C:\RSOS\RSOS_CANONICAL_EXPERIMENT_CHAIN\033_EXP-016__WF2_Prospective_Cross_System_Confirmation\04_RAW\SOURCE\ACTIVE_CAUSAL\204a11495d7e9c92665c4a15.json,3376,9454f85fc3489aff37d64dd2c2840a239c2adc806232f747461037f9f781faea,C:\RSOS\RSOS_EXPERIMENTS_WF2_PROSPECTIVE_CROSS_SYSTEM_CONFIRMATION\04_RAW\ACTIVE_CAUSAL\204a11495d7e9c92665c4a15.json
C:\RSOS\RSOS_CANONICAL_EXPERIMENT_CHAIN\033_EXP-016__WF2_Prospective_Cross_System_Confirmation\04_RAW\SOURCE\ACTIVE_CAUSAL\20ba8b4d672d6b2dae536785.json,1835,d1d79e9244942dbb6285fec5a9279f2e83c7033233c8865fa6d9c79de941181d,C:\RSOS\RSOS_EXPERIMENTS_WF2_PROSPECTIVE_CROSS_SYSTEM_CONFIRMATION\04_RAW\ACTIVE_CAUSAL\20ba8b4d672d6b2dae536785.json
C:\RSOS\RSOS_CANONICAL_EXPERIMENT_CHAIN\033_EXP-016__WF2_Prospective_Cross_System_Confirmation\04_RAW\SOURCE\ACTIVE_CAUSAL\20de2b5b4b1444bb6e214f37.json,1860,05115bb3f71c999f2abe7c2e8b84e60e3507de7125da85f25dc5e86f9a922367,C:\RSOS\RSOS_EXPERIMENTS_WF2_PROSPECTIVE_CROSS_SYSTEM_CONFIRMATION\04_RAW\ACTIVE_CAUSAL\20de2b5b4b1444bb6e214f37.json
C:\RSOS\RSOS_CANONICAL_EXPERIMENT_CHAIN\033_EXP-016__WF2_Prospective_Cross_System_Confirmation\04_RAW\SOURCE\ACTIVE_CAUSAL\20e6fb26a023c7d8480858ed.json,1841,252f08376002ce022419ac37b9fa7082baf00de9494d2969c8e4f3faab1011fe,C:\RSOS\RSOS_EXPERIMENTS_WF2_PROSPECTIVE_CROSS_SYSTEM_CONFIRMATION\04_RAW\ACTIVE_CAUSAL\20e6fb26a023c7d8480858ed.json
C:\RSOS\RSOS_CANONICAL_EXPERIMENT_CHAIN\033_EXP-016__WF2_Prospective_Cross_System_Confirmation\04_RAW\SOURCE\ACTIVE_CAUSAL\216093534747f45abf38be6f.json,1981,b8832017918b5a3e89b07ac78f8d9cddc5b9065481a1786e6d5615f57919b9a7,C:\RSOS\RSOS_EXPERIMENTS_WF2_PROSPECTIVE_CROSS_SYSTEM_CONFIRMATION\04_RAW\ACTIVE_CAUSAL\216093534747f45abf38be6f.json
C:\RSOS\RSOS_CANONICAL_EXPERIMENT_CHAIN\033_EXP-016__WF2_Prospective_Cross_System_Confirmation\04_RAW\SOURCE\ACTIVE_CAUSAL\217898c86595aeeff2524d21.json,3375,0f9ad644f51c24b61e9057a99db919c1612ba1505eb4e7f98fe86e9bb3ad20ef,C:\RSOS\RSOS_EXPERIMENTS_WF2_PROSPECTIVE_CROSS_SYSTEM_CONFIRMATION\04_RAW\ACTIVE_CAUSAL\217898c86595aeeff2524d21.json
C:\RSOS\RSOS_CANONICAL_EXPERIMENT_CHAIN\033_EXP-016__WF2_Prospective_Cross_System_Confirmation\04_RAW\SOURCE\ACTIVE_CAUSAL\2186ca0b50b0fb9bb8fec570.json,3381,34afa7c3b8d336f6210d8333a9cfd979e99dcb0dc6da259c90e20ecfd7dadbf3,C:\RSOS\RSOS_EXPERIMENTS_WF2_PROSPECTIVE_CROSS_SYSTEM_CONFIRMATION\04_RAW\ACTIVE_CAUSAL\2186ca0b50b0fb9bb8fec570.json
C:\RSOS\RSOS_CANONICAL_EXPERIMENT_CHAIN\033_EXP-016__WF2_Prospective_Cross_System_Confirmation\04_RAW\SOURCE\ACTIVE_CAUSAL\219a53738ce10b0733ae7be1.json,1990,21d41cab3509223bfe20edc9b22a6f209e7c71d5142da86c39264e2c4333a8b7,C:\RSOS\RSOS_EXPERIMENTS_WF2_PROSPECTIVE_CROSS_SYSTEM_CONFIRMATION\04_RAW\ACTIVE_CAUSAL\219a53738ce10b0733ae7be1.json
C:\RSOS\RSOS_CANONICAL_EXPERIMENT_CHAIN\033_EXP-016__WF2_Prospective_Cross_System_Confirmation\04_RAW\SOURCE\ACTIVE_CAUSAL\21ab6f4c18b040ab896290b7.json,3375,8bfdee99c6f0e3cc3940c809763632dd437edbb9f727190b36e50dfce1d7ed95,C:\RSOS\RSOS_EXPERIMENTS_WF2_PROSPECTIVE_CROSS_SYSTEM_CONFIRMATION\04_RAW\ACTIVE_CAUSAL\21ab6f4c18b040ab896290b7.json
C:\RSOS\RSOS_CANONICAL_EXPERIMENT_CHAIN\033_EXP-016__WF2_Prospective_Cross_System_Confirmation\04_RAW\SOURCE\ACTIVE_CAUSAL\21df18311f4e6c2723e3c933.json,3375,ca5b71092cc2f2413eb3880b75c361d6500067ad2e04a8328b0a2c0415c3d367,C:\RSOS\RSOS_EXPERIMENTS_WF2_PROSPECTIVE_CROSS_SYSTEM_CONFIRMATION\04_RAW\ACTIVE_CAUSAL\21df18311f4e6c2723e3c933.json
C:\RSOS\RSOS_CANONICAL_EXPERIMENT_CHAIN\033_EXP-016__WF2_Prospective_Cross_System_Confirmation\04_RAW\SOURCE\ACTIVE_CAUSAL\2208b3c035e631c39512b7be.json,1753,94bcf38a8490226c7ff3bd4332e3a820aff79741adf6f726cfd87a9746725034,C:\RSOS\RSOS_EXPERIMENTS_WF2_PROSPECTIVE_CROSS_SYSTEM_CONFIRMATION\04_RAW\ACTIVE_CAUSAL\2208b3c035e631c39512b7be.json
C:\RSOS\RSOS_CANONICAL_EXPERIMENT_CHAIN\033_EXP-016__WF2_Prospective_Cross_System_Confirmation\04_RAW\SOURCE\ACTIVE_CAUSAL\2211c019e5273b1f984e8012.json,1826,6e2471f70f9ebfec7d7bfe7f7a458e38f5d0a2b593d41f8d48072736cf2b6cd4,C:\RSOS\RSOS_EXPERIMENTS_WF2_PROSPECTIVE_CROSS_SYSTEM_CONFIRMATION\04_RAW\ACTIVE_CAUSAL\2211c019e5273b1f984e8012.json
C:\RSOS\RSOS_CANONICAL_EXPERIMENT_CHAIN\033_EXP-016__WF2_Prospective_Cross_System_Confirmation\04_RAW\SOURCE\ACTIVE_CAUSAL\2226d506a3af897163b8bbe1.json,1837,5c93db5c052cefe7199effb278b0c237df8b97ccfe028f8fb47c33f6c82a47d6,C:\RSOS\RSOS_EXPERIMENTS_WF2_PROSPECTIVE_CROSS_SYSTEM_CONFIRMATION\04_RAW\ACTIVE_CAUSAL\2226d506a3af897163b8bbe1.json
C:\RSOS\RSOS_CANONICAL_EXPERIMENT_CHAIN\033_EXP-016__WF2_Prospective_Cross_System_Confirmation\04_RAW\SOURCE\ACTIVE_CAUSAL\22391eb4f2e1838d6cb7e471.json,1827,b54932bdeb444a24c25071e1cac1f14028ed81460eabdd7a7316565f7db8ab29,C:\RSOS\RSOS_EXPERIMENTS_WF2_PROSPECTIVE_CROSS_SYSTEM_CONFIRMATION\04_RAW\ACTIVE_CAUSAL\22391eb4f2e1838d6cb7e471.json
C:\RSOS\RSOS_CANONICAL_EXPERIMENT_CHAIN\033_EXP-016__WF2_Prospective_Cross_System_Confirmation\04_RAW\SOURCE\ACTIVE_CAUSAL\224f7c7c9c34fd3f2d8bd9ff.json,3375,de2dbd5e100e012b92ed867e89cdee8d6f056871fd4bad8c7d2da0a287437c1f,C:\RSOS\RSOS_EXPERIMENTS_WF2_PROSPECTIVE_CROSS_SYSTEM_CONFIRMATION\04_RAW\ACTIVE_CAUSAL\224f7c7c9c34fd3f2d8bd9ff.json
C:\RSOS\RSOS_CANONICAL_EXPERIMENT_CHAIN\033_EXP-016__WF2_Prospective_Cross_System_Confirmation\04_RAW\SOURCE\ACTIVE_CAUSAL\228b57819f3ed9b71cfe50cc.json,1981,5d936cd8b3de37b680ca6c77cd394985fe60acdd8aa2d0e7231b97e9ba1eee4e,C:\RSOS\RSOS_EXPERIMENTS_WF2_PROSPECTIVE_CROSS_SYSTEM_CONFIRMATION\04_RAW\ACTIVE_CAUSAL\228b57819f3ed9b71cfe50cc.json
C:\RSOS\RSOS_CANONICAL_EXPERIMENT_CHAIN\033_EXP-016__WF2_Prospective_Cross_System_Confirmation\04_RAW\SOURCE\ACTIVE_CAUSAL\2292237995e48b59d7ab5b1b.json,1787,7e14e00b36be24401e1dc7a0119d9b6fc72eaeb091614945fdbda45e53f5ca68,C:\RSOS\RSOS_EXPERIMENTS_WF2_PROSPECTIVE_CROSS_SYSTEM_CONFIRMATION\04_RAW\ACTIVE_CAUSAL\2292237995e48b59d7ab5b1b.json
C:\RSOS\RSOS_CANONICAL_EXPERIMENT_CHAIN\033_EXP-016__WF2_Prospective_Cross_System_Confirmation\04_RAW\SOURCE\ACTIVE_CAUSAL\22bcc12392d7ea5635b4b77b.json,1827,9b4114d62ffc926c7e644f6a5295f5b91dda8392d10ccb6063d67560e08cce39,C:\RSOS\RSOS_EXPERIMENTS_WF2_PROSPECTIVE_CROSS_SYSTEM_CONFIRMATION\04_RAW\ACTIVE_CAUSAL\22bcc12392d7ea5635b4b77b.json
C:\RSOS\RSOS_CANONICAL_EXPERIMENT_CHAIN\033_EXP-016__WF2_Prospective_Cross_System_Confirmation\04_RAW\SOURCE\ACTIVE_CAUSAL\22c11d9feb874389447dd356.json,3374,bd5d9acb155d035627870648188cd426d538a1de0c0842b54ce450a98ac0047e,C:\RSOS\RSOS_EXPERIMENTS_WF2_PROSPECTIVE_CROSS_SYSTEM_CONFIRMATION\04_RAW\ACTIVE_CAUSAL\22c11d9feb874389447dd356.json
C:\RSOS\RSOS_CANONICAL_EXPERIMENT_CHAIN\033_EXP-016__WF2_Prospective_Cross_System_Confirmation\04_RAW\SOURCE\ACTIVE_CAUSAL\22cc25d4547d6743cca1665f.json,3374,d9d70bb5f061e5431ac783cc8112c0c183932f8a90abb8e620eed265c49ae8fe,C:\RSOS\RSOS_EXPERIMENTS_WF2_PROSPECTIVE_CROSS_SYSTEM_CONFIRMATION\04_RAW\ACTIVE_CAUSAL\22cc25d4547d6743cca1665f.json
C:\RSOS\RSOS_CANONICAL_EXPERIMENT_CHAIN\033_EXP-016__WF2_Prospective_Cross_System_Confirmation\04_RAW\SOURCE\ACTIVE_CAUSAL\22d70f86d451552450b4d93e.json,1981,ede0e8b73ab55448e4003d225c7f20633c655ed5be7eb8ec18caad29f7735af4,C:\RSOS\RSOS_EXPERIMENTS_WF2_PROSPECTIVE_CROSS_SYSTEM_CONFIRMATION\04_RAW\ACTIVE_CAUSAL\22d70f86d451552450b4d93e.json
C:\RSOS\RSOS_CANONICAL_EXPERIMENT_CHAIN\033_EXP-016__WF2_Prospective_Cross_System_Confirmation\04_RAW\SOURCE\ACTIVE_CAUSAL\22d78fce6df826bbb8d4ba46.json,1982,5f843e797d969a427211370fa29cebe6f60ad610119645f4df1863759345f0ae,C:\RSOS\RSOS_EXPERIMENTS_WF2_PROSPECTIVE_CROSS_SYSTEM_CONFIRMATION\04_RAW\ACTIVE_CAUSAL\22d78fce6df826bbb8d4ba46.json
C:\RSOS\RSOS_CANONICAL_EXPERIMENT_CHAIN\033_EXP-016__WF2_Prospective_Cross_System_Confirmation\04_RAW\SOURCE\ACTIVE_CAUSAL\22e1e577fc571fc77f4296fc.json,1981,05eea9ebfa558d5f9e9c22227b8930d7394f4aacfa4fae42ead324b65ca7cd86,C:\RSOS\RSOS_EXPERIMENTS_WF2_PROSPECTIVE_CROSS_SYSTEM_CONFIRMATION\04_RAW\ACTIVE_CAUSAL\22e1e577fc571fc77f4296fc.json
C:\RSOS\RSOS_CANONICAL_EXPERIMENT_CHAIN\033_EXP-016__WF2_Prospective_Cross_System_Confirmation\04_RAW\SOURCE\ACTIVE_CAUSAL\230e84ef2bed5caa331be317.json,3375,1667d4f5d27eb2d9c55dbb4d35481f41c6f096c80afd4b665098bab46416172c,C:\RSOS\RSOS_EXPERIMENTS_WF2_PROSPECTIVE_CROSS_SYSTEM_CONFIRMATION\04_RAW\ACTIVE_CAUSAL\230e84ef2bed5caa331be317.json
C:\RSOS\RSOS_CANONICAL_EXPERIMENT_CHAIN\033_EXP-016__WF2_Prospective_Cross_System_Confirmation\04_RAW\SOURCE\ACTIVE_CAUSAL\231e78ae3a57bbc48123eec2.json,1981,c4002c7e6d7e020f3d45d50d24286c75276cb322f09fc72787dceaa91e128e3b,C:\RSOS\RSOS_EXPERIMENTS_WF2_PROSPECTIVE_CROSS_SYSTEM_CONFIRMATION\04_RAW\ACTIVE_CAUSAL\231e78ae3a57bbc48123eec2.json
C:\RSOS\RSOS_CANONICAL_EXPERIMENT_CHAIN\033_EXP-016__WF2_Prospective_Cross_System_Confirmation\04_RAW\SOURCE\ACTIVE_CAUSAL\2354d0ce351eefdda23e9810.json,3374,2cf53497a1fbd1a6a0b66651e1ed31c5d2100c502f2391341e606071b303df06,C:\RSOS\RSOS_EXPERIMENTS_WF2_PROSPECTIVE_CROSS_SYSTEM_CONFIRMATION\04_RAW\ACTIVE_CAUSAL\2354d0ce351eefdda23e9810.json
C:\RSOS\RSOS_CANONICAL_EXPERIMENT_CHAIN\033_EXP-016__WF2_Prospective_Cross_System_Confirmation\04_RAW\SOURCE\ACTIVE_CAUSAL\236fc116e898b4abee887e60.json,1982,f71db36d0ed92c6fd9ac164635665181c641e40595818d385c3b573dc340e4dc,C:\RSOS\RSOS_EXPERIMENTS_WF2_PROSPECTIVE_CROSS_SYSTEM_CONFIRMATION\04_RAW\ACTIVE_CAUSAL\236fc116e898b4abee887e60.json
C:\RSOS\RSOS_CANONICAL_EXPERIMENT_CHAIN\033_EXP-016__WF2_Prospective_Cross_System_Confirmation\04_RAW\SOURCE\ACTIVE_CAUSAL\2372e3f55ad488840926e194.json,1827,1fcb0876701c34f2f5e9d06c824ecd56f9d492a9f5e1db6e30617ff7ca104b9a,C:\RSOS\RSOS_EXPERIMENTS_WF2_PROSPECTIVE_CROSS_SYSTEM_CONFIRMATION\04_RAW\ACTIVE_CAUSAL\2372e3f55ad488840926e194.json
C:\RSOS\RSOS_CANONICAL_EXPERIMENT_CHAIN\033_EXP-016__WF2_Prospective_Cross_System_Confirmation\04_RAW\SOURCE\ACTIVE_CAUSAL\239b7d688c9c2ccab7d1ffa7.json,1752,78dd062c4d6d86d453b3da4f08f074d07236d4383acbb0f080a712dc14a5ecfb,C:\RSOS\RSOS_EXPERIMENTS_WF2_PROSPECTIVE_CROSS_SYSTEM_CONFIRMATION\04_RAW\ACTIVE_CAUSAL\239b7d688c9c2ccab7d1ffa7.json
C:\RSOS\RSOS_CANONICAL_EXPERIMENT_CHAIN\033_EXP-016__WF2_Prospective_Cross_System_Confirmation\04_RAW\SOURCE\ACTIVE_CAUSAL\23a4056e729a036c5aadcae7.json,3384,28fe1e10988f0128f760b8445489fb04149c7ee9bdc3d04845c211dfebfaf7b6,C:\RSOS\RSOS_EXPERIMENTS_WF2_PROSPECTIVE_CROSS_SYSTEM_CONFIRMATION\04_RAW\ACTIVE_CAUSAL\23a4056e729a036c5aadcae7.json
C:\RSOS\RSOS_CANONICAL_EXPERIMENT_CHAIN\033_EXP-016__WF2_Prospective_Cross_System_Confirmation\04_RAW\SOURCE\ACTIVE_CAUSAL\23af6af54bdaca902d940355.json,1990,c675106357ef5673ea72a9ea7e3dccecad0d118a9f0ca95d06ba6f8d2f829088,C:\RSOS\RSOS_EXPERIMENTS_WF2_PROSPECTIVE_CROSS_SYSTEM_CONFIRMATION\04_RAW\ACTIVE_CAUSAL\23af6af54bdaca902d940355.json
C:\RSOS\RSOS_CANONICAL_EXPERIMENT_CHAIN\033_EXP-016__WF2_Prospective_Cross_System_Confirmation\04_RAW\SOURCE\ACTIVE_CAUSAL\2434fb15a7ad757245905be5.json,3376,d0a8c84c13b836b138588312516671c787bdd42e262e025eb72ac4eb4680bdb6,C:\RSOS\RSOS_EXPERIMENTS_WF2_PROSPECTIVE_CROSS_SYSTEM_CONFIRMATION\04_RAW\ACTIVE_CAUSAL\2434fb15a7ad757245905be5.json
C:\RSOS\RSOS_CANONICAL_EXPERIMENT_CHAIN\033_EXP-016__WF2_Prospective_Cross_System_Confirmation\04_RAW\SOURCE\ACTIVE_CAUSAL\244a3e814c26e6464e93faa5.json,1982,4d5d3f082401d92a7e2303fea3a8a7664db6717ef4fa0268ada1bbfa148635fa,C:\RSOS\RSOS_EXPERIMENTS_WF2_PROSPECTIVE_CROSS_SYSTEM_CONFIRMATION\04_RAW\ACTIVE_CAUSAL\244a3e814c26e6464e93faa5.json
C:\RSOS\RSOS_CANONICAL_EXPERIMENT_CHAIN\033_EXP-016__WF2_Prospective_Cross_System_Confirmation\04_RAW\SOURCE\ACTIVE_CAUSAL\246945e3298674235aa0a0eb.json,1981,688fa9caabc3de68adeb6a98969d9aeb9a5eaa08d7c412e93712476dc132bb39,C:\RSOS\RSOS_EXPERIMENTS_WF2_PROSPECTIVE_CROSS_SYSTEM_CONFIRMATION\04_RAW\ACTIVE_CAUSAL\246945e3298674235aa0a0eb.json
C:\RSOS\RSOS_CANONICAL_EXPERIMENT_CHAIN\033_EXP-016__WF2_Prospective_Cross_System_Confirmation\04_RAW\SOURCE\ACTIVE_CAUSAL\24d39f2b05496bea4a9303e2.json,1982,1dc78b6535350da1e9494474cc56a677d83548ebca05b01fb4ed3d3139b42a8a,C:\RSOS\RSOS_EXPERIMENTS_WF2_PROSPECTIVE_CROSS_SYSTEM_CONFIRMATION\04_RAW\ACTIVE_CAUSAL\24d39f2b05496bea4a9303e2.json
C:\RSOS\RSOS_CANONICAL_EXPERIMENT_CHAIN\033_EXP-016__WF2_Prospective_Cross_System_Confirmation\04_RAW\SOURCE\ACTIVE_CAUSAL\24e44993c9a65a06d8bad116.json,3374,8f1088a62740287438544f6bd40daae01584c7b4670d49b3f24adc50ead5fa43,C:\RSOS\RSOS_EXPERIMENTS_WF2_PROSPECTIVE_CROSS_SYSTEM_CONFIRMATION\04_RAW\ACTIVE_CAUSAL\24e44993c9a65a06d8bad116.json
C:\RSOS\RSOS_CANONICAL_EXPERIMENT_CHAIN\033_EXP-016__WF2_Prospective_Cross_System_Confirmation\04_RAW\SOURCE\ACTIVE_CAUSAL\2510deae6e48aaeea821a73e.json,1826,101e53730e35e02c426ecc3d91625869f15909c79f6d9056da898a68634bc56f,C:\RSOS\RSOS_EXPERIMENTS_WF2_PROSPECTIVE_CROSS_SYSTEM_CONFIRMATION\04_RAW\ACTIVE_CAUSAL\2510deae6e48aaeea821a73e.json
C:\RSOS\RSOS_CANONICAL_EXPERIMENT_CHAIN\033_EXP-016__WF2_Prospective_Cross_System_Confirmation\04_RAW\SOURCE\ACTIVE_CAUSAL\2528121dc9c8859d482cb8a5.json,1826,6ea96e699202938646b54e5c5789720697210cebfbfc6e950e1dbdc9ebdad33b,C:\RSOS\RSOS_EXPERIMENTS_WF2_PROSPECTIVE_CROSS_SYSTEM_CONFIRMATION\04_RAW\ACTIVE_CAUSAL\2528121dc9c8859d482cb8a5.json
C:\RSOS\RSOS_CANONICAL_EXPERIMENT_CHAIN\033_EXP-016__WF2_Prospective_Cross_System_Confirmation\04_RAW\SOURCE\ACTIVE_CAUSAL\254cef93d87af46165338654.json,1991,207443c3b0a45fc1bc4e2625cb0f7766e75310285aa8656deafaf060f8ef6d75,C:\RSOS\RSOS_EXPERIMENTS_WF2_PROSPECTIVE_CROSS_SYSTEM_CONFIRMATION\04_RAW\ACTIVE_CAUSAL\254cef93d87af46165338654.json
C:\RSOS\RSOS_CANONICAL_EXPERIMENT_CHAIN\033_EXP-016__WF2_Prospective_Cross_System_Confirmation\04_RAW\SOURCE\ACTIVE_CAUSAL\2559fd16e99c042de07813ff.json,1981,8b4662da77a57b788ce3bd4ae1744f54c111173d3c6c8bd6ae6e06e8447ec7a7,C:\RSOS\RSOS_EXPERIMENTS_WF2_PROSPECTIVE_CROSS_SYSTEM_CONFIRMATION\04_RAW\ACTIVE_CAUSAL\2559fd16e99c042de07813ff.json
C:\RSOS\RSOS_CANONICAL_EXPERIMENT_CHAIN\033_EXP-016__WF2_Prospective_Cross_System_Confirmation\04_RAW\SOURCE\ACTIVE_CAUSAL\258c1fdb81113df1eb96f60e.json,3383,6b027a7c82a0e6a94e8f412d6e55c7e172befb10a6384aab95b85ff939b038cc,C:\RSOS\RSOS_EXPERIMENTS_WF2_PROSPECTIVE_CROSS_SYSTEM_CONFIRMATION\04_RAW\ACTIVE_CAUSAL\258c1fdb81113df1eb96f60e.json
C:\RSOS\RSOS_CANONICAL_EXPERIMENT_CHAIN\033_EXP-016__WF2_Prospective_Cross_System_Confirmation\04_RAW\SOURCE\ACTIVE_CAUSAL\25bb7cef001a20aea6f29aff.json,3389,70628d0e3558120ceb050c53d931f8ecd579ba4a1aead999f32122b052e57ec9,C:\RSOS\RSOS_EXPERIMENTS_WF2_PROSPECTIVE_CROSS_SYSTEM_CONFIRMATION\04_RAW\ACTIVE_CAUSAL\25bb7cef001a20aea6f29aff.json
C:\RSOS\RSOS_CANONICAL_EXPERIMENT_CHAIN\033_EXP-016__WF2_Prospective_Cross_System_Confirmation\04_RAW\SOURCE\ACTIVE_CAUSAL\25f033ed24c51b493c98b319.json,1982,3aad8da0f4bf0c5a83ad18f26a922247e155aa4cca5516916583d1574785d06f,C:\RSOS\RSOS_EXPERIMENTS_WF2_PROSPECTIVE_CROSS_SYSTEM_CONFIRMATION\04_RAW\ACTIVE_CAUSAL\25f033ed24c51b493c98b319.json
C:\RSOS\RSOS_CANONICAL_EXPERIMENT_CHAIN\033_EXP-016__WF2_Prospective_Cross_System_Confirmation\04_RAW\SOURCE\ACTIVE_CAUSAL\2623e5557904f07725fa1cfb.json,3374,a46c9faced72fb1fe9cb41501c83300a4323687981f33d54188240fd6732da18,C:\RSOS\RSOS_EXPERIMENTS_WF2_PROSPECTIVE_CROSS_SYSTEM_CONFIRMATION\04_RAW\ACTIVE_CAUSAL\2623e5557904f07725fa1cfb.json
C:\RSOS\RSOS_CANONICAL_EXPERIMENT_CHAIN\033_EXP-016__WF2_Prospective_Cross_System_Confirmation\04_RAW\SOURCE\ACTIVE_CAUSAL\26264025b4eb7e92daa0c447.json,1991,68a77369a2172a7b9b0a77dda3dd6b4f7cc1293a190ae7acb40a370b20920a11,C:\RSOS\RSOS_EXPERIMENTS_WF2_PROSPECTIVE_CROSS_SYSTEM_CONFIRMATION\04_RAW\ACTIVE_CAUSAL\26264025b4eb7e92daa0c447.json
C:\RSOS\RSOS_CANONICAL_EXPERIMENT_CHAIN\033_EXP-016__WF2_Prospective_Cross_System_Confirmation\04_RAW\SOURCE\ACTIVE_CAUSAL\26d610e665d0a697c74a0880.json,2440,af9d949325e675854290f5dad01a66e21c8f755db736bfd156cd76bc3677f797,C:\RSOS\RSOS_EXPERIMENTS_WF2_PROSPECTIVE_CROSS_SYSTEM_CONFIRMATION\04_RAW\ACTIVE_CAUSAL\26d610e665d0a697c74a0880.json
C:\RSOS\RSOS_CANONICAL_EXPERIMENT_CHAIN\033_EXP-016__WF2_Prospective_Cross_System_Confirmation\04_RAW\SOURCE\ACTIVE_CAUSAL\26e8eeb6012007b3e559d9f1.json,1991,ca721d6a929f7ed7b05b7221e2518c5fcf2bbc6b01309c24abe6819959b83a3f,C:\RSOS\RSOS_EXPERIMENTS_WF2_PROSPECTIVE_CROSS_SYSTEM_CONFIRMATION\04_RAW\ACTIVE_CAUSAL\26e8eeb6012007b3e559d9f1.json
C:\RSOS\RSOS_CANONICAL_EXPERIMENT_CHAIN\033_EXP-016__WF2_Prospective_Cross_System_Confirmation\04_RAW\SOURCE\ACTIVE_CAUSAL\27625ce9c6ee8ff61e20a3ab.json,1826,c9dd39c734f530dc522ad247dced103b50046be24b34847a28a22d2aaf229d80,C:\RSOS\RSOS_EXPERIMENTS_WF2_PROSPECTIVE_CROSS_SYSTEM_CONFIRMATION\04_RAW\ACTIVE_CAUSAL\27625ce9c6ee8ff61e20a3ab.json
C:\RSOS\RSOS_CANONICAL_EXPERIMENT_CHAIN\033_EXP-016__WF2_Prospective_Cross_System_Confirmation\04_RAW\SOURCE\ACTIVE_CAUSAL\276ae1e90bf6b5bea83c42d3.json,1763,1e6f0800ba364a15977dcc333ea407661e23a707349373ade0a8e90a67367731,C:\RSOS\RSOS_EXPERIMENTS_WF2_PROSPECTIVE_CROSS_SYSTEM_CONFIRMATION\04_RAW\ACTIVE_CAUSAL\276ae1e90bf6b5bea83c42d3.json
C:\RSOS\RSOS_CANONICAL_EXPERIMENT_CHAIN\033_EXP-016__WF2_Prospective_Cross_System_Confirmation\04_RAW\SOURCE\ACTIVE_CAUSAL\27968327961c2cd4ccb53fe8.json,1860,48d616df5d1eef52dd44283867ba4a4ecdd51b57b191a7beb1ba58c1a1c20fdc,C:\RSOS\RSOS_EXPERIMENTS_WF2_PROSPECTIVE_CROSS_SYSTEM_CONFIRMATION\04_RAW\ACTIVE_CAUSAL\27968327961c2cd4ccb53fe8.json
C:\RSOS\RSOS_CANONICAL_EXPERIMENT_CHAIN\033_EXP-016__WF2_Prospective_Cross_System_Confirmation\04_RAW\SOURCE\ACTIVE_CAUSAL\27b5182f1bee543c84e710c7.json,1996,c34999f11a89964e07b25daf71701a8fd12c42e3a6b81d4d2f5846099120fe72,C:\RSOS\RSOS_EXPERIMENTS_WF2_PROSPECTIVE_CROSS_SYSTEM_CONFIRMATION\04_RAW\ACTIVE_CAUSAL\27b5182f1bee543c84e710c7.json
C:\RSOS\RSOS_CANONICAL_EXPERIMENT_CHAIN\033_EXP-016__WF2_Prospective_Cross_System_Confirmation\04_RAW\SOURCE\ACTIVE_CAUSAL\2807504438fc933fb7891aa9.json,1982,d2a28f4ca2d91965eefdfcd20bfcb3084bea86b231968da65c7eba4529fab275,C:\RSOS\RSOS_EXPERIMENTS_WF2_PROSPECTIVE_CROSS_SYSTEM_CONFIRMATION\04_RAW\ACTIVE_CAUSAL\2807504438fc933fb7891aa9.json
C:\RSOS\RSOS_CANONICAL_EXPERIMENT_CHAIN\033_EXP-016__WF2_Prospective_Cross_System_Confirmation\04_RAW\SOURCE\ACTIVE_CAUSAL\28470553237542ebe3987002.json,1827,1a6bd1c97b8d25ac3ba15ce2ca6e587ed80cd3f947762901d9a7ce02154cd6b4,C:\RSOS\RSOS_EXPERIMENTS_WF2_PROSPECTIVE_CROSS_SYSTEM_CONFIRMATION\04_RAW\ACTIVE_CAUSAL\28470553237542ebe3987002.json
C:\RSOS\RSOS_CANONICAL_EXPERIMENT_CHAIN\033_EXP-016__WF2_Prospective_Cross_System_Confirmation\04_RAW\SOURCE\ACTIVE_CAUSAL\287cb6851e0c12648cba6436.json,1988,57bd6d610dcdca2eb97efd13aa22a0c28a395c9fb48e90c45c50b3a2843d9e77,C:\RSOS\RSOS_EXPERIMENTS_WF2_PROSPECTIVE_CROSS_SYSTEM_CONFIRMATION\04_RAW\ACTIVE_CAUSAL\287cb6851e0c12648cba6436.json
C:\RSOS\RSOS_CANONICAL_EXPERIMENT_CHAIN\033_EXP-016__WF2_Prospective_Cross_System_Confirmation\04_RAW\SOURCE\ACTIVE_CAUSAL\28b71105ee247247fad247ae.json,1981,6481f8a0fe1c65cac2b3da342028d6d431d8ac49ba2f2ccbe28e49dad1c9e47d,C:\RSOS\RSOS_EXPERIMENTS_WF2_PROSPECTIVE_CROSS_SYSTEM_CONFIRMATION\04_RAW\ACTIVE_CAUSAL\28b71105ee247247fad247ae.json
C:\RSOS\RSOS_CANONICAL_EXPERIMENT_CHAIN\033_EXP-016__WF2_Prospective_Cross_System_Confirmation\04_RAW\SOURCE\ACTIVE_CAUSAL\2916c4d2708195beee1957f0.json,1981,b8924a97dc80aafa0450fa41d2f51a47e070ce458fa1ccc02d13707a7f731dab,C:\RSOS\RSOS_EXPERIMENTS_WF2_PROSPECTIVE_CROSS_SYSTEM_CONFIRMATION\04_RAW\ACTIVE_CAUSAL\2916c4d2708195beee1957f0.json
C:\RSOS\RSOS_CANONICAL_EXPERIMENT_CHAIN\033_EXP-016__WF2_Prospective_Cross_System_Confirmation\04_RAW\SOURCE\ACTIVE_CAUSAL\291bc9b5f6754ed8a0f32188.json,1842,77becefc8e38be7251c6d4e8f988064b979ef97b5cb85e1b56f2ad70533ffaa0,C:\RSOS\RSOS_EXPERIMENTS_WF2_PROSPECTIVE_CROSS_SYSTEM_CONFIRMATION\04_RAW\ACTIVE_CAUSAL\291bc9b5f6754ed8a0f32188.json
C:\RSOS\RSOS_CANONICAL_EXPERIMENT_CHAIN\033_EXP-016__WF2_Prospective_Cross_System_Confirmation\04_RAW\SOURCE\ACTIVE_CAUSAL\29504d239469aaf433b8bfe9.json,3375,43a49fa909d82b9c3de4dc06e75be950c39c67abaf28aedfc5e882975ca2e943,C:\RSOS\RSOS_EXPERIMENTS_WF2_PROSPECTIVE_CROSS_SYSTEM_CONFIRMATION\04_RAW\ACTIVE_CAUSAL\29504d239469aaf433b8bfe9.json
C:\RSOS\RSOS_CANONICAL_EXPERIMENT_CHAIN\033_EXP-016__WF2_Prospective_Cross_System_Confirmation\04_RAW\SOURCE\ACTIVE_CAUSAL\29772af62fd004ef5caac397.json,3374,9a674b9853dc7ab9eb71b3dd7cc6dff0cb390f6df9636e8a7e19328ad6af8359,C:\RSOS\RSOS_EXPERIMENTS_WF2_PROSPECTIVE_CROSS_SYSTEM_CONFIRMATION\04_RAW\ACTIVE_CAUSAL\29772af62fd004ef5caac397.json
C:\RSOS\RSOS_CANONICAL_EXPERIMENT_CHAIN\033_EXP-016__WF2_Prospective_Cross_System_Confirmation\04_RAW\SOURCE\ACTIVE_CAUSAL\297cb5aad744f0fcbff14f80.json,3381,83e174e6f1325838fa27901b6641f70e89450c4a7e5cccf9980f6d7178766556,C:\RSOS\RSOS_EXPERIMENTS_WF2_PROSPECTIVE_CROSS_SYSTEM_CONFIRMATION\04_RAW\ACTIVE_CAUSAL\297cb5aad744f0fcbff14f80.json
C:\RSOS\RSOS_CANONICAL_EXPERIMENT_CHAIN\033_EXP-016__WF2_Prospective_Cross_System_Confirmation\04_RAW\SOURCE\ACTIVE_CAUSAL\2997273a1e16a0d2becade57.json,3381,9dce030ada80339d9d1a1af212ac715218a4bd70abab5081b83222ad5bb53a52,C:\RSOS\RSOS_EXPERIMENTS_WF2_PROSPECTIVE_CROSS_SYSTEM_CONFIRMATION\04_RAW\ACTIVE_CAUSAL\2997273a1e16a0d2becade57.json
C:\RSOS\RSOS_CANONICAL_EXPERIMENT_CHAIN\033_EXP-016__WF2_Prospective_Cross_System_Confirmation\04_RAW\SOURCE\ACTIVE_CAUSAL\29c770c128623db93d23f635.json,1980,13490992ae41ebc92a1ce9df065fa4f7f37bdd039070c88419d2cd95fc5cadbf,C:\RSOS\RSOS_EXPERIMENTS_WF2_PROSPECTIVE_CROSS_SYSTEM_CONFIRMATION\04_RAW\ACTIVE_CAUSAL\29c770c128623db93d23f635.json
C:\RSOS\RSOS_CANONICAL_EXPERIMENT_CHAIN\033_EXP-016__WF2_Prospective_Cross_System_Confirmation\04_RAW\SOURCE\ACTIVE_CAUSAL\29f60065c0004c92a59155df.json,3374,aa28a40d93cc6d68c20378f0bac1bc382aa12d20e2dfc4103edf4c09b923678f,C:\RSOS\RSOS_EXPERIMENTS_WF2_PROSPECTIVE_CROSS_SYSTEM_CONFIRMATION\04_RAW\ACTIVE_CAUSAL\29f60065c0004c92a59155df.json
C:\RSOS\RSOS_CANONICAL_EXPERIMENT_CHAIN\033_EXP-016__WF2_Prospective_Cross_System_Confirmation\04_RAW\SOURCE\ACTIVE_CAUSAL\2a17e8abe2a6ca1d29dcc368.json,1826,bab64cfe19ba46816f8aedb15a6148fd969f6b1fdcf561b1cb24b1f87b98c4c2,C:\RSOS\RSOS_EXPERIMENTS_WF2_PROSPECTIVE_CROSS_SYSTEM_CONFIRMATION\04_RAW\ACTIVE_CAUSAL\2a17e8abe2a6ca1d29dcc368.json
C:\RSOS\RSOS_CANONICAL_EXPERIMENT_CHAIN\033_EXP-016__WF2_Prospective_Cross_System_Confirmation\04_RAW\SOURCE\ACTIVE_CAUSAL\2a212fca346683a68685aeea.json,3374,96ee537ebac7bd584cdb76379db0a0487e70a66a1f55313196169b799358629c,C:\RSOS\RSOS_EXPERIMENTS_WF2_PROSPECTIVE_CROSS_SYSTEM_CONFIRMATION\04_RAW\ACTIVE_CAUSAL\2a212fca346683a68685aeea.json
C:\RSOS\RSOS_CANONICAL_EXPERIMENT_CHAIN\033_EXP-016__WF2_Prospective_Cross_System_Confirmation\04_RAW\SOURCE\ACTIVE_CAUSAL\2ac6c05712f7517d0a482c05.json,3383,de6bc3cc35d0b27e771cf5831b5b4f4c9be4628807ea16667fcb65eae86f0478,C:\RSOS\RSOS_EXPERIMENTS_WF2_PROSPECTIVE_CROSS_SYSTEM_CONFIRMATION\04_RAW\ACTIVE_CAUSAL\2ac6c05712f7517d0a482c05.json
C:\RSOS\RSOS_CANONICAL_EXPERIMENT_CHAIN\033_EXP-016__WF2_Prospective_Cross_System_Confirmation\04_RAW\SOURCE\ACTIVE_CAUSAL\2ae3d515151df0b385badcbb.json,3383,05de5dcd2d286cd8733a86d9b4b6be67fc4ccf1142f6ef87914ed9d819d47780,C:\RSOS\RSOS_EXPERIMENTS_WF2_PROSPECTIVE_CROSS_SYSTEM_CONFIRMATION\04_RAW\ACTIVE_CAUSAL\2ae3d515151df0b385badcbb.json
C:\RSOS\RSOS_CANONICAL_EXPERIMENT_CHAIN\033_EXP-016__WF2_Prospective_Cross_System_Confirmation\04_RAW\SOURCE\ACTIVE_CAUSAL\2b0ab2207652ac76bbfb5dd5.json,1841,65fb955477def579205a3de5bc5396b187265251ee76102494a944bce75c9ddd,C:\RSOS\RSOS_EXPERIMENTS_WF2_PROSPECTIVE_CROSS_SYSTEM_CONFIRMATION\04_RAW\ACTIVE_CAUSAL\2b0ab2207652ac76bbfb5dd5.json
C:\RSOS\RSOS_CANONICAL_EXPERIMENT_CHAIN\033_EXP-016__WF2_Prospective_Cross_System_Confirmation\04_RAW\SOURCE\ACTIVE_CAUSAL\2b45a51e5e88534179176491.json,1982,90737d2ba318ae6427029bdba150747fd47a1596e98e864a299631ee3c2a254f,C:\RSOS\RSOS_EXPERIMENTS_WF2_PROSPECTIVE_CROSS_SYSTEM_CONFIRMATION\04_RAW\ACTIVE_CAUSAL\2b45a51e5e88534179176491.json
C:\RSOS\RSOS_CANONICAL_EXPERIMENT_CHAIN\033_EXP-016__WF2_Prospective_Cross_System_Confirmation\04_RAW\SOURCE\ACTIVE_CAUSAL\2b4c9732f648cafb11bb2b07.json,1826,352bda1a9588dc45bb57f055850ed6a04fd3801245296a7aa7ba1f12b0eded67,C:\RSOS\RSOS_EXPERIMENTS_WF2_PROSPECTIVE_CROSS_SYSTEM_CONFIRMATION\04_RAW\ACTIVE_CAUSAL\2b4c9732f648cafb11bb2b07.json
C:\RSOS\RSOS_CANONICAL_EXPERIMENT_CHAIN\033_EXP-016__WF2_Prospective_Cross_System_Confirmation\04_RAW\SOURCE\ACTIVE_CAUSAL\2b55e74c40733de4633980a1.json,3383,38d6d100ce1345ffa6bac9b070bd8e1ee3528aeb6c981a345fb4670981d533fa,C:\RSOS\RSOS_EXPERIMENTS_WF2_PROSPECTIVE_CROSS_SYSTEM_CONFIRMATION\04_RAW\ACTIVE_CAUSAL\2b55e74c40733de4633980a1.json
C:\RSOS\RSOS_CANONICAL_EXPERIMENT_CHAIN\033_EXP-016__WF2_Prospective_Cross_System_Confirmation\04_RAW\SOURCE\ACTIVE_CAUSAL\2b7b4da57abb4995135c20e9.json,1860,56c47570a4dfd3f84ab8cf37957f899bedeb0574e7e7951ae412cca728d131b6,C:\RSOS\RSOS_EXPERIMENTS_WF2_PROSPECTIVE_CROSS_SYSTEM_CONFIRMATION\04_RAW\ACTIVE_CAUSAL\2b7b4da57abb4995135c20e9.json
C:\RSOS\RSOS_CANONICAL_EXPERIMENT_CHAIN\033_EXP-016__WF2_Prospective_Cross_System_Confirmation\04_RAW\SOURCE\ACTIVE_CAUSAL\2c30d35f757573544b2aa22b.json,1982,4b97421c4c0b14546b79a17c97624169296506aa9cdf604621e2f157c56caaf4,C:\RSOS\RSOS_EXPERIMENTS_WF2_PROSPECTIVE_CROSS_SYSTEM_CONFIRMATION\04_RAW\ACTIVE_CAUSAL\2c30d35f757573544b2aa22b.json
C:\RSOS\RSOS_CANONICAL_EXPERIMENT_CHAIN\033_EXP-016__WF2_Prospective_Cross_System_Confirmation\04_RAW\SOURCE\ACTIVE_CAUSAL\2c70e0f2a4173577f02a34b1.json,1982,8d5f1387e38a806d3845f1feac1deb78d494b254ea18af16943236b4d33a68c9,C:\RSOS\RSOS_EXPERIMENTS_WF2_PROSPECTIVE_CROSS_SYSTEM_CONFIRMATION\04_RAW\ACTIVE_CAUSAL\2c70e0f2a4173577f02a34b1.json
C:\RSOS\RSOS_CANONICAL_EXPERIMENT_CHAIN\033_EXP-016__WF2_Prospective_Cross_System_Confirmation\04_RAW\SOURCE\ACTIVE_CAUSAL\2c7106990391219eddd1f8a3.json,1980,6c4ee7efce8137c6aae06d1299570d7c217a984443c83d831237315f8e363861,C:\RSOS\RSOS_EXPERIMENTS_WF2_PROSPECTIVE_CROSS_SYSTEM_CONFIRMATION\04_RAW\ACTIVE_CAUSAL\2c7106990391219eddd1f8a3.json
C:\RSOS\RSOS_CANONICAL_EXPERIMENT_CHAIN\033_EXP-016__WF2_Prospective_Cross_System_Confirmation\04_RAW\SOURCE\ACTIVE_CAUSAL\2ccbccef4c7614ae9931eb58.json,3383,5397fd5ed94bc5ba021eff752386dcaae5b3a3b4429d35f1cdaaaf50b275d89e,C:\RSOS\RSOS_EXPERIMENTS_WF2_PROSPECTIVE_CROSS_SYSTEM_CONFIRMATION\04_RAW\ACTIVE_CAUSAL\2ccbccef4c7614ae9931eb58.json
C:\RSOS\RSOS_CANONICAL_EXPERIMENT_CHAIN\033_EXP-016__WF2_Prospective_Cross_System_Confirmation\04_RAW\SOURCE\ACTIVE_CAUSAL\2cdcab4d9e824459723617fb.json,3388,0e9d7e9620f1c18e0cd1a3b32e615feac40cc675aa7964be81b07fb667dd00e2,C:\RSOS\RSOS_EXPERIMENTS_WF2_PROSPECTIVE_CROSS_SYSTEM_CONFIRMATION\04_RAW\ACTIVE_CAUSAL\2cdcab4d9e824459723617fb.json
C:\RSOS\RSOS_CANONICAL_EXPERIMENT_CHAIN\033_EXP-016__WF2_Prospective_Cross_System_Confirmation\04_RAW\SOURCE\ACTIVE_CAUSAL\2d0c5d27794a8cdeeec837ef.json,1827,5d5719e5a185f695e7fbbe168e77a93b95aa6bb704ab4f8b977cf4a53d9d1016,C:\RSOS\RSOS_EXPERIMENTS_WF2_PROSPECTIVE_CROSS_SYSTEM_CONFIRMATION\04_RAW\ACTIVE_CAUSAL\2d0c5d27794a8cdeeec837ef.json
C:\RSOS\RSOS_CANONICAL_EXPERIMENT_CHAIN\033_EXP-016__WF2_Prospective_Cross_System_Confirmation\04_RAW\SOURCE\ACTIVE_CAUSAL\2d1badafb4525d36238b31f6.json,1836,d2c60941785b333fc6ec276d8ce85bfee880fe78f64a6c20817f2533b489ceef,C:\RSOS\RSOS_EXPERIMENTS_WF2_PROSPECTIVE_CROSS_SYSTEM_CONFIRMATION\04_RAW\ACTIVE_CAUSAL\2d1badafb4525d36238b31f6.json
C:\RSOS\RSOS_CANONICAL_EXPERIMENT_CHAIN\033_EXP-016__WF2_Prospective_Cross_System_Confirmation\04_RAW\SOURCE\ACTIVE_CAUSAL\2d1f7af0def4b2f2bc7ef426.json,3385,34725f81606998e678adb10507e862546b189660a49f9602ce780093d9c07db3,C:\RSOS\RSOS_EXPERIMENTS_WF2_PROSPECTIVE_CROSS_SYSTEM_CONFIRMATION\04_RAW\ACTIVE_CAUSAL\2d1f7af0def4b2f2bc7ef426.json
C:\RSOS\RSOS_CANONICAL_EXPERIMENT_CHAIN\033_EXP-016__WF2_Prospective_Cross_System_Confirmation\04_RAW\SOURCE\ACTIVE_CAUSAL\2d335d3ccb566ba367128ba2.json,1835,2c75e98ac0f08a59f72a3c96b5f71b440c925414af207c7de0986a416b0e67ee,C:\RSOS\RSOS_EXPERIMENTS_WF2_PROSPECTIVE_CROSS_SYSTEM_CONFIRMATION\04_RAW\ACTIVE_CAUSAL\2d335d3ccb566ba367128ba2.json
C:\RSOS\RSOS_CANONICAL_EXPERIMENT_CHAIN\033_EXP-016__WF2_Prospective_Cross_System_Confirmation\04_RAW\SOURCE\ACTIVE_CAUSAL\2d569d3ae10bebf85328bf94.json,3383,301606128ddae5322bac232aaa348fc73d953a26f42016cad9ba112f2f491e3b,C:\RSOS\RSOS_EXPERIMENTS_WF2_PROSPECTIVE_CROSS_SYSTEM_CONFIRMATION\04_RAW\ACTIVE_CAUSAL\2d569d3ae10bebf85328bf94.json
C:\RSOS\RSOS_CANONICAL_EXPERIMENT_CHAIN\033_EXP-016__WF2_Prospective_Cross_System_Confirmation\04_RAW\SOURCE\ACTIVE_CAUSAL\2d79879c29eabb6f1f17d7a3.json,1990,24ea860259ba05464d198caa80c722969cd3192a65d9ee25f7e5d0998bbda8a7,C:\RSOS\RSOS_EXPERIMENTS_WF2_PROSPECTIVE_CROSS_SYSTEM_CONFIRMATION\04_RAW\ACTIVE_CAUSAL\2d79879c29eabb6f1f17d7a3.json
C:\RSOS\RSOS_CANONICAL_EXPERIMENT_CHAIN\033_EXP-016__WF2_Prospective_Cross_System_Confirmation\04_RAW\SOURCE\ACTIVE_CAUSAL\2d97b96672dd456116eaed41.json,1826,514012fe822744832bb1594fe9c9e5e204caef3bd9fa620a7b27c6d21aff8587,C:\RSOS\RSOS_EXPERIMENTS_WF2_PROSPECTIVE_CROSS_SYSTEM_CONFIRMATION\04_RAW\ACTIVE_CAUSAL\2d97b96672dd456116eaed41.json
C:\RSOS\RSOS_CANONICAL_EXPERIMENT_CHAIN\033_EXP-016__WF2_Prospective_Cross_System_Confirmation\04_RAW\SOURCE\ACTIVE_CAUSAL\2de2e085b038e2a1dd8affe9.json,3375,e6f4cbef4d8478cebb4e187803d17d4d46932c643eb3e260ea020c2c33452501,C:\RSOS\RSOS_EXPERIMENTS_WF2_PROSPECTIVE_CROSS_SYSTEM_CONFIRMATION\04_RAW\ACTIVE_CAUSAL\2de2e085b038e2a1dd8affe9.json
C:\RSOS\RSOS_CANONICAL_EXPERIMENT_CHAIN\033_EXP-016__WF2_Prospective_Cross_System_Confirmation\04_RAW\SOURCE\ACTIVE_CAUSAL\2df4d5816277dd9d66e68951.json,1833,ee3f6da0e7696ecc1235fac3e845a2479baa29f742e996ebca0496429c01e1cb,C:\RSOS\RSOS_EXPERIMENTS_WF2_PROSPECTIVE_CROSS_SYSTEM_CONFIRMATION\04_RAW\ACTIVE_CAUSAL\2df4d5816277dd9d66e68951.json
C:\RSOS\RSOS_CANONICAL_EXPERIMENT_CHAIN\033_EXP-016__WF2_Prospective_Cross_System_Confirmation\04_RAW\SOURCE\ACTIVE_CAUSAL\2e078b484a53946b5623f583.json,1996,5a958fefd5aeb7c3a9b15e61eaa22f22f26fce5f2b508a869fa9a8bcbc739d07,C:\RSOS\RSOS_EXPERIMENTS_WF2_PROSPECTIVE_CROSS_SYSTEM_CONFIRMATION\04_RAW\ACTIVE_CAUSAL\2e078b484a53946b5623f583.json
C:\RSOS\RSOS_CANONICAL_EXPERIMENT_CHAIN\033_EXP-016__WF2_Prospective_Cross_System_Confirmation\04_RAW\SOURCE\ACTIVE_CAUSAL\2e3a263ec81afd1abfdc25dc.json,1981,b28e281bd3595c62d008a07e127907bf7180b41303e71fa27f8393d03e8e2164,C:\RSOS\RSOS_EXPERIMENTS_WF2_PROSPECTIVE_CROSS_SYSTEM_CONFIRMATION\04_RAW\ACTIVE_CAUSAL\2e3a263ec81afd1abfdc25dc.json
C:\RSOS\RSOS_CANONICAL_EXPERIMENT_CHAIN\033_EXP-016__WF2_Prospective_Cross_System_Confirmation\04_RAW\SOURCE\ACTIVE_CAUSAL\2e49c671a042e9de18a48321.json,3384,9410fc2ed833391462cdf40a96df287a404c301edce311c4d4f16606d9a1fa13,C:\RSOS\RSOS_EXPERIMENTS_WF2_PROSPECTIVE_CROSS_SYSTEM_CONFIRMATION\04_RAW\ACTIVE_CAUSAL\2e49c671a042e9de18a48321.json
C:\RSOS\RSOS_CANONICAL_EXPERIMENT_CHAIN\033_EXP-016__WF2_Prospective_Cross_System_Confirmation\04_RAW\SOURCE\ACTIVE_CAUSAL\2e4c426c6f9caf3b836a84dd.json,3384,85758f0b6322b64e55ab9939f7493df7fae9028ca6571306a37eb0437ac1f96f,C:\RSOS\RSOS_EXPERIMENTS_WF2_PROSPECTIVE_CROSS_SYSTEM_CONFIRMATION\04_RAW\ACTIVE_CAUSAL\2e4c426c6f9caf3b836a84dd.json
C:\RSOS\RSOS_CANONICAL_EXPERIMENT_CHAIN\033_EXP-016__WF2_Prospective_Cross_System_Confirmation\04_RAW\SOURCE\ACTIVE_CAUSAL\2e661484a4601745bbfc9028.json,1752,be36ceb8d35787890b190541a289ffacc60bf81abe771be7d8357cb086d51f5b,C:\RSOS\RSOS_EXPERIMENTS_WF2_PROSPECTIVE_CROSS_SYSTEM_CONFIRMATION\04_RAW\ACTIVE_CAUSAL\2e661484a4601745bbfc9028.json
C:\RSOS\RSOS_CANONICAL_EXPERIMENT_CHAIN\033_EXP-016__WF2_Prospective_Cross_System_Confirmation\04_RAW\SOURCE\ACTIVE_CAUSAL\2e6720d07647409cf1bbea9f.json,1876,1eab150af55a2fbb57cff9e024ed3a1fb6e2fecc4a6eef8211ff97d74ed78483,C:\RSOS\RSOS_EXPERIMENTS_WF2_PROSPECTIVE_CROSS_SYSTEM_CONFIRMATION\04_RAW\ACTIVE_CAUSAL\2e6720d07647409cf1bbea9f.json
C:\RSOS\RSOS_CANONICAL_EXPERIMENT_CHAIN\033_EXP-016__WF2_Prospective_Cross_System_Confirmation\04_RAW\SOURCE\ACTIVE_CAUSAL\2e912f5be9265e849f8dce9d.json,1841,03767da7ab1c2eaf3173522ca9288a17b334209a56c5e64fff8974ab7dab8c02,C:\RSOS\RSOS_EXPERIMENTS_WF2_PROSPECTIVE_CROSS_SYSTEM_CONFIRMATION\04_RAW\ACTIVE_CAUSAL\2e912f5be9265e849f8dce9d.json
C:\RSOS\RSOS_CANONICAL_EXPERIMENT_CHAIN\033_EXP-016__WF2_Prospective_Cross_System_Confirmation\04_RAW\SOURCE\ACTIVE_CAUSAL\2eb21837ce60c62d7f27ad6f.json,1992,8e5436b2a2866716e204f5c1171db259fc0262094cba1a4937092a972a8b3852,C:\RSOS\RSOS_EXPERIMENTS_WF2_PROSPECTIVE_CROSS_SYSTEM_CONFIRMATION\04_RAW\ACTIVE_CAUSAL\2eb21837ce60c62d7f27ad6f.json
C:\RSOS\RSOS_CANONICAL_EXPERIMENT_CHAIN\033_EXP-016__WF2_Prospective_Cross_System_Confirmation\04_RAW\SOURCE\ACTIVE_CAUSAL\2eb7354bea5e1afcf41c2229.json,1871,4cbf0453d220f4d2e2bb8e39cd96532bae9bafd9554a5f594ee0dbaa88af587b,C:\RSOS\RSOS_EXPERIMENTS_WF2_PROSPECTIVE_CROSS_SYSTEM_CONFIRMATION\04_RAW\ACTIVE_CAUSAL\2eb7354bea5e1afcf41c2229.json
C:\RSOS\RSOS_CANONICAL_EXPERIMENT_CHAIN\033_EXP-016__WF2_Prospective_Cross_System_Confirmation\04_RAW\SOURCE\ACTIVE_CAUSAL\2efce4e163dd6bd5d035999f.json,1876,ce9264132c66782cf82f4abe522229fb35aefed30315056f14db4066502c02ef,C:\RSOS\RSOS_EXPERIMENTS_WF2_PROSPECTIVE_CROSS_SYSTEM_CONFIRMATION\04_RAW\ACTIVE_CAUSAL\2efce4e163dd6bd5d035999f.json
C:\RSOS\RSOS_CANONICAL_EXPERIMENT_CHAIN\033_EXP-016__WF2_Prospective_Cross_System_Confirmation\04_RAW\SOURCE\ACTIVE_CAUSAL\2f079b2c5e947607881421a1.json,3374,a1b14a752595e886f8fb017b914c7bb7de0a8e0a9685e3c94899d6b6eb1a1715,C:\RSOS\RSOS_EXPERIMENTS_WF2_PROSPECTIVE_CROSS_SYSTEM_CONFIRMATION\04_RAW\ACTIVE_CAUSAL\2f079b2c5e947607881421a1.json
C:\RSOS\RSOS_CANONICAL_EXPERIMENT_CHAIN\033_EXP-016__WF2_Prospective_Cross_System_Confirmation\04_RAW\SOURCE\ACTIVE_CAUSAL\2f392643c26682104d62f884.json,3048,d2e3cbc802927605d1c4e77ad4bd5a259166a7c66078601f3763d48cbc77d1b4,C:\RSOS\RSOS_EXPERIMENTS_WF2_PROSPECTIVE_CROSS_SYSTEM_CONFIRMATION\04_RAW\ACTIVE_CAUSAL\2f392643c26682104d62f884.json
C:\RSOS\RSOS_CANONICAL_EXPERIMENT_CHAIN\033_EXP-016__WF2_Prospective_Cross_System_Confirmation\04_RAW\SOURCE\ACTIVE_CAUSAL\2f6fc966ed0d7701af1c9e1c.json,1837,9eea7a72ea6e4ec4401b2616239e6777d524be7696842a93216cf3ed5dc7ad99,C:\RSOS\RSOS_EXPERIMENTS_WF2_PROSPECTIVE_CROSS_SYSTEM_CONFIRMATION\04_RAW\ACTIVE_CAUSAL\2f6fc966ed0d7701af1c9e1c.json
C:\RSOS\RSOS_CANONICAL_EXPERIMENT_CHAIN\033_EXP-016__WF2_Prospective_Cross_System_Confirmation\04_RAW\SOURCE\ACTIVE_CAUSAL\2f718554784a0884538a901b.json,1982,e20b390ae069e2e0f7090ca96f5fdfcd91b93ecc888fef178fd4b6460436691c,C:\RSOS\RSOS_EXPERIMENTS_WF2_PROSPECTIVE_CROSS_SYSTEM_CONFIRMATION\04_RAW\ACTIVE_CAUSAL\2f718554784a0884538a901b.json
C:\RSOS\RSOS_CANONICAL_EXPERIMENT_CHAIN\033_EXP-016__WF2_Prospective_Cross_System_Confirmation\04_RAW\SOURCE\ACTIVE_CAUSAL\2f810e34539c466eea68fb69.json,3375,099e1cf6537bc17f523603cde8f28a6f0133e494a9c478ce7dfd4bb5b07a90d4,C:\RSOS\RSOS_EXPERIMENTS_WF2_PROSPECTIVE_CROSS_SYSTEM_CONFIRMATION\04_RAW\ACTIVE_CAUSAL\2f810e34539c466eea68fb69.json
C:\RSOS\RSOS_CANONICAL_EXPERIMENT_CHAIN\033_EXP-016__WF2_Prospective_Cross_System_Confirmation\04_RAW\SOURCE\ACTIVE_CAUSAL\2f8c65447f825bf195257565.json,3375,4b313d2de13c38a7a74b8248865cd2008c6a69e7ce15cde471275ed8577b0a4d,C:\RSOS\RSOS_EXPERIMENTS_WF2_PROSPECTIVE_CROSS_SYSTEM_CONFIRMATION\04_RAW\ACTIVE_CAUSAL\2f8c65447f825bf195257565.json
C:\RSOS\RSOS_CANONICAL_EXPERIMENT_CHAIN\033_EXP-016__WF2_Prospective_Cross_System_Confirmation\04_RAW\SOURCE\ACTIVE_CAUSAL\2f96f4933313f7a7cf482e42.json,1982,cd3b7406993260408914da361d12e1144eaf9ce64a19b21cbceeeb37cf48aca3,C:\RSOS\RSOS_EXPERIMENTS_WF2_PROSPECTIVE_CROSS_SYSTEM_CONFIRMATION\04_RAW\ACTIVE_CAUSAL\2f96f4933313f7a7cf482e42.json
C:\RSOS\RSOS_CANONICAL_EXPERIMENT_CHAIN\033_EXP-016__WF2_Prospective_Cross_System_Confirmation\04_RAW\SOURCE\ACTIVE_CAUSAL\2fa5b7c239576e4ac59ea2ad.json,1752,2abe1a602cd85f265ea32b6630c1b11e17446ff61eb06e0b676668ed2db40da7,C:\RSOS\RSOS_EXPERIMENTS_WF2_PROSPECTIVE_CROSS_SYSTEM_CONFIRMATION\04_RAW\ACTIVE_CAUSAL\2fa5b7c239576e4ac59ea2ad.json
C:\RSOS\RSOS_CANONICAL_EXPERIMENT_CHAIN\033_EXP-016__WF2_Prospective_Cross_System_Confirmation\04_RAW\SOURCE\ACTIVE_CAUSAL\2fb113c67b628c5eacd6f995.json,1826,402f09ea71df43a2853f9d786c51280b42dafdb475564c433286b545cfef8731,C:\RSOS\RSOS_EXPERIMENTS_WF2_PROSPECTIVE_CROSS_SYSTEM_CONFIRMATION\04_RAW\ACTIVE_CAUSAL\2fb113c67b628c5eacd6f995.json
C:\RSOS\RSOS_CANONICAL_EXPERIMENT_CHAIN\033_EXP-016__WF2_Prospective_Cross_System_Confirmation\04_RAW\SOURCE\ACTIVE_CAUSAL\3004481bf2d0a488730e5abc.json,3383,8954e296644b7a7a61bab2ada0c87fb05b440d271128147c212af5077e20dfb4,C:\RSOS\RSOS_EXPERIMENTS_WF2_PROSPECTIVE_CROSS_SYSTEM_CONFIRMATION\04_RAW\ACTIVE_CAUSAL\3004481bf2d0a488730e5abc.json
C:\RSOS\RSOS_CANONICAL_EXPERIMENT_CHAIN\033_EXP-016__WF2_Prospective_Cross_System_Confirmation\04_RAW\SOURCE\ACTIVE_CAUSAL\3036cbe74ddc7d1f94ad274d.json,3381,68728b990826ca6d0b0e26f1510809fc9e9056e710b3a8317e652f68dcd40a4b,C:\RSOS\RSOS_EXPERIMENTS_WF2_PROSPECTIVE_CROSS_SYSTEM_CONFIRMATION\04_RAW\ACTIVE_CAUSAL\3036cbe74ddc7d1f94ad274d.json
C:\RSOS\RSOS_CANONICAL_EXPERIMENT_CHAIN\033_EXP-016__WF2_Prospective_Cross_System_Confirmation\04_RAW\SOURCE\ACTIVE_CAUSAL\3041828dcba8f49436083d0d.json,1826,2a102b0ac4a5c2dfa620019f7a17c4730a0a9bd8f767bff5049670fda1d87e3d,C:\RSOS\RSOS_EXPERIMENTS_WF2_PROSPECTIVE_CROSS_SYSTEM_CONFIRMATION\04_RAW\ACTIVE_CAUSAL\3041828dcba8f49436083d0d.json
C:\RSOS\RSOS_CANONICAL_EXPERIMENT_CHAIN\033_EXP-016__WF2_Prospective_Cross_System_Confirmation\04_RAW\SOURCE\ACTIVE_CAUSAL\30712465e6e2f784d81355ff.json,1827,45cbeee96501e57af6376a9ccaab48db73f26245121b7e29220dea71a0f0f1ed,C:\RSOS\RSOS_EXPERIMENTS_WF2_PROSPECTIVE_CROSS_SYSTEM_CONFIRMATION\04_RAW\ACTIVE_CAUSAL\30712465e6e2f784d81355ff.json
C:\RSOS\RSOS_CANONICAL_EXPERIMENT_CHAIN\033_EXP-016__WF2_Prospective_Cross_System_Confirmation\04_RAW\SOURCE\ACTIVE_CAUSAL\3089c5402cfa39ec38d38271.json,3376,bc14d2e87f39c0e1795cb16476c7c7824bf2f20df04d977c70365a606416e5eb,C:\RSOS\RSOS_EXPERIMENTS_WF2_PROSPECTIVE_CROSS_SYSTEM_CONFIRMATION\04_RAW\ACTIVE_CAUSAL\3089c5402cfa39ec38d38271.json
C:\RSOS\RSOS_CANONICAL_EXPERIMENT_CHAIN\033_EXP-016__WF2_Prospective_Cross_System_Confirmation\04_RAW\SOURCE\ACTIVE_CAUSAL\30c80ec40095feba90e6e702.json,1990,2190c41ba11fc2475444212933563c75506017462c705665ebc6be85c42c89f7,C:\RSOS\RSOS_EXPERIMENTS_WF2_PROSPECTIVE_CROSS_SYSTEM_CONFIRMATION\04_RAW\ACTIVE_CAUSAL\30c80ec40095feba90e6e702.json
C:\RSOS\RSOS_CANONICAL_EXPERIMENT_CHAIN\033_EXP-016__WF2_Prospective_Cross_System_Confirmation\04_RAW\SOURCE\ACTIVE_CAUSAL\30c93e0c3dcb057c1f1bf258.json,1981,085415f6d8b18ca26f1399763ce59998efae5ecd3d0d9dea97725226902343ce,C:\RSOS\RSOS_EXPERIMENTS_WF2_PROSPECTIVE_CROSS_SYSTEM_CONFIRMATION\04_RAW\ACTIVE_CAUSAL\30c93e0c3dcb057c1f1bf258.json
C:\RSOS\RSOS_CANONICAL_EXPERIMENT_CHAIN\033_EXP-016__WF2_Prospective_Cross_System_Confirmation\04_RAW\SOURCE\ACTIVE_CAUSAL\313f569136dd8cfd593ecbe9.json,1982,0b7a085cc3b81bfe4a9b9cc88fba5b7973ad1a7be6621098b1a77888ece6dbd5,C:\RSOS\RSOS_EXPERIMENTS_WF2_PROSPECTIVE_CROSS_SYSTEM_CONFIRMATION\04_RAW\ACTIVE_CAUSAL\313f569136dd8cfd593ecbe9.json
C:\RSOS\RSOS_CANONICAL_EXPERIMENT_CHAIN\033_EXP-016__WF2_Prospective_Cross_System_Confirmation\04_RAW\SOURCE\ACTIVE_CAUSAL\316f1ea8490d710a7e38e524.json,1826,df98a84f8cc7b2eafdc98cc298d0602ed59f692974ee9e50d8fcfd9e6d79bfaf,C:\RSOS\RSOS_EXPERIMENTS_WF2_PROSPECTIVE_CROSS_SYSTEM_CONFIRMATION\04_RAW\ACTIVE_CAUSAL\316f1ea8490d710a7e38e524.json
C:\RSOS\RSOS_CANONICAL_EXPERIMENT_CHAIN\033_EXP-016__WF2_Prospective_Cross_System_Confirmation\04_RAW\SOURCE\ACTIVE_CAUSAL\31b63757051a26631d7e036e.json,3375,777cfab598038f4763a49290a96d4ed4560290c39b33c37d286a4ac159087876,C:\RSOS\RSOS_EXPERIMENTS_WF2_PROSPECTIVE_CROSS_SYSTEM_CONFIRMATION\04_RAW\ACTIVE_CAUSAL\31b63757051a26631d7e036e.json
C:\RSOS\RSOS_CANONICAL_EXPERIMENT_CHAIN\033_EXP-016__WF2_Prospective_Cross_System_Confirmation\04_RAW\SOURCE\ACTIVE_CAUSAL\31bc42eb8000e37e2b9bec04.json,1981,570b201e6716d73bb0fb0d8871cb56a864272e275a0132932f4d29c3e1a1ed0e,C:\RSOS\RSOS_EXPERIMENTS_WF2_PROSPECTIVE_CROSS_SYSTEM_CONFIRMATION\04_RAW\ACTIVE_CAUSAL\31bc42eb8000e37e2b9bec04.json
C:\RSOS\RSOS_CANONICAL_EXPERIMENT_CHAIN\033_EXP-016__WF2_Prospective_Cross_System_Confirmation\04_RAW\SOURCE\ACTIVE_CAUSAL\31c252ab1e87ac2fdfca6c1d.json,1827,d0796f8cb4bf73976e5bf10c7f7829a7e7f5fd0084c550d22dc605ef8a6262ac,C:\RSOS\RSOS_EXPERIMENTS_WF2_PROSPECTIVE_CROSS_SYSTEM_CONFIRMATION\04_RAW\ACTIVE_CAUSAL\31c252ab1e87ac2fdfca6c1d.json
C:\RSOS\RSOS_CANONICAL_EXPERIMENT_CHAIN\033_EXP-016__WF2_Prospective_Cross_System_Confirmation\04_RAW\SOURCE\ACTIVE_CAUSAL\31eb4d801ade9e51275b6d5f.json,1996,a4f92d8ad0319a98b213d1f7f731178ccb5ff1b4b225fd60c0831c8b917e9adb,C:\RSOS\RSOS_EXPERIMENTS_WF2_PROSPECTIVE_CROSS_SYSTEM_CONFIRMATION\04_RAW\ACTIVE_CAUSAL\31eb4d801ade9e51275b6d5f.json
C:\RSOS\RSOS_CANONICAL_EXPERIMENT_CHAIN\033_EXP-016__WF2_Prospective_Cross_System_Confirmation\04_RAW\SOURCE\ACTIVE_CAUSAL\322870b3552640eeb9a69f1a.json,3383,220d0b9830a7f66207b2fdf717fc70e6d5fa55b2b6bfd4ea4bbac554fb779350,C:\RSOS\RSOS_EXPERIMENTS_WF2_PROSPECTIVE_CROSS_SYSTEM_CONFIRMATION\04_RAW\ACTIVE_CAUSAL\322870b3552640eeb9a69f1a.json
C:\RSOS\RSOS_CANONICAL_EXPERIMENT_CHAIN\033_EXP-016__WF2_Prospective_Cross_System_Confirmation\04_RAW\SOURCE\ACTIVE_CAUSAL\323c39219e51cc923967ff56.json,3374,88ffaa6ebaf7eca2fcacba34ab33959cd830b52deabb9405a119221836736af3,C:\RSOS\RSOS_EXPERIMENTS_WF2_PROSPECTIVE_CROSS_SYSTEM_CONFIRMATION\04_RAW\ACTIVE_CAUSAL\323c39219e51cc923967ff56.json
C:\RSOS\RSOS_CANONICAL_EXPERIMENT_CHAIN\033_EXP-016__WF2_Prospective_Cross_System_Confirmation\04_RAW\SOURCE\ACTIVE_CAUSAL\325698160a125eb71fb10de6.json,3375,db0dbc0d9837d85c132d4df4dabef021dfd777474db62e78243d855830c9c18e,C:\RSOS\RSOS_EXPERIMENTS_WF2_PROSPECTIVE_CROSS_SYSTEM_CONFIRMATION\04_RAW\ACTIVE_CAUSAL\325698160a125eb71fb10de6.json
C:\RSOS\RSOS_CANONICAL_EXPERIMENT_CHAIN\033_EXP-016__WF2_Prospective_Cross_System_Confirmation\04_RAW\SOURCE\ACTIVE_CAUSAL\325b7d979fdb85d06380e00f.json,3389,6447013b09daa542781a162ef62f9c913e2f2afca4b14ce028e7056f3ae4cb78,C:\RSOS\RSOS_EXPERIMENTS_WF2_PROSPECTIVE_CROSS_SYSTEM_CONFIRMATION\04_RAW\ACTIVE_CAUSAL\325b7d979fdb85d06380e00f.json
C:\RSOS\RSOS_CANONICAL_EXPERIMENT_CHAIN\033_EXP-016__WF2_Prospective_Cross_System_Confirmation\04_RAW\SOURCE\ACTIVE_CAUSAL\3268aa95fa95dac5f3727839.json,1981,5809b8331b7d75822b176c8d1e6fab65c047503d028f24226458ee0c76d51115,C:\RSOS\RSOS_EXPERIMENTS_WF2_PROSPECTIVE_CROSS_SYSTEM_CONFIRMATION\04_RAW\ACTIVE_CAUSAL\3268aa95fa95dac5f3727839.json
C:\RSOS\RSOS_CANONICAL_EXPERIMENT_CHAIN\033_EXP-016__WF2_Prospective_Cross_System_Confirmation\04_RAW\SOURCE\ACTIVE_CAUSAL\326c3e1fb896bb5b4c050821.json,1995,139d0804a383d1e2952dd5a4328475040820b6a4e2ee991b40153e074bca50f5,C:\RSOS\RSOS_EXPERIMENTS_WF2_PROSPECTIVE_CROSS_SYSTEM_CONFIRMATION\04_RAW\ACTIVE_CAUSAL\326c3e1fb896bb5b4c050821.json
C:\RSOS\RSOS_CANONICAL_EXPERIMENT_CHAIN\033_EXP-016__WF2_Prospective_Cross_System_Confirmation\04_RAW\SOURCE\ACTIVE_CAUSAL\3281bdfaeb675f14c2d3dd57.json,1982,e1f61d60e8e94bc2e4cbd04e8c0a0b510c61f201deb5a1006babd624341b4f63,C:\RSOS\RSOS_EXPERIMENTS_WF2_PROSPECTIVE_CROSS_SYSTEM_CONFIRMATION\04_RAW\ACTIVE_CAUSAL\3281bdfaeb675f14c2d3dd57.json
C:\RSOS\RSOS_CANONICAL_EXPERIMENT_CHAIN\033_EXP-016__WF2_Prospective_Cross_System_Confirmation\04_RAW\SOURCE\ACTIVE_CAUSAL\3284ffe99a3d5940ed047ac2.json,1827,b406f4264b0c1d2b73a6f711236f359e44a0455f32f4e82a6d95d7456db9f8d1,C:\RSOS\RSOS_EXPERIMENTS_WF2_PROSPECTIVE_CROSS_SYSTEM_CONFIRMATION\04_RAW\ACTIVE_CAUSAL\3284ffe99a3d5940ed047ac2.json
C:\RSOS\RSOS_CANONICAL_EXPERIMENT_CHAIN\033_EXP-016__WF2_Prospective_Cross_System_Confirmation\04_RAW\SOURCE\ACTIVE_CAUSAL\32922917d1016347889daafb.json,1982,e48fcd03566a472eff85ee62659e8c51b47cf3f866493f4c12a851452f85ee58,C:\RSOS\RSOS_EXPERIMENTS_WF2_PROSPECTIVE_CROSS_SYSTEM_CONFIRMATION\04_RAW\ACTIVE_CAUSAL\32922917d1016347889daafb.json
C:\RSOS\RSOS_CANONICAL_EXPERIMENT_CHAIN\033_EXP-016__WF2_Prospective_Cross_System_Confirmation\04_RAW\SOURCE\ACTIVE_CAUSAL\32957dd030a5d76385e0f940.json,1981,39ebcf431bb62e0ede1caadb155219b346102fe88b966c04901e86d5f13e5902,C:\RSOS\RSOS_EXPERIMENTS_WF2_PROSPECTIVE_CROSS_SYSTEM_CONFIRMATION\04_RAW\ACTIVE_CAUSAL\32957dd030a5d76385e0f940.json
C:\RSOS\RSOS_CANONICAL_EXPERIMENT_CHAIN\033_EXP-016__WF2_Prospective_Cross_System_Confirmation\04_RAW\SOURCE\ACTIVE_CAUSAL\32a3c1b323b7b81909ca7ff7.json,3389,670a0e5ae58f44e8712ac0d5b737ebdfda685eeada3edcf9e20e5b6e527a8480,C:\RSOS\RSOS_EXPERIMENTS_WF2_PROSPECTIVE_CROSS_SYSTEM_CONFIRMATION\04_RAW\ACTIVE_CAUSAL\32a3c1b323b7b81909ca7ff7.json
C:\RSOS\RSOS_CANONICAL_EXPERIMENT_CHAIN\033_EXP-016__WF2_Prospective_Cross_System_Confirmation\04_RAW\SOURCE\ACTIVE_CAUSAL\32bd614bfcb20ad29c05abb4.json,1990,fffee5af34d5905bf06595ee44e4e0239ecc87d3e7dc5abd7afec114d7c9f9e7,C:\RSOS\RSOS_EXPERIMENTS_WF2_PROSPECTIVE_CROSS_SYSTEM_CONFIRMATION\04_RAW\ACTIVE_CAUSAL\32bd614bfcb20ad29c05abb4.json
C:\RSOS\RSOS_CANONICAL_EXPERIMENT_CHAIN\033_EXP-016__WF2_Prospective_Cross_System_Confirmation\04_RAW\SOURCE\ACTIVE_CAUSAL\32e55f3bae3780104a8e03fa.json,3384,5795d767f52690873732645c5fe56c7eb067ed29155c497d5d5a9f2b0c46eeae,C:\RSOS\RSOS_EXPERIMENTS_WF2_PROSPECTIVE_CROSS_SYSTEM_CONFIRMATION\04_RAW\ACTIVE_CAUSAL\32e55f3bae3780104a8e03fa.json
C:\RSOS\RSOS_CANONICAL_EXPERIMENT_CHAIN\033_EXP-016__WF2_Prospective_Cross_System_Confirmation\04_RAW\SOURCE\ACTIVE_CAUSAL\3351d6fb4a9883beab8f1041.json,3375,a88fd10264479f44f38a92ac135c66056d2121597b753501060362607cb567b6,C:\RSOS\RSOS_EXPERIMENTS_WF2_PROSPECTIVE_CROSS_SYSTEM_CONFIRMATION\04_RAW\ACTIVE_CAUSAL\3351d6fb4a9883beab8f1041.json
C:\RSOS\RSOS_CANONICAL_EXPERIMENT_CHAIN\033_EXP-016__WF2_Prospective_Cross_System_Confirmation\04_RAW\SOURCE\ACTIVE_CAUSAL\3353d8ca096c97429c1197d7.json,1826,811daf9babc67d6dacd5b700a9b924f07c669928696f67b501c18fd994644953,C:\RSOS\RSOS_EXPERIMENTS_WF2_PROSPECTIVE_CROSS_SYSTEM_CONFIRMATION\04_RAW\ACTIVE_CAUSAL\3353d8ca096c97429c1197d7.json
C:\RSOS\RSOS_CANONICAL_EXPERIMENT_CHAIN\033_EXP-016__WF2_Prospective_Cross_System_Confirmation\04_RAW\SOURCE\ACTIVE_CAUSAL\33b35c37e8255dc7d9c1ead9.json,1827,c69d381d4ad036697d5d31fca06eeb7707385aa47ac749fe7ea27f037ec5c932,C:\RSOS\RSOS_EXPERIMENTS_WF2_PROSPECTIVE_CROSS_SYSTEM_CONFIRMATION\04_RAW\ACTIVE_CAUSAL\33b35c37e8255dc7d9c1ead9.json
C:\RSOS\RSOS_CANONICAL_EXPERIMENT_CHAIN\033_EXP-016__WF2_Prospective_Cross_System_Confirmation\04_RAW\SOURCE\ACTIVE_CAUSAL\344361054fc377626c234288.json,1754,4e9797c2115ac4ccb3534774c0de2920ac3292640332651aecfb06c05f685e6d,C:\RSOS\RSOS_EXPERIMENTS_WF2_PROSPECTIVE_CROSS_SYSTEM_CONFIRMATION\04_RAW\ACTIVE_CAUSAL\344361054fc377626c234288.json
C:\RSOS\RSOS_CANONICAL_EXPERIMENT_CHAIN\033_EXP-016__WF2_Prospective_Cross_System_Confirmation\04_RAW\SOURCE\ACTIVE_CAUSAL\34a70e160c6e3a694d9c51f8.json,3375,9f0ec8dd86703323c882f9a781163f466473c2a97d1626e9f1fa8424647e1e6f,C:\RSOS\RSOS_EXPERIMENTS_WF2_PROSPECTIVE_CROSS_SYSTEM_CONFIRMATION\04_RAW\ACTIVE_CAUSAL\34a70e160c6e3a694d9c51f8.json
C:\RSOS\RSOS_CANONICAL_EXPERIMENT_CHAIN\033_EXP-016__WF2_Prospective_Cross_System_Confirmation\04_RAW\SOURCE\ACTIVE_CAUSAL\34af4a12d94d849ba6b257e3.json,1982,34b88abb8ff48522143abcc10cf94dc7d05bf9696b5152f9ad160bd18512c1bd,C:\RSOS\RSOS_EXPERIMENTS_WF2_PROSPECTIVE_CROSS_SYSTEM_CONFIRMATION\04_RAW\ACTIVE_CAUSAL\34af4a12d94d849ba6b257e3.json
C:\RSOS\RSOS_CANONICAL_EXPERIMENT_CHAIN\033_EXP-016__WF2_Prospective_Cross_System_Confirmation\04_RAW\SOURCE\ACTIVE_CAUSAL\350b0cfa5d042d638dc3754b.json,1981,d04da29b2ee5afbb33bc14c26fb29553b4406711721f779e7a11ef017a6ab83a,C:\RSOS\RSOS_EXPERIMENTS_WF2_PROSPECTIVE_CROSS_SYSTEM_CONFIRMATION\04_RAW\ACTIVE_CAUSAL\350b0cfa5d042d638dc3754b.json
C:\RSOS\RSOS_CANONICAL_EXPERIMENT_CHAIN\033_EXP-016__WF2_Prospective_Cross_System_Confirmation\04_RAW\SOURCE\ACTIVE_CAUSAL\353b891074cf86b21d66201a.json,3375,e48d9759bbc4521d67e7a4a68688a7cce7b7f752d9068338530278eab76bc5e8,C:\RSOS\RSOS_EXPERIMENTS_WF2_PROSPECTIVE_CROSS_SYSTEM_CONFIRMATION\04_RAW\ACTIVE_CAUSAL\353b891074cf86b21d66201a.json
C:\RSOS\RSOS_CANONICAL_EXPERIMENT_CHAIN\033_EXP-016__WF2_Prospective_Cross_System_Confirmation\04_RAW\SOURCE\ACTIVE_CAUSAL\3542a0288acc9aa3ea46594a.json,1833,784c1b99b4c559da2e86dff3ac59139da43c32971940cffe0fccad2b5186e72f,C:\RSOS\RSOS_EXPERIMENTS_WF2_PROSPECTIVE_CROSS_SYSTEM_CONFIRMATION\04_RAW\ACTIVE_CAUSAL\3542a0288acc9aa3ea46594a.json
C:\RSOS\RSOS_CANONICAL_EXPERIMENT_CHAIN\033_EXP-016__WF2_Prospective_Cross_System_Confirmation\04_RAW\SOURCE\ACTIVE_CAUSAL\3571f745b9d15756b148edd6.json,3389,65a5fd81c312d776b15b0cad7faca0b50837260c19d1c1f980e3932095d29d46,C:\RSOS\RSOS_EXPERIMENTS_WF2_PROSPECTIVE_CROSS_SYSTEM_CONFIRMATION\04_RAW\ACTIVE_CAUSAL\3571f745b9d15756b148edd6.json
C:\RSOS\RSOS_CANONICAL_EXPERIMENT_CHAIN\033_EXP-016__WF2_Prospective_Cross_System_Confirmation\04_RAW\SOURCE\ACTIVE_CAUSAL\35c9b3a660a47a289d73ece2.json,3384,34753051eff5d37d0ee36f145c95ea47de80362c2507b1bcbbbc067f2c72846e,C:\RSOS\RSOS_EXPERIMENTS_WF2_PROSPECTIVE_CROSS_SYSTEM_CONFIRMATION\04_RAW\ACTIVE_CAUSAL\35c9b3a660a47a289d73ece2.json
C:\RSOS\RSOS_CANONICAL_EXPERIMENT_CHAIN\033_EXP-016__WF2_Prospective_Cross_System_Confirmation\04_RAW\SOURCE\ACTIVE_CAUSAL\360ad9f41ba6ef0a8db14bb6.json,3375,71568abb6870a5d34eab3640fd32ffff92e6767879645bf602dde9c29bfc9bcd,C:\RSOS\RSOS_EXPERIMENTS_WF2_PROSPECTIVE_CROSS_SYSTEM_CONFIRMATION\04_RAW\ACTIVE_CAUSAL\360ad9f41ba6ef0a8db14bb6.json
C:\RSOS\RSOS_CANONICAL_EXPERIMENT_CHAIN\033_EXP-016__WF2_Prospective_Cross_System_Confirmation\04_RAW\SOURCE\ACTIVE_CAUSAL\360b9f45d1d3cff8604c3067.json,1981,58e5790193922183231372f5c9196e6e52a4e657df4210ac3f1a024e5f745a83,C:\RSOS\RSOS_EXPERIMENTS_WF2_PROSPECTIVE_CROSS_SYSTEM_CONFIRMATION\04_RAW\ACTIVE_CAUSAL\360b9f45d1d3cff8604c3067.json
C:\RSOS\RSOS_CANONICAL_EXPERIMENT_CHAIN\033_EXP-016__WF2_Prospective_Cross_System_Confirmation\04_RAW\SOURCE\ACTIVE_CAUSAL\363474f12eba357b1632d169.json,1982,7a64aa1d50bb9aeb8407d2f91713e686fa7fa4f37b19d9898e4046a4e9730d5a,C:\RSOS\RSOS_EXPERIMENTS_WF2_PROSPECTIVE_CROSS_SYSTEM_CONFIRMATION\04_RAW\ACTIVE_CAUSAL\363474f12eba357b1632d169.json
C:\RSOS\RSOS_CANONICAL_EXPERIMENT_CHAIN\033_EXP-016__WF2_Prospective_Cross_System_Confirmation\04_RAW\SOURCE\ACTIVE_CAUSAL\36353191c2e1a02e99deea2e.json,1989,10e9e77f1ca3985e786fc83b417d240544c12243064987bce0b3452634ca3f7f,C:\RSOS\RSOS_EXPERIMENTS_WF2_PROSPECTIVE_CROSS_SYSTEM_CONFIRMATION\04_RAW\ACTIVE_CAUSAL\36353191c2e1a02e99deea2e.json
C:\RSOS\RSOS_CANONICAL_EXPERIMENT_CHAIN\033_EXP-016__WF2_Prospective_Cross_System_Confirmation\04_RAW\SOURCE\ACTIVE_CAUSAL\36641d3dd745e063b619d43b.json,3388,1954894370c9ebbe04953e069cc6e87f927c5774d1c5aee693acf96e0b6a3fe4,C:\RSOS\RSOS_EXPERIMENTS_WF2_PROSPECTIVE_CROSS_SYSTEM_CONFIRMATION\04_RAW\ACTIVE_CAUSAL\36641d3dd745e063b619d43b.json
C:\RSOS\RSOS_CANONICAL_EXPERIMENT_CHAIN\033_EXP-016__WF2_Prospective_Cross_System_Confirmation\04_RAW\SOURCE\ACTIVE_CAUSAL\3697b409724f3e1a2c1a48c9.json,1982,d186b71736b1b2ca6acbe550884a749be8ac22b8e8d3283201c66efebcc496c0,C:\RSOS\RSOS_EXPERIMENTS_WF2_PROSPECTIVE_CROSS_SYSTEM_CONFIRMATION\04_RAW\ACTIVE_CAUSAL\3697b409724f3e1a2c1a48c9.json
C:\RSOS\RSOS_CANONICAL_EXPERIMENT_CHAIN\033_EXP-016__WF2_Prospective_Cross_System_Confirmation\04_RAW\SOURCE\ACTIVE_CAUSAL\36dcbf4d94637dc058eec477.json,1827,cd5e41dfbca26c416e26edbd0ed988b8dccfbfe83cd627646eb5f1cc24c8b5e2,C:\RSOS\RSOS_EXPERIMENTS_WF2_PROSPECTIVE_CROSS_SYSTEM_CONFIRMATION\04_RAW\ACTIVE_CAUSAL\36dcbf4d94637dc058eec477.json
C:\RSOS\RSOS_CANONICAL_EXPERIMENT_CHAIN\033_EXP-016__WF2_Prospective_Cross_System_Confirmation\04_RAW\SOURCE\ACTIVE_CAUSAL\36eff2e70b79409b44a007b9.json,3375,b430c4360a3265faedeb1539bf830461b70fb2e46ebfbe29abc6b74af5e085fc,C:\RSOS\RSOS_EXPERIMENTS_WF2_PROSPECTIVE_CROSS_SYSTEM_CONFIRMATION\04_RAW\ACTIVE_CAUSAL\36eff2e70b79409b44a007b9.json
C:\RSOS\RSOS_CANONICAL_EXPERIMENT_CHAIN\033_EXP-016__WF2_Prospective_Cross_System_Confirmation\04_RAW\SOURCE\ACTIVE_CAUSAL\3702ca9977b38bfb1c4b5f96.json,1983,0ed7c36a7c5170cb433a1e586cf6d55ca48d25dfb9652a2822f0b81992ffedd2,C:\RSOS\RSOS_EXPERIMENTS_WF2_PROSPECTIVE_CROSS_SYSTEM_CONFIRMATION\04_RAW\ACTIVE_CAUSAL\3702ca9977b38bfb1c4b5f96.json
C:\RSOS\RSOS_CANONICAL_EXPERIMENT_CHAIN\033_EXP-016__WF2_Prospective_Cross_System_Confirmation\04_RAW\SOURCE\ACTIVE_CAUSAL\3704efe7b3f0d7abbd2959e6.json,1981,e4a53620c805015302161045c94fd4cc79f2425127345dbde57531c3bc6e5e0d,C:\RSOS\RSOS_EXPERIMENTS_WF2_PROSPECTIVE_CROSS_SYSTEM_CONFIRMATION\04_RAW\ACTIVE_CAUSAL\3704efe7b3f0d7abbd2959e6.json
C:\RSOS\RSOS_CANONICAL_EXPERIMENT_CHAIN\033_EXP-016__WF2_Prospective_Cross_System_Confirmation\04_RAW\SOURCE\ACTIVE_CAUSAL\37080404c546007476c400b3.json,3388,d9bf87f36ed542ebe73edc52fa3c3ed1c29d58b9179b5dab40ea81d6f7878571,C:\RSOS\RSOS_EXPERIMENTS_WF2_PROSPECTIVE_CROSS_SYSTEM_CONFIRMATION\04_RAW\ACTIVE_CAUSAL\37080404c546007476c400b3.json
C:\RSOS\RSOS_CANONICAL_EXPERIMENT_CHAIN\033_EXP-016__WF2_Prospective_Cross_System_Confirmation\04_RAW\SOURCE\ACTIVE_CAUSAL\370ee8713e41e7f12528cce3.json,3376,0a5be4628e1e6d2972dfdbabf593c9b6891d0bfda75f000372c04dde7adc044d,C:\RSOS\RSOS_EXPERIMENTS_WF2_PROSPECTIVE_CROSS_SYSTEM_CONFIRMATION\04_RAW\ACTIVE_CAUSAL\370ee8713e41e7f12528cce3.json
C:\RSOS\RSOS_CANONICAL_EXPERIMENT_CHAIN\033_EXP-016__WF2_Prospective_Cross_System_Confirmation\04_RAW\SOURCE\ACTIVE_CAUSAL\371be0244b9acd858740b603.json,1981,df66d2ca29860cfc6cd2c7b563f9dc9eafea7402f108e3ad6a0d65ccaf8112fa,C:\RSOS\RSOS_EXPERIMENTS_WF2_PROSPECTIVE_CROSS_SYSTEM_CONFIRMATION\04_RAW\ACTIVE_CAUSAL\371be0244b9acd858740b603.json
C:\RSOS\RSOS_CANONICAL_EXPERIMENT_CHAIN\033_EXP-016__WF2_Prospective_Cross_System_Confirmation\04_RAW\SOURCE\ACTIVE_CAUSAL\3796b07b09b658b5275dbb7e.json,1991,370d7d91bcb24d36eef066bf5d890c63b6c019177131af078476f933a8a1d07f,C:\RSOS\RSOS_EXPERIMENTS_WF2_PROSPECTIVE_CROSS_SYSTEM_CONFIRMATION\04_RAW\ACTIVE_CAUSAL\3796b07b09b658b5275dbb7e.json
C:\RSOS\RSOS_CANONICAL_EXPERIMENT_CHAIN\033_EXP-016__WF2_Prospective_Cross_System_Confirmation\04_RAW\SOURCE\ACTIVE_CAUSAL\379faef68973ee6c2430ae51.json,1827,c7d3eac7e1c3247d468af1a59fe3e123a321ffd570781103fab03d1dc4cfdc0a,C:\RSOS\RSOS_EXPERIMENTS_WF2_PROSPECTIVE_CROSS_SYSTEM_CONFIRMATION\04_RAW\ACTIVE_CAUSAL\379faef68973ee6c2430ae51.json
C:\RSOS\RSOS_CANONICAL_EXPERIMENT_CHAIN\033_EXP-016__WF2_Prospective_Cross_System_Confirmation\04_RAW\SOURCE\ACTIVE_CAUSAL\37b6bafc5d5cbba68d5a7c4e.json,1982,017bf7de233decc3bde9c4fa9ec799d98bc14b84be38404c6c9225eb57b1716a,C:\RSOS\RSOS_EXPERIMENTS_WF2_PROSPECTIVE_CROSS_SYSTEM_CONFIRMATION\04_RAW\ACTIVE_CAUSAL\37b6bafc5d5cbba68d5a7c4e.json
C:\RSOS\RSOS_CANONICAL_EXPERIMENT_CHAIN\033_EXP-016__WF2_Prospective_Cross_System_Confirmation\04_RAW\SOURCE\ACTIVE_CAUSAL\37fd1667be599e96e8c7e621.json,1827,13bdd1c76e557503f10607d0b3df554c4e7b717dd115add4fe4f04247ffd8071,C:\RSOS\RSOS_EXPERIMENTS_WF2_PROSPECTIVE_CROSS_SYSTEM_CONFIRMATION\04_RAW\ACTIVE_CAUSAL\37fd1667be599e96e8c7e621.json
C:\RSOS\RSOS_CANONICAL_EXPERIMENT_CHAIN\033_EXP-016__WF2_Prospective_Cross_System_Confirmation\04_RAW\SOURCE\ACTIVE_CAUSAL\3820df06ef3c4e2e54f33687.json,3375,c5e4ab8fc0905c8ccd7395c05c0a79cf476e41bd35b5060a2afb2273b3788c97,C:\RSOS\RSOS_EXPERIMENTS_WF2_PROSPECTIVE_CROSS_SYSTEM_CONFIRMATION\04_RAW\ACTIVE_CAUSAL\3820df06ef3c4e2e54f33687.json
C:\RSOS\RSOS_CANONICAL_EXPERIMENT_CHAIN\033_EXP-016__WF2_Prospective_Cross_System_Confirmation\04_RAW\SOURCE\ACTIVE_CAUSAL\382a15f5993a86d05a9ebe00.json,1981,bd7f2ed2d9d633217eb06a73f105607c28842c1af3b20ae79af277d7bb59d6f6,C:\RSOS\RSOS_EXPERIMENTS_WF2_PROSPECTIVE_CROSS_SYSTEM_CONFIRMATION\04_RAW\ACTIVE_CAUSAL\382a15f5993a86d05a9ebe00.json
C:\RSOS\RSOS_CANONICAL_EXPERIMENT_CHAIN\033_EXP-016__WF2_Prospective_Cross_System_Confirmation\04_RAW\SOURCE\ACTIVE_CAUSAL\386812a75492711d28fce28f.json,3374,5f9577773ad8a09c9a8908f5a979f5266bf782ca772c6954a1d4cc2fc3ad2959,C:\RSOS\RSOS_EXPERIMENTS_WF2_PROSPECTIVE_CROSS_SYSTEM_CONFIRMATION\04_RAW\ACTIVE_CAUSAL\386812a75492711d28fce28f.json
C:\RSOS\RSOS_CANONICAL_EXPERIMENT_CHAIN\033_EXP-016__WF2_Prospective_Cross_System_Confirmation\04_RAW\SOURCE\ACTIVE_CAUSAL\388198453475803d705b9710.json,3375,65efee24ff0b0d71b2c1a18ad768c0a727e34a7cdc7a38d5b2db4350ab6e4a7a,C:\RSOS\RSOS_EXPERIMENTS_WF2_PROSPECTIVE_CROSS_SYSTEM_CONFIRMATION\04_RAW\ACTIVE_CAUSAL\388198453475803d705b9710.json
C:\RSOS\RSOS_CANONICAL_EXPERIMENT_CHAIN\033_EXP-016__WF2_Prospective_Cross_System_Confirmation\04_RAW\SOURCE\ACTIVE_CAUSAL\38c93d328f6f17e4d4dab3c1.json,3374,e25d3d1581c94811adc80173ad27df041115ccb181cba8bd7f23c41feaa9e9fe,C:\RSOS\RSOS_EXPERIMENTS_WF2_PROSPECTIVE_CROSS_SYSTEM_CONFIRMATION\04_RAW\ACTIVE_CAUSAL\38c93d328f6f17e4d4dab3c1.json
C:\RSOS\RSOS_CANONICAL_EXPERIMENT_CHAIN\033_EXP-016__WF2_Prospective_Cross_System_Confirmation\04_RAW\SOURCE\ACTIVE_CAUSAL\3947d268fe20d4766064ead1.json,1826,0514b78907a439395a87eae6a12962e75d4aa5197aac38499078acaec82c3967,C:\RSOS\RSOS_EXPERIMENTS_WF2_PROSPECTIVE_CROSS_SYSTEM_CONFIRMATION\04_RAW\ACTIVE_CAUSAL\3947d268fe20d4766064ead1.json
C:\RSOS\RSOS_CANONICAL_EXPERIMENT_CHAIN\033_EXP-016__WF2_Prospective_Cross_System_Confirmation\04_RAW\SOURCE\ACTIVE_CAUSAL\394cf00bc75c7dc131159326.json,1828,2a725c3d0e71b2380408294c137cd59b7e01e72a565bb5819a552595cfd647ac,C:\RSOS\RSOS_EXPERIMENTS_WF2_PROSPECTIVE_CROSS_SYSTEM_CONFIRMATION\04_RAW\ACTIVE_CAUSAL\394cf00bc75c7dc131159326.json
C:\RSOS\RSOS_CANONICAL_EXPERIMENT_CHAIN\033_EXP-016__WF2_Prospective_Cross_System_Confirmation\04_RAW\SOURCE\ACTIVE_CAUSAL\396ca41989b0cbd96d34368f.json,1981,304bad9a7e6ec82b7561e02e51ce919e70cdef8c46c6f4cefe07b277b597285b,C:\RSOS\RSOS_EXPERIMENTS_WF2_PROSPECTIVE_CROSS_SYSTEM_CONFIRMATION\04_RAW\ACTIVE_CAUSAL\396ca41989b0cbd96d34368f.json
C:\RSOS\RSOS_CANONICAL_EXPERIMENT_CHAIN\033_EXP-016__WF2_Prospective_Cross_System_Confirmation\04_RAW\SOURCE\ACTIVE_CAUSAL\397c81991c064e65514824e9.json,1996,c88a1c562fcba380ec040efa900402e9b5e3d4fef8e1e3534e3494f87a988e8f,C:\RSOS\RSOS_EXPERIMENTS_WF2_PROSPECTIVE_CROSS_SYSTEM_CONFIRMATION\04_RAW\ACTIVE_CAUSAL\397c81991c064e65514824e9.json
C:\RSOS\RSOS_CANONICAL_EXPERIMENT_CHAIN\033_EXP-016__WF2_Prospective_Cross_System_Confirmation\04_RAW\SOURCE\ACTIVE_CAUSAL\39cae98ea95906aeabbe0a52.json,1826,e2d6b11c19f9175d37a63dfaf42d65912f1d15ffdb002c96ff36fc718dd44866,C:\RSOS\RSOS_EXPERIMENTS_WF2_PROSPECTIVE_CROSS_SYSTEM_CONFIRMATION\04_RAW\ACTIVE_CAUSAL\39cae98ea95906aeabbe0a52.json
C:\RSOS\RSOS_CANONICAL_EXPERIMENT_CHAIN\033_EXP-016__WF2_Prospective_Cross_System_Confirmation\04_RAW\SOURCE\ACTIVE_CAUSAL\39e3f68fe5610917e05d2b03.json,1981,a31ae93aadd08b80b76e935c3913c65a89bf2e79a4795a45672ca743799fc3b2,C:\RSOS\RSOS_EXPERIMENTS_WF2_PROSPECTIVE_CROSS_SYSTEM_CONFIRMATION\04_RAW\ACTIVE_CAUSAL\39e3f68fe5610917e05d2b03.json
C:\RSOS\RSOS_CANONICAL_EXPERIMENT_CHAIN\033_EXP-016__WF2_Prospective_Cross_System_Confirmation\04_RAW\SOURCE\ACTIVE_CAUSAL\3a05e9aa4be9ec71dc2ba0b6.json,3374,7aa998ad789ce5c065f2ac93632fd2f3dec3ef5603e81afe69fcafb0b18495fc,C:\RSOS\RSOS_EXPERIMENTS_WF2_PROSPECTIVE_CROSS_SYSTEM_CONFIRMATION\04_RAW\ACTIVE_CAUSAL\3a05e9aa4be9ec71dc2ba0b6.json
C:\RSOS\RSOS_CANONICAL_EXPERIMENT_CHAIN\033_EXP-016__WF2_Prospective_Cross_System_Confirmation\04_RAW\SOURCE\ACTIVE_CAUSAL\3a100c2cd8c37fcbd72936f3.json,1752,e7423dec8d3fefb5a05f6269104c2bc02865193628d3c44360d780df48a9fd4c,C:\RSOS\RSOS_EXPERIMENTS_WF2_PROSPECTIVE_CROSS_SYSTEM_CONFIRMATION\04_RAW\ACTIVE_CAUSAL\3a100c2cd8c37fcbd72936f3.json
C:\RSOS\RSOS_CANONICAL_EXPERIMENT_CHAIN\033_EXP-016__WF2_Prospective_Cross_System_Confirmation\04_RAW\SOURCE\ACTIVE_CAUSAL\3a3838a8cde32a7ed57a28fc.json,3375,2f78df28b8717ade273d1680b23fb8e18a78f8a3d41b92190628236f682001ac,C:\RSOS\RSOS_EXPERIMENTS_WF2_PROSPECTIVE_CROSS_SYSTEM_CONFIRMATION\04_RAW\ACTIVE_CAUSAL\3a3838a8cde32a7ed57a28fc.json
C:\RSOS\RSOS_CANONICAL_EXPERIMENT_CHAIN\033_EXP-016__WF2_Prospective_Cross_System_Confirmation\04_RAW\SOURCE\ACTIVE_CAUSAL\3a403eda8701574c1abd412c.json,1981,0658b4a815cc1bcbb7eae06a008d85dd4710698e0f91f01486b01b394af510f9,C:\RSOS\RSOS_EXPERIMENTS_WF2_PROSPECTIVE_CROSS_SYSTEM_CONFIRMATION\04_RAW\ACTIVE_CAUSAL\3a403eda8701574c1abd412c.json
C:\RSOS\RSOS_CANONICAL_EXPERIMENT_CHAIN\033_EXP-016__WF2_Prospective_Cross_System_Confirmation\04_RAW\SOURCE\ACTIVE_CAUSAL\3a81731b0757408cd86ba7dc.json,1826,0374cb0f1d59c70df03ea6fc6a541bbcaabd29b453e3d7d1ba39b26deb9bcc4d,C:\RSOS\RSOS_EXPERIMENTS_WF2_PROSPECTIVE_CROSS_SYSTEM_CONFIRMATION\04_RAW\ACTIVE_CAUSAL\3a81731b0757408cd86ba7dc.json
C:\RSOS\RSOS_CANONICAL_EXPERIMENT_CHAIN\033_EXP-016__WF2_Prospective_Cross_System_Confirmation\04_RAW\SOURCE\ACTIVE_CAUSAL\3ab2daedd65c87335a5864d3.json,3376,3c85c155371954b5223177f689b21fb2babc99bb44b336e9ee027a501f80cbe4,C:\RSOS\RSOS_EXPERIMENTS_WF2_PROSPECTIVE_CROSS_SYSTEM_CONFIRMATION\04_RAW\ACTIVE_CAUSAL\3ab2daedd65c87335a5864d3.json
C:\RSOS\RSOS_CANONICAL_EXPERIMENT_CHAIN\033_EXP-016__WF2_Prospective_Cross_System_Confirmation\04_RAW\SOURCE\ACTIVE_CAUSAL\3ad69b8190c8f8247fecd489.json,3389,ac4d188a3633bc75de429e18e9230764fac602f1e4b21f72f930129137e3ac10,C:\RSOS\RSOS_EXPERIMENTS_WF2_PROSPECTIVE_CROSS_SYSTEM_CONFIRMATION\04_RAW\ACTIVE_CAUSAL\3ad69b8190c8f8247fecd489.json
C:\RSOS\RSOS_CANONICAL_EXPERIMENT_CHAIN\033_EXP-016__WF2_Prospective_Cross_System_Confirmation\04_RAW\SOURCE\ACTIVE_CAUSAL\3af027d1e36797e8be267a94.json,3374,58d292861a9fb15f9341f646c64fb0a15a81bba65cb4d6ee0b0e8726dc43f2b7,C:\RSOS\RSOS_EXPERIMENTS_WF2_PROSPECTIVE_CROSS_SYSTEM_CONFIRMATION\04_RAW\ACTIVE_CAUSAL\3af027d1e36797e8be267a94.json
C:\RSOS\RSOS_CANONICAL_EXPERIMENT_CHAIN\033_EXP-016__WF2_Prospective_Cross_System_Confirmation\04_RAW\SOURCE\ACTIVE_CAUSAL\3b605e0f149a5740010834bd.json,3389,a3f6297d1702aaac1e973be48ad345ca4861dd9a003185cc66adcb15eb275451,C:\RSOS\RSOS_EXPERIMENTS_WF2_PROSPECTIVE_CROSS_SYSTEM_CONFIRMATION\04_RAW\ACTIVE_CAUSAL\3b605e0f149a5740010834bd.json
C:\RSOS\RSOS_CANONICAL_EXPERIMENT_CHAIN\033_EXP-016__WF2_Prospective_Cross_System_Confirmation\04_RAW\SOURCE\ACTIVE_CAUSAL\3bf9528bda7a43227f967d1d.json,3384,19cc13d759f1cde64d3fbcc155719a739a44ecbb4ef2fe5703dffef26cae7e9e,C:\RSOS\RSOS_EXPERIMENTS_WF2_PROSPECTIVE_CROSS_SYSTEM_CONFIRMATION\04_RAW\ACTIVE_CAUSAL\3bf9528bda7a43227f967d1d.json
C:\RSOS\RSOS_CANONICAL_EXPERIMENT_CHAIN\033_EXP-016__WF2_Prospective_Cross_System_Confirmation\04_RAW\SOURCE\ACTIVE_CAUSAL\3c2bd115f9797bc56caa2370.json,1981,96dae78608f0fa5b26bff29f649629565edc51c417b419caeda2526d10081f52,C:\RSOS\RSOS_EXPERIMENTS_WF2_PROSPECTIVE_CROSS_SYSTEM_CONFIRMATION\04_RAW\ACTIVE_CAUSAL\3c2bd115f9797bc56caa2370.json
C:\RSOS\RSOS_CANONICAL_EXPERIMENT_CHAIN\033_EXP-016__WF2_Prospective_Cross_System_Confirmation\04_RAW\SOURCE\ACTIVE_CAUSAL\3c396aa1f5852fc13c930af4.json,3374,c12b2cd6fad1668c4f56921ebabbf08fac37dca62574a698c7f235b68d99f07c,C:\RSOS\RSOS_EXPERIMENTS_WF2_PROSPECTIVE_CROSS_SYSTEM_CONFIRMATION\04_RAW\ACTIVE_CAUSAL\3c396aa1f5852fc13c930af4.json
C:\RSOS\RSOS_CANONICAL_EXPERIMENT_CHAIN\033_EXP-016__WF2_Prospective_Cross_System_Confirmation\04_RAW\SOURCE\ACTIVE_CAUSAL\3c577af1a47ef5abb9bbef7f.json,1828,eb61d9bc185a1b07375b39a423e07da71338e5b4a3490a533d114038e8e360ae,C:\RSOS\RSOS_EXPERIMENTS_WF2_PROSPECTIVE_CROSS_SYSTEM_CONFIRMATION\04_RAW\ACTIVE_CAUSAL\3c577af1a47ef5abb9bbef7f.json
C:\RSOS\RSOS_CANONICAL_EXPERIMENT_CHAIN\033_EXP-016__WF2_Prospective_Cross_System_Confirmation\04_RAW\SOURCE\ACTIVE_CAUSAL\3cb61458373d6c44dd13cc81.json,1753,d746ce9eb08ea06ddec570cd6e33df42fbd498afdcec3009f4dd4d278b22d207,C:\RSOS\RSOS_EXPERIMENTS_WF2_PROSPECTIVE_CROSS_SYSTEM_CONFIRMATION\04_RAW\ACTIVE_CAUSAL\3cb61458373d6c44dd13cc81.json
C:\RSOS\RSOS_CANONICAL_EXPERIMENT_CHAIN\033_EXP-016__WF2_Prospective_Cross_System_Confirmation\04_RAW\SOURCE\ACTIVE_CAUSAL\3ccbd9271eb5afe14e5c516d.json,1837,c8c72b2ee3b66c01c4aa56fa02578bea44428177d49e94312ebb68af4bd9435c,C:\RSOS\RSOS_EXPERIMENTS_WF2_PROSPECTIVE_CROSS_SYSTEM_CONFIRMATION\04_RAW\ACTIVE_CAUSAL\3ccbd9271eb5afe14e5c516d.json
C:\RSOS\RSOS_CANONICAL_EXPERIMENT_CHAIN\033_EXP-016__WF2_Prospective_Cross_System_Confirmation\04_RAW\SOURCE\ACTIVE_CAUSAL\3d1d3cac47e2e0c1448a0a03.json,1826,dc080cd718c5e47142797eb9bc5b08e93b5ad4253a1b8076efbf058e756dc7db,C:\RSOS\RSOS_EXPERIMENTS_WF2_PROSPECTIVE_CROSS_SYSTEM_CONFIRMATION\04_RAW\ACTIVE_CAUSAL\3d1d3cac47e2e0c1448a0a03.json
C:\RSOS\RSOS_CANONICAL_EXPERIMENT_CHAIN\033_EXP-016__WF2_Prospective_Cross_System_Confirmation\04_RAW\SOURCE\ACTIVE_CAUSAL\3d2c577f141a8e76e8365a1a.json,1990,74b0cd286b76fada00f42c593637d977317e7a1a55512e3e70b554a4db29c6cb,C:\RSOS\RSOS_EXPERIMENTS_WF2_PROSPECTIVE_CROSS_SYSTEM_CONFIRMATION\04_RAW\ACTIVE_CAUSAL\3d2c577f141a8e76e8365a1a.json
C:\RSOS\RSOS_CANONICAL_EXPERIMENT_CHAIN\033_EXP-016__WF2_Prospective_Cross_System_Confirmation\04_RAW\SOURCE\ACTIVE_CAUSAL\3d40e885544c15aaabb477f3.json,1826,68f968c5f5965c05d5b742419d9fcc09bd5f4958f037bd232699f03f7ed6ec6d,C:\RSOS\RSOS_EXPERIMENTS_WF2_PROSPECTIVE_CROSS_SYSTEM_CONFIRMATION\04_RAW\ACTIVE_CAUSAL\3d40e885544c15aaabb477f3.json
C:\RSOS\RSOS_CANONICAL_EXPERIMENT_CHAIN\033_EXP-016__WF2_Prospective_Cross_System_Confirmation\04_RAW\SOURCE\ACTIVE_CAUSAL\3d55e9f4835a0f485f407e30.json,3375,09657a2b4446d6903b75eb489a8c1aeb4c955fe46c3a555c726b1ce40d3b43b4,C:\RSOS\RSOS_EXPERIMENTS_WF2_PROSPECTIVE_CROSS_SYSTEM_CONFIRMATION\04_RAW\ACTIVE_CAUSAL\3d55e9f4835a0f485f407e30.json
C:\RSOS\RSOS_CANONICAL_EXPERIMENT_CHAIN\033_EXP-016__WF2_Prospective_Cross_System_Confirmation\04_RAW\SOURCE\ACTIVE_CAUSAL\3d81889e61b0a16fb80e2c86.json,1826,b211e8dc9bae22a4a727c23210e247446fc38b711364c2075ab61cbf7ba981a9,C:\RSOS\RSOS_EXPERIMENTS_WF2_PROSPECTIVE_CROSS_SYSTEM_CONFIRMATION\04_RAW\ACTIVE_CAUSAL\3d81889e61b0a16fb80e2c86.json
C:\RSOS\RSOS_CANONICAL_EXPERIMENT_CHAIN\033_EXP-016__WF2_Prospective_Cross_System_Confirmation\04_RAW\SOURCE\ACTIVE_CAUSAL\3d864e70555b6d055c335db4.json,3375,6da992ae2a04866572186df9284f44ba6709b694ee0b768dba434fd8ac4ad4c8,C:\RSOS\RSOS_EXPERIMENTS_WF2_PROSPECTIVE_CROSS_SYSTEM_CONFIRMATION\04_RAW\ACTIVE_CAUSAL\3d864e70555b6d055c335db4.json
C:\RSOS\RSOS_CANONICAL_EXPERIMENT_CHAIN\033_EXP-016__WF2_Prospective_Cross_System_Confirmation\04_RAW\SOURCE\ACTIVE_CAUSAL\3dd3bbe384948ac879ab5e00.json,3385,414eb386d6ce7ee2448094203ab6867e028e2d053b497920ae2a96f5deefab67,C:\RSOS\RSOS_EXPERIMENTS_WF2_PROSPECTIVE_CROSS_SYSTEM_CONFIRMATION\04_RAW\ACTIVE_CAUSAL\3dd3bbe384948ac879ab5e00.json
C:\RSOS\RSOS_CANONICAL_EXPERIMENT_CHAIN\033_EXP-016__WF2_Prospective_Cross_System_Confirmation\04_RAW\SOURCE\ACTIVE_CAUSAL\3e1c748758668d141a228d90.json,1992,3c2cfd09e116a4dba7d9854935618b5dc52c8c527f1b3175e9211a30e5a8b41a,C:\RSOS\RSOS_EXPERIMENTS_WF2_PROSPECTIVE_CROSS_SYSTEM_CONFIRMATION\04_RAW\ACTIVE_CAUSAL\3e1c748758668d141a228d90.json
C:\RSOS\RSOS_CANONICAL_EXPERIMENT_CHAIN\033_EXP-016__WF2_Prospective_Cross_System_Confirmation\04_RAW\SOURCE\ACTIVE_CAUSAL\3e2ce01dc41991913dbc6298.json,1827,f661a0b2216a96b414dffc861d605bf0b2ce677a6886c3a5303f409e6b264fe3,C:\RSOS\RSOS_EXPERIMENTS_WF2_PROSPECTIVE_CROSS_SYSTEM_CONFIRMATION\04_RAW\ACTIVE_CAUSAL\3e2ce01dc41991913dbc6298.json
C:\RSOS\RSOS_CANONICAL_EXPERIMENT_CHAIN\033_EXP-016__WF2_Prospective_Cross_System_Confirmation\04_RAW\SOURCE\ACTIVE_CAUSAL\3e3ad2726cab070bbb427197.json,1982,641e33d9f9aaa58f26ae849d82501c97567e1b2970ed0ea437b009ba0e425fc7,C:\RSOS\RSOS_EXPERIMENTS_WF2_PROSPECTIVE_CROSS_SYSTEM_CONFIRMATION\04_RAW\ACTIVE_CAUSAL\3e3ad2726cab070bbb427197.json
C:\RSOS\RSOS_CANONICAL_EXPERIMENT_CHAIN\033_EXP-016__WF2_Prospective_Cross_System_Confirmation\04_RAW\SOURCE\ACTIVE_CAUSAL\3e901c3249482576c2d33670.json,1826,6b12ac5e75e4888985738b75411520d04de7b2465e77bba21b66b2b845619297,C:\RSOS\RSOS_EXPERIMENTS_WF2_PROSPECTIVE_CROSS_SYSTEM_CONFIRMATION\04_RAW\ACTIVE_CAUSAL\3e901c3249482576c2d33670.json
C:\RSOS\RSOS_CANONICAL_EXPERIMENT_CHAIN\033_EXP-016__WF2_Prospective_Cross_System_Confirmation\04_RAW\SOURCE\ACTIVE_CAUSAL\3eadbc08397ad214015b302e.json,1982,33dd6d51c055d9dc6181c3bc59f5e4f4c8f8a24a7888e0d4aab9459ab40a096e,C:\RSOS\RSOS_EXPERIMENTS_WF2_PROSPECTIVE_CROSS_SYSTEM_CONFIRMATION\04_RAW\ACTIVE_CAUSAL\3eadbc08397ad214015b302e.json
C:\RSOS\RSOS_CANONICAL_EXPERIMENT_CHAIN\033_EXP-016__WF2_Prospective_Cross_System_Confirmation\04_RAW\SOURCE\ACTIVE_CAUSAL\3eb4d8db85367ffe2962b11f.json,1836,1610ac6691200240aa5eab10bbbe7a752861ad44f46031754f5c5ff641552caf,C:\RSOS\RSOS_EXPERIMENTS_WF2_PROSPECTIVE_CROSS_SYSTEM_CONFIRMATION\04_RAW\ACTIVE_CAUSAL\3eb4d8db85367ffe2962b11f.json
C:\RSOS\RSOS_CANONICAL_EXPERIMENT_CHAIN\033_EXP-016__WF2_Prospective_Cross_System_Confirmation\04_RAW\SOURCE\ACTIVE_CAUSAL\3f16b9bfb95b098db4f02dd9.json,3375,044016e67e4a3887b92dd870fe9f195e2749024ab0ea984193ed879e041e9c65,C:\RSOS\RSOS_EXPERIMENTS_WF2_PROSPECTIVE_CROSS_SYSTEM_CONFIRMATION\04_RAW\ACTIVE_CAUSAL\3f16b9bfb95b098db4f02dd9.json
C:\RSOS\RSOS_CANONICAL_EXPERIMENT_CHAIN\033_EXP-016__WF2_Prospective_Cross_System_Confirmation\04_RAW\SOURCE\ACTIVE_CAUSAL\3f20ca9e74a744c85dcc2601.json,1826,18eaf0952d90d9533769eb01ce6e0526ae0edfcc1a11cc5193a44ccb64efd0f0,C:\RSOS\RSOS_EXPERIMENTS_WF2_PROSPECTIVE_CROSS_SYSTEM_CONFIRMATION\04_RAW\ACTIVE_CAUSAL\3f20ca9e74a744c85dcc2601.json
C:\RSOS\RSOS_CANONICAL_EXPERIMENT_CHAIN\033_EXP-016__WF2_Prospective_Cross_System_Confirmation\04_RAW\SOURCE\ACTIVE_CAUSAL\3f679b1341f25192badbbac9.json,1828,918cc32d5197955da726f6f3c8ec901c57311a7fd8a88d4e3819371bb1245d12,C:\RSOS\RSOS_EXPERIMENTS_WF2_PROSPECTIVE_CROSS_SYSTEM_CONFIRMATION\04_RAW\ACTIVE_CAUSAL\3f679b1341f25192badbbac9.json
C:\RSOS\RSOS_CANONICAL_EXPERIMENT_CHAIN\033_EXP-016__WF2_Prospective_Cross_System_Confirmation\04_RAW\SOURCE\ACTIVE_CAUSAL\3f7088e1189f37627de19220.json,1992,08e12c778a576a62d8b5bb219ab3b4f82dff135cbdd50423cdec2abf3a4bec16,C:\RSOS\RSOS_EXPERIMENTS_WF2_PROSPECTIVE_CROSS_SYSTEM_CONFIRMATION\04_RAW\ACTIVE_CAUSAL\3f7088e1189f37627de19220.json
C:\RSOS\RSOS_CANONICAL_EXPERIMENT_CHAIN\033_EXP-016__WF2_Prospective_Cross_System_Confirmation\04_RAW\SOURCE\ACTIVE_CAUSAL\3f796ebe92d8f8dfe5cfe28d.json,1992,0d86b709e1013e6040ca69a4c10ad3a7aa079b3144d6cce397843407a98a33df,C:\RSOS\RSOS_EXPERIMENTS_WF2_PROSPECTIVE_CROSS_SYSTEM_CONFIRMATION\04_RAW\ACTIVE_CAUSAL\3f796ebe92d8f8dfe5cfe28d.json
C:\RSOS\RSOS_CANONICAL_EXPERIMENT_CHAIN\033_EXP-016__WF2_Prospective_Cross_System_Confirmation\04_RAW\SOURCE\ACTIVE_CAUSAL\3f8a2dfff14d689429b7e724.json,1835,b7fb8c947bf2965d83d75733ee900341ae57ef65221e8ff0bb1d5555ea67c996,C:\RSOS\RSOS_EXPERIMENTS_WF2_PROSPECTIVE_CROSS_SYSTEM_CONFIRMATION\04_RAW\ACTIVE_CAUSAL\3f8a2dfff14d689429b7e724.json
C:\RSOS\RSOS_CANONICAL_EXPERIMENT_CHAIN\033_EXP-016__WF2_Prospective_Cross_System_Confirmation\04_RAW\SOURCE\ACTIVE_CAUSAL\3f9eff7146730d3453a1c6f2.json,1995,7f88fbe19197583bfe94d4b53d48eb5e9c19f6932904b2d6ff3ed03de58bd316,C:\RSOS\RSOS_EXPERIMENTS_WF2_PROSPECTIVE_CROSS_SYSTEM_CONFIRMATION\04_RAW\ACTIVE_CAUSAL\3f9eff7146730d3453a1c6f2.json
C:\RSOS\RSOS_CANONICAL_EXPERIMENT_CHAIN\033_EXP-016__WF2_Prospective_Cross_System_Confirmation\04_RAW\SOURCE\ACTIVE_CAUSAL\3ff240e9d3d6af7bea409fbb.json,1840,d1cc82d95172e3d84477db2ba8e9bd58ad0afd223c3da5b26a7d1702d3dc8079,C:\RSOS\RSOS_EXPERIMENTS_WF2_PROSPECTIVE_CROSS_SYSTEM_CONFIRMATION\04_RAW\ACTIVE_CAUSAL\3ff240e9d3d6af7bea409fbb.json
C:\RSOS\RSOS_CANONICAL_EXPERIMENT_CHAIN\033_EXP-016__WF2_Prospective_Cross_System_Confirmation\04_RAW\SOURCE\ACTIVE_CAUSAL\4032ffd82cdc9a98a5dcab3d.json,1827,778e2dd10384ffac848cfa8d59f3c03ff7f86ac0411102785e4c4c85493d99da,C:\RSOS\RSOS_EXPERIMENTS_WF2_PROSPECTIVE_CROSS_SYSTEM_CONFIRMATION\04_RAW\ACTIVE_CAUSAL\4032ffd82cdc9a98a5dcab3d.json
C:\RSOS\RSOS_CANONICAL_EXPERIMENT_CHAIN\033_EXP-016__WF2_Prospective_Cross_System_Confirmation\04_RAW\SOURCE\ACTIVE_CAUSAL\406775cc46ca5def1290dfbc.json,1981,8bed5edcaaa2fe1d8f7e3dbdb1aff6b20ec26bafe48efd38f895f94a80c601d6,C:\RSOS\RSOS_EXPERIMENTS_WF2_PROSPECTIVE_CROSS_SYSTEM_CONFIRMATION\04_RAW\ACTIVE_CAUSAL\406775cc46ca5def1290dfbc.json
C:\RSOS\RSOS_CANONICAL_EXPERIMENT_CHAIN\033_EXP-016__WF2_Prospective_Cross_System_Confirmation\04_RAW\SOURCE\ACTIVE_CAUSAL\408441270fac88c7dd47b6e5.json,1840,b373ce9b4820095fcfb8724adadf7f87f46eac3b891530b6a38c181819472a68,C:\RSOS\RSOS_EXPERIMENTS_WF2_PROSPECTIVE_CROSS_SYSTEM_CONFIRMATION\04_RAW\ACTIVE_CAUSAL\408441270fac88c7dd47b6e5.json
C:\RSOS\RSOS_CANONICAL_EXPERIMENT_CHAIN\033_EXP-016__WF2_Prospective_Cross_System_Confirmation\04_RAW\SOURCE\ACTIVE_CAUSAL\40d208eb8ac1e6047b598646.json,1776,3cb47f5ddf1fea39afe95b81457b01b5a1b200cbb37d5cc6ef460c5a0afb0819,C:\RSOS\RSOS_EXPERIMENTS_WF2_PROSPECTIVE_CROSS_SYSTEM_CONFIRMATION\04_RAW\ACTIVE_CAUSAL\40d208eb8ac1e6047b598646.json
C:\RSOS\RSOS_CANONICAL_EXPERIMENT_CHAIN\033_EXP-016__WF2_Prospective_Cross_System_Confirmation\04_RAW\SOURCE\ACTIVE_CAUSAL\40dc769b4f0b5f86636993f2.json,1827,8a05e6bccda87ea82b7864a3eebe820b650c84a5c299677efe9c3ea34f968702,C:\RSOS\RSOS_EXPERIMENTS_WF2_PROSPECTIVE_CROSS_SYSTEM_CONFIRMATION\04_RAW\ACTIVE_CAUSAL\40dc769b4f0b5f86636993f2.json
C:\RSOS\RSOS_CANONICAL_EXPERIMENT_CHAIN\033_EXP-016__WF2_Prospective_Cross_System_Confirmation\04_RAW\SOURCE\ACTIVE_CAUSAL\4194594619a56ae6d57bfe7e.json,1827,a2e1f1af7d193bacc08ac85dd291adeb9fc216db211e81759ca7f2e6a25d7178,C:\RSOS\RSOS_EXPERIMENTS_WF2_PROSPECTIVE_CROSS_SYSTEM_CONFIRMATION\04_RAW\ACTIVE_CAUSAL\4194594619a56ae6d57bfe7e.json
C:\RSOS\RSOS_CANONICAL_EXPERIMENT_CHAIN\033_EXP-016__WF2_Prospective_Cross_System_Confirmation\04_RAW\SOURCE\ACTIVE_CAUSAL\41a56888f038e87a1b5f7982.json,1982,584e047014fe31156f6f46b486d26aaf4052b543a19764c9fd6f76c80bc8900c,C:\RSOS\RSOS_EXPERIMENTS_WF2_PROSPECTIVE_CROSS_SYSTEM_CONFIRMATION\04_RAW\ACTIVE_CAUSAL\41a56888f038e87a1b5f7982.json
C:\RSOS\RSOS_CANONICAL_EXPERIMENT_CHAIN\033_EXP-016__WF2_Prospective_Cross_System_Confirmation\04_RAW\SOURCE\ACTIVE_CAUSAL\41dff4c8c6fd3278a839c99d.json,1861,27f8227c0d79820498fdd5d5cbb4a5dfede70649bcf3cb63a84e0d9c7879a1d9,C:\RSOS\RSOS_EXPERIMENTS_WF2_PROSPECTIVE_CROSS_SYSTEM_CONFIRMATION\04_RAW\ACTIVE_CAUSAL\41dff4c8c6fd3278a839c99d.json
C:\RSOS\RSOS_CANONICAL_EXPERIMENT_CHAIN\033_EXP-016__WF2_Prospective_Cross_System_Confirmation\04_RAW\SOURCE\ACTIVE_CAUSAL\41e680f3e57284b861e182bc.json,1987,717b8c19dca7eb9c43808474a4409d749a2103048790cac3c878a74dde3e7051,C:\RSOS\RSOS_EXPERIMENTS_WF2_PROSPECTIVE_CROSS_SYSTEM_CONFIRMATION\04_RAW\ACTIVE_CAUSAL\41e680f3e57284b861e182bc.json
C:\RSOS\RSOS_CANONICAL_EXPERIMENT_CHAIN\033_EXP-016__WF2_Prospective_Cross_System_Confirmation\04_RAW\SOURCE\ACTIVE_CAUSAL\41e87a2a197a82704e1229bf.json,3383,6d4be218c002d6ffe2c3c334800c9e8f6ee0545d56c7c431db01178ee383d620,C:\RSOS\RSOS_EXPERIMENTS_WF2_PROSPECTIVE_CROSS_SYSTEM_CONFIRMATION\04_RAW\ACTIVE_CAUSAL\41e87a2a197a82704e1229bf.json
C:\RSOS\RSOS_CANONICAL_EXPERIMENT_CHAIN\033_EXP-016__WF2_Prospective_Cross_System_Confirmation\04_RAW\SOURCE\ACTIVE_CAUSAL\41f54215d192f9e0ade08c45.json,1982,759f113c7aa6d580d770f09e2afd21df7913b8eff709592e9a78f3b0f019ef71,C:\RSOS\RSOS_EXPERIMENTS_WF2_PROSPECTIVE_CROSS_SYSTEM_CONFIRMATION\04_RAW\ACTIVE_CAUSAL\41f54215d192f9e0ade08c45.json
C:\RSOS\RSOS_CANONICAL_EXPERIMENT_CHAIN\033_EXP-016__WF2_Prospective_Cross_System_Confirmation\04_RAW\SOURCE\ACTIVE_CAUSAL\422491098a16a39dab5d34fb.json,3374,946243cbbb003330f74218dc2b97b3af36c10e14851eb58d950b338751ad3f8a,C:\RSOS\RSOS_EXPERIMENTS_WF2_PROSPECTIVE_CROSS_SYSTEM_CONFIRMATION\04_RAW\ACTIVE_CAUSAL\422491098a16a39dab5d34fb.json
C:\RSOS\RSOS_CANONICAL_EXPERIMENT_CHAIN\033_EXP-016__WF2_Prospective_Cross_System_Confirmation\04_RAW\SOURCE\ACTIVE_CAUSAL\4239379833d5338741f64e4c.json,1826,c4d4bf40ac163973af63cccccfb419ed12160963dd208dcc26179e4dcfb5fef9,C:\RSOS\RSOS_EXPERIMENTS_WF2_PROSPECTIVE_CROSS_SYSTEM_CONFIRMATION\04_RAW\ACTIVE_CAUSAL\4239379833d5338741f64e4c.json
C:\RSOS\RSOS_CANONICAL_EXPERIMENT_CHAIN\033_EXP-016__WF2_Prospective_Cross_System_Confirmation\04_RAW\SOURCE\ACTIVE_CAUSAL\424cf1007d6584bc66220297.json,1826,aafed34292ccc283cbb6e1ddd891ea67fcde4ba673c017a53395221da0f3be56,C:\RSOS\RSOS_EXPERIMENTS_WF2_PROSPECTIVE_CROSS_SYSTEM_CONFIRMATION\04_RAW\ACTIVE_CAUSAL\424cf1007d6584bc66220297.json
C:\RSOS\RSOS_CANONICAL_EXPERIMENT_CHAIN\033_EXP-016__WF2_Prospective_Cross_System_Confirmation\04_RAW\SOURCE\ACTIVE_CAUSAL\42551c8858c1efd658f9a75e.json,1826,26238d2143470cb6d923016a4e98c1d175c4a18d833906aa76945aa6a69ed4c1,C:\RSOS\RSOS_EXPERIMENTS_WF2_PROSPECTIVE_CROSS_SYSTEM_CONFIRMATION\04_RAW\ACTIVE_CAUSAL\42551c8858c1efd658f9a75e.json
C:\RSOS\RSOS_CANONICAL_EXPERIMENT_CHAIN\033_EXP-016__WF2_Prospective_Cross_System_Confirmation\04_RAW\SOURCE\ACTIVE_CAUSAL\4255c68822b4b5b8eaf308d4.json,1989,af505e51dcc131441aecb80bf25d32135f06ff0f67f9fd1108e4243404a9e49e,C:\RSOS\RSOS_EXPERIMENTS_WF2_PROSPECTIVE_CROSS_SYSTEM_CONFIRMATION\04_RAW\ACTIVE_CAUSAL\4255c68822b4b5b8eaf308d4.json
C:\RSOS\RSOS_CANONICAL_EXPERIMENT_CHAIN\033_EXP-016__WF2_Prospective_Cross_System_Confirmation\04_RAW\SOURCE\ACTIVE_CAUSAL\428f8e5c45019b22fdb1aa3f.json,1826,da94eecf1e2abb1f4f0b5ed47ceadbc884e74a91e8026f47a711ffa2aace024f,C:\RSOS\RSOS_EXPERIMENTS_WF2_PROSPECTIVE_CROSS_SYSTEM_CONFIRMATION\04_RAW\ACTIVE_CAUSAL\428f8e5c45019b22fdb1aa3f.json
C:\RSOS\RSOS_CANONICAL_EXPERIMENT_CHAIN\033_EXP-016__WF2_Prospective_Cross_System_Confirmation\04_RAW\SOURCE\ACTIVE_CAUSAL\4297c99ae02276dc80772996.json,3374,b53c25369cc5df1fc739bca29d52be4e99dfca30daa69fe27b5f686920eefc9d,C:\RSOS\RSOS_EXPERIMENTS_WF2_PROSPECTIVE_CROSS_SYSTEM_CONFIRMATION\04_RAW\ACTIVE_CAUSAL\4297c99ae02276dc80772996.json
C:\RSOS\RSOS_CANONICAL_EXPERIMENT_CHAIN\033_EXP-016__WF2_Prospective_Cross_System_Confirmation\04_RAW\SOURCE\ACTIVE_CAUSAL\42996ddf82f0d64599f833aa.json,1990,1f22c8bafbf33a26cdd7a88eb5298f9dd06d73edf90fc9b3b60a0da5ebaf25ad,C:\RSOS\RSOS_EXPERIMENTS_WF2_PROSPECTIVE_CROSS_SYSTEM_CONFIRMATION\04_RAW\ACTIVE_CAUSAL\42996ddf82f0d64599f833aa.json
C:\RSOS\RSOS_CANONICAL_EXPERIMENT_CHAIN\033_EXP-016__WF2_Prospective_Cross_System_Confirmation\04_RAW\SOURCE\ACTIVE_CAUSAL\429b3ca28a5a94182127168d.json,3375,2ce74a6fc734ea4e25f9d9f4abdb7d34112b169488f384391f06a2c2925eea37,C:\RSOS\RSOS_EXPERIMENTS_WF2_PROSPECTIVE_CROSS_SYSTEM_CONFIRMATION\04_RAW\ACTIVE_CAUSAL\429b3ca28a5a94182127168d.json
C:\RSOS\RSOS_CANONICAL_EXPERIMENT_CHAIN\033_EXP-016__WF2_Prospective_Cross_System_Confirmation\04_RAW\SOURCE\ACTIVE_CAUSAL\42b0bcd20d5ba89d964d6500.json,3384,0747b72eeab49f15ca1e74ab3db60c2b35f0fbc3d3bff97be214d85ebc09cd8d,C:\RSOS\RSOS_EXPERIMENTS_WF2_PROSPECTIVE_CROSS_SYSTEM_CONFIRMATION\04_RAW\ACTIVE_CAUSAL\42b0bcd20d5ba89d964d6500.json
C:\RSOS\RSOS_CANONICAL_EXPERIMENT_CHAIN\033_EXP-016__WF2_Prospective_Cross_System_Confirmation\04_RAW\SOURCE\ACTIVE_CAUSAL\42e99fdad97f700538be011d.json,1827,eddad4d32a1eb4b7615ab140513cf178f264bd980a34dcfe38faba2d06958c0f,C:\RSOS\RSOS_EXPERIMENTS_WF2_PROSPECTIVE_CROSS_SYSTEM_CONFIRMATION\04_RAW\ACTIVE_CAUSAL\42e99fdad97f700538be011d.json
C:\RSOS\RSOS_CANONICAL_EXPERIMENT_CHAIN\033_EXP-016__WF2_Prospective_Cross_System_Confirmation\04_RAW\SOURCE\ACTIVE_CAUSAL\42ed37a765c271ac84075200.json,3376,1f5055b561a1adc47224835ec433ed7753ca2c1573d4afa23de09d7b4593e889,C:\RSOS\RSOS_EXPERIMENTS_WF2_PROSPECTIVE_CROSS_SYSTEM_CONFIRMATION\04_RAW\ACTIVE_CAUSAL\42ed37a765c271ac84075200.json
C:\RSOS\RSOS_CANONICAL_EXPERIMENT_CHAIN\033_EXP-016__WF2_Prospective_Cross_System_Confirmation\04_RAW\SOURCE\ACTIVE_CAUSAL\42fbf2be06af84de23abea19.json,1860,5452ca33bbe991f642c29bed47ce3f37c98a0445a1d7b62a9d700b6dbe2e5c42,C:\RSOS\RSOS_EXPERIMENTS_WF2_PROSPECTIVE_CROSS_SYSTEM_CONFIRMATION\04_RAW\ACTIVE_CAUSAL\42fbf2be06af84de23abea19.json
C:\RSOS\RSOS_CANONICAL_EXPERIMENT_CHAIN\033_EXP-016__WF2_Prospective_Cross_System_Confirmation\04_RAW\SOURCE\ACTIVE_CAUSAL\4373bcf0244875b30b00e2b0.json,1835,cfbc72bfa73045adbd02a3ff38fc2b36077db59f94f9a10ac703c8a411b25633,C:\RSOS\RSOS_EXPERIMENTS_WF2_PROSPECTIVE_CROSS_SYSTEM_CONFIRMATION\04_RAW\ACTIVE_CAUSAL\4373bcf0244875b30b00e2b0.json
C:\RSOS\RSOS_CANONICAL_EXPERIMENT_CHAIN\033_EXP-016__WF2_Prospective_Cross_System_Confirmation\04_RAW\SOURCE\ACTIVE_CAUSAL\43b7efa7de4c9706ab5ee573.json,3383,5c5c3d51116054daba6d44bc1ee1e184573b99213b3774ab6496979c76659ebc,C:\RSOS\RSOS_EXPERIMENTS_WF2_PROSPECTIVE_CROSS_SYSTEM_CONFIRMATION\04_RAW\ACTIVE_CAUSAL\43b7efa7de4c9706ab5ee573.json
C:\RSOS\RSOS_CANONICAL_EXPERIMENT_CHAIN\033_EXP-016__WF2_Prospective_Cross_System_Confirmation\04_RAW\SOURCE\ACTIVE_CAUSAL\440a2a9aa5a24206bbc69ec5.json,1826,1ae1c72bb248dd081aefdf4731ad8e7043d0a5293a9c1167bea07e363a314e82,C:\RSOS\RSOS_EXPERIMENTS_WF2_PROSPECTIVE_CROSS_SYSTEM_CONFIRMATION\04_RAW\ACTIVE_CAUSAL\440a2a9aa5a24206bbc69ec5.json
C:\RSOS\RSOS_CANONICAL_EXPERIMENT_CHAIN\033_EXP-016__WF2_Prospective_Cross_System_Confirmation\04_RAW\SOURCE\ACTIVE_CAUSAL\440d0ee6c81a8cbbb8c7ad5e.json,3374,fce558c1238b35a497e666d59de90e5b473114d8f23eb6967bf27d1e506eff9c,C:\RSOS\RSOS_EXPERIMENTS_WF2_PROSPECTIVE_CROSS_SYSTEM_CONFIRMATION\04_RAW\ACTIVE_CAUSAL\440d0ee6c81a8cbbb8c7ad5e.json
C:\RSOS\RSOS_CANONICAL_EXPERIMENT_CHAIN\033_EXP-016__WF2_Prospective_Cross_System_Confirmation\04_RAW\SOURCE\ACTIVE_CAUSAL\4417fd1cd39006c7136087d5.json,3375,9eb8e3caab55d61a9b11bd2dbb3df2efb476611242c13866a72d36ebff396bc9,C:\RSOS\RSOS_EXPERIMENTS_WF2_PROSPECTIVE_CROSS_SYSTEM_CONFIRMATION\04_RAW\ACTIVE_CAUSAL\4417fd1cd39006c7136087d5.json
C:\RSOS\RSOS_CANONICAL_EXPERIMENT_CHAIN\033_EXP-016__WF2_Prospective_Cross_System_Confirmation\04_RAW\SOURCE\ACTIVE_CAUSAL\442b5ba65e51ee376df81d7d.json,3383,34b34dfccad3315d5a6ed998c148908397ee624b6d520e2f04b2c097c9e51248,C:\RSOS\RSOS_EXPERIMENTS_WF2_PROSPECTIVE_CROSS_SYSTEM_CONFIRMATION\04_RAW\ACTIVE_CAUSAL\442b5ba65e51ee376df81d7d.json
C:\RSOS\RSOS_CANONICAL_EXPERIMENT_CHAIN\033_EXP-016__WF2_Prospective_Cross_System_Confirmation\04_RAW\SOURCE\ACTIVE_CAUSAL\44507a4a977e51bc329f0649.json,3375,e240fbf86214010dcbd65364743916899d17e7511a9fdb207a7893e8ac5a4bf0,C:\RSOS\RSOS_EXPERIMENTS_WF2_PROSPECTIVE_CROSS_SYSTEM_CONFIRMATION\04_RAW\ACTIVE_CAUSAL\44507a4a977e51bc329f0649.json
C:\RSOS\RSOS_CANONICAL_EXPERIMENT_CHAIN\033_EXP-016__WF2_Prospective_Cross_System_Confirmation\04_RAW\SOURCE\ACTIVE_CAUSAL\4474cde7a830a52c8a250e27.json,1983,1acdeb1b4744c0bfdf46693324caa73934f65c24d9fa24ed115251cfd78fe352,C:\RSOS\RSOS_EXPERIMENTS_WF2_PROSPECTIVE_CROSS_SYSTEM_CONFIRMATION\04_RAW\ACTIVE_CAUSAL\4474cde7a830a52c8a250e27.json
C:\RSOS\RSOS_CANONICAL_EXPERIMENT_CHAIN\033_EXP-016__WF2_Prospective_Cross_System_Confirmation\04_RAW\SOURCE\ACTIVE_CAUSAL\447f4137149082df57f4a3d1.json,1981,436410b71f6be2e73cb7b7a81ace403bce261f3dfe3bd2a33dd7cedc20c59f3b,C:\RSOS\RSOS_EXPERIMENTS_WF2_PROSPECTIVE_CROSS_SYSTEM_CONFIRMATION\04_RAW\ACTIVE_CAUSAL\447f4137149082df57f4a3d1.json
C:\RSOS\RSOS_CANONICAL_EXPERIMENT_CHAIN\033_EXP-016__WF2_Prospective_Cross_System_Confirmation\04_RAW\SOURCE\ACTIVE_CAUSAL\44b131d2259b81cb55dd3b27.json,3375,4f9d21b4a29bc4106316617c9b39c4fab0a7b5306f351ed068fc66fed3dfd0fc,C:\RSOS\RSOS_EXPERIMENTS_WF2_PROSPECTIVE_CROSS_SYSTEM_CONFIRMATION\04_RAW\ACTIVE_CAUSAL\44b131d2259b81cb55dd3b27.json
C:\RSOS\RSOS_CANONICAL_EXPERIMENT_CHAIN\033_EXP-016__WF2_Prospective_Cross_System_Confirmation\04_RAW\SOURCE\ACTIVE_CAUSAL\44da7660d104a0b17d191670.json,1981,0958f8bee61c9e0e80f442c7689901e4e85a892a41a6ff51f68d3325d550ebf3,C:\RSOS\RSOS_EXPERIMENTS_WF2_PROSPECTIVE_CROSS_SYSTEM_CONFIRMATION\04_RAW\ACTIVE_CAUSAL\44da7660d104a0b17d191670.json
C:\RSOS\RSOS_CANONICAL_EXPERIMENT_CHAIN\033_EXP-016__WF2_Prospective_Cross_System_Confirmation\04_RAW\SOURCE\ACTIVE_CAUSAL\44eca6badb900ed5179b489e.json,1826,b2555d6f74b5da2e2e92b2827602fb560c061154dd753745ae3cf569d0148249,C:\RSOS\RSOS_EXPERIMENTS_WF2_PROSPECTIVE_CROSS_SYSTEM_CONFIRMATION\04_RAW\ACTIVE_CAUSAL\44eca6badb900ed5179b489e.json
C:\RSOS\RSOS_CANONICAL_EXPERIMENT_CHAIN\033_EXP-016__WF2_Prospective_Cross_System_Confirmation\04_RAW\SOURCE\ACTIVE_CAUSAL\45107462bfc144c876315b50.json,1990,e2c1d77e7b9f58d3cbfbf29db666f2bdd99db092c258881e0a66105881b01e3f,C:\RSOS\RSOS_EXPERIMENTS_WF2_PROSPECTIVE_CROSS_SYSTEM_CONFIRMATION\04_RAW\ACTIVE_CAUSAL\45107462bfc144c876315b50.json
C:\RSOS\RSOS_CANONICAL_EXPERIMENT_CHAIN\033_EXP-016__WF2_Prospective_Cross_System_Confirmation\04_RAW\SOURCE\ACTIVE_CAUSAL\453c34db888a99a3b9f29d2a.json,1777,f83ee46b770b63ac11967597603b6a789a97de3779e3246f54f3f543a6cef1c8,C:\RSOS\RSOS_EXPERIMENTS_WF2_PROSPECTIVE_CROSS_SYSTEM_CONFIRMATION\04_RAW\ACTIVE_CAUSAL\453c34db888a99a3b9f29d2a.json
C:\RSOS\RSOS_CANONICAL_EXPERIMENT_CHAIN\033_EXP-016__WF2_Prospective_Cross_System_Confirmation\04_RAW\SOURCE\ACTIVE_CAUSAL\454fca2c0c72f430a4910a39.json,1837,bb843b2123fe09a4362ae05487f0166fe7ffa5446c897e1dfb7b09f60c82bf30,C:\RSOS\RSOS_EXPERIMENTS_WF2_PROSPECTIVE_CROSS_SYSTEM_CONFIRMATION\04_RAW\ACTIVE_CAUSAL\454fca2c0c72f430a4910a39.json
C:\RSOS\RSOS_CANONICAL_EXPERIMENT_CHAIN\033_EXP-016__WF2_Prospective_Cross_System_Confirmation\04_RAW\SOURCE\ACTIVE_CAUSAL\455b31a0651cb6d22550dab4.json,1991,571c7ca5170286bbfe36ebe33dd3d26760bd7a2289d0b1bb361e5dfaf10eb69b,C:\RSOS\RSOS_EXPERIMENTS_WF2_PROSPECTIVE_CROSS_SYSTEM_CONFIRMATION\04_RAW\ACTIVE_CAUSAL\455b31a0651cb6d22550dab4.json
C:\RSOS\RSOS_CANONICAL_EXPERIMENT_CHAIN\033_EXP-016__WF2_Prospective_Cross_System_Confirmation\04_RAW\SOURCE\ACTIVE_CAUSAL\4561d1ba751dab10e2ee86fb.json,1828,4f95993c2fb5409844fc36e5deb5ff5a202f1ccfb6756c380b2b33ad3eb3cb4a,C:\RSOS\RSOS_EXPERIMENTS_WF2_PROSPECTIVE_CROSS_SYSTEM_CONFIRMATION\04_RAW\ACTIVE_CAUSAL\4561d1ba751dab10e2ee86fb.json
C:\RSOS\RSOS_CANONICAL_EXPERIMENT_CHAIN\033_EXP-016__WF2_Prospective_Cross_System_Confirmation\04_RAW\SOURCE\ACTIVE_CAUSAL\45648b6b3983f0cca52f0878.json,3375,c9d3737bf053a3f37bc1118dde075494fee33b19b3643c99c9ef80d8f4a07dbf,C:\RSOS\RSOS_EXPERIMENTS_WF2_PROSPECTIVE_CROSS_SYSTEM_CONFIRMATION\04_RAW\ACTIVE_CAUSAL\45648b6b3983f0cca52f0878.json
C:\RSOS\RSOS_CANONICAL_EXPERIMENT_CHAIN\033_EXP-016__WF2_Prospective_Cross_System_Confirmation\04_RAW\SOURCE\ACTIVE_CAUSAL\45866c5db7a97cc68ad3c780.json,3375,c765de5471035ac94acd20eab1eca936750c38f297f29de284c051463ad5adae,C:\RSOS\RSOS_EXPERIMENTS_WF2_PROSPECTIVE_CROSS_SYSTEM_CONFIRMATION\04_RAW\ACTIVE_CAUSAL\45866c5db7a97cc68ad3c780.json
C:\RSOS\RSOS_CANONICAL_EXPERIMENT_CHAIN\033_EXP-016__WF2_Prospective_Cross_System_Confirmation\04_RAW\SOURCE\ACTIVE_CAUSAL\458699815d931ca7e04b2723.json,3375,e5de83549dde83edef78cf7c57d4b1a03f0853a82f9470e172b82ac300c448ad,C:\RSOS\RSOS_EXPERIMENTS_WF2_PROSPECTIVE_CROSS_SYSTEM_CONFIRMATION\04_RAW\ACTIVE_CAUSAL\458699815d931ca7e04b2723.json
C:\RSOS\RSOS_CANONICAL_EXPERIMENT_CHAIN\033_EXP-016__WF2_Prospective_Cross_System_Confirmation\04_RAW\SOURCE\ACTIVE_CAUSAL\459963390d777c355d9038e0.json,3374,a25606fd109a8105f099d77951e0be1aed5124bcbbf6eeae69cd8b38661f666a,C:\RSOS\RSOS_EXPERIMENTS_WF2_PROSPECTIVE_CROSS_SYSTEM_CONFIRMATION\04_RAW\ACTIVE_CAUSAL\459963390d777c355d9038e0.json
C:\RSOS\RSOS_CANONICAL_EXPERIMENT_CHAIN\033_EXP-016__WF2_Prospective_Cross_System_Confirmation\04_RAW\SOURCE\ACTIVE_CAUSAL\45bfeed9ba5612d98f0f2074.json,3388,9ee8a1f4879451616488836ab4a606c9fc17ae83c344d19b42dc5327645d0304,C:\RSOS\RSOS_EXPERIMENTS_WF2_PROSPECTIVE_CROSS_SYSTEM_CONFIRMATION\04_RAW\ACTIVE_CAUSAL\45bfeed9ba5612d98f0f2074.json
C:\RSOS\RSOS_CANONICAL_EXPERIMENT_CHAIN\033_EXP-016__WF2_Prospective_Cross_System_Confirmation\04_RAW\SOURCE\ACTIVE_CAUSAL\45ef3c4a54ef97aac7fcc269.json,3375,551246bb593be2816a75ed383f360aa92a045b1e50e489a59b79b9ad84dff447,C:\RSOS\RSOS_EXPERIMENTS_WF2_PROSPECTIVE_CROSS_SYSTEM_CONFIRMATION\04_RAW\ACTIVE_CAUSAL\45ef3c4a54ef97aac7fcc269.json
C:\RSOS\RSOS_CANONICAL_EXPERIMENT_CHAIN\033_EXP-016__WF2_Prospective_Cross_System_Confirmation\04_RAW\SOURCE\ACTIVE_CAUSAL\45f3d57c100b09434d9d5f44.json,3384,1f223937e3f91e46426a8a37a6300408f46896109e20b71ac6ce1de299b9a1f9,C:\RSOS\RSOS_EXPERIMENTS_WF2_PROSPECTIVE_CROSS_SYSTEM_CONFIRMATION\04_RAW\ACTIVE_CAUSAL\45f3d57c100b09434d9d5f44.json
C:\RSOS\RSOS_CANONICAL_EXPERIMENT_CHAIN\033_EXP-016__WF2_Prospective_Cross_System_Confirmation\04_RAW\SOURCE\ACTIVE_CAUSAL\4648426113a368973e6f2db6.json,3375,5fd0707be754918968cae7439459d756cf955b0ee52f45163650d2bb72b78edf,C:\RSOS\RSOS_EXPERIMENTS_WF2_PROSPECTIVE_CROSS_SYSTEM_CONFIRMATION\04_RAW\ACTIVE_CAUSAL\4648426113a368973e6f2db6.json
C:\RSOS\RSOS_CANONICAL_EXPERIMENT_CHAIN\033_EXP-016__WF2_Prospective_Cross_System_Confirmation\04_RAW\SOURCE\ACTIVE_CAUSAL\4648c37e6a72e8b2a4b37372.json,3383,5f5491aa1731bd6f496073aa8671f0e9a982e7e59f7d578f621cba14b8bbba88,C:\RSOS\RSOS_EXPERIMENTS_WF2_PROSPECTIVE_CROSS_SYSTEM_CONFIRMATION\04_RAW\ACTIVE_CAUSAL\4648c37e6a72e8b2a4b37372.json
C:\RSOS\RSOS_CANONICAL_EXPERIMENT_CHAIN\033_EXP-016__WF2_Prospective_Cross_System_Confirmation\04_RAW\SOURCE\ACTIVE_CAUSAL\464adec3c070637614a0a1ec.json,1988,d6c6f8d67b19ede1ed5392d18bc10e569d94d90c06ba6fd75f50edd2b97dc849,C:\RSOS\RSOS_EXPERIMENTS_WF2_PROSPECTIVE_CROSS_SYSTEM_CONFIRMATION\04_RAW\ACTIVE_CAUSAL\464adec3c070637614a0a1ec.json
C:\RSOS\RSOS_CANONICAL_EXPERIMENT_CHAIN\033_EXP-016__WF2_Prospective_Cross_System_Confirmation\04_RAW\SOURCE\ACTIVE_CAUSAL\4671dbe50525176992f0d465.json,1827,7e858053c34a0f791b01afdf4bebe66e35297f667b3d3a9fd57c7a6c2ded3f78,C:\RSOS\RSOS_EXPERIMENTS_WF2_PROSPECTIVE_CROSS_SYSTEM_CONFIRMATION\04_RAW\ACTIVE_CAUSAL\4671dbe50525176992f0d465.json
C:\RSOS\RSOS_CANONICAL_EXPERIMENT_CHAIN\033_EXP-016__WF2_Prospective_Cross_System_Confirmation\04_RAW\SOURCE\ACTIVE_CAUSAL\46732f5220e35e1b01bd8ed3.json,3389,26b163ffe140f736c219b3b0aa44403dd58ec91d0544c950e257991f2050c25e,C:\RSOS\RSOS_EXPERIMENTS_WF2_PROSPECTIVE_CROSS_SYSTEM_CONFIRMATION\04_RAW\ACTIVE_CAUSAL\46732f5220e35e1b01bd8ed3.json
C:\RSOS\RSOS_CANONICAL_EXPERIMENT_CHAIN\033_EXP-016__WF2_Prospective_Cross_System_Confirmation\04_RAW\SOURCE\ACTIVE_CAUSAL\46a711ffe96da4c789c01872.json,1826,9b459c142b42b6d9aa15fbb615e222e89fe09118d325f8231c656295de033f56,C:\RSOS\RSOS_EXPERIMENTS_WF2_PROSPECTIVE_CROSS_SYSTEM_CONFIRMATION\04_RAW\ACTIVE_CAUSAL\46a711ffe96da4c789c01872.json
C:\RSOS\RSOS_CANONICAL_EXPERIMENT_CHAIN\033_EXP-016__WF2_Prospective_Cross_System_Confirmation\04_RAW\SOURCE\ACTIVE_CAUSAL\46c0794f7150977f98968dbc.json,1870,17586b445f979b5277fe7f90e7bfa92c95c9514217ab7442ec280b1e3cb354d1,C:\RSOS\RSOS_EXPERIMENTS_WF2_PROSPECTIVE_CROSS_SYSTEM_CONFIRMATION\04_RAW\ACTIVE_CAUSAL\46c0794f7150977f98968dbc.json
C:\RSOS\RSOS_CANONICAL_EXPERIMENT_CHAIN\033_EXP-016__WF2_Prospective_Cross_System_Confirmation\04_RAW\SOURCE\ACTIVE_CAUSAL\46e2693a4b37e8129c494986.json,3374,15ddda661abb6ec713d22f3c4d26c8fcdcf6579614df97e621eb99e74e5030ef,C:\RSOS\RSOS_EXPERIMENTS_WF2_PROSPECTIVE_CROSS_SYSTEM_CONFIRMATION\04_RAW\ACTIVE_CAUSAL\46e2693a4b37e8129c494986.json
C:\RSOS\RSOS_CANONICAL_EXPERIMENT_CHAIN\033_EXP-016__WF2_Prospective_Cross_System_Confirmation\04_RAW\SOURCE\ACTIVE_CAUSAL\46ea566db2ce764bed54d194.json,1826,49b8978fc416bf62e01f1af4be285ad8828ad49e5a30a8604c13975c4c9695e8,C:\RSOS\RSOS_EXPERIMENTS_WF2_PROSPECTIVE_CROSS_SYSTEM_CONFIRMATION\04_RAW\ACTIVE_CAUSAL\46ea566db2ce764bed54d194.json
C:\RSOS\RSOS_CANONICAL_EXPERIMENT_CHAIN\033_EXP-016__WF2_Prospective_Cross_System_Confirmation\04_RAW\SOURCE\ACTIVE_CAUSAL\4764cbb72958d7d5b6fe3b09.json,1753,b9c4000da0b386716776d4f968a9398e94fcc9856a196b6f827a38e704b65e5b,C:\RSOS\RSOS_EXPERIMENTS_WF2_PROSPECTIVE_CROSS_SYSTEM_CONFIRMATION\04_RAW\ACTIVE_CAUSAL\4764cbb72958d7d5b6fe3b09.json
C:\RSOS\RSOS_CANONICAL_EXPERIMENT_CHAIN\033_EXP-016__WF2_Prospective_Cross_System_Confirmation\04_RAW\SOURCE\ACTIVE_CAUSAL\47bf66cd3ada1a441e1f3ba1.json,3375,07eb3691c295ed3d8b02b71fe6c04488985bb9a5207e3a46de0cf7e4ec9a341f,C:\RSOS\RSOS_EXPERIMENTS_WF2_PROSPECTIVE_CROSS_SYSTEM_CONFIRMATION\04_RAW\ACTIVE_CAUSAL\47bf66cd3ada1a441e1f3ba1.json
C:\RSOS\RSOS_CANONICAL_EXPERIMENT_CHAIN\033_EXP-016__WF2_Prospective_Cross_System_Confirmation\04_RAW\SOURCE\ACTIVE_CAUSAL\48108c644b157f101b949e56.json,3375,1895455b0738d863a88737dc556767c6bd7e4bddb203c035dc6ce7411e340898,C:\RSOS\RSOS_EXPERIMENTS_WF2_PROSPECTIVE_CROSS_SYSTEM_CONFIRMATION\04_RAW\ACTIVE_CAUSAL\48108c644b157f101b949e56.json
C:\RSOS\RSOS_CANONICAL_EXPERIMENT_CHAIN\033_EXP-016__WF2_Prospective_Cross_System_Confirmation\04_RAW\SOURCE\ACTIVE_CAUSAL\48122ba504f45ae555c7fbd4.json,1836,923ea2b92fd0f9c91dee513652575654a82a3fe5771453e398ddb04357b2377c,C:\RSOS\RSOS_EXPERIMENTS_WF2_PROSPECTIVE_CROSS_SYSTEM_CONFIRMATION\04_RAW\ACTIVE_CAUSAL\48122ba504f45ae555c7fbd4.json
C:\RSOS\RSOS_CANONICAL_EXPERIMENT_CHAIN\033_EXP-016__WF2_Prospective_Cross_System_Confirmation\04_RAW\SOURCE\ACTIVE_CAUSAL\4860d60f9f80056aa7325109.json,1988,c1300d278ec3cf7a0af52728e21fed70fe01266a67eb11bc8dda52ae50e03516,C:\RSOS\RSOS_EXPERIMENTS_WF2_PROSPECTIVE_CROSS_SYSTEM_CONFIRMATION\04_RAW\ACTIVE_CAUSAL\4860d60f9f80056aa7325109.json
C:\RSOS\RSOS_CANONICAL_EXPERIMENT_CHAIN\033_EXP-016__WF2_Prospective_Cross_System_Confirmation\04_RAW\SOURCE\ACTIVE_CAUSAL\4873c4a50e545f8e59d4e9df.json,1826,4622ab6609ede873198d227f5aa8a4f6dab5a090c55fef62fc753baf8162f92b,C:\RSOS\RSOS_EXPERIMENTS_WF2_PROSPECTIVE_CROSS_SYSTEM_CONFIRMATION\04_RAW\ACTIVE_CAUSAL\4873c4a50e545f8e59d4e9df.json
C:\RSOS\RSOS_CANONICAL_EXPERIMENT_CHAIN\033_EXP-016__WF2_Prospective_Cross_System_Confirmation\04_RAW\SOURCE\ACTIVE_CAUSAL\48784e97d4474904e8bf7900.json,3375,ddd35b911280549f938b6ca4173d061edf5a43a182868e834b387d05f3ba478f,C:\RSOS\RSOS_EXPERIMENTS_WF2_PROSPECTIVE_CROSS_SYSTEM_CONFIRMATION\04_RAW\ACTIVE_CAUSAL\48784e97d4474904e8bf7900.json
C:\RSOS\RSOS_CANONICAL_EXPERIMENT_CHAIN\033_EXP-016__WF2_Prospective_Cross_System_Confirmation\04_RAW\SOURCE\ACTIVE_CAUSAL\489e399ce80124783f2a8e10.json,1827,e7d9c7c7e120f1317f76f98a3e7f38081a8d34d2b37d31f30362d787e50c2d2e,C:\RSOS\RSOS_EXPERIMENTS_WF2_PROSPECTIVE_CROSS_SYSTEM_CONFIRMATION\04_RAW\ACTIVE_CAUSAL\489e399ce80124783f2a8e10.json
C:\RSOS\RSOS_CANONICAL_EXPERIMENT_CHAIN\033_EXP-016__WF2_Prospective_Cross_System_Confirmation\04_RAW\SOURCE\ACTIVE_CAUSAL\48e32bbc26887e8ee4f72fab.json,3375,fe681c6d2cb2ce4e71dedcce9f15c8ca7a4453f0e4a483e16329f97b0760cbed,C:\RSOS\RSOS_EXPERIMENTS_WF2_PROSPECTIVE_CROSS_SYSTEM_CONFIRMATION\04_RAW\ACTIVE_CAUSAL\48e32bbc26887e8ee4f72fab.json
C:\RSOS\RSOS_CANONICAL_EXPERIMENT_CHAIN\033_EXP-016__WF2_Prospective_Cross_System_Confirmation\04_RAW\SOURCE\ACTIVE_CAUSAL\48e7f57996c3f02b4a5b7549.json,1826,346dc8db10fb9b4458ca39469379f378fe2a7016b8e292612589c5155fdf9de5,C:\RSOS\RSOS_EXPERIMENTS_WF2_PROSPECTIVE_CROSS_SYSTEM_CONFIRMATION\04_RAW\ACTIVE_CAUSAL\48e7f57996c3f02b4a5b7549.json
C:\RSOS\RSOS_CANONICAL_EXPERIMENT_CHAIN\033_EXP-016__WF2_Prospective_Cross_System_Confirmation\04_RAW\SOURCE\ACTIVE_CAUSAL\48f8287784b94a8f01b261ca.json,1826,329b64b54b0bb4fbf6c2ad7f320541dfbc33786061585137c4e68dfad549a855,C:\RSOS\RSOS_EXPERIMENTS_WF2_PROSPECTIVE_CROSS_SYSTEM_CONFIRMATION\04_RAW\ACTIVE_CAUSAL\48f8287784b94a8f01b261ca.json
C:\RSOS\RSOS_CANONICAL_EXPERIMENT_CHAIN\033_EXP-016__WF2_Prospective_Cross_System_Confirmation\04_RAW\SOURCE\ACTIVE_CAUSAL\493bf6c34064f36586208707.json,3375,bbf741b8150148e1018ad615d47d42724ed209a9b72d433417564924afd0b4bc,C:\RSOS\RSOS_EXPERIMENTS_WF2_PROSPECTIVE_CROSS_SYSTEM_CONFIRMATION\04_RAW\ACTIVE_CAUSAL\493bf6c34064f36586208707.json
C:\RSOS\RSOS_CANONICAL_EXPERIMENT_CHAIN\033_EXP-016__WF2_Prospective_Cross_System_Confirmation\04_RAW\SOURCE\ACTIVE_CAUSAL\494d498861917eb0f7ede222.json,1871,143530e85d1f1d5e4d35830f2affc2c3069726e406360089bc26d5fa02445e2b,C:\RSOS\RSOS_EXPERIMENTS_WF2_PROSPECTIVE_CROSS_SYSTEM_CONFIRMATION\04_RAW\ACTIVE_CAUSAL\494d498861917eb0f7ede222.json
C:\RSOS\RSOS_CANONICAL_EXPERIMENT_CHAIN\033_EXP-016__WF2_Prospective_Cross_System_Confirmation\04_RAW\SOURCE\ACTIVE_CAUSAL\495208c37f3b94ce79a3f1a8.json,1826,30fbc6e8cde22b3274e2ccfdb2b6545a9aa7ac38b840bf9387ae97f3abfa191e,C:\RSOS\RSOS_EXPERIMENTS_WF2_PROSPECTIVE_CROSS_SYSTEM_CONFIRMATION\04_RAW\ACTIVE_CAUSAL\495208c37f3b94ce79a3f1a8.json
C:\RSOS\RSOS_CANONICAL_EXPERIMENT_CHAIN\033_EXP-016__WF2_Prospective_Cross_System_Confirmation\04_RAW\SOURCE\ACTIVE_CAUSAL\4955f97bad46237b1fca942c.json,3381,5cc87aa34231588aca2f3c9463c2c16fc397632549dc0898c980fe70177f5528,C:\RSOS\RSOS_EXPERIMENTS_WF2_PROSPECTIVE_CROSS_SYSTEM_CONFIRMATION\04_RAW\ACTIVE_CAUSAL\4955f97bad46237b1fca942c.json
C:\RSOS\RSOS_CANONICAL_EXPERIMENT_CHAIN\033_EXP-016__WF2_Prospective_Cross_System_Confirmation\04_RAW\SOURCE\ACTIVE_CAUSAL\4957603528204fffccf397d5.json,1827,bc71e96c9d0d81299a865aae787b64c21b9ac76dfafe59a7656dbfea483b016f,C:\RSOS\RSOS_EXPERIMENTS_WF2_PROSPECTIVE_CROSS_SYSTEM_CONFIRMATION\04_RAW\ACTIVE_CAUSAL\4957603528204fffccf397d5.json
C:\RSOS\RSOS_CANONICAL_EXPERIMENT_CHAIN\033_EXP-016__WF2_Prospective_Cross_System_Confirmation\04_RAW\SOURCE\ACTIVE_CAUSAL\49749ba4f5cd9ec70d563530.json,1991,d200f998f1aec20943ebb4ddf46894ed666258127a5fe57330bb0eb485800863,C:\RSOS\RSOS_EXPERIMENTS_WF2_PROSPECTIVE_CROSS_SYSTEM_CONFIRMATION\04_RAW\ACTIVE_CAUSAL\49749ba4f5cd9ec70d563530.json
C:\RSOS\RSOS_CANONICAL_EXPERIMENT_CHAIN\033_EXP-016__WF2_Prospective_Cross_System_Confirmation\04_RAW\SOURCE\ACTIVE_CAUSAL\497d481ba9ffcef12cbd2929.json,1827,6a20b30995c290ec2f3801d5352006dfcf99bc6744e85d92883841811829e0b5,C:\RSOS\RSOS_EXPERIMENTS_WF2_PROSPECTIVE_CROSS_SYSTEM_CONFIRMATION\04_RAW\ACTIVE_CAUSAL\497d481ba9ffcef12cbd2929.json
C:\RSOS\RSOS_CANONICAL_EXPERIMENT_CHAIN\033_EXP-016__WF2_Prospective_Cross_System_Confirmation\04_RAW\SOURCE\ACTIVE_CAUSAL\49ad1628b7538d302d23b01d.json,1826,7185b15f0d71ddf31d724be44c483b1056ba5a1fb183ae13e7e00b2d4f5d621b,C:\RSOS\RSOS_EXPERIMENTS_WF2_PROSPECTIVE_CROSS_SYSTEM_CONFIRMATION\04_RAW\ACTIVE_CAUSAL\49ad1628b7538d302d23b01d.json
C:\RSOS\RSOS_CANONICAL_EXPERIMENT_CHAIN\033_EXP-016__WF2_Prospective_Cross_System_Confirmation\04_RAW\SOURCE\ACTIVE_CAUSAL\49b42f8bad5457a2645be7d2.json,3383,b7c9343e15b0a62d96c981868f949c84533f0bd0843ef2930000a21baaf723c7,C:\RSOS\RSOS_EXPERIMENTS_WF2_PROSPECTIVE_CROSS_SYSTEM_CONFIRMATION\04_RAW\ACTIVE_CAUSAL\49b42f8bad5457a2645be7d2.json
C:\RSOS\RSOS_CANONICAL_EXPERIMENT_CHAIN\033_EXP-016__WF2_Prospective_Cross_System_Confirmation\04_RAW\SOURCE\ACTIVE_CAUSAL\49c38d98c40db6e5f8a9e72f.json,1992,26cf224ec2ef53823683de6df87196f053f24ce0f5403c156789ba684023da84,C:\RSOS\RSOS_EXPERIMENTS_WF2_PROSPECTIVE_CROSS_SYSTEM_CONFIRMATION\04_RAW\ACTIVE_CAUSAL\49c38d98c40db6e5f8a9e72f.json
C:\RSOS\RSOS_CANONICAL_EXPERIMENT_CHAIN\033_EXP-016__WF2_Prospective_Cross_System_Confirmation\04_RAW\SOURCE\ACTIVE_CAUSAL\49c8c5ff99d32aebe68cb398.json,3252,a7b6e4aea37094d65e8ee13b431e45c71936387c990d29ea050f4d8eddebc945,C:\RSOS\RSOS_EXPERIMENTS_WF2_PROSPECTIVE_CROSS_SYSTEM_CONFIRMATION\04_RAW\ACTIVE_CAUSAL\49c8c5ff99d32aebe68cb398.json
C:\RSOS\RSOS_CANONICAL_EXPERIMENT_CHAIN\033_EXP-016__WF2_Prospective_Cross_System_Confirmation\04_RAW\SOURCE\ACTIVE_CAUSAL\49d8788270d60ae80d9da2af.json,1835,3b4e7aa181b6d02bdbba3c8b3a5196ccab56a64c35e30824c49ebfbd7bb35024,C:\RSOS\RSOS_EXPERIMENTS_WF2_PROSPECTIVE_CROSS_SYSTEM_CONFIRMATION\04_RAW\ACTIVE_CAUSAL\49d8788270d60ae80d9da2af.json
C:\RSOS\RSOS_CANONICAL_EXPERIMENT_CHAIN\033_EXP-016__WF2_Prospective_Cross_System_Confirmation\04_RAW\SOURCE\ACTIVE_CAUSAL\49e79dff3f0d4afbfc22813a.json,1982,bba0f88267eb815d081923a8adde513ee11609669210979246af1a18c7af2833,C:\RSOS\RSOS_EXPERIMENTS_WF2_PROSPECTIVE_CROSS_SYSTEM_CONFIRMATION\04_RAW\ACTIVE_CAUSAL\49e79dff3f0d4afbfc22813a.json
C:\RSOS\RSOS_CANONICAL_EXPERIMENT_CHAIN\033_EXP-016__WF2_Prospective_Cross_System_Confirmation\04_RAW\SOURCE\ACTIVE_CAUSAL\4a31d7d6e434112057a7b21a.json,3374,3d32b8f965137f165aeb0f1bc5519005a9610182ffe968294a5e5eb8265f1f6f,C:\RSOS\RSOS_EXPERIMENTS_WF2_PROSPECTIVE_CROSS_SYSTEM_CONFIRMATION\04_RAW\ACTIVE_CAUSAL\4a31d7d6e434112057a7b21a.json
C:\RSOS\RSOS_CANONICAL_EXPERIMENT_CHAIN\033_EXP-016__WF2_Prospective_Cross_System_Confirmation\04_RAW\SOURCE\ACTIVE_CAUSAL\4a75f2d5d3f906b1173ef48e.json,1981,dc24a5c40e3a90e8031a9b68d367eabf608347270aab96bb6c8415dcca0e9a82,C:\RSOS\RSOS_EXPERIMENTS_WF2_PROSPECTIVE_CROSS_SYSTEM_CONFIRMATION\04_RAW\ACTIVE_CAUSAL\4a75f2d5d3f906b1173ef48e.json
C:\RSOS\RSOS_CANONICAL_EXPERIMENT_CHAIN\033_EXP-016__WF2_Prospective_Cross_System_Confirmation\04_RAW\SOURCE\ACTIVE_CAUSAL\4a7f1b6db17abb3be721f926.json,1990,0a4a3c364850ccd42b4fc91e6a40241c69184b83be27eb3ce465dff2aa064ad3,C:\RSOS\RSOS_EXPERIMENTS_WF2_PROSPECTIVE_CROSS_SYSTEM_CONFIRMATION\04_RAW\ACTIVE_CAUSAL\4a7f1b6db17abb3be721f926.json
C:\RSOS\RSOS_CANONICAL_EXPERIMENT_CHAIN\033_EXP-016__WF2_Prospective_Cross_System_Confirmation\04_RAW\SOURCE\ACTIVE_CAUSAL\4a8ae437ee941ec575381f4f.json,1876,07c106c2a1ba18a59880a6ef39cdc92df285c6f4428f04e589bda9de3a8d35e7,C:\RSOS\RSOS_EXPERIMENTS_WF2_PROSPECTIVE_CROSS_SYSTEM_CONFIRMATION\04_RAW\ACTIVE_CAUSAL\4a8ae437ee941ec575381f4f.json
C:\RSOS\RSOS_CANONICAL_EXPERIMENT_CHAIN\033_EXP-016__WF2_Prospective_Cross_System_Confirmation\04_RAW\SOURCE\ACTIVE_CAUSAL\4acd87500ab7f028674eed4d.json,1827,c0a5533f7eef10f469439d4ba8fb55566b8f06600cdb26648f6b2f06e9357c5e,C:\RSOS\RSOS_EXPERIMENTS_WF2_PROSPECTIVE_CROSS_SYSTEM_CONFIRMATION\04_RAW\ACTIVE_CAUSAL\4acd87500ab7f028674eed4d.json
C:\RSOS\RSOS_CANONICAL_EXPERIMENT_CHAIN\033_EXP-016__WF2_Prospective_Cross_System_Confirmation\04_RAW\SOURCE\ACTIVE_CAUSAL\4ae84f642f0669bbf05e5cc4.json,1992,36e2e5d006a6710bc29316fc91108917fda604aa690e99a5cd7b8dcb0ad9bd3e,C:\RSOS\RSOS_EXPERIMENTS_WF2_PROSPECTIVE_CROSS_SYSTEM_CONFIRMATION\04_RAW\ACTIVE_CAUSAL\4ae84f642f0669bbf05e5cc4.json
C:\RSOS\RSOS_CANONICAL_EXPERIMENT_CHAIN\033_EXP-016__WF2_Prospective_Cross_System_Confirmation\04_RAW\SOURCE\ACTIVE_CAUSAL\4af9d5f1ee222ae4be7a2707.json,1776,303ea664f85d2472b9f891dee37179423ee1f634050126b9a81758f118424bd3,C:\RSOS\RSOS_EXPERIMENTS_WF2_PROSPECTIVE_CROSS_SYSTEM_CONFIRMATION\04_RAW\ACTIVE_CAUSAL\4af9d5f1ee222ae4be7a2707.json
C:\RSOS\RSOS_CANONICAL_EXPERIMENT_CHAIN\033_EXP-016__WF2_Prospective_Cross_System_Confirmation\04_RAW\SOURCE\ACTIVE_CAUSAL\4afaa6d448aab8a5b202ba6e.json,3374,226e6c95968ab4d83650b8bd651ba68363ec259d1b0d4598331603dfd532d0cc,C:\RSOS\RSOS_EXPERIMENTS_WF2_PROSPECTIVE_CROSS_SYSTEM_CONFIRMATION\04_RAW\ACTIVE_CAUSAL\4afaa6d448aab8a5b202ba6e.json
C:\RSOS\RSOS_CANONICAL_EXPERIMENT_CHAIN\033_EXP-016__WF2_Prospective_Cross_System_Confirmation\04_RAW\SOURCE\ACTIVE_CAUSAL\4b256a404c98ecbbe4ee8aca.json,1763,7c134dcf1e885daeeaa6ed60dcafc8519b3fc862a35fa9c0923733a97b3e97be,C:\RSOS\RSOS_EXPERIMENTS_WF2_PROSPECTIVE_CROSS_SYSTEM_CONFIRMATION\04_RAW\ACTIVE_CAUSAL\4b256a404c98ecbbe4ee8aca.json
C:\RSOS\RSOS_CANONICAL_EXPERIMENT_CHAIN\033_EXP-016__WF2_Prospective_Cross_System_Confirmation\04_RAW\SOURCE\ACTIVE_CAUSAL\4b29af7fcb120718f61f2186.json,3374,1e6c035a38bc83189e93039751d844df53c9d0e5b909de01778ba1df7280041f,C:\RSOS\RSOS_EXPERIMENTS_WF2_PROSPECTIVE_CROSS_SYSTEM_CONFIRMATION\04_RAW\ACTIVE_CAUSAL\4b29af7fcb120718f61f2186.json
C:\RSOS\RSOS_CANONICAL_EXPERIMENT_CHAIN\033_EXP-016__WF2_Prospective_Cross_System_Confirmation\04_RAW\SOURCE\ACTIVE_CAUSAL\4b3e5b2dc6f7da49628e2f63.json,3374,e8ac271887ff7cc47aa9e6e59cfe376878994cc87a899ca96e629b42a7f22ccf,C:\RSOS\RSOS_EXPERIMENTS_WF2_PROSPECTIVE_CROSS_SYSTEM_CONFIRMATION\04_RAW\ACTIVE_CAUSAL\4b3e5b2dc6f7da49628e2f63.json
C:\RSOS\RSOS_CANONICAL_EXPERIMENT_CHAIN\033_EXP-016__WF2_Prospective_Cross_System_Confirmation\04_RAW\SOURCE\ACTIVE_CAUSAL\4b54c4775bb00e323a682fb0.json,3376,888492f88832633f0ec13c943cfc658ac53c36f7d954a9858985b6d816f6051a,C:\RSOS\RSOS_EXPERIMENTS_WF2_PROSPECTIVE_CROSS_SYSTEM_CONFIRMATION\04_RAW\ACTIVE_CAUSAL\4b54c4775bb00e323a682fb0.json
C:\RSOS\RSOS_CANONICAL_EXPERIMENT_CHAIN\033_EXP-016__WF2_Prospective_Cross_System_Confirmation\04_RAW\SOURCE\ACTIVE_CAUSAL\4b7b337b8ee1fddb1dd6d477.json,1876,dcbee0d70b7b8eb731d2b7b9f6be035fa105319973a850e273a488cfc8dc0634,C:\RSOS\RSOS_EXPERIMENTS_WF2_PROSPECTIVE_CROSS_SYSTEM_CONFIRMATION\04_RAW\ACTIVE_CAUSAL\4b7b337b8ee1fddb1dd6d477.json
C:\RSOS\RSOS_CANONICAL_EXPERIMENT_CHAIN\033_EXP-016__WF2_Prospective_Cross_System_Confirmation\04_RAW\SOURCE\ACTIVE_CAUSAL\4b9c5e9fd581b061088cc624.json,1785,75208ff1960875dcb03de973e184e290f3cc5e67431f869ecc0d8239d4f9bdde,C:\RSOS\RSOS_EXPERIMENTS_WF2_PROSPECTIVE_CROSS_SYSTEM_CONFIRMATION\04_RAW\ACTIVE_CAUSAL\4b9c5e9fd581b061088cc624.json
C:\RSOS\RSOS_CANONICAL_EXPERIMENT_CHAIN\033_EXP-016__WF2_Prospective_Cross_System_Confirmation\04_RAW\SOURCE\ACTIVE_CAUSAL\4bb2f0c6f0f11c627ad92b01.json,1992,b84974330c6c4216cb3fad629f9aa1d0cee7e0870a4610b65f4f49f3ce8c8522,C:\RSOS\RSOS_EXPERIMENTS_WF2_PROSPECTIVE_CROSS_SYSTEM_CONFIRMATION\04_RAW\ACTIVE_CAUSAL\4bb2f0c6f0f11c627ad92b01.json
C:\RSOS\RSOS_CANONICAL_EXPERIMENT_CHAIN\033_EXP-016__WF2_Prospective_Cross_System_Confirmation\04_RAW\SOURCE\ACTIVE_CAUSAL\4beedd095d637500aa3aa717.json,3374,c67a36f5d51aa453f226915303d6be6f1fabafcdb56fef4ebeda72bcd5f94314,C:\RSOS\RSOS_EXPERIMENTS_WF2_PROSPECTIVE_CROSS_SYSTEM_CONFIRMATION\04_RAW\ACTIVE_CAUSAL\4beedd095d637500aa3aa717.json
C:\RSOS\RSOS_CANONICAL_EXPERIMENT_CHAIN\033_EXP-016__WF2_Prospective_Cross_System_Confirmation\04_RAW\SOURCE\ACTIVE_CAUSAL\4c48e679dd6614d51fe00ac2.json,1828,abe0fae54da89170ed6c121e0dafee4b8c03a8b832bf7e17023ee912d1d703a0,C:\RSOS\RSOS_EXPERIMENTS_WF2_PROSPECTIVE_CROSS_SYSTEM_CONFIRMATION\04_RAW\ACTIVE_CAUSAL\4c48e679dd6614d51fe00ac2.json
C:\RSOS\RSOS_CANONICAL_EXPERIMENT_CHAIN\033_EXP-016__WF2_Prospective_Cross_System_Confirmation\04_RAW\SOURCE\ACTIVE_CAUSAL\4c4de92aad6bd796a8a563c5.json,3374,8bdb045007e28582d255df567a2543ce1ee5eb1c15eeecc9f0490112629f199a,C:\RSOS\RSOS_EXPERIMENTS_WF2_PROSPECTIVE_CROSS_SYSTEM_CONFIRMATION\04_RAW\ACTIVE_CAUSAL\4c4de92aad6bd796a8a563c5.json
C:\RSOS\RSOS_CANONICAL_EXPERIMENT_CHAIN\033_EXP-016__WF2_Prospective_Cross_System_Confirmation\04_RAW\SOURCE\ACTIVE_CAUSAL\4d0af825daca0c5d28f69eea.json,3375,bf5a7f12654bff6c69e08f984bf1cab1be33605c72014f0126b6eb30c62b6913,C:\RSOS\RSOS_EXPERIMENTS_WF2_PROSPECTIVE_CROSS_SYSTEM_CONFIRMATION\04_RAW\ACTIVE_CAUSAL\4d0af825daca0c5d28f69eea.json
C:\RSOS\RSOS_CANONICAL_EXPERIMENT_CHAIN\033_EXP-016__WF2_Prospective_Cross_System_Confirmation\04_RAW\SOURCE\ACTIVE_CAUSAL\4d1fdbbcda7a299328c247da.json,1981,619ec1a7dbfe5676298ac9dd826ada8c34dec188f8a815064e23146e10111bee,C:\RSOS\RSOS_EXPERIMENTS_WF2_PROSPECTIVE_CROSS_SYSTEM_CONFIRMATION\04_RAW\ACTIVE_CAUSAL\4d1fdbbcda7a299328c247da.json
C:\RSOS\RSOS_CANONICAL_EXPERIMENT_CHAIN\033_EXP-016__WF2_Prospective_Cross_System_Confirmation\04_RAW\SOURCE\ACTIVE_CAUSAL\4d27959b4e3b494312cfdd2d.json,3374,1bbf54850c344dd93619ead575e0f48e647b2b83a4998375bbcae3662b87d53c,C:\RSOS\RSOS_EXPERIMENTS_WF2_PROSPECTIVE_CROSS_SYSTEM_CONFIRMATION\04_RAW\ACTIVE_CAUSAL\4d27959b4e3b494312cfdd2d.json
C:\RSOS\RSOS_CANONICAL_EXPERIMENT_CHAIN\033_EXP-016__WF2_Prospective_Cross_System_Confirmation\04_RAW\SOURCE\ACTIVE_CAUSAL\4d3b6492117baf9c188b2c5c.json,1837,a637eebef6c53d176ef999e626576ddb5c8dd2aef6aca4a7e6150c75af1bdaa8,C:\RSOS\RSOS_EXPERIMENTS_WF2_PROSPECTIVE_CROSS_SYSTEM_CONFIRMATION\04_RAW\ACTIVE_CAUSAL\4d3b6492117baf9c188b2c5c.json
C:\RSOS\RSOS_CANONICAL_EXPERIMENT_CHAIN\033_EXP-016__WF2_Prospective_Cross_System_Confirmation\04_RAW\SOURCE\ACTIVE_CAUSAL\4d597e2af23763410581e34f.json,3389,5b1fbff43559eea80499be2db06f4555960f290b13c82fcf84ab5d2bcd039122,C:\RSOS\RSOS_EXPERIMENTS_WF2_PROSPECTIVE_CROSS_SYSTEM_CONFIRMATION\04_RAW\ACTIVE_CAUSAL\4d597e2af23763410581e34f.json
C:\RSOS\RSOS_CANONICAL_EXPERIMENT_CHAIN\033_EXP-016__WF2_Prospective_Cross_System_Confirmation\04_RAW\SOURCE\ACTIVE_CAUSAL\4d798958b6dff7b06270d74f.json,1982,989e43fa9f655edae077a4a7de66b837451139f3d8c1472f462f5de093028589,C:\RSOS\RSOS_EXPERIMENTS_WF2_PROSPECTIVE_CROSS_SYSTEM_CONFIRMATION\04_RAW\ACTIVE_CAUSAL\4d798958b6dff7b06270d74f.json
C:\RSOS\RSOS_CANONICAL_EXPERIMENT_CHAIN\033_EXP-016__WF2_Prospective_Cross_System_Confirmation\04_RAW\SOURCE\ACTIVE_CAUSAL\4da6ad498ecb00e0b0523408.json,1837,12673173cfc45bbf8e2c272a827e249201b6f16849f19e5bdeebf69968538a83,C:\RSOS\RSOS_EXPERIMENTS_WF2_PROSPECTIVE_CROSS_SYSTEM_CONFIRMATION\04_RAW\ACTIVE_CAUSAL\4da6ad498ecb00e0b0523408.json
C:\RSOS\RSOS_CANONICAL_EXPERIMENT_CHAIN\033_EXP-016__WF2_Prospective_Cross_System_Confirmation\04_RAW\SOURCE\ACTIVE_CAUSAL\4ddb9d8be7000aeb18bbb23d.json,1982,9b885535a1ef2ea50d312e8d37aa35c80b514705ef949add5060aaa22d18fc78,C:\RSOS\RSOS_EXPERIMENTS_WF2_PROSPECTIVE_CROSS_SYSTEM_CONFIRMATION\04_RAW\ACTIVE_CAUSAL\4ddb9d8be7000aeb18bbb23d.json
C:\RSOS\RSOS_CANONICAL_EXPERIMENT_CHAIN\033_EXP-016__WF2_Prospective_Cross_System_Confirmation\04_RAW\SOURCE\ACTIVE_CAUSAL\4df29b9fb58d11664e9be7c8.json,1752,16cbd5c5e3982a92b3c1732a3ee3a472e12a1a756b6fe158269e3fad62e88ab3,C:\RSOS\RSOS_EXPERIMENTS_WF2_PROSPECTIVE_CROSS_SYSTEM_CONFIRMATION\04_RAW\ACTIVE_CAUSAL\4df29b9fb58d11664e9be7c8.json
C:\RSOS\RSOS_CANONICAL_EXPERIMENT_CHAIN\033_EXP-016__WF2_Prospective_Cross_System_Confirmation\04_RAW\SOURCE\ACTIVE_CAUSAL\4df6e805bed297aece055f3b.json,1842,e5c5fc662811da0eef6ec75003362f40f38c70193345767ba0786c594072ea9a,C:\RSOS\RSOS_EXPERIMENTS_WF2_PROSPECTIVE_CROSS_SYSTEM_CONFIRMATION\04_RAW\ACTIVE_CAUSAL\4df6e805bed297aece055f3b.json
C:\RSOS\RSOS_CANONICAL_EXPERIMENT_CHAIN\033_EXP-016__WF2_Prospective_Cross_System_Confirmation\04_RAW\SOURCE\ACTIVE_CAUSAL\4e1252a971034659ca853783.json,1837,a7d9be2d597ee6458e82dc6d8cc52b1571d313cc9cfd567c3d81beb0da8e2896,C:\RSOS\RSOS_EXPERIMENTS_WF2_PROSPECTIVE_CROSS_SYSTEM_CONFIRMATION\04_RAW\ACTIVE_CAUSAL\4e1252a971034659ca853783.json
C:\RSOS\RSOS_CANONICAL_EXPERIMENT_CHAIN\033_EXP-016__WF2_Prospective_Cross_System_Confirmation\04_RAW\SOURCE\ACTIVE_CAUSAL\4e1ba80b5a618b650fcb5810.json,1992,47c74fca5779f907d6ef0266a44dbc47937668ef16614806b477f5a0efe20efe,C:\RSOS\RSOS_EXPERIMENTS_WF2_PROSPECTIVE_CROSS_SYSTEM_CONFIRMATION\04_RAW\ACTIVE_CAUSAL\4e1ba80b5a618b650fcb5810.json
C:\RSOS\RSOS_CANONICAL_EXPERIMENT_CHAIN\033_EXP-016__WF2_Prospective_Cross_System_Confirmation\04_RAW\SOURCE\ACTIVE_CAUSAL\4e2d1e09de1c596f396a6d0d.json,3374,e4e93785314590d7eae2b0a522f44494eb224f79d3817654e2454f9b5428faa5,C:\RSOS\RSOS_EXPERIMENTS_WF2_PROSPECTIVE_CROSS_SYSTEM_CONFIRMATION\04_RAW\ACTIVE_CAUSAL\4e2d1e09de1c596f396a6d0d.json
C:\RSOS\RSOS_CANONICAL_EXPERIMENT_CHAIN\033_EXP-016__WF2_Prospective_Cross_System_Confirmation\04_RAW\SOURCE\ACTIVE_CAUSAL\4e38e0d5d165fa6be21f9c1c.json,1980,6f9bb08419d755a2db6041fba032d61dbf6fcbe03f54db09022cbffd230c19bc,C:\RSOS\RSOS_EXPERIMENTS_WF2_PROSPECTIVE_CROSS_SYSTEM_CONFIRMATION\04_RAW\ACTIVE_CAUSAL\4e38e0d5d165fa6be21f9c1c.json
C:\RSOS\RSOS_CANONICAL_EXPERIMENT_CHAIN\033_EXP-016__WF2_Prospective_Cross_System_Confirmation\04_RAW\SOURCE\ACTIVE_CAUSAL\4eb4fadcebf79c69e26e64ca.json,1835,36b98f5bb3174070b9e13f4c11a2c84e2522975fbd132e9322fa6f908155606e,C:\RSOS\RSOS_EXPERIMENTS_WF2_PROSPECTIVE_CROSS_SYSTEM_CONFIRMATION\04_RAW\ACTIVE_CAUSAL\4eb4fadcebf79c69e26e64ca.json
C:\RSOS\RSOS_CANONICAL_EXPERIMENT_CHAIN\033_EXP-016__WF2_Prospective_Cross_System_Confirmation\04_RAW\SOURCE\ACTIVE_CAUSAL\4ec824f208b0fdecd82ef617.json,1996,8a4c0d5f68d126b96d841f95259cef69e6dd7059af08a8ceaa1419a2ac450ec7,C:\RSOS\RSOS_EXPERIMENTS_WF2_PROSPECTIVE_CROSS_SYSTEM_CONFIRMATION\04_RAW\ACTIVE_CAUSAL\4ec824f208b0fdecd82ef617.json
C:\RSOS\RSOS_CANONICAL_EXPERIMENT_CHAIN\033_EXP-016__WF2_Prospective_Cross_System_Confirmation\04_RAW\SOURCE\ACTIVE_CAUSAL\4ef1fecc094dc414b035183f.json,1826,718776131172aa1322d6a2cd9e53508c5e7ae9185b4f1c976fe45d033281772e,C:\RSOS\RSOS_EXPERIMENTS_WF2_PROSPECTIVE_CROSS_SYSTEM_CONFIRMATION\04_RAW\ACTIVE_CAUSAL\4ef1fecc094dc414b035183f.json
C:\RSOS\RSOS_CANONICAL_EXPERIMENT_CHAIN\033_EXP-016__WF2_Prospective_Cross_System_Confirmation\04_RAW\SOURCE\ACTIVE_CAUSAL\4ef6caf3e45b15d1cdee2f9b.json,3374,02bc2f161abc57017d54f5f3150ffbad74feafb1d66688639df287f67c419b5d,C:\RSOS\RSOS_EXPERIMENTS_WF2_PROSPECTIVE_CROSS_SYSTEM_CONFIRMATION\04_RAW\ACTIVE_CAUSAL\4ef6caf3e45b15d1cdee2f9b.json
C:\RSOS\RSOS_CANONICAL_EXPERIMENT_CHAIN\033_EXP-016__WF2_Prospective_Cross_System_Confirmation\04_RAW\SOURCE\ACTIVE_CAUSAL\4f4b5336259dd5b0a7f221d2.json,1835,88fd3a483808937afbb2c78a870f9ea23afc71d46b980a4e46f38d384667223b,C:\RSOS\RSOS_EXPERIMENTS_WF2_PROSPECTIVE_CROSS_SYSTEM_CONFIRMATION\04_RAW\ACTIVE_CAUSAL\4f4b5336259dd5b0a7f221d2.json
C:\RSOS\RSOS_CANONICAL_EXPERIMENT_CHAIN\033_EXP-016__WF2_Prospective_Cross_System_Confirmation\04_RAW\SOURCE\ACTIVE_CAUSAL\4f50a2f675f40dd81ae054be.json,1826,b2928e3921936db836ea3c70efdec3ac8d0bda8a6f2494ed7bdce22ee27a2b8f,C:\RSOS\RSOS_EXPERIMENTS_WF2_PROSPECTIVE_CROSS_SYSTEM_CONFIRMATION\04_RAW\ACTIVE_CAUSAL\4f50a2f675f40dd81ae054be.json
C:\RSOS\RSOS_CANONICAL_EXPERIMENT_CHAIN\033_EXP-016__WF2_Prospective_Cross_System_Confirmation\04_RAW\SOURCE\ACTIVE_CAUSAL\4f85381aafa347dba46296a4.json,1826,1fa7d4f6ce32e7a75b8dbf4cf3ab29b50835a7fce6c76529a1959d776cfc3235,C:\RSOS\RSOS_EXPERIMENTS_WF2_PROSPECTIVE_CROSS_SYSTEM_CONFIRMATION\04_RAW\ACTIVE_CAUSAL\4f85381aafa347dba46296a4.json
C:\RSOS\RSOS_CANONICAL_EXPERIMENT_CHAIN\033_EXP-016__WF2_Prospective_Cross_System_Confirmation\04_RAW\SOURCE\ACTIVE_CAUSAL\4fc3034b75bd94c67f293a4f.json,1982,248614a1327b5928242d1ac548dc004dffe3c4cd3e59a0efdc361a9a9c742f9d,C:\RSOS\RSOS_EXPERIMENTS_WF2_PROSPECTIVE_CROSS_SYSTEM_CONFIRMATION\04_RAW\ACTIVE_CAUSAL\4fc3034b75bd94c67f293a4f.json
C:\RSOS\RSOS_CANONICAL_EXPERIMENT_CHAIN\033_EXP-016__WF2_Prospective_Cross_System_Confirmation\04_RAW\SOURCE\ACTIVE_CAUSAL\4fc7dee753e7f28e0c8e3319.json,1988,c8e8763c8ac8ce2ba86702c52ee59d2133625c910b3d0c47e8daa5e67ee386a1,C:\RSOS\RSOS_EXPERIMENTS_WF2_PROSPECTIVE_CROSS_SYSTEM_CONFIRMATION\04_RAW\ACTIVE_CAUSAL\4fc7dee753e7f28e0c8e3319.json
C:\RSOS\RSOS_CANONICAL_EXPERIMENT_CHAIN\033_EXP-016__WF2_Prospective_Cross_System_Confirmation\04_RAW\SOURCE\ACTIVE_CAUSAL\4ff18c452acbfbceebfabae7.json,3389,6e0e886145978fe5707df4d4241953c9d169c362b1d0eaa28dbef75b14adc3a3,C:\RSOS\RSOS_EXPERIMENTS_WF2_PROSPECTIVE_CROSS_SYSTEM_CONFIRMATION\04_RAW\ACTIVE_CAUSAL\4ff18c452acbfbceebfabae7.json
C:\RSOS\RSOS_CANONICAL_EXPERIMENT_CHAIN\033_EXP-016__WF2_Prospective_Cross_System_Confirmation\04_RAW\SOURCE\ACTIVE_CAUSAL\5012b511691d448c52ccdc6f.json,1992,c6b70707b80fe5f6e4dd39a12e12cb78e69a6736f0220f6831ced9659a44cba6,C:\RSOS\RSOS_EXPERIMENTS_WF2_PROSPECTIVE_CROSS_SYSTEM_CONFIRMATION\04_RAW\ACTIVE_CAUSAL\5012b511691d448c52ccdc6f.json
C:\RSOS\RSOS_CANONICAL_EXPERIMENT_CHAIN\033_EXP-016__WF2_Prospective_Cross_System_Confirmation\04_RAW\SOURCE\ACTIVE_CAUSAL\502217f6972818544ae7b223.json,1837,0bc8a80793cc3375e1925fcca41426b21e3d2932cda45746c86da0d8a4d2a348,C:\RSOS\RSOS_EXPERIMENTS_WF2_PROSPECTIVE_CROSS_SYSTEM_CONFIRMATION\04_RAW\ACTIVE_CAUSAL\502217f6972818544ae7b223.json
C:\RSOS\RSOS_CANONICAL_EXPERIMENT_CHAIN\033_EXP-016__WF2_Prospective_Cross_System_Confirmation\04_RAW\SOURCE\ACTIVE_CAUSAL\504ed51db2fb883bfc345ac8.json,3374,dd5952500850c9f8c44040986e99f17d56b5bda2eb8156f0e4a92e0c9ecaf152,C:\RSOS\RSOS_EXPERIMENTS_WF2_PROSPECTIVE_CROSS_SYSTEM_CONFIRMATION\04_RAW\ACTIVE_CAUSAL\504ed51db2fb883bfc345ac8.json
C:\RSOS\RSOS_CANONICAL_EXPERIMENT_CHAIN\033_EXP-016__WF2_Prospective_Cross_System_Confirmation\04_RAW\SOURCE\ACTIVE_CAUSAL\506ac707144ca01b4b869c7b.json,1991,c7244a19f53913ae17aef77da6b6dd784dd3117c98df668bf3ed61b8225d9ef2,C:\RSOS\RSOS_EXPERIMENTS_WF2_PROSPECTIVE_CROSS_SYSTEM_CONFIRMATION\04_RAW\ACTIVE_CAUSAL\506ac707144ca01b4b869c7b.json
C:\RSOS\RSOS_CANONICAL_EXPERIMENT_CHAIN\033_EXP-016__WF2_Prospective_Cross_System_Confirmation\04_RAW\SOURCE\ACTIVE_CAUSAL\5099fc7a5e156c4a8c7fa068.json,1826,2cfbf81ef68f7fda5a09998cc1f7604447e52a53d5703da902fbdd4e97e1ee53,C:\RSOS\RSOS_EXPERIMENTS_WF2_PROSPECTIVE_CROSS_SYSTEM_CONFIRMATION\04_RAW\ACTIVE_CAUSAL\5099fc7a5e156c4a8c7fa068.json
C:\RSOS\RSOS_CANONICAL_EXPERIMENT_CHAIN\033_EXP-016__WF2_Prospective_Cross_System_Confirmation\04_RAW\SOURCE\ACTIVE_CAUSAL\50b68a8888a1fd81ec0a017b.json,3374,89e027f1aa4d3d1431d7a0021221540355e1718f647addf73a6a5ab9cefe827a,C:\RSOS\RSOS_EXPERIMENTS_WF2_PROSPECTIVE_CROSS_SYSTEM_CONFIRMATION\04_RAW\ACTIVE_CAUSAL\50b68a8888a1fd81ec0a017b.json
C:\RSOS\RSOS_CANONICAL_EXPERIMENT_CHAIN\033_EXP-016__WF2_Prospective_Cross_System_Confirmation\04_RAW\SOURCE\ACTIVE_CAUSAL\50c30d681cf4f035bf79430b.json,3375,521169af0396c8232f3daab620fbcc2a26f49f8dd9c1d4d2e0c6c242b58d30ae,C:\RSOS\RSOS_EXPERIMENTS_WF2_PROSPECTIVE_CROSS_SYSTEM_CONFIRMATION\04_RAW\ACTIVE_CAUSAL\50c30d681cf4f035bf79430b.json
C:\RSOS\RSOS_CANONICAL_EXPERIMENT_CHAIN\033_EXP-016__WF2_Prospective_Cross_System_Confirmation\04_RAW\SOURCE\ACTIVE_CAUSAL\50de252d76d2a71959d027c4.json,1836,d43656c1f2cd6151fefd9a3df52a7ae04db3c680dbf75553f71dbb70addb0a12,C:\RSOS\RSOS_EXPERIMENTS_WF2_PROSPECTIVE_CROSS_SYSTEM_CONFIRMATION\04_RAW\ACTIVE_CAUSAL\50de252d76d2a71959d027c4.json
C:\RSOS\RSOS_CANONICAL_EXPERIMENT_CHAIN\033_EXP-016__WF2_Prospective_Cross_System_Confirmation\04_RAW\SOURCE\ACTIVE_CAUSAL\5163cda53c94a7c28015307e.json,1826,66bec0b60827e7d2e148c1bfdfc6933f8ac263160f34b9b1cf2a70e58ccb8002,C:\RSOS\RSOS_EXPERIMENTS_WF2_PROSPECTIVE_CROSS_SYSTEM_CONFIRMATION\04_RAW\ACTIVE_CAUSAL\5163cda53c94a7c28015307e.json
C:\RSOS\RSOS_CANONICAL_EXPERIMENT_CHAIN\033_EXP-016__WF2_Prospective_Cross_System_Confirmation\04_RAW\SOURCE\ACTIVE_CAUSAL\51727f3144568b2b515318e6.json,1827,bc67705d8f5bff6a0f8eb93016abfb88442e0483894efc7ba82d8a3c1a838e8d,C:\RSOS\RSOS_EXPERIMENTS_WF2_PROSPECTIVE_CROSS_SYSTEM_CONFIRMATION\04_RAW\ACTIVE_CAUSAL\51727f3144568b2b515318e6.json
C:\RSOS\RSOS_CANONICAL_EXPERIMENT_CHAIN\033_EXP-016__WF2_Prospective_Cross_System_Confirmation\04_RAW\SOURCE\ACTIVE_CAUSAL\5175b8644e377f3dd22244f7.json,1761,417435d7f482b819784ee414837b143bc559de93ec0305e5512d1f40e1953656,C:\RSOS\RSOS_EXPERIMENTS_WF2_PROSPECTIVE_CROSS_SYSTEM_CONFIRMATION\04_RAW\ACTIVE_CAUSAL\5175b8644e377f3dd22244f7.json
C:\RSOS\RSOS_CANONICAL_EXPERIMENT_CHAIN\033_EXP-016__WF2_Prospective_Cross_System_Confirmation\04_RAW\SOURCE\ACTIVE_CAUSAL\51812fee5c9deac36fe07bb0.json,3375,7ec4ed1ed81127c2628b8c7bb61a113355ed240d1be5509aa99fed52cf68eb59,C:\RSOS\RSOS_EXPERIMENTS_WF2_PROSPECTIVE_CROSS_SYSTEM_CONFIRMATION\04_RAW\ACTIVE_CAUSAL\51812fee5c9deac36fe07bb0.json
C:\RSOS\RSOS_CANONICAL_EXPERIMENT_CHAIN\033_EXP-016__WF2_Prospective_Cross_System_Confirmation\04_RAW\SOURCE\ACTIVE_CAUSAL\51d07eb62d08cb1d734cc16b.json,1827,a73d4642abceb91807ec8321b10312facea74a58432ba1e173df2aceb7b1221d,C:\RSOS\RSOS_EXPERIMENTS_WF2_PROSPECTIVE_CROSS_SYSTEM_CONFIRMATION\04_RAW\ACTIVE_CAUSAL\51d07eb62d08cb1d734cc16b.json
C:\RSOS\RSOS_CANONICAL_EXPERIMENT_CHAIN\033_EXP-016__WF2_Prospective_Cross_System_Confirmation\04_RAW\SOURCE\ACTIVE_CAUSAL\51e20b98b0310df3d424a998.json,1995,65eac69c06152447f5048734bff181833adc9a4af81dfd5b8114d64760d693aa,C:\RSOS\RSOS_EXPERIMENTS_WF2_PROSPECTIVE_CROSS_SYSTEM_CONFIRMATION\04_RAW\ACTIVE_CAUSAL\51e20b98b0310df3d424a998.json
C:\RSOS\RSOS_CANONICAL_EXPERIMENT_CHAIN\033_EXP-016__WF2_Prospective_Cross_System_Confirmation\04_RAW\SOURCE\ACTIVE_CAUSAL\51eed3884d6df96e14c3d692.json,1783,fc4b994ec9ac46170f2bca07f82d2610a33e844a3f43140dcb96a50c99b56c50,C:\RSOS\RSOS_EXPERIMENTS_WF2_PROSPECTIVE_CROSS_SYSTEM_CONFIRMATION\04_RAW\ACTIVE_CAUSAL\51eed3884d6df96e14c3d692.json
C:\RSOS\RSOS_CANONICAL_EXPERIMENT_CHAIN\033_EXP-016__WF2_Prospective_Cross_System_Confirmation\04_RAW\SOURCE\ACTIVE_CAUSAL\52c0eb2c6fa8f2dcec81cfe5.json,3381,4fd9fdf8fb214ebe3bc598aa0a477107c1d6d4c8dd0855a851bb643fff7a4935,C:\RSOS\RSOS_EXPERIMENTS_WF2_PROSPECTIVE_CROSS_SYSTEM_CONFIRMATION\04_RAW\ACTIVE_CAUSAL\52c0eb2c6fa8f2dcec81cfe5.json
C:\RSOS\RSOS_CANONICAL_EXPERIMENT_CHAIN\033_EXP-016__WF2_Prospective_Cross_System_Confirmation\04_RAW\SOURCE\ACTIVE_CAUSAL\52fc35f8c9255aa37d965efd.json,3389,2b72f2b34ae5593606f05bb483230104a69a5284bb9d461b88d3e945e1491254,C:\RSOS\RSOS_EXPERIMENTS_WF2_PROSPECTIVE_CROSS_SYSTEM_CONFIRMATION\04_RAW\ACTIVE_CAUSAL\52fc35f8c9255aa37d965efd.json
C:\RSOS\RSOS_CANONICAL_EXPERIMENT_CHAIN\033_EXP-016__WF2_Prospective_Cross_System_Confirmation\04_RAW\SOURCE\ACTIVE_CAUSAL\52fe89e33e034f2af12761c0.json,1988,0120d08f0e86f95ae4c5dc2634cf2d2515048ad09b0100be4927d96e9894e209,C:\RSOS\RSOS_EXPERIMENTS_WF2_PROSPECTIVE_CROSS_SYSTEM_CONFIRMATION\04_RAW\ACTIVE_CAUSAL\52fe89e33e034f2af12761c0.json
C:\RSOS\RSOS_CANONICAL_EXPERIMENT_CHAIN\033_EXP-016__WF2_Prospective_Cross_System_Confirmation\04_RAW\SOURCE\ACTIVE_CAUSAL\5324b69b5d938e0dd178a90c.json,1826,9019724e36d2bd040d14fbec1cd796af3afc1d97af7b6791ee578340ce7cd001,C:\RSOS\RSOS_EXPERIMENTS_WF2_PROSPECTIVE_CROSS_SYSTEM_CONFIRMATION\04_RAW\ACTIVE_CAUSAL\5324b69b5d938e0dd178a90c.json
C:\RSOS\RSOS_CANONICAL_EXPERIMENT_CHAIN\033_EXP-016__WF2_Prospective_Cross_System_Confirmation\04_RAW\SOURCE\ACTIVE_CAUSAL\53252321465c80faec650ada.json,1982,39c457d1c3ec743d95bb99905c1820ca45e7e7beaa35cb28b65c96e5c0044b5e,C:\RSOS\RSOS_EXPERIMENTS_WF2_PROSPECTIVE_CROSS_SYSTEM_CONFIRMATION\04_RAW\ACTIVE_CAUSAL\53252321465c80faec650ada.json
C:\RSOS\RSOS_CANONICAL_EXPERIMENT_CHAIN\033_EXP-016__WF2_Prospective_Cross_System_Confirmation\04_RAW\SOURCE\ACTIVE_CAUSAL\5325d43fc3e9b716befc1807.json,1826,6ef39f4aadef9f37a82a043c2fc6ccd210c3973ca8aaf04546e95394a161d51a,C:\RSOS\RSOS_EXPERIMENTS_WF2_PROSPECTIVE_CROSS_SYSTEM_CONFIRMATION\04_RAW\ACTIVE_CAUSAL\5325d43fc3e9b716befc1807.json
C:\RSOS\RSOS_CANONICAL_EXPERIMENT_CHAIN\033_EXP-016__WF2_Prospective_Cross_System_Confirmation\04_RAW\SOURCE\ACTIVE_CAUSAL\5343d4ae111f4b4cd1821ab2.json,1826,c2f8e70e4a53d917283cf5b68c0bcf32070d4f92761515e019540a6b7107f53f,C:\RSOS\RSOS_EXPERIMENTS_WF2_PROSPECTIVE_CROSS_SYSTEM_CONFIRMATION\04_RAW\ACTIVE_CAUSAL\5343d4ae111f4b4cd1821ab2.json
C:\RSOS\RSOS_CANONICAL_EXPERIMENT_CHAIN\033_EXP-016__WF2_Prospective_Cross_System_Confirmation\04_RAW\SOURCE\ACTIVE_CAUSAL\536ff4cc9d84138e45437ab4.json,3384,fd573f433d93c40c4595f513a3c4d7f093a8a2bc2c0b0d9d345437d5ea2e5b06,C:\RSOS\RSOS_EXPERIMENTS_WF2_PROSPECTIVE_CROSS_SYSTEM_CONFIRMATION\04_RAW\ACTIVE_CAUSAL\536ff4cc9d84138e45437ab4.json
C:\RSOS\RSOS_CANONICAL_EXPERIMENT_CHAIN\033_EXP-016__WF2_Prospective_Cross_System_Confirmation\04_RAW\SOURCE\ACTIVE_CAUSAL\538a10fbc6803512607f6ff2.json,1982,2f8298c387e72391961ff6fb900fe45aefcfb788c7ca827295d07d33ab324104,C:\RSOS\RSOS_EXPERIMENTS_WF2_PROSPECTIVE_CROSS_SYSTEM_CONFIRMATION\04_RAW\ACTIVE_CAUSAL\538a10fbc6803512607f6ff2.json
C:\RSOS\RSOS_CANONICAL_EXPERIMENT_CHAIN\033_EXP-016__WF2_Prospective_Cross_System_Confirmation\04_RAW\SOURCE\ACTIVE_CAUSAL\539623ce8eb502ae4b2c5f4f.json,2440,a5b532f6c564cc5f553113cf11c26cd009977a30e474cc37cbe8fb55f8711a87,C:\RSOS\RSOS_EXPERIMENTS_WF2_PROSPECTIVE_CROSS_SYSTEM_CONFIRMATION\04_RAW\ACTIVE_CAUSAL\539623ce8eb502ae4b2c5f4f.json
C:\RSOS\RSOS_CANONICAL_EXPERIMENT_CHAIN\033_EXP-016__WF2_Prospective_Cross_System_Confirmation\04_RAW\SOURCE\ACTIVE_CAUSAL\53da937b20c9ebd979a42f13.json,1982,2b044a1cb0aa973ed85bc95c02acde961784f269570941865b94e8a62a5e20ff,C:\RSOS\RSOS_EXPERIMENTS_WF2_PROSPECTIVE_CROSS_SYSTEM_CONFIRMATION\04_RAW\ACTIVE_CAUSAL\53da937b20c9ebd979a42f13.json
C:\RSOS\RSOS_CANONICAL_EXPERIMENT_CHAIN\033_EXP-016__WF2_Prospective_Cross_System_Confirmation\04_RAW\SOURCE\ACTIVE_CAUSAL\53f623bf72aaeb5bf3f0f555.json,3376,7227e45cb855a5ee5e96283c51712bcd8044d9f5e81a59e59ed03270796683b3,C:\RSOS\RSOS_EXPERIMENTS_WF2_PROSPECTIVE_CROSS_SYSTEM_CONFIRMATION\04_RAW\ACTIVE_CAUSAL\53f623bf72aaeb5bf3f0f555.json
C:\RSOS\RSOS_CANONICAL_EXPERIMENT_CHAIN\033_EXP-016__WF2_Prospective_Cross_System_Confirmation\04_RAW\SOURCE\ACTIVE_CAUSAL\540d015d6e8d450a144b0739.json,3383,47fd776b5ac3c639870578793e92cb859ec3fe5323cf3a5233be6701793488a0,C:\RSOS\RSOS_EXPERIMENTS_WF2_PROSPECTIVE_CROSS_SYSTEM_CONFIRMATION\04_RAW\ACTIVE_CAUSAL\540d015d6e8d450a144b0739.json
C:\RSOS\RSOS_CANONICAL_EXPERIMENT_CHAIN\033_EXP-016__WF2_Prospective_Cross_System_Confirmation\04_RAW\SOURCE\ACTIVE_CAUSAL\5440078a5d03230f24f2aebf.json,1981,75b4ad62486aa9a1c7c5342c9a2208c813541b3050557922ed732963d63f6a8d,C:\RSOS\RSOS_EXPERIMENTS_WF2_PROSPECTIVE_CROSS_SYSTEM_CONFIRMATION\04_RAW\ACTIVE_CAUSAL\5440078a5d03230f24f2aebf.json
C:\RSOS\RSOS_CANONICAL_EXPERIMENT_CHAIN\033_EXP-016__WF2_Prospective_Cross_System_Confirmation\04_RAW\SOURCE\ACTIVE_CAUSAL\5440732e401eefc1b4391c40.json,1981,b7dcbf811e420409c002a8a7b7193c959fa240ce64b9900e5c44ff9cfc205793,C:\RSOS\RSOS_EXPERIMENTS_WF2_PROSPECTIVE_CROSS_SYSTEM_CONFIRMATION\04_RAW\ACTIVE_CAUSAL\5440732e401eefc1b4391c40.json
C:\RSOS\RSOS_CANONICAL_EXPERIMENT_CHAIN\033_EXP-016__WF2_Prospective_Cross_System_Confirmation\04_RAW\SOURCE\ACTIVE_CAUSAL\54581bd16e1a4fb1c55e7060.json,1991,676ffa9f2fa3cffeae4cb8adc25b78eaa29d7b833c2b39ab8007937dd2741547,C:\RSOS\RSOS_EXPERIMENTS_WF2_PROSPECTIVE_CROSS_SYSTEM_CONFIRMATION\04_RAW\ACTIVE_CAUSAL\54581bd16e1a4fb1c55e7060.json
C:\RSOS\RSOS_CANONICAL_EXPERIMENT_CHAIN\033_EXP-016__WF2_Prospective_Cross_System_Confirmation\04_RAW\SOURCE\ACTIVE_CAUSAL\549435de938c906698dc0c4b.json,3385,4986911cd6eb96f7534a12ae33d3dea619ae50b277b1f30a7b4f1df159606eb1,C:\RSOS\RSOS_EXPERIMENTS_WF2_PROSPECTIVE_CROSS_SYSTEM_CONFIRMATION\04_RAW\ACTIVE_CAUSAL\549435de938c906698dc0c4b.json
C:\RSOS\RSOS_CANONICAL_EXPERIMENT_CHAIN\033_EXP-016__WF2_Prospective_Cross_System_Confirmation\04_RAW\SOURCE\ACTIVE_CAUSAL\54d1e40b59ad902d47077716.json,1836,4453e4de8de11f3e3bfcd86a585abdc0b9c20b61030b8063540f5cde3debb74e,C:\RSOS\RSOS_EXPERIMENTS_WF2_PROSPECTIVE_CROSS_SYSTEM_CONFIRMATION\04_RAW\ACTIVE_CAUSAL\54d1e40b59ad902d47077716.json
C:\RSOS\RSOS_CANONICAL_EXPERIMENT_CHAIN\033_EXP-016__WF2_Prospective_Cross_System_Confirmation\04_RAW\SOURCE\ACTIVE_CAUSAL\551c799a3828f2eca6a8f8ae.json,3375,69f31f6e7baf9fe56f5fe2436619e8f65715e1951dd03edac524a259cf55b5b3,C:\RSOS\RSOS_EXPERIMENTS_WF2_PROSPECTIVE_CROSS_SYSTEM_CONFIRMATION\04_RAW\ACTIVE_CAUSAL\551c799a3828f2eca6a8f8ae.json
C:\RSOS\RSOS_CANONICAL_EXPERIMENT_CHAIN\033_EXP-016__WF2_Prospective_Cross_System_Confirmation\04_RAW\SOURCE\ACTIVE_CAUSAL\556638801057ae421059819b.json,1826,c84f60820c7e0cf262d3a4aa705b5ad8bac39c5be081f7f1f6829d2b66f6ce4b,C:\RSOS\RSOS_EXPERIMENTS_WF2_PROSPECTIVE_CROSS_SYSTEM_CONFIRMATION\04_RAW\ACTIVE_CAUSAL\556638801057ae421059819b.json
C:\RSOS\RSOS_CANONICAL_EXPERIMENT_CHAIN\033_EXP-016__WF2_Prospective_Cross_System_Confirmation\04_RAW\SOURCE\ACTIVE_CAUSAL\556a8fe83b3e5e0f7059b54e.json,1981,21140a8f4613ff900f50ff09f4a667931de3ae2acc4251da221d6433edd258b9,C:\RSOS\RSOS_EXPERIMENTS_WF2_PROSPECTIVE_CROSS_SYSTEM_CONFIRMATION\04_RAW\ACTIVE_CAUSAL\556a8fe83b3e5e0f7059b54e.json
C:\RSOS\RSOS_CANONICAL_EXPERIMENT_CHAIN\033_EXP-016__WF2_Prospective_Cross_System_Confirmation\04_RAW\SOURCE\ACTIVE_CAUSAL\5572bea90590e988a2b5d8a0.json,1833,88598a7e186c03c320e877e2a76c66e21125e8b6fdcf3fcd26b4bea3fdb58475,C:\RSOS\RSOS_EXPERIMENTS_WF2_PROSPECTIVE_CROSS_SYSTEM_CONFIRMATION\04_RAW\ACTIVE_CAUSAL\5572bea90590e988a2b5d8a0.json
C:\RSOS\RSOS_CANONICAL_EXPERIMENT_CHAIN\033_EXP-016__WF2_Prospective_Cross_System_Confirmation\04_RAW\SOURCE\ACTIVE_CAUSAL\55a8007eb871b94686fcbcd2.json,2440,2edf0bd3a0e19a1b00fad5e9ee20d0fd9abd00579ba46e78d3d1c8ff3a33e531,C:\RSOS\RSOS_EXPERIMENTS_WF2_PROSPECTIVE_CROSS_SYSTEM_CONFIRMATION\04_RAW\ACTIVE_CAUSAL\55a8007eb871b94686fcbcd2.json
C:\RSOS\RSOS_CANONICAL_EXPERIMENT_CHAIN\033_EXP-016__WF2_Prospective_Cross_System_Confirmation\04_RAW\SOURCE\ACTIVE_CAUSAL\55c4982d93418a7c648b209f.json,3375,987f89f830e661c530061b46feaf1c20261cdc8d6d0c8ee09a607ceccfcef3d4,C:\RSOS\RSOS_EXPERIMENTS_WF2_PROSPECTIVE_CROSS_SYSTEM_CONFIRMATION\04_RAW\ACTIVE_CAUSAL\55c4982d93418a7c648b209f.json
C:\RSOS\RSOS_CANONICAL_EXPERIMENT_CHAIN\033_EXP-016__WF2_Prospective_Cross_System_Confirmation\04_RAW\SOURCE\ACTIVE_CAUSAL\55dc4be57d9b8725a1c94ad3.json,1990,dc4e376fb58d09f203c5e64d850e784553d93cf72ccf7e9dc41b56c97d80e05c,C:\RSOS\RSOS_EXPERIMENTS_WF2_PROSPECTIVE_CROSS_SYSTEM_CONFIRMATION\04_RAW\ACTIVE_CAUSAL\55dc4be57d9b8725a1c94ad3.json
C:\RSOS\RSOS_CANONICAL_EXPERIMENT_CHAIN\033_EXP-016__WF2_Prospective_Cross_System_Confirmation\04_RAW\SOURCE\ACTIVE_CAUSAL\56147619a6b59558fc43ec64.json,3374,df163fcdc5af5fcadb6b3c60036a5e8c1fb599953c63116b7e6a6f13dba08d0d,C:\RSOS\RSOS_EXPERIMENTS_WF2_PROSPECTIVE_CROSS_SYSTEM_CONFIRMATION\04_RAW\ACTIVE_CAUSAL\56147619a6b59558fc43ec64.json
C:\RSOS\RSOS_CANONICAL_EXPERIMENT_CHAIN\033_EXP-016__WF2_Prospective_Cross_System_Confirmation\04_RAW\SOURCE\ACTIVE_CAUSAL\5637502e78c079c43535718a.json,3383,1dd26326c259caea85c95d10511dd3e8fe4180f8ee9e1243fcf1ea7eaa43091f,C:\RSOS\RSOS_EXPERIMENTS_WF2_PROSPECTIVE_CROSS_SYSTEM_CONFIRMATION\04_RAW\ACTIVE_CAUSAL\5637502e78c079c43535718a.json
C:\RSOS\RSOS_CANONICAL_EXPERIMENT_CHAIN\033_EXP-016__WF2_Prospective_Cross_System_Confirmation\04_RAW\SOURCE\ACTIVE_CAUSAL\56637f01b7e2a6a0903b7e58.json,1827,217e92df04df88268ba4b3f944201b9df616444ca6a5daca43ecda905b9fe163,C:\RSOS\RSOS_EXPERIMENTS_WF2_PROSPECTIVE_CROSS_SYSTEM_CONFIRMATION\04_RAW\ACTIVE_CAUSAL\56637f01b7e2a6a0903b7e58.json
C:\RSOS\RSOS_CANONICAL_EXPERIMENT_CHAIN\033_EXP-016__WF2_Prospective_Cross_System_Confirmation\04_RAW\SOURCE\ACTIVE_CAUSAL\56a70d993f829ad87fd062a9.json,1995,b5be35c545c9be51e7dae4240e9f498865abef488c0563b2456f1c7eb9ff8079,C:\RSOS\RSOS_EXPERIMENTS_WF2_PROSPECTIVE_CROSS_SYSTEM_CONFIRMATION\04_RAW\ACTIVE_CAUSAL\56a70d993f829ad87fd062a9.json
C:\RSOS\RSOS_CANONICAL_EXPERIMENT_CHAIN\033_EXP-016__WF2_Prospective_Cross_System_Confirmation\04_RAW\SOURCE\ACTIVE_CAUSAL\56c29f78794f4792a86f9441.json,1827,f2cc11bd825f0fdfb96075a2d0321aa721b5561353b7438bf3ceb907e85809e8,C:\RSOS\RSOS_EXPERIMENTS_WF2_PROSPECTIVE_CROSS_SYSTEM_CONFIRMATION\04_RAW\ACTIVE_CAUSAL\56c29f78794f4792a86f9441.json
C:\RSOS\RSOS_CANONICAL_EXPERIMENT_CHAIN\033_EXP-016__WF2_Prospective_Cross_System_Confirmation\04_RAW\SOURCE\ACTIVE_CAUSAL\56c7daabc4cc4b4631942398.json,1836,f346b73aa09dfb6ba23c8530790d5a194500f57518c4f362eb1715e61e0296e3,C:\RSOS\RSOS_EXPERIMENTS_WF2_PROSPECTIVE_CROSS_SYSTEM_CONFIRMATION\04_RAW\ACTIVE_CAUSAL\56c7daabc4cc4b4631942398.json
C:\RSOS\RSOS_CANONICAL_EXPERIMENT_CHAIN\033_EXP-016__WF2_Prospective_Cross_System_Confirmation\04_RAW\SOURCE\ACTIVE_CAUSAL\56e41bf27e105d7a7d13cc16.json,3375,6002e25959608c035c5a911b4bdc5fdc5fcf9eedb30d97b65dbbacafdff87f35,C:\RSOS\RSOS_EXPERIMENTS_WF2_PROSPECTIVE_CROSS_SYSTEM_CONFIRMATION\04_RAW\ACTIVE_CAUSAL\56e41bf27e105d7a7d13cc16.json
C:\RSOS\RSOS_CANONICAL_EXPERIMENT_CHAIN\033_EXP-016__WF2_Prospective_Cross_System_Confirmation\04_RAW\SOURCE\ACTIVE_CAUSAL\56fe4634165157ab4dbefbe3.json,1826,df51bb614976d430d9b2d045e7fde9f8635fe76b24293cf5c5442f4eeae63f41,C:\RSOS\RSOS_EXPERIMENTS_WF2_PROSPECTIVE_CROSS_SYSTEM_CONFIRMATION\04_RAW\ACTIVE_CAUSAL\56fe4634165157ab4dbefbe3.json
C:\RSOS\RSOS_CANONICAL_EXPERIMENT_CHAIN\033_EXP-016__WF2_Prospective_Cross_System_Confirmation\04_RAW\SOURCE\ACTIVE_CAUSAL\573d07d976b18589cad494dc.json,3375,a7c5fff268ad921b2c637ebc681084515891234f8d23d99e03398c6b0b687660,C:\RSOS\RSOS_EXPERIMENTS_WF2_PROSPECTIVE_CROSS_SYSTEM_CONFIRMATION\04_RAW\ACTIVE_CAUSAL\573d07d976b18589cad494dc.json
C:\RSOS\RSOS_CANONICAL_EXPERIMENT_CHAIN\033_EXP-016__WF2_Prospective_Cross_System_Confirmation\04_RAW\SOURCE\ACTIVE_CAUSAL\582d853cc874fe08df3e6acf.json,1827,6f479cdcf9b451a8fd505ab7dd7a2e838b35e101e97848a69df8b66dbde85fba,C:\RSOS\RSOS_EXPERIMENTS_WF2_PROSPECTIVE_CROSS_SYSTEM_CONFIRMATION\04_RAW\ACTIVE_CAUSAL\582d853cc874fe08df3e6acf.json
C:\RSOS\RSOS_CANONICAL_EXPERIMENT_CHAIN\033_EXP-016__WF2_Prospective_Cross_System_Confirmation\04_RAW\SOURCE\ACTIVE_CAUSAL\5885a8867a737c79665d9c13.json,1828,9ce57f4c96b257cb7416d8422924cd1cbcc50a2fc7923c0ee9fa3a833bd3baca,C:\RSOS\RSOS_EXPERIMENTS_WF2_PROSPECTIVE_CROSS_SYSTEM_CONFIRMATION\04_RAW\ACTIVE_CAUSAL\5885a8867a737c79665d9c13.json
C:\RSOS\RSOS_CANONICAL_EXPERIMENT_CHAIN\033_EXP-016__WF2_Prospective_Cross_System_Confirmation\04_RAW\SOURCE\ACTIVE_CAUSAL\5885aeda7884d9903458f154.json,3375,1178b9eb0cc498b850bdabff4a9715040a44d9500727edfaf71d035be331c04c,C:\RSOS\RSOS_EXPERIMENTS_WF2_PROSPECTIVE_CROSS_SYSTEM_CONFIRMATION\04_RAW\ACTIVE_CAUSAL\5885aeda7884d9903458f154.json
C:\RSOS\RSOS_CANONICAL_EXPERIMENT_CHAIN\033_EXP-016__WF2_Prospective_Cross_System_Confirmation\04_RAW\SOURCE\ACTIVE_CAUSAL\589aabeea9fe45b553bbdcca.json,1990,a1235c151dfb0ccfc39ae3ec8c597c6806a464ba13cd35cca975c5947421ea64,C:\RSOS\RSOS_EXPERIMENTS_WF2_PROSPECTIVE_CROSS_SYSTEM_CONFIRMATION\04_RAW\ACTIVE_CAUSAL\589aabeea9fe45b553bbdcca.json
C:\RSOS\RSOS_CANONICAL_EXPERIMENT_CHAIN\033_EXP-016__WF2_Prospective_Cross_System_Confirmation\04_RAW\SOURCE\ACTIVE_CAUSAL\58a246ce27acfe5bb7564c78.json,3375,6629210f69848c17565b0040a02b27d5bfb9d6c66ace038000af4dd661363180,C:\RSOS\RSOS_EXPERIMENTS_WF2_PROSPECTIVE_CROSS_SYSTEM_CONFIRMATION\04_RAW\ACTIVE_CAUSAL\58a246ce27acfe5bb7564c78.json
C:\RSOS\RSOS_CANONICAL_EXPERIMENT_CHAIN\033_EXP-016__WF2_Prospective_Cross_System_Confirmation\04_RAW\SOURCE\ACTIVE_CAUSAL\58c6368a13b83517f5765b8a.json,1995,75627ab580f8107df024e41a80032c8b41d9d85848f1ec396560015b12622ef0,C:\RSOS\RSOS_EXPERIMENTS_WF2_PROSPECTIVE_CROSS_SYSTEM_CONFIRMATION\04_RAW\ACTIVE_CAUSAL\58c6368a13b83517f5765b8a.json
C:\RSOS\RSOS_CANONICAL_EXPERIMENT_CHAIN\033_EXP-016__WF2_Prospective_Cross_System_Confirmation\04_RAW\SOURCE\ACTIVE_CAUSAL\58fccdc9882622a7739d0b44.json,1827,11662c1e4825b62fedc1e0e59587a461a0ed22e9c0571c529f1db3cc931fe96b,C:\RSOS\RSOS_EXPERIMENTS_WF2_PROSPECTIVE_CROSS_SYSTEM_CONFIRMATION\04_RAW\ACTIVE_CAUSAL\58fccdc9882622a7739d0b44.json
C:\RSOS\RSOS_CANONICAL_EXPERIMENT_CHAIN\033_EXP-016__WF2_Prospective_Cross_System_Confirmation\04_RAW\SOURCE\ACTIVE_CAUSAL\590908b4d84f5272e8d24ee6.json,1871,5adaad37ffba55bd55874f9393b50609fd974beca68c890c0a0f3cb9706fd6d8,C:\RSOS\RSOS_EXPERIMENTS_WF2_PROSPECTIVE_CROSS_SYSTEM_CONFIRMATION\04_RAW\ACTIVE_CAUSAL\590908b4d84f5272e8d24ee6.json
C:\RSOS\RSOS_CANONICAL_EXPERIMENT_CHAIN\033_EXP-016__WF2_Prospective_Cross_System_Confirmation\04_RAW\SOURCE\ACTIVE_CAUSAL\59862611f7dd9073ee8a21fa.json,1981,72cc73c4423d223438b79585d943ee359fdc0632a323f6457d096f7da57f5bf1,C:\RSOS\RSOS_EXPERIMENTS_WF2_PROSPECTIVE_CROSS_SYSTEM_CONFIRMATION\04_RAW\ACTIVE_CAUSAL\59862611f7dd9073ee8a21fa.json
C:\RSOS\RSOS_CANONICAL_EXPERIMENT_CHAIN\033_EXP-016__WF2_Prospective_Cross_System_Confirmation\04_RAW\SOURCE\ACTIVE_CAUSAL\59f03d8e9a55dfb50d5046c6.json,1981,7300c933c78e40f85f601d0a6c573aef36a207ca43bee7890d91d34411dd54fc,C:\RSOS\RSOS_EXPERIMENTS_WF2_PROSPECTIVE_CROSS_SYSTEM_CONFIRMATION\04_RAW\ACTIVE_CAUSAL\59f03d8e9a55dfb50d5046c6.json
C:\RSOS\RSOS_CANONICAL_EXPERIMENT_CHAIN\033_EXP-016__WF2_Prospective_Cross_System_Confirmation\04_RAW\SOURCE\ACTIVE_CAUSAL\5a1ffc2b824acaedb11446ae.json,1826,f5f0718e0a4b78383e7c77e52885ed1a7719161d6a48d6cb118d8665c5cf2d22,C:\RSOS\RSOS_EXPERIMENTS_WF2_PROSPECTIVE_CROSS_SYSTEM_CONFIRMATION\04_RAW\ACTIVE_CAUSAL\5a1ffc2b824acaedb11446ae.json
C:\RSOS\RSOS_CANONICAL_EXPERIMENT_CHAIN\033_EXP-016__WF2_Prospective_Cross_System_Confirmation\04_RAW\SOURCE\ACTIVE_CAUSAL\5a6bed2d9f84fa18365fb230.json,3374,06819a026ce2d874f9788d1355962561635d82edbf53e0666ba8f24e22b89947,C:\RSOS\RSOS_EXPERIMENTS_WF2_PROSPECTIVE_CROSS_SYSTEM_CONFIRMATION\04_RAW\ACTIVE_CAUSAL\5a6bed2d9f84fa18365fb230.json
C:\RSOS\RSOS_CANONICAL_EXPERIMENT_CHAIN\033_EXP-016__WF2_Prospective_Cross_System_Confirmation\04_RAW\SOURCE\ACTIVE_CAUSAL\5ab53e86a5cfd4b8f85082a2.json,3389,acc638aaff7366052ed7629480040877342da88bea3f70df6ded347b712a0634,C:\RSOS\RSOS_EXPERIMENTS_WF2_PROSPECTIVE_CROSS_SYSTEM_CONFIRMATION\04_RAW\ACTIVE_CAUSAL\5ab53e86a5cfd4b8f85082a2.json
C:\RSOS\RSOS_CANONICAL_EXPERIMENT_CHAIN\033_EXP-016__WF2_Prospective_Cross_System_Confirmation\04_RAW\SOURCE\ACTIVE_CAUSAL\5ad8f1dbd5f8226cc9bb2b5f.json,1981,7982db4ee109e21fbd0499fee8dfa4802418cd0020c3dfff4b50fd43611b902c,C:\RSOS\RSOS_EXPERIMENTS_WF2_PROSPECTIVE_CROSS_SYSTEM_CONFIRMATION\04_RAW\ACTIVE_CAUSAL\5ad8f1dbd5f8226cc9bb2b5f.json
C:\RSOS\RSOS_CANONICAL_EXPERIMENT_CHAIN\033_EXP-016__WF2_Prospective_Cross_System_Confirmation\04_RAW\SOURCE\ACTIVE_CAUSAL\5ad99e6da1724d6afd9565ee.json,3374,06f710ee84900d54bd83aefb5d278638b8a2ef2b321d8dd6da440635e0e209aa,C:\RSOS\RSOS_EXPERIMENTS_WF2_PROSPECTIVE_CROSS_SYSTEM_CONFIRMATION\04_RAW\ACTIVE_CAUSAL\5ad99e6da1724d6afd9565ee.json
C:\RSOS\RSOS_CANONICAL_EXPERIMENT_CHAIN\033_EXP-016__WF2_Prospective_Cross_System_Confirmation\04_RAW\SOURCE\ACTIVE_CAUSAL\5aee1ae26e65fdd16f1171dc.json,1990,192adfee95c607b1e28efc3ec90633527994494b1ba7a39c2e938d5ff54e5f83,C:\RSOS\RSOS_EXPERIMENTS_WF2_PROSPECTIVE_CROSS_SYSTEM_CONFIRMATION\04_RAW\ACTIVE_CAUSAL\5aee1ae26e65fdd16f1171dc.json
C:\RSOS\RSOS_CANONICAL_EXPERIMENT_CHAIN\033_EXP-016__WF2_Prospective_Cross_System_Confirmation\04_RAW\SOURCE\ACTIVE_CAUSAL\5b1026cbc5fd561b70d49e4c.json,1837,89e5351f16722e7269e4d019ecd54eaf0e0c782ff3795fc19e0defa978732c8b,C:\RSOS\RSOS_EXPERIMENTS_WF2_PROSPECTIVE_CROSS_SYSTEM_CONFIRMATION\04_RAW\ACTIVE_CAUSAL\5b1026cbc5fd561b70d49e4c.json
C:\RSOS\RSOS_CANONICAL_EXPERIMENT_CHAIN\033_EXP-016__WF2_Prospective_Cross_System_Confirmation\04_RAW\SOURCE\ACTIVE_CAUSAL\5b175d9c5efec96235955f57.json,1833,d7d23afcd8311a9c3fd791b3de5c76ac3be6d53d2bc562e62131ab010b6c26de,C:\RSOS\RSOS_EXPERIMENTS_WF2_PROSPECTIVE_CROSS_SYSTEM_CONFIRMATION\04_RAW\ACTIVE_CAUSAL\5b175d9c5efec96235955f57.json
C:\RSOS\RSOS_CANONICAL_EXPERIMENT_CHAIN\033_EXP-016__WF2_Prospective_Cross_System_Confirmation\04_RAW\SOURCE\ACTIVE_CAUSAL\5b1e7d1a15e694a42ad0afe6.json,3376,3a74f681dd0e6f7fcb6ada2f617459c11c3592a7a4c1bc0731ee70b518bca259,C:\RSOS\RSOS_EXPERIMENTS_WF2_PROSPECTIVE_CROSS_SYSTEM_CONFIRMATION\04_RAW\ACTIVE_CAUSAL\5b1e7d1a15e694a42ad0afe6.json
C:\RSOS\RSOS_CANONICAL_EXPERIMENT_CHAIN\033_EXP-016__WF2_Prospective_Cross_System_Confirmation\04_RAW\SOURCE\ACTIVE_CAUSAL\5b3a82a5334d4cb2780949cb.json,1981,9acbc25d5c287ec448354bf259864d13a5ebee6f668dfc33377ef654eee3cc43,C:\RSOS\RSOS_EXPERIMENTS_WF2_PROSPECTIVE_CROSS_SYSTEM_CONFIRMATION\04_RAW\ACTIVE_CAUSAL\5b3a82a5334d4cb2780949cb.json
C:\RSOS\RSOS_CANONICAL_EXPERIMENT_CHAIN\033_EXP-016__WF2_Prospective_Cross_System_Confirmation\04_RAW\SOURCE\ACTIVE_CAUSAL\5b4f22a649ba5bd99b7d55d9.json,1991,345bc75b6e7206ef1147438ae3de868a0578fe6e3e1b038f4e7cf72325f9f0bc,C:\RSOS\RSOS_EXPERIMENTS_WF2_PROSPECTIVE_CROSS_SYSTEM_CONFIRMATION\04_RAW\ACTIVE_CAUSAL\5b4f22a649ba5bd99b7d55d9.json
C:\RSOS\RSOS_CANONICAL_EXPERIMENT_CHAIN\033_EXP-016__WF2_Prospective_Cross_System_Confirmation\04_RAW\SOURCE\ACTIVE_CAUSAL\5b573da53641e4e7172c39f3.json,1826,2616a0e27c28afc76ec3cf8c3574f0e175faa3f01d5ed68000f5c21f1f42a37c,C:\RSOS\RSOS_EXPERIMENTS_WF2_PROSPECTIVE_CROSS_SYSTEM_CONFIRMATION\04_RAW\ACTIVE_CAUSAL\5b573da53641e4e7172c39f3.json
C:\RSOS\RSOS_CANONICAL_EXPERIMENT_CHAIN\033_EXP-016__WF2_Prospective_Cross_System_Confirmation\04_RAW\SOURCE\ACTIVE_CAUSAL\5b623915d4d63fda941dd898.json,1995,2ccb7509d3c8bca460bf823fa02cec17460aadadc527915a6368a2e99707275a,C:\RSOS\RSOS_EXPERIMENTS_WF2_PROSPECTIVE_CROSS_SYSTEM_CONFIRMATION\04_RAW\ACTIVE_CAUSAL\5b623915d4d63fda941dd898.json
C:\RSOS\RSOS_CANONICAL_EXPERIMENT_CHAIN\033_EXP-016__WF2_Prospective_Cross_System_Confirmation\04_RAW\SOURCE\ACTIVE_CAUSAL\5b8ea1b92c8197ff3447eb63.json,1982,841c868a6777a0bbf641726b9a5660392ff79444de825af8fe469aac7ae6beb4,C:\RSOS\RSOS_EXPERIMENTS_WF2_PROSPECTIVE_CROSS_SYSTEM_CONFIRMATION\04_RAW\ACTIVE_CAUSAL\5b8ea1b92c8197ff3447eb63.json
C:\RSOS\RSOS_CANONICAL_EXPERIMENT_CHAIN\033_EXP-016__WF2_Prospective_Cross_System_Confirmation\04_RAW\SOURCE\ACTIVE_CAUSAL\5ba09d3bb3bd507cedc11ea6.json,1827,56bf0aa4d0d92fece9efa7801010b7728975ce2a7238f4450dce19447a0a1e81,C:\RSOS\RSOS_EXPERIMENTS_WF2_PROSPECTIVE_CROSS_SYSTEM_CONFIRMATION\04_RAW\ACTIVE_CAUSAL\5ba09d3bb3bd507cedc11ea6.json
C:\RSOS\RSOS_CANONICAL_EXPERIMENT_CHAIN\033_EXP-016__WF2_Prospective_Cross_System_Confirmation\04_RAW\SOURCE\ACTIVE_CAUSAL\5be4307fde9a8868632b5e64.json,1826,48c1973352c26708aee56f13eb9c6c571f5c000bf77d7eb4c065022ed8c2d18c,C:\RSOS\RSOS_EXPERIMENTS_WF2_PROSPECTIVE_CROSS_SYSTEM_CONFIRMATION\04_RAW\ACTIVE_CAUSAL\5be4307fde9a8868632b5e64.json
C:\RSOS\RSOS_CANONICAL_EXPERIMENT_CHAIN\033_EXP-016__WF2_Prospective_Cross_System_Confirmation\04_RAW\SOURCE\ACTIVE_CAUSAL\5c10cb2c09ed6ffc71e7996d.json,1826,19855db9b25ab3bdfe621a3974c3e3bf100221d76d432bd5d1198c399218b848,C:\RSOS\RSOS_EXPERIMENTS_WF2_PROSPECTIVE_CROSS_SYSTEM_CONFIRMATION\04_RAW\ACTIVE_CAUSAL\5c10cb2c09ed6ffc71e7996d.json
C:\RSOS\RSOS_CANONICAL_EXPERIMENT_CHAIN\033_EXP-016__WF2_Prospective_Cross_System_Confirmation\04_RAW\SOURCE\ACTIVE_CAUSAL\5c2b262e2f505c0f40064079.json,1982,c3c53466b1cb7bac9fa5c95bab6d14c7c609031848c1d21ac09b3418f7463918,C:\RSOS\RSOS_EXPERIMENTS_WF2_PROSPECTIVE_CROSS_SYSTEM_CONFIRMATION\04_RAW\ACTIVE_CAUSAL\5c2b262e2f505c0f40064079.json
C:\RSOS\RSOS_CANONICAL_EXPERIMENT_CHAIN\033_EXP-016__WF2_Prospective_Cross_System_Confirmation\04_RAW\SOURCE\ACTIVE_CAUSAL\5ca377c584637a094fd4d9a6.json,3385,a021a6cc8eb91c26fd405041cc31200773e2e01352b386663b34bfd0ab54bc1e,C:\RSOS\RSOS_EXPERIMENTS_WF2_PROSPECTIVE_CROSS_SYSTEM_CONFIRMATION\04_RAW\ACTIVE_CAUSAL\5ca377c584637a094fd4d9a6.json
C:\RSOS\RSOS_CANONICAL_EXPERIMENT_CHAIN\033_EXP-016__WF2_Prospective_Cross_System_Confirmation\04_RAW\SOURCE\ACTIVE_CAUSAL\5cbcb541c1649ffc630cef13.json,1982,70885992a58988a21ad3896d3d78b66e0a8e79cf23a09d342a98701daf59017f,C:\RSOS\RSOS_EXPERIMENTS_WF2_PROSPECTIVE_CROSS_SYSTEM_CONFIRMATION\04_RAW\ACTIVE_CAUSAL\5cbcb541c1649ffc630cef13.json
C:\RSOS\RSOS_CANONICAL_EXPERIMENT_CHAIN\033_EXP-016__WF2_Prospective_Cross_System_Confirmation\04_RAW\SOURCE\ACTIVE_CAUSAL\5d03b31462202f4fc6c71bd0.json,3375,a41e42155e660ea54e6d82e1254cc15b2a9fbfc2df45de183ff8f2858115d1b5,C:\RSOS\RSOS_EXPERIMENTS_WF2_PROSPECTIVE_CROSS_SYSTEM_CONFIRMATION\04_RAW\ACTIVE_CAUSAL\5d03b31462202f4fc6c71bd0.json
C:\RSOS\RSOS_CANONICAL_EXPERIMENT_CHAIN\033_EXP-016__WF2_Prospective_Cross_System_Confirmation\04_RAW\SOURCE\ACTIVE_CAUSAL\5d2984c774f0e8d150c06c7b.json,1836,6f55a64ef7540a8dc35a3ab86aa317d8820e0d8813ee439dbee287e6db10bd8a,C:\RSOS\RSOS_EXPERIMENTS_WF2_PROSPECTIVE_CROSS_SYSTEM_CONFIRMATION\04_RAW\ACTIVE_CAUSAL\5d2984c774f0e8d150c06c7b.json
C:\RSOS\RSOS_CANONICAL_EXPERIMENT_CHAIN\033_EXP-016__WF2_Prospective_Cross_System_Confirmation\04_RAW\SOURCE\ACTIVE_CAUSAL\5d5f17dfee69b320d33e0ed0.json,1981,b2518c9df8b46db7443a1b6bad343143009137209da30bd30b635b3d1ac757e4,C:\RSOS\RSOS_EXPERIMENTS_WF2_PROSPECTIVE_CROSS_SYSTEM_CONFIRMATION\04_RAW\ACTIVE_CAUSAL\5d5f17dfee69b320d33e0ed0.json
C:\RSOS\RSOS_CANONICAL_EXPERIMENT_CHAIN\033_EXP-016__WF2_Prospective_Cross_System_Confirmation\04_RAW\SOURCE\ACTIVE_CAUSAL\5d6852cb0ae4dce9341e79e9.json,1752,a08d116a07d121a64113b6c981049fc1465b30314408dbe6907a0d78e084f832,C:\RSOS\RSOS_EXPERIMENTS_WF2_PROSPECTIVE_CROSS_SYSTEM_CONFIRMATION\04_RAW\ACTIVE_CAUSAL\5d6852cb0ae4dce9341e79e9.json
C:\RSOS\RSOS_CANONICAL_EXPERIMENT_CHAIN\033_EXP-016__WF2_Prospective_Cross_System_Confirmation\04_RAW\SOURCE\ACTIVE_CAUSAL\5d71398e4c69e3dbd0ce32b8.json,1840,6aaa0061573776dace8dcf992e0b07c9a27b44111c261dfc516eab2617c5809c,C:\RSOS\RSOS_EXPERIMENTS_WF2_PROSPECTIVE_CROSS_SYSTEM_CONFIRMATION\04_RAW\ACTIVE_CAUSAL\5d71398e4c69e3dbd0ce32b8.json
C:\RSOS\RSOS_CANONICAL_EXPERIMENT_CHAIN\033_EXP-016__WF2_Prospective_Cross_System_Confirmation\04_RAW\SOURCE\ACTIVE_CAUSAL\5d8720ed47a295451a7da50c.json,1982,6b5af55c1a132ecc46ae4c496ddfeb241bbaeda0e7f5c27ab0ac9f06f61cc84f,C:\RSOS\RSOS_EXPERIMENTS_WF2_PROSPECTIVE_CROSS_SYSTEM_CONFIRMATION\04_RAW\ACTIVE_CAUSAL\5d8720ed47a295451a7da50c.json
C:\RSOS\RSOS_CANONICAL_EXPERIMENT_CHAIN\033_EXP-016__WF2_Prospective_Cross_System_Confirmation\04_RAW\SOURCE\ACTIVE_CAUSAL\5d9d740d0efa9c1106d92e2f.json,3374,5c8dfef230db64b49bdb3d7e4879bf4eae4609c59a5f29b9e938ccf5311868f2,C:\RSOS\RSOS_EXPERIMENTS_WF2_PROSPECTIVE_CROSS_SYSTEM_CONFIRMATION\04_RAW\ACTIVE_CAUSAL\5d9d740d0efa9c1106d92e2f.json
C:\RSOS\RSOS_CANONICAL_EXPERIMENT_CHAIN\033_EXP-016__WF2_Prospective_Cross_System_Confirmation\04_RAW\SOURCE\ACTIVE_CAUSAL\5dc83ab8aad09978a7363cb2.json,3385,0af1149a06d3ca324678897a35c39ef38cffe10af4ffd8342373fa9fcd603994,C:\RSOS\RSOS_EXPERIMENTS_WF2_PROSPECTIVE_CROSS_SYSTEM_CONFIRMATION\04_RAW\ACTIVE_CAUSAL\5dc83ab8aad09978a7363cb2.json
C:\RSOS\RSOS_CANONICAL_EXPERIMENT_CHAIN\033_EXP-016__WF2_Prospective_Cross_System_Confirmation\04_RAW\SOURCE\ACTIVE_CAUSAL\5ddc822d53601150f3c14c1a.json,1826,f1f2f594bb7e3c6605cc71bc494fa74a03d7bc18e42f274f9854cb20ba59a23d,C:\RSOS\RSOS_EXPERIMENTS_WF2_PROSPECTIVE_CROSS_SYSTEM_CONFIRMATION\04_RAW\ACTIVE_CAUSAL\5ddc822d53601150f3c14c1a.json
C:\RSOS\RSOS_CANONICAL_EXPERIMENT_CHAIN\033_EXP-016__WF2_Prospective_Cross_System_Confirmation\04_RAW\SOURCE\ACTIVE_CAUSAL\5de2dc260f6ce5de36d55f60.json,1981,5fad651e1e53fc865437eda68a8bad4b29d21c1ac62887740063e5999f2c7442,C:\RSOS\RSOS_EXPERIMENTS_WF2_PROSPECTIVE_CROSS_SYSTEM_CONFIRMATION\04_RAW\ACTIVE_CAUSAL\5de2dc260f6ce5de36d55f60.json
C:\RSOS\RSOS_CANONICAL_EXPERIMENT_CHAIN\033_EXP-016__WF2_Prospective_Cross_System_Confirmation\04_RAW\SOURCE\ACTIVE_CAUSAL\5e24b68fb48ae1f1163bd30d.json,1992,9f7ebb998eb033d34ca1369d462a91a6a82544d6a93d926964e4f8db66dbd773,C:\RSOS\RSOS_EXPERIMENTS_WF2_PROSPECTIVE_CROSS_SYSTEM_CONFIRMATION\04_RAW\ACTIVE_CAUSAL\5e24b68fb48ae1f1163bd30d.json
C:\RSOS\RSOS_CANONICAL_EXPERIMENT_CHAIN\033_EXP-016__WF2_Prospective_Cross_System_Confirmation\04_RAW\SOURCE\ACTIVE_CAUSAL\5e4022f1c4f4cdef25882381.json,3375,9342ab7ffff8c0594389c91cdca4605013f3e85eed75040a26f49cd06508d266,C:\RSOS\RSOS_EXPERIMENTS_WF2_PROSPECTIVE_CROSS_SYSTEM_CONFIRMATION\04_RAW\ACTIVE_CAUSAL\5e4022f1c4f4cdef25882381.json
C:\RSOS\RSOS_CANONICAL_EXPERIMENT_CHAIN\033_EXP-016__WF2_Prospective_Cross_System_Confirmation\04_RAW\SOURCE\ACTIVE_CAUSAL\5e6a888e361a9c25023ca9b2.json,1988,0be18ae6f43c8cf2868c9d331801da217fae433c0d63d5080b29abed553a006b,C:\RSOS\RSOS_EXPERIMENTS_WF2_PROSPECTIVE_CROSS_SYSTEM_CONFIRMATION\04_RAW\ACTIVE_CAUSAL\5e6a888e361a9c25023ca9b2.json
C:\RSOS\RSOS_CANONICAL_EXPERIMENT_CHAIN\033_EXP-016__WF2_Prospective_Cross_System_Confirmation\04_RAW\SOURCE\ACTIVE_CAUSAL\5e7c665e30231a7c5b9ebecc.json,1982,818657fdea91e1190aae2c25742374e0f3c98b1c6e610819db9f1d2facd6d0c6,C:\RSOS\RSOS_EXPERIMENTS_WF2_PROSPECTIVE_CROSS_SYSTEM_CONFIRMATION\04_RAW\ACTIVE_CAUSAL\5e7c665e30231a7c5b9ebecc.json
C:\RSOS\RSOS_CANONICAL_EXPERIMENT_CHAIN\033_EXP-016__WF2_Prospective_Cross_System_Confirmation\04_RAW\SOURCE\ACTIVE_CAUSAL\5e7fc170875f745c90056502.json,3389,f0a38f2f872144ba0b33ce51a6d49ef63cc101498e4e220ff0509ac6297cfbb1,C:\RSOS\RSOS_EXPERIMENTS_WF2_PROSPECTIVE_CROSS_SYSTEM_CONFIRMATION\04_RAW\ACTIVE_CAUSAL\5e7fc170875f745c90056502.json
C:\RSOS\RSOS_CANONICAL_EXPERIMENT_CHAIN\033_EXP-016__WF2_Prospective_Cross_System_Confirmation\04_RAW\SOURCE\ACTIVE_CAUSAL\5e96e65caa8bae729fffbaf5.json,3388,b209d0565d9457d41885062c4395a87e5e542ad3835d819df0c7c88e8b9a82e2,C:\RSOS\RSOS_EXPERIMENTS_WF2_PROSPECTIVE_CROSS_SYSTEM_CONFIRMATION\04_RAW\ACTIVE_CAUSAL\5e96e65caa8bae729fffbaf5.json
C:\RSOS\RSOS_CANONICAL_EXPERIMENT_CHAIN\033_EXP-016__WF2_Prospective_Cross_System_Confirmation\04_RAW\SOURCE\ACTIVE_CAUSAL\5e994e3ca29a07505bfbf7a0.json,1981,8a7f653986c9bb83b6f077144a2fbf02ee6bb0331e231f18c5698bf442a7ccb2,C:\RSOS\RSOS_EXPERIMENTS_WF2_PROSPECTIVE_CROSS_SYSTEM_CONFIRMATION\04_RAW\ACTIVE_CAUSAL\5e994e3ca29a07505bfbf7a0.json
C:\RSOS\RSOS_CANONICAL_EXPERIMENT_CHAIN\033_EXP-016__WF2_Prospective_Cross_System_Confirmation\04_RAW\SOURCE\ACTIVE_CAUSAL\5ec39917591d46a98844343a.json,1842,73ed082ccfb25eb8daee23d77e66cb77a016c305746a042ada47ff6a39042dd1,C:\RSOS\RSOS_EXPERIMENTS_WF2_PROSPECTIVE_CROSS_SYSTEM_CONFIRMATION\04_RAW\ACTIVE_CAUSAL\5ec39917591d46a98844343a.json
C:\RSOS\RSOS_CANONICAL_EXPERIMENT_CHAIN\033_EXP-016__WF2_Prospective_Cross_System_Confirmation\04_RAW\SOURCE\ACTIVE_CAUSAL\5ed9b6b175bdd43990bffa07.json,1982,ce25281bdf4c8f2dce44f0f625ce77b7d2c3989583d58e42d8d42d1cf73b12d1,C:\RSOS\RSOS_EXPERIMENTS_WF2_PROSPECTIVE_CROSS_SYSTEM_CONFIRMATION\04_RAW\ACTIVE_CAUSAL\5ed9b6b175bdd43990bffa07.json
C:\RSOS\RSOS_CANONICAL_EXPERIMENT_CHAIN\033_EXP-016__WF2_Prospective_Cross_System_Confirmation\04_RAW\SOURCE\ACTIVE_CAUSAL\5ee6261ed843fd41252a0c9c.json,3389,0599f742a834f73c04e46d3a3fa95716d8b03a8b647727737fd117686b009a23,C:\RSOS\RSOS_EXPERIMENTS_WF2_PROSPECTIVE_CROSS_SYSTEM_CONFIRMATION\04_RAW\ACTIVE_CAUSAL\5ee6261ed843fd41252a0c9c.json
C:\RSOS\RSOS_CANONICAL_EXPERIMENT_CHAIN\033_EXP-016__WF2_Prospective_Cross_System_Confirmation\04_RAW\SOURCE\ACTIVE_CAUSAL\5eeed474139b06e3b0fb13c7.json,1982,3c729a8a1d506ad3990911d75864be03d9935173a0ae638cbf90cb77e10ecdc2,C:\RSOS\RSOS_EXPERIMENTS_WF2_PROSPECTIVE_CROSS_SYSTEM_CONFIRMATION\04_RAW\ACTIVE_CAUSAL\5eeed474139b06e3b0fb13c7.json
C:\RSOS\RSOS_CANONICAL_EXPERIMENT_CHAIN\033_EXP-016__WF2_Prospective_Cross_System_Confirmation\04_RAW\SOURCE\ACTIVE_CAUSAL\5f54335b73f647efa0620228.json,3374,70db97d4bd608633a6d9d9a48b8e67c6e532059533ff4611e656b8e9ac87f327,C:\RSOS\RSOS_EXPERIMENTS_WF2_PROSPECTIVE_CROSS_SYSTEM_CONFIRMATION\04_RAW\ACTIVE_CAUSAL\5f54335b73f647efa0620228.json
C:\RSOS\RSOS_CANONICAL_EXPERIMENT_CHAIN\033_EXP-016__WF2_Prospective_Cross_System_Confirmation\04_RAW\SOURCE\ACTIVE_CAUSAL\5f552c776761f6cc129fe216.json,1826,a98a97aa162a6203580d04602cfecbf95b0992b90ebe508831fe62e2071dfb06,C:\RSOS\RSOS_EXPERIMENTS_WF2_PROSPECTIVE_CROSS_SYSTEM_CONFIRMATION\04_RAW\ACTIVE_CAUSAL\5f552c776761f6cc129fe216.json
C:\RSOS\RSOS_CANONICAL_EXPERIMENT_CHAIN\033_EXP-016__WF2_Prospective_Cross_System_Confirmation\04_RAW\SOURCE\ACTIVE_CAUSAL\5fb7648436a191304e90103d.json,3375,373eb479cdcbc08e1f1aa871f424a0bdf8de2467e5e73abe675af2f75eeae7cc,C:\RSOS\RSOS_EXPERIMENTS_WF2_PROSPECTIVE_CROSS_SYSTEM_CONFIRMATION\04_RAW\ACTIVE_CAUSAL\5fb7648436a191304e90103d.json
C:\RSOS\RSOS_CANONICAL_EXPERIMENT_CHAIN\033_EXP-016__WF2_Prospective_Cross_System_Confirmation\04_RAW\SOURCE\ACTIVE_CAUSAL\6023b62855ae470577128735.json,1981,4df96d7b4c4cbc959c7ff4a274f9b6ae3ebceb59e6253587c2f84f20560099ed,C:\RSOS\RSOS_EXPERIMENTS_WF2_PROSPECTIVE_CROSS_SYSTEM_CONFIRMATION\04_RAW\ACTIVE_CAUSAL\6023b62855ae470577128735.json
C:\RSOS\RSOS_CANONICAL_EXPERIMENT_CHAIN\033_EXP-016__WF2_Prospective_Cross_System_Confirmation\04_RAW\SOURCE\ACTIVE_CAUSAL\602da68e8eef423808e51360.json,3383,20f775896d80ca8ba983f04af6f282650bb600f0cfb825d93b04c27ffd07fe14,C:\RSOS\RSOS_EXPERIMENTS_WF2_PROSPECTIVE_CROSS_SYSTEM_CONFIRMATION\04_RAW\ACTIVE_CAUSAL\602da68e8eef423808e51360.json
C:\RSOS\RSOS_CANONICAL_EXPERIMENT_CHAIN\033_EXP-016__WF2_Prospective_Cross_System_Confirmation\04_RAW\SOURCE\ACTIVE_CAUSAL\6066967b4468714a822b0d6f.json,1826,6cb3272333e7d89a899b39047eb52d8df4a3078ddda6cad6df3b8bb23526c21a,C:\RSOS\RSOS_EXPERIMENTS_WF2_PROSPECTIVE_CROSS_SYSTEM_CONFIRMATION\04_RAW\ACTIVE_CAUSAL\6066967b4468714a822b0d6f.json
C:\RSOS\RSOS_CANONICAL_EXPERIMENT_CHAIN\033_EXP-016__WF2_Prospective_Cross_System_Confirmation\04_RAW\SOURCE\ACTIVE_CAUSAL\60775f454ecdddbdf22a2c91.json,3383,7c3b2585b2945bd5b215914c70ab78392b9ecbd8ed47ae06dd58cc7eb52dd092,C:\RSOS\RSOS_EXPERIMENTS_WF2_PROSPECTIVE_CROSS_SYSTEM_CONFIRMATION\04_RAW\ACTIVE_CAUSAL\60775f454ecdddbdf22a2c91.json
C:\RSOS\RSOS_CANONICAL_EXPERIMENT_CHAIN\033_EXP-016__WF2_Prospective_Cross_System_Confirmation\04_RAW\SOURCE\ACTIVE_CAUSAL\60863a5f1aed7f645866a3e0.json,1826,9995c1b823ebf89efd53adddff7a4a98ff650322d7df854b27f630b960efccdd,C:\RSOS\RSOS_EXPERIMENTS_WF2_PROSPECTIVE_CROSS_SYSTEM_CONFIRMATION\04_RAW\ACTIVE_CAUSAL\60863a5f1aed7f645866a3e0.json
C:\RSOS\RSOS_CANONICAL_EXPERIMENT_CHAIN\033_EXP-016__WF2_Prospective_Cross_System_Confirmation\04_RAW\SOURCE\ACTIVE_CAUSAL\60a94ebb4d7d4a2df48ee5c9.json,1826,ec2cdfbb3021bff0c216846b4930af65357bb9080d86f02e4a9f23a1eb30e848,C:\RSOS\RSOS_EXPERIMENTS_WF2_PROSPECTIVE_CROSS_SYSTEM_CONFIRMATION\04_RAW\ACTIVE_CAUSAL\60a94ebb4d7d4a2df48ee5c9.json
C:\RSOS\RSOS_CANONICAL_EXPERIMENT_CHAIN\033_EXP-016__WF2_Prospective_Cross_System_Confirmation\04_RAW\SOURCE\ACTIVE_CAUSAL\60e1413ff2e4207d6a09bbc6.json,3375,a551108d0df953740ab106fd427d205cac0d176ade8aa72b504f5589e87f629c,C:\RSOS\RSOS_EXPERIMENTS_WF2_PROSPECTIVE_CROSS_SYSTEM_CONFIRMATION\04_RAW\ACTIVE_CAUSAL\60e1413ff2e4207d6a09bbc6.json
C:\RSOS\RSOS_CANONICAL_EXPERIMENT_CHAIN\033_EXP-016__WF2_Prospective_Cross_System_Confirmation\04_RAW\SOURCE\ACTIVE_CAUSAL\60fd1c400deef3fec2aaacf4.json,1826,71750df0d0df6460c88fe9ab8222106359deaa818d45f039b4593107b86a42bd,C:\RSOS\RSOS_EXPERIMENTS_WF2_PROSPECTIVE_CROSS_SYSTEM_CONFIRMATION\04_RAW\ACTIVE_CAUSAL\60fd1c400deef3fec2aaacf4.json
C:\RSOS\RSOS_CANONICAL_EXPERIMENT_CHAIN\033_EXP-016__WF2_Prospective_Cross_System_Confirmation\04_RAW\SOURCE\ACTIVE_CAUSAL\618f5d681bbc1cc0ce3042f9.json,1980,50b1848a2b2b29a70d297b039d1a1bb567f12e586c921ea563d573944fdfc9fd,C:\RSOS\RSOS_EXPERIMENTS_WF2_PROSPECTIVE_CROSS_SYSTEM_CONFIRMATION\04_RAW\ACTIVE_CAUSAL\618f5d681bbc1cc0ce3042f9.json
C:\RSOS\RSOS_CANONICAL_EXPERIMENT_CHAIN\033_EXP-016__WF2_Prospective_Cross_System_Confirmation\04_RAW\SOURCE\ACTIVE_CAUSAL\61a8b4f6d15b176033c298e1.json,1860,105cc89d24cacd99730cc738e7eb48ec3d000e8de9e9f0788906c8f33957d1dd,C:\RSOS\RSOS_EXPERIMENTS_WF2_PROSPECTIVE_CROSS_SYSTEM_CONFIRMATION\04_RAW\ACTIVE_CAUSAL\61a8b4f6d15b176033c298e1.json
C:\RSOS\RSOS_CANONICAL_EXPERIMENT_CHAIN\033_EXP-016__WF2_Prospective_Cross_System_Confirmation\04_RAW\SOURCE\ACTIVE_CAUSAL\61aaacad9b68b2cde49131de.json,1982,5074e6059b6388f3a46a086fe66798027c934ce6deee10c8b358326bc9adb7d1,C:\RSOS\RSOS_EXPERIMENTS_WF2_PROSPECTIVE_CROSS_SYSTEM_CONFIRMATION\04_RAW\ACTIVE_CAUSAL\61aaacad9b68b2cde49131de.json
C:\RSOS\RSOS_CANONICAL_EXPERIMENT_CHAIN\033_EXP-016__WF2_Prospective_Cross_System_Confirmation\04_RAW\SOURCE\ACTIVE_CAUSAL\61cc894d2061b8c28d572cb0.json,3374,19d0239b2b19bafcc34b7958d3e7c8743c6131173b2b5568dd0c8f9393a392da,C:\RSOS\RSOS_EXPERIMENTS_WF2_PROSPECTIVE_CROSS_SYSTEM_CONFIRMATION\04_RAW\ACTIVE_CAUSAL\61cc894d2061b8c28d572cb0.json
C:\RSOS\RSOS_CANONICAL_EXPERIMENT_CHAIN\033_EXP-016__WF2_Prospective_Cross_System_Confirmation\04_RAW\SOURCE\ACTIVE_CAUSAL\61d607647f2cf292a3f3e057.json,1981,afe1320b6afeed4e4a589928a03807b9b6ec38da46f4730cbcdf9ca48f8b72ee,C:\RSOS\RSOS_EXPERIMENTS_WF2_PROSPECTIVE_CROSS_SYSTEM_CONFIRMATION\04_RAW\ACTIVE_CAUSAL\61d607647f2cf292a3f3e057.json
C:\RSOS\RSOS_CANONICAL_EXPERIMENT_CHAIN\033_EXP-016__WF2_Prospective_Cross_System_Confirmation\04_RAW\SOURCE\ACTIVE_CAUSAL\62426713140038e73fadaa42.json,1990,29b1c33cef88b75198791ddbd914f8e328e4e04b8b7c951764d0f73372e67b4d,C:\RSOS\RSOS_EXPERIMENTS_WF2_PROSPECTIVE_CROSS_SYSTEM_CONFIRMATION\04_RAW\ACTIVE_CAUSAL\62426713140038e73fadaa42.json
C:\RSOS\RSOS_CANONICAL_EXPERIMENT_CHAIN\033_EXP-016__WF2_Prospective_Cross_System_Confirmation\04_RAW\SOURCE\ACTIVE_CAUSAL\6245686dabb3bb66726e3380.json,3375,c58bac29dccb32c647dbe47d9d9965b927f20c6c1659d0e8fb6555266784a566,C:\RSOS\RSOS_EXPERIMENTS_WF2_PROSPECTIVE_CROSS_SYSTEM_CONFIRMATION\04_RAW\ACTIVE_CAUSAL\6245686dabb3bb66726e3380.json
C:\RSOS\RSOS_CANONICAL_EXPERIMENT_CHAIN\033_EXP-016__WF2_Prospective_Cross_System_Confirmation\04_RAW\SOURCE\ACTIVE_CAUSAL\62590630c4263786329eaf58.json,1996,905a31266979e685ab351d70f31f0ff4cb9bb74cc4b1d75ad19ab32757dd4253,C:\RSOS\RSOS_EXPERIMENTS_WF2_PROSPECTIVE_CROSS_SYSTEM_CONFIRMATION\04_RAW\ACTIVE_CAUSAL\62590630c4263786329eaf58.json
C:\RSOS\RSOS_CANONICAL_EXPERIMENT_CHAIN\033_EXP-016__WF2_Prospective_Cross_System_Confirmation\04_RAW\SOURCE\ACTIVE_CAUSAL\626b6dcdbae682d2444142bb.json,1982,e86a9d599ff7b9e977ad4403ea8b489ac9c8fddf3b86037bb2c1e5a6ab80fe5a,C:\RSOS\RSOS_EXPERIMENTS_WF2_PROSPECTIVE_CROSS_SYSTEM_CONFIRMATION\04_RAW\ACTIVE_CAUSAL\626b6dcdbae682d2444142bb.json
C:\RSOS\RSOS_CANONICAL_EXPERIMENT_CHAIN\033_EXP-016__WF2_Prospective_Cross_System_Confirmation\04_RAW\SOURCE\ACTIVE_CAUSAL\626df630d728e415594b7eb6.json,1982,82ba7e92b0b319608899cfae377ce823ae8906a359a96a602a8d50480324a0fd,C:\RSOS\RSOS_EXPERIMENTS_WF2_PROSPECTIVE_CROSS_SYSTEM_CONFIRMATION\04_RAW\ACTIVE_CAUSAL\626df630d728e415594b7eb6.json
C:\RSOS\RSOS_CANONICAL_EXPERIMENT_CHAIN\033_EXP-016__WF2_Prospective_Cross_System_Confirmation\04_RAW\SOURCE\ACTIVE_CAUSAL\628b0b362cd8ffb1737cd6e4.json,3384,bf9f97caea6e876854470978216e44ad0c93df0e1709645bd30002dcc516f492,C:\RSOS\RSOS_EXPERIMENTS_WF2_PROSPECTIVE_CROSS_SYSTEM_CONFIRMATION\04_RAW\ACTIVE_CAUSAL\628b0b362cd8ffb1737cd6e4.json
C:\RSOS\RSOS_CANONICAL_EXPERIMENT_CHAIN\033_EXP-016__WF2_Prospective_Cross_System_Confirmation\04_RAW\SOURCE\ACTIVE_CAUSAL\63331bad40f55375b9bf42df.json,1836,94ef268f804a7684ccd5a4b659bfae079db285a6520084734aa52539a5df2cf5,C:\RSOS\RSOS_EXPERIMENTS_WF2_PROSPECTIVE_CROSS_SYSTEM_CONFIRMATION\04_RAW\ACTIVE_CAUSAL\63331bad40f55375b9bf42df.json
C:\RSOS\RSOS_CANONICAL_EXPERIMENT_CHAIN\033_EXP-016__WF2_Prospective_Cross_System_Confirmation\04_RAW\SOURCE\ACTIVE_CAUSAL\634890242866514505d0b7f6.json,1826,39dfe6abeebc6c787cdadd2395e4021aa6a31041266bd9944cc1938943170b96,C:\RSOS\RSOS_EXPERIMENTS_WF2_PROSPECTIVE_CROSS_SYSTEM_CONFIRMATION\04_RAW\ACTIVE_CAUSAL\634890242866514505d0b7f6.json
C:\RSOS\RSOS_CANONICAL_EXPERIMENT_CHAIN\033_EXP-016__WF2_Prospective_Cross_System_Confirmation\04_RAW\SOURCE\ACTIVE_CAUSAL\63706415900633ddbcf426ca.json,3375,c38e25c50c4eb827800ba2c8ca53e483e5f7f47724c112373245b0f52ee39b5c,C:\RSOS\RSOS_EXPERIMENTS_WF2_PROSPECTIVE_CROSS_SYSTEM_CONFIRMATION\04_RAW\ACTIVE_CAUSAL\63706415900633ddbcf426ca.json
C:\RSOS\RSOS_CANONICAL_EXPERIMENT_CHAIN\033_EXP-016__WF2_Prospective_Cross_System_Confirmation\04_RAW\SOURCE\ACTIVE_CAUSAL\6383b8b956f3777699c21428.json,3374,1a038ab79b5c3f90742b03e278ce085d771b5794b8b39b3d9cea7e03da55048f,C:\RSOS\RSOS_EXPERIMENTS_WF2_PROSPECTIVE_CROSS_SYSTEM_CONFIRMATION\04_RAW\ACTIVE_CAUSAL\6383b8b956f3777699c21428.json
C:\RSOS\RSOS_CANONICAL_EXPERIMENT_CHAIN\033_EXP-016__WF2_Prospective_Cross_System_Confirmation\04_RAW\SOURCE\ACTIVE_CAUSAL\63e4fa23c00f1a7d2ea191b1.json,3375,6e4634635bece4f250f0203f06d4e33929402aa1aec1f3852ac528b6f2f4149d,C:\RSOS\RSOS_EXPERIMENTS_WF2_PROSPECTIVE_CROSS_SYSTEM_CONFIRMATION\04_RAW\ACTIVE_CAUSAL\63e4fa23c00f1a7d2ea191b1.json
C:\RSOS\RSOS_CANONICAL_EXPERIMENT_CHAIN\033_EXP-016__WF2_Prospective_Cross_System_Confirmation\04_RAW\SOURCE\ACTIVE_CAUSAL\647f2b3c6cc540cd67a84fba.json,1826,dd2fe19313a4d1a2267068a7294ec307231649a064d4a4fb11bed0f7f816c170,C:\RSOS\RSOS_EXPERIMENTS_WF2_PROSPECTIVE_CROSS_SYSTEM_CONFIRMATION\04_RAW\ACTIVE_CAUSAL\647f2b3c6cc540cd67a84fba.json
C:\RSOS\RSOS_CANONICAL_EXPERIMENT_CHAIN\033_EXP-016__WF2_Prospective_Cross_System_Confirmation\04_RAW\SOURCE\ACTIVE_CAUSAL\649e0326e72fe2c4a864495e.json,1983,c70bb859a99fbd092ad0add3b4e58eb810d05c55e4304fd54402bbe0607e2901,C:\RSOS\RSOS_EXPERIMENTS_WF2_PROSPECTIVE_CROSS_SYSTEM_CONFIRMATION\04_RAW\ACTIVE_CAUSAL\649e0326e72fe2c4a864495e.json
C:\RSOS\RSOS_CANONICAL_EXPERIMENT_CHAIN\033_EXP-016__WF2_Prospective_Cross_System_Confirmation\04_RAW\SOURCE\ACTIVE_CAUSAL\64ed64a4f0b15ba9d53835d5.json,3375,d418e6633dc4e362954d004079f1bab77532fcd34aed10ba35e5107f810dd74f,C:\RSOS\RSOS_EXPERIMENTS_WF2_PROSPECTIVE_CROSS_SYSTEM_CONFIRMATION\04_RAW\ACTIVE_CAUSAL\64ed64a4f0b15ba9d53835d5.json
C:\RSOS\RSOS_CANONICAL_EXPERIMENT_CHAIN\033_EXP-016__WF2_Prospective_Cross_System_Confirmation\04_RAW\SOURCE\ACTIVE_CAUSAL\65091ab61457111b69d2b415.json,1995,858643e87356bffd217a79c6b6ed014fb5f6e5cf213b63f9f9da51b94b551253,C:\RSOS\RSOS_EXPERIMENTS_WF2_PROSPECTIVE_CROSS_SYSTEM_CONFIRMATION\04_RAW\ACTIVE_CAUSAL\65091ab61457111b69d2b415.json
C:\RSOS\RSOS_CANONICAL_EXPERIMENT_CHAIN\033_EXP-016__WF2_Prospective_Cross_System_Confirmation\04_RAW\SOURCE\ACTIVE_CAUSAL\651483639fa05b977ce8712b.json,1826,7acb25aff50a4eb12a6412fa214cce0906af81c78eba51dd5af00c01560a7bb1,C:\RSOS\RSOS_EXPERIMENTS_WF2_PROSPECTIVE_CROSS_SYSTEM_CONFIRMATION\04_RAW\ACTIVE_CAUSAL\651483639fa05b977ce8712b.json
C:\RSOS\RSOS_CANONICAL_EXPERIMENT_CHAIN\033_EXP-016__WF2_Prospective_Cross_System_Confirmation\04_RAW\SOURCE\ACTIVE_CAUSAL\65294e1a479db9907ab763aa.json,3389,8dea79323fdef03c8f268dbe18cb13448f85687e6434c3e6d71c73a3a5406af9,C:\RSOS\RSOS_EXPERIMENTS_WF2_PROSPECTIVE_CROSS_SYSTEM_CONFIRMATION\04_RAW\ACTIVE_CAUSAL\65294e1a479db9907ab763aa.json
C:\RSOS\RSOS_CANONICAL_EXPERIMENT_CHAIN\033_EXP-016__WF2_Prospective_Cross_System_Confirmation\04_RAW\SOURCE\ACTIVE_CAUSAL\653846c0b17b8bd8a763760e.json,1981,b65b5f8fa6a281e34440e600b4917602874519d72786851c3add7731be59a450,C:\RSOS\RSOS_EXPERIMENTS_WF2_PROSPECTIVE_CROSS_SYSTEM_CONFIRMATION\04_RAW\ACTIVE_CAUSAL\653846c0b17b8bd8a763760e.json
C:\RSOS\RSOS_CANONICAL_EXPERIMENT_CHAIN\033_EXP-016__WF2_Prospective_Cross_System_Confirmation\04_RAW\SOURCE\ACTIVE_CAUSAL\655f4638a05f3a1a419c0dff.json,1826,9d5dea0e6cf49e0ffccbc8823ff721c7dd5d920949057f7e9443663a73780e21,C:\RSOS\RSOS_EXPERIMENTS_WF2_PROSPECTIVE_CROSS_SYSTEM_CONFIRMATION\04_RAW\ACTIVE_CAUSAL\655f4638a05f3a1a419c0dff.json
C:\RSOS\RSOS_CANONICAL_EXPERIMENT_CHAIN\033_EXP-016__WF2_Prospective_Cross_System_Confirmation\04_RAW\SOURCE\ACTIVE_CAUSAL\65a9e5fefc032ca9ef250e0c.json,3375,4a8f7b9613a556805aa1adfc1bb11ab44d1ea94e59e7977e5f9384b4ccac9bd1,C:\RSOS\RSOS_EXPERIMENTS_WF2_PROSPECTIVE_CROSS_SYSTEM_CONFIRMATION\04_RAW\ACTIVE_CAUSAL\65a9e5fefc032ca9ef250e0c.json
C:\RSOS\RSOS_CANONICAL_EXPERIMENT_CHAIN\033_EXP-016__WF2_Prospective_Cross_System_Confirmation\04_RAW\SOURCE\ACTIVE_CAUSAL\660cb0ff9f3bd7fae336c2da.json,1981,965fe25d5a67656c1beac889d4abfdf59d6e6f649cd2c69f9d3d4e24b5640f9b,C:\RSOS\RSOS_EXPERIMENTS_WF2_PROSPECTIVE_CROSS_SYSTEM_CONFIRMATION\04_RAW\ACTIVE_CAUSAL\660cb0ff9f3bd7fae336c2da.json
C:\RSOS\RSOS_CANONICAL_EXPERIMENT_CHAIN\033_EXP-016__WF2_Prospective_Cross_System_Confirmation\04_RAW\SOURCE\ACTIVE_CAUSAL\66e50eea0a8a60e8db7f31e2.json,3374,8149602bfeca3a0fc230dd4d581c3c34de7643974737dde5cc160ea19b9fcd5c,C:\RSOS\RSOS_EXPERIMENTS_WF2_PROSPECTIVE_CROSS_SYSTEM_CONFIRMATION\04_RAW\ACTIVE_CAUSAL\66e50eea0a8a60e8db7f31e2.json
C:\RSOS\RSOS_CANONICAL_EXPERIMENT_CHAIN\033_EXP-016__WF2_Prospective_Cross_System_Confirmation\04_RAW\SOURCE\ACTIVE_CAUSAL\6794fd71c5fae2f27b83587e.json,1981,76d4b62b8c95a580df3d3ddc59e498530b8c49cdc3a936794eb306439148e92b,C:\RSOS\RSOS_EXPERIMENTS_WF2_PROSPECTIVE_CROSS_SYSTEM_CONFIRMATION\04_RAW\ACTIVE_CAUSAL\6794fd71c5fae2f27b83587e.json
C:\RSOS\RSOS_CANONICAL_EXPERIMENT_CHAIN\033_EXP-016__WF2_Prospective_Cross_System_Confirmation\04_RAW\SOURCE\ACTIVE_CAUSAL\6819afe4151139a78609691f.json,3384,c59d9dd2726ca224f9ea370ff38b7d17ae9c20ad325334eb3fd81006594d5d92,C:\RSOS\RSOS_EXPERIMENTS_WF2_PROSPECTIVE_CROSS_SYSTEM_CONFIRMATION\04_RAW\ACTIVE_CAUSAL\6819afe4151139a78609691f.json
C:\RSOS\RSOS_CANONICAL_EXPERIMENT_CHAIN\033_EXP-016__WF2_Prospective_Cross_System_Confirmation\04_RAW\SOURCE\ACTIVE_CAUSAL\681c7b21ae5da91781b6dae4.json,1826,20745b6760ac07b3e20f3885856321217823b9ddbdd3b79b7114d34b0e0794da,C:\RSOS\RSOS_EXPERIMENTS_WF2_PROSPECTIVE_CROSS_SYSTEM_CONFIRMATION\04_RAW\ACTIVE_CAUSAL\681c7b21ae5da91781b6dae4.json
C:\RSOS\RSOS_CANONICAL_EXPERIMENT_CHAIN\033_EXP-016__WF2_Prospective_Cross_System_Confirmation\04_RAW\SOURCE\ACTIVE_CAUSAL\683234dfdcc3fbecb5672a00.json,1827,7b8d61fcd5f6c1a851aa5be58885c7047192d3fa5b33962ee43088ce0acff479,C:\RSOS\RSOS_EXPERIMENTS_WF2_PROSPECTIVE_CROSS_SYSTEM_CONFIRMATION\04_RAW\ACTIVE_CAUSAL\683234dfdcc3fbecb5672a00.json
C:\RSOS\RSOS_CANONICAL_EXPERIMENT_CHAIN\033_EXP-016__WF2_Prospective_Cross_System_Confirmation\04_RAW\SOURCE\ACTIVE_CAUSAL\6844be80b48749b80afe56a0.json,3374,fc9d7493006a2afd24f55ffad39c1ecb876568854b67223e223868ed11b0d18a,C:\RSOS\RSOS_EXPERIMENTS_WF2_PROSPECTIVE_CROSS_SYSTEM_CONFIRMATION\04_RAW\ACTIVE_CAUSAL\6844be80b48749b80afe56a0.json
C:\RSOS\RSOS_CANONICAL_EXPERIMENT_CHAIN\033_EXP-016__WF2_Prospective_Cross_System_Confirmation\04_RAW\SOURCE\ACTIVE_CAUSAL\685a3c047fe1be59205cfe27.json,1981,55a88542dbf2d0e44a1ef8c8c5356b2a78007f12645b19bda843b0c41b727ba0,C:\RSOS\RSOS_EXPERIMENTS_WF2_PROSPECTIVE_CROSS_SYSTEM_CONFIRMATION\04_RAW\ACTIVE_CAUSAL\685a3c047fe1be59205cfe27.json
C:\RSOS\RSOS_CANONICAL_EXPERIMENT_CHAIN\033_EXP-016__WF2_Prospective_Cross_System_Confirmation\04_RAW\SOURCE\ACTIVE_CAUSAL\685d62ca2b3fcba1bc1d198b.json,3374,e869f6cae31ab5d451e1f807297fa1d5440ccb9aba5bca697cd1e0c5d2923e31,C:\RSOS\RSOS_EXPERIMENTS_WF2_PROSPECTIVE_CROSS_SYSTEM_CONFIRMATION\04_RAW\ACTIVE_CAUSAL\685d62ca2b3fcba1bc1d198b.json
C:\RSOS\RSOS_CANONICAL_EXPERIMENT_CHAIN\033_EXP-016__WF2_Prospective_Cross_System_Confirmation\04_RAW\SOURCE\ACTIVE_CAUSAL\6865de2a5ad460b1b252a472.json,3384,c62a5d2c6ffb56b3a8424531b93aad45beabb58ff649e58d9feb6812a5f8da2d,C:\RSOS\RSOS_EXPERIMENTS_WF2_PROSPECTIVE_CROSS_SYSTEM_CONFIRMATION\04_RAW\ACTIVE_CAUSAL\6865de2a5ad460b1b252a472.json
C:\RSOS\RSOS_CANONICAL_EXPERIMENT_CHAIN\033_EXP-016__WF2_Prospective_Cross_System_Confirmation\04_RAW\SOURCE\ACTIVE_CAUSAL\6890c84019cc4eb257f054ca.json,3388,940c33a7f283b9a494ddb659f8b2ad4e0321ad43eb7210795c82a3e57a75d3b1,C:\RSOS\RSOS_EXPERIMENTS_WF2_PROSPECTIVE_CROSS_SYSTEM_CONFIRMATION\04_RAW\ACTIVE_CAUSAL\6890c84019cc4eb257f054ca.json
C:\RSOS\RSOS_CANONICAL_EXPERIMENT_CHAIN\033_EXP-016__WF2_Prospective_Cross_System_Confirmation\04_RAW\SOURCE\ACTIVE_CAUSAL\68cdae26796a80f15dea2410.json,1752,27deb3e3a01d1af29aa3c9aa0ab22c27d1dad93f92e2ccb60e63ae270cceafa8,C:\RSOS\RSOS_EXPERIMENTS_WF2_PROSPECTIVE_CROSS_SYSTEM_CONFIRMATION\04_RAW\ACTIVE_CAUSAL\68cdae26796a80f15dea2410.json
C:\RSOS\RSOS_CANONICAL_EXPERIMENT_CHAIN\033_EXP-016__WF2_Prospective_Cross_System_Confirmation\04_RAW\SOURCE\ACTIVE_CAUSAL\68e3b00cde28363a01da3bfd.json,1981,ad44174a8c03d5195cb72e0a65d822c2aa919c0dbda40bc2a5c0ac9d32fa2eba,C:\RSOS\RSOS_EXPERIMENTS_WF2_PROSPECTIVE_CROSS_SYSTEM_CONFIRMATION\04_RAW\ACTIVE_CAUSAL\68e3b00cde28363a01da3bfd.json
C:\RSOS\RSOS_CANONICAL_EXPERIMENT_CHAIN\033_EXP-016__WF2_Prospective_Cross_System_Confirmation\04_RAW\SOURCE\ACTIVE_CAUSAL\68f0f1408ea12046d625ae9b.json,1991,c75aee04f22822315dc16b4c665068bb40d9cd8771a8a4a3bec0377629e68782,C:\RSOS\RSOS_EXPERIMENTS_WF2_PROSPECTIVE_CROSS_SYSTEM_CONFIRMATION\04_RAW\ACTIVE_CAUSAL\68f0f1408ea12046d625ae9b.json
C:\RSOS\RSOS_CANONICAL_EXPERIMENT_CHAIN\033_EXP-016__WF2_Prospective_Cross_System_Confirmation\04_RAW\SOURCE\ACTIVE_CAUSAL\68fb2c13db833c975d324b22.json,1981,5a43c0f16d28dfe421027dbc551a40b91377387ee93370f57b30c5c9011c1db0,C:\RSOS\RSOS_EXPERIMENTS_WF2_PROSPECTIVE_CROSS_SYSTEM_CONFIRMATION\04_RAW\ACTIVE_CAUSAL\68fb2c13db833c975d324b22.json
C:\RSOS\RSOS_CANONICAL_EXPERIMENT_CHAIN\033_EXP-016__WF2_Prospective_Cross_System_Confirmation\04_RAW\SOURCE\ACTIVE_CAUSAL\692667f7f31b9fa7be91ee4d.json,3389,61306cada67d7192b31a3cecd15cbe759562ef22bebd7c06d7fbb50ea032313a,C:\RSOS\RSOS_EXPERIMENTS_WF2_PROSPECTIVE_CROSS_SYSTEM_CONFIRMATION\04_RAW\ACTIVE_CAUSAL\692667f7f31b9fa7be91ee4d.json
C:\RSOS\RSOS_CANONICAL_EXPERIMENT_CHAIN\033_EXP-016__WF2_Prospective_Cross_System_Confirmation\04_RAW\SOURCE\ACTIVE_CAUSAL\6988b4191a85cded04412103.json,1836,288a188c0f3140e9877b980f66ca21ab52e541aa5462ea56ef1281d2a73e8aea,C:\RSOS\RSOS_EXPERIMENTS_WF2_PROSPECTIVE_CROSS_SYSTEM_CONFIRMATION\04_RAW\ACTIVE_CAUSAL\6988b4191a85cded04412103.json
C:\RSOS\RSOS_CANONICAL_EXPERIMENT_CHAIN\033_EXP-016__WF2_Prospective_Cross_System_Confirmation\04_RAW\SOURCE\ACTIVE_CAUSAL\69c8aaa57ce6782a03a13d40.json,3389,184f6c354f7eb082caf417374d90f5b4be04eed23af8dc1b7d63a0b1b0acb8fb,C:\RSOS\RSOS_EXPERIMENTS_WF2_PROSPECTIVE_CROSS_SYSTEM_CONFIRMATION\04_RAW\ACTIVE_CAUSAL\69c8aaa57ce6782a03a13d40.json
C:\RSOS\RSOS_CANONICAL_EXPERIMENT_CHAIN\033_EXP-016__WF2_Prospective_Cross_System_Confirmation\04_RAW\SOURCE\ACTIVE_CAUSAL\69ca248dbf5b3b299873045d.json,1827,16f30aa6bfee1323f592f2674ce65d595832db2842f0f1955ef5baa0ed2e4eda,C:\RSOS\RSOS_EXPERIMENTS_WF2_PROSPECTIVE_CROSS_SYSTEM_CONFIRMATION\04_RAW\ACTIVE_CAUSAL\69ca248dbf5b3b299873045d.json
C:\RSOS\RSOS_CANONICAL_EXPERIMENT_CHAIN\033_EXP-016__WF2_Prospective_Cross_System_Confirmation\04_RAW\SOURCE\ACTIVE_CAUSAL\69d63a52ef0f9c277dc1c51c.json,1836,da51b6e7d049b9e5b7d17c603912f383eb8ecdb7dee401179578710e69392bc0,C:\RSOS\RSOS_EXPERIMENTS_WF2_PROSPECTIVE_CROSS_SYSTEM_CONFIRMATION\04_RAW\ACTIVE_CAUSAL\69d63a52ef0f9c277dc1c51c.json
C:\RSOS\RSOS_CANONICAL_EXPERIMENT_CHAIN\033_EXP-016__WF2_Prospective_Cross_System_Confirmation\04_RAW\SOURCE\ACTIVE_CAUSAL\69ed7ec1f2b63dd195a953d5.json,1827,7b5ea302e961cb7a87f20da023a73c764f0e48c168e85c773e0188c37c135766,C:\RSOS\RSOS_EXPERIMENTS_WF2_PROSPECTIVE_CROSS_SYSTEM_CONFIRMATION\04_RAW\ACTIVE_CAUSAL\69ed7ec1f2b63dd195a953d5.json
C:\RSOS\RSOS_CANONICAL_EXPERIMENT_CHAIN\033_EXP-016__WF2_Prospective_Cross_System_Confirmation\04_RAW\SOURCE\ACTIVE_CAUSAL\6a3d703955425a1da27ed377.json,1835,615bcf9b03f49e69d65d6f7ea98a1d52a252df93eb6372f34efec2d9593426bd,C:\RSOS\RSOS_EXPERIMENTS_WF2_PROSPECTIVE_CROSS_SYSTEM_CONFIRMATION\04_RAW\ACTIVE_CAUSAL\6a3d703955425a1da27ed377.json
C:\RSOS\RSOS_CANONICAL_EXPERIMENT_CHAIN\033_EXP-016__WF2_Prospective_Cross_System_Confirmation\04_RAW\SOURCE\ACTIVE_CAUSAL\6a4b21da1ceb95c16ae7a504.json,1982,6f5e919bee2fbc471ab0d6e7e811dc00ccd217927d5ca25d9db94b66c2e42100,C:\RSOS\RSOS_EXPERIMENTS_WF2_PROSPECTIVE_CROSS_SYSTEM_CONFIRMATION\04_RAW\ACTIVE_CAUSAL\6a4b21da1ceb95c16ae7a504.json
C:\RSOS\RSOS_CANONICAL_EXPERIMENT_CHAIN\033_EXP-016__WF2_Prospective_Cross_System_Confirmation\04_RAW\SOURCE\ACTIVE_CAUSAL\6ab92c52b96e3e92545fc242.json,1827,f28e1af2bcedcc324897b874b54ca6a3ff5896afc9db2522dc6e569c513756c1,C:\RSOS\RSOS_EXPERIMENTS_WF2_PROSPECTIVE_CROSS_SYSTEM_CONFIRMATION\04_RAW\ACTIVE_CAUSAL\6ab92c52b96e3e92545fc242.json
C:\RSOS\RSOS_CANONICAL_EXPERIMENT_CHAIN\033_EXP-016__WF2_Prospective_Cross_System_Confirmation\04_RAW\SOURCE\ACTIVE_CAUSAL\6ac828cb8a0ce04a3ed8e9cb.json,1777,8e7f03ab83a70e827c9b2bdec9965c976c2032f2e9714913bcc330b527f8c737,C:\RSOS\RSOS_EXPERIMENTS_WF2_PROSPECTIVE_CROSS_SYSTEM_CONFIRMATION\04_RAW\ACTIVE_CAUSAL\6ac828cb8a0ce04a3ed8e9cb.json
C:\RSOS\RSOS_CANONICAL_EXPERIMENT_CHAIN\033_EXP-016__WF2_Prospective_Cross_System_Confirmation\04_RAW\SOURCE\ACTIVE_CAUSAL\6ae3f5fe52cf06d211c84542.json,1827,66dac236f663328eebddc0f719bac8b537668eb0f32a0f5d71b2d59d8f800e43,C:\RSOS\RSOS_EXPERIMENTS_WF2_PROSPECTIVE_CROSS_SYSTEM_CONFIRMATION\04_RAW\ACTIVE_CAUSAL\6ae3f5fe52cf06d211c84542.json
C:\RSOS\RSOS_CANONICAL_EXPERIMENT_CHAIN\033_EXP-016__WF2_Prospective_Cross_System_Confirmation\04_RAW\SOURCE\ACTIVE_CAUSAL\6ae6c1e1453d32b0858f05f3.json,1991,44c720058128217fbffc06608f29fb734b97b393636983084040aa2c6e36a5e2,C:\RSOS\RSOS_EXPERIMENTS_WF2_PROSPECTIVE_CROSS_SYSTEM_CONFIRMATION\04_RAW\ACTIVE_CAUSAL\6ae6c1e1453d32b0858f05f3.json
C:\RSOS\RSOS_CANONICAL_EXPERIMENT_CHAIN\033_EXP-016__WF2_Prospective_Cross_System_Confirmation\04_RAW\SOURCE\ACTIVE_CAUSAL\6af13154001752bcecbe5e6d.json,3375,2cfcef23131a7720825a15c43f5d0d1e5bb04452bd47d51616e47c82a1d4096f,C:\RSOS\RSOS_EXPERIMENTS_WF2_PROSPECTIVE_CROSS_SYSTEM_CONFIRMATION\04_RAW\ACTIVE_CAUSAL\6af13154001752bcecbe5e6d.json
C:\RSOS\RSOS_CANONICAL_EXPERIMENT_CHAIN\033_EXP-016__WF2_Prospective_Cross_System_Confirmation\04_RAW\SOURCE\ACTIVE_CAUSAL\6b02dd5f3748a50083255c5a.json,1982,8318eee544962b8c0ecf7cabbc4bcd1ea21ccd3d70a609d9cf3108fa303d1aff,C:\RSOS\RSOS_EXPERIMENTS_WF2_PROSPECTIVE_CROSS_SYSTEM_CONFIRMATION\04_RAW\ACTIVE_CAUSAL\6b02dd5f3748a50083255c5a.json
C:\RSOS\RSOS_CANONICAL_EXPERIMENT_CHAIN\033_EXP-016__WF2_Prospective_Cross_System_Confirmation\04_RAW\SOURCE\ACTIVE_CAUSAL\6b074d70f059f705a984975d.json,1826,db255eb97de717db8faec60b65ba142e2533cbfc949f7fa3fb9a6b8ae6669322,C:\RSOS\RSOS_EXPERIMENTS_WF2_PROSPECTIVE_CROSS_SYSTEM_CONFIRMATION\04_RAW\ACTIVE_CAUSAL\6b074d70f059f705a984975d.json
C:\RSOS\RSOS_CANONICAL_EXPERIMENT_CHAIN\033_EXP-016__WF2_Prospective_Cross_System_Confirmation\04_RAW\SOURCE\ACTIVE_CAUSAL\6b1184c9e0848eef96c4517e.json,1826,6c67a49cd3206efb49ac60715b5efc4b03ab5c8a6f64111df7ea231c2d8b15c5,C:\RSOS\RSOS_EXPERIMENTS_WF2_PROSPECTIVE_CROSS_SYSTEM_CONFIRMATION\04_RAW\ACTIVE_CAUSAL\6b1184c9e0848eef96c4517e.json
C:\RSOS\RSOS_CANONICAL_EXPERIMENT_CHAIN\033_EXP-016__WF2_Prospective_Cross_System_Confirmation\04_RAW\SOURCE\ACTIVE_CAUSAL\6b1ce9256ac753c0d250314a.json,1826,ee3f6fc4df73cb47295be77cf5c83684f9fb353230f3041ac5cc6c2b117279cb,C:\RSOS\RSOS_EXPERIMENTS_WF2_PROSPECTIVE_CROSS_SYSTEM_CONFIRMATION\04_RAW\ACTIVE_CAUSAL\6b1ce9256ac753c0d250314a.json
C:\RSOS\RSOS_CANONICAL_EXPERIMENT_CHAIN\033_EXP-016__WF2_Prospective_Cross_System_Confirmation\04_RAW\SOURCE\ACTIVE_CAUSAL\6b6e3624e69efb2abe3fecd3.json,1826,77c8b12cc4c556cd5228e6d26d5317bb4a46ccb55b6609e004979e89dfa99279,C:\RSOS\RSOS_EXPERIMENTS_WF2_PROSPECTIVE_CROSS_SYSTEM_CONFIRMATION\04_RAW\ACTIVE_CAUSAL\6b6e3624e69efb2abe3fecd3.json
C:\RSOS\RSOS_CANONICAL_EXPERIMENT_CHAIN\033_EXP-016__WF2_Prospective_Cross_System_Confirmation\04_RAW\SOURCE\ACTIVE_CAUSAL\6bdf42ad6b6dcfd1e58aaf93.json,3385,68a1a4bdde1efbfc28e4bba053f7611d0f13f510b5cd6bd5874d9e72d887ea69,C:\RSOS\RSOS_EXPERIMENTS_WF2_PROSPECTIVE_CROSS_SYSTEM_CONFIRMATION\04_RAW\ACTIVE_CAUSAL\6bdf42ad6b6dcfd1e58aaf93.json
C:\RSOS\RSOS_CANONICAL_EXPERIMENT_CHAIN\033_EXP-016__WF2_Prospective_Cross_System_Confirmation\04_RAW\SOURCE\ACTIVE_CAUSAL\6c47c92342be78a24f01da5d.json,1981,e1dbc394a039d92931f381e57a56441e7b144380ace4748d3dff727951e98e15,C:\RSOS\RSOS_EXPERIMENTS_WF2_PROSPECTIVE_CROSS_SYSTEM_CONFIRMATION\04_RAW\ACTIVE_CAUSAL\6c47c92342be78a24f01da5d.json
C:\RSOS\RSOS_CANONICAL_EXPERIMENT_CHAIN\033_EXP-016__WF2_Prospective_Cross_System_Confirmation\04_RAW\SOURCE\ACTIVE_CAUSAL\6c54ca7ac389d644d3bc169e.json,1982,2c9319231f9fe0dbcd31c81cc8ac29a9651b8bb140914c536fd26b15563f94fc,C:\RSOS\RSOS_EXPERIMENTS_WF2_PROSPECTIVE_CROSS_SYSTEM_CONFIRMATION\04_RAW\ACTIVE_CAUSAL\6c54ca7ac389d644d3bc169e.json
C:\RSOS\RSOS_CANONICAL_EXPERIMENT_CHAIN\033_EXP-016__WF2_Prospective_Cross_System_Confirmation\04_RAW\SOURCE\ACTIVE_CAUSAL\6c6d3e685d7016f8507c4545.json,3389,8898e972c425acda7875fee184f607b30724ab355b0e7a9a08063260a95a69f3,C:\RSOS\RSOS_EXPERIMENTS_WF2_PROSPECTIVE_CROSS_SYSTEM_CONFIRMATION\04_RAW\ACTIVE_CAUSAL\6c6d3e685d7016f8507c4545.json
C:\RSOS\RSOS_CANONICAL_EXPERIMENT_CHAIN\033_EXP-016__WF2_Prospective_Cross_System_Confirmation\04_RAW\SOURCE\ACTIVE_CAUSAL\6c777e3eed6bebe06a4bc0fc.json,3375,72e4eaf9ed168fd76b83e1e315c644133cfcd419c0a1c0c8f15709d3e5ce7d3c,C:\RSOS\RSOS_EXPERIMENTS_WF2_PROSPECTIVE_CROSS_SYSTEM_CONFIRMATION\04_RAW\ACTIVE_CAUSAL\6c777e3eed6bebe06a4bc0fc.json
C:\RSOS\RSOS_CANONICAL_EXPERIMENT_CHAIN\033_EXP-016__WF2_Prospective_Cross_System_Confirmation\04_RAW\SOURCE\ACTIVE_CAUSAL\6c77812bbbb6a06d9bf574e8.json,3384,8b263d545a4c191fb1cce457b1a6057110f0a30c36c9e70a0ab3d79b5a833587,C:\RSOS\RSOS_EXPERIMENTS_WF2_PROSPECTIVE_CROSS_SYSTEM_CONFIRMATION\04_RAW\ACTIVE_CAUSAL\6c77812bbbb6a06d9bf574e8.json
C:\RSOS\RSOS_CANONICAL_EXPERIMENT_CHAIN\033_EXP-016__WF2_Prospective_Cross_System_Confirmation\04_RAW\SOURCE\ACTIVE_CAUSAL\6c8747a8ee96fbda7e132575.json,3389,aa1e4bc59fab4ee2a0bccaa3e71878685e13c93b45347f117e4094375979ec3f,C:\RSOS\RSOS_EXPERIMENTS_WF2_PROSPECTIVE_CROSS_SYSTEM_CONFIRMATION\04_RAW\ACTIVE_CAUSAL\6c8747a8ee96fbda7e132575.json
C:\RSOS\RSOS_CANONICAL_EXPERIMENT_CHAIN\033_EXP-016__WF2_Prospective_Cross_System_Confirmation\04_RAW\SOURCE\ACTIVE_CAUSAL\6c89d4b08e3b64f9644a86b9.json,3375,b249b669217a65b059fb698108b3c73fb26305cd8616a3bf2d1df8d0c1014dab,C:\RSOS\RSOS_EXPERIMENTS_WF2_PROSPECTIVE_CROSS_SYSTEM_CONFIRMATION\04_RAW\ACTIVE_CAUSAL\6c89d4b08e3b64f9644a86b9.json
C:\RSOS\RSOS_CANONICAL_EXPERIMENT_CHAIN\033_EXP-016__WF2_Prospective_Cross_System_Confirmation\04_RAW\SOURCE\ACTIVE_CAUSAL\6cb22875c5d3213e1258f1b1.json,1981,71855b46f121ed64b85e9d8623b64951d7345428188d1cf01efeee651362b404,C:\RSOS\RSOS_EXPERIMENTS_WF2_PROSPECTIVE_CROSS_SYSTEM_CONFIRMATION\04_RAW\ACTIVE_CAUSAL\6cb22875c5d3213e1258f1b1.json
C:\RSOS\RSOS_CANONICAL_EXPERIMENT_CHAIN\033_EXP-016__WF2_Prospective_Cross_System_Confirmation\04_RAW\SOURCE\ACTIVE_CAUSAL\6cd3d0bbf8df67b2599b781e.json,1982,7384725c2680dd6f38292722d457e4e7b39c4bf24ece81f7103f0e92f0e576ad,C:\RSOS\RSOS_EXPERIMENTS_WF2_PROSPECTIVE_CROSS_SYSTEM_CONFIRMATION\04_RAW\ACTIVE_CAUSAL\6cd3d0bbf8df67b2599b781e.json
C:\RSOS\RSOS_CANONICAL_EXPERIMENT_CHAIN\033_EXP-016__WF2_Prospective_Cross_System_Confirmation\04_RAW\SOURCE\ACTIVE_CAUSAL\6cdc0814a14df5b67485a89b.json,1990,52e3d65c0090b13128756bc462e0803924e4653883dee74cd197b61ee538d6b9,C:\RSOS\RSOS_EXPERIMENTS_WF2_PROSPECTIVE_CROSS_SYSTEM_CONFIRMATION\04_RAW\ACTIVE_CAUSAL\6cdc0814a14df5b67485a89b.json
C:\RSOS\RSOS_CANONICAL_EXPERIMENT_CHAIN\033_EXP-016__WF2_Prospective_Cross_System_Confirmation\04_RAW\SOURCE\ACTIVE_CAUSAL\6d11ee1a8b370dd7e880fb8e.json,1871,906ec2fbbd8224f7b1dc91b3c0224d5ca0c48550b2df0d311c0c893f7c082371,C:\RSOS\RSOS_EXPERIMENTS_WF2_PROSPECTIVE_CROSS_SYSTEM_CONFIRMATION\04_RAW\ACTIVE_CAUSAL\6d11ee1a8b370dd7e880fb8e.json
C:\RSOS\RSOS_CANONICAL_EXPERIMENT_CHAIN\033_EXP-016__WF2_Prospective_Cross_System_Confirmation\04_RAW\SOURCE\ACTIVE_CAUSAL\6d6c37a5993cc8da9404bffe.json,1827,9ea800e4bdaf596ac25bbf80d05d998c2da15f80853a8174880b16c2234e05ea,C:\RSOS\RSOS_EXPERIMENTS_WF2_PROSPECTIVE_CROSS_SYSTEM_CONFIRMATION\04_RAW\ACTIVE_CAUSAL\6d6c37a5993cc8da9404bffe.json
C:\RSOS\RSOS_CANONICAL_EXPERIMENT_CHAIN\033_EXP-016__WF2_Prospective_Cross_System_Confirmation\04_RAW\SOURCE\ACTIVE_CAUSAL\6dcc7fdd64b6ef22948be1aa.json,3384,0ba9c06d57cea2711718a72178bd9aa63fb89fd7d92ad7de8c601ebabcf8ac40,C:\RSOS\RSOS_EXPERIMENTS_WF2_PROSPECTIVE_CROSS_SYSTEM_CONFIRMATION\04_RAW\ACTIVE_CAUSAL\6dcc7fdd64b6ef22948be1aa.json
C:\RSOS\RSOS_CANONICAL_EXPERIMENT_CHAIN\033_EXP-016__WF2_Prospective_Cross_System_Confirmation\04_RAW\SOURCE\ACTIVE_CAUSAL\6dfc3efc42298142df20df9b.json,1826,3d9aadc5b3faf62cf5251f70a33e9ed7913a596074179186d2a6e3b14074f88c,C:\RSOS\RSOS_EXPERIMENTS_WF2_PROSPECTIVE_CROSS_SYSTEM_CONFIRMATION\04_RAW\ACTIVE_CAUSAL\6dfc3efc42298142df20df9b.json
C:\RSOS\RSOS_CANONICAL_EXPERIMENT_CHAIN\033_EXP-016__WF2_Prospective_Cross_System_Confirmation\04_RAW\SOURCE\ACTIVE_CAUSAL\6e06c60d3b7aec2186faee2c.json,1981,56342dcb446f92af9584e10748e572e26ffc6e266a671f7bda191a794c553802,C:\RSOS\RSOS_EXPERIMENTS_WF2_PROSPECTIVE_CROSS_SYSTEM_CONFIRMATION\04_RAW\ACTIVE_CAUSAL\6e06c60d3b7aec2186faee2c.json
C:\RSOS\RSOS_CANONICAL_EXPERIMENT_CHAIN\033_EXP-016__WF2_Prospective_Cross_System_Confirmation\04_RAW\SOURCE\ACTIVE_CAUSAL\6e0a302cfaaa56155bef055a.json,1996,9006d23a4ca4e6a0490250540478ebbef41168fa99bcb2adf3ca6018f78cecdd,C:\RSOS\RSOS_EXPERIMENTS_WF2_PROSPECTIVE_CROSS_SYSTEM_CONFIRMATION\04_RAW\ACTIVE_CAUSAL\6e0a302cfaaa56155bef055a.json
C:\RSOS\RSOS_CANONICAL_EXPERIMENT_CHAIN\033_EXP-016__WF2_Prospective_Cross_System_Confirmation\04_RAW\SOURCE\ACTIVE_CAUSAL\6e10b519159c2b2743dc5987.json,3374,4dd2e78d390e7caf16073cb28ccdd42f6d4a52bff273f864ee60d153fb48791c,C:\RSOS\RSOS_EXPERIMENTS_WF2_PROSPECTIVE_CROSS_SYSTEM_CONFIRMATION\04_RAW\ACTIVE_CAUSAL\6e10b519159c2b2743dc5987.json
C:\RSOS\RSOS_CANONICAL_EXPERIMENT_CHAIN\033_EXP-016__WF2_Prospective_Cross_System_Confirmation\04_RAW\SOURCE\ACTIVE_CAUSAL\6e3e94985131663c133c46c9.json,1753,86c3969e409ba72f246483965d36e3b4bbf8853dd953163c1e61668fdc1c0eb0,C:\RSOS\RSOS_EXPERIMENTS_WF2_PROSPECTIVE_CROSS_SYSTEM_CONFIRMATION\04_RAW\ACTIVE_CAUSAL\6e3e94985131663c133c46c9.json
C:\RSOS\RSOS_CANONICAL_EXPERIMENT_CHAIN\033_EXP-016__WF2_Prospective_Cross_System_Confirmation\04_RAW\SOURCE\ACTIVE_CAUSAL\6e453a3ca0f2cf6bdd94613d.json,1826,ededc24b77914acd075fc008df6b197f8f67c3bd89c33ce29f7c7d49a5a3ed0f,C:\RSOS\RSOS_EXPERIMENTS_WF2_PROSPECTIVE_CROSS_SYSTEM_CONFIRMATION\04_RAW\ACTIVE_CAUSAL\6e453a3ca0f2cf6bdd94613d.json
C:\RSOS\RSOS_CANONICAL_EXPERIMENT_CHAIN\033_EXP-016__WF2_Prospective_Cross_System_Confirmation\04_RAW\SOURCE\ACTIVE_CAUSAL\6e70782add1936a0d0fc210f.json,1981,7383263f493e7fa573403008aa0fd306855e86c57cfd08ccd116f27a56aa03c3,C:\RSOS\RSOS_EXPERIMENTS_WF2_PROSPECTIVE_CROSS_SYSTEM_CONFIRMATION\04_RAW\ACTIVE_CAUSAL\6e70782add1936a0d0fc210f.json
C:\RSOS\RSOS_CANONICAL_EXPERIMENT_CHAIN\033_EXP-016__WF2_Prospective_Cross_System_Confirmation\04_RAW\SOURCE\ACTIVE_CAUSAL\6e81d0de7cc12e140c39d099.json,1827,c0bba6f32a5c5f0132c294cdb7ac797aa02547638a459cf38972a6218184ccef,C:\RSOS\RSOS_EXPERIMENTS_WF2_PROSPECTIVE_CROSS_SYSTEM_CONFIRMATION\04_RAW\ACTIVE_CAUSAL\6e81d0de7cc12e140c39d099.json
C:\RSOS\RSOS_CANONICAL_EXPERIMENT_CHAIN\033_EXP-016__WF2_Prospective_Cross_System_Confirmation\04_RAW\SOURCE\ACTIVE_CAUSAL\6edb98a13d80adafa9108c04.json,1982,101e5450d446604ebf1b2dcf4a6677b1fa49c5f5d67cb5cc816a310f893da56a,C:\RSOS\RSOS_EXPERIMENTS_WF2_PROSPECTIVE_CROSS_SYSTEM_CONFIRMATION\04_RAW\ACTIVE_CAUSAL\6edb98a13d80adafa9108c04.json
C:\RSOS\RSOS_CANONICAL_EXPERIMENT_CHAIN\033_EXP-016__WF2_Prospective_Cross_System_Confirmation\04_RAW\SOURCE\ACTIVE_CAUSAL\6f0c4b280475cd303e751789.json,3374,3fcfaa69eae75e74d6f2ce9ac14ccff07e9f647340b6e9058f903f256873f19a,C:\RSOS\RSOS_EXPERIMENTS_WF2_PROSPECTIVE_CROSS_SYSTEM_CONFIRMATION\04_RAW\ACTIVE_CAUSAL\6f0c4b280475cd303e751789.json
C:\RSOS\RSOS_CANONICAL_EXPERIMENT_CHAIN\033_EXP-016__WF2_Prospective_Cross_System_Confirmation\04_RAW\SOURCE\ACTIVE_CAUSAL\6f145912ed4e5b12adab4889.json,1841,baaf8b6f63a3d2ea39f886b3d86b4a17d03e0f34d1234b3948c4bca4ba483e12,C:\RSOS\RSOS_EXPERIMENTS_WF2_PROSPECTIVE_CROSS_SYSTEM_CONFIRMATION\04_RAW\ACTIVE_CAUSAL\6f145912ed4e5b12adab4889.json
C:\RSOS\RSOS_CANONICAL_EXPERIMENT_CHAIN\033_EXP-016__WF2_Prospective_Cross_System_Confirmation\04_RAW\SOURCE\ACTIVE_CAUSAL\6f2f6bb6510b7c8a2f052f15.json,3375,2c48a38959e1610a882c57184dd1829bd1c94197e55c39689129162cb37088d8,C:\RSOS\RSOS_EXPERIMENTS_WF2_PROSPECTIVE_CROSS_SYSTEM_CONFIRMATION\04_RAW\ACTIVE_CAUSAL\6f2f6bb6510b7c8a2f052f15.json
C:\RSOS\RSOS_CANONICAL_EXPERIMENT_CHAIN\033_EXP-016__WF2_Prospective_Cross_System_Confirmation\04_RAW\SOURCE\ACTIVE_CAUSAL\6f5096e098e7bef1746744f4.json,1833,e68167eea6a8b2b4191fafb15a6e37c8b3469ab3c0d5f07792b5061fdd726a7e,C:\RSOS\RSOS_EXPERIMENTS_WF2_PROSPECTIVE_CROSS_SYSTEM_CONFIRMATION\04_RAW\ACTIVE_CAUSAL\6f5096e098e7bef1746744f4.json
C:\RSOS\RSOS_CANONICAL_EXPERIMENT_CHAIN\033_EXP-016__WF2_Prospective_Cross_System_Confirmation\04_RAW\SOURCE\ACTIVE_CAUSAL\6f50c17db5e136c0f71196f2.json,1827,e51ac2684177c11a645020bbde93e00af7c9c10db5e627f70bed3815cc7f7071,C:\RSOS\RSOS_EXPERIMENTS_WF2_PROSPECTIVE_CROSS_SYSTEM_CONFIRMATION\04_RAW\ACTIVE_CAUSAL\6f50c17db5e136c0f71196f2.json
C:\RSOS\RSOS_CANONICAL_EXPERIMENT_CHAIN\033_EXP-016__WF2_Prospective_Cross_System_Confirmation\04_RAW\SOURCE\ACTIVE_CAUSAL\6f5b438ec3d0a96c8f51e0af.json,1833,6427c453cfa833fd69eade31de465b58708ade7e4fa54ade41a061f2ef9cb9da,C:\RSOS\RSOS_EXPERIMENTS_WF2_PROSPECTIVE_CROSS_SYSTEM_CONFIRMATION\04_RAW\ACTIVE_CAUSAL\6f5b438ec3d0a96c8f51e0af.json
C:\RSOS\RSOS_CANONICAL_EXPERIMENT_CHAIN\033_EXP-016__WF2_Prospective_Cross_System_Confirmation\04_RAW\SOURCE\ACTIVE_CAUSAL\6f6253e9b7314c103c2029d8.json,1982,d5d210ba22edf63f178dd9f84d63c8e8c25308fa9db05e2278cb205913f366ee,C:\RSOS\RSOS_EXPERIMENTS_WF2_PROSPECTIVE_CROSS_SYSTEM_CONFIRMATION\04_RAW\ACTIVE_CAUSAL\6f6253e9b7314c103c2029d8.json
C:\RSOS\RSOS_CANONICAL_EXPERIMENT_CHAIN\033_EXP-016__WF2_Prospective_Cross_System_Confirmation\04_RAW\SOURCE\ACTIVE_CAUSAL\6f8f445f22861a70ff797307.json,1827,7479507dcd6c86f5132cd0a4d2e3e19b83d9536068dfa282261bf78d6d06aaf2,C:\RSOS\RSOS_EXPERIMENTS_WF2_PROSPECTIVE_CROSS_SYSTEM_CONFIRMATION\04_RAW\ACTIVE_CAUSAL\6f8f445f22861a70ff797307.json
C:\RSOS\RSOS_CANONICAL_EXPERIMENT_CHAIN\033_EXP-016__WF2_Prospective_Cross_System_Confirmation\04_RAW\SOURCE\ACTIVE_CAUSAL\6fca9061f256265e501cc63c.json,3374,65ecf75472aa7b31fb466d33ba8a6ae2d50358be17259f811fb91bbc0901e466,C:\RSOS\RSOS_EXPERIMENTS_WF2_PROSPECTIVE_CROSS_SYSTEM_CONFIRMATION\04_RAW\ACTIVE_CAUSAL\6fca9061f256265e501cc63c.json
C:\RSOS\RSOS_CANONICAL_EXPERIMENT_CHAIN\033_EXP-016__WF2_Prospective_Cross_System_Confirmation\04_RAW\SOURCE\ACTIVE_CAUSAL\6feba4d265f8ec4a6db82b66.json,1876,11e7b6027cba2d31275f638ae68e5ea7198de1e451532b72ca986013d9af54d3,C:\RSOS\RSOS_EXPERIMENTS_WF2_PROSPECTIVE_CROSS_SYSTEM_CONFIRMATION\04_RAW\ACTIVE_CAUSAL\6feba4d265f8ec4a6db82b66.json
C:\RSOS\RSOS_CANONICAL_EXPERIMENT_CHAIN\033_EXP-016__WF2_Prospective_Cross_System_Confirmation\04_RAW\SOURCE\ACTIVE_CAUSAL\6ffa37634752737182150589.json,1981,291cffea4c9765db41a479fc8de63c404973833cc577e79cbbe88754da59013e,C:\RSOS\RSOS_EXPERIMENTS_WF2_PROSPECTIVE_CROSS_SYSTEM_CONFIRMATION\04_RAW\ACTIVE_CAUSAL\6ffa37634752737182150589.json
C:\RSOS\RSOS_CANONICAL_EXPERIMENT_CHAIN\033_EXP-016__WF2_Prospective_Cross_System_Confirmation\04_RAW\SOURCE\ACTIVE_CAUSAL\701de615e3be3c1e69247085.json,1981,f61fd95ebce7d036d4da82c69caeda9fbf7d90899fb2327d9a377c1356e1efdc,C:\RSOS\RSOS_EXPERIMENTS_WF2_PROSPECTIVE_CROSS_SYSTEM_CONFIRMATION\04_RAW\ACTIVE_CAUSAL\701de615e3be3c1e69247085.json
C:\RSOS\RSOS_CANONICAL_EXPERIMENT_CHAIN\033_EXP-016__WF2_Prospective_Cross_System_Confirmation\04_RAW\SOURCE\ACTIVE_CAUSAL\7039828f1a2f28e40672957f.json,3374,84d32ce1829a7dd05bea22c0dfa18e1acddd4fd8d6419e6dfa1d5cd143fd01f8,C:\RSOS\RSOS_EXPERIMENTS_WF2_PROSPECTIVE_CROSS_SYSTEM_CONFIRMATION\04_RAW\ACTIVE_CAUSAL\7039828f1a2f28e40672957f.json
C:\RSOS\RSOS_CANONICAL_EXPERIMENT_CHAIN\033_EXP-016__WF2_Prospective_Cross_System_Confirmation\04_RAW\SOURCE\ACTIVE_CAUSAL\7065d2762d1921a0eadbd275.json,1827,602103fcb0d4f3ac4448aa53ee31641b81cc9e86acafab21a1c8fbfbd91210c1,C:\RSOS\RSOS_EXPERIMENTS_WF2_PROSPECTIVE_CROSS_SYSTEM_CONFIRMATION\04_RAW\ACTIVE_CAUSAL\7065d2762d1921a0eadbd275.json
C:\RSOS\RSOS_CANONICAL_EXPERIMENT_CHAIN\033_EXP-016__WF2_Prospective_Cross_System_Confirmation\04_RAW\SOURCE\ACTIVE_CAUSAL\70ed7947b646164682f4efea.json,3385,77e7fbf8e210365bb43f5d81a0b2dd238a08bab9c0dbca4945a4acad16bd4e35,C:\RSOS\RSOS_EXPERIMENTS_WF2_PROSPECTIVE_CROSS_SYSTEM_CONFIRMATION\04_RAW\ACTIVE_CAUSAL\70ed7947b646164682f4efea.json
C:\RSOS\RSOS_CANONICAL_EXPERIMENT_CHAIN\033_EXP-016__WF2_Prospective_Cross_System_Confirmation\04_RAW\SOURCE\ACTIVE_CAUSAL\710becc38693bdc408d4c6bf.json,3375,aa6833ed69b7bf80cec0783f309e1a15218610e07e1cd4f887dccc0ff7b07d7c,C:\RSOS\RSOS_EXPERIMENTS_WF2_PROSPECTIVE_CROSS_SYSTEM_CONFIRMATION\04_RAW\ACTIVE_CAUSAL\710becc38693bdc408d4c6bf.json
C:\RSOS\RSOS_CANONICAL_EXPERIMENT_CHAIN\033_EXP-016__WF2_Prospective_Cross_System_Confirmation\04_RAW\SOURCE\ACTIVE_CAUSAL\7112ea32f6026fef4e47b676.json,3374,4b06f7536da02c3b9b02f1b0ee1060ec4e1a9babe627756dab7cf2b3756a8c59,C:\RSOS\RSOS_EXPERIMENTS_WF2_PROSPECTIVE_CROSS_SYSTEM_CONFIRMATION\04_RAW\ACTIVE_CAUSAL\7112ea32f6026fef4e47b676.json
C:\RSOS\RSOS_CANONICAL_EXPERIMENT_CHAIN\033_EXP-016__WF2_Prospective_Cross_System_Confirmation\04_RAW\SOURCE\ACTIVE_CAUSAL\71244fc69083f4c277dc0d7a.json,1827,d3087718010bde8c41f50ecee41ce840fdc0fecb776eaf397abdf82effef82e3,C:\RSOS\RSOS_EXPERIMENTS_WF2_PROSPECTIVE_CROSS_SYSTEM_CONFIRMATION\04_RAW\ACTIVE_CAUSAL\71244fc69083f4c277dc0d7a.json
C:\RSOS\RSOS_CANONICAL_EXPERIMENT_CHAIN\033_EXP-016__WF2_Prospective_Cross_System_Confirmation\04_RAW\SOURCE\ACTIVE_CAUSAL\7145bc74a5545fee96a521e1.json,3383,63d7059d8c68ff17cbccf11d27027f3672bab4ffe4bb1acdcb4f2bf3efdc2aaf,C:\RSOS\RSOS_EXPERIMENTS_WF2_PROSPECTIVE_CROSS_SYSTEM_CONFIRMATION\04_RAW\ACTIVE_CAUSAL\7145bc74a5545fee96a521e1.json
C:\RSOS\RSOS_CANONICAL_EXPERIMENT_CHAIN\033_EXP-016__WF2_Prospective_Cross_System_Confirmation\04_RAW\SOURCE\ACTIVE_CAUSAL\718a141396dc2bf06a9f05ed.json,1842,a99cfdee298d5f742801859273b1a7b7916e084aea3b960129e5c76dd2b4f8cc,C:\RSOS\RSOS_EXPERIMENTS_WF2_PROSPECTIVE_CROSS_SYSTEM_CONFIRMATION\04_RAW\ACTIVE_CAUSAL\718a141396dc2bf06a9f05ed.json
C:\RSOS\RSOS_CANONICAL_EXPERIMENT_CHAIN\033_EXP-016__WF2_Prospective_Cross_System_Confirmation\04_RAW\SOURCE\ACTIVE_CAUSAL\71cb133b0c328669bf673493.json,1992,f416cf2a42c9616430df78967a961e12a44722c74273103fa8883d7c752c5302,C:\RSOS\RSOS_EXPERIMENTS_WF2_PROSPECTIVE_CROSS_SYSTEM_CONFIRMATION\04_RAW\ACTIVE_CAUSAL\71cb133b0c328669bf673493.json
C:\RSOS\RSOS_CANONICAL_EXPERIMENT_CHAIN\033_EXP-016__WF2_Prospective_Cross_System_Confirmation\04_RAW\SOURCE\ACTIVE_CAUSAL\725b874a1abd148d9a75965e.json,3385,76befcc4b0ead0a085ce4a0a8c7b984f0e8581ee113edb2a435d0f4c8c0180a8,C:\RSOS\RSOS_EXPERIMENTS_WF2_PROSPECTIVE_CROSS_SYSTEM_CONFIRMATION\04_RAW\ACTIVE_CAUSAL\725b874a1abd148d9a75965e.json
C:\RSOS\RSOS_CANONICAL_EXPERIMENT_CHAIN\033_EXP-016__WF2_Prospective_Cross_System_Confirmation\04_RAW\SOURCE\ACTIVE_CAUSAL\73464322f611384ed9be1f31.json,1996,8e383440604cf198a1092cfca7f0acc71261369186c90a40e718a1faca3dceaf,C:\RSOS\RSOS_EXPERIMENTS_WF2_PROSPECTIVE_CROSS_SYSTEM_CONFIRMATION\04_RAW\ACTIVE_CAUSAL\73464322f611384ed9be1f31.json
C:\RSOS\RSOS_CANONICAL_EXPERIMENT_CHAIN\033_EXP-016__WF2_Prospective_Cross_System_Confirmation\04_RAW\SOURCE\ACTIVE_CAUSAL\734804d4654e15cd39f22620.json,1991,6acec4f1fad868428a8c261c3ba1100f24077ba24750543c04329e4bdfc656ec,C:\RSOS\RSOS_EXPERIMENTS_WF2_PROSPECTIVE_CROSS_SYSTEM_CONFIRMATION\04_RAW\ACTIVE_CAUSAL\734804d4654e15cd39f22620.json
C:\RSOS\RSOS_CANONICAL_EXPERIMENT_CHAIN\033_EXP-016__WF2_Prospective_Cross_System_Confirmation\04_RAW\SOURCE\ACTIVE_CAUSAL\736938f359fdce97a37b0f5f.json,3381,456a1b96bf9a0ad647e30674b240134618cbc7302b6b925c3893a7b1366b19e4,C:\RSOS\RSOS_EXPERIMENTS_WF2_PROSPECTIVE_CROSS_SYSTEM_CONFIRMATION\04_RAW\ACTIVE_CAUSAL\736938f359fdce97a37b0f5f.json
C:\RSOS\RSOS_CANONICAL_EXPERIMENT_CHAIN\033_EXP-016__WF2_Prospective_Cross_System_Confirmation\04_RAW\SOURCE\ACTIVE_CAUSAL\736ba1341b86df013049ab41.json,3389,7d3556ccb3c1383ec045151eab990cb9c752966840def8b0315ca5b3e1d46ae4,C:\RSOS\RSOS_EXPERIMENTS_WF2_PROSPECTIVE_CROSS_SYSTEM_CONFIRMATION\04_RAW\ACTIVE_CAUSAL\736ba1341b86df013049ab41.json
C:\RSOS\RSOS_CANONICAL_EXPERIMENT_CHAIN\033_EXP-016__WF2_Prospective_Cross_System_Confirmation\04_RAW\SOURCE\ACTIVE_CAUSAL\73b59e7a5575cb07f96e830e.json,1982,cd7e1a57be8db27b25c7cbbbb5b67d1164de0c4f4ed9bcf170d3c5092e3d78f4,C:\RSOS\RSOS_EXPERIMENTS_WF2_PROSPECTIVE_CROSS_SYSTEM_CONFIRMATION\04_RAW\ACTIVE_CAUSAL\73b59e7a5575cb07f96e830e.json
C:\RSOS\RSOS_CANONICAL_EXPERIMENT_CHAIN\033_EXP-016__WF2_Prospective_Cross_System_Confirmation\04_RAW\SOURCE\ACTIVE_CAUSAL\73cdd6da683d750b436605a8.json,1982,88fd2e6ead269486912166b9011937f552ca4be207bbdecafce51d953cae7194,C:\RSOS\RSOS_EXPERIMENTS_WF2_PROSPECTIVE_CROSS_SYSTEM_CONFIRMATION\04_RAW\ACTIVE_CAUSAL\73cdd6da683d750b436605a8.json
C:\RSOS\RSOS_CANONICAL_EXPERIMENT_CHAIN\033_EXP-016__WF2_Prospective_Cross_System_Confirmation\04_RAW\SOURCE\ACTIVE_CAUSAL\73efa1429890933fe4c9b04d.json,3376,1691d9b1ebfee0165e217fd4e27dd949ad22b54ed2123c7725907ae50e7574a2,C:\RSOS\RSOS_EXPERIMENTS_WF2_PROSPECTIVE_CROSS_SYSTEM_CONFIRMATION\04_RAW\ACTIVE_CAUSAL\73efa1429890933fe4c9b04d.json
C:\RSOS\RSOS_CANONICAL_EXPERIMENT_CHAIN\033_EXP-016__WF2_Prospective_Cross_System_Confirmation\04_RAW\SOURCE\ACTIVE_CAUSAL\740d4db3e47b85767facdcd4.json,1833,8c67f39add341fdda0eec2e63e290f38593c457ac4943339e502a5feb83eb746,C:\RSOS\RSOS_EXPERIMENTS_WF2_PROSPECTIVE_CROSS_SYSTEM_CONFIRMATION\04_RAW\ACTIVE_CAUSAL\740d4db3e47b85767facdcd4.json
C:\RSOS\RSOS_CANONICAL_EXPERIMENT_CHAIN\033_EXP-016__WF2_Prospective_Cross_System_Confirmation\04_RAW\SOURCE\ACTIVE_CAUSAL\743936901f61cfceca0f5d20.json,1982,16c2654cba15d77aca26f508a64d335b0079e3e85c95fe86251d1f20f8de5592,C:\RSOS\RSOS_EXPERIMENTS_WF2_PROSPECTIVE_CROSS_SYSTEM_CONFIRMATION\04_RAW\ACTIVE_CAUSAL\743936901f61cfceca0f5d20.json
C:\RSOS\RSOS_CANONICAL_EXPERIMENT_CHAIN\033_EXP-016__WF2_Prospective_Cross_System_Confirmation\04_RAW\SOURCE\ACTIVE_CAUSAL\744a0d3a21442e10910cbe9c.json,1981,adeb53115a35b7be74c461ff4b76f44d4514c71b40be659768179e790cd96ff8,C:\RSOS\RSOS_EXPERIMENTS_WF2_PROSPECTIVE_CROSS_SYSTEM_CONFIRMATION\04_RAW\ACTIVE_CAUSAL\744a0d3a21442e10910cbe9c.json
C:\RSOS\RSOS_CANONICAL_EXPERIMENT_CHAIN\033_EXP-016__WF2_Prospective_Cross_System_Confirmation\04_RAW\SOURCE\ACTIVE_CAUSAL\74603b7df60f70feb7cfb04c.json,1981,0cc219d3394afc3585fbaaf1fbfb0596590a5f56c05aa90f1b1d62c2b469afcf,C:\RSOS\RSOS_EXPERIMENTS_WF2_PROSPECTIVE_CROSS_SYSTEM_CONFIRMATION\04_RAW\ACTIVE_CAUSAL\74603b7df60f70feb7cfb04c.json
C:\RSOS\RSOS_CANONICAL_EXPERIMENT_CHAIN\033_EXP-016__WF2_Prospective_Cross_System_Confirmation\04_RAW\SOURCE\ACTIVE_CAUSAL\749b86958c444b77e1a18a03.json,1981,7d0c597cd4f358659a6888ee1ac798575bffa8bb81c89e0ee83ff3b8c47ab51d,C:\RSOS\RSOS_EXPERIMENTS_WF2_PROSPECTIVE_CROSS_SYSTEM_CONFIRMATION\04_RAW\ACTIVE_CAUSAL\749b86958c444b77e1a18a03.json
C:\RSOS\RSOS_CANONICAL_EXPERIMENT_CHAIN\033_EXP-016__WF2_Prospective_Cross_System_Confirmation\04_RAW\SOURCE\ACTIVE_CAUSAL\74ca85af5f77f2b102f1e3aa.json,3383,ad484212c5e52d8625c100a2c278176004c6505a46f7e77631ed2433224f7321,C:\RSOS\RSOS_EXPERIMENTS_WF2_PROSPECTIVE_CROSS_SYSTEM_CONFIRMATION\04_RAW\ACTIVE_CAUSAL\74ca85af5f77f2b102f1e3aa.json
C:\RSOS\RSOS_CANONICAL_EXPERIMENT_CHAIN\033_EXP-016__WF2_Prospective_Cross_System_Confirmation\04_RAW\SOURCE\ACTIVE_CAUSAL\74ce91eedf9034a5b0da77ba.json,3375,3b30073713b7f6aa75bc56eb52d245fae8dbccdc7365607af4fc30082eb99adb,C:\RSOS\RSOS_EXPERIMENTS_WF2_PROSPECTIVE_CROSS_SYSTEM_CONFIRMATION\04_RAW\ACTIVE_CAUSAL\74ce91eedf9034a5b0da77ba.json
C:\RSOS\RSOS_CANONICAL_EXPERIMENT_CHAIN\033_EXP-016__WF2_Prospective_Cross_System_Confirmation\04_RAW\SOURCE\ACTIVE_CAUSAL\74cf336d8babeba647d632ad.json,1827,bc826ecfce65e502be9d8dfa0dbc812fec02bf003e2ab33d4c458bb05ce875bb,C:\RSOS\RSOS_EXPERIMENTS_WF2_PROSPECTIVE_CROSS_SYSTEM_CONFIRMATION\04_RAW\ACTIVE_CAUSAL\74cf336d8babeba647d632ad.json
C:\RSOS\RSOS_CANONICAL_EXPERIMENT_CHAIN\033_EXP-016__WF2_Prospective_Cross_System_Confirmation\04_RAW\SOURCE\ACTIVE_CAUSAL\74df636b28e9ec6a043f2361.json,1826,d16e4d15415d37c528909aa8820b77b18ab33aa54f2558b78f155eeff48db2d9,C:\RSOS\RSOS_EXPERIMENTS_WF2_PROSPECTIVE_CROSS_SYSTEM_CONFIRMATION\04_RAW\ACTIVE_CAUSAL\74df636b28e9ec6a043f2361.json
C:\RSOS\RSOS_CANONICAL_EXPERIMENT_CHAIN\033_EXP-016__WF2_Prospective_Cross_System_Confirmation\04_RAW\SOURCE\ACTIVE_CAUSAL\74f764ee9fb85b60cb008f17.json,3375,5415ad5aca5d5fc14937c5a5def9ebd12572e26b414f4b7a3c320e4b9e1edf37,C:\RSOS\RSOS_EXPERIMENTS_WF2_PROSPECTIVE_CROSS_SYSTEM_CONFIRMATION\04_RAW\ACTIVE_CAUSAL\74f764ee9fb85b60cb008f17.json
C:\RSOS\RSOS_CANONICAL_EXPERIMENT_CHAIN\033_EXP-016__WF2_Prospective_Cross_System_Confirmation\04_RAW\SOURCE\ACTIVE_CAUSAL\7523177025ae57e8b54a621f.json,1753,732fd9f180736d43b39acc8f2f76c426adca7efd7b7da7864284723f5addf0a6,C:\RSOS\RSOS_EXPERIMENTS_WF2_PROSPECTIVE_CROSS_SYSTEM_CONFIRMATION\04_RAW\ACTIVE_CAUSAL\7523177025ae57e8b54a621f.json
C:\RSOS\RSOS_CANONICAL_EXPERIMENT_CHAIN\033_EXP-016__WF2_Prospective_Cross_System_Confirmation\04_RAW\SOURCE\ACTIVE_CAUSAL\752aa2bf2eae3cf7fa70cbed.json,3375,a66b8710f26bb45cbf6adce474bdca61275cd36bff3969db7a8f82a3f7f20539,C:\RSOS\RSOS_EXPERIMENTS_WF2_PROSPECTIVE_CROSS_SYSTEM_CONFIRMATION\04_RAW\ACTIVE_CAUSAL\752aa2bf2eae3cf7fa70cbed.json
C:\RSOS\RSOS_CANONICAL_EXPERIMENT_CHAIN\033_EXP-016__WF2_Prospective_Cross_System_Confirmation\04_RAW\SOURCE\ACTIVE_CAUSAL\7582a7979cffd22a692563eb.json,1981,6a9705acc2d1b481461ca0e12e2e1420866f156e0cee583fd329cf4d25f212a3,C:\RSOS\RSOS_EXPERIMENTS_WF2_PROSPECTIVE_CROSS_SYSTEM_CONFIRMATION\04_RAW\ACTIVE_CAUSAL\7582a7979cffd22a692563eb.json
C:\RSOS\RSOS_CANONICAL_EXPERIMENT_CHAIN\033_EXP-016__WF2_Prospective_Cross_System_Confirmation\04_RAW\SOURCE\ACTIVE_CAUSAL\75866f7ac6019f507367801e.json,1827,db96027f85548522da0b35ebf87848240892aac1bf308aa577d046089d141c89,C:\RSOS\RSOS_EXPERIMENTS_WF2_PROSPECTIVE_CROSS_SYSTEM_CONFIRMATION\04_RAW\ACTIVE_CAUSAL\75866f7ac6019f507367801e.json
C:\RSOS\RSOS_CANONICAL_EXPERIMENT_CHAIN\033_EXP-016__WF2_Prospective_Cross_System_Confirmation\04_RAW\SOURCE\ACTIVE_CAUSAL\75a6bf887767e856df998b20.json,3385,2b5ff2f0124495e2bf89f5d5a02da74f190f0daa9ea1adf2b7042a05bf4c8f12,C:\RSOS\RSOS_EXPERIMENTS_WF2_PROSPECTIVE_CROSS_SYSTEM_CONFIRMATION\04_RAW\ACTIVE_CAUSAL\75a6bf887767e856df998b20.json
C:\RSOS\RSOS_CANONICAL_EXPERIMENT_CHAIN\033_EXP-016__WF2_Prospective_Cross_System_Confirmation\04_RAW\SOURCE\ACTIVE_CAUSAL\75a96310a325a6756cb4976e.json,1982,c79f429004fe62f6f4a65b01a7dce34a626b47e72f357bb0931bdbff15a9a5b6,C:\RSOS\RSOS_EXPERIMENTS_WF2_PROSPECTIVE_CROSS_SYSTEM_CONFIRMATION\04_RAW\ACTIVE_CAUSAL\75a96310a325a6756cb4976e.json
C:\RSOS\RSOS_CANONICAL_EXPERIMENT_CHAIN\033_EXP-016__WF2_Prospective_Cross_System_Confirmation\04_RAW\SOURCE\ACTIVE_CAUSAL\75b7f09f8941aa5cd146a256.json,3374,dfecb1060c8a7b7314cd93207bc3ecc4a4256af9d83fd986eba840ab87062699,C:\RSOS\RSOS_EXPERIMENTS_WF2_PROSPECTIVE_CROSS_SYSTEM_CONFIRMATION\04_RAW\ACTIVE_CAUSAL\75b7f09f8941aa5cd146a256.json
C:\RSOS\RSOS_CANONICAL_EXPERIMENT_CHAIN\033_EXP-016__WF2_Prospective_Cross_System_Confirmation\04_RAW\SOURCE\ACTIVE_CAUSAL\75ca676be32d669195cc91e0.json,3385,8adc348dc02efbf40aa03b52e0eabc0e36761825b65d1b8eb87065a6d06aa786,C:\RSOS\RSOS_EXPERIMENTS_WF2_PROSPECTIVE_CROSS_SYSTEM_CONFIRMATION\04_RAW\ACTIVE_CAUSAL\75ca676be32d669195cc91e0.json
C:\RSOS\RSOS_CANONICAL_EXPERIMENT_CHAIN\033_EXP-016__WF2_Prospective_Cross_System_Confirmation\04_RAW\SOURCE\ACTIVE_CAUSAL\760d12f9432ea91ef5857475.json,1982,4cbf62902a9de40ec0f59ee5764c2f03dd99e820b1a1ec327c2c750f723e71b1,C:\RSOS\RSOS_EXPERIMENTS_WF2_PROSPECTIVE_CROSS_SYSTEM_CONFIRMATION\04_RAW\ACTIVE_CAUSAL\760d12f9432ea91ef5857475.json
C:\RSOS\RSOS_CANONICAL_EXPERIMENT_CHAIN\033_EXP-016__WF2_Prospective_Cross_System_Confirmation\04_RAW\SOURCE\ACTIVE_CAUSAL\761ca95f03c7a67a614bb559.json,1828,70fee8347303368056b3ff6e7fb537d838b2fd1d158f2c855bc4fe02e19c997a,C:\RSOS\RSOS_EXPERIMENTS_WF2_PROSPECTIVE_CROSS_SYSTEM_CONFIRMATION\04_RAW\ACTIVE_CAUSAL\761ca95f03c7a67a614bb559.json
C:\RSOS\RSOS_CANONICAL_EXPERIMENT_CHAIN\033_EXP-016__WF2_Prospective_Cross_System_Confirmation\04_RAW\SOURCE\ACTIVE_CAUSAL\7627afa5aaee3f2558db9b6c.json,1982,d1bae34ecfd2b2ea1a728cb83b873727c24506ba805e1980424d2521885e8903,C:\RSOS\RSOS_EXPERIMENTS_WF2_PROSPECTIVE_CROSS_SYSTEM_CONFIRMATION\04_RAW\ACTIVE_CAUSAL\7627afa5aaee3f2558db9b6c.json
C:\RSOS\RSOS_CANONICAL_EXPERIMENT_CHAIN\033_EXP-016__WF2_Prospective_Cross_System_Confirmation\04_RAW\SOURCE\ACTIVE_CAUSAL\762fca13260da1a4d75e8be5.json,1995,4a3ffc4b3d94c2b41e20cf7bc0ca36c98d58bd881f4be4996bb038ac50feb747,C:\RSOS\RSOS_EXPERIMENTS_WF2_PROSPECTIVE_CROSS_SYSTEM_CONFIRMATION\04_RAW\ACTIVE_CAUSAL\762fca13260da1a4d75e8be5.json
C:\RSOS\RSOS_CANONICAL_EXPERIMENT_CHAIN\033_EXP-016__WF2_Prospective_Cross_System_Confirmation\04_RAW\SOURCE\ACTIVE_CAUSAL\765f9db8d1ea1af07a1aef0c.json,1981,ac0f845f5fb6570a563a6ef4c6a6a50588ef1061cef503c0e1be8735e9981406,C:\RSOS\RSOS_EXPERIMENTS_WF2_PROSPECTIVE_CROSS_SYSTEM_CONFIRMATION\04_RAW\ACTIVE_CAUSAL\765f9db8d1ea1af07a1aef0c.json
C:\RSOS\RSOS_CANONICAL_EXPERIMENT_CHAIN\033_EXP-016__WF2_Prospective_Cross_System_Confirmation\04_RAW\SOURCE\ACTIVE_CAUSAL\765fd5e5dea3f3263885cef0.json,3374,524a71464ff073c8892f473660356a0e76b6416f5fe2bdd73605c3e241f21361,C:\RSOS\RSOS_EXPERIMENTS_WF2_PROSPECTIVE_CROSS_SYSTEM_CONFIRMATION\04_RAW\ACTIVE_CAUSAL\765fd5e5dea3f3263885cef0.json
C:\RSOS\RSOS_CANONICAL_EXPERIMENT_CHAIN\033_EXP-016__WF2_Prospective_Cross_System_Confirmation\04_RAW\SOURCE\ACTIVE_CAUSAL\7682ef9ed29f943d44f0507c.json,3374,7a395879a1ff42d5581f54e5b16656b15c7bc05fe0387ea74bb05f35c0907613,C:\RSOS\RSOS_EXPERIMENTS_WF2_PROSPECTIVE_CROSS_SYSTEM_CONFIRMATION\04_RAW\ACTIVE_CAUSAL\7682ef9ed29f943d44f0507c.json
C:\RSOS\RSOS_CANONICAL_EXPERIMENT_CHAIN\033_EXP-016__WF2_Prospective_Cross_System_Confirmation\04_RAW\SOURCE\ACTIVE_CAUSAL\76a6245946ba22bf9d85a818.json,1829,f40c6494e05708eedc73ec33129b00a0a6681d9cda2575bd3f8e6e32078b1298,C:\RSOS\RSOS_EXPERIMENTS_WF2_PROSPECTIVE_CROSS_SYSTEM_CONFIRMATION\04_RAW\ACTIVE_CAUSAL\76a6245946ba22bf9d85a818.json
C:\RSOS\RSOS_CANONICAL_EXPERIMENT_CHAIN\033_EXP-016__WF2_Prospective_Cross_System_Confirmation\04_RAW\SOURCE\ACTIVE_CAUSAL\76adf0c2fa6fc246ab96d5ea.json,2440,1e1b97a175f1a5b245938ca70bc69a14b2d7c8cc381a204d620e02663bf77012,C:\RSOS\RSOS_EXPERIMENTS_WF2_PROSPECTIVE_CROSS_SYSTEM_CONFIRMATION\04_RAW\ACTIVE_CAUSAL\76adf0c2fa6fc246ab96d5ea.json
C:\RSOS\RSOS_CANONICAL_EXPERIMENT_CHAIN\033_EXP-016__WF2_Prospective_Cross_System_Confirmation\04_RAW\SOURCE\ACTIVE_CAUSAL\76b04bf61817aa4d9297b2db.json,3375,415ac38d8bd0029f8787061306da219296b9512097b6dec1c5bcd4e123295546,C:\RSOS\RSOS_EXPERIMENTS_WF2_PROSPECTIVE_CROSS_SYSTEM_CONFIRMATION\04_RAW\ACTIVE_CAUSAL\76b04bf61817aa4d9297b2db.json
C:\RSOS\RSOS_CANONICAL_EXPERIMENT_CHAIN\033_EXP-016__WF2_Prospective_Cross_System_Confirmation\04_RAW\SOURCE\ACTIVE_CAUSAL\76b35f4253794d10d89b441e.json,3375,95ba02105c93806cb9a43ae1145ad93abb7d16a6a3a57044a48662cc9569049b,C:\RSOS\RSOS_EXPERIMENTS_WF2_PROSPECTIVE_CROSS_SYSTEM_CONFIRMATION\04_RAW\ACTIVE_CAUSAL\76b35f4253794d10d89b441e.json
C:\RSOS\RSOS_CANONICAL_EXPERIMENT_CHAIN\033_EXP-016__WF2_Prospective_Cross_System_Confirmation\04_RAW\SOURCE\ACTIVE_CAUSAL\76c69bdeb59cfb933ffc0312.json,3374,26afefdb305d61d60cc5625028b4e7ac2ec2e739cb1486f93dd002dbaed9124b,C:\RSOS\RSOS_EXPERIMENTS_WF2_PROSPECTIVE_CROSS_SYSTEM_CONFIRMATION\04_RAW\ACTIVE_CAUSAL\76c69bdeb59cfb933ffc0312.json
C:\RSOS\RSOS_CANONICAL_EXPERIMENT_CHAIN\033_EXP-016__WF2_Prospective_Cross_System_Confirmation\04_RAW\SOURCE\ACTIVE_CAUSAL\76de9151078fa117d9f7f7e0.json,1835,12378d5d59af841424f2f3ee6036117dee1dd85ee82fa9a5fca70b783b04fbb4,C:\RSOS\RSOS_EXPERIMENTS_WF2_PROSPECTIVE_CROSS_SYSTEM_CONFIRMATION\04_RAW\ACTIVE_CAUSAL\76de9151078fa117d9f7f7e0.json
C:\RSOS\RSOS_CANONICAL_EXPERIMENT_CHAIN\033_EXP-016__WF2_Prospective_Cross_System_Confirmation\04_RAW\SOURCE\ACTIVE_CAUSAL\76e18e3f307559dbbcc0664b.json,3384,e584f03f855f8b6c29c765df2f8dc2785f597a8c1d0a254daa9243ea56359968,C:\RSOS\RSOS_EXPERIMENTS_WF2_PROSPECTIVE_CROSS_SYSTEM_CONFIRMATION\04_RAW\ACTIVE_CAUSAL\76e18e3f307559dbbcc0664b.json
C:\RSOS\RSOS_CANONICAL_EXPERIMENT_CHAIN\033_EXP-016__WF2_Prospective_Cross_System_Confirmation\04_RAW\SOURCE\ACTIVE_CAUSAL\77437863581e7002a68995fe.json,3253,432427678f7ab61b77630ee1790b999fdc356fea6b92651c9d9a822caf86bac4,C:\RSOS\RSOS_EXPERIMENTS_WF2_PROSPECTIVE_CROSS_SYSTEM_CONFIRMATION\04_RAW\ACTIVE_CAUSAL\77437863581e7002a68995fe.json
C:\RSOS\RSOS_CANONICAL_EXPERIMENT_CHAIN\033_EXP-016__WF2_Prospective_Cross_System_Confirmation\04_RAW\SOURCE\ACTIVE_CAUSAL\77637873da7f8efce810018c.json,3383,46d4e8e6bf701f60dfd66a0f1db44b458129cca528fd3365e295b407f78ef500,C:\RSOS\RSOS_EXPERIMENTS_WF2_PROSPECTIVE_CROSS_SYSTEM_CONFIRMATION\04_RAW\ACTIVE_CAUSAL\77637873da7f8efce810018c.json
C:\RSOS\RSOS_CANONICAL_EXPERIMENT_CHAIN\033_EXP-016__WF2_Prospective_Cross_System_Confirmation\04_RAW\SOURCE\ACTIVE_CAUSAL\77c0d5f9cbff91d3117ff42a.json,1981,cecde5cf2d1adac9033e4e230c79b2f33bceae43d522c549ff4a514e94987a8e,C:\RSOS\RSOS_EXPERIMENTS_WF2_PROSPECTIVE_CROSS_SYSTEM_CONFIRMATION\04_RAW\ACTIVE_CAUSAL\77c0d5f9cbff91d3117ff42a.json
C:\RSOS\RSOS_CANONICAL_EXPERIMENT_CHAIN\033_EXP-016__WF2_Prospective_Cross_System_Confirmation\04_RAW\SOURCE\ACTIVE_CAUSAL\77ccae92ee6057aed66d3846.json,1983,38712b90f85d3a43244caccae5b6c507972204da6550dbc65452abe31d4ae838,C:\RSOS\RSOS_EXPERIMENTS_WF2_PROSPECTIVE_CROSS_SYSTEM_CONFIRMATION\04_RAW\ACTIVE_CAUSAL\77ccae92ee6057aed66d3846.json
C:\RSOS\RSOS_CANONICAL_EXPERIMENT_CHAIN\033_EXP-016__WF2_Prospective_Cross_System_Confirmation\04_RAW\SOURCE\ACTIVE_CAUSAL\77d423c9055e62c72eb8d0e2.json,1980,a847bf794b14a8bf2bf5220f74da3490484cbf97e88f614f3e946197ba143d69,C:\RSOS\RSOS_EXPERIMENTS_WF2_PROSPECTIVE_CROSS_SYSTEM_CONFIRMATION\04_RAW\ACTIVE_CAUSAL\77d423c9055e62c72eb8d0e2.json
C:\RSOS\RSOS_CANONICAL_EXPERIMENT_CHAIN\033_EXP-016__WF2_Prospective_Cross_System_Confirmation\04_RAW\SOURCE\ACTIVE_CAUSAL\77f118a56b32dcecb2fe765b.json,1833,7e9de5c56b2d079adc19f6b7bbc503d76a87a04e3a0842f9ab34ce6d753ac481,C:\RSOS\RSOS_EXPERIMENTS_WF2_PROSPECTIVE_CROSS_SYSTEM_CONFIRMATION\04_RAW\ACTIVE_CAUSAL\77f118a56b32dcecb2fe765b.json
C:\RSOS\RSOS_CANONICAL_EXPERIMENT_CHAIN\033_EXP-016__WF2_Prospective_Cross_System_Confirmation\04_RAW\SOURCE\ACTIVE_CAUSAL\782fb826f658e8709bc681c8.json,3381,a56318655a79683da358882ecfe358e7c34a6d3de1ce13649bc67fd4e51b05ff,C:\RSOS\RSOS_EXPERIMENTS_WF2_PROSPECTIVE_CROSS_SYSTEM_CONFIRMATION\04_RAW\ACTIVE_CAUSAL\782fb826f658e8709bc681c8.json
C:\RSOS\RSOS_CANONICAL_EXPERIMENT_CHAIN\033_EXP-016__WF2_Prospective_Cross_System_Confirmation\04_RAW\SOURCE\ACTIVE_CAUSAL\78406ad33bca0fdbbe01a056.json,1827,ce4be228407ef95d36dcd75ad4204a4f4472ab014ecd1e5040eb0513ff4bf99d,C:\RSOS\RSOS_EXPERIMENTS_WF2_PROSPECTIVE_CROSS_SYSTEM_CONFIRMATION\04_RAW\ACTIVE_CAUSAL\78406ad33bca0fdbbe01a056.json
C:\RSOS\RSOS_CANONICAL_EXPERIMENT_CHAIN\033_EXP-016__WF2_Prospective_Cross_System_Confirmation\04_RAW\SOURCE\ACTIVE_CAUSAL\7887c614b6effe6aabf217c3.json,3384,d55ab2cd892d1680733475e7e3d8f51d5a5f73cb94d8dfd463101a7a18ddaca8,C:\RSOS\RSOS_EXPERIMENTS_WF2_PROSPECTIVE_CROSS_SYSTEM_CONFIRMATION\04_RAW\ACTIVE_CAUSAL\7887c614b6effe6aabf217c3.json
C:\RSOS\RSOS_CANONICAL_EXPERIMENT_CHAIN\033_EXP-016__WF2_Prospective_Cross_System_Confirmation\04_RAW\SOURCE\ACTIVE_CAUSAL\78eb3a342a08e5851d2449b5.json,3375,7f93e1602ce5d31c99043dd1b928ec7f15ab32818ead2fe2a16b71f8b596fee2,C:\RSOS\RSOS_EXPERIMENTS_WF2_PROSPECTIVE_CROSS_SYSTEM_CONFIRMATION\04_RAW\ACTIVE_CAUSAL\78eb3a342a08e5851d2449b5.json
C:\RSOS\RSOS_CANONICAL_EXPERIMENT_CHAIN\033_EXP-016__WF2_Prospective_Cross_System_Confirmation\04_RAW\SOURCE\ACTIVE_CAUSAL\7911d0b6967b62d19dd82e4d.json,2868,fe608cb627f873d31b34c7157b0492174bd046a7d94f432c1b8fd6a38a96f962,C:\RSOS\RSOS_EXPERIMENTS_WF2_PROSPECTIVE_CROSS_SYSTEM_CONFIRMATION\04_RAW\ACTIVE_CAUSAL\7911d0b6967b62d19dd82e4d.json
C:\RSOS\RSOS_CANONICAL_EXPERIMENT_CHAIN\033_EXP-016__WF2_Prospective_Cross_System_Confirmation\04_RAW\SOURCE\ACTIVE_CAUSAL\793e9e48d960a5de812a3e4d.json,1861,b5f6c3e21a9ac09e8f3b19e84e5dfbc4bccf18edcb4952abd664f4bfb5a26f89,C:\RSOS\RSOS_EXPERIMENTS_WF2_PROSPECTIVE_CROSS_SYSTEM_CONFIRMATION\04_RAW\ACTIVE_CAUSAL\793e9e48d960a5de812a3e4d.json
C:\RSOS\RSOS_CANONICAL_EXPERIMENT_CHAIN\033_EXP-016__WF2_Prospective_Cross_System_Confirmation\04_RAW\SOURCE\ACTIVE_CAUSAL\794d4c849f33f8a3328bf582.json,1876,2320d473f354a2aa331dece9dbeff2b96bfb9629ddb6afc6800f1962ab8f56f0,C:\RSOS\RSOS_EXPERIMENTS_WF2_PROSPECTIVE_CROSS_SYSTEM_CONFIRMATION\04_RAW\ACTIVE_CAUSAL\794d4c849f33f8a3328bf582.json
C:\RSOS\RSOS_CANONICAL_EXPERIMENT_CHAIN\033_EXP-016__WF2_Prospective_Cross_System_Confirmation\04_RAW\SOURCE\ACTIVE_CAUSAL\7956ebb7271f3394acfad713.json,1990,eae4c285194239098f42a6006274948797b37bcfc79b3aa7ffc59f83a3986825,C:\RSOS\RSOS_EXPERIMENTS_WF2_PROSPECTIVE_CROSS_SYSTEM_CONFIRMATION\04_RAW\ACTIVE_CAUSAL\7956ebb7271f3394acfad713.json
C:\RSOS\RSOS_CANONICAL_EXPERIMENT_CHAIN\033_EXP-016__WF2_Prospective_Cross_System_Confirmation\04_RAW\SOURCE\ACTIVE_CAUSAL\795e6308330501a501e2138f.json,3374,74bec58ac16019d9d51891d9f227286bfc9c704377aa558e8164d9955988ee9b,C:\RSOS\RSOS_EXPERIMENTS_WF2_PROSPECTIVE_CROSS_SYSTEM_CONFIRMATION\04_RAW\ACTIVE_CAUSAL\795e6308330501a501e2138f.json
C:\RSOS\RSOS_CANONICAL_EXPERIMENT_CHAIN\033_EXP-016__WF2_Prospective_Cross_System_Confirmation\04_RAW\SOURCE\ACTIVE_CAUSAL\7976a52b54cc3f7ef155c8ba.json,3374,c9a7967e60d7bcd7573270d1d2c48f059e51ae5a2ec552707fa01bb1cc7b1eef,C:\RSOS\RSOS_EXPERIMENTS_WF2_PROSPECTIVE_CROSS_SYSTEM_CONFIRMATION\04_RAW\ACTIVE_CAUSAL\7976a52b54cc3f7ef155c8ba.json
C:\RSOS\RSOS_CANONICAL_EXPERIMENT_CHAIN\033_EXP-016__WF2_Prospective_Cross_System_Confirmation\04_RAW\SOURCE\ACTIVE_CAUSAL\79ab54787252d7f4d110203f.json,1840,5c3f983fb61fc4276046e44a90b1620d2386882813f3dfd65ca0b3d9f6b3462e,C:\RSOS\RSOS_EXPERIMENTS_WF2_PROSPECTIVE_CROSS_SYSTEM_CONFIRMATION\04_RAW\ACTIVE_CAUSAL\79ab54787252d7f4d110203f.json
C:\RSOS\RSOS_CANONICAL_EXPERIMENT_CHAIN\033_EXP-016__WF2_Prospective_Cross_System_Confirmation\04_RAW\SOURCE\ACTIVE_CAUSAL\7a395b945177bde36c4d83de.json,1982,98fffc2e89d0f511ffa1eac0355e78a2825964068c337caf2ba6d88698333035,C:\RSOS\RSOS_EXPERIMENTS_WF2_PROSPECTIVE_CROSS_SYSTEM_CONFIRMATION\04_RAW\ACTIVE_CAUSAL\7a395b945177bde36c4d83de.json
C:\RSOS\RSOS_CANONICAL_EXPERIMENT_CHAIN\033_EXP-016__WF2_Prospective_Cross_System_Confirmation\04_RAW\SOURCE\ACTIVE_CAUSAL\7a88636c545567fe5e168ce5.json,3374,de20da7c3664c417a7512395acb043b8dbfaef26c917ecc0df30baf9b3368a9f,C:\RSOS\RSOS_EXPERIMENTS_WF2_PROSPECTIVE_CROSS_SYSTEM_CONFIRMATION\04_RAW\ACTIVE_CAUSAL\7a88636c545567fe5e168ce5.json
C:\RSOS\RSOS_CANONICAL_EXPERIMENT_CHAIN\033_EXP-016__WF2_Prospective_Cross_System_Confirmation\04_RAW\SOURCE\ACTIVE_CAUSAL\7a8f0472a6fac757d3a800a5.json,3383,6e64b4094113f4e259909e2f9512a5872ddfdc59ffa57e2345a7804d2fa00fe8,C:\RSOS\RSOS_EXPERIMENTS_WF2_PROSPECTIVE_CROSS_SYSTEM_CONFIRMATION\04_RAW\ACTIVE_CAUSAL\7a8f0472a6fac757d3a800a5.json
C:\RSOS\RSOS_CANONICAL_EXPERIMENT_CHAIN\033_EXP-016__WF2_Prospective_Cross_System_Confirmation\04_RAW\SOURCE\ACTIVE_CAUSAL\7ae61b419da2705d53398d55.json,1827,9cafc48c658656f7bcfd387215f51b5053a0cac346184457ea39549a87442dd9,C:\RSOS\RSOS_EXPERIMENTS_WF2_PROSPECTIVE_CROSS_SYSTEM_CONFIRMATION\04_RAW\ACTIVE_CAUSAL\7ae61b419da2705d53398d55.json
C:\RSOS\RSOS_CANONICAL_EXPERIMENT_CHAIN\033_EXP-016__WF2_Prospective_Cross_System_Confirmation\04_RAW\SOURCE\ACTIVE_CAUSAL\7b0c213a55855a58ddae7554.json,1776,af0848b3a8f8de088629ef90ec9ea3601bbf8b5351d9d63572a38f735668457d,C:\RSOS\RSOS_EXPERIMENTS_WF2_PROSPECTIVE_CROSS_SYSTEM_CONFIRMATION\04_RAW\ACTIVE_CAUSAL\7b0c213a55855a58ddae7554.json
C:\RSOS\RSOS_CANONICAL_EXPERIMENT_CHAIN\033_EXP-016__WF2_Prospective_Cross_System_Confirmation\04_RAW\SOURCE\ACTIVE_CAUSAL\7b14f08c7b0c5394a166e40e.json,3374,970c33ca51f845462bd679098ec558ef6966a89096e9c9ebfc156fba69ab3d1f,C:\RSOS\RSOS_EXPERIMENTS_WF2_PROSPECTIVE_CROSS_SYSTEM_CONFIRMATION\04_RAW\ACTIVE_CAUSAL\7b14f08c7b0c5394a166e40e.json
C:\RSOS\RSOS_CANONICAL_EXPERIMENT_CHAIN\033_EXP-016__WF2_Prospective_Cross_System_Confirmation\04_RAW\SOURCE\ACTIVE_CAUSAL\7b5305d26e050677bbfaad31.json,1826,2472e9ad63b1818549763d4e51362cc1e99e13ffb4613bf4adb1fbb4a83995fe,C:\RSOS\RSOS_EXPERIMENTS_WF2_PROSPECTIVE_CROSS_SYSTEM_CONFIRMATION\04_RAW\ACTIVE_CAUSAL\7b5305d26e050677bbfaad31.json
C:\RSOS\RSOS_CANONICAL_EXPERIMENT_CHAIN\033_EXP-016__WF2_Prospective_Cross_System_Confirmation\04_RAW\SOURCE\ACTIVE_CAUSAL\7b67e2c7ee29c16f87baf186.json,1841,4a6a074c2c096bf61c6ce3d117ad3f5bd5ae8215d8b23b45b00996eb7419e7ed,C:\RSOS\RSOS_EXPERIMENTS_WF2_PROSPECTIVE_CROSS_SYSTEM_CONFIRMATION\04_RAW\ACTIVE_CAUSAL\7b67e2c7ee29c16f87baf186.json
C:\RSOS\RSOS_CANONICAL_EXPERIMENT_CHAIN\033_EXP-016__WF2_Prospective_Cross_System_Confirmation\04_RAW\SOURCE\ACTIVE_CAUSAL\7b6c114c5f7821238c2af655.json,3375,b3943afb64f7690dcdec96bb16247b12d8179d491b188c32d5440cebd906bac1,C:\RSOS\RSOS_EXPERIMENTS_WF2_PROSPECTIVE_CROSS_SYSTEM_CONFIRMATION\04_RAW\ACTIVE_CAUSAL\7b6c114c5f7821238c2af655.json
C:\RSOS\RSOS_CANONICAL_EXPERIMENT_CHAIN\033_EXP-016__WF2_Prospective_Cross_System_Confirmation\04_RAW\SOURCE\ACTIVE_CAUSAL\7b6f4941f8b78b960acc5918.json,1981,ded56c57837a7f0d18e61882e72f5c63f9cf800473580d074cd695cbb604febe,C:\RSOS\RSOS_EXPERIMENTS_WF2_PROSPECTIVE_CROSS_SYSTEM_CONFIRMATION\04_RAW\ACTIVE_CAUSAL\7b6f4941f8b78b960acc5918.json
C:\RSOS\RSOS_CANONICAL_EXPERIMENT_CHAIN\033_EXP-016__WF2_Prospective_Cross_System_Confirmation\04_RAW\SOURCE\ACTIVE_CAUSAL\7bc55c65a481d6db4f83667d.json,3374,c6c7e4869428a77703cbaf02f276445d3438299a57451a086450924c3d2cc7b0,C:\RSOS\RSOS_EXPERIMENTS_WF2_PROSPECTIVE_CROSS_SYSTEM_CONFIRMATION\04_RAW\ACTIVE_CAUSAL\7bc55c65a481d6db4f83667d.json
C:\RSOS\RSOS_CANONICAL_EXPERIMENT_CHAIN\033_EXP-016__WF2_Prospective_Cross_System_Confirmation\04_RAW\SOURCE\ACTIVE_CAUSAL\7bc64718692b06e60127512f.json,1753,5c2b06cc47e611ed519b513f653b683839e16db760450cecfe3c1fadd2014ec2,C:\RSOS\RSOS_EXPERIMENTS_WF2_PROSPECTIVE_CROSS_SYSTEM_CONFIRMATION\04_RAW\ACTIVE_CAUSAL\7bc64718692b06e60127512f.json
C:\RSOS\RSOS_CANONICAL_EXPERIMENT_CHAIN\033_EXP-016__WF2_Prospective_Cross_System_Confirmation\04_RAW\SOURCE\ACTIVE_CAUSAL\7bd2fe4dfb05f606bfd147a0.json,3374,b1348e0c1547fa48ee348bc53737c4412af8bcbe8996bc5a74b027a0896f33ae,C:\RSOS\RSOS_EXPERIMENTS_WF2_PROSPECTIVE_CROSS_SYSTEM_CONFIRMATION\04_RAW\ACTIVE_CAUSAL\7bd2fe4dfb05f606bfd147a0.json
C:\RSOS\RSOS_CANONICAL_EXPERIMENT_CHAIN\033_EXP-016__WF2_Prospective_Cross_System_Confirmation\04_RAW\SOURCE\ACTIVE_CAUSAL\7be6577f6cb6378165ac357c.json,1837,ed0235e8f60a48addedcd5de7563390d683a42a96075de8be2d6871c8289af67,C:\RSOS\RSOS_EXPERIMENTS_WF2_PROSPECTIVE_CROSS_SYSTEM_CONFIRMATION\04_RAW\ACTIVE_CAUSAL\7be6577f6cb6378165ac357c.json
C:\RSOS\RSOS_CANONICAL_EXPERIMENT_CHAIN\033_EXP-016__WF2_Prospective_Cross_System_Confirmation\04_RAW\SOURCE\ACTIVE_CAUSAL\7bfcd66568a461b5e6e813aa.json,3389,70eb4d6501b325c71936e5fa78e76422f1fb245e002aee0df03f5108d5a3123b,C:\RSOS\RSOS_EXPERIMENTS_WF2_PROSPECTIVE_CROSS_SYSTEM_CONFIRMATION\04_RAW\ACTIVE_CAUSAL\7bfcd66568a461b5e6e813aa.json
C:\RSOS\RSOS_CANONICAL_EXPERIMENT_CHAIN\033_EXP-016__WF2_Prospective_Cross_System_Confirmation\04_RAW\SOURCE\ACTIVE_CAUSAL\7c79e37cff0285e4fedabd8b.json,3375,0e88bfbd4cb05f7d089b6067d90d0a8bccf6ee1d3d050dae66dd8c6fdcc94db5,C:\RSOS\RSOS_EXPERIMENTS_WF2_PROSPECTIVE_CROSS_SYSTEM_CONFIRMATION\04_RAW\ACTIVE_CAUSAL\7c79e37cff0285e4fedabd8b.json
C:\RSOS\RSOS_CANONICAL_EXPERIMENT_CHAIN\033_EXP-016__WF2_Prospective_Cross_System_Confirmation\04_RAW\SOURCE\ACTIVE_CAUSAL\7cb347fa2f7bbc3fae67051e.json,1981,ab738e10fb9025096be2955987a52fda53322db8c32c7bd3f13f5a638e82daef,C:\RSOS\RSOS_EXPERIMENTS_WF2_PROSPECTIVE_CROSS_SYSTEM_CONFIRMATION\04_RAW\ACTIVE_CAUSAL\7cb347fa2f7bbc3fae67051e.json
C:\RSOS\RSOS_CANONICAL_EXPERIMENT_CHAIN\033_EXP-016__WF2_Prospective_Cross_System_Confirmation\04_RAW\SOURCE\ACTIVE_CAUSAL\7ceafa27447acc605889a4ea.json,3374,ed167873e2e86534cfdfbebb5a67671232870e8243359c22214da559a6d2f49d,C:\RSOS\RSOS_EXPERIMENTS_WF2_PROSPECTIVE_CROSS_SYSTEM_CONFIRMATION\04_RAW\ACTIVE_CAUSAL\7ceafa27447acc605889a4ea.json
C:\RSOS\RSOS_CANONICAL_EXPERIMENT_CHAIN\033_EXP-016__WF2_Prospective_Cross_System_Confirmation\04_RAW\SOURCE\ACTIVE_CAUSAL\7d1f53880b850ca44085b3ce.json,1860,3679e02965aa89f48c9486ef7bc49c72a9fd7522782873f3470cf8d643012929,C:\RSOS\RSOS_EXPERIMENTS_WF2_PROSPECTIVE_CROSS_SYSTEM_CONFIRMATION\04_RAW\ACTIVE_CAUSAL\7d1f53880b850ca44085b3ce.json
C:\RSOS\RSOS_CANONICAL_EXPERIMENT_CHAIN\033_EXP-016__WF2_Prospective_Cross_System_Confirmation\04_RAW\SOURCE\ACTIVE_CAUSAL\7d4f40bc7ef353cf9eb46995.json,3374,3b42043947a95cdb887eeb7c9a325683bc0032af7a267176d607bb5c489296a6,C:\RSOS\RSOS_EXPERIMENTS_WF2_PROSPECTIVE_CROSS_SYSTEM_CONFIRMATION\04_RAW\ACTIVE_CAUSAL\7d4f40bc7ef353cf9eb46995.json
C:\RSOS\RSOS_CANONICAL_EXPERIMENT_CHAIN\033_EXP-016__WF2_Prospective_Cross_System_Confirmation\04_RAW\SOURCE\ACTIVE_CAUSAL\7d50a69246a48af6533d79f5.json,1981,10db75e5813ded6f9c6acd82f5e9b75808fc7211bf623fd48d6594de7c141b94,C:\RSOS\RSOS_EXPERIMENTS_WF2_PROSPECTIVE_CROSS_SYSTEM_CONFIRMATION\04_RAW\ACTIVE_CAUSAL\7d50a69246a48af6533d79f5.json
C:\RSOS\RSOS_CANONICAL_EXPERIMENT_CHAIN\033_EXP-016__WF2_Prospective_Cross_System_Confirmation\04_RAW\SOURCE\ACTIVE_CAUSAL\7dad3bc9f668c6865544c67b.json,3374,60ce314b164a9df25dcd27b18bb544e1a65c98ddb8f9bdf647f93917675b579d,C:\RSOS\RSOS_EXPERIMENTS_WF2_PROSPECTIVE_CROSS_SYSTEM_CONFIRMATION\04_RAW\ACTIVE_CAUSAL\7dad3bc9f668c6865544c67b.json
C:\RSOS\RSOS_CANONICAL_EXPERIMENT_CHAIN\033_EXP-016__WF2_Prospective_Cross_System_Confirmation\04_RAW\SOURCE\ACTIVE_CAUSAL\7dde68b20cb654a531d17a01.json,3384,e8f5cb9503920314b051294e6224e855bb5cbfb4cbd8b183a6143f625b6263cb,C:\RSOS\RSOS_EXPERIMENTS_WF2_PROSPECTIVE_CROSS_SYSTEM_CONFIRMATION\04_RAW\ACTIVE_CAUSAL\7dde68b20cb654a531d17a01.json
C:\RSOS\RSOS_CANONICAL_EXPERIMENT_CHAIN\033_EXP-016__WF2_Prospective_Cross_System_Confirmation\04_RAW\SOURCE\ACTIVE_CAUSAL\7e07c62724bc94ff761e7334.json,1826,837719dcc4bdf96e038ee52a1cdc1d89ddc4995ddc9715568721b401cf57288c,C:\RSOS\RSOS_EXPERIMENTS_WF2_PROSPECTIVE_CROSS_SYSTEM_CONFIRMATION\04_RAW\ACTIVE_CAUSAL\7e07c62724bc94ff761e7334.json
C:\RSOS\RSOS_CANONICAL_EXPERIMENT_CHAIN\033_EXP-016__WF2_Prospective_Cross_System_Confirmation\04_RAW\SOURCE\ACTIVE_CAUSAL\7e1db9cec58c8af9f5e1d7fa.json,1995,737cb9eb2e5dff1b4fccfdfc4994295793f78b702d9993d24334ae1cb287d78e,C:\RSOS\RSOS_EXPERIMENTS_WF2_PROSPECTIVE_CROSS_SYSTEM_CONFIRMATION\04_RAW\ACTIVE_CAUSAL\7e1db9cec58c8af9f5e1d7fa.json
C:\RSOS\RSOS_CANONICAL_EXPERIMENT_CHAIN\033_EXP-016__WF2_Prospective_Cross_System_Confirmation\04_RAW\SOURCE\ACTIVE_CAUSAL\7e4c3bf00a89ffe6ae389c89.json,1827,08115c0aa143a56628f32bed7d9ddf24408f5850395dc16be5c79231a78e6a15,C:\RSOS\RSOS_EXPERIMENTS_WF2_PROSPECTIVE_CROSS_SYSTEM_CONFIRMATION\04_RAW\ACTIVE_CAUSAL\7e4c3bf00a89ffe6ae389c89.json
C:\RSOS\RSOS_CANONICAL_EXPERIMENT_CHAIN\033_EXP-016__WF2_Prospective_Cross_System_Confirmation\04_RAW\SOURCE\ACTIVE_CAUSAL\7e6cce56f1394483d74d3ad3.json,3385,d24e86936f1e69d914184254591f96bac56e0bb7943f7dad02be3835189709d2,C:\RSOS\RSOS_EXPERIMENTS_WF2_PROSPECTIVE_CROSS_SYSTEM_CONFIRMATION\04_RAW\ACTIVE_CAUSAL\7e6cce56f1394483d74d3ad3.json
C:\RSOS\RSOS_CANONICAL_EXPERIMENT_CHAIN\033_EXP-016__WF2_Prospective_Cross_System_Confirmation\04_RAW\SOURCE\ACTIVE_CAUSAL\7e7479e4bd46b50310073f19.json,1981,a30601d6e4fa0b70739de887c81ae0ee3aad26fc289ed7fc39771e8149b75932,C:\RSOS\RSOS_EXPERIMENTS_WF2_PROSPECTIVE_CROSS_SYSTEM_CONFIRMATION\04_RAW\ACTIVE_CAUSAL\7e7479e4bd46b50310073f19.json
C:\RSOS\RSOS_CANONICAL_EXPERIMENT_CHAIN\033_EXP-016__WF2_Prospective_Cross_System_Confirmation\04_RAW\SOURCE\ACTIVE_CAUSAL\7eb8d7b4a597d889152c47c5.json,3389,8bbe93df54f78a564d752a888d42d1885c7edcbf4d2167a8a410b27b85f65e28,C:\RSOS\RSOS_EXPERIMENTS_WF2_PROSPECTIVE_CROSS_SYSTEM_CONFIRMATION\04_RAW\ACTIVE_CAUSAL\7eb8d7b4a597d889152c47c5.json
C:\RSOS\RSOS_CANONICAL_EXPERIMENT_CHAIN\033_EXP-016__WF2_Prospective_Cross_System_Confirmation\04_RAW\SOURCE\ACTIVE_CAUSAL\7eba3d5d22abe1d47a520413.json,3384,5cef6b35617ec0633c55fd6626587b4d55b40a693fab478fd41295170e832244,C:\RSOS\RSOS_EXPERIMENTS_WF2_PROSPECTIVE_CROSS_SYSTEM_CONFIRMATION\04_RAW\ACTIVE_CAUSAL\7eba3d5d22abe1d47a520413.json
C:\RSOS\RSOS_CANONICAL_EXPERIMENT_CHAIN\033_EXP-016__WF2_Prospective_Cross_System_Confirmation\04_RAW\SOURCE\ACTIVE_CAUSAL\7ec8f23f968d1d9e273988c4.json,1992,c7c456c51ca39d0f697a2d46733fa7c2c5ae6226a1be5c1ab308099efb1c5c76,C:\RSOS\RSOS_EXPERIMENTS_WF2_PROSPECTIVE_CROSS_SYSTEM_CONFIRMATION\04_RAW\ACTIVE_CAUSAL\7ec8f23f968d1d9e273988c4.json
C:\RSOS\RSOS_CANONICAL_EXPERIMENT_CHAIN\033_EXP-016__WF2_Prospective_Cross_System_Confirmation\04_RAW\SOURCE\ACTIVE_CAUSAL\7ecaa9151e228ef83977fcd4.json,1982,61369bca8478b30a5ba43e2add529df5dad64682e1473314c0b2087aaa788b2a,C:\RSOS\RSOS_EXPERIMENTS_WF2_PROSPECTIVE_CROSS_SYSTEM_CONFIRMATION\04_RAW\ACTIVE_CAUSAL\7ecaa9151e228ef83977fcd4.json
C:\RSOS\RSOS_CANONICAL_EXPERIMENT_CHAIN\033_EXP-016__WF2_Prospective_Cross_System_Confirmation\04_RAW\SOURCE\ACTIVE_CAUSAL\7efdae8c55ff4729dcdb967c.json,1826,5d319489d047f9719de60d5b1d3b68c7f3657a947360eb6c034a891f8687f37c,C:\RSOS\RSOS_EXPERIMENTS_WF2_PROSPECTIVE_CROSS_SYSTEM_CONFIRMATION\04_RAW\ACTIVE_CAUSAL\7efdae8c55ff4729dcdb967c.json
C:\RSOS\RSOS_CANONICAL_EXPERIMENT_CHAIN\033_EXP-016__WF2_Prospective_Cross_System_Confirmation\04_RAW\SOURCE\ACTIVE_CAUSAL\7f08ecca2b5ec232b86c6df0.json,3374,775d412c91a68d0d3db59cb2cd3e0759eeb8179a28919fbde1d695737dfbcdc6,C:\RSOS\RSOS_EXPERIMENTS_WF2_PROSPECTIVE_CROSS_SYSTEM_CONFIRMATION\04_RAW\ACTIVE_CAUSAL\7f08ecca2b5ec232b86c6df0.json
C:\RSOS\RSOS_CANONICAL_EXPERIMENT_CHAIN\033_EXP-016__WF2_Prospective_Cross_System_Confirmation\04_RAW\SOURCE\ACTIVE_CAUSAL\7f27bcd2f3c9c799b887e08c.json,1981,1f08ab3690acbd3fe827972879fe826acc9e7587d9e2ff499e9ff4c3c97f78b8,C:\RSOS\RSOS_EXPERIMENTS_WF2_PROSPECTIVE_CROSS_SYSTEM_CONFIRMATION\04_RAW\ACTIVE_CAUSAL\7f27bcd2f3c9c799b887e08c.json
C:\RSOS\RSOS_CANONICAL_EXPERIMENT_CHAIN\033_EXP-016__WF2_Prospective_Cross_System_Confirmation\04_RAW\SOURCE\ACTIVE_CAUSAL\7f916e6177dd245de851bf63.json,3384,0237a40758a430df5d88a88a096d581d358d5751cc4079a289bc403208efa7c6,C:\RSOS\RSOS_EXPERIMENTS_WF2_PROSPECTIVE_CROSS_SYSTEM_CONFIRMATION\04_RAW\ACTIVE_CAUSAL\7f916e6177dd245de851bf63.json
C:\RSOS\RSOS_CANONICAL_EXPERIMENT_CHAIN\033_EXP-016__WF2_Prospective_Cross_System_Confirmation\04_RAW\SOURCE\ACTIVE_CAUSAL\7fa822dc440b356e51142feb.json,1981,527ddbf44853772a871f7ec6b2494437e1ad1c2969ed0db1586912774d905c86,C:\RSOS\RSOS_EXPERIMENTS_WF2_PROSPECTIVE_CROSS_SYSTEM_CONFIRMATION\04_RAW\ACTIVE_CAUSAL\7fa822dc440b356e51142feb.json
C:\RSOS\RSOS_CANONICAL_EXPERIMENT_CHAIN\033_EXP-016__WF2_Prospective_Cross_System_Confirmation\04_RAW\SOURCE\ACTIVE_CAUSAL\7faa4e8a6f243cf4128bd27f.json,3375,28c25f434ec0a945777a86fbbb25011ac7ffa7ccdaf85755ee954f841e9f58ef,C:\RSOS\RSOS_EXPERIMENTS_WF2_PROSPECTIVE_CROSS_SYSTEM_CONFIRMATION\04_RAW\ACTIVE_CAUSAL\7faa4e8a6f243cf4128bd27f.json
C:\RSOS\RSOS_CANONICAL_EXPERIMENT_CHAIN\033_EXP-016__WF2_Prospective_Cross_System_Confirmation\04_RAW\SOURCE\ACTIVE_CAUSAL\8025e828ad89172fc5e6ce6e.json,1826,e31923b28fd8bc7e04643ada3c9aa3888372c2ee65bda27f202b82b4a33ad1e1,C:\RSOS\RSOS_EXPERIMENTS_WF2_PROSPECTIVE_CROSS_SYSTEM_CONFIRMATION\04_RAW\ACTIVE_CAUSAL\8025e828ad89172fc5e6ce6e.json
C:\RSOS\RSOS_CANONICAL_EXPERIMENT_CHAIN\033_EXP-016__WF2_Prospective_Cross_System_Confirmation\04_RAW\SOURCE\ACTIVE_CAUSAL\8027afaf78e57cb2bb708bf4.json,1990,837b3b32f7c6f9a1c3c18fd27ed07a91d03eff0383aaa791b741287d658f36a0,C:\RSOS\RSOS_EXPERIMENTS_WF2_PROSPECTIVE_CROSS_SYSTEM_CONFIRMATION\04_RAW\ACTIVE_CAUSAL\8027afaf78e57cb2bb708bf4.json
C:\RSOS\RSOS_CANONICAL_EXPERIMENT_CHAIN\033_EXP-016__WF2_Prospective_Cross_System_Confirmation\04_RAW\SOURCE\ACTIVE_CAUSAL\804020ede2b2c692a7d66584.json,1980,32990487419213812fe09306fe1a38b05975ec16b1c367d58bef18f1b26351e7,C:\RSOS\RSOS_EXPERIMENTS_WF2_PROSPECTIVE_CROSS_SYSTEM_CONFIRMATION\04_RAW\ACTIVE_CAUSAL\804020ede2b2c692a7d66584.json
C:\RSOS\RSOS_CANONICAL_EXPERIMENT_CHAIN\033_EXP-016__WF2_Prospective_Cross_System_Confirmation\04_RAW\SOURCE\ACTIVE_CAUSAL\8074c3554caaca00f1815601.json,1991,e8d25e5136c2a2367679ebc119c12c701af6e9748592f4546a0c7e40fc31e16f,C:\RSOS\RSOS_EXPERIMENTS_WF2_PROSPECTIVE_CROSS_SYSTEM_CONFIRMATION\04_RAW\ACTIVE_CAUSAL\8074c3554caaca00f1815601.json
C:\RSOS\RSOS_CANONICAL_EXPERIMENT_CHAIN\033_EXP-016__WF2_Prospective_Cross_System_Confirmation\04_RAW\SOURCE\ACTIVE_CAUSAL\8077ad283b828043b2e45fc9.json,1833,f30dd1386c621d7b44cda1e06e73f50bac383c59e0c4d54eb744f3881cb2d48c,C:\RSOS\RSOS_EXPERIMENTS_WF2_PROSPECTIVE_CROSS_SYSTEM_CONFIRMATION\04_RAW\ACTIVE_CAUSAL\8077ad283b828043b2e45fc9.json
C:\RSOS\RSOS_CANONICAL_EXPERIMENT_CHAIN\033_EXP-016__WF2_Prospective_Cross_System_Confirmation\04_RAW\SOURCE\ACTIVE_CAUSAL\8098577d4860f922014090f0.json,3375,6006d038f94c48e1c6227254b52ef5c260248fb464e2dc4cb3b0dafc95b1f599,C:\RSOS\RSOS_EXPERIMENTS_WF2_PROSPECTIVE_CROSS_SYSTEM_CONFIRMATION\04_RAW\ACTIVE_CAUSAL\8098577d4860f922014090f0.json
C:\RSOS\RSOS_CANONICAL_EXPERIMENT_CHAIN\033_EXP-016__WF2_Prospective_Cross_System_Confirmation\04_RAW\SOURCE\ACTIVE_CAUSAL\80a4853b9129ea4ffb18aab7.json,1982,684323c509557a19b41ce2d90c56d33d149e54b5169893ad5214971319d0ea70,C:\RSOS\RSOS_EXPERIMENTS_WF2_PROSPECTIVE_CROSS_SYSTEM_CONFIRMATION\04_RAW\ACTIVE_CAUSAL\80a4853b9129ea4ffb18aab7.json
C:\RSOS\RSOS_CANONICAL_EXPERIMENT_CHAIN\033_EXP-016__WF2_Prospective_Cross_System_Confirmation\04_RAW\SOURCE\ACTIVE_CAUSAL\80a7d4df27b2d4caa99cc427.json,3374,cf892e3bc75043688b6b04e0acbb3242f92ae1e9a6505dbc2b15b50dfee65f0e,C:\RSOS\RSOS_EXPERIMENTS_WF2_PROSPECTIVE_CROSS_SYSTEM_CONFIRMATION\04_RAW\ACTIVE_CAUSAL\80a7d4df27b2d4caa99cc427.json
C:\RSOS\RSOS_CANONICAL_EXPERIMENT_CHAIN\033_EXP-016__WF2_Prospective_Cross_System_Confirmation\04_RAW\SOURCE\ACTIVE_CAUSAL\80d1afade0fa244aa5b499a0.json,3375,5aa4aeb7d4fa71a02e6b58b48291f157f21a3612b9b5069705c7c9abf638de92,C:\RSOS\RSOS_EXPERIMENTS_WF2_PROSPECTIVE_CROSS_SYSTEM_CONFIRMATION\04_RAW\ACTIVE_CAUSAL\80d1afade0fa244aa5b499a0.json
C:\RSOS\RSOS_CANONICAL_EXPERIMENT_CHAIN\033_EXP-016__WF2_Prospective_Cross_System_Confirmation\04_RAW\SOURCE\ACTIVE_CAUSAL\80e596dab721b40198524e8c.json,3375,f45a8ed5030d6cada0999cf386d8899dfaa19ccabaf74600b64013ad0f910924,C:\RSOS\RSOS_EXPERIMENTS_WF2_PROSPECTIVE_CROSS_SYSTEM_CONFIRMATION\04_RAW\ACTIVE_CAUSAL\80e596dab721b40198524e8c.json
C:\RSOS\RSOS_CANONICAL_EXPERIMENT_CHAIN\033_EXP-016__WF2_Prospective_Cross_System_Confirmation\04_RAW\SOURCE\ACTIVE_CAUSAL\80e6d88faf8111c7a6bc45bd.json,1763,5e3cd21638a512db032f3be53cdd4e4d2826fd9ee0b01cf226b258911d9d5aaf,C:\RSOS\RSOS_EXPERIMENTS_WF2_PROSPECTIVE_CROSS_SYSTEM_CONFIRMATION\04_RAW\ACTIVE_CAUSAL\80e6d88faf8111c7a6bc45bd.json
C:\RSOS\RSOS_CANONICAL_EXPERIMENT_CHAIN\033_EXP-016__WF2_Prospective_Cross_System_Confirmation\04_RAW\SOURCE\ACTIVE_CAUSAL\80ffa481edb705dd28255066.json,1981,6c17619d534faea0289eee4c22632ea62cc1d522fd4654825e935b48d50f2d67,C:\RSOS\RSOS_EXPERIMENTS_WF2_PROSPECTIVE_CROSS_SYSTEM_CONFIRMATION\04_RAW\ACTIVE_CAUSAL\80ffa481edb705dd28255066.json
C:\RSOS\RSOS_CANONICAL_EXPERIMENT_CHAIN\033_EXP-016__WF2_Prospective_Cross_System_Confirmation\04_RAW\SOURCE\ACTIVE_CAUSAL\810b29e8ffa400906958c47b.json,3375,802794186390e7a57a7aa4f146199304f886e8db12b93d46d8000596f6a0c325,C:\RSOS\RSOS_EXPERIMENTS_WF2_PROSPECTIVE_CROSS_SYSTEM_CONFIRMATION\04_RAW\ACTIVE_CAUSAL\810b29e8ffa400906958c47b.json
C:\RSOS\RSOS_CANONICAL_EXPERIMENT_CHAIN\033_EXP-016__WF2_Prospective_Cross_System_Confirmation\04_RAW\SOURCE\ACTIVE_CAUSAL\811cace37d3b21e337cc4659.json,3389,6f107372269023947f755cba1dddd11501aedc150ab42acc00c80abe3e821023,C:\RSOS\RSOS_EXPERIMENTS_WF2_PROSPECTIVE_CROSS_SYSTEM_CONFIRMATION\04_RAW\ACTIVE_CAUSAL\811cace37d3b21e337cc4659.json
C:\RSOS\RSOS_CANONICAL_EXPERIMENT_CHAIN\033_EXP-016__WF2_Prospective_Cross_System_Confirmation\04_RAW\SOURCE\ACTIVE_CAUSAL\811e3f9629d5891bae76bea7.json,1826,3e6fae659c255cfd454c7096d66db4475c059a75b5b10dc4149226cbe0efcea9,C:\RSOS\RSOS_EXPERIMENTS_WF2_PROSPECTIVE_CROSS_SYSTEM_CONFIRMATION\04_RAW\ACTIVE_CAUSAL\811e3f9629d5891bae76bea7.json
C:\RSOS\RSOS_CANONICAL_EXPERIMENT_CHAIN\033_EXP-016__WF2_Prospective_Cross_System_Confirmation\04_RAW\SOURCE\ACTIVE_CAUSAL\825a023dd34b12a3ab762f89.json,1982,81dee6a9c9510f436951c4ba95284ac426da15087e2bd0e976252af13755ee0a,C:\RSOS\RSOS_EXPERIMENTS_WF2_PROSPECTIVE_CROSS_SYSTEM_CONFIRMATION\04_RAW\ACTIVE_CAUSAL\825a023dd34b12a3ab762f89.json
C:\RSOS\RSOS_CANONICAL_EXPERIMENT_CHAIN\033_EXP-016__WF2_Prospective_Cross_System_Confirmation\04_RAW\SOURCE\ACTIVE_CAUSAL\827ca1d392938104c42018aa.json,1982,bcba09f9c57d39d1cf7011537278d86298facc85a31d34a7a8d864c64c73c166,C:\RSOS\RSOS_EXPERIMENTS_WF2_PROSPECTIVE_CROSS_SYSTEM_CONFIRMATION\04_RAW\ACTIVE_CAUSAL\827ca1d392938104c42018aa.json
C:\RSOS\RSOS_CANONICAL_EXPERIMENT_CHAIN\033_EXP-016__WF2_Prospective_Cross_System_Confirmation\04_RAW\SOURCE\ACTIVE_CAUSAL\82ddf92b4cdcd139f37fcbe1.json,1753,445af498e217b7c29b7a4ea677502c8814683557a7baee3f5e78f5c82a7612a6,C:\RSOS\RSOS_EXPERIMENTS_WF2_PROSPECTIVE_CROSS_SYSTEM_CONFIRMATION\04_RAW\ACTIVE_CAUSAL\82ddf92b4cdcd139f37fcbe1.json
C:\RSOS\RSOS_CANONICAL_EXPERIMENT_CHAIN\033_EXP-016__WF2_Prospective_Cross_System_Confirmation\04_RAW\SOURCE\ACTIVE_CAUSAL\83051e1223119afb7737b502.json,1982,77f5321a8f3f8627f663b73d7bc483eed5001899a64263909364110e307bfe83,C:\RSOS\RSOS_EXPERIMENTS_WF2_PROSPECTIVE_CROSS_SYSTEM_CONFIRMATION\04_RAW\ACTIVE_CAUSAL\83051e1223119afb7737b502.json
C:\RSOS\RSOS_CANONICAL_EXPERIMENT_CHAIN\033_EXP-016__WF2_Prospective_Cross_System_Confirmation\04_RAW\SOURCE\ACTIVE_CAUSAL\832bfc4f3734571852f2a1b6.json,1841,090317a36a464f69ae201f68a82488e5453f916b361b9071689303e69675282b,C:\RSOS\RSOS_EXPERIMENTS_WF2_PROSPECTIVE_CROSS_SYSTEM_CONFIRMATION\04_RAW\ACTIVE_CAUSAL\832bfc4f3734571852f2a1b6.json
C:\RSOS\RSOS_CANONICAL_EXPERIMENT_CHAIN\033_EXP-016__WF2_Prospective_Cross_System_Confirmation\04_RAW\SOURCE\ACTIVE_CAUSAL\835e54dbadde08504975a3f0.json,1835,a42e80950abb7ce32a3a1b244f8634dc237f85bf79e56d86a42a2d8d57d28074,C:\RSOS\RSOS_EXPERIMENTS_WF2_PROSPECTIVE_CROSS_SYSTEM_CONFIRMATION\04_RAW\ACTIVE_CAUSAL\835e54dbadde08504975a3f0.json
C:\RSOS\RSOS_CANONICAL_EXPERIMENT_CHAIN\033_EXP-016__WF2_Prospective_Cross_System_Confirmation\04_RAW\SOURCE\ACTIVE_CAUSAL\83902b36d70f5a5a06dd6f5f.json,1995,35602067c8905dde6958f64f61ceb517a5e4ea07f1ce0f8e8f48f2a0a09bb9a3,C:\RSOS\RSOS_EXPERIMENTS_WF2_PROSPECTIVE_CROSS_SYSTEM_CONFIRMATION\04_RAW\ACTIVE_CAUSAL\83902b36d70f5a5a06dd6f5f.json
C:\RSOS\RSOS_CANONICAL_EXPERIMENT_CHAIN\033_EXP-016__WF2_Prospective_Cross_System_Confirmation\04_RAW\SOURCE\ACTIVE_CAUSAL\8390629be4d48a68a2c32742.json,3374,661bbcad9b581aa5e0c5e1bbc0e611b9d2bdff0b22858090ed2aabf3c79421cf,C:\RSOS\RSOS_EXPERIMENTS_WF2_PROSPECTIVE_CROSS_SYSTEM_CONFIRMATION\04_RAW\ACTIVE_CAUSAL\8390629be4d48a68a2c32742.json
C:\RSOS\RSOS_CANONICAL_EXPERIMENT_CHAIN\033_EXP-016__WF2_Prospective_Cross_System_Confirmation\04_RAW\SOURCE\ACTIVE_CAUSAL\83a3fed2cecc5007ac026ad1.json,3374,7bc6f656b5ad2d7eb991c1365400d9cc526103caba3299b0944f97939943cc19,C:\RSOS\RSOS_EXPERIMENTS_WF2_PROSPECTIVE_CROSS_SYSTEM_CONFIRMATION\04_RAW\ACTIVE_CAUSAL\83a3fed2cecc5007ac026ad1.json
C:\RSOS\RSOS_CANONICAL_EXPERIMENT_CHAIN\033_EXP-016__WF2_Prospective_Cross_System_Confirmation\04_RAW\SOURCE\ACTIVE_CAUSAL\83c61e8a5b0e70829dd07398.json,3374,d7340aad3ae92f940e4c5b818a0b74ab0c6be19a3538fe4433ea2820144739e9,C:\RSOS\RSOS_EXPERIMENTS_WF2_PROSPECTIVE_CROSS_SYSTEM_CONFIRMATION\04_RAW\ACTIVE_CAUSAL\83c61e8a5b0e70829dd07398.json
C:\RSOS\RSOS_CANONICAL_EXPERIMENT_CHAIN\033_EXP-016__WF2_Prospective_Cross_System_Confirmation\04_RAW\SOURCE\ACTIVE_CAUSAL\84175f9efe32def35ad0284b.json,1983,01c5ea5c48995a06f121a288d1683a36fd66a24f72c23258f1d7f338e35a95f1,C:\RSOS\RSOS_EXPERIMENTS_WF2_PROSPECTIVE_CROSS_SYSTEM_CONFIRMATION\04_RAW\ACTIVE_CAUSAL\84175f9efe32def35ad0284b.json
C:\RSOS\RSOS_CANONICAL_EXPERIMENT_CHAIN\033_EXP-016__WF2_Prospective_Cross_System_Confirmation\04_RAW\SOURCE\ACTIVE_CAUSAL\845ac3f42f6d06aecb53a260.json,1992,660ebb600b87e8d11e46f27e05087c12602c9e82a7112b9aa3ccf15eb87f6074,C:\RSOS\RSOS_EXPERIMENTS_WF2_PROSPECTIVE_CROSS_SYSTEM_CONFIRMATION\04_RAW\ACTIVE_CAUSAL\845ac3f42f6d06aecb53a260.json
C:\RSOS\RSOS_CANONICAL_EXPERIMENT_CHAIN\033_EXP-016__WF2_Prospective_Cross_System_Confirmation\04_RAW\SOURCE\ACTIVE_CAUSAL\84dfd8ba7faf8091513820d3.json,3374,8e72a92d26a451cc58bd115e6e2bed413f6143ccb543b76926b55fc252d98254,C:\RSOS\RSOS_EXPERIMENTS_WF2_PROSPECTIVE_CROSS_SYSTEM_CONFIRMATION\04_RAW\ACTIVE_CAUSAL\84dfd8ba7faf8091513820d3.json
C:\RSOS\RSOS_CANONICAL_EXPERIMENT_CHAIN\033_EXP-016__WF2_Prospective_Cross_System_Confirmation\04_RAW\SOURCE\ACTIVE_CAUSAL\856380a5c5a24e3050eec0da.json,1767,a9a635345c92ffa100d10e672d5060e3438f0076d05d8d786bbdcc987268fd78,C:\RSOS\RSOS_EXPERIMENTS_WF2_PROSPECTIVE_CROSS_SYSTEM_CONFIRMATION\04_RAW\ACTIVE_CAUSAL\856380a5c5a24e3050eec0da.json
C:\RSOS\RSOS_CANONICAL_EXPERIMENT_CHAIN\033_EXP-016__WF2_Prospective_Cross_System_Confirmation\04_RAW\SOURCE\ACTIVE_CAUSAL\85a4ec7b6005960d786dc66d.json,1981,2212605342d2950bdcfd67d8b2e91849e31d3feecfd11649c13c33a1d39fe0f0,C:\RSOS\RSOS_EXPERIMENTS_WF2_PROSPECTIVE_CROSS_SYSTEM_CONFIRMATION\04_RAW\ACTIVE_CAUSAL\85a4ec7b6005960d786dc66d.json
C:\RSOS\RSOS_CANONICAL_EXPERIMENT_CHAIN\033_EXP-016__WF2_Prospective_Cross_System_Confirmation\04_RAW\SOURCE\ACTIVE_CAUSAL\85aa30132c3cdfae5ba94e18.json,3376,cd698bbceb05e09fb342555a2ed470649c6a6379bac62fa071ba2be52b728002,C:\RSOS\RSOS_EXPERIMENTS_WF2_PROSPECTIVE_CROSS_SYSTEM_CONFIRMATION\04_RAW\ACTIVE_CAUSAL\85aa30132c3cdfae5ba94e18.json
C:\RSOS\RSOS_CANONICAL_EXPERIMENT_CHAIN\033_EXP-016__WF2_Prospective_Cross_System_Confirmation\04_RAW\SOURCE\ACTIVE_CAUSAL\85e6c7027f8c7d56f3013816.json,1995,225129e365bae32b4c38e647c39f314f9d978a0ec8d844d6197ef05cfd496b38,C:\RSOS\RSOS_EXPERIMENTS_WF2_PROSPECTIVE_CROSS_SYSTEM_CONFIRMATION\04_RAW\ACTIVE_CAUSAL\85e6c7027f8c7d56f3013816.json
C:\RSOS\RSOS_CANONICAL_EXPERIMENT_CHAIN\033_EXP-016__WF2_Prospective_Cross_System_Confirmation\04_RAW\SOURCE\ACTIVE_CAUSAL\85ebbe8d2f2531f866a57055.json,1981,c343bce44ac346ed22e75376eef97c903cc349a3f57311083f8e0640c2e4fcb9,C:\RSOS\RSOS_EXPERIMENTS_WF2_PROSPECTIVE_CROSS_SYSTEM_CONFIRMATION\04_RAW\ACTIVE_CAUSAL\85ebbe8d2f2531f866a57055.json
C:\RSOS\RSOS_CANONICAL_EXPERIMENT_CHAIN\033_EXP-016__WF2_Prospective_Cross_System_Confirmation\04_RAW\SOURCE\ACTIVE_CAUSAL\864a28bc2f117a17e249013b.json,1827,13c6fb4ee913c6e2711a7285b2a0ea589780d546f09bfb189c14d084968d0d8e,C:\RSOS\RSOS_EXPERIMENTS_WF2_PROSPECTIVE_CROSS_SYSTEM_CONFIRMATION\04_RAW\ACTIVE_CAUSAL\864a28bc2f117a17e249013b.json
C:\RSOS\RSOS_CANONICAL_EXPERIMENT_CHAIN\033_EXP-016__WF2_Prospective_Cross_System_Confirmation\04_RAW\SOURCE\ACTIVE_CAUSAL\869731330c85049c18383c4c.json,1981,cec80fbd05c0355ffb420bc6ebd7d362776858825597784f31cdf1578737db4e,C:\RSOS\RSOS_EXPERIMENTS_WF2_PROSPECTIVE_CROSS_SYSTEM_CONFIRMATION\04_RAW\ACTIVE_CAUSAL\869731330c85049c18383c4c.json
C:\RSOS\RSOS_CANONICAL_EXPERIMENT_CHAIN\033_EXP-016__WF2_Prospective_Cross_System_Confirmation\04_RAW\SOURCE\ACTIVE_CAUSAL\870d674cae629dba51f008d7.json,3374,1299ac8e101fb003ecb8087cd52c7813cafac708cee5ab95bd40f05c2bc51d67,C:\RSOS\RSOS_EXPERIMENTS_WF2_PROSPECTIVE_CROSS_SYSTEM_CONFIRMATION\04_RAW\ACTIVE_CAUSAL\870d674cae629dba51f008d7.json
C:\RSOS\RSOS_CANONICAL_EXPERIMENT_CHAIN\033_EXP-016__WF2_Prospective_Cross_System_Confirmation\04_RAW\SOURCE\ACTIVE_CAUSAL\8718b4dbdba54db0cc554838.json,1981,a4ba8108bc0474fa9310cb9dba243d52c5e259926777ea51e06ed0c75c137bbd,C:\RSOS\RSOS_EXPERIMENTS_WF2_PROSPECTIVE_CROSS_SYSTEM_CONFIRMATION\04_RAW\ACTIVE_CAUSAL\8718b4dbdba54db0cc554838.json
C:\RSOS\RSOS_CANONICAL_EXPERIMENT_CHAIN\033_EXP-016__WF2_Prospective_Cross_System_Confirmation\04_RAW\SOURCE\ACTIVE_CAUSAL\87419c3bd9a5607836d9ea1e.json,3374,d93a4469dacb5fbe81a73e484b0d15aa8d99e2037c65159b55086f275f3b19ba,C:\RSOS\RSOS_EXPERIMENTS_WF2_PROSPECTIVE_CROSS_SYSTEM_CONFIRMATION\04_RAW\ACTIVE_CAUSAL\87419c3bd9a5607836d9ea1e.json
C:\RSOS\RSOS_CANONICAL_EXPERIMENT_CHAIN\033_EXP-016__WF2_Prospective_Cross_System_Confirmation\04_RAW\SOURCE\ACTIVE_CAUSAL\8742f0402e930a6713006e7a.json,1826,73d996765ab0f611b20c122ee820e48c26067291d5a2645d13ef7c0b5d206321,C:\RSOS\RSOS_EXPERIMENTS_WF2_PROSPECTIVE_CROSS_SYSTEM_CONFIRMATION\04_RAW\ACTIVE_CAUSAL\8742f0402e930a6713006e7a.json
C:\RSOS\RSOS_CANONICAL_EXPERIMENT_CHAIN\033_EXP-016__WF2_Prospective_Cross_System_Confirmation\04_RAW\SOURCE\ACTIVE_CAUSAL\879e102550fb36b612b16c86.json,3389,8cd07ee1c94db590f3b10d8d3a6496c073c72a2dff0e00540c915e8449ce2773,C:\RSOS\RSOS_EXPERIMENTS_WF2_PROSPECTIVE_CROSS_SYSTEM_CONFIRMATION\04_RAW\ACTIVE_CAUSAL\879e102550fb36b612b16c86.json
C:\RSOS\RSOS_CANONICAL_EXPERIMENT_CHAIN\033_EXP-016__WF2_Prospective_Cross_System_Confirmation\04_RAW\SOURCE\ACTIVE_CAUSAL\8834ab65d61d7869f00edb4a.json,3374,f4bb805229f2e64d1b85c79cdb093749be5158cd577c1de2d37d03f4dd431403,C:\RSOS\RSOS_EXPERIMENTS_WF2_PROSPECTIVE_CROSS_SYSTEM_CONFIRMATION\04_RAW\ACTIVE_CAUSAL\8834ab65d61d7869f00edb4a.json
C:\RSOS\RSOS_CANONICAL_EXPERIMENT_CHAIN\033_EXP-016__WF2_Prospective_Cross_System_Confirmation\04_RAW\SOURCE\ACTIVE_CAUSAL\883fd6ffae575a8203ad9ba7.json,1759,6ec5a1cade568aaaf4ec5ab37fcf1aecbf608075d53e891a1c34c810a30675fc,C:\RSOS\RSOS_EXPERIMENTS_WF2_PROSPECTIVE_CROSS_SYSTEM_CONFIRMATION\04_RAW\ACTIVE_CAUSAL\883fd6ffae575a8203ad9ba7.json
C:\RSOS\RSOS_CANONICAL_EXPERIMENT_CHAIN\033_EXP-016__WF2_Prospective_Cross_System_Confirmation\04_RAW\SOURCE\ACTIVE_CAUSAL\88615976805e0a344acdc491.json,1981,f13700593569d37eba30cb1c9575eb8021e76ad3c9f28af14ab14fd1e31f0b83,C:\RSOS\RSOS_EXPERIMENTS_WF2_PROSPECTIVE_CROSS_SYSTEM_CONFIRMATION\04_RAW\ACTIVE_CAUSAL\88615976805e0a344acdc491.json
C:\RSOS\RSOS_CANONICAL_EXPERIMENT_CHAIN\033_EXP-016__WF2_Prospective_Cross_System_Confirmation\04_RAW\SOURCE\ACTIVE_CAUSAL\88aeb35e24c458e2fc8fbdfc.json,1981,ba95da64717289c8ee627688615cbfe2a6617b873ac03e8ec2a9a46ba9abf999,C:\RSOS\RSOS_EXPERIMENTS_WF2_PROSPECTIVE_CROSS_SYSTEM_CONFIRMATION\04_RAW\ACTIVE_CAUSAL\88aeb35e24c458e2fc8fbdfc.json
C:\RSOS\RSOS_CANONICAL_EXPERIMENT_CHAIN\033_EXP-016__WF2_Prospective_Cross_System_Confirmation\04_RAW\SOURCE\ACTIVE_CAUSAL\88cebb852ed40ffb6f139f61.json,3384,1d35320dd9dedc9d6d9c9d2b318495c427eea9165893febfedda13c26ec0b0b5,C:\RSOS\RSOS_EXPERIMENTS_WF2_PROSPECTIVE_CROSS_SYSTEM_CONFIRMATION\04_RAW\ACTIVE_CAUSAL\88cebb852ed40ffb6f139f61.json
C:\RSOS\RSOS_CANONICAL_EXPERIMENT_CHAIN\033_EXP-016__WF2_Prospective_Cross_System_Confirmation\04_RAW\SOURCE\ACTIVE_CAUSAL\891cf57bbaa8e2552470b440.json,3375,cd17838e807967ae7d22cc90dd9a911ef8a0618bf832cfe59a51a02d17400280,C:\RSOS\RSOS_EXPERIMENTS_WF2_PROSPECTIVE_CROSS_SYSTEM_CONFIRMATION\04_RAW\ACTIVE_CAUSAL\891cf57bbaa8e2552470b440.json
C:\RSOS\RSOS_CANONICAL_EXPERIMENT_CHAIN\033_EXP-016__WF2_Prospective_Cross_System_Confirmation\04_RAW\SOURCE\ACTIVE_CAUSAL\8922249b2deb0265f37876cd.json,1826,4ff51e986f240942f1effac3aed744e9d3c8ca5b8304153a0bfc970dd878fa10,C:\RSOS\RSOS_EXPERIMENTS_WF2_PROSPECTIVE_CROSS_SYSTEM_CONFIRMATION\04_RAW\ACTIVE_CAUSAL\8922249b2deb0265f37876cd.json
C:\RSOS\RSOS_CANONICAL_EXPERIMENT_CHAIN\033_EXP-016__WF2_Prospective_Cross_System_Confirmation\04_RAW\SOURCE\ACTIVE_CAUSAL\893819c589b52b5b69878b01.json,1980,5086e744cd2ce7ec8b41dbe2c7e77d65c41b21336a6c9fcfdd114337efccf855,C:\RSOS\RSOS_EXPERIMENTS_WF2_PROSPECTIVE_CROSS_SYSTEM_CONFIRMATION\04_RAW\ACTIVE_CAUSAL\893819c589b52b5b69878b01.json
C:\RSOS\RSOS_CANONICAL_EXPERIMENT_CHAIN\033_EXP-016__WF2_Prospective_Cross_System_Confirmation\04_RAW\SOURCE\ACTIVE_CAUSAL\894149c6e9af23e706886e0e.json,3374,c09f1da7d0710ff85ec98215602ee95a69df05d03d294e2f17b705c371ef656d,C:\RSOS\RSOS_EXPERIMENTS_WF2_PROSPECTIVE_CROSS_SYSTEM_CONFIRMATION\04_RAW\ACTIVE_CAUSAL\894149c6e9af23e706886e0e.json
C:\RSOS\RSOS_CANONICAL_EXPERIMENT_CHAIN\033_EXP-016__WF2_Prospective_Cross_System_Confirmation\04_RAW\SOURCE\ACTIVE_CAUSAL\8944f75f899cd44ba275693d.json,1982,31ba8e0173ebe9bc9b92a8439bd050b69d5ad6eb371ac499baa3155de1715889,C:\RSOS\RSOS_EXPERIMENTS_WF2_PROSPECTIVE_CROSS_SYSTEM_CONFIRMATION\04_RAW\ACTIVE_CAUSAL\8944f75f899cd44ba275693d.json
C:\RSOS\RSOS_CANONICAL_EXPERIMENT_CHAIN\033_EXP-016__WF2_Prospective_Cross_System_Confirmation\04_RAW\SOURCE\ACTIVE_CAUSAL\895df217d2e5d8cbff83e143.json,1982,cde6b4072d4185d30a8f11c0262b0305fe643f0c6ddf82c2be0a812025277cd5,C:\RSOS\RSOS_EXPERIMENTS_WF2_PROSPECTIVE_CROSS_SYSTEM_CONFIRMATION\04_RAW\ACTIVE_CAUSAL\895df217d2e5d8cbff83e143.json
C:\RSOS\RSOS_CANONICAL_EXPERIMENT_CHAIN\033_EXP-016__WF2_Prospective_Cross_System_Confirmation\04_RAW\SOURCE\ACTIVE_CAUSAL\895f9bbcc94ec426e5d06b36.json,1827,4de73c54cc60993f90f18c2930e9b69576300cab85e6d361a79c45cc1d5be771,C:\RSOS\RSOS_EXPERIMENTS_WF2_PROSPECTIVE_CROSS_SYSTEM_CONFIRMATION\04_RAW\ACTIVE_CAUSAL\895f9bbcc94ec426e5d06b36.json
C:\RSOS\RSOS_CANONICAL_EXPERIMENT_CHAIN\033_EXP-016__WF2_Prospective_Cross_System_Confirmation\04_RAW\SOURCE\ACTIVE_CAUSAL\8961ccc47d3b671f04f9d49c.json,1991,50babfcf9164998a181521d4f52cdcf4e33e1855a9158c159ff42d51cc7e265b,C:\RSOS\RSOS_EXPERIMENTS_WF2_PROSPECTIVE_CROSS_SYSTEM_CONFIRMATION\04_RAW\ACTIVE_CAUSAL\8961ccc47d3b671f04f9d49c.json
C:\RSOS\RSOS_CANONICAL_EXPERIMENT_CHAIN\033_EXP-016__WF2_Prospective_Cross_System_Confirmation\04_RAW\SOURCE\ACTIVE_CAUSAL\89dedd0aaf4edac15e669414.json,1992,20c89ed361227adb36d6edfd28ec72d2519e30f0bf5b9e28d04e006b0491f4fe,C:\RSOS\RSOS_EXPERIMENTS_WF2_PROSPECTIVE_CROSS_SYSTEM_CONFIRMATION\04_RAW\ACTIVE_CAUSAL\89dedd0aaf4edac15e669414.json
C:\RSOS\RSOS_CANONICAL_EXPERIMENT_CHAIN\033_EXP-016__WF2_Prospective_Cross_System_Confirmation\04_RAW\SOURCE\ACTIVE_CAUSAL\89febd4e50a03c195112340b.json,1860,b86ed618530a501f52a6e412c889900e8b8badec8ec82f46c4b942f230d1445e,C:\RSOS\RSOS_EXPERIMENTS_WF2_PROSPECTIVE_CROSS_SYSTEM_CONFIRMATION\04_RAW\ACTIVE_CAUSAL\89febd4e50a03c195112340b.json
C:\RSOS\RSOS_CANONICAL_EXPERIMENT_CHAIN\033_EXP-016__WF2_Prospective_Cross_System_Confirmation\04_RAW\SOURCE\ACTIVE_CAUSAL\8a3b608f8b90838a2485b5db.json,1981,46a5f6ee0fc47b527f2dca2249f3c727b0de21d3e5a96167489512b21da58eec,C:\RSOS\RSOS_EXPERIMENTS_WF2_PROSPECTIVE_CROSS_SYSTEM_CONFIRMATION\04_RAW\ACTIVE_CAUSAL\8a3b608f8b90838a2485b5db.json
C:\RSOS\RSOS_CANONICAL_EXPERIMENT_CHAIN\033_EXP-016__WF2_Prospective_Cross_System_Confirmation\04_RAW\SOURCE\ACTIVE_CAUSAL\8a66e5983f5256139cf5381e.json,1990,d80717f87bdd2a933bb746fe2545cdfbbfcab398f1f0afed20e7c8e15bc14053,C:\RSOS\RSOS_EXPERIMENTS_WF2_PROSPECTIVE_CROSS_SYSTEM_CONFIRMATION\04_RAW\ACTIVE_CAUSAL\8a66e5983f5256139cf5381e.json
C:\RSOS\RSOS_CANONICAL_EXPERIMENT_CHAIN\033_EXP-016__WF2_Prospective_Cross_System_Confirmation\04_RAW\SOURCE\ACTIVE_CAUSAL\8a931616111ca7738490322f.json,1860,5fc0cfdeb125c13faafb598d690e1bd72980babc93c3c786067d22819932f98f,C:\RSOS\RSOS_EXPERIMENTS_WF2_PROSPECTIVE_CROSS_SYSTEM_CONFIRMATION\04_RAW\ACTIVE_CAUSAL\8a931616111ca7738490322f.json
C:\RSOS\RSOS_CANONICAL_EXPERIMENT_CHAIN\033_EXP-016__WF2_Prospective_Cross_System_Confirmation\04_RAW\SOURCE\ACTIVE_CAUSAL\8aac82db0dbe45aa557fd2a6.json,3374,529e36af4d207a218eef276be09f86060c38bdd7ba8f1b334e7182d449b7593a,C:\RSOS\RSOS_EXPERIMENTS_WF2_PROSPECTIVE_CROSS_SYSTEM_CONFIRMATION\04_RAW\ACTIVE_CAUSAL\8aac82db0dbe45aa557fd2a6.json
C:\RSOS\RSOS_CANONICAL_EXPERIMENT_CHAIN\033_EXP-016__WF2_Prospective_Cross_System_Confirmation\04_RAW\SOURCE\ACTIVE_CAUSAL\8aad432c4d8379b1021eb289.json,3375,12a8f06de029c190da03a02871686074e218c6abc047d5bee3702acfc3c5d638,C:\RSOS\RSOS_EXPERIMENTS_WF2_PROSPECTIVE_CROSS_SYSTEM_CONFIRMATION\04_RAW\ACTIVE_CAUSAL\8aad432c4d8379b1021eb289.json
C:\RSOS\RSOS_CANONICAL_EXPERIMENT_CHAIN\033_EXP-016__WF2_Prospective_Cross_System_Confirmation\04_RAW\SOURCE\ACTIVE_CAUSAL\8ac8f32cedfca9c750f1188a.json,1836,cc79fcc6738c317bdf3eaabf3c62256b9b4f702dd8d1405e8282dbb51f2f5628,C:\RSOS\RSOS_EXPERIMENTS_WF2_PROSPECTIVE_CROSS_SYSTEM_CONFIRMATION\04_RAW\ACTIVE_CAUSAL\8ac8f32cedfca9c750f1188a.json
C:\RSOS\RSOS_CANONICAL_EXPERIMENT_CHAIN\033_EXP-016__WF2_Prospective_Cross_System_Confirmation\04_RAW\SOURCE\ACTIVE_CAUSAL\8ad946f99b4a31bff7fee692.json,2440,0db85e36b6514af1ac5abe8260946861a2ba336e140e95719723b61a69674eac,C:\RSOS\RSOS_EXPERIMENTS_WF2_PROSPECTIVE_CROSS_SYSTEM_CONFIRMATION\04_RAW\ACTIVE_CAUSAL\8ad946f99b4a31bff7fee692.json
C:\RSOS\RSOS_CANONICAL_EXPERIMENT_CHAIN\033_EXP-016__WF2_Prospective_Cross_System_Confirmation\04_RAW\SOURCE\ACTIVE_CAUSAL\8b018499f34e4d41f49e90c0.json,1827,20c407cdc9bb35e33b4117f93287a1329b46944477e6d3af3d6ff67f683bfbcc,C:\RSOS\RSOS_EXPERIMENTS_WF2_PROSPECTIVE_CROSS_SYSTEM_CONFIRMATION\04_RAW\ACTIVE_CAUSAL\8b018499f34e4d41f49e90c0.json
C:\RSOS\RSOS_CANONICAL_EXPERIMENT_CHAIN\033_EXP-016__WF2_Prospective_Cross_System_Confirmation\04_RAW\SOURCE\ACTIVE_CAUSAL\8b151a47a06e942207ab5549.json,1991,90de6e88d0b35c37d5ae401d8f01e3d91dee58868296bd69f187ecca0e0b3c96,C:\RSOS\RSOS_EXPERIMENTS_WF2_PROSPECTIVE_CROSS_SYSTEM_CONFIRMATION\04_RAW\ACTIVE_CAUSAL\8b151a47a06e942207ab5549.json
C:\RSOS\RSOS_CANONICAL_EXPERIMENT_CHAIN\033_EXP-016__WF2_Prospective_Cross_System_Confirmation\04_RAW\SOURCE\ACTIVE_CAUSAL\8b3d9a4f8c1c09a4a1d3ed60.json,1826,853399adfdd3797a6cace9bab6c4c83efad392243c7476a0c303b4e9c8a40dfb,C:\RSOS\RSOS_EXPERIMENTS_WF2_PROSPECTIVE_CROSS_SYSTEM_CONFIRMATION\04_RAW\ACTIVE_CAUSAL\8b3d9a4f8c1c09a4a1d3ed60.json
C:\RSOS\RSOS_CANONICAL_EXPERIMENT_CHAIN\033_EXP-016__WF2_Prospective_Cross_System_Confirmation\04_RAW\SOURCE\ACTIVE_CAUSAL\8b3fdd79686326f837567326.json,1785,fd94b95998d5e58df5407d6e3ad5ecd2eb4a10f70d239af3d418f4ee1307a23e,C:\RSOS\RSOS_EXPERIMENTS_WF2_PROSPECTIVE_CROSS_SYSTEM_CONFIRMATION\04_RAW\ACTIVE_CAUSAL\8b3fdd79686326f837567326.json
C:\RSOS\RSOS_CANONICAL_EXPERIMENT_CHAIN\033_EXP-016__WF2_Prospective_Cross_System_Confirmation\04_RAW\SOURCE\ACTIVE_CAUSAL\8b456cd957acffa357a216f3.json,1980,f20fe7925130962b434d3095e686a496cc5309a62b02aa0e444a0cfa529854f8,C:\RSOS\RSOS_EXPERIMENTS_WF2_PROSPECTIVE_CROSS_SYSTEM_CONFIRMATION\04_RAW\ACTIVE_CAUSAL\8b456cd957acffa357a216f3.json
C:\RSOS\RSOS_CANONICAL_EXPERIMENT_CHAIN\033_EXP-016__WF2_Prospective_Cross_System_Confirmation\04_RAW\SOURCE\ACTIVE_CAUSAL\8b4795e60ff70e089541b575.json,1826,79718c8d5041fc8e32964d935013fb8fba99a4b04faed4cdc35f3db5ce323182,C:\RSOS\RSOS_EXPERIMENTS_WF2_PROSPECTIVE_CROSS_SYSTEM_CONFIRMATION\04_RAW\ACTIVE_CAUSAL\8b4795e60ff70e089541b575.json
C:\RSOS\RSOS_CANONICAL_EXPERIMENT_CHAIN\033_EXP-016__WF2_Prospective_Cross_System_Confirmation\04_RAW\SOURCE\ACTIVE_CAUSAL\8b50222278996195d400607a.json,3388,72d8694ce6307053d1ad4f0c8f84fc9087305a75fc663a6abb2f6efd3169c4e2,C:\RSOS\RSOS_EXPERIMENTS_WF2_PROSPECTIVE_CROSS_SYSTEM_CONFIRMATION\04_RAW\ACTIVE_CAUSAL\8b50222278996195d400607a.json
C:\RSOS\RSOS_CANONICAL_EXPERIMENT_CHAIN\033_EXP-016__WF2_Prospective_Cross_System_Confirmation\04_RAW\SOURCE\ACTIVE_CAUSAL\8ba1f3b0a2e2106bba3c2a06.json,1981,3ae39dcdb753c6baff1b476110d5ab4f2d598d97c042276da1d8b65c0cb5fd6f,C:\RSOS\RSOS_EXPERIMENTS_WF2_PROSPECTIVE_CROSS_SYSTEM_CONFIRMATION\04_RAW\ACTIVE_CAUSAL\8ba1f3b0a2e2106bba3c2a06.json
C:\RSOS\RSOS_CANONICAL_EXPERIMENT_CHAIN\033_EXP-016__WF2_Prospective_Cross_System_Confirmation\04_RAW\SOURCE\ACTIVE_CAUSAL\8bc0dfc4bf468694aca65adf.json,3374,2fcbfcac2539c95fe59c863ed6285a160fce1f22df65882c346da70b78a80c46,C:\RSOS\RSOS_EXPERIMENTS_WF2_PROSPECTIVE_CROSS_SYSTEM_CONFIRMATION\04_RAW\ACTIVE_CAUSAL\8bc0dfc4bf468694aca65adf.json
C:\RSOS\RSOS_CANONICAL_EXPERIMENT_CHAIN\033_EXP-016__WF2_Prospective_Cross_System_Confirmation\04_RAW\SOURCE\ACTIVE_CAUSAL\8bd1fb4ed5cc7a3c65786f3c.json,1827,5d601bcbfc26306a297c50c016c5bb68fb592cfe941a0ffc66cdbfeb61137126,C:\RSOS\RSOS_EXPERIMENTS_WF2_PROSPECTIVE_CROSS_SYSTEM_CONFIRMATION\04_RAW\ACTIVE_CAUSAL\8bd1fb4ed5cc7a3c65786f3c.json
C:\RSOS\RSOS_CANONICAL_EXPERIMENT_CHAIN\033_EXP-016__WF2_Prospective_Cross_System_Confirmation\04_RAW\SOURCE\ACTIVE_CAUSAL\8bd348680ef90f8793489f23.json,3375,12c009dbae69eea1d0e42d04150881e4dda3bfa5af4491f8a75f6e0f06ce59b0,C:\RSOS\RSOS_EXPERIMENTS_WF2_PROSPECTIVE_CROSS_SYSTEM_CONFIRMATION\04_RAW\ACTIVE_CAUSAL\8bd348680ef90f8793489f23.json
C:\RSOS\RSOS_CANONICAL_EXPERIMENT_CHAIN\033_EXP-016__WF2_Prospective_Cross_System_Confirmation\04_RAW\SOURCE\ACTIVE_CAUSAL\8be16ca5840eae2f241ff03b.json,1827,513962043b52b76d7906d609a5bee73664f1c43a82dc827fbc7387b19b44a1d2,C:\RSOS\RSOS_EXPERIMENTS_WF2_PROSPECTIVE_CROSS_SYSTEM_CONFIRMATION\04_RAW\ACTIVE_CAUSAL\8be16ca5840eae2f241ff03b.json
C:\RSOS\RSOS_CANONICAL_EXPERIMENT_CHAIN\033_EXP-016__WF2_Prospective_Cross_System_Confirmation\04_RAW\SOURCE\ACTIVE_CAUSAL\8bf3794351bd9b63ac9a652c.json,3375,0744a875894835320cabacfe8c685bf3205a7f43059ddb3366c46ee7ca940256,C:\RSOS\RSOS_EXPERIMENTS_WF2_PROSPECTIVE_CROSS_SYSTEM_CONFIRMATION\04_RAW\ACTIVE_CAUSAL\8bf3794351bd9b63ac9a652c.json
C:\RSOS\RSOS_CANONICAL_EXPERIMENT_CHAIN\033_EXP-016__WF2_Prospective_Cross_System_Confirmation\04_RAW\SOURCE\ACTIVE_CAUSAL\8bf470d139776738cf3fc44b.json,1991,5fe308f10c192c088dbfe474228e376daa4a57f0fa2bf116470b9d2e6e7bf792,C:\RSOS\RSOS_EXPERIMENTS_WF2_PROSPECTIVE_CROSS_SYSTEM_CONFIRMATION\04_RAW\ACTIVE_CAUSAL\8bf470d139776738cf3fc44b.json
C:\RSOS\RSOS_CANONICAL_EXPERIMENT_CHAIN\033_EXP-016__WF2_Prospective_Cross_System_Confirmation\04_RAW\SOURCE\ACTIVE_CAUSAL\8c3772aa6c365ee23256aea8.json,1827,f672f2461b05383455559db0e4fd8e85cf5a679985c09b5f3018d7a847ecaa82,C:\RSOS\RSOS_EXPERIMENTS_WF2_PROSPECTIVE_CROSS_SYSTEM_CONFIRMATION\04_RAW\ACTIVE_CAUSAL\8c3772aa6c365ee23256aea8.json
C:\RSOS\RSOS_CANONICAL_EXPERIMENT_CHAIN\033_EXP-016__WF2_Prospective_Cross_System_Confirmation\04_RAW\SOURCE\ACTIVE_CAUSAL\8c39b54acd48e8df3a62f1e3.json,1996,4bc9dfca74e28536c54b19ff26fcb3cbc2c07e2bfdc44a444bf078a0ac083512,C:\RSOS\RSOS_EXPERIMENTS_WF2_PROSPECTIVE_CROSS_SYSTEM_CONFIRMATION\04_RAW\ACTIVE_CAUSAL\8c39b54acd48e8df3a62f1e3.json
C:\RSOS\RSOS_CANONICAL_EXPERIMENT_CHAIN\033_EXP-016__WF2_Prospective_Cross_System_Confirmation\04_RAW\SOURCE\ACTIVE_CAUSAL\8c94e2080e3d3736b160dc7d.json,1981,4b83b3204d16d0bfe27d1091efb9af572ccb57a7dc60a08edcc1adf3136a8100,C:\RSOS\RSOS_EXPERIMENTS_WF2_PROSPECTIVE_CROSS_SYSTEM_CONFIRMATION\04_RAW\ACTIVE_CAUSAL\8c94e2080e3d3736b160dc7d.json
C:\RSOS\RSOS_CANONICAL_EXPERIMENT_CHAIN\033_EXP-016__WF2_Prospective_Cross_System_Confirmation\04_RAW\SOURCE\ACTIVE_CAUSAL\8cb5953b40cbd1a74ac00f9d.json,3385,df5706beb063942c8a44382fb5cddfa3480ed8becb29ec089baf4c95255f6da6,C:\RSOS\RSOS_EXPERIMENTS_WF2_PROSPECTIVE_CROSS_SYSTEM_CONFIRMATION\04_RAW\ACTIVE_CAUSAL\8cb5953b40cbd1a74ac00f9d.json
C:\RSOS\RSOS_CANONICAL_EXPERIMENT_CHAIN\033_EXP-016__WF2_Prospective_Cross_System_Confirmation\04_RAW\SOURCE\ACTIVE_CAUSAL\8ce35c2cb86e127a6ce43c45.json,1827,7b09db90c0dd921e9a3fe766ba238abb65e04376b643f7963a186ba66e89ee36,C:\RSOS\RSOS_EXPERIMENTS_WF2_PROSPECTIVE_CROSS_SYSTEM_CONFIRMATION\04_RAW\ACTIVE_CAUSAL\8ce35c2cb86e127a6ce43c45.json
C:\RSOS\RSOS_CANONICAL_EXPERIMENT_CHAIN\033_EXP-016__WF2_Prospective_Cross_System_Confirmation\04_RAW\SOURCE\ACTIVE_CAUSAL\8cfbff88fd4268c11986c886.json,3375,27fa59ea67f220662f760e458ad67e12146749da900cb39db7d3223ae82b8a34,C:\RSOS\RSOS_EXPERIMENTS_WF2_PROSPECTIVE_CROSS_SYSTEM_CONFIRMATION\04_RAW\ACTIVE_CAUSAL\8cfbff88fd4268c11986c886.json
C:\RSOS\RSOS_CANONICAL_EXPERIMENT_CHAIN\033_EXP-016__WF2_Prospective_Cross_System_Confirmation\04_RAW\SOURCE\ACTIVE_CAUSAL\8d037ba8c397d79be8390e6f.json,1990,77cc66e2a26ebd48a3bfaf7f02cf8e291a1ddf38a47524e85f5a67caff021d38,C:\RSOS\RSOS_EXPERIMENTS_WF2_PROSPECTIVE_CROSS_SYSTEM_CONFIRMATION\04_RAW\ACTIVE_CAUSAL\8d037ba8c397d79be8390e6f.json
C:\RSOS\RSOS_CANONICAL_EXPERIMENT_CHAIN\033_EXP-016__WF2_Prospective_Cross_System_Confirmation\04_RAW\SOURCE\ACTIVE_CAUSAL\8d450b53748f001612d1317b.json,1827,ac38f31f18d23501886a6eed25489b5a773846e27093fc408f1f9a6e2ab1c2ee,C:\RSOS\RSOS_EXPERIMENTS_WF2_PROSPECTIVE_CROSS_SYSTEM_CONFIRMATION\04_RAW\ACTIVE_CAUSAL\8d450b53748f001612d1317b.json
C:\RSOS\RSOS_CANONICAL_EXPERIMENT_CHAIN\033_EXP-016__WF2_Prospective_Cross_System_Confirmation\04_RAW\SOURCE\ACTIVE_CAUSAL\8d45bfcd07f04b828328b4b0.json,1982,3242b2e636f56a926edf2b0e4d1e9fcdde45a8b5b43498a254d52d8c0761fce3,C:\RSOS\RSOS_EXPERIMENTS_WF2_PROSPECTIVE_CROSS_SYSTEM_CONFIRMATION\04_RAW\ACTIVE_CAUSAL\8d45bfcd07f04b828328b4b0.json
C:\RSOS\RSOS_CANONICAL_EXPERIMENT_CHAIN\033_EXP-016__WF2_Prospective_Cross_System_Confirmation\04_RAW\SOURCE\ACTIVE_CAUSAL\8dc6aa52f7a03f5065efe7b0.json,1983,2fec6625b7299c72184d3b7f4d6774eb04beb2981596ec056ace8a8e6f493ad6,C:\RSOS\RSOS_EXPERIMENTS_WF2_PROSPECTIVE_CROSS_SYSTEM_CONFIRMATION\04_RAW\ACTIVE_CAUSAL\8dc6aa52f7a03f5065efe7b0.json
C:\RSOS\RSOS_CANONICAL_EXPERIMENT_CHAIN\033_EXP-016__WF2_Prospective_Cross_System_Confirmation\04_RAW\SOURCE\ACTIVE_CAUSAL\8e2b7b9241bccbc3a38c037e.json,1833,2ab732ab8b696bc91168930c5c7ad6b92f9fc3d0d4312478736839a43952eb6f,C:\RSOS\RSOS_EXPERIMENTS_WF2_PROSPECTIVE_CROSS_SYSTEM_CONFIRMATION\04_RAW\ACTIVE_CAUSAL\8e2b7b9241bccbc3a38c037e.json
C:\RSOS\RSOS_CANONICAL_EXPERIMENT_CHAIN\033_EXP-016__WF2_Prospective_Cross_System_Confirmation\04_RAW\SOURCE\ACTIVE_CAUSAL\8eaf36114776acbcf0b84e4f.json,1981,934b7526b8677eb80dfbbd42615657ca10f7c366e91d3203722b0cb13278d62c,C:\RSOS\RSOS_EXPERIMENTS_WF2_PROSPECTIVE_CROSS_SYSTEM_CONFIRMATION\04_RAW\ACTIVE_CAUSAL\8eaf36114776acbcf0b84e4f.json
C:\RSOS\RSOS_CANONICAL_EXPERIMENT_CHAIN\033_EXP-016__WF2_Prospective_Cross_System_Confirmation\04_RAW\SOURCE\ACTIVE_CAUSAL\8efc9dc45843971c31684b25.json,1981,f8ebe185bd27f858088dad27447e608f3ab91fef6e4f29c19bb8706d1e39d279,C:\RSOS\RSOS_EXPERIMENTS_WF2_PROSPECTIVE_CROSS_SYSTEM_CONFIRMATION\04_RAW\ACTIVE_CAUSAL\8efc9dc45843971c31684b25.json
C:\RSOS\RSOS_CANONICAL_EXPERIMENT_CHAIN\033_EXP-016__WF2_Prospective_Cross_System_Confirmation\04_RAW\SOURCE\ACTIVE_CAUSAL\8effbd5e8f345be011f423e9.json,1981,5a346f1c454b38984d107db4c9c72e5c7eb425ccf77f413707f75d0b1360d386,C:\RSOS\RSOS_EXPERIMENTS_WF2_PROSPECTIVE_CROSS_SYSTEM_CONFIRMATION\04_RAW\ACTIVE_CAUSAL\8effbd5e8f345be011f423e9.json
C:\RSOS\RSOS_CANONICAL_EXPERIMENT_CHAIN\033_EXP-016__WF2_Prospective_Cross_System_Confirmation\04_RAW\SOURCE\ACTIVE_CAUSAL\8f0281085f1bd2ce7a390234.json,1790,2e231bc0d44e8f5c0f17cd98a391c67d95aa4ec15a0662a971cd39818e96c502,C:\RSOS\RSOS_EXPERIMENTS_WF2_PROSPECTIVE_CROSS_SYSTEM_CONFIRMATION\04_RAW\ACTIVE_CAUSAL\8f0281085f1bd2ce7a390234.json
C:\RSOS\RSOS_CANONICAL_EXPERIMENT_CHAIN\033_EXP-016__WF2_Prospective_Cross_System_Confirmation\04_RAW\SOURCE\ACTIVE_CAUSAL\8f2ce630dbc1e7fda2e0e004.json,1761,7bcea49c1f5467ac55118fbcaabcc1b10c759a96d43a6e98ed6771bf58192a4c,C:\RSOS\RSOS_EXPERIMENTS_WF2_PROSPECTIVE_CROSS_SYSTEM_CONFIRMATION\04_RAW\ACTIVE_CAUSAL\8f2ce630dbc1e7fda2e0e004.json
C:\RSOS\RSOS_CANONICAL_EXPERIMENT_CHAIN\033_EXP-016__WF2_Prospective_Cross_System_Confirmation\04_RAW\SOURCE\ACTIVE_CAUSAL\8f4f0d3a3b1e8b7f7f652204.json,1981,602c5ebc6abe7acb2e9d051e41524bae707eb7b188b19a0881477653df5d9013,C:\RSOS\RSOS_EXPERIMENTS_WF2_PROSPECTIVE_CROSS_SYSTEM_CONFIRMATION\04_RAW\ACTIVE_CAUSAL\8f4f0d3a3b1e8b7f7f652204.json
C:\RSOS\RSOS_CANONICAL_EXPERIMENT_CHAIN\033_EXP-016__WF2_Prospective_Cross_System_Confirmation\04_RAW\SOURCE\ACTIVE_CAUSAL\8f6ee121c95b6017ddf63f8a.json,3374,0d6a5b834bd0d1acb83d44aa3c2d658e0ecfc53a855023711c6e2dfdff7ee606,C:\RSOS\RSOS_EXPERIMENTS_WF2_PROSPECTIVE_CROSS_SYSTEM_CONFIRMATION\04_RAW\ACTIVE_CAUSAL\8f6ee121c95b6017ddf63f8a.json
C:\RSOS\RSOS_CANONICAL_EXPERIMENT_CHAIN\033_EXP-016__WF2_Prospective_Cross_System_Confirmation\04_RAW\SOURCE\ACTIVE_CAUSAL\8f89b39a271ecb8eb74c538f.json,1762,95594618129e8df62789cc9e33b7207bd4abfd27c87bbb026ef89bfd13b79f13,C:\RSOS\RSOS_EXPERIMENTS_WF2_PROSPECTIVE_CROSS_SYSTEM_CONFIRMATION\04_RAW\ACTIVE_CAUSAL\8f89b39a271ecb8eb74c538f.json
C:\RSOS\RSOS_CANONICAL_EXPERIMENT_CHAIN\033_EXP-016__WF2_Prospective_Cross_System_Confirmation\04_RAW\SOURCE\ACTIVE_CAUSAL\8f8f4ba291e651b342099b91.json,1981,489694961fca232c197245c72e94f231375f4636a560170bb9164f250d709077,C:\RSOS\RSOS_EXPERIMENTS_WF2_PROSPECTIVE_CROSS_SYSTEM_CONFIRMATION\04_RAW\ACTIVE_CAUSAL\8f8f4ba291e651b342099b91.json
C:\RSOS\RSOS_CANONICAL_EXPERIMENT_CHAIN\033_EXP-016__WF2_Prospective_Cross_System_Confirmation\04_RAW\SOURCE\ACTIVE_CAUSAL\8fc0992fa37d3d9a064cc81a.json,1835,0dbe1db06ba517ee6fde807a00aa1bf61257b76eb81cd75faac9a5429f45eae3,C:\RSOS\RSOS_EXPERIMENTS_WF2_PROSPECTIVE_CROSS_SYSTEM_CONFIRMATION\04_RAW\ACTIVE_CAUSAL\8fc0992fa37d3d9a064cc81a.json
C:\RSOS\RSOS_CANONICAL_EXPERIMENT_CHAIN\033_EXP-016__WF2_Prospective_Cross_System_Confirmation\04_RAW\SOURCE\ACTIVE_CAUSAL\8fd9175ac1499271b8af6294.json,3374,b0a15b8b286f2fa58d7d4f5a9437bd7684742d0a36f56d99f2aadeae3ff42399,C:\RSOS\RSOS_EXPERIMENTS_WF2_PROSPECTIVE_CROSS_SYSTEM_CONFIRMATION\04_RAW\ACTIVE_CAUSAL\8fd9175ac1499271b8af6294.json
C:\RSOS\RSOS_CANONICAL_EXPERIMENT_CHAIN\033_EXP-016__WF2_Prospective_Cross_System_Confirmation\04_RAW\SOURCE\ACTIVE_CAUSAL\9051926aad231316c3828bef.json,1826,12b2ab3bd57976d2ab18d4161457276c1f5c995c6a19b2dc3854253a877dbe75,C:\RSOS\RSOS_EXPERIMENTS_WF2_PROSPECTIVE_CROSS_SYSTEM_CONFIRMATION\04_RAW\ACTIVE_CAUSAL\9051926aad231316c3828bef.json
C:\RSOS\RSOS_CANONICAL_EXPERIMENT_CHAIN\033_EXP-016__WF2_Prospective_Cross_System_Confirmation\04_RAW\SOURCE\ACTIVE_CAUSAL\9066338540c239c156357455.json,1860,f9b69416bf1d7f1b173cf17cd263a39e64de9527e87f9443de79183ae68578cc,C:\RSOS\RSOS_EXPERIMENTS_WF2_PROSPECTIVE_CROSS_SYSTEM_CONFIRMATION\04_RAW\ACTIVE_CAUSAL\9066338540c239c156357455.json
C:\RSOS\RSOS_CANONICAL_EXPERIMENT_CHAIN\033_EXP-016__WF2_Prospective_Cross_System_Confirmation\04_RAW\SOURCE\ACTIVE_CAUSAL\906886ec777618ee50597a31.json,1990,ad0d336ccf218781edf8a771e273f21c9f9c5187d4bc5048eaffafdff84f0127,C:\RSOS\RSOS_EXPERIMENTS_WF2_PROSPECTIVE_CROSS_SYSTEM_CONFIRMATION\04_RAW\ACTIVE_CAUSAL\906886ec777618ee50597a31.json
C:\RSOS\RSOS_CANONICAL_EXPERIMENT_CHAIN\033_EXP-016__WF2_Prospective_Cross_System_Confirmation\04_RAW\SOURCE\ACTIVE_CAUSAL\9092a1f4abd7f2aadc15ac09.json,1876,ce615c4f19c2dad75d73ac821117f624238cfc621ca76e92a696ce3d3aacd236,C:\RSOS\RSOS_EXPERIMENTS_WF2_PROSPECTIVE_CROSS_SYSTEM_CONFIRMATION\04_RAW\ACTIVE_CAUSAL\9092a1f4abd7f2aadc15ac09.json
C:\RSOS\RSOS_CANONICAL_EXPERIMENT_CHAIN\033_EXP-016__WF2_Prospective_Cross_System_Confirmation\04_RAW\SOURCE\ACTIVE_CAUSAL\91085f4bb10ce9eaead42e12.json,1981,c225b839bb75388a4e98e405640ce24734bd1321897195f19f8adf6846887ce0,C:\RSOS\RSOS_EXPERIMENTS_WF2_PROSPECTIVE_CROSS_SYSTEM_CONFIRMATION\04_RAW\ACTIVE_CAUSAL\91085f4bb10ce9eaead42e12.json
C:\RSOS\RSOS_CANONICAL_EXPERIMENT_CHAIN\033_EXP-016__WF2_Prospective_Cross_System_Confirmation\04_RAW\SOURCE\ACTIVE_CAUSAL\911dacae38e1a173cf2f8b65.json,3375,f931e945d2b40c5cda0ce01c8198f0c11562aca2d28e69a39c22c08099504472,C:\RSOS\RSOS_EXPERIMENTS_WF2_PROSPECTIVE_CROSS_SYSTEM_CONFIRMATION\04_RAW\ACTIVE_CAUSAL\911dacae38e1a173cf2f8b65.json
C:\RSOS\RSOS_CANONICAL_EXPERIMENT_CHAIN\033_EXP-016__WF2_Prospective_Cross_System_Confirmation\04_RAW\SOURCE\ACTIVE_CAUSAL\91313fbb43223888dc5b301f.json,1826,a0fd852ddcd46c129422b16a75b5ce833bae67715a0a547ef41f78414e1e63da,C:\RSOS\RSOS_EXPERIMENTS_WF2_PROSPECTIVE_CROSS_SYSTEM_CONFIRMATION\04_RAW\ACTIVE_CAUSAL\91313fbb43223888dc5b301f.json
C:\RSOS\RSOS_CANONICAL_EXPERIMENT_CHAIN\033_EXP-016__WF2_Prospective_Cross_System_Confirmation\04_RAW\SOURCE\ACTIVE_CAUSAL\919160435e58f8d6598a3f99.json,3374,5cda6949a55e84b16ba305fbc83a36f8510d55c0630f4a30e267be5fd0fb5b6a,C:\RSOS\RSOS_EXPERIMENTS_WF2_PROSPECTIVE_CROSS_SYSTEM_CONFIRMATION\04_RAW\ACTIVE_CAUSAL\919160435e58f8d6598a3f99.json
C:\RSOS\RSOS_CANONICAL_EXPERIMENT_CHAIN\033_EXP-016__WF2_Prospective_Cross_System_Confirmation\04_RAW\SOURCE\ACTIVE_CAUSAL\919439df37537899aa602e47.json,1827,95df668752e83914f55579f66122bec353bb771d4bb9e577d4eded1b10ca3004,C:\RSOS\RSOS_EXPERIMENTS_WF2_PROSPECTIVE_CROSS_SYSTEM_CONFIRMATION\04_RAW\ACTIVE_CAUSAL\919439df37537899aa602e47.json
C:\RSOS\RSOS_CANONICAL_EXPERIMENT_CHAIN\033_EXP-016__WF2_Prospective_Cross_System_Confirmation\04_RAW\SOURCE\ACTIVE_CAUSAL\91b532012c57c25a91a140c4.json,1992,0207955789db7d4f72ade61f37938f80afa47065720b5fbf77a9494f8b18e55f,C:\RSOS\RSOS_EXPERIMENTS_WF2_PROSPECTIVE_CROSS_SYSTEM_CONFIRMATION\04_RAW\ACTIVE_CAUSAL\91b532012c57c25a91a140c4.json
C:\RSOS\RSOS_CANONICAL_EXPERIMENT_CHAIN\033_EXP-016__WF2_Prospective_Cross_System_Confirmation\04_RAW\SOURCE\ACTIVE_CAUSAL\91e67fe21300313b42d2c904.json,3375,a4bb99e1a5770ae2b18fc23f323713c68fcd074efd3ed15e25d5ac55e42b0085,C:\RSOS\RSOS_EXPERIMENTS_WF2_PROSPECTIVE_CROSS_SYSTEM_CONFIRMATION\04_RAW\ACTIVE_CAUSAL\91e67fe21300313b42d2c904.json
C:\RSOS\RSOS_CANONICAL_EXPERIMENT_CHAIN\033_EXP-016__WF2_Prospective_Cross_System_Confirmation\04_RAW\SOURCE\ACTIVE_CAUSAL\91f8949f97807b9a3002eced.json,1991,77cab36106d9e8a1c4a4d972359dc5fe24e36790809f34abe9ba6c322dc3fa20,C:\RSOS\RSOS_EXPERIMENTS_WF2_PROSPECTIVE_CROSS_SYSTEM_CONFIRMATION\04_RAW\ACTIVE_CAUSAL\91f8949f97807b9a3002eced.json
C:\RSOS\RSOS_CANONICAL_EXPERIMENT_CHAIN\033_EXP-016__WF2_Prospective_Cross_System_Confirmation\04_RAW\SOURCE\ACTIVE_CAUSAL\9208004120ed065c67ec1bdf.json,1982,8f047a3bad91525c34bef4f420efbf83a51dc63e18682bd4345787629541bfda,C:\RSOS\RSOS_EXPERIMENTS_WF2_PROSPECTIVE_CROSS_SYSTEM_CONFIRMATION\04_RAW\ACTIVE_CAUSAL\9208004120ed065c67ec1bdf.json
C:\RSOS\RSOS_CANONICAL_EXPERIMENT_CHAIN\033_EXP-016__WF2_Prospective_Cross_System_Confirmation\04_RAW\SOURCE\ACTIVE_CAUSAL\925d2e5ba39e50b0f7d1d671.json,1826,c7a77a779c4fe10dda166be07912ad4f32f9dc872a2a253265d5d8b8c221295b,C:\RSOS\RSOS_EXPERIMENTS_WF2_PROSPECTIVE_CROSS_SYSTEM_CONFIRMATION\04_RAW\ACTIVE_CAUSAL\925d2e5ba39e50b0f7d1d671.json
C:\RSOS\RSOS_CANONICAL_EXPERIMENT_CHAIN\033_EXP-016__WF2_Prospective_Cross_System_Confirmation\04_RAW\SOURCE\ACTIVE_CAUSAL\92a5dc8129b4b752863f58fe.json,1991,712cd44817f0349220a422f6be56176293ac84b61ae69662c6f24270441e8357,C:\RSOS\RSOS_EXPERIMENTS_WF2_PROSPECTIVE_CROSS_SYSTEM_CONFIRMATION\04_RAW\ACTIVE_CAUSAL\92a5dc8129b4b752863f58fe.json
C:\RSOS\RSOS_CANONICAL_EXPERIMENT_CHAIN\033_EXP-016__WF2_Prospective_Cross_System_Confirmation\04_RAW\SOURCE\ACTIVE_CAUSAL\9310f56b8882118df485c416.json,1988,31eed70be402c2de51b5568dfb28badc39ff1f4bf97e52dcfb612d2fc7a88f5b,C:\RSOS\RSOS_EXPERIMENTS_WF2_PROSPECTIVE_CROSS_SYSTEM_CONFIRMATION\04_RAW\ACTIVE_CAUSAL\9310f56b8882118df485c416.json
C:\RSOS\RSOS_CANONICAL_EXPERIMENT_CHAIN\033_EXP-016__WF2_Prospective_Cross_System_Confirmation\04_RAW\SOURCE\ACTIVE_CAUSAL\932af693024eac9e0683154e.json,1835,c4238fbe782475cd1b03e92441725f96cdcdb8904c5f18f3d44c230e41c870f7,C:\RSOS\RSOS_EXPERIMENTS_WF2_PROSPECTIVE_CROSS_SYSTEM_CONFIRMATION\04_RAW\ACTIVE_CAUSAL\932af693024eac9e0683154e.json
C:\RSOS\RSOS_CANONICAL_EXPERIMENT_CHAIN\033_EXP-016__WF2_Prospective_Cross_System_Confirmation\04_RAW\SOURCE\ACTIVE_CAUSAL\934e1e0705cf10b6a3674833.json,3374,4dbca9f265fa98547b7815c1d7e45337e4f4452a2e0d330d4276079ab18e9073,C:\RSOS\RSOS_EXPERIMENTS_WF2_PROSPECTIVE_CROSS_SYSTEM_CONFIRMATION\04_RAW\ACTIVE_CAUSAL\934e1e0705cf10b6a3674833.json
C:\RSOS\RSOS_CANONICAL_EXPERIMENT_CHAIN\033_EXP-016__WF2_Prospective_Cross_System_Confirmation\04_RAW\SOURCE\ACTIVE_CAUSAL\935cb8709451c290e72a9c91.json,1990,76a30c1b8219c0d47d9dddf09efc1670b65c9ea01d02be0658e2508d6b73eedd,C:\RSOS\RSOS_EXPERIMENTS_WF2_PROSPECTIVE_CROSS_SYSTEM_CONFIRMATION\04_RAW\ACTIVE_CAUSAL\935cb8709451c290e72a9c91.json
C:\RSOS\RSOS_CANONICAL_EXPERIMENT_CHAIN\033_EXP-016__WF2_Prospective_Cross_System_Confirmation\04_RAW\SOURCE\ACTIVE_CAUSAL\9371c39588506a6f1d3f1cfd.json,3384,6dad9c04ed0a1ca5ca59bd8920985946f2a2d52da54b0c82500d2913036f5d2a,C:\RSOS\RSOS_EXPERIMENTS_WF2_PROSPECTIVE_CROSS_SYSTEM_CONFIRMATION\04_RAW\ACTIVE_CAUSAL\9371c39588506a6f1d3f1cfd.json
C:\RSOS\RSOS_CANONICAL_EXPERIMENT_CHAIN\033_EXP-016__WF2_Prospective_Cross_System_Confirmation\04_RAW\SOURCE\ACTIVE_CAUSAL\9380cff36f485d75775f4845.json,1981,9741d5f95a756f36b3cc90b14769feb770601cd58b9ea2b75a0a92bf6ab715fa,C:\RSOS\RSOS_EXPERIMENTS_WF2_PROSPECTIVE_CROSS_SYSTEM_CONFIRMATION\04_RAW\ACTIVE_CAUSAL\9380cff36f485d75775f4845.json
C:\RSOS\RSOS_CANONICAL_EXPERIMENT_CHAIN\033_EXP-016__WF2_Prospective_Cross_System_Confirmation\04_RAW\SOURCE\ACTIVE_CAUSAL\9382e97bfac2c6ad51f1a1e7.json,1776,726d45b1a4f3bb76fa92cc5fdabf67edf7661bd3b1efced70b16800b061691ed,C:\RSOS\RSOS_EXPERIMENTS_WF2_PROSPECTIVE_CROSS_SYSTEM_CONFIRMATION\04_RAW\ACTIVE_CAUSAL\9382e97bfac2c6ad51f1a1e7.json
C:\RSOS\RSOS_CANONICAL_EXPERIMENT_CHAIN\033_EXP-016__WF2_Prospective_Cross_System_Confirmation\04_RAW\SOURCE\ACTIVE_CAUSAL\93b6451eb8d29c3494c564c7.json,1826,b2cc75f90777cca97e6fe3dc1c3bf64cd796c5e904e5a7563808d97e87c0a516,C:\RSOS\RSOS_EXPERIMENTS_WF2_PROSPECTIVE_CROSS_SYSTEM_CONFIRMATION\04_RAW\ACTIVE_CAUSAL\93b6451eb8d29c3494c564c7.json
C:\RSOS\RSOS_CANONICAL_EXPERIMENT_CHAIN\033_EXP-016__WF2_Prospective_Cross_System_Confirmation\04_RAW\SOURCE\ACTIVE_CAUSAL\93f54718ba074e337b35d25f.json,1983,f3506e0d1bb6ab7e3280f517c37c7b4da04b39e500478a94942e66177218312b,C:\RSOS\RSOS_EXPERIMENTS_WF2_PROSPECTIVE_CROSS_SYSTEM_CONFIRMATION\04_RAW\ACTIVE_CAUSAL\93f54718ba074e337b35d25f.json
C:\RSOS\RSOS_CANONICAL_EXPERIMENT_CHAIN\033_EXP-016__WF2_Prospective_Cross_System_Confirmation\04_RAW\SOURCE\ACTIVE_CAUSAL\93f631181242d021c4ed8924.json,1777,77461d03976d46d69254a2625d79511b3ca05e249f3f2feda0f85054e94e4177,C:\RSOS\RSOS_EXPERIMENTS_WF2_PROSPECTIVE_CROSS_SYSTEM_CONFIRMATION\04_RAW\ACTIVE_CAUSAL\93f631181242d021c4ed8924.json
C:\RSOS\RSOS_CANONICAL_EXPERIMENT_CHAIN\033_EXP-016__WF2_Prospective_Cross_System_Confirmation\04_RAW\SOURCE\ACTIVE_CAUSAL\941b78cf4b982031e900faf0.json,1981,c88afc59f6c333e19861942507fc6cc8212f69f093b7175a1a185810d65bee47,C:\RSOS\RSOS_EXPERIMENTS_WF2_PROSPECTIVE_CROSS_SYSTEM_CONFIRMATION\04_RAW\ACTIVE_CAUSAL\941b78cf4b982031e900faf0.json
C:\RSOS\RSOS_CANONICAL_EXPERIMENT_CHAIN\033_EXP-016__WF2_Prospective_Cross_System_Confirmation\04_RAW\SOURCE\ACTIVE_CAUSAL\949007ac96631fb906fe0841.json,1826,eb15b1dbb2d7cdf53cd29c4ab944555a6b0b97e30c61fa30ef42ff861280d798,C:\RSOS\RSOS_EXPERIMENTS_WF2_PROSPECTIVE_CROSS_SYSTEM_CONFIRMATION\04_RAW\ACTIVE_CAUSAL\949007ac96631fb906fe0841.json
C:\RSOS\RSOS_CANONICAL_EXPERIMENT_CHAIN\033_EXP-016__WF2_Prospective_Cross_System_Confirmation\04_RAW\SOURCE\ACTIVE_CAUSAL\94c7da4d299b6f25776d5a4a.json,1836,b4740de1b8428206cc013bb3da33b59b77248d85a8a994232966bf3d5356ac3c,C:\RSOS\RSOS_EXPERIMENTS_WF2_PROSPECTIVE_CROSS_SYSTEM_CONFIRMATION\04_RAW\ACTIVE_CAUSAL\94c7da4d299b6f25776d5a4a.json
C:\RSOS\RSOS_CANONICAL_EXPERIMENT_CHAIN\033_EXP-016__WF2_Prospective_Cross_System_Confirmation\04_RAW\SOURCE\ACTIVE_CAUSAL\94e227ad77d098b982bf0209.json,1981,0f5d8e184560a846eb29f1304ae7e552cc07caf52297be84170992a485113532,C:\RSOS\RSOS_EXPERIMENTS_WF2_PROSPECTIVE_CROSS_SYSTEM_CONFIRMATION\04_RAW\ACTIVE_CAUSAL\94e227ad77d098b982bf0209.json
C:\RSOS\RSOS_CANONICAL_EXPERIMENT_CHAIN\033_EXP-016__WF2_Prospective_Cross_System_Confirmation\04_RAW\SOURCE\ACTIVE_CAUSAL\94ee36588cdd745f3b5fa7ba.json,1827,87034bcf1e057f082b12703656238aad66b3143580b645563c7acbacdaeb296e,C:\RSOS\RSOS_EXPERIMENTS_WF2_PROSPECTIVE_CROSS_SYSTEM_CONFIRMATION\04_RAW\ACTIVE_CAUSAL\94ee36588cdd745f3b5fa7ba.json
C:\RSOS\RSOS_CANONICAL_EXPERIMENT_CHAIN\033_EXP-016__WF2_Prospective_Cross_System_Confirmation\04_RAW\SOURCE\ACTIVE_CAUSAL\94f78abe7be05c9a7617f6a1.json,1981,f0f8e135eb2cba3356405f55e1bb8ebc57d8dc53c225129e8e8b1dbd8c3ae1e5,C:\RSOS\RSOS_EXPERIMENTS_WF2_PROSPECTIVE_CROSS_SYSTEM_CONFIRMATION\04_RAW\ACTIVE_CAUSAL\94f78abe7be05c9a7617f6a1.json
C:\RSOS\RSOS_CANONICAL_EXPERIMENT_CHAIN\033_EXP-016__WF2_Prospective_Cross_System_Confirmation\04_RAW\SOURCE\ACTIVE_CAUSAL\94f8258e2ab6de34e0ff842b.json,1992,71391e4dbc9ad4ea8fb80c1e84791e3c74cb2015e128aa595cfe25bf5a781794,C:\RSOS\RSOS_EXPERIMENTS_WF2_PROSPECTIVE_CROSS_SYSTEM_CONFIRMATION\04_RAW\ACTIVE_CAUSAL\94f8258e2ab6de34e0ff842b.json
C:\RSOS\RSOS_CANONICAL_EXPERIMENT_CHAIN\033_EXP-016__WF2_Prospective_Cross_System_Confirmation\04_RAW\SOURCE\ACTIVE_CAUSAL\951150dde44dc20d480dde86.json,3374,00c3cedec6542f85e648de62dc096dddd7bf2de95f45fc9c7d71d59dc4cf170b,C:\RSOS\RSOS_EXPERIMENTS_WF2_PROSPECTIVE_CROSS_SYSTEM_CONFIRMATION\04_RAW\ACTIVE_CAUSAL\951150dde44dc20d480dde86.json
C:\RSOS\RSOS_CANONICAL_EXPERIMENT_CHAIN\033_EXP-016__WF2_Prospective_Cross_System_Confirmation\04_RAW\SOURCE\ACTIVE_CAUSAL\95229ef4781ce6321e5ee114.json,1827,829c06afa7024d3ebc7c941909a4adf44ebe4855e4f3ada7804b021d0f406a3b,C:\RSOS\RSOS_EXPERIMENTS_WF2_PROSPECTIVE_CROSS_SYSTEM_CONFIRMATION\04_RAW\ACTIVE_CAUSAL\95229ef4781ce6321e5ee114.json
C:\RSOS\RSOS_CANONICAL_EXPERIMENT_CHAIN\033_EXP-016__WF2_Prospective_Cross_System_Confirmation\04_RAW\SOURCE\ACTIVE_CAUSAL\9532ef10788453992d4b01eb.json,1826,9d43b474863df154c3f2653c534bf0598134e4897a46a8c58aa569026d9e6d59,C:\RSOS\RSOS_EXPERIMENTS_WF2_PROSPECTIVE_CROSS_SYSTEM_CONFIRMATION\04_RAW\ACTIVE_CAUSAL\9532ef10788453992d4b01eb.json
C:\RSOS\RSOS_CANONICAL_EXPERIMENT_CHAIN\033_EXP-016__WF2_Prospective_Cross_System_Confirmation\04_RAW\SOURCE\ACTIVE_CAUSAL\95335d4e9d7690f435db4eaa.json,1753,a0a8a4b169913ddc87cc1641639196e9e1772b3757e5583ce0c487dec8bda35b,C:\RSOS\RSOS_EXPERIMENTS_WF2_PROSPECTIVE_CROSS_SYSTEM_CONFIRMATION\04_RAW\ACTIVE_CAUSAL\95335d4e9d7690f435db4eaa.json
C:\RSOS\RSOS_CANONICAL_EXPERIMENT_CHAIN\033_EXP-016__WF2_Prospective_Cross_System_Confirmation\04_RAW\SOURCE\ACTIVE_CAUSAL\955d86a6026dda6a40eafb28.json,3374,5d8920ca85eea70e39773059747de42733b0416a2f2b742cb53cad30cf7fb157,C:\RSOS\RSOS_EXPERIMENTS_WF2_PROSPECTIVE_CROSS_SYSTEM_CONFIRMATION\04_RAW\ACTIVE_CAUSAL\955d86a6026dda6a40eafb28.json
C:\RSOS\RSOS_CANONICAL_EXPERIMENT_CHAIN\033_EXP-016__WF2_Prospective_Cross_System_Confirmation\04_RAW\SOURCE\ACTIVE_CAUSAL\957d01ba48ff7a647b267c6f.json,3388,62a40a2ba10dcac1e3c12aae631ab7336dbe71d21ec3569d79c8b2b70094e8df,C:\RSOS\RSOS_EXPERIMENTS_WF2_PROSPECTIVE_CROSS_SYSTEM_CONFIRMATION\04_RAW\ACTIVE_CAUSAL\957d01ba48ff7a647b267c6f.json
C:\RSOS\RSOS_CANONICAL_EXPERIMENT_CHAIN\033_EXP-016__WF2_Prospective_Cross_System_Confirmation\04_RAW\SOURCE\ACTIVE_CAUSAL\9596d02b7eada9b7b3078a8e.json,1982,41a37b1ca987d820816e3d3af06cf98c7b1f3c0a02cc24f0b5608aef730cd258,C:\RSOS\RSOS_EXPERIMENTS_WF2_PROSPECTIVE_CROSS_SYSTEM_CONFIRMATION\04_RAW\ACTIVE_CAUSAL\9596d02b7eada9b7b3078a8e.json
C:\RSOS\RSOS_CANONICAL_EXPERIMENT_CHAIN\033_EXP-016__WF2_Prospective_Cross_System_Confirmation\04_RAW\SOURCE\ACTIVE_CAUSAL\95a18f7265a46dc0c9b72dbf.json,3389,6f804c1b09fcf2e709d3d3e3f0102fac0f854f328ba18bc2118e1ae981cf95bb,C:\RSOS\RSOS_EXPERIMENTS_WF2_PROSPECTIVE_CROSS_SYSTEM_CONFIRMATION\04_RAW\ACTIVE_CAUSAL\95a18f7265a46dc0c9b72dbf.json
C:\RSOS\RSOS_CANONICAL_EXPERIMENT_CHAIN\033_EXP-016__WF2_Prospective_Cross_System_Confirmation\04_RAW\SOURCE\ACTIVE_CAUSAL\95e4da5963480a0ca5552003.json,1827,f6cad67081413bd0d8c4b37a56b3f86736323bc59f81a05aa819bbba18b5ba8a,C:\RSOS\RSOS_EXPERIMENTS_WF2_PROSPECTIVE_CROSS_SYSTEM_CONFIRMATION\04_RAW\ACTIVE_CAUSAL\95e4da5963480a0ca5552003.json
C:\RSOS\RSOS_CANONICAL_EXPERIMENT_CHAIN\033_EXP-016__WF2_Prospective_Cross_System_Confirmation\04_RAW\SOURCE\ACTIVE_CAUSAL\95fa4f7302b70915ee5b8173.json,1982,436c35af499053e8fd94898115e18b1a3b6f77fdd3f53c6bc90e87fc8d65d25d,C:\RSOS\RSOS_EXPERIMENTS_WF2_PROSPECTIVE_CROSS_SYSTEM_CONFIRMATION\04_RAW\ACTIVE_CAUSAL\95fa4f7302b70915ee5b8173.json
C:\RSOS\RSOS_CANONICAL_EXPERIMENT_CHAIN\033_EXP-016__WF2_Prospective_Cross_System_Confirmation\04_RAW\SOURCE\ACTIVE_CAUSAL\96600ab7cfbaa42af7d1661f.json,2440,50ae8266e452069be50fec0de427feeecc7893b837d26d83092aceaee1181003,C:\RSOS\RSOS_EXPERIMENTS_WF2_PROSPECTIVE_CROSS_SYSTEM_CONFIRMATION\04_RAW\ACTIVE_CAUSAL\96600ab7cfbaa42af7d1661f.json
C:\RSOS\RSOS_CANONICAL_EXPERIMENT_CHAIN\033_EXP-016__WF2_Prospective_Cross_System_Confirmation\04_RAW\SOURCE\ACTIVE_CAUSAL\966aebc406f6b2630a916fa1.json,1992,132904a8da22e9430e1424062bc548eada5cab3386b372250abe4e669a2cb775,C:\RSOS\RSOS_EXPERIMENTS_WF2_PROSPECTIVE_CROSS_SYSTEM_CONFIRMATION\04_RAW\ACTIVE_CAUSAL\966aebc406f6b2630a916fa1.json
C:\RSOS\RSOS_CANONICAL_EXPERIMENT_CHAIN\033_EXP-016__WF2_Prospective_Cross_System_Confirmation\04_RAW\SOURCE\ACTIVE_CAUSAL\96dd9d481361bac31c188488.json,1981,ef8fe6a564372b81619048bfe6c0b72ab5bba61f8becb6288bd42a936801c2ec,C:\RSOS\RSOS_EXPERIMENTS_WF2_PROSPECTIVE_CROSS_SYSTEM_CONFIRMATION\04_RAW\ACTIVE_CAUSAL\96dd9d481361bac31c188488.json
C:\RSOS\RSOS_CANONICAL_EXPERIMENT_CHAIN\033_EXP-016__WF2_Prospective_Cross_System_Confirmation\04_RAW\SOURCE\ACTIVE_CAUSAL\97113a48e0e150683a56c6a9.json,2440,1c6b09883adcf391e15ca36bbcf4ef08e29caf192c677b918f29ab589939de94,C:\RSOS\RSOS_EXPERIMENTS_WF2_PROSPECTIVE_CROSS_SYSTEM_CONFIRMATION\04_RAW\ACTIVE_CAUSAL\97113a48e0e150683a56c6a9.json
C:\RSOS\RSOS_CANONICAL_EXPERIMENT_CHAIN\033_EXP-016__WF2_Prospective_Cross_System_Confirmation\04_RAW\SOURCE\ACTIVE_CAUSAL\9741b7a64389864b8510b549.json,3384,073484c76a1882ab59be3dda89f444c30e90a3acd7bc0fa8e182c5a4f7c3bc4e,C:\RSOS\RSOS_EXPERIMENTS_WF2_PROSPECTIVE_CROSS_SYSTEM_CONFIRMATION\04_RAW\ACTIVE_CAUSAL\9741b7a64389864b8510b549.json
C:\RSOS\RSOS_CANONICAL_EXPERIMENT_CHAIN\033_EXP-016__WF2_Prospective_Cross_System_Confirmation\04_RAW\SOURCE\ACTIVE_CAUSAL\97a42611fef59ef08145e447.json,1981,9cda1d2d7c0c70263ac5b839e4757984a4ebbb06b7a7ffbaad3456913feb0496,C:\RSOS\RSOS_EXPERIMENTS_WF2_PROSPECTIVE_CROSS_SYSTEM_CONFIRMATION\04_RAW\ACTIVE_CAUSAL\97a42611fef59ef08145e447.json
C:\RSOS\RSOS_CANONICAL_EXPERIMENT_CHAIN\033_EXP-016__WF2_Prospective_Cross_System_Confirmation\04_RAW\SOURCE\ACTIVE_CAUSAL\97b0c2e6c6ba1a47843eee8e.json,3385,0e098721c167f7f9e4e5f4e8357a62a846817f00c8872d767f11f281dae27d1b,C:\RSOS\RSOS_EXPERIMENTS_WF2_PROSPECTIVE_CROSS_SYSTEM_CONFIRMATION\04_RAW\ACTIVE_CAUSAL\97b0c2e6c6ba1a47843eee8e.json
C:\RSOS\RSOS_CANONICAL_EXPERIMENT_CHAIN\033_EXP-016__WF2_Prospective_Cross_System_Confirmation\04_RAW\SOURCE\ACTIVE_CAUSAL\97e5bed8b1e06953a1d95883.json,1981,5ac54900defc855d7790d73adec39a63f9b87d69dcf7144b4d889e8d87cd140f,C:\RSOS\RSOS_EXPERIMENTS_WF2_PROSPECTIVE_CROSS_SYSTEM_CONFIRMATION\04_RAW\ACTIVE_CAUSAL\97e5bed8b1e06953a1d95883.json
C:\RSOS\RSOS_CANONICAL_EXPERIMENT_CHAIN\033_EXP-016__WF2_Prospective_Cross_System_Confirmation\04_RAW\SOURCE\ACTIVE_CAUSAL\982d5b01a39de2c5ea64a2fc.json,1826,222bc0cc7a673c8e47a16903a3ce02f462c5b47907afcd9f890e72618ead3ccb,C:\RSOS\RSOS_EXPERIMENTS_WF2_PROSPECTIVE_CROSS_SYSTEM_CONFIRMATION\04_RAW\ACTIVE_CAUSAL\982d5b01a39de2c5ea64a2fc.json
C:\RSOS\RSOS_CANONICAL_EXPERIMENT_CHAIN\033_EXP-016__WF2_Prospective_Cross_System_Confirmation\04_RAW\SOURCE\ACTIVE_CAUSAL\9878f109f97f31081b56cd09.json,1826,9d7ccf8f560ad62ceb609378a02b2695b4fe882a273d81d25eedeba32fffaa87,C:\RSOS\RSOS_EXPERIMENTS_WF2_PROSPECTIVE_CROSS_SYSTEM_CONFIRMATION\04_RAW\ACTIVE_CAUSAL\9878f109f97f31081b56cd09.json
C:\RSOS\RSOS_CANONICAL_EXPERIMENT_CHAIN\033_EXP-016__WF2_Prospective_Cross_System_Confirmation\04_RAW\SOURCE\ACTIVE_CAUSAL\98b83d5296bb7ce865218cf3.json,3374,c3954a2277d3fa73b5ad04b31ca3fe2b17bd248042ef50c644e4dd0fa994be38,C:\RSOS\RSOS_EXPERIMENTS_WF2_PROSPECTIVE_CROSS_SYSTEM_CONFIRMATION\04_RAW\ACTIVE_CAUSAL\98b83d5296bb7ce865218cf3.json
C:\RSOS\RSOS_CANONICAL_EXPERIMENT_CHAIN\033_EXP-016__WF2_Prospective_Cross_System_Confirmation\04_RAW\SOURCE\ACTIVE_CAUSAL\98db3ddc7f61a2bb04340ad3.json,1992,15bc3eef15cb95ce394117d5eca304a96843e545426f4c95b895e397a0d82821,C:\RSOS\RSOS_EXPERIMENTS_WF2_PROSPECTIVE_CROSS_SYSTEM_CONFIRMATION\04_RAW\ACTIVE_CAUSAL\98db3ddc7f61a2bb04340ad3.json
C:\RSOS\RSOS_CANONICAL_EXPERIMENT_CHAIN\033_EXP-016__WF2_Prospective_Cross_System_Confirmation\04_RAW\SOURCE\ACTIVE_CAUSAL\98de02b5e8889c4d0ffe866b.json,3385,5c53700aa8e779085c3179ceaa8b141f39fdcd8ec1f798c4a1ff923d5e65a811,C:\RSOS\RSOS_EXPERIMENTS_WF2_PROSPECTIVE_CROSS_SYSTEM_CONFIRMATION\04_RAW\ACTIVE_CAUSAL\98de02b5e8889c4d0ffe866b.json
C:\RSOS\RSOS_CANONICAL_EXPERIMENT_CHAIN\033_EXP-016__WF2_Prospective_Cross_System_Confirmation\04_RAW\SOURCE\ACTIVE_CAUSAL\98e68a802d98f75688417029.json,3375,c0cb378de68d2eff36b864e92e5eb645307797155a589f5707c01406567abd25,C:\RSOS\RSOS_EXPERIMENTS_WF2_PROSPECTIVE_CROSS_SYSTEM_CONFIRMATION\04_RAW\ACTIVE_CAUSAL\98e68a802d98f75688417029.json
C:\RSOS\RSOS_CANONICAL_EXPERIMENT_CHAIN\033_EXP-016__WF2_Prospective_Cross_System_Confirmation\04_RAW\SOURCE\ACTIVE_CAUSAL\9935c02cfe0c9a3d8f4a498c.json,3374,abfe00f9c45201e6996d9b8055d58b43de70ed6015595a90215ba6879166aabb,C:\RSOS\RSOS_EXPERIMENTS_WF2_PROSPECTIVE_CROSS_SYSTEM_CONFIRMATION\04_RAW\ACTIVE_CAUSAL\9935c02cfe0c9a3d8f4a498c.json
C:\RSOS\RSOS_CANONICAL_EXPERIMENT_CHAIN\033_EXP-016__WF2_Prospective_Cross_System_Confirmation\04_RAW\SOURCE\ACTIVE_CAUSAL\994a3f466c7a14b5d2cb9ea5.json,1992,477e59a11afdc4eb93e41ac955f119840cfc5758b9f97a2505dcb9ef74baa50f,C:\RSOS\RSOS_EXPERIMENTS_WF2_PROSPECTIVE_CROSS_SYSTEM_CONFIRMATION\04_RAW\ACTIVE_CAUSAL\994a3f466c7a14b5d2cb9ea5.json
C:\RSOS\RSOS_CANONICAL_EXPERIMENT_CHAIN\033_EXP-016__WF2_Prospective_Cross_System_Confirmation\04_RAW\SOURCE\ACTIVE_CAUSAL\994be23113b8bd1eb990782c.json,3375,13aca0d386640d89e46b5e31fe25bab1c8951b3c69ed3db250f36e1169e404fb,C:\RSOS\RSOS_EXPERIMENTS_WF2_PROSPECTIVE_CROSS_SYSTEM_CONFIRMATION\04_RAW\ACTIVE_CAUSAL\994be23113b8bd1eb990782c.json
C:\RSOS\RSOS_CANONICAL_EXPERIMENT_CHAIN\033_EXP-016__WF2_Prospective_Cross_System_Confirmation\04_RAW\SOURCE\ACTIVE_CAUSAL\999cdacb8b1a045a13451146.json,3388,b8acce38552677b1c657dd92ec4b3dc0c4d8ff4c50afeecf3e0e57b0a709f651,C:\RSOS\RSOS_EXPERIMENTS_WF2_PROSPECTIVE_CROSS_SYSTEM_CONFIRMATION\04_RAW\ACTIVE_CAUSAL\999cdacb8b1a045a13451146.json
C:\RSOS\RSOS_CANONICAL_EXPERIMENT_CHAIN\033_EXP-016__WF2_Prospective_Cross_System_Confirmation\04_RAW\SOURCE\ACTIVE_CAUSAL\99be20a47d6ab31860e44617.json,1826,1d62cc108ea7fbb84c59544f8f8f452f3038080ad9a993c292d07f0fdd02bb5c,C:\RSOS\RSOS_EXPERIMENTS_WF2_PROSPECTIVE_CROSS_SYSTEM_CONFIRMATION\04_RAW\ACTIVE_CAUSAL\99be20a47d6ab31860e44617.json
C:\RSOS\RSOS_CANONICAL_EXPERIMENT_CHAIN\033_EXP-016__WF2_Prospective_Cross_System_Confirmation\04_RAW\SOURCE\ACTIVE_CAUSAL\9a02f073c75db87b64979161.json,3389,116caed0ea3937609566c09ade4f5e7da7cc22d09830ea6b856ac563bacace62,C:\RSOS\RSOS_EXPERIMENTS_WF2_PROSPECTIVE_CROSS_SYSTEM_CONFIRMATION\04_RAW\ACTIVE_CAUSAL\9a02f073c75db87b64979161.json
C:\RSOS\RSOS_CANONICAL_EXPERIMENT_CHAIN\033_EXP-016__WF2_Prospective_Cross_System_Confirmation\04_RAW\SOURCE\ACTIVE_CAUSAL\9a0c6080908e11608234528e.json,1827,7ce3ef7ee80a46276762a537a516f54e95f73252518e9373ba1d4d3eb8e70114,C:\RSOS\RSOS_EXPERIMENTS_WF2_PROSPECTIVE_CROSS_SYSTEM_CONFIRMATION\04_RAW\ACTIVE_CAUSAL\9a0c6080908e11608234528e.json
C:\RSOS\RSOS_CANONICAL_EXPERIMENT_CHAIN\033_EXP-016__WF2_Prospective_Cross_System_Confirmation\04_RAW\SOURCE\ACTIVE_CAUSAL\9a1c8d70a4a905b501ecceae.json,1827,ccfc8841c4ca1c44790cb993589d8982a52b4ea5c8e3bc6ab161483c745cb28c,C:\RSOS\RSOS_EXPERIMENTS_WF2_PROSPECTIVE_CROSS_SYSTEM_CONFIRMATION\04_RAW\ACTIVE_CAUSAL\9a1c8d70a4a905b501ecceae.json
C:\RSOS\RSOS_CANONICAL_EXPERIMENT_CHAIN\033_EXP-016__WF2_Prospective_Cross_System_Confirmation\04_RAW\SOURCE\ACTIVE_CAUSAL\9a660cc075902889e8f37ee2.json,1991,682b8e2f6ea482029bd2137058bcd6782c1520427fe4576ee6f094eefc368a2a,C:\RSOS\RSOS_EXPERIMENTS_WF2_PROSPECTIVE_CROSS_SYSTEM_CONFIRMATION\04_RAW\ACTIVE_CAUSAL\9a660cc075902889e8f37ee2.json
C:\RSOS\RSOS_CANONICAL_EXPERIMENT_CHAIN\033_EXP-016__WF2_Prospective_Cross_System_Confirmation\04_RAW\SOURCE\ACTIVE_CAUSAL\9aa867be3392009458745f56.json,1996,9e70cabe2b2d59345f71be877893f31c12df62076ca7c41661ebe9eb3126733e,C:\RSOS\RSOS_EXPERIMENTS_WF2_PROSPECTIVE_CROSS_SYSTEM_CONFIRMATION\04_RAW\ACTIVE_CAUSAL\9aa867be3392009458745f56.json
C:\RSOS\RSOS_CANONICAL_EXPERIMENT_CHAIN\033_EXP-016__WF2_Prospective_Cross_System_Confirmation\04_RAW\SOURCE\ACTIVE_CAUSAL\9adf7684f03ae08b60f5d2fe.json,1982,3f36b12c8de910163720ed5c960920590c64b02a0c8060c35c5120301d2b194d,C:\RSOS\RSOS_EXPERIMENTS_WF2_PROSPECTIVE_CROSS_SYSTEM_CONFIRMATION\04_RAW\ACTIVE_CAUSAL\9adf7684f03ae08b60f5d2fe.json
C:\RSOS\RSOS_CANONICAL_EXPERIMENT_CHAIN\033_EXP-016__WF2_Prospective_Cross_System_Confirmation\04_RAW\SOURCE\ACTIVE_CAUSAL\9b74944f29781c5b24ee4d32.json,1983,950ee78d696ef4b715ba3ea2a92b3c4c6bff28609cab3b84448759a1ab1c7e17,C:\RSOS\RSOS_EXPERIMENTS_WF2_PROSPECTIVE_CROSS_SYSTEM_CONFIRMATION\04_RAW\ACTIVE_CAUSAL\9b74944f29781c5b24ee4d32.json
C:\RSOS\RSOS_CANONICAL_EXPERIMENT_CHAIN\033_EXP-016__WF2_Prospective_Cross_System_Confirmation\04_RAW\SOURCE\ACTIVE_CAUSAL\9b79ea0a7330cd1ce0503ec8.json,1837,34c066d95acfc8ecedd388c948a03617e94ed61c57a15b81737623b25c15ad26,C:\RSOS\RSOS_EXPERIMENTS_WF2_PROSPECTIVE_CROSS_SYSTEM_CONFIRMATION\04_RAW\ACTIVE_CAUSAL\9b79ea0a7330cd1ce0503ec8.json
C:\RSOS\RSOS_CANONICAL_EXPERIMENT_CHAIN\033_EXP-016__WF2_Prospective_Cross_System_Confirmation\04_RAW\SOURCE\ACTIVE_CAUSAL\9b8edb81dd04723b306a0d2d.json,1827,53dac7115fd9d8019655966d3ecd93497d702751dafa0f159672c1ec21179686,C:\RSOS\RSOS_EXPERIMENTS_WF2_PROSPECTIVE_CROSS_SYSTEM_CONFIRMATION\04_RAW\ACTIVE_CAUSAL\9b8edb81dd04723b306a0d2d.json
C:\RSOS\RSOS_CANONICAL_EXPERIMENT_CHAIN\033_EXP-016__WF2_Prospective_Cross_System_Confirmation\04_RAW\SOURCE\ACTIVE_CAUSAL\9be9b25e1dbd28c8b95e0326.json,3374,20b138e2f48eab31c61c1532272d094a2568ded58da131eff009239dd8e4fb04,C:\RSOS\RSOS_EXPERIMENTS_WF2_PROSPECTIVE_CROSS_SYSTEM_CONFIRMATION\04_RAW\ACTIVE_CAUSAL\9be9b25e1dbd28c8b95e0326.json
C:\RSOS\RSOS_CANONICAL_EXPERIMENT_CHAIN\033_EXP-016__WF2_Prospective_Cross_System_Confirmation\04_RAW\SOURCE\ACTIVE_CAUSAL\9bfbac48a54df36c42a5441a.json,1995,5cb5502947e6cbad050693673faa41ddd9bce202e01bfce9fc1a85eb5bd3430d,C:\RSOS\RSOS_EXPERIMENTS_WF2_PROSPECTIVE_CROSS_SYSTEM_CONFIRMATION\04_RAW\ACTIVE_CAUSAL\9bfbac48a54df36c42a5441a.json
C:\RSOS\RSOS_CANONICAL_EXPERIMENT_CHAIN\033_EXP-016__WF2_Prospective_Cross_System_Confirmation\04_RAW\SOURCE\ACTIVE_CAUSAL\9c175115842e58538ee07ff6.json,3381,0403c123d7cb558ff52d7d8ff353992f979c1f7aea23a505ad93f59a5508616b,C:\RSOS\RSOS_EXPERIMENTS_WF2_PROSPECTIVE_CROSS_SYSTEM_CONFIRMATION\04_RAW\ACTIVE_CAUSAL\9c175115842e58538ee07ff6.json
C:\RSOS\RSOS_CANONICAL_EXPERIMENT_CHAIN\033_EXP-016__WF2_Prospective_Cross_System_Confirmation\04_RAW\SOURCE\ACTIVE_CAUSAL\9c188b3de7318a68ebe2c783.json,1988,ff571c70d372dd3bdab537b85a49671b9c4005c2a3825babd13d570936066766,C:\RSOS\RSOS_EXPERIMENTS_WF2_PROSPECTIVE_CROSS_SYSTEM_CONFIRMATION\04_RAW\ACTIVE_CAUSAL\9c188b3de7318a68ebe2c783.json
C:\RSOS\RSOS_CANONICAL_EXPERIMENT_CHAIN\033_EXP-016__WF2_Prospective_Cross_System_Confirmation\04_RAW\SOURCE\ACTIVE_CAUSAL\9c1b2dbede2ba1e99608a1c6.json,1828,9eb85b0b3977834569ada4d378528ad103e6f7f5abcdc22e162cd82e495f39d7,C:\RSOS\RSOS_EXPERIMENTS_WF2_PROSPECTIVE_CROSS_SYSTEM_CONFIRMATION\04_RAW\ACTIVE_CAUSAL\9c1b2dbede2ba1e99608a1c6.json
C:\RSOS\RSOS_CANONICAL_EXPERIMENT_CHAIN\033_EXP-016__WF2_Prospective_Cross_System_Confirmation\04_RAW\SOURCE\ACTIVE_CAUSAL\9c3534d4b46b6d993e334416.json,1982,7a477288623717d32b79a3311d08322a53aa62c46e272655b2d8cdfc0f8ff880,C:\RSOS\RSOS_EXPERIMENTS_WF2_PROSPECTIVE_CROSS_SYSTEM_CONFIRMATION\04_RAW\ACTIVE_CAUSAL\9c3534d4b46b6d993e334416.json
C:\RSOS\RSOS_CANONICAL_EXPERIMENT_CHAIN\033_EXP-016__WF2_Prospective_Cross_System_Confirmation\04_RAW\SOURCE\ACTIVE_CAUSAL\9c51a1794d8532649a67db76.json,1874,c65aaa30cf8c4103ba257236c71c5cfa5971547a549eeaf656602a841c1a24be,C:\RSOS\RSOS_EXPERIMENTS_WF2_PROSPECTIVE_CROSS_SYSTEM_CONFIRMATION\04_RAW\ACTIVE_CAUSAL\9c51a1794d8532649a67db76.json
C:\RSOS\RSOS_CANONICAL_EXPERIMENT_CHAIN\033_EXP-016__WF2_Prospective_Cross_System_Confirmation\04_RAW\SOURCE\ACTIVE_CAUSAL\9c71fb31916abff2bb4252b9.json,1981,cd5a50c56742f9792256db4a0753e7b2e46ba96635406e3d11c6cbb44766d50e,C:\RSOS\RSOS_EXPERIMENTS_WF2_PROSPECTIVE_CROSS_SYSTEM_CONFIRMATION\04_RAW\ACTIVE_CAUSAL\9c71fb31916abff2bb4252b9.json
C:\RSOS\RSOS_CANONICAL_EXPERIMENT_CHAIN\033_EXP-016__WF2_Prospective_Cross_System_Confirmation\04_RAW\SOURCE\ACTIVE_CAUSAL\9c7da6753ec4f55ff5dd1ef3.json,1837,3a60d6c133ce0b011aa4143511683f5cf4342e65956ef4675a5a5a2058b903b2,C:\RSOS\RSOS_EXPERIMENTS_WF2_PROSPECTIVE_CROSS_SYSTEM_CONFIRMATION\04_RAW\ACTIVE_CAUSAL\9c7da6753ec4f55ff5dd1ef3.json
C:\RSOS\RSOS_CANONICAL_EXPERIMENT_CHAIN\033_EXP-016__WF2_Prospective_Cross_System_Confirmation\04_RAW\SOURCE\ACTIVE_CAUSAL\9c8a968fb9496cacc1b7c2da.json,3375,a6f384e283d8da3087f4e136a6bb09dd03b817bddcb8ebbe744e15a93de8071e,C:\RSOS\RSOS_EXPERIMENTS_WF2_PROSPECTIVE_CROSS_SYSTEM_CONFIRMATION\04_RAW\ACTIVE_CAUSAL\9c8a968fb9496cacc1b7c2da.json
C:\RSOS\RSOS_CANONICAL_EXPERIMENT_CHAIN\033_EXP-016__WF2_Prospective_Cross_System_Confirmation\04_RAW\SOURCE\ACTIVE_CAUSAL\9cae80600c24a17beef83f9b.json,1981,98863d3cc9c38615a4a2b17905bac757b4cf176049f8aabe561e05f6dc5f7b39,C:\RSOS\RSOS_EXPERIMENTS_WF2_PROSPECTIVE_CROSS_SYSTEM_CONFIRMATION\04_RAW\ACTIVE_CAUSAL\9cae80600c24a17beef83f9b.json
C:\RSOS\RSOS_CANONICAL_EXPERIMENT_CHAIN\033_EXP-016__WF2_Prospective_Cross_System_Confirmation\04_RAW\SOURCE\ACTIVE_CAUSAL\9cbe5729f038c9b1ce39dc9e.json,1981,91c5c182a12460880ef40ce7138aab1af053616feca0925936d645479ed91f1f,C:\RSOS\RSOS_EXPERIMENTS_WF2_PROSPECTIVE_CROSS_SYSTEM_CONFIRMATION\04_RAW\ACTIVE_CAUSAL\9cbe5729f038c9b1ce39dc9e.json
C:\RSOS\RSOS_CANONICAL_EXPERIMENT_CHAIN\033_EXP-016__WF2_Prospective_Cross_System_Confirmation\04_RAW\SOURCE\ACTIVE_CAUSAL\9cc2005b15cd7a03942c3499.json,1763,82dab6146b3629e0ef7920084e98c4d02cd4c3f783ddc437c144a167898cdfc2,C:\RSOS\RSOS_EXPERIMENTS_WF2_PROSPECTIVE_CROSS_SYSTEM_CONFIRMATION\04_RAW\ACTIVE_CAUSAL\9cc2005b15cd7a03942c3499.json
C:\RSOS\RSOS_CANONICAL_EXPERIMENT_CHAIN\033_EXP-016__WF2_Prospective_Cross_System_Confirmation\04_RAW\SOURCE\ACTIVE_CAUSAL\9cdfd8b4814530feef02dab3.json,1827,d7202331626ff4ce0b01ace6de66b57ddbda93191ae7c89e52038b1bd1934955,C:\RSOS\RSOS_EXPERIMENTS_WF2_PROSPECTIVE_CROSS_SYSTEM_CONFIRMATION\04_RAW\ACTIVE_CAUSAL\9cdfd8b4814530feef02dab3.json
C:\RSOS\RSOS_CANONICAL_EXPERIMENT_CHAIN\033_EXP-016__WF2_Prospective_Cross_System_Confirmation\04_RAW\SOURCE\ACTIVE_CAUSAL\9ceb8809b928b92e52e6f280.json,1983,9175f7a84dbc01c0cab61f51c9711347b99e067d92f6f6a2b25985a18cbd3c40,C:\RSOS\RSOS_EXPERIMENTS_WF2_PROSPECTIVE_CROSS_SYSTEM_CONFIRMATION\04_RAW\ACTIVE_CAUSAL\9ceb8809b928b92e52e6f280.json
C:\RSOS\RSOS_CANONICAL_EXPERIMENT_CHAIN\033_EXP-016__WF2_Prospective_Cross_System_Confirmation\04_RAW\SOURCE\ACTIVE_CAUSAL\9cf2dc4eff28e7fb21207b05.json,1992,21a47bbb6aef269a42b5fe522a9c26e941d812fd54d515667c60fd284166705b,C:\RSOS\RSOS_EXPERIMENTS_WF2_PROSPECTIVE_CROSS_SYSTEM_CONFIRMATION\04_RAW\ACTIVE_CAUSAL\9cf2dc4eff28e7fb21207b05.json
C:\RSOS\RSOS_CANONICAL_EXPERIMENT_CHAIN\033_EXP-016__WF2_Prospective_Cross_System_Confirmation\04_RAW\SOURCE\ACTIVE_CAUSAL\9d55ba19946034e4db524898.json,1982,72a494d6b2f949ed4684a20302dc6140bcbe789c1dbe145303262bc71f66077b,C:\RSOS\RSOS_EXPERIMENTS_WF2_PROSPECTIVE_CROSS_SYSTEM_CONFIRMATION\04_RAW\ACTIVE_CAUSAL\9d55ba19946034e4db524898.json
C:\RSOS\RSOS_CANONICAL_EXPERIMENT_CHAIN\033_EXP-016__WF2_Prospective_Cross_System_Confirmation\04_RAW\SOURCE\ACTIVE_CAUSAL\9da713d99239c61b25c427cd.json,3375,7b6e2bbdbb71a010b0d3e70d547081c263056dbd81d50f216605c3b4aa6f165f,C:\RSOS\RSOS_EXPERIMENTS_WF2_PROSPECTIVE_CROSS_SYSTEM_CONFIRMATION\04_RAW\ACTIVE_CAUSAL\9da713d99239c61b25c427cd.json
C:\RSOS\RSOS_CANONICAL_EXPERIMENT_CHAIN\033_EXP-016__WF2_Prospective_Cross_System_Confirmation\04_RAW\SOURCE\ACTIVE_CAUSAL\9dab7e957eb9492424ca2f20.json,3374,3e8c9de9d081c038f4fd88fdac98ce984d7027d2999c9b7d0f40f35e54b0d0ba,C:\RSOS\RSOS_EXPERIMENTS_WF2_PROSPECTIVE_CROSS_SYSTEM_CONFIRMATION\04_RAW\ACTIVE_CAUSAL\9dab7e957eb9492424ca2f20.json
C:\RSOS\RSOS_CANONICAL_EXPERIMENT_CHAIN\033_EXP-016__WF2_Prospective_Cross_System_Confirmation\04_RAW\SOURCE\ACTIVE_CAUSAL\9e62cb99c4ecb5533d314f65.json,3384,2a9754837053d4ece4e1ccbfc98a6f063ae347a80a64a707b3f7229ac70ef0cd,C:\RSOS\RSOS_EXPERIMENTS_WF2_PROSPECTIVE_CROSS_SYSTEM_CONFIRMATION\04_RAW\ACTIVE_CAUSAL\9e62cb99c4ecb5533d314f65.json
C:\RSOS\RSOS_CANONICAL_EXPERIMENT_CHAIN\033_EXP-016__WF2_Prospective_Cross_System_Confirmation\04_RAW\SOURCE\ACTIVE_CAUSAL\9e782867f738d076f2080fc2.json,1827,0cc5b700347c0b268cbd2aaa005df3785d623d9cc60538fb0fa026eb15f4e2f8,C:\RSOS\RSOS_EXPERIMENTS_WF2_PROSPECTIVE_CROSS_SYSTEM_CONFIRMATION\04_RAW\ACTIVE_CAUSAL\9e782867f738d076f2080fc2.json
C:\RSOS\RSOS_CANONICAL_EXPERIMENT_CHAIN\033_EXP-016__WF2_Prospective_Cross_System_Confirmation\04_RAW\SOURCE\ACTIVE_CAUSAL\9e87667b783678c9b3917cba.json,1835,918a9e1d21d54a266b5254cd4d0aa546fd8c50d3cdb10cf45d08eacf9c9332a2,C:\RSOS\RSOS_EXPERIMENTS_WF2_PROSPECTIVE_CROSS_SYSTEM_CONFIRMATION\04_RAW\ACTIVE_CAUSAL\9e87667b783678c9b3917cba.json
C:\RSOS\RSOS_CANONICAL_EXPERIMENT_CHAIN\033_EXP-016__WF2_Prospective_Cross_System_Confirmation\04_RAW\SOURCE\ACTIVE_CAUSAL\9eda5bf1f861508f121b659d.json,3374,22a263639aef7be2229d750e456c3568ff17c67a2d2c0775a43f3e4555136282,C:\RSOS\RSOS_EXPERIMENTS_WF2_PROSPECTIVE_CROSS_SYSTEM_CONFIRMATION\04_RAW\ACTIVE_CAUSAL\9eda5bf1f861508f121b659d.json
C:\RSOS\RSOS_CANONICAL_EXPERIMENT_CHAIN\033_EXP-016__WF2_Prospective_Cross_System_Confirmation\04_RAW\SOURCE\ACTIVE_CAUSAL\9ef0c369124005bcb99818a6.json,3374,c1db8044da082b33eb300fabbda167f21fdcfcff96b08d860c801c522585a15b,C:\RSOS\RSOS_EXPERIMENTS_WF2_PROSPECTIVE_CROSS_SYSTEM_CONFIRMATION\04_RAW\ACTIVE_CAUSAL\9ef0c369124005bcb99818a6.json
C:\RSOS\RSOS_CANONICAL_EXPERIMENT_CHAIN\033_EXP-016__WF2_Prospective_Cross_System_Confirmation\04_RAW\SOURCE\ACTIVE_CAUSAL\9f27309dd1f51d7890b63847.json,1836,e2c6b0eeb95f4e440a832533498ee623fca4b767a3506fd40e3a7ce9a61cf34e,C:\RSOS\RSOS_EXPERIMENTS_WF2_PROSPECTIVE_CROSS_SYSTEM_CONFIRMATION\04_RAW\ACTIVE_CAUSAL\9f27309dd1f51d7890b63847.json
C:\RSOS\RSOS_CANONICAL_EXPERIMENT_CHAIN\033_EXP-016__WF2_Prospective_Cross_System_Confirmation\04_RAW\SOURCE\ACTIVE_CAUSAL\9f2819e18a9562ab58317288.json,3374,038335cf8a96d77d0c7a2b35c9264dd69eb42e0c7154c017f26aa8c09cec1b82,C:\RSOS\RSOS_EXPERIMENTS_WF2_PROSPECTIVE_CROSS_SYSTEM_CONFIRMATION\04_RAW\ACTIVE_CAUSAL\9f2819e18a9562ab58317288.json
C:\RSOS\RSOS_CANONICAL_EXPERIMENT_CHAIN\033_EXP-016__WF2_Prospective_Cross_System_Confirmation\04_RAW\SOURCE\ACTIVE_CAUSAL\9f2e818587e54db016764341.json,1752,d056f134d9531ef8f6ae4d02490a8b9b3e93298ad8c014c407ec9f3554e8dde4,C:\RSOS\RSOS_EXPERIMENTS_WF2_PROSPECTIVE_CROSS_SYSTEM_CONFIRMATION\04_RAW\ACTIVE_CAUSAL\9f2e818587e54db016764341.json
C:\RSOS\RSOS_CANONICAL_EXPERIMENT_CHAIN\033_EXP-016__WF2_Prospective_Cross_System_Confirmation\04_RAW\SOURCE\ACTIVE_CAUSAL\9f2ee11739363c715e51e0b4.json,3385,549deed5b875c415358f79b4f39a0d24a0e6aec5c765cea05d8693dc581af396,C:\RSOS\RSOS_EXPERIMENTS_WF2_PROSPECTIVE_CROSS_SYSTEM_CONFIRMATION\04_RAW\ACTIVE_CAUSAL\9f2ee11739363c715e51e0b4.json
C:\RSOS\RSOS_CANONICAL_EXPERIMENT_CHAIN\033_EXP-016__WF2_Prospective_Cross_System_Confirmation\04_RAW\SOURCE\ACTIVE_CAUSAL\9f32b3da74944e773f734dc9.json,3374,c1225c62ded1129a0e347c70e131c68e04746e98dd943b235c7759d63d9e5c7b,C:\RSOS\RSOS_EXPERIMENTS_WF2_PROSPECTIVE_CROSS_SYSTEM_CONFIRMATION\04_RAW\ACTIVE_CAUSAL\9f32b3da74944e773f734dc9.json
C:\RSOS\RSOS_CANONICAL_EXPERIMENT_CHAIN\033_EXP-016__WF2_Prospective_Cross_System_Confirmation\04_RAW\SOURCE\ACTIVE_CAUSAL\9f361febe471475991a33541.json,3383,36127cab926cdb89b27e91193e11d930a6357c658d1cb105d25dfdda5dafb89c,C:\RSOS\RSOS_EXPERIMENTS_WF2_PROSPECTIVE_CROSS_SYSTEM_CONFIRMATION\04_RAW\ACTIVE_CAUSAL\9f361febe471475991a33541.json
C:\RSOS\RSOS_CANONICAL_EXPERIMENT_CHAIN\033_EXP-016__WF2_Prospective_Cross_System_Confirmation\04_RAW\SOURCE\ACTIVE_CAUSAL\9f44970e2197c0229dc3bed6.json,1982,a2a95273e203a8f6614fb0b77cd2cae0421ecdfdf9b8b4e92147b31237909f37,C:\RSOS\RSOS_EXPERIMENTS_WF2_PROSPECTIVE_CROSS_SYSTEM_CONFIRMATION\04_RAW\ACTIVE_CAUSAL\9f44970e2197c0229dc3bed6.json
C:\RSOS\RSOS_CANONICAL_EXPERIMENT_CHAIN\033_EXP-016__WF2_Prospective_Cross_System_Confirmation\04_RAW\SOURCE\ACTIVE_CAUSAL\9f5c3d1b03f3559aab598819.json,1835,11638ab616a4c8c4a708d59b6c0bb249aebe1ec237b573a4b818ad5bcc887206,C:\RSOS\RSOS_EXPERIMENTS_WF2_PROSPECTIVE_CROSS_SYSTEM_CONFIRMATION\04_RAW\ACTIVE_CAUSAL\9f5c3d1b03f3559aab598819.json
C:\RSOS\RSOS_CANONICAL_EXPERIMENT_CHAIN\033_EXP-016__WF2_Prospective_Cross_System_Confirmation\04_RAW\SOURCE\ACTIVE_CAUSAL\9f6289a163686760dedf38d6.json,3385,3d4c9f38b7e83870c6a1b7a090f210a1af6299155fc0fc13f79d6b0790bae54b,C:\RSOS\RSOS_EXPERIMENTS_WF2_PROSPECTIVE_CROSS_SYSTEM_CONFIRMATION\04_RAW\ACTIVE_CAUSAL\9f6289a163686760dedf38d6.json
C:\RSOS\RSOS_CANONICAL_EXPERIMENT_CHAIN\033_EXP-016__WF2_Prospective_Cross_System_Confirmation\04_RAW\SOURCE\ACTIVE_CAUSAL\9f82977d0b102a96817f4eac.json,3374,37f57dcf631f2b9169e58d4417a603744d8046a8016c228fd0e0c10fc95ff0e4,C:\RSOS\RSOS_EXPERIMENTS_WF2_PROSPECTIVE_CROSS_SYSTEM_CONFIRMATION\04_RAW\ACTIVE_CAUSAL\9f82977d0b102a96817f4eac.json
C:\RSOS\RSOS_CANONICAL_EXPERIMENT_CHAIN\033_EXP-016__WF2_Prospective_Cross_System_Confirmation\04_RAW\SOURCE\ACTIVE_CAUSAL\9f8e6ccc8140ddd6f0656539.json,3384,9ec2352d7cba0c1a914d7b9f6d58baece9aa499f471a57e8fdfbb20a7ba7d8a7,C:\RSOS\RSOS_EXPERIMENTS_WF2_PROSPECTIVE_CROSS_SYSTEM_CONFIRMATION\04_RAW\ACTIVE_CAUSAL\9f8e6ccc8140ddd6f0656539.json
C:\RSOS\RSOS_CANONICAL_EXPERIMENT_CHAIN\033_EXP-016__WF2_Prospective_Cross_System_Confirmation\04_RAW\SOURCE\ACTIVE_CAUSAL\9fc398d85897627a52095ee4.json,1835,1f367292fbda65dbc9ac56dd72012b879661614229065153034b9faabed1d60a,C:\RSOS\RSOS_EXPERIMENTS_WF2_PROSPECTIVE_CROSS_SYSTEM_CONFIRMATION\04_RAW\ACTIVE_CAUSAL\9fc398d85897627a52095ee4.json
C:\RSOS\RSOS_CANONICAL_EXPERIMENT_CHAIN\033_EXP-016__WF2_Prospective_Cross_System_Confirmation\04_RAW\SOURCE\ACTIVE_CAUSAL\9feff9fe59d2ce5dc2cd8623.json,1988,0fda8acc08f29fae1ad946d805d63d344ca420d6a8ec726f3159d2b874cf7ced,C:\RSOS\RSOS_EXPERIMENTS_WF2_PROSPECTIVE_CROSS_SYSTEM_CONFIRMATION\04_RAW\ACTIVE_CAUSAL\9feff9fe59d2ce5dc2cd8623.json
C:\RSOS\RSOS_CANONICAL_EXPERIMENT_CHAIN\033_EXP-016__WF2_Prospective_Cross_System_Confirmation\04_RAW\SOURCE\ACTIVE_CAUSAL\a01c6955b37fc4e64b9a5375.json,3374,2ffd3dc9ee6e14d704437d1859f5edee24cc94ea6bbeead23cb2bb874a33139f,C:\RSOS\RSOS_EXPERIMENTS_WF2_PROSPECTIVE_CROSS_SYSTEM_CONFIRMATION\04_RAW\ACTIVE_CAUSAL\a01c6955b37fc4e64b9a5375.json
C:\RSOS\RSOS_CANONICAL_EXPERIMENT_CHAIN\033_EXP-016__WF2_Prospective_Cross_System_Confirmation\04_RAW\SOURCE\ACTIVE_CAUSAL\a05d03a9fa53eb59d8baa2b9.json,1982,9c9fee28e1f23c8ca21e8c50488ef832cd72abde545d0de48d48e3fff1843fd7,C:\RSOS\RSOS_EXPERIMENTS_WF2_PROSPECTIVE_CROSS_SYSTEM_CONFIRMATION\04_RAW\ACTIVE_CAUSAL\a05d03a9fa53eb59d8baa2b9.json
C:\RSOS\RSOS_CANONICAL_EXPERIMENT_CHAIN\033_EXP-016__WF2_Prospective_Cross_System_Confirmation\04_RAW\SOURCE\ACTIVE_CAUSAL\a05e855262df27aec216b7e9.json,1837,7f12fed5c584d88ea120c982c000493b17d1c52b0c989c722517819b3e753bc9,C:\RSOS\RSOS_EXPERIMENTS_WF2_PROSPECTIVE_CROSS_SYSTEM_CONFIRMATION\04_RAW\ACTIVE_CAUSAL\a05e855262df27aec216b7e9.json
C:\RSOS\RSOS_CANONICAL_EXPERIMENT_CHAIN\033_EXP-016__WF2_Prospective_Cross_System_Confirmation\04_RAW\SOURCE\ACTIVE_CAUSAL\a08932131ded9abeec45add1.json,3374,4d70121c0196bc8b721e2c67619845d119185a21dbe2b22248b6c499ac42179e,C:\RSOS\RSOS_EXPERIMENTS_WF2_PROSPECTIVE_CROSS_SYSTEM_CONFIRMATION\04_RAW\ACTIVE_CAUSAL\a08932131ded9abeec45add1.json
C:\RSOS\RSOS_CANONICAL_EXPERIMENT_CHAIN\033_EXP-016__WF2_Prospective_Cross_System_Confirmation\04_RAW\SOURCE\ACTIVE_CAUSAL\a08d9349069fcc386acdc3e9.json,1841,cf1258e8ae69309b8d22a2b179b3082376ed0e00a3a60728dc98d206d86267c3,C:\RSOS\RSOS_EXPERIMENTS_WF2_PROSPECTIVE_CROSS_SYSTEM_CONFIRMATION\04_RAW\ACTIVE_CAUSAL\a08d9349069fcc386acdc3e9.json
C:\RSOS\RSOS_CANONICAL_EXPERIMENT_CHAIN\033_EXP-016__WF2_Prospective_Cross_System_Confirmation\04_RAW\SOURCE\ACTIVE_CAUSAL\a0a7aaf20e10c0b27c2fc238.json,1826,f66eb4ae4277f9fa9c4ab305f4ce44eef1efef04d2e65c50d2d25cc125a9f8b8,C:\RSOS\RSOS_EXPERIMENTS_WF2_PROSPECTIVE_CROSS_SYSTEM_CONFIRMATION\04_RAW\ACTIVE_CAUSAL\a0a7aaf20e10c0b27c2fc238.json
C:\RSOS\RSOS_CANONICAL_EXPERIMENT_CHAIN\033_EXP-016__WF2_Prospective_Cross_System_Confirmation\04_RAW\SOURCE\ACTIVE_CAUSAL\a0b53c4e0926508cf1cf2ac1.json,3389,0e0030820e9b7eb135d475abf8825e9524188288f3bae9e4ea2178b35295f15f,C:\RSOS\RSOS_EXPERIMENTS_WF2_PROSPECTIVE_CROSS_SYSTEM_CONFIRMATION\04_RAW\ACTIVE_CAUSAL\a0b53c4e0926508cf1cf2ac1.json
C:\RSOS\RSOS_CANONICAL_EXPERIMENT_CHAIN\033_EXP-016__WF2_Prospective_Cross_System_Confirmation\04_RAW\SOURCE\ACTIVE_CAUSAL\a0bb27b4fc6d4ae74ab6198b.json,1841,e40c801c42fa2f9ec24bbc80f238fad85f5a1846c8173fe75bc2afd593ac5d4e,C:\RSOS\RSOS_EXPERIMENTS_WF2_PROSPECTIVE_CROSS_SYSTEM_CONFIRMATION\04_RAW\ACTIVE_CAUSAL\a0bb27b4fc6d4ae74ab6198b.json
C:\RSOS\RSOS_CANONICAL_EXPERIMENT_CHAIN\033_EXP-016__WF2_Prospective_Cross_System_Confirmation\04_RAW\SOURCE\ACTIVE_CAUSAL\a0dd18a59a92e0143bb32536.json,1835,3b645aebd3fe4e60cb403918ee68813818b2ece206c9dc4d64929cf1735f90f8,C:\RSOS\RSOS_EXPERIMENTS_WF2_PROSPECTIVE_CROSS_SYSTEM_CONFIRMATION\04_RAW\ACTIVE_CAUSAL\a0dd18a59a92e0143bb32536.json
C:\RSOS\RSOS_CANONICAL_EXPERIMENT_CHAIN\033_EXP-016__WF2_Prospective_Cross_System_Confirmation\04_RAW\SOURCE\ACTIVE_CAUSAL\a10fd4dcdfa8731b4a655c3f.json,3383,fd5d06b8016bd0cc9415748d0b3bc30a418fff559fccbc5f648a2a7b1ff72f14,C:\RSOS\RSOS_EXPERIMENTS_WF2_PROSPECTIVE_CROSS_SYSTEM_CONFIRMATION\04_RAW\ACTIVE_CAUSAL\a10fd4dcdfa8731b4a655c3f.json
C:\RSOS\RSOS_CANONICAL_EXPERIMENT_CHAIN\033_EXP-016__WF2_Prospective_Cross_System_Confirmation\04_RAW\SOURCE\ACTIVE_CAUSAL\a162ad7c1ba526a2fea5e2a3.json,1867,f3623f3b529b1d8e80479a25dea3ddd61fe680405654d409bf23c421836907e2,C:\RSOS\RSOS_EXPERIMENTS_WF2_PROSPECTIVE_CROSS_SYSTEM_CONFIRMATION\04_RAW\ACTIVE_CAUSAL\a162ad7c1ba526a2fea5e2a3.json
C:\RSOS\RSOS_CANONICAL_EXPERIMENT_CHAIN\033_EXP-016__WF2_Prospective_Cross_System_Confirmation\04_RAW\SOURCE\ACTIVE_CAUSAL\a16f56f7b95f77be96f69b48.json,1991,cba3c7abf5c00685b340379b9ccc836fe59a6012587cfd97d052d7884ecd6902,C:\RSOS\RSOS_EXPERIMENTS_WF2_PROSPECTIVE_CROSS_SYSTEM_CONFIRMATION\04_RAW\ACTIVE_CAUSAL\a16f56f7b95f77be96f69b48.json
C:\RSOS\RSOS_CANONICAL_EXPERIMENT_CHAIN\033_EXP-016__WF2_Prospective_Cross_System_Confirmation\04_RAW\SOURCE\ACTIVE_CAUSAL\a1a3758cf7094d6fee443a1d.json,1840,285c85a80301cb414a7c63ccb4b23200e74e534698072dba4cbabf9ae9892ef7,C:\RSOS\RSOS_EXPERIMENTS_WF2_PROSPECTIVE_CROSS_SYSTEM_CONFIRMATION\04_RAW\ACTIVE_CAUSAL\a1a3758cf7094d6fee443a1d.json
C:\RSOS\RSOS_CANONICAL_EXPERIMENT_CHAIN\033_EXP-016__WF2_Prospective_Cross_System_Confirmation\04_RAW\SOURCE\ACTIVE_CAUSAL\a20bfecd3a9220287256028b.json,1860,4a2e423f04c61ce6656dc425496e341bf67e406bd809501d111a29dfd86a5953,C:\RSOS\RSOS_EXPERIMENTS_WF2_PROSPECTIVE_CROSS_SYSTEM_CONFIRMATION\04_RAW\ACTIVE_CAUSAL\a20bfecd3a9220287256028b.json
C:\RSOS\RSOS_CANONICAL_EXPERIMENT_CHAIN\033_EXP-016__WF2_Prospective_Cross_System_Confirmation\04_RAW\SOURCE\ACTIVE_CAUSAL\a213326332cec7ffc82e7437.json,3389,6c6be28c0c57dd145dd488448bf0665b91d6621e58b818644f6795477076c0ff,C:\RSOS\RSOS_EXPERIMENTS_WF2_PROSPECTIVE_CROSS_SYSTEM_CONFIRMATION\04_RAW\ACTIVE_CAUSAL\a213326332cec7ffc82e7437.json
C:\RSOS\RSOS_CANONICAL_EXPERIMENT_CHAIN\033_EXP-016__WF2_Prospective_Cross_System_Confirmation\04_RAW\SOURCE\ACTIVE_CAUSAL\a24bf80a1d3c5454573a5504.json,1827,9d1456ee0fa3102bb34325d453dba1aa2cfc097d138f5536bbecae78f98492ad,C:\RSOS\RSOS_EXPERIMENTS_WF2_PROSPECTIVE_CROSS_SYSTEM_CONFIRMATION\04_RAW\ACTIVE_CAUSAL\a24bf80a1d3c5454573a5504.json
C:\RSOS\RSOS_CANONICAL_EXPERIMENT_CHAIN\033_EXP-016__WF2_Prospective_Cross_System_Confirmation\04_RAW\SOURCE\ACTIVE_CAUSAL\a25d18417b78ede1bcefbe99.json,1827,c3593b33a6dbdcc32c2e14df36a02fd9e492c8beea4cc1f610a657ef5a5912ab,C:\RSOS\RSOS_EXPERIMENTS_WF2_PROSPECTIVE_CROSS_SYSTEM_CONFIRMATION\04_RAW\ACTIVE_CAUSAL\a25d18417b78ede1bcefbe99.json
C:\RSOS\RSOS_CANONICAL_EXPERIMENT_CHAIN\033_EXP-016__WF2_Prospective_Cross_System_Confirmation\04_RAW\SOURCE\ACTIVE_CAUSAL\a28aebe55633017320995f00.json,1762,dd7686682c0595478e422cc3773499aec1a8991d3a62346eafab3679e2c8fd71,C:\RSOS\RSOS_EXPERIMENTS_WF2_PROSPECTIVE_CROSS_SYSTEM_CONFIRMATION\04_RAW\ACTIVE_CAUSAL\a28aebe55633017320995f00.json
C:\RSOS\RSOS_CANONICAL_EXPERIMENT_CHAIN\033_EXP-016__WF2_Prospective_Cross_System_Confirmation\04_RAW\SOURCE\ACTIVE_CAUSAL\a2b0440ac464ca4c2aef6856.json,1981,8f59ff53b07805d272534424fabb01440951d0c177eeeb5381b1996b155b60ae,C:\RSOS\RSOS_EXPERIMENTS_WF2_PROSPECTIVE_CROSS_SYSTEM_CONFIRMATION\04_RAW\ACTIVE_CAUSAL\a2b0440ac464ca4c2aef6856.json
C:\RSOS\RSOS_CANONICAL_EXPERIMENT_CHAIN\033_EXP-016__WF2_Prospective_Cross_System_Confirmation\04_RAW\SOURCE\ACTIVE_CAUSAL\a2c86727c25080c032cdce62.json,3381,4e30fefe6fc31f7713ce0dc6123a6afe44db076d05640e0f0a438ee993c08438,C:\RSOS\RSOS_EXPERIMENTS_WF2_PROSPECTIVE_CROSS_SYSTEM_CONFIRMATION\04_RAW\ACTIVE_CAUSAL\a2c86727c25080c032cdce62.json
C:\RSOS\RSOS_CANONICAL_EXPERIMENT_CHAIN\033_EXP-016__WF2_Prospective_Cross_System_Confirmation\04_RAW\SOURCE\ACTIVE_CAUSAL\a3829732066d94247e54b49e.json,1837,4872a0f5d87bd5c5073c4080461134fef2fcfbd6418638aae599e095d086f1f6,C:\RSOS\RSOS_EXPERIMENTS_WF2_PROSPECTIVE_CROSS_SYSTEM_CONFIRMATION\04_RAW\ACTIVE_CAUSAL\a3829732066d94247e54b49e.json
C:\RSOS\RSOS_CANONICAL_EXPERIMENT_CHAIN\033_EXP-016__WF2_Prospective_Cross_System_Confirmation\04_RAW\SOURCE\ACTIVE_CAUSAL\a3ba901f1280772f2518dd40.json,1827,8ce420d0c89b7cf76bd0c7274a95571eb7547cd678998b047e63baea42beae30,C:\RSOS\RSOS_EXPERIMENTS_WF2_PROSPECTIVE_CROSS_SYSTEM_CONFIRMATION\04_RAW\ACTIVE_CAUSAL\a3ba901f1280772f2518dd40.json
C:\RSOS\RSOS_CANONICAL_EXPERIMENT_CHAIN\033_EXP-016__WF2_Prospective_Cross_System_Confirmation\04_RAW\SOURCE\ACTIVE_CAUSAL\a3c6758e885e89629d9203af.json,1836,e404ba845ed25c5583744c4df98f769ceb80418a69a27a92ec6c82129e4ae909,C:\RSOS\RSOS_EXPERIMENTS_WF2_PROSPECTIVE_CROSS_SYSTEM_CONFIRMATION\04_RAW\ACTIVE_CAUSAL\a3c6758e885e89629d9203af.json
C:\RSOS\RSOS_CANONICAL_EXPERIMENT_CHAIN\033_EXP-016__WF2_Prospective_Cross_System_Confirmation\04_RAW\SOURCE\ACTIVE_CAUSAL\a41a4309ff1766f847c3d765.json,3375,ea93e0ee75c4df7bc09444c78a36658013a55389c23a926fb6fd24996e45c78a,C:\RSOS\RSOS_EXPERIMENTS_WF2_PROSPECTIVE_CROSS_SYSTEM_CONFIRMATION\04_RAW\ACTIVE_CAUSAL\a41a4309ff1766f847c3d765.json
C:\RSOS\RSOS_CANONICAL_EXPERIMENT_CHAIN\033_EXP-016__WF2_Prospective_Cross_System_Confirmation\04_RAW\SOURCE\ACTIVE_CAUSAL\a48d979687720d8f75c4f49a.json,1991,9085e90d3f1133397fe967300abda414ca4c01740e10e72da1ef43f159ec9023,C:\RSOS\RSOS_EXPERIMENTS_WF2_PROSPECTIVE_CROSS_SYSTEM_CONFIRMATION\04_RAW\ACTIVE_CAUSAL\a48d979687720d8f75c4f49a.json
C:\RSOS\RSOS_CANONICAL_EXPERIMENT_CHAIN\033_EXP-016__WF2_Prospective_Cross_System_Confirmation\04_RAW\SOURCE\ACTIVE_CAUSAL\a4a15834350e92af35b99ff9.json,1981,7bee66e9055ea912d1ffc4faba72c4f8259687103b59e75a953cf8f42b5b2565,C:\RSOS\RSOS_EXPERIMENTS_WF2_PROSPECTIVE_CROSS_SYSTEM_CONFIRMATION\04_RAW\ACTIVE_CAUSAL\a4a15834350e92af35b99ff9.json
C:\RSOS\RSOS_CANONICAL_EXPERIMENT_CHAIN\033_EXP-016__WF2_Prospective_Cross_System_Confirmation\04_RAW\SOURCE\ACTIVE_CAUSAL\a4b53f2934ce5066074871c0.json,1752,ff909b0d68d67f94f3d30c0616518dc15a5959bfb976acb23a213d6018c9bf09,C:\RSOS\RSOS_EXPERIMENTS_WF2_PROSPECTIVE_CROSS_SYSTEM_CONFIRMATION\04_RAW\ACTIVE_CAUSAL\a4b53f2934ce5066074871c0.json
C:\RSOS\RSOS_CANONICAL_EXPERIMENT_CHAIN\033_EXP-016__WF2_Prospective_Cross_System_Confirmation\04_RAW\SOURCE\ACTIVE_CAUSAL\a4c9fab63659e2c4cd862003.json,1981,f0285e178da4180c37aed60472ad34be18d3a01bcee3f01eacc1b46fbbe71d30,C:\RSOS\RSOS_EXPERIMENTS_WF2_PROSPECTIVE_CROSS_SYSTEM_CONFIRMATION\04_RAW\ACTIVE_CAUSAL\a4c9fab63659e2c4cd862003.json
C:\RSOS\RSOS_CANONICAL_EXPERIMENT_CHAIN\033_EXP-016__WF2_Prospective_Cross_System_Confirmation\04_RAW\SOURCE\ACTIVE_CAUSAL\a4e3a07ae4e74423a9bc297a.json,1982,9aeadfa09f1871cc19632fe34f9dd809d9a9523cc2d59095b15c428932b1707e,C:\RSOS\RSOS_EXPERIMENTS_WF2_PROSPECTIVE_CROSS_SYSTEM_CONFIRMATION\04_RAW\ACTIVE_CAUSAL\a4e3a07ae4e74423a9bc297a.json
C:\RSOS\RSOS_CANONICAL_EXPERIMENT_CHAIN\033_EXP-016__WF2_Prospective_Cross_System_Confirmation\04_RAW\SOURCE\ACTIVE_CAUSAL\a4f419d7fbace5fd1aa16286.json,3389,53947e8f22417da58a465a1c37357f433fc50d65c1fcfdfdf3147a0786c9aea0,C:\RSOS\RSOS_EXPERIMENTS_WF2_PROSPECTIVE_CROSS_SYSTEM_CONFIRMATION\04_RAW\ACTIVE_CAUSAL\a4f419d7fbace5fd1aa16286.json
C:\RSOS\RSOS_CANONICAL_EXPERIMENT_CHAIN\033_EXP-016__WF2_Prospective_Cross_System_Confirmation\04_RAW\SOURCE\ACTIVE_CAUSAL\a50f8e604957b48edd4d2a12.json,1982,beb743d7cd48c791bff47384dcd557b1fa37924042611ac2b61110c9a40b4566,C:\RSOS\RSOS_EXPERIMENTS_WF2_PROSPECTIVE_CROSS_SYSTEM_CONFIRMATION\04_RAW\ACTIVE_CAUSAL\a50f8e604957b48edd4d2a12.json
C:\RSOS\RSOS_CANONICAL_EXPERIMENT_CHAIN\033_EXP-016__WF2_Prospective_Cross_System_Confirmation\04_RAW\SOURCE\ACTIVE_CAUSAL\a527653d41af1b4d0d451459.json,1981,833c477059a7d9f4a6c5b27bf5d57b29f002a2ecaada8b7c0ddc10992319b6f5,C:\RSOS\RSOS_EXPERIMENTS_WF2_PROSPECTIVE_CROSS_SYSTEM_CONFIRMATION\04_RAW\ACTIVE_CAUSAL\a527653d41af1b4d0d451459.json
C:\RSOS\RSOS_CANONICAL_EXPERIMENT_CHAIN\033_EXP-016__WF2_Prospective_Cross_System_Confirmation\04_RAW\SOURCE\ACTIVE_CAUSAL\a5335e62794c24197021444d.json,1870,aa575800eec4fcaf47e7dcc1aed13c81cd8e6ad9d48235cdcc2e865824109356,C:\RSOS\RSOS_EXPERIMENTS_WF2_PROSPECTIVE_CROSS_SYSTEM_CONFIRMATION\04_RAW\ACTIVE_CAUSAL\a5335e62794c24197021444d.json
C:\RSOS\RSOS_CANONICAL_EXPERIMENT_CHAIN\033_EXP-016__WF2_Prospective_Cross_System_Confirmation\04_RAW\SOURCE\ACTIVE_CAUSAL\a57dcd2f083afa7468eac7da.json,1752,041e0559ad592be4b630e4f952a04eee3d01f345b368425a682311dc8b4bd849,C:\RSOS\RSOS_EXPERIMENTS_WF2_PROSPECTIVE_CROSS_SYSTEM_CONFIRMATION\04_RAW\ACTIVE_CAUSAL\a57dcd2f083afa7468eac7da.json
C:\RSOS\RSOS_CANONICAL_EXPERIMENT_CHAIN\033_EXP-016__WF2_Prospective_Cross_System_Confirmation\04_RAW\SOURCE\ACTIVE_CAUSAL\a64c526d31ac834f2be9ea14.json,1982,ccc05c89fe11715757ebb79a02eccb8dd9afd415ed0f8a1de241857f0f6b5e9e,C:\RSOS\RSOS_EXPERIMENTS_WF2_PROSPECTIVE_CROSS_SYSTEM_CONFIRMATION\04_RAW\ACTIVE_CAUSAL\a64c526d31ac834f2be9ea14.json
C:\RSOS\RSOS_CANONICAL_EXPERIMENT_CHAIN\033_EXP-016__WF2_Prospective_Cross_System_Confirmation\04_RAW\SOURCE\ACTIVE_CAUSAL\a652307222972c95f53d0eec.json,1996,e7cad256666dc5bce3c8d3b62c41c08b95642f0436147505f856babefd40a1d2,C:\RSOS\RSOS_EXPERIMENTS_WF2_PROSPECTIVE_CROSS_SYSTEM_CONFIRMATION\04_RAW\ACTIVE_CAUSAL\a652307222972c95f53d0eec.json
C:\RSOS\RSOS_CANONICAL_EXPERIMENT_CHAIN\033_EXP-016__WF2_Prospective_Cross_System_Confirmation\04_RAW\SOURCE\ACTIVE_CAUSAL\a669f751652b10ccc644f105.json,1995,02ddc7f5ced7dfc8c96bb2d5f79dad45417f711fc1aade3f78cf97053d153b33,C:\RSOS\RSOS_EXPERIMENTS_WF2_PROSPECTIVE_CROSS_SYSTEM_CONFIRMATION\04_RAW\ACTIVE_CAUSAL\a669f751652b10ccc644f105.json
C:\RSOS\RSOS_CANONICAL_EXPERIMENT_CHAIN\033_EXP-016__WF2_Prospective_Cross_System_Confirmation\04_RAW\SOURCE\ACTIVE_CAUSAL\a66c18594c66231638b3eaf2.json,3374,a511dfc07473e4aa9e8b72b2a7166b94d246861c6398cfd15b31c06b8e3ebea7,C:\RSOS\RSOS_EXPERIMENTS_WF2_PROSPECTIVE_CROSS_SYSTEM_CONFIRMATION\04_RAW\ACTIVE_CAUSAL\a66c18594c66231638b3eaf2.json
C:\RSOS\RSOS_CANONICAL_EXPERIMENT_CHAIN\033_EXP-016__WF2_Prospective_Cross_System_Confirmation\04_RAW\SOURCE\ACTIVE_CAUSAL\a6a5dcce1bb5a929c5eb843e.json,3384,b345fd9b7baf80b3c107705bea1c486059221c05fcafd9bae58ccba3e8be97ab,C:\RSOS\RSOS_EXPERIMENTS_WF2_PROSPECTIVE_CROSS_SYSTEM_CONFIRMATION\04_RAW\ACTIVE_CAUSAL\a6a5dcce1bb5a929c5eb843e.json
C:\RSOS\RSOS_CANONICAL_EXPERIMENT_CHAIN\033_EXP-016__WF2_Prospective_Cross_System_Confirmation\04_RAW\SOURCE\ACTIVE_CAUSAL\a7052a66f57699c71a13fea2.json,1762,6e6886c8197ff075cb783f9c53ffdcce705e88a0322c6be8c86a4fcd64659648,C:\RSOS\RSOS_EXPERIMENTS_WF2_PROSPECTIVE_CROSS_SYSTEM_CONFIRMATION\04_RAW\ACTIVE_CAUSAL\a7052a66f57699c71a13fea2.json
C:\RSOS\RSOS_CANONICAL_EXPERIMENT_CHAIN\033_EXP-016__WF2_Prospective_Cross_System_Confirmation\04_RAW\SOURCE\ACTIVE_CAUSAL\a71a25e871cf25541191fabf.json,3385,2fc4039ff5eed4dfce3ff0195e9b900cdcf5fca31f116ca73ba7fc848976a75d,C:\RSOS\RSOS_EXPERIMENTS_WF2_PROSPECTIVE_CROSS_SYSTEM_CONFIRMATION\04_RAW\ACTIVE_CAUSAL\a71a25e871cf25541191fabf.json
C:\RSOS\RSOS_CANONICAL_EXPERIMENT_CHAIN\033_EXP-016__WF2_Prospective_Cross_System_Confirmation\04_RAW\SOURCE\ACTIVE_CAUSAL\a737ef9444b8fe947e8c2e92.json,3385,0845e02f407adb8823b3ced4d04d99749b06f64438ec873de67d3974591e6ea9,C:\RSOS\RSOS_EXPERIMENTS_WF2_PROSPECTIVE_CROSS_SYSTEM_CONFIRMATION\04_RAW\ACTIVE_CAUSAL\a737ef9444b8fe947e8c2e92.json
C:\RSOS\RSOS_CANONICAL_EXPERIMENT_CHAIN\033_EXP-016__WF2_Prospective_Cross_System_Confirmation\04_RAW\SOURCE\ACTIVE_CAUSAL\a73d7b9cfbccdbf16968bf25.json,3375,11006ae38eaa26a74805d0373a6e7072292a43cb218b55f756ee93ba91b6b23f,C:\RSOS\RSOS_EXPERIMENTS_WF2_PROSPECTIVE_CROSS_SYSTEM_CONFIRMATION\04_RAW\ACTIVE_CAUSAL\a73d7b9cfbccdbf16968bf25.json
C:\RSOS\RSOS_CANONICAL_EXPERIMENT_CHAIN\033_EXP-016__WF2_Prospective_Cross_System_Confirmation\04_RAW\SOURCE\ACTIVE_CAUSAL\a78053073ab122c908419d41.json,1870,d129bc4153fed6862ab37c80d8c05b5cc3947538afb36a1933bb49e15bb9a0e5,C:\RSOS\RSOS_EXPERIMENTS_WF2_PROSPECTIVE_CROSS_SYSTEM_CONFIRMATION\04_RAW\ACTIVE_CAUSAL\a78053073ab122c908419d41.json
C:\RSOS\RSOS_CANONICAL_EXPERIMENT_CHAIN\033_EXP-016__WF2_Prospective_Cross_System_Confirmation\04_RAW\SOURCE\ACTIVE_CAUSAL\a7c7bf559faa8fe7a77a56b4.json,1833,5ee9be64121ede59145309c866af0c7387a666f215a24078879c19268cbe3db3,C:\RSOS\RSOS_EXPERIMENTS_WF2_PROSPECTIVE_CROSS_SYSTEM_CONFIRMATION\04_RAW\ACTIVE_CAUSAL\a7c7bf559faa8fe7a77a56b4.json
C:\RSOS\RSOS_CANONICAL_EXPERIMENT_CHAIN\033_EXP-016__WF2_Prospective_Cross_System_Confirmation\04_RAW\SOURCE\ACTIVE_CAUSAL\a7e8f0f141065464dd701f0b.json,3374,566a77b539eb8d911cc6a945b510b673b38221c4bd3d1992ebf0d5c6da0c2aac,C:\RSOS\RSOS_EXPERIMENTS_WF2_PROSPECTIVE_CROSS_SYSTEM_CONFIRMATION\04_RAW\ACTIVE_CAUSAL\a7e8f0f141065464dd701f0b.json
C:\RSOS\RSOS_CANONICAL_EXPERIMENT_CHAIN\033_EXP-016__WF2_Prospective_Cross_System_Confirmation\04_RAW\SOURCE\ACTIVE_CAUSAL\a82006a67aad87908ac6718f.json,1982,110912b6bab92ce3869c1b0898b103b56af449aa8228c74ffcb40c09d8bbd4f8,C:\RSOS\RSOS_EXPERIMENTS_WF2_PROSPECTIVE_CROSS_SYSTEM_CONFIRMATION\04_RAW\ACTIVE_CAUSAL\a82006a67aad87908ac6718f.json
C:\RSOS\RSOS_CANONICAL_EXPERIMENT_CHAIN\033_EXP-016__WF2_Prospective_Cross_System_Confirmation\04_RAW\SOURCE\ACTIVE_CAUSAL\a8bcb635f6650bdb11f4edef.json,1981,2abc8ccdd9213d24dc1d50fd93e519f98c23d7ae81d6801f93b25f0e896c2669,C:\RSOS\RSOS_EXPERIMENTS_WF2_PROSPECTIVE_CROSS_SYSTEM_CONFIRMATION\04_RAW\ACTIVE_CAUSAL\a8bcb635f6650bdb11f4edef.json
C:\RSOS\RSOS_CANONICAL_EXPERIMENT_CHAIN\033_EXP-016__WF2_Prospective_Cross_System_Confirmation\04_RAW\SOURCE\ACTIVE_CAUSAL\a8d0f10c14553bba63eb03b9.json,3374,2cdb14ceb8db767579e53426dc77fd0b86eb2bbcec8d96970416bcc392af027a,C:\RSOS\RSOS_EXPERIMENTS_WF2_PROSPECTIVE_CROSS_SYSTEM_CONFIRMATION\04_RAW\ACTIVE_CAUSAL\a8d0f10c14553bba63eb03b9.json
C:\RSOS\RSOS_CANONICAL_EXPERIMENT_CHAIN\033_EXP-016__WF2_Prospective_Cross_System_Confirmation\04_RAW\SOURCE\ACTIVE_CAUSAL\a8ffe7fbc744be8e8ce1599e.json,3384,543c2da81caefc49124777e5485fa70534401dc6c9420dabcd12774129ccdfaf,C:\RSOS\RSOS_EXPERIMENTS_WF2_PROSPECTIVE_CROSS_SYSTEM_CONFIRMATION\04_RAW\ACTIVE_CAUSAL\a8ffe7fbc744be8e8ce1599e.json
C:\RSOS\RSOS_CANONICAL_EXPERIMENT_CHAIN\033_EXP-016__WF2_Prospective_Cross_System_Confirmation\04_RAW\SOURCE\ACTIVE_CAUSAL\a918ce431eabef9e8b3d8046.json,3388,e1be1711f5a9a314b94054de513719412a0532ad51040b7d736be8ae096951ab,C:\RSOS\RSOS_EXPERIMENTS_WF2_PROSPECTIVE_CROSS_SYSTEM_CONFIRMATION\04_RAW\ACTIVE_CAUSAL\a918ce431eabef9e8b3d8046.json
C:\RSOS\RSOS_CANONICAL_EXPERIMENT_CHAIN\033_EXP-016__WF2_Prospective_Cross_System_Confirmation\04_RAW\SOURCE\ACTIVE_CAUSAL\a92b92421a27119adf78eee7.json,1827,cbfe60615f7521984ee26ce897389ad3c824beb70d0f74b9ae5bb3eb1f021f7a,C:\RSOS\RSOS_EXPERIMENTS_WF2_PROSPECTIVE_CROSS_SYSTEM_CONFIRMATION\04_RAW\ACTIVE_CAUSAL\a92b92421a27119adf78eee7.json
C:\RSOS\RSOS_CANONICAL_EXPERIMENT_CHAIN\033_EXP-016__WF2_Prospective_Cross_System_Confirmation\04_RAW\SOURCE\ACTIVE_CAUSAL\a95c0447974bf69eb19db14c.json,1981,7e69b88371940b54dd1f4e27c54dc090ea2d8782489412a132247672ad344dc7,C:\RSOS\RSOS_EXPERIMENTS_WF2_PROSPECTIVE_CROSS_SYSTEM_CONFIRMATION\04_RAW\ACTIVE_CAUSAL\a95c0447974bf69eb19db14c.json
C:\RSOS\RSOS_CANONICAL_EXPERIMENT_CHAIN\033_EXP-016__WF2_Prospective_Cross_System_Confirmation\04_RAW\SOURCE\ACTIVE_CAUSAL\a9699b00ef3acdbabb97a528.json,1841,7c16a077ded10d9b45a8eae20198b4da2289d29688a66dfb01d6eb22a2e07d90,C:\RSOS\RSOS_EXPERIMENTS_WF2_PROSPECTIVE_CROSS_SYSTEM_CONFIRMATION\04_RAW\ACTIVE_CAUSAL\a9699b00ef3acdbabb97a528.json
C:\RSOS\RSOS_CANONICAL_EXPERIMENT_CHAIN\033_EXP-016__WF2_Prospective_Cross_System_Confirmation\04_RAW\SOURCE\ACTIVE_CAUSAL\a972ce613745d74d7990fc63.json,3385,01631a28e3746c40695806426e0356ed496f8477a7ae7fc3e264caa02e1538e0,C:\RSOS\RSOS_EXPERIMENTS_WF2_PROSPECTIVE_CROSS_SYSTEM_CONFIRMATION\04_RAW\ACTIVE_CAUSAL\a972ce613745d74d7990fc63.json
C:\RSOS\RSOS_CANONICAL_EXPERIMENT_CHAIN\033_EXP-016__WF2_Prospective_Cross_System_Confirmation\04_RAW\SOURCE\ACTIVE_CAUSAL\a98c94068a58499964ada2c9.json,3375,d415374b750b987591a8eba56e3c587364f5b67d38d4092b783f18cdc51a5888,C:\RSOS\RSOS_EXPERIMENTS_WF2_PROSPECTIVE_CROSS_SYSTEM_CONFIRMATION\04_RAW\ACTIVE_CAUSAL\a98c94068a58499964ada2c9.json
C:\RSOS\RSOS_CANONICAL_EXPERIMENT_CHAIN\033_EXP-016__WF2_Prospective_Cross_System_Confirmation\04_RAW\SOURCE\ACTIVE_CAUSAL\a98ca87e374d12eaeebd3ded.json,3375,dc5cc0dabdcd3e73d78e2be530ae85ee51efbc4ffd69630f54058a183cb2d2ae,C:\RSOS\RSOS_EXPERIMENTS_WF2_PROSPECTIVE_CROSS_SYSTEM_CONFIRMATION\04_RAW\ACTIVE_CAUSAL\a98ca87e374d12eaeebd3ded.json
C:\RSOS\RSOS_CANONICAL_EXPERIMENT_CHAIN\033_EXP-016__WF2_Prospective_Cross_System_Confirmation\04_RAW\SOURCE\ACTIVE_CAUSAL\a9974d306b305d3fe3e79435.json,1827,1a0bad7c90ea5624970851f69dc34479ce5526b865eaed28848de95d6079319b,C:\RSOS\RSOS_EXPERIMENTS_WF2_PROSPECTIVE_CROSS_SYSTEM_CONFIRMATION\04_RAW\ACTIVE_CAUSAL\a9974d306b305d3fe3e79435.json
C:\RSOS\RSOS_CANONICAL_EXPERIMENT_CHAIN\033_EXP-016__WF2_Prospective_Cross_System_Confirmation\04_RAW\SOURCE\ACTIVE_CAUSAL\a9ea38ac25aef84b7d541f30.json,1827,da79cb6dd8ae06f08a469c0f8bad3326f55a5a71f9eddc28ace6bffed12481eb,C:\RSOS\RSOS_EXPERIMENTS_WF2_PROSPECTIVE_CROSS_SYSTEM_CONFIRMATION\04_RAW\ACTIVE_CAUSAL\a9ea38ac25aef84b7d541f30.json
C:\RSOS\RSOS_CANONICAL_EXPERIMENT_CHAIN\033_EXP-016__WF2_Prospective_Cross_System_Confirmation\04_RAW\SOURCE\ACTIVE_CAUSAL\a9f2364dbdb2421ba5ed8c93.json,1982,d13e07dab00351a1f6d1078c437ec3c6dc19a7002940529805205a48b6302495,C:\RSOS\RSOS_EXPERIMENTS_WF2_PROSPECTIVE_CROSS_SYSTEM_CONFIRMATION\04_RAW\ACTIVE_CAUSAL\a9f2364dbdb2421ba5ed8c93.json
C:\RSOS\RSOS_CANONICAL_EXPERIMENT_CHAIN\033_EXP-016__WF2_Prospective_Cross_System_Confirmation\04_RAW\SOURCE\ACTIVE_CAUSAL\aa23a1e03f424b9149f1fc97.json,3376,dfdbef96e1f8308dae06fdc4be7146b69cfc6085d88b163eec6652055be2bffd,C:\RSOS\RSOS_EXPERIMENTS_WF2_PROSPECTIVE_CROSS_SYSTEM_CONFIRMATION\04_RAW\ACTIVE_CAUSAL\aa23a1e03f424b9149f1fc97.json
C:\RSOS\RSOS_CANONICAL_EXPERIMENT_CHAIN\033_EXP-016__WF2_Prospective_Cross_System_Confirmation\04_RAW\SOURCE\ACTIVE_CAUSAL\aa76b42c9a1fba84c5af0038.json,1776,dabad6de4e057965e4141d332e910a907be503fbb29ae3d7ede5c5aaae6ceb59,C:\RSOS\RSOS_EXPERIMENTS_WF2_PROSPECTIVE_CROSS_SYSTEM_CONFIRMATION\04_RAW\ACTIVE_CAUSAL\aa76b42c9a1fba84c5af0038.json
C:\RSOS\RSOS_CANONICAL_EXPERIMENT_CHAIN\033_EXP-016__WF2_Prospective_Cross_System_Confirmation\04_RAW\SOURCE\ACTIVE_CAUSAL\aaa8c03646141ad5223758bf.json,3375,f7eefd077222dd0500312e4fd8f4f88b4a8e6431fcd0dbc09321a76a568ff8d3,C:\RSOS\RSOS_EXPERIMENTS_WF2_PROSPECTIVE_CROSS_SYSTEM_CONFIRMATION\04_RAW\ACTIVE_CAUSAL\aaa8c03646141ad5223758bf.json
C:\RSOS\RSOS_CANONICAL_EXPERIMENT_CHAIN\033_EXP-016__WF2_Prospective_Cross_System_Confirmation\04_RAW\SOURCE\ACTIVE_CAUSAL\ab6446d503b60149e91002bf.json,3388,cff966254f4144913e5a31eb534b468cd994fa49f7df4fd872666a19e34350d0,C:\RSOS\RSOS_EXPERIMENTS_WF2_PROSPECTIVE_CROSS_SYSTEM_CONFIRMATION\04_RAW\ACTIVE_CAUSAL\ab6446d503b60149e91002bf.json
C:\RSOS\RSOS_CANONICAL_EXPERIMENT_CHAIN\033_EXP-016__WF2_Prospective_Cross_System_Confirmation\04_RAW\SOURCE\ACTIVE_CAUSAL\ab89c85cf18333e9f2af6292.json,3389,cd8dd99367eb00ea2bec8d305cd4111c3a53bd3c7569010f54c3d07959ce060e,C:\RSOS\RSOS_EXPERIMENTS_WF2_PROSPECTIVE_CROSS_SYSTEM_CONFIRMATION\04_RAW\ACTIVE_CAUSAL\ab89c85cf18333e9f2af6292.json
C:\RSOS\RSOS_CANONICAL_EXPERIMENT_CHAIN\033_EXP-016__WF2_Prospective_Cross_System_Confirmation\04_RAW\SOURCE\ACTIVE_CAUSAL\abd0bf59a8752a4f3bc4e958.json,1982,b1540a16a9039a73c7e031a8b080ca25c672fc1371ec2925bd3a0d2e15610ae9,C:\RSOS\RSOS_EXPERIMENTS_WF2_PROSPECTIVE_CROSS_SYSTEM_CONFIRMATION\04_RAW\ACTIVE_CAUSAL\abd0bf59a8752a4f3bc4e958.json
C:\RSOS\RSOS_CANONICAL_EXPERIMENT_CHAIN\033_EXP-016__WF2_Prospective_Cross_System_Confirmation\04_RAW\SOURCE\ACTIVE_CAUSAL\abe608817356bf6cf52ec522.json,1827,7752dac062246e80574c9bec1c514aaa59ebba933a53508043d09e8f94e03c5b,C:\RSOS\RSOS_EXPERIMENTS_WF2_PROSPECTIVE_CROSS_SYSTEM_CONFIRMATION\04_RAW\ACTIVE_CAUSAL\abe608817356bf6cf52ec522.json
C:\RSOS\RSOS_CANONICAL_EXPERIMENT_CHAIN\033_EXP-016__WF2_Prospective_Cross_System_Confirmation\04_RAW\SOURCE\ACTIVE_CAUSAL\abe7b3d822d7175afd9ed7d0.json,1982,62d096cb3b06421512185bcf81414500637f40a1445a7ddc01211da675e59638,C:\RSOS\RSOS_EXPERIMENTS_WF2_PROSPECTIVE_CROSS_SYSTEM_CONFIRMATION\04_RAW\ACTIVE_CAUSAL\abe7b3d822d7175afd9ed7d0.json
C:\RSOS\RSOS_CANONICAL_EXPERIMENT_CHAIN\033_EXP-016__WF2_Prospective_Cross_System_Confirmation\04_RAW\SOURCE\ACTIVE_CAUSAL\abecc99fbe23117182dc0cbd.json,1827,3795a1d28bf64fec8a2a0825f61b5f1174ae1cb2172a6a6e5752915b66d0d4c8,C:\RSOS\RSOS_EXPERIMENTS_WF2_PROSPECTIVE_CROSS_SYSTEM_CONFIRMATION\04_RAW\ACTIVE_CAUSAL\abecc99fbe23117182dc0cbd.json
C:\RSOS\RSOS_CANONICAL_EXPERIMENT_CHAIN\033_EXP-016__WF2_Prospective_Cross_System_Confirmation\04_RAW\SOURCE\ACTIVE_CAUSAL\ac17d83ae93e36647c975cdc.json,3384,f8a65ba25a7c2d71c579b68aa61a70d8ac4c2ce21cc4765622db3362f22ccea0,C:\RSOS\RSOS_EXPERIMENTS_WF2_PROSPECTIVE_CROSS_SYSTEM_CONFIRMATION\04_RAW\ACTIVE_CAUSAL\ac17d83ae93e36647c975cdc.json
C:\RSOS\RSOS_CANONICAL_EXPERIMENT_CHAIN\033_EXP-016__WF2_Prospective_Cross_System_Confirmation\04_RAW\SOURCE\ACTIVE_CAUSAL\ac1de5686972525ce904a74a.json,1826,6d92853b7144cc2c6e719fe2036cbf0af9c302112a7690e7187333c707288ec6,C:\RSOS\RSOS_EXPERIMENTS_WF2_PROSPECTIVE_CROSS_SYSTEM_CONFIRMATION\04_RAW\ACTIVE_CAUSAL\ac1de5686972525ce904a74a.json
C:\RSOS\RSOS_CANONICAL_EXPERIMENT_CHAIN\033_EXP-016__WF2_Prospective_Cross_System_Confirmation\04_RAW\SOURCE\ACTIVE_CAUSAL\ac45a5f751ac9facec341199.json,1826,95efe844120e163eb14c58ffddbb6bf4398cfd72431334d200aea96ec65606ef,C:\RSOS\RSOS_EXPERIMENTS_WF2_PROSPECTIVE_CROSS_SYSTEM_CONFIRMATION\04_RAW\ACTIVE_CAUSAL\ac45a5f751ac9facec341199.json
C:\RSOS\RSOS_CANONICAL_EXPERIMENT_CHAIN\033_EXP-016__WF2_Prospective_Cross_System_Confirmation\04_RAW\SOURCE\ACTIVE_CAUSAL\ac55e157c037e95e41b83608.json,1827,78b4406c95f5f99e4eafc6e94e0e252ff13bd6073ee1f8a0a116ed6bb0e5242d,C:\RSOS\RSOS_EXPERIMENTS_WF2_PROSPECTIVE_CROSS_SYSTEM_CONFIRMATION\04_RAW\ACTIVE_CAUSAL\ac55e157c037e95e41b83608.json
C:\RSOS\RSOS_CANONICAL_EXPERIMENT_CHAIN\033_EXP-016__WF2_Prospective_Cross_System_Confirmation\04_RAW\SOURCE\ACTIVE_CAUSAL\ac9244b923f2ccf3173c5d89.json,1827,ff72e862b9b944d8e8b30e64cadba1063bc942582a0c0daef98b63ce81bfffcb,C:\RSOS\RSOS_EXPERIMENTS_WF2_PROSPECTIVE_CROSS_SYSTEM_CONFIRMATION\04_RAW\ACTIVE_CAUSAL\ac9244b923f2ccf3173c5d89.json
C:\RSOS\RSOS_CANONICAL_EXPERIMENT_CHAIN\033_EXP-016__WF2_Prospective_Cross_System_Confirmation\04_RAW\SOURCE\ACTIVE_CAUSAL\ac931e36d9cea8f0c8014e6d.json,3381,77bbd606c645051a595c8fdb3bef4a428ad629d2e2786aa031127937e83ad9ab,C:\RSOS\RSOS_EXPERIMENTS_WF2_PROSPECTIVE_CROSS_SYSTEM_CONFIRMATION\04_RAW\ACTIVE_CAUSAL\ac931e36d9cea8f0c8014e6d.json
C:\RSOS\RSOS_CANONICAL_EXPERIMENT_CHAIN\033_EXP-016__WF2_Prospective_Cross_System_Confirmation\04_RAW\SOURCE\ACTIVE_CAUSAL\aca796dca68fd257b6c6f152.json,1990,16e5ecc234d12ea90af0028af25b757b34b8bfc09b3ec10b105fa8cce7b4ac42,C:\RSOS\RSOS_EXPERIMENTS_WF2_PROSPECTIVE_CROSS_SYSTEM_CONFIRMATION\04_RAW\ACTIVE_CAUSAL\aca796dca68fd257b6c6f152.json
C:\RSOS\RSOS_CANONICAL_EXPERIMENT_CHAIN\033_EXP-016__WF2_Prospective_Cross_System_Confirmation\04_RAW\SOURCE\ACTIVE_CAUSAL\acb095712d378d45a72eb89b.json,3375,e39e0c48f5741323428a62a6ae2868c865b79ab9c90227b5dfd30d8ac56a9a6d,C:\RSOS\RSOS_EXPERIMENTS_WF2_PROSPECTIVE_CROSS_SYSTEM_CONFIRMATION\04_RAW\ACTIVE_CAUSAL\acb095712d378d45a72eb89b.json
C:\RSOS\RSOS_CANONICAL_EXPERIMENT_CHAIN\033_EXP-016__WF2_Prospective_Cross_System_Confirmation\04_RAW\SOURCE\ACTIVE_CAUSAL\acb1f78ca470254847f0724f.json,3375,61d2eaa124461d8dfc9847f2ff0d268339af2e068cee6a143f623cae411f01ed,C:\RSOS\RSOS_EXPERIMENTS_WF2_PROSPECTIVE_CROSS_SYSTEM_CONFIRMATION\04_RAW\ACTIVE_CAUSAL\acb1f78ca470254847f0724f.json
C:\RSOS\RSOS_CANONICAL_EXPERIMENT_CHAIN\033_EXP-016__WF2_Prospective_Cross_System_Confirmation\04_RAW\SOURCE\ACTIVE_CAUSAL\acc7bec1986f997256ff0a41.json,3389,846c2616882465b79601accae4e08364a9a95e48983e6b5bbd359176f032597f,C:\RSOS\RSOS_EXPERIMENTS_WF2_PROSPECTIVE_CROSS_SYSTEM_CONFIRMATION\04_RAW\ACTIVE_CAUSAL\acc7bec1986f997256ff0a41.json
C:\RSOS\RSOS_CANONICAL_EXPERIMENT_CHAIN\033_EXP-016__WF2_Prospective_Cross_System_Confirmation\04_RAW\SOURCE\ACTIVE_CAUSAL\acd08eb0f7624ec5674a2461.json,1752,cc2991ad3e93b85196da0b9b2db9639024e7ecb89af1f260fc1e092ab1b26ddc,C:\RSOS\RSOS_EXPERIMENTS_WF2_PROSPECTIVE_CROSS_SYSTEM_CONFIRMATION\04_RAW\ACTIVE_CAUSAL\acd08eb0f7624ec5674a2461.json
C:\RSOS\RSOS_CANONICAL_EXPERIMENT_CHAIN\033_EXP-016__WF2_Prospective_Cross_System_Confirmation\04_RAW\SOURCE\ACTIVE_CAUSAL\ad537a4186ad812488bdc895.json,1995,072a150ab60651455839ae221f9e287074abc7a378a042f931858bd10035c800,C:\RSOS\RSOS_EXPERIMENTS_WF2_PROSPECTIVE_CROSS_SYSTEM_CONFIRMATION\04_RAW\ACTIVE_CAUSAL\ad537a4186ad812488bdc895.json
C:\RSOS\RSOS_CANONICAL_EXPERIMENT_CHAIN\033_EXP-016__WF2_Prospective_Cross_System_Confirmation\04_RAW\SOURCE\ACTIVE_CAUSAL\ad66ff36b806123ea39602c6.json,1876,a54f3457989f9ee4124e10d55bec7bdc57f1824c54a514b287fcc12037245f97,C:\RSOS\RSOS_EXPERIMENTS_WF2_PROSPECTIVE_CROSS_SYSTEM_CONFIRMATION\04_RAW\ACTIVE_CAUSAL\ad66ff36b806123ea39602c6.json
C:\RSOS\RSOS_CANONICAL_EXPERIMENT_CHAIN\033_EXP-016__WF2_Prospective_Cross_System_Confirmation\04_RAW\SOURCE\ACTIVE_CAUSAL\ad8228d6e27371e0af2fd03a.json,1990,d4e42937781011492150449b94f79ac1e52effff31dbb3495447c365edda10a8,C:\RSOS\RSOS_EXPERIMENTS_WF2_PROSPECTIVE_CROSS_SYSTEM_CONFIRMATION\04_RAW\ACTIVE_CAUSAL\ad8228d6e27371e0af2fd03a.json
C:\RSOS\RSOS_CANONICAL_EXPERIMENT_CHAIN\033_EXP-016__WF2_Prospective_Cross_System_Confirmation\04_RAW\SOURCE\ACTIVE_CAUSAL\ad94fd1671d7b70508046cf4.json,3374,66d41de27d0c5eb280713d4b0184304443dd2328dabd3ade065ecff3de1f8835,C:\RSOS\RSOS_EXPERIMENTS_WF2_PROSPECTIVE_CROSS_SYSTEM_CONFIRMATION\04_RAW\ACTIVE_CAUSAL\ad94fd1671d7b70508046cf4.json
C:\RSOS\RSOS_CANONICAL_EXPERIMENT_CHAIN\033_EXP-016__WF2_Prospective_Cross_System_Confirmation\04_RAW\SOURCE\ACTIVE_CAUSAL\ad9896cb5de5cb1e31d38c65.json,1828,5a07de82e59b4846063a114f43d47ad8a00ac44d349f6a6cd7a0bf0167e55c29,C:\RSOS\RSOS_EXPERIMENTS_WF2_PROSPECTIVE_CROSS_SYSTEM_CONFIRMATION\04_RAW\ACTIVE_CAUSAL\ad9896cb5de5cb1e31d38c65.json
C:\RSOS\RSOS_CANONICAL_EXPERIMENT_CHAIN\033_EXP-016__WF2_Prospective_Cross_System_Confirmation\04_RAW\SOURCE\ACTIVE_CAUSAL\adab14ce11397e409f18cf7f.json,1981,dd59a1baed791cfe3c49aea9989f55917d556c81c49ed26bd4fdd6ad3cf4370e,C:\RSOS\RSOS_EXPERIMENTS_WF2_PROSPECTIVE_CROSS_SYSTEM_CONFIRMATION\04_RAW\ACTIVE_CAUSAL\adab14ce11397e409f18cf7f.json
C:\RSOS\RSOS_CANONICAL_EXPERIMENT_CHAIN\033_EXP-016__WF2_Prospective_Cross_System_Confirmation\04_RAW\SOURCE\ACTIVE_CAUSAL\adc78d39389896532c1b3ed5.json,1981,32b84467a9e567851f43c891cefc4b242c1a1829ea5e29b3348f0ef744add22a,C:\RSOS\RSOS_EXPERIMENTS_WF2_PROSPECTIVE_CROSS_SYSTEM_CONFIRMATION\04_RAW\ACTIVE_CAUSAL\adc78d39389896532c1b3ed5.json
C:\RSOS\RSOS_CANONICAL_EXPERIMENT_CHAIN\033_EXP-016__WF2_Prospective_Cross_System_Confirmation\04_RAW\SOURCE\ACTIVE_CAUSAL\ae1866292f6ca63cfbd4a077.json,3385,a21c0c67f8c8ab0b06271111621e8d335573371abefd0a5cbfc74e0a7b8ee7b4,C:\RSOS\RSOS_EXPERIMENTS_WF2_PROSPECTIVE_CROSS_SYSTEM_CONFIRMATION\04_RAW\ACTIVE_CAUSAL\ae1866292f6ca63cfbd4a077.json
C:\RSOS\RSOS_CANONICAL_EXPERIMENT_CHAIN\033_EXP-016__WF2_Prospective_Cross_System_Confirmation\04_RAW\SOURCE\ACTIVE_CAUSAL\ae1cba0d34449c9e0f669fa1.json,3384,3f2b100ca3218dc1dc8aca4ee8a85d065d6d610bcecdef6a9f8995b496e1ae00,C:\RSOS\RSOS_EXPERIMENTS_WF2_PROSPECTIVE_CROSS_SYSTEM_CONFIRMATION\04_RAW\ACTIVE_CAUSAL\ae1cba0d34449c9e0f669fa1.json
C:\RSOS\RSOS_CANONICAL_EXPERIMENT_CHAIN\033_EXP-016__WF2_Prospective_Cross_System_Confirmation\04_RAW\SOURCE\ACTIVE_CAUSAL\ae8b4cb01ae7f39379714eb0.json,1981,469dd42a4da78630f44a48ad83b151edd1fac4a50938b322c30286af79bb4a41,C:\RSOS\RSOS_EXPERIMENTS_WF2_PROSPECTIVE_CROSS_SYSTEM_CONFIRMATION\04_RAW\ACTIVE_CAUSAL\ae8b4cb01ae7f39379714eb0.json
C:\RSOS\RSOS_CANONICAL_EXPERIMENT_CHAIN\033_EXP-016__WF2_Prospective_Cross_System_Confirmation\04_RAW\SOURCE\ACTIVE_CAUSAL\ae96870a16668754e7fb5f9e.json,1841,bb181cac6b68c469b2474e4d232600c34a81d4f89b3959a0742cc6ec9a79e0cd,C:\RSOS\RSOS_EXPERIMENTS_WF2_PROSPECTIVE_CROSS_SYSTEM_CONFIRMATION\04_RAW\ACTIVE_CAUSAL\ae96870a16668754e7fb5f9e.json
C:\RSOS\RSOS_CANONICAL_EXPERIMENT_CHAIN\033_EXP-016__WF2_Prospective_Cross_System_Confirmation\04_RAW\SOURCE\ACTIVE_CAUSAL\af0f76e6d4f01735b5c7f5c1.json,3374,ec4ef7ac8e6e360ba6b81302a401aecba818c6cc2c5605ed135fefd8d7ef3a34,C:\RSOS\RSOS_EXPERIMENTS_WF2_PROSPECTIVE_CROSS_SYSTEM_CONFIRMATION\04_RAW\ACTIVE_CAUSAL\af0f76e6d4f01735b5c7f5c1.json
C:\RSOS\RSOS_CANONICAL_EXPERIMENT_CHAIN\033_EXP-016__WF2_Prospective_Cross_System_Confirmation\04_RAW\SOURCE\ACTIVE_CAUSAL\af78872091da327f2d3061ee.json,1833,134ad20458c89142104afe384d9d84f717042e443c46d8f17482f73b3eb1f167,C:\RSOS\RSOS_EXPERIMENTS_WF2_PROSPECTIVE_CROSS_SYSTEM_CONFIRMATION\04_RAW\ACTIVE_CAUSAL\af78872091da327f2d3061ee.json
C:\RSOS\RSOS_CANONICAL_EXPERIMENT_CHAIN\033_EXP-016__WF2_Prospective_Cross_System_Confirmation\04_RAW\SOURCE\ACTIVE_CAUSAL\af90b46a60acaee625143bf8.json,1983,43b857d6d43edc3e9e70b6201a839b0fd09dec0680f647cafa431a3ae65a4782,C:\RSOS\RSOS_EXPERIMENTS_WF2_PROSPECTIVE_CROSS_SYSTEM_CONFIRMATION\04_RAW\ACTIVE_CAUSAL\af90b46a60acaee625143bf8.json
C:\RSOS\RSOS_CANONICAL_EXPERIMENT_CHAIN\033_EXP-016__WF2_Prospective_Cross_System_Confirmation\04_RAW\SOURCE\ACTIVE_CAUSAL\afb4b19da2b5e7f432294a47.json,1981,b586f8bd755c05fcdffab398d12fbc9792f656ad9530bd2712b9d828e82d54c9,C:\RSOS\RSOS_EXPERIMENTS_WF2_PROSPECTIVE_CROSS_SYSTEM_CONFIRMATION\04_RAW\ACTIVE_CAUSAL\afb4b19da2b5e7f432294a47.json
C:\RSOS\RSOS_CANONICAL_EXPERIMENT_CHAIN\033_EXP-016__WF2_Prospective_Cross_System_Confirmation\04_RAW\SOURCE\ACTIVE_CAUSAL\afebb3d678310c447aa88bc5.json,1981,7470991482cad0df23bac43addcdecd58fe08ebc51051dc1026aa6267db606ef,C:\RSOS\RSOS_EXPERIMENTS_WF2_PROSPECTIVE_CROSS_SYSTEM_CONFIRMATION\04_RAW\ACTIVE_CAUSAL\afebb3d678310c447aa88bc5.json
C:\RSOS\RSOS_CANONICAL_EXPERIMENT_CHAIN\033_EXP-016__WF2_Prospective_Cross_System_Confirmation\04_RAW\SOURCE\ACTIVE_CAUSAL\b02a1b0e506e935e0d7b3c93.json,1776,50d23de7ca668ad69e9d98f78b22150f0b16b0c92dd0461b73b1048d209322e3,C:\RSOS\RSOS_EXPERIMENTS_WF2_PROSPECTIVE_CROSS_SYSTEM_CONFIRMATION\04_RAW\ACTIVE_CAUSAL\b02a1b0e506e935e0d7b3c93.json
C:\RSOS\RSOS_CANONICAL_EXPERIMENT_CHAIN\033_EXP-016__WF2_Prospective_Cross_System_Confirmation\04_RAW\SOURCE\ACTIVE_CAUSAL\b061b07f3284807758c5c120.json,1828,6e9929aafda194580661e0cd2524e4547a8c1f50b1668975cb5654539223d235,C:\RSOS\RSOS_EXPERIMENTS_WF2_PROSPECTIVE_CROSS_SYSTEM_CONFIRMATION\04_RAW\ACTIVE_CAUSAL\b061b07f3284807758c5c120.json
C:\RSOS\RSOS_CANONICAL_EXPERIMENT_CHAIN\033_EXP-016__WF2_Prospective_Cross_System_Confirmation\04_RAW\SOURCE\ACTIVE_CAUSAL\b066c28fe9c376e2eb839106.json,3375,87bc73bb7ef76ec6f782e1e5e9c6887e1c875e7d175ffc8cc9cb9265c49ecb38,C:\RSOS\RSOS_EXPERIMENTS_WF2_PROSPECTIVE_CROSS_SYSTEM_CONFIRMATION\04_RAW\ACTIVE_CAUSAL\b066c28fe9c376e2eb839106.json
C:\RSOS\RSOS_CANONICAL_EXPERIMENT_CHAIN\033_EXP-016__WF2_Prospective_Cross_System_Confirmation\04_RAW\SOURCE\ACTIVE_CAUSAL\b08adae41f523b75e0d0fec7.json,1981,f120e3c6b569f2138d801bfd494599b0ca0aae57da454cf509916f8569fff420,C:\RSOS\RSOS_EXPERIMENTS_WF2_PROSPECTIVE_CROSS_SYSTEM_CONFIRMATION\04_RAW\ACTIVE_CAUSAL\b08adae41f523b75e0d0fec7.json
C:\RSOS\RSOS_CANONICAL_EXPERIMENT_CHAIN\033_EXP-016__WF2_Prospective_Cross_System_Confirmation\04_RAW\SOURCE\ACTIVE_CAUSAL\b0a1cdf1a02ff00d362ccc49.json,3374,0cd9f2b515ce36cd4081933d577a115fc3cd3524877b480565e5c2a509179358,C:\RSOS\RSOS_EXPERIMENTS_WF2_PROSPECTIVE_CROSS_SYSTEM_CONFIRMATION\04_RAW\ACTIVE_CAUSAL\b0a1cdf1a02ff00d362ccc49.json
C:\RSOS\RSOS_CANONICAL_EXPERIMENT_CHAIN\033_EXP-016__WF2_Prospective_Cross_System_Confirmation\04_RAW\SOURCE\ACTIVE_CAUSAL\b0baab404b03e4c304cbd24a.json,1826,ced35f50e97204fc10c10d73de4bd9379d04e5a44912ff594b8b301c33bb5040,C:\RSOS\RSOS_EXPERIMENTS_WF2_PROSPECTIVE_CROSS_SYSTEM_CONFIRMATION\04_RAW\ACTIVE_CAUSAL\b0baab404b03e4c304cbd24a.json
C:\RSOS\RSOS_CANONICAL_EXPERIMENT_CHAIN\033_EXP-016__WF2_Prospective_Cross_System_Confirmation\04_RAW\SOURCE\ACTIVE_CAUSAL\b0f44144cc12c0509ea6c632.json,1870,2dfaeda8d4843377eeb6e90a1279b77d0fba0dde9474c0c8880505c2cabe7c73,C:\RSOS\RSOS_EXPERIMENTS_WF2_PROSPECTIVE_CROSS_SYSTEM_CONFIRMATION\04_RAW\ACTIVE_CAUSAL\b0f44144cc12c0509ea6c632.json
C:\RSOS\RSOS_CANONICAL_EXPERIMENT_CHAIN\033_EXP-016__WF2_Prospective_Cross_System_Confirmation\04_RAW\SOURCE\ACTIVE_CAUSAL\b138b717c42203bccc62fee7.json,1826,e8ea4ba57ae95d5de7050a55bd70b96c2c10ed87db0c36e410217063bfda06d7,C:\RSOS\RSOS_EXPERIMENTS_WF2_PROSPECTIVE_CROSS_SYSTEM_CONFIRMATION\04_RAW\ACTIVE_CAUSAL\b138b717c42203bccc62fee7.json
C:\RSOS\RSOS_CANONICAL_EXPERIMENT_CHAIN\033_EXP-016__WF2_Prospective_Cross_System_Confirmation\04_RAW\SOURCE\ACTIVE_CAUSAL\b16802ff58a87c3a8d0953c3.json,1752,8dca5840e59629b48b59a5a5ca8f4addfc5c60fa178b384c38f311698b67732d,C:\RSOS\RSOS_EXPERIMENTS_WF2_PROSPECTIVE_CROSS_SYSTEM_CONFIRMATION\04_RAW\ACTIVE_CAUSAL\b16802ff58a87c3a8d0953c3.json
C:\RSOS\RSOS_CANONICAL_EXPERIMENT_CHAIN\033_EXP-016__WF2_Prospective_Cross_System_Confirmation\04_RAW\SOURCE\ACTIVE_CAUSAL\b182f48ffe39de3b460c3209.json,3383,d2d08b8c79270062f5a739faefdb68ee01e930557f64ee4cd564b89f138ecda7,C:\RSOS\RSOS_EXPERIMENTS_WF2_PROSPECTIVE_CROSS_SYSTEM_CONFIRMATION\04_RAW\ACTIVE_CAUSAL\b182f48ffe39de3b460c3209.json
C:\RSOS\RSOS_CANONICAL_EXPERIMENT_CHAIN\033_EXP-016__WF2_Prospective_Cross_System_Confirmation\04_RAW\SOURCE\ACTIVE_CAUSAL\b1d897646ceb55ae1431cd48.json,3374,85004bac1c86002254639494b37a61ff51c513bc3f284138fab0994df12cada4,C:\RSOS\RSOS_EXPERIMENTS_WF2_PROSPECTIVE_CROSS_SYSTEM_CONFIRMATION\04_RAW\ACTIVE_CAUSAL\b1d897646ceb55ae1431cd48.json
C:\RSOS\RSOS_CANONICAL_EXPERIMENT_CHAIN\033_EXP-016__WF2_Prospective_Cross_System_Confirmation\04_RAW\SOURCE\ACTIVE_CAUSAL\b1e9dfc1891f86465011ecd9.json,3375,ca28934964fd97523c9f6090252906068dd47320a087b692408fe8d433825043,C:\RSOS\RSOS_EXPERIMENTS_WF2_PROSPECTIVE_CROSS_SYSTEM_CONFIRMATION\04_RAW\ACTIVE_CAUSAL\b1e9dfc1891f86465011ecd9.json
C:\RSOS\RSOS_CANONICAL_EXPERIMENT_CHAIN\033_EXP-016__WF2_Prospective_Cross_System_Confirmation\04_RAW\SOURCE\ACTIVE_CAUSAL\b20b675b797cc8a5a4b163a2.json,1833,a69d2aa9acb8cc8b67e109dd59ec70c037a71be86d9ca8238b89547fb285ff28,C:\RSOS\RSOS_EXPERIMENTS_WF2_PROSPECTIVE_CROSS_SYSTEM_CONFIRMATION\04_RAW\ACTIVE_CAUSAL\b20b675b797cc8a5a4b163a2.json
C:\RSOS\RSOS_CANONICAL_EXPERIMENT_CHAIN\033_EXP-016__WF2_Prospective_Cross_System_Confirmation\04_RAW\SOURCE\ACTIVE_CAUSAL\b251d0191ffcf974f76706e6.json,1841,14632008b3e892203e811abea707b644f831c9383d69bd0b28a9db4018553e6a,C:\RSOS\RSOS_EXPERIMENTS_WF2_PROSPECTIVE_CROSS_SYSTEM_CONFIRMATION\04_RAW\ACTIVE_CAUSAL\b251d0191ffcf974f76706e6.json
C:\RSOS\RSOS_CANONICAL_EXPERIMENT_CHAIN\033_EXP-016__WF2_Prospective_Cross_System_Confirmation\04_RAW\SOURCE\ACTIVE_CAUSAL\b299d2bfab278d0109a62b14.json,3374,e2221f8e1b8b0c3594de6e4b3849943460a0f4f85a73763858b4b9dda654e1d5,C:\RSOS\RSOS_EXPERIMENTS_WF2_PROSPECTIVE_CROSS_SYSTEM_CONFIRMATION\04_RAW\ACTIVE_CAUSAL\b299d2bfab278d0109a62b14.json
C:\RSOS\RSOS_CANONICAL_EXPERIMENT_CHAIN\033_EXP-016__WF2_Prospective_Cross_System_Confirmation\04_RAW\SOURCE\ACTIVE_CAUSAL\b2ae223a3e88cb010ce612c2.json,3381,cbc03fb81130015b282c01ede48b74e8782fbcf3e04dd3054f9e513a1c6785b2,C:\RSOS\RSOS_EXPERIMENTS_WF2_PROSPECTIVE_CROSS_SYSTEM_CONFIRMATION\04_RAW\ACTIVE_CAUSAL\b2ae223a3e88cb010ce612c2.json
C:\RSOS\RSOS_CANONICAL_EXPERIMENT_CHAIN\033_EXP-016__WF2_Prospective_Cross_System_Confirmation\04_RAW\SOURCE\ACTIVE_CAUSAL\b2d0c5ed0f9331fc0281c6ad.json,1981,c32d5c6bf9746f3f046c768cc10ea09fc21d4498e3d2c58fb6dc4b9556f784da,C:\RSOS\RSOS_EXPERIMENTS_WF2_PROSPECTIVE_CROSS_SYSTEM_CONFIRMATION\04_RAW\ACTIVE_CAUSAL\b2d0c5ed0f9331fc0281c6ad.json
C:\RSOS\RSOS_CANONICAL_EXPERIMENT_CHAIN\033_EXP-016__WF2_Prospective_Cross_System_Confirmation\04_RAW\SOURCE\ACTIVE_CAUSAL\b2d192f622735194bf701ee1.json,1990,4fb7fa0247888d733e235fb0497857a8990b241d151498ea9e3678dade416a15,C:\RSOS\RSOS_EXPERIMENTS_WF2_PROSPECTIVE_CROSS_SYSTEM_CONFIRMATION\04_RAW\ACTIVE_CAUSAL\b2d192f622735194bf701ee1.json
C:\RSOS\RSOS_CANONICAL_EXPERIMENT_CHAIN\033_EXP-016__WF2_Prospective_Cross_System_Confirmation\04_RAW\SOURCE\ACTIVE_CAUSAL\b30b9cc7ab8751375a43ac67.json,3374,585acc00f86954a7be9985e59b74cd9638fadbd6b853715ae9300d129286c4ee,C:\RSOS\RSOS_EXPERIMENTS_WF2_PROSPECTIVE_CROSS_SYSTEM_CONFIRMATION\04_RAW\ACTIVE_CAUSAL\b30b9cc7ab8751375a43ac67.json
C:\RSOS\RSOS_CANONICAL_EXPERIMENT_CHAIN\033_EXP-016__WF2_Prospective_Cross_System_Confirmation\04_RAW\SOURCE\ACTIVE_CAUSAL\b33d4020be4aeaff60f6236d.json,1982,32159ed42665804d742ac7ea67e3afba8b402d0b441ef9eb6a0f1960ec8a9ef8,C:\RSOS\RSOS_EXPERIMENTS_WF2_PROSPECTIVE_CROSS_SYSTEM_CONFIRMATION\04_RAW\ACTIVE_CAUSAL\b33d4020be4aeaff60f6236d.json
C:\RSOS\RSOS_CANONICAL_EXPERIMENT_CHAIN\033_EXP-016__WF2_Prospective_Cross_System_Confirmation\04_RAW\SOURCE\ACTIVE_CAUSAL\b395228d62ccedeeafec1878.json,1982,6b98401986994e936c9359dabf09169ff645f79f71f5020233967c23b3660add,C:\RSOS\RSOS_EXPERIMENTS_WF2_PROSPECTIVE_CROSS_SYSTEM_CONFIRMATION\04_RAW\ACTIVE_CAUSAL\b395228d62ccedeeafec1878.json
C:\RSOS\RSOS_CANONICAL_EXPERIMENT_CHAIN\033_EXP-016__WF2_Prospective_Cross_System_Confirmation\04_RAW\SOURCE\ACTIVE_CAUSAL\b39ffc05d33e3705aac827e7.json,1991,3cb92448b83a248946bcc9b866ce14d0ad4dd2bc704791b173d71080c5184378,C:\RSOS\RSOS_EXPERIMENTS_WF2_PROSPECTIVE_CROSS_SYSTEM_CONFIRMATION\04_RAW\ACTIVE_CAUSAL\b39ffc05d33e3705aac827e7.json
C:\RSOS\RSOS_CANONICAL_EXPERIMENT_CHAIN\033_EXP-016__WF2_Prospective_Cross_System_Confirmation\04_RAW\SOURCE\ACTIVE_CAUSAL\b3df3b1fcb33f43e75321003.json,1860,51f640797cb3cc47c43046127be36290425dd47b836293a8186a8ba0503406a9,C:\RSOS\RSOS_EXPERIMENTS_WF2_PROSPECTIVE_CROSS_SYSTEM_CONFIRMATION\04_RAW\ACTIVE_CAUSAL\b3df3b1fcb33f43e75321003.json
C:\RSOS\RSOS_CANONICAL_EXPERIMENT_CHAIN\033_EXP-016__WF2_Prospective_Cross_System_Confirmation\04_RAW\SOURCE\ACTIVE_CAUSAL\b446d5b308e2e7a398da8791.json,1837,ada54c1857da1223d71f2f84e54602b2cda2aa646b5acae2cb5fa6d81f362f73,C:\RSOS\RSOS_EXPERIMENTS_WF2_PROSPECTIVE_CROSS_SYSTEM_CONFIRMATION\04_RAW\ACTIVE_CAUSAL\b446d5b308e2e7a398da8791.json
C:\RSOS\RSOS_CANONICAL_EXPERIMENT_CHAIN\033_EXP-016__WF2_Prospective_Cross_System_Confirmation\04_RAW\SOURCE\ACTIVE_CAUSAL\b456e8d7d2e9420f6bd4e5c8.json,3383,d98fae963581b3d8f845d491befd1decc1b1fb234d2b2521fefe0cfe5d6b10ca,C:\RSOS\RSOS_EXPERIMENTS_WF2_PROSPECTIVE_CROSS_SYSTEM_CONFIRMATION\04_RAW\ACTIVE_CAUSAL\b456e8d7d2e9420f6bd4e5c8.json
C:\RSOS\RSOS_CANONICAL_EXPERIMENT_CHAIN\033_EXP-016__WF2_Prospective_Cross_System_Confirmation\04_RAW\SOURCE\ACTIVE_CAUSAL\b48c7df765c174d34d6ec731.json,3374,790afc8ca22bcfdd7afe8b7c7ad6b21271032eca58e485c46ff4c97b8c9af3fc,C:\RSOS\RSOS_EXPERIMENTS_WF2_PROSPECTIVE_CROSS_SYSTEM_CONFIRMATION\04_RAW\ACTIVE_CAUSAL\b48c7df765c174d34d6ec731.json
C:\RSOS\RSOS_CANONICAL_EXPERIMENT_CHAIN\033_EXP-016__WF2_Prospective_Cross_System_Confirmation\04_RAW\SOURCE\ACTIVE_CAUSAL\b550ed6497317b7cfc1f8034.json,1827,b84afb4282d24578b6b07d705b5754fc6d2ec6b9f8747fd0710a79c708492889,C:\RSOS\RSOS_EXPERIMENTS_WF2_PROSPECTIVE_CROSS_SYSTEM_CONFIRMATION\04_RAW\ACTIVE_CAUSAL\b550ed6497317b7cfc1f8034.json
C:\RSOS\RSOS_CANONICAL_EXPERIMENT_CHAIN\033_EXP-016__WF2_Prospective_Cross_System_Confirmation\04_RAW\SOURCE\ACTIVE_CAUSAL\b5e77711d2b1b7af4b36c67a.json,3385,54ab155fa80b45ca72ae82421a228499c373ee5fc926a06950a2cd30029aaa1d,C:\RSOS\RSOS_EXPERIMENTS_WF2_PROSPECTIVE_CROSS_SYSTEM_CONFIRMATION\04_RAW\ACTIVE_CAUSAL\b5e77711d2b1b7af4b36c67a.json
C:\RSOS\RSOS_CANONICAL_EXPERIMENT_CHAIN\033_EXP-016__WF2_Prospective_Cross_System_Confirmation\04_RAW\SOURCE\ACTIVE_CAUSAL\b627b0a4717194eaec220973.json,1836,32f9b8978d08847add871334ac1aa380285a021d2bc94f0cab0769e840b27ab5,C:\RSOS\RSOS_EXPERIMENTS_WF2_PROSPECTIVE_CROSS_SYSTEM_CONFIRMATION\04_RAW\ACTIVE_CAUSAL\b627b0a4717194eaec220973.json
C:\RSOS\RSOS_CANONICAL_EXPERIMENT_CHAIN\033_EXP-016__WF2_Prospective_Cross_System_Confirmation\04_RAW\SOURCE\ACTIVE_CAUSAL\b64b0b432e0bd4d9d244b694.json,1871,446207a7532d7807c6fda5878a66a7907e607073bcfa1368e723552304728ad8,C:\RSOS\RSOS_EXPERIMENTS_WF2_PROSPECTIVE_CROSS_SYSTEM_CONFIRMATION\04_RAW\ACTIVE_CAUSAL\b64b0b432e0bd4d9d244b694.json
C:\RSOS\RSOS_CANONICAL_EXPERIMENT_CHAIN\033_EXP-016__WF2_Prospective_Cross_System_Confirmation\04_RAW\SOURCE\ACTIVE_CAUSAL\b6f0cd4cd95711909f0e6012.json,1981,d44033b35b94f23d2910be041c8546052fba5597bd35a96055a4e426e42cdfdf,C:\RSOS\RSOS_EXPERIMENTS_WF2_PROSPECTIVE_CROSS_SYSTEM_CONFIRMATION\04_RAW\ACTIVE_CAUSAL\b6f0cd4cd95711909f0e6012.json
C:\RSOS\RSOS_CANONICAL_EXPERIMENT_CHAIN\033_EXP-016__WF2_Prospective_Cross_System_Confirmation\04_RAW\SOURCE\ACTIVE_CAUSAL\b6f68c2cdb5ea4e003471264.json,1981,0ae47fb9c1d025a373339f5ee20355ace51a7969d12123c234aace84bb422e01,C:\RSOS\RSOS_EXPERIMENTS_WF2_PROSPECTIVE_CROSS_SYSTEM_CONFIRMATION\04_RAW\ACTIVE_CAUSAL\b6f68c2cdb5ea4e003471264.json
C:\RSOS\RSOS_CANONICAL_EXPERIMENT_CHAIN\033_EXP-016__WF2_Prospective_Cross_System_Confirmation\04_RAW\SOURCE\ACTIVE_CAUSAL\b781a8d872cc67c4bd04290b.json,1991,b95e5fad4e49fe0669c2acd707d4515894b0166e259fc4f4a2275de6a9a52e60,C:\RSOS\RSOS_EXPERIMENTS_WF2_PROSPECTIVE_CROSS_SYSTEM_CONFIRMATION\04_RAW\ACTIVE_CAUSAL\b781a8d872cc67c4bd04290b.json
C:\RSOS\RSOS_CANONICAL_EXPERIMENT_CHAIN\033_EXP-016__WF2_Prospective_Cross_System_Confirmation\04_RAW\SOURCE\ACTIVE_CAUSAL\b78838cd9d95ae4aa8e4ffe8.json,3374,ffa60d429d1e04627f30efdd606d5d23fdd2aca1601f8275f1b215e5c29d669a,C:\RSOS\RSOS_EXPERIMENTS_WF2_PROSPECTIVE_CROSS_SYSTEM_CONFIRMATION\04_RAW\ACTIVE_CAUSAL\b78838cd9d95ae4aa8e4ffe8.json
C:\RSOS\RSOS_CANONICAL_EXPERIMENT_CHAIN\033_EXP-016__WF2_Prospective_Cross_System_Confirmation\04_RAW\SOURCE\ACTIVE_CAUSAL\b7adb15eb5f5599537d00799.json,1837,d95e5b24134c61b195847275fc759c07e9816373567af9bc339ee4dcd3bc3e54,C:\RSOS\RSOS_EXPERIMENTS_WF2_PROSPECTIVE_CROSS_SYSTEM_CONFIRMATION\04_RAW\ACTIVE_CAUSAL\b7adb15eb5f5599537d00799.json
C:\RSOS\RSOS_CANONICAL_EXPERIMENT_CHAIN\033_EXP-016__WF2_Prospective_Cross_System_Confirmation\04_RAW\SOURCE\ACTIVE_CAUSAL\b7e1f0a2cb9317e3db233e61.json,1981,f9a19c9f42c7d47ee94ffa1810756c06a6d6b84c4b035a257d83167c9066b19a,C:\RSOS\RSOS_EXPERIMENTS_WF2_PROSPECTIVE_CROSS_SYSTEM_CONFIRMATION\04_RAW\ACTIVE_CAUSAL\b7e1f0a2cb9317e3db233e61.json
C:\RSOS\RSOS_CANONICAL_EXPERIMENT_CHAIN\033_EXP-016__WF2_Prospective_Cross_System_Confirmation\04_RAW\SOURCE\ACTIVE_CAUSAL\b7e67a70c8f6f8959e90846a.json,1827,cd07416465e87b2a4c355c40adf089f420a723f1eb4e2dabcd0d9ad976746c6b,C:\RSOS\RSOS_EXPERIMENTS_WF2_PROSPECTIVE_CROSS_SYSTEM_CONFIRMATION\04_RAW\ACTIVE_CAUSAL\b7e67a70c8f6f8959e90846a.json
C:\RSOS\RSOS_CANONICAL_EXPERIMENT_CHAIN\033_EXP-016__WF2_Prospective_Cross_System_Confirmation\04_RAW\SOURCE\ACTIVE_CAUSAL\b7e72fda891fe6e8db75dfe7.json,3381,243d44052265cdef09597bcf0cbadedcb8a00e3998c942aab0c010dce644cdd4,C:\RSOS\RSOS_EXPERIMENTS_WF2_PROSPECTIVE_CROSS_SYSTEM_CONFIRMATION\04_RAW\ACTIVE_CAUSAL\b7e72fda891fe6e8db75dfe7.json
C:\RSOS\RSOS_CANONICAL_EXPERIMENT_CHAIN\033_EXP-016__WF2_Prospective_Cross_System_Confirmation\04_RAW\SOURCE\ACTIVE_CAUSAL\b7e760b626f96aeb11f367d1.json,3375,6c102721836ae243a09bf0e302d9ef12ebe53b62e979f3edbee531852bb35243,C:\RSOS\RSOS_EXPERIMENTS_WF2_PROSPECTIVE_CROSS_SYSTEM_CONFIRMATION\04_RAW\ACTIVE_CAUSAL\b7e760b626f96aeb11f367d1.json
C:\RSOS\RSOS_CANONICAL_EXPERIMENT_CHAIN\033_EXP-016__WF2_Prospective_Cross_System_Confirmation\04_RAW\SOURCE\ACTIVE_CAUSAL\b7ed21e00953be6254c2e4b8.json,1827,d65f7249ad00382df49118cd0d7e29302e496aa9e0011cc6b80d90839eecb672,C:\RSOS\RSOS_EXPERIMENTS_WF2_PROSPECTIVE_CROSS_SYSTEM_CONFIRMATION\04_RAW\ACTIVE_CAUSAL\b7ed21e00953be6254c2e4b8.json
C:\RSOS\RSOS_CANONICAL_EXPERIMENT_CHAIN\033_EXP-016__WF2_Prospective_Cross_System_Confirmation\04_RAW\SOURCE\ACTIVE_CAUSAL\b81905f51adf60dd33e6113d.json,3375,721591da74f7cf9f812eb1bd56aabe1a318e50b2f2c440ab5c35b85157df5385,C:\RSOS\RSOS_EXPERIMENTS_WF2_PROSPECTIVE_CROSS_SYSTEM_CONFIRMATION\04_RAW\ACTIVE_CAUSAL\b81905f51adf60dd33e6113d.json
C:\RSOS\RSOS_CANONICAL_EXPERIMENT_CHAIN\033_EXP-016__WF2_Prospective_Cross_System_Confirmation\04_RAW\SOURCE\ACTIVE_CAUSAL\b82efa837301a1c198da7b2d.json,3389,3f1aedaaaeea5934d797d0e2409cc7451a06ee4d14d6dcda010ce2ec7e462352,C:\RSOS\RSOS_EXPERIMENTS_WF2_PROSPECTIVE_CROSS_SYSTEM_CONFIRMATION\04_RAW\ACTIVE_CAUSAL\b82efa837301a1c198da7b2d.json
C:\RSOS\RSOS_CANONICAL_EXPERIMENT_CHAIN\033_EXP-016__WF2_Prospective_Cross_System_Confirmation\04_RAW\SOURCE\ACTIVE_CAUSAL\b8535c88f5996e6489e2920d.json,1860,262cd66965ab34a46ddb19cc1b101b983b9b0c3dea78a4c6e8277c1a87a4e27f,C:\RSOS\RSOS_EXPERIMENTS_WF2_PROSPECTIVE_CROSS_SYSTEM_CONFIRMATION\04_RAW\ACTIVE_CAUSAL\b8535c88f5996e6489e2920d.json
C:\RSOS\RSOS_CANONICAL_EXPERIMENT_CHAIN\033_EXP-016__WF2_Prospective_Cross_System_Confirmation\04_RAW\SOURCE\ACTIVE_CAUSAL\b86d60d1d2ec91856a49bc6b.json,1982,81761eee126efe3ba42e991bb3d9470f4fff00cac1aba158854898749678c396,C:\RSOS\RSOS_EXPERIMENTS_WF2_PROSPECTIVE_CROSS_SYSTEM_CONFIRMATION\04_RAW\ACTIVE_CAUSAL\b86d60d1d2ec91856a49bc6b.json
C:\RSOS\RSOS_CANONICAL_EXPERIMENT_CHAIN\033_EXP-016__WF2_Prospective_Cross_System_Confirmation\04_RAW\SOURCE\ACTIVE_CAUSAL\b8bcdceb5bd3eb653a0406d8.json,1981,a9563758bf60f5e5cccda4ae322d783e975968b45a275a81e1f31e52d4198a70,C:\RSOS\RSOS_EXPERIMENTS_WF2_PROSPECTIVE_CROSS_SYSTEM_CONFIRMATION\04_RAW\ACTIVE_CAUSAL\b8bcdceb5bd3eb653a0406d8.json
C:\RSOS\RSOS_CANONICAL_EXPERIMENT_CHAIN\033_EXP-016__WF2_Prospective_Cross_System_Confirmation\04_RAW\SOURCE\ACTIVE_CAUSAL\b8fa7d9ef5d47ea4399892e6.json,3383,3ed8641b0f9355030ba627d180987857d33f04f3d164e334d981b4e23d399370,C:\RSOS\RSOS_EXPERIMENTS_WF2_PROSPECTIVE_CROSS_SYSTEM_CONFIRMATION\04_RAW\ACTIVE_CAUSAL\b8fa7d9ef5d47ea4399892e6.json
C:\RSOS\RSOS_CANONICAL_EXPERIMENT_CHAIN\033_EXP-016__WF2_Prospective_Cross_System_Confirmation\04_RAW\SOURCE\ACTIVE_CAUSAL\b9011c0836eed5d4e4022171.json,1876,8d1fbe53fbc3401b7228501b7e07039d47ce161292560cc5ff3298c567f8c738,C:\RSOS\RSOS_EXPERIMENTS_WF2_PROSPECTIVE_CROSS_SYSTEM_CONFIRMATION\04_RAW\ACTIVE_CAUSAL\b9011c0836eed5d4e4022171.json
C:\RSOS\RSOS_CANONICAL_EXPERIMENT_CHAIN\033_EXP-016__WF2_Prospective_Cross_System_Confirmation\04_RAW\SOURCE\ACTIVE_CAUSAL\b91754bf91838c181f141d5d.json,1982,2220314f2b3284c58ee9c4b498cb5542c1a7992e72584d0e18e05554bbe7e5a1,C:\RSOS\RSOS_EXPERIMENTS_WF2_PROSPECTIVE_CROSS_SYSTEM_CONFIRMATION\04_RAW\ACTIVE_CAUSAL\b91754bf91838c181f141d5d.json
C:\RSOS\RSOS_CANONICAL_EXPERIMENT_CHAIN\033_EXP-016__WF2_Prospective_Cross_System_Confirmation\04_RAW\SOURCE\ACTIVE_CAUSAL\b934c5e8d879f614f33ae3ec.json,1981,bd24a28f026845ce89eec100a481caa522edab1ddbd37dc2cd9bdf47215a7001,C:\RSOS\RSOS_EXPERIMENTS_WF2_PROSPECTIVE_CROSS_SYSTEM_CONFIRMATION\04_RAW\ACTIVE_CAUSAL\b934c5e8d879f614f33ae3ec.json
C:\RSOS\RSOS_CANONICAL_EXPERIMENT_CHAIN\033_EXP-016__WF2_Prospective_Cross_System_Confirmation\04_RAW\SOURCE\ACTIVE_CAUSAL\b945cf22d8c260eecd05dd81.json,2009,1d607ddf69ca4f6cbb099676bed7675f65f4a307cde8c3d66e75074128976fda,C:\RSOS\RSOS_EXPERIMENTS_WF2_PROSPECTIVE_CROSS_SYSTEM_CONFIRMATION\04_RAW\ACTIVE_CAUSAL\b945cf22d8c260eecd05dd81.json
C:\RSOS\RSOS_CANONICAL_EXPERIMENT_CHAIN\033_EXP-016__WF2_Prospective_Cross_System_Confirmation\04_RAW\SOURCE\ACTIVE_CAUSAL\b962d1cf598f8be52acba289.json,1983,a4ba826ca6209d70ca10d8cecb1c22e0f79ef5c54b104e362f324fb3c2c675db,C:\RSOS\RSOS_EXPERIMENTS_WF2_PROSPECTIVE_CROSS_SYSTEM_CONFIRMATION\04_RAW\ACTIVE_CAUSAL\b962d1cf598f8be52acba289.json
C:\RSOS\RSOS_CANONICAL_EXPERIMENT_CHAIN\033_EXP-016__WF2_Prospective_Cross_System_Confirmation\04_RAW\SOURCE\ACTIVE_CAUSAL\b97e89742c4cc1e271462411.json,1827,31e08ceafb406f79bb4f056b42ba7d4ac4c6cdfb8c200b457bf00ddb1bb6aab1,C:\RSOS\RSOS_EXPERIMENTS_WF2_PROSPECTIVE_CROSS_SYSTEM_CONFIRMATION\04_RAW\ACTIVE_CAUSAL\b97e89742c4cc1e271462411.json
C:\RSOS\RSOS_CANONICAL_EXPERIMENT_CHAIN\033_EXP-016__WF2_Prospective_Cross_System_Confirmation\04_RAW\SOURCE\ACTIVE_CAUSAL\b9c84679d594e313f14578fa.json,1981,3e0baced87a9efa45d294f94fc22ff4c8b034c45ee4c7613bebf97293ad7879b,C:\RSOS\RSOS_EXPERIMENTS_WF2_PROSPECTIVE_CROSS_SYSTEM_CONFIRMATION\04_RAW\ACTIVE_CAUSAL\b9c84679d594e313f14578fa.json
C:\RSOS\RSOS_CANONICAL_EXPERIMENT_CHAIN\033_EXP-016__WF2_Prospective_Cross_System_Confirmation\04_RAW\SOURCE\ACTIVE_CAUSAL\b9d529d77177a820f54c38ee.json,3375,3d2884b68bdcda1045cf8b93e4087326e80d7b0d00ff4c6ad39eb9ebac48f719,C:\RSOS\RSOS_EXPERIMENTS_WF2_PROSPECTIVE_CROSS_SYSTEM_CONFIRMATION\04_RAW\ACTIVE_CAUSAL\b9d529d77177a820f54c38ee.json
C:\RSOS\RSOS_CANONICAL_EXPERIMENT_CHAIN\033_EXP-016__WF2_Prospective_Cross_System_Confirmation\04_RAW\SOURCE\ACTIVE_CAUSAL\b9e913d1c3ec921a7356a13f.json,1827,ea39f530cef88004586d13e4a2c636b6e4c8f30fd295b199678ff96cc839a863,C:\RSOS\RSOS_EXPERIMENTS_WF2_PROSPECTIVE_CROSS_SYSTEM_CONFIRMATION\04_RAW\ACTIVE_CAUSAL\b9e913d1c3ec921a7356a13f.json
C:\RSOS\RSOS_CANONICAL_EXPERIMENT_CHAIN\033_EXP-016__WF2_Prospective_Cross_System_Confirmation\04_RAW\SOURCE\ACTIVE_CAUSAL\ba669f60998781224da9161c.json,3375,779edde2a06ba4b3639b379597d9412b398a0576941f8ee7f2a0eea02ede1c81,C:\RSOS\RSOS_EXPERIMENTS_WF2_PROSPECTIVE_CROSS_SYSTEM_CONFIRMATION\04_RAW\ACTIVE_CAUSAL\ba669f60998781224da9161c.json
C:\RSOS\RSOS_CANONICAL_EXPERIMENT_CHAIN\033_EXP-016__WF2_Prospective_Cross_System_Confirmation\04_RAW\SOURCE\ACTIVE_CAUSAL\baf1f7376f133ca15d20ea41.json,1981,9194d9252bb42501e68b5656f8f2aead7441a9ed0075b39599195a5c1b70fd16,C:\RSOS\RSOS_EXPERIMENTS_WF2_PROSPECTIVE_CROSS_SYSTEM_CONFIRMATION\04_RAW\ACTIVE_CAUSAL\baf1f7376f133ca15d20ea41.json
C:\RSOS\RSOS_CANONICAL_EXPERIMENT_CHAIN\033_EXP-016__WF2_Prospective_Cross_System_Confirmation\04_RAW\SOURCE\ACTIVE_CAUSAL\baf5eb31b0f92ef83f8175c3.json,3375,9419a128ab9b4b5497945efbfb6c7e4ecd41bebdfa0a6b47de3df7add7c2fc57,C:\RSOS\RSOS_EXPERIMENTS_WF2_PROSPECTIVE_CROSS_SYSTEM_CONFIRMATION\04_RAW\ACTIVE_CAUSAL\baf5eb31b0f92ef83f8175c3.json
C:\RSOS\RSOS_CANONICAL_EXPERIMENT_CHAIN\033_EXP-016__WF2_Prospective_Cross_System_Confirmation\04_RAW\SOURCE\ACTIVE_CAUSAL\bb5bf8fe69d00ac892c6271f.json,2440,30d966c909c62c1969774dcf5d1a76b238b19d83b7a568ddd7edc8c7882717db,C:\RSOS\RSOS_EXPERIMENTS_WF2_PROSPECTIVE_CROSS_SYSTEM_CONFIRMATION\04_RAW\ACTIVE_CAUSAL\bb5bf8fe69d00ac892c6271f.json
C:\RSOS\RSOS_CANONICAL_EXPERIMENT_CHAIN\033_EXP-016__WF2_Prospective_Cross_System_Confirmation\04_RAW\SOURCE\ACTIVE_CAUSAL\bb6bbed1810725533ce92f58.json,1826,d76b6043c1ac112ed1d8b0e80e6b0c286c46fc9524176287fdd48ff92148e099,C:\RSOS\RSOS_EXPERIMENTS_WF2_PROSPECTIVE_CROSS_SYSTEM_CONFIRMATION\04_RAW\ACTIVE_CAUSAL\bb6bbed1810725533ce92f58.json
C:\RSOS\RSOS_CANONICAL_EXPERIMENT_CHAIN\033_EXP-016__WF2_Prospective_Cross_System_Confirmation\04_RAW\SOURCE\ACTIVE_CAUSAL\bbfa2f0b30e71dc8178405b3.json,3375,0185aeb393e3097aeb259686d831ef016f5fb639e1fb563c754c85a99e0dad0c,C:\RSOS\RSOS_EXPERIMENTS_WF2_PROSPECTIVE_CROSS_SYSTEM_CONFIRMATION\04_RAW\ACTIVE_CAUSAL\bbfa2f0b30e71dc8178405b3.json
C:\RSOS\RSOS_CANONICAL_EXPERIMENT_CHAIN\033_EXP-016__WF2_Prospective_Cross_System_Confirmation\04_RAW\SOURCE\ACTIVE_CAUSAL\bbfb2f0ba31e091e73fa5dec.json,1754,f818e44a46c71a54bb6bd0dc676b7fd2d234fb41632e204e0e77cd6e9b08ba0f,C:\RSOS\RSOS_EXPERIMENTS_WF2_PROSPECTIVE_CROSS_SYSTEM_CONFIRMATION\04_RAW\ACTIVE_CAUSAL\bbfb2f0ba31e091e73fa5dec.json
C:\RSOS\RSOS_CANONICAL_EXPERIMENT_CHAIN\033_EXP-016__WF2_Prospective_Cross_System_Confirmation\04_RAW\SOURCE\ACTIVE_CAUSAL\bc315ecb229f80ddd2f439a8.json,3389,3c919f7a24a403fadd5c9f92dbe29611c53dfc99025dada914ad6b47c29cb1d0,C:\RSOS\RSOS_EXPERIMENTS_WF2_PROSPECTIVE_CROSS_SYSTEM_CONFIRMATION\04_RAW\ACTIVE_CAUSAL\bc315ecb229f80ddd2f439a8.json
C:\RSOS\RSOS_CANONICAL_EXPERIMENT_CHAIN\033_EXP-016__WF2_Prospective_Cross_System_Confirmation\04_RAW\SOURCE\ACTIVE_CAUSAL\bc33ea1ff4c0938688de9eba.json,3385,cf8b7038a6b93fc019a4317d75563b23ee4f07d41bc8be142f9260f70aeed524,C:\RSOS\RSOS_EXPERIMENTS_WF2_PROSPECTIVE_CROSS_SYSTEM_CONFIRMATION\04_RAW\ACTIVE_CAUSAL\bc33ea1ff4c0938688de9eba.json
C:\RSOS\RSOS_CANONICAL_EXPERIMENT_CHAIN\033_EXP-016__WF2_Prospective_Cross_System_Confirmation\04_RAW\SOURCE\ACTIVE_CAUSAL\bc3ea767de6d57580f22055f.json,1981,c93b1677cfed898c567836cd1c47ef02038aed0d6858670d4b15afd492989759,C:\RSOS\RSOS_EXPERIMENTS_WF2_PROSPECTIVE_CROSS_SYSTEM_CONFIRMATION\04_RAW\ACTIVE_CAUSAL\bc3ea767de6d57580f22055f.json
C:\RSOS\RSOS_CANONICAL_EXPERIMENT_CHAIN\033_EXP-016__WF2_Prospective_Cross_System_Confirmation\04_RAW\SOURCE\ACTIVE_CAUSAL\bc54cbaf64ad8f60fa9efc92.json,3374,1e66fd903c3e35df0ef4f94d37171fc30ea09cff5345ee06f107798fd87b87f9,C:\RSOS\RSOS_EXPERIMENTS_WF2_PROSPECTIVE_CROSS_SYSTEM_CONFIRMATION\04_RAW\ACTIVE_CAUSAL\bc54cbaf64ad8f60fa9efc92.json
C:\RSOS\RSOS_CANONICAL_EXPERIMENT_CHAIN\033_EXP-016__WF2_Prospective_Cross_System_Confirmation\04_RAW\SOURCE\ACTIVE_CAUSAL\bc74ebe1ddd6eb76d42ad47f.json,1988,e14dcb466b4ad8333c0954c97f7c1307b78b9a879f98edb9a55ce0a593f39de8,C:\RSOS\RSOS_EXPERIMENTS_WF2_PROSPECTIVE_CROSS_SYSTEM_CONFIRMATION\04_RAW\ACTIVE_CAUSAL\bc74ebe1ddd6eb76d42ad47f.json
C:\RSOS\RSOS_CANONICAL_EXPERIMENT_CHAIN\033_EXP-016__WF2_Prospective_Cross_System_Confirmation\04_RAW\SOURCE\ACTIVE_CAUSAL\bd37a7752be6731db8bc57bf.json,1860,905997d074d66d40fa7ced750a6f062ee0bab42a70a56a9655cfef04354e76a4,C:\RSOS\RSOS_EXPERIMENTS_WF2_PROSPECTIVE_CROSS_SYSTEM_CONFIRMATION\04_RAW\ACTIVE_CAUSAL\bd37a7752be6731db8bc57bf.json
C:\RSOS\RSOS_CANONICAL_EXPERIMENT_CHAIN\033_EXP-016__WF2_Prospective_Cross_System_Confirmation\04_RAW\SOURCE\ACTIVE_CAUSAL\bd563ce4e8a446a71989cf05.json,1982,586e93e179c61c8fdeabfdc1a5dd58897008662052afffdf6e840e2f3d3f5914,C:\RSOS\RSOS_EXPERIMENTS_WF2_PROSPECTIVE_CROSS_SYSTEM_CONFIRMATION\04_RAW\ACTIVE_CAUSAL\bd563ce4e8a446a71989cf05.json
C:\RSOS\RSOS_CANONICAL_EXPERIMENT_CHAIN\033_EXP-016__WF2_Prospective_Cross_System_Confirmation\04_RAW\SOURCE\ACTIVE_CAUSAL\bdacf3194d2b904916f1e0fa.json,1752,5f412bc02a26f2478c8ad67c246b8f6ca890b84d9ac15fd7ed973d70c7adb83b,C:\RSOS\RSOS_EXPERIMENTS_WF2_PROSPECTIVE_CROSS_SYSTEM_CONFIRMATION\04_RAW\ACTIVE_CAUSAL\bdacf3194d2b904916f1e0fa.json
C:\RSOS\RSOS_CANONICAL_EXPERIMENT_CHAIN\033_EXP-016__WF2_Prospective_Cross_System_Confirmation\04_RAW\SOURCE\ACTIVE_CAUSAL\bdfa9d48dcf15e5b5d70ec17.json,1982,b41dc96fb1e30f051155fa0317775aaf382a31ef7d3ef48e7b8ff1740358bfce,C:\RSOS\RSOS_EXPERIMENTS_WF2_PROSPECTIVE_CROSS_SYSTEM_CONFIRMATION\04_RAW\ACTIVE_CAUSAL\bdfa9d48dcf15e5b5d70ec17.json
C:\RSOS\RSOS_CANONICAL_EXPERIMENT_CHAIN\033_EXP-016__WF2_Prospective_Cross_System_Confirmation\04_RAW\SOURCE\ACTIVE_CAUSAL\be05f85a4485d80d50274067.json,1981,0b2bc2a895b16c13ab6f6957d4fe71f2becc91261cf9cbd20c84cc8619ab9e0a,C:\RSOS\RSOS_EXPERIMENTS_WF2_PROSPECTIVE_CROSS_SYSTEM_CONFIRMATION\04_RAW\ACTIVE_CAUSAL\be05f85a4485d80d50274067.json
C:\RSOS\RSOS_CANONICAL_EXPERIMENT_CHAIN\033_EXP-016__WF2_Prospective_Cross_System_Confirmation\04_RAW\SOURCE\ACTIVE_CAUSAL\be4bd16d13803182732d7e5f.json,1827,19e0ea6b7e065b619d566e3c675898c3e3158d2d9c2ae92aaf9c9f417f867b7f,C:\RSOS\RSOS_EXPERIMENTS_WF2_PROSPECTIVE_CROSS_SYSTEM_CONFIRMATION\04_RAW\ACTIVE_CAUSAL\be4bd16d13803182732d7e5f.json
C:\RSOS\RSOS_CANONICAL_EXPERIMENT_CHAIN\033_EXP-016__WF2_Prospective_Cross_System_Confirmation\04_RAW\SOURCE\ACTIVE_CAUSAL\be4c05ef0fab5dab98af0a8d.json,3374,86600439bf1d4122ec046546bffeb2d822852c9a0fa9e01d053a42e24013924a,C:\RSOS\RSOS_EXPERIMENTS_WF2_PROSPECTIVE_CROSS_SYSTEM_CONFIRMATION\04_RAW\ACTIVE_CAUSAL\be4c05ef0fab5dab98af0a8d.json
C:\RSOS\RSOS_CANONICAL_EXPERIMENT_CHAIN\033_EXP-016__WF2_Prospective_Cross_System_Confirmation\04_RAW\SOURCE\ACTIVE_CAUSAL\be60eb3ef9c9f1c290041790.json,3374,fc025570bdf8f8355da2c651795b37848cf4c177b59316b1e59ece7ec7d5f6d6,C:\RSOS\RSOS_EXPERIMENTS_WF2_PROSPECTIVE_CROSS_SYSTEM_CONFIRMATION\04_RAW\ACTIVE_CAUSAL\be60eb3ef9c9f1c290041790.json
C:\RSOS\RSOS_CANONICAL_EXPERIMENT_CHAIN\033_EXP-016__WF2_Prospective_Cross_System_Confirmation\04_RAW\SOURCE\ACTIVE_CAUSAL\bec985a03af06bf192736d75.json,1995,9976f7dbcc08bd0542ca152d70d6de102e51b4309381f9e3c5b8eeba0e2646ec,C:\RSOS\RSOS_EXPERIMENTS_WF2_PROSPECTIVE_CROSS_SYSTEM_CONFIRMATION\04_RAW\ACTIVE_CAUSAL\bec985a03af06bf192736d75.json
C:\RSOS\RSOS_CANONICAL_EXPERIMENT_CHAIN\033_EXP-016__WF2_Prospective_Cross_System_Confirmation\04_RAW\SOURCE\ACTIVE_CAUSAL\bee9b209470cca0be0e11a68.json,3374,60dda1f7c0429a000a95cce14d40241107e7878f12e9233e27289529857c5755,C:\RSOS\RSOS_EXPERIMENTS_WF2_PROSPECTIVE_CROSS_SYSTEM_CONFIRMATION\04_RAW\ACTIVE_CAUSAL\bee9b209470cca0be0e11a68.json
C:\RSOS\RSOS_CANONICAL_EXPERIMENT_CHAIN\033_EXP-016__WF2_Prospective_Cross_System_Confirmation\04_RAW\SOURCE\ACTIVE_CAUSAL\bf0cbe4327016d19c51f1bb1.json,1835,3f14b709fb6b66f787b1d57aadef978ac1b52035c8bd17a9fb3c48bad8c7f638,C:\RSOS\RSOS_EXPERIMENTS_WF2_PROSPECTIVE_CROSS_SYSTEM_CONFIRMATION\04_RAW\ACTIVE_CAUSAL\bf0cbe4327016d19c51f1bb1.json
C:\RSOS\RSOS_CANONICAL_EXPERIMENT_CHAIN\033_EXP-016__WF2_Prospective_Cross_System_Confirmation\04_RAW\SOURCE\ACTIVE_CAUSAL\bf313f7ef069e66ce95323ae.json,3375,2fcee21bca599ec99483bc9853c2e8eba6577c91c5d05452ca804b7c3c9834d9,C:\RSOS\RSOS_EXPERIMENTS_WF2_PROSPECTIVE_CROSS_SYSTEM_CONFIRMATION\04_RAW\ACTIVE_CAUSAL\bf313f7ef069e66ce95323ae.json
C:\RSOS\RSOS_CANONICAL_EXPERIMENT_CHAIN\033_EXP-016__WF2_Prospective_Cross_System_Confirmation\04_RAW\SOURCE\ACTIVE_CAUSAL\bf3a07f593beb1643ad4d21e.json,3374,0f3b3ad41017dd6e50e2c050bd385ec93723a6d9b2bb5a3f9887168b64635d6c,C:\RSOS\RSOS_EXPERIMENTS_WF2_PROSPECTIVE_CROSS_SYSTEM_CONFIRMATION\04_RAW\ACTIVE_CAUSAL\bf3a07f593beb1643ad4d21e.json
C:\RSOS\RSOS_CANONICAL_EXPERIMENT_CHAIN\033_EXP-016__WF2_Prospective_Cross_System_Confirmation\04_RAW\SOURCE\ACTIVE_CAUSAL\bfde27d38a4fe3c51db41b06.json,3375,2cf653ad185eb2e81e206dcbcdf522d604dcbb451d8b8574c8293376671b3dce,C:\RSOS\RSOS_EXPERIMENTS_WF2_PROSPECTIVE_CROSS_SYSTEM_CONFIRMATION\04_RAW\ACTIVE_CAUSAL\bfde27d38a4fe3c51db41b06.json
C:\RSOS\RSOS_CANONICAL_EXPERIMENT_CHAIN\033_EXP-016__WF2_Prospective_Cross_System_Confirmation\04_RAW\SOURCE\ACTIVE_CAUSAL\bfef86f18010e2926bd48fbf.json,1981,b82b17fe2b6fe1492d5e8ba8cb60486b7644a99d85a538d0c294388f2b5aab00,C:\RSOS\RSOS_EXPERIMENTS_WF2_PROSPECTIVE_CROSS_SYSTEM_CONFIRMATION\04_RAW\ACTIVE_CAUSAL\bfef86f18010e2926bd48fbf.json
C:\RSOS\RSOS_CANONICAL_EXPERIMENT_CHAIN\033_EXP-016__WF2_Prospective_Cross_System_Confirmation\04_RAW\SOURCE\ACTIVE_CAUSAL\c0095eea3d97f6fead01ae1a.json,1837,f77083ca0ab3956f257339becf02012ddc4c1ac6223ff19643185b0e58d4a7be,C:\RSOS\RSOS_EXPERIMENTS_WF2_PROSPECTIVE_CROSS_SYSTEM_CONFIRMATION\04_RAW\ACTIVE_CAUSAL\c0095eea3d97f6fead01ae1a.json
C:\RSOS\RSOS_CANONICAL_EXPERIMENT_CHAIN\033_EXP-016__WF2_Prospective_Cross_System_Confirmation\04_RAW\SOURCE\ACTIVE_CAUSAL\c00efed30a5c0cca3602660c.json,1982,0caa6340027512995afb1858d2b95495b84b8d371b86046d3b1deac954abf8b5,C:\RSOS\RSOS_EXPERIMENTS_WF2_PROSPECTIVE_CROSS_SYSTEM_CONFIRMATION\04_RAW\ACTIVE_CAUSAL\c00efed30a5c0cca3602660c.json
C:\RSOS\RSOS_CANONICAL_EXPERIMENT_CHAIN\033_EXP-016__WF2_Prospective_Cross_System_Confirmation\04_RAW\SOURCE\ACTIVE_CAUSAL\c01d7497bddcb289993086bf.json,1981,28c77dd07ac06cbe67a59133af228184cc259b4ba87509ed9cae881535e1b029,C:\RSOS\RSOS_EXPERIMENTS_WF2_PROSPECTIVE_CROSS_SYSTEM_CONFIRMATION\04_RAW\ACTIVE_CAUSAL\c01d7497bddcb289993086bf.json
C:\RSOS\RSOS_CANONICAL_EXPERIMENT_CHAIN\033_EXP-016__WF2_Prospective_Cross_System_Confirmation\04_RAW\SOURCE\ACTIVE_CAUSAL\c02ba3cc86a2331dcf2260c0.json,3375,af67f7016d73036fd6c25c57263ac7c4a312a1056b21517873bbbc3bae615f6a,C:\RSOS\RSOS_EXPERIMENTS_WF2_PROSPECTIVE_CROSS_SYSTEM_CONFIRMATION\04_RAW\ACTIVE_CAUSAL\c02ba3cc86a2331dcf2260c0.json
C:\RSOS\RSOS_CANONICAL_EXPERIMENT_CHAIN\033_EXP-016__WF2_Prospective_Cross_System_Confirmation\04_RAW\SOURCE\ACTIVE_CAUSAL\c036ec85557a11044a8683fe.json,1981,7d9d2b2256c190249372a7beed948d62d6360047cf8d62eebbb2b3509f1ad178,C:\RSOS\RSOS_EXPERIMENTS_WF2_PROSPECTIVE_CROSS_SYSTEM_CONFIRMATION\04_RAW\ACTIVE_CAUSAL\c036ec85557a11044a8683fe.json
C:\RSOS\RSOS_CANONICAL_EXPERIMENT_CHAIN\033_EXP-016__WF2_Prospective_Cross_System_Confirmation\04_RAW\SOURCE\ACTIVE_CAUSAL\c06b844e4e14b90ff08dc99a.json,1981,cc63c25994fc117f31f69c223b30e9fc7aed6034f34b296d84d93d43a1d1e66c,C:\RSOS\RSOS_EXPERIMENTS_WF2_PROSPECTIVE_CROSS_SYSTEM_CONFIRMATION\04_RAW\ACTIVE_CAUSAL\c06b844e4e14b90ff08dc99a.json
C:\RSOS\RSOS_CANONICAL_EXPERIMENT_CHAIN\033_EXP-016__WF2_Prospective_Cross_System_Confirmation\04_RAW\SOURCE\ACTIVE_CAUSAL\c072922c2124062ec9ceb92e.json,1826,d4132523782b7f43ed35a6e7f0b126020236ca36e00f69db696a2367dfbd213a,C:\RSOS\RSOS_EXPERIMENTS_WF2_PROSPECTIVE_CROSS_SYSTEM_CONFIRMATION\04_RAW\ACTIVE_CAUSAL\c072922c2124062ec9ceb92e.json
C:\RSOS\RSOS_CANONICAL_EXPERIMENT_CHAIN\033_EXP-016__WF2_Prospective_Cross_System_Confirmation\04_RAW\SOURCE\ACTIVE_CAUSAL\c07e1bebef14fce7baec19a0.json,1990,6bdc14de8adfd2027b39befb14ae8f4708f40e243a626d5ad030c33867761f61,C:\RSOS\RSOS_EXPERIMENTS_WF2_PROSPECTIVE_CROSS_SYSTEM_CONFIRMATION\04_RAW\ACTIVE_CAUSAL\c07e1bebef14fce7baec19a0.json
C:\RSOS\RSOS_CANONICAL_EXPERIMENT_CHAIN\033_EXP-016__WF2_Prospective_Cross_System_Confirmation\04_RAW\SOURCE\ACTIVE_CAUSAL\c087608e01e51291fdc64207.json,1982,b18ba23e96863bce1ed9c4d2cef0d798eebb95b519c1f1ff817bdc68064435f0,C:\RSOS\RSOS_EXPERIMENTS_WF2_PROSPECTIVE_CROSS_SYSTEM_CONFIRMATION\04_RAW\ACTIVE_CAUSAL\c087608e01e51291fdc64207.json
C:\RSOS\RSOS_CANONICAL_EXPERIMENT_CHAIN\033_EXP-016__WF2_Prospective_Cross_System_Confirmation\04_RAW\SOURCE\ACTIVE_CAUSAL\c0960f892ba6f56bd9e51ee8.json,1827,78f8c5f86d7205509a1d3cb3b0124bdf6e12d8083b97db657926d9a633730726,C:\RSOS\RSOS_EXPERIMENTS_WF2_PROSPECTIVE_CROSS_SYSTEM_CONFIRMATION\04_RAW\ACTIVE_CAUSAL\c0960f892ba6f56bd9e51ee8.json
C:\RSOS\RSOS_CANONICAL_EXPERIMENT_CHAIN\033_EXP-016__WF2_Prospective_Cross_System_Confirmation\04_RAW\SOURCE\ACTIVE_CAUSAL\c0ab6351534fea4297aa200f.json,1827,891ff67200ed2dfabadd6ec8cab8c1ed3967c9b80311fae1a0107da976bede76,C:\RSOS\RSOS_EXPERIMENTS_WF2_PROSPECTIVE_CROSS_SYSTEM_CONFIRMATION\04_RAW\ACTIVE_CAUSAL\c0ab6351534fea4297aa200f.json
C:\RSOS\RSOS_CANONICAL_EXPERIMENT_CHAIN\033_EXP-016__WF2_Prospective_Cross_System_Confirmation\04_RAW\SOURCE\ACTIVE_CAUSAL\c0e86bbd6111a991ab7c1259.json,1753,c2f1399d2cf1f1782c376f397b73691fb33420952dcd3a929e57de8806bcf9c5,C:\RSOS\RSOS_EXPERIMENTS_WF2_PROSPECTIVE_CROSS_SYSTEM_CONFIRMATION\04_RAW\ACTIVE_CAUSAL\c0e86bbd6111a991ab7c1259.json
C:\RSOS\RSOS_CANONICAL_EXPERIMENT_CHAIN\033_EXP-016__WF2_Prospective_Cross_System_Confirmation\04_RAW\SOURCE\ACTIVE_CAUSAL\c10654cdd71a7ee1aaeba6e5.json,3389,92672d1387551b6bda2063ad534a11d1b3358bfb00ae36c74b2ce495f3b0455b,C:\RSOS\RSOS_EXPERIMENTS_WF2_PROSPECTIVE_CROSS_SYSTEM_CONFIRMATION\04_RAW\ACTIVE_CAUSAL\c10654cdd71a7ee1aaeba6e5.json
C:\RSOS\RSOS_CANONICAL_EXPERIMENT_CHAIN\033_EXP-016__WF2_Prospective_Cross_System_Confirmation\04_RAW\SOURCE\ACTIVE_CAUSAL\c12e8e86d0b359b0a453be65.json,1841,757b8e1c834aa5918ca5eac4c2af68bb77f9044c6de175e5afdc718d227a1dca,C:\RSOS\RSOS_EXPERIMENTS_WF2_PROSPECTIVE_CROSS_SYSTEM_CONFIRMATION\04_RAW\ACTIVE_CAUSAL\c12e8e86d0b359b0a453be65.json
C:\RSOS\RSOS_CANONICAL_EXPERIMENT_CHAIN\033_EXP-016__WF2_Prospective_Cross_System_Confirmation\04_RAW\SOURCE\ACTIVE_CAUSAL\c15176d9adf3dcc48b3f1101.json,1840,9a52df835f96d2de91a5fadcf3d035445463a8f3274883364d055b271ddc3c3c,C:\RSOS\RSOS_EXPERIMENTS_WF2_PROSPECTIVE_CROSS_SYSTEM_CONFIRMATION\04_RAW\ACTIVE_CAUSAL\c15176d9adf3dcc48b3f1101.json
C:\RSOS\RSOS_CANONICAL_EXPERIMENT_CHAIN\033_EXP-016__WF2_Prospective_Cross_System_Confirmation\04_RAW\SOURCE\ACTIVE_CAUSAL\c1a34bd8a94eb89b874a9684.json,1836,ab5fb0bacf8394c014d4bab91adf86aa3242eddb1b6d508b889948afa1db6329,C:\RSOS\RSOS_EXPERIMENTS_WF2_PROSPECTIVE_CROSS_SYSTEM_CONFIRMATION\04_RAW\ACTIVE_CAUSAL\c1a34bd8a94eb89b874a9684.json
C:\RSOS\RSOS_CANONICAL_EXPERIMENT_CHAIN\033_EXP-016__WF2_Prospective_Cross_System_Confirmation\04_RAW\SOURCE\ACTIVE_CAUSAL\c1bd12900c67f37ecdade487.json,1836,61944123bd3b0e968a68f9d671d3ad7e60d6b30936e8c58ae7b1b70500d8b2fa,C:\RSOS\RSOS_EXPERIMENTS_WF2_PROSPECTIVE_CROSS_SYSTEM_CONFIRMATION\04_RAW\ACTIVE_CAUSAL\c1bd12900c67f37ecdade487.json
C:\RSOS\RSOS_CANONICAL_EXPERIMENT_CHAIN\033_EXP-016__WF2_Prospective_Cross_System_Confirmation\04_RAW\SOURCE\ACTIVE_CAUSAL\c1c405320c779a9b24baaa21.json,1981,f583bf27629f111b35e6bea6a3d6546ad18fd9feb0e9e25f081c966a8be0c6d4,C:\RSOS\RSOS_EXPERIMENTS_WF2_PROSPECTIVE_CROSS_SYSTEM_CONFIRMATION\04_RAW\ACTIVE_CAUSAL\c1c405320c779a9b24baaa21.json
C:\RSOS\RSOS_CANONICAL_EXPERIMENT_CHAIN\033_EXP-016__WF2_Prospective_Cross_System_Confirmation\04_RAW\SOURCE\ACTIVE_CAUSAL\c202d6e31309b21959a55068.json,3389,21a34700101829f9158e1af28712d4a68cb5000387316b3c3ae3f833f2923c6b,C:\RSOS\RSOS_EXPERIMENTS_WF2_PROSPECTIVE_CROSS_SYSTEM_CONFIRMATION\04_RAW\ACTIVE_CAUSAL\c202d6e31309b21959a55068.json
C:\RSOS\RSOS_CANONICAL_EXPERIMENT_CHAIN\033_EXP-016__WF2_Prospective_Cross_System_Confirmation\04_RAW\SOURCE\ACTIVE_CAUSAL\c206b7eb8354d920f3280770.json,1827,f65fcadb344cbd6c64cda587cecfcede192110e8f29e394bc3bc2ccb3324b724,C:\RSOS\RSOS_EXPERIMENTS_WF2_PROSPECTIVE_CROSS_SYSTEM_CONFIRMATION\04_RAW\ACTIVE_CAUSAL\c206b7eb8354d920f3280770.json
C:\RSOS\RSOS_CANONICAL_EXPERIMENT_CHAIN\033_EXP-016__WF2_Prospective_Cross_System_Confirmation\04_RAW\SOURCE\ACTIVE_CAUSAL\c2161d94b4020f4c49689596.json,1826,aeef8bb112b97ef972b8b90c61a259467828aab1eaf4f88b5bf3d69ce1dcb59c,C:\RSOS\RSOS_EXPERIMENTS_WF2_PROSPECTIVE_CROSS_SYSTEM_CONFIRMATION\04_RAW\ACTIVE_CAUSAL\c2161d94b4020f4c49689596.json
C:\RSOS\RSOS_CANONICAL_EXPERIMENT_CHAIN\033_EXP-016__WF2_Prospective_Cross_System_Confirmation\04_RAW\SOURCE\ACTIVE_CAUSAL\c249773875e16e41fd2f95f5.json,1982,05e4a40675ea62f3a87e0ef86c1bcec1f8fd439fa764602d28e7e5c030e96beb,C:\RSOS\RSOS_EXPERIMENTS_WF2_PROSPECTIVE_CROSS_SYSTEM_CONFIRMATION\04_RAW\ACTIVE_CAUSAL\c249773875e16e41fd2f95f5.json
C:\RSOS\RSOS_CANONICAL_EXPERIMENT_CHAIN\033_EXP-016__WF2_Prospective_Cross_System_Confirmation\04_RAW\SOURCE\ACTIVE_CAUSAL\c2581c2542561f53120a5dc3.json,1827,cac91d3964e2ff2e3d8769c2bd1ac14d9cdfcb7b42baa52b95bd5c1958ecddd0,C:\RSOS\RSOS_EXPERIMENTS_WF2_PROSPECTIVE_CROSS_SYSTEM_CONFIRMATION\04_RAW\ACTIVE_CAUSAL\c2581c2542561f53120a5dc3.json
C:\RSOS\RSOS_CANONICAL_EXPERIMENT_CHAIN\033_EXP-016__WF2_Prospective_Cross_System_Confirmation\04_RAW\SOURCE\ACTIVE_CAUSAL\c2828d9db9bbb8cf75d97f40.json,3374,29aa451fdcfe287522b71f9a3c6f8a1570822350036535e97b7985c560946420,C:\RSOS\RSOS_EXPERIMENTS_WF2_PROSPECTIVE_CROSS_SYSTEM_CONFIRMATION\04_RAW\ACTIVE_CAUSAL\c2828d9db9bbb8cf75d97f40.json
C:\RSOS\RSOS_CANONICAL_EXPERIMENT_CHAIN\033_EXP-016__WF2_Prospective_Cross_System_Confirmation\04_RAW\SOURCE\ACTIVE_CAUSAL\c28c6d63fb969593f4ea2e45.json,3383,accce27a0958bb6e8b2e7a59e67ab35ac23bdf5292c696a4a0edf772259697a7,C:\RSOS\RSOS_EXPERIMENTS_WF2_PROSPECTIVE_CROSS_SYSTEM_CONFIRMATION\04_RAW\ACTIVE_CAUSAL\c28c6d63fb969593f4ea2e45.json
C:\RSOS\RSOS_CANONICAL_EXPERIMENT_CHAIN\033_EXP-016__WF2_Prospective_Cross_System_Confirmation\04_RAW\SOURCE\ACTIVE_CAUSAL\c2a258c2407fc30adb2ffb38.json,1981,b80179e86d177582d10dd5efcd7f0246bd8ff05d55eb3d1672e1506be190d7f5,C:\RSOS\RSOS_EXPERIMENTS_WF2_PROSPECTIVE_CROSS_SYSTEM_CONFIRMATION\04_RAW\ACTIVE_CAUSAL\c2a258c2407fc30adb2ffb38.json
C:\RSOS\RSOS_CANONICAL_EXPERIMENT_CHAIN\033_EXP-016__WF2_Prospective_Cross_System_Confirmation\04_RAW\SOURCE\ACTIVE_CAUSAL\c2c36c2c08ac0838714b46f5.json,1982,8db66ebcefab622bfbb7f3f4a2aaa2168e5dc6b4c3b39145afee63907f4b237c,C:\RSOS\RSOS_EXPERIMENTS_WF2_PROSPECTIVE_CROSS_SYSTEM_CONFIRMATION\04_RAW\ACTIVE_CAUSAL\c2c36c2c08ac0838714b46f5.json
C:\RSOS\RSOS_CANONICAL_EXPERIMENT_CHAIN\033_EXP-016__WF2_Prospective_Cross_System_Confirmation\04_RAW\SOURCE\ACTIVE_CAUSAL\c2e3efbec5ebc3a128028162.json,1752,c8b1d9f05a64f096a281ef6240912969218e68e8162e539b0f062af3c28604e8,C:\RSOS\RSOS_EXPERIMENTS_WF2_PROSPECTIVE_CROSS_SYSTEM_CONFIRMATION\04_RAW\ACTIVE_CAUSAL\c2e3efbec5ebc3a128028162.json
C:\RSOS\RSOS_CANONICAL_EXPERIMENT_CHAIN\033_EXP-016__WF2_Prospective_Cross_System_Confirmation\04_RAW\SOURCE\ACTIVE_CAUSAL\c2e6a4bc981800b57a14f671.json,1827,e9303a45041a6cb71b0d9612cb7bdd34ec800b5d328f49206138fb30e6f4e318,C:\RSOS\RSOS_EXPERIMENTS_WF2_PROSPECTIVE_CROSS_SYSTEM_CONFIRMATION\04_RAW\ACTIVE_CAUSAL\c2e6a4bc981800b57a14f671.json
C:\RSOS\RSOS_CANONICAL_EXPERIMENT_CHAIN\033_EXP-016__WF2_Prospective_Cross_System_Confirmation\04_RAW\SOURCE\ACTIVE_CAUSAL\c2e9fa309fc4f70dd8f4423b.json,3385,97801c3c90dc061af2344d2865f7eb726ec635f9a285e876d9ac8d3b6c2cf189,C:\RSOS\RSOS_EXPERIMENTS_WF2_PROSPECTIVE_CROSS_SYSTEM_CONFIRMATION\04_RAW\ACTIVE_CAUSAL\c2e9fa309fc4f70dd8f4423b.json
C:\RSOS\RSOS_CANONICAL_EXPERIMENT_CHAIN\033_EXP-016__WF2_Prospective_Cross_System_Confirmation\04_RAW\SOURCE\ACTIVE_CAUSAL\c2f39d248db20da238406e78.json,3384,8e8fa0c8190bbd2616e3d503f0833e9d9379da1a351a6b92d6f6dd216df82e9a,C:\RSOS\RSOS_EXPERIMENTS_WF2_PROSPECTIVE_CROSS_SYSTEM_CONFIRMATION\04_RAW\ACTIVE_CAUSAL\c2f39d248db20da238406e78.json
C:\RSOS\RSOS_CANONICAL_EXPERIMENT_CHAIN\033_EXP-016__WF2_Prospective_Cross_System_Confirmation\04_RAW\SOURCE\ACTIVE_CAUSAL\c313276807853c985bfd1918.json,2440,8225a106c9adc8782aec3b92283ffb05f59b20a52181b9bd44dd49b8a16c2288,C:\RSOS\RSOS_EXPERIMENTS_WF2_PROSPECTIVE_CROSS_SYSTEM_CONFIRMATION\04_RAW\ACTIVE_CAUSAL\c313276807853c985bfd1918.json
C:\RSOS\RSOS_CANONICAL_EXPERIMENT_CHAIN\033_EXP-016__WF2_Prospective_Cross_System_Confirmation\04_RAW\SOURCE\ACTIVE_CAUSAL\c33246344cba4c4b2a959ac1.json,1752,a9bb6edf3140d5ba46aed740ad5f05012a8232787e66d104705597ea3c33ed90,C:\RSOS\RSOS_EXPERIMENTS_WF2_PROSPECTIVE_CROSS_SYSTEM_CONFIRMATION\04_RAW\ACTIVE_CAUSAL\c33246344cba4c4b2a959ac1.json
C:\RSOS\RSOS_CANONICAL_EXPERIMENT_CHAIN\033_EXP-016__WF2_Prospective_Cross_System_Confirmation\04_RAW\SOURCE\ACTIVE_CAUSAL\c349770a2d3cc8a7bae04547.json,1981,8ef712334460d88465ab3a3d6cc0c4ddef3defd416e0baac95eb5a1fde0bff87,C:\RSOS\RSOS_EXPERIMENTS_WF2_PROSPECTIVE_CROSS_SYSTEM_CONFIRMATION\04_RAW\ACTIVE_CAUSAL\c349770a2d3cc8a7bae04547.json
C:\RSOS\RSOS_CANONICAL_EXPERIMENT_CHAIN\033_EXP-016__WF2_Prospective_Cross_System_Confirmation\04_RAW\SOURCE\ACTIVE_CAUSAL\c34b1387ab4063916df26703.json,1827,399bc693bc54ff4e1262371696c9fcb9877e32ee3f1ca02b636b17a12247285a,C:\RSOS\RSOS_EXPERIMENTS_WF2_PROSPECTIVE_CROSS_SYSTEM_CONFIRMATION\04_RAW\ACTIVE_CAUSAL\c34b1387ab4063916df26703.json
C:\RSOS\RSOS_CANONICAL_EXPERIMENT_CHAIN\033_EXP-016__WF2_Prospective_Cross_System_Confirmation\04_RAW\SOURCE\ACTIVE_CAUSAL\c35197fca7189fc0858776a1.json,1988,615f33049d412298939b38da884396c13d1ff3987ad5a3f6a87448d10d7492ee,C:\RSOS\RSOS_EXPERIMENTS_WF2_PROSPECTIVE_CROSS_SYSTEM_CONFIRMATION\04_RAW\ACTIVE_CAUSAL\c35197fca7189fc0858776a1.json
C:\RSOS\RSOS_CANONICAL_EXPERIMENT_CHAIN\033_EXP-016__WF2_Prospective_Cross_System_Confirmation\04_RAW\SOURCE\ACTIVE_CAUSAL\c352640cf0af931d42988bb5.json,1995,3abc6857ec85cf5ff3db03af52ecbb826b7d8df2a7307ff2a580dcb56039c6ed,C:\RSOS\RSOS_EXPERIMENTS_WF2_PROSPECTIVE_CROSS_SYSTEM_CONFIRMATION\04_RAW\ACTIVE_CAUSAL\c352640cf0af931d42988bb5.json
C:\RSOS\RSOS_CANONICAL_EXPERIMENT_CHAIN\033_EXP-016__WF2_Prospective_Cross_System_Confirmation\04_RAW\SOURCE\ACTIVE_CAUSAL\c364f8e89766a19a066dc9d7.json,3374,15b38407af785630c13fa99458448b7357111feb3dd340fd3cdffb21b0e92dec,C:\RSOS\RSOS_EXPERIMENTS_WF2_PROSPECTIVE_CROSS_SYSTEM_CONFIRMATION\04_RAW\ACTIVE_CAUSAL\c364f8e89766a19a066dc9d7.json
C:\RSOS\RSOS_CANONICAL_EXPERIMENT_CHAIN\033_EXP-016__WF2_Prospective_Cross_System_Confirmation\04_RAW\SOURCE\ACTIVE_CAUSAL\c38308ccedac5e272730e5d6.json,3374,84ff6e43dc72e804d24ee35f234c5ed0841c236f9578539fb3324849dc11d673,C:\RSOS\RSOS_EXPERIMENTS_WF2_PROSPECTIVE_CROSS_SYSTEM_CONFIRMATION\04_RAW\ACTIVE_CAUSAL\c38308ccedac5e272730e5d6.json
C:\RSOS\RSOS_CANONICAL_EXPERIMENT_CHAIN\033_EXP-016__WF2_Prospective_Cross_System_Confirmation\04_RAW\SOURCE\ACTIVE_CAUSAL\c38dee76cd40f56dde577f1c.json,1982,817de8bb5fed88c1cdfd73a03b43c83295dda4264e9d6023ab13e3ae02abdd96,C:\RSOS\RSOS_EXPERIMENTS_WF2_PROSPECTIVE_CROSS_SYSTEM_CONFIRMATION\04_RAW\ACTIVE_CAUSAL\c38dee76cd40f56dde577f1c.json
C:\RSOS\RSOS_CANONICAL_EXPERIMENT_CHAIN\033_EXP-016__WF2_Prospective_Cross_System_Confirmation\04_RAW\SOURCE\ACTIVE_CAUSAL\c3adde4f3b5b143ea0edf8ee.json,1827,3d5ea4a41e8a5fc5ee7a53ec31d335071e16389277875956ee33939253bdb5ca,C:\RSOS\RSOS_EXPERIMENTS_WF2_PROSPECTIVE_CROSS_SYSTEM_CONFIRMATION\04_RAW\ACTIVE_CAUSAL\c3adde4f3b5b143ea0edf8ee.json
C:\RSOS\RSOS_CANONICAL_EXPERIMENT_CHAIN\033_EXP-016__WF2_Prospective_Cross_System_Confirmation\04_RAW\SOURCE\ACTIVE_CAUSAL\c3adf5f0db80fc7ece281c79.json,1826,9f6209adb49de5555665e5736ec2e5ba725a3a94c37dc52ae1407de4f6638417,C:\RSOS\RSOS_EXPERIMENTS_WF2_PROSPECTIVE_CROSS_SYSTEM_CONFIRMATION\04_RAW\ACTIVE_CAUSAL\c3adf5f0db80fc7ece281c79.json
C:\RSOS\RSOS_CANONICAL_EXPERIMENT_CHAIN\033_EXP-016__WF2_Prospective_Cross_System_Confirmation\04_RAW\SOURCE\ACTIVE_CAUSAL\c3b4cb75e96a452bc8ad1e28.json,1826,154e6e9ee817c940bc66cc1a79061f9e3ca373b8b68afc86dc43ebb6e9ae7623,C:\RSOS\RSOS_EXPERIMENTS_WF2_PROSPECTIVE_CROSS_SYSTEM_CONFIRMATION\04_RAW\ACTIVE_CAUSAL\c3b4cb75e96a452bc8ad1e28.json
C:\RSOS\RSOS_CANONICAL_EXPERIMENT_CHAIN\033_EXP-016__WF2_Prospective_Cross_System_Confirmation\04_RAW\SOURCE\ACTIVE_CAUSAL\c3d69f8c6654235ed6abd203.json,1860,fe6b2f8d2d8033baabbefd5864c59a0eaee59c651ae4802a89c8c7707b4ee0fb,C:\RSOS\RSOS_EXPERIMENTS_WF2_PROSPECTIVE_CROSS_SYSTEM_CONFIRMATION\04_RAW\ACTIVE_CAUSAL\c3d69f8c6654235ed6abd203.json
C:\RSOS\RSOS_CANONICAL_EXPERIMENT_CHAIN\033_EXP-016__WF2_Prospective_Cross_System_Confirmation\04_RAW\SOURCE\ACTIVE_CAUSAL\c4088a799120842d57e58552.json,1982,1a90ee394d5a46a39c9706769a9ba82d1c3b3f6580785ff9575c2c4d54852d1b,C:\RSOS\RSOS_EXPERIMENTS_WF2_PROSPECTIVE_CROSS_SYSTEM_CONFIRMATION\04_RAW\ACTIVE_CAUSAL\c4088a799120842d57e58552.json
C:\RSOS\RSOS_CANONICAL_EXPERIMENT_CHAIN\033_EXP-016__WF2_Prospective_Cross_System_Confirmation\04_RAW\SOURCE\ACTIVE_CAUSAL\c457fb76f561a50f9b0a33c1.json,1836,153ee36e709b0940b0addac661eb5ae7919a116976dcfc95c9a587971f80ccd0,C:\RSOS\RSOS_EXPERIMENTS_WF2_PROSPECTIVE_CROSS_SYSTEM_CONFIRMATION\04_RAW\ACTIVE_CAUSAL\c457fb76f561a50f9b0a33c1.json
C:\RSOS\RSOS_CANONICAL_EXPERIMENT_CHAIN\033_EXP-016__WF2_Prospective_Cross_System_Confirmation\04_RAW\SOURCE\ACTIVE_CAUSAL\c45d123dd6fa0a50f205e831.json,3375,ded1a4b6de0992bad732f26e8aebeecbdedda108d034c2dcbf76d3c59413c36c,C:\RSOS\RSOS_EXPERIMENTS_WF2_PROSPECTIVE_CROSS_SYSTEM_CONFIRMATION\04_RAW\ACTIVE_CAUSAL\c45d123dd6fa0a50f205e831.json
C:\RSOS\RSOS_CANONICAL_EXPERIMENT_CHAIN\033_EXP-016__WF2_Prospective_Cross_System_Confirmation\04_RAW\SOURCE\ACTIVE_CAUSAL\c48a64b43e7625b8a9ec8484.json,1762,41736529fce9a7bfeb6191ca31120221d6fe6355bc72b1de04bbccdae04e46c4,C:\RSOS\RSOS_EXPERIMENTS_WF2_PROSPECTIVE_CROSS_SYSTEM_CONFIRMATION\04_RAW\ACTIVE_CAUSAL\c48a64b43e7625b8a9ec8484.json
C:\RSOS\RSOS_CANONICAL_EXPERIMENT_CHAIN\033_EXP-016__WF2_Prospective_Cross_System_Confirmation\04_RAW\SOURCE\ACTIVE_CAUSAL\c4de5bb4073017286981bb55.json,1990,50219f8d01274e24177d851fb39ae8928d456fa0fe7440d9bcf2eeb608f4c7b4,C:\RSOS\RSOS_EXPERIMENTS_WF2_PROSPECTIVE_CROSS_SYSTEM_CONFIRMATION\04_RAW\ACTIVE_CAUSAL\c4de5bb4073017286981bb55.json
C:\RSOS\RSOS_CANONICAL_EXPERIMENT_CHAIN\033_EXP-016__WF2_Prospective_Cross_System_Confirmation\04_RAW\SOURCE\ACTIVE_CAUSAL\c4dfb7f317ed9100afa4bc38.json,3389,7ce9e74efdc67cc2c7b74017a8caec962b9a6951c10b57e8e93da45931b04ff8,C:\RSOS\RSOS_EXPERIMENTS_WF2_PROSPECTIVE_CROSS_SYSTEM_CONFIRMATION\04_RAW\ACTIVE_CAUSAL\c4dfb7f317ed9100afa4bc38.json
C:\RSOS\RSOS_CANONICAL_EXPERIMENT_CHAIN\033_EXP-016__WF2_Prospective_Cross_System_Confirmation\04_RAW\SOURCE\ACTIVE_CAUSAL\c5277b56640d7471db6491de.json,1826,8790ddfb5da96c5cc3223630ef772cd49fd40a0c5e3499da78e816384d5eb611,C:\RSOS\RSOS_EXPERIMENTS_WF2_PROSPECTIVE_CROSS_SYSTEM_CONFIRMATION\04_RAW\ACTIVE_CAUSAL\c5277b56640d7471db6491de.json
C:\RSOS\RSOS_CANONICAL_EXPERIMENT_CHAIN\033_EXP-016__WF2_Prospective_Cross_System_Confirmation\04_RAW\SOURCE\ACTIVE_CAUSAL\c541871e75cfdfa4cc441d4e.json,1981,3f8988017ca30a25ba5a159b20990992d19401ae72faa717d4c58f3d575bc12b,C:\RSOS\RSOS_EXPERIMENTS_WF2_PROSPECTIVE_CROSS_SYSTEM_CONFIRMATION\04_RAW\ACTIVE_CAUSAL\c541871e75cfdfa4cc441d4e.json
C:\RSOS\RSOS_CANONICAL_EXPERIMENT_CHAIN\033_EXP-016__WF2_Prospective_Cross_System_Confirmation\04_RAW\SOURCE\ACTIVE_CAUSAL\c55cb67d7a31a452ba53069d.json,3388,8136f024fa45f6668b403d09bff6582554f25c9c090cca250ecfeb7204f49a46,C:\RSOS\RSOS_EXPERIMENTS_WF2_PROSPECTIVE_CROSS_SYSTEM_CONFIRMATION\04_RAW\ACTIVE_CAUSAL\c55cb67d7a31a452ba53069d.json
C:\RSOS\RSOS_CANONICAL_EXPERIMENT_CHAIN\033_EXP-016__WF2_Prospective_Cross_System_Confirmation\04_RAW\SOURCE\ACTIVE_CAUSAL\c5b2e945c728d93eb29cbacc.json,1981,fdc94dc889fbbab8f047867ce64a9a0e62b6a23c8cde5c936c34ef0771b6d72b,C:\RSOS\RSOS_EXPERIMENTS_WF2_PROSPECTIVE_CROSS_SYSTEM_CONFIRMATION\04_RAW\ACTIVE_CAUSAL\c5b2e945c728d93eb29cbacc.json
C:\RSOS\RSOS_CANONICAL_EXPERIMENT_CHAIN\033_EXP-016__WF2_Prospective_Cross_System_Confirmation\04_RAW\SOURCE\ACTIVE_CAUSAL\c604acb4206382cf4b8710a4.json,1826,489c363b58eeaa8c58e0cade3c7673922d842f5d0b3c8e01982348c5509fffe7,C:\RSOS\RSOS_EXPERIMENTS_WF2_PROSPECTIVE_CROSS_SYSTEM_CONFIRMATION\04_RAW\ACTIVE_CAUSAL\c604acb4206382cf4b8710a4.json
C:\RSOS\RSOS_CANONICAL_EXPERIMENT_CHAIN\033_EXP-016__WF2_Prospective_Cross_System_Confirmation\04_RAW\SOURCE\ACTIVE_CAUSAL\c63c3704cc0b5fede7ef002b.json,1990,6a1d5424c8dc436c7a97f97f376f4768ecddad73dfd40cbfeb0ba2be5afbca34,C:\RSOS\RSOS_EXPERIMENTS_WF2_PROSPECTIVE_CROSS_SYSTEM_CONFIRMATION\04_RAW\ACTIVE_CAUSAL\c63c3704cc0b5fede7ef002b.json
C:\RSOS\RSOS_CANONICAL_EXPERIMENT_CHAIN\033_EXP-016__WF2_Prospective_Cross_System_Confirmation\04_RAW\SOURCE\ACTIVE_CAUSAL\c63cf86b2b02628946483dde.json,1992,6ce2d6a6a63dff43a1a03ba703305ffb8b660dc5c1fc138b24d54fe068b05363,C:\RSOS\RSOS_EXPERIMENTS_WF2_PROSPECTIVE_CROSS_SYSTEM_CONFIRMATION\04_RAW\ACTIVE_CAUSAL\c63cf86b2b02628946483dde.json
C:\RSOS\RSOS_CANONICAL_EXPERIMENT_CHAIN\033_EXP-016__WF2_Prospective_Cross_System_Confirmation\04_RAW\SOURCE\ACTIVE_CAUSAL\c64e654f3870d08a7ccba99f.json,1982,0591530006909fac868b7ea954ab5d36dc307638f487e56773e29c3828355e63,C:\RSOS\RSOS_EXPERIMENTS_WF2_PROSPECTIVE_CROSS_SYSTEM_CONFIRMATION\04_RAW\ACTIVE_CAUSAL\c64e654f3870d08a7ccba99f.json
C:\RSOS\RSOS_CANONICAL_EXPERIMENT_CHAIN\033_EXP-016__WF2_Prospective_Cross_System_Confirmation\04_RAW\SOURCE\ACTIVE_CAUSAL\c6725d4044acd6283110c275.json,1982,a26de3367d2396846b8d4ef55f147a11491fb9c4eadbdb4912297f52cd147031,C:\RSOS\RSOS_EXPERIMENTS_WF2_PROSPECTIVE_CROSS_SYSTEM_CONFIRMATION\04_RAW\ACTIVE_CAUSAL\c6725d4044acd6283110c275.json
C:\RSOS\RSOS_CANONICAL_EXPERIMENT_CHAIN\033_EXP-016__WF2_Prospective_Cross_System_Confirmation\04_RAW\SOURCE\ACTIVE_CAUSAL\c67bbd515c9b20753e539f3d.json,1982,fb3687001997822d09567fd0eeb967ce99dddca0583dc1d0e8ee73c47214f4b4,C:\RSOS\RSOS_EXPERIMENTS_WF2_PROSPECTIVE_CROSS_SYSTEM_CONFIRMATION\04_RAW\ACTIVE_CAUSAL\c67bbd515c9b20753e539f3d.json
C:\RSOS\RSOS_CANONICAL_EXPERIMENT_CHAIN\033_EXP-016__WF2_Prospective_Cross_System_Confirmation\04_RAW\SOURCE\ACTIVE_CAUSAL\c67bc33f0a4abfc5232ce6a8.json,1990,a2fabc5bbe69c9f737ed3a5cf1dac92cd317a8329baaa19e424af0f8ad4e6012,C:\RSOS\RSOS_EXPERIMENTS_WF2_PROSPECTIVE_CROSS_SYSTEM_CONFIRMATION\04_RAW\ACTIVE_CAUSAL\c67bc33f0a4abfc5232ce6a8.json
C:\RSOS\RSOS_CANONICAL_EXPERIMENT_CHAIN\033_EXP-016__WF2_Prospective_Cross_System_Confirmation\04_RAW\SOURCE\ACTIVE_CAUSAL\c680f490af3ab2173cf9e81c.json,3385,ea5498dbfee29bf2b1707d896a7859526888e3849cc0c7a220a5ff6cd5f05553,C:\RSOS\RSOS_EXPERIMENTS_WF2_PROSPECTIVE_CROSS_SYSTEM_CONFIRMATION\04_RAW\ACTIVE_CAUSAL\c680f490af3ab2173cf9e81c.json
C:\RSOS\RSOS_CANONICAL_EXPERIMENT_CHAIN\033_EXP-016__WF2_Prospective_Cross_System_Confirmation\04_RAW\SOURCE\ACTIVE_CAUSAL\c69798b71899477b224fbf05.json,1981,3d983948b283966468c65b3711b47beaeb27fbab2d4ba80c98adbad34b4e697c,C:\RSOS\RSOS_EXPERIMENTS_WF2_PROSPECTIVE_CROSS_SYSTEM_CONFIRMATION\04_RAW\ACTIVE_CAUSAL\c69798b71899477b224fbf05.json
C:\RSOS\RSOS_CANONICAL_EXPERIMENT_CHAIN\033_EXP-016__WF2_Prospective_Cross_System_Confirmation\04_RAW\SOURCE\ACTIVE_CAUSAL\c6cc1a6c79b1d3f5b7c19110.json,2039,5f8df43404902698622cd2646238fd22cbeb06f9ad5636b22b6f77874259a64a,C:\RSOS\RSOS_EXPERIMENTS_WF2_PROSPECTIVE_CROSS_SYSTEM_CONFIRMATION\04_RAW\ACTIVE_CAUSAL\c6cc1a6c79b1d3f5b7c19110.json
C:\RSOS\RSOS_CANONICAL_EXPERIMENT_CHAIN\033_EXP-016__WF2_Prospective_Cross_System_Confirmation\04_RAW\SOURCE\ACTIVE_CAUSAL\c6d9c560525aec9b395905bc.json,1982,5c93496b00c0ae01cf298d0de69942b15ebf7ac9f2d11e6ae37544240d832040,C:\RSOS\RSOS_EXPERIMENTS_WF2_PROSPECTIVE_CROSS_SYSTEM_CONFIRMATION\04_RAW\ACTIVE_CAUSAL\c6d9c560525aec9b395905bc.json
C:\RSOS\RSOS_CANONICAL_EXPERIMENT_CHAIN\033_EXP-016__WF2_Prospective_Cross_System_Confirmation\04_RAW\SOURCE\ACTIVE_CAUSAL\c6e4ce6d7e8e7d45a29032d4.json,1982,8fc077c5047d0d01521628d0d4ce9e9a69d511eb969cae3ce308540e3ccd6b63,C:\RSOS\RSOS_EXPERIMENTS_WF2_PROSPECTIVE_CROSS_SYSTEM_CONFIRMATION\04_RAW\ACTIVE_CAUSAL\c6e4ce6d7e8e7d45a29032d4.json
C:\RSOS\RSOS_CANONICAL_EXPERIMENT_CHAIN\033_EXP-016__WF2_Prospective_Cross_System_Confirmation\04_RAW\SOURCE\ACTIVE_CAUSAL\c725ca75c8e8bd40342f2683.json,1981,f0f59358d0df441484be44778c6650f5d3089491eedc5ac3823ebcee409e9985,C:\RSOS\RSOS_EXPERIMENTS_WF2_PROSPECTIVE_CROSS_SYSTEM_CONFIRMATION\04_RAW\ACTIVE_CAUSAL\c725ca75c8e8bd40342f2683.json
C:\RSOS\RSOS_CANONICAL_EXPERIMENT_CHAIN\033_EXP-016__WF2_Prospective_Cross_System_Confirmation\04_RAW\SOURCE\ACTIVE_CAUSAL\c74a2a9672b648b9780d4610.json,1876,c0df1dc404faa48b9dbd141611ce6b5c1b9b99398db0ddedb8ae3589f04a1c72,C:\RSOS\RSOS_EXPERIMENTS_WF2_PROSPECTIVE_CROSS_SYSTEM_CONFIRMATION\04_RAW\ACTIVE_CAUSAL\c74a2a9672b648b9780d4610.json
C:\RSOS\RSOS_CANONICAL_EXPERIMENT_CHAIN\033_EXP-016__WF2_Prospective_Cross_System_Confirmation\04_RAW\SOURCE\ACTIVE_CAUSAL\c75dcc9233e286543df18d1e.json,3375,20caa33e1f4ea63450ac2435084abd0ecd91ce51c9460d9823b0474f7b084117,C:\RSOS\RSOS_EXPERIMENTS_WF2_PROSPECTIVE_CROSS_SYSTEM_CONFIRMATION\04_RAW\ACTIVE_CAUSAL\c75dcc9233e286543df18d1e.json
C:\RSOS\RSOS_CANONICAL_EXPERIMENT_CHAIN\033_EXP-016__WF2_Prospective_Cross_System_Confirmation\04_RAW\SOURCE\ACTIVE_CAUSAL\c75f25a861bb64799a02055d.json,1982,1e03bc18c015c0f0d83f45a89610405a353ad7092b20e673e40e963159e8bad2,C:\RSOS\RSOS_EXPERIMENTS_WF2_PROSPECTIVE_CROSS_SYSTEM_CONFIRMATION\04_RAW\ACTIVE_CAUSAL\c75f25a861bb64799a02055d.json
C:\RSOS\RSOS_CANONICAL_EXPERIMENT_CHAIN\033_EXP-016__WF2_Prospective_Cross_System_Confirmation\04_RAW\SOURCE\ACTIVE_CAUSAL\c78e4a1a480657442a4719a8.json,1826,3b155f1c82455d02ec98d3e9c8595022130bfed4787faa224f01eb9db202d977,C:\RSOS\RSOS_EXPERIMENTS_WF2_PROSPECTIVE_CROSS_SYSTEM_CONFIRMATION\04_RAW\ACTIVE_CAUSAL\c78e4a1a480657442a4719a8.json
C:\RSOS\RSOS_CANONICAL_EXPERIMENT_CHAIN\033_EXP-016__WF2_Prospective_Cross_System_Confirmation\04_RAW\SOURCE\ACTIVE_CAUSAL\c78e56c4cca1fbabd961e9cb.json,3383,937e8d12a41ab39467a3f944010d64e8b4879f2d48aba880867cb9f880051d25,C:\RSOS\RSOS_EXPERIMENTS_WF2_PROSPECTIVE_CROSS_SYSTEM_CONFIRMATION\04_RAW\ACTIVE_CAUSAL\c78e56c4cca1fbabd961e9cb.json
C:\RSOS\RSOS_CANONICAL_EXPERIMENT_CHAIN\033_EXP-016__WF2_Prospective_Cross_System_Confirmation\04_RAW\SOURCE\ACTIVE_CAUSAL\c7c05c375c5bb37c9b2d7b6b.json,1991,71ae1b9d2db3e3f0cb767d02034c2d4ac0c5785879c07369109dd32e216f9d4a,C:\RSOS\RSOS_EXPERIMENTS_WF2_PROSPECTIVE_CROSS_SYSTEM_CONFIRMATION\04_RAW\ACTIVE_CAUSAL\c7c05c375c5bb37c9b2d7b6b.json
C:\RSOS\RSOS_CANONICAL_EXPERIMENT_CHAIN\033_EXP-016__WF2_Prospective_Cross_System_Confirmation\04_RAW\SOURCE\ACTIVE_CAUSAL\c7c78a8f378e257dc798789c.json,3375,de88b6633309809eb7b3aa76221400ce0e1594a9df1d52cf077de0a77053bdaf,C:\RSOS\RSOS_EXPERIMENTS_WF2_PROSPECTIVE_CROSS_SYSTEM_CONFIRMATION\04_RAW\ACTIVE_CAUSAL\c7c78a8f378e257dc798789c.json
C:\RSOS\RSOS_CANONICAL_EXPERIMENT_CHAIN\033_EXP-016__WF2_Prospective_Cross_System_Confirmation\04_RAW\SOURCE\ACTIVE_CAUSAL\c7d19b4a97d8443be7611c7b.json,1992,49294aab84c231134037f78586f2279fbbb4e3348735e4253f9a01d7b7db08d8,C:\RSOS\RSOS_EXPERIMENTS_WF2_PROSPECTIVE_CROSS_SYSTEM_CONFIRMATION\04_RAW\ACTIVE_CAUSAL\c7d19b4a97d8443be7611c7b.json
C:\RSOS\RSOS_CANONICAL_EXPERIMENT_CHAIN\033_EXP-016__WF2_Prospective_Cross_System_Confirmation\04_RAW\SOURCE\ACTIVE_CAUSAL\c7ed769164bbfaf2c1b5ac66.json,1827,86086f0b26d8ddc1ecf8f7fbeef46e18a62b3a2cc440060b7f860c9545304a11,C:\RSOS\RSOS_EXPERIMENTS_WF2_PROSPECTIVE_CROSS_SYSTEM_CONFIRMATION\04_RAW\ACTIVE_CAUSAL\c7ed769164bbfaf2c1b5ac66.json
C:\RSOS\RSOS_CANONICAL_EXPERIMENT_CHAIN\033_EXP-016__WF2_Prospective_Cross_System_Confirmation\04_RAW\SOURCE\ACTIVE_CAUSAL\c83ff4daeeef08df55ef5214.json,1827,69cf18c51c7000f51c615919f7c7b7a2f91dce9d474bf824ee55b35d01122bfe,C:\RSOS\RSOS_EXPERIMENTS_WF2_PROSPECTIVE_CROSS_SYSTEM_CONFIRMATION\04_RAW\ACTIVE_CAUSAL\c83ff4daeeef08df55ef5214.json
C:\RSOS\RSOS_CANONICAL_EXPERIMENT_CHAIN\033_EXP-016__WF2_Prospective_Cross_System_Confirmation\04_RAW\SOURCE\ACTIVE_CAUSAL\c85beb7791925a30b4e1d675.json,1981,bffa82e4da545c5d161afaa0be8e2b719897b3603376c53a625be4a20d77090a,C:\RSOS\RSOS_EXPERIMENTS_WF2_PROSPECTIVE_CROSS_SYSTEM_CONFIRMATION\04_RAW\ACTIVE_CAUSAL\c85beb7791925a30b4e1d675.json
C:\RSOS\RSOS_CANONICAL_EXPERIMENT_CHAIN\033_EXP-016__WF2_Prospective_Cross_System_Confirmation\04_RAW\SOURCE\ACTIVE_CAUSAL\c8751beac994fdda69e57c86.json,1982,0c193d7fb17f0cb2876847386c44d1e9ae884e4199b788da2630ba419b4d41a6,C:\RSOS\RSOS_EXPERIMENTS_WF2_PROSPECTIVE_CROSS_SYSTEM_CONFIRMATION\04_RAW\ACTIVE_CAUSAL\c8751beac994fdda69e57c86.json
C:\RSOS\RSOS_CANONICAL_EXPERIMENT_CHAIN\033_EXP-016__WF2_Prospective_Cross_System_Confirmation\04_RAW\SOURCE\ACTIVE_CAUSAL\c8c391edc1d877a9bbb10b71.json,3381,7ee6a7becc00c2a2e8aeb922b564404f8dad8c9b17573a82eaf46a5f3fca67e0,C:\RSOS\RSOS_EXPERIMENTS_WF2_PROSPECTIVE_CROSS_SYSTEM_CONFIRMATION\04_RAW\ACTIVE_CAUSAL\c8c391edc1d877a9bbb10b71.json
C:\RSOS\RSOS_CANONICAL_EXPERIMENT_CHAIN\033_EXP-016__WF2_Prospective_Cross_System_Confirmation\04_RAW\SOURCE\ACTIVE_CAUSAL\c8e4d1cdbe762af0c0c5627e.json,1991,a4b8a26309948d27f46d7a2048604cbe950e64a4edfb079226fc041de83227db,C:\RSOS\RSOS_EXPERIMENTS_WF2_PROSPECTIVE_CROSS_SYSTEM_CONFIRMATION\04_RAW\ACTIVE_CAUSAL\c8e4d1cdbe762af0c0c5627e.json
C:\RSOS\RSOS_CANONICAL_EXPERIMENT_CHAIN\033_EXP-016__WF2_Prospective_Cross_System_Confirmation\04_RAW\SOURCE\ACTIVE_CAUSAL\c9097cf03dec3829da05ec03.json,1982,be979172762411b299cc648e3b29ac5eafac3c2b41e31ecb74388f6a47eaa245,C:\RSOS\RSOS_EXPERIMENTS_WF2_PROSPECTIVE_CROSS_SYSTEM_CONFIRMATION\04_RAW\ACTIVE_CAUSAL\c9097cf03dec3829da05ec03.json
C:\RSOS\RSOS_CANONICAL_EXPERIMENT_CHAIN\033_EXP-016__WF2_Prospective_Cross_System_Confirmation\04_RAW\SOURCE\ACTIVE_CAUSAL\c90a824bfefe78b536a28eb5.json,3376,f376a88a1b8e2fa515b3152ee494736a10ac67392a741d8e72e38652a2658c55,C:\RSOS\RSOS_EXPERIMENTS_WF2_PROSPECTIVE_CROSS_SYSTEM_CONFIRMATION\04_RAW\ACTIVE_CAUSAL\c90a824bfefe78b536a28eb5.json
C:\RSOS\RSOS_CANONICAL_EXPERIMENT_CHAIN\033_EXP-016__WF2_Prospective_Cross_System_Confirmation\04_RAW\SOURCE\ACTIVE_CAUSAL\c90e6f7dac69662f7fe4d6e3.json,2030,34f26544f237231be7fcd1b540cf1593651b34d0b57f9559eff7775ba5ca6f40,C:\RSOS\RSOS_EXPERIMENTS_WF2_PROSPECTIVE_CROSS_SYSTEM_CONFIRMATION\04_RAW\ACTIVE_CAUSAL\c90e6f7dac69662f7fe4d6e3.json
C:\RSOS\RSOS_CANONICAL_EXPERIMENT_CHAIN\033_EXP-016__WF2_Prospective_Cross_System_Confirmation\04_RAW\SOURCE\ACTIVE_CAUSAL\c913290c87a6b4717913713c.json,1982,16e69418dd964689b973a9619bfe13b8f1e9d8495018f53d1c42d48dbb724fcd,C:\RSOS\RSOS_EXPERIMENTS_WF2_PROSPECTIVE_CROSS_SYSTEM_CONFIRMATION\04_RAW\ACTIVE_CAUSAL\c913290c87a6b4717913713c.json
C:\RSOS\RSOS_CANONICAL_EXPERIMENT_CHAIN\033_EXP-016__WF2_Prospective_Cross_System_Confirmation\04_RAW\SOURCE\ACTIVE_CAUSAL\c91bbf7437dad3f3a1badbdc.json,1776,82e7a01331ea04b082677cf9a903f51ff8835eb43a6931e786ec5335caf3671d,C:\RSOS\RSOS_EXPERIMENTS_WF2_PROSPECTIVE_CROSS_SYSTEM_CONFIRMATION\04_RAW\ACTIVE_CAUSAL\c91bbf7437dad3f3a1badbdc.json
C:\RSOS\RSOS_CANONICAL_EXPERIMENT_CHAIN\033_EXP-016__WF2_Prospective_Cross_System_Confirmation\04_RAW\SOURCE\ACTIVE_CAUSAL\c965885334b5d0e0034bc1a2.json,1982,e6b5591318a0d07176c53eb2c5e91ae48f5f303904ce9ae0f9155afa9d26eef9,C:\RSOS\RSOS_EXPERIMENTS_WF2_PROSPECTIVE_CROSS_SYSTEM_CONFIRMATION\04_RAW\ACTIVE_CAUSAL\c965885334b5d0e0034bc1a2.json
C:\RSOS\RSOS_CANONICAL_EXPERIMENT_CHAIN\033_EXP-016__WF2_Prospective_Cross_System_Confirmation\04_RAW\SOURCE\ACTIVE_CAUSAL\c9b3e02af33fde8e16eef24f.json,3374,1ea850950f5f1707fc0fceb73f1265bb74d3aecdd83a3fbfd8d1d8a4d9d2c31c,C:\RSOS\RSOS_EXPERIMENTS_WF2_PROSPECTIVE_CROSS_SYSTEM_CONFIRMATION\04_RAW\ACTIVE_CAUSAL\c9b3e02af33fde8e16eef24f.json
C:\RSOS\RSOS_CANONICAL_EXPERIMENT_CHAIN\033_EXP-016__WF2_Prospective_Cross_System_Confirmation\04_RAW\SOURCE\ACTIVE_CAUSAL\c9b7cca13e0e9f10327fed1d.json,1981,d525d8cfb2e7cd438ea4a33e476d3b0814927fec86d9d0333ebc9a6fa93ebbb0,C:\RSOS\RSOS_EXPERIMENTS_WF2_PROSPECTIVE_CROSS_SYSTEM_CONFIRMATION\04_RAW\ACTIVE_CAUSAL\c9b7cca13e0e9f10327fed1d.json
C:\RSOS\RSOS_CANONICAL_EXPERIMENT_CHAIN\033_EXP-016__WF2_Prospective_Cross_System_Confirmation\04_RAW\SOURCE\ACTIVE_CAUSAL\c9bd7562646f2635d9eb9feb.json,3374,a04e322c383980472e222d366ba174f29703c548f3ae22f181ab9a794339eeb4,C:\RSOS\RSOS_EXPERIMENTS_WF2_PROSPECTIVE_CROSS_SYSTEM_CONFIRMATION\04_RAW\ACTIVE_CAUSAL\c9bd7562646f2635d9eb9feb.json
C:\RSOS\RSOS_CANONICAL_EXPERIMENT_CHAIN\033_EXP-016__WF2_Prospective_Cross_System_Confirmation\04_RAW\SOURCE\ACTIVE_CAUSAL\c9de6366851baebe84f47b45.json,3374,0a1434ef5b8de3310ee7c4b0fa8bc5fc75f1ddc2a93b52862551711baab0ce11,C:\RSOS\RSOS_EXPERIMENTS_WF2_PROSPECTIVE_CROSS_SYSTEM_CONFIRMATION\04_RAW\ACTIVE_CAUSAL\c9de6366851baebe84f47b45.json
C:\RSOS\RSOS_CANONICAL_EXPERIMENT_CHAIN\033_EXP-016__WF2_Prospective_Cross_System_Confirmation\04_RAW\SOURCE\ACTIVE_CAUSAL\c9e71038fc8ba15cb03917a4.json,1992,bbc0c91cfcff7e7b98f4fb4525ca88bf017fbe1d2a731216daf14ff986514f2b,C:\RSOS\RSOS_EXPERIMENTS_WF2_PROSPECTIVE_CROSS_SYSTEM_CONFIRMATION\04_RAW\ACTIVE_CAUSAL\c9e71038fc8ba15cb03917a4.json
C:\RSOS\RSOS_CANONICAL_EXPERIMENT_CHAIN\033_EXP-016__WF2_Prospective_Cross_System_Confirmation\04_RAW\SOURCE\ACTIVE_CAUSAL\c9ed24709bd153d5f546d4c7.json,1752,e7a26724971ed6ab686befeb2df6543c1bdbf2c7c724de63b00645ee4d48001b,C:\RSOS\RSOS_EXPERIMENTS_WF2_PROSPECTIVE_CROSS_SYSTEM_CONFIRMATION\04_RAW\ACTIVE_CAUSAL\c9ed24709bd153d5f546d4c7.json
C:\RSOS\RSOS_CANONICAL_EXPERIMENT_CHAIN\033_EXP-016__WF2_Prospective_Cross_System_Confirmation\04_RAW\SOURCE\ACTIVE_CAUSAL\ca3ca07d096e6461dc647eb6.json,1996,9cc7f80db8a55af7eabaf8c210e2c82b6b4c928f9b34cd5e5818c903c62717e1,C:\RSOS\RSOS_EXPERIMENTS_WF2_PROSPECTIVE_CROSS_SYSTEM_CONFIRMATION\04_RAW\ACTIVE_CAUSAL\ca3ca07d096e6461dc647eb6.json
C:\RSOS\RSOS_CANONICAL_EXPERIMENT_CHAIN\033_EXP-016__WF2_Prospective_Cross_System_Confirmation\04_RAW\SOURCE\ACTIVE_CAUSAL\ca6da915b57da007a75c2458.json,1826,502cdd5ca322322b242d1a89553fd3f1413cd9bce2cb1a318b38cb2aabf52c10,C:\RSOS\RSOS_EXPERIMENTS_WF2_PROSPECTIVE_CROSS_SYSTEM_CONFIRMATION\04_RAW\ACTIVE_CAUSAL\ca6da915b57da007a75c2458.json
C:\RSOS\RSOS_CANONICAL_EXPERIMENT_CHAIN\033_EXP-016__WF2_Prospective_Cross_System_Confirmation\04_RAW\SOURCE\ACTIVE_CAUSAL\ca85e16f1162bb6a99d656de.json,1981,657e5a07c4ca4a1b240a5758d9de0170274d7eb782ca18235b922b8b3286b7f7,C:\RSOS\RSOS_EXPERIMENTS_WF2_PROSPECTIVE_CROSS_SYSTEM_CONFIRMATION\04_RAW\ACTIVE_CAUSAL\ca85e16f1162bb6a99d656de.json
C:\RSOS\RSOS_CANONICAL_EXPERIMENT_CHAIN\033_EXP-016__WF2_Prospective_Cross_System_Confirmation\04_RAW\SOURCE\ACTIVE_CAUSAL\caea981b703a9998eef51f76.json,1982,404049ea2356bfaf16299b97e2624beb57438902a93fe5e84b9529d6e7f55420,C:\RSOS\RSOS_EXPERIMENTS_WF2_PROSPECTIVE_CROSS_SYSTEM_CONFIRMATION\04_RAW\ACTIVE_CAUSAL\caea981b703a9998eef51f76.json
C:\RSOS\RSOS_CANONICAL_EXPERIMENT_CHAIN\033_EXP-016__WF2_Prospective_Cross_System_Confirmation\04_RAW\SOURCE\ACTIVE_CAUSAL\cb7323a8971772c91ddceb8a.json,3385,e3777783cbb4ad4470add86b7389ade7d7bea27a57d56b140e816a4d468f7abc,C:\RSOS\RSOS_EXPERIMENTS_WF2_PROSPECTIVE_CROSS_SYSTEM_CONFIRMATION\04_RAW\ACTIVE_CAUSAL\cb7323a8971772c91ddceb8a.json
C:\RSOS\RSOS_CANONICAL_EXPERIMENT_CHAIN\033_EXP-016__WF2_Prospective_Cross_System_Confirmation\04_RAW\SOURCE\ACTIVE_CAUSAL\cb77d6c8fa4f2d7f8eb412d3.json,1982,044b629266de9d35da99dabe1abefc2f4092f344e88a50454fe818213770ba9b,C:\RSOS\RSOS_EXPERIMENTS_WF2_PROSPECTIVE_CROSS_SYSTEM_CONFIRMATION\04_RAW\ACTIVE_CAUSAL\cb77d6c8fa4f2d7f8eb412d3.json
C:\RSOS\RSOS_CANONICAL_EXPERIMENT_CHAIN\033_EXP-016__WF2_Prospective_Cross_System_Confirmation\04_RAW\SOURCE\ACTIVE_CAUSAL\cb87120f26f586072981f460.json,3385,97637a3c63ac67d434dbff38d9e6bb96a372731883e5826590fe343befbcae0a,C:\RSOS\RSOS_EXPERIMENTS_WF2_PROSPECTIVE_CROSS_SYSTEM_CONFIRMATION\04_RAW\ACTIVE_CAUSAL\cb87120f26f586072981f460.json
C:\RSOS\RSOS_CANONICAL_EXPERIMENT_CHAIN\033_EXP-016__WF2_Prospective_Cross_System_Confirmation\04_RAW\SOURCE\ACTIVE_CAUSAL\cba7d26f0d9ed1e1765061ef.json,1982,86da8d63a5102d6b0083063087d842d6b60444691058b1375041c9c267a7af98,C:\RSOS\RSOS_EXPERIMENTS_WF2_PROSPECTIVE_CROSS_SYSTEM_CONFIRMATION\04_RAW\ACTIVE_CAUSAL\cba7d26f0d9ed1e1765061ef.json
C:\RSOS\RSOS_CANONICAL_EXPERIMENT_CHAIN\033_EXP-016__WF2_Prospective_Cross_System_Confirmation\04_RAW\SOURCE\ACTIVE_CAUSAL\cbb225687cdb8a108b9bc44c.json,1869,0b9139dd26fc108e5fe0faf73382810637a2e0b5df136b56a39dc026691ec71b,C:\RSOS\RSOS_EXPERIMENTS_WF2_PROSPECTIVE_CROSS_SYSTEM_CONFIRMATION\04_RAW\ACTIVE_CAUSAL\cbb225687cdb8a108b9bc44c.json
C:\RSOS\RSOS_CANONICAL_EXPERIMENT_CHAIN\033_EXP-016__WF2_Prospective_Cross_System_Confirmation\04_RAW\SOURCE\ACTIVE_CAUSAL\cbc139b30cbedd3ffaf31f68.json,1981,c94239dbe42eaf3c7c1cd0ab639f93c9176c947d40e74fd42373f6ef7b077e52,C:\RSOS\RSOS_EXPERIMENTS_WF2_PROSPECTIVE_CROSS_SYSTEM_CONFIRMATION\04_RAW\ACTIVE_CAUSAL\cbc139b30cbedd3ffaf31f68.json
C:\RSOS\RSOS_CANONICAL_EXPERIMENT_CHAIN\033_EXP-016__WF2_Prospective_Cross_System_Confirmation\04_RAW\SOURCE\ACTIVE_CAUSAL\cbd7d988e2034b5dc9c956a1.json,3374,587ad3079655ef7592805a5e776615de183bbc8958d2b15e8dfcfebe4b0a50ce,C:\RSOS\RSOS_EXPERIMENTS_WF2_PROSPECTIVE_CROSS_SYSTEM_CONFIRMATION\04_RAW\ACTIVE_CAUSAL\cbd7d988e2034b5dc9c956a1.json
C:\RSOS\RSOS_CANONICAL_EXPERIMENT_CHAIN\033_EXP-016__WF2_Prospective_Cross_System_Confirmation\04_RAW\SOURCE\ACTIVE_CAUSAL\cbfad96a31d999f6b9794ae8.json,1876,403135b8b2cf9d76c7a958bdc864db626c563a1bdbba2a757ad10f1d854994db,C:\RSOS\RSOS_EXPERIMENTS_WF2_PROSPECTIVE_CROSS_SYSTEM_CONFIRMATION\04_RAW\ACTIVE_CAUSAL\cbfad96a31d999f6b9794ae8.json
C:\RSOS\RSOS_CANONICAL_EXPERIMENT_CHAIN\033_EXP-016__WF2_Prospective_Cross_System_Confirmation\04_RAW\SOURCE\ACTIVE_CAUSAL\cc2bd9d846771f4818795bfc.json,3388,2a6868275bdb90624d8157202613c4f1e67bf121fbdac7fa5a403908b7f34484,C:\RSOS\RSOS_EXPERIMENTS_WF2_PROSPECTIVE_CROSS_SYSTEM_CONFIRMATION\04_RAW\ACTIVE_CAUSAL\cc2bd9d846771f4818795bfc.json
C:\RSOS\RSOS_CANONICAL_EXPERIMENT_CHAIN\033_EXP-016__WF2_Prospective_Cross_System_Confirmation\04_RAW\SOURCE\ACTIVE_CAUSAL\cc39cce7815460946b71efbd.json,1828,7cc5fe0f458901740513f52777e67e40ebbfba6fbb5e753e48f3ebad61363d16,C:\RSOS\RSOS_EXPERIMENTS_WF2_PROSPECTIVE_CROSS_SYSTEM_CONFIRMATION\04_RAW\ACTIVE_CAUSAL\cc39cce7815460946b71efbd.json
C:\RSOS\RSOS_CANONICAL_EXPERIMENT_CHAIN\033_EXP-016__WF2_Prospective_Cross_System_Confirmation\04_RAW\SOURCE\ACTIVE_CAUSAL\cc7ad6a0df7e3e7d02677f34.json,3374,9a73396027b25e098dadf468ea6eabb2aad3cdfa2b3e3b4739e167b4a9f811db,C:\RSOS\RSOS_EXPERIMENTS_WF2_PROSPECTIVE_CROSS_SYSTEM_CONFIRMATION\04_RAW\ACTIVE_CAUSAL\cc7ad6a0df7e3e7d02677f34.json
C:\RSOS\RSOS_CANONICAL_EXPERIMENT_CHAIN\033_EXP-016__WF2_Prospective_Cross_System_Confirmation\04_RAW\SOURCE\ACTIVE_CAUSAL\cc9a4ea97d2b7e8e5feb1fa3.json,1827,5ede42221295dcc1866461da98bc50b87e78fc21f3e0adb793f7eee527e4c57a,C:\RSOS\RSOS_EXPERIMENTS_WF2_PROSPECTIVE_CROSS_SYSTEM_CONFIRMATION\04_RAW\ACTIVE_CAUSAL\cc9a4ea97d2b7e8e5feb1fa3.json
C:\RSOS\RSOS_CANONICAL_EXPERIMENT_CHAIN\033_EXP-016__WF2_Prospective_Cross_System_Confirmation\04_RAW\SOURCE\ACTIVE_CAUSAL\ccac8d1505468bf89eba2e90.json,3375,27dfab4b114c3a6983c7b6dd33d4efca73f87f3d7a71d1e5053e548fb817905a,C:\RSOS\RSOS_EXPERIMENTS_WF2_PROSPECTIVE_CROSS_SYSTEM_CONFIRMATION\04_RAW\ACTIVE_CAUSAL\ccac8d1505468bf89eba2e90.json
C:\RSOS\RSOS_CANONICAL_EXPERIMENT_CHAIN\033_EXP-016__WF2_Prospective_Cross_System_Confirmation\04_RAW\SOURCE\ACTIVE_CAUSAL\ccd262be3e9a614f9111ea96.json,3388,560eee44c7ec1cd909a02ded4089257b224274c5dcdd363c93646051d5e4c4a6,C:\RSOS\RSOS_EXPERIMENTS_WF2_PROSPECTIVE_CROSS_SYSTEM_CONFIRMATION\04_RAW\ACTIVE_CAUSAL\ccd262be3e9a614f9111ea96.json
C:\RSOS\RSOS_CANONICAL_EXPERIMENT_CHAIN\033_EXP-016__WF2_Prospective_Cross_System_Confirmation\04_RAW\SOURCE\ACTIVE_CAUSAL\ccd391375c48d6939aeb0222.json,1826,c7ee33611d5efd2701405f8032ebac3a2d211040509b8af1da4433c91246fe1d,C:\RSOS\RSOS_EXPERIMENTS_WF2_PROSPECTIVE_CROSS_SYSTEM_CONFIRMATION\04_RAW\ACTIVE_CAUSAL\ccd391375c48d6939aeb0222.json
C:\RSOS\RSOS_CANONICAL_EXPERIMENT_CHAIN\033_EXP-016__WF2_Prospective_Cross_System_Confirmation\04_RAW\SOURCE\ACTIVE_CAUSAL\cce60b70b128c3e3b417320a.json,1982,634bc6772eab35ad3662bd8829efdb1f426da1f1c3857d8ee672bd527a106749,C:\RSOS\RSOS_EXPERIMENTS_WF2_PROSPECTIVE_CROSS_SYSTEM_CONFIRMATION\04_RAW\ACTIVE_CAUSAL\cce60b70b128c3e3b417320a.json
C:\RSOS\RSOS_CANONICAL_EXPERIMENT_CHAIN\033_EXP-016__WF2_Prospective_Cross_System_Confirmation\04_RAW\SOURCE\ACTIVE_CAUSAL\ccf36fc4ee9a80cb5136edac.json,3375,030cff4bb0315afd7479e76af40e18d577071de16d223829a67634550981c5dd,C:\RSOS\RSOS_EXPERIMENTS_WF2_PROSPECTIVE_CROSS_SYSTEM_CONFIRMATION\04_RAW\ACTIVE_CAUSAL\ccf36fc4ee9a80cb5136edac.json
C:\RSOS\RSOS_CANONICAL_EXPERIMENT_CHAIN\033_EXP-016__WF2_Prospective_Cross_System_Confirmation\04_RAW\SOURCE\ACTIVE_CAUSAL\cd1fa8b6b8da81b1f808b0f9.json,1867,5141db4d945dc40aceaa65059ee22eb736b813f861f2ffd3fb50c0b5e91e907a,C:\RSOS\RSOS_EXPERIMENTS_WF2_PROSPECTIVE_CROSS_SYSTEM_CONFIRMATION\04_RAW\ACTIVE_CAUSAL\cd1fa8b6b8da81b1f808b0f9.json
C:\RSOS\RSOS_CANONICAL_EXPERIMENT_CHAIN\033_EXP-016__WF2_Prospective_Cross_System_Confirmation\04_RAW\SOURCE\ACTIVE_CAUSAL\cd23188e116c576b14cc4d78.json,3375,3f4746884907117d3c1920d0f94d571e2476fa5bcf67f64fdd9d0709c90f1920,C:\RSOS\RSOS_EXPERIMENTS_WF2_PROSPECTIVE_CROSS_SYSTEM_CONFIRMATION\04_RAW\ACTIVE_CAUSAL\cd23188e116c576b14cc4d78.json
C:\RSOS\RSOS_CANONICAL_EXPERIMENT_CHAIN\033_EXP-016__WF2_Prospective_Cross_System_Confirmation\04_RAW\SOURCE\ACTIVE_CAUSAL\cd3cd9467746089e94301218.json,1828,0bc924e47e9c291f1a54c56525d45d496ae67ae2a0e79c2d888e19730ea86bee,C:\RSOS\RSOS_EXPERIMENTS_WF2_PROSPECTIVE_CROSS_SYSTEM_CONFIRMATION\04_RAW\ACTIVE_CAUSAL\cd3cd9467746089e94301218.json
C:\RSOS\RSOS_CANONICAL_EXPERIMENT_CHAIN\033_EXP-016__WF2_Prospective_Cross_System_Confirmation\04_RAW\SOURCE\ACTIVE_CAUSAL\cd540d7451373ade56563e4d.json,1753,77f05b248895fc06825f6df3d6586034e463d9b184759914d8c30edd4b257335,C:\RSOS\RSOS_EXPERIMENTS_WF2_PROSPECTIVE_CROSS_SYSTEM_CONFIRMATION\04_RAW\ACTIVE_CAUSAL\cd540d7451373ade56563e4d.json
C:\RSOS\RSOS_CANONICAL_EXPERIMENT_CHAIN\033_EXP-016__WF2_Prospective_Cross_System_Confirmation\04_RAW\SOURCE\ACTIVE_CAUSAL\cd7c9d10b8d49cc19b0f194e.json,1836,0be5433cb8eeda13956a790aebd8436c5b6d72592333852667ce38712d905d1f,C:\RSOS\RSOS_EXPERIMENTS_WF2_PROSPECTIVE_CROSS_SYSTEM_CONFIRMATION\04_RAW\ACTIVE_CAUSAL\cd7c9d10b8d49cc19b0f194e.json
C:\RSOS\RSOS_CANONICAL_EXPERIMENT_CHAIN\033_EXP-016__WF2_Prospective_Cross_System_Confirmation\04_RAW\SOURCE\ACTIVE_CAUSAL\cda346fa7f61ca53e02e87a2.json,1826,9a0a9eb581637519f78f0312e7353fcbb36a0d83f851a3372be6e20bc62c3ef2,C:\RSOS\RSOS_EXPERIMENTS_WF2_PROSPECTIVE_CROSS_SYSTEM_CONFIRMATION\04_RAW\ACTIVE_CAUSAL\cda346fa7f61ca53e02e87a2.json
C:\RSOS\RSOS_CANONICAL_EXPERIMENT_CHAIN\033_EXP-016__WF2_Prospective_Cross_System_Confirmation\04_RAW\SOURCE\ACTIVE_CAUSAL\cdb32961e7e8709ef49423f8.json,1982,ebd87cfbed66b27a54c01cb5d05484c7ee7d01773b127bb0a01ab8b29efa62af,C:\RSOS\RSOS_EXPERIMENTS_WF2_PROSPECTIVE_CROSS_SYSTEM_CONFIRMATION\04_RAW\ACTIVE_CAUSAL\cdb32961e7e8709ef49423f8.json
C:\RSOS\RSOS_CANONICAL_EXPERIMENT_CHAIN\033_EXP-016__WF2_Prospective_Cross_System_Confirmation\04_RAW\SOURCE\ACTIVE_CAUSAL\cdd12a5fef89af7c788a15e3.json,1835,397622630ae5542034d5e6810c6d4d7d1e27cd0f8343d665dd5ae27e33ce8f4c,C:\RSOS\RSOS_EXPERIMENTS_WF2_PROSPECTIVE_CROSS_SYSTEM_CONFIRMATION\04_RAW\ACTIVE_CAUSAL\cdd12a5fef89af7c788a15e3.json
C:\RSOS\RSOS_CANONICAL_EXPERIMENT_CHAIN\033_EXP-016__WF2_Prospective_Cross_System_Confirmation\04_RAW\SOURCE\ACTIVE_CAUSAL\cdecf9527ff032faff99e53e.json,1981,63ee57b61f243c44592398c020870f106119a6a170912ff9047309d20a3edf9a,C:\RSOS\RSOS_EXPERIMENTS_WF2_PROSPECTIVE_CROSS_SYSTEM_CONFIRMATION\04_RAW\ACTIVE_CAUSAL\cdecf9527ff032faff99e53e.json
C:\RSOS\RSOS_CANONICAL_EXPERIMENT_CHAIN\033_EXP-016__WF2_Prospective_Cross_System_Confirmation\04_RAW\SOURCE\ACTIVE_CAUSAL\cdef86b354cea679cab7fbb0.json,1991,3fb7086405c0ec5e0728d9c6fc61ba9859b81e0a4f546d289433f814ddf1d56d,C:\RSOS\RSOS_EXPERIMENTS_WF2_PROSPECTIVE_CROSS_SYSTEM_CONFIRMATION\04_RAW\ACTIVE_CAUSAL\cdef86b354cea679cab7fbb0.json
C:\RSOS\RSOS_CANONICAL_EXPERIMENT_CHAIN\033_EXP-016__WF2_Prospective_Cross_System_Confirmation\04_RAW\SOURCE\ACTIVE_CAUSAL\cdfd0d030ad7349b7f336ff8.json,3381,ebdc1d065625c53fc7da70c076d3c73b9f82af0c27501ea2e80f2394eac85313,C:\RSOS\RSOS_EXPERIMENTS_WF2_PROSPECTIVE_CROSS_SYSTEM_CONFIRMATION\04_RAW\ACTIVE_CAUSAL\cdfd0d030ad7349b7f336ff8.json
C:\RSOS\RSOS_CANONICAL_EXPERIMENT_CHAIN\033_EXP-016__WF2_Prospective_Cross_System_Confirmation\04_RAW\SOURCE\ACTIVE_CAUSAL\cdfe0e55ade3163aa117260d.json,1983,30768c5c4e474f3b7b594841a5145a4e5350e35976ed84977b41362d5b406d45,C:\RSOS\RSOS_EXPERIMENTS_WF2_PROSPECTIVE_CROSS_SYSTEM_CONFIRMATION\04_RAW\ACTIVE_CAUSAL\cdfe0e55ade3163aa117260d.json
C:\RSOS\RSOS_CANONICAL_EXPERIMENT_CHAIN\033_EXP-016__WF2_Prospective_Cross_System_Confirmation\04_RAW\SOURCE\ACTIVE_CAUSAL\ce589d5916ea95a8ce0bb9af.json,1981,e7227fdc14f3d6096f5d51ea664811e78ad9669979f881510c6785a8f5e45257,C:\RSOS\RSOS_EXPERIMENTS_WF2_PROSPECTIVE_CROSS_SYSTEM_CONFIRMATION\04_RAW\ACTIVE_CAUSAL\ce589d5916ea95a8ce0bb9af.json
C:\RSOS\RSOS_CANONICAL_EXPERIMENT_CHAIN\033_EXP-016__WF2_Prospective_Cross_System_Confirmation\04_RAW\SOURCE\ACTIVE_CAUSAL\ce612729321723cd6fbb6333.json,3374,d551213ec4f76c5ebeceb78a7f64978d6f858e7e76b7e3b7de9f4df5b67bbe6f,C:\RSOS\RSOS_EXPERIMENTS_WF2_PROSPECTIVE_CROSS_SYSTEM_CONFIRMATION\04_RAW\ACTIVE_CAUSAL\ce612729321723cd6fbb6333.json
C:\RSOS\RSOS_CANONICAL_EXPERIMENT_CHAIN\033_EXP-016__WF2_Prospective_Cross_System_Confirmation\04_RAW\SOURCE\ACTIVE_CAUSAL\ce72f737c9ba3f61ea3f7505.json,1982,f53bbb2a2d3b48c34afd6dbdcb7c53fbcd144fe80278975e3d6aaa99372aab35,C:\RSOS\RSOS_EXPERIMENTS_WF2_PROSPECTIVE_CROSS_SYSTEM_CONFIRMATION\04_RAW\ACTIVE_CAUSAL\ce72f737c9ba3f61ea3f7505.json
C:\RSOS\RSOS_CANONICAL_EXPERIMENT_CHAIN\033_EXP-016__WF2_Prospective_Cross_System_Confirmation\04_RAW\SOURCE\ACTIVE_CAUSAL\ceda346e3f2160af82564468.json,3374,b429ed3eec87cb2d3f3ce3b2d21cc1169973c7a8614a849eecb12721e5659be7,C:\RSOS\RSOS_EXPERIMENTS_WF2_PROSPECTIVE_CROSS_SYSTEM_CONFIRMATION\04_RAW\ACTIVE_CAUSAL\ceda346e3f2160af82564468.json
C:\RSOS\RSOS_CANONICAL_EXPERIMENT_CHAIN\033_EXP-016__WF2_Prospective_Cross_System_Confirmation\04_RAW\SOURCE\ACTIVE_CAUSAL\cf24fdd7f18cd72499bb33c5.json,1982,a5522ac7d575854a2dfcf06dfa112dd3c4bc61b79dddb2790c39df3d9dc36e6c,C:\RSOS\RSOS_EXPERIMENTS_WF2_PROSPECTIVE_CROSS_SYSTEM_CONFIRMATION\04_RAW\ACTIVE_CAUSAL\cf24fdd7f18cd72499bb33c5.json
C:\RSOS\RSOS_CANONICAL_EXPERIMENT_CHAIN\033_EXP-016__WF2_Prospective_Cross_System_Confirmation\04_RAW\SOURCE\ACTIVE_CAUSAL\cf341917474375c514c882c9.json,1982,3d78874390b9e353dfd7bcb47877207f1aae6e8c0862195499279c77ac9ae9cf,C:\RSOS\RSOS_EXPERIMENTS_WF2_PROSPECTIVE_CROSS_SYSTEM_CONFIRMATION\04_RAW\ACTIVE_CAUSAL\cf341917474375c514c882c9.json
C:\RSOS\RSOS_CANONICAL_EXPERIMENT_CHAIN\033_EXP-016__WF2_Prospective_Cross_System_Confirmation\04_RAW\SOURCE\ACTIVE_CAUSAL\cf363697ffa8d7fab7230ee4.json,1776,3055272cde2a03d997d2daeb0a070671739977e8626eaaffc3479974eb004a34,C:\RSOS\RSOS_EXPERIMENTS_WF2_PROSPECTIVE_CROSS_SYSTEM_CONFIRMATION\04_RAW\ACTIVE_CAUSAL\cf363697ffa8d7fab7230ee4.json
C:\RSOS\RSOS_CANONICAL_EXPERIMENT_CHAIN\033_EXP-016__WF2_Prospective_Cross_System_Confirmation\04_RAW\SOURCE\ACTIVE_CAUSAL\cf478dbcd4f8428b2bc708db.json,1992,2880077ab087f675ee844f04fc09573855f904929d05cb86711d25b11d2eaa82,C:\RSOS\RSOS_EXPERIMENTS_WF2_PROSPECTIVE_CROSS_SYSTEM_CONFIRMATION\04_RAW\ACTIVE_CAUSAL\cf478dbcd4f8428b2bc708db.json
C:\RSOS\RSOS_CANONICAL_EXPERIMENT_CHAIN\033_EXP-016__WF2_Prospective_Cross_System_Confirmation\04_RAW\SOURCE\ACTIVE_CAUSAL\cf4d23b10f5999f238e37d63.json,3375,89a93b43ba228d971310b9d6006254c5d6765801508130b2942641ac3eb6309e,C:\RSOS\RSOS_EXPERIMENTS_WF2_PROSPECTIVE_CROSS_SYSTEM_CONFIRMATION\04_RAW\ACTIVE_CAUSAL\cf4d23b10f5999f238e37d63.json
C:\RSOS\RSOS_CANONICAL_EXPERIMENT_CHAIN\033_EXP-016__WF2_Prospective_Cross_System_Confirmation\04_RAW\SOURCE\ACTIVE_CAUSAL\cf8b4b7c6b7f6ed2d1132d8b.json,1996,84e45a2af772d7c1685ce85ae7c34eb68b51c3caf2db358ea95b8819a12c3e35,C:\RSOS\RSOS_EXPERIMENTS_WF2_PROSPECTIVE_CROSS_SYSTEM_CONFIRMATION\04_RAW\ACTIVE_CAUSAL\cf8b4b7c6b7f6ed2d1132d8b.json
C:\RSOS\RSOS_CANONICAL_EXPERIMENT_CHAIN\033_EXP-016__WF2_Prospective_Cross_System_Confirmation\04_RAW\SOURCE\ACTIVE_CAUSAL\cfa7cfa7624d4ccd79cccf1b.json,3384,36b57616e82838b69c8111a307ed1a1ca6ecbf7bdf5844b3b75811c2aebc1dc9,C:\RSOS\RSOS_EXPERIMENTS_WF2_PROSPECTIVE_CROSS_SYSTEM_CONFIRMATION\04_RAW\ACTIVE_CAUSAL\cfa7cfa7624d4ccd79cccf1b.json
C:\RSOS\RSOS_CANONICAL_EXPERIMENT_CHAIN\033_EXP-016__WF2_Prospective_Cross_System_Confirmation\04_RAW\SOURCE\ACTIVE_CAUSAL\cfadcb7b29fc35a3b30aa770.json,1826,d5e5a2f1d5164e2f192f2b1d2b392194d55a56187df3edf54e5d801fd8148456,C:\RSOS\RSOS_EXPERIMENTS_WF2_PROSPECTIVE_CROSS_SYSTEM_CONFIRMATION\04_RAW\ACTIVE_CAUSAL\cfadcb7b29fc35a3b30aa770.json
C:\RSOS\RSOS_CANONICAL_EXPERIMENT_CHAIN\033_EXP-016__WF2_Prospective_Cross_System_Confirmation\04_RAW\SOURCE\ACTIVE_CAUSAL\cfaea347dffec9257182154b.json,1827,478e50f7d43ce360d19c8f970ebc64d7aaa343c405ff43380f849b4afef3de04,C:\RSOS\RSOS_EXPERIMENTS_WF2_PROSPECTIVE_CROSS_SYSTEM_CONFIRMATION\04_RAW\ACTIVE_CAUSAL\cfaea347dffec9257182154b.json
C:\RSOS\RSOS_CANONICAL_EXPERIMENT_CHAIN\033_EXP-016__WF2_Prospective_Cross_System_Confirmation\04_RAW\SOURCE\ACTIVE_CAUSAL\cfd477f20ac9ac1ab567943c.json,3375,b5332b35ea605f2589c012739cc93cd923839386285f866af79a6254da2b231e,C:\RSOS\RSOS_EXPERIMENTS_WF2_PROSPECTIVE_CROSS_SYSTEM_CONFIRMATION\04_RAW\ACTIVE_CAUSAL\cfd477f20ac9ac1ab567943c.json
C:\RSOS\RSOS_CANONICAL_EXPERIMENT_CHAIN\033_EXP-016__WF2_Prospective_Cross_System_Confirmation\04_RAW\SOURCE\ACTIVE_CAUSAL\cfe6ea79734f6cb8dbeee75b.json,1996,f89bf5905a574d0d17e186a6be1beb7b3c3c3b1490b569900dd73ec143f04123,C:\RSOS\RSOS_EXPERIMENTS_WF2_PROSPECTIVE_CROSS_SYSTEM_CONFIRMATION\04_RAW\ACTIVE_CAUSAL\cfe6ea79734f6cb8dbeee75b.json
C:\RSOS\RSOS_CANONICAL_EXPERIMENT_CHAIN\033_EXP-016__WF2_Prospective_Cross_System_Confirmation\04_RAW\SOURCE\ACTIVE_CAUSAL\cff3d915f6fb199aac0eaba5.json,1991,e619f177d20eddd175c764bfcd0e89d8ae0b4f8606027436d3d182e09d019ad2,C:\RSOS\RSOS_EXPERIMENTS_WF2_PROSPECTIVE_CROSS_SYSTEM_CONFIRMATION\04_RAW\ACTIVE_CAUSAL\cff3d915f6fb199aac0eaba5.json
C:\RSOS\RSOS_CANONICAL_EXPERIMENT_CHAIN\033_EXP-016__WF2_Prospective_Cross_System_Confirmation\04_RAW\SOURCE\ACTIVE_CAUSAL\d07557acae3410f67b88c1d6.json,1861,fe217fbecc5aabd926f6c8a7295c0ad2e59470c995a3c2cd10ad761cce875f11,C:\RSOS\RSOS_EXPERIMENTS_WF2_PROSPECTIVE_CROSS_SYSTEM_CONFIRMATION\04_RAW\ACTIVE_CAUSAL\d07557acae3410f67b88c1d6.json
C:\RSOS\RSOS_CANONICAL_EXPERIMENT_CHAIN\033_EXP-016__WF2_Prospective_Cross_System_Confirmation\04_RAW\SOURCE\ACTIVE_CAUSAL\d0e3ca9fc531cf04c34117be.json,3374,7a89b03dfee2b8857340069825e04ceebd62a54b9ec1ad7ec945c569a9688c42,C:\RSOS\RSOS_EXPERIMENTS_WF2_PROSPECTIVE_CROSS_SYSTEM_CONFIRMATION\04_RAW\ACTIVE_CAUSAL\d0e3ca9fc531cf04c34117be.json
C:\RSOS\RSOS_CANONICAL_EXPERIMENT_CHAIN\033_EXP-016__WF2_Prospective_Cross_System_Confirmation\04_RAW\SOURCE\ACTIVE_CAUSAL\d10182afbe55b4fd9fd4f691.json,1827,400ae7e2e8d896988dc21675220c16279b567cf58eea7aff184d9daf39b08eb6,C:\RSOS\RSOS_EXPERIMENTS_WF2_PROSPECTIVE_CROSS_SYSTEM_CONFIRMATION\04_RAW\ACTIVE_CAUSAL\d10182afbe55b4fd9fd4f691.json
C:\RSOS\RSOS_CANONICAL_EXPERIMENT_CHAIN\033_EXP-016__WF2_Prospective_Cross_System_Confirmation\04_RAW\SOURCE\ACTIVE_CAUSAL\d15626add0dc4cbb14d3cb25.json,3374,c3ee284484f529f3bec1e1f145b86146e8a30e5309c8e618fdb13fd601954224,C:\RSOS\RSOS_EXPERIMENTS_WF2_PROSPECTIVE_CROSS_SYSTEM_CONFIRMATION\04_RAW\ACTIVE_CAUSAL\d15626add0dc4cbb14d3cb25.json
C:\RSOS\RSOS_CANONICAL_EXPERIMENT_CHAIN\033_EXP-016__WF2_Prospective_Cross_System_Confirmation\04_RAW\SOURCE\ACTIVE_CAUSAL\d16fe47038b35fd0165d896f.json,3374,85bd4884085ce37aa62c0aa6d888ee0cbfbcded2acb301a54afbd00703841046,C:\RSOS\RSOS_EXPERIMENTS_WF2_PROSPECTIVE_CROSS_SYSTEM_CONFIRMATION\04_RAW\ACTIVE_CAUSAL\d16fe47038b35fd0165d896f.json
C:\RSOS\RSOS_CANONICAL_EXPERIMENT_CHAIN\033_EXP-016__WF2_Prospective_Cross_System_Confirmation\04_RAW\SOURCE\ACTIVE_CAUSAL\d1869e37d5580faa6f0dda65.json,3375,e29b80f455c8670ff91b0ead6dc41384ac5fe9f4d2cbd20428b0b80cd56ff740,C:\RSOS\RSOS_EXPERIMENTS_WF2_PROSPECTIVE_CROSS_SYSTEM_CONFIRMATION\04_RAW\ACTIVE_CAUSAL\d1869e37d5580faa6f0dda65.json
C:\RSOS\RSOS_CANONICAL_EXPERIMENT_CHAIN\033_EXP-016__WF2_Prospective_Cross_System_Confirmation\04_RAW\SOURCE\ACTIVE_CAUSAL\d18e98a8789cc1f6bec43f7b.json,1981,e1345eb0335b6b19999728ec75f67ce6ee8d9eed203f7cfcfbc3d33419f2239c,C:\RSOS\RSOS_EXPERIMENTS_WF2_PROSPECTIVE_CROSS_SYSTEM_CONFIRMATION\04_RAW\ACTIVE_CAUSAL\d18e98a8789cc1f6bec43f7b.json
C:\RSOS\RSOS_CANONICAL_EXPERIMENT_CHAIN\033_EXP-016__WF2_Prospective_Cross_System_Confirmation\04_RAW\SOURCE\ACTIVE_CAUSAL\d1918950b00da51391eaef7d.json,3376,6ba8d40b14846b4822f8e2a1b1ac7a20e867228b0a52cd5b6b03beb908a3181f,C:\RSOS\RSOS_EXPERIMENTS_WF2_PROSPECTIVE_CROSS_SYSTEM_CONFIRMATION\04_RAW\ACTIVE_CAUSAL\d1918950b00da51391eaef7d.json
C:\RSOS\RSOS_CANONICAL_EXPERIMENT_CHAIN\033_EXP-016__WF2_Prospective_Cross_System_Confirmation\04_RAW\SOURCE\ACTIVE_CAUSAL\d1c78ded55cf1ed8d1fd08d5.json,1836,30ec74b616af21f71d40c254da3c0e3839ffb0fd9466d46c9d5bd26719e2b5c9,C:\RSOS\RSOS_EXPERIMENTS_WF2_PROSPECTIVE_CROSS_SYSTEM_CONFIRMATION\04_RAW\ACTIVE_CAUSAL\d1c78ded55cf1ed8d1fd08d5.json
C:\RSOS\RSOS_CANONICAL_EXPERIMENT_CHAIN\033_EXP-016__WF2_Prospective_Cross_System_Confirmation\04_RAW\SOURCE\ACTIVE_CAUSAL\d1fa46848d0d4827c2e214ae.json,3384,3d745d6ce90833a29d6655bfe2f770611099ef51edc0200dfc3aabd9128d4931,C:\RSOS\RSOS_EXPERIMENTS_WF2_PROSPECTIVE_CROSS_SYSTEM_CONFIRMATION\04_RAW\ACTIVE_CAUSAL\d1fa46848d0d4827c2e214ae.json
C:\RSOS\RSOS_CANONICAL_EXPERIMENT_CHAIN\033_EXP-016__WF2_Prospective_Cross_System_Confirmation\04_RAW\SOURCE\ACTIVE_CAUSAL\d236d65395669c24139e9084.json,1828,ea2d109167095016c4ad3b05c4db0f3faa7c04764e22b81bd49a4a13b0829ee6,C:\RSOS\RSOS_EXPERIMENTS_WF2_PROSPECTIVE_CROSS_SYSTEM_CONFIRMATION\04_RAW\ACTIVE_CAUSAL\d236d65395669c24139e9084.json
C:\RSOS\RSOS_CANONICAL_EXPERIMENT_CHAIN\033_EXP-016__WF2_Prospective_Cross_System_Confirmation\04_RAW\SOURCE\ACTIVE_CAUSAL\d24768c864f8af320e5bfc73.json,1983,4305d41485c6f07cefce880a67c397e03aa6932213a9ee077d6ad6e896293640,C:\RSOS\RSOS_EXPERIMENTS_WF2_PROSPECTIVE_CROSS_SYSTEM_CONFIRMATION\04_RAW\ACTIVE_CAUSAL\d24768c864f8af320e5bfc73.json
C:\RSOS\RSOS_CANONICAL_EXPERIMENT_CHAIN\033_EXP-016__WF2_Prospective_Cross_System_Confirmation\04_RAW\SOURCE\ACTIVE_CAUSAL\d257d3702306231a9d5f1540.json,1991,1fc99cde1f5b23e5c389906fa02066fdb5d12b01c206c6c8de9a78077311b758,C:\RSOS\RSOS_EXPERIMENTS_WF2_PROSPECTIVE_CROSS_SYSTEM_CONFIRMATION\04_RAW\ACTIVE_CAUSAL\d257d3702306231a9d5f1540.json
C:\RSOS\RSOS_CANONICAL_EXPERIMENT_CHAIN\033_EXP-016__WF2_Prospective_Cross_System_Confirmation\04_RAW\SOURCE\ACTIVE_CAUSAL\d2805c7ee95861d5d0596911.json,1981,ff199e2bda786feab74f0890764950630f485b45ed802f6f23ce27e8c3f557b4,C:\RSOS\RSOS_EXPERIMENTS_WF2_PROSPECTIVE_CROSS_SYSTEM_CONFIRMATION\04_RAW\ACTIVE_CAUSAL\d2805c7ee95861d5d0596911.json
C:\RSOS\RSOS_CANONICAL_EXPERIMENT_CHAIN\033_EXP-016__WF2_Prospective_Cross_System_Confirmation\04_RAW\SOURCE\ACTIVE_CAUSAL\d2a4c569d02839883a830f89.json,1837,5deb8bd0237852aee1493dbb4b72fa425170c51e7454df83b2227c9d2608598f,C:\RSOS\RSOS_EXPERIMENTS_WF2_PROSPECTIVE_CROSS_SYSTEM_CONFIRMATION\04_RAW\ACTIVE_CAUSAL\d2a4c569d02839883a830f89.json
C:\RSOS\RSOS_CANONICAL_EXPERIMENT_CHAIN\033_EXP-016__WF2_Prospective_Cross_System_Confirmation\04_RAW\SOURCE\ACTIVE_CAUSAL\d2ca5f416dafc9da70fc0a6a.json,3375,d9dcfaf40c2a1754c97603b7c25b224b35a255bdd1d385194046db985d7d1075,C:\RSOS\RSOS_EXPERIMENTS_WF2_PROSPECTIVE_CROSS_SYSTEM_CONFIRMATION\04_RAW\ACTIVE_CAUSAL\d2ca5f416dafc9da70fc0a6a.json
C:\RSOS\RSOS_CANONICAL_EXPERIMENT_CHAIN\033_EXP-016__WF2_Prospective_Cross_System_Confirmation\04_RAW\SOURCE\ACTIVE_CAUSAL\d2d08f5e28f43d17c65f6827.json,1981,69de117b60aa791968524c768c61fa20f9bf5208ac52cc63f97ebce9220515af,C:\RSOS\RSOS_EXPERIMENTS_WF2_PROSPECTIVE_CROSS_SYSTEM_CONFIRMATION\04_RAW\ACTIVE_CAUSAL\d2d08f5e28f43d17c65f6827.json
C:\RSOS\RSOS_CANONICAL_EXPERIMENT_CHAIN\033_EXP-016__WF2_Prospective_Cross_System_Confirmation\04_RAW\SOURCE\ACTIVE_CAUSAL\d339c0f74906297399b6651a.json,1996,4b7b47e3f1b2775836488cb26645ddfbd032e4c3d8e1735e3807f052aa2bef11,C:\RSOS\RSOS_EXPERIMENTS_WF2_PROSPECTIVE_CROSS_SYSTEM_CONFIRMATION\04_RAW\ACTIVE_CAUSAL\d339c0f74906297399b6651a.json
C:\RSOS\RSOS_CANONICAL_EXPERIMENT_CHAIN\033_EXP-016__WF2_Prospective_Cross_System_Confirmation\04_RAW\SOURCE\ACTIVE_CAUSAL\d34a6978c20da7c7177a4de4.json,3389,dbba96518be11f142dd40326114a7a6b2a638af8b2a2f6168e57db994b522133,C:\RSOS\RSOS_EXPERIMENTS_WF2_PROSPECTIVE_CROSS_SYSTEM_CONFIRMATION\04_RAW\ACTIVE_CAUSAL\d34a6978c20da7c7177a4de4.json
C:\RSOS\RSOS_CANONICAL_EXPERIMENT_CHAIN\033_EXP-016__WF2_Prospective_Cross_System_Confirmation\04_RAW\SOURCE\ACTIVE_CAUSAL\d3543dc8aafee3de470927dd.json,1990,9bb804fa4d92572b5a14b14aa611f0d97ac17d010a89b0314f39a1d0042b0119,C:\RSOS\RSOS_EXPERIMENTS_WF2_PROSPECTIVE_CROSS_SYSTEM_CONFIRMATION\04_RAW\ACTIVE_CAUSAL\d3543dc8aafee3de470927dd.json
C:\RSOS\RSOS_CANONICAL_EXPERIMENT_CHAIN\033_EXP-016__WF2_Prospective_Cross_System_Confirmation\04_RAW\SOURCE\ACTIVE_CAUSAL\d37ac1fd750427852eb66d76.json,3374,cf1ff3e25ae708d08cdf8874061eb0a771325c569883c21d5807f6529e6c7f01,C:\RSOS\RSOS_EXPERIMENTS_WF2_PROSPECTIVE_CROSS_SYSTEM_CONFIRMATION\04_RAW\ACTIVE_CAUSAL\d37ac1fd750427852eb66d76.json
C:\RSOS\RSOS_CANONICAL_EXPERIMENT_CHAIN\033_EXP-016__WF2_Prospective_Cross_System_Confirmation\04_RAW\SOURCE\ACTIVE_CAUSAL\d394aebe0dd4479f070442a1.json,1827,a2aa2788eb3b178986e059fee12bd90bbf350f5525d86826a82183a0545b601d,C:\RSOS\RSOS_EXPERIMENTS_WF2_PROSPECTIVE_CROSS_SYSTEM_CONFIRMATION\04_RAW\ACTIVE_CAUSAL\d394aebe0dd4479f070442a1.json
C:\RSOS\RSOS_CANONICAL_EXPERIMENT_CHAIN\033_EXP-016__WF2_Prospective_Cross_System_Confirmation\04_RAW\SOURCE\ACTIVE_CAUSAL\d3950a7681c4275be250b0c2.json,3374,a2f09f8f3aae761ea3b305edfed46186e9312ddb270b1e2242d8889125b9d75a,C:\RSOS\RSOS_EXPERIMENTS_WF2_PROSPECTIVE_CROSS_SYSTEM_CONFIRMATION\04_RAW\ACTIVE_CAUSAL\d3950a7681c4275be250b0c2.json
C:\RSOS\RSOS_CANONICAL_EXPERIMENT_CHAIN\033_EXP-016__WF2_Prospective_Cross_System_Confirmation\04_RAW\SOURCE\ACTIVE_CAUSAL\d3e72c9bc6ef07504f6c5288.json,1991,93a6fd02a9566ea092812295c64ae0ba65bdf4f8ee2e205a8bd90a24947e7134,C:\RSOS\RSOS_EXPERIMENTS_WF2_PROSPECTIVE_CROSS_SYSTEM_CONFIRMATION\04_RAW\ACTIVE_CAUSAL\d3e72c9bc6ef07504f6c5288.json
C:\RSOS\RSOS_CANONICAL_EXPERIMENT_CHAIN\033_EXP-016__WF2_Prospective_Cross_System_Confirmation\04_RAW\SOURCE\ACTIVE_CAUSAL\d3f89a3d66b33fe6b0a1e371.json,3375,bda23c25e4cdf979c86edfa73c94e48492f9c6b924d691bee8596ca0e0d60eed,C:\RSOS\RSOS_EXPERIMENTS_WF2_PROSPECTIVE_CROSS_SYSTEM_CONFIRMATION\04_RAW\ACTIVE_CAUSAL\d3f89a3d66b33fe6b0a1e371.json
C:\RSOS\RSOS_CANONICAL_EXPERIMENT_CHAIN\033_EXP-016__WF2_Prospective_Cross_System_Confirmation\04_RAW\SOURCE\ACTIVE_CAUSAL\d44b6e2ea51e0b3cf8461abe.json,3374,cf5b929100e297572b50c70d3398c6331e8cde009c792759f032ef9cd3ef24aa,C:\RSOS\RSOS_EXPERIMENTS_WF2_PROSPECTIVE_CROSS_SYSTEM_CONFIRMATION\04_RAW\ACTIVE_CAUSAL\d44b6e2ea51e0b3cf8461abe.json
C:\RSOS\RSOS_CANONICAL_EXPERIMENT_CHAIN\033_EXP-016__WF2_Prospective_Cross_System_Confirmation\04_RAW\SOURCE\ACTIVE_CAUSAL\d461697b8202ccfe14154d5a.json,1836,baea59761b092445565d387b62d835d8da72f51bb3d2983aff930e8b02705957,C:\RSOS\RSOS_EXPERIMENTS_WF2_PROSPECTIVE_CROSS_SYSTEM_CONFIRMATION\04_RAW\ACTIVE_CAUSAL\d461697b8202ccfe14154d5a.json
C:\RSOS\RSOS_CANONICAL_EXPERIMENT_CHAIN\033_EXP-016__WF2_Prospective_Cross_System_Confirmation\04_RAW\SOURCE\ACTIVE_CAUSAL\d48c2986a18c20d40738fdbb.json,3381,dcc31d9cc186bf3776dc08c5eecdd8e3aa831b7821467464a7485643b5874928,C:\RSOS\RSOS_EXPERIMENTS_WF2_PROSPECTIVE_CROSS_SYSTEM_CONFIRMATION\04_RAW\ACTIVE_CAUSAL\d48c2986a18c20d40738fdbb.json
C:\RSOS\RSOS_CANONICAL_EXPERIMENT_CHAIN\033_EXP-016__WF2_Prospective_Cross_System_Confirmation\04_RAW\SOURCE\ACTIVE_CAUSAL\d4b34d73faaa1e6c1d4f20bf.json,3374,3946e56dd92150a81c6d72932ff64302f6f433c0d89b68ef8ad0444cfcec14c5,C:\RSOS\RSOS_EXPERIMENTS_WF2_PROSPECTIVE_CROSS_SYSTEM_CONFIRMATION\04_RAW\ACTIVE_CAUSAL\d4b34d73faaa1e6c1d4f20bf.json
C:\RSOS\RSOS_CANONICAL_EXPERIMENT_CHAIN\033_EXP-016__WF2_Prospective_Cross_System_Confirmation\04_RAW\SOURCE\ACTIVE_CAUSAL\d4c48790679ace4ff9973edb.json,1826,2ffc320830b10ddbcf163d608360ee402b5365a5a0b5c890e5e56187c9ab3061,C:\RSOS\RSOS_EXPERIMENTS_WF2_PROSPECTIVE_CROSS_SYSTEM_CONFIRMATION\04_RAW\ACTIVE_CAUSAL\d4c48790679ace4ff9973edb.json
C:\RSOS\RSOS_CANONICAL_EXPERIMENT_CHAIN\033_EXP-016__WF2_Prospective_Cross_System_Confirmation\04_RAW\SOURCE\ACTIVE_CAUSAL\d4d9d9e9403ac3848cbe8518.json,3374,9e7ef1c94122d4ce6b33b4ccb7b206a1353ff9745ff318af97462ca522edf5dd,C:\RSOS\RSOS_EXPERIMENTS_WF2_PROSPECTIVE_CROSS_SYSTEM_CONFIRMATION\04_RAW\ACTIVE_CAUSAL\d4d9d9e9403ac3848cbe8518.json
C:\RSOS\RSOS_CANONICAL_EXPERIMENT_CHAIN\033_EXP-016__WF2_Prospective_Cross_System_Confirmation\04_RAW\SOURCE\ACTIVE_CAUSAL\d4e04e059c90a519567eaa3c.json,1981,bdf84752b7ce12ca6a81073bd98fcea2c7e83de74279122736e27b2b72c4c6e7,C:\RSOS\RSOS_EXPERIMENTS_WF2_PROSPECTIVE_CROSS_SYSTEM_CONFIRMATION\04_RAW\ACTIVE_CAUSAL\d4e04e059c90a519567eaa3c.json
C:\RSOS\RSOS_CANONICAL_EXPERIMENT_CHAIN\033_EXP-016__WF2_Prospective_Cross_System_Confirmation\04_RAW\SOURCE\ACTIVE_CAUSAL\d4eef76c51473b779edd6d53.json,3374,7157123f80c02753cb975fe1e6117ebd0008a2e95bd478d091d9b16d888d4eff,C:\RSOS\RSOS_EXPERIMENTS_WF2_PROSPECTIVE_CROSS_SYSTEM_CONFIRMATION\04_RAW\ACTIVE_CAUSAL\d4eef76c51473b779edd6d53.json
C:\RSOS\RSOS_CANONICAL_EXPERIMENT_CHAIN\033_EXP-016__WF2_Prospective_Cross_System_Confirmation\04_RAW\SOURCE\ACTIVE_CAUSAL\d5115acd38e1ca811658eb1b.json,1827,c2701aba90b07ad17930de766dda32a4a2157f651b9eecb172ebe366c52c41d8,C:\RSOS\RSOS_EXPERIMENTS_WF2_PROSPECTIVE_CROSS_SYSTEM_CONFIRMATION\04_RAW\ACTIVE_CAUSAL\d5115acd38e1ca811658eb1b.json
C:\RSOS\RSOS_CANONICAL_EXPERIMENT_CHAIN\033_EXP-016__WF2_Prospective_Cross_System_Confirmation\04_RAW\SOURCE\ACTIVE_CAUSAL\d5175c29318eadd0f683b075.json,3374,fc31a2e4d16e1864c4cb433ee97d84b2a0601303806202deaefc12b04f0b3b83,C:\RSOS\RSOS_EXPERIMENTS_WF2_PROSPECTIVE_CROSS_SYSTEM_CONFIRMATION\04_RAW\ACTIVE_CAUSAL\d5175c29318eadd0f683b075.json
C:\RSOS\RSOS_CANONICAL_EXPERIMENT_CHAIN\033_EXP-016__WF2_Prospective_Cross_System_Confirmation\04_RAW\SOURCE\ACTIVE_CAUSAL\d551aef31584f2b5fa75ee73.json,1982,75137c7168f5b344507d2d4a883c0bcbc218279d5fa23ff023fb4025aac38998,C:\RSOS\RSOS_EXPERIMENTS_WF2_PROSPECTIVE_CROSS_SYSTEM_CONFIRMATION\04_RAW\ACTIVE_CAUSAL\d551aef31584f2b5fa75ee73.json
C:\RSOS\RSOS_CANONICAL_EXPERIMENT_CHAIN\033_EXP-016__WF2_Prospective_Cross_System_Confirmation\04_RAW\SOURCE\ACTIVE_CAUSAL\d5668a0cacd37c905cc91a89.json,1990,3b6a66a7a0d53a56f0d985ce8df37c2ecd2f6803428fa9135312ee749667e516,C:\RSOS\RSOS_EXPERIMENTS_WF2_PROSPECTIVE_CROSS_SYSTEM_CONFIRMATION\04_RAW\ACTIVE_CAUSAL\d5668a0cacd37c905cc91a89.json
C:\RSOS\RSOS_CANONICAL_EXPERIMENT_CHAIN\033_EXP-016__WF2_Prospective_Cross_System_Confirmation\04_RAW\SOURCE\ACTIVE_CAUSAL\d6c9b275edff81a985854e56.json,3374,ac5bd864db078aa18ead8cb625c75d8ec9ce82419c980be84445452585078191,C:\RSOS\RSOS_EXPERIMENTS_WF2_PROSPECTIVE_CROSS_SYSTEM_CONFIRMATION\04_RAW\ACTIVE_CAUSAL\d6c9b275edff81a985854e56.json
C:\RSOS\RSOS_CANONICAL_EXPERIMENT_CHAIN\033_EXP-016__WF2_Prospective_Cross_System_Confirmation\04_RAW\SOURCE\ACTIVE_CAUSAL\d6dda4f67a6a1498fdd3f345.json,1982,3777a344b4b613852646e0ad926859e7b0e46019dfa2d75a8b5b3f1d29862d2f,C:\RSOS\RSOS_EXPERIMENTS_WF2_PROSPECTIVE_CROSS_SYSTEM_CONFIRMATION\04_RAW\ACTIVE_CAUSAL\d6dda4f67a6a1498fdd3f345.json
C:\RSOS\RSOS_CANONICAL_EXPERIMENT_CHAIN\033_EXP-016__WF2_Prospective_Cross_System_Confirmation\04_RAW\SOURCE\ACTIVE_CAUSAL\d6f13a2ed2047bf48a2f8882.json,1988,edef0fae323334fb84bfbb41b0c4baaeae22a6c5358a084bbe176b2b8d845d4a,C:\RSOS\RSOS_EXPERIMENTS_WF2_PROSPECTIVE_CROSS_SYSTEM_CONFIRMATION\04_RAW\ACTIVE_CAUSAL\d6f13a2ed2047bf48a2f8882.json
C:\RSOS\RSOS_CANONICAL_EXPERIMENT_CHAIN\033_EXP-016__WF2_Prospective_Cross_System_Confirmation\04_RAW\SOURCE\ACTIVE_CAUSAL\d73fa0e1d3fe24934561834c.json,3376,cd4bccdb0004a40bcf0890c13180c056976ff93e959b9a5142a70181b9b000d7,C:\RSOS\RSOS_EXPERIMENTS_WF2_PROSPECTIVE_CROSS_SYSTEM_CONFIRMATION\04_RAW\ACTIVE_CAUSAL\d73fa0e1d3fe24934561834c.json
C:\RSOS\RSOS_CANONICAL_EXPERIMENT_CHAIN\033_EXP-016__WF2_Prospective_Cross_System_Confirmation\04_RAW\SOURCE\ACTIVE_CAUSAL\d759123c888bd4f2354285ed.json,1982,088c726bb56af74e6509d53cf5f6a3aab2eb7205ca0a13dfc35cfc248153fbdd,C:\RSOS\RSOS_EXPERIMENTS_WF2_PROSPECTIVE_CROSS_SYSTEM_CONFIRMATION\04_RAW\ACTIVE_CAUSAL\d759123c888bd4f2354285ed.json
C:\RSOS\RSOS_CANONICAL_EXPERIMENT_CHAIN\033_EXP-016__WF2_Prospective_Cross_System_Confirmation\04_RAW\SOURCE\ACTIVE_CAUSAL\d764c66098d8df140d893332.json,1826,0252b2d355db173e540cdcbb87db96dd28e83012ba218edb8b8d5c68d64ed2a9,C:\RSOS\RSOS_EXPERIMENTS_WF2_PROSPECTIVE_CROSS_SYSTEM_CONFIRMATION\04_RAW\ACTIVE_CAUSAL\d764c66098d8df140d893332.json
C:\RSOS\RSOS_CANONICAL_EXPERIMENT_CHAIN\033_EXP-016__WF2_Prospective_Cross_System_Confirmation\04_RAW\SOURCE\ACTIVE_CAUSAL\d765b2acb136581125e103d0.json,3376,c30ca30ce51589e0ee7abed56d52da51c2df73d8a86efff6211f1a4272c3e22d,C:\RSOS\RSOS_EXPERIMENTS_WF2_PROSPECTIVE_CROSS_SYSTEM_CONFIRMATION\04_RAW\ACTIVE_CAUSAL\d765b2acb136581125e103d0.json
C:\RSOS\RSOS_CANONICAL_EXPERIMENT_CHAIN\033_EXP-016__WF2_Prospective_Cross_System_Confirmation\04_RAW\SOURCE\ACTIVE_CAUSAL\d7790e478c71a832dc5c390c.json,3374,cd542ede92a729b58d5c425d772dbed3a2ae087cb52c27b3ab22981a45c3c55e,C:\RSOS\RSOS_EXPERIMENTS_WF2_PROSPECTIVE_CROSS_SYSTEM_CONFIRMATION\04_RAW\ACTIVE_CAUSAL\d7790e478c71a832dc5c390c.json
C:\RSOS\RSOS_CANONICAL_EXPERIMENT_CHAIN\033_EXP-016__WF2_Prospective_Cross_System_Confirmation\04_RAW\SOURCE\ACTIVE_CAUSAL\d79cc246ed20531a1106a8b8.json,3376,562c0bb77647a4accb517f548c400e5a12e69472d155bfc583a9e27b45ef65ec,C:\RSOS\RSOS_EXPERIMENTS_WF2_PROSPECTIVE_CROSS_SYSTEM_CONFIRMATION\04_RAW\ACTIVE_CAUSAL\d79cc246ed20531a1106a8b8.json
C:\RSOS\RSOS_CANONICAL_EXPERIMENT_CHAIN\033_EXP-016__WF2_Prospective_Cross_System_Confirmation\04_RAW\SOURCE\ACTIVE_CAUSAL\d7c4e48b0838c1b91c8bf7e0.json,3388,927a8fbd9800a9f69371b04a0f54c878ae4b5dc7cf318bc00c56e3b15288adc3,C:\RSOS\RSOS_EXPERIMENTS_WF2_PROSPECTIVE_CROSS_SYSTEM_CONFIRMATION\04_RAW\ACTIVE_CAUSAL\d7c4e48b0838c1b91c8bf7e0.json
C:\RSOS\RSOS_CANONICAL_EXPERIMENT_CHAIN\033_EXP-016__WF2_Prospective_Cross_System_Confirmation\04_RAW\SOURCE\ACTIVE_CAUSAL\d7d47990b8e145af1f24cefd.json,1988,61c1986cd0f368dada5ce2cfaef42695db71ec50a60484100c4ec019e8c1c821,C:\RSOS\RSOS_EXPERIMENTS_WF2_PROSPECTIVE_CROSS_SYSTEM_CONFIRMATION\04_RAW\ACTIVE_CAUSAL\d7d47990b8e145af1f24cefd.json
C:\RSOS\RSOS_CANONICAL_EXPERIMENT_CHAIN\033_EXP-016__WF2_Prospective_Cross_System_Confirmation\04_RAW\SOURCE\ACTIVE_CAUSAL\d7e9db0dc40577c7b53f793e.json,1982,bd31e7a6da997e6293d682071f271c7230c3d0839111101ffd8f931e194472f2,C:\RSOS\RSOS_EXPERIMENTS_WF2_PROSPECTIVE_CROSS_SYSTEM_CONFIRMATION\04_RAW\ACTIVE_CAUSAL\d7e9db0dc40577c7b53f793e.json
C:\RSOS\RSOS_CANONICAL_EXPERIMENT_CHAIN\033_EXP-016__WF2_Prospective_Cross_System_Confirmation\04_RAW\SOURCE\ACTIVE_CAUSAL\d7ee403e1b8d65e070879b09.json,1982,49beea1e800ddda3041fb661ebfe613ea8ccb765c0d8dd6efca498ce450d63de,C:\RSOS\RSOS_EXPERIMENTS_WF2_PROSPECTIVE_CROSS_SYSTEM_CONFIRMATION\04_RAW\ACTIVE_CAUSAL\d7ee403e1b8d65e070879b09.json
C:\RSOS\RSOS_CANONICAL_EXPERIMENT_CHAIN\033_EXP-016__WF2_Prospective_Cross_System_Confirmation\04_RAW\SOURCE\ACTIVE_CAUSAL\d8198e0cea1c58c34767cdcc.json,1835,5a3a2431a34a9c25e8c37dd386c99c4fb0d2bd9e97d61e7a0b34df9f34f8b395,C:\RSOS\RSOS_EXPERIMENTS_WF2_PROSPECTIVE_CROSS_SYSTEM_CONFIRMATION\04_RAW\ACTIVE_CAUSAL\d8198e0cea1c58c34767cdcc.json
C:\RSOS\RSOS_CANONICAL_EXPERIMENT_CHAIN\033_EXP-016__WF2_Prospective_Cross_System_Confirmation\04_RAW\SOURCE\ACTIVE_CAUSAL\d881a67d27afc04a48d757c0.json,1981,267f75693dd96530343e7d7c8eb9d73fc4e2c952e09927c47e5227bc9cd38873,C:\RSOS\RSOS_EXPERIMENTS_WF2_PROSPECTIVE_CROSS_SYSTEM_CONFIRMATION\04_RAW\ACTIVE_CAUSAL\d881a67d27afc04a48d757c0.json
C:\RSOS\RSOS_CANONICAL_EXPERIMENT_CHAIN\033_EXP-016__WF2_Prospective_Cross_System_Confirmation\04_RAW\SOURCE\ACTIVE_CAUSAL\d8c6815ced2f28e7dbc20f71.json,3385,80acb9370bde5ba1caeb696747a6ec97e3cfc69abb5bf5f1208899368dc7cf3f,C:\RSOS\RSOS_EXPERIMENTS_WF2_PROSPECTIVE_CROSS_SYSTEM_CONFIRMATION\04_RAW\ACTIVE_CAUSAL\d8c6815ced2f28e7dbc20f71.json
C:\RSOS\RSOS_CANONICAL_EXPERIMENT_CHAIN\033_EXP-016__WF2_Prospective_Cross_System_Confirmation\04_RAW\SOURCE\ACTIVE_CAUSAL\d8c6fcc3fc9e7d7c8e9cdfc4.json,3374,2a8e8718a08c2a2dbf6488b4de6278f214c12fe36875bbdde174b4bd49fdbc66,C:\RSOS\RSOS_EXPERIMENTS_WF2_PROSPECTIVE_CROSS_SYSTEM_CONFIRMATION\04_RAW\ACTIVE_CAUSAL\d8c6fcc3fc9e7d7c8e9cdfc4.json
C:\RSOS\RSOS_CANONICAL_EXPERIMENT_CHAIN\033_EXP-016__WF2_Prospective_Cross_System_Confirmation\04_RAW\SOURCE\ACTIVE_CAUSAL\d92bc5c5f7c296290073a8d3.json,1827,e4fdce07c88579cc66b63e8d40c2b6febee2fe69e177d5570f40778eeb3e1dab,C:\RSOS\RSOS_EXPERIMENTS_WF2_PROSPECTIVE_CROSS_SYSTEM_CONFIRMATION\04_RAW\ACTIVE_CAUSAL\d92bc5c5f7c296290073a8d3.json
C:\RSOS\RSOS_CANONICAL_EXPERIMENT_CHAIN\033_EXP-016__WF2_Prospective_Cross_System_Confirmation\04_RAW\SOURCE\ACTIVE_CAUSAL\d944b55a74f0440790395866.json,3375,69713ce14b2830f87778ffe8789a8f5ec6f20d0ae401fe7f402ee71a2f6c1030,C:\RSOS\RSOS_EXPERIMENTS_WF2_PROSPECTIVE_CROSS_SYSTEM_CONFIRMATION\04_RAW\ACTIVE_CAUSAL\d944b55a74f0440790395866.json
C:\RSOS\RSOS_CANONICAL_EXPERIMENT_CHAIN\033_EXP-016__WF2_Prospective_Cross_System_Confirmation\04_RAW\SOURCE\ACTIVE_CAUSAL\d94e3c820460aa74b8219203.json,1988,95ee4f67d3622a2546dc4b6468cc4b9f118e502111d1e273271ba84c9213155e,C:\RSOS\RSOS_EXPERIMENTS_WF2_PROSPECTIVE_CROSS_SYSTEM_CONFIRMATION\04_RAW\ACTIVE_CAUSAL\d94e3c820460aa74b8219203.json
C:\RSOS\RSOS_CANONICAL_EXPERIMENT_CHAIN\033_EXP-016__WF2_Prospective_Cross_System_Confirmation\04_RAW\SOURCE\ACTIVE_CAUSAL\d971ab5f9793b20dde3e5640.json,1992,ec5a48172ee03b03e1301ce5fed451bdea5b55de4e62a1e44d9bf64b86963e1b,C:\RSOS\RSOS_EXPERIMENTS_WF2_PROSPECTIVE_CROSS_SYSTEM_CONFIRMATION\04_RAW\ACTIVE_CAUSAL\d971ab5f9793b20dde3e5640.json
C:\RSOS\RSOS_CANONICAL_EXPERIMENT_CHAIN\033_EXP-016__WF2_Prospective_Cross_System_Confirmation\04_RAW\SOURCE\ACTIVE_CAUSAL\d97deae3fefd09132d79f502.json,1981,9a24ab2c81c91001c11da597fd5576b47188ecba86ab34351f361da7fc344a6b,C:\RSOS\RSOS_EXPERIMENTS_WF2_PROSPECTIVE_CROSS_SYSTEM_CONFIRMATION\04_RAW\ACTIVE_CAUSAL\d97deae3fefd09132d79f502.json
C:\RSOS\RSOS_CANONICAL_EXPERIMENT_CHAIN\033_EXP-016__WF2_Prospective_Cross_System_Confirmation\04_RAW\SOURCE\ACTIVE_CAUSAL\d98311671aefa5c9ba593ad9.json,3374,13aab7c575adb15402bd335bc1dff7152095f7ae072b0b22cb65d77ed8c6b542,C:\RSOS\RSOS_EXPERIMENTS_WF2_PROSPECTIVE_CROSS_SYSTEM_CONFIRMATION\04_RAW\ACTIVE_CAUSAL\d98311671aefa5c9ba593ad9.json
C:\RSOS\RSOS_CANONICAL_EXPERIMENT_CHAIN\033_EXP-016__WF2_Prospective_Cross_System_Confirmation\04_RAW\SOURCE\ACTIVE_CAUSAL\d99ecd4b1ca0bf561c4770ce.json,3375,c2a7aeb82fff6e8e84027891a8086cca608b016e769085ce2c3f18fd76d52c39,C:\RSOS\RSOS_EXPERIMENTS_WF2_PROSPECTIVE_CROSS_SYSTEM_CONFIRMATION\04_RAW\ACTIVE_CAUSAL\d99ecd4b1ca0bf561c4770ce.json
C:\RSOS\RSOS_CANONICAL_EXPERIMENT_CHAIN\033_EXP-016__WF2_Prospective_Cross_System_Confirmation\04_RAW\SOURCE\ACTIVE_CAUSAL\d9e592ead27a36c102e7972a.json,3383,4afe34db4e6d307e30cb8a55b68d4a1c16c07cf3a9641fde6568607b92284e65,C:\RSOS\RSOS_EXPERIMENTS_WF2_PROSPECTIVE_CROSS_SYSTEM_CONFIRMATION\04_RAW\ACTIVE_CAUSAL\d9e592ead27a36c102e7972a.json
C:\RSOS\RSOS_CANONICAL_EXPERIMENT_CHAIN\033_EXP-016__WF2_Prospective_Cross_System_Confirmation\04_RAW\SOURCE\ACTIVE_CAUSAL\da09a4867ccb4fcc8b769b91.json,3374,fb271815d4c63cf92a09c0e04b1890253a4864f4e06e81828876c7f609e11675,C:\RSOS\RSOS_EXPERIMENTS_WF2_PROSPECTIVE_CROSS_SYSTEM_CONFIRMATION\04_RAW\ACTIVE_CAUSAL\da09a4867ccb4fcc8b769b91.json
C:\RSOS\RSOS_CANONICAL_EXPERIMENT_CHAIN\033_EXP-016__WF2_Prospective_Cross_System_Confirmation\04_RAW\SOURCE\ACTIVE_CAUSAL\da0dff82c45088a74daeee3c.json,1981,f78308b444c87c139ec70d305fb175a932daedf7af391ee8763121ef5fadd4f2,C:\RSOS\RSOS_EXPERIMENTS_WF2_PROSPECTIVE_CROSS_SYSTEM_CONFIRMATION\04_RAW\ACTIVE_CAUSAL\da0dff82c45088a74daeee3c.json
C:\RSOS\RSOS_CANONICAL_EXPERIMENT_CHAIN\033_EXP-016__WF2_Prospective_Cross_System_Confirmation\04_RAW\SOURCE\ACTIVE_CAUSAL\da2fa428a1d015a0b5fc8847.json,1827,08e477d92e5956719ae2ebab63eccddb0b34aceede01f67cdcb1770c044e5e23,C:\RSOS\RSOS_EXPERIMENTS_WF2_PROSPECTIVE_CROSS_SYSTEM_CONFIRMATION\04_RAW\ACTIVE_CAUSAL\da2fa428a1d015a0b5fc8847.json
C:\RSOS\RSOS_CANONICAL_EXPERIMENT_CHAIN\033_EXP-016__WF2_Prospective_Cross_System_Confirmation\04_RAW\SOURCE\ACTIVE_CAUSAL\da76d3ee4e2e0f338e93a875.json,3375,f693c32b5c010f1d1b4f0d0132d690d2d5e56ca5d7b611592011c79e65564e34,C:\RSOS\RSOS_EXPERIMENTS_WF2_PROSPECTIVE_CROSS_SYSTEM_CONFIRMATION\04_RAW\ACTIVE_CAUSAL\da76d3ee4e2e0f338e93a875.json
C:\RSOS\RSOS_CANONICAL_EXPERIMENT_CHAIN\033_EXP-016__WF2_Prospective_Cross_System_Confirmation\04_RAW\SOURCE\ACTIVE_CAUSAL\da811779ffe0e7bd3322a6f2.json,1981,65d86914fd699aaf9472a9ee571fe62f579540522976e5a0a7b34c9777fa813e,C:\RSOS\RSOS_EXPERIMENTS_WF2_PROSPECTIVE_CROSS_SYSTEM_CONFIRMATION\04_RAW\ACTIVE_CAUSAL\da811779ffe0e7bd3322a6f2.json
C:\RSOS\RSOS_CANONICAL_EXPERIMENT_CHAIN\033_EXP-016__WF2_Prospective_Cross_System_Confirmation\04_RAW\SOURCE\ACTIVE_CAUSAL\da82c50fe63ea4504cfdf8ee.json,1995,eeaa02c3eac491af74f5a399bb5ab86e53902710ccae11a0e9aa649a7bcf2933,C:\RSOS\RSOS_EXPERIMENTS_WF2_PROSPECTIVE_CROSS_SYSTEM_CONFIRMATION\04_RAW\ACTIVE_CAUSAL\da82c50fe63ea4504cfdf8ee.json
C:\RSOS\RSOS_CANONICAL_EXPERIMENT_CHAIN\033_EXP-016__WF2_Prospective_Cross_System_Confirmation\04_RAW\SOURCE\ACTIVE_CAUSAL\dad539c8daccf2afda2c917c.json,1826,4fa9a1478b1825c8928f4ac7aeff03ca08f855a74d9ad2a5bba7f5c176dc58b4,C:\RSOS\RSOS_EXPERIMENTS_WF2_PROSPECTIVE_CROSS_SYSTEM_CONFIRMATION\04_RAW\ACTIVE_CAUSAL\dad539c8daccf2afda2c917c.json
C:\RSOS\RSOS_CANONICAL_EXPERIMENT_CHAIN\033_EXP-016__WF2_Prospective_Cross_System_Confirmation\04_RAW\SOURCE\ACTIVE_CAUSAL\dae09a0899a18b52f874b2f3.json,3374,775a4273df5a6f996f73aea1b96bea6b34651ff32ba9eaac745638645b0b24b9,C:\RSOS\RSOS_EXPERIMENTS_WF2_PROSPECTIVE_CROSS_SYSTEM_CONFIRMATION\04_RAW\ACTIVE_CAUSAL\dae09a0899a18b52f874b2f3.json
C:\RSOS\RSOS_CANONICAL_EXPERIMENT_CHAIN\033_EXP-016__WF2_Prospective_Cross_System_Confirmation\04_RAW\SOURCE\ACTIVE_CAUSAL\db325b6c32f4c627fa2e2e02.json,3385,1c0fddf55ed93566049f0c5773224901114f9bb3e6329510753d8b7c429a3fbd,C:\RSOS\RSOS_EXPERIMENTS_WF2_PROSPECTIVE_CROSS_SYSTEM_CONFIRMATION\04_RAW\ACTIVE_CAUSAL\db325b6c32f4c627fa2e2e02.json
C:\RSOS\RSOS_CANONICAL_EXPERIMENT_CHAIN\033_EXP-016__WF2_Prospective_Cross_System_Confirmation\04_RAW\SOURCE\ACTIVE_CAUSAL\db7bb753ce15fa5ade873f91.json,1827,ac451b26ad7dcf0b361f2a6de858baa3cdca79d18640b7f3718bb7ec0bf91e54,C:\RSOS\RSOS_EXPERIMENTS_WF2_PROSPECTIVE_CROSS_SYSTEM_CONFIRMATION\04_RAW\ACTIVE_CAUSAL\db7bb753ce15fa5ade873f91.json
C:\RSOS\RSOS_CANONICAL_EXPERIMENT_CHAIN\033_EXP-016__WF2_Prospective_Cross_System_Confirmation\04_RAW\SOURCE\ACTIVE_CAUSAL\db84d8e385569d25e95edd75.json,1995,6d629c7a317852bcff8a0330bb961f218312598f79839ae1fee8991710f3f7ee,C:\RSOS\RSOS_EXPERIMENTS_WF2_PROSPECTIVE_CROSS_SYSTEM_CONFIRMATION\04_RAW\ACTIVE_CAUSAL\db84d8e385569d25e95edd75.json
C:\RSOS\RSOS_CANONICAL_EXPERIMENT_CHAIN\033_EXP-016__WF2_Prospective_Cross_System_Confirmation\04_RAW\SOURCE\ACTIVE_CAUSAL\dbb223d745707f4c43c5ebb6.json,1826,2c8802b43d2a3a1be7a3702e1c9c98daac2fc0b22d6f24714a48338fe7b6a102,C:\RSOS\RSOS_EXPERIMENTS_WF2_PROSPECTIVE_CROSS_SYSTEM_CONFIRMATION\04_RAW\ACTIVE_CAUSAL\dbb223d745707f4c43c5ebb6.json
C:\RSOS\RSOS_CANONICAL_EXPERIMENT_CHAIN\033_EXP-016__WF2_Prospective_Cross_System_Confirmation\04_RAW\SOURCE\ACTIVE_CAUSAL\dbd3c0bea966508bb85e8a12.json,1981,6b95327a321d327b089e7924f23be64fc996a842326460ddca6fce5e602d685b,C:\RSOS\RSOS_EXPERIMENTS_WF2_PROSPECTIVE_CROSS_SYSTEM_CONFIRMATION\04_RAW\ACTIVE_CAUSAL\dbd3c0bea966508bb85e8a12.json
C:\RSOS\RSOS_CANONICAL_EXPERIMENT_CHAIN\033_EXP-016__WF2_Prospective_Cross_System_Confirmation\04_RAW\SOURCE\ACTIVE_CAUSAL\dbe09b51d324822289093160.json,1981,e20a702d191297fe9e69958f2dea179aaace07e52210886d50e231cd42d84bea,C:\RSOS\RSOS_EXPERIMENTS_WF2_PROSPECTIVE_CROSS_SYSTEM_CONFIRMATION\04_RAW\ACTIVE_CAUSAL\dbe09b51d324822289093160.json
C:\RSOS\RSOS_CANONICAL_EXPERIMENT_CHAIN\033_EXP-016__WF2_Prospective_Cross_System_Confirmation\04_RAW\SOURCE\ACTIVE_CAUSAL\dbeceeb7c8408c965f84b43f.json,3375,b06939e9f9df864c632cfb5136d20048136629809bbbdf659fb4801d8e55adde,C:\RSOS\RSOS_EXPERIMENTS_WF2_PROSPECTIVE_CROSS_SYSTEM_CONFIRMATION\04_RAW\ACTIVE_CAUSAL\dbeceeb7c8408c965f84b43f.json
C:\RSOS\RSOS_CANONICAL_EXPERIMENT_CHAIN\033_EXP-016__WF2_Prospective_Cross_System_Confirmation\04_RAW\SOURCE\ACTIVE_CAUSAL\dc3dc84d28b080f44b104630.json,1981,38c0b6bb02c99acd6769ab27e7e0ab88ca9ebfb66b5addecf2f211ce18ef6727,C:\RSOS\RSOS_EXPERIMENTS_WF2_PROSPECTIVE_CROSS_SYSTEM_CONFIRMATION\04_RAW\ACTIVE_CAUSAL\dc3dc84d28b080f44b104630.json
C:\RSOS\RSOS_CANONICAL_EXPERIMENT_CHAIN\033_EXP-016__WF2_Prospective_Cross_System_Confirmation\04_RAW\SOURCE\ACTIVE_CAUSAL\dc9718b21b2ec0dfabc1341e.json,1874,6197cfcbf12e3e42f931a4e4f3741ed1b31b7cf8f46068e862aa0d9032b6cccb,C:\RSOS\RSOS_EXPERIMENTS_WF2_PROSPECTIVE_CROSS_SYSTEM_CONFIRMATION\04_RAW\ACTIVE_CAUSAL\dc9718b21b2ec0dfabc1341e.json
C:\RSOS\RSOS_CANONICAL_EXPERIMENT_CHAIN\033_EXP-016__WF2_Prospective_Cross_System_Confirmation\04_RAW\SOURCE\ACTIVE_CAUSAL\dca94a9b9e646d2d4bb7a1c8.json,1861,500b0d5d150a3a2ba8e30f26d1a79f292747b443147366c3bcd5d748237cf40e,C:\RSOS\RSOS_EXPERIMENTS_WF2_PROSPECTIVE_CROSS_SYSTEM_CONFIRMATION\04_RAW\ACTIVE_CAUSAL\dca94a9b9e646d2d4bb7a1c8.json
C:\RSOS\RSOS_CANONICAL_EXPERIMENT_CHAIN\033_EXP-016__WF2_Prospective_Cross_System_Confirmation\04_RAW\SOURCE\ACTIVE_CAUSAL\dcdd5e0ce68da6234f3af730.json,1996,cc7cb7c397d01e813d2ae5a0f9949f3b7fdf4f94b48b0ea99c9fd8f49d20ba67,C:\RSOS\RSOS_EXPERIMENTS_WF2_PROSPECTIVE_CROSS_SYSTEM_CONFIRMATION\04_RAW\ACTIVE_CAUSAL\dcdd5e0ce68da6234f3af730.json
C:\RSOS\RSOS_CANONICAL_EXPERIMENT_CHAIN\033_EXP-016__WF2_Prospective_Cross_System_Confirmation\04_RAW\SOURCE\ACTIVE_CAUSAL\dcf43dae1e081ff38264d1a8.json,3375,c8a6d815730c79e63f97a16dc9bd579555dfa6ad145939570b33485fe0e40ed4,C:\RSOS\RSOS_EXPERIMENTS_WF2_PROSPECTIVE_CROSS_SYSTEM_CONFIRMATION\04_RAW\ACTIVE_CAUSAL\dcf43dae1e081ff38264d1a8.json
C:\RSOS\RSOS_CANONICAL_EXPERIMENT_CHAIN\033_EXP-016__WF2_Prospective_Cross_System_Confirmation\04_RAW\SOURCE\ACTIVE_CAUSAL\dd5966082b5a331422fcf21b.json,1827,efe9fda009997c02cf2d5b8625654c7d1b4000aa182996e3d364303b902071f4,C:\RSOS\RSOS_EXPERIMENTS_WF2_PROSPECTIVE_CROSS_SYSTEM_CONFIRMATION\04_RAW\ACTIVE_CAUSAL\dd5966082b5a331422fcf21b.json
C:\RSOS\RSOS_CANONICAL_EXPERIMENT_CHAIN\033_EXP-016__WF2_Prospective_Cross_System_Confirmation\04_RAW\SOURCE\ACTIVE_CAUSAL\dd90c945b5b1e62b69c88bba.json,1982,3c7c3bb7eadff2b2cfda295684d72555789d1a121f81de1fced1818880f0f6da,C:\RSOS\RSOS_EXPERIMENTS_WF2_PROSPECTIVE_CROSS_SYSTEM_CONFIRMATION\04_RAW\ACTIVE_CAUSAL\dd90c945b5b1e62b69c88bba.json
C:\RSOS\RSOS_CANONICAL_EXPERIMENT_CHAIN\033_EXP-016__WF2_Prospective_Cross_System_Confirmation\04_RAW\SOURCE\ACTIVE_CAUSAL\de33a0ca4ed6d7354a9232e0.json,3374,9a09d765bdb9819eb903f6bfbedd683078019bc40b26b4b1e6bd3ea67a70789d,C:\RSOS\RSOS_EXPERIMENTS_WF2_PROSPECTIVE_CROSS_SYSTEM_CONFIRMATION\04_RAW\ACTIVE_CAUSAL\de33a0ca4ed6d7354a9232e0.json
C:\RSOS\RSOS_CANONICAL_EXPERIMENT_CHAIN\033_EXP-016__WF2_Prospective_Cross_System_Confirmation\04_RAW\SOURCE\ACTIVE_CAUSAL\de37ae71abac861773949da6.json,1983,7b301de6a573a85180911f79cdf9263da76733171c7d0f6cb710502821b64913,C:\RSOS\RSOS_EXPERIMENTS_WF2_PROSPECTIVE_CROSS_SYSTEM_CONFIRMATION\04_RAW\ACTIVE_CAUSAL\de37ae71abac861773949da6.json
C:\RSOS\RSOS_CANONICAL_EXPERIMENT_CHAIN\033_EXP-016__WF2_Prospective_Cross_System_Confirmation\04_RAW\SOURCE\ACTIVE_CAUSAL\de6feb64a386094ce31d3665.json,3374,f33be2d9c012889d62bba836b0a06034a6dc873ea3c0b2d7ad9b4f449a28ad7e,C:\RSOS\RSOS_EXPERIMENTS_WF2_PROSPECTIVE_CROSS_SYSTEM_CONFIRMATION\04_RAW\ACTIVE_CAUSAL\de6feb64a386094ce31d3665.json
C:\RSOS\RSOS_CANONICAL_EXPERIMENT_CHAIN\033_EXP-016__WF2_Prospective_Cross_System_Confirmation\04_RAW\SOURCE\ACTIVE_CAUSAL\deaf6f9141c1494d16d1935d.json,1983,8328cf209faa4b0cfa5b6c40f59c2b559c6e0157888fa8ed3f7235c574c785d4,C:\RSOS\RSOS_EXPERIMENTS_WF2_PROSPECTIVE_CROSS_SYSTEM_CONFIRMATION\04_RAW\ACTIVE_CAUSAL\deaf6f9141c1494d16d1935d.json
C:\RSOS\RSOS_CANONICAL_EXPERIMENT_CHAIN\033_EXP-016__WF2_Prospective_Cross_System_Confirmation\04_RAW\SOURCE\ACTIVE_CAUSAL\deb01d6ad17760cc0cfd9c5d.json,3375,070fb29dcbc8e1e5f4a4c79b72b1cbb0e84bd32e6e9dd9d27c8dbecd5051f019,C:\RSOS\RSOS_EXPERIMENTS_WF2_PROSPECTIVE_CROSS_SYSTEM_CONFIRMATION\04_RAW\ACTIVE_CAUSAL\deb01d6ad17760cc0cfd9c5d.json
C:\RSOS\RSOS_CANONICAL_EXPERIMENT_CHAIN\033_EXP-016__WF2_Prospective_Cross_System_Confirmation\04_RAW\SOURCE\ACTIVE_CAUSAL\df15f06ed7f5578bcf06b6fb.json,1981,0d9c266f1a183cd962acb65b293dee5622aec817600db7fe5ca01bc347ff278c,C:\RSOS\RSOS_EXPERIMENTS_WF2_PROSPECTIVE_CROSS_SYSTEM_CONFIRMATION\04_RAW\ACTIVE_CAUSAL\df15f06ed7f5578bcf06b6fb.json
C:\RSOS\RSOS_CANONICAL_EXPERIMENT_CHAIN\033_EXP-016__WF2_Prospective_Cross_System_Confirmation\04_RAW\SOURCE\ACTIVE_CAUSAL\df1c54f8c9671b814a44ce1f.json,3383,967ccd18db27b968dcf6a835e18d99f25207500025b75088a47990579ba5d375,C:\RSOS\RSOS_EXPERIMENTS_WF2_PROSPECTIVE_CROSS_SYSTEM_CONFIRMATION\04_RAW\ACTIVE_CAUSAL\df1c54f8c9671b814a44ce1f.json
C:\RSOS\RSOS_CANONICAL_EXPERIMENT_CHAIN\033_EXP-016__WF2_Prospective_Cross_System_Confirmation\04_RAW\SOURCE\ACTIVE_CAUSAL\df5309445a5339f9e4cdc5d1.json,3375,78de3d3eea682a3e9c530e4c2da9357992d608fa3b59f570de34b84f6924c910,C:\RSOS\RSOS_EXPERIMENTS_WF2_PROSPECTIVE_CROSS_SYSTEM_CONFIRMATION\04_RAW\ACTIVE_CAUSAL\df5309445a5339f9e4cdc5d1.json
C:\RSOS\RSOS_CANONICAL_EXPERIMENT_CHAIN\033_EXP-016__WF2_Prospective_Cross_System_Confirmation\04_RAW\SOURCE\ACTIVE_CAUSAL\df6b2ff2f21bb4d6d7903396.json,1835,d6af9dc7bcf87e64ee8296998de0f5932303419a142239bcba77495b278bbbd5,C:\RSOS\RSOS_EXPERIMENTS_WF2_PROSPECTIVE_CROSS_SYSTEM_CONFIRMATION\04_RAW\ACTIVE_CAUSAL\df6b2ff2f21bb4d6d7903396.json
C:\RSOS\RSOS_CANONICAL_EXPERIMENT_CHAIN\033_EXP-016__WF2_Prospective_Cross_System_Confirmation\04_RAW\SOURCE\ACTIVE_CAUSAL\df8243ab5c411a6dab142e18.json,3383,ec339475772037abc35c4d4626fec182eddd959c946ce45e7de139cbe371e548,C:\RSOS\RSOS_EXPERIMENTS_WF2_PROSPECTIVE_CROSS_SYSTEM_CONFIRMATION\04_RAW\ACTIVE_CAUSAL\df8243ab5c411a6dab142e18.json
C:\RSOS\RSOS_CANONICAL_EXPERIMENT_CHAIN\033_EXP-016__WF2_Prospective_Cross_System_Confirmation\04_RAW\SOURCE\ACTIVE_CAUSAL\dfa26c8ff4e5fb422ae4f703.json,2440,b612b7dc41704293a6df7392538cd64635503f0d577030804b82247c63fd5d5e,C:\RSOS\RSOS_EXPERIMENTS_WF2_PROSPECTIVE_CROSS_SYSTEM_CONFIRMATION\04_RAW\ACTIVE_CAUSAL\dfa26c8ff4e5fb422ae4f703.json
C:\RSOS\RSOS_CANONICAL_EXPERIMENT_CHAIN\033_EXP-016__WF2_Prospective_Cross_System_Confirmation\04_RAW\SOURCE\ACTIVE_CAUSAL\dfa8669af7e996f3b7aa736d.json,1827,1d7ac9141fa692800ed97497d9a4bbd73fb8a9b4420ce6368a3ede1b1794eb2d,C:\RSOS\RSOS_EXPERIMENTS_WF2_PROSPECTIVE_CROSS_SYSTEM_CONFIRMATION\04_RAW\ACTIVE_CAUSAL\dfa8669af7e996f3b7aa736d.json
C:\RSOS\RSOS_CANONICAL_EXPERIMENT_CHAIN\033_EXP-016__WF2_Prospective_Cross_System_Confirmation\04_RAW\SOURCE\ACTIVE_CAUSAL\dfcee4fe650bb1345965c14d.json,3375,c66d1441987bc56c8f424201b9fa7ff1fdbd76aac82ed8cd612a52c7f62b2301,C:\RSOS\RSOS_EXPERIMENTS_WF2_PROSPECTIVE_CROSS_SYSTEM_CONFIRMATION\04_RAW\ACTIVE_CAUSAL\dfcee4fe650bb1345965c14d.json
C:\RSOS\RSOS_CANONICAL_EXPERIMENT_CHAIN\033_EXP-016__WF2_Prospective_Cross_System_Confirmation\04_RAW\SOURCE\ACTIVE_CAUSAL\dfde4e25a9a2ea006a0f7455.json,1981,65e01ad545ba26114480f2c718193aa05506a77b3767c5ed294711e17d219c3a,C:\RSOS\RSOS_EXPERIMENTS_WF2_PROSPECTIVE_CROSS_SYSTEM_CONFIRMATION\04_RAW\ACTIVE_CAUSAL\dfde4e25a9a2ea006a0f7455.json
C:\RSOS\RSOS_CANONICAL_EXPERIMENT_CHAIN\033_EXP-016__WF2_Prospective_Cross_System_Confirmation\04_RAW\SOURCE\ACTIVE_CAUSAL\e0321a12987622020606dd23.json,1861,ea8d2eccab4e07a5f96c2f4f2dc2b4ed681b1bf54b28111349b11b0f135e7370,C:\RSOS\RSOS_EXPERIMENTS_WF2_PROSPECTIVE_CROSS_SYSTEM_CONFIRMATION\04_RAW\ACTIVE_CAUSAL\e0321a12987622020606dd23.json
C:\RSOS\RSOS_CANONICAL_EXPERIMENT_CHAIN\033_EXP-016__WF2_Prospective_Cross_System_Confirmation\04_RAW\SOURCE\ACTIVE_CAUSAL\e04e04a2fce2857fddbd2830.json,1981,5a46ae0a92d50de3406dbf380ec8aa0b5741571d34dc3a491d46f14b8db60c21,C:\RSOS\RSOS_EXPERIMENTS_WF2_PROSPECTIVE_CROSS_SYSTEM_CONFIRMATION\04_RAW\ACTIVE_CAUSAL\e04e04a2fce2857fddbd2830.json
C:\RSOS\RSOS_CANONICAL_EXPERIMENT_CHAIN\033_EXP-016__WF2_Prospective_Cross_System_Confirmation\04_RAW\SOURCE\ACTIVE_CAUSAL\e050c9ed43386fe3ae8b0841.json,1752,48df7b8f89fa299b961f0534c128d223a43ecaae365ae03c8b129e816679d668,C:\RSOS\RSOS_EXPERIMENTS_WF2_PROSPECTIVE_CROSS_SYSTEM_CONFIRMATION\04_RAW\ACTIVE_CAUSAL\e050c9ed43386fe3ae8b0841.json
C:\RSOS\RSOS_CANONICAL_EXPERIMENT_CHAIN\033_EXP-016__WF2_Prospective_Cross_System_Confirmation\04_RAW\SOURCE\ACTIVE_CAUSAL\e07bb19b634cc09e8be05548.json,1981,cad86805407e493a3e286575e3dc56353ffa4e90f79218abd914442cf1ebea0c,C:\RSOS\RSOS_EXPERIMENTS_WF2_PROSPECTIVE_CROSS_SYSTEM_CONFIRMATION\04_RAW\ACTIVE_CAUSAL\e07bb19b634cc09e8be05548.json
C:\RSOS\RSOS_CANONICAL_EXPERIMENT_CHAIN\033_EXP-016__WF2_Prospective_Cross_System_Confirmation\04_RAW\SOURCE\ACTIVE_CAUSAL\e0d1a6f946f8a35b44091567.json,1981,88b9b1feda46fb00b3f0d8c2d56dc8a7e8f842cf81dccc9cebee83e184493757,C:\RSOS\RSOS_EXPERIMENTS_WF2_PROSPECTIVE_CROSS_SYSTEM_CONFIRMATION\04_RAW\ACTIVE_CAUSAL\e0d1a6f946f8a35b44091567.json
C:\RSOS\RSOS_CANONICAL_EXPERIMENT_CHAIN\033_EXP-016__WF2_Prospective_Cross_System_Confirmation\04_RAW\SOURCE\ACTIVE_CAUSAL\e11a994f9efd7618c8fa1fd0.json,3388,bac677ee8601050d81cfef14236478324c912759f9ffbe74a6616d20d220bb3f,C:\RSOS\RSOS_EXPERIMENTS_WF2_PROSPECTIVE_CROSS_SYSTEM_CONFIRMATION\04_RAW\ACTIVE_CAUSAL\e11a994f9efd7618c8fa1fd0.json
C:\RSOS\RSOS_CANONICAL_EXPERIMENT_CHAIN\033_EXP-016__WF2_Prospective_Cross_System_Confirmation\04_RAW\SOURCE\ACTIVE_CAUSAL\e129b566f399285b66ad1e37.json,1835,25166402a5bee95da77fcc2c0e361323206058f2050de3e86958839a9a7a6854,C:\RSOS\RSOS_EXPERIMENTS_WF2_PROSPECTIVE_CROSS_SYSTEM_CONFIRMATION\04_RAW\ACTIVE_CAUSAL\e129b566f399285b66ad1e37.json
C:\RSOS\RSOS_CANONICAL_EXPERIMENT_CHAIN\033_EXP-016__WF2_Prospective_Cross_System_Confirmation\04_RAW\SOURCE\ACTIVE_CAUSAL\e146ffd0afdb01fb6d6d585d.json,1837,751ab7262d8f31bf36c607180dfc08996c16cbc0059965ec69c217d56f95a550,C:\RSOS\RSOS_EXPERIMENTS_WF2_PROSPECTIVE_CROSS_SYSTEM_CONFIRMATION\04_RAW\ACTIVE_CAUSAL\e146ffd0afdb01fb6d6d585d.json
C:\RSOS\RSOS_CANONICAL_EXPERIMENT_CHAIN\033_EXP-016__WF2_Prospective_Cross_System_Confirmation\04_RAW\SOURCE\ACTIVE_CAUSAL\e166a877a5812d7f18f4018d.json,3375,f17588cb6c46184ee91d9fd38258af042672335ed3e6beaab94d643d00168206,C:\RSOS\RSOS_EXPERIMENTS_WF2_PROSPECTIVE_CROSS_SYSTEM_CONFIRMATION\04_RAW\ACTIVE_CAUSAL\e166a877a5812d7f18f4018d.json
C:\RSOS\RSOS_CANONICAL_EXPERIMENT_CHAIN\033_EXP-016__WF2_Prospective_Cross_System_Confirmation\04_RAW\SOURCE\ACTIVE_CAUSAL\e1e3ddf7e27dd4fb82567afb.json,3374,2178638e36215a2abe8a4d86e7805f2c5eb9118a6c4b6e61089b4c82c8044411,C:\RSOS\RSOS_EXPERIMENTS_WF2_PROSPECTIVE_CROSS_SYSTEM_CONFIRMATION\04_RAW\ACTIVE_CAUSAL\e1e3ddf7e27dd4fb82567afb.json
C:\RSOS\RSOS_CANONICAL_EXPERIMENT_CHAIN\033_EXP-016__WF2_Prospective_Cross_System_Confirmation\04_RAW\SOURCE\ACTIVE_CAUSAL\e2023433f0452413aa45322d.json,1990,2f009dd800a1125b60816f1bfb762f9ccc2907e3f6aeaf5b3a75d80ad19db459,C:\RSOS\RSOS_EXPERIMENTS_WF2_PROSPECTIVE_CROSS_SYSTEM_CONFIRMATION\04_RAW\ACTIVE_CAUSAL\e2023433f0452413aa45322d.json
C:\RSOS\RSOS_CANONICAL_EXPERIMENT_CHAIN\033_EXP-016__WF2_Prospective_Cross_System_Confirmation\04_RAW\SOURCE\ACTIVE_CAUSAL\e21fc808d72ac5ca4d3efbe2.json,1753,7a7bf9431f171221b38b8cb7ddf947762ce4d69e123fccc235324c92360c1d91,C:\RSOS\RSOS_EXPERIMENTS_WF2_PROSPECTIVE_CROSS_SYSTEM_CONFIRMATION\04_RAW\ACTIVE_CAUSAL\e21fc808d72ac5ca4d3efbe2.json
C:\RSOS\RSOS_CANONICAL_EXPERIMENT_CHAIN\033_EXP-016__WF2_Prospective_Cross_System_Confirmation\04_RAW\SOURCE\ACTIVE_CAUSAL\e260ab54ee83f1a7bbd59191.json,1787,8285b9f6718b564859da88af7bac39f0d096d76bd2112a298dffe7fb0add29c0,C:\RSOS\RSOS_EXPERIMENTS_WF2_PROSPECTIVE_CROSS_SYSTEM_CONFIRMATION\04_RAW\ACTIVE_CAUSAL\e260ab54ee83f1a7bbd59191.json
C:\RSOS\RSOS_CANONICAL_EXPERIMENT_CHAIN\033_EXP-016__WF2_Prospective_Cross_System_Confirmation\04_RAW\SOURCE\ACTIVE_CAUSAL\e2738f7eb544e239438f2f55.json,1826,ba1aea7aca95980271cd3b39a4338193e4ead32250f1102ceabbae589747b9b2,C:\RSOS\RSOS_EXPERIMENTS_WF2_PROSPECTIVE_CROSS_SYSTEM_CONFIRMATION\04_RAW\ACTIVE_CAUSAL\e2738f7eb544e239438f2f55.json
C:\RSOS\RSOS_CANONICAL_EXPERIMENT_CHAIN\033_EXP-016__WF2_Prospective_Cross_System_Confirmation\04_RAW\SOURCE\ACTIVE_CAUSAL\e29453a3a63e787ac5980350.json,1826,f8b3b5df49df3d870da608501755fffbdc7ae7f2923eb496874f2b366adcd2b8,C:\RSOS\RSOS_EXPERIMENTS_WF2_PROSPECTIVE_CROSS_SYSTEM_CONFIRMATION\04_RAW\ACTIVE_CAUSAL\e29453a3a63e787ac5980350.json
C:\RSOS\RSOS_CANONICAL_EXPERIMENT_CHAIN\033_EXP-016__WF2_Prospective_Cross_System_Confirmation\04_RAW\SOURCE\ACTIVE_CAUSAL\e2b310aefeb5b38b5f05d87f.json,1990,f74930467e12041d583df4a3b4fc3c2b78396f2b5c23c109dafcca2145c6108d,C:\RSOS\RSOS_EXPERIMENTS_WF2_PROSPECTIVE_CROSS_SYSTEM_CONFIRMATION\04_RAW\ACTIVE_CAUSAL\e2b310aefeb5b38b5f05d87f.json
C:\RSOS\RSOS_CANONICAL_EXPERIMENT_CHAIN\033_EXP-016__WF2_Prospective_Cross_System_Confirmation\04_RAW\SOURCE\ACTIVE_CAUSAL\e2be44cd0a875cbc4d9bd046.json,3374,e29f296cf337973b075addf14fc4afb33b8b7f21c73df71eda3d818252f58546,C:\RSOS\RSOS_EXPERIMENTS_WF2_PROSPECTIVE_CROSS_SYSTEM_CONFIRMATION\04_RAW\ACTIVE_CAUSAL\e2be44cd0a875cbc4d9bd046.json
C:\RSOS\RSOS_CANONICAL_EXPERIMENT_CHAIN\033_EXP-016__WF2_Prospective_Cross_System_Confirmation\04_RAW\SOURCE\ACTIVE_CAUSAL\e2c6dc17bedef972b81a17aa.json,1861,b05017d06370521337f1be5eceffaeb981e8cf081dd51dc8bf44cb6c66962a84,C:\RSOS\RSOS_EXPERIMENTS_WF2_PROSPECTIVE_CROSS_SYSTEM_CONFIRMATION\04_RAW\ACTIVE_CAUSAL\e2c6dc17bedef972b81a17aa.json
C:\RSOS\RSOS_CANONICAL_EXPERIMENT_CHAIN\033_EXP-016__WF2_Prospective_Cross_System_Confirmation\04_RAW\SOURCE\ACTIVE_CAUSAL\e38106b743970aca6377e2ef.json,1992,9ec9e9e4d95251aa76f4bad4d5fa7cbcdf684c9a83dd5f028f1c823272b41598,C:\RSOS\RSOS_EXPERIMENTS_WF2_PROSPECTIVE_CROSS_SYSTEM_CONFIRMATION\04_RAW\ACTIVE_CAUSAL\e38106b743970aca6377e2ef.json
C:\RSOS\RSOS_CANONICAL_EXPERIMENT_CHAIN\033_EXP-016__WF2_Prospective_Cross_System_Confirmation\04_RAW\SOURCE\ACTIVE_CAUSAL\e3a0b3a23267c93836e1818c.json,1981,4f5a28bb7f7a33fc54ba229ec9e74eafdda778c979bba8b114cee1f904c1a2fd,C:\RSOS\RSOS_EXPERIMENTS_WF2_PROSPECTIVE_CROSS_SYSTEM_CONFIRMATION\04_RAW\ACTIVE_CAUSAL\e3a0b3a23267c93836e1818c.json
C:\RSOS\RSOS_CANONICAL_EXPERIMENT_CHAIN\033_EXP-016__WF2_Prospective_Cross_System_Confirmation\04_RAW\SOURCE\ACTIVE_CAUSAL\e3c3e3ee6c06dc0428bd04da.json,1827,ae2c386c4fe0fad8804ca7642e68683124c4e017dcdc2327520965e502d71772,C:\RSOS\RSOS_EXPERIMENTS_WF2_PROSPECTIVE_CROSS_SYSTEM_CONFIRMATION\04_RAW\ACTIVE_CAUSAL\e3c3e3ee6c06dc0428bd04da.json
C:\RSOS\RSOS_CANONICAL_EXPERIMENT_CHAIN\033_EXP-016__WF2_Prospective_Cross_System_Confirmation\04_RAW\SOURCE\ACTIVE_CAUSAL\e3f215f44c4b8a230de8c6ac.json,1990,912a506f8a03574b0e90757c074c076abd505841e41483363f9f7969e336d293,C:\RSOS\RSOS_EXPERIMENTS_WF2_PROSPECTIVE_CROSS_SYSTEM_CONFIRMATION\04_RAW\ACTIVE_CAUSAL\e3f215f44c4b8a230de8c6ac.json
C:\RSOS\RSOS_CANONICAL_EXPERIMENT_CHAIN\033_EXP-016__WF2_Prospective_Cross_System_Confirmation\04_RAW\SOURCE\ACTIVE_CAUSAL\e44df2417604ef29263741b1.json,1982,1ab1dcb43d3886d66a4a692b07e9aceee2862aeb701dc4e0c19c0332788e5058,C:\RSOS\RSOS_EXPERIMENTS_WF2_PROSPECTIVE_CROSS_SYSTEM_CONFIRMATION\04_RAW\ACTIVE_CAUSAL\e44df2417604ef29263741b1.json
C:\RSOS\RSOS_CANONICAL_EXPERIMENT_CHAIN\033_EXP-016__WF2_Prospective_Cross_System_Confirmation\04_RAW\SOURCE\ACTIVE_CAUSAL\e464aad30d71119581624d91.json,2440,a581ba9d249993aee1ba46d25921e82b1932ad707dce8f6cb51c95877e6ba366,C:\RSOS\RSOS_EXPERIMENTS_WF2_PROSPECTIVE_CROSS_SYSTEM_CONFIRMATION\04_RAW\ACTIVE_CAUSAL\e464aad30d71119581624d91.json
C:\RSOS\RSOS_CANONICAL_EXPERIMENT_CHAIN\033_EXP-016__WF2_Prospective_Cross_System_Confirmation\04_RAW\SOURCE\ACTIVE_CAUSAL\e47139f69b0fab68b80ce626.json,1842,f2b5291ac67d1d544409a120f3149b25f29387b3828782d290018270114de509,C:\RSOS\RSOS_EXPERIMENTS_WF2_PROSPECTIVE_CROSS_SYSTEM_CONFIRMATION\04_RAW\ACTIVE_CAUSAL\e47139f69b0fab68b80ce626.json
C:\RSOS\RSOS_CANONICAL_EXPERIMENT_CHAIN\033_EXP-016__WF2_Prospective_Cross_System_Confirmation\04_RAW\SOURCE\ACTIVE_CAUSAL\e499774b8e7a892b5ad394b0.json,1996,ed10fe70e785670da9eee39c25f5cd6f8e25e160277e2f62fc9530896e72f936,C:\RSOS\RSOS_EXPERIMENTS_WF2_PROSPECTIVE_CROSS_SYSTEM_CONFIRMATION\04_RAW\ACTIVE_CAUSAL\e499774b8e7a892b5ad394b0.json
C:\RSOS\RSOS_CANONICAL_EXPERIMENT_CHAIN\033_EXP-016__WF2_Prospective_Cross_System_Confirmation\04_RAW\SOURCE\ACTIVE_CAUSAL\e4b42a9fd46fae2f8c5ef627.json,1827,8c94432a71bdb6ad16e3273dc3032abe0eb194d87b91eb733a87ad3a3f4f2176,C:\RSOS\RSOS_EXPERIMENTS_WF2_PROSPECTIVE_CROSS_SYSTEM_CONFIRMATION\04_RAW\ACTIVE_CAUSAL\e4b42a9fd46fae2f8c5ef627.json
C:\RSOS\RSOS_CANONICAL_EXPERIMENT_CHAIN\033_EXP-016__WF2_Prospective_Cross_System_Confirmation\04_RAW\SOURCE\ACTIVE_CAUSAL\e4cdf7951db5f1d2536c8bea.json,3381,42a1ba9290012c90c27de25e5cbb353d6346cd616dd47482bc549502dfcbd318,C:\RSOS\RSOS_EXPERIMENTS_WF2_PROSPECTIVE_CROSS_SYSTEM_CONFIRMATION\04_RAW\ACTIVE_CAUSAL\e4cdf7951db5f1d2536c8bea.json
C:\RSOS\RSOS_CANONICAL_EXPERIMENT_CHAIN\033_EXP-016__WF2_Prospective_Cross_System_Confirmation\04_RAW\SOURCE\ACTIVE_CAUSAL\e4f8532b92d55495c94add8a.json,3384,d82ba199da27d9491f21b63eec983a5f4f3bd7510c1a4bdc41530d5d5b1546b3,C:\RSOS\RSOS_EXPERIMENTS_WF2_PROSPECTIVE_CROSS_SYSTEM_CONFIRMATION\04_RAW\ACTIVE_CAUSAL\e4f8532b92d55495c94add8a.json
C:\RSOS\RSOS_CANONICAL_EXPERIMENT_CHAIN\033_EXP-016__WF2_Prospective_Cross_System_Confirmation\04_RAW\SOURCE\ACTIVE_CAUSAL\e4fd786a45f261f944f901f7.json,1836,4926f9011f5a8b9a2166f93e7f5228bbb2f75d3414d0ea468d35cafadfdf2b41,C:\RSOS\RSOS_EXPERIMENTS_WF2_PROSPECTIVE_CROSS_SYSTEM_CONFIRMATION\04_RAW\ACTIVE_CAUSAL\e4fd786a45f261f944f901f7.json
C:\RSOS\RSOS_CANONICAL_EXPERIMENT_CHAIN\033_EXP-016__WF2_Prospective_Cross_System_Confirmation\04_RAW\SOURCE\ACTIVE_CAUSAL\e53a3339e9a70b94015987d7.json,1837,f1b58300c638042e3b6c9af3db07b8e0a9663832d9a9c65f9961f6b6806b8fdb,C:\RSOS\RSOS_EXPERIMENTS_WF2_PROSPECTIVE_CROSS_SYSTEM_CONFIRMATION\04_RAW\ACTIVE_CAUSAL\e53a3339e9a70b94015987d7.json
C:\RSOS\RSOS_CANONICAL_EXPERIMENT_CHAIN\033_EXP-016__WF2_Prospective_Cross_System_Confirmation\04_RAW\SOURCE\ACTIVE_CAUSAL\e553f8cf3e5b8f85c2770a3d.json,3374,c4016deeadb8b8da5a63d3bcf39a1a9e98215c68ad6d2d769255cfa1250d6036,C:\RSOS\RSOS_EXPERIMENTS_WF2_PROSPECTIVE_CROSS_SYSTEM_CONFIRMATION\04_RAW\ACTIVE_CAUSAL\e553f8cf3e5b8f85c2770a3d.json
C:\RSOS\RSOS_CANONICAL_EXPERIMENT_CHAIN\033_EXP-016__WF2_Prospective_Cross_System_Confirmation\04_RAW\SOURCE\ACTIVE_CAUSAL\e581578075aefb6f459283a9.json,1826,b4978971fe305d4226b8dea66f9b4f348eb3dc1ac78244ca7505a404a530ed24,C:\RSOS\RSOS_EXPERIMENTS_WF2_PROSPECTIVE_CROSS_SYSTEM_CONFIRMATION\04_RAW\ACTIVE_CAUSAL\e581578075aefb6f459283a9.json
C:\RSOS\RSOS_CANONICAL_EXPERIMENT_CHAIN\033_EXP-016__WF2_Prospective_Cross_System_Confirmation\04_RAW\SOURCE\ACTIVE_CAUSAL\e59efcf621197f94ef859ba5.json,3374,5812391fd2e2f6aaa08ff9001982a905c6f1d31cffb0c683bf63f186dadfdee4,C:\RSOS\RSOS_EXPERIMENTS_WF2_PROSPECTIVE_CROSS_SYSTEM_CONFIRMATION\04_RAW\ACTIVE_CAUSAL\e59efcf621197f94ef859ba5.json
C:\RSOS\RSOS_CANONICAL_EXPERIMENT_CHAIN\033_EXP-016__WF2_Prospective_Cross_System_Confirmation\04_RAW\SOURCE\ACTIVE_CAUSAL\e5ae147832b3c9972ae2cb93.json,1759,21be95161c7842ee5b1cc7482a64cb530b529204bba718c82fd77f5ebac28827,C:\RSOS\RSOS_EXPERIMENTS_WF2_PROSPECTIVE_CROSS_SYSTEM_CONFIRMATION\04_RAW\ACTIVE_CAUSAL\e5ae147832b3c9972ae2cb93.json
C:\RSOS\RSOS_CANONICAL_EXPERIMENT_CHAIN\033_EXP-016__WF2_Prospective_Cross_System_Confirmation\04_RAW\SOURCE\ACTIVE_CAUSAL\e5fda72b5f8489d75b2b04fb.json,1860,9b13e6df9543b8f379fb51d4b946b817751783ebe004f9cb4ad08e9e25e318b4,C:\RSOS\RSOS_EXPERIMENTS_WF2_PROSPECTIVE_CROSS_SYSTEM_CONFIRMATION\04_RAW\ACTIVE_CAUSAL\e5fda72b5f8489d75b2b04fb.json
C:\RSOS\RSOS_CANONICAL_EXPERIMENT_CHAIN\033_EXP-016__WF2_Prospective_Cross_System_Confirmation\04_RAW\SOURCE\ACTIVE_CAUSAL\e620df76210aaa317ea44188.json,1826,01711c1702455c3dbec2fe3a5e3af91339a9e3c5faba4e41b120e8c09e8cc0f4,C:\RSOS\RSOS_EXPERIMENTS_WF2_PROSPECTIVE_CROSS_SYSTEM_CONFIRMATION\04_RAW\ACTIVE_CAUSAL\e620df76210aaa317ea44188.json
C:\RSOS\RSOS_CANONICAL_EXPERIMENT_CHAIN\033_EXP-016__WF2_Prospective_Cross_System_Confirmation\04_RAW\SOURCE\ACTIVE_CAUSAL\e621eccb9b4a7742ac22bcf1.json,1983,700d67b74323afbe8e6e373769d60ba764d6f42d166754d4308034770adc4716,C:\RSOS\RSOS_EXPERIMENTS_WF2_PROSPECTIVE_CROSS_SYSTEM_CONFIRMATION\04_RAW\ACTIVE_CAUSAL\e621eccb9b4a7742ac22bcf1.json
C:\RSOS\RSOS_CANONICAL_EXPERIMENT_CHAIN\033_EXP-016__WF2_Prospective_Cross_System_Confirmation\04_RAW\SOURCE\ACTIVE_CAUSAL\e63477fb9c8f2c0247a723a5.json,1833,b028343193d77d82cbf407d6e9833e77d7583012421416f01c6fac0d390a628e,C:\RSOS\RSOS_EXPERIMENTS_WF2_PROSPECTIVE_CROSS_SYSTEM_CONFIRMATION\04_RAW\ACTIVE_CAUSAL\e63477fb9c8f2c0247a723a5.json
C:\RSOS\RSOS_CANONICAL_EXPERIMENT_CHAIN\033_EXP-016__WF2_Prospective_Cross_System_Confirmation\04_RAW\SOURCE\ACTIVE_CAUSAL\e63caac9a8b538b71d1608dc.json,1982,cc21ec3a9bc6abba8940c4ec15b89362bb3beeee00ec62585ebc1dc239b5cc04,C:\RSOS\RSOS_EXPERIMENTS_WF2_PROSPECTIVE_CROSS_SYSTEM_CONFIRMATION\04_RAW\ACTIVE_CAUSAL\e63caac9a8b538b71d1608dc.json
C:\RSOS\RSOS_CANONICAL_EXPERIMENT_CHAIN\033_EXP-016__WF2_Prospective_Cross_System_Confirmation\04_RAW\SOURCE\ACTIVE_CAUSAL\e6427e369ff6dbb2ded594dd.json,1982,ba819112c3cc9d041794206b73e0657104d4a08eac38556c3224967c9f32af54,C:\RSOS\RSOS_EXPERIMENTS_WF2_PROSPECTIVE_CROSS_SYSTEM_CONFIRMATION\04_RAW\ACTIVE_CAUSAL\e6427e369ff6dbb2ded594dd.json
C:\RSOS\RSOS_CANONICAL_EXPERIMENT_CHAIN\033_EXP-016__WF2_Prospective_Cross_System_Confirmation\04_RAW\SOURCE\ACTIVE_CAUSAL\e69b30ce19762592fe3fe413.json,1827,88ee20b3070b7c62f9f21a5dcc3116706c0ac287deb80d8f639360162ccb0fe3,C:\RSOS\RSOS_EXPERIMENTS_WF2_PROSPECTIVE_CROSS_SYSTEM_CONFIRMATION\04_RAW\ACTIVE_CAUSAL\e69b30ce19762592fe3fe413.json
C:\RSOS\RSOS_CANONICAL_EXPERIMENT_CHAIN\033_EXP-016__WF2_Prospective_Cross_System_Confirmation\04_RAW\SOURCE\ACTIVE_CAUSAL\e6aa9f0b45086840786874e4.json,3375,361447b5e8cfc5db3a97aa174bd222cdfe7e58304f8a2fba926ab8cc434cd79f,C:\RSOS\RSOS_EXPERIMENTS_WF2_PROSPECTIVE_CROSS_SYSTEM_CONFIRMATION\04_RAW\ACTIVE_CAUSAL\e6aa9f0b45086840786874e4.json
C:\RSOS\RSOS_CANONICAL_EXPERIMENT_CHAIN\033_EXP-016__WF2_Prospective_Cross_System_Confirmation\04_RAW\SOURCE\ACTIVE_CAUSAL\e6ecfcf43b67d8c0cec65eaa.json,1992,fa5990f54998afdbfb30305db55f573390de334726c3cd27a99c7a13fedd7698,C:\RSOS\RSOS_EXPERIMENTS_WF2_PROSPECTIVE_CROSS_SYSTEM_CONFIRMATION\04_RAW\ACTIVE_CAUSAL\e6ecfcf43b67d8c0cec65eaa.json
C:\RSOS\RSOS_CANONICAL_EXPERIMENT_CHAIN\033_EXP-016__WF2_Prospective_Cross_System_Confirmation\04_RAW\SOURCE\ACTIVE_CAUSAL\e70d11ed618e34769478a470.json,3375,c2b57c73f6f7e3ad51e72492ba253a05faa646aa4e8e77088cb5814915ce8723,C:\RSOS\RSOS_EXPERIMENTS_WF2_PROSPECTIVE_CROSS_SYSTEM_CONFIRMATION\04_RAW\ACTIVE_CAUSAL\e70d11ed618e34769478a470.json
C:\RSOS\RSOS_CANONICAL_EXPERIMENT_CHAIN\033_EXP-016__WF2_Prospective_Cross_System_Confirmation\04_RAW\SOURCE\ACTIVE_CAUSAL\e72972a09d15a13a1067248f.json,1981,2577dd63fa46ecf3f1fa684d045b0a0966658b77c00564a8f4e09c1640461c5d,C:\RSOS\RSOS_EXPERIMENTS_WF2_PROSPECTIVE_CROSS_SYSTEM_CONFIRMATION\04_RAW\ACTIVE_CAUSAL\e72972a09d15a13a1067248f.json
C:\RSOS\RSOS_CANONICAL_EXPERIMENT_CHAIN\033_EXP-016__WF2_Prospective_Cross_System_Confirmation\04_RAW\SOURCE\ACTIVE_CAUSAL\e7336df670428e9af1352226.json,1992,67c996bf7e142310dfbd690142bd31a733ebb39ec563f0a8319ddc96dbaba833,C:\RSOS\RSOS_EXPERIMENTS_WF2_PROSPECTIVE_CROSS_SYSTEM_CONFIRMATION\04_RAW\ACTIVE_CAUSAL\e7336df670428e9af1352226.json
C:\RSOS\RSOS_CANONICAL_EXPERIMENT_CHAIN\033_EXP-016__WF2_Prospective_Cross_System_Confirmation\04_RAW\SOURCE\ACTIVE_CAUSAL\e7478ba6cb2487dd3d8f2744.json,1826,9b4b3ecb58d460e1414cd3a3a4a96d217e895aff6e33ab21cdc5fda1c842fd69,C:\RSOS\RSOS_EXPERIMENTS_WF2_PROSPECTIVE_CROSS_SYSTEM_CONFIRMATION\04_RAW\ACTIVE_CAUSAL\e7478ba6cb2487dd3d8f2744.json
C:\RSOS\RSOS_CANONICAL_EXPERIMENT_CHAIN\033_EXP-016__WF2_Prospective_Cross_System_Confirmation\04_RAW\SOURCE\ACTIVE_CAUSAL\e74a2d1e9ab5e8107be8bd5c.json,1842,695e951f1a5c4e4ae873c8a63c2cd88b89d2ac41928399c22e71c41e9f7bac74,C:\RSOS\RSOS_EXPERIMENTS_WF2_PROSPECTIVE_CROSS_SYSTEM_CONFIRMATION\04_RAW\ACTIVE_CAUSAL\e74a2d1e9ab5e8107be8bd5c.json
C:\RSOS\RSOS_CANONICAL_EXPERIMENT_CHAIN\033_EXP-016__WF2_Prospective_Cross_System_Confirmation\04_RAW\SOURCE\ACTIVE_CAUSAL\e76e67c0140feb4fd168ac98.json,3385,b44dad12cc43b223da83ad7331ef8358d8093f5fbdf87d4514df02cf9fe4e710,C:\RSOS\RSOS_EXPERIMENTS_WF2_PROSPECTIVE_CROSS_SYSTEM_CONFIRMATION\04_RAW\ACTIVE_CAUSAL\e76e67c0140feb4fd168ac98.json
C:\RSOS\RSOS_CANONICAL_EXPERIMENT_CHAIN\033_EXP-016__WF2_Prospective_Cross_System_Confirmation\04_RAW\SOURCE\ACTIVE_CAUSAL\e770e529ee6a4c982db2e7bf.json,1992,3806c589453f75dd5b9204ffe29bf008d60e3620f872c50232642a3565a14e23,C:\RSOS\RSOS_EXPERIMENTS_WF2_PROSPECTIVE_CROSS_SYSTEM_CONFIRMATION\04_RAW\ACTIVE_CAUSAL\e770e529ee6a4c982db2e7bf.json
C:\RSOS\RSOS_CANONICAL_EXPERIMENT_CHAIN\033_EXP-016__WF2_Prospective_Cross_System_Confirmation\04_RAW\SOURCE\ACTIVE_CAUSAL\e777ef9f051e829a4ccdf770.json,3374,2c2bc4e0d38e77d894cc3ac43043b9f9deb10713d2607f32e99107e887c77915,C:\RSOS\RSOS_EXPERIMENTS_WF2_PROSPECTIVE_CROSS_SYSTEM_CONFIRMATION\04_RAW\ACTIVE_CAUSAL\e777ef9f051e829a4ccdf770.json
C:\RSOS\RSOS_CANONICAL_EXPERIMENT_CHAIN\033_EXP-016__WF2_Prospective_Cross_System_Confirmation\04_RAW\SOURCE\ACTIVE_CAUSAL\e7b47925f3e29c44386adfa4.json,1826,1ba030eb0b378c19c00d58f2150ee35f81f36c3223dcaa4d8775d8b27e0c5006,C:\RSOS\RSOS_EXPERIMENTS_WF2_PROSPECTIVE_CROSS_SYSTEM_CONFIRMATION\04_RAW\ACTIVE_CAUSAL\e7b47925f3e29c44386adfa4.json
C:\RSOS\RSOS_CANONICAL_EXPERIMENT_CHAIN\033_EXP-016__WF2_Prospective_Cross_System_Confirmation\04_RAW\SOURCE\ACTIVE_CAUSAL\e7b6cb1be41ff10248b93742.json,1837,39e4996cb8191e7aaf22cfeda8aeeeb18d4d5f1385fb7a080344f6c2bc0c153e,C:\RSOS\RSOS_EXPERIMENTS_WF2_PROSPECTIVE_CROSS_SYSTEM_CONFIRMATION\04_RAW\ACTIVE_CAUSAL\e7b6cb1be41ff10248b93742.json
C:\RSOS\RSOS_CANONICAL_EXPERIMENT_CHAIN\033_EXP-016__WF2_Prospective_Cross_System_Confirmation\04_RAW\SOURCE\ACTIVE_CAUSAL\e7b905bd0b7bc64415258200.json,1991,16d56f18a9f2942d742c66079fa68e454d38fe4823bcebef6e1ed1f95a832516,C:\RSOS\RSOS_EXPERIMENTS_WF2_PROSPECTIVE_CROSS_SYSTEM_CONFIRMATION\04_RAW\ACTIVE_CAUSAL\e7b905bd0b7bc64415258200.json
C:\RSOS\RSOS_CANONICAL_EXPERIMENT_CHAIN\033_EXP-016__WF2_Prospective_Cross_System_Confirmation\04_RAW\SOURCE\ACTIVE_CAUSAL\e7c1a0ef491678d33a244d40.json,1996,432b0936867665bf3d13088d656c275434a2be44f7b98c4b97d55530f11fcc20,C:\RSOS\RSOS_EXPERIMENTS_WF2_PROSPECTIVE_CROSS_SYSTEM_CONFIRMATION\04_RAW\ACTIVE_CAUSAL\e7c1a0ef491678d33a244d40.json
C:\RSOS\RSOS_CANONICAL_EXPERIMENT_CHAIN\033_EXP-016__WF2_Prospective_Cross_System_Confirmation\04_RAW\SOURCE\ACTIVE_CAUSAL\e808a0d2bd83fee998209dd1.json,1981,2857d95c55b4f52f4e7bc576e87f1cb541f18f3aa37788b2b416b6b8b3628b9f,C:\RSOS\RSOS_EXPERIMENTS_WF2_PROSPECTIVE_CROSS_SYSTEM_CONFIRMATION\04_RAW\ACTIVE_CAUSAL\e808a0d2bd83fee998209dd1.json
C:\RSOS\RSOS_CANONICAL_EXPERIMENT_CHAIN\033_EXP-016__WF2_Prospective_Cross_System_Confirmation\04_RAW\SOURCE\ACTIVE_CAUSAL\e813503c5b7804678640e1c0.json,1982,42c53914e8817828ae192f0c398c51abb7c5d8f3c8531c7124aae01adfc73bc7,C:\RSOS\RSOS_EXPERIMENTS_WF2_PROSPECTIVE_CROSS_SYSTEM_CONFIRMATION\04_RAW\ACTIVE_CAUSAL\e813503c5b7804678640e1c0.json
C:\RSOS\RSOS_CANONICAL_EXPERIMENT_CHAIN\033_EXP-016__WF2_Prospective_Cross_System_Confirmation\04_RAW\SOURCE\ACTIVE_CAUSAL\e819727e4da0f6617b6705f5.json,3383,d706b3309a70d31ae30c3ee6d543e4b63b2d6380ed8d3a0651ec6dd33fc87479,C:\RSOS\RSOS_EXPERIMENTS_WF2_PROSPECTIVE_CROSS_SYSTEM_CONFIRMATION\04_RAW\ACTIVE_CAUSAL\e819727e4da0f6617b6705f5.json
C:\RSOS\RSOS_CANONICAL_EXPERIMENT_CHAIN\033_EXP-016__WF2_Prospective_Cross_System_Confirmation\04_RAW\SOURCE\ACTIVE_CAUSAL\e827d2337cba918bfbcb3b91.json,1990,9baa139fe85edb2fb6fec9b4b2ac630fc463117c801be74ba758c6614f2e4c59,C:\RSOS\RSOS_EXPERIMENTS_WF2_PROSPECTIVE_CROSS_SYSTEM_CONFIRMATION\04_RAW\ACTIVE_CAUSAL\e827d2337cba918bfbcb3b91.json
C:\RSOS\RSOS_CANONICAL_EXPERIMENT_CHAIN\033_EXP-016__WF2_Prospective_Cross_System_Confirmation\04_RAW\SOURCE\ACTIVE_CAUSAL\e82f3a74b179817552bb37b3.json,1827,91c3a9ee245b7f56ee9a2710bc6c46adfc918b766de955d31e17a8e788f7887e,C:\RSOS\RSOS_EXPERIMENTS_WF2_PROSPECTIVE_CROSS_SYSTEM_CONFIRMATION\04_RAW\ACTIVE_CAUSAL\e82f3a74b179817552bb37b3.json
C:\RSOS\RSOS_CANONICAL_EXPERIMENT_CHAIN\033_EXP-016__WF2_Prospective_Cross_System_Confirmation\04_RAW\SOURCE\ACTIVE_CAUSAL\e836478c2aca9b1c683bf572.json,1991,f88920fe73a380882c3b7446767b3ce5be8197382b3fd7ceb15701e20e6092d6,C:\RSOS\RSOS_EXPERIMENTS_WF2_PROSPECTIVE_CROSS_SYSTEM_CONFIRMATION\04_RAW\ACTIVE_CAUSAL\e836478c2aca9b1c683bf572.json
C:\RSOS\RSOS_CANONICAL_EXPERIMENT_CHAIN\033_EXP-016__WF2_Prospective_Cross_System_Confirmation\04_RAW\SOURCE\ACTIVE_CAUSAL\e8420bd0e4b35db83ac3c94b.json,1840,0633ac36ee71141c811978c478bb896c1aee38f136cd87dbcc02081ff70e72f4,C:\RSOS\RSOS_EXPERIMENTS_WF2_PROSPECTIVE_CROSS_SYSTEM_CONFIRMATION\04_RAW\ACTIVE_CAUSAL\e8420bd0e4b35db83ac3c94b.json
C:\RSOS\RSOS_CANONICAL_EXPERIMENT_CHAIN\033_EXP-016__WF2_Prospective_Cross_System_Confirmation\04_RAW\SOURCE\ACTIVE_CAUSAL\e85e5d85c9c777ea421a6d9e.json,1861,7e0fd6b80b1f134189822e515c894e662b5940699508eca49fe55120e487cb55,C:\RSOS\RSOS_EXPERIMENTS_WF2_PROSPECTIVE_CROSS_SYSTEM_CONFIRMATION\04_RAW\ACTIVE_CAUSAL\e85e5d85c9c777ea421a6d9e.json
C:\RSOS\RSOS_CANONICAL_EXPERIMENT_CHAIN\033_EXP-016__WF2_Prospective_Cross_System_Confirmation\04_RAW\SOURCE\ACTIVE_CAUSAL\e88df1e159b1838c40a6eb3c.json,1840,571d056e50ce2268906f4709b306e0eaf990c709b0a0ee011961deec1c44b9fd,C:\RSOS\RSOS_EXPERIMENTS_WF2_PROSPECTIVE_CROSS_SYSTEM_CONFIRMATION\04_RAW\ACTIVE_CAUSAL\e88df1e159b1838c40a6eb3c.json
C:\RSOS\RSOS_CANONICAL_EXPERIMENT_CHAIN\033_EXP-016__WF2_Prospective_Cross_System_Confirmation\04_RAW\SOURCE\ACTIVE_CAUSAL\e8b635ba608525f530fd6096.json,1982,eda5eb6f726e739ec2b15f52e6b08967556a2098b5494715e02d841eaa71f344,C:\RSOS\RSOS_EXPERIMENTS_WF2_PROSPECTIVE_CROSS_SYSTEM_CONFIRMATION\04_RAW\ACTIVE_CAUSAL\e8b635ba608525f530fd6096.json
C:\RSOS\RSOS_CANONICAL_EXPERIMENT_CHAIN\033_EXP-016__WF2_Prospective_Cross_System_Confirmation\04_RAW\SOURCE\ACTIVE_CAUSAL\e8f6eea685269bef93f843ea.json,1981,ce38663355c039b4ac5891cdd3a2ec216cc62d8eb981fda936aee254180b0b22,C:\RSOS\RSOS_EXPERIMENTS_WF2_PROSPECTIVE_CROSS_SYSTEM_CONFIRMATION\04_RAW\ACTIVE_CAUSAL\e8f6eea685269bef93f843ea.json
C:\RSOS\RSOS_CANONICAL_EXPERIMENT_CHAIN\033_EXP-016__WF2_Prospective_Cross_System_Confirmation\04_RAW\SOURCE\ACTIVE_CAUSAL\e90c3b01b13b6840f350f0e1.json,1759,64c2d315b764ca51a2c8c18a45553483ca076d5cd824db93780fbd69d2e55c55,C:\RSOS\RSOS_EXPERIMENTS_WF2_PROSPECTIVE_CROSS_SYSTEM_CONFIRMATION\04_RAW\ACTIVE_CAUSAL\e90c3b01b13b6840f350f0e1.json
C:\RSOS\RSOS_CANONICAL_EXPERIMENT_CHAIN\033_EXP-016__WF2_Prospective_Cross_System_Confirmation\04_RAW\SOURCE\ACTIVE_CAUSAL\e92e5c7afb4fb336d49102aa.json,1981,c18bfb9d90659e9f2cacf9cc66bd245dcd4e4b448a626f32a476d295a4f8250c,C:\RSOS\RSOS_EXPERIMENTS_WF2_PROSPECTIVE_CROSS_SYSTEM_CONFIRMATION\04_RAW\ACTIVE_CAUSAL\e92e5c7afb4fb336d49102aa.json
C:\RSOS\RSOS_CANONICAL_EXPERIMENT_CHAIN\033_EXP-016__WF2_Prospective_Cross_System_Confirmation\04_RAW\SOURCE\ACTIVE_CAUSAL\e9375a9abb4536f041739268.json,1860,c7cc2a17ccc0256fc3bdc9e79d25561784ce927eb57425abcb50d7f5d33630c4,C:\RSOS\RSOS_EXPERIMENTS_WF2_PROSPECTIVE_CROSS_SYSTEM_CONFIRMATION\04_RAW\ACTIVE_CAUSAL\e9375a9abb4536f041739268.json
C:\RSOS\RSOS_CANONICAL_EXPERIMENT_CHAIN\033_EXP-016__WF2_Prospective_Cross_System_Confirmation\04_RAW\SOURCE\ACTIVE_CAUSAL\e950f56c82965693883c2ef3.json,1981,9d0bffe97a154f147f26c0295ea1b4a8da99f82d21bb95ea2f42368ff0c6d0ba,C:\RSOS\RSOS_EXPERIMENTS_WF2_PROSPECTIVE_CROSS_SYSTEM_CONFIRMATION\04_RAW\ACTIVE_CAUSAL\e950f56c82965693883c2ef3.json
C:\RSOS\RSOS_CANONICAL_EXPERIMENT_CHAIN\033_EXP-016__WF2_Prospective_Cross_System_Confirmation\04_RAW\SOURCE\ACTIVE_CAUSAL\e962a1607b7fd9fc71e56963.json,1836,eec33ddf77053b9d3721d82b903836d2dcdaf8a2c67d3cab5c419851ff8159a9,C:\RSOS\RSOS_EXPERIMENTS_WF2_PROSPECTIVE_CROSS_SYSTEM_CONFIRMATION\04_RAW\ACTIVE_CAUSAL\e962a1607b7fd9fc71e56963.json
C:\RSOS\RSOS_CANONICAL_EXPERIMENT_CHAIN\033_EXP-016__WF2_Prospective_Cross_System_Confirmation\04_RAW\SOURCE\ACTIVE_CAUSAL\e98a325bbd77a602a4c49bc8.json,3374,5d64e3ac526cbe730b4a020ebda80ebbc069ed413d2b982fa319646243854a72,C:\RSOS\RSOS_EXPERIMENTS_WF2_PROSPECTIVE_CROSS_SYSTEM_CONFIRMATION\04_RAW\ACTIVE_CAUSAL\e98a325bbd77a602a4c49bc8.json
C:\RSOS\RSOS_CANONICAL_EXPERIMENT_CHAIN\033_EXP-016__WF2_Prospective_Cross_System_Confirmation\04_RAW\SOURCE\ACTIVE_CAUSAL\e98c96352adfe6db1ae4a370.json,1982,acb3974228c94d7f5ee70409e9452078c35f0285a41bf781ed8999d128fea407,C:\RSOS\RSOS_EXPERIMENTS_WF2_PROSPECTIVE_CROSS_SYSTEM_CONFIRMATION\04_RAW\ACTIVE_CAUSAL\e98c96352adfe6db1ae4a370.json
C:\RSOS\RSOS_CANONICAL_EXPERIMENT_CHAIN\033_EXP-016__WF2_Prospective_Cross_System_Confirmation\04_RAW\SOURCE\ACTIVE_CAUSAL\e9cb260726b59c95a1b04517.json,1874,5291af450715f8e1a22b594bfe89baf12a878bdc06877c5d5253511248db2a24,C:\RSOS\RSOS_EXPERIMENTS_WF2_PROSPECTIVE_CROSS_SYSTEM_CONFIRMATION\04_RAW\ACTIVE_CAUSAL\e9cb260726b59c95a1b04517.json
C:\RSOS\RSOS_CANONICAL_EXPERIMENT_CHAIN\033_EXP-016__WF2_Prospective_Cross_System_Confirmation\04_RAW\SOURCE\ACTIVE_CAUSAL\e9d45df095278eacf378c8b0.json,1981,3ba4c0b13e4577a576a8eb0bde8a462ad47755811e6c679c0524b904061981b7,C:\RSOS\RSOS_EXPERIMENTS_WF2_PROSPECTIVE_CROSS_SYSTEM_CONFIRMATION\04_RAW\ACTIVE_CAUSAL\e9d45df095278eacf378c8b0.json
C:\RSOS\RSOS_CANONICAL_EXPERIMENT_CHAIN\033_EXP-016__WF2_Prospective_Cross_System_Confirmation\04_RAW\SOURCE\ACTIVE_CAUSAL\ea5c4a43ce5bfd00a711d346.json,3374,90a8af43093256a42227f6fd2c4aa23adf3a0d4edfe47398dfd445958e8cc055,C:\RSOS\RSOS_EXPERIMENTS_WF2_PROSPECTIVE_CROSS_SYSTEM_CONFIRMATION\04_RAW\ACTIVE_CAUSAL\ea5c4a43ce5bfd00a711d346.json
C:\RSOS\RSOS_CANONICAL_EXPERIMENT_CHAIN\033_EXP-016__WF2_Prospective_Cross_System_Confirmation\04_RAW\SOURCE\ACTIVE_CAUSAL\ea6bd9ca306feb631ef1a89f.json,1827,cc23739063fb594ee5076079992dd02b2606146db275941be68a6fbeabe52103,C:\RSOS\RSOS_EXPERIMENTS_WF2_PROSPECTIVE_CROSS_SYSTEM_CONFIRMATION\04_RAW\ACTIVE_CAUSAL\ea6bd9ca306feb631ef1a89f.json
C:\RSOS\RSOS_CANONICAL_EXPERIMENT_CHAIN\033_EXP-016__WF2_Prospective_Cross_System_Confirmation\04_RAW\SOURCE\ACTIVE_CAUSAL\ea82d653495456a40f01d811.json,1827,48dbd317517a84bf01ebe927ce6d9b3e595cf88532e597edcc43f0b178024e01,C:\RSOS\RSOS_EXPERIMENTS_WF2_PROSPECTIVE_CROSS_SYSTEM_CONFIRMATION\04_RAW\ACTIVE_CAUSAL\ea82d653495456a40f01d811.json
C:\RSOS\RSOS_CANONICAL_EXPERIMENT_CHAIN\033_EXP-016__WF2_Prospective_Cross_System_Confirmation\04_RAW\SOURCE\ACTIVE_CAUSAL\eaa28ef8c98e1f7c32cbf573.json,1991,8e56dedac534e8033eb447be48c7b8dd12cfe0432148f179a9cfad95ab0eb688,C:\RSOS\RSOS_EXPERIMENTS_WF2_PROSPECTIVE_CROSS_SYSTEM_CONFIRMATION\04_RAW\ACTIVE_CAUSAL\eaa28ef8c98e1f7c32cbf573.json
C:\RSOS\RSOS_CANONICAL_EXPERIMENT_CHAIN\033_EXP-016__WF2_Prospective_Cross_System_Confirmation\04_RAW\SOURCE\ACTIVE_CAUSAL\eaf9f8ecd154f854fcac1b21.json,1981,fd351cb70e749b11615a543a07c7151190ff8291bfb6d46eb5be7b732e791bba,C:\RSOS\RSOS_EXPERIMENTS_WF2_PROSPECTIVE_CROSS_SYSTEM_CONFIRMATION\04_RAW\ACTIVE_CAUSAL\eaf9f8ecd154f854fcac1b21.json
C:\RSOS\RSOS_CANONICAL_EXPERIMENT_CHAIN\033_EXP-016__WF2_Prospective_Cross_System_Confirmation\04_RAW\SOURCE\ACTIVE_CAUSAL\eb1f6e3cc69fbc9cfd2bf828.json,1840,033a34b631e60222a312a3af1c7bb7161be159e218c96b16225f3bf6de1073c9,C:\RSOS\RSOS_EXPERIMENTS_WF2_PROSPECTIVE_CROSS_SYSTEM_CONFIRMATION\04_RAW\ACTIVE_CAUSAL\eb1f6e3cc69fbc9cfd2bf828.json
C:\RSOS\RSOS_CANONICAL_EXPERIMENT_CHAIN\033_EXP-016__WF2_Prospective_Cross_System_Confirmation\04_RAW\SOURCE\ACTIVE_CAUSAL\eb4468a77e649b1afac551be.json,3374,5f138edc57fd3ed4fc2baf6f9fadbb0c6358f706c4a50a34a12016859d40bca1,C:\RSOS\RSOS_EXPERIMENTS_WF2_PROSPECTIVE_CROSS_SYSTEM_CONFIRMATION\04_RAW\ACTIVE_CAUSAL\eb4468a77e649b1afac551be.json
C:\RSOS\RSOS_CANONICAL_EXPERIMENT_CHAIN\033_EXP-016__WF2_Prospective_Cross_System_Confirmation\04_RAW\SOURCE\ACTIVE_CAUSAL\eb4e3be02a7bcf93d3323070.json,3381,b1dff9d8764e2c2f001f7c8bbd7b6630744182dba80ce836873bc05faee67791,C:\RSOS\RSOS_EXPERIMENTS_WF2_PROSPECTIVE_CROSS_SYSTEM_CONFIRMATION\04_RAW\ACTIVE_CAUSAL\eb4e3be02a7bcf93d3323070.json
C:\RSOS\RSOS_CANONICAL_EXPERIMENT_CHAIN\033_EXP-016__WF2_Prospective_Cross_System_Confirmation\04_RAW\SOURCE\ACTIVE_CAUSAL\eb61342425203f14b52084c5.json,3384,931c8284e454c588f3f5eb1855086d9048fce6ae37206b230ca8ce11bcb46e37,C:\RSOS\RSOS_EXPERIMENTS_WF2_PROSPECTIVE_CROSS_SYSTEM_CONFIRMATION\04_RAW\ACTIVE_CAUSAL\eb61342425203f14b52084c5.json
C:\RSOS\RSOS_CANONICAL_EXPERIMENT_CHAIN\033_EXP-016__WF2_Prospective_Cross_System_Confirmation\04_RAW\SOURCE\ACTIVE_CAUSAL\eb67e21d3d8913cdc88cd4a7.json,3374,aea43a0ffa0f63d71121e40291d8988c71e885db8515b903b3640f0bfd9d8618,C:\RSOS\RSOS_EXPERIMENTS_WF2_PROSPECTIVE_CROSS_SYSTEM_CONFIRMATION\04_RAW\ACTIVE_CAUSAL\eb67e21d3d8913cdc88cd4a7.json
C:\RSOS\RSOS_CANONICAL_EXPERIMENT_CHAIN\033_EXP-016__WF2_Prospective_Cross_System_Confirmation\04_RAW\SOURCE\ACTIVE_CAUSAL\eb805c0c4002f08837a6fa0a.json,1982,3f1465ee294cbe3da74fbeefc4bc02664a52f2c7eccf5e1aefbfdd5249c8b2f3,C:\RSOS\RSOS_EXPERIMENTS_WF2_PROSPECTIVE_CROSS_SYSTEM_CONFIRMATION\04_RAW\ACTIVE_CAUSAL\eb805c0c4002f08837a6fa0a.json
C:\RSOS\RSOS_CANONICAL_EXPERIMENT_CHAIN\033_EXP-016__WF2_Prospective_Cross_System_Confirmation\04_RAW\SOURCE\ACTIVE_CAUSAL\eb94d00355b4be9894bae501.json,1981,0d040a905f744b360e6a2b6952b1492935e7c3ed03f125a0846b497589c8c79f,C:\RSOS\RSOS_EXPERIMENTS_WF2_PROSPECTIVE_CROSS_SYSTEM_CONFIRMATION\04_RAW\ACTIVE_CAUSAL\eb94d00355b4be9894bae501.json
C:\RSOS\RSOS_CANONICAL_EXPERIMENT_CHAIN\033_EXP-016__WF2_Prospective_Cross_System_Confirmation\04_RAW\SOURCE\ACTIVE_CAUSAL\eba638a5847e8a141e141a7c.json,1835,feab3956ccae9bdf185c970ee2e850c9dcde11146fb65f43142fd542d7ce8a29,C:\RSOS\RSOS_EXPERIMENTS_WF2_PROSPECTIVE_CROSS_SYSTEM_CONFIRMATION\04_RAW\ACTIVE_CAUSAL\eba638a5847e8a141e141a7c.json
C:\RSOS\RSOS_CANONICAL_EXPERIMENT_CHAIN\033_EXP-016__WF2_Prospective_Cross_System_Confirmation\04_RAW\SOURCE\ACTIVE_CAUSAL\ebf761b1dc181eef34a3bd10.json,3383,20db7030d20c17a9a4ed3b8c8a5b991effdd2da175c91818591536a272b2b534,C:\RSOS\RSOS_EXPERIMENTS_WF2_PROSPECTIVE_CROSS_SYSTEM_CONFIRMATION\04_RAW\ACTIVE_CAUSAL\ebf761b1dc181eef34a3bd10.json
C:\RSOS\RSOS_CANONICAL_EXPERIMENT_CHAIN\033_EXP-016__WF2_Prospective_Cross_System_Confirmation\04_RAW\SOURCE\ACTIVE_CAUSAL\ebf9ab116c15faf1d333904a.json,1826,a83a4272ca9d175692e2c55cab9dec11677df9a7e8f9a513eb7f7cceab508761,C:\RSOS\RSOS_EXPERIMENTS_WF2_PROSPECTIVE_CROSS_SYSTEM_CONFIRMATION\04_RAW\ACTIVE_CAUSAL\ebf9ab116c15faf1d333904a.json
C:\RSOS\RSOS_CANONICAL_EXPERIMENT_CHAIN\033_EXP-016__WF2_Prospective_Cross_System_Confirmation\04_RAW\SOURCE\ACTIVE_CAUSAL\ec07909e6acc74de9a82c771.json,3374,84673fdfc87167b52c2045aa25d1de99dcb534db5b0c8ed084d8efd3f1f77326,C:\RSOS\RSOS_EXPERIMENTS_WF2_PROSPECTIVE_CROSS_SYSTEM_CONFIRMATION\04_RAW\ACTIVE_CAUSAL\ec07909e6acc74de9a82c771.json
C:\RSOS\RSOS_CANONICAL_EXPERIMENT_CHAIN\033_EXP-016__WF2_Prospective_Cross_System_Confirmation\04_RAW\SOURCE\ACTIVE_CAUSAL\ec1f6dfd25e6070625a2e86c.json,1761,acd1e5cad18c96b05446deff04c286d95551727abcb5da21073ce37791de937e,C:\RSOS\RSOS_EXPERIMENTS_WF2_PROSPECTIVE_CROSS_SYSTEM_CONFIRMATION\04_RAW\ACTIVE_CAUSAL\ec1f6dfd25e6070625a2e86c.json
C:\RSOS\RSOS_CANONICAL_EXPERIMENT_CHAIN\033_EXP-016__WF2_Prospective_Cross_System_Confirmation\04_RAW\SOURCE\ACTIVE_CAUSAL\ecb3367a65373d544f585de6.json,1835,d9f97f9ad453aef2585d238b9d7c4a9b10628839953074e7e7f03442a19f4f34,C:\RSOS\RSOS_EXPERIMENTS_WF2_PROSPECTIVE_CROSS_SYSTEM_CONFIRMATION\04_RAW\ACTIVE_CAUSAL\ecb3367a65373d544f585de6.json
C:\RSOS\RSOS_CANONICAL_EXPERIMENT_CHAIN\033_EXP-016__WF2_Prospective_Cross_System_Confirmation\04_RAW\SOURCE\ACTIVE_CAUSAL\ece9c8782bab09a38278a888.json,3375,0d442731ba5c6063ac35e8e1075b87da6ba5bc2c73eb9f109928a9c8bfc28592,C:\RSOS\RSOS_EXPERIMENTS_WF2_PROSPECTIVE_CROSS_SYSTEM_CONFIRMATION\04_RAW\ACTIVE_CAUSAL\ece9c8782bab09a38278a888.json
C:\RSOS\RSOS_CANONICAL_EXPERIMENT_CHAIN\033_EXP-016__WF2_Prospective_Cross_System_Confirmation\04_RAW\SOURCE\ACTIVE_CAUSAL\ededcdb44662f4ff5863c5e2.json,3384,d9df18421766f788a6f18b5c3e5533feaaa86b17deeb4fe2a0296e239bbc36a9,C:\RSOS\RSOS_EXPERIMENTS_WF2_PROSPECTIVE_CROSS_SYSTEM_CONFIRMATION\04_RAW\ACTIVE_CAUSAL\ededcdb44662f4ff5863c5e2.json
C:\RSOS\RSOS_CANONICAL_EXPERIMENT_CHAIN\033_EXP-016__WF2_Prospective_Cross_System_Confirmation\04_RAW\SOURCE\ACTIVE_CAUSAL\ee185f0d66e00d654b765fba.json,3375,bf86183f1554841dc9005517b261320c95b8887fa29ec58b7d3e0255f59ff628,C:\RSOS\RSOS_EXPERIMENTS_WF2_PROSPECTIVE_CROSS_SYSTEM_CONFIRMATION\04_RAW\ACTIVE_CAUSAL\ee185f0d66e00d654b765fba.json
C:\RSOS\RSOS_CANONICAL_EXPERIMENT_CHAIN\033_EXP-016__WF2_Prospective_Cross_System_Confirmation\04_RAW\SOURCE\ACTIVE_CAUSAL\ee1c0b49f7673dc6d6ca866b.json,3383,d48b395a17722650db45f2468ccdad1cfbf43647bb1d3ed81620c59a5e98057b,C:\RSOS\RSOS_EXPERIMENTS_WF2_PROSPECTIVE_CROSS_SYSTEM_CONFIRMATION\04_RAW\ACTIVE_CAUSAL\ee1c0b49f7673dc6d6ca866b.json
C:\RSOS\RSOS_CANONICAL_EXPERIMENT_CHAIN\033_EXP-016__WF2_Prospective_Cross_System_Confirmation\04_RAW\SOURCE\ACTIVE_CAUSAL\ee6b371cca796f21eab0ad05.json,1827,a3e988f14bf221c7d6c556c19a8eef4963707c3c5f5158d6b2ee727cafa05368,C:\RSOS\RSOS_EXPERIMENTS_WF2_PROSPECTIVE_CROSS_SYSTEM_CONFIRMATION\04_RAW\ACTIVE_CAUSAL\ee6b371cca796f21eab0ad05.json
C:\RSOS\RSOS_CANONICAL_EXPERIMENT_CHAIN\033_EXP-016__WF2_Prospective_Cross_System_Confirmation\04_RAW\SOURCE\ACTIVE_CAUSAL\eeac23469f6b7e9e3728b2d3.json,1827,a4a2f0cdeb520dc658a8909eb5a68ceb36767f182dd6431081e5b3bba616df1c,C:\RSOS\RSOS_EXPERIMENTS_WF2_PROSPECTIVE_CROSS_SYSTEM_CONFIRMATION\04_RAW\ACTIVE_CAUSAL\eeac23469f6b7e9e3728b2d3.json
C:\RSOS\RSOS_CANONICAL_EXPERIMENT_CHAIN\033_EXP-016__WF2_Prospective_Cross_System_Confirmation\04_RAW\SOURCE\ACTIVE_CAUSAL\eeb4df922cfe5e5fdd9812d3.json,1826,1a1c95fda94ba93a9e3fbe3001f0cc9b3cdcb81b43e035b493f400652aa9f49f,C:\RSOS\RSOS_EXPERIMENTS_WF2_PROSPECTIVE_CROSS_SYSTEM_CONFIRMATION\04_RAW\ACTIVE_CAUSAL\eeb4df922cfe5e5fdd9812d3.json
C:\RSOS\RSOS_CANONICAL_EXPERIMENT_CHAIN\033_EXP-016__WF2_Prospective_Cross_System_Confirmation\04_RAW\SOURCE\ACTIVE_CAUSAL\eee1d2c17dd6b9e2834742b8.json,1835,cd881197e79c44a0f5841a51f33403a59740274cc2d0dcfd82cf0400ebe137da,C:\RSOS\RSOS_EXPERIMENTS_WF2_PROSPECTIVE_CROSS_SYSTEM_CONFIRMATION\04_RAW\ACTIVE_CAUSAL\eee1d2c17dd6b9e2834742b8.json
C:\RSOS\RSOS_CANONICAL_EXPERIMENT_CHAIN\033_EXP-016__WF2_Prospective_Cross_System_Confirmation\04_RAW\SOURCE\ACTIVE_CAUSAL\eee8b704bb16577c2bb12a17.json,1870,b96cf5865a3c5caedfa860dca2ac5e156493695c71bacd9794693cde0574ab6f,C:\RSOS\RSOS_EXPERIMENTS_WF2_PROSPECTIVE_CROSS_SYSTEM_CONFIRMATION\04_RAW\ACTIVE_CAUSAL\eee8b704bb16577c2bb12a17.json
C:\RSOS\RSOS_CANONICAL_EXPERIMENT_CHAIN\033_EXP-016__WF2_Prospective_Cross_System_Confirmation\04_RAW\SOURCE\ACTIVE_CAUSAL\ef081ac65ebd3b329019fdbb.json,1991,a9612d98f02e3733207892c15d57ff299882fdcf76591cd85de295306d0a72aa,C:\RSOS\RSOS_EXPERIMENTS_WF2_PROSPECTIVE_CROSS_SYSTEM_CONFIRMATION\04_RAW\ACTIVE_CAUSAL\ef081ac65ebd3b329019fdbb.json
C:\RSOS\RSOS_CANONICAL_EXPERIMENT_CHAIN\033_EXP-016__WF2_Prospective_Cross_System_Confirmation\04_RAW\SOURCE\ACTIVE_CAUSAL\ef431f4b090da470905225d2.json,1836,085af3964a658b727d63bdc7675a235c97249d4b6188f50fb943cbb0c9c5cbfc,C:\RSOS\RSOS_EXPERIMENTS_WF2_PROSPECTIVE_CROSS_SYSTEM_CONFIRMATION\04_RAW\ACTIVE_CAUSAL\ef431f4b090da470905225d2.json
C:\RSOS\RSOS_CANONICAL_EXPERIMENT_CHAIN\033_EXP-016__WF2_Prospective_Cross_System_Confirmation\04_RAW\SOURCE\ACTIVE_CAUSAL\ef694573ac6c34b345816772.json,1837,5cdd4301ac8b5d3ea7ec68c895185d5f5940d3c8468afdd68356d7c9b2f4bf4b,C:\RSOS\RSOS_EXPERIMENTS_WF2_PROSPECTIVE_CROSS_SYSTEM_CONFIRMATION\04_RAW\ACTIVE_CAUSAL\ef694573ac6c34b345816772.json
C:\RSOS\RSOS_CANONICAL_EXPERIMENT_CHAIN\033_EXP-016__WF2_Prospective_Cross_System_Confirmation\04_RAW\SOURCE\ACTIVE_CAUSAL\efb7db2f655737816d1389db.json,1826,6a8a1be24f674a7b03e73760a127268d8fa91c4cafa7bdb92b0cd739c2894013,C:\RSOS\RSOS_EXPERIMENTS_WF2_PROSPECTIVE_CROSS_SYSTEM_CONFIRMATION\04_RAW\ACTIVE_CAUSAL\efb7db2f655737816d1389db.json
C:\RSOS\RSOS_CANONICAL_EXPERIMENT_CHAIN\033_EXP-016__WF2_Prospective_Cross_System_Confirmation\04_RAW\SOURCE\ACTIVE_CAUSAL\efea38af4be53062b2e6ad8b.json,1982,a93615a4264305a04364d12d56c64296ef981a50fd16b2611d8538afcbafdd6d,C:\RSOS\RSOS_EXPERIMENTS_WF2_PROSPECTIVE_CROSS_SYSTEM_CONFIRMATION\04_RAW\ACTIVE_CAUSAL\efea38af4be53062b2e6ad8b.json
C:\RSOS\RSOS_CANONICAL_EXPERIMENT_CHAIN\033_EXP-016__WF2_Prospective_Cross_System_Confirmation\04_RAW\SOURCE\ACTIVE_CAUSAL\eff3a068e2aaec209c1f6094.json,3374,dc438ed0dd3438188b748eaf54ec498dee257acd7cf708155ac59833a9bf8b66,C:\RSOS\RSOS_EXPERIMENTS_WF2_PROSPECTIVE_CROSS_SYSTEM_CONFIRMATION\04_RAW\ACTIVE_CAUSAL\eff3a068e2aaec209c1f6094.json
C:\RSOS\RSOS_CANONICAL_EXPERIMENT_CHAIN\033_EXP-016__WF2_Prospective_Cross_System_Confirmation\04_RAW\SOURCE\ACTIVE_CAUSAL\f09a519a3dc274902a87cf3b.json,1981,ec0fbe1754bd63773538b0439ca32a104b5f1b00b1f5c992adfc54117e90aa5f,C:\RSOS\RSOS_EXPERIMENTS_WF2_PROSPECTIVE_CROSS_SYSTEM_CONFIRMATION\04_RAW\ACTIVE_CAUSAL\f09a519a3dc274902a87cf3b.json
C:\RSOS\RSOS_CANONICAL_EXPERIMENT_CHAIN\033_EXP-016__WF2_Prospective_Cross_System_Confirmation\04_RAW\SOURCE\ACTIVE_CAUSAL\f0a3b9a0ded496524bc4ab3e.json,3375,2d6c125f64d98708cf29676b5bc07e28c027d4e68b74c7c53883c32ddf7cb5a9,C:\RSOS\RSOS_EXPERIMENTS_WF2_PROSPECTIVE_CROSS_SYSTEM_CONFIRMATION\04_RAW\ACTIVE_CAUSAL\f0a3b9a0ded496524bc4ab3e.json
C:\RSOS\RSOS_CANONICAL_EXPERIMENT_CHAIN\033_EXP-016__WF2_Prospective_Cross_System_Confirmation\04_RAW\SOURCE\ACTIVE_CAUSAL\f0a98c5e33f841af7c8bb445.json,3376,69e48c10e1523b1a53c2a23d1202ccc1a50c8fe8bcdfc584c0e5906721889d3f,C:\RSOS\RSOS_EXPERIMENTS_WF2_PROSPECTIVE_CROSS_SYSTEM_CONFIRMATION\04_RAW\ACTIVE_CAUSAL\f0a98c5e33f841af7c8bb445.json
C:\RSOS\RSOS_CANONICAL_EXPERIMENT_CHAIN\033_EXP-016__WF2_Prospective_Cross_System_Confirmation\04_RAW\SOURCE\ACTIVE_CAUSAL\f0d93eee22f8ce0383a6e46e.json,1982,198c1e4489bef86bdb649c117102587ed3233b336618e91da88455c59818e4e1,C:\RSOS\RSOS_EXPERIMENTS_WF2_PROSPECTIVE_CROSS_SYSTEM_CONFIRMATION\04_RAW\ACTIVE_CAUSAL\f0d93eee22f8ce0383a6e46e.json
C:\RSOS\RSOS_CANONICAL_EXPERIMENT_CHAIN\033_EXP-016__WF2_Prospective_Cross_System_Confirmation\04_RAW\SOURCE\ACTIVE_CAUSAL\f0fcc7386c724a78334d68a5.json,1837,be6c255af624947539f5d03e64fd61c622a43c8a6670a6613d2f353a8f3ea408,C:\RSOS\RSOS_EXPERIMENTS_WF2_PROSPECTIVE_CROSS_SYSTEM_CONFIRMATION\04_RAW\ACTIVE_CAUSAL\f0fcc7386c724a78334d68a5.json
C:\RSOS\RSOS_CANONICAL_EXPERIMENT_CHAIN\033_EXP-016__WF2_Prospective_Cross_System_Confirmation\04_RAW\SOURCE\ACTIVE_CAUSAL\f16f50479c6b0c4d57c94e50.json,1982,c31dc23a3b7470090f6bc05facdbc4fa639cd664da40a48c2ffd02fa68320a55,C:\RSOS\RSOS_EXPERIMENTS_WF2_PROSPECTIVE_CROSS_SYSTEM_CONFIRMATION\04_RAW\ACTIVE_CAUSAL\f16f50479c6b0c4d57c94e50.json
C:\RSOS\RSOS_CANONICAL_EXPERIMENT_CHAIN\033_EXP-016__WF2_Prospective_Cross_System_Confirmation\04_RAW\SOURCE\ACTIVE_CAUSAL\f1c349830a158d7276ddd9a3.json,1990,28f8fcf4980a142e5dda1d07daee983d4b9c83652e03096c07645ee89149f421,C:\RSOS\RSOS_EXPERIMENTS_WF2_PROSPECTIVE_CROSS_SYSTEM_CONFIRMATION\04_RAW\ACTIVE_CAUSAL\f1c349830a158d7276ddd9a3.json
C:\RSOS\RSOS_CANONICAL_EXPERIMENT_CHAIN\033_EXP-016__WF2_Prospective_Cross_System_Confirmation\04_RAW\SOURCE\ACTIVE_CAUSAL\f232778c28adeedbcbe3fab4.json,3375,0df91f76e80a54653eee67fa96fda0ffde6ac5bd9093c954893ba8efcdaf4655,C:\RSOS\RSOS_EXPERIMENTS_WF2_PROSPECTIVE_CROSS_SYSTEM_CONFIRMATION\04_RAW\ACTIVE_CAUSAL\f232778c28adeedbcbe3fab4.json
C:\RSOS\RSOS_CANONICAL_EXPERIMENT_CHAIN\033_EXP-016__WF2_Prospective_Cross_System_Confirmation\04_RAW\SOURCE\ACTIVE_CAUSAL\f244032bf8413524e53263f1.json,1827,116647c38f62920aae78cb2b49db5090f64057021d3f9ba65150aff9c2562900,C:\RSOS\RSOS_EXPERIMENTS_WF2_PROSPECTIVE_CROSS_SYSTEM_CONFIRMATION\04_RAW\ACTIVE_CAUSAL\f244032bf8413524e53263f1.json
C:\RSOS\RSOS_CANONICAL_EXPERIMENT_CHAIN\033_EXP-016__WF2_Prospective_Cross_System_Confirmation\04_RAW\SOURCE\ACTIVE_CAUSAL\f26e73484b498bbda77d97f9.json,2440,fd0c143d4e63314606dd372be68feb6e56aab954f25bea5ffbc43cad2af65fcf,C:\RSOS\RSOS_EXPERIMENTS_WF2_PROSPECTIVE_CROSS_SYSTEM_CONFIRMATION\04_RAW\ACTIVE_CAUSAL\f26e73484b498bbda77d97f9.json
C:\RSOS\RSOS_CANONICAL_EXPERIMENT_CHAIN\033_EXP-016__WF2_Prospective_Cross_System_Confirmation\04_RAW\SOURCE\ACTIVE_CAUSAL\f29a229a6a981fd241a2b4ad.json,1835,02cd554641291a8ef086269d827579b9d999cd67de07e1a80049a4f5e1f16be0,C:\RSOS\RSOS_EXPERIMENTS_WF2_PROSPECTIVE_CROSS_SYSTEM_CONFIRMATION\04_RAW\ACTIVE_CAUSAL\f29a229a6a981fd241a2b4ad.json
C:\RSOS\RSOS_CANONICAL_EXPERIMENT_CHAIN\033_EXP-016__WF2_Prospective_Cross_System_Confirmation\04_RAW\SOURCE\ACTIVE_CAUSAL\f2bbc9645d266a4881234476.json,1837,a562957dd5d723cea7888281f294b87c151311b339cd35efef78e09e80e93744,C:\RSOS\RSOS_EXPERIMENTS_WF2_PROSPECTIVE_CROSS_SYSTEM_CONFIRMATION\04_RAW\ACTIVE_CAUSAL\f2bbc9645d266a4881234476.json
C:\RSOS\RSOS_CANONICAL_EXPERIMENT_CHAIN\033_EXP-016__WF2_Prospective_Cross_System_Confirmation\04_RAW\SOURCE\ACTIVE_CAUSAL\f36ba3c2102d9cc015d42b1c.json,1827,83b2b470841d91dc33629a46463a7dfe2b11b31e97d3317c41fedb0508454311,C:\RSOS\RSOS_EXPERIMENTS_WF2_PROSPECTIVE_CROSS_SYSTEM_CONFIRMATION\04_RAW\ACTIVE_CAUSAL\f36ba3c2102d9cc015d42b1c.json
C:\RSOS\RSOS_CANONICAL_EXPERIMENT_CHAIN\033_EXP-016__WF2_Prospective_Cross_System_Confirmation\04_RAW\SOURCE\ACTIVE_CAUSAL\f371b5725549d5a3abbaf6d2.json,3375,80dab3ce210a8fa4e19df8ce1d65410d4ab9db1f39406ba5a2ee1549846ac5bd,C:\RSOS\RSOS_EXPERIMENTS_WF2_PROSPECTIVE_CROSS_SYSTEM_CONFIRMATION\04_RAW\ACTIVE_CAUSAL\f371b5725549d5a3abbaf6d2.json
C:\RSOS\RSOS_CANONICAL_EXPERIMENT_CHAIN\033_EXP-016__WF2_Prospective_Cross_System_Confirmation\04_RAW\SOURCE\ACTIVE_CAUSAL\f4477bbae2d4932f6c849516.json,1828,fe9960a59e6ca054dc4c5d731fed640ee90ade2ed7714fd68cb52703a3345ef0,C:\RSOS\RSOS_EXPERIMENTS_WF2_PROSPECTIVE_CROSS_SYSTEM_CONFIRMATION\04_RAW\ACTIVE_CAUSAL\f4477bbae2d4932f6c849516.json
C:\RSOS\RSOS_CANONICAL_EXPERIMENT_CHAIN\033_EXP-016__WF2_Prospective_Cross_System_Confirmation\04_RAW\SOURCE\ACTIVE_CAUSAL\f467e541cf346394f45dfcca.json,1836,0be1453fbfd387001f4f5f3a8455ff84a1e6b6259db5a4f4bacb1e1a8b3d014b,C:\RSOS\RSOS_EXPERIMENTS_WF2_PROSPECTIVE_CROSS_SYSTEM_CONFIRMATION\04_RAW\ACTIVE_CAUSAL\f467e541cf346394f45dfcca.json
C:\RSOS\RSOS_CANONICAL_EXPERIMENT_CHAIN\033_EXP-016__WF2_Prospective_Cross_System_Confirmation\04_RAW\SOURCE\ACTIVE_CAUSAL\f4ce61a1c6d6967da9f67c84.json,1841,91b0fc78c7c6ac74441c7131623ecf5f0c5941cdc475a49d6011a9d4aa5dee39,C:\RSOS\RSOS_EXPERIMENTS_WF2_PROSPECTIVE_CROSS_SYSTEM_CONFIRMATION\04_RAW\ACTIVE_CAUSAL\f4ce61a1c6d6967da9f67c84.json
C:\RSOS\RSOS_CANONICAL_EXPERIMENT_CHAIN\033_EXP-016__WF2_Prospective_Cross_System_Confirmation\04_RAW\SOURCE\ACTIVE_CAUSAL\f4e3e2e13f6044123675e22b.json,1982,b53f114364b97080e80c105c57400efe9c9ccd0abe31e978359211ade685aeeb,C:\RSOS\RSOS_EXPERIMENTS_WF2_PROSPECTIVE_CROSS_SYSTEM_CONFIRMATION\04_RAW\ACTIVE_CAUSAL\f4e3e2e13f6044123675e22b.json
C:\RSOS\RSOS_CANONICAL_EXPERIMENT_CHAIN\033_EXP-016__WF2_Prospective_Cross_System_Confirmation\04_RAW\SOURCE\ACTIVE_CAUSAL\f5040d9b6eff2e10cc676a36.json,3385,e31627e884558810772899fdd6d33334c1283ca44cc5363da489548347bbe81c,C:\RSOS\RSOS_EXPERIMENTS_WF2_PROSPECTIVE_CROSS_SYSTEM_CONFIRMATION\04_RAW\ACTIVE_CAUSAL\f5040d9b6eff2e10cc676a36.json
C:\RSOS\RSOS_CANONICAL_EXPERIMENT_CHAIN\033_EXP-016__WF2_Prospective_Cross_System_Confirmation\04_RAW\SOURCE\ACTIVE_CAUSAL\f50d9ebfa9fb035c770f1914.json,3374,516f6d70bbdd232f6cbaf3ada83801beaeb6f34778a9521699bba095c327aae0,C:\RSOS\RSOS_EXPERIMENTS_WF2_PROSPECTIVE_CROSS_SYSTEM_CONFIRMATION\04_RAW\ACTIVE_CAUSAL\f50d9ebfa9fb035c770f1914.json
C:\RSOS\RSOS_CANONICAL_EXPERIMENT_CHAIN\033_EXP-016__WF2_Prospective_Cross_System_Confirmation\04_RAW\SOURCE\ACTIVE_CAUSAL\f55f02ac8c13ca9c1c238e7b.json,1981,5f6a0c2b5acc99e7cf534b03a3acdda767e48db026bae2cf64282603496d1c00,C:\RSOS\RSOS_EXPERIMENTS_WF2_PROSPECTIVE_CROSS_SYSTEM_CONFIRMATION\04_RAW\ACTIVE_CAUSAL\f55f02ac8c13ca9c1c238e7b.json
C:\RSOS\RSOS_CANONICAL_EXPERIMENT_CHAIN\033_EXP-016__WF2_Prospective_Cross_System_Confirmation\04_RAW\SOURCE\ACTIVE_CAUSAL\f56b70c979627db3d1f1a2ad.json,3375,3180710a54edaa7df276708502c75ec52145631708776b89a569f3cce87ca04d,C:\RSOS\RSOS_EXPERIMENTS_WF2_PROSPECTIVE_CROSS_SYSTEM_CONFIRMATION\04_RAW\ACTIVE_CAUSAL\f56b70c979627db3d1f1a2ad.json
C:\RSOS\RSOS_CANONICAL_EXPERIMENT_CHAIN\033_EXP-016__WF2_Prospective_Cross_System_Confirmation\04_RAW\SOURCE\ACTIVE_CAUSAL\f5738c6c08705a75773fb4ed.json,2440,0a75c8eb5e4ebac8d64a5f21f1773fc16f1054591e4f6ba319326f3164a414a3,C:\RSOS\RSOS_EXPERIMENTS_WF2_PROSPECTIVE_CROSS_SYSTEM_CONFIRMATION\04_RAW\ACTIVE_CAUSAL\f5738c6c08705a75773fb4ed.json
C:\RSOS\RSOS_CANONICAL_EXPERIMENT_CHAIN\033_EXP-016__WF2_Prospective_Cross_System_Confirmation\04_RAW\SOURCE\ACTIVE_CAUSAL\f57e5171c6a09dda2df7da2c.json,1827,3c98be6e62c3c31598b66b9bec8b10ebba1c863a5fffc3ac31382b1c75e649fc,C:\RSOS\RSOS_EXPERIMENTS_WF2_PROSPECTIVE_CROSS_SYSTEM_CONFIRMATION\04_RAW\ACTIVE_CAUSAL\f57e5171c6a09dda2df7da2c.json
C:\RSOS\RSOS_CANONICAL_EXPERIMENT_CHAIN\033_EXP-016__WF2_Prospective_Cross_System_Confirmation\04_RAW\SOURCE\ACTIVE_CAUSAL\f59181d0134fbca26a2fda89.json,1992,abbdd96610d7d7f09ad099f9853c230a5ee146d23450ee84470b6296d57b241b,C:\RSOS\RSOS_EXPERIMENTS_WF2_PROSPECTIVE_CROSS_SYSTEM_CONFIRMATION\04_RAW\ACTIVE_CAUSAL\f59181d0134fbca26a2fda89.json
C:\RSOS\RSOS_CANONICAL_EXPERIMENT_CHAIN\033_EXP-016__WF2_Prospective_Cross_System_Confirmation\04_RAW\SOURCE\ACTIVE_CAUSAL\f5b3c0762184dbe6ee3d2abb.json,1827,cec2347e0cd850158a9f929ccc85882448c50e1d9bef15ab5c85cf35aab4689c,C:\RSOS\RSOS_EXPERIMENTS_WF2_PROSPECTIVE_CROSS_SYSTEM_CONFIRMATION\04_RAW\ACTIVE_CAUSAL\f5b3c0762184dbe6ee3d2abb.json
C:\RSOS\RSOS_CANONICAL_EXPERIMENT_CHAIN\033_EXP-016__WF2_Prospective_Cross_System_Confirmation\04_RAW\SOURCE\ACTIVE_CAUSAL\f5d5e6637c09f30ba934b8de.json,3374,76d3a90a55c96192aaba03cb76eaec8a85579bfbf52e46540165bf0f7d18184d,C:\RSOS\RSOS_EXPERIMENTS_WF2_PROSPECTIVE_CROSS_SYSTEM_CONFIRMATION\04_RAW\ACTIVE_CAUSAL\f5d5e6637c09f30ba934b8de.json
C:\RSOS\RSOS_CANONICAL_EXPERIMENT_CHAIN\033_EXP-016__WF2_Prospective_Cross_System_Confirmation\04_RAW\SOURCE\ACTIVE_CAUSAL\f5d7e0bb7e95bedcba6b4ff0.json,1990,bb54ea68b4c05722a9de90919812da9f3a7a09d41a6ac76f1e43a34a4282396c,C:\RSOS\RSOS_EXPERIMENTS_WF2_PROSPECTIVE_CROSS_SYSTEM_CONFIRMATION\04_RAW\ACTIVE_CAUSAL\f5d7e0bb7e95bedcba6b4ff0.json
C:\RSOS\RSOS_CANONICAL_EXPERIMENT_CHAIN\033_EXP-016__WF2_Prospective_Cross_System_Confirmation\04_RAW\SOURCE\ACTIVE_CAUSAL\f605f5a0796e402193a611b6.json,3374,d29e24356faac9104140c54de1008998c2e312dbc3223b434f0fdb6689881a70,C:\RSOS\RSOS_EXPERIMENTS_WF2_PROSPECTIVE_CROSS_SYSTEM_CONFIRMATION\04_RAW\ACTIVE_CAUSAL\f605f5a0796e402193a611b6.json
C:\RSOS\RSOS_CANONICAL_EXPERIMENT_CHAIN\033_EXP-016__WF2_Prospective_Cross_System_Confirmation\04_RAW\SOURCE\ACTIVE_CAUSAL\f623faf2bde31f152f84da29.json,3375,4df62361dbd344480d77aa9d5bac327fdeb232b78bb8d1d9b9212bca054ecdfa,C:\RSOS\RSOS_EXPERIMENTS_WF2_PROSPECTIVE_CROSS_SYSTEM_CONFIRMATION\04_RAW\ACTIVE_CAUSAL\f623faf2bde31f152f84da29.json
C:\RSOS\RSOS_CANONICAL_EXPERIMENT_CHAIN\033_EXP-016__WF2_Prospective_Cross_System_Confirmation\04_RAW\SOURCE\ACTIVE_CAUSAL\f63243ab4cb9a79f21c7b5f1.json,1827,ca5347b8795ce10b7c9a92c11930187f42f20749c5ec880b0346d57cc87d645b,C:\RSOS\RSOS_EXPERIMENTS_WF2_PROSPECTIVE_CROSS_SYSTEM_CONFIRMATION\04_RAW\ACTIVE_CAUSAL\f63243ab4cb9a79f21c7b5f1.json
C:\RSOS\RSOS_CANONICAL_EXPERIMENT_CHAIN\033_EXP-016__WF2_Prospective_Cross_System_Confirmation\04_RAW\SOURCE\ACTIVE_CAUSAL\f664342c8211aff8f49a55e0.json,1776,7a25ac79d8ca0cb7c31ba634e225bbd1f11151eb09f3909d03a2eadcb4dc868c,C:\RSOS\RSOS_EXPERIMENTS_WF2_PROSPECTIVE_CROSS_SYSTEM_CONFIRMATION\04_RAW\ACTIVE_CAUSAL\f664342c8211aff8f49a55e0.json
C:\RSOS\RSOS_CANONICAL_EXPERIMENT_CHAIN\033_EXP-016__WF2_Prospective_Cross_System_Confirmation\04_RAW\SOURCE\ACTIVE_CAUSAL\f66fd0078cbdad3d33c764dd.json,1982,fefc60e4000c1c83e10d1e8529ab3a14a8b681ac95fba37e563501ecf591b244,C:\RSOS\RSOS_EXPERIMENTS_WF2_PROSPECTIVE_CROSS_SYSTEM_CONFIRMATION\04_RAW\ACTIVE_CAUSAL\f66fd0078cbdad3d33c764dd.json
C:\RSOS\RSOS_CANONICAL_EXPERIMENT_CHAIN\033_EXP-016__WF2_Prospective_Cross_System_Confirmation\04_RAW\SOURCE\ACTIVE_CAUSAL\f68ce848ef0fce26fbe0dc53.json,1840,5f914f23adae3d138874e04ff73249ea49d09c55d08c465984cb5a0327784a3b,C:\RSOS\RSOS_EXPERIMENTS_WF2_PROSPECTIVE_CROSS_SYSTEM_CONFIRMATION\04_RAW\ACTIVE_CAUSAL\f68ce848ef0fce26fbe0dc53.json
C:\RSOS\RSOS_CANONICAL_EXPERIMENT_CHAIN\033_EXP-016__WF2_Prospective_Cross_System_Confirmation\04_RAW\SOURCE\ACTIVE_CAUSAL\f68f13427c1f94e50dd13244.json,1982,550914c5fdc2fb569b9c7bd144d166bf002b870fda45888462bbba11b4b01c64,C:\RSOS\RSOS_EXPERIMENTS_WF2_PROSPECTIVE_CROSS_SYSTEM_CONFIRMATION\04_RAW\ACTIVE_CAUSAL\f68f13427c1f94e50dd13244.json
C:\RSOS\RSOS_CANONICAL_EXPERIMENT_CHAIN\033_EXP-016__WF2_Prospective_Cross_System_Confirmation\04_RAW\SOURCE\ACTIVE_CAUSAL\f69d52e1a9e2298c2a489bc0.json,3383,6aa6af35c666cd21a684b52c6a49cde95ee6861b0a5df636ee938083df467f71,C:\RSOS\RSOS_EXPERIMENTS_WF2_PROSPECTIVE_CROSS_SYSTEM_CONFIRMATION\04_RAW\ACTIVE_CAUSAL\f69d52e1a9e2298c2a489bc0.json
C:\RSOS\RSOS_CANONICAL_EXPERIMENT_CHAIN\033_EXP-016__WF2_Prospective_Cross_System_Confirmation\04_RAW\SOURCE\ACTIVE_CAUSAL\f6a414cd177431fc171e9079.json,1836,8de78fa4149e3a7aaa5538504396cd8a5d5ddd896885174c222ae007532cb69b,C:\RSOS\RSOS_EXPERIMENTS_WF2_PROSPECTIVE_CROSS_SYSTEM_CONFIRMATION\04_RAW\ACTIVE_CAUSAL\f6a414cd177431fc171e9079.json
C:\RSOS\RSOS_CANONICAL_EXPERIMENT_CHAIN\033_EXP-016__WF2_Prospective_Cross_System_Confirmation\04_RAW\SOURCE\ACTIVE_CAUSAL\f6ab7a9f6e0499f9b85e2f30.json,3375,3b43d18f7c86d92fbdfb7283e3834d24b2bd7486d2fa16341062a98636ca6d45,C:\RSOS\RSOS_EXPERIMENTS_WF2_PROSPECTIVE_CROSS_SYSTEM_CONFIRMATION\04_RAW\ACTIVE_CAUSAL\f6ab7a9f6e0499f9b85e2f30.json
C:\RSOS\RSOS_CANONICAL_EXPERIMENT_CHAIN\033_EXP-016__WF2_Prospective_Cross_System_Confirmation\04_RAW\SOURCE\ACTIVE_CAUSAL\f6d1a5542ded06383e721823.json,1992,95d9bafe2edf896602850c730943f1eb0c9886be0e7e0b76935653c6724722b8,C:\RSOS\RSOS_EXPERIMENTS_WF2_PROSPECTIVE_CROSS_SYSTEM_CONFIRMATION\04_RAW\ACTIVE_CAUSAL\f6d1a5542ded06383e721823.json
C:\RSOS\RSOS_CANONICAL_EXPERIMENT_CHAIN\033_EXP-016__WF2_Prospective_Cross_System_Confirmation\04_RAW\SOURCE\ACTIVE_CAUSAL\f728afaa0f6bc34a94e5cce9.json,1981,91400fd57f598a7380c255349b3c8b358f2bce655d90bf8c71d0464b375336db,C:\RSOS\RSOS_EXPERIMENTS_WF2_PROSPECTIVE_CROSS_SYSTEM_CONFIRMATION\04_RAW\ACTIVE_CAUSAL\f728afaa0f6bc34a94e5cce9.json
C:\RSOS\RSOS_CANONICAL_EXPERIMENT_CHAIN\033_EXP-016__WF2_Prospective_Cross_System_Confirmation\04_RAW\SOURCE\ACTIVE_CAUSAL\f76afaa9d0ab17021b1734c3.json,3375,413d9dbe6ba62016cc41068302bca05259b87140256230c6e47277e03c85c96b,C:\RSOS\RSOS_EXPERIMENTS_WF2_PROSPECTIVE_CROSS_SYSTEM_CONFIRMATION\04_RAW\ACTIVE_CAUSAL\f76afaa9d0ab17021b1734c3.json
C:\RSOS\RSOS_CANONICAL_EXPERIMENT_CHAIN\033_EXP-016__WF2_Prospective_Cross_System_Confirmation\04_RAW\SOURCE\ACTIVE_CAUSAL\f7de9764b9268ebe5a8c9ed1.json,3375,0b5b0d3519b8e0346cc301b9ce05565733570d8f6982ab4a461b7c8db51e480c,C:\RSOS\RSOS_EXPERIMENTS_WF2_PROSPECTIVE_CROSS_SYSTEM_CONFIRMATION\04_RAW\ACTIVE_CAUSAL\f7de9764b9268ebe5a8c9ed1.json
C:\RSOS\RSOS_CANONICAL_EXPERIMENT_CHAIN\033_EXP-016__WF2_Prospective_Cross_System_Confirmation\04_RAW\SOURCE\ACTIVE_CAUSAL\f819246c2c68844351aaee41.json,3374,966990f75861508a5c3baf868a05040cf82cd0b287ecbe4e0ac2369ce5544bad,C:\RSOS\RSOS_EXPERIMENTS_WF2_PROSPECTIVE_CROSS_SYSTEM_CONFIRMATION\04_RAW\ACTIVE_CAUSAL\f819246c2c68844351aaee41.json
C:\RSOS\RSOS_CANONICAL_EXPERIMENT_CHAIN\033_EXP-016__WF2_Prospective_Cross_System_Confirmation\04_RAW\SOURCE\ACTIVE_CAUSAL\f847e206ea712c1ff90afe1b.json,1982,7cb8607ffecf9f78b40a9f05632eb6255909bf340c71f90d342b980bda0bc78e,C:\RSOS\RSOS_EXPERIMENTS_WF2_PROSPECTIVE_CROSS_SYSTEM_CONFIRMATION\04_RAW\ACTIVE_CAUSAL\f847e206ea712c1ff90afe1b.json
C:\RSOS\RSOS_CANONICAL_EXPERIMENT_CHAIN\033_EXP-016__WF2_Prospective_Cross_System_Confirmation\04_RAW\SOURCE\ACTIVE_CAUSAL\f87840d8bfff2a93e0e66731.json,1835,ccc57318fea75ed426e791eb75f97d604b02ffd10fb0e5768885a5096efa957a,C:\RSOS\RSOS_EXPERIMENTS_WF2_PROSPECTIVE_CROSS_SYSTEM_CONFIRMATION\04_RAW\ACTIVE_CAUSAL\f87840d8bfff2a93e0e66731.json
C:\RSOS\RSOS_CANONICAL_EXPERIMENT_CHAIN\033_EXP-016__WF2_Prospective_Cross_System_Confirmation\04_RAW\SOURCE\ACTIVE_CAUSAL\f8a44345c6ca5269cbdf261d.json,1826,d5e98cf4710be863a3c48040a7a4fcaecc935fa3fcce13a0a8eb7f17cf660ef6,C:\RSOS\RSOS_EXPERIMENTS_WF2_PROSPECTIVE_CROSS_SYSTEM_CONFIRMATION\04_RAW\ACTIVE_CAUSAL\f8a44345c6ca5269cbdf261d.json
C:\RSOS\RSOS_CANONICAL_EXPERIMENT_CHAIN\033_EXP-016__WF2_Prospective_Cross_System_Confirmation\04_RAW\SOURCE\ACTIVE_CAUSAL\f8c323c162ac63b77e69aadc.json,1981,4380863d808ae57913852d16bca434fdce1d34e2bc7824628e43a912deb687e2,C:\RSOS\RSOS_EXPERIMENTS_WF2_PROSPECTIVE_CROSS_SYSTEM_CONFIRMATION\04_RAW\ACTIVE_CAUSAL\f8c323c162ac63b77e69aadc.json
C:\RSOS\RSOS_CANONICAL_EXPERIMENT_CHAIN\033_EXP-016__WF2_Prospective_Cross_System_Confirmation\04_RAW\SOURCE\ACTIVE_CAUSAL\f8d087354a5fc9d2b589bd06.json,1828,2a250a293ade8498d0fb5aa56a1dddbdafc88c33f099ec2247143e6a4eff0a25,C:\RSOS\RSOS_EXPERIMENTS_WF2_PROSPECTIVE_CROSS_SYSTEM_CONFIRMATION\04_RAW\ACTIVE_CAUSAL\f8d087354a5fc9d2b589bd06.json
C:\RSOS\RSOS_CANONICAL_EXPERIMENT_CHAIN\033_EXP-016__WF2_Prospective_Cross_System_Confirmation\04_RAW\SOURCE\ACTIVE_CAUSAL\f8dcbbc0b81d2f6288ecf4bd.json,1988,23f53235cef758ede767a3331bf79390460f64ad2223817eb3a3e1b0447a2ef9,C:\RSOS\RSOS_EXPERIMENTS_WF2_PROSPECTIVE_CROSS_SYSTEM_CONFIRMATION\04_RAW\ACTIVE_CAUSAL\f8dcbbc0b81d2f6288ecf4bd.json
C:\RSOS\RSOS_CANONICAL_EXPERIMENT_CHAIN\033_EXP-016__WF2_Prospective_Cross_System_Confirmation\04_RAW\SOURCE\ACTIVE_CAUSAL\f8f2d589a1844e7b84c9254d.json,1835,ce774f463683047ddb9f834842caddccad112e5265fc2127f16d86680ef4766d,C:\RSOS\RSOS_EXPERIMENTS_WF2_PROSPECTIVE_CROSS_SYSTEM_CONFIRMATION\04_RAW\ACTIVE_CAUSAL\f8f2d589a1844e7b84c9254d.json
C:\RSOS\RSOS_CANONICAL_EXPERIMENT_CHAIN\033_EXP-016__WF2_Prospective_Cross_System_Confirmation\04_RAW\SOURCE\ACTIVE_CAUSAL\f916e3337a26c0e5c619e255.json,1982,56ce61838027f80f8da591f00139984307469b3343136588658ddff89f42ea4a,C:\RSOS\RSOS_EXPERIMENTS_WF2_PROSPECTIVE_CROSS_SYSTEM_CONFIRMATION\04_RAW\ACTIVE_CAUSAL\f916e3337a26c0e5c619e255.json
C:\RSOS\RSOS_CANONICAL_EXPERIMENT_CHAIN\033_EXP-016__WF2_Prospective_Cross_System_Confirmation\04_RAW\SOURCE\ACTIVE_CAUSAL\f9220147abac0750f1fa1fce.json,1827,584bcb15f20c7284a72136a0734afa34cb808abdca17449dc95d8b5de17c7438,C:\RSOS\RSOS_EXPERIMENTS_WF2_PROSPECTIVE_CROSS_SYSTEM_CONFIRMATION\04_RAW\ACTIVE_CAUSAL\f9220147abac0750f1fa1fce.json
C:\RSOS\RSOS_CANONICAL_EXPERIMENT_CHAIN\033_EXP-016__WF2_Prospective_Cross_System_Confirmation\04_RAW\SOURCE\ACTIVE_CAUSAL\f927f70f968efe3820df2955.json,1990,e9cbc4728da3812e59ab5532695c30b9540a550b2b1709e355149dfbf0e4997a,C:\RSOS\RSOS_EXPERIMENTS_WF2_PROSPECTIVE_CROSS_SYSTEM_CONFIRMATION\04_RAW\ACTIVE_CAUSAL\f927f70f968efe3820df2955.json
C:\RSOS\RSOS_CANONICAL_EXPERIMENT_CHAIN\033_EXP-016__WF2_Prospective_Cross_System_Confirmation\04_RAW\SOURCE\ACTIVE_CAUSAL\f95e3f8eada11cdddc116316.json,1828,734701b7e896c333b99b150d7ecd955d264af08d7215fa78945678058d4da8ab,C:\RSOS\RSOS_EXPERIMENTS_WF2_PROSPECTIVE_CROSS_SYSTEM_CONFIRMATION\04_RAW\ACTIVE_CAUSAL\f95e3f8eada11cdddc116316.json
C:\RSOS\RSOS_CANONICAL_EXPERIMENT_CHAIN\033_EXP-016__WF2_Prospective_Cross_System_Confirmation\04_RAW\SOURCE\ACTIVE_CAUSAL\f97c6e18d9fc8488970671fc.json,1828,a456db4ad253664ce0f39f7a72ac815021888dbfed401c9bf4ca41fa4db38021,C:\RSOS\RSOS_EXPERIMENTS_WF2_PROSPECTIVE_CROSS_SYSTEM_CONFIRMATION\04_RAW\ACTIVE_CAUSAL\f97c6e18d9fc8488970671fc.json
C:\RSOS\RSOS_CANONICAL_EXPERIMENT_CHAIN\033_EXP-016__WF2_Prospective_Cross_System_Confirmation\04_RAW\SOURCE\ACTIVE_CAUSAL\fa0d92a237faf9dbe3c577d1.json,3375,bec835ec447eed2b6c9a800d5946c6a9cb9e8af1eacb891f32f4ef2990116145,C:\RSOS\RSOS_EXPERIMENTS_WF2_PROSPECTIVE_CROSS_SYSTEM_CONFIRMATION\04_RAW\ACTIVE_CAUSAL\fa0d92a237faf9dbe3c577d1.json
C:\RSOS\RSOS_CANONICAL_EXPERIMENT_CHAIN\033_EXP-016__WF2_Prospective_Cross_System_Confirmation\04_RAW\SOURCE\ACTIVE_CAUSAL\fa1f0bb157d6f23501048821.json,1981,b247910027ea3b7027daef282ab12dc11d554abfbfea40421c7142e92a7ab7a4,C:\RSOS\RSOS_EXPERIMENTS_WF2_PROSPECTIVE_CROSS_SYSTEM_CONFIRMATION\04_RAW\ACTIVE_CAUSAL\fa1f0bb157d6f23501048821.json
C:\RSOS\RSOS_CANONICAL_EXPERIMENT_CHAIN\033_EXP-016__WF2_Prospective_Cross_System_Confirmation\04_RAW\SOURCE\ACTIVE_CAUSAL\fabfcd29b9474c001a819982.json,3375,c0ddecc65832888f99c2f0e5d3b9b0c4cd8c7297d019b6570120a3490cadc6f1,C:\RSOS\RSOS_EXPERIMENTS_WF2_PROSPECTIVE_CROSS_SYSTEM_CONFIRMATION\04_RAW\ACTIVE_CAUSAL\fabfcd29b9474c001a819982.json
C:\RSOS\RSOS_CANONICAL_EXPERIMENT_CHAIN\033_EXP-016__WF2_Prospective_Cross_System_Confirmation\04_RAW\SOURCE\ACTIVE_CAUSAL\fac0a5356f363402bfd89d28.json,1875,de62cfc3152f0fc92a4db40c3e3f0383cc1844744718a3479b24619bc2fe5ca7,C:\RSOS\RSOS_EXPERIMENTS_WF2_PROSPECTIVE_CROSS_SYSTEM_CONFIRMATION\04_RAW\ACTIVE_CAUSAL\fac0a5356f363402bfd89d28.json
C:\RSOS\RSOS_CANONICAL_EXPERIMENT_CHAIN\033_EXP-016__WF2_Prospective_Cross_System_Confirmation\04_RAW\SOURCE\ACTIVE_CAUSAL\fad19fd46ec3ece67f42fe09.json,1981,23bcb9857025553b25a77f9044a996fa36b62e76757a76b17342ea79085668e1,C:\RSOS\RSOS_EXPERIMENTS_WF2_PROSPECTIVE_CROSS_SYSTEM_CONFIRMATION\04_RAW\ACTIVE_CAUSAL\fad19fd46ec3ece67f42fe09.json
C:\RSOS\RSOS_CANONICAL_EXPERIMENT_CHAIN\033_EXP-016__WF2_Prospective_Cross_System_Confirmation\04_RAW\SOURCE\ACTIVE_CAUSAL\fad53ad0888f967c33c3351c.json,3375,140e8564d698d4efabe3790417f18f4bfa68fdc59c50c59e0bb57781275c42ac,C:\RSOS\RSOS_EXPERIMENTS_WF2_PROSPECTIVE_CROSS_SYSTEM_CONFIRMATION\04_RAW\ACTIVE_CAUSAL\fad53ad0888f967c33c3351c.json
C:\RSOS\RSOS_CANONICAL_EXPERIMENT_CHAIN\033_EXP-016__WF2_Prospective_Cross_System_Confirmation\04_RAW\SOURCE\ACTIVE_CAUSAL\fad919f9a67490c0dd9df92f.json,3385,1daeac385b68ecfc14c0884ee423c6d528e78512c167154571a559b4b15c2c2d,C:\RSOS\RSOS_EXPERIMENTS_WF2_PROSPECTIVE_CROSS_SYSTEM_CONFIRMATION\04_RAW\ACTIVE_CAUSAL\fad919f9a67490c0dd9df92f.json
C:\RSOS\RSOS_CANONICAL_EXPERIMENT_CHAIN\033_EXP-016__WF2_Prospective_Cross_System_Confirmation\04_RAW\SOURCE\ACTIVE_CAUSAL\fafcb7ff162d9f4e8a74689b.json,3375,ca6f3d51e8825c69bb4e07f66596aaedb91beb80f8795f6b01544b6e1aed7838,C:\RSOS\RSOS_EXPERIMENTS_WF2_PROSPECTIVE_CROSS_SYSTEM_CONFIRMATION\04_RAW\ACTIVE_CAUSAL\fafcb7ff162d9f4e8a74689b.json
C:\RSOS\RSOS_CANONICAL_EXPERIMENT_CHAIN\033_EXP-016__WF2_Prospective_Cross_System_Confirmation\04_RAW\SOURCE\ACTIVE_CAUSAL\fb258f01b8f6fb93c051441a.json,1982,54eb61c473b2997caf9ac0b2a0f53825a73634c777f2fe497f9942620ad03458,C:\RSOS\RSOS_EXPERIMENTS_WF2_PROSPECTIVE_CROSS_SYSTEM_CONFIRMATION\04_RAW\ACTIVE_CAUSAL\fb258f01b8f6fb93c051441a.json
C:\RSOS\RSOS_CANONICAL_EXPERIMENT_CHAIN\033_EXP-016__WF2_Prospective_Cross_System_Confirmation\04_RAW\SOURCE\ACTIVE_CAUSAL\fb3888a35771b773a80371d5.json,1995,6fe355f0c34ecb79f19a5f420d616f76da396008058a3b7636407f636db25b38,C:\RSOS\RSOS_EXPERIMENTS_WF2_PROSPECTIVE_CROSS_SYSTEM_CONFIRMATION\04_RAW\ACTIVE_CAUSAL\fb3888a35771b773a80371d5.json
C:\RSOS\RSOS_CANONICAL_EXPERIMENT_CHAIN\033_EXP-016__WF2_Prospective_Cross_System_Confirmation\04_RAW\SOURCE\ACTIVE_CAUSAL\fb5012c9f55c5b5102349103.json,1835,81a5d82a01b3f44770d1d2a7bf804fe7b599d03060f8009bc6b1c44bb4e172f7,C:\RSOS\RSOS_EXPERIMENTS_WF2_PROSPECTIVE_CROSS_SYSTEM_CONFIRMATION\04_RAW\ACTIVE_CAUSAL\fb5012c9f55c5b5102349103.json
C:\RSOS\RSOS_CANONICAL_EXPERIMENT_CHAIN\033_EXP-016__WF2_Prospective_Cross_System_Confirmation\04_RAW\SOURCE\ACTIVE_CAUSAL\fb676cbfde85e693cba8046f.json,1827,00fdd321a0a222bcae2e391dc04b6f248ec95c7ccfd5e693db0ef69dd9d3030c,C:\RSOS\RSOS_EXPERIMENTS_WF2_PROSPECTIVE_CROSS_SYSTEM_CONFIRMATION\04_RAW\ACTIVE_CAUSAL\fb676cbfde85e693cba8046f.json
C:\RSOS\RSOS_CANONICAL_EXPERIMENT_CHAIN\033_EXP-016__WF2_Prospective_Cross_System_Confirmation\04_RAW\SOURCE\ACTIVE_CAUSAL\fb96bb9bf2f33bbba228d1e8.json,1982,39ef431f181f8dbd9b72b8232e94d74732abc678ebec6741e1fd5e35f1a60911,C:\RSOS\RSOS_EXPERIMENTS_WF2_PROSPECTIVE_CROSS_SYSTEM_CONFIRMATION\04_RAW\ACTIVE_CAUSAL\fb96bb9bf2f33bbba228d1e8.json
C:\RSOS\RSOS_CANONICAL_EXPERIMENT_CHAIN\033_EXP-016__WF2_Prospective_Cross_System_Confirmation\04_RAW\SOURCE\ACTIVE_CAUSAL\fba27d246c18342483783783.json,3375,783682dc7bb49a1754b622da0b53452c266bad18c846d442c04bde5f6d8533ab,C:\RSOS\RSOS_EXPERIMENTS_WF2_PROSPECTIVE_CROSS_SYSTEM_CONFIRMATION\04_RAW\ACTIVE_CAUSAL\fba27d246c18342483783783.json
C:\RSOS\RSOS_CANONICAL_EXPERIMENT_CHAIN\033_EXP-016__WF2_Prospective_Cross_System_Confirmation\04_RAW\SOURCE\ACTIVE_CAUSAL\fbb5496c71a287658fa6c8c6.json,3388,b87566da7ed4af1ea55de1e4a5e234ab2244369d3d7f5405052bd868277a2ead,C:\RSOS\RSOS_EXPERIMENTS_WF2_PROSPECTIVE_CROSS_SYSTEM_CONFIRMATION\04_RAW\ACTIVE_CAUSAL\fbb5496c71a287658fa6c8c6.json
C:\RSOS\RSOS_CANONICAL_EXPERIMENT_CHAIN\033_EXP-016__WF2_Prospective_Cross_System_Confirmation\04_RAW\SOURCE\ACTIVE_CAUSAL\fbf3c7b0dddb529471c3669a.json,3388,d525aea3bf239a7d2c1d6e88a6dbb43466f988463228cffbe8aa02b0483e543f,C:\RSOS\RSOS_EXPERIMENTS_WF2_PROSPECTIVE_CROSS_SYSTEM_CONFIRMATION\04_RAW\ACTIVE_CAUSAL\fbf3c7b0dddb529471c3669a.json
C:\RSOS\RSOS_CANONICAL_EXPERIMENT_CHAIN\033_EXP-016__WF2_Prospective_Cross_System_Confirmation\04_RAW\SOURCE\ACTIVE_CAUSAL\fc06ded435d33b9ef03df7c8.json,1981,debd730c69389a119e8cbceab48f938d93f6d2af177ed53f03d5ddca79bba1d3,C:\RSOS\RSOS_EXPERIMENTS_WF2_PROSPECTIVE_CROSS_SYSTEM_CONFIRMATION\04_RAW\ACTIVE_CAUSAL\fc06ded435d33b9ef03df7c8.json
C:\RSOS\RSOS_CANONICAL_EXPERIMENT_CHAIN\033_EXP-016__WF2_Prospective_Cross_System_Confirmation\04_RAW\SOURCE\ACTIVE_CAUSAL\fc3196df44ae5d1fb8f6d37a.json,1982,288a6c61f7a92d98bfa9697ef2305c9e300ad60bab19634ebfd3bbb00d463d6e,C:\RSOS\RSOS_EXPERIMENTS_WF2_PROSPECTIVE_CROSS_SYSTEM_CONFIRMATION\04_RAW\ACTIVE_CAUSAL\fc3196df44ae5d1fb8f6d37a.json
C:\RSOS\RSOS_CANONICAL_EXPERIMENT_CHAIN\033_EXP-016__WF2_Prospective_Cross_System_Confirmation\04_RAW\SOURCE\ACTIVE_CAUSAL\fc67be5de972ffde6a599c6a.json,1827,12533e2dab7ec0a1d491d8d334fcaca24bce24b38e620a16c2a05ff72a3147fe,C:\RSOS\RSOS_EXPERIMENTS_WF2_PROSPECTIVE_CROSS_SYSTEM_CONFIRMATION\04_RAW\ACTIVE_CAUSAL\fc67be5de972ffde6a599c6a.json
C:\RSOS\RSOS_CANONICAL_EXPERIMENT_CHAIN\033_EXP-016__WF2_Prospective_Cross_System_Confirmation\04_RAW\SOURCE\ACTIVE_CAUSAL\fcab01eb9428232424f7280f.json,1982,b1149eba96624b7e68bbcb5ffc909d58cbec24ba8863318ac42bfa604e522a59,C:\RSOS\RSOS_EXPERIMENTS_WF2_PROSPECTIVE_CROSS_SYSTEM_CONFIRMATION\04_RAW\ACTIVE_CAUSAL\fcab01eb9428232424f7280f.json
C:\RSOS\RSOS_CANONICAL_EXPERIMENT_CHAIN\033_EXP-016__WF2_Prospective_Cross_System_Confirmation\04_RAW\SOURCE\ACTIVE_CAUSAL\fcaf99dfcf46054bbff23564.json,1991,dc6b0f16d4812c584bc6c29b9de03f4851606dcee26223f0624f4c3a1a16b6bf,C:\RSOS\RSOS_EXPERIMENTS_WF2_PROSPECTIVE_CROSS_SYSTEM_CONFIRMATION\04_RAW\ACTIVE_CAUSAL\fcaf99dfcf46054bbff23564.json
C:\RSOS\RSOS_CANONICAL_EXPERIMENT_CHAIN\033_EXP-016__WF2_Prospective_Cross_System_Confirmation\04_RAW\SOURCE\ACTIVE_CAUSAL\fcbfc50ec2abd2a197b4d5e6.json,3375,221d87f191e174c0bd5ee65faa7b8842081766c8b87f74374bcbbc41a3759e24,C:\RSOS\RSOS_EXPERIMENTS_WF2_PROSPECTIVE_CROSS_SYSTEM_CONFIRMATION\04_RAW\ACTIVE_CAUSAL\fcbfc50ec2abd2a197b4d5e6.json
C:\RSOS\RSOS_CANONICAL_EXPERIMENT_CHAIN\033_EXP-016__WF2_Prospective_Cross_System_Confirmation\04_RAW\SOURCE\ACTIVE_CAUSAL\fd0cd00109d0d1b9eff7766f.json,3374,6ed18a7432c4a080d966e2301b4f59af75e27ad8f0351730f90bb7614e9ee156,C:\RSOS\RSOS_EXPERIMENTS_WF2_PROSPECTIVE_CROSS_SYSTEM_CONFIRMATION\04_RAW\ACTIVE_CAUSAL\fd0cd00109d0d1b9eff7766f.json
C:\RSOS\RSOS_CANONICAL_EXPERIMENT_CHAIN\033_EXP-016__WF2_Prospective_Cross_System_Confirmation\04_RAW\SOURCE\ACTIVE_CAUSAL\fd6e2b28d3fe455542b50703.json,1983,a41314432528fcd38ea16401071415b09b03a7b8c7b4c2af73400d7921ee3787,C:\RSOS\RSOS_EXPERIMENTS_WF2_PROSPECTIVE_CROSS_SYSTEM_CONFIRMATION\04_RAW\ACTIVE_CAUSAL\fd6e2b28d3fe455542b50703.json
C:\RSOS\RSOS_CANONICAL_EXPERIMENT_CHAIN\033_EXP-016__WF2_Prospective_Cross_System_Confirmation\04_RAW\SOURCE\ACTIVE_CAUSAL\fd7eb9124cc740fc9581562d.json,3374,2571f8da6210c8401dc2d570cda3489e591cd982b86302f47a5bdcf49803fd7c,C:\RSOS\RSOS_EXPERIMENTS_WF2_PROSPECTIVE_CROSS_SYSTEM_CONFIRMATION\04_RAW\ACTIVE_CAUSAL\fd7eb9124cc740fc9581562d.json
C:\RSOS\RSOS_CANONICAL_EXPERIMENT_CHAIN\033_EXP-016__WF2_Prospective_Cross_System_Confirmation\04_RAW\SOURCE\ACTIVE_CAUSAL\fda30845d808b151dec8f2ae.json,1981,f4b02dc4394e34b72969466aa7778972fefe99b9652c71cb40e25acc19fc8a7d,C:\RSOS\RSOS_EXPERIMENTS_WF2_PROSPECTIVE_CROSS_SYSTEM_CONFIRMATION\04_RAW\ACTIVE_CAUSAL\fda30845d808b151dec8f2ae.json
C:\RSOS\RSOS_CANONICAL_EXPERIMENT_CHAIN\033_EXP-016__WF2_Prospective_Cross_System_Confirmation\04_RAW\SOURCE\ACTIVE_CAUSAL\fdc8258dad31c25b77c87f93.json,1996,d9ff0c2f2c7f4cddd10cd7d6968ac307bad168a46b78c67c27e5f6a765cc6da8,C:\RSOS\RSOS_EXPERIMENTS_WF2_PROSPECTIVE_CROSS_SYSTEM_CONFIRMATION\04_RAW\ACTIVE_CAUSAL\fdc8258dad31c25b77c87f93.json
C:\RSOS\RSOS_CANONICAL_EXPERIMENT_CHAIN\033_EXP-016__WF2_Prospective_Cross_System_Confirmation\04_RAW\SOURCE\ACTIVE_CAUSAL\fe1f18c48d5d711382c2537f.json,3375,4194f6dccc1c583cc4d214c5e6193b62dfa3959036097f2cbe6c84584e0bef3d,C:\RSOS\RSOS_EXPERIMENTS_WF2_PROSPECTIVE_CROSS_SYSTEM_CONFIRMATION\04_RAW\ACTIVE_CAUSAL\fe1f18c48d5d711382c2537f.json
C:\RSOS\RSOS_CANONICAL_EXPERIMENT_CHAIN\033_EXP-016__WF2_Prospective_Cross_System_Confirmation\04_RAW\SOURCE\ACTIVE_CAUSAL\fe4e02343ee7d4d0bef45678.json,1826,0b6f63ae8c334c63ada06b87c40f66c8331edaf5f2145b18b321cb9bd5486ff3,C:\RSOS\RSOS_EXPERIMENTS_WF2_PROSPECTIVE_CROSS_SYSTEM_CONFIRMATION\04_RAW\ACTIVE_CAUSAL\fe4e02343ee7d4d0bef45678.json
C:\RSOS\RSOS_CANONICAL_EXPERIMENT_CHAIN\033_EXP-016__WF2_Prospective_Cross_System_Confirmation\04_RAW\SOURCE\ACTIVE_CAUSAL\fe50cd1271d177f16a2945ec.json,1982,b05f746916381c8b463879f087ff3310a778de77126e8a6ea23474386d89ad07,C:\RSOS\RSOS_EXPERIMENTS_WF2_PROSPECTIVE_CROSS_SYSTEM_CONFIRMATION\04_RAW\ACTIVE_CAUSAL\fe50cd1271d177f16a2945ec.json
C:\RSOS\RSOS_CANONICAL_EXPERIMENT_CHAIN\033_EXP-016__WF2_Prospective_Cross_System_Confirmation\04_RAW\SOURCE\ACTIVE_CAUSAL\fea984709a3f0a9733f8770d.json,1836,e9ac09b1583d4f24b846184e0c8d475f259d5a7da1a3dd8712a174a6231707e3,C:\RSOS\RSOS_EXPERIMENTS_WF2_PROSPECTIVE_CROSS_SYSTEM_CONFIRMATION\04_RAW\ACTIVE_CAUSAL\fea984709a3f0a9733f8770d.json
C:\RSOS\RSOS_CANONICAL_EXPERIMENT_CHAIN\033_EXP-016__WF2_Prospective_Cross_System_Confirmation\04_RAW\SOURCE\ACTIVE_CAUSAL\febd89217c3332f133b0bb1e.json,1981,b95fe51ae12538a8596a1f60b4526a080458a678f188fdeb6e29be4fabb9678d,C:\RSOS\RSOS_EXPERIMENTS_WF2_PROSPECTIVE_CROSS_SYSTEM_CONFIRMATION\04_RAW\ACTIVE_CAUSAL\febd89217c3332f133b0bb1e.json
C:\RSOS\RSOS_CANONICAL_EXPERIMENT_CHAIN\033_EXP-016__WF2_Prospective_Cross_System_Confirmation\04_RAW\SOURCE\ACTIVE_CAUSAL\fece75bad44b4729a08b7cc9.json,1827,9b7369caa925155b8d6b0d2d28e6f42be6649f84fdb04817c576196d4513243b,C:\RSOS\RSOS_EXPERIMENTS_WF2_PROSPECTIVE_CROSS_SYSTEM_CONFIRMATION\04_RAW\ACTIVE_CAUSAL\fece75bad44b4729a08b7cc9.json
C:\RSOS\RSOS_CANONICAL_EXPERIMENT_CHAIN\033_EXP-016__WF2_Prospective_Cross_System_Confirmation\04_RAW\SOURCE\ACTIVE_CAUSAL\fee2a4f295b1236c0318cf0e.json,1860,226b10cbedbfa9df02071e8bc4a4a4153b4296d33948dff9ce9a5a0aaffc01f7,C:\RSOS\RSOS_EXPERIMENTS_WF2_PROSPECTIVE_CROSS_SYSTEM_CONFIRMATION\04_RAW\ACTIVE_CAUSAL\fee2a4f295b1236c0318cf0e.json
C:\RSOS\RSOS_CANONICAL_EXPERIMENT_CHAIN\033_EXP-016__WF2_Prospective_Cross_System_Confirmation\04_RAW\SOURCE\ACTIVE_CAUSAL\ffa8446614c8c3c3181c8c40.json,1981,5323f11956886e2be3e2b34f9f433f55b3ca6592b31d0d0ae469499f333dbbf1,C:\RSOS\RSOS_EXPERIMENTS_WF2_PROSPECTIVE_CROSS_SYSTEM_CONFIRMATION\04_RAW\ACTIVE_CAUSAL\ffa8446614c8c3c3181c8c40.json
C:\RSOS\RSOS_CANONICAL_EXPERIMENT_CHAIN\033_EXP-016__WF2_Prospective_Cross_System_Confirmation\04_RAW\SOURCE\ACTIVE_CAUSAL\ffbc81724b405f07044d25c1.json,1836,08727893d0b6af33da0cc5ba596a200d97c9563b1b3a4ce0469cbbda0f6a631c,C:\RSOS\RSOS_EXPERIMENTS_WF2_PROSPECTIVE_CROSS_SYSTEM_CONFIRMATION\04_RAW\ACTIVE_CAUSAL\ffbc81724b405f07044d25c1.json
C:\RSOS\RSOS_CANONICAL_EXPERIMENT_CHAIN\033_EXP-016__WF2_Prospective_Cross_System_Confirmation\04_RAW\SOURCE\ACTIVE_CAUSAL\ffc7abf7fa96b1e10963f5e8.json,1836,b8d03c839531bc7fc09677998c3c448bbf010e57a776795d86881f93720dd63c,C:\RSOS\RSOS_EXPERIMENTS_WF2_PROSPECTIVE_CROSS_SYSTEM_CONFIRMATION\04_RAW\ACTIVE_CAUSAL\ffc7abf7fa96b1e10963f5e8.json
C:\RSOS\RSOS_CANONICAL_EXPERIMENT_CHAIN\033_EXP-016__WF2_Prospective_Cross_System_Confirmation\04_RAW\SOURCE\ACTIVE_CAUSAL\ffd21849ba30a31518b89e52.json,1982,8d292dc309a9d762f47c00d028cb379357e540fd7f906c62ab92cc6d130228bf,C:\RSOS\RSOS_EXPERIMENTS_WF2_PROSPECTIVE_CROSS_SYSTEM_CONFIRMATION\04_RAW\ACTIVE_CAUSAL\ffd21849ba30a31518b89e52.json
C:\RSOS\RSOS_CANONICAL_EXPERIMENT_CHAIN\033_EXP-016__WF2_Prospective_Cross_System_Confirmation\04_RAW\SOURCE\ACTIVE_CAUSAL_TECHNICAL_PARSE_FAILURES_PRE_RETRY\1bf6cdf727a2386ce1588562.json,3022,ec7e62a41bfcd339372d73dda861b423cf672259bce5777d1ab867c5f565d72b,C:\RSOS\RSOS_EXPERIMENTS_WF2_PROSPECTIVE_CROSS_SYSTEM_CONFIRMATION\04_RAW\ACTIVE_CAUSAL_TECHNICAL_PARSE_FAILURES_PRE_RETRY\1bf6cdf727a2386ce1588562.json
C:\RSOS\RSOS_CANONICAL_EXPERIMENT_CHAIN\033_EXP-016__WF2_Prospective_Cross_System_Confirmation\04_RAW\SOURCE\ACTIVE_CAUSAL_TECHNICAL_PARSE_FAILURES_PRE_RETRY\246945e3298674235aa0a0eb.json,2962,4bb81a297e0a742745957723a1cd4563c8d7583bb829fcdd02b0c69ce3dfd30f,C:\RSOS\RSOS_EXPERIMENTS_WF2_PROSPECTIVE_CROSS_SYSTEM_CONFIRMATION\04_RAW\ACTIVE_CAUSAL_TECHNICAL_PARSE_FAILURES_PRE_RETRY\246945e3298674235aa0a0eb.json
C:\RSOS\RSOS_CANONICAL_EXPERIMENT_CHAIN\033_EXP-016__WF2_Prospective_Cross_System_Confirmation\04_RAW\SOURCE\ACTIVE_CAUSAL_TECHNICAL_PARSE_FAILURES_PRE_RETRY\2f392643c26682104d62f884.json,3177,a9e4293c34a43474d0b995bd2cd52100bcd65eff681371acc8d777cdea6d112d,C:\RSOS\RSOS_EXPERIMENTS_WF2_PROSPECTIVE_CROSS_SYSTEM_CONFIRMATION\04_RAW\ACTIVE_CAUSAL_TECHNICAL_PARSE_FAILURES_PRE_RETRY\2f392643c26682104d62f884.json
C:\RSOS\RSOS_CANONICAL_EXPERIMENT_CHAIN\033_EXP-016__WF2_Prospective_Cross_System_Confirmation\04_RAW\SOURCE\ACTIVE_CAUSAL_TECHNICAL_PARSE_FAILURES_PRE_RETRY\5e7c665e30231a7c5b9ebecc.json,2853,c13a6adaa2c90975b5e77d1129e20711fafca124bd935238e0ca4c81139938c3,C:\RSOS\RSOS_EXPERIMENTS_WF2_PROSPECTIVE_CROSS_SYSTEM_CONFIRMATION\04_RAW\ACTIVE_CAUSAL_TECHNICAL_PARSE_FAILURES_PRE_RETRY\5e7c665e30231a7c5b9ebecc.json
C:\RSOS\RSOS_CANONICAL_EXPERIMENT_CHAIN\033_EXP-016__WF2_Prospective_Cross_System_Confirmation\04_RAW\SOURCE\ACTIVE_CAUSAL_TECHNICAL_PARSE_FAILURES_PRE_RETRY\935cb8709451c290e72a9c91.json,3353,fcbab2307e525b682c84f6c7c89aa985a7eb0340a82ef661ce9bc277cc6b6865,C:\RSOS\RSOS_EXPERIMENTS_WF2_PROSPECTIVE_CROSS_SYSTEM_CONFIRMATION\04_RAW\ACTIVE_CAUSAL_TECHNICAL_PARSE_FAILURES_PRE_RETRY\935cb8709451c290e72a9c91.json
C:\RSOS\RSOS_CANONICAL_EXPERIMENT_CHAIN\033_EXP-016__WF2_Prospective_Cross_System_Confirmation\04_RAW\SOURCE\ACTIVE_CAUSAL_TECHNICAL_PARSE_FAILURES_PRE_RETRY\97113a48e0e150683a56c6a9.json,3526,f803389ffdbbc99500c59fa026a554b89e7e6fcb734b5657d27d0f6390ad6fe1,C:\RSOS\RSOS_EXPERIMENTS_WF2_PROSPECTIVE_CROSS_SYSTEM_CONFIRMATION\04_RAW\ACTIVE_CAUSAL_TECHNICAL_PARSE_FAILURES_PRE_RETRY\97113a48e0e150683a56c6a9.json
C:\RSOS\RSOS_CANONICAL_EXPERIMENT_CHAIN\033_EXP-016__WF2_Prospective_Cross_System_Confirmation\04_RAW\SOURCE\ACTIVE_CAUSAL_TECHNICAL_PARSE_FAILURES_PRE_RETRY\bdacf3194d2b904916f1e0fa.json,3316,ceac1383a45c0798ec5dd515f0e2522273caaf1b1791b0dce81c713a5e27feb2,C:\RSOS\RSOS_EXPERIMENTS_WF2_PROSPECTIVE_CROSS_SYSTEM_CONFIRMATION\04_RAW\ACTIVE_CAUSAL_TECHNICAL_PARSE_FAILURES_PRE_RETRY\bdacf3194d2b904916f1e0fa.json
C:\RSOS\RSOS_CANONICAL_EXPERIMENT_CHAIN\033_EXP-016__WF2_Prospective_Cross_System_Confirmation\04_RAW\SOURCE\ACTIVE_CAUSAL_TECHNICAL_PARSE_FAILURES_PRE_RETRY\c2a258c2407fc30adb2ffb38.json,3140,a75fe13e6bd656b352968b07bc43b741ba197f80952af6080f0b1d23a527f73e,C:\RSOS\RSOS_EXPERIMENTS_WF2_PROSPECTIVE_CROSS_SYSTEM_CONFIRMATION\04_RAW\ACTIVE_CAUSAL_TECHNICAL_PARSE_FAILURES_PRE_RETRY\c2a258c2407fc30adb2ffb38.json
C:\RSOS\RSOS_CANONICAL_EXPERIMENT_CHAIN\033_EXP-016__WF2_Prospective_Cross_System_Confirmation\04_RAW\SOURCE\ACTIVE_CAUSAL_TECHNICAL_PARSE_FAILURES_PRE_RETRY\c725ca75c8e8bd40342f2683.json,3334,15fb9a55c96a5a6a2920931052c30cc9b6a3aeecd7a80a4c0cb1e31af8154f33,C:\RSOS\RSOS_EXPERIMENTS_WF2_PROSPECTIVE_CROSS_SYSTEM_CONFIRMATION\04_RAW\ACTIVE_CAUSAL_TECHNICAL_PARSE_FAILURES_PRE_RETRY\c725ca75c8e8bd40342f2683.json
C:\RSOS\RSOS_CANONICAL_EXPERIMENT_CHAIN\033_EXP-016__WF2_Prospective_Cross_System_Confirmation\04_RAW\SOURCE\ACTIVE_CAUSAL_TECHNICAL_PARSE_FAILURES_PRE_RETRY\d6f13a2ed2047bf48a2f8882.json,3095,af0ebddeda804ba8a0ede24ed8ad0de6471b39abeb99e17761cfae4b30b6b25c,C:\RSOS\RSOS_EXPERIMENTS_WF2_PROSPECTIVE_CROSS_SYSTEM_CONFIRMATION\04_RAW\ACTIVE_CAUSAL_TECHNICAL_PARSE_FAILURES_PRE_RETRY\d6f13a2ed2047bf48a2f8882.json
C:\RSOS\RSOS_CANONICAL_EXPERIMENT_CHAIN\033_EXP-016__WF2_Prospective_Cross_System_Confirmation\04_RAW\SOURCE\ACTIVE_CAUSAL_TECHNICAL_PARSE_FAILURES_PRE_RETRY\WF2_ACTIVE_PARSE_FAILURE_RETRY_FREEZE.txt,445,661520b7318dc40e4e368f0bc83ff2ba3daade9fbff46c9c08ff1034612fd475,C:\RSOS\RSOS_EXPERIMENTS_WF2_PROSPECTIVE_CROSS_SYSTEM_CONFIRMATION\04_RAW\ACTIVE_CAUSAL_TECHNICAL_PARSE_FAILURES_PRE_RETRY\WF2_ACTIVE_PARSE_FAILURE_RETRY_FREEZE.txt
C:\RSOS\RSOS_CANONICAL_EXPERIMENT_CHAIN\033_EXP-016__WF2_Prospective_Cross_System_Confirmation\04_RAW\SOURCE\ACTIVE_CAUSAL_TECHNICAL_PARSE_FAILURES_PRE_RETRY\WF2_ACTIVE_PARSE_FAILURES_PRE_RETRY_SHA256.csv,4354,93eba6742469322aaa4145a5a012cc309d62f151118890a5a93eaf13c90bf7c7,C:\RSOS\RSOS_EXPERIMENTS_WF2_PROSPECTIVE_CROSS_SYSTEM_CONFIRMATION\04_RAW\ACTIVE_CAUSAL_TECHNICAL_PARSE_FAILURES_PRE_RETRY\WF2_ACTIVE_PARSE_FAILURES_PRE_RETRY_SHA256.csv
C:\RSOS\RSOS_CANONICAL_EXPERIMENT_CHAIN\033_EXP-016__WF2_Prospective_Cross_System_Confirmation\04_RAW\SOURCE\ACTIVE_CAUSAL_TECHNICAL_PARSE_FAILURES_RETRY_02\c2a258c2407fc30adb2ffb38.json,3118,651a0c770a5047643972048fa687f3ab186ece959dde45d86b274df0485d6efb,C:\RSOS\RSOS_EXPERIMENTS_WF2_PROSPECTIVE_CROSS_SYSTEM_CONFIRMATION\04_RAW\ACTIVE_CAUSAL_TECHNICAL_PARSE_FAILURES_RETRY_02\c2a258c2407fc30adb2ffb38.json
C:\RSOS\RSOS_CANONICAL_EXPERIMENT_CHAIN\033_EXP-016__WF2_Prospective_Cross_System_Confirmation\04_RAW\SOURCE\ACTIVE_CAUSAL_TECHNICAL_PARSE_FAILURES_RETRY_02\c725ca75c8e8bd40342f2683.json,3262,f3713d988a7b24ed11eebfd4cc6bc616f8b361730b6f989a6ce4c2cd10942951,C:\RSOS\RSOS_EXPERIMENTS_WF2_PROSPECTIVE_CROSS_SYSTEM_CONFIRMATION\04_RAW\ACTIVE_CAUSAL_TECHNICAL_PARSE_FAILURES_RETRY_02\c725ca75c8e8bd40342f2683.json
C:\RSOS\RSOS_CANONICAL_EXPERIMENT_CHAIN\033_EXP-016__WF2_Prospective_Cross_System_Confirmation\04_RAW\SOURCE\ACTIVE_CAUSAL_TECHNICAL_PARSE_FAILURES_RETRY_02\WF2_ACTIVE_PARSE_FAILURE_RETRY_02_FREEZE.txt,390,b833a5704a28b1d0db54d146534576e158b5c95202d2e9ad38a87fc85a8eab0f,C:\RSOS\RSOS_EXPERIMENTS_WF2_PROSPECTIVE_CROSS_SYSTEM_CONFIRMATION\04_RAW\ACTIVE_CAUSAL_TECHNICAL_PARSE_FAILURES_RETRY_02\WF2_ACTIVE_PARSE_FAILURE_RETRY_02_FREEZE.txt
C:\RSOS\RSOS_CANONICAL_EXPERIMENT_CHAIN\033_EXP-016__WF2_Prospective_Cross_System_Confirmation\04_RAW\SOURCE\ACTIVE_CAUSAL_TECHNICAL_PARSE_FAILURES_RETRY_02\WF2_ACTIVE_PARSE_FAILURES_RETRY_02_SHA256.csv,934,51e6b7694764a340047bf6481d704af669dcc649182bd57547531be748f6d759,C:\RSOS\RSOS_EXPERIMENTS_WF2_PROSPECTIVE_CROSS_SYSTEM_CONFIRMATION\04_RAW\ACTIVE_CAUSAL_TECHNICAL_PARSE_FAILURES_RETRY_02\WF2_ACTIVE_PARSE_FAILURES_RETRY_02_SHA256.csv
C:\RSOS\RSOS_CANONICAL_EXPERIMENT_CHAIN\033_EXP-016__WF2_Prospective_Cross_System_Confirmation\04_RAW\SOURCE\CELLS\000053b5261d628a9d6d8dee.json,71671,6853633c75d813f521cee178c10d5ad9f4b79068ac4ec73bb90476cb86a85b4f,C:\RSOS\RSOS_EXPERIMENTS_WF2_PROSPECTIVE_CROSS_SYSTEM_CONFIRMATION\04_RAW\CELLS\000053b5261d628a9d6d8dee.json
C:\RSOS\RSOS_CANONICAL_EXPERIMENT_CHAIN\033_EXP-016__WF2_Prospective_Cross_System_Confirmation\04_RAW\SOURCE\CELLS\002f72d8048238ce74b6244c.json,87514,3e66dbba8106113594a779202d82e223f45e68c7f7c0ba8753779514ca1ea9bb,C:\RSOS\RSOS_EXPERIMENTS_WF2_PROSPECTIVE_CROSS_SYSTEM_CONFIRMATION\04_RAW\CELLS\002f72d8048238ce74b6244c.json
C:\RSOS\RSOS_CANONICAL_EXPERIMENT_CHAIN\033_EXP-016__WF2_Prospective_Cross_System_Confirmation\04_RAW\SOURCE\CELLS\008e8c2e3310b6b1523bae17.json,61310,e1bafcc1ab15a386d517cffc30d6f2d068e588f68b00ef5bebc69b6d29e8988f,C:\RSOS\RSOS_EXPERIMENTS_WF2_PROSPECTIVE_CROSS_SYSTEM_CONFIRMATION\04_RAW\CELLS\008e8c2e3310b6b1523bae17.json
C:\RSOS\RSOS_CANONICAL_EXPERIMENT_CHAIN\033_EXP-016__WF2_Prospective_Cross_System_Confirmation\04_RAW\SOURCE\CELLS\01efa37a44e96852ba915662.json,43794,ba179d28050fb55a8cd5387efb3cea7525da975c863ebf445b8eabacd89d3f98,C:\RSOS\RSOS_EXPERIMENTS_WF2_PROSPECTIVE_CROSS_SYSTEM_CONFIRMATION\04_RAW\CELLS\01efa37a44e96852ba915662.json
C:\RSOS\RSOS_CANONICAL_EXPERIMENT_CHAIN\033_EXP-016__WF2_Prospective_Cross_System_Confirmation\04_RAW\SOURCE\CELLS\0220e4cee047a55d9e905b3b.json,83375,c84d7b989272f4d4d6d2b6c2e65fd5154ce1335c817d7e4e33d44316ad5d38dc,C:\RSOS\RSOS_EXPERIMENTS_WF2_PROSPECTIVE_CROSS_SYSTEM_CONFIRMATION\04_RAW\CELLS\0220e4cee047a55d9e905b3b.json
C:\RSOS\RSOS_CANONICAL_EXPERIMENT_CHAIN\033_EXP-016__WF2_Prospective_Cross_System_Confirmation\04_RAW\SOURCE\CELLS\0236363c1f45ed88cdaff5a6.json,111674,8f27dbae81e028272adfec7088a17afd3bb0543bb6190e6b5ad99b510d08dc92,C:\RSOS\RSOS_EXPERIMENTS_WF2_PROSPECTIVE_CROSS_SYSTEM_CONFIRMATION\04_RAW\CELLS\0236363c1f45ed88cdaff5a6.json
C:\RSOS\RSOS_CANONICAL_EXPERIMENT_CHAIN\033_EXP-016__WF2_Prospective_Cross_System_Confirmation\04_RAW\SOURCE\CELLS\023b6b77fa18d5038accb923.json,101563,7a79afd08af8c7326ca1c9cbe64bd8c67d0a0c211d131626736d255093288bd5,C:\RSOS\RSOS_EXPERIMENTS_WF2_PROSPECTIVE_CROSS_SYSTEM_CONFIRMATION\04_RAW\CELLS\023b6b77fa18d5038accb923.json
C:\RSOS\RSOS_CANONICAL_EXPERIMENT_CHAIN\033_EXP-016__WF2_Prospective_Cross_System_Confirmation\04_RAW\SOURCE\CELLS\0283c9abc614c37a7dd0a987.json,56241,d200337dec066dc873e7022b43a14215f958140d58b579c48564cc91acd26d19,C:\RSOS\RSOS_EXPERIMENTS_WF2_PROSPECTIVE_CROSS_SYSTEM_CONFIRMATION\04_RAW\CELLS\0283c9abc614c37a7dd0a987.json
C:\RSOS\RSOS_CANONICAL_EXPERIMENT_CHAIN\033_EXP-016__WF2_Prospective_Cross_System_Confirmation\04_RAW\SOURCE\CELLS\03925ed2c2bd7f49d645af92.json,87641,1ee867be62ac8171b83f2d66a0a6018808abd0f03dedb4e2560250a054cc9e99,C:\RSOS\RSOS_EXPERIMENTS_WF2_PROSPECTIVE_CROSS_SYSTEM_CONFIRMATION\04_RAW\CELLS\03925ed2c2bd7f49d645af92.json
C:\RSOS\RSOS_CANONICAL_EXPERIMENT_CHAIN\033_EXP-016__WF2_Prospective_Cross_System_Confirmation\04_RAW\SOURCE\CELLS\03f7739eb809323b7bf10df3.json,81608,ba445f50211f59919254c8e8a6a3414966ad97c47da587999c3bf654644d64e9,C:\RSOS\RSOS_EXPERIMENTS_WF2_PROSPECTIVE_CROSS_SYSTEM_CONFIRMATION\04_RAW\CELLS\03f7739eb809323b7bf10df3.json
C:\RSOS\RSOS_CANONICAL_EXPERIMENT_CHAIN\033_EXP-016__WF2_Prospective_Cross_System_Confirmation\04_RAW\SOURCE\CELLS\042b86f243a9ee3dbeaabee6.json,47968,49716140c5c14b09c3654de53288938c1c8ff67ade4eeeb9ef2109bd9d369e1b,C:\RSOS\RSOS_EXPERIMENTS_WF2_PROSPECTIVE_CROSS_SYSTEM_CONFIRMATION\04_RAW\CELLS\042b86f243a9ee3dbeaabee6.json
C:\RSOS\RSOS_CANONICAL_EXPERIMENT_CHAIN\033_EXP-016__WF2_Prospective_Cross_System_Confirmation\04_RAW\SOURCE\CELLS\05e15bc26397465451f08a2f.json,101039,6e371212a0a5174a4a43ff797a62e986eee34375bfb34f89742f63227767ac93,C:\RSOS\RSOS_EXPERIMENTS_WF2_PROSPECTIVE_CROSS_SYSTEM_CONFIRMATION\04_RAW\CELLS\05e15bc26397465451f08a2f.json
C:\RSOS\RSOS_CANONICAL_EXPERIMENT_CHAIN\033_EXP-016__WF2_Prospective_Cross_System_Confirmation\04_RAW\SOURCE\CELLS\073d5f0fc54195077f709bd6.json,67843,141d1ce27da70a6552386670ac81b5d251bd92d8fdaa485bfa4b804523969fd5,C:\RSOS\RSOS_EXPERIMENTS_WF2_PROSPECTIVE_CROSS_SYSTEM_CONFIRMATION\04_RAW\CELLS\073d5f0fc54195077f709bd6.json
C:\RSOS\RSOS_CANONICAL_EXPERIMENT_CHAIN\033_EXP-016__WF2_Prospective_Cross_System_Confirmation\04_RAW\SOURCE\CELLS\0844f7f35713dbec2b9279b8.json,48056,1323829c039fca6888edfef954dc54f4026dca8cd5184c9bd457a175c7728760,C:\RSOS\RSOS_EXPERIMENTS_WF2_PROSPECTIVE_CROSS_SYSTEM_CONFIRMATION\04_RAW\CELLS\0844f7f35713dbec2b9279b8.json
C:\RSOS\RSOS_CANONICAL_EXPERIMENT_CHAIN\033_EXP-016__WF2_Prospective_Cross_System_Confirmation\04_RAW\SOURCE\CELLS\084db8a8a3e0d94bdef44fbc.json,92516,5615425b709820ae65448b8a13c6856b26b96655e85e284ffeb5e14a5ff6aa54,C:\RSOS\RSOS_EXPERIMENTS_WF2_PROSPECTIVE_CROSS_SYSTEM_CONFIRMATION\04_RAW\CELLS\084db8a8a3e0d94bdef44fbc.json
C:\RSOS\RSOS_CANONICAL_EXPERIMENT_CHAIN\033_EXP-016__WF2_Prospective_Cross_System_Confirmation\04_RAW\SOURCE\CELLS\098f4d4c916a6a7bf867d2cc.json,88616,55c423f378a5c47df8bf844f2693004d800bbd0ec0f4379c21cb74d33559b8d0,C:\RSOS\RSOS_EXPERIMENTS_WF2_PROSPECTIVE_CROSS_SYSTEM_CONFIRMATION\04_RAW\CELLS\098f4d4c916a6a7bf867d2cc.json
C:\RSOS\RSOS_CANONICAL_EXPERIMENT_CHAIN\033_EXP-016__WF2_Prospective_Cross_System_Confirmation\04_RAW\SOURCE\CELLS\09e7e2c8f046dc6c5701dac8.json,41219,d07a647ebd328398e9f3cff01e8aff1ab4577777f3cbd359c40aa3c909684434,C:\RSOS\RSOS_EXPERIMENTS_WF2_PROSPECTIVE_CROSS_SYSTEM_CONFIRMATION\04_RAW\CELLS\09e7e2c8f046dc6c5701dac8.json
C:\RSOS\RSOS_CANONICAL_EXPERIMENT_CHAIN\033_EXP-016__WF2_Prospective_Cross_System_Confirmation\04_RAW\SOURCE\CELLS\0b63105034275bb54396aa17.json,48701,4a369ed441c49de097999bc56a39e76764bf82bd14c6b54d593aec2bc063aba2,C:\RSOS\RSOS_EXPERIMENTS_WF2_PROSPECTIVE_CROSS_SYSTEM_CONFIRMATION\04_RAW\CELLS\0b63105034275bb54396aa17.json
C:\RSOS\RSOS_CANONICAL_EXPERIMENT_CHAIN\033_EXP-016__WF2_Prospective_Cross_System_Confirmation\04_RAW\SOURCE\CELLS\0c22e74a8fc4144d83d665ba.json,68258,a8d430d2f4b0552ae1157a9a73308e51c12a395de569e9700417778a90eda6ac,C:\RSOS\RSOS_EXPERIMENTS_WF2_PROSPECTIVE_CROSS_SYSTEM_CONFIRMATION\04_RAW\CELLS\0c22e74a8fc4144d83d665ba.json
C:\RSOS\RSOS_CANONICAL_EXPERIMENT_CHAIN\033_EXP-016__WF2_Prospective_Cross_System_Confirmation\04_RAW\SOURCE\CELLS\0ca903b77213c616dcc4210b.json,83870,766e4f0b5136425800322b03aa54d72713f0f10cf55859dd7efafa20849e16e3,C:\RSOS\RSOS_EXPERIMENTS_WF2_PROSPECTIVE_CROSS_SYSTEM_CONFIRMATION\04_RAW\CELLS\0ca903b77213c616dcc4210b.json
C:\RSOS\RSOS_CANONICAL_EXPERIMENT_CHAIN\033_EXP-016__WF2_Prospective_Cross_System_Confirmation\04_RAW\SOURCE\CELLS\0d0dfbc7e2d336d734347e97.json,46960,c944ef0089f6daabdcf0419757025642487a15051ca6c47598b6d821598bda2d,C:\RSOS\RSOS_EXPERIMENTS_WF2_PROSPECTIVE_CROSS_SYSTEM_CONFIRMATION\04_RAW\CELLS\0d0dfbc7e2d336d734347e97.json
C:\RSOS\RSOS_CANONICAL_EXPERIMENT_CHAIN\033_EXP-016__WF2_Prospective_Cross_System_Confirmation\04_RAW\SOURCE\CELLS\0d990eb7328389240b0b5dd7.json,70551,89cfe6ceb5056b0941e8a42cadd169610f50a47377b50c93ea6bebb98966e471,C:\RSOS\RSOS_EXPERIMENTS_WF2_PROSPECTIVE_CROSS_SYSTEM_CONFIRMATION\04_RAW\CELLS\0d990eb7328389240b0b5dd7.json
C:\RSOS\RSOS_CANONICAL_EXPERIMENT_CHAIN\033_EXP-016__WF2_Prospective_Cross_System_Confirmation\04_RAW\SOURCE\CELLS\0dbccfe0db056b77fe281ede.json,51364,191404d617e6d25f0083e61ddc2c7fcb67d81b29717dd0cd6de1c5f45be5dfa1,C:\RSOS\RSOS_EXPERIMENTS_WF2_PROSPECTIVE_CROSS_SYSTEM_CONFIRMATION\04_RAW\CELLS\0dbccfe0db056b77fe281ede.json
C:\RSOS\RSOS_CANONICAL_EXPERIMENT_CHAIN\033_EXP-016__WF2_Prospective_Cross_System_Confirmation\04_RAW\SOURCE\CELLS\0e22c4ab78810f61766b54ce.json,68651,a1bbaaf3d6adfbc2d8dad2cb5186b10cd5074dd092be90c79dfd048344f84484,C:\RSOS\RSOS_EXPERIMENTS_WF2_PROSPECTIVE_CROSS_SYSTEM_CONFIRMATION\04_RAW\CELLS\0e22c4ab78810f61766b54ce.json
C:\RSOS\RSOS_CANONICAL_EXPERIMENT_CHAIN\033_EXP-016__WF2_Prospective_Cross_System_Confirmation\04_RAW\SOURCE\CELLS\0f6fa6537c2ad4ea034c47bc.json,60790,dbcee8d924cd52a9ce04f272c02e7b5c1ea68fc4db4eb866d8678bced68a8d62,C:\RSOS\RSOS_EXPERIMENTS_WF2_PROSPECTIVE_CROSS_SYSTEM_CONFIRMATION\04_RAW\CELLS\0f6fa6537c2ad4ea034c47bc.json
C:\RSOS\RSOS_CANONICAL_EXPERIMENT_CHAIN\033_EXP-016__WF2_Prospective_Cross_System_Confirmation\04_RAW\SOURCE\CELLS\0f9a8f645cd7fd3af024134a.json,77541,6d631ca28c4830172bb252abe345e6ebe234dfae179f609aa41324bbd531adc0,C:\RSOS\RSOS_EXPERIMENTS_WF2_PROSPECTIVE_CROSS_SYSTEM_CONFIRMATION\04_RAW\CELLS\0f9a8f645cd7fd3af024134a.json
C:\RSOS\RSOS_CANONICAL_EXPERIMENT_CHAIN\033_EXP-016__WF2_Prospective_Cross_System_Confirmation\04_RAW\SOURCE\CELLS\10c28953d711cb64020ce52d.json,77566,a28f512213463a35a0bc719e75288c627b5c7b3766b648d492cb8c5b064a7c37,C:\RSOS\RSOS_EXPERIMENTS_WF2_PROSPECTIVE_CROSS_SYSTEM_CONFIRMATION\04_RAW\CELLS\10c28953d711cb64020ce52d.json
C:\RSOS\RSOS_CANONICAL_EXPERIMENT_CHAIN\033_EXP-016__WF2_Prospective_Cross_System_Confirmation\04_RAW\SOURCE\CELLS\11795fd8a1b3481d7668c15b.json,60877,a5d20158123b18bd0a78b9605e24fcbf933f5122c6147d6dc567a60bf55ab29e,C:\RSOS\RSOS_EXPERIMENTS_WF2_PROSPECTIVE_CROSS_SYSTEM_CONFIRMATION\04_RAW\CELLS\11795fd8a1b3481d7668c15b.json
C:\RSOS\RSOS_CANONICAL_EXPERIMENT_CHAIN\033_EXP-016__WF2_Prospective_Cross_System_Confirmation\04_RAW\SOURCE\CELLS\11a2044384f0cd2bbcd88a70.json,29775,df1e6d4e81ca62540ab862a17314932c1cc2500b77a16b7a05013a5ac823a84f,C:\RSOS\RSOS_EXPERIMENTS_WF2_PROSPECTIVE_CROSS_SYSTEM_CONFIRMATION\04_RAW\CELLS\11a2044384f0cd2bbcd88a70.json
C:\RSOS\RSOS_CANONICAL_EXPERIMENT_CHAIN\033_EXP-016__WF2_Prospective_Cross_System_Confirmation\04_RAW\SOURCE\CELLS\1238169c64f536116afd3654.json,51374,a82dff5fbcc623d1138961f817801504ce8eed356204f7c8660707c8e59b9fe9,C:\RSOS\RSOS_EXPERIMENTS_WF2_PROSPECTIVE_CROSS_SYSTEM_CONFIRMATION\04_RAW\CELLS\1238169c64f536116afd3654.json
C:\RSOS\RSOS_CANONICAL_EXPERIMENT_CHAIN\033_EXP-016__WF2_Prospective_Cross_System_Confirmation\04_RAW\SOURCE\CELLS\127cafbfc3a4f70c6399c194.json,53996,10bf86b8def6fd1ad5fca56bd028ec33f86b61199b23a9dc747167c3d1a66e12,C:\RSOS\RSOS_EXPERIMENTS_WF2_PROSPECTIVE_CROSS_SYSTEM_CONFIRMATION\04_RAW\CELLS\127cafbfc3a4f70c6399c194.json
C:\RSOS\RSOS_CANONICAL_EXPERIMENT_CHAIN\033_EXP-016__WF2_Prospective_Cross_System_Confirmation\04_RAW\SOURCE\CELLS\12a67640eebd9f7d51cd8ff4.json,41138,aeb3d1f47323da5b25e12e4d460d22682e7fe66a004d60c195db296d83094c23,C:\RSOS\RSOS_EXPERIMENTS_WF2_PROSPECTIVE_CROSS_SYSTEM_CONFIRMATION\04_RAW\CELLS\12a67640eebd9f7d51cd8ff4.json
C:\RSOS\RSOS_CANONICAL_EXPERIMENT_CHAIN\033_EXP-016__WF2_Prospective_Cross_System_Confirmation\04_RAW\SOURCE\CELLS\12b3b128dc9c28a843cd241f.json,51876,e9df34ed1807ef7558f234083f4c1faef069fdeaf747a47416bb180077545b03,C:\RSOS\RSOS_EXPERIMENTS_WF2_PROSPECTIVE_CROSS_SYSTEM_CONFIRMATION\04_RAW\CELLS\12b3b128dc9c28a843cd241f.json
C:\RSOS\RSOS_CANONICAL_EXPERIMENT_CHAIN\033_EXP-016__WF2_Prospective_Cross_System_Confirmation\04_RAW\SOURCE\CELLS\130dec1ce5729d61f25f84c2.json,67548,fe17a6cad4bdfba3ad581dcd733da253b4878f6e2930f9939ebc1d5d6a8f9a78,C:\RSOS\RSOS_EXPERIMENTS_WF2_PROSPECTIVE_CROSS_SYSTEM_CONFIRMATION\04_RAW\CELLS\130dec1ce5729d61f25f84c2.json
C:\RSOS\RSOS_CANONICAL_EXPERIMENT_CHAIN\033_EXP-016__WF2_Prospective_Cross_System_Confirmation\04_RAW\SOURCE\CELLS\131836f46233f5dbe58ad2ca.json,48397,9f0bb35a2c5fc51c6c37a3c99166a8da7f7aaa3ea5b7f3296321c5ef863a714c,C:\RSOS\RSOS_EXPERIMENTS_WF2_PROSPECTIVE_CROSS_SYSTEM_CONFIRMATION\04_RAW\CELLS\131836f46233f5dbe58ad2ca.json
C:\RSOS\RSOS_CANONICAL_EXPERIMENT_CHAIN\033_EXP-016__WF2_Prospective_Cross_System_Confirmation\04_RAW\SOURCE\CELLS\13babe97c2dd3907f67b62be.json,39660,d2150f2814e00b918ca04f08fffedb6ad337c471849b74e2d946fa6ce1ac1396,C:\RSOS\RSOS_EXPERIMENTS_WF2_PROSPECTIVE_CROSS_SYSTEM_CONFIRMATION\04_RAW\CELLS\13babe97c2dd3907f67b62be.json
C:\RSOS\RSOS_CANONICAL_EXPERIMENT_CHAIN\033_EXP-016__WF2_Prospective_Cross_System_Confirmation\04_RAW\SOURCE\CELLS\1409fe47c6737d957885e0f6.json,58082,d6bf97c955be34750890fabd296a760eeef00ff1b99fe1b2b65767512a644e45,C:\RSOS\RSOS_EXPERIMENTS_WF2_PROSPECTIVE_CROSS_SYSTEM_CONFIRMATION\04_RAW\CELLS\1409fe47c6737d957885e0f6.json
C:\RSOS\RSOS_CANONICAL_EXPERIMENT_CHAIN\033_EXP-016__WF2_Prospective_Cross_System_Confirmation\04_RAW\SOURCE\CELLS\142f2c30703a876a04f3000b.json,44483,86e755dba4c902a13210d42d7b8d48867bdca8f7213e0b21bca5ef7c1aae24a4,C:\RSOS\RSOS_EXPERIMENTS_WF2_PROSPECTIVE_CROSS_SYSTEM_CONFIRMATION\04_RAW\CELLS\142f2c30703a876a04f3000b.json
C:\RSOS\RSOS_CANONICAL_EXPERIMENT_CHAIN\033_EXP-016__WF2_Prospective_Cross_System_Confirmation\04_RAW\SOURCE\CELLS\143eac773d11f27eb3f28c0d.json,85630,0ec40d08475feb3d970459aab094e1aa21ed331a365fc99246f07459a318fc76,C:\RSOS\RSOS_EXPERIMENTS_WF2_PROSPECTIVE_CROSS_SYSTEM_CONFIRMATION\04_RAW\CELLS\143eac773d11f27eb3f28c0d.json
C:\RSOS\RSOS_CANONICAL_EXPERIMENT_CHAIN\033_EXP-016__WF2_Prospective_Cross_System_Confirmation\04_RAW\SOURCE\CELLS\158e19f554551a554df89c41.json,52662,d87fbd0a6c8ce835ea80ba800711a567d9a92bf25757f385cd7686387edbdddf,C:\RSOS\RSOS_EXPERIMENTS_WF2_PROSPECTIVE_CROSS_SYSTEM_CONFIRMATION\04_RAW\CELLS\158e19f554551a554df89c41.json
C:\RSOS\RSOS_CANONICAL_EXPERIMENT_CHAIN\033_EXP-016__WF2_Prospective_Cross_System_Confirmation\04_RAW\SOURCE\CELLS\160fc38eee1ba86b58a22137.json,47134,7eba59640a7e5b16d2540dc52ee82d7131aaeb1ef9f243c093d904afcd16e4a6,C:\RSOS\RSOS_EXPERIMENTS_WF2_PROSPECTIVE_CROSS_SYSTEM_CONFIRMATION\04_RAW\CELLS\160fc38eee1ba86b58a22137.json
C:\RSOS\RSOS_CANONICAL_EXPERIMENT_CHAIN\033_EXP-016__WF2_Prospective_Cross_System_Confirmation\04_RAW\SOURCE\CELLS\162c7ea06daf03d4fe75e599.json,67106,17228f6d9c443b9d4bfd29e371b130fb4cbfda4cd66053a74cd05d32b948f97b,C:\RSOS\RSOS_EXPERIMENTS_WF2_PROSPECTIVE_CROSS_SYSTEM_CONFIRMATION\04_RAW\CELLS\162c7ea06daf03d4fe75e599.json
C:\RSOS\RSOS_CANONICAL_EXPERIMENT_CHAIN\033_EXP-016__WF2_Prospective_Cross_System_Confirmation\04_RAW\SOURCE\CELLS\1783938e9992b46bb1a32c6f.json,61872,f394a0d8f8a064c2f1069ee0cec01cbacfbf9c57fa7080bab03c65499d844ea2,C:\RSOS\RSOS_EXPERIMENTS_WF2_PROSPECTIVE_CROSS_SYSTEM_CONFIRMATION\04_RAW\CELLS\1783938e9992b46bb1a32c6f.json
C:\RSOS\RSOS_CANONICAL_EXPERIMENT_CHAIN\033_EXP-016__WF2_Prospective_Cross_System_Confirmation\04_RAW\SOURCE\CELLS\1911633cbfbe1ed1c56efe4d.json,83546,11d2f3d2f8d2ead96441bcc3b58ddb49dcbaab4d029552dc53da26514697580b,C:\RSOS\RSOS_EXPERIMENTS_WF2_PROSPECTIVE_CROSS_SYSTEM_CONFIRMATION\04_RAW\CELLS\1911633cbfbe1ed1c56efe4d.json
C:\RSOS\RSOS_CANONICAL_EXPERIMENT_CHAIN\033_EXP-016__WF2_Prospective_Cross_System_Confirmation\04_RAW\SOURCE\CELLS\1979113650774f423ca1a0e3.json,61695,760a506a3c924a0cbfad49b10c7a95a9cb582ffe7a4d851c77a7e1139150f206,C:\RSOS\RSOS_EXPERIMENTS_WF2_PROSPECTIVE_CROSS_SYSTEM_CONFIRMATION\04_RAW\CELLS\1979113650774f423ca1a0e3.json
C:\RSOS\RSOS_CANONICAL_EXPERIMENT_CHAIN\033_EXP-016__WF2_Prospective_Cross_System_Confirmation\04_RAW\SOURCE\CELLS\1987c2d92efef90bc162976c.json,60762,bb8c9e728f08db174fc222554da4a50fde9c35a15eca3f1b49ba7dfc036b3776,C:\RSOS\RSOS_EXPERIMENTS_WF2_PROSPECTIVE_CROSS_SYSTEM_CONFIRMATION\04_RAW\CELLS\1987c2d92efef90bc162976c.json
C:\RSOS\RSOS_CANONICAL_EXPERIMENT_CHAIN\033_EXP-016__WF2_Prospective_Cross_System_Confirmation\04_RAW\SOURCE\CELLS\19cab9a86bc6a1fa592186a5.json,65051,f955edef64c0b2480c9a2c9216bfb1b9168dedde012db1013a586267a9fae5a5,C:\RSOS\RSOS_EXPERIMENTS_WF2_PROSPECTIVE_CROSS_SYSTEM_CONFIRMATION\04_RAW\CELLS\19cab9a86bc6a1fa592186a5.json
C:\RSOS\RSOS_CANONICAL_EXPERIMENT_CHAIN\033_EXP-016__WF2_Prospective_Cross_System_Confirmation\04_RAW\SOURCE\CELLS\1a09a488a08d6c67780a6401.json,96078,ca5e650751e01795af51e858395627d8dab4e629429ae417e99684e55d191c1d,C:\RSOS\RSOS_EXPERIMENTS_WF2_PROSPECTIVE_CROSS_SYSTEM_CONFIRMATION\04_RAW\CELLS\1a09a488a08d6c67780a6401.json
C:\RSOS\RSOS_CANONICAL_EXPERIMENT_CHAIN\033_EXP-016__WF2_Prospective_Cross_System_Confirmation\04_RAW\SOURCE\CELLS\1b4263f7a73906677a37b092.json,57879,8781e469bbf2562e917b30522ec44ee7d578d43e114f7126abfa3c9496556f74,C:\RSOS\RSOS_EXPERIMENTS_WF2_PROSPECTIVE_CROSS_SYSTEM_CONFIRMATION\04_RAW\CELLS\1b4263f7a73906677a37b092.json
C:\RSOS\RSOS_CANONICAL_EXPERIMENT_CHAIN\033_EXP-016__WF2_Prospective_Cross_System_Confirmation\04_RAW\SOURCE\CELLS\1b8b1e3f8107e763358f639f.json,56213,909df1db5aecf487844217d792431f0b9418d52ee263b5f2d4c97eca89adbd6b,C:\RSOS\RSOS_EXPERIMENTS_WF2_PROSPECTIVE_CROSS_SYSTEM_CONFIRMATION\04_RAW\CELLS\1b8b1e3f8107e763358f639f.json
C:\RSOS\RSOS_CANONICAL_EXPERIMENT_CHAIN\033_EXP-016__WF2_Prospective_Cross_System_Confirmation\04_RAW\SOURCE\CELLS\1bf6ed7deee78589cefeb5d0.json,49566,2c9f4e60a5dee8d2ce073357c330a11db0897a21116aebe7de2801b3746129e9,C:\RSOS\RSOS_EXPERIMENTS_WF2_PROSPECTIVE_CROSS_SYSTEM_CONFIRMATION\04_RAW\CELLS\1bf6ed7deee78589cefeb5d0.json
C:\RSOS\RSOS_CANONICAL_EXPERIMENT_CHAIN\033_EXP-016__WF2_Prospective_Cross_System_Confirmation\04_RAW\SOURCE\CELLS\1c2a2439b749415ad25e62ac.json,86951,42fed89c8a1f09a4cfb5f326254fc3adb9de60bd7735ded5cb8e2e98bd28e21c,C:\RSOS\RSOS_EXPERIMENTS_WF2_PROSPECTIVE_CROSS_SYSTEM_CONFIRMATION\04_RAW\CELLS\1c2a2439b749415ad25e62ac.json
C:\RSOS\RSOS_CANONICAL_EXPERIMENT_CHAIN\033_EXP-016__WF2_Prospective_Cross_System_Confirmation\04_RAW\SOURCE\CELLS\1d3e351c00b552412fa6030c.json,69431,e156ed824d66d31ee9680c191716fb3364d44d906b15e5a823d2cd9d1af30d2d,C:\RSOS\RSOS_EXPERIMENTS_WF2_PROSPECTIVE_CROSS_SYSTEM_CONFIRMATION\04_RAW\CELLS\1d3e351c00b552412fa6030c.json
C:\RSOS\RSOS_CANONICAL_EXPERIMENT_CHAIN\033_EXP-016__WF2_Prospective_Cross_System_Confirmation\04_RAW\SOURCE\CELLS\1d87b527a1537a0dd7a3bf73.json,49764,32c55fc6e6eb3b7ee8d4f524c8e3e3925237e5a40622ef45875ecc44419a3dd9,C:\RSOS\RSOS_EXPERIMENTS_WF2_PROSPECTIVE_CROSS_SYSTEM_CONFIRMATION\04_RAW\CELLS\1d87b527a1537a0dd7a3bf73.json
C:\RSOS\RSOS_CANONICAL_EXPERIMENT_CHAIN\033_EXP-016__WF2_Prospective_Cross_System_Confirmation\04_RAW\SOURCE\CELLS\1e5c4de3b6c19be213f76b0a.json,43728,278e8db0528356f16fe07b0f7d4d95ea95d5d22927adfdb8b90826e528baa0f2,C:\RSOS\RSOS_EXPERIMENTS_WF2_PROSPECTIVE_CROSS_SYSTEM_CONFIRMATION\04_RAW\CELLS\1e5c4de3b6c19be213f76b0a.json
C:\RSOS\RSOS_CANONICAL_EXPERIMENT_CHAIN\033_EXP-016__WF2_Prospective_Cross_System_Confirmation\04_RAW\SOURCE\CELLS\1e9203969f76ac2fbe7d5d16.json,60322,e6dc65b6cceb181799e230daad45397052213409c007a0ae1610785d20336d4f,C:\RSOS\RSOS_EXPERIMENTS_WF2_PROSPECTIVE_CROSS_SYSTEM_CONFIRMATION\04_RAW\CELLS\1e9203969f76ac2fbe7d5d16.json
C:\RSOS\RSOS_CANONICAL_EXPERIMENT_CHAIN\033_EXP-016__WF2_Prospective_Cross_System_Confirmation\04_RAW\SOURCE\CELLS\1ea44d2e1f1626ed4c48e4c9.json,86262,52013c216799ea0ed4d5fc31a3343e0a19b32201a4c1b80b2132827c8a24e1a1,C:\RSOS\RSOS_EXPERIMENTS_WF2_PROSPECTIVE_CROSS_SYSTEM_CONFIRMATION\04_RAW\CELLS\1ea44d2e1f1626ed4c48e4c9.json
C:\RSOS\RSOS_CANONICAL_EXPERIMENT_CHAIN\033_EXP-016__WF2_Prospective_Cross_System_Confirmation\04_RAW\SOURCE\CELLS\1eb7f23a08980b44599dd9cd.json,66914,61ba059b1ceed356905a5a6dc610c19da29f3d3dd059b6c63e05e6c1557acf56,C:\RSOS\RSOS_EXPERIMENTS_WF2_PROSPECTIVE_CROSS_SYSTEM_CONFIRMATION\04_RAW\CELLS\1eb7f23a08980b44599dd9cd.json
C:\RSOS\RSOS_CANONICAL_EXPERIMENT_CHAIN\033_EXP-016__WF2_Prospective_Cross_System_Confirmation\04_RAW\SOURCE\CELLS\2007e7a7d9a52ff49df6e950.json,108814,bc681da3b397f15ad14fc5e2d23d4d75394fd1bc3c1e3014c35f16432e7a02fc,C:\RSOS\RSOS_EXPERIMENTS_WF2_PROSPECTIVE_CROSS_SYSTEM_CONFIRMATION\04_RAW\CELLS\2007e7a7d9a52ff49df6e950.json
C:\RSOS\RSOS_CANONICAL_EXPERIMENT_CHAIN\033_EXP-016__WF2_Prospective_Cross_System_Confirmation\04_RAW\SOURCE\CELLS\2089e7f9b06948c25837b27a.json,64443,1c5122ceb1f527f0308c71a79d7b940938fdcad1ab2d6d782bdb69767e41bd22,C:\RSOS\RSOS_EXPERIMENTS_WF2_PROSPECTIVE_CROSS_SYSTEM_CONFIRMATION\04_RAW\CELLS\2089e7f9b06948c25837b27a.json
C:\RSOS\RSOS_CANONICAL_EXPERIMENT_CHAIN\033_EXP-016__WF2_Prospective_Cross_System_Confirmation\04_RAW\SOURCE\CELLS\2182ef05bac5ef1bf0bfd9d0.json,64180,f702ed799bb56a44f03400ebea90b02a4887f81f3442ad2541466430cf2c4bf4,C:\RSOS\RSOS_EXPERIMENTS_WF2_PROSPECTIVE_CROSS_SYSTEM_CONFIRMATION\04_RAW\CELLS\2182ef05bac5ef1bf0bfd9d0.json
C:\RSOS\RSOS_CANONICAL_EXPERIMENT_CHAIN\033_EXP-016__WF2_Prospective_Cross_System_Confirmation\04_RAW\SOURCE\CELLS\21c1d6135a33a3ea5fe9c170.json,68964,ce22f876f5f8125964638fc6c1c0105bff900cb31d023c48c348f08c9ffaa5ea,C:\RSOS\RSOS_EXPERIMENTS_WF2_PROSPECTIVE_CROSS_SYSTEM_CONFIRMATION\04_RAW\CELLS\21c1d6135a33a3ea5fe9c170.json
C:\RSOS\RSOS_CANONICAL_EXPERIMENT_CHAIN\033_EXP-016__WF2_Prospective_Cross_System_Confirmation\04_RAW\SOURCE\CELLS\21f34a8a1d9c74d315c368ce.json,68032,edf830884e798ba600664e54caaa8aeb7f2692423359d37f8943e808a48a5f3d,C:\RSOS\RSOS_EXPERIMENTS_WF2_PROSPECTIVE_CROSS_SYSTEM_CONFIRMATION\04_RAW\CELLS\21f34a8a1d9c74d315c368ce.json
C:\RSOS\RSOS_CANONICAL_EXPERIMENT_CHAIN\033_EXP-016__WF2_Prospective_Cross_System_Confirmation\04_RAW\SOURCE\CELLS\2304a3d176aff871fd6b2826.json,41226,d0bb06a424959749b14be089e685a6bd6263a95e9542ea6a3b845fd2f480ba0a,C:\RSOS\RSOS_EXPERIMENTS_WF2_PROSPECTIVE_CROSS_SYSTEM_CONFIRMATION\04_RAW\CELLS\2304a3d176aff871fd6b2826.json
C:\RSOS\RSOS_CANONICAL_EXPERIMENT_CHAIN\033_EXP-016__WF2_Prospective_Cross_System_Confirmation\04_RAW\SOURCE\CELLS\23405784a0d9ea1b4ced861f.json,46069,687f12563241fdac7af4f19c43c04c6080e42849bf3e8abba77fa8771b25e56c,C:\RSOS\RSOS_EXPERIMENTS_WF2_PROSPECTIVE_CROSS_SYSTEM_CONFIRMATION\04_RAW\CELLS\23405784a0d9ea1b4ced861f.json
C:\RSOS\RSOS_CANONICAL_EXPERIMENT_CHAIN\033_EXP-016__WF2_Prospective_Cross_System_Confirmation\04_RAW\SOURCE\CELLS\239ec70d4a3d069deeaefa1a.json,46636,6b4dc4c94dcb4e161b2298ef445471675b4529c96a80f324871f5e8830c2f814,C:\RSOS\RSOS_EXPERIMENTS_WF2_PROSPECTIVE_CROSS_SYSTEM_CONFIRMATION\04_RAW\CELLS\239ec70d4a3d069deeaefa1a.json
C:\RSOS\RSOS_CANONICAL_EXPERIMENT_CHAIN\033_EXP-016__WF2_Prospective_Cross_System_Confirmation\04_RAW\SOURCE\CELLS\2429b2c5693cf43b9124dbfd.json,47136,afcf0d6ddf152c8ff26460a0365f7041f1c42205dde3daa67c89d843a8daa515,C:\RSOS\RSOS_EXPERIMENTS_WF2_PROSPECTIVE_CROSS_SYSTEM_CONFIRMATION\04_RAW\CELLS\2429b2c5693cf43b9124dbfd.json
C:\RSOS\RSOS_CANONICAL_EXPERIMENT_CHAIN\033_EXP-016__WF2_Prospective_Cross_System_Confirmation\04_RAW\SOURCE\CELLS\245f225837fe5af4c2625000.json,69664,7a7c0af35f3d2fe8f97185b3aae71747c87dc8d5461cd80b87dde4f4224cce60,C:\RSOS\RSOS_EXPERIMENTS_WF2_PROSPECTIVE_CROSS_SYSTEM_CONFIRMATION\04_RAW\CELLS\245f225837fe5af4c2625000.json
C:\RSOS\RSOS_CANONICAL_EXPERIMENT_CHAIN\033_EXP-016__WF2_Prospective_Cross_System_Confirmation\04_RAW\SOURCE\CELLS\24e963d49370a55cf9d9b156.json,37865,e29bf78191735da61df2cb8f702317fe5c0027d1896c3f4c2b56e894613ee675,C:\RSOS\RSOS_EXPERIMENTS_WF2_PROSPECTIVE_CROSS_SYSTEM_CONFIRMATION\04_RAW\CELLS\24e963d49370a55cf9d9b156.json
C:\RSOS\RSOS_CANONICAL_EXPERIMENT_CHAIN\033_EXP-016__WF2_Prospective_Cross_System_Confirmation\04_RAW\SOURCE\CELLS\256fdabf65b8411126a7ee34.json,51875,55d5ebc27ca2521a6e2f0694abd598abe3252877f99b2dbb9dc5c6cefda6b01f,C:\RSOS\RSOS_EXPERIMENTS_WF2_PROSPECTIVE_CROSS_SYSTEM_CONFIRMATION\04_RAW\CELLS\256fdabf65b8411126a7ee34.json
C:\RSOS\RSOS_CANONICAL_EXPERIMENT_CHAIN\033_EXP-016__WF2_Prospective_Cross_System_Confirmation\04_RAW\SOURCE\CELLS\261b0f475e648e468b74bce9.json,67896,7febb91a59f4c72a71bf19b47b5689de498945ec208d9e4be759755c51ffa48c,C:\RSOS\RSOS_EXPERIMENTS_WF2_PROSPECTIVE_CROSS_SYSTEM_CONFIRMATION\04_RAW\CELLS\261b0f475e648e468b74bce9.json
C:\RSOS\RSOS_CANONICAL_EXPERIMENT_CHAIN\033_EXP-016__WF2_Prospective_Cross_System_Confirmation\04_RAW\SOURCE\CELLS\2688893500e86b641698f002.json,99104,42df10ba3cd5a1b2642e37e0327cb63085fa8ffe7539d0475de000eb5d16be54,C:\RSOS\RSOS_EXPERIMENTS_WF2_PROSPECTIVE_CROSS_SYSTEM_CONFIRMATION\04_RAW\CELLS\2688893500e86b641698f002.json
C:\RSOS\RSOS_CANONICAL_EXPERIMENT_CHAIN\033_EXP-016__WF2_Prospective_Cross_System_Confirmation\04_RAW\SOURCE\CELLS\26c74d9dec2d230fbffc8355.json,69565,9d98e38e715693d071884eae8e65ce2340433ec55759c1cc6306f98eb1fbb795,C:\RSOS\RSOS_EXPERIMENTS_WF2_PROSPECTIVE_CROSS_SYSTEM_CONFIRMATION\04_RAW\CELLS\26c74d9dec2d230fbffc8355.json
C:\RSOS\RSOS_CANONICAL_EXPERIMENT_CHAIN\033_EXP-016__WF2_Prospective_Cross_System_Confirmation\04_RAW\SOURCE\CELLS\28483d329e79f1cd31ead6d7.json,61073,a2edd590a81b02fca61cee07d10a92d5a9d25749273fa50e45feef03fa7da86c,C:\RSOS\RSOS_EXPERIMENTS_WF2_PROSPECTIVE_CROSS_SYSTEM_CONFIRMATION\04_RAW\CELLS\28483d329e79f1cd31ead6d7.json
C:\RSOS\RSOS_CANONICAL_EXPERIMENT_CHAIN\033_EXP-016__WF2_Prospective_Cross_System_Confirmation\04_RAW\SOURCE\CELLS\298c04ebbd842f992631993d.json,73070,d6bb17434db43c3c778dd4ed86dc7b1587497800bd85f3f6df521c472731c901,C:\RSOS\RSOS_EXPERIMENTS_WF2_PROSPECTIVE_CROSS_SYSTEM_CONFIRMATION\04_RAW\CELLS\298c04ebbd842f992631993d.json
C:\RSOS\RSOS_CANONICAL_EXPERIMENT_CHAIN\033_EXP-016__WF2_Prospective_Cross_System_Confirmation\04_RAW\SOURCE\CELLS\2b11a6e15fb37f87819f5335.json,56977,efdd209d05c9204b668e8e52c4351337d9cfc1e9ac20d8b42b96f22173ad4ad9,C:\RSOS\RSOS_EXPERIMENTS_WF2_PROSPECTIVE_CROSS_SYSTEM_CONFIRMATION\04_RAW\CELLS\2b11a6e15fb37f87819f5335.json
C:\RSOS\RSOS_CANONICAL_EXPERIMENT_CHAIN\033_EXP-016__WF2_Prospective_Cross_System_Confirmation\04_RAW\SOURCE\CELLS\2b8ba6ed5b984990fb63e0b0.json,62499,3d199f4818244b29ee72d994fbd7c4d520668f168f51328af22d895a9432c8a0,C:\RSOS\RSOS_EXPERIMENTS_WF2_PROSPECTIVE_CROSS_SYSTEM_CONFIRMATION\04_RAW\CELLS\2b8ba6ed5b984990fb63e0b0.json
C:\RSOS\RSOS_CANONICAL_EXPERIMENT_CHAIN\033_EXP-016__WF2_Prospective_Cross_System_Confirmation\04_RAW\SOURCE\CELLS\2cf0d6b049cb36f7e480fa75.json,76522,61aecd86a9e162420407a3a81ffd2e0964aa8dc5cb36ddb53369e42a0d4d0016,C:\RSOS\RSOS_EXPERIMENTS_WF2_PROSPECTIVE_CROSS_SYSTEM_CONFIRMATION\04_RAW\CELLS\2cf0d6b049cb36f7e480fa75.json
C:\RSOS\RSOS_CANONICAL_EXPERIMENT_CHAIN\033_EXP-016__WF2_Prospective_Cross_System_Confirmation\04_RAW\SOURCE\CELLS\2e7e0158f548865d3d619c0b.json,99875,b8050384062d64d2135aee2b85eabae918e7897307c3c5cd7312fedb4c4c8432,C:\RSOS\RSOS_EXPERIMENTS_WF2_PROSPECTIVE_CROSS_SYSTEM_CONFIRMATION\04_RAW\CELLS\2e7e0158f548865d3d619c0b.json
C:\RSOS\RSOS_CANONICAL_EXPERIMENT_CHAIN\033_EXP-016__WF2_Prospective_Cross_System_Confirmation\04_RAW\SOURCE\CELLS\2ebe9923c0286e82164a7e48.json,85637,cd8a68c9b0baff3e82e36e4e94b922a8656c1c2e3f757c61ac399aed8cd31680,C:\RSOS\RSOS_EXPERIMENTS_WF2_PROSPECTIVE_CROSS_SYSTEM_CONFIRMATION\04_RAW\CELLS\2ebe9923c0286e82164a7e48.json
C:\RSOS\RSOS_CANONICAL_EXPERIMENT_CHAIN\033_EXP-016__WF2_Prospective_Cross_System_Confirmation\04_RAW\SOURCE\CELLS\2ed284ee26e031818a634a73.json,52106,1bace5c6d53dd01811b5373737a917f632909b583b8c832fcf68dd85cb5f0d31,C:\RSOS\RSOS_EXPERIMENTS_WF2_PROSPECTIVE_CROSS_SYSTEM_CONFIRMATION\04_RAW\CELLS\2ed284ee26e031818a634a73.json
C:\RSOS\RSOS_CANONICAL_EXPERIMENT_CHAIN\033_EXP-016__WF2_Prospective_Cross_System_Confirmation\04_RAW\SOURCE\CELLS\2f0c3906d463e38f8136005f.json,60604,a2ee0cd2e4cae16f89a543a9a06e47d5ff9505911585cfca048a737a3fc41b57,C:\RSOS\RSOS_EXPERIMENTS_WF2_PROSPECTIVE_CROSS_SYSTEM_CONFIRMATION\04_RAW\CELLS\2f0c3906d463e38f8136005f.json
C:\RSOS\RSOS_CANONICAL_EXPERIMENT_CHAIN\033_EXP-016__WF2_Prospective_Cross_System_Confirmation\04_RAW\SOURCE\CELLS\2ffde8771272784ee02e9c86.json,45887,d6853634a6a91b91298e2a567b204dbd3eb84c8cd04ff410670c9ecffe4efcdf,C:\RSOS\RSOS_EXPERIMENTS_WF2_PROSPECTIVE_CROSS_SYSTEM_CONFIRMATION\04_RAW\CELLS\2ffde8771272784ee02e9c86.json
C:\RSOS\RSOS_CANONICAL_EXPERIMENT_CHAIN\033_EXP-016__WF2_Prospective_Cross_System_Confirmation\04_RAW\SOURCE\CELLS\300b7ce4eb43d64331d469fe.json,57979,b8aca4e3580037e4cbe44fd334be3f95be48aab2900b8e7e7cf530f2483f3630,C:\RSOS\RSOS_EXPERIMENTS_WF2_PROSPECTIVE_CROSS_SYSTEM_CONFIRMATION\04_RAW\CELLS\300b7ce4eb43d64331d469fe.json
C:\RSOS\RSOS_CANONICAL_EXPERIMENT_CHAIN\033_EXP-016__WF2_Prospective_Cross_System_Confirmation\04_RAW\SOURCE\CELLS\30614af52e2724e873270d9d.json,75834,162c773ef815222658d2dab1616266d6bd88f50201fcabfe9b3dc286b6541631,C:\RSOS\RSOS_EXPERIMENTS_WF2_PROSPECTIVE_CROSS_SYSTEM_CONFIRMATION\04_RAW\CELLS\30614af52e2724e873270d9d.json
C:\RSOS\RSOS_CANONICAL_EXPERIMENT_CHAIN\033_EXP-016__WF2_Prospective_Cross_System_Confirmation\04_RAW\SOURCE\CELLS\306bf7be1dae9d8ad64996d7.json,53802,0a41f3d545c92925fa6bf4198f5ada0f3587113471d6e5611635b1f30d95ab9d,C:\RSOS\RSOS_EXPERIMENTS_WF2_PROSPECTIVE_CROSS_SYSTEM_CONFIRMATION\04_RAW\CELLS\306bf7be1dae9d8ad64996d7.json
C:\RSOS\RSOS_CANONICAL_EXPERIMENT_CHAIN\033_EXP-016__WF2_Prospective_Cross_System_Confirmation\04_RAW\SOURCE\CELLS\306f8c8c8f29e20732287f39.json,69512,42d3dbebbdeb97bb5a0ad7b6b72cc44b81e2f9d5f321a210731de29df8692b1c,C:\RSOS\RSOS_EXPERIMENTS_WF2_PROSPECTIVE_CROSS_SYSTEM_CONFIRMATION\04_RAW\CELLS\306f8c8c8f29e20732287f39.json
C:\RSOS\RSOS_CANONICAL_EXPERIMENT_CHAIN\033_EXP-016__WF2_Prospective_Cross_System_Confirmation\04_RAW\SOURCE\CELLS\30b3f1c7e44c09910a10df0f.json,37920,34f75a3f72b61c4b491db6a21dc342aa0787fc37f91bfe1f4ee2409b130d5637,C:\RSOS\RSOS_EXPERIMENTS_WF2_PROSPECTIVE_CROSS_SYSTEM_CONFIRMATION\04_RAW\CELLS\30b3f1c7e44c09910a10df0f.json
C:\RSOS\RSOS_CANONICAL_EXPERIMENT_CHAIN\033_EXP-016__WF2_Prospective_Cross_System_Confirmation\04_RAW\SOURCE\CELLS\30f5a3593d6fb2ff5851de25.json,117239,86d600acc02f327071603cd8c7050a0fcc56c3d2fe1d2fcb54593098cbcdbcbd,C:\RSOS\RSOS_EXPERIMENTS_WF2_PROSPECTIVE_CROSS_SYSTEM_CONFIRMATION\04_RAW\CELLS\30f5a3593d6fb2ff5851de25.json
C:\RSOS\RSOS_CANONICAL_EXPERIMENT_CHAIN\033_EXP-016__WF2_Prospective_Cross_System_Confirmation\04_RAW\SOURCE\CELLS\310f6a2d8b2185685711f799.json,72924,803583411fdef021e96bc76f1c29267d316819a66ed8ae57ef81f24e0c9f16ed,C:\RSOS\RSOS_EXPERIMENTS_WF2_PROSPECTIVE_CROSS_SYSTEM_CONFIRMATION\04_RAW\CELLS\310f6a2d8b2185685711f799.json
C:\RSOS\RSOS_CANONICAL_EXPERIMENT_CHAIN\033_EXP-016__WF2_Prospective_Cross_System_Confirmation\04_RAW\SOURCE\CELLS\31571e9ffe776e6c98d868fb.json,82834,e18da2060583f0dc90fdf8cb60edc90ccde1a9cb9df2b47263da30b794c715b2,C:\RSOS\RSOS_EXPERIMENTS_WF2_PROSPECTIVE_CROSS_SYSTEM_CONFIRMATION\04_RAW\CELLS\31571e9ffe776e6c98d868fb.json
C:\RSOS\RSOS_CANONICAL_EXPERIMENT_CHAIN\033_EXP-016__WF2_Prospective_Cross_System_Confirmation\04_RAW\SOURCE\CELLS\316e5c22505a468903936aac.json,85191,76282480f82953323a096fbccf7abfcbbe510ccb44823ef18d3ed5a243101b63,C:\RSOS\RSOS_EXPERIMENTS_WF2_PROSPECTIVE_CROSS_SYSTEM_CONFIRMATION\04_RAW\CELLS\316e5c22505a468903936aac.json
C:\RSOS\RSOS_CANONICAL_EXPERIMENT_CHAIN\033_EXP-016__WF2_Prospective_Cross_System_Confirmation\04_RAW\SOURCE\CELLS\31a3e4c3c3c53a4b53aee31b.json,42888,9f51363cdc60fc6d44eb26fc0f21c403028eee598efcf42aa55a0f110c7ce4b3,C:\RSOS\RSOS_EXPERIMENTS_WF2_PROSPECTIVE_CROSS_SYSTEM_CONFIRMATION\04_RAW\CELLS\31a3e4c3c3c53a4b53aee31b.json
C:\RSOS\RSOS_CANONICAL_EXPERIMENT_CHAIN\033_EXP-016__WF2_Prospective_Cross_System_Confirmation\04_RAW\SOURCE\CELLS\31ea5a32a88312cf1cb99db3.json,61929,af254e46c60617905c59fd76fadeeb84b9ad217cab1b8caef4d8b08caeedcda4,C:\RSOS\RSOS_EXPERIMENTS_WF2_PROSPECTIVE_CROSS_SYSTEM_CONFIRMATION\04_RAW\CELLS\31ea5a32a88312cf1cb99db3.json
C:\RSOS\RSOS_CANONICAL_EXPERIMENT_CHAIN\033_EXP-016__WF2_Prospective_Cross_System_Confirmation\04_RAW\SOURCE\CELLS\321f3f45656f2449bdb96fc3.json,100574,418070612e8128ca07406bdbe408631c01904ec7bb53bed55ac0ef29d4230c16,C:\RSOS\RSOS_EXPERIMENTS_WF2_PROSPECTIVE_CROSS_SYSTEM_CONFIRMATION\04_RAW\CELLS\321f3f45656f2449bdb96fc3.json
C:\RSOS\RSOS_CANONICAL_EXPERIMENT_CHAIN\033_EXP-016__WF2_Prospective_Cross_System_Confirmation\04_RAW\SOURCE\CELLS\3229758758b308febfce4c2d.json,53668,dc6531c42a10badd666ff4828e9c013d115cb458d6b457960fa6965d655d3f64,C:\RSOS\RSOS_EXPERIMENTS_WF2_PROSPECTIVE_CROSS_SYSTEM_CONFIRMATION\04_RAW\CELLS\3229758758b308febfce4c2d.json
C:\RSOS\RSOS_CANONICAL_EXPERIMENT_CHAIN\033_EXP-016__WF2_Prospective_Cross_System_Confirmation\04_RAW\SOURCE\CELLS\3288270b642f6e4034c4e7be.json,62035,8401615e6fd1515c0da9cd682fc8c27406608b2b6975186c0051def3e568a758,C:\RSOS\RSOS_EXPERIMENTS_WF2_PROSPECTIVE_CROSS_SYSTEM_CONFIRMATION\04_RAW\CELLS\3288270b642f6e4034c4e7be.json
C:\RSOS\RSOS_CANONICAL_EXPERIMENT_CHAIN\033_EXP-016__WF2_Prospective_Cross_System_Confirmation\04_RAW\SOURCE\CELLS\3288f5e4bf686da3cea19769.json,104149,db399392c8482350da1f4bce49a549f596582ad185a84e92472c1f1239aa708c,C:\RSOS\RSOS_EXPERIMENTS_WF2_PROSPECTIVE_CROSS_SYSTEM_CONFIRMATION\04_RAW\CELLS\3288f5e4bf686da3cea19769.json
C:\RSOS\RSOS_CANONICAL_EXPERIMENT_CHAIN\033_EXP-016__WF2_Prospective_Cross_System_Confirmation\04_RAW\SOURCE\CELLS\32a8262dba914aa3a173ee75.json,76479,e35c161d32b71f25c1a6359d9060a2e21afc6be5c767a132a22e58e3975b0cd6,C:\RSOS\RSOS_EXPERIMENTS_WF2_PROSPECTIVE_CROSS_SYSTEM_CONFIRMATION\04_RAW\CELLS\32a8262dba914aa3a173ee75.json
C:\RSOS\RSOS_CANONICAL_EXPERIMENT_CHAIN\033_EXP-016__WF2_Prospective_Cross_System_Confirmation\04_RAW\SOURCE\CELLS\3396521e35d751e22d8de718.json,37052,ac93273a50ae0a89e67510b11250e8b74f8394b494fbe358eaa4864f51e0a55f,C:\RSOS\RSOS_EXPERIMENTS_WF2_PROSPECTIVE_CROSS_SYSTEM_CONFIRMATION\04_RAW\CELLS\3396521e35d751e22d8de718.json
C:\RSOS\RSOS_CANONICAL_EXPERIMENT_CHAIN\033_EXP-016__WF2_Prospective_Cross_System_Confirmation\04_RAW\SOURCE\CELLS\33de40cb23db0a4694808343.json,68426,a8cf5364af06d2bc0d74d241db1973844086f64d42ebd3c58505bf8eb48445d3,C:\RSOS\RSOS_EXPERIMENTS_WF2_PROSPECTIVE_CROSS_SYSTEM_CONFIRMATION\04_RAW\CELLS\33de40cb23db0a4694808343.json
C:\RSOS\RSOS_CANONICAL_EXPERIMENT_CHAIN\033_EXP-016__WF2_Prospective_Cross_System_Confirmation\04_RAW\SOURCE\CELLS\34c59aaacef21850f9558790.json,65022,e2d0ad259f0d318e38cb2169ee64af1f9d13315edc418b9055c5473d01f56806,C:\RSOS\RSOS_EXPERIMENTS_WF2_PROSPECTIVE_CROSS_SYSTEM_CONFIRMATION\04_RAW\CELLS\34c59aaacef21850f9558790.json
C:\RSOS\RSOS_CANONICAL_EXPERIMENT_CHAIN\033_EXP-016__WF2_Prospective_Cross_System_Confirmation\04_RAW\SOURCE\CELLS\352166efb6f4d0402b2f1af3.json,74782,36bc22c8b255b056ab73e30a3e3a38731410e2bbbd94efdd4c0c66bb01036db0,C:\RSOS\RSOS_EXPERIMENTS_WF2_PROSPECTIVE_CROSS_SYSTEM_CONFIRMATION\04_RAW\CELLS\352166efb6f4d0402b2f1af3.json
C:\RSOS\RSOS_CANONICAL_EXPERIMENT_CHAIN\033_EXP-016__WF2_Prospective_Cross_System_Confirmation\04_RAW\SOURCE\CELLS\353109ad6e12ce41a8af0582.json,88366,d3198d40de85516c408f059d494f2dee54b894df17a6e5aad6dc24675cb4b948,C:\RSOS\RSOS_EXPERIMENTS_WF2_PROSPECTIVE_CROSS_SYSTEM_CONFIRMATION\04_RAW\CELLS\353109ad6e12ce41a8af0582.json
C:\RSOS\RSOS_CANONICAL_EXPERIMENT_CHAIN\033_EXP-016__WF2_Prospective_Cross_System_Confirmation\04_RAW\SOURCE\CELLS\3631b61e55fff26e3bfd445c.json,65218,5aa166a3d27136a7c247d3d7bcd55f6fd66073a324e7ef3e00fc5b78a3497b16,C:\RSOS\RSOS_EXPERIMENTS_WF2_PROSPECTIVE_CROSS_SYSTEM_CONFIRMATION\04_RAW\CELLS\3631b61e55fff26e3bfd445c.json
C:\RSOS\RSOS_CANONICAL_EXPERIMENT_CHAIN\033_EXP-016__WF2_Prospective_Cross_System_Confirmation\04_RAW\SOURCE\CELLS\37354ab23467faae241c1eee.json,77614,a464d4a671380518d8e85504c883783181885e7c526c3d3079b7c06ccdca54a0,C:\RSOS\RSOS_EXPERIMENTS_WF2_PROSPECTIVE_CROSS_SYSTEM_CONFIRMATION\04_RAW\CELLS\37354ab23467faae241c1eee.json
C:\RSOS\RSOS_CANONICAL_EXPERIMENT_CHAIN\033_EXP-016__WF2_Prospective_Cross_System_Confirmation\04_RAW\SOURCE\CELLS\373936bf646cbbf94e9a9504.json,78332,05e1362fe003151e6219e69af5d7cd8bd74f85f965ce8dea38777e18f6d40880,C:\RSOS\RSOS_EXPERIMENTS_WF2_PROSPECTIVE_CROSS_SYSTEM_CONFIRMATION\04_RAW\CELLS\373936bf646cbbf94e9a9504.json
C:\RSOS\RSOS_CANONICAL_EXPERIMENT_CHAIN\033_EXP-016__WF2_Prospective_Cross_System_Confirmation\04_RAW\SOURCE\CELLS\382eaa2c3c8897064a8cbd0f.json,50027,2a4abcb215169ebe0baa67fd1502f5924116e95fde6d11043cd97fcf2de2fe3d,C:\RSOS\RSOS_EXPERIMENTS_WF2_PROSPECTIVE_CROSS_SYSTEM_CONFIRMATION\04_RAW\CELLS\382eaa2c3c8897064a8cbd0f.json
C:\RSOS\RSOS_CANONICAL_EXPERIMENT_CHAIN\033_EXP-016__WF2_Prospective_Cross_System_Confirmation\04_RAW\SOURCE\CELLS\389b278fa247e1e6e053a42e.json,26593,1cfa39739ae8044100a99c5313d752314bb2dd90eb3080bb8e74d72be932dd24,C:\RSOS\RSOS_EXPERIMENTS_WF2_PROSPECTIVE_CROSS_SYSTEM_CONFIRMATION\04_RAW\CELLS\389b278fa247e1e6e053a42e.json
C:\RSOS\RSOS_CANONICAL_EXPERIMENT_CHAIN\033_EXP-016__WF2_Prospective_Cross_System_Confirmation\04_RAW\SOURCE\CELLS\39885d208c881e4a8b63d2b2.json,62092,9a7045c1f8bbdc673c70eb30d9f322f0d8cec6a74f6194ca53499d2afc1e059e,C:\RSOS\RSOS_EXPERIMENTS_WF2_PROSPECTIVE_CROSS_SYSTEM_CONFIRMATION\04_RAW\CELLS\39885d208c881e4a8b63d2b2.json
C:\RSOS\RSOS_CANONICAL_EXPERIMENT_CHAIN\033_EXP-016__WF2_Prospective_Cross_System_Confirmation\04_RAW\SOURCE\CELLS\398f01428fdfe0c37ba3d9d8.json,76464,751dd6395148325cc9c01d3cf3c86355c674cc7f4c0f44bc7c6410dd1288ffa2,C:\RSOS\RSOS_EXPERIMENTS_WF2_PROSPECTIVE_CROSS_SYSTEM_CONFIRMATION\04_RAW\CELLS\398f01428fdfe0c37ba3d9d8.json
C:\RSOS\RSOS_CANONICAL_EXPERIMENT_CHAIN\033_EXP-016__WF2_Prospective_Cross_System_Confirmation\04_RAW\SOURCE\CELLS\3a4fb3b8ba7785db1a17db1e.json,58745,cc6853d9aa0bf0ee83bfd0d6aa49a4b49dd09456a2cb53528e654290264f3d45,C:\RSOS\RSOS_EXPERIMENTS_WF2_PROSPECTIVE_CROSS_SYSTEM_CONFIRMATION\04_RAW\CELLS\3a4fb3b8ba7785db1a17db1e.json
C:\RSOS\RSOS_CANONICAL_EXPERIMENT_CHAIN\033_EXP-016__WF2_Prospective_Cross_System_Confirmation\04_RAW\SOURCE\CELLS\3a589b89f267e9683577624b.json,58827,ff0a48b291701484fa58a24ab7dede8636f098bcd61b3836d28ff7b05cc36ee9,C:\RSOS\RSOS_EXPERIMENTS_WF2_PROSPECTIVE_CROSS_SYSTEM_CONFIRMATION\04_RAW\CELLS\3a589b89f267e9683577624b.json
C:\RSOS\RSOS_CANONICAL_EXPERIMENT_CHAIN\033_EXP-016__WF2_Prospective_Cross_System_Confirmation\04_RAW\SOURCE\CELLS\3a6eba4c73df05828cd355ad.json,63936,29871377b8200fc83f0879dd82e56ffa842fd3a69b95bbc2f4530ed70d9043f7,C:\RSOS\RSOS_EXPERIMENTS_WF2_PROSPECTIVE_CROSS_SYSTEM_CONFIRMATION\04_RAW\CELLS\3a6eba4c73df05828cd355ad.json
C:\RSOS\RSOS_CANONICAL_EXPERIMENT_CHAIN\033_EXP-016__WF2_Prospective_Cross_System_Confirmation\04_RAW\SOURCE\CELLS\3b35c63a60188d2308b023f8.json,59207,cbca4f8c4f8e2156db2f38f3da006f8abbdc5a55228f1ac2e24da8d2b2aa122e,C:\RSOS\RSOS_EXPERIMENTS_WF2_PROSPECTIVE_CROSS_SYSTEM_CONFIRMATION\04_RAW\CELLS\3b35c63a60188d2308b023f8.json
C:\RSOS\RSOS_CANONICAL_EXPERIMENT_CHAIN\033_EXP-016__WF2_Prospective_Cross_System_Confirmation\04_RAW\SOURCE\CELLS\3b66249932804b7ec54a47f4.json,38269,c21198587148c5f8dcd1dd743883283a302ae507e85a6dea66c28d151397ba6e,C:\RSOS\RSOS_EXPERIMENTS_WF2_PROSPECTIVE_CROSS_SYSTEM_CONFIRMATION\04_RAW\CELLS\3b66249932804b7ec54a47f4.json
C:\RSOS\RSOS_CANONICAL_EXPERIMENT_CHAIN\033_EXP-016__WF2_Prospective_Cross_System_Confirmation\04_RAW\SOURCE\CELLS\3db1e530973dc42ce576a4de.json,71766,25520a2dc85ca2741b0e215a685359dcc438d481dd9a4e9c328e83995292da20,C:\RSOS\RSOS_EXPERIMENTS_WF2_PROSPECTIVE_CROSS_SYSTEM_CONFIRMATION\04_RAW\CELLS\3db1e530973dc42ce576a4de.json
C:\RSOS\RSOS_CANONICAL_EXPERIMENT_CHAIN\033_EXP-016__WF2_Prospective_Cross_System_Confirmation\04_RAW\SOURCE\CELLS\3dd52a993a090036853cef69.json,84170,2d912c86f81758780caf632473353454408ac86efe2a056bc39371d6d84c3173,C:\RSOS\RSOS_EXPERIMENTS_WF2_PROSPECTIVE_CROSS_SYSTEM_CONFIRMATION\04_RAW\CELLS\3dd52a993a090036853cef69.json
C:\RSOS\RSOS_CANONICAL_EXPERIMENT_CHAIN\033_EXP-016__WF2_Prospective_Cross_System_Confirmation\04_RAW\SOURCE\CELLS\3efa5f0ae96cd982f2317e12.json,76430,4dfb945bc1008fc8c0220760fde55b3fc8dd404186ccf67704272a3cde2aa0fc,C:\RSOS\RSOS_EXPERIMENTS_WF2_PROSPECTIVE_CROSS_SYSTEM_CONFIRMATION\04_RAW\CELLS\3efa5f0ae96cd982f2317e12.json
C:\RSOS\RSOS_CANONICAL_EXPERIMENT_CHAIN\033_EXP-016__WF2_Prospective_Cross_System_Confirmation\04_RAW\SOURCE\CELLS\3fda02515bf8c7d1cb8eace6.json,47308,a9b746537ddf56412e0e0e4a9baff94644cf2a0541944700be137e22747fbacf,C:\RSOS\RSOS_EXPERIMENTS_WF2_PROSPECTIVE_CROSS_SYSTEM_CONFIRMATION\04_RAW\CELLS\3fda02515bf8c7d1cb8eace6.json
C:\RSOS\RSOS_CANONICAL_EXPERIMENT_CHAIN\033_EXP-016__WF2_Prospective_Cross_System_Confirmation\04_RAW\SOURCE\CELLS\4175e2bcd495bf30dd2be73b.json,87931,4850bc4ef4fd8ca799c56756ce6ba6b5643a79d790081b1555f376305de04041,C:\RSOS\RSOS_EXPERIMENTS_WF2_PROSPECTIVE_CROSS_SYSTEM_CONFIRMATION\04_RAW\CELLS\4175e2bcd495bf30dd2be73b.json
C:\RSOS\RSOS_CANONICAL_EXPERIMENT_CHAIN\033_EXP-016__WF2_Prospective_Cross_System_Confirmation\04_RAW\SOURCE\CELLS\41d12da5becd59d817ca9614.json,96593,7973ea78bb2f20bde4c31b7e208379d1715f381c896cb71dbc666357e64374c0,C:\RSOS\RSOS_EXPERIMENTS_WF2_PROSPECTIVE_CROSS_SYSTEM_CONFIRMATION\04_RAW\CELLS\41d12da5becd59d817ca9614.json
C:\RSOS\RSOS_CANONICAL_EXPERIMENT_CHAIN\033_EXP-016__WF2_Prospective_Cross_System_Confirmation\04_RAW\SOURCE\CELLS\442ed83719618e653e40868c.json,52235,201b8751b4320528aa1c5ac0db41f7b728443b30a76ead24c9cc19d2e85da07d,C:\RSOS\RSOS_EXPERIMENTS_WF2_PROSPECTIVE_CROSS_SYSTEM_CONFIRMATION\04_RAW\CELLS\442ed83719618e653e40868c.json
C:\RSOS\RSOS_CANONICAL_EXPERIMENT_CHAIN\033_EXP-016__WF2_Prospective_Cross_System_Confirmation\04_RAW\SOURCE\CELLS\4446db0aa45f35361935d5fb.json,49919,0d66fa731496c93d49a83505b9b4d6b1889d2fcb7acd9e7d7c6345bf71fb8625,C:\RSOS\RSOS_EXPERIMENTS_WF2_PROSPECTIVE_CROSS_SYSTEM_CONFIRMATION\04_RAW\CELLS\4446db0aa45f35361935d5fb.json
C:\RSOS\RSOS_CANONICAL_EXPERIMENT_CHAIN\033_EXP-016__WF2_Prospective_Cross_System_Confirmation\04_RAW\SOURCE\CELLS\447bcd13d3e3f876b44bee16.json,78934,1f3e863ad9ede20ec539636fd34cd52bc858e887ac9640ffd43876190f6024fa,C:\RSOS\RSOS_EXPERIMENTS_WF2_PROSPECTIVE_CROSS_SYSTEM_CONFIRMATION\04_RAW\CELLS\447bcd13d3e3f876b44bee16.json
C:\RSOS\RSOS_CANONICAL_EXPERIMENT_CHAIN\033_EXP-016__WF2_Prospective_Cross_System_Confirmation\04_RAW\SOURCE\CELLS\44f10329dc008d570a885892.json,57714,45b02197013c6cca0bab48047ca99256caa538f31d1c763944f5cbb724422839,C:\RSOS\RSOS_EXPERIMENTS_WF2_PROSPECTIVE_CROSS_SYSTEM_CONFIRMATION\04_RAW\CELLS\44f10329dc008d570a885892.json
C:\RSOS\RSOS_CANONICAL_EXPERIMENT_CHAIN\033_EXP-016__WF2_Prospective_Cross_System_Confirmation\04_RAW\SOURCE\CELLS\452cdda6429ccebec79be153.json,50411,d24b9fcf4d2ab9ea2d04e69a62bc20352305ea2605ae432bc27b5517e48bfa4d,C:\RSOS\RSOS_EXPERIMENTS_WF2_PROSPECTIVE_CROSS_SYSTEM_CONFIRMATION\04_RAW\CELLS\452cdda6429ccebec79be153.json
C:\RSOS\RSOS_CANONICAL_EXPERIMENT_CHAIN\033_EXP-016__WF2_Prospective_Cross_System_Confirmation\04_RAW\SOURCE\CELLS\462337a954b676a2697dbb69.json,44360,4e7f17b5252e441bda4be6446c14d46f3f5198f67c30a689d8705da8340c70d7,C:\RSOS\RSOS_EXPERIMENTS_WF2_PROSPECTIVE_CROSS_SYSTEM_CONFIRMATION\04_RAW\CELLS\462337a954b676a2697dbb69.json
C:\RSOS\RSOS_CANONICAL_EXPERIMENT_CHAIN\033_EXP-016__WF2_Prospective_Cross_System_Confirmation\04_RAW\SOURCE\CELLS\468537f2a6981a3b358bb613.json,93818,76ab5a46558854dc4971eb4fa068bb13c94e2849a040cb5a549888cef9473b26,C:\RSOS\RSOS_EXPERIMENTS_WF2_PROSPECTIVE_CROSS_SYSTEM_CONFIRMATION\04_RAW\CELLS\468537f2a6981a3b358bb613.json
C:\RSOS\RSOS_CANONICAL_EXPERIMENT_CHAIN\033_EXP-016__WF2_Prospective_Cross_System_Confirmation\04_RAW\SOURCE\CELLS\46cacdb332c218840d6b7fe1.json,83045,2134811e2bcf9bf148cee83c80884847c99b39b00e842f0250de33f24b20dc15,C:\RSOS\RSOS_EXPERIMENTS_WF2_PROSPECTIVE_CROSS_SYSTEM_CONFIRMATION\04_RAW\CELLS\46cacdb332c218840d6b7fe1.json
C:\RSOS\RSOS_CANONICAL_EXPERIMENT_CHAIN\033_EXP-016__WF2_Prospective_Cross_System_Confirmation\04_RAW\SOURCE\CELLS\46e14385f03889a3e0d7621b.json,49292,61698d64e36c9de1be2535b6550a3a6485f4dc062abbb8f397c7212eeee6e215,C:\RSOS\RSOS_EXPERIMENTS_WF2_PROSPECTIVE_CROSS_SYSTEM_CONFIRMATION\04_RAW\CELLS\46e14385f03889a3e0d7621b.json
C:\RSOS\RSOS_CANONICAL_EXPERIMENT_CHAIN\033_EXP-016__WF2_Prospective_Cross_System_Confirmation\04_RAW\SOURCE\CELLS\4748c9bbef8251ddfc4d7b49.json,76535,6ceb32d01d4d1caa93bbc016d1fb3606292e2780aa5cac27597311a959179fdf,C:\RSOS\RSOS_EXPERIMENTS_WF2_PROSPECTIVE_CROSS_SYSTEM_CONFIRMATION\04_RAW\CELLS\4748c9bbef8251ddfc4d7b49.json
C:\RSOS\RSOS_CANONICAL_EXPERIMENT_CHAIN\033_EXP-016__WF2_Prospective_Cross_System_Confirmation\04_RAW\SOURCE\CELLS\49802666f3479879a73025b0.json,48668,60ce82fe2c6853c372cde4d514b376c91f7ef016783ce52ef99ef5474fc6aaff,C:\RSOS\RSOS_EXPERIMENTS_WF2_PROSPECTIVE_CROSS_SYSTEM_CONFIRMATION\04_RAW\CELLS\49802666f3479879a73025b0.json
C:\RSOS\RSOS_CANONICAL_EXPERIMENT_CHAIN\033_EXP-016__WF2_Prospective_Cross_System_Confirmation\04_RAW\SOURCE\CELLS\4994621221bd937b708d7ce3.json,62927,c746d845d484d92b0eaf3fd11702c91ffa098d7f1f92b4b77600cc95a5d45aa1,C:\RSOS\RSOS_EXPERIMENTS_WF2_PROSPECTIVE_CROSS_SYSTEM_CONFIRMATION\04_RAW\CELLS\4994621221bd937b708d7ce3.json
C:\RSOS\RSOS_CANONICAL_EXPERIMENT_CHAIN\033_EXP-016__WF2_Prospective_Cross_System_Confirmation\04_RAW\SOURCE\CELLS\4a250c81a299b607cb74ab12.json,88132,d071ce8645ad7aff20465d2e0a2cd2c3fad8a2cb39aca37d1c93d7b8a3ba9638,C:\RSOS\RSOS_EXPERIMENTS_WF2_PROSPECTIVE_CROSS_SYSTEM_CONFIRMATION\04_RAW\CELLS\4a250c81a299b607cb74ab12.json
C:\RSOS\RSOS_CANONICAL_EXPERIMENT_CHAIN\033_EXP-016__WF2_Prospective_Cross_System_Confirmation\04_RAW\SOURCE\CELLS\4ac0815d6b8f5eabcd1bda15.json,81380,1841f2dde705d5559b669cd58b5614e4430f70184a1cf78dbb643b28dd79493d,C:\RSOS\RSOS_EXPERIMENTS_WF2_PROSPECTIVE_CROSS_SYSTEM_CONFIRMATION\04_RAW\CELLS\4ac0815d6b8f5eabcd1bda15.json
C:\RSOS\RSOS_CANONICAL_EXPERIMENT_CHAIN\033_EXP-016__WF2_Prospective_Cross_System_Confirmation\04_RAW\SOURCE\CELLS\4b2c63302b2f922a0ee22faa.json,47774,22d880819931da9ffb869560702676a17c32ef1ec76b43d59c098f3d90b28852,C:\RSOS\RSOS_EXPERIMENTS_WF2_PROSPECTIVE_CROSS_SYSTEM_CONFIRMATION\04_RAW\CELLS\4b2c63302b2f922a0ee22faa.json
C:\RSOS\RSOS_CANONICAL_EXPERIMENT_CHAIN\033_EXP-016__WF2_Prospective_Cross_System_Confirmation\04_RAW\SOURCE\CELLS\4b6e697c16f0c925a197b015.json,56425,416edea379e1152cf28c1c907d8c9fd6bd2dee3ffb812fd27b4450fb3ccde712,C:\RSOS\RSOS_EXPERIMENTS_WF2_PROSPECTIVE_CROSS_SYSTEM_CONFIRMATION\04_RAW\CELLS\4b6e697c16f0c925a197b015.json
C:\RSOS\RSOS_CANONICAL_EXPERIMENT_CHAIN\033_EXP-016__WF2_Prospective_Cross_System_Confirmation\04_RAW\SOURCE\CELLS\4bccb5a7f26df5ff072fbc8f.json,48253,2ba34e701ed08434552c9ce40db53e75026f19a6123989daf269002737455017,C:\RSOS\RSOS_EXPERIMENTS_WF2_PROSPECTIVE_CROSS_SYSTEM_CONFIRMATION\04_RAW\CELLS\4bccb5a7f26df5ff072fbc8f.json
C:\RSOS\RSOS_CANONICAL_EXPERIMENT_CHAIN\033_EXP-016__WF2_Prospective_Cross_System_Confirmation\04_RAW\SOURCE\CELLS\4be6473e4a405406e337c722.json,46497,b099229a49d21cf1076a2e3edd51dc3ad9b045acbc85894a7e7e5f22befd5331,C:\RSOS\RSOS_EXPERIMENTS_WF2_PROSPECTIVE_CROSS_SYSTEM_CONFIRMATION\04_RAW\CELLS\4be6473e4a405406e337c722.json
C:\RSOS\RSOS_CANONICAL_EXPERIMENT_CHAIN\033_EXP-016__WF2_Prospective_Cross_System_Confirmation\04_RAW\SOURCE\CELLS\4c4b6c3f44ae331668907ebd.json,62709,c624e9381504b64787fbf249bb368758aa2b3d530a78f32dd6e365f1e68494d0,C:\RSOS\RSOS_EXPERIMENTS_WF2_PROSPECTIVE_CROSS_SYSTEM_CONFIRMATION\04_RAW\CELLS\4c4b6c3f44ae331668907ebd.json
C:\RSOS\RSOS_CANONICAL_EXPERIMENT_CHAIN\033_EXP-016__WF2_Prospective_Cross_System_Confirmation\04_RAW\SOURCE\CELLS\4d042108c66adc25b44b4750.json,100323,e105cf19fe27c4ceb4a0cf6b9ab29aacec18cc5e2409e5b48ecc9d9602f8f47f,C:\RSOS\RSOS_EXPERIMENTS_WF2_PROSPECTIVE_CROSS_SYSTEM_CONFIRMATION\04_RAW\CELLS\4d042108c66adc25b44b4750.json
C:\RSOS\RSOS_CANONICAL_EXPERIMENT_CHAIN\033_EXP-016__WF2_Prospective_Cross_System_Confirmation\04_RAW\SOURCE\CELLS\4d368f1abbcbb5c5849c0927.json,42173,f882117557505fbca3497e853ec056b7cbc4f8be8ad6dfcadfb2277e95f7305a,C:\RSOS\RSOS_EXPERIMENTS_WF2_PROSPECTIVE_CROSS_SYSTEM_CONFIRMATION\04_RAW\CELLS\4d368f1abbcbb5c5849c0927.json
C:\RSOS\RSOS_CANONICAL_EXPERIMENT_CHAIN\033_EXP-016__WF2_Prospective_Cross_System_Confirmation\04_RAW\SOURCE\CELLS\4f174a52131070bd0fa936da.json,60132,245812383e412d35abe9759ab90ca8b09959c3cdcfd217887ddc68ee59198773,C:\RSOS\RSOS_EXPERIMENTS_WF2_PROSPECTIVE_CROSS_SYSTEM_CONFIRMATION\04_RAW\CELLS\4f174a52131070bd0fa936da.json
C:\RSOS\RSOS_CANONICAL_EXPERIMENT_CHAIN\033_EXP-016__WF2_Prospective_Cross_System_Confirmation\04_RAW\SOURCE\CELLS\4fab1a2f22646e99c4eb2044.json,80791,915b02b857f22c70f004deb37e032f6d4c6716d3d796326eb61b3d2cada17ae3,C:\RSOS\RSOS_EXPERIMENTS_WF2_PROSPECTIVE_CROSS_SYSTEM_CONFIRMATION\04_RAW\CELLS\4fab1a2f22646e99c4eb2044.json
C:\RSOS\RSOS_CANONICAL_EXPERIMENT_CHAIN\033_EXP-016__WF2_Prospective_Cross_System_Confirmation\04_RAW\SOURCE\CELLS\5030e670ace070a06e0777e2.json,82026,8d32f4d89d847c50d918c998442cbfc2281d7e0c6336b26eda201c32de06b7d7,C:\RSOS\RSOS_EXPERIMENTS_WF2_PROSPECTIVE_CROSS_SYSTEM_CONFIRMATION\04_RAW\CELLS\5030e670ace070a06e0777e2.json
C:\RSOS\RSOS_CANONICAL_EXPERIMENT_CHAIN\033_EXP-016__WF2_Prospective_Cross_System_Confirmation\04_RAW\SOURCE\CELLS\50bf3a985ef739a2c86a712b.json,116209,f47afc77ea806e33a3b28c8da9f663ef66d6bcef16001a5621a167bc40e8a71b,C:\RSOS\RSOS_EXPERIMENTS_WF2_PROSPECTIVE_CROSS_SYSTEM_CONFIRMATION\04_RAW\CELLS\50bf3a985ef739a2c86a712b.json
C:\RSOS\RSOS_CANONICAL_EXPERIMENT_CHAIN\033_EXP-016__WF2_Prospective_Cross_System_Confirmation\04_RAW\SOURCE\CELLS\51a586f2f4f96b8f07750adf.json,108803,95bdcf5ff012d0473864d759863f4ab4e1b8b41a7bfeeb3626fba52adfceecd4,C:\RSOS\RSOS_EXPERIMENTS_WF2_PROSPECTIVE_CROSS_SYSTEM_CONFIRMATION\04_RAW\CELLS\51a586f2f4f96b8f07750adf.json
C:\RSOS\RSOS_CANONICAL_EXPERIMENT_CHAIN\033_EXP-016__WF2_Prospective_Cross_System_Confirmation\04_RAW\SOURCE\CELLS\5255c0a15072b3a1cfe17b19.json,72600,8810703579f8a059dace6d7cd0674d4b64924e85388203293f027560b1d3ca3b,C:\RSOS\RSOS_EXPERIMENTS_WF2_PROSPECTIVE_CROSS_SYSTEM_CONFIRMATION\04_RAW\CELLS\5255c0a15072b3a1cfe17b19.json
C:\RSOS\RSOS_CANONICAL_EXPERIMENT_CHAIN\033_EXP-016__WF2_Prospective_Cross_System_Confirmation\04_RAW\SOURCE\CELLS\527ecc8995619ceb7aa3627c.json,55324,98e043b57029fadae29c5e2f59e7728b918b3a787dcd20302ee44b851b5ab5ac,C:\RSOS\RSOS_EXPERIMENTS_WF2_PROSPECTIVE_CROSS_SYSTEM_CONFIRMATION\04_RAW\CELLS\527ecc8995619ceb7aa3627c.json
C:\RSOS\RSOS_CANONICAL_EXPERIMENT_CHAIN\033_EXP-016__WF2_Prospective_Cross_System_Confirmation\04_RAW\SOURCE\CELLS\536c25e6c39cac32a9de3ab3.json,86357,6c424822e059651e071e8ef864892e85c405cc7d28f12f8b24a12511d5ec7d7c,C:\RSOS\RSOS_EXPERIMENTS_WF2_PROSPECTIVE_CROSS_SYSTEM_CONFIRMATION\04_RAW\CELLS\536c25e6c39cac32a9de3ab3.json
C:\RSOS\RSOS_CANONICAL_EXPERIMENT_CHAIN\033_EXP-016__WF2_Prospective_Cross_System_Confirmation\04_RAW\SOURCE\CELLS\539050fb6b7504b401e08d74.json,62863,74a562e8aec7382e9d5b7865a99558889279bbd61ad3a9532506ce2297cebb82,C:\RSOS\RSOS_EXPERIMENTS_WF2_PROSPECTIVE_CROSS_SYSTEM_CONFIRMATION\04_RAW\CELLS\539050fb6b7504b401e08d74.json
C:\RSOS\RSOS_CANONICAL_EXPERIMENT_CHAIN\033_EXP-016__WF2_Prospective_Cross_System_Confirmation\04_RAW\SOURCE\CELLS\542a6443b50d560661026808.json,71025,6c7b85c2d1a96fc761fd964c9272b44aa950f452c9227e4896b639ef8956c3fb,C:\RSOS\RSOS_EXPERIMENTS_WF2_PROSPECTIVE_CROSS_SYSTEM_CONFIRMATION\04_RAW\CELLS\542a6443b50d560661026808.json
C:\RSOS\RSOS_CANONICAL_EXPERIMENT_CHAIN\033_EXP-016__WF2_Prospective_Cross_System_Confirmation\04_RAW\SOURCE\CELLS\54874e68ef32c588c928bc10.json,82801,d4570b45bf87639ee9e087065880d9ce67c37c198d309f56c175fcbdd4a5acbd,C:\RSOS\RSOS_EXPERIMENTS_WF2_PROSPECTIVE_CROSS_SYSTEM_CONFIRMATION\04_RAW\CELLS\54874e68ef32c588c928bc10.json
C:\RSOS\RSOS_CANONICAL_EXPERIMENT_CHAIN\033_EXP-016__WF2_Prospective_Cross_System_Confirmation\04_RAW\SOURCE\CELLS\55bdf9bdc50f349f024b3a6f.json,94766,96114d8a2ddbe9d246b69d7549c257bacc6fd9e51642b56ba67781a699976cc0,C:\RSOS\RSOS_EXPERIMENTS_WF2_PROSPECTIVE_CROSS_SYSTEM_CONFIRMATION\04_RAW\CELLS\55bdf9bdc50f349f024b3a6f.json
C:\RSOS\RSOS_CANONICAL_EXPERIMENT_CHAIN\033_EXP-016__WF2_Prospective_Cross_System_Confirmation\04_RAW\SOURCE\CELLS\55fb39999648173f9a663d83.json,102705,8b19a5cd4e124e321031a4cfdf1bb222210aa10c724f0b2d470efba0b396dcf8,C:\RSOS\RSOS_EXPERIMENTS_WF2_PROSPECTIVE_CROSS_SYSTEM_CONFIRMATION\04_RAW\CELLS\55fb39999648173f9a663d83.json
C:\RSOS\RSOS_CANONICAL_EXPERIMENT_CHAIN\033_EXP-016__WF2_Prospective_Cross_System_Confirmation\04_RAW\SOURCE\CELLS\564bc815f8df397e64466588.json,63058,e0135292afd26e46c31bf14d8d55741271e60da27eab311880ce2080504fbf97,C:\RSOS\RSOS_EXPERIMENTS_WF2_PROSPECTIVE_CROSS_SYSTEM_CONFIRMATION\04_RAW\CELLS\564bc815f8df397e64466588.json
C:\RSOS\RSOS_CANONICAL_EXPERIMENT_CHAIN\033_EXP-016__WF2_Prospective_Cross_System_Confirmation\04_RAW\SOURCE\CELLS\56d162ac8344469ae4a056aa.json,78972,96af938b2fbf24fb9ad9641072beccae5c80b840852b2d46706a31982bd82831,C:\RSOS\RSOS_EXPERIMENTS_WF2_PROSPECTIVE_CROSS_SYSTEM_CONFIRMATION\04_RAW\CELLS\56d162ac8344469ae4a056aa.json
C:\RSOS\RSOS_CANONICAL_EXPERIMENT_CHAIN\033_EXP-016__WF2_Prospective_Cross_System_Confirmation\04_RAW\SOURCE\CELLS\5729c09cdc4dd5463047c269.json,73433,a934b19697dec74778087dbe0a47f851aefc60ed2d14d0ebcb2fb8e0ac63f89d,C:\RSOS\RSOS_EXPERIMENTS_WF2_PROSPECTIVE_CROSS_SYSTEM_CONFIRMATION\04_RAW\CELLS\5729c09cdc4dd5463047c269.json
C:\RSOS\RSOS_CANONICAL_EXPERIMENT_CHAIN\033_EXP-016__WF2_Prospective_Cross_System_Confirmation\04_RAW\SOURCE\CELLS\5767839b500edb9e957e7c5d.json,64092,4a92e8c29d89f93a123e5fe31a782f4e461ca8153fa55f46c015c4182f752384,C:\RSOS\RSOS_EXPERIMENTS_WF2_PROSPECTIVE_CROSS_SYSTEM_CONFIRMATION\04_RAW\CELLS\5767839b500edb9e957e7c5d.json
C:\RSOS\RSOS_CANONICAL_EXPERIMENT_CHAIN\033_EXP-016__WF2_Prospective_Cross_System_Confirmation\04_RAW\SOURCE\CELLS\5819974f7b9b84c326b8de0e.json,61596,95c3b7fddf6b25c4ea94175cd642875a06ae421218942d7bc27bb89e9ec206c6,C:\RSOS\RSOS_EXPERIMENTS_WF2_PROSPECTIVE_CROSS_SYSTEM_CONFIRMATION\04_RAW\CELLS\5819974f7b9b84c326b8de0e.json
C:\RSOS\RSOS_CANONICAL_EXPERIMENT_CHAIN\033_EXP-016__WF2_Prospective_Cross_System_Confirmation\04_RAW\SOURCE\CELLS\583867974895c5c688ee11b3.json,64391,75804f65f41f0c7caf736b198481ede9439f79ab023c511948084c8b3652cc7d,C:\RSOS\RSOS_EXPERIMENTS_WF2_PROSPECTIVE_CROSS_SYSTEM_CONFIRMATION\04_RAW\CELLS\583867974895c5c688ee11b3.json
C:\RSOS\RSOS_CANONICAL_EXPERIMENT_CHAIN\033_EXP-016__WF2_Prospective_Cross_System_Confirmation\04_RAW\SOURCE\CELLS\59260131d092168b6e9bc082.json,105350,6d9d8f9b1e6927de5538154de474cf5cabed12a218829b1083069fcb6440ff25,C:\RSOS\RSOS_EXPERIMENTS_WF2_PROSPECTIVE_CROSS_SYSTEM_CONFIRMATION\04_RAW\CELLS\59260131d092168b6e9bc082.json
C:\RSOS\RSOS_CANONICAL_EXPERIMENT_CHAIN\033_EXP-016__WF2_Prospective_Cross_System_Confirmation\04_RAW\SOURCE\CELLS\59df2884e2d315a9b275fff6.json,62021,c8e73708af81b917115617c6c59930cf0392bd96d825ce03db78894b3f5b3e13,C:\RSOS\RSOS_EXPERIMENTS_WF2_PROSPECTIVE_CROSS_SYSTEM_CONFIRMATION\04_RAW\CELLS\59df2884e2d315a9b275fff6.json
C:\RSOS\RSOS_CANONICAL_EXPERIMENT_CHAIN\033_EXP-016__WF2_Prospective_Cross_System_Confirmation\04_RAW\SOURCE\CELLS\59ff200aa50bc6f54d0d3413.json,70683,2223b63907e062a8a767bb485cc44d4f7425a121459a63ee30e507ba1faa296e,C:\RSOS\RSOS_EXPERIMENTS_WF2_PROSPECTIVE_CROSS_SYSTEM_CONFIRMATION\04_RAW\CELLS\59ff200aa50bc6f54d0d3413.json
C:\RSOS\RSOS_CANONICAL_EXPERIMENT_CHAIN\033_EXP-016__WF2_Prospective_Cross_System_Confirmation\04_RAW\SOURCE\CELLS\59ff7c4392387af210954698.json,61047,697b339882f19fd0d67fd7784e6f4130e12cfa693939cd09baf305fee332912f,C:\RSOS\RSOS_EXPERIMENTS_WF2_PROSPECTIVE_CROSS_SYSTEM_CONFIRMATION\04_RAW\CELLS\59ff7c4392387af210954698.json
C:\RSOS\RSOS_CANONICAL_EXPERIMENT_CHAIN\033_EXP-016__WF2_Prospective_Cross_System_Confirmation\04_RAW\SOURCE\CELLS\5a24c7fd25d3c0f5c150c966.json,101695,d15c2cdd58e84c806e6e7c3ab173ea99215b73fb9641762f1b1e65132a9ec562,C:\RSOS\RSOS_EXPERIMENTS_WF2_PROSPECTIVE_CROSS_SYSTEM_CONFIRMATION\04_RAW\CELLS\5a24c7fd25d3c0f5c150c966.json
C:\RSOS\RSOS_CANONICAL_EXPERIMENT_CHAIN\033_EXP-016__WF2_Prospective_Cross_System_Confirmation\04_RAW\SOURCE\CELLS\5a6fdf12ddbbc9de478cc661.json,57226,a190cb89a0d9c9dc525b9f6d1ff98748d4e9c35603d21c9b80216eefa3e73904,C:\RSOS\RSOS_EXPERIMENTS_WF2_PROSPECTIVE_CROSS_SYSTEM_CONFIRMATION\04_RAW\CELLS\5a6fdf12ddbbc9de478cc661.json
C:\RSOS\RSOS_CANONICAL_EXPERIMENT_CHAIN\033_EXP-016__WF2_Prospective_Cross_System_Confirmation\04_RAW\SOURCE\CELLS\5be1bc61b78469b39b3d9af0.json,65951,720da5b5a25b35616b62025fb70db1e7527d462789fce4dacaa76bfa6e998092,C:\RSOS\RSOS_EXPERIMENTS_WF2_PROSPECTIVE_CROSS_SYSTEM_CONFIRMATION\04_RAW\CELLS\5be1bc61b78469b39b3d9af0.json
C:\RSOS\RSOS_CANONICAL_EXPERIMENT_CHAIN\033_EXP-016__WF2_Prospective_Cross_System_Confirmation\04_RAW\SOURCE\CELLS\5d1689ee55a4231beb2a74c2.json,78033,5b48ff9f54978d68702f2362495ed65b52edb588b831033ff89f6f682b9152ec,C:\RSOS\RSOS_EXPERIMENTS_WF2_PROSPECTIVE_CROSS_SYSTEM_CONFIRMATION\04_RAW\CELLS\5d1689ee55a4231beb2a74c2.json
C:\RSOS\RSOS_CANONICAL_EXPERIMENT_CHAIN\033_EXP-016__WF2_Prospective_Cross_System_Confirmation\04_RAW\SOURCE\CELLS\5d7ddd88b0e14309758884ee.json,82123,187e00beb3f93d420adce20eea9777bf301c364f0781ed7e0550e49658cff61f,C:\RSOS\RSOS_EXPERIMENTS_WF2_PROSPECTIVE_CROSS_SYSTEM_CONFIRMATION\04_RAW\CELLS\5d7ddd88b0e14309758884ee.json
C:\RSOS\RSOS_CANONICAL_EXPERIMENT_CHAIN\033_EXP-016__WF2_Prospective_Cross_System_Confirmation\04_RAW\SOURCE\CELLS\5d924ddecd4c39ac97344e8f.json,55683,59a174e025b5890c24dd21ac67ead115f4a4ce34419d7166abedbfefd3aa51b8,C:\RSOS\RSOS_EXPERIMENTS_WF2_PROSPECTIVE_CROSS_SYSTEM_CONFIRMATION\04_RAW\CELLS\5d924ddecd4c39ac97344e8f.json
C:\RSOS\RSOS_CANONICAL_EXPERIMENT_CHAIN\033_EXP-016__WF2_Prospective_Cross_System_Confirmation\04_RAW\SOURCE\CELLS\5e4bfc77f578f3d05aa25d2f.json,65196,79f008b1d48601e11057445a67927c126fa7f098ca5f473f59794dbab400c355,C:\RSOS\RSOS_EXPERIMENTS_WF2_PROSPECTIVE_CROSS_SYSTEM_CONFIRMATION\04_RAW\CELLS\5e4bfc77f578f3d05aa25d2f.json
C:\RSOS\RSOS_CANONICAL_EXPERIMENT_CHAIN\033_EXP-016__WF2_Prospective_Cross_System_Confirmation\04_RAW\SOURCE\CELLS\5e94835721ec657c67e822c1.json,71404,edafedda94c86a141dcab0b9c63e9e9c839b4671b08ad87db03e0969ceacacd6,C:\RSOS\RSOS_EXPERIMENTS_WF2_PROSPECTIVE_CROSS_SYSTEM_CONFIRMATION\04_RAW\CELLS\5e94835721ec657c67e822c1.json
C:\RSOS\RSOS_CANONICAL_EXPERIMENT_CHAIN\033_EXP-016__WF2_Prospective_Cross_System_Confirmation\04_RAW\SOURCE\CELLS\5f49d3dbcc5645fb09ba9236.json,41211,f455abfb01bb2e239c3a30bc39b14163cc941e2b85e531af0aab2cd1b7520f92,C:\RSOS\RSOS_EXPERIMENTS_WF2_PROSPECTIVE_CROSS_SYSTEM_CONFIRMATION\04_RAW\CELLS\5f49d3dbcc5645fb09ba9236.json
C:\RSOS\RSOS_CANONICAL_EXPERIMENT_CHAIN\033_EXP-016__WF2_Prospective_Cross_System_Confirmation\04_RAW\SOURCE\CELLS\6025a9abab7b3409c8560c50.json,98228,cda29d34fbd27a027b30e3e599ae3ca1f79e57b5d40b282d5c7d92b8bde69aad,C:\RSOS\RSOS_EXPERIMENTS_WF2_PROSPECTIVE_CROSS_SYSTEM_CONFIRMATION\04_RAW\CELLS\6025a9abab7b3409c8560c50.json
C:\RSOS\RSOS_CANONICAL_EXPERIMENT_CHAIN\033_EXP-016__WF2_Prospective_Cross_System_Confirmation\04_RAW\SOURCE\CELLS\602d2c54e5bd4e1b923ef353.json,48659,cc5ccf7a959a0a72a70cb2ce39a3024d2c44fdc7f9c28a07678a54b480a13dbb,C:\RSOS\RSOS_EXPERIMENTS_WF2_PROSPECTIVE_CROSS_SYSTEM_CONFIRMATION\04_RAW\CELLS\602d2c54e5bd4e1b923ef353.json
C:\RSOS\RSOS_CANONICAL_EXPERIMENT_CHAIN\033_EXP-016__WF2_Prospective_Cross_System_Confirmation\04_RAW\SOURCE\CELLS\604066ca5d4650b8a05ecd3b.json,55652,da703f6118585daece38005d4cc1a04d0a32fa3a63c62a40f6d7c1b159bd4101,C:\RSOS\RSOS_EXPERIMENTS_WF2_PROSPECTIVE_CROSS_SYSTEM_CONFIRMATION\04_RAW\CELLS\604066ca5d4650b8a05ecd3b.json
C:\RSOS\RSOS_CANONICAL_EXPERIMENT_CHAIN\033_EXP-016__WF2_Prospective_Cross_System_Confirmation\04_RAW\SOURCE\CELLS\60818a090938cf5954ccb07d.json,61933,5ce1f9576643e188e53e0c7de102fff9365c5da1ebe18677b2ced337e57612c3,C:\RSOS\RSOS_EXPERIMENTS_WF2_PROSPECTIVE_CROSS_SYSTEM_CONFIRMATION\04_RAW\CELLS\60818a090938cf5954ccb07d.json
C:\RSOS\RSOS_CANONICAL_EXPERIMENT_CHAIN\033_EXP-016__WF2_Prospective_Cross_System_Confirmation\04_RAW\SOURCE\CELLS\60e67f0716ead29385f0c7e5.json,70481,3add600ff5a829de223c63c9c274eb8c026bb2d2d390a6675eb00edd0e374b65,C:\RSOS\RSOS_EXPERIMENTS_WF2_PROSPECTIVE_CROSS_SYSTEM_CONFIRMATION\04_RAW\CELLS\60e67f0716ead29385f0c7e5.json
C:\RSOS\RSOS_CANONICAL_EXPERIMENT_CHAIN\033_EXP-016__WF2_Prospective_Cross_System_Confirmation\04_RAW\SOURCE\CELLS\62b82ef4a5f6ac209b547026.json,96550,3cb16c8a89aad17db08aec6ed7544305b10004b1f5890caf83db14b7ac9522de,C:\RSOS\RSOS_EXPERIMENTS_WF2_PROSPECTIVE_CROSS_SYSTEM_CONFIRMATION\04_RAW\CELLS\62b82ef4a5f6ac209b547026.json
C:\RSOS\RSOS_CANONICAL_EXPERIMENT_CHAIN\033_EXP-016__WF2_Prospective_Cross_System_Confirmation\04_RAW\SOURCE\CELLS\62fb183cb38a95d913c3f9aa.json,63307,acb0001343c17d8217c9f2781966563672d7624490155c17d0addb779a7b66d3,C:\RSOS\RSOS_EXPERIMENTS_WF2_PROSPECTIVE_CROSS_SYSTEM_CONFIRMATION\04_RAW\CELLS\62fb183cb38a95d913c3f9aa.json
C:\RSOS\RSOS_CANONICAL_EXPERIMENT_CHAIN\033_EXP-016__WF2_Prospective_Cross_System_Confirmation\04_RAW\SOURCE\CELLS\635e6b1cd451b8d391d546e8.json,27133,5049e16858659ed0418bef1010cdfed0da4ef03b2248fb126b56e1ff1b1acd03,C:\RSOS\RSOS_EXPERIMENTS_WF2_PROSPECTIVE_CROSS_SYSTEM_CONFIRMATION\04_RAW\CELLS\635e6b1cd451b8d391d546e8.json
C:\RSOS\RSOS_CANONICAL_EXPERIMENT_CHAIN\033_EXP-016__WF2_Prospective_Cross_System_Confirmation\04_RAW\SOURCE\CELLS\6383068e1287d5204351ebd5.json,68195,d6db250ae39613410e8d85c0620aa985276a75ae6001cbe56da0644bb7626792,C:\RSOS\RSOS_EXPERIMENTS_WF2_PROSPECTIVE_CROSS_SYSTEM_CONFIRMATION\04_RAW\CELLS\6383068e1287d5204351ebd5.json
C:\RSOS\RSOS_CANONICAL_EXPERIMENT_CHAIN\033_EXP-016__WF2_Prospective_Cross_System_Confirmation\04_RAW\SOURCE\CELLS\63d5fe11d35e1d9853726252.json,52310,7c00694cd4c5585d167ba330fbd2398310eed97280276fafe0c465efcd478c88,C:\RSOS\RSOS_EXPERIMENTS_WF2_PROSPECTIVE_CROSS_SYSTEM_CONFIRMATION\04_RAW\CELLS\63d5fe11d35e1d9853726252.json
C:\RSOS\RSOS_CANONICAL_EXPERIMENT_CHAIN\033_EXP-016__WF2_Prospective_Cross_System_Confirmation\04_RAW\SOURCE\CELLS\65990f8d3119d468ea532202.json,87966,319f839854634238713d73d149b62eab30f65a498bfac17b500c388fbeffeb48,C:\RSOS\RSOS_EXPERIMENTS_WF2_PROSPECTIVE_CROSS_SYSTEM_CONFIRMATION\04_RAW\CELLS\65990f8d3119d468ea532202.json
C:\RSOS\RSOS_CANONICAL_EXPERIMENT_CHAIN\033_EXP-016__WF2_Prospective_Cross_System_Confirmation\04_RAW\SOURCE\CELLS\66ff41c6ad468d0b82ccad84.json,55394,db09f8eb77fe811e391a3f8eced70ae68c40a4a14edeccf69abe5dac50eb5653,C:\RSOS\RSOS_EXPERIMENTS_WF2_PROSPECTIVE_CROSS_SYSTEM_CONFIRMATION\04_RAW\CELLS\66ff41c6ad468d0b82ccad84.json
C:\RSOS\RSOS_CANONICAL_EXPERIMENT_CHAIN\033_EXP-016__WF2_Prospective_Cross_System_Confirmation\04_RAW\SOURCE\CELLS\67035211cd77016d1b9411b5.json,53559,5c2dd48b68ae8bc5c9b27e47f419ce4a482c178363b69c700199f96bf07c612b,C:\RSOS\RSOS_EXPERIMENTS_WF2_PROSPECTIVE_CROSS_SYSTEM_CONFIRMATION\04_RAW\CELLS\67035211cd77016d1b9411b5.json
C:\RSOS\RSOS_CANONICAL_EXPERIMENT_CHAIN\033_EXP-016__WF2_Prospective_Cross_System_Confirmation\04_RAW\SOURCE\CELLS\672064ef8ee9faf5f52650a1.json,56503,910cb73abafdc55636c8bb3075112ad26b891c31e481779fccc1b6dfbd9a8a9b,C:\RSOS\RSOS_EXPERIMENTS_WF2_PROSPECTIVE_CROSS_SYSTEM_CONFIRMATION\04_RAW\CELLS\672064ef8ee9faf5f52650a1.json
C:\RSOS\RSOS_CANONICAL_EXPERIMENT_CHAIN\033_EXP-016__WF2_Prospective_Cross_System_Confirmation\04_RAW\SOURCE\CELLS\677371b6887fbc0fe2a5206e.json,66397,b59e8719e2e62a871f4459bb04dc38cb374a537e97f75ea1be781824483cd36f,C:\RSOS\RSOS_EXPERIMENTS_WF2_PROSPECTIVE_CROSS_SYSTEM_CONFIRMATION\04_RAW\CELLS\677371b6887fbc0fe2a5206e.json
C:\RSOS\RSOS_CANONICAL_EXPERIMENT_CHAIN\033_EXP-016__WF2_Prospective_Cross_System_Confirmation\04_RAW\SOURCE\CELLS\67e3265b5e0b1fb21e073e0b.json,43813,6adce63514bae095d7fef6db958c00a3e41dd61d34ee46c0e485e0c691b7849b,C:\RSOS\RSOS_EXPERIMENTS_WF2_PROSPECTIVE_CROSS_SYSTEM_CONFIRMATION\04_RAW\CELLS\67e3265b5e0b1fb21e073e0b.json
C:\RSOS\RSOS_CANONICAL_EXPERIMENT_CHAIN\033_EXP-016__WF2_Prospective_Cross_System_Confirmation\04_RAW\SOURCE\CELLS\68096567447dcf4db16791a9.json,92900,83ec3afb49eb42b0399d1ee8169cc9f8bd1623faddf4a19215fcbb02cd6261ac,C:\RSOS\RSOS_EXPERIMENTS_WF2_PROSPECTIVE_CROSS_SYSTEM_CONFIRMATION\04_RAW\CELLS\68096567447dcf4db16791a9.json
C:\RSOS\RSOS_CANONICAL_EXPERIMENT_CHAIN\033_EXP-016__WF2_Prospective_Cross_System_Confirmation\04_RAW\SOURCE\CELLS\686e1c153cd853c8e622cff7.json,38980,3b6b2ed46243b605374795d24e79f3e59371d635df08fd5cbda08552c72663d9,C:\RSOS\RSOS_EXPERIMENTS_WF2_PROSPECTIVE_CROSS_SYSTEM_CONFIRMATION\04_RAW\CELLS\686e1c153cd853c8e622cff7.json
C:\RSOS\RSOS_CANONICAL_EXPERIMENT_CHAIN\033_EXP-016__WF2_Prospective_Cross_System_Confirmation\04_RAW\SOURCE\CELLS\69284e5f9d73032c46d5616f.json,99027,dc823ef39d05baca441845d71f320c065470f41c50aa62170898cf2c12022630,C:\RSOS\RSOS_EXPERIMENTS_WF2_PROSPECTIVE_CROSS_SYSTEM_CONFIRMATION\04_RAW\CELLS\69284e5f9d73032c46d5616f.json
C:\RSOS\RSOS_CANONICAL_EXPERIMENT_CHAIN\033_EXP-016__WF2_Prospective_Cross_System_Confirmation\04_RAW\SOURCE\CELLS\6980c349537cafe7044f982d.json,52000,4e7ed8a14910646d4ed55fe922b470fdee06d67572c3e1a77f44545c52a3bf1d,C:\RSOS\RSOS_EXPERIMENTS_WF2_PROSPECTIVE_CROSS_SYSTEM_CONFIRMATION\04_RAW\CELLS\6980c349537cafe7044f982d.json
C:\RSOS\RSOS_CANONICAL_EXPERIMENT_CHAIN\033_EXP-016__WF2_Prospective_Cross_System_Confirmation\04_RAW\SOURCE\CELLS\6ac1c5f83bca1119a13307e1.json,55973,c28106d6890bcaccd6d6e48729058ab4bc85f103709180080dd957839507bda3,C:\RSOS\RSOS_EXPERIMENTS_WF2_PROSPECTIVE_CROSS_SYSTEM_CONFIRMATION\04_RAW\CELLS\6ac1c5f83bca1119a13307e1.json
C:\RSOS\RSOS_CANONICAL_EXPERIMENT_CHAIN\033_EXP-016__WF2_Prospective_Cross_System_Confirmation\04_RAW\SOURCE\CELLS\6ae9aca877d60ade0370cfdc.json,90932,2ea46d6203a55965d401a9f944d4e25a4a5b17f5e8679bf09b7c68d1a198e13f,C:\RSOS\RSOS_EXPERIMENTS_WF2_PROSPECTIVE_CROSS_SYSTEM_CONFIRMATION\04_RAW\CELLS\6ae9aca877d60ade0370cfdc.json
C:\RSOS\RSOS_CANONICAL_EXPERIMENT_CHAIN\033_EXP-016__WF2_Prospective_Cross_System_Confirmation\04_RAW\SOURCE\CELLS\6be32a1f1daf690cc418d964.json,75997,18dbd84a7e2746c8a3965c18e3bd2886457d346d008cbfafc5e081902191b135,C:\RSOS\RSOS_EXPERIMENTS_WF2_PROSPECTIVE_CROSS_SYSTEM_CONFIRMATION\04_RAW\CELLS\6be32a1f1daf690cc418d964.json
C:\RSOS\RSOS_CANONICAL_EXPERIMENT_CHAIN\033_EXP-016__WF2_Prospective_Cross_System_Confirmation\04_RAW\SOURCE\CELLS\6c4af38bca498baa358f7c89.json,110521,289f8335b3168b5543ab3517362a720b97a11d1ed1f9fe647bb96c99f19d3e00,C:\RSOS\RSOS_EXPERIMENTS_WF2_PROSPECTIVE_CROSS_SYSTEM_CONFIRMATION\04_RAW\CELLS\6c4af38bca498baa358f7c89.json
C:\RSOS\RSOS_CANONICAL_EXPERIMENT_CHAIN\033_EXP-016__WF2_Prospective_Cross_System_Confirmation\04_RAW\SOURCE\CELLS\6ea8a8092cbdeedbd62c3c40.json,66833,5e743fb7144f783f473471b131240787e2b518cd045acd4ef975352dfdd0bc21,C:\RSOS\RSOS_EXPERIMENTS_WF2_PROSPECTIVE_CROSS_SYSTEM_CONFIRMATION\04_RAW\CELLS\6ea8a8092cbdeedbd62c3c40.json
C:\RSOS\RSOS_CANONICAL_EXPERIMENT_CHAIN\033_EXP-016__WF2_Prospective_Cross_System_Confirmation\04_RAW\SOURCE\CELLS\6ed84147dd35db45cef49db0.json,73262,f4249255c3b3e559a309c8bbfc74ca4a944c0d22db36f35baa8da1f56e01c16e,C:\RSOS\RSOS_EXPERIMENTS_WF2_PROSPECTIVE_CROSS_SYSTEM_CONFIRMATION\04_RAW\CELLS\6ed84147dd35db45cef49db0.json
C:\RSOS\RSOS_CANONICAL_EXPERIMENT_CHAIN\033_EXP-016__WF2_Prospective_Cross_System_Confirmation\04_RAW\SOURCE\CELLS\6f4f5694c44cf2f3f068cc2c.json,61701,f4d987160d2308fd031e79e490fe7482f663a6c0404634496944604a1395ab75,C:\RSOS\RSOS_EXPERIMENTS_WF2_PROSPECTIVE_CROSS_SYSTEM_CONFIRMATION\04_RAW\CELLS\6f4f5694c44cf2f3f068cc2c.json
C:\RSOS\RSOS_CANONICAL_EXPERIMENT_CHAIN\033_EXP-016__WF2_Prospective_Cross_System_Confirmation\04_RAW\SOURCE\CELLS\6f87c98c56da9ae1299f4614.json,98167,e6c9c17a8c9a96f9206844bda52269c086071542a655f4b2ff92dd040c8bf69a,C:\RSOS\RSOS_EXPERIMENTS_WF2_PROSPECTIVE_CROSS_SYSTEM_CONFIRMATION\04_RAW\CELLS\6f87c98c56da9ae1299f4614.json
C:\RSOS\RSOS_CANONICAL_EXPERIMENT_CHAIN\033_EXP-016__WF2_Prospective_Cross_System_Confirmation\04_RAW\SOURCE\CELLS\702cbf5ad90551848e3f2767.json,43691,7fb756f5392be2f96e9db8bcccbf4b41b3c9d511d5221ec62852992e6a7e9ca4,C:\RSOS\RSOS_EXPERIMENTS_WF2_PROSPECTIVE_CROSS_SYSTEM_CONFIRMATION\04_RAW\CELLS\702cbf5ad90551848e3f2767.json
C:\RSOS\RSOS_CANONICAL_EXPERIMENT_CHAIN\033_EXP-016__WF2_Prospective_Cross_System_Confirmation\04_RAW\SOURCE\CELLS\708240670ed6f5c4bba2afae.json,60144,25a332ae6bcaac7db67645200da87de4bde4bb8c18352bd7056991f87bff91c4,C:\RSOS\RSOS_EXPERIMENTS_WF2_PROSPECTIVE_CROSS_SYSTEM_CONFIRMATION\04_RAW\CELLS\708240670ed6f5c4bba2afae.json
C:\RSOS\RSOS_CANONICAL_EXPERIMENT_CHAIN\033_EXP-016__WF2_Prospective_Cross_System_Confirmation\04_RAW\SOURCE\CELLS\70d7cf329d969ffb511fb531.json,84007,a117167ca414eecf611fa12558f4c8dfc2f3c4a06c427ab7d6dfc6e08b7c1947,C:\RSOS\RSOS_EXPERIMENTS_WF2_PROSPECTIVE_CROSS_SYSTEM_CONFIRMATION\04_RAW\CELLS\70d7cf329d969ffb511fb531.json
C:\RSOS\RSOS_CANONICAL_EXPERIMENT_CHAIN\033_EXP-016__WF2_Prospective_Cross_System_Confirmation\04_RAW\SOURCE\CELLS\71659a7e4cc673a63bfad3e5.json,50684,4f677df36e4ed690b9297f870cd0b70976cd642ae919d6ba92ab60b3f1c874f0,C:\RSOS\RSOS_EXPERIMENTS_WF2_PROSPECTIVE_CROSS_SYSTEM_CONFIRMATION\04_RAW\CELLS\71659a7e4cc673a63bfad3e5.json
C:\RSOS\RSOS_CANONICAL_EXPERIMENT_CHAIN\033_EXP-016__WF2_Prospective_Cross_System_Confirmation\04_RAW\SOURCE\CELLS\71ccc773c25070c819b5cf63.json,47375,fdbbf39bbb52fc8e732e82a36e9f2443cf107ccd11d376cd1a7841a3fe3515ea,C:\RSOS\RSOS_EXPERIMENTS_WF2_PROSPECTIVE_CROSS_SYSTEM_CONFIRMATION\04_RAW\CELLS\71ccc773c25070c819b5cf63.json
C:\RSOS\RSOS_CANONICAL_EXPERIMENT_CHAIN\033_EXP-016__WF2_Prospective_Cross_System_Confirmation\04_RAW\SOURCE\CELLS\727165ab4147d59b9ba32d47.json,58634,b019ea02c25e843d67c2d14a6c7d3ac575d1bd734bae8013de2a74dc27815e73,C:\RSOS\RSOS_EXPERIMENTS_WF2_PROSPECTIVE_CROSS_SYSTEM_CONFIRMATION\04_RAW\CELLS\727165ab4147d59b9ba32d47.json
C:\RSOS\RSOS_CANONICAL_EXPERIMENT_CHAIN\033_EXP-016__WF2_Prospective_Cross_System_Confirmation\04_RAW\SOURCE\CELLS\73ba7eb0f78b8341e2a1bc1e.json,43055,580213fe711948f80f8d7c3e87d200fed5f4c313a9dbeebb725c1994538fcb71,C:\RSOS\RSOS_EXPERIMENTS_WF2_PROSPECTIVE_CROSS_SYSTEM_CONFIRMATION\04_RAW\CELLS\73ba7eb0f78b8341e2a1bc1e.json
C:\RSOS\RSOS_CANONICAL_EXPERIMENT_CHAIN\033_EXP-016__WF2_Prospective_Cross_System_Confirmation\04_RAW\SOURCE\CELLS\7416c80590eaa4465c301a47.json,69374,3e8e5461b7d621d1dee7f0a2e38783b3b7487c94ed5bb0766faaa7324a5d6748,C:\RSOS\RSOS_EXPERIMENTS_WF2_PROSPECTIVE_CROSS_SYSTEM_CONFIRMATION\04_RAW\CELLS\7416c80590eaa4465c301a47.json
C:\RSOS\RSOS_CANONICAL_EXPERIMENT_CHAIN\033_EXP-016__WF2_Prospective_Cross_System_Confirmation\04_RAW\SOURCE\CELLS\74ea1978b0bcd12a3f1baf31.json,68697,43267c9fce1f0cda82ea93bea9b92d88779248857322d782baddc28381172ce7,C:\RSOS\RSOS_EXPERIMENTS_WF2_PROSPECTIVE_CROSS_SYSTEM_CONFIRMATION\04_RAW\CELLS\74ea1978b0bcd12a3f1baf31.json
C:\RSOS\RSOS_CANONICAL_EXPERIMENT_CHAIN\033_EXP-016__WF2_Prospective_Cross_System_Confirmation\04_RAW\SOURCE\CELLS\77bbe53f32ecdbe904e731c7.json,28110,6daf4c648811d2c5418bc7c1856bab7a1eaf9cf1af61ad3dbc214585439f120b,C:\RSOS\RSOS_EXPERIMENTS_WF2_PROSPECTIVE_CROSS_SYSTEM_CONFIRMATION\04_RAW\CELLS\77bbe53f32ecdbe904e731c7.json
C:\RSOS\RSOS_CANONICAL_EXPERIMENT_CHAIN\033_EXP-016__WF2_Prospective_Cross_System_Confirmation\04_RAW\SOURCE\CELLS\7887a6f5f8b93011f9d83508.json,92946,6e9bb52db79d64a1ac065d2e6425d94a088709b2dba85719b627346cf33f0fd1,C:\RSOS\RSOS_EXPERIMENTS_WF2_PROSPECTIVE_CROSS_SYSTEM_CONFIRMATION\04_RAW\CELLS\7887a6f5f8b93011f9d83508.json
C:\RSOS\RSOS_CANONICAL_EXPERIMENT_CHAIN\033_EXP-016__WF2_Prospective_Cross_System_Confirmation\04_RAW\SOURCE\CELLS\78b44d68374360e0d67d9bf3.json,48524,fe157c50ed222ec49803450fa7120792188add6a256356abe1c8ef2413f06fc9,C:\RSOS\RSOS_EXPERIMENTS_WF2_PROSPECTIVE_CROSS_SYSTEM_CONFIRMATION\04_RAW\CELLS\78b44d68374360e0d67d9bf3.json
C:\RSOS\RSOS_CANONICAL_EXPERIMENT_CHAIN\033_EXP-016__WF2_Prospective_Cross_System_Confirmation\04_RAW\SOURCE\CELLS\78fad29969da7ef298f77063.json,47510,bc7e39d359dbc245f4005823e7b0e9af1cf8442e09224cb88c7d5ed2361525d6,C:\RSOS\RSOS_EXPERIMENTS_WF2_PROSPECTIVE_CROSS_SYSTEM_CONFIRMATION\04_RAW\CELLS\78fad29969da7ef298f77063.json
C:\RSOS\RSOS_CANONICAL_EXPERIMENT_CHAIN\033_EXP-016__WF2_Prospective_Cross_System_Confirmation\04_RAW\SOURCE\CELLS\79cfbc2adda4cf5dc22f010b.json,59797,190aec862719a34e1eb5e473203603dd653076d214447816506dd945671ecf39,C:\RSOS\RSOS_EXPERIMENTS_WF2_PROSPECTIVE_CROSS_SYSTEM_CONFIRMATION\04_RAW\CELLS\79cfbc2adda4cf5dc22f010b.json
C:\RSOS\RSOS_CANONICAL_EXPERIMENT_CHAIN\033_EXP-016__WF2_Prospective_Cross_System_Confirmation\04_RAW\SOURCE\CELLS\7a16f024bed6913142c60f48.json,104169,ede55a58036b722d6976012c4f0aa5bb4612988337fe0fe1316fc69050ba9d3b,C:\RSOS\RSOS_EXPERIMENTS_WF2_PROSPECTIVE_CROSS_SYSTEM_CONFIRMATION\04_RAW\CELLS\7a16f024bed6913142c60f48.json
C:\RSOS\RSOS_CANONICAL_EXPERIMENT_CHAIN\033_EXP-016__WF2_Prospective_Cross_System_Confirmation\04_RAW\SOURCE\CELLS\7b9c70a2b1b0aad23390bb97.json,86140,1cb7485733f0a9c6cd3a6af4afac9b36a005cf0b58a092eda3c5b3e37541184a,C:\RSOS\RSOS_EXPERIMENTS_WF2_PROSPECTIVE_CROSS_SYSTEM_CONFIRMATION\04_RAW\CELLS\7b9c70a2b1b0aad23390bb97.json
C:\RSOS\RSOS_CANONICAL_EXPERIMENT_CHAIN\033_EXP-016__WF2_Prospective_Cross_System_Confirmation\04_RAW\SOURCE\CELLS\7ba8f3db594c0c58d5af8a81.json,26835,51fb459d96c3e1e4e636e9d4bc3c51d0ddf4461acfc3405a247dd1467b3c016e,C:\RSOS\RSOS_EXPERIMENTS_WF2_PROSPECTIVE_CROSS_SYSTEM_CONFIRMATION\04_RAW\CELLS\7ba8f3db594c0c58d5af8a81.json
C:\RSOS\RSOS_CANONICAL_EXPERIMENT_CHAIN\033_EXP-016__WF2_Prospective_Cross_System_Confirmation\04_RAW\SOURCE\CELLS\7c3283e46062fb819ca404dd.json,108915,b4d4b569bea3f8879713b117ad5192283eab2b6a9fab4a13a0d42480fadcb4a3,C:\RSOS\RSOS_EXPERIMENTS_WF2_PROSPECTIVE_CROSS_SYSTEM_CONFIRMATION\04_RAW\CELLS\7c3283e46062fb819ca404dd.json
C:\RSOS\RSOS_CANONICAL_EXPERIMENT_CHAIN\033_EXP-016__WF2_Prospective_Cross_System_Confirmation\04_RAW\SOURCE\CELLS\7caa0c1e2d0ea3163c2b4216.json,96876,72a0bc56946a44b7424237a709f9be3044d59aaf01eebb43d4d4893d87034e1f,C:\RSOS\RSOS_EXPERIMENTS_WF2_PROSPECTIVE_CROSS_SYSTEM_CONFIRMATION\04_RAW\CELLS\7caa0c1e2d0ea3163c2b4216.json
C:\RSOS\RSOS_CANONICAL_EXPERIMENT_CHAIN\033_EXP-016__WF2_Prospective_Cross_System_Confirmation\04_RAW\SOURCE\CELLS\7d1de8d43fc17cf65b986ba6.json,89502,eeec18f118813e58f3abddf17142115269b9664aa2736226e70220a7fee8e281,C:\RSOS\RSOS_EXPERIMENTS_WF2_PROSPECTIVE_CROSS_SYSTEM_CONFIRMATION\04_RAW\CELLS\7d1de8d43fc17cf65b986ba6.json
C:\RSOS\RSOS_CANONICAL_EXPERIMENT_CHAIN\033_EXP-016__WF2_Prospective_Cross_System_Confirmation\04_RAW\SOURCE\CELLS\7dc82e1a3fc21745be673b3f.json,108513,68d50b0aae18f456ddba647732633573984f3b9a0fc9c42a01d7b7a7348633aa,C:\RSOS\RSOS_EXPERIMENTS_WF2_PROSPECTIVE_CROSS_SYSTEM_CONFIRMATION\04_RAW\CELLS\7dc82e1a3fc21745be673b3f.json
C:\RSOS\RSOS_CANONICAL_EXPERIMENT_CHAIN\033_EXP-016__WF2_Prospective_Cross_System_Confirmation\04_RAW\SOURCE\CELLS\7e3659150168d8dc6a8eebc9.json,79806,cdb95f9fadfd39a1edf272785814997c6a53bfb5c8fbe769f647d20a3edc612c,C:\RSOS\RSOS_EXPERIMENTS_WF2_PROSPECTIVE_CROSS_SYSTEM_CONFIRMATION\04_RAW\CELLS\7e3659150168d8dc6a8eebc9.json
C:\RSOS\RSOS_CANONICAL_EXPERIMENT_CHAIN\033_EXP-016__WF2_Prospective_Cross_System_Confirmation\04_RAW\SOURCE\CELLS\7e459bb790a0aa0bdc1857ab.json,72370,8d399794ac6a054ae7626cbfd9d8a20820befdc74095c51584896c905327215a,C:\RSOS\RSOS_EXPERIMENTS_WF2_PROSPECTIVE_CROSS_SYSTEM_CONFIRMATION\04_RAW\CELLS\7e459bb790a0aa0bdc1857ab.json
C:\RSOS\RSOS_CANONICAL_EXPERIMENT_CHAIN\033_EXP-016__WF2_Prospective_Cross_System_Confirmation\04_RAW\SOURCE\CELLS\7eabe5c847f8a92458f0cddc.json,74663,69e7148f74b9ff51532439577eeeaca70197832eaf177c7265af050bd61b3b87,C:\RSOS\RSOS_EXPERIMENTS_WF2_PROSPECTIVE_CROSS_SYSTEM_CONFIRMATION\04_RAW\CELLS\7eabe5c847f8a92458f0cddc.json
C:\RSOS\RSOS_CANONICAL_EXPERIMENT_CHAIN\033_EXP-016__WF2_Prospective_Cross_System_Confirmation\04_RAW\SOURCE\CELLS\7ef737b2ceed8f93917bb250.json,74223,600a32224f4095f1ceecf14fa3cc262c4dbf3c6f519151f83f74d86e566c079b,C:\RSOS\RSOS_EXPERIMENTS_WF2_PROSPECTIVE_CROSS_SYSTEM_CONFIRMATION\04_RAW\CELLS\7ef737b2ceed8f93917bb250.json
C:\RSOS\RSOS_CANONICAL_EXPERIMENT_CHAIN\033_EXP-016__WF2_Prospective_Cross_System_Confirmation\04_RAW\SOURCE\CELLS\7f7f8e2f94527bfa323392b9.json,43431,e879470307f6e134a712c50b59f8a8a1749cad951023d503ab3fe2e622a35631,C:\RSOS\RSOS_EXPERIMENTS_WF2_PROSPECTIVE_CROSS_SYSTEM_CONFIRMATION\04_RAW\CELLS\7f7f8e2f94527bfa323392b9.json
C:\RSOS\RSOS_CANONICAL_EXPERIMENT_CHAIN\033_EXP-016__WF2_Prospective_Cross_System_Confirmation\04_RAW\SOURCE\CELLS\7fe43c16c22b76571ebac126.json,102675,8d5379ef354c6644641fd60eb2b5878536e2b7a377a238677d55b183a80deac8,C:\RSOS\RSOS_EXPERIMENTS_WF2_PROSPECTIVE_CROSS_SYSTEM_CONFIRMATION\04_RAW\CELLS\7fe43c16c22b76571ebac126.json
C:\RSOS\RSOS_CANONICAL_EXPERIMENT_CHAIN\033_EXP-016__WF2_Prospective_Cross_System_Confirmation\04_RAW\SOURCE\CELLS\80942312a4f401bc46e7a456.json,49776,eb3ddca9453cc4f1479377aee49d1c830683480dd96d9a98a83609c109d182d2,C:\RSOS\RSOS_EXPERIMENTS_WF2_PROSPECTIVE_CROSS_SYSTEM_CONFIRMATION\04_RAW\CELLS\80942312a4f401bc46e7a456.json
C:\RSOS\RSOS_CANONICAL_EXPERIMENT_CHAIN\033_EXP-016__WF2_Prospective_Cross_System_Confirmation\04_RAW\SOURCE\CELLS\8101e27a2a0abfe96d0a7a6b.json,88765,37174ef4a71c8e66708d3dde09f8a7fc4185cc6217da2f82bbdbdf4e6d49fbd0,C:\RSOS\RSOS_EXPERIMENTS_WF2_PROSPECTIVE_CROSS_SYSTEM_CONFIRMATION\04_RAW\CELLS\8101e27a2a0abfe96d0a7a6b.json
C:\RSOS\RSOS_CANONICAL_EXPERIMENT_CHAIN\033_EXP-016__WF2_Prospective_Cross_System_Confirmation\04_RAW\SOURCE\CELLS\8106856b96eebff9b291d395.json,57483,08c5aab9b7f7268ef84ec9e6a6d4417917a9c71218c16100c5e202dfaa436a64,C:\RSOS\RSOS_EXPERIMENTS_WF2_PROSPECTIVE_CROSS_SYSTEM_CONFIRMATION\04_RAW\CELLS\8106856b96eebff9b291d395.json
C:\RSOS\RSOS_CANONICAL_EXPERIMENT_CHAIN\033_EXP-016__WF2_Prospective_Cross_System_Confirmation\04_RAW\SOURCE\CELLS\820b920d2e2f0e3143d2c604.json,74996,fef92b538003cf7c1b5abfabf1b9139211565154532fd18f574bfbb93293f58f,C:\RSOS\RSOS_EXPERIMENTS_WF2_PROSPECTIVE_CROSS_SYSTEM_CONFIRMATION\04_RAW\CELLS\820b920d2e2f0e3143d2c604.json
C:\RSOS\RSOS_CANONICAL_EXPERIMENT_CHAIN\033_EXP-016__WF2_Prospective_Cross_System_Confirmation\04_RAW\SOURCE\CELLS\8290c61eb7f2c9a72a998fcf.json,36753,d08849e1a3cb9257600ed7f74d95f9172f60c26d18dab26b3a5b680faecba60b,C:\RSOS\RSOS_EXPERIMENTS_WF2_PROSPECTIVE_CROSS_SYSTEM_CONFIRMATION\04_RAW\CELLS\8290c61eb7f2c9a72a998fcf.json
C:\RSOS\RSOS_CANONICAL_EXPERIMENT_CHAIN\033_EXP-016__WF2_Prospective_Cross_System_Confirmation\04_RAW\SOURCE\CELLS\82a185e135a7e2431dac876a.json,68543,1418f30f75fec67d0ec92eed88e5b9505254f77afa4e3898398934ad89170e77,C:\RSOS\RSOS_EXPERIMENTS_WF2_PROSPECTIVE_CROSS_SYSTEM_CONFIRMATION\04_RAW\CELLS\82a185e135a7e2431dac876a.json
C:\RSOS\RSOS_CANONICAL_EXPERIMENT_CHAIN\033_EXP-016__WF2_Prospective_Cross_System_Confirmation\04_RAW\SOURCE\CELLS\82cdd1791c7da6691db5c8d7.json,66170,a67bbede05373db3a00ff68f03fcc77d218adaa18c21f3dbc372ed39ace9327b,C:\RSOS\RSOS_EXPERIMENTS_WF2_PROSPECTIVE_CROSS_SYSTEM_CONFIRMATION\04_RAW\CELLS\82cdd1791c7da6691db5c8d7.json
C:\RSOS\RSOS_CANONICAL_EXPERIMENT_CHAIN\033_EXP-016__WF2_Prospective_Cross_System_Confirmation\04_RAW\SOURCE\CELLS\84676f861ccf613514f9d47e.json,76709,c906d1a13e0021889ed76140cc271d10c4cf68fa6b58782e1b57271a0ef600f2,C:\RSOS\RSOS_EXPERIMENTS_WF2_PROSPECTIVE_CROSS_SYSTEM_CONFIRMATION\04_RAW\CELLS\84676f861ccf613514f9d47e.json
C:\RSOS\RSOS_CANONICAL_EXPERIMENT_CHAIN\033_EXP-016__WF2_Prospective_Cross_System_Confirmation\04_RAW\SOURCE\CELLS\84ebfbad738cab4e4076a325.json,67527,4fd059320e88497c0e6d43746a82f6330da183992c2cfdaf2fdbd4c07fa4a57f,C:\RSOS\RSOS_EXPERIMENTS_WF2_PROSPECTIVE_CROSS_SYSTEM_CONFIRMATION\04_RAW\CELLS\84ebfbad738cab4e4076a325.json
C:\RSOS\RSOS_CANONICAL_EXPERIMENT_CHAIN\033_EXP-016__WF2_Prospective_Cross_System_Confirmation\04_RAW\SOURCE\CELLS\854b7aa779ab57837ad222aa.json,84892,dc51a7a65ac1b6b3c4d1ff43f8cc0d98201eb5ccadf383eda074b17cf00e8759,C:\RSOS\RSOS_EXPERIMENTS_WF2_PROSPECTIVE_CROSS_SYSTEM_CONFIRMATION\04_RAW\CELLS\854b7aa779ab57837ad222aa.json
C:\RSOS\RSOS_CANONICAL_EXPERIMENT_CHAIN\033_EXP-016__WF2_Prospective_Cross_System_Confirmation\04_RAW\SOURCE\CELLS\85ef4f134a8c083c14d42ee0.json,78971,35598cb1c1a873dfa27d46eba4e1b7576b298d013bc23a3fcc248f46754b5a04,C:\RSOS\RSOS_EXPERIMENTS_WF2_PROSPECTIVE_CROSS_SYSTEM_CONFIRMATION\04_RAW\CELLS\85ef4f134a8c083c14d42ee0.json
C:\RSOS\RSOS_CANONICAL_EXPERIMENT_CHAIN\033_EXP-016__WF2_Prospective_Cross_System_Confirmation\04_RAW\SOURCE\CELLS\8741a0264dc73bdb19d07454.json,41054,dec098d0d4bc20e483f50eae19bcd1e73c0038cdcb62abc53c0fe9d458cb9761,C:\RSOS\RSOS_EXPERIMENTS_WF2_PROSPECTIVE_CROSS_SYSTEM_CONFIRMATION\04_RAW\CELLS\8741a0264dc73bdb19d07454.json
C:\RSOS\RSOS_CANONICAL_EXPERIMENT_CHAIN\033_EXP-016__WF2_Prospective_Cross_System_Confirmation\04_RAW\SOURCE\CELLS\893c27feb78fa15dc6ce12bc.json,67673,56d8aec22d20cc3058e8076859d1060d33ae3f4ab66630cbc7fe9a21042f43df,C:\RSOS\RSOS_EXPERIMENTS_WF2_PROSPECTIVE_CROSS_SYSTEM_CONFIRMATION\04_RAW\CELLS\893c27feb78fa15dc6ce12bc.json
C:\RSOS\RSOS_CANONICAL_EXPERIMENT_CHAIN\033_EXP-016__WF2_Prospective_Cross_System_Confirmation\04_RAW\SOURCE\CELLS\89b36d48a50b35db3c8d8a25.json,58007,e96f0631aaa64e865cc3c53697d45881b2d6940348809fabe88cac96a996f11f,C:\RSOS\RSOS_EXPERIMENTS_WF2_PROSPECTIVE_CROSS_SYSTEM_CONFIRMATION\04_RAW\CELLS\89b36d48a50b35db3c8d8a25.json
C:\RSOS\RSOS_CANONICAL_EXPERIMENT_CHAIN\033_EXP-016__WF2_Prospective_Cross_System_Confirmation\04_RAW\SOURCE\CELLS\89c351dbed28378f4e474b40.json,33649,e1540c33ddaf0f8da8ef46e7914ad22beae66a9ac22042f1f93c8c667dfd91f2,C:\RSOS\RSOS_EXPERIMENTS_WF2_PROSPECTIVE_CROSS_SYSTEM_CONFIRMATION\04_RAW\CELLS\89c351dbed28378f4e474b40.json
C:\RSOS\RSOS_CANONICAL_EXPERIMENT_CHAIN\033_EXP-016__WF2_Prospective_Cross_System_Confirmation\04_RAW\SOURCE\CELLS\8a24ecd50b44ae9f2d804e57.json,97172,df231897ccd97aab16c2cd0c43aacd2186d40b7a72cef7fd70207b0e6197e62e,C:\RSOS\RSOS_EXPERIMENTS_WF2_PROSPECTIVE_CROSS_SYSTEM_CONFIRMATION\04_RAW\CELLS\8a24ecd50b44ae9f2d804e57.json
C:\RSOS\RSOS_CANONICAL_EXPERIMENT_CHAIN\033_EXP-016__WF2_Prospective_Cross_System_Confirmation\04_RAW\SOURCE\CELLS\8b4bd021ba26d235ef6e2fd6.json,79475,f5259926803d493129c921bfd346614b249aaf4f0850c9b64573319341228eac,C:\RSOS\RSOS_EXPERIMENTS_WF2_PROSPECTIVE_CROSS_SYSTEM_CONFIRMATION\04_RAW\CELLS\8b4bd021ba26d235ef6e2fd6.json
C:\RSOS\RSOS_CANONICAL_EXPERIMENT_CHAIN\033_EXP-016__WF2_Prospective_Cross_System_Confirmation\04_RAW\SOURCE\CELLS\8bf210fdd362f4901668c1be.json,84498,2506fc3b9d731437d2bcc4023a5f5a6cfe82e6c7e52fcfdf7e5ece3829e02d7f,C:\RSOS\RSOS_EXPERIMENTS_WF2_PROSPECTIVE_CROSS_SYSTEM_CONFIRMATION\04_RAW\CELLS\8bf210fdd362f4901668c1be.json
C:\RSOS\RSOS_CANONICAL_EXPERIMENT_CHAIN\033_EXP-016__WF2_Prospective_Cross_System_Confirmation\04_RAW\SOURCE\CELLS\8c05d51ea8d6c16f32125e38.json,60457,2e84a51ca33a0fb336323f5fac53592b1de9d295db5c8f23d2393c032ee975bb,C:\RSOS\RSOS_EXPERIMENTS_WF2_PROSPECTIVE_CROSS_SYSTEM_CONFIRMATION\04_RAW\CELLS\8c05d51ea8d6c16f32125e38.json
C:\RSOS\RSOS_CANONICAL_EXPERIMENT_CHAIN\033_EXP-016__WF2_Prospective_Cross_System_Confirmation\04_RAW\SOURCE\CELLS\8c3139e49a7bcd360b2c2da8.json,66288,fcaed4302bf3eafcc444c629bb27363e539b5df768267eb8818c8e1dfd2e453f,C:\RSOS\RSOS_EXPERIMENTS_WF2_PROSPECTIVE_CROSS_SYSTEM_CONFIRMATION\04_RAW\CELLS\8c3139e49a7bcd360b2c2da8.json
C:\RSOS\RSOS_CANONICAL_EXPERIMENT_CHAIN\033_EXP-016__WF2_Prospective_Cross_System_Confirmation\04_RAW\SOURCE\CELLS\8c7b358d56cecaa0856d558a.json,90110,78d600a2d9255b6743a44747bda293d8fb60296d48897e0015ef63d3ef113568,C:\RSOS\RSOS_EXPERIMENTS_WF2_PROSPECTIVE_CROSS_SYSTEM_CONFIRMATION\04_RAW\CELLS\8c7b358d56cecaa0856d558a.json
C:\RSOS\RSOS_CANONICAL_EXPERIMENT_CHAIN\033_EXP-016__WF2_Prospective_Cross_System_Confirmation\04_RAW\SOURCE\CELLS\8ce509b7f4dd13b1015b0cfb.json,61007,a429ede225a85b678e28d7870d45e27898eb64795580aa4b2a9b75e9f8ffe7e9,C:\RSOS\RSOS_EXPERIMENTS_WF2_PROSPECTIVE_CROSS_SYSTEM_CONFIRMATION\04_RAW\CELLS\8ce509b7f4dd13b1015b0cfb.json
C:\RSOS\RSOS_CANONICAL_EXPERIMENT_CHAIN\033_EXP-016__WF2_Prospective_Cross_System_Confirmation\04_RAW\SOURCE\CELLS\8cf7ca36c5efd9926d80c028.json,76472,4bdc0e9751b2c5b36e7d134b49a93b8aa20dd82062d290cb7db74cb9d27a1393,C:\RSOS\RSOS_EXPERIMENTS_WF2_PROSPECTIVE_CROSS_SYSTEM_CONFIRMATION\04_RAW\CELLS\8cf7ca36c5efd9926d80c028.json
C:\RSOS\RSOS_CANONICAL_EXPERIMENT_CHAIN\033_EXP-016__WF2_Prospective_Cross_System_Confirmation\04_RAW\SOURCE\CELLS\8e18db012d7840b0bf867490.json,93375,a5ce5e0473c5b81299238601c1cd25a1dec7267f5b5ae138152953501c7b308b,C:\RSOS\RSOS_EXPERIMENTS_WF2_PROSPECTIVE_CROSS_SYSTEM_CONFIRMATION\04_RAW\CELLS\8e18db012d7840b0bf867490.json
C:\RSOS\RSOS_CANONICAL_EXPERIMENT_CHAIN\033_EXP-016__WF2_Prospective_Cross_System_Confirmation\04_RAW\SOURCE\CELLS\8e78858dfb005ff8f8a9b6d3.json,82134,924e8302009cb4bef39a9bc04d2d07778a8e27a108e0f21effc25c9cbcade0ec,C:\RSOS\RSOS_EXPERIMENTS_WF2_PROSPECTIVE_CROSS_SYSTEM_CONFIRMATION\04_RAW\CELLS\8e78858dfb005ff8f8a9b6d3.json
C:\RSOS\RSOS_CANONICAL_EXPERIMENT_CHAIN\033_EXP-016__WF2_Prospective_Cross_System_Confirmation\04_RAW\SOURCE\CELLS\8ebd952fd2fc04bd20132ac0.json,39064,492c3c462620387f84b5eba575fc639bad0ae3d45fdfbabc8186831387997076,C:\RSOS\RSOS_EXPERIMENTS_WF2_PROSPECTIVE_CROSS_SYSTEM_CONFIRMATION\04_RAW\CELLS\8ebd952fd2fc04bd20132ac0.json
C:\RSOS\RSOS_CANONICAL_EXPERIMENT_CHAIN\033_EXP-016__WF2_Prospective_Cross_System_Confirmation\04_RAW\SOURCE\CELLS\90c306d45315743d28d6be93.json,82697,589ac95b009e1762fa931b181bca9146de0607cd0a0ec6a810ef789b1a26f142,C:\RSOS\RSOS_EXPERIMENTS_WF2_PROSPECTIVE_CROSS_SYSTEM_CONFIRMATION\04_RAW\CELLS\90c306d45315743d28d6be93.json
C:\RSOS\RSOS_CANONICAL_EXPERIMENT_CHAIN\033_EXP-016__WF2_Prospective_Cross_System_Confirmation\04_RAW\SOURCE\CELLS\91191ca1170264709934e2b5.json,93492,2d8b7ddd1c2b8685ac6ac8dd769a0fbedbae31b4e44485dbc2f29f83a14618ef,C:\RSOS\RSOS_EXPERIMENTS_WF2_PROSPECTIVE_CROSS_SYSTEM_CONFIRMATION\04_RAW\CELLS\91191ca1170264709934e2b5.json
C:\RSOS\RSOS_CANONICAL_EXPERIMENT_CHAIN\033_EXP-016__WF2_Prospective_Cross_System_Confirmation\04_RAW\SOURCE\CELLS\91301c5d7eea4ba6e98d31cc.json,35761,21a1d5554fab1be09574ed96127374828152e76f5255edd62f3f89938dab725c,C:\RSOS\RSOS_EXPERIMENTS_WF2_PROSPECTIVE_CROSS_SYSTEM_CONFIRMATION\04_RAW\CELLS\91301c5d7eea4ba6e98d31cc.json
C:\RSOS\RSOS_CANONICAL_EXPERIMENT_CHAIN\033_EXP-016__WF2_Prospective_Cross_System_Confirmation\04_RAW\SOURCE\CELLS\9163a309574cd280088bfd65.json,54265,16fb2bd66d0c935587d5985d8efec673c0a007484eddcec28ef3341e61d217c4,C:\RSOS\RSOS_EXPERIMENTS_WF2_PROSPECTIVE_CROSS_SYSTEM_CONFIRMATION\04_RAW\CELLS\9163a309574cd280088bfd65.json
C:\RSOS\RSOS_CANONICAL_EXPERIMENT_CHAIN\033_EXP-016__WF2_Prospective_Cross_System_Confirmation\04_RAW\SOURCE\CELLS\918be9c91ca0cfa30104689f.json,77278,8fa3d3be7525aca30594e92f58a6c5d12308d4915fd5d2f1a2fea6a03302bffc,C:\RSOS\RSOS_EXPERIMENTS_WF2_PROSPECTIVE_CROSS_SYSTEM_CONFIRMATION\04_RAW\CELLS\918be9c91ca0cfa30104689f.json
C:\RSOS\RSOS_CANONICAL_EXPERIMENT_CHAIN\033_EXP-016__WF2_Prospective_Cross_System_Confirmation\04_RAW\SOURCE\CELLS\922800a8c852fd6cc1fd9b45.json,73279,bcf6645759e139c6105bb3e99c2eba6f53d89e6c93fd07f7d9daee32cf13a8a0,C:\RSOS\RSOS_EXPERIMENTS_WF2_PROSPECTIVE_CROSS_SYSTEM_CONFIRMATION\04_RAW\CELLS\922800a8c852fd6cc1fd9b45.json
C:\RSOS\RSOS_CANONICAL_EXPERIMENT_CHAIN\033_EXP-016__WF2_Prospective_Cross_System_Confirmation\04_RAW\SOURCE\CELLS\9296ed30c71fe8f57894922c.json,46690,6bb01c97aa3e7fe7add9171414af404641d44cb3d57a0bc3a27532a587f15451,C:\RSOS\RSOS_EXPERIMENTS_WF2_PROSPECTIVE_CROSS_SYSTEM_CONFIRMATION\04_RAW\CELLS\9296ed30c71fe8f57894922c.json
C:\RSOS\RSOS_CANONICAL_EXPERIMENT_CHAIN\033_EXP-016__WF2_Prospective_Cross_System_Confirmation\04_RAW\SOURCE\CELLS\92c10814ec9b8fa86dca5efc.json,58978,7bac8b705372f1add0fa1616736611ec8c14f4d1556141838d85d84074eb56b0,C:\RSOS\RSOS_EXPERIMENTS_WF2_PROSPECTIVE_CROSS_SYSTEM_CONFIRMATION\04_RAW\CELLS\92c10814ec9b8fa86dca5efc.json
C:\RSOS\RSOS_CANONICAL_EXPERIMENT_CHAIN\033_EXP-016__WF2_Prospective_Cross_System_Confirmation\04_RAW\SOURCE\CELLS\9437eb4bfc62eac839b34bc6.json,49193,7cadc57cb51cb7c179053b8e72c46b68547af572bcddcce7dd81464796437f44,C:\RSOS\RSOS_EXPERIMENTS_WF2_PROSPECTIVE_CROSS_SYSTEM_CONFIRMATION\04_RAW\CELLS\9437eb4bfc62eac839b34bc6.json
C:\RSOS\RSOS_CANONICAL_EXPERIMENT_CHAIN\033_EXP-016__WF2_Prospective_Cross_System_Confirmation\04_RAW\SOURCE\CELLS\948353fa77462b6b74f86ef5.json,98705,cec568ae3252a2bb9adb0df7a62258aba6cb807351dd551f632c4e3cc8f11532,C:\RSOS\RSOS_EXPERIMENTS_WF2_PROSPECTIVE_CROSS_SYSTEM_CONFIRMATION\04_RAW\CELLS\948353fa77462b6b74f86ef5.json
C:\RSOS\RSOS_CANONICAL_EXPERIMENT_CHAIN\033_EXP-016__WF2_Prospective_Cross_System_Confirmation\04_RAW\SOURCE\CELLS\94daefd118b92ac55d46060c.json,48779,090004e36c3db70c231f412f025a0c92c88407dd7ce9dfce7d1ea9f26329b767,C:\RSOS\RSOS_EXPERIMENTS_WF2_PROSPECTIVE_CROSS_SYSTEM_CONFIRMATION\04_RAW\CELLS\94daefd118b92ac55d46060c.json
C:\RSOS\RSOS_CANONICAL_EXPERIMENT_CHAIN\033_EXP-016__WF2_Prospective_Cross_System_Confirmation\04_RAW\SOURCE\CELLS\95009973b1157a3bdf0b64fc.json,81214,c9d1bbd6bd43e3e5c83886596f3b7e9a719ac834e4d4073a425e3818bb040edf,C:\RSOS\RSOS_EXPERIMENTS_WF2_PROSPECTIVE_CROSS_SYSTEM_CONFIRMATION\04_RAW\CELLS\95009973b1157a3bdf0b64fc.json
C:\RSOS\RSOS_CANONICAL_EXPERIMENT_CHAIN\033_EXP-016__WF2_Prospective_Cross_System_Confirmation\04_RAW\SOURCE\CELLS\951f9d81f3b7315362fc7af8.json,103200,086dfac43b03c97ef103bfd8f69e2b585de317483eaa19a8721d0767507a5a7d,C:\RSOS\RSOS_EXPERIMENTS_WF2_PROSPECTIVE_CROSS_SYSTEM_CONFIRMATION\04_RAW\CELLS\951f9d81f3b7315362fc7af8.json
C:\RSOS\RSOS_CANONICAL_EXPERIMENT_CHAIN\033_EXP-016__WF2_Prospective_Cross_System_Confirmation\04_RAW\SOURCE\CELLS\95a9714a2b636bd56d9e99dc.json,48667,8126eb763cf1d0dd3129c0bf34fd93b85ef5746f1d12f7f0a2abfee800f7dd25,C:\RSOS\RSOS_EXPERIMENTS_WF2_PROSPECTIVE_CROSS_SYSTEM_CONFIRMATION\04_RAW\CELLS\95a9714a2b636bd56d9e99dc.json
C:\RSOS\RSOS_CANONICAL_EXPERIMENT_CHAIN\033_EXP-016__WF2_Prospective_Cross_System_Confirmation\04_RAW\SOURCE\CELLS\9736062f906397ece1105ccc.json,41459,57a2e8d6aea1a6c7093deb9b30ceca965ee115dd5ff759d44040bc4bc387be8e,C:\RSOS\RSOS_EXPERIMENTS_WF2_PROSPECTIVE_CROSS_SYSTEM_CONFIRMATION\04_RAW\CELLS\9736062f906397ece1105ccc.json
C:\RSOS\RSOS_CANONICAL_EXPERIMENT_CHAIN\033_EXP-016__WF2_Prospective_Cross_System_Confirmation\04_RAW\SOURCE\CELLS\97a9a13b364eaece4a8bfef1.json,60073,ce61d9e11d301fff420691e30ba118701c2605854fb0d71e08b1ae3822c3f474,C:\RSOS\RSOS_EXPERIMENTS_WF2_PROSPECTIVE_CROSS_SYSTEM_CONFIRMATION\04_RAW\CELLS\97a9a13b364eaece4a8bfef1.json
C:\RSOS\RSOS_CANONICAL_EXPERIMENT_CHAIN\033_EXP-016__WF2_Prospective_Cross_System_Confirmation\04_RAW\SOURCE\CELLS\97ab857136f238b94e8875a4.json,66729,9db27c60f3658f0c5f0563f337ed8bf33438587c12a1c97002578d14ffad1804,C:\RSOS\RSOS_EXPERIMENTS_WF2_PROSPECTIVE_CROSS_SYSTEM_CONFIRMATION\04_RAW\CELLS\97ab857136f238b94e8875a4.json
C:\RSOS\RSOS_CANONICAL_EXPERIMENT_CHAIN\033_EXP-016__WF2_Prospective_Cross_System_Confirmation\04_RAW\SOURCE\CELLS\9a5010e9e878ab23702be0e6.json,52876,5bce6b4872406433a5f6025a129203906e56a69dc7a72519f4f1a72796b42c70,C:\RSOS\RSOS_EXPERIMENTS_WF2_PROSPECTIVE_CROSS_SYSTEM_CONFIRMATION\04_RAW\CELLS\9a5010e9e878ab23702be0e6.json
C:\RSOS\RSOS_CANONICAL_EXPERIMENT_CHAIN\033_EXP-016__WF2_Prospective_Cross_System_Confirmation\04_RAW\SOURCE\CELLS\9aec4f910bc0ff4ad357a7cb.json,52444,0ef6982adb438c7c49a77b5a16754e41c2aaf18c6656fbb9df522130a89e2db7,C:\RSOS\RSOS_EXPERIMENTS_WF2_PROSPECTIVE_CROSS_SYSTEM_CONFIRMATION\04_RAW\CELLS\9aec4f910bc0ff4ad357a7cb.json
C:\RSOS\RSOS_CANONICAL_EXPERIMENT_CHAIN\033_EXP-016__WF2_Prospective_Cross_System_Confirmation\04_RAW\SOURCE\CELLS\9b234557b3c1c4cb0660a741.json,52444,f6e66b165867227d826d81d1483fa233d1ea0f3d7366c2c2d2791fad790d55ef,C:\RSOS\RSOS_EXPERIMENTS_WF2_PROSPECTIVE_CROSS_SYSTEM_CONFIRMATION\04_RAW\CELLS\9b234557b3c1c4cb0660a741.json
C:\RSOS\RSOS_CANONICAL_EXPERIMENT_CHAIN\033_EXP-016__WF2_Prospective_Cross_System_Confirmation\04_RAW\SOURCE\CELLS\9bcb1de41411fd5a05ddc5b9.json,79945,91eddfc5d0cbde211bf20abbe93a4bbf2b130484e962a98eeeced41a0dbdd125,C:\RSOS\RSOS_EXPERIMENTS_WF2_PROSPECTIVE_CROSS_SYSTEM_CONFIRMATION\04_RAW\CELLS\9bcb1de41411fd5a05ddc5b9.json
C:\RSOS\RSOS_CANONICAL_EXPERIMENT_CHAIN\033_EXP-016__WF2_Prospective_Cross_System_Confirmation\04_RAW\SOURCE\CELLS\9cc5639f3a5104d523a3f1b9.json,34109,6c801f725ba434b649a07d0cfa8e14ce1045f5792d8736537d1f77ef0141d1e4,C:\RSOS\RSOS_EXPERIMENTS_WF2_PROSPECTIVE_CROSS_SYSTEM_CONFIRMATION\04_RAW\CELLS\9cc5639f3a5104d523a3f1b9.json
C:\RSOS\RSOS_CANONICAL_EXPERIMENT_CHAIN\033_EXP-016__WF2_Prospective_Cross_System_Confirmation\04_RAW\SOURCE\CELLS\9d5882ca0e64d359054f8590.json,41240,4280aa304bbaa61f0ee5c849644371dfb46ef7405886d7b8de8d3b53dab5062f,C:\RSOS\RSOS_EXPERIMENTS_WF2_PROSPECTIVE_CROSS_SYSTEM_CONFIRMATION\04_RAW\CELLS\9d5882ca0e64d359054f8590.json
C:\RSOS\RSOS_CANONICAL_EXPERIMENT_CHAIN\033_EXP-016__WF2_Prospective_Cross_System_Confirmation\04_RAW\SOURCE\CELLS\9d5de1ac1ee8ee2090411ab1.json,35518,641f04bb07e343ea09338a6459cce57740e88c17931e6a46a59446534825021c,C:\RSOS\RSOS_EXPERIMENTS_WF2_PROSPECTIVE_CROSS_SYSTEM_CONFIRMATION\04_RAW\CELLS\9d5de1ac1ee8ee2090411ab1.json
C:\RSOS\RSOS_CANONICAL_EXPERIMENT_CHAIN\033_EXP-016__WF2_Prospective_Cross_System_Confirmation\04_RAW\SOURCE\CELLS\9e3a49745f3928e5f2a2a824.json,73825,3ac6f6da8c81ac9d4a2c085c6838fe3d2fe26324dcd4c89b3d81e1c176ec9c06,C:\RSOS\RSOS_EXPERIMENTS_WF2_PROSPECTIVE_CROSS_SYSTEM_CONFIRMATION\04_RAW\CELLS\9e3a49745f3928e5f2a2a824.json
C:\RSOS\RSOS_CANONICAL_EXPERIMENT_CHAIN\033_EXP-016__WF2_Prospective_Cross_System_Confirmation\04_RAW\SOURCE\CELLS\9f75cb35892be4dcfb8f14f5.json,46804,7991546302cdd5809f3336ceb9b015e57b58aac47a93b094a0834b5edbfd9a28,C:\RSOS\RSOS_EXPERIMENTS_WF2_PROSPECTIVE_CROSS_SYSTEM_CONFIRMATION\04_RAW\CELLS\9f75cb35892be4dcfb8f14f5.json
C:\RSOS\RSOS_CANONICAL_EXPERIMENT_CHAIN\033_EXP-016__WF2_Prospective_Cross_System_Confirmation\04_RAW\SOURCE\CELLS\9fa29b89ecbe71d2408f0039.json,72702,5a106ec53c356e16cf2862b9ff2186ac76e64d5151291d31fbb1ea879badeb92,C:\RSOS\RSOS_EXPERIMENTS_WF2_PROSPECTIVE_CROSS_SYSTEM_CONFIRMATION\04_RAW\CELLS\9fa29b89ecbe71d2408f0039.json
C:\RSOS\RSOS_CANONICAL_EXPERIMENT_CHAIN\033_EXP-016__WF2_Prospective_Cross_System_Confirmation\04_RAW\SOURCE\CELLS\9fa417080c66337ee0bf3492.json,67344,05a90218d20fec71c463a488323e6beed0251b19c321b6e3cd83a61164a9864e,C:\RSOS\RSOS_EXPERIMENTS_WF2_PROSPECTIVE_CROSS_SYSTEM_CONFIRMATION\04_RAW\CELLS\9fa417080c66337ee0bf3492.json
C:\RSOS\RSOS_CANONICAL_EXPERIMENT_CHAIN\033_EXP-016__WF2_Prospective_Cross_System_Confirmation\04_RAW\SOURCE\CELLS\9feffdc341596299f9ae525d.json,53076,f04ca728c27ef67f3cc515b9d258abc1a1c998bdffed26e865d4ae6fa940569a,C:\RSOS\RSOS_EXPERIMENTS_WF2_PROSPECTIVE_CROSS_SYSTEM_CONFIRMATION\04_RAW\CELLS\9feffdc341596299f9ae525d.json
C:\RSOS\RSOS_CANONICAL_EXPERIMENT_CHAIN\033_EXP-016__WF2_Prospective_Cross_System_Confirmation\04_RAW\SOURCE\CELLS\a075369b0c070e9767e20309.json,60041,b8c6fc6e40b0a950b7426c42e2cf0d8993bbe0c81a1f4240c9bb9383115e3dc2,C:\RSOS\RSOS_EXPERIMENTS_WF2_PROSPECTIVE_CROSS_SYSTEM_CONFIRMATION\04_RAW\CELLS\a075369b0c070e9767e20309.json
C:\RSOS\RSOS_CANONICAL_EXPERIMENT_CHAIN\033_EXP-016__WF2_Prospective_Cross_System_Confirmation\04_RAW\SOURCE\CELLS\a0bd64fdfd82755f74140ac3.json,60610,c5bd9f77627a4a9a2cea19e66ffe97054623b0dbfe05ad9a631d8ad4d464775a,C:\RSOS\RSOS_EXPERIMENTS_WF2_PROSPECTIVE_CROSS_SYSTEM_CONFIRMATION\04_RAW\CELLS\a0bd64fdfd82755f74140ac3.json
C:\RSOS\RSOS_CANONICAL_EXPERIMENT_CHAIN\033_EXP-016__WF2_Prospective_Cross_System_Confirmation\04_RAW\SOURCE\CELLS\a2a24fa685663f8ab9c3ca29.json,62258,c9426b01325c792a9f55c4b322f88a2df3723d9b660f2bda1b3bd6b8f58d1daf,C:\RSOS\RSOS_EXPERIMENTS_WF2_PROSPECTIVE_CROSS_SYSTEM_CONFIRMATION\04_RAW\CELLS\a2a24fa685663f8ab9c3ca29.json
C:\RSOS\RSOS_CANONICAL_EXPERIMENT_CHAIN\033_EXP-016__WF2_Prospective_Cross_System_Confirmation\04_RAW\SOURCE\CELLS\a2a395b7765d8ea5e58a6755.json,77459,fce6fd4c83b1011bcf04bbe34c3178dfc7aeda72bef6b7ddfda9b0460756d349,C:\RSOS\RSOS_EXPERIMENTS_WF2_PROSPECTIVE_CROSS_SYSTEM_CONFIRMATION\04_RAW\CELLS\a2a395b7765d8ea5e58a6755.json
C:\RSOS\RSOS_CANONICAL_EXPERIMENT_CHAIN\033_EXP-016__WF2_Prospective_Cross_System_Confirmation\04_RAW\SOURCE\CELLS\a2b0756a69fe1c5bb58a48aa.json,77219,ea232ce2521df6ca1ac4f8315557f69cd345d8a327f9c91d86adbb236bcf7ec8,C:\RSOS\RSOS_EXPERIMENTS_WF2_PROSPECTIVE_CROSS_SYSTEM_CONFIRMATION\04_RAW\CELLS\a2b0756a69fe1c5bb58a48aa.json
C:\RSOS\RSOS_CANONICAL_EXPERIMENT_CHAIN\033_EXP-016__WF2_Prospective_Cross_System_Confirmation\04_RAW\SOURCE\CELLS\a2d3ebcceca2a1c375df34b1.json,38028,f5cfddf7c55004fb516ffb3041ce54cb0058ac02de0c68033dba30e021cafc2d,C:\RSOS\RSOS_EXPERIMENTS_WF2_PROSPECTIVE_CROSS_SYSTEM_CONFIRMATION\04_RAW\CELLS\a2d3ebcceca2a1c375df34b1.json
C:\RSOS\RSOS_CANONICAL_EXPERIMENT_CHAIN\033_EXP-016__WF2_Prospective_Cross_System_Confirmation\04_RAW\SOURCE\CELLS\a3041aac1ddd08c43d9d4668.json,93246,adecb43cd97fdec98006cd14708e7a3f9c8166b977b096decdff99ce571807b3,C:\RSOS\RSOS_EXPERIMENTS_WF2_PROSPECTIVE_CROSS_SYSTEM_CONFIRMATION\04_RAW\CELLS\a3041aac1ddd08c43d9d4668.json
C:\RSOS\RSOS_CANONICAL_EXPERIMENT_CHAIN\033_EXP-016__WF2_Prospective_Cross_System_Confirmation\04_RAW\SOURCE\CELLS\a329f14db80dfd57cb6f27ad.json,47013,1d754f403a17aefe6088b2070ef3cc1e4616aca12a7f2169a73dac1156aac760,C:\RSOS\RSOS_EXPERIMENTS_WF2_PROSPECTIVE_CROSS_SYSTEM_CONFIRMATION\04_RAW\CELLS\a329f14db80dfd57cb6f27ad.json
C:\RSOS\RSOS_CANONICAL_EXPERIMENT_CHAIN\033_EXP-016__WF2_Prospective_Cross_System_Confirmation\04_RAW\SOURCE\CELLS\a354afb16902567c5b802ac2.json,65057,ae7191cff4bb3e89b7abe54c24bc338a4580a3fe368e401ca5e1da60d080081a,C:\RSOS\RSOS_EXPERIMENTS_WF2_PROSPECTIVE_CROSS_SYSTEM_CONFIRMATION\04_RAW\CELLS\a354afb16902567c5b802ac2.json
C:\RSOS\RSOS_CANONICAL_EXPERIMENT_CHAIN\033_EXP-016__WF2_Prospective_Cross_System_Confirmation\04_RAW\SOURCE\CELLS\a41a2c036a13f9ad2dfeccc3.json,55654,408fd7e0d188722faee4fb6f79a939ab3edff91ae77888e1e300f3486605666b,C:\RSOS\RSOS_EXPERIMENTS_WF2_PROSPECTIVE_CROSS_SYSTEM_CONFIRMATION\04_RAW\CELLS\a41a2c036a13f9ad2dfeccc3.json
C:\RSOS\RSOS_CANONICAL_EXPERIMENT_CHAIN\033_EXP-016__WF2_Prospective_Cross_System_Confirmation\04_RAW\SOURCE\CELLS\a445a74c76c8b6c882db3611.json,65644,cb675b4ace3a3b0783b531ca275f4fb5351db06284aaa354ba6fb9f53bd3b56c,C:\RSOS\RSOS_EXPERIMENTS_WF2_PROSPECTIVE_CROSS_SYSTEM_CONFIRMATION\04_RAW\CELLS\a445a74c76c8b6c882db3611.json
C:\RSOS\RSOS_CANONICAL_EXPERIMENT_CHAIN\033_EXP-016__WF2_Prospective_Cross_System_Confirmation\04_RAW\SOURCE\CELLS\a4fed54b8727dc4f5312feee.json,105921,6a961d59c2f0ed5cd7ef4d4ae4f9f6b73ea18f5cbb3eb69d39575867cb246cc1,C:\RSOS\RSOS_EXPERIMENTS_WF2_PROSPECTIVE_CROSS_SYSTEM_CONFIRMATION\04_RAW\CELLS\a4fed54b8727dc4f5312feee.json
C:\RSOS\RSOS_CANONICAL_EXPERIMENT_CHAIN\033_EXP-016__WF2_Prospective_Cross_System_Confirmation\04_RAW\SOURCE\CELLS\a5e550ca39397ba8b0bbf4ee.json,76365,20a0b30ea765b51da3b5f988617f35c23e1255eb80b6dbd7b81657887bd80847,C:\RSOS\RSOS_EXPERIMENTS_WF2_PROSPECTIVE_CROSS_SYSTEM_CONFIRMATION\04_RAW\CELLS\a5e550ca39397ba8b0bbf4ee.json
C:\RSOS\RSOS_CANONICAL_EXPERIMENT_CHAIN\033_EXP-016__WF2_Prospective_Cross_System_Confirmation\04_RAW\SOURCE\CELLS\a6139ee17fafd27dd0af86fe.json,55814,542b2c209b104142572a6f11b7a3232a4552a38828c6d15cc06cbf1d59ef74ee,C:\RSOS\RSOS_EXPERIMENTS_WF2_PROSPECTIVE_CROSS_SYSTEM_CONFIRMATION\04_RAW\CELLS\a6139ee17fafd27dd0af86fe.json
C:\RSOS\RSOS_CANONICAL_EXPERIMENT_CHAIN\033_EXP-016__WF2_Prospective_Cross_System_Confirmation\04_RAW\SOURCE\CELLS\a61884978ebb7c5237d4e1aa.json,43603,f4c29df14525d3913717aaf8350bba7a4bb2381eb9276a74abce696ab783df39,C:\RSOS\RSOS_EXPERIMENTS_WF2_PROSPECTIVE_CROSS_SYSTEM_CONFIRMATION\04_RAW\CELLS\a61884978ebb7c5237d4e1aa.json
C:\RSOS\RSOS_CANONICAL_EXPERIMENT_CHAIN\033_EXP-016__WF2_Prospective_Cross_System_Confirmation\04_RAW\SOURCE\CELLS\a62893483002194d0489f728.json,56567,2877e3fd21abfd5e8efef0cd49abb543e5afa58ba1f5daebce08c6339151a7b8,C:\RSOS\RSOS_EXPERIMENTS_WF2_PROSPECTIVE_CROSS_SYSTEM_CONFIRMATION\04_RAW\CELLS\a62893483002194d0489f728.json
C:\RSOS\RSOS_CANONICAL_EXPERIMENT_CHAIN\033_EXP-016__WF2_Prospective_Cross_System_Confirmation\04_RAW\SOURCE\CELLS\a655f4fa3220afa6a99c77e6.json,77214,a524679fc5b2b8ea2bc551042cf67ce9cfdcb3d343e34dd37a2d73effd8b79a0,C:\RSOS\RSOS_EXPERIMENTS_WF2_PROSPECTIVE_CROSS_SYSTEM_CONFIRMATION\04_RAW\CELLS\a655f4fa3220afa6a99c77e6.json
C:\RSOS\RSOS_CANONICAL_EXPERIMENT_CHAIN\033_EXP-016__WF2_Prospective_Cross_System_Confirmation\04_RAW\SOURCE\CELLS\a66f2fd4eda30817ba6d8215.json,81333,a1e8c3161e90d36f73d1ba5d3e671315280e670c97035fbdbd7e61060dfdff55,C:\RSOS\RSOS_EXPERIMENTS_WF2_PROSPECTIVE_CROSS_SYSTEM_CONFIRMATION\04_RAW\CELLS\a66f2fd4eda30817ba6d8215.json
C:\RSOS\RSOS_CANONICAL_EXPERIMENT_CHAIN\033_EXP-016__WF2_Prospective_Cross_System_Confirmation\04_RAW\SOURCE\CELLS\a68df80734b4045e6f8d0ba7.json,68660,c25b933f397e8faa796563e98e211a5ca6557c33ecf5897d53e1cba50e07ea65,C:\RSOS\RSOS_EXPERIMENTS_WF2_PROSPECTIVE_CROSS_SYSTEM_CONFIRMATION\04_RAW\CELLS\a68df80734b4045e6f8d0ba7.json
C:\RSOS\RSOS_CANONICAL_EXPERIMENT_CHAIN\033_EXP-016__WF2_Prospective_Cross_System_Confirmation\04_RAW\SOURCE\CELLS\a69a63bb64c2603092732218.json,65290,29a3812cb777d88f4c451683d4b7b3901df301d74d83524591b0feadd2428f1c,C:\RSOS\RSOS_EXPERIMENTS_WF2_PROSPECTIVE_CROSS_SYSTEM_CONFIRMATION\04_RAW\CELLS\a69a63bb64c2603092732218.json
C:\RSOS\RSOS_CANONICAL_EXPERIMENT_CHAIN\033_EXP-016__WF2_Prospective_Cross_System_Confirmation\04_RAW\SOURCE\CELLS\a762d910e128981a074fd9e4.json,82438,43c9261ed2a129bce529c60be95731d61e4bb9d9849e9d24f11cd3558edd15a7,C:\RSOS\RSOS_EXPERIMENTS_WF2_PROSPECTIVE_CROSS_SYSTEM_CONFIRMATION\04_RAW\CELLS\a762d910e128981a074fd9e4.json
C:\RSOS\RSOS_CANONICAL_EXPERIMENT_CHAIN\033_EXP-016__WF2_Prospective_Cross_System_Confirmation\04_RAW\SOURCE\CELLS\a7ae34ccf64398e6a2cd7357.json,51666,5581b1f18048ca0c11def582bb9b9995c41dc22a86c7446534d099107a0343eb,C:\RSOS\RSOS_EXPERIMENTS_WF2_PROSPECTIVE_CROSS_SYSTEM_CONFIRMATION\04_RAW\CELLS\a7ae34ccf64398e6a2cd7357.json
C:\RSOS\RSOS_CANONICAL_EXPERIMENT_CHAIN\033_EXP-016__WF2_Prospective_Cross_System_Confirmation\04_RAW\SOURCE\CELLS\a8d3673896a369410f6f88a9.json,41054,88cad38f4e34c78bd5b79f7edf48d5937baab92e7a0d50098ce30adacee12ff0,C:\RSOS\RSOS_EXPERIMENTS_WF2_PROSPECTIVE_CROSS_SYSTEM_CONFIRMATION\04_RAW\CELLS\a8d3673896a369410f6f88a9.json
C:\RSOS\RSOS_CANONICAL_EXPERIMENT_CHAIN\033_EXP-016__WF2_Prospective_Cross_System_Confirmation\04_RAW\SOURCE\CELLS\a92532b01baf4abbe5524df4.json,56004,569dec876590d647af3c2f671398d0f807b0cc195ec231d5bf2ebd2a361c1dab,C:\RSOS\RSOS_EXPERIMENTS_WF2_PROSPECTIVE_CROSS_SYSTEM_CONFIRMATION\04_RAW\CELLS\a92532b01baf4abbe5524df4.json
C:\RSOS\RSOS_CANONICAL_EXPERIMENT_CHAIN\033_EXP-016__WF2_Prospective_Cross_System_Confirmation\04_RAW\SOURCE\CELLS\a94c2303d23736dfdfff19ef.json,85017,bdcb7e8acadd4bb6ebb110bcf54f467b71096ac125d3f4b6dc67fd9539454963,C:\RSOS\RSOS_EXPERIMENTS_WF2_PROSPECTIVE_CROSS_SYSTEM_CONFIRMATION\04_RAW\CELLS\a94c2303d23736dfdfff19ef.json
C:\RSOS\RSOS_CANONICAL_EXPERIMENT_CHAIN\033_EXP-016__WF2_Prospective_Cross_System_Confirmation\04_RAW\SOURCE\CELLS\a957d1980e9b50d0b8acd1e3.json,74443,80a4fc55806f183d1379bd29176dea14b944af6b99a782443ac3eba56cd76be1,C:\RSOS\RSOS_EXPERIMENTS_WF2_PROSPECTIVE_CROSS_SYSTEM_CONFIRMATION\04_RAW\CELLS\a957d1980e9b50d0b8acd1e3.json
C:\RSOS\RSOS_CANONICAL_EXPERIMENT_CHAIN\033_EXP-016__WF2_Prospective_Cross_System_Confirmation\04_RAW\SOURCE\CELLS\a9ffa5d89d5f832a0bd1bd5c.json,67238,305760f6b2cd897a427aafb217280b3830ea79624c0eae78760191cb9b86de1b,C:\RSOS\RSOS_EXPERIMENTS_WF2_PROSPECTIVE_CROSS_SYSTEM_CONFIRMATION\04_RAW\CELLS\a9ffa5d89d5f832a0bd1bd5c.json
C:\RSOS\RSOS_CANONICAL_EXPERIMENT_CHAIN\033_EXP-016__WF2_Prospective_Cross_System_Confirmation\04_RAW\SOURCE\CELLS\aa0a3461d690a7d945efe03d.json,57394,6393ca17df6c73a17154fc2ce0d61875038a6355fb915a1aa52c4bfcb95e865f,C:\RSOS\RSOS_EXPERIMENTS_WF2_PROSPECTIVE_CROSS_SYSTEM_CONFIRMATION\04_RAW\CELLS\aa0a3461d690a7d945efe03d.json
C:\RSOS\RSOS_CANONICAL_EXPERIMENT_CHAIN\033_EXP-016__WF2_Prospective_Cross_System_Confirmation\04_RAW\SOURCE\CELLS\aaae9c4ff170d81399fd437c.json,67679,98c58440f06d7dd3d90903a56642885ad92d4a767429c63d9e2a7280a0aa3300,C:\RSOS\RSOS_EXPERIMENTS_WF2_PROSPECTIVE_CROSS_SYSTEM_CONFIRMATION\04_RAW\CELLS\aaae9c4ff170d81399fd437c.json
C:\RSOS\RSOS_CANONICAL_EXPERIMENT_CHAIN\033_EXP-016__WF2_Prospective_Cross_System_Confirmation\04_RAW\SOURCE\CELLS\ab10a95105e22b01d0226da4.json,70446,011f19bbe551bd298aeedc13b225b3a3c198531c6e9b79b838520856a52b44cb,C:\RSOS\RSOS_EXPERIMENTS_WF2_PROSPECTIVE_CROSS_SYSTEM_CONFIRMATION\04_RAW\CELLS\ab10a95105e22b01d0226da4.json
C:\RSOS\RSOS_CANONICAL_EXPERIMENT_CHAIN\033_EXP-016__WF2_Prospective_Cross_System_Confirmation\04_RAW\SOURCE\CELLS\aba5d9a2e5293ffcdb1e0410.json,89079,1a99c00b2820c4a6a6c72de59afb509b83afd9e32c2a91eb128b94111eb4d830,C:\RSOS\RSOS_EXPERIMENTS_WF2_PROSPECTIVE_CROSS_SYSTEM_CONFIRMATION\04_RAW\CELLS\aba5d9a2e5293ffcdb1e0410.json
C:\RSOS\RSOS_CANONICAL_EXPERIMENT_CHAIN\033_EXP-016__WF2_Prospective_Cross_System_Confirmation\04_RAW\SOURCE\CELLS\abf006638462a99c4817e9e0.json,40840,848f4100193bfaf5ba1f38da79852ea4767cafbc7d8966af3b372b33880f11ed,C:\RSOS\RSOS_EXPERIMENTS_WF2_PROSPECTIVE_CROSS_SYSTEM_CONFIRMATION\04_RAW\CELLS\abf006638462a99c4817e9e0.json
C:\RSOS\RSOS_CANONICAL_EXPERIMENT_CHAIN\033_EXP-016__WF2_Prospective_Cross_System_Confirmation\04_RAW\SOURCE\CELLS\ad20b964edacb68ac83cee4a.json,79186,f2d90e958ee6ff6f00019ecc8d9c60c97f3a772ca2772606127af272ea880214,C:\RSOS\RSOS_EXPERIMENTS_WF2_PROSPECTIVE_CROSS_SYSTEM_CONFIRMATION\04_RAW\CELLS\ad20b964edacb68ac83cee4a.json
C:\RSOS\RSOS_CANONICAL_EXPERIMENT_CHAIN\033_EXP-016__WF2_Prospective_Cross_System_Confirmation\04_RAW\SOURCE\CELLS\ad230da0f4d627add379e825.json,55256,ecfc00ed89d724414e144f1f5c1a56422413d20254392fc4e4b50148cb7de997,C:\RSOS\RSOS_EXPERIMENTS_WF2_PROSPECTIVE_CROSS_SYSTEM_CONFIRMATION\04_RAW\CELLS\ad230da0f4d627add379e825.json
C:\RSOS\RSOS_CANONICAL_EXPERIMENT_CHAIN\033_EXP-016__WF2_Prospective_Cross_System_Confirmation\04_RAW\SOURCE\CELLS\ad994152bc53042da72fefaa.json,48278,9526cf0db0c8c2d6f6f7f7e025c94bb53b95a70f8f0b0ad3ca5c618ff4ffa486,C:\RSOS\RSOS_EXPERIMENTS_WF2_PROSPECTIVE_CROSS_SYSTEM_CONFIRMATION\04_RAW\CELLS\ad994152bc53042da72fefaa.json
C:\RSOS\RSOS_CANONICAL_EXPERIMENT_CHAIN\033_EXP-016__WF2_Prospective_Cross_System_Confirmation\04_RAW\SOURCE\CELLS\adb3d73a292bd0fa59be7059.json,111635,08e5ae50a9099123888b30e7f1fdde76a0f7d0709571f4b729ff86783e0ca073,C:\RSOS\RSOS_EXPERIMENTS_WF2_PROSPECTIVE_CROSS_SYSTEM_CONFIRMATION\04_RAW\CELLS\adb3d73a292bd0fa59be7059.json
C:\RSOS\RSOS_CANONICAL_EXPERIMENT_CHAIN\033_EXP-016__WF2_Prospective_Cross_System_Confirmation\04_RAW\SOURCE\CELLS\aea2e74dcc372f9e5069ff03.json,48158,3332da71f0388daa1f13cca6af61d5f918c41703f8021760a5329fa9f92c0196,C:\RSOS\RSOS_EXPERIMENTS_WF2_PROSPECTIVE_CROSS_SYSTEM_CONFIRMATION\04_RAW\CELLS\aea2e74dcc372f9e5069ff03.json
C:\RSOS\RSOS_CANONICAL_EXPERIMENT_CHAIN\033_EXP-016__WF2_Prospective_Cross_System_Confirmation\04_RAW\SOURCE\CELLS\af1b64e12a6b3ce3239ed28a.json,69439,6dfbf1ccb5056147d109c147f8510d9a9c299ee0fefad7696b5f38c53e0d5045,C:\RSOS\RSOS_EXPERIMENTS_WF2_PROSPECTIVE_CROSS_SYSTEM_CONFIRMATION\04_RAW\CELLS\af1b64e12a6b3ce3239ed28a.json
C:\RSOS\RSOS_CANONICAL_EXPERIMENT_CHAIN\033_EXP-016__WF2_Prospective_Cross_System_Confirmation\04_RAW\SOURCE\CELLS\af4c36f5d99f4689ee072f3e.json,87299,520c71e352fde8c4fe41a0c5ebb023984709561a035b0e9ef63380cfe67b412d,C:\RSOS\RSOS_EXPERIMENTS_WF2_PROSPECTIVE_CROSS_SYSTEM_CONFIRMATION\04_RAW\CELLS\af4c36f5d99f4689ee072f3e.json
C:\RSOS\RSOS_CANONICAL_EXPERIMENT_CHAIN\033_EXP-016__WF2_Prospective_Cross_System_Confirmation\04_RAW\SOURCE\CELLS\b0d5325042ae821fab7b5076.json,42719,93ee7a0e2cb8590061c2b16fbd7881df4aa78408306f47d32e286adcbcf88b40,C:\RSOS\RSOS_EXPERIMENTS_WF2_PROSPECTIVE_CROSS_SYSTEM_CONFIRMATION\04_RAW\CELLS\b0d5325042ae821fab7b5076.json
C:\RSOS\RSOS_CANONICAL_EXPERIMENT_CHAIN\033_EXP-016__WF2_Prospective_Cross_System_Confirmation\04_RAW\SOURCE\CELLS\b1b532388bc7d4435930430e.json,62337,5dec22f9ab3a6de24172d8dd498875baf2d6e9a621be1a04d622c22cd6d1a890,C:\RSOS\RSOS_EXPERIMENTS_WF2_PROSPECTIVE_CROSS_SYSTEM_CONFIRMATION\04_RAW\CELLS\b1b532388bc7d4435930430e.json
C:\RSOS\RSOS_CANONICAL_EXPERIMENT_CHAIN\033_EXP-016__WF2_Prospective_Cross_System_Confirmation\04_RAW\SOURCE\CELLS\b2015ceae45491505630b6ae.json,97632,08b28350b2b7c4da97cb8203dc25788d598ed540868dce9eca452d2aa094917f,C:\RSOS\RSOS_EXPERIMENTS_WF2_PROSPECTIVE_CROSS_SYSTEM_CONFIRMATION\04_RAW\CELLS\b2015ceae45491505630b6ae.json
C:\RSOS\RSOS_CANONICAL_EXPERIMENT_CHAIN\033_EXP-016__WF2_Prospective_Cross_System_Confirmation\04_RAW\SOURCE\CELLS\b2487d60db079556337c1021.json,101763,03096e33b9b18ac05e8c98572fce81e38ffd8c7c757bf106793ba4792e01ff39,C:\RSOS\RSOS_EXPERIMENTS_WF2_PROSPECTIVE_CROSS_SYSTEM_CONFIRMATION\04_RAW\CELLS\b2487d60db079556337c1021.json
C:\RSOS\RSOS_CANONICAL_EXPERIMENT_CHAIN\033_EXP-016__WF2_Prospective_Cross_System_Confirmation\04_RAW\SOURCE\CELLS\b26bafcb1df8490e85befb63.json,62138,e7c4295e22a352a6d2d07eaf339bf13e64940ebf481a80ca2fb677c0345b4ec7,C:\RSOS\RSOS_EXPERIMENTS_WF2_PROSPECTIVE_CROSS_SYSTEM_CONFIRMATION\04_RAW\CELLS\b26bafcb1df8490e85befb63.json
C:\RSOS\RSOS_CANONICAL_EXPERIMENT_CHAIN\033_EXP-016__WF2_Prospective_Cross_System_Confirmation\04_RAW\SOURCE\CELLS\b50729bd6abfd4c6397f3cc3.json,75447,e0164f9e467caeaa41d35259df16aef60a0e760f955a791a25f7c10bf77f3de2,C:\RSOS\RSOS_EXPERIMENTS_WF2_PROSPECTIVE_CROSS_SYSTEM_CONFIRMATION\04_RAW\CELLS\b50729bd6abfd4c6397f3cc3.json
C:\RSOS\RSOS_CANONICAL_EXPERIMENT_CHAIN\033_EXP-016__WF2_Prospective_Cross_System_Confirmation\04_RAW\SOURCE\CELLS\b5e4078c561691616e346338.json,41054,c17963aadbeb2ad5105c894dbe247bfad237fb6b97c8d7ac26efefacf917e1aa,C:\RSOS\RSOS_EXPERIMENTS_WF2_PROSPECTIVE_CROSS_SYSTEM_CONFIRMATION\04_RAW\CELLS\b5e4078c561691616e346338.json
C:\RSOS\RSOS_CANONICAL_EXPERIMENT_CHAIN\033_EXP-016__WF2_Prospective_Cross_System_Confirmation\04_RAW\SOURCE\CELLS\b62f32069daba1c032182023.json,74607,5241e31b065f07cb80807cc65eb908daac79f69b5401173067e470bd6ce7e742,C:\RSOS\RSOS_EXPERIMENTS_WF2_PROSPECTIVE_CROSS_SYSTEM_CONFIRMATION\04_RAW\CELLS\b62f32069daba1c032182023.json
C:\RSOS\RSOS_CANONICAL_EXPERIMENT_CHAIN\033_EXP-016__WF2_Prospective_Cross_System_Confirmation\04_RAW\SOURCE\CELLS\b6c8ccb57fe0b7ce40f48390.json,44439,94a3d427c7edec60170994a5343c94f692a2c84a0ede7a56905ec8dadabcd80f,C:\RSOS\RSOS_EXPERIMENTS_WF2_PROSPECTIVE_CROSS_SYSTEM_CONFIRMATION\04_RAW\CELLS\b6c8ccb57fe0b7ce40f48390.json
C:\RSOS\RSOS_CANONICAL_EXPERIMENT_CHAIN\033_EXP-016__WF2_Prospective_Cross_System_Confirmation\04_RAW\SOURCE\CELLS\b6ced0511e139d5b8e0d80a2.json,68128,b1b060efc17d57f8294aaa424841c6d8e8405511d10e875858772dca38975ac5,C:\RSOS\RSOS_EXPERIMENTS_WF2_PROSPECTIVE_CROSS_SYSTEM_CONFIRMATION\04_RAW\CELLS\b6ced0511e139d5b8e0d80a2.json
C:\RSOS\RSOS_CANONICAL_EXPERIMENT_CHAIN\033_EXP-016__WF2_Prospective_Cross_System_Confirmation\04_RAW\SOURCE\CELLS\b6fa7aebd0b08a8dd431d98a.json,89306,b7f07401a8065a93a5aa37b9b039b7e41dd2b05a5ce5c7ee5f9f7b2093eb6ddf,C:\RSOS\RSOS_EXPERIMENTS_WF2_PROSPECTIVE_CROSS_SYSTEM_CONFIRMATION\04_RAW\CELLS\b6fa7aebd0b08a8dd431d98a.json
C:\RSOS\RSOS_CANONICAL_EXPERIMENT_CHAIN\033_EXP-016__WF2_Prospective_Cross_System_Confirmation\04_RAW\SOURCE\CELLS\b78586a0a4a8f1916afc723a.json,45113,91c1adb798bd7f9e9e4faccd16cb9af2033c4c24279f6947e93beec7982ffd97,C:\RSOS\RSOS_EXPERIMENTS_WF2_PROSPECTIVE_CROSS_SYSTEM_CONFIRMATION\04_RAW\CELLS\b78586a0a4a8f1916afc723a.json
C:\RSOS\RSOS_CANONICAL_EXPERIMENT_CHAIN\033_EXP-016__WF2_Prospective_Cross_System_Confirmation\04_RAW\SOURCE\CELLS\b7fa7c061b7ca73ecaf8175e.json,75051,dbd86ba81e593fc88419f4b1e2ee1d80e34f0c1daebdc48c129e54a7141d78b6,C:\RSOS\RSOS_EXPERIMENTS_WF2_PROSPECTIVE_CROSS_SYSTEM_CONFIRMATION\04_RAW\CELLS\b7fa7c061b7ca73ecaf8175e.json
C:\RSOS\RSOS_CANONICAL_EXPERIMENT_CHAIN\033_EXP-016__WF2_Prospective_Cross_System_Confirmation\04_RAW\SOURCE\CELLS\b8116363305764bbf33415f8.json,91343,4253d95b7f89b0ed2be676af55f7a2ab74dd165ca934f7e27dd6bbe3574c6f4e,C:\RSOS\RSOS_EXPERIMENTS_WF2_PROSPECTIVE_CROSS_SYSTEM_CONFIRMATION\04_RAW\CELLS\b8116363305764bbf33415f8.json
C:\RSOS\RSOS_CANONICAL_EXPERIMENT_CHAIN\033_EXP-016__WF2_Prospective_Cross_System_Confirmation\04_RAW\SOURCE\CELLS\b822431b13b3758160e57325.json,50288,41bf471675ad0b08a65aa35473352199b5a40ed66685907bbbdbdf854dd931d2,C:\RSOS\RSOS_EXPERIMENTS_WF2_PROSPECTIVE_CROSS_SYSTEM_CONFIRMATION\04_RAW\CELLS\b822431b13b3758160e57325.json
C:\RSOS\RSOS_CANONICAL_EXPERIMENT_CHAIN\033_EXP-016__WF2_Prospective_Cross_System_Confirmation\04_RAW\SOURCE\CELLS\ba1c94bf58e70c8be9af751d.json,45548,88598d2197e97a9f9928940a1da326e041d48def44ad68f2b7b09d8888127a36,C:\RSOS\RSOS_EXPERIMENTS_WF2_PROSPECTIVE_CROSS_SYSTEM_CONFIRMATION\04_RAW\CELLS\ba1c94bf58e70c8be9af751d.json
C:\RSOS\RSOS_CANONICAL_EXPERIMENT_CHAIN\033_EXP-016__WF2_Prospective_Cross_System_Confirmation\04_RAW\SOURCE\CELLS\ba83f6c0aa4f6bb62f2814aa.json,81843,238bf6ea9b55c691dbe61771c714dec92e2caad06c4d192cec1445b897fe2047,C:\RSOS\RSOS_EXPERIMENTS_WF2_PROSPECTIVE_CROSS_SYSTEM_CONFIRMATION\04_RAW\CELLS\ba83f6c0aa4f6bb62f2814aa.json
C:\RSOS\RSOS_CANONICAL_EXPERIMENT_CHAIN\033_EXP-016__WF2_Prospective_Cross_System_Confirmation\04_RAW\SOURCE\CELLS\bab3bec083313e00d90d6ff8.json,75673,e9aaacdf0e458a6c4f757b40d8488621aa29e3484dc5d2b4853c4a7fa309fc14,C:\RSOS\RSOS_EXPERIMENTS_WF2_PROSPECTIVE_CROSS_SYSTEM_CONFIRMATION\04_RAW\CELLS\bab3bec083313e00d90d6ff8.json
C:\RSOS\RSOS_CANONICAL_EXPERIMENT_CHAIN\033_EXP-016__WF2_Prospective_Cross_System_Confirmation\04_RAW\SOURCE\CELLS\bb09dac792c05aa61ec15dfc.json,64755,4529b32f170e3c0183ddd3bc45423bb35a8a36d3d5efc0ae6676bcf44c335ba8,C:\RSOS\RSOS_EXPERIMENTS_WF2_PROSPECTIVE_CROSS_SYSTEM_CONFIRMATION\04_RAW\CELLS\bb09dac792c05aa61ec15dfc.json
C:\RSOS\RSOS_CANONICAL_EXPERIMENT_CHAIN\033_EXP-016__WF2_Prospective_Cross_System_Confirmation\04_RAW\SOURCE\CELLS\bb78f0c9dbb519e3849cff56.json,51767,7e4d5c8a49a61c81eb74fb8f2f33d742e5be743b23ace74a9a9b5de3443c7081,C:\RSOS\RSOS_EXPERIMENTS_WF2_PROSPECTIVE_CROSS_SYSTEM_CONFIRMATION\04_RAW\CELLS\bb78f0c9dbb519e3849cff56.json
C:\RSOS\RSOS_CANONICAL_EXPERIMENT_CHAIN\033_EXP-016__WF2_Prospective_Cross_System_Confirmation\04_RAW\SOURCE\CELLS\bbc1aa72e9756bca772094bc.json,68953,475d3c257203bdc9faf6e076d104a60419ebab5b08bbeff0baee1554cacb0620,C:\RSOS\RSOS_EXPERIMENTS_WF2_PROSPECTIVE_CROSS_SYSTEM_CONFIRMATION\04_RAW\CELLS\bbc1aa72e9756bca772094bc.json
C:\RSOS\RSOS_CANONICAL_EXPERIMENT_CHAIN\033_EXP-016__WF2_Prospective_Cross_System_Confirmation\04_RAW\SOURCE\CELLS\bc120f75f90883b7f7a39705.json,101151,b970cd55f941f32aa8f96a723b09d7e349ef1ed05f7f55e8758401c66c8da764,C:\RSOS\RSOS_EXPERIMENTS_WF2_PROSPECTIVE_CROSS_SYSTEM_CONFIRMATION\04_RAW\CELLS\bc120f75f90883b7f7a39705.json
C:\RSOS\RSOS_CANONICAL_EXPERIMENT_CHAIN\033_EXP-016__WF2_Prospective_Cross_System_Confirmation\04_RAW\SOURCE\CELLS\bc2b6079a099ae167d6c80a3.json,119598,5fc0171d0d103c8eb29992769703cc90b81828d3fb8b8248189df982c0e526e6,C:\RSOS\RSOS_EXPERIMENTS_WF2_PROSPECTIVE_CROSS_SYSTEM_CONFIRMATION\04_RAW\CELLS\bc2b6079a099ae167d6c80a3.json
C:\RSOS\RSOS_CANONICAL_EXPERIMENT_CHAIN\033_EXP-016__WF2_Prospective_Cross_System_Confirmation\04_RAW\SOURCE\CELLS\bc872306c33191b6d64efa6d.json,49218,657ad7fab0af4dab5df4142d414b364c747bd3fb71359f4b9b7098fa53e2845e,C:\RSOS\RSOS_EXPERIMENTS_WF2_PROSPECTIVE_CROSS_SYSTEM_CONFIRMATION\04_RAW\CELLS\bc872306c33191b6d64efa6d.json
C:\RSOS\RSOS_CANONICAL_EXPERIMENT_CHAIN\033_EXP-016__WF2_Prospective_Cross_System_Confirmation\04_RAW\SOURCE\CELLS\bcd73f4ea319280a358ec1cc.json,73226,b795033384b34a26718d3d250b36fa50ad0f1414b17a8cdb9fe3dd92dc96eee0,C:\RSOS\RSOS_EXPERIMENTS_WF2_PROSPECTIVE_CROSS_SYSTEM_CONFIRMATION\04_RAW\CELLS\bcd73f4ea319280a358ec1cc.json
C:\RSOS\RSOS_CANONICAL_EXPERIMENT_CHAIN\033_EXP-016__WF2_Prospective_Cross_System_Confirmation\04_RAW\SOURCE\CELLS\bedb7d63cf91a1ce6589581d.json,99900,110b3bbb99776907cc227f78d93c4e88ccbfb9752223fa5ea4150a53cc4bf752,C:\RSOS\RSOS_EXPERIMENTS_WF2_PROSPECTIVE_CROSS_SYSTEM_CONFIRMATION\04_RAW\CELLS\bedb7d63cf91a1ce6589581d.json
C:\RSOS\RSOS_CANONICAL_EXPERIMENT_CHAIN\033_EXP-016__WF2_Prospective_Cross_System_Confirmation\04_RAW\SOURCE\CELLS\bef01f9fed571bb5294bc6dd.json,93990,81e5b42570335f9732c595eaa237e2ee101f42fe440aafff509271e44e7cb55e,C:\RSOS\RSOS_EXPERIMENTS_WF2_PROSPECTIVE_CROSS_SYSTEM_CONFIRMATION\04_RAW\CELLS\bef01f9fed571bb5294bc6dd.json
C:\RSOS\RSOS_CANONICAL_EXPERIMENT_CHAIN\033_EXP-016__WF2_Prospective_Cross_System_Confirmation\04_RAW\SOURCE\CELLS\c10a0d1c6bcb71f0723923fd.json,58720,862017679960cdb57f8c004d417a65392d1b5eee48b36be577a9850db99fc7de,C:\RSOS\RSOS_EXPERIMENTS_WF2_PROSPECTIVE_CROSS_SYSTEM_CONFIRMATION\04_RAW\CELLS\c10a0d1c6bcb71f0723923fd.json
C:\RSOS\RSOS_CANONICAL_EXPERIMENT_CHAIN\033_EXP-016__WF2_Prospective_Cross_System_Confirmation\04_RAW\SOURCE\CELLS\c1ab42d45fdca534954e54b3.json,64959,d84d787aa6fffdf4f72d87cf3027ce499cdfcf992266af3ee27412031056c4f3,C:\RSOS\RSOS_EXPERIMENTS_WF2_PROSPECTIVE_CROSS_SYSTEM_CONFIRMATION\04_RAW\CELLS\c1ab42d45fdca534954e54b3.json
C:\RSOS\RSOS_CANONICAL_EXPERIMENT_CHAIN\033_EXP-016__WF2_Prospective_Cross_System_Confirmation\04_RAW\SOURCE\CELLS\c20b8018cce419d7c431fa6e.json,59495,22bef6ea2b97ee4b876390c974cde3612517c1156a3edf4f7d4e69c785029469,C:\RSOS\RSOS_EXPERIMENTS_WF2_PROSPECTIVE_CROSS_SYSTEM_CONFIRMATION\04_RAW\CELLS\c20b8018cce419d7c431fa6e.json
C:\RSOS\RSOS_CANONICAL_EXPERIMENT_CHAIN\033_EXP-016__WF2_Prospective_Cross_System_Confirmation\04_RAW\SOURCE\CELLS\c2394d7adb265998678e799a.json,78668,2bf97e11f06358f1bd731eeee66036bc8946f1d9a1654ea748469e38018a9410,C:\RSOS\RSOS_EXPERIMENTS_WF2_PROSPECTIVE_CROSS_SYSTEM_CONFIRMATION\04_RAW\CELLS\c2394d7adb265998678e799a.json
C:\RSOS\RSOS_CANONICAL_EXPERIMENT_CHAIN\033_EXP-016__WF2_Prospective_Cross_System_Confirmation\04_RAW\SOURCE\CELLS\c360fe00359b139d82360151.json,94896,29651114f5caec5b7f48f6e4cea4b21cb41eee63deb2914f80cd125e71e33905,C:\RSOS\RSOS_EXPERIMENTS_WF2_PROSPECTIVE_CROSS_SYSTEM_CONFIRMATION\04_RAW\CELLS\c360fe00359b139d82360151.json
C:\RSOS\RSOS_CANONICAL_EXPERIMENT_CHAIN\033_EXP-016__WF2_Prospective_Cross_System_Confirmation\04_RAW\SOURCE\CELLS\c3a5e9d85152c8a17cdceb1e.json,65809,a04e357ffe53de10a6ed9d501e69797f3042d5df4407661c268f475142334002,C:\RSOS\RSOS_EXPERIMENTS_WF2_PROSPECTIVE_CROSS_SYSTEM_CONFIRMATION\04_RAW\CELLS\c3a5e9d85152c8a17cdceb1e.json
C:\RSOS\RSOS_CANONICAL_EXPERIMENT_CHAIN\033_EXP-016__WF2_Prospective_Cross_System_Confirmation\04_RAW\SOURCE\CELLS\c3c0d3b95c13695a1307c3c1.json,53221,ec5e26c96f4fabefdc605da8ec172c885ed675f29bf3f4e32bed70b8622febd5,C:\RSOS\RSOS_EXPERIMENTS_WF2_PROSPECTIVE_CROSS_SYSTEM_CONFIRMATION\04_RAW\CELLS\c3c0d3b95c13695a1307c3c1.json
C:\RSOS\RSOS_CANONICAL_EXPERIMENT_CHAIN\033_EXP-016__WF2_Prospective_Cross_System_Confirmation\04_RAW\SOURCE\CELLS\c400f36901fd48e9f5ee459b.json,65794,16da1ea6bb299c817e4bcd7746b4aa907df16226e2d75c009781d88f76d77f6a,C:\RSOS\RSOS_EXPERIMENTS_WF2_PROSPECTIVE_CROSS_SYSTEM_CONFIRMATION\04_RAW\CELLS\c400f36901fd48e9f5ee459b.json
C:\RSOS\RSOS_CANONICAL_EXPERIMENT_CHAIN\033_EXP-016__WF2_Prospective_Cross_System_Confirmation\04_RAW\SOURCE\CELLS\c5b43cc2a96ca3bccc618103.json,77540,5421b9d98843266c22a7e39628dd8d8fc9ddb66dcfec5a115870955d7fe224d4,C:\RSOS\RSOS_EXPERIMENTS_WF2_PROSPECTIVE_CROSS_SYSTEM_CONFIRMATION\04_RAW\CELLS\c5b43cc2a96ca3bccc618103.json
C:\RSOS\RSOS_CANONICAL_EXPERIMENT_CHAIN\033_EXP-016__WF2_Prospective_Cross_System_Confirmation\04_RAW\SOURCE\CELLS\c6886fe73d6c2e302f05e2cd.json,78135,a89f7abd4a96b6f7e816a705816652add46d3c8bd4cb6028d3ebb397666455f5,C:\RSOS\RSOS_EXPERIMENTS_WF2_PROSPECTIVE_CROSS_SYSTEM_CONFIRMATION\04_RAW\CELLS\c6886fe73d6c2e302f05e2cd.json
C:\RSOS\RSOS_CANONICAL_EXPERIMENT_CHAIN\033_EXP-016__WF2_Prospective_Cross_System_Confirmation\04_RAW\SOURCE\CELLS\c6cc01e049bc169b63b8a6bc.json,56043,8c40e835c19ed9400167a9bd5125971594494f5ab383b5bb663b5b0da6b60161,C:\RSOS\RSOS_EXPERIMENTS_WF2_PROSPECTIVE_CROSS_SYSTEM_CONFIRMATION\04_RAW\CELLS\c6cc01e049bc169b63b8a6bc.json
C:\RSOS\RSOS_CANONICAL_EXPERIMENT_CHAIN\033_EXP-016__WF2_Prospective_Cross_System_Confirmation\04_RAW\SOURCE\CELLS\c6db1dfbbb7c396b6cab7a4b.json,58769,17db3b7c1b7d62f8d48a82b902c3c78d5fcce002eb868c89fd079b204a54eccc,C:\RSOS\RSOS_EXPERIMENTS_WF2_PROSPECTIVE_CROSS_SYSTEM_CONFIRMATION\04_RAW\CELLS\c6db1dfbbb7c396b6cab7a4b.json
C:\RSOS\RSOS_CANONICAL_EXPERIMENT_CHAIN\033_EXP-016__WF2_Prospective_Cross_System_Confirmation\04_RAW\SOURCE\CELLS\c6eceea3b63276a0f41d2992.json,93263,2670d190d27ba0d2c87b600ded14002294273989bd87b6becf58bb46a1c16e29,C:\RSOS\RSOS_EXPERIMENTS_WF2_PROSPECTIVE_CROSS_SYSTEM_CONFIRMATION\04_RAW\CELLS\c6eceea3b63276a0f41d2992.json
C:\RSOS\RSOS_CANONICAL_EXPERIMENT_CHAIN\033_EXP-016__WF2_Prospective_Cross_System_Confirmation\04_RAW\SOURCE\CELLS\c751207985ec5d97d44fcd03.json,28664,ceae01440e4add412c95a68ed384d1771675adba7f17170a56fc2a93b05e83e0,C:\RSOS\RSOS_EXPERIMENTS_WF2_PROSPECTIVE_CROSS_SYSTEM_CONFIRMATION\04_RAW\CELLS\c751207985ec5d97d44fcd03.json
C:\RSOS\RSOS_CANONICAL_EXPERIMENT_CHAIN\033_EXP-016__WF2_Prospective_Cross_System_Confirmation\04_RAW\SOURCE\CELLS\c7bba77f33ccf30d0fa2a6c0.json,67323,e75cac547ec6f3e918f49f1ab282222e396f1645e633d5399588d2a62b774296,C:\RSOS\RSOS_EXPERIMENTS_WF2_PROSPECTIVE_CROSS_SYSTEM_CONFIRMATION\04_RAW\CELLS\c7bba77f33ccf30d0fa2a6c0.json
C:\RSOS\RSOS_CANONICAL_EXPERIMENT_CHAIN\033_EXP-016__WF2_Prospective_Cross_System_Confirmation\04_RAW\SOURCE\CELLS\c7f1c0ee77fd50f0409e8ff1.json,60829,937381b0788ff307dace55f100e88c5642c4eb902ba83016300212a59d73f0de,C:\RSOS\RSOS_EXPERIMENTS_WF2_PROSPECTIVE_CROSS_SYSTEM_CONFIRMATION\04_RAW\CELLS\c7f1c0ee77fd50f0409e8ff1.json
C:\RSOS\RSOS_CANONICAL_EXPERIMENT_CHAIN\033_EXP-016__WF2_Prospective_Cross_System_Confirmation\04_RAW\SOURCE\CELLS\c8242ff4d106aa00ebbaa512.json,82601,83977261a81f5a39bad3a24939128b17f72717002021f43615ec2f2b18f958fd,C:\RSOS\RSOS_EXPERIMENTS_WF2_PROSPECTIVE_CROSS_SYSTEM_CONFIRMATION\04_RAW\CELLS\c8242ff4d106aa00ebbaa512.json
C:\RSOS\RSOS_CANONICAL_EXPERIMENT_CHAIN\033_EXP-016__WF2_Prospective_Cross_System_Confirmation\04_RAW\SOURCE\CELLS\c850a0312504486093da2cb8.json,77542,d149a1c7fe15d4b87570bbe01e4ad745e4636821b136922be89f725d99e69f1c,C:\RSOS\RSOS_EXPERIMENTS_WF2_PROSPECTIVE_CROSS_SYSTEM_CONFIRMATION\04_RAW\CELLS\c850a0312504486093da2cb8.json
C:\RSOS\RSOS_CANONICAL_EXPERIMENT_CHAIN\033_EXP-016__WF2_Prospective_Cross_System_Confirmation\04_RAW\SOURCE\CELLS\c880f77c6931f28d1f4acdeb.json,89633,7a331953784610b47e292a9889e5bcbabc2ae55e1d53efd2e3209547dff2ab3b,C:\RSOS\RSOS_EXPERIMENTS_WF2_PROSPECTIVE_CROSS_SYSTEM_CONFIRMATION\04_RAW\CELLS\c880f77c6931f28d1f4acdeb.json
C:\RSOS\RSOS_CANONICAL_EXPERIMENT_CHAIN\033_EXP-016__WF2_Prospective_Cross_System_Confirmation\04_RAW\SOURCE\CELLS\c95a16709f7b9cf93641353d.json,29005,e9c844f79e4c94124fa6df0160103078b58add1fac893f1b0c5c69d4768ac80e,C:\RSOS\RSOS_EXPERIMENTS_WF2_PROSPECTIVE_CROSS_SYSTEM_CONFIRMATION\04_RAW\CELLS\c95a16709f7b9cf93641353d.json
C:\RSOS\RSOS_CANONICAL_EXPERIMENT_CHAIN\033_EXP-016__WF2_Prospective_Cross_System_Confirmation\04_RAW\SOURCE\CELLS\c979056f112b358f1982fb7e.json,109785,e79d6ca81c9930e6e9f165b5eb3b95d6987df971d809f7c3ba10b25991ada622,C:\RSOS\RSOS_EXPERIMENTS_WF2_PROSPECTIVE_CROSS_SYSTEM_CONFIRMATION\04_RAW\CELLS\c979056f112b358f1982fb7e.json
C:\RSOS\RSOS_CANONICAL_EXPERIMENT_CHAIN\033_EXP-016__WF2_Prospective_Cross_System_Confirmation\04_RAW\SOURCE\CELLS\ca5ebb40d2a93663bcf39f14.json,68720,f2c6e25b07716acc725c183b43746a480f4356c6c388a2fbfdac22b66d44c701,C:\RSOS\RSOS_EXPERIMENTS_WF2_PROSPECTIVE_CROSS_SYSTEM_CONFIRMATION\04_RAW\CELLS\ca5ebb40d2a93663bcf39f14.json
C:\RSOS\RSOS_CANONICAL_EXPERIMENT_CHAIN\033_EXP-016__WF2_Prospective_Cross_System_Confirmation\04_RAW\SOURCE\CELLS\cae2340b4f9325d3cca13c25.json,108552,edc7c46b1139bfdd7612c679c66773897e961311d1abda0796b1e11efef19f29,C:\RSOS\RSOS_EXPERIMENTS_WF2_PROSPECTIVE_CROSS_SYSTEM_CONFIRMATION\04_RAW\CELLS\cae2340b4f9325d3cca13c25.json
C:\RSOS\RSOS_CANONICAL_EXPERIMENT_CHAIN\033_EXP-016__WF2_Prospective_Cross_System_Confirmation\04_RAW\SOURCE\CELLS\caf169f04d015b835d6f70fc.json,57084,6ec0c1f705df5fdd61a57c0e9685141e134227a461e221f94302f17dde5a9e46,C:\RSOS\RSOS_EXPERIMENTS_WF2_PROSPECTIVE_CROSS_SYSTEM_CONFIRMATION\04_RAW\CELLS\caf169f04d015b835d6f70fc.json
C:\RSOS\RSOS_CANONICAL_EXPERIMENT_CHAIN\033_EXP-016__WF2_Prospective_Cross_System_Confirmation\04_RAW\SOURCE\CELLS\cb00e25fd849d86db8f95e49.json,45338,d6062145a121f8b2b9bb057503cea915b3062ded88553f2ace53808a88efc13b,C:\RSOS\RSOS_EXPERIMENTS_WF2_PROSPECTIVE_CROSS_SYSTEM_CONFIRMATION\04_RAW\CELLS\cb00e25fd849d86db8f95e49.json
C:\RSOS\RSOS_CANONICAL_EXPERIMENT_CHAIN\033_EXP-016__WF2_Prospective_Cross_System_Confirmation\04_RAW\SOURCE\CELLS\cb84c3ba6af142cf1f0b29b4.json,77239,34066e1d5ebc1fbc404c19ed83d7649f26d5d04b1c5f157d1c30b214697265f1,C:\RSOS\RSOS_EXPERIMENTS_WF2_PROSPECTIVE_CROSS_SYSTEM_CONFIRMATION\04_RAW\CELLS\cb84c3ba6af142cf1f0b29b4.json
C:\RSOS\RSOS_CANONICAL_EXPERIMENT_CHAIN\033_EXP-016__WF2_Prospective_Cross_System_Confirmation\04_RAW\SOURCE\CELLS\cc09cc1ebb55f12c656d24a1.json,80025,83c8c8a2f91d3c0be507984f433bfb5de3b9a279defa7eae460427159305640f,C:\RSOS\RSOS_EXPERIMENTS_WF2_PROSPECTIVE_CROSS_SYSTEM_CONFIRMATION\04_RAW\CELLS\cc09cc1ebb55f12c656d24a1.json
C:\RSOS\RSOS_CANONICAL_EXPERIMENT_CHAIN\033_EXP-016__WF2_Prospective_Cross_System_Confirmation\04_RAW\SOURCE\CELLS\cc6607f288988851df3f548a.json,53538,f6ae01152beef7a3898b77980c670b039f5166f0fd2c5c4b1d92b3e273fe7b34,C:\RSOS\RSOS_EXPERIMENTS_WF2_PROSPECTIVE_CROSS_SYSTEM_CONFIRMATION\04_RAW\CELLS\cc6607f288988851df3f548a.json
C:\RSOS\RSOS_CANONICAL_EXPERIMENT_CHAIN\033_EXP-016__WF2_Prospective_Cross_System_Confirmation\04_RAW\SOURCE\CELLS\cd150ad06321db0321188c7a.json,54450,04ae31e304a2b7a93c4fa0b53585b9864e8e66e76a2d25653dfef30890434bff,C:\RSOS\RSOS_EXPERIMENTS_WF2_PROSPECTIVE_CROSS_SYSTEM_CONFIRMATION\04_RAW\CELLS\cd150ad06321db0321188c7a.json
C:\RSOS\RSOS_CANONICAL_EXPERIMENT_CHAIN\033_EXP-016__WF2_Prospective_Cross_System_Confirmation\04_RAW\SOURCE\CELLS\cd331436f889ad1c6760830f.json,63469,ae6caf17fc13c4bb4c3ce01d0b63aa382c9bbb0585054b0c3e946609d6a2aac6,C:\RSOS\RSOS_EXPERIMENTS_WF2_PROSPECTIVE_CROSS_SYSTEM_CONFIRMATION\04_RAW\CELLS\cd331436f889ad1c6760830f.json
C:\RSOS\RSOS_CANONICAL_EXPERIMENT_CHAIN\033_EXP-016__WF2_Prospective_Cross_System_Confirmation\04_RAW\SOURCE\CELLS\cd5dc0b8eb0c096b31f03e93.json,86474,a099e5b9de7b9698b81daba0afa4c7b492f9c176742add2085e3b4d8c5ea9a02,C:\RSOS\RSOS_EXPERIMENTS_WF2_PROSPECTIVE_CROSS_SYSTEM_CONFIRMATION\04_RAW\CELLS\cd5dc0b8eb0c096b31f03e93.json
C:\RSOS\RSOS_CANONICAL_EXPERIMENT_CHAIN\033_EXP-016__WF2_Prospective_Cross_System_Confirmation\04_RAW\SOURCE\CELLS\cd6cc7ef3d47741ee069e86b.json,68080,1effc0e13800999e3a2b28765e382b3c3e78e338fd8049e0cce3b1461edb11d6,C:\RSOS\RSOS_EXPERIMENTS_WF2_PROSPECTIVE_CROSS_SYSTEM_CONFIRMATION\04_RAW\CELLS\cd6cc7ef3d47741ee069e86b.json
C:\RSOS\RSOS_CANONICAL_EXPERIMENT_CHAIN\033_EXP-016__WF2_Prospective_Cross_System_Confirmation\04_RAW\SOURCE\CELLS\cd700f87b8be3ad0f5ca8254.json,59373,32a41441133d4759c09f0aa09ffea978cf54963998dce4ef06538af7f3483995,C:\RSOS\RSOS_EXPERIMENTS_WF2_PROSPECTIVE_CROSS_SYSTEM_CONFIRMATION\04_RAW\CELLS\cd700f87b8be3ad0f5ca8254.json
C:\RSOS\RSOS_CANONICAL_EXPERIMENT_CHAIN\033_EXP-016__WF2_Prospective_Cross_System_Confirmation\04_RAW\SOURCE\CELLS\cdb361793d89143608169719.json,68221,47251db017037d11fa3c2118989e1f48e44e8092152c5981a109daff5eb02553,C:\RSOS\RSOS_EXPERIMENTS_WF2_PROSPECTIVE_CROSS_SYSTEM_CONFIRMATION\04_RAW\CELLS\cdb361793d89143608169719.json
C:\RSOS\RSOS_CANONICAL_EXPERIMENT_CHAIN\033_EXP-016__WF2_Prospective_Cross_System_Confirmation\04_RAW\SOURCE\CELLS\ce80e5595fda4a158026fcee.json,70412,7a46d2a10124b43d2eb855ce4d16969011826dd132bd07506e5bc87cf30c9a67,C:\RSOS\RSOS_EXPERIMENTS_WF2_PROSPECTIVE_CROSS_SYSTEM_CONFIRMATION\04_RAW\CELLS\ce80e5595fda4a158026fcee.json
C:\RSOS\RSOS_CANONICAL_EXPERIMENT_CHAIN\033_EXP-016__WF2_Prospective_Cross_System_Confirmation\04_RAW\SOURCE\CELLS\cf05b9750d9a6e764c892bb9.json,51630,c497cfc6a50cb23ee3d1746eb15f88a222715a61f60c486f7e61a373dc75a518,C:\RSOS\RSOS_EXPERIMENTS_WF2_PROSPECTIVE_CROSS_SYSTEM_CONFIRMATION\04_RAW\CELLS\cf05b9750d9a6e764c892bb9.json
C:\RSOS\RSOS_CANONICAL_EXPERIMENT_CHAIN\033_EXP-016__WF2_Prospective_Cross_System_Confirmation\04_RAW\SOURCE\CELLS\cf19878429e82b565410b73c.json,46544,6dcc46de4b11e1ceb5a04a971f4fe193049fbdb6b1ffd8a6f9bcd59f49eb0174,C:\RSOS\RSOS_EXPERIMENTS_WF2_PROSPECTIVE_CROSS_SYSTEM_CONFIRMATION\04_RAW\CELLS\cf19878429e82b565410b73c.json
C:\RSOS\RSOS_CANONICAL_EXPERIMENT_CHAIN\033_EXP-016__WF2_Prospective_Cross_System_Confirmation\04_RAW\SOURCE\CELLS\cf75e6cefbdf2ede9f522635.json,45399,3e1b81d84a846dcfa1987fe941654a07f5ed55ded6af6db942fb6fbc23d35372,C:\RSOS\RSOS_EXPERIMENTS_WF2_PROSPECTIVE_CROSS_SYSTEM_CONFIRMATION\04_RAW\CELLS\cf75e6cefbdf2ede9f522635.json
C:\RSOS\RSOS_CANONICAL_EXPERIMENT_CHAIN\033_EXP-016__WF2_Prospective_Cross_System_Confirmation\04_RAW\SOURCE\CELLS\cfcaf74fd5531db5d3efb397.json,78117,17bc4aa3e3826bd1bca7760669b3aa55a25b88b00cdb63e0d5bbbbad1e39970b,C:\RSOS\RSOS_EXPERIMENTS_WF2_PROSPECTIVE_CROSS_SYSTEM_CONFIRMATION\04_RAW\CELLS\cfcaf74fd5531db5d3efb397.json
C:\RSOS\RSOS_CANONICAL_EXPERIMENT_CHAIN\033_EXP-016__WF2_Prospective_Cross_System_Confirmation\04_RAW\SOURCE\CELLS\d0421f4914fd654fe5e01823.json,49204,26de69eac3f78217991ef1c303d58c4661b7614e0ba4bd292c396125a3b23251,C:\RSOS\RSOS_EXPERIMENTS_WF2_PROSPECTIVE_CROSS_SYSTEM_CONFIRMATION\04_RAW\CELLS\d0421f4914fd654fe5e01823.json
C:\RSOS\RSOS_CANONICAL_EXPERIMENT_CHAIN\033_EXP-016__WF2_Prospective_Cross_System_Confirmation\04_RAW\SOURCE\CELLS\d0d9d1b0404636cb2bf6d5fc.json,78065,0be32a72ae0ebdeb7f237bbf362d82232871ecd4647ed80bfe486720f5740b4b,C:\RSOS\RSOS_EXPERIMENTS_WF2_PROSPECTIVE_CROSS_SYSTEM_CONFIRMATION\04_RAW\CELLS\d0d9d1b0404636cb2bf6d5fc.json
C:\RSOS\RSOS_CANONICAL_EXPERIMENT_CHAIN\033_EXP-016__WF2_Prospective_Cross_System_Confirmation\04_RAW\SOURCE\CELLS\d0efbe61f3d57309fd0fc431.json,87775,95476f2897a65e5d702229f0814a26e8601674f7711ba7df6522a0db8d84b7c1,C:\RSOS\RSOS_EXPERIMENTS_WF2_PROSPECTIVE_CROSS_SYSTEM_CONFIRMATION\04_RAW\CELLS\d0efbe61f3d57309fd0fc431.json
C:\RSOS\RSOS_CANONICAL_EXPERIMENT_CHAIN\033_EXP-016__WF2_Prospective_Cross_System_Confirmation\04_RAW\SOURCE\CELLS\d1e03621b75448cb81e03c1a.json,47442,bbe5811ce71dff3a2cb2e788b5be934fcad0444b5e60913ac2775d161993f5ff,C:\RSOS\RSOS_EXPERIMENTS_WF2_PROSPECTIVE_CROSS_SYSTEM_CONFIRMATION\04_RAW\CELLS\d1e03621b75448cb81e03c1a.json
C:\RSOS\RSOS_CANONICAL_EXPERIMENT_CHAIN\033_EXP-016__WF2_Prospective_Cross_System_Confirmation\04_RAW\SOURCE\CELLS\d269e86f54717a391e4de1fe.json,49632,42829e04a55447e0b85349f340048db5c6cd3e208c045846ca13147ddbfe309c,C:\RSOS\RSOS_EXPERIMENTS_WF2_PROSPECTIVE_CROSS_SYSTEM_CONFIRMATION\04_RAW\CELLS\d269e86f54717a391e4de1fe.json
C:\RSOS\RSOS_CANONICAL_EXPERIMENT_CHAIN\033_EXP-016__WF2_Prospective_Cross_System_Confirmation\04_RAW\SOURCE\CELLS\d3267297310ad9a8b7347662.json,73335,1fa5cb22ac40b942d413bb5e8f7ad2d3beb7939bbcebc417d1676eb17ca66120,C:\RSOS\RSOS_EXPERIMENTS_WF2_PROSPECTIVE_CROSS_SYSTEM_CONFIRMATION\04_RAW\CELLS\d3267297310ad9a8b7347662.json
C:\RSOS\RSOS_CANONICAL_EXPERIMENT_CHAIN\033_EXP-016__WF2_Prospective_Cross_System_Confirmation\04_RAW\SOURCE\CELLS\d3f09ff02aa2e532d23f9942.json,58094,df585e627b8d752735dfd5b76bbcacfe21e37197d68d849c0b30cb0717135c98,C:\RSOS\RSOS_EXPERIMENTS_WF2_PROSPECTIVE_CROSS_SYSTEM_CONFIRMATION\04_RAW\CELLS\d3f09ff02aa2e532d23f9942.json
C:\RSOS\RSOS_CANONICAL_EXPERIMENT_CHAIN\033_EXP-016__WF2_Prospective_Cross_System_Confirmation\04_RAW\SOURCE\CELLS\d44af1ff7f5b9c1649f2e57c.json,103004,621015bab07534c2f1a01c43d001b0886cf412456bf7fdba7c0426ca5bc5b60e,C:\RSOS\RSOS_EXPERIMENTS_WF2_PROSPECTIVE_CROSS_SYSTEM_CONFIRMATION\04_RAW\CELLS\d44af1ff7f5b9c1649f2e57c.json
C:\RSOS\RSOS_CANONICAL_EXPERIMENT_CHAIN\033_EXP-016__WF2_Prospective_Cross_System_Confirmation\04_RAW\SOURCE\CELLS\d4910b1fad5d5e48a88ff5f9.json,75927,67f53163e8aaa5cbddd4e5eea9e1f1ef48745322753330a2840617ad72cf6eaa,C:\RSOS\RSOS_EXPERIMENTS_WF2_PROSPECTIVE_CROSS_SYSTEM_CONFIRMATION\04_RAW\CELLS\d4910b1fad5d5e48a88ff5f9.json
C:\RSOS\RSOS_CANONICAL_EXPERIMENT_CHAIN\033_EXP-016__WF2_Prospective_Cross_System_Confirmation\04_RAW\SOURCE\CELLS\d52d90fa155b56067fe1c628.json,45617,4bd76e861bc6ec9334be1b73ed34ed5e4c959220b558de9975db15f5b19ff0ec,C:\RSOS\RSOS_EXPERIMENTS_WF2_PROSPECTIVE_CROSS_SYSTEM_CONFIRMATION\04_RAW\CELLS\d52d90fa155b56067fe1c628.json
C:\RSOS\RSOS_CANONICAL_EXPERIMENT_CHAIN\033_EXP-016__WF2_Prospective_Cross_System_Confirmation\04_RAW\SOURCE\CELLS\d556663f34f1766d935c483e.json,36785,90abe147cf93f613c3425c710b778156b59165b3aa71277270d7f2f19fc8e000,C:\RSOS\RSOS_EXPERIMENTS_WF2_PROSPECTIVE_CROSS_SYSTEM_CONFIRMATION\04_RAW\CELLS\d556663f34f1766d935c483e.json
C:\RSOS\RSOS_CANONICAL_EXPERIMENT_CHAIN\033_EXP-016__WF2_Prospective_Cross_System_Confirmation\04_RAW\SOURCE\CELLS\d5976b6475e104fc94474de3.json,71967,48ba9507c75f91ad763fa93135f5190036e107e3e0919443e0424fb162aaed1a,C:\RSOS\RSOS_EXPERIMENTS_WF2_PROSPECTIVE_CROSS_SYSTEM_CONFIRMATION\04_RAW\CELLS\d5976b6475e104fc94474de3.json
C:\RSOS\RSOS_CANONICAL_EXPERIMENT_CHAIN\033_EXP-016__WF2_Prospective_Cross_System_Confirmation\04_RAW\SOURCE\CELLS\d5cf770bf8ec39ee72e3c2ca.json,95209,5a55868f5e76499ef4045a4f2e9a485e966a820e7f6b4d8d751eeabe9224e72b,C:\RSOS\RSOS_EXPERIMENTS_WF2_PROSPECTIVE_CROSS_SYSTEM_CONFIRMATION\04_RAW\CELLS\d5cf770bf8ec39ee72e3c2ca.json
C:\RSOS\RSOS_CANONICAL_EXPERIMENT_CHAIN\033_EXP-016__WF2_Prospective_Cross_System_Confirmation\04_RAW\SOURCE\CELLS\d5faa81fbc92ef32c7905f9a.json,69592,3a21ac0edf7488755b78aa5bceaa68bbe3b4d5e16747dd6e8935d31720b4af38,C:\RSOS\RSOS_EXPERIMENTS_WF2_PROSPECTIVE_CROSS_SYSTEM_CONFIRMATION\04_RAW\CELLS\d5faa81fbc92ef32c7905f9a.json
C:\RSOS\RSOS_CANONICAL_EXPERIMENT_CHAIN\033_EXP-016__WF2_Prospective_Cross_System_Confirmation\04_RAW\SOURCE\CELLS\d6b57bdf4801b7e7a044df89.json,95259,5dd7946d54ce5dcc2ec7ff09472c4e7c0a98800d4d734d717769a849982bdfc0,C:\RSOS\RSOS_EXPERIMENTS_WF2_PROSPECTIVE_CROSS_SYSTEM_CONFIRMATION\04_RAW\CELLS\d6b57bdf4801b7e7a044df89.json
C:\RSOS\RSOS_CANONICAL_EXPERIMENT_CHAIN\033_EXP-016__WF2_Prospective_Cross_System_Confirmation\04_RAW\SOURCE\CELLS\d813d809f8d96ee8c3d26f62.json,97705,e4fe89be68e30716f00ddae6deacea7cbc16061c73d3ea5e604c275f361f0580,C:\RSOS\RSOS_EXPERIMENTS_WF2_PROSPECTIVE_CROSS_SYSTEM_CONFIRMATION\04_RAW\CELLS\d813d809f8d96ee8c3d26f62.json
C:\RSOS\RSOS_CANONICAL_EXPERIMENT_CHAIN\033_EXP-016__WF2_Prospective_Cross_System_Confirmation\04_RAW\SOURCE\CELLS\d8c5d5dd72b6d8702ac5f3e9.json,59417,5b4863f143d2bbd86253752f06f9166c23e6e0934f2b85b529dce87c04281094,C:\RSOS\RSOS_EXPERIMENTS_WF2_PROSPECTIVE_CROSS_SYSTEM_CONFIRMATION\04_RAW\CELLS\d8c5d5dd72b6d8702ac5f3e9.json
C:\RSOS\RSOS_CANONICAL_EXPERIMENT_CHAIN\033_EXP-016__WF2_Prospective_Cross_System_Confirmation\04_RAW\SOURCE\CELLS\d9c914827a99592bcc5a0e27.json,95802,fa04d2694a77727ff157c3fd947fb2e7c14d8c2a112d75f0c2c5cd7d157fac5a,C:\RSOS\RSOS_EXPERIMENTS_WF2_PROSPECTIVE_CROSS_SYSTEM_CONFIRMATION\04_RAW\CELLS\d9c914827a99592bcc5a0e27.json
C:\RSOS\RSOS_CANONICAL_EXPERIMENT_CHAIN\033_EXP-016__WF2_Prospective_Cross_System_Confirmation\04_RAW\SOURCE\CELLS\db3f639835eb18228b1b7d1b.json,59899,d7584a56bf9652ef1dc2f6aa08940392abe2bffe0e4ffb5d5021410fc62c2f8f,C:\RSOS\RSOS_EXPERIMENTS_WF2_PROSPECTIVE_CROSS_SYSTEM_CONFIRMATION\04_RAW\CELLS\db3f639835eb18228b1b7d1b.json
C:\RSOS\RSOS_CANONICAL_EXPERIMENT_CHAIN\033_EXP-016__WF2_Prospective_Cross_System_Confirmation\04_RAW\SOURCE\CELLS\dcdfa0d1d25756984520b0fc.json,70640,b82a3d9f371a21422694659c118362f137202a162380f541558f66ddd05a6e8d,C:\RSOS\RSOS_EXPERIMENTS_WF2_PROSPECTIVE_CROSS_SYSTEM_CONFIRMATION\04_RAW\CELLS\dcdfa0d1d25756984520b0fc.json
C:\RSOS\RSOS_CANONICAL_EXPERIMENT_CHAIN\033_EXP-016__WF2_Prospective_Cross_System_Confirmation\04_RAW\SOURCE\CELLS\dd5381ae3f20af436ed6d1bd.json,40502,196d23d5d8605973e1f567018fdfa714c1e7d7e5b7050ec1c79c04ce31a1bf77,C:\RSOS\RSOS_EXPERIMENTS_WF2_PROSPECTIVE_CROSS_SYSTEM_CONFIRMATION\04_RAW\CELLS\dd5381ae3f20af436ed6d1bd.json
C:\RSOS\RSOS_CANONICAL_EXPERIMENT_CHAIN\033_EXP-016__WF2_Prospective_Cross_System_Confirmation\04_RAW\SOURCE\CELLS\ddabe9fb6cd302c8490b07e6.json,60532,50d5d06161f0a1a3836a5812a6cb1501c405a2a172bad3c7984b436832cceeac,C:\RSOS\RSOS_EXPERIMENTS_WF2_PROSPECTIVE_CROSS_SYSTEM_CONFIRMATION\04_RAW\CELLS\ddabe9fb6cd302c8490b07e6.json
C:\RSOS\RSOS_CANONICAL_EXPERIMENT_CHAIN\033_EXP-016__WF2_Prospective_Cross_System_Confirmation\04_RAW\SOURCE\CELLS\dedbc3c26aab1c0d412de50c.json,51115,7a2bd8642eb4499e465d37865e7a15bc7cb5c69a40c55d555d27d65647fa9708,C:\RSOS\RSOS_EXPERIMENTS_WF2_PROSPECTIVE_CROSS_SYSTEM_CONFIRMATION\04_RAW\CELLS\dedbc3c26aab1c0d412de50c.json
C:\RSOS\RSOS_CANONICAL_EXPERIMENT_CHAIN\033_EXP-016__WF2_Prospective_Cross_System_Confirmation\04_RAW\SOURCE\CELLS\df12a21fa5ff46c2eaaf6d38.json,102529,e1c8ce26886eec69b182a86dc3704af2310583cc7485dfce38e95140f0e794b4,C:\RSOS\RSOS_EXPERIMENTS_WF2_PROSPECTIVE_CROSS_SYSTEM_CONFIRMATION\04_RAW\CELLS\df12a21fa5ff46c2eaaf6d38.json
C:\RSOS\RSOS_CANONICAL_EXPERIMENT_CHAIN\033_EXP-016__WF2_Prospective_Cross_System_Confirmation\04_RAW\SOURCE\CELLS\df2894c8498bfb86d8c41e3a.json,64963,5ace36798cc9a220fd306a706c51a1043cb70e0a05bfede27c3632d05e6cafb1,C:\RSOS\RSOS_EXPERIMENTS_WF2_PROSPECTIVE_CROSS_SYSTEM_CONFIRMATION\04_RAW\CELLS\df2894c8498bfb86d8c41e3a.json
C:\RSOS\RSOS_CANONICAL_EXPERIMENT_CHAIN\033_EXP-016__WF2_Prospective_Cross_System_Confirmation\04_RAW\SOURCE\CELLS\df4af841c51e9c5788f9a83f.json,55650,0889e8145952e97e45799e0a8d911b2469638ecd1f3fb39cef7b4a4b8d7d4990,C:\RSOS\RSOS_EXPERIMENTS_WF2_PROSPECTIVE_CROSS_SYSTEM_CONFIRMATION\04_RAW\CELLS\df4af841c51e9c5788f9a83f.json
C:\RSOS\RSOS_CANONICAL_EXPERIMENT_CHAIN\033_EXP-016__WF2_Prospective_Cross_System_Confirmation\04_RAW\SOURCE\CELLS\df58573d9cc539b38aa41f8e.json,65266,7979ad86cd34add353d7d44ca3952f4f5bc6c9913755768468056e0d6b3a869b,C:\RSOS\RSOS_EXPERIMENTS_WF2_PROSPECTIVE_CROSS_SYSTEM_CONFIRMATION\04_RAW\CELLS\df58573d9cc539b38aa41f8e.json
C:\RSOS\RSOS_CANONICAL_EXPERIMENT_CHAIN\033_EXP-016__WF2_Prospective_Cross_System_Confirmation\04_RAW\SOURCE\CELLS\df82828b193aedf0f4b1b0e6.json,45454,5630bb672152326a6b8e0989e75ba3fc867aa749a421a57296071536af87ebc5,C:\RSOS\RSOS_EXPERIMENTS_WF2_PROSPECTIVE_CROSS_SYSTEM_CONFIRMATION\04_RAW\CELLS\df82828b193aedf0f4b1b0e6.json
C:\RSOS\RSOS_CANONICAL_EXPERIMENT_CHAIN\033_EXP-016__WF2_Prospective_Cross_System_Confirmation\04_RAW\SOURCE\CELLS\e06ace581ae8f258cf68a477.json,46498,dc2007fd80d7e7a49a1627d9977291b18bcdfbd078a1af88ef13951b685855fd,C:\RSOS\RSOS_EXPERIMENTS_WF2_PROSPECTIVE_CROSS_SYSTEM_CONFIRMATION\04_RAW\CELLS\e06ace581ae8f258cf68a477.json
C:\RSOS\RSOS_CANONICAL_EXPERIMENT_CHAIN\033_EXP-016__WF2_Prospective_Cross_System_Confirmation\04_RAW\SOURCE\CELLS\e06b2fb6a3b4a273f2ca9c3f.json,60069,1c9bb6fd745b45883cf35f96afe70e75831f81dcf68d55834611cdd39c557809,C:\RSOS\RSOS_EXPERIMENTS_WF2_PROSPECTIVE_CROSS_SYSTEM_CONFIRMATION\04_RAW\CELLS\e06b2fb6a3b4a273f2ca9c3f.json
C:\RSOS\RSOS_CANONICAL_EXPERIMENT_CHAIN\033_EXP-016__WF2_Prospective_Cross_System_Confirmation\04_RAW\SOURCE\CELLS\e09b01c964235498fb6f3fa6.json,108156,34efeae4816e8d0e39543ded0d303717837b25c0ec2e93883bcc8eda1c82307c,C:\RSOS\RSOS_EXPERIMENTS_WF2_PROSPECTIVE_CROSS_SYSTEM_CONFIRMATION\04_RAW\CELLS\e09b01c964235498fb6f3fa6.json
C:\RSOS\RSOS_CANONICAL_EXPERIMENT_CHAIN\033_EXP-016__WF2_Prospective_Cross_System_Confirmation\04_RAW\SOURCE\CELLS\e0e15bc7c4db46c793dfd2ee.json,53369,cd99273f08aea45842ca93fd4bbfe9c7a474031ba0799760636d75a97100b250,C:\RSOS\RSOS_EXPERIMENTS_WF2_PROSPECTIVE_CROSS_SYSTEM_CONFIRMATION\04_RAW\CELLS\e0e15bc7c4db46c793dfd2ee.json
C:\RSOS\RSOS_CANONICAL_EXPERIMENT_CHAIN\033_EXP-016__WF2_Prospective_Cross_System_Confirmation\04_RAW\SOURCE\CELLS\e10e42bc93bef70650063ad4.json,51828,3d022d033a9fd3bfcd1cd64b7af41c288b21fbe253923e5133ef8eee3f53bedd,C:\RSOS\RSOS_EXPERIMENTS_WF2_PROSPECTIVE_CROSS_SYSTEM_CONFIRMATION\04_RAW\CELLS\e10e42bc93bef70650063ad4.json
C:\RSOS\RSOS_CANONICAL_EXPERIMENT_CHAIN\033_EXP-016__WF2_Prospective_Cross_System_Confirmation\04_RAW\SOURCE\CELLS\e12b1f9f39564e36eef2c32c.json,57826,a028c09280f8ec9154f0de407416e9300e3a3004a1a1c3330df053a75a4f5fb7,C:\RSOS\RSOS_EXPERIMENTS_WF2_PROSPECTIVE_CROSS_SYSTEM_CONFIRMATION\04_RAW\CELLS\e12b1f9f39564e36eef2c32c.json
C:\RSOS\RSOS_CANONICAL_EXPERIMENT_CHAIN\033_EXP-016__WF2_Prospective_Cross_System_Confirmation\04_RAW\SOURCE\CELLS\e22341002b5127faeb645998.json,46738,9c6027009138435c6571c4d2d58a3c4669945f58a1eb6275d3c490adf845f40c,C:\RSOS\RSOS_EXPERIMENTS_WF2_PROSPECTIVE_CROSS_SYSTEM_CONFIRMATION\04_RAW\CELLS\e22341002b5127faeb645998.json
C:\RSOS\RSOS_CANONICAL_EXPERIMENT_CHAIN\033_EXP-016__WF2_Prospective_Cross_System_Confirmation\04_RAW\SOURCE\CELLS\e282bfa98d3fbb9525837a7e.json,67367,f82c645efc0554b85fc44b7c9785255aead005de5379545752c2ea28928db67b,C:\RSOS\RSOS_EXPERIMENTS_WF2_PROSPECTIVE_CROSS_SYSTEM_CONFIRMATION\04_RAW\CELLS\e282bfa98d3fbb9525837a7e.json
C:\RSOS\RSOS_CANONICAL_EXPERIMENT_CHAIN\033_EXP-016__WF2_Prospective_Cross_System_Confirmation\04_RAW\SOURCE\CELLS\e2a4762f8bb144b741a4ccae.json,47312,f7e7ed27dbb64f7edfdfb51268bc3ba965865d95d9926c1d399ac11ad88225dc,C:\RSOS\RSOS_EXPERIMENTS_WF2_PROSPECTIVE_CROSS_SYSTEM_CONFIRMATION\04_RAW\CELLS\e2a4762f8bb144b741a4ccae.json
C:\RSOS\RSOS_CANONICAL_EXPERIMENT_CHAIN\033_EXP-016__WF2_Prospective_Cross_System_Confirmation\04_RAW\SOURCE\CELLS\e3b4d26222f9abfae59ab84f.json,41258,f4dd6384d38a11bca728d85524e1a7ed4f5589d528be0c9695a42f1cab3e541a,C:\RSOS\RSOS_EXPERIMENTS_WF2_PROSPECTIVE_CROSS_SYSTEM_CONFIRMATION\04_RAW\CELLS\e3b4d26222f9abfae59ab84f.json
C:\RSOS\RSOS_CANONICAL_EXPERIMENT_CHAIN\033_EXP-016__WF2_Prospective_Cross_System_Confirmation\04_RAW\SOURCE\CELLS\e3c9a42754745453426a0ba5.json,42363,5ba871a90b200f207670a847adb495af4e5c8514831ce10a73616685503f23c8,C:\RSOS\RSOS_EXPERIMENTS_WF2_PROSPECTIVE_CROSS_SYSTEM_CONFIRMATION\04_RAW\CELLS\e3c9a42754745453426a0ba5.json
C:\RSOS\RSOS_CANONICAL_EXPERIMENT_CHAIN\033_EXP-016__WF2_Prospective_Cross_System_Confirmation\04_RAW\SOURCE\CELLS\e4ad3c83c95af9584a2e61da.json,40868,dce6d826e7492de9a97bbb05b42d4fae8ccec56b404b0888a3d613b3e594d79f,C:\RSOS\RSOS_EXPERIMENTS_WF2_PROSPECTIVE_CROSS_SYSTEM_CONFIRMATION\04_RAW\CELLS\e4ad3c83c95af9584a2e61da.json
C:\RSOS\RSOS_CANONICAL_EXPERIMENT_CHAIN\033_EXP-016__WF2_Prospective_Cross_System_Confirmation\04_RAW\SOURCE\CELLS\e56517e6b26b4455813e4cee.json,55166,06a05653c912f90549d8cb9b74d5880cb87a221e0ee66104137520a59e911546,C:\RSOS\RSOS_EXPERIMENTS_WF2_PROSPECTIVE_CROSS_SYSTEM_CONFIRMATION\04_RAW\CELLS\e56517e6b26b4455813e4cee.json
C:\RSOS\RSOS_CANONICAL_EXPERIMENT_CHAIN\033_EXP-016__WF2_Prospective_Cross_System_Confirmation\04_RAW\SOURCE\CELLS\e57bc5b9c0b5567fe1c6256f.json,49278,7afd6c13b4ec612b4e29231035fc876c6ea379921d261bbf9ca5d119e21f0424,C:\RSOS\RSOS_EXPERIMENTS_WF2_PROSPECTIVE_CROSS_SYSTEM_CONFIRMATION\04_RAW\CELLS\e57bc5b9c0b5567fe1c6256f.json
C:\RSOS\RSOS_CANONICAL_EXPERIMENT_CHAIN\033_EXP-016__WF2_Prospective_Cross_System_Confirmation\04_RAW\SOURCE\CELLS\e6ae46e1090f45081ec38e38.json,84485,a48a0c33a7d7e89b7dc7efefce8b129ae20aec7d756841e4831f6aa186806349,C:\RSOS\RSOS_EXPERIMENTS_WF2_PROSPECTIVE_CROSS_SYSTEM_CONFIRMATION\04_RAW\CELLS\e6ae46e1090f45081ec38e38.json
C:\RSOS\RSOS_CANONICAL_EXPERIMENT_CHAIN\033_EXP-016__WF2_Prospective_Cross_System_Confirmation\04_RAW\SOURCE\CELLS\e79ed1188e6e17301a3fdc2b.json,53610,d2e9c0cb5630466216ea2fb4259e0cc7d3e3f84e6bf42b8304a42ae84392f1ef,C:\RSOS\RSOS_EXPERIMENTS_WF2_PROSPECTIVE_CROSS_SYSTEM_CONFIRMATION\04_RAW\CELLS\e79ed1188e6e17301a3fdc2b.json
C:\RSOS\RSOS_CANONICAL_EXPERIMENT_CHAIN\033_EXP-016__WF2_Prospective_Cross_System_Confirmation\04_RAW\SOURCE\CELLS\e8be5af26fa19bd53c3ae769.json,60517,73dc5f22596e1412cea9bc8d993ef862c8165c6326d94c6ac12f6b85f9693cf8,C:\RSOS\RSOS_EXPERIMENTS_WF2_PROSPECTIVE_CROSS_SYSTEM_CONFIRMATION\04_RAW\CELLS\e8be5af26fa19bd53c3ae769.json
C:\RSOS\RSOS_CANONICAL_EXPERIMENT_CHAIN\033_EXP-016__WF2_Prospective_Cross_System_Confirmation\04_RAW\SOURCE\CELLS\e941343e3d5fdd5ba3552300.json,60575,fa6fb322508afdac28e9337b0e3af637430eaa474d357cf5ce7e1cdbf4510630,C:\RSOS\RSOS_EXPERIMENTS_WF2_PROSPECTIVE_CROSS_SYSTEM_CONFIRMATION\04_RAW\CELLS\e941343e3d5fdd5ba3552300.json
C:\RSOS\RSOS_CANONICAL_EXPERIMENT_CHAIN\033_EXP-016__WF2_Prospective_Cross_System_Confirmation\04_RAW\SOURCE\CELLS\e9f81a7d0ac7d0f4e4317c51.json,61903,29174adf0f265083f7135bcb5980112ff41c45679619e2b58da28ea018b2ccaa,C:\RSOS\RSOS_EXPERIMENTS_WF2_PROSPECTIVE_CROSS_SYSTEM_CONFIRMATION\04_RAW\CELLS\e9f81a7d0ac7d0f4e4317c51.json
C:\RSOS\RSOS_CANONICAL_EXPERIMENT_CHAIN\033_EXP-016__WF2_Prospective_Cross_System_Confirmation\04_RAW\SOURCE\CELLS\ea84eb4aced8fc427600f6a8.json,61210,454e672ffae1fef702969a362ae18869efd14b256cf8acbca114499ca4e24c7d,C:\RSOS\RSOS_EXPERIMENTS_WF2_PROSPECTIVE_CROSS_SYSTEM_CONFIRMATION\04_RAW\CELLS\ea84eb4aced8fc427600f6a8.json
C:\RSOS\RSOS_CANONICAL_EXPERIMENT_CHAIN\033_EXP-016__WF2_Prospective_Cross_System_Confirmation\04_RAW\SOURCE\CELLS\ebdf7bd0f4ec6dbaa2b26e8d.json,76763,e2fe4e5584f5ed760b82493facf18e10e93c0bf1719117938cb9f61d80e90110,C:\RSOS\RSOS_EXPERIMENTS_WF2_PROSPECTIVE_CROSS_SYSTEM_CONFIRMATION\04_RAW\CELLS\ebdf7bd0f4ec6dbaa2b26e8d.json
C:\RSOS\RSOS_CANONICAL_EXPERIMENT_CHAIN\033_EXP-016__WF2_Prospective_Cross_System_Confirmation\04_RAW\SOURCE\CELLS\ec34dc9f1fe58a3af4c1906a.json,33876,d06265a39309010001d399a6d855e9ac757bc51f7bda50952abd9513406c7e1f,C:\RSOS\RSOS_EXPERIMENTS_WF2_PROSPECTIVE_CROSS_SYSTEM_CONFIRMATION\04_RAW\CELLS\ec34dc9f1fe58a3af4c1906a.json
C:\RSOS\RSOS_CANONICAL_EXPERIMENT_CHAIN\033_EXP-016__WF2_Prospective_Cross_System_Confirmation\04_RAW\SOURCE\CELLS\ec7f1fc465fa66dfaeefb64f.json,104183,78ec837b1dca9cce85529dacea6e05c53adcbd18c9da06f992eef23083aad26a,C:\RSOS\RSOS_EXPERIMENTS_WF2_PROSPECTIVE_CROSS_SYSTEM_CONFIRMATION\04_RAW\CELLS\ec7f1fc465fa66dfaeefb64f.json
C:\RSOS\RSOS_CANONICAL_EXPERIMENT_CHAIN\033_EXP-016__WF2_Prospective_Cross_System_Confirmation\04_RAW\SOURCE\CELLS\ec8f7ff8cc91327756653210.json,50273,f3f1e625b742336a871e99610a41c14068bc4ce238bb3fe1569359550b814f91,C:\RSOS\RSOS_EXPERIMENTS_WF2_PROSPECTIVE_CROSS_SYSTEM_CONFIRMATION\04_RAW\CELLS\ec8f7ff8cc91327756653210.json
C:\RSOS\RSOS_CANONICAL_EXPERIMENT_CHAIN\033_EXP-016__WF2_Prospective_Cross_System_Confirmation\04_RAW\SOURCE\CELLS\ee187fb483cfa1ae256e6f5a.json,94754,9484fe5d9227af1f93a00febf5c5daf93ede13ef30d26e821026c9f098064c4b,C:\RSOS\RSOS_EXPERIMENTS_WF2_PROSPECTIVE_CROSS_SYSTEM_CONFIRMATION\04_RAW\CELLS\ee187fb483cfa1ae256e6f5a.json
C:\RSOS\RSOS_CANONICAL_EXPERIMENT_CHAIN\033_EXP-016__WF2_Prospective_Cross_System_Confirmation\04_RAW\SOURCE\CELLS\ee26bb5df84e9ee90a766fc9.json,67834,b4b0638f2bf843b10587c0b27065389816eeb8169acefa038d51e5e58b6b669c,C:\RSOS\RSOS_EXPERIMENTS_WF2_PROSPECTIVE_CROSS_SYSTEM_CONFIRMATION\04_RAW\CELLS\ee26bb5df84e9ee90a766fc9.json
C:\RSOS\RSOS_CANONICAL_EXPERIMENT_CHAIN\033_EXP-016__WF2_Prospective_Cross_System_Confirmation\04_RAW\SOURCE\CELLS\ee6a969b4a36b9b51bbf6c44.json,51491,4f5f87aeb84785eb725d4ac331d4ab5567f841bde45e48d5425839223311a1a4,C:\RSOS\RSOS_EXPERIMENTS_WF2_PROSPECTIVE_CROSS_SYSTEM_CONFIRMATION\04_RAW\CELLS\ee6a969b4a36b9b51bbf6c44.json
C:\RSOS\RSOS_CANONICAL_EXPERIMENT_CHAIN\033_EXP-016__WF2_Prospective_Cross_System_Confirmation\04_RAW\SOURCE\CELLS\eecc7b43f9e00ab2df577f74.json,70754,a72baa26dd2eab8a0dbd8b0a6154a8fc2d9645627527bd76f4c65bb0fff88836,C:\RSOS\RSOS_EXPERIMENTS_WF2_PROSPECTIVE_CROSS_SYSTEM_CONFIRMATION\04_RAW\CELLS\eecc7b43f9e00ab2df577f74.json
C:\RSOS\RSOS_CANONICAL_EXPERIMENT_CHAIN\033_EXP-016__WF2_Prospective_Cross_System_Confirmation\04_RAW\SOURCE\CELLS\eef0fedb113ceaeed49c62e4.json,44471,a9be44bf1949d8326c4eba1a9184097814287b301a1ec19aba7229250c0b066b,C:\RSOS\RSOS_EXPERIMENTS_WF2_PROSPECTIVE_CROSS_SYSTEM_CONFIRMATION\04_RAW\CELLS\eef0fedb113ceaeed49c62e4.json
C:\RSOS\RSOS_CANONICAL_EXPERIMENT_CHAIN\033_EXP-016__WF2_Prospective_Cross_System_Confirmation\04_RAW\SOURCE\CELLS\efb4d81f88842571a92b3f61.json,80854,55c3d57ae0a22ea2d9b34c3d05c67e3f180679e1862605cab1409606a93722aa,C:\RSOS\RSOS_EXPERIMENTS_WF2_PROSPECTIVE_CROSS_SYSTEM_CONFIRMATION\04_RAW\CELLS\efb4d81f88842571a92b3f61.json
C:\RSOS\RSOS_CANONICAL_EXPERIMENT_CHAIN\033_EXP-016__WF2_Prospective_Cross_System_Confirmation\04_RAW\SOURCE\CELLS\f08fe95ffd3e87507f842d86.json,71621,b30581a5ce812f0325b46313bc68b62f08c4d979d681cdb51ac8ca10cf5de39d,C:\RSOS\RSOS_EXPERIMENTS_WF2_PROSPECTIVE_CROSS_SYSTEM_CONFIRMATION\04_RAW\CELLS\f08fe95ffd3e87507f842d86.json
C:\RSOS\RSOS_CANONICAL_EXPERIMENT_CHAIN\033_EXP-016__WF2_Prospective_Cross_System_Confirmation\04_RAW\SOURCE\CELLS\f0a27a233c743c72bf36821b.json,66825,ec90b4bd8f674004efade1c4a57cd3ee0b75c090ce9dac1ab916af00542312a2,C:\RSOS\RSOS_EXPERIMENTS_WF2_PROSPECTIVE_CROSS_SYSTEM_CONFIRMATION\04_RAW\CELLS\f0a27a233c743c72bf36821b.json
C:\RSOS\RSOS_CANONICAL_EXPERIMENT_CHAIN\033_EXP-016__WF2_Prospective_Cross_System_Confirmation\04_RAW\SOURCE\CELLS\f1c114a51ae4d9b6adbbaa0e.json,87414,ab582ddaf2b1ebd53476ac4a5f36a5d96c7a26c97ab8130e2eae62a7bfb665d8,C:\RSOS\RSOS_EXPERIMENTS_WF2_PROSPECTIVE_CROSS_SYSTEM_CONFIRMATION\04_RAW\CELLS\f1c114a51ae4d9b6adbbaa0e.json
C:\RSOS\RSOS_CANONICAL_EXPERIMENT_CHAIN\033_EXP-016__WF2_Prospective_Cross_System_Confirmation\04_RAW\SOURCE\CELLS\f320cd2f04205fb20b7d7f1f.json,88291,4821c3b54f9f2078e8c6f1bfe83fac5af9c9dd3f1bf21c39a978061c1ae3ece7,C:\RSOS\RSOS_EXPERIMENTS_WF2_PROSPECTIVE_CROSS_SYSTEM_CONFIRMATION\04_RAW\CELLS\f320cd2f04205fb20b7d7f1f.json
C:\RSOS\RSOS_CANONICAL_EXPERIMENT_CHAIN\033_EXP-016__WF2_Prospective_Cross_System_Confirmation\04_RAW\SOURCE\CELLS\f331488a48448e6ab653b155.json,53668,d8fd5f645ba732f3edffbeb91d72a0af7d765b866e8e071115b5bbc11eda6feb,C:\RSOS\RSOS_EXPERIMENTS_WF2_PROSPECTIVE_CROSS_SYSTEM_CONFIRMATION\04_RAW\CELLS\f331488a48448e6ab653b155.json
C:\RSOS\RSOS_CANONICAL_EXPERIMENT_CHAIN\033_EXP-016__WF2_Prospective_Cross_System_Confirmation\04_RAW\SOURCE\CELLS\f46e015ff571dc698689fafc.json,70158,a9c90f46c9c81f154430fdff7667576d4529516fd6ec6af7f8122427096a08ef,C:\RSOS\RSOS_EXPERIMENTS_WF2_PROSPECTIVE_CROSS_SYSTEM_CONFIRMATION\04_RAW\CELLS\f46e015ff571dc698689fafc.json
C:\RSOS\RSOS_CANONICAL_EXPERIMENT_CHAIN\033_EXP-016__WF2_Prospective_Cross_System_Confirmation\04_RAW\SOURCE\CELLS\f4c04982014f09a0d20bdf77.json,44861,0adf1ee7c9de5cffa0f8112fe495223de8db084beac47c236e9248e2593f6797,C:\RSOS\RSOS_EXPERIMENTS_WF2_PROSPECTIVE_CROSS_SYSTEM_CONFIRMATION\04_RAW\CELLS\f4c04982014f09a0d20bdf77.json
C:\RSOS\RSOS_CANONICAL_EXPERIMENT_CHAIN\033_EXP-016__WF2_Prospective_Cross_System_Confirmation\04_RAW\SOURCE\CELLS\f4c8cd1599c3686d666cb1ab.json,67351,475be5a1d541b06cca8790be9ca5053ef2fceca04dc948e3d93a8203c23d6b3a,C:\RSOS\RSOS_EXPERIMENTS_WF2_PROSPECTIVE_CROSS_SYSTEM_CONFIRMATION\04_RAW\CELLS\f4c8cd1599c3686d666cb1ab.json
C:\RSOS\RSOS_CANONICAL_EXPERIMENT_CHAIN\033_EXP-016__WF2_Prospective_Cross_System_Confirmation\04_RAW\SOURCE\CELLS\f4cce8a59969a9a5335f1561.json,75586,1aa2a02d4c8c61fc2f95f6de3b561f330e49b0fcd148fc20fab03f76edc898a3,C:\RSOS\RSOS_EXPERIMENTS_WF2_PROSPECTIVE_CROSS_SYSTEM_CONFIRMATION\04_RAW\CELLS\f4cce8a59969a9a5335f1561.json
C:\RSOS\RSOS_CANONICAL_EXPERIMENT_CHAIN\033_EXP-016__WF2_Prospective_Cross_System_Confirmation\04_RAW\SOURCE\CELLS\f4f6a28bd8dd94d77d545386.json,102343,7545f89b8ee31f55e32b8bc437623c5096ee46347a83ed07e5b2a18ed9c7d259,C:\RSOS\RSOS_EXPERIMENTS_WF2_PROSPECTIVE_CROSS_SYSTEM_CONFIRMATION\04_RAW\CELLS\f4f6a28bd8dd94d77d545386.json
C:\RSOS\RSOS_CANONICAL_EXPERIMENT_CHAIN\033_EXP-016__WF2_Prospective_Cross_System_Confirmation\04_RAW\SOURCE\CELLS\f50fb40957c8a14cdde98d31.json,46311,25d564788c549f433861d3488fe2b324236a4451e03423c2207be6c344327401,C:\RSOS\RSOS_EXPERIMENTS_WF2_PROSPECTIVE_CROSS_SYSTEM_CONFIRMATION\04_RAW\CELLS\f50fb40957c8a14cdde98d31.json
C:\RSOS\RSOS_CANONICAL_EXPERIMENT_CHAIN\033_EXP-016__WF2_Prospective_Cross_System_Confirmation\04_RAW\SOURCE\CELLS\f520e447a4216779fc62a84e.json,79354,5548ecacd65281cda47770ce6ed63487280c3dfec69e386c31d729a07bed2b0a,C:\RSOS\RSOS_EXPERIMENTS_WF2_PROSPECTIVE_CROSS_SYSTEM_CONFIRMATION\04_RAW\CELLS\f520e447a4216779fc62a84e.json
C:\RSOS\RSOS_CANONICAL_EXPERIMENT_CHAIN\033_EXP-016__WF2_Prospective_Cross_System_Confirmation\04_RAW\SOURCE\CELLS\f54e1c7ac0a16dc76e88dcf9.json,69703,37b4f90fd66a2075c9686b34a54e2ac2e621e3890de37072b890da2367c3e71d,C:\RSOS\RSOS_EXPERIMENTS_WF2_PROSPECTIVE_CROSS_SYSTEM_CONFIRMATION\04_RAW\CELLS\f54e1c7ac0a16dc76e88dcf9.json
C:\RSOS\RSOS_CANONICAL_EXPERIMENT_CHAIN\033_EXP-016__WF2_Prospective_Cross_System_Confirmation\04_RAW\SOURCE\CELLS\f5879d0fff274135999d0e79.json,63335,780ebfe7ad347d1664bc9ec5ae8b0765754c5cd621bfe89ff4e30b7f13f098eb,C:\RSOS\RSOS_EXPERIMENTS_WF2_PROSPECTIVE_CROSS_SYSTEM_CONFIRMATION\04_RAW\CELLS\f5879d0fff274135999d0e79.json
C:\RSOS\RSOS_CANONICAL_EXPERIMENT_CHAIN\033_EXP-016__WF2_Prospective_Cross_System_Confirmation\04_RAW\SOURCE\CELLS\f60342d88de278e82279beca.json,89066,6b812ab6d818bc3dc94c2ed4b3de74f43e97ed8b4701a83dcfa9b203b130edfc,C:\RSOS\RSOS_EXPERIMENTS_WF2_PROSPECTIVE_CROSS_SYSTEM_CONFIRMATION\04_RAW\CELLS\f60342d88de278e82279beca.json
C:\RSOS\RSOS_CANONICAL_EXPERIMENT_CHAIN\033_EXP-016__WF2_Prospective_Cross_System_Confirmation\04_RAW\SOURCE\CELLS\f6ce5467b77a01be1280cde7.json,97602,2533865fcea857da8894c1e046934579cf1bde5e018e51b2e04c51e336b980b4,C:\RSOS\RSOS_EXPERIMENTS_WF2_PROSPECTIVE_CROSS_SYSTEM_CONFIRMATION\04_RAW\CELLS\f6ce5467b77a01be1280cde7.json
C:\RSOS\RSOS_CANONICAL_EXPERIMENT_CHAIN\033_EXP-016__WF2_Prospective_Cross_System_Confirmation\04_RAW\SOURCE\CELLS\f7380382d7155d09ced9ee45.json,87128,5a01180dc8922e2f5e90f44274692d656e55080e0270069e0cea2a75e4597742,C:\RSOS\RSOS_EXPERIMENTS_WF2_PROSPECTIVE_CROSS_SYSTEM_CONFIRMATION\04_RAW\CELLS\f7380382d7155d09ced9ee45.json
C:\RSOS\RSOS_CANONICAL_EXPERIMENT_CHAIN\033_EXP-016__WF2_Prospective_Cross_System_Confirmation\04_RAW\SOURCE\CELLS\f7c0e994fe5254efd20709da.json,94064,d70b05005b4aebac70677f037acf2a77766e61d70700f46fad938c08d6de5d85,C:\RSOS\RSOS_EXPERIMENTS_WF2_PROSPECTIVE_CROSS_SYSTEM_CONFIRMATION\04_RAW\CELLS\f7c0e994fe5254efd20709da.json
C:\RSOS\RSOS_CANONICAL_EXPERIMENT_CHAIN\033_EXP-016__WF2_Prospective_Cross_System_Confirmation\04_RAW\SOURCE\CELLS\f7d1aeb5f03d2821e72b3a11.json,55580,942534d98f53686c382088a18ff4f81f837694693ecdddde35a6a05de4345259,C:\RSOS\RSOS_EXPERIMENTS_WF2_PROSPECTIVE_CROSS_SYSTEM_CONFIRMATION\04_RAW\CELLS\f7d1aeb5f03d2821e72b3a11.json
C:\RSOS\RSOS_CANONICAL_EXPERIMENT_CHAIN\033_EXP-016__WF2_Prospective_Cross_System_Confirmation\04_RAW\SOURCE\CELLS\f837dd9c43baaa49a0ed09f0.json,77595,9292b5be74504a8001a4fd956564d2f030ba57954c72ab0f56cf2b970c002576,C:\RSOS\RSOS_EXPERIMENTS_WF2_PROSPECTIVE_CROSS_SYSTEM_CONFIRMATION\04_RAW\CELLS\f837dd9c43baaa49a0ed09f0.json
C:\RSOS\RSOS_CANONICAL_EXPERIMENT_CHAIN\033_EXP-016__WF2_Prospective_Cross_System_Confirmation\04_RAW\SOURCE\CELLS\f916647ee719da5f8e51f76d.json,81507,24d1160dc2bce9ac67ae663bf84198298845a23cb3e7f3e9640305b12846c8d9,C:\RSOS\RSOS_EXPERIMENTS_WF2_PROSPECTIVE_CROSS_SYSTEM_CONFIRMATION\04_RAW\CELLS\f916647ee719da5f8e51f76d.json
C:\RSOS\RSOS_CANONICAL_EXPERIMENT_CHAIN\033_EXP-016__WF2_Prospective_Cross_System_Confirmation\04_RAW\SOURCE\CELLS\f9b7cedb835907f8bc48a9fb.json,62531,ce695ae62a3aded4f390950bad49326a1c5031a77109d0489e242fa9d4ad0f42,C:\RSOS\RSOS_EXPERIMENTS_WF2_PROSPECTIVE_CROSS_SYSTEM_CONFIRMATION\04_RAW\CELLS\f9b7cedb835907f8bc48a9fb.json
C:\RSOS\RSOS_CANONICAL_EXPERIMENT_CHAIN\033_EXP-016__WF2_Prospective_Cross_System_Confirmation\04_RAW\SOURCE\CELLS\f9e4363a73c62203de54df28.json,58079,25d4d785785943591c0c78211f519212e3cd3458a26aa6d6c7ad89406b55407e,C:\RSOS\RSOS_EXPERIMENTS_WF2_PROSPECTIVE_CROSS_SYSTEM_CONFIRMATION\04_RAW\CELLS\f9e4363a73c62203de54df28.json
C:\RSOS\RSOS_CANONICAL_EXPERIMENT_CHAIN\033_EXP-016__WF2_Prospective_Cross_System_Confirmation\04_RAW\SOURCE\CELLS\fa81c5c22d71a37d9d1eb74c.json,69509,fc6d90e835b95994500a06c94743370b70ebae429f98c51c7634517638408ae7,C:\RSOS\RSOS_EXPERIMENTS_WF2_PROSPECTIVE_CROSS_SYSTEM_CONFIRMATION\04_RAW\CELLS\fa81c5c22d71a37d9d1eb74c.json
C:\RSOS\RSOS_CANONICAL_EXPERIMENT_CHAIN\033_EXP-016__WF2_Prospective_Cross_System_Confirmation\04_RAW\SOURCE\CELLS\fb2f23c6fff6f5d2ab9fd95e.json,73930,9895790feb38d886559098f9a96ec27a0deb538aa1a6d38a9e63c7f3d23c51be,C:\RSOS\RSOS_EXPERIMENTS_WF2_PROSPECTIVE_CROSS_SYSTEM_CONFIRMATION\04_RAW\CELLS\fb2f23c6fff6f5d2ab9fd95e.json
C:\RSOS\RSOS_CANONICAL_EXPERIMENT_CHAIN\033_EXP-016__WF2_Prospective_Cross_System_Confirmation\04_RAW\SOURCE\CELLS\fc6d6aefce27588c1d5577bd.json,81886,f7294bbf7759c3f4e4cd0bf9236d2fa91b8bca98d61f92ee7c76a9911038a6b4,C:\RSOS\RSOS_EXPERIMENTS_WF2_PROSPECTIVE_CROSS_SYSTEM_CONFIRMATION\04_RAW\CELLS\fc6d6aefce27588c1d5577bd.json
C:\RSOS\RSOS_CANONICAL_EXPERIMENT_CHAIN\033_EXP-016__WF2_Prospective_Cross_System_Confirmation\04_RAW\SOURCE\CELLS\fcf58f6f3efdb358524a07db.json,57342,d73ce1373c6d497753ee7005e4877392f8976a220c5b86fdca58543344b0ef59,C:\RSOS\RSOS_EXPERIMENTS_WF2_PROSPECTIVE_CROSS_SYSTEM_CONFIRMATION\04_RAW\CELLS\fcf58f6f3efdb358524a07db.json
C:\RSOS\RSOS_CANONICAL_EXPERIMENT_CHAIN\033_EXP-016__WF2_Prospective_Cross_System_Confirmation\04_RAW\SOURCE\CELLS\fd0c74e66bba34a853bb3da3.json,50848,fa0fabcfe0c08f2bb5d2d78ab9fb7730b10b36288b526b661a95b9766b7165c7,C:\RSOS\RSOS_EXPERIMENTS_WF2_PROSPECTIVE_CROSS_SYSTEM_CONFIRMATION\04_RAW\CELLS\fd0c74e66bba34a853bb3da3.json
C:\RSOS\RSOS_CANONICAL_EXPERIMENT_CHAIN\033_EXP-016__WF2_Prospective_Cross_System_Confirmation\04_RAW\SOURCE\CELLS\fdc4e95999902a04a67a9a73.json,88610,4b2b43a22e4f25941b1cc52afef2c2dc614631172d18f3f5c4e29a4396482645,C:\RSOS\RSOS_EXPERIMENTS_WF2_PROSPECTIVE_CROSS_SYSTEM_CONFIRMATION\04_RAW\CELLS\fdc4e95999902a04a67a9a73.json
C:\RSOS\RSOS_CANONICAL_EXPERIMENT_CHAIN\033_EXP-016__WF2_Prospective_Cross_System_Confirmation\04_RAW\SOURCE\CELLS\fe451e7f304d07aa3033cc21.json,83758,3fc039df74fc284b5bf3760a988ed5d5aed6eabb8332e79477e84b6d07ccc7e1,C:\RSOS\RSOS_EXPERIMENTS_WF2_PROSPECTIVE_CROSS_SYSTEM_CONFIRMATION\04_RAW\CELLS\fe451e7f304d07aa3033cc21.json
C:\RSOS\RSOS_CANONICAL_EXPERIMENT_CHAIN\033_EXP-016__WF2_Prospective_Cross_System_Confirmation\04_RAW\SOURCE\CELLS\ff7ce5add84efb0ae92c6147.json,55691,a53265350f0e4a31685c5d5f0c8945f38f180c2cd3789f2e88b26cc96494d1d8,C:\RSOS\RSOS_EXPERIMENTS_WF2_PROSPECTIVE_CROSS_SYSTEM_CONFIRMATION\04_RAW\CELLS\ff7ce5add84efb0ae92c6147.json
C:\RSOS\RSOS_CANONICAL_EXPERIMENT_CHAIN\033_EXP-016__WF2_Prospective_Cross_System_Confirmation\04_RAW\SOURCE\CELLS\ffb51de8f24efa6d8dbcafcd.json,73571,3b226db3f0538cb0122416ce168fbce4dbfdf99de78d3e5e2b6bcb616f0fbb78,C:\RSOS\RSOS_EXPERIMENTS_WF2_PROSPECTIVE_CROSS_SYSTEM_CONFIRMATION\04_RAW\CELLS\ffb51de8f24efa6d8dbcafcd.json
C:\RSOS\RSOS_CANONICAL_EXPERIMENT_CHAIN\033_EXP-016__WF2_Prospective_Cross_System_Confirmation\04_RAW\SOURCE\WF2_EXECUTION_LOG.jsonl,68938,a648657cdac9a5134a4865afcf280b660b92e4309105e6d55a3a95bd37550a15,C:\RSOS\RSOS_EXPERIMENTS_WF2_PROSPECTIVE_CROSS_SYSTEM_CONFIRMATION\04_RAW\WF2_EXECUTION_LOG.jsonl
C:\RSOS\RSOS_CANONICAL_EXPERIMENT_CHAIN\033_EXP-016__WF2_Prospective_Cross_System_Confirmation\04_RAW\SOURCE\WF2_PASSIVE_CONSOLE_LOG.txt,42,1f52960fe3681ab57b9649c059ca31f10b2f6ffcb8033b9ecc3f83d6a39d5ac5,C:\RSOS\RSOS_EXPERIMENTS_WF2_PROSPECTIVE_CROSS_SYSTEM_CONFIRMATION\04_RAW\WF2_PASSIVE_CONSOLE_LOG.txt
C:\RSOS\RSOS_CANONICAL_EXPERIMENT_CHAIN\033_EXP-016__WF2_Prospective_Cross_System_Confirmation\04_RAW\SOURCE\08_FINAL_FREEZE\OUTPUTS\WF2_CELL_SCORES.csv,138678,4c3776272fcf654217c962e6afd028d6efa46afd7d2db001300e55b6663e5b04,C:\RSOS\RSOS_EXPERIMENTS_WF2_PROSPECTIVE_CROSS_SYSTEM_CONFIRMATION\08_FINAL_FREEZE\OUTPUTS\WF2_CELL_SCORES.csv
C:\RSOS\RSOS_CANONICAL_EXPERIMENT_CHAIN\033_EXP-016__WF2_Prospective_Cross_System_Confirmation\05_OUTPUTS\SOURCE\ACTIVE_CAUSAL\WF2_ACTIVE_CAUSAL_FEATURES.csv,408237,74b8dd4551b7d2b643d3c98e71833ec968539b53033cce279d545a3d90d0a57a,C:\RSOS\RSOS_EXPERIMENTS_WF2_PROSPECTIVE_CROSS_SYSTEM_CONFIRMATION\05_OUTPUTS\ACTIVE_CAUSAL\WF2_ACTIVE_CAUSAL_FEATURES.csv
C:\RSOS\RSOS_CANONICAL_EXPERIMENT_CHAIN\033_EXP-016__WF2_Prospective_Cross_System_Confirmation\05_OUTPUTS\SOURCE\WF2_CELL_SCORES.csv,138678,4c3776272fcf654217c962e6afd028d6efa46afd7d2db001300e55b6663e5b04,C:\RSOS\RSOS_EXPERIMENTS_WF2_PROSPECTIVE_CROSS_SYSTEM_CONFIRMATION\05_OUTPUTS\WF2_CELL_SCORES.csv
C:\RSOS\RSOS_CANONICAL_EXPERIMENT_CHAIN\033_EXP-016__WF2_Prospective_Cross_System_Confirmation\05_OUTPUTS\SOURCE\WF2_CONDITION_STATISTICS.csv,8633,c75399313d2a56f13d08937423f93d5d212f74c85a659b2f382a345b6ad4889a,C:\RSOS\RSOS_EXPERIMENTS_WF2_PROSPECTIVE_CROSS_SYSTEM_CONFIRMATION\05_OUTPUTS\WF2_CONDITION_STATISTICS.csv
C:\RSOS\RSOS_CANONICAL_EXPERIMENT_CHAIN\033_EXP-016__WF2_Prospective_Cross_System_Confirmation\05_OUTPUTS\SOURCE\08_FINAL_FREEZE\FINAL_RUNNERS\WF2_SCORE_ACTIVE_CAUSAL_R1.py,14277,0007d5367899e8194e8e6a28e6dbf870eb9a0c0bf98609041c5c664496e49f0d,C:\RSOS\RSOS_EXPERIMENTS_WF2_PROSPECTIVE_CROSS_SYSTEM_CONFIRMATION\08_FINAL_FREEZE\FINAL_RUNNERS\WF2_SCORE_ACTIVE_CAUSAL_R1.py
C:\RSOS\RSOS_CANONICAL_EXPERIMENT_CHAIN\033_EXP-016__WF2_Prospective_Cross_System_Confirmation\05_OUTPUTS\SOURCE\08_FINAL_FREEZE\OUTPUTS\ACTIVE_CAUSAL\WF2_ACTIVE_CAUSAL_FEATURES.csv,408237,74b8dd4551b7d2b643d3c98e71833ec968539b53033cce279d545a3d90d0a57a,C:\RSOS\RSOS_EXPERIMENTS_WF2_PROSPECTIVE_CROSS_SYSTEM_CONFIRMATION\08_FINAL_FREEZE\OUTPUTS\ACTIVE_CAUSAL\WF2_ACTIVE_CAUSAL_FEATURES.csv
C:\RSOS\RSOS_CANONICAL_EXPERIMENT_CHAIN\033_EXP-016__WF2_Prospective_Cross_System_Confirmation\05_OUTPUTS\SOURCE\08_FINAL_FREEZE\SCORING_AUDIT\WF2_ACTIVE_CAUSAL_SCORE_R1_CONSOLE.txt,6280,460d613dd413814501871f764f0cd95a0d8757cb7137ee746863813bb2c3da03,C:\RSOS\RSOS_EXPERIMENTS_WF2_PROSPECTIVE_CROSS_SYSTEM_CONFIRMATION\08_FINAL_FREEZE\SCORING_AUDIT\WF2_ACTIVE_CAUSAL_SCORE_R1_CONSOLE.txt
C:\RSOS\RSOS_CANONICAL_EXPERIMENT_CHAIN\033_EXP-016__WF2_Prospective_Cross_System_Confirmation\06_DIAGNOSTIC\SOURCE\anthropic_key_test.txt,8931,889053918482ced83464086ed97d7a14159222a94749632f5792144e81227a19,C:\RSOS\RSOS_EXPERIMENTS_WF2_PROSPECTIVE_CROSS_SYSTEM_CONFIRMATION\06_DIAGNOSTIC\anthropic_key_test.txt
C:\RSOS\RSOS_CANONICAL_EXPERIMENT_CHAIN\033_EXP-016__WF2_Prospective_Cross_System_Confirmation\06_DIAGNOSTIC\SOURCE\DIRECT_NO_PROXY\anthropic_body.txt,0,e3b0c44298fc1c149afbf4c8996fb92427ae41e4649b934ca495991b7852b855,C:\RSOS\RSOS_EXPERIMENTS_WF2_PROSPECTIVE_CROSS_SYSTEM_CONFIRMATION\06_DIAGNOSTIC\DIRECT_NO_PROXY\anthropic_body.txt
C:\RSOS\RSOS_CANONICAL_EXPERIMENT_CHAIN\033_EXP-016__WF2_Prospective_Cross_System_Confirmation\06_DIAGNOSTIC\SOURCE\DIRECT_NO_PROXY\anthropic_headers.txt,138,9e70eb6895ce20e9ea92d40f562b5736753f0eb379e2b3a6d80afa68e795f466,C:\RSOS\RSOS_EXPERIMENTS_WF2_PROSPECTIVE_CROSS_SYSTEM_CONFIRMATION\06_DIAGNOSTIC\DIRECT_NO_PROXY\anthropic_headers.txt
C:\RSOS\RSOS_CANONICAL_EXPERIMENT_CHAIN\033_EXP-016__WF2_Prospective_Cross_System_Confirmation\06_DIAGNOSTIC\SOURCE\DIRECT_NO_PROXY\google_body.txt,54,0fbc74daf7e1cd0368a530244c856bbd18eea886cfce777ee20c13728b1bbcea,C:\RSOS\RSOS_EXPERIMENTS_WF2_PROSPECTIVE_CROSS_SYSTEM_CONFIRMATION\06_DIAGNOSTIC\DIRECT_NO_PROXY\google_body.txt
C:\RSOS\RSOS_CANONICAL_EXPERIMENT_CHAIN\033_EXP-016__WF2_Prospective_Cross_System_Confirmation\06_DIAGNOSTIC\SOURCE\DIRECT_NO_PROXY\google_headers.txt,125,b9018ad3c5e8c3d206eda96e349a28b9a4bc4b80adec1cf3e2d33da2be2c5105,C:\RSOS\RSOS_EXPERIMENTS_WF2_PROSPECTIVE_CROSS_SYSTEM_CONFIRMATION\06_DIAGNOSTIC\DIRECT_NO_PROXY\google_headers.txt
C:\RSOS\RSOS_CANONICAL_EXPERIMENT_CHAIN\033_EXP-016__WF2_Prospective_Cross_System_Confirmation\06_DIAGNOSTIC\SOURCE\DIRECT_NO_PROXY\openai_body.txt,0,e3b0c44298fc1c149afbf4c8996fb92427ae41e4649b934ca495991b7852b855,C:\RSOS\RSOS_EXPERIMENTS_WF2_PROSPECTIVE_CROSS_SYSTEM_CONFIRMATION\06_DIAGNOSTIC\DIRECT_NO_PROXY\openai_body.txt
C:\RSOS\RSOS_CANONICAL_EXPERIMENT_CHAIN\033_EXP-016__WF2_Prospective_Cross_System_Confirmation\06_DIAGNOSTIC\SOURCE\DIRECT_NO_PROXY\openai_headers.txt,138,06dd6ba231312772f4907a938c64d1fced346209861992a9bf65bd0b96a9a737,C:\RSOS\RSOS_EXPERIMENTS_WF2_PROSPECTIVE_CROSS_SYSTEM_CONFIRMATION\06_DIAGNOSTIC\DIRECT_NO_PROXY\openai_headers.txt
C:\RSOS\RSOS_CANONICAL_EXPERIMENT_CHAIN\033_EXP-016__WF2_Prospective_Cross_System_Confirmation\06_DIAGNOSTIC\SOURCE\gemini_key_test.txt,24144,062fd63d029621e2e4295f59ec75c85363f79ab2cee68f12d5762718c72efdbb,C:\RSOS\RSOS_EXPERIMENTS_WF2_PROSPECTIVE_CROSS_SYSTEM_CONFIRMATION\06_DIAGNOSTIC\gemini_key_test.txt
C:\RSOS\RSOS_CANONICAL_EXPERIMENT_CHAIN\033_EXP-016__WF2_Prospective_Cross_System_Confirmation\06_DIAGNOSTIC\SOURCE\openai_key_test.txt,21405,d49a306c54dc453a0fcb1d2e80c6aa32b8eeaadb209007826c4adf3ec75ac8e2,C:\RSOS\RSOS_EXPERIMENTS_WF2_PROSPECTIVE_CROSS_SYSTEM_CONFIRMATION\06_DIAGNOSTIC\openai_key_test.txt
C:\RSOS\RSOS_CANONICAL_EXPERIMENT_CHAIN\033_EXP-016__WF2_Prospective_Cross_System_Confirmation\06_DIAGNOSTIC\SOURCE\PRE_R2_TECHNICAL_FAILURES\298c04ebbd842f992631993d.json,2890,08895641fb820425dd20f963bfcc3851cf8c7760dedb544b2959b43bd20bf802,C:\RSOS\RSOS_EXPERIMENTS_WF2_PROSPECTIVE_CROSS_SYSTEM_CONFIRMATION\06_DIAGNOSTIC\PRE_R2_TECHNICAL_FAILURES\298c04ebbd842f992631993d.json
C:\RSOS\RSOS_CANONICAL_EXPERIMENT_CHAIN\033_EXP-016__WF2_Prospective_Cross_System_Confirmation\06_DIAGNOSTIC\SOURCE\PRE_R2_TECHNICAL_FAILURES\31ea5a32a88312cf1cb99db3.json,2668,b440a9426d025a8e9bf43acfae7af2be13404aeb01d24111b58b331bac1afa13,C:\RSOS\RSOS_EXPERIMENTS_WF2_PROSPECTIVE_CROSS_SYSTEM_CONFIRMATION\06_DIAGNOSTIC\PRE_R2_TECHNICAL_FAILURES\31ea5a32a88312cf1cb99db3.json
C:\RSOS\RSOS_CANONICAL_EXPERIMENT_CHAIN\033_EXP-016__WF2_Prospective_Cross_System_Confirmation\06_DIAGNOSTIC\SOURCE\PRE_R2_TECHNICAL_FAILURES\6f87c98c56da9ae1299f4614.json,2820,9d378cd5ba1f2f919793550ad755999091e5956d5555d3549eb72f3ae536456c,C:\RSOS\RSOS_EXPERIMENTS_WF2_PROSPECTIVE_CROSS_SYSTEM_CONFIRMATION\06_DIAGNOSTIC\PRE_R2_TECHNICAL_FAILURES\6f87c98c56da9ae1299f4614.json
C:\RSOS\RSOS_CANONICAL_EXPERIMENT_CHAIN\033_EXP-016__WF2_Prospective_Cross_System_Confirmation\06_DIAGNOSTIC\SOURCE\PRE_R2_TECHNICAL_FAILURES\948353fa77462b6b74f86ef5.json,2820,66bce5b69e5e2e29c101b8d5bd8f6dc86136bf72afd27b864b1ce7c720520658,C:\RSOS\RSOS_EXPERIMENTS_WF2_PROSPECTIVE_CROSS_SYSTEM_CONFIRMATION\06_DIAGNOSTIC\PRE_R2_TECHNICAL_FAILURES\948353fa77462b6b74f86ef5.json
C:\RSOS\RSOS_CANONICAL_EXPERIMENT_CHAIN\033_EXP-016__WF2_Prospective_Cross_System_Confirmation\06_DIAGNOSTIC\SOURCE\PRE_R2_TECHNICAL_FAILURES\d813d809f8d96ee8c3d26f62.json,2820,5436c0a24ed0bad5ed7bc62aafc6f8c5d4fe31a65a223869f84527db480ca7ec,C:\RSOS\RSOS_EXPERIMENTS_WF2_PROSPECTIVE_CROSS_SYSTEM_CONFIRMATION\06_DIAGNOSTIC\PRE_R2_TECHNICAL_FAILURES\d813d809f8d96ee8c3d26f62.json
C:\RSOS\RSOS_CANONICAL_EXPERIMENT_CHAIN\033_EXP-016__WF2_Prospective_Cross_System_Confirmation\06_DIAGNOSTIC\SOURCE\PRE_R2_TECHNICAL_FAILURES\ea84eb4aced8fc427600f6a8.json,2648,0ae2db34de6998050bebe5f4b3859b0f9e4b64227818b1b142725aec87545091,C:\RSOS\RSOS_EXPERIMENTS_WF2_PROSPECTIVE_CROSS_SYSTEM_CONFIRMATION\06_DIAGNOSTIC\PRE_R2_TECHNICAL_FAILURES\ea84eb4aced8fc427600f6a8.json
C:\RSOS\RSOS_CANONICAL_EXPERIMENT_CHAIN\033_EXP-016__WF2_Prospective_Cross_System_Confirmation\06_DIAGNOSTIC\SOURCE\PRE_R2_TECHNICAL_FAILURES\WF2_EXECUTION_LOG_PRE_R2.jsonl,727,fbd35a687bba19f3bfc3e43576f2c327b9713fbd6e682762f25b80721ad6ae4d,C:\RSOS\RSOS_EXPERIMENTS_WF2_PROSPECTIVE_CROSS_SYSTEM_CONFIRMATION\06_DIAGNOSTIC\PRE_R2_TECHNICAL_FAILURES\WF2_EXECUTION_LOG_PRE_R2.jsonl
C:\RSOS\RSOS_CANONICAL_EXPERIMENT_CHAIN\033_EXP-016__WF2_Prospective_Cross_System_Confirmation\06_DIAGNOSTIC\SOURCE\WF2_API_FAILURE_DIAGNOSIS.txt,6996,4a90845c93406919cf3283e07c44dc88ab732f610b07ec20a688a3ec06c5be21,C:\RSOS\RSOS_EXPERIMENTS_WF2_PROSPECTIVE_CROSS_SYSTEM_CONFIRMATION\06_DIAGNOSTIC\WF2_API_FAILURE_DIAGNOSIS.txt
C:\RSOS\RSOS_CANONICAL_EXPERIMENT_CHAIN\033_EXP-016__WF2_Prospective_Cross_System_Confirmation\06_DIAGNOSTIC\SOURCE\WF2_DIRECT_HTTPS_PREFLIGHT.txt,644,ab36ba2d36705b57c1ae1171bc16d9a92fffac9287ae6132bf82f02dfa58f2f0,C:\RSOS\RSOS_EXPERIMENTS_WF2_PROSPECTIVE_CROSS_SYSTEM_CONFIRMATION\06_DIAGNOSTIC\WF2_DIRECT_HTTPS_PREFLIGHT.txt
C:\RSOS\RSOS_CANONICAL_EXPERIMENT_CHAIN\033_EXP-016__WF2_Prospective_Cross_System_Confirmation\06_DIAGNOSTIC\SOURCE\WF2_MODEL_ACCESS_PREFLIGHT_R2.txt,776,5e5df42cd5fe123048c8cf9789ab32c2d6a70c6f1a7018928b1ba34b6010dcc4,C:\RSOS\RSOS_EXPERIMENTS_WF2_PROSPECTIVE_CROSS_SYSTEM_CONFIRMATION\06_DIAGNOSTIC\WF2_MODEL_ACCESS_PREFLIGHT_R2.txt
C:\RSOS\RSOS_CANONICAL_EXPERIMENT_CHAIN\033_EXP-016__WF2_Prospective_Cross_System_Confirmation\06_DIAGNOSTIC\SOURCE\WF2_PROVIDER_PREFLIGHT_R2.txt,1380,d889bc25261b4fac033f66c9e042ae4a9f54a2136df1b30467704e84308d4612,C:\RSOS\RSOS_EXPERIMENTS_WF2_PROSPECTIVE_CROSS_SYSTEM_CONFIRMATION\06_DIAGNOSTIC\WF2_PROVIDER_PREFLIGHT_R2.txt
C:\RSOS\RSOS_CANONICAL_EXPERIMENT_CHAIN\033_EXP-016__WF2_Prospective_Cross_System_Confirmation\06_DIAGNOSTIC\SOURCE\08_FINAL_FREEZE\PROTOCOL\WF2_FAILURE_POLICY.json,460,0a4e6d12b2ab9c2ca8726b90f89a156abc2823f4b58e93856e971a5926a13524,C:\RSOS\RSOS_EXPERIMENTS_WF2_PROSPECTIVE_CROSS_SYSTEM_CONFIRMATION\08_FINAL_FREEZE\PROTOCOL\WF2_FAILURE_POLICY.json
C:\RSOS\RSOS_CANONICAL_EXPERIMENT_CHAIN\033_EXP-016__WF2_Prospective_Cross_System_Confirmation\07_ADJUDICATION\SOURCE\WF2_A_V13_ADJUDICATION.json,632,078779c4bff43979140b12cada48d66b0e5c1097704e9559dc3ae5b46afb5004,C:\RSOS\RSOS_EXPERIMENTS_WF2_PROSPECTIVE_CROSS_SYSTEM_CONFIRMATION\07_ADJUDICATION\WF2_A_V13_ADJUDICATION.json
C:\RSOS\RSOS_CANONICAL_EXPERIMENT_CHAIN\033_EXP-016__WF2_Prospective_Cross_System_Confirmation\07_ADJUDICATION\SOURCE\WF2_ACTIVE_CAUSAL_R1_ADJUDICATION.json,3137,02d8e5f826666e5287a40d298ea0ec92fbf7851dcc408023d45c85130f9c4feb,C:\RSOS\RSOS_EXPERIMENTS_WF2_PROSPECTIVE_CROSS_SYSTEM_CONFIRMATION\07_ADJUDICATION\WF2_ACTIVE_CAUSAL_R1_ADJUDICATION.json
C:\RSOS\RSOS_CANONICAL_EXPERIMENT_CHAIN\033_EXP-016__WF2_Prospective_Cross_System_Confirmation\07_ADJUDICATION\SOURCE\WF2_C_V17_ADJUDICATION.json,3192,d989fba33bde848f3a55ee83d83b73ce7057c16ef78c2cecb91f107be64936a6,C:\RSOS\RSOS_EXPERIMENTS_WF2_PROSPECTIVE_CROSS_SYSTEM_CONFIRMATION\07_ADJUDICATION\WF2_C_V17_ADJUDICATION.json
C:\RSOS\RSOS_CANONICAL_EXPERIMENT_CHAIN\033_EXP-016__WF2_Prospective_Cross_System_Confirmation\07_ADJUDICATION\SOURCE\WF2_OVERALL_ADJUDICATION.json,295,574b8237f1236a4b6c63bbb11ef959e5399aa9ba926e908f4050e610d2dda96f,C:\RSOS\RSOS_EXPERIMENTS_WF2_PROSPECTIVE_CROSS_SYSTEM_CONFIRMATION\07_ADJUDICATION\WF2_OVERALL_ADJUDICATION.json
C:\RSOS\RSOS_CANONICAL_EXPERIMENT_CHAIN\033_EXP-016__WF2_Prospective_Cross_System_Confirmation\07_ADJUDICATION\SOURCE\08_FINAL_FREEZE\ADJUDICATION\WF2_A_V13_ADJUDICATION.json,632,078779c4bff43979140b12cada48d66b0e5c1097704e9559dc3ae5b46afb5004,C:\RSOS\RSOS_EXPERIMENTS_WF2_PROSPECTIVE_CROSS_SYSTEM_CONFIRMATION\08_FINAL_FREEZE\ADJUDICATION\WF2_A_V13_ADJUDICATION.json
C:\RSOS\RSOS_CANONICAL_EXPERIMENT_CHAIN\033_EXP-016__WF2_Prospective_Cross_System_Confirmation\07_ADJUDICATION\SOURCE\08_FINAL_FREEZE\ADJUDICATION\WF2_ACTIVE_CAUSAL_R1_ADJUDICATION.json,3137,02d8e5f826666e5287a40d298ea0ec92fbf7851dcc408023d45c85130f9c4feb,C:\RSOS\RSOS_EXPERIMENTS_WF2_PROSPECTIVE_CROSS_SYSTEM_CONFIRMATION\08_FINAL_FREEZE\ADJUDICATION\WF2_ACTIVE_CAUSAL_R1_ADJUDICATION.json
C:\RSOS\RSOS_CANONICAL_EXPERIMENT_CHAIN\033_EXP-016__WF2_Prospective_Cross_System_Confirmation\07_ADJUDICATION\SOURCE\08_FINAL_FREEZE\ADJUDICATION\WF2_C_V17_ADJUDICATION.json,3192,d989fba33bde848f3a55ee83d83b73ce7057c16ef78c2cecb91f107be64936a6,C:\RSOS\RSOS_EXPERIMENTS_WF2_PROSPECTIVE_CROSS_SYSTEM_CONFIRMATION\08_FINAL_FREEZE\ADJUDICATION\WF2_C_V17_ADJUDICATION.json
C:\RSOS\RSOS_CANONICAL_EXPERIMENT_CHAIN\033_EXP-016__WF2_Prospective_Cross_System_Confirmation\07_ADJUDICATION\SOURCE\08_FINAL_FREEZE\ADJUDICATION\WF2_OVERALL_ADJUDICATION.json,295,574b8237f1236a4b6c63bbb11ef959e5399aa9ba926e908f4050e610d2dda96f,C:\RSOS\RSOS_EXPERIMENTS_WF2_PROSPECTIVE_CROSS_SYSTEM_CONFIRMATION\08_FINAL_FREEZE\ADJUDICATION\WF2_OVERALL_ADJUDICATION.json
C:\RSOS\RSOS_CANONICAL_EXPERIMENT_CHAIN\033_EXP-016__WF2_Prospective_Cross_System_Confirmation\07_ADJUDICATION\SOURCE\08_FINAL_FREEZE\FINAL_RUNNERS\WF2_SCORE_AND_ADJUDICATE.py,13448,89dd3e22c9fcc365cff0545d10168dd730a3a9ad80f00632e8e1c1e60e3c6caa,C:\RSOS\RSOS_EXPERIMENTS_WF2_PROSPECTIVE_CROSS_SYSTEM_CONFIRMATION\08_FINAL_FREEZE\FINAL_RUNNERS\WF2_SCORE_AND_ADJUDICATE.py
C:\RSOS\RSOS_CANONICAL_EXPERIMENT_CHAIN\033_EXP-016__WF2_Prospective_Cross_System_Confirmation\07_ADJUDICATION\SOURCE\08_FINAL_FREEZE\PROTOCOL\WF2_ACTIVE_CAUSAL_R1_DECISION_RULES.json,3908,dee19787c172ba15dce7caa5deae9f56e33f7a976183dc5ea2799943b6def5cb,C:\RSOS\RSOS_EXPERIMENTS_WF2_PROSPECTIVE_CROSS_SYSTEM_CONFIRMATION\08_FINAL_FREEZE\PROTOCOL\WF2_ACTIVE_CAUSAL_R1_DECISION_RULES.json
C:\RSOS\RSOS_CANONICAL_EXPERIMENT_CHAIN\033_EXP-016__WF2_Prospective_Cross_System_Confirmation\07_ADJUDICATION\SOURCE\08_FINAL_FREEZE\PROTOCOL\WF2_ENDPOINTS_AND_DECISION_RULES.json,2013,7a3b26175fd292a1cebd07ed1972f70ae9f57b6725cfe764cfaa5107f4ca54a5,C:\RSOS\RSOS_EXPERIMENTS_WF2_PROSPECTIVE_CROSS_SYSTEM_CONFIRMATION\08_FINAL_FREEZE\PROTOCOL\WF2_ENDPOINTS_AND_DECISION_RULES.json
C:\RSOS\RSOS_CANONICAL_EXPERIMENT_CHAIN\033_EXP-016__WF2_Prospective_Cross_System_Confirmation\07_ADJUDICATION\SOURCE\08_FINAL_FREEZE\SCORING_AUDIT\WF2_FINAL_ADJUDICATION_CONSOLE.txt,3390,d3b73563c75184192fa713614ab03f67d67ed719395cb04f2bff65db8e8d0b4d,C:\RSOS\RSOS_EXPERIMENTS_WF2_PROSPECTIVE_CROSS_SYSTEM_CONFIRMATION\08_FINAL_FREEZE\SCORING_AUDIT\WF2_FINAL_ADJUDICATION_CONSOLE.txt
C:\RSOS\RSOS_CANONICAL_EXPERIMENT_CHAIN\033_EXP-016__WF2_Prospective_Cross_System_Confirmation\07_ADJUDICATION\SOURCE\08_FINAL_FREEZE\SCORING_AUDIT\WF2_FINAL_ADJUDICATION_TECHNICAL_FAILURE_01_MISSING_PYARROW.txt,2530,c458ab3735e21e557ed1c91de10745f1810f5e4ffa41f2bcb331ad42b3d49625,C:\RSOS\RSOS_EXPERIMENTS_WF2_PROSPECTIVE_CROSS_SYSTEM_CONFIRMATION\08_FINAL_FREEZE\SCORING_AUDIT\WF2_FINAL_ADJUDICATION_TECHNICAL_FAILURE_01_MISSING_PYARROW.txt
C:\RSOS\RSOS_CANONICAL_EXPERIMENT_CHAIN\033_EXP-016__WF2_Prospective_Cross_System_Confirmation\07_ADJUDICATION\SOURCE\08_FINAL_FREEZE\SCORING_AUDIT\WF2_PASSIVE_ADJUDICATION_TECHNICAL_FAILURE_02_SKLEARN_MISMATCH.txt,3390,d3b73563c75184192fa713614ab03f67d67ed719395cb04f2bff65db8e8d0b4d,C:\RSOS\RSOS_EXPERIMENTS_WF2_PROSPECTIVE_CROSS_SYSTEM_CONFIRMATION\08_FINAL_FREEZE\SCORING_AUDIT\WF2_PASSIVE_ADJUDICATION_TECHNICAL_FAILURE_02_SKLEARN_MISMATCH.txt
C:\RSOS\RSOS_CANONICAL_EXPERIMENT_CHAIN\033_EXP-016__WF2_Prospective_Cross_System_Confirmation\08_PACKAGE\SOURCE\WF2_PROSPECTIVE_CROSS_SYSTEM_CONFIRMATION_FINAL.zip,324902,948662fab6a3665d77df0940666be07f4306f8c59e8873277939c929ff7464da,C:\RSOS\RSOS_EXPERIMENTS_WF2_PROSPECTIVE_CROSS_SYSTEM_CONFIRMATION\WF2_PROSPECTIVE_CROSS_SYSTEM_CONFIRMATION_FINAL.zip
C:\RSOS\RSOS_CANONICAL_EXPERIMENT_CHAIN\033_EXP-016__WF2_Prospective_Cross_System_Confirmation\09_FREEZE\SOURCE\08_FINAL_FREEZE\ACTIVE_RAW_FREEZE\WF2_ACTIVE_1680_FINAL_SHA256.csv,216770,d6821cd3168ef200c50803756092c2bacb7aba36c03f4351350f4c5bca679a85,C:\RSOS\RSOS_EXPERIMENTS_WF2_PROSPECTIVE_CROSS_SYSTEM_CONFIRMATION\08_FINAL_FREEZE\ACTIVE_RAW_FREEZE\WF2_ACTIVE_1680_FINAL_SHA256.csv
C:\RSOS\RSOS_CANONICAL_EXPERIMENT_CHAIN\033_EXP-016__WF2_Prospective_Cross_System_Confirmation\09_FREEZE\SOURCE\08_FINAL_FREEZE\ACTIVE_RAW_FREEZE\WF2_ACTIVE_FINAL_PARSE_VALID_FREEZE_RECORD.txt,644,4c828b446d076e834837c502c7ed14ea37ab59c6e2d061968831b36f1775acd8,C:\RSOS\RSOS_EXPERIMENTS_WF2_PROSPECTIVE_CROSS_SYSTEM_CONFIRMATION\08_FINAL_FREEZE\ACTIVE_RAW_FREEZE\WF2_ACTIVE_FINAL_PARSE_VALID_FREEZE_RECORD.txt
C:\RSOS\RSOS_CANONICAL_EXPERIMENT_CHAIN\033_EXP-016__WF2_Prospective_Cross_System_Confirmation\09_FREEZE\SOURCE\08_FINAL_FREEZE\ACTIVE_VALIDATION_AUDIT\WF2_FROZEN_VALIDATOR_PROMPT_CONTRACT.txt,5618,61519ba8f2572f50156d8cdac5199e1deb9c21cd06a1742a24ff23279c845dbe,C:\RSOS\RSOS_EXPERIMENTS_WF2_PROSPECTIVE_CROSS_SYSTEM_CONFIRMATION\08_FINAL_FREEZE\ACTIVE_VALIDATION_AUDIT\WF2_FROZEN_VALIDATOR_PROMPT_CONTRACT.txt
C:\RSOS\RSOS_CANONICAL_EXPERIMENT_CHAIN\033_EXP-016__WF2_Prospective_Cross_System_Confirmation\09_FREEZE\SOURCE\08_FINAL_FREEZE\ACTIVE_VALIDATION_AUDIT\WF2_INSPECT_FROZEN_VALIDATOR_CONTRACT.py,667,fd6639eacd68b27a9f0bcc615e2180c049cc255568a01fb0934565d3cf72ccc9,C:\RSOS\RSOS_EXPERIMENTS_WF2_PROSPECTIVE_CROSS_SYSTEM_CONFIRMATION\08_FINAL_FREEZE\ACTIVE_VALIDATION_AUDIT\WF2_INSPECT_FROZEN_VALIDATOR_CONTRACT.py
C:\RSOS\RSOS_CANONICAL_EXPERIMENT_CHAIN\033_EXP-016__WF2_Prospective_Cross_System_Confirmation\09_FREEZE\SOURCE\08_FINAL_FREEZE\PASSIVE_MIXED_VERSION_BRIDGE\WF2_MIXED_VERSION_BRIDGE_SHA256.csv,457,229ab6182efa690db71c9d4b240d628830821e6ffb391b525347cee1b9eca19e,C:\RSOS\RSOS_EXPERIMENTS_WF2_PROSPECTIVE_CROSS_SYSTEM_CONFIRMATION\08_FINAL_FREEZE\PASSIVE_MIXED_VERSION_BRIDGE\WF2_MIXED_VERSION_BRIDGE_SHA256.csv
C:\RSOS\RSOS_CANONICAL_EXPERIMENT_CHAIN\033_EXP-016__WF2_Prospective_Cross_System_Confirmation\09_FREEZE\SOURCE\08_FINAL_FREEZE\SCORING_AUDIT\WF2_VALIDATION_CONTRACT_AUDIT_SHA256.csv,648,cb7a06c8645c787c8b373ce7e1edbe27e5cdd5d6f4b12b884a091dd32ecd7415,C:\RSOS\RSOS_EXPERIMENTS_WF2_PROSPECTIVE_CROSS_SYSTEM_CONFIRMATION\08_FINAL_FREEZE\SCORING_AUDIT\WF2_VALIDATION_CONTRACT_AUDIT_SHA256.csv
C:\RSOS\RSOS_CANONICAL_EXPERIMENT_CHAIN\033_EXP-016__WF2_Prospective_Cross_System_Confirmation\09_FREEZE\SOURCE\08_FINAL_FREEZE\WF2_FINAL_FREEZE_RECORD.txt,3892,38f9579b5d3843cc04a13895c239201759fd29cb653e605ea7bb50551f6af0c9,C:\RSOS\RSOS_EXPERIMENTS_WF2_PROSPECTIVE_CROSS_SYSTEM_CONFIRMATION\08_FINAL_FREEZE\WF2_FINAL_FREEZE_RECORD.txt
C:\RSOS\RSOS_CANONICAL_EXPERIMENT_CHAIN\033_EXP-016__WF2_Prospective_Cross_System_Confirmation\09_FREEZE\SOURCE\08_FINAL_FREEZE\WF2_FINAL_FREEZE_SHA256.csv,5321,c550bfa12fd54196bb0b4fd4cd7e1c049fd8b1613629a0189ec7d3f4bc2738d1,C:\RSOS\RSOS_EXPERIMENTS_WF2_PROSPECTIVE_CROSS_SYSTEM_CONFIRMATION\08_FINAL_FREEZE\WF2_FINAL_FREEZE_SHA256.csv
C:\RSOS\RSOS_CANONICAL_EXPERIMENT_CHAIN\033_EXP-016__WF2_Prospective_Cross_System_Confirmation\09_FREEZE\SOURCE\BOUNDARY1_FREEZE_RECORD.sha256,95,8c00d8dd6e1fc9a686771b6e43030408190faf250cab776ad056a5d8b0c76f1f,C:\RSOS\RSOS_EXPERIMENTS_WF2_PROSPECTIVE_CROSS_SYSTEM_CONFIRMATION\09_FREEZE\BOUNDARY1_FREEZE_RECORD.sha256
C:\RSOS\RSOS_CANONICAL_EXPERIMENT_CHAIN\033_EXP-016__WF2_Prospective_Cross_System_Confirmation\09_FREEZE\SOURCE\BOUNDARY1_FREEZE_RECORD.txt,1031,ae91ee1243efaba65f519732a93a0562ec72a685f8526c2dc0dde95f2da7e090,C:\RSOS\RSOS_EXPERIMENTS_WF2_PROSPECTIVE_CROSS_SYSTEM_CONFIRMATION\09_FREEZE\BOUNDARY1_FREEZE_RECORD.txt
C:\RSOS\RSOS_CANONICAL_EXPERIMENT_CHAIN\033_EXP-016__WF2_Prospective_Cross_System_Confirmation\09_FREEZE\SOURCE\BOUNDARY1_MANIFEST.csv,7512,d12546c2787f0cda72b54960bcbcd19ae2a3aa12779c05d3778fa1af09f1d7e4,C:\RSOS\RSOS_EXPERIMENTS_WF2_PROSPECTIVE_CROSS_SYSTEM_CONFIRMATION\09_FREEZE\BOUNDARY1_MANIFEST.csv
C:\RSOS\RSOS_CANONICAL_EXPERIMENT_CHAIN\033_EXP-016__WF2_Prospective_Cross_System_Confirmation\09_FREEZE\SOURCE\BOUNDARY1_MANIFEST.sha256,90,723a5251aecdad285bf939327ddfcbfc2889918683346f87e7ddf70ee07d8fb7,C:\RSOS\RSOS_EXPERIMENTS_WF2_PROSPECTIVE_CROSS_SYSTEM_CONFIRMATION\09_FREEZE\BOUNDARY1_MANIFEST.sha256
C:\RSOS\RSOS_CANONICAL_EXPERIMENT_CHAIN\033_EXP-016__WF2_Prospective_Cross_System_Confirmation\09_FREEZE\SOURCE\BOUNDARY1_R1_SUPERSEDING_FREEZE_RECORD.sha256,110,2f5da45578c43fe455cc56cfbf71aff570de2f32b8cd53a1f2e83af0cfee22d4,C:\RSOS\RSOS_EXPERIMENTS_WF2_PROSPECTIVE_CROSS_SYSTEM_CONFIRMATION\09_FREEZE\BOUNDARY1_R1_SUPERSEDING_FREEZE_RECORD.sha256
C:\RSOS\RSOS_CANONICAL_EXPERIMENT_CHAIN\033_EXP-016__WF2_Prospective_Cross_System_Confirmation\09_FREEZE\SOURCE\BOUNDARY1_R1_SUPERSEDING_FREEZE_RECORD.txt,1424,d08b19868a7ec204e1ac3bb906ccee88c300a72e3f1ddd15dee01af7edc562a7,C:\RSOS\RSOS_EXPERIMENTS_WF2_PROSPECTIVE_CROSS_SYSTEM_CONFIRMATION\09_FREEZE\BOUNDARY1_R1_SUPERSEDING_FREEZE_RECORD.txt
C:\RSOS\RSOS_CANONICAL_EXPERIMENT_CHAIN\033_EXP-016__WF2_Prospective_Cross_System_Confirmation\09_FREEZE\SOURCE\BOUNDARY1_R1_SUPERSEDING_MANIFEST.csv,2983,c7d76946806eb49b184dd248bbf816b32a80fb92b38df9c2944ce8546c1e167f,C:\RSOS\RSOS_EXPERIMENTS_WF2_PROSPECTIVE_CROSS_SYSTEM_CONFIRMATION\09_FREEZE\BOUNDARY1_R1_SUPERSEDING_MANIFEST.csv
C:\RSOS\RSOS_CANONICAL_EXPERIMENT_CHAIN\033_EXP-016__WF2_Prospective_Cross_System_Confirmation\09_FREEZE\SOURCE\BOUNDARY1_R1_SUPERSEDING_MANIFEST.sha256,105,0462bfa03f298f833ab3b82fa14ed468f3ce384c92865ab026b3b1a2bdef1097,C:\RSOS\RSOS_EXPERIMENTS_WF2_PROSPECTIVE_CROSS_SYSTEM_CONFIRMATION\09_FREEZE\BOUNDARY1_R1_SUPERSEDING_MANIFEST.sha256
C:\RSOS\RSOS_CANONICAL_EXPERIMENT_CHAIN\033_EXP-016__WF2_Prospective_Cross_System_Confirmation\09_FREEZE\SOURCE\BOUNDARY1_R2_TECHNICAL_CORRECTION_MANIFEST.csv,844,36c7ffc7620bf196b3078b1f70a2700cfe8d9f1a49c021e08ba9bbc4c2573ffe,C:\RSOS\RSOS_EXPERIMENTS_WF2_PROSPECTIVE_CROSS_SYSTEM_CONFIRMATION\09_FREEZE\BOUNDARY1_R2_TECHNICAL_CORRECTION_MANIFEST.csv
C:\RSOS\RSOS_CANONICAL_EXPERIMENT_CHAIN\033_EXP-016__WF2_Prospective_Cross_System_Confirmation\09_FREEZE\SOURCE\BOUNDARY1_R2_TECHNICAL_CORRECTION_RECORD.txt,1053,0b49a5aefe2a1f5c034063b98ad74ee8771d7bf103db1b0ec81cb5718186db6b,C:\RSOS\RSOS_EXPERIMENTS_WF2_PROSPECTIVE_CROSS_SYSTEM_CONFIRMATION\09_FREEZE\BOUNDARY1_R2_TECHNICAL_CORRECTION_RECORD.txt
C:\RSOS\RSOS_CANONICAL_EXPERIMENT_CHAIN\033_EXP-016__WF2_Prospective_Cross_System_Confirmation\09_FREEZE\SOURCE\BOUNDARY1_SUPERSESSION_RECORD.txt,607,c67f3e4a23a68eec295f1b71366b70e033aa8ea1061a11c19570beff129fb7e7,C:\RSOS\RSOS_EXPERIMENTS_WF2_PROSPECTIVE_CROSS_SYSTEM_CONFIRMATION\09_FREEZE\BOUNDARY1_SUPERSESSION_RECORD.txt
C:\RSOS\RSOS_CANONICAL_EXPERIMENT_CHAIN\033_EXP-016__WF2_Prospective_Cross_System_Confirmation\09_FREEZE\SOURCE\WF2_COMPLETED_FREEZE_2026-09-15\WF2_COMPLETE_FILE_INVENTORY.csv,194438,5dd588d53d2731dfb7dc3274c19aa961cf25693d6d846b9148a03f6857672cc3,C:\RSOS\RSOS_EXPERIMENTS_WF2_PROSPECTIVE_CROSS_SYSTEM_CONFIRMATION\WF2_COMPLETED_FREEZE_2026-09-15\WF2_COMPLETE_FILE_INVENTORY.csv
C:\RSOS\RSOS_CANONICAL_EXPERIMENT_CHAIN\033_EXP-016__WF2_Prospective_Cross_System_Confirmation\09_FREEZE\SOURCE\WF2_COMPLETED_FREEZE_2026-09-15\WF2_COMPLETE_SHA256.csv,299101,e95de4e0aaa7759e8c2c2651aca54968a3138468e718ed62740a10a8be7edcb6,C:\RSOS\RSOS_EXPERIMENTS_WF2_PROSPECTIVE_CROSS_SYSTEM_CONFIRMATION\WF2_COMPLETED_FREEZE_2026-09-15\WF2_COMPLETE_SHA256.csv
C:\RSOS\RSOS_CANONICAL_EXPERIMENT_CHAIN\033_EXP-016__WF2_Prospective_Cross_System_Confirmation\09_FREEZE\SOURCE\WF2_COMPLETED_FREEZE_2026-09-15\WF2_COMPLETION_FREEZE_RECORD.txt,349,33b22508e804282537bce8bf6535b29892529f637a0988e188087cf309b28e87,C:\RSOS\RSOS_EXPERIMENTS_WF2_PROSPECTIVE_CROSS_SYSTEM_CONFIRMATION\WF2_COMPLETED_FREEZE_2026-09-15\WF2_COMPLETION_FREEZE_RECORD.txt
C:\RSOS\RSOS_CANONICAL_EXPERIMENT_CHAIN\033_EXP-016__WF2_Prospective_Cross_System_Confirmation\00_CONTROL\UNCLASSIFIED_SOURCE\.venv_wf2_passive\.gitignore,71,330ea7fdc1b08e3c3f112f4c21c13a061bd8c2f05ba9a71636d3dfe1574129c1,C:\RSOS\RSOS_EXPERIMENTS_WF2_PROSPECTIVE_CROSS_SYSTEM_CONFIRMATION\.venv_wf2_passive\.gitignore
C:\RSOS\RSOS_CANONICAL_EXPERIMENT_CHAIN\033_EXP-016__WF2_Prospective_Cross_System_Confirmation\00_CONTROL\UNCLASSIFIED_SOURCE\.venv_wf2_passive\pyvenv.cfg,367,683454c270c2b9373dca445aabdfb9b75d74d1684c575b4f7818189958fc5d63,C:\RSOS\RSOS_EXPERIMENTS_WF2_PROSPECTIVE_CROSS_SYSTEM_CONFIRMATION\.venv_wf2_passive\pyvenv.cfg
C:\RSOS\RSOS_CANONICAL_EXPERIMENT_CHAIN\033_EXP-016__WF2_Prospective_Cross_System_Confirmation\00_CONTROL\UNCLASSIFIED_SOURCE\.venv_wf2_passive\Scripts\activate,2328,122501dd90b78e110e08b90799da70853313560f012501c878d734e024a1a26b,C:\RSOS\RSOS_EXPERIMENTS_WF2_PROSPECTIVE_CROSS_SYSTEM_CONFIRMATION\.venv_wf2_passive\Scripts\activate
C:\RSOS\RSOS_CANONICAL_EXPERIMENT_CHAIN\033_EXP-016__WF2_Prospective_Cross_System_Confirmation\00_CONTROL\UNCLASSIFIED_SOURCE\.venv_wf2_passive\Scripts\activate.bat,1170,db7736224c1b4eaaab958cd455c7fbba52935d3007ad346949af3418968164e5,C:\RSOS\RSOS_EXPERIMENTS_WF2_PROSPECTIVE_CROSS_SYSTEM_CONFIRMATION\.venv_wf2_passive\Scripts\activate.bat
C:\RSOS\RSOS_CANONICAL_EXPERIMENT_CHAIN\033_EXP-016__WF2_Prospective_Cross_System_Confirmation\00_CONTROL\UNCLASSIFIED_SOURCE\.venv_wf2_passive\Scripts\activate.fish,2345,12b1f93f0f8a4257f819f90528b4fe9bc2220323ce08a11c120673820d9d37d4,C:\RSOS\RSOS_EXPERIMENTS_WF2_PROSPECTIVE_CROSS_SYSTEM_CONFIRMATION\.venv_wf2_passive\Scripts\activate.fish
C:\RSOS\RSOS_CANONICAL_EXPERIMENT_CHAIN\033_EXP-016__WF2_Prospective_Cross_System_Confirmation\00_CONTROL\UNCLASSIFIED_SOURCE\.venv_wf2_passive\Scripts\Activate.ps1,29029,46e90adb624ca34de27a4af4e7ab0a3f470a6609b350df57a7eefd3c568af0d5,C:\RSOS\RSOS_EXPERIMENTS_WF2_PROSPECTIVE_CROSS_SYSTEM_CONFIRMATION\.venv_wf2_passive\Scripts\Activate.ps1
C:\RSOS\RSOS_CANONICAL_EXPERIMENT_CHAIN\033_EXP-016__WF2_Prospective_Cross_System_Confirmation\00_CONTROL\UNCLASSIFIED_SOURCE\.venv_wf2_passive\Scripts\deactivate.bat,393,fb53ed45866fee40f01c907c1f67555a399f98361722d89120d05a2580e9e563,C:\RSOS\RSOS_EXPERIMENTS_WF2_PROSPECTIVE_CROSS_SYSTEM_CONFIRMATION\.venv_wf2_passive\Scripts\deactivate.bat
C:\RSOS\RSOS_CANONICAL_EXPERIMENT_CHAIN\033_EXP-016__WF2_Prospective_Cross_System_Confirmation\00_CONTROL\UNCLASSIFIED_SOURCE\.venv_wf2_passive\Scripts\f2py.exe,108403,006eb19fe4c7c36bbd75c28d5f799d03ab53b4f95a674ec94b9a3d9aa3c0fd63,C:\RSOS\RSOS_EXPERIMENTS_WF2_PROSPECTIVE_CROSS_SYSTEM_CONFIRMATION\.venv_wf2_passive\Scripts\f2py.exe
C:\RSOS\RSOS_CANONICAL_EXPERIMENT_CHAIN\033_EXP-016__WF2_Prospective_Cross_System_Confirmation\00_CONTROL\UNCLASSIFIED_SOURCE\.venv_wf2_passive\Scripts\numpy-config.exe,108403,4f0a357fe970478a120e047b2028aff544c5ce8f293bc28c47e17ca361534fee,C:\RSOS\RSOS_EXPERIMENTS_WF2_PROSPECTIVE_CROSS_SYSTEM_CONFIRMATION\.venv_wf2_passive\Scripts\numpy-config.exe
C:\RSOS\RSOS_CANONICAL_EXPERIMENT_CHAIN\033_EXP-016__WF2_Prospective_Cross_System_Confirmation\00_CONTROL\UNCLASSIFIED_SOURCE\.venv_wf2_passive\Scripts\pip.exe,108408,a0cd04652533c7f3dac006b0affb37943db94dc9ca696301d8715a1edb963347,C:\RSOS\RSOS_EXPERIMENTS_WF2_PROSPECTIVE_CROSS_SYSTEM_CONFIRMATION\.venv_wf2_passive\Scripts\pip.exe
C:\RSOS\RSOS_CANONICAL_EXPERIMENT_CHAIN\033_EXP-016__WF2_Prospective_Cross_System_Confirmation\00_CONTROL\UNCLASSIFIED_SOURCE\.venv_wf2_passive\Scripts\pip3.13.exe,108408,a0cd04652533c7f3dac006b0affb37943db94dc9ca696301d8715a1edb963347,C:\RSOS\RSOS_EXPERIMENTS_WF2_PROSPECTIVE_CROSS_SYSTEM_CONFIRMATION\.venv_wf2_passive\Scripts\pip3.13.exe
C:\RSOS\RSOS_CANONICAL_EXPERIMENT_CHAIN\033_EXP-016__WF2_Prospective_Cross_System_Confirmation\00_CONTROL\UNCLASSIFIED_SOURCE\.venv_wf2_passive\Scripts\pip3.exe,108408,a0cd04652533c7f3dac006b0affb37943db94dc9ca696301d8715a1edb963347,C:\RSOS\RSOS_EXPERIMENTS_WF2_PROSPECTIVE_CROSS_SYSTEM_CONFIRMATION\.venv_wf2_passive\Scripts\pip3.exe
C:\RSOS\RSOS_CANONICAL_EXPERIMENT_CHAIN\033_EXP-016__WF2_Prospective_Cross_System_Confirmation\00_CONTROL\UNCLASSIFIED_SOURCE\.venv_wf2_passive\Scripts\python.exe,255200,72b29481593c5da37c99248c82777fbfb56217ea7809b771bc760d0a9ecb179b,C:\RSOS\RSOS_EXPERIMENTS_WF2_PROSPECTIVE_CROSS_SYSTEM_CONFIRMATION\.venv_wf2_passive\Scripts\python.exe
C:\RSOS\RSOS_CANONICAL_EXPERIMENT_CHAIN\033_EXP-016__WF2_Prospective_Cross_System_Confirmation\00_CONTROL\UNCLASSIFIED_SOURCE\.venv_wf2_passive\Scripts\pythonw.exe,251616,545e379a8f1129dc7491645cac0561d257c4c00485d257c9ac66584d97a3e055,C:\RSOS\RSOS_EXPERIMENTS_WF2_PROSPECTIVE_CROSS_SYSTEM_CONFIRMATION\.venv_wf2_passive\Scripts\pythonw.exe
C:\RSOS\RSOS_CANONICAL_EXPERIMENT_CHAIN\033_EXP-016__WF2_Prospective_Cross_System_Confirmation\00_CONTROL\UNCLASSIFIED_SOURCE\.venv_wf2_score\.gitignore,71,330ea7fdc1b08e3c3f112f4c21c13a061bd8c2f05ba9a71636d3dfe1574129c1,C:\RSOS\RSOS_EXPERIMENTS_WF2_PROSPECTIVE_CROSS_SYSTEM_CONFIRMATION\.venv_wf2_score\.gitignore
C:\RSOS\RSOS_CANONICAL_EXPERIMENT_CHAIN\033_EXP-016__WF2_Prospective_Cross_System_Confirmation\00_CONTROL\UNCLASSIFIED_SOURCE\.venv_wf2_score\pyvenv.cfg,365,39dfe5ebf12290ceadcc6c7067e7c506fd44bc0c87fe385e1dc78af58424f82b,C:\RSOS\RSOS_EXPERIMENTS_WF2_PROSPECTIVE_CROSS_SYSTEM_CONFIRMATION\.venv_wf2_score\pyvenv.cfg
C:\RSOS\RSOS_CANONICAL_EXPERIMENT_CHAIN\033_EXP-016__WF2_Prospective_Cross_System_Confirmation\00_CONTROL\UNCLASSIFIED_SOURCE\.venv_wf2_score\Scripts\activate,2320,6821607b9e1e6a7d80bb9bda121dd7fb06748545c71cfcaac03dcf8c7a678fab,C:\RSOS\RSOS_EXPERIMENTS_WF2_PROSPECTIVE_CROSS_SYSTEM_CONFIRMATION\.venv_wf2_score\Scripts\activate
C:\RSOS\RSOS_CANONICAL_EXPERIMENT_CHAIN\033_EXP-016__WF2_Prospective_Cross_System_Confirmation\00_CONTROL\UNCLASSIFIED_SOURCE\.venv_wf2_score\Scripts\activate.bat,1164,b8c84443efc8f3a2a0d8263a2b9cd5fae18785de223d3bdb8d63723b4695b330,C:\RSOS\RSOS_EXPERIMENTS_WF2_PROSPECTIVE_CROSS_SYSTEM_CONFIRMATION\.venv_wf2_score\Scripts\activate.bat
C:\RSOS\RSOS_CANONICAL_EXPERIMENT_CHAIN\033_EXP-016__WF2_Prospective_Cross_System_Confirmation\00_CONTROL\UNCLASSIFIED_SOURCE\.venv_wf2_score\Scripts\activate.fish,2339,821156371d1a13458044a09fd044ce8a4aea56c1d4a23bfd47b217e1496dfcf4,C:\RSOS\RSOS_EXPERIMENTS_WF2_PROSPECTIVE_CROSS_SYSTEM_CONFIRMATION\.venv_wf2_score\Scripts\activate.fish
C:\RSOS\RSOS_CANONICAL_EXPERIMENT_CHAIN\033_EXP-016__WF2_Prospective_Cross_System_Confirmation\00_CONTROL\UNCLASSIFIED_SOURCE\.venv_wf2_score\Scripts\Activate.ps1,29029,46e90adb624ca34de27a4af4e7ab0a3f470a6609b350df57a7eefd3c568af0d5,C:\RSOS\RSOS_EXPERIMENTS_WF2_PROSPECTIVE_CROSS_SYSTEM_CONFIRMATION\.venv_wf2_score\Scripts\Activate.ps1
C:\RSOS\RSOS_CANONICAL_EXPERIMENT_CHAIN\033_EXP-016__WF2_Prospective_Cross_System_Confirmation\00_CONTROL\UNCLASSIFIED_SOURCE\.venv_wf2_score\Scripts\deactivate.bat,393,fb53ed45866fee40f01c907c1f67555a399f98361722d89120d05a2580e9e563,C:\RSOS\RSOS_EXPERIMENTS_WF2_PROSPECTIVE_CROSS_SYSTEM_CONFIRMATION\.venv_wf2_score\Scripts\deactivate.bat
C:\RSOS\RSOS_CANONICAL_EXPERIMENT_CHAIN\033_EXP-016__WF2_Prospective_Cross_System_Confirmation\00_CONTROL\UNCLASSIFIED_SOURCE\.venv_wf2_score\Scripts\f2py.exe,108401,10fd35efc9bfa0596cdbf6fc2d4d3de8699538909b53a26343db5b682083654a,C:\RSOS\RSOS_EXPERIMENTS_WF2_PROSPECTIVE_CROSS_SYSTEM_CONFIRMATION\.venv_wf2_score\Scripts\f2py.exe
C:\RSOS\RSOS_CANONICAL_EXPERIMENT_CHAIN\033_EXP-016__WF2_Prospective_Cross_System_Confirmation\00_CONTROL\UNCLASSIFIED_SOURCE\.venv_wf2_score\Scripts\httpx2.exe,108396,0250f3dda144fc9bbde56a998ef14434a94f5cfa697aa8c4490fea5bbef9dca0,C:\RSOS\RSOS_EXPERIMENTS_WF2_PROSPECTIVE_CROSS_SYSTEM_CONFIRMATION\.venv_wf2_score\Scripts\httpx2.exe
C:\RSOS\RSOS_CANONICAL_EXPERIMENT_CHAIN\033_EXP-016__WF2_Prospective_Cross_System_Confirmation\00_CONTROL\UNCLASSIFIED_SOURCE\.venv_wf2_score\Scripts\idna.exe,108392,13ec2b62149acf358862036db11c5aeab58abf3b77392e3e84b12c7c92d5147c,C:\RSOS\RSOS_EXPERIMENTS_WF2_PROSPECTIVE_CROSS_SYSTEM_CONFIRMATION\.venv_wf2_score\Scripts\idna.exe
C:\RSOS\RSOS_CANONICAL_EXPERIMENT_CHAIN\033_EXP-016__WF2_Prospective_Cross_System_Confirmation\00_CONTROL\UNCLASSIFIED_SOURCE\.venv_wf2_score\Scripts\numpy-config.exe,108401,e5eab3b694f3fc0b38e8cef8387ff09d07fe43805bd68b57350ca4cdc75950b0,C:\RSOS\RSOS_EXPERIMENTS_WF2_PROSPECTIVE_CROSS_SYSTEM_CONFIRMATION\.venv_wf2_score\Scripts\numpy-config.exe
C:\RSOS\RSOS_CANONICAL_EXPERIMENT_CHAIN\033_EXP-016__WF2_Prospective_Cross_System_Confirmation\00_CONTROL\UNCLASSIFIED_SOURCE\.venv_wf2_score\Scripts\pip.exe,108406,56e6d9e2bdff4fcd099f729ef4d2e7b2469051ee84467ca0565d5690c00437bf,C:\RSOS\RSOS_EXPERIMENTS_WF2_PROSPECTIVE_CROSS_SYSTEM_CONFIRMATION\.venv_wf2_score\Scripts\pip.exe
C:\RSOS\RSOS_CANONICAL_EXPERIMENT_CHAIN\033_EXP-016__WF2_Prospective_Cross_System_Confirmation\00_CONTROL\UNCLASSIFIED_SOURCE\.venv_wf2_score\Scripts\pip3.13.exe,108406,56e6d9e2bdff4fcd099f729ef4d2e7b2469051ee84467ca0565d5690c00437bf,C:\RSOS\RSOS_EXPERIMENTS_WF2_PROSPECTIVE_CROSS_SYSTEM_CONFIRMATION\.venv_wf2_score\Scripts\pip3.13.exe
C:\RSOS\RSOS_CANONICAL_EXPERIMENT_CHAIN\033_EXP-016__WF2_Prospective_Cross_System_Confirmation\00_CONTROL\UNCLASSIFIED_SOURCE\.venv_wf2_score\Scripts\pip3.exe,108406,56e6d9e2bdff4fcd099f729ef4d2e7b2469051ee84467ca0565d5690c00437bf,C:\RSOS\RSOS_EXPERIMENTS_WF2_PROSPECTIVE_CROSS_SYSTEM_CONFIRMATION\.venv_wf2_score\Scripts\pip3.exe
C:\RSOS\RSOS_CANONICAL_EXPERIMENT_CHAIN\033_EXP-016__WF2_Prospective_Cross_System_Confirmation\00_CONTROL\UNCLASSIFIED_SOURCE\.venv_wf2_score\Scripts\python.exe,255200,72b29481593c5da37c99248c82777fbfb56217ea7809b771bc760d0a9ecb179b,C:\RSOS\RSOS_EXPERIMENTS_WF2_PROSPECTIVE_CROSS_SYSTEM_CONFIRMATION\.venv_wf2_score\Scripts\python.exe
C:\RSOS\RSOS_CANONICAL_EXPERIMENT_CHAIN\033_EXP-016__WF2_Prospective_Cross_System_Confirmation\00_CONTROL\UNCLASSIFIED_SOURCE\.venv_wf2_score\Scripts\pythonw.exe,251616,545e379a8f1129dc7491645cac0561d257c4c00485d257c9ac66584d97a3e055,C:\RSOS\RSOS_EXPERIMENTS_WF2_PROSPECTIVE_CROSS_SYSTEM_CONFIRMATION\.venv_wf2_score\Scripts\pythonw.exe
C:\RSOS\RSOS_CANONICAL_EXPERIMENT_CHAIN\033_EXP-016__WF2_Prospective_Cross_System_Confirmation\00_CONTROL\UNCLASSIFIED_SOURCE\08_FINAL_FREEZE\ACTIVE_RAW_FREEZE\WF2_ACTIVE_PARSE_AUDIT_FINAL.csv,328205,a29837f2a413295306945175ba87c2360f0bc839582ebe273862b9bf97fc7576,C:\RSOS\RSOS_EXPERIMENTS_WF2_PROSPECTIVE_CROSS_SYSTEM_CONFIRMATION\08_FINAL_FREEZE\ACTIVE_RAW_FREEZE\WF2_ACTIVE_PARSE_AUDIT_FINAL.csv
C:\RSOS\RSOS_CANONICAL_EXPERIMENT_CHAIN\033_EXP-016__WF2_Prospective_Cross_System_Confirmation\00_CONTROL\UNCLASSIFIED_SOURCE\08_FINAL_FREEZE\ACTIVE_VALIDATION_AUDIT\WF2_ACTIVE_VALIDATION_AUDIT.csv,179155,4c94d2e3faac293febf491f7ab376031a79be9645546b206ee4e271f3d6358eb,C:\RSOS\RSOS_EXPERIMENTS_WF2_PROSPECTIVE_CROSS_SYSTEM_CONFIRMATION\08_FINAL_FREEZE\ACTIVE_VALIDATION_AUDIT\WF2_ACTIVE_VALIDATION_AUDIT.csv
C:\RSOS\RSOS_CANONICAL_EXPERIMENT_CHAIN\033_EXP-016__WF2_Prospective_Cross_System_Confirmation\00_CONTROL\UNCLASSIFIED_SOURCE\08_FINAL_FREEZE\ACTIVE_VALIDATION_AUDIT\WF2_AUDIT_ACTIVE_VALIDATION.py,5748,9add2dc755af6477ec13e12a70a78c6756ba2bb44beac3e25e468d0481d41750,C:\RSOS\RSOS_EXPERIMENTS_WF2_PROSPECTIVE_CROSS_SYSTEM_CONFIRMATION\08_FINAL_FREEZE\ACTIVE_VALIDATION_AUDIT\WF2_AUDIT_ACTIVE_VALIDATION.py
C:\RSOS\RSOS_CANONICAL_EXPERIMENT_CHAIN\033_EXP-016__WF2_Prospective_Cross_System_Confirmation\00_CONTROL\UNCLASSIFIED_SOURCE\08_FINAL_FREEZE\ACTIVE_VALIDATION_AUDIT\WF2_INSPECT_INSTRUCTION_AND_PLUS.py,1935,d35a72c80e8b883527796824c509f80900665d63a3b22cbd8e0a7f49fec9da1a,C:\RSOS\RSOS_EXPERIMENTS_WF2_PROSPECTIVE_CROSS_SYSTEM_CONFIRMATION\08_FINAL_FREEZE\ACTIVE_VALIDATION_AUDIT\WF2_INSPECT_INSTRUCTION_AND_PLUS.py
C:\RSOS\RSOS_CANONICAL_EXPERIMENT_CHAIN\033_EXP-016__WF2_Prospective_Cross_System_Confirmation\00_CONTROL\UNCLASSIFIED_SOURCE\08_FINAL_FREEZE\ACTIVE_VALIDATION_AUDIT\WF2_INSTRUCTION_PLUS_INSPECTION.txt,15396,aa2557b69c6eb255feb72ecc978a711c79378600ac92572c98561faf4767143c,C:\RSOS\RSOS_EXPERIMENTS_WF2_PROSPECTIVE_CROSS_SYSTEM_CONFIRMATION\08_FINAL_FREEZE\ACTIVE_VALIDATION_AUDIT\WF2_INSTRUCTION_PLUS_INSPECTION.txt
C:\RSOS\RSOS_CANONICAL_EXPERIMENT_CHAIN\033_EXP-016__WF2_Prospective_Cross_System_Confirmation\00_CONTROL\UNCLASSIFIED_SOURCE\08_FINAL_FREEZE\OUTPUTS\WF2_CONDITION_STATISTICS.csv,8633,c75399313d2a56f13d08937423f93d5d212f74c85a659b2f382a345b6ad4889a,C:\RSOS\RSOS_EXPERIMENTS_WF2_PROSPECTIVE_CROSS_SYSTEM_CONFIRMATION\08_FINAL_FREEZE\OUTPUTS\WF2_CONDITION_STATISTICS.csv
C:\RSOS\RSOS_CANONICAL_EXPERIMENT_CHAIN\033_EXP-016__WF2_Prospective_Cross_System_Confirmation\00_CONTROL\UNCLASSIFIED_SOURCE\08_FINAL_FREEZE\PASSIVE_MIXED_VERSION_BRIDGE\WF2_PASSIVE_MIXED_VERSION_FINAL_CONSOLE.txt,1432,8f2af52ff57568ae038db82dbc9c14c4bbf9384baf6b70a46310f7f495eaae35,C:\RSOS\RSOS_EXPERIMENTS_WF2_PROSPECTIVE_CROSS_SYSTEM_CONFIRMATION\08_FINAL_FREEZE\PASSIVE_MIXED_VERSION_BRIDGE\WF2_PASSIVE_MIXED_VERSION_FINAL_CONSOLE.txt
C:\RSOS\RSOS_CANONICAL_EXPERIMENT_CHAIN\033_EXP-016__WF2_Prospective_Cross_System_Confirmation\00_CONTROL\UNCLASSIFIED_SOURCE\08_FINAL_FREEZE\PASSIVE_MIXED_VERSION_BRIDGE\WF2_RUN_PASSIVE_MIXED_VERSION.py,4137,c794b7a88ffdd081b4c0cddf432a0f9d793ef30edbd18fa5c02c647e15961a73,C:\RSOS\RSOS_EXPERIMENTS_WF2_PROSPECTIVE_CROSS_SYSTEM_CONFIRMATION\08_FINAL_FREEZE\PASSIVE_MIXED_VERSION_BRIDGE\WF2_RUN_PASSIVE_MIXED_VERSION.py
C:\RSOS\RSOS_CANONICAL_EXPERIMENT_CHAIN\033_EXP-016__WF2_Prospective_Cross_System_Confirmation\00_CONTROL\UNCLASSIFIED_SOURCE\08_FINAL_FREEZE\PASSIVE_MIXED_VERSION_BRIDGE\WF2_SKLEARN18_MODEL_WORKER.py,1705,138e07983c2831ca007d8ed5557723f18cf5b4ef5eef85b42d23069d8e0581fd,C:\RSOS\RSOS_EXPERIMENTS_WF2_PROSPECTIVE_CROSS_SYSTEM_CONFIRMATION\08_FINAL_FREEZE\PASSIVE_MIXED_VERSION_BRIDGE\WF2_SKLEARN18_MODEL_WORKER.py
C:\RSOS\RSOS_CANONICAL_EXPERIMENT_CHAIN\033_EXP-016__WF2_Prospective_Cross_System_Confirmation\00_CONTROL\UNCLASSIFIED_SOURCE\08_FINAL_FREEZE\PROTOCOL\WF2_PERTURBATION_MATRIX.json,727,6dd449b726cf459f82c8354b772f56be1d9a22e9c6c1cceeff5867ed295d0e6b,C:\RSOS\RSOS_EXPERIMENTS_WF2_PROSPECTIVE_CROSS_SYSTEM_CONFIRMATION\08_FINAL_FREEZE\PROTOCOL\WF2_PERTURBATION_MATRIX.json
C:\RSOS\RSOS_CANONICAL_EXPERIMENT_CHAIN\033_EXP-016__WF2_Prospective_Cross_System_Confirmation\00_CONTROL\UNCLASSIFIED_SOURCE\08_FINAL_FREEZE\SCORING_AUDIT\WF2_AUDIT_MODEL_SKLEARN_VERSIONS.py,786,6dc53ff03f2d8418a267ec9831925ca73478bbf5bb28df76fdfe84ce7a7fde42,C:\RSOS\RSOS_EXPERIMENTS_WF2_PROSPECTIVE_CROSS_SYSTEM_CONFIRMATION\08_FINAL_FREEZE\SCORING_AUDIT\WF2_AUDIT_MODEL_SKLEARN_VERSIONS.py
C:\RSOS\RSOS_CANONICAL_EXPERIMENT_CHAIN\033_EXP-016__WF2_Prospective_Cross_System_Confirmation\00_CONTROL\UNCLASSIFIED_SOURCE\08_FINAL_FREEZE\SCORING_AUDIT\WF2_MODEL_VERSION_AUDIT_SKLEARN_1_8_0.txt,2902,3d34e4a62ab310ef679a060b416cff475ae57e5cda7096fe86fb9f9a449da14f,C:\RSOS\RSOS_EXPERIMENTS_WF2_PROSPECTIVE_CROSS_SYSTEM_CONFIRMATION\08_FINAL_FREEZE\SCORING_AUDIT\WF2_MODEL_VERSION_AUDIT_SKLEARN_1_8_0.txt
C:\RSOS\RSOS_CANONICAL_EXPERIMENT_CHAIN\033_EXP-016__WF2_Prospective_Cross_System_Confirmation\00_CONTROL\UNCLASSIFIED_SOURCE\08_FINAL_FREEZE\SCORING_AUDIT\WF2_MODEL_VERSION_AUDIT_SKLEARN_1_9_1.txt,1750,1ea720e611bd176011fff46ed183559db582f5dad010a88fb504b525e596ee54,C:\RSOS\RSOS_EXPERIMENTS_WF2_PROSPECTIVE_CROSS_SYSTEM_CONFIRMATION\08_FINAL_FREEZE\SCORING_AUDIT\WF2_MODEL_VERSION_AUDIT_SKLEARN_1_9_1.txt
C:\RSOS\RSOS_CANONICAL_EXPERIMENT_CHAIN\033_EXP-016__WF2_Prospective_Cross_System_Confirmation\00_CONTROL\UNCLASSIFIED_SOURCE\08_FINAL_FREEZE\SCORING_AUDIT\WF2_PASSIVE_ENV_REQUIREMENTS.txt,117,77210458e6b50b115872d3f14685f9b395dbabafe43f91d3ddf3e1f9b1bf8f0f,C:\RSOS\RSOS_EXPERIMENTS_WF2_PROSPECTIVE_CROSS_SYSTEM_CONFIRMATION\08_FINAL_FREEZE\SCORING_AUDIT\WF2_PASSIVE_ENV_REQUIREMENTS.txt
C:\RSOS\RSOS_CANONICAL_EXPERIMENT_CHAIN\033_EXP-016__WF2_Prospective_Cross_System_Confirmation\00_CONTROL\UNCLASSIFIED_SOURCE\08_FINAL_FREEZE\SCORING_AUDIT\WF2_TEST_PASSIVE_MODEL_PARITY.py,618,f6a902ef9d668f8aa14da6358177d2e99f306f64e6e6eecbf7e0bc2d32806b49,C:\RSOS\RSOS_EXPERIMENTS_WF2_PROSPECTIVE_CROSS_SYSTEM_CONFIRMATION\08_FINAL_FREEZE\SCORING_AUDIT\WF2_TEST_PASSIVE_MODEL_PARITY.py
